planeta,instrumento,obs,parte,arquivo,segmento,hdu,integration_index_segmento,time_value,time_column,white_flux,white_flux_error,n_pixels_validos,wavelength_min_um,wavelength_max_um,integration_index_global,white_flux_normalizado,white_flux_normalizado_por_segmento
TOI-2076_b,NIRISS_SOSS,obs10,SOSS_HDU3_ordem_1,jw05959010001_04102_00001-seg001_nis_x1dints.fits,seg001,3,0,60783.040777037146,TDB-MID,2057.760111819996,0.14462662987280178,2038,0.8515347326686116,2.827786714826026,0,1.002776179191917,1.0021652369193566
TOI-2076_b,NIRISS_SOSS,obs10,SOSS_HDU3_ordem_1,jw05959010001_04102_00001-seg001_nis_x1dints.fits,seg001,3,1,60783.040854110164,TDB-MID,2050.3071780902446,0.1446097510436589,2038,0.8515347326686116,2.827786714826026,1,0.9991442571003373,0.9985355275795179
TOI-2076_b,NIRISS_SOSS,obs10,SOSS_HDU3_ordem_1,jw05959010001_04102_00001-seg001_nis_x1dints.fits,seg001,3,2,60783.04093118318,TDB-MID,2054.764029566435,0.1446202965655181,2038,0.8515347326686116,2.827786714826026,2,1.0013161451007162,1.000706092355215
TOI-2076_b,NIRISS_SOSS,obs10,SOSS_HDU3_ordem_1,jw05959010001_04102_00001-seg001_nis_x1dints.fits,seg001,3,3,60783.0410082562,TDB-MID,2047.888238810041,0.1446022355434429,2038,0.8515347326686116,2.827786714826026,3,0.9979654731035212,0.9973574617578926
TOI-2076_b,NIRISS_SOSS,obs10,SOSS_HDU3_ordem_1,jw05959010001_04102_00001-seg001_nis_x1dints.fits,seg001,3,4,60783.04108532922,TDB-MID,2056.824378467055,0.14462594287124086,2038,0.8515347326686116,2.827786714826026,4,1.0023201828340254,1.0017095183776485
TOI-2076_b,NIRISS_SOSS,obs10,SOSS_HDU3_ordem_1,jw05959010001_04102_00001-seg001_nis_x1dints.fits,seg001,3,5,60783.04116240224,TDB-MID,2053.9735442070028,0.1446264685324615,2038,0.8515347326686116,2.827786714826026,5,1.0009309301848057,1.000321112131832
TOI-2076_b,NIRISS_SOSS,obs10,SOSS_HDU3_ordem_1,jw05959010001_04102_00001-seg001_nis_x1dints.fits,seg001,3,6,60783.04123947526,TDB-MID,2062.0813229504497,0.14464786962905535,2038,0.8515347326686116,2.827786714826026,6,1.004881967695634,1.0042697424695683
TOI-2076_b,NIRISS_SOSS,obs10,SOSS_HDU3_ordem_1,jw05959010001_04102_00001-seg001_nis_x1dints.fits,seg001,3,7,60783.041316548275,TDB-MID,2054.1036771958507,0.14462127910341407,2038,0.8515347326686116,2.827786714826026,7,1.0009943458670294,1.0003844891779954
TOI-2076_b,NIRISS_SOSS,obs10,SOSS_HDU3_ordem_1,jw05959010001_04102_00001-seg001_nis_x1dints.fits,seg001,3,8,60783.04139362129,TDB-MID,2051.4778159741445,0.14461716902798488,2038,0.8515347326686116,2.827786714826026,8,0.9997147258239224,0.9991056487445296
TOI-2076_b,NIRISS_SOSS,obs10,SOSS_HDU3_ordem_1,jw05959010001_04102_00001-seg001_nis_x1dints.fits,seg001,3,9,60783.04147069431,TDB-MID,2056.679173351311,0.14462691012780513,2038,0.8515347326686116,2.827786714826026,9,1.0022494222869973,1.0016388009415462
TOI-2076_b,NIRISS_SOSS,obs10,SOSS_HDU3_ordem_1,jw05959010001_04102_00001-seg001_nis_x1dints.fits,seg001,3,10,60783.04154776733,TDB-MID,2053.746870619306,0.14461816059239654,2038,0.8515347326686116,2.827786714826026,10,1.000820468876469,1.0002107181221451
TOI-2076_b,NIRISS_SOSS,obs10,SOSS_HDU3_ordem_1,jw05959010001_04102_00001-seg001_nis_x1dints.fits,seg001,3,11,60783.04162484034,TDB-MID,2056.9405998437596,0.1446288726405079,2038,0.8515347326686116,2.827786714826026,11,1.0023768191870204,1.0017661202248958
TOI-2076_b,NIRISS_SOSS,obs10,SOSS_HDU3_ordem_1,jw05959010001_04102_00001-seg001_nis_x1dints.fits,seg001,3,12,60783.04170191336,TDB-MID,2053.267191680293,0.14462037799469243,2038,0.8515347326686116,2.827786714826026,12,1.0005867144116316,0.9999771060724217
TOI-2076_b,NIRISS_SOSS,obs10,SOSS_HDU3_ordem_1,jw05959010001_04102_00001-seg001_nis_x1dints.fits,seg001,3,13,60783.04177898638,TDB-MID,2054.0353809686294,0.14461897545072053,2038,0.8515347326686116,2.827786714826026,13,1.0009610641305466,1.0003512277184399
TOI-2076_b,NIRISS_SOSS,obs10,SOSS_HDU3_ordem_1,jw05959010001_04102_00001-seg001_nis_x1dints.fits,seg001,3,14,60783.0418560594,TDB-MID,2051.7675839147496,0.144615722399939,2038,0.8515347326686116,2.827786714826026,14,0.9998559339203683,0.9992467708098179
TOI-2076_b,NIRISS_SOSS,obs10,SOSS_HDU3_ordem_1,jw05959010001_04102_00001-seg001_nis_x1dints.fits,seg001,3,15,60783.041933132416,TDB-MID,2052.8687184976707,0.1446154239525702,2038,0.8515347326686116,2.827786714826026,15,1.0003925326830205,0.9997830426492003
TOI-2076_b,NIRISS_SOSS,obs10,SOSS_HDU3_ordem_1,jw05959010001_04102_00001-seg001_nis_x1dints.fits,seg001,3,16,60783.042010205434,TDB-MID,2055.831573676158,0.14462213520437492,2038,0.8515347326686116,2.827786714826026,16,1.0018363747413421,1.001226005045473
TOI-2076_b,NIRISS_SOSS,obs10,SOSS_HDU3_ordem_1,jw05959010001_04102_00001-seg001_nis_x1dints.fits,seg001,3,17,60783.04208727845,TDB-MID,2056.4215577118252,0.1446254791756139,2038,0.8515347326686116,2.827786714826026,17,1.0021238824705825,1.0015133376103755
TOI-2076_b,NIRISS_SOSS,obs10,SOSS_HDU3_ordem_1,jw05959010001_04102_00001-seg001_nis_x1dints.fits,seg001,3,18,60783.04216435147,TDB-MID,2044.7522831595866,0.14460060206527464,2038,0.8515347326686116,2.827786714826026,18,0.9964372766887813,0.9958301963981678
TOI-2076_b,NIRISS_SOSS,obs10,SOSS_HDU3_ordem_1,jw05959010001_04102_00001-seg001_nis_x1dints.fits,seg001,3,19,60783.04224142449,TDB-MID,2054.495145861078,0.14462173832587377,2038,0.8515347326686116,2.827786714826026,19,1.001185114193296,1.0005751412784907
TOI-2076_b,NIRISS_SOSS,obs10,SOSS_HDU3_ordem_1,jw05959010001_04102_00001-seg001_nis_x1dints.fits,seg001,3,20,60783.04231849751,TDB-MID,2054.308806110439,0.1446194327889954,2038,0.8515347326686116,2.827786714826026,20,1.0010943081454462,1.0004843905543057
TOI-2076_b,NIRISS_SOSS,obs10,SOSS_HDU3_ordem_1,jw05959010001_04102_00001-seg001_nis_x1dints.fits,seg001,3,21,60783.04239557053,TDB-MID,2055.8588933732335,0.1446252683698586,2038,0.8515347326686116,2.827786714826026,21,1.0018496880237275,1.0012393102167294
TOI-2076_b,NIRISS_SOSS,obs10,SOSS_HDU3_ordem_1,jw05959010001_04102_00001-seg001_nis_x1dints.fits,seg001,3,22,60783.042472643545,TDB-MID,2060.002874201785,0.14463193950047704,2038,0.8515347326686116,2.827786714826026,22,1.0038691096453392,1.0032575015039351
TOI-2076_b,NIRISS_SOSS,obs10,SOSS_HDU3_ordem_1,jw05959010001_04102_00001-seg001_nis_x1dints.fits,seg001,3,23,60783.04254971656,TDB-MID,2052.1953611541217,0.1446122633124265,2038,0.8515347326686116,2.827786714826026,23,1.0000643959384523,0.9994551058222334
TOI-2076_b,NIRISS_SOSS,obs10,SOSS_HDU3_ordem_1,jw05959010001_04102_00001-seg001_nis_x1dints.fits,seg001,3,24,60783.042626789575,TDB-MID,2057.8114713493032,0.14462628348535725,2038,0.8515347326686116,2.827786714826026,24,1.0028012074312478,1.0021902499102104
TOI-2076_b,NIRISS_SOSS,obs10,SOSS_HDU3_ordem_1,jw05959010001_04102_00001-seg001_nis_x1dints.fits,seg001,3,25,60783.04270386259,TDB-MID,2053.004393386815,0.14461583191881328,2038,0.8515347326686116,2.827786714826026,25,1.000458649013183,0.9998491186979303
TOI-2076_b,NIRISS_SOSS,obs10,SOSS_HDU3_ordem_1,jw05959010001_04102_00001-seg001_nis_x1dints.fits,seg001,3,26,60783.04278093561,TDB-MID,2050.241161105788,0.14460764338702695,2038,0.8515347326686116,2.827786714826026,26,0.9991120860717245,0.9985033761511328
TOI-2076_b,NIRISS_SOSS,obs10,SOSS_HDU3_ordem_1,jw05959010001_04102_00001-seg001_nis_x1dints.fits,seg001,3,27,60783.04285800863,TDB-MID,2050.291032686945,0.14462199901216868,2038,0.8515347326686116,2.827786714826026,27,0.9991363892124628,0.9985276644851612
TOI-2076_b,NIRISS_SOSS,obs10,SOSS_HDU3_ordem_1,jw05959010001_04102_00001-seg001_nis_x1dints.fits,seg001,3,28,60783.04293508165,TDB-MID,2049.766558501849,0.14461980558263224,2038,0.8515347326686116,2.827786714826026,28,0.9988808053781789,0.9982722363655538
TOI-2076_b,NIRISS_SOSS,obs10,SOSS_HDU3_ordem_1,jw05959010001_04102_00001-seg001_nis_x1dints.fits,seg001,3,29,60783.04301215467,TDB-MID,2053.8067779976345,0.14461839701969478,2038,0.8515347326686116,2.827786714826026,29,1.0008496626059036,1.0002398940652744
TOI-2076_b,NIRISS_SOSS,obs10,SOSS_HDU3_ordem_1,jw05959010001_04102_00001-seg001_nis_x1dints.fits,seg001,3,30,60783.043089227685,TDB-MID,2057.7962885449806,0.1446279294375558,2038,0.8515347326686116,2.827786714826026,30,1.0027938086317372,1.002182855618425
TOI-2076_b,NIRISS_SOSS,obs10,SOSS_HDU3_ordem_1,jw05959010001_04102_00001-seg001_nis_x1dints.fits,seg001,3,31,60783.043166300704,TDB-MID,2060.3246221443496,0.14463065373194434,2038,0.8515347326686116,2.827786714826026,31,1.0040259020579507,1.0034141983906308
TOI-2076_b,NIRISS_SOSS,obs10,SOSS_HDU3_ordem_1,jw05959010001_04102_00001-seg001_nis_x1dints.fits,seg001,3,32,60783.04324337372,TDB-MID,2052.571124962068,0.14461663897373297,2038,0.8515347326686116,2.827786714826026,32,1.0002475110612727,0.9996381093820037
TOI-2076_b,NIRISS_SOSS,obs10,SOSS_HDU3_ordem_1,jw05959010001_04102_00001-seg001_nis_x1dints.fits,seg001,3,33,60783.04332044674,TDB-MID,2049.903215864536,0.14460987226985664,2038,0.8515347326686116,2.827786714826026,33,0.9989474004818679,0.9983387908961171
TOI-2076_b,NIRISS_SOSS,obs10,SOSS_HDU3_ordem_1,jw05959010001_04102_00001-seg001_nis_x1dints.fits,seg001,3,34,60783.04339751976,TDB-MID,2049.1922870664375,0.14460985628183176,2038,0.8515347326686116,2.827786714826026,34,0.998600954625648,0.9979925561123411
TOI-2076_b,NIRISS_SOSS,obs10,SOSS_HDU3_ordem_1,jw05959010001_04102_00001-seg001_nis_x1dints.fits,seg001,3,35,60783.04347459277,TDB-MID,2053.4923655438843,0.1446215539330705,2038,0.8515347326686116,2.827786714826026,35,1.0006964448827829,1.0000867696901865
TOI-2076_b,NIRISS_SOSS,obs10,SOSS_HDU3_ordem_1,jw05959010001_04102_00001-seg001_nis_x1dints.fits,seg001,3,36,60783.04355166579,TDB-MID,2057.8980959380137,0.14462857127557105,2038,0.8515347326686116,2.827786714826026,36,1.002843420842613,1.0022324376030174
TOI-2076_b,NIRISS_SOSS,obs10,SOSS_HDU3_ordem_1,jw05959010001_04102_00001-seg001_nis_x1dints.fits,seg001,3,37,60783.04362873881,TDB-MID,2048.008353469183,0.14460796577438023,2038,0.8515347326686116,2.827786714826026,37,0.9980240067091963,0.9974159597019169
TOI-2076_b,NIRISS_SOSS,obs10,SOSS_HDU3_ordem_1,jw05959010001_04102_00001-seg001_nis_x1dints.fits,seg001,3,38,60783.043705811826,TDB-MID,2061.2957450121653,0.1446367456838691,2038,0.8515347326686116,2.827786714826026,38,1.004499144236823,1.0038871522462878
TOI-2076_b,NIRISS_SOSS,obs10,SOSS_HDU3_ordem_1,jw05959010001_04102_00001-seg001_nis_x1dints.fits,seg001,3,39,60783.043782884844,TDB-MID,2052.272851192558,0.14461983542151083,2038,0.8515347326686116,2.827786714826026,39,1.0001021579517317,0.9994928448289729
TOI-2076_b,NIRISS_SOSS,obs10,SOSS_HDU3_ordem_1,jw05959010001_04102_00001-seg001_nis_x1dints.fits,seg001,3,40,60783.04385995786,TDB-MID,2053.9443640274844,0.14462020142924836,2038,0.8515347326686116,2.827786714826026,40,1.0009167102624943,1.000306900873021
TOI-2076_b,NIRISS_SOSS,obs10,SOSS_HDU3_ordem_1,jw05959010001_04102_00001-seg001_nis_x1dints.fits,seg001,3,41,60783.04393703088,TDB-MID,2054.546470176092,0.14462299478168583,2038,0.8515347326686116,2.827786714826026,41,1.0012101252721937,1.0006001371193665
TOI-2076_b,NIRISS_SOSS,obs10,SOSS_HDU3_ordem_1,jw05959010001_04102_00001-seg001_nis_x1dints.fits,seg001,3,42,60783.0440141039,TDB-MID,2059.236574043349,0.14462980530266295,2038,0.8515347326686116,2.827786714826026,42,1.0034956805266695,1.0028842998972856
TOI-2076_b,NIRISS_SOSS,obs10,SOSS_HDU3_ordem_1,jw05959010001_04102_00001-seg001_nis_x1dints.fits,seg001,3,43,60783.04409117692,TDB-MID,2058.802219160473,0.14462973393580025,2038,0.8515347326686116,2.827786714826026,43,1.0032840131280445,1.00267276145721
TOI-2076_b,NIRISS_SOSS,obs10,SOSS_HDU3_ordem_1,jw05959010001_04102_00001-seg001_nis_x1dints.fits,seg001,3,44,60783.04416824994,TDB-MID,2051.8989278595154,0.1446203841734254,2038,0.8515347326686116,2.827786714826026,44,0.9999199397188749,0.9993107376127354
TOI-2076_b,NIRISS_SOSS,obs10,SOSS_HDU3_ordem_1,jw05959010001_04102_00001-seg001_nis_x1dints.fits,seg001,3,45,60783.044245322955,TDB-MID,2054.0246559889592,0.14461919674157173,2038,0.8515347326686116,2.827786714826026,45,1.0009558376932792,1.0003460044653842
TOI-2076_b,NIRISS_SOSS,obs10,SOSS_HDU3_ordem_1,jw05959010001_04102_00001-seg001_nis_x1dints.fits,seg001,3,46,60783.044322395974,TDB-MID,2052.0233522721237,0.1446155432168595,2038,0.8515347326686116,2.827786714826026,46,0.9999805735295688,0.9993713344822266
TOI-2076_b,NIRISS_SOSS,obs10,SOSS_HDU3_ordem_1,jw05959010001_04102_00001-seg001_nis_x1dints.fits,seg001,3,47,60783.04439946899,TDB-MID,2052.469351685064,0.14461455488660122,2038,0.8515347326686116,2.827786714826026,47,1.00019791547563,0.9995885440125152
TOI-2076_b,NIRISS_SOSS,obs10,SOSS_HDU3_ordem_1,jw05959010001_04102_00001-seg001_nis_x1dints.fits,seg001,3,48,60783.044476542,TDB-MID,2051.9078478447263,0.1446150279141748,2038,0.8515347326686116,2.827786714826026,48,0.9999242865563109,0.9993150818018568
TOI-2076_b,NIRISS_SOSS,obs10,SOSS_HDU3_ordem_1,jw05959010001_04102_00001-seg001_nis_x1dints.fits,seg001,3,49,60783.04455361502,TDB-MID,2065.9790537109257,0.14464418165048337,2038,0.8515347326686116,2.827786714826026,49,1.0067813881076917,1.0061680056580629
TOI-2076_b,NIRISS_SOSS,obs10,SOSS_HDU3_ordem_1,jw05959010001_04102_00001-seg001_nis_x1dints.fits,seg001,3,50,60783.04463068804,TDB-MID,2050.6662369167307,0.14461419061291375,2038,0.8515347326686116,2.827786714826026,50,0.9993192316447754,0.9987103955205604
TOI-2076_b,NIRISS_SOSS,obs10,SOSS_HDU3_ordem_1,jw05959010001_04102_00001-seg001_nis_x1dints.fits,seg001,3,51,60783.04470776106,TDB-MID,2057.8060052371056,0.1446307849161078,2038,0.8515347326686116,2.827786714826026,51,1.0027985437159423,1.002187587817776
TOI-2076_b,NIRISS_SOSS,obs10,SOSS_HDU3_ordem_1,jw05959010001_04102_00001-seg001_nis_x1dints.fits,seg001,3,52,60783.04478483407,TDB-MID,2057.4287511755083,0.1446277391115656,2038,0.8515347326686116,2.827786714826026,52,1.0026147023710255,1.0020038584783608
TOI-2076_b,NIRISS_SOSS,obs10,SOSS_HDU3_ordem_1,jw05959010001_04102_00001-seg001_nis_x1dints.fits,seg001,3,53,60783.04486190709,TDB-MID,2058.8378808567895,0.1446310777409434,2038,0.8515347326686116,2.827786714826026,53,1.0033013915869669,1.002690129328291
TOI-2076_b,NIRISS_SOSS,obs10,SOSS_HDU3_ordem_1,jw05959010001_04102_00001-seg001_nis_x1dints.fits,seg001,3,54,60783.04493898011,TDB-MID,2056.191374833852,0.1446253557679658,2038,0.8515347326686116,2.827786714826026,54,1.0020117110344837,1.0014012345148233
TOI-2076_b,NIRISS_SOSS,obs10,SOSS_HDU3_ordem_1,jw05959010001_04102_00001-seg001_nis_x1dints.fits,seg001,3,55,60783.045016053125,TDB-MID,2054.1286956280856,0.1446178586043337,2038,0.8515347326686116,2.827786714826026,55,1.0010065377098694,1.0003966735929444
TOI-2076_b,NIRISS_SOSS,obs10,SOSS_HDU3_ordem_1,jw05959010001_04102_00001-seg001_nis_x1dints.fits,seg001,3,56,60783.045093126144,TDB-MID,2058.7433602356286,0.14462658163921413,2038,0.8515347326686116,2.827786714826026,56,1.0032553303251133,1.002644096129302
TOI-2076_b,NIRISS_SOSS,obs10,SOSS_HDU3_ordem_1,jw05959010001_04102_00001-seg001_nis_x1dints.fits,seg001,3,57,60783.04517019916,TDB-MID,2049.5660626934105,0.14460811863674752,2038,0.8515347326686116,2.827786714826026,57,0.9987831008792069,0.9981745913931341
TOI-2076_b,NIRISS_SOSS,obs10,SOSS_HDU3_ordem_1,jw05959010001_04102_00001-seg001_nis_x1dints.fits,seg001,3,58,60783.04524727218,TDB-MID,2053.198795271932,0.14461621020791252,2038,0.8515347326686116,2.827786714826026,58,1.0005533838554348,0.9999437958228957
TOI-2076_b,NIRISS_SOSS,obs10,SOSS_HDU3_ordem_1,jw05959010001_04102_00001-seg001_nis_x1dints.fits,seg001,3,59,60783.04532434519,TDB-MID,2056.949944367175,0.14462336778350268,2038,0.8515347326686116,2.827786714826026,59,1.002381372908046,1.0017706711715626
TOI-2076_b,NIRISS_SOSS,obs10,SOSS_HDU3_ordem_1,jw05959010001_04102_00001-seg001_nis_x1dints.fits,seg001,3,60,60783.04540141821,TDB-MID,2048.5819448721822,0.14460741379666162,2038,0.8515347326686116,2.827786714826026,60,0.9983035260721255,0.9976953087674274
TOI-2076_b,NIRISS_SOSS,obs10,SOSS_HDU3_ordem_1,jw05959010001_04102_00001-seg001_nis_x1dints.fits,seg001,3,61,60783.04547849123,TDB-MID,2048.777429319527,0.14460933231491152,2038,0.8515347326686116,2.827786714826026,61,0.9983987884625635,0.9977905131191699
TOI-2076_b,NIRISS_SOSS,obs10,SOSS_HDU3_ordem_1,jw05959010001_04102_00001-seg001_nis_x1dints.fits,seg001,3,62,60783.04555556425,TDB-MID,2050.1336416694744,0.1446101807194607,2038,0.8515347326686116,2.827786714826026,62,0.9990596902997801,0.9984510123013587
TOI-2076_b,NIRISS_SOSS,obs10,SOSS_HDU3_ordem_1,jw05959010001_04102_00001-seg001_nis_x1dints.fits,seg001,3,63,60783.045632637266,TDB-MID,2049.5214192148082,0.14460957581816822,2038,0.8515347326686116,2.827786714826026,63,0.9987613454682426,0.9981528492366732
TOI-2076_b,NIRISS_SOSS,obs10,SOSS_HDU3_ordem_1,jw05959010001_04102_00001-seg001_nis_x1dints.fits,seg001,3,64,60783.045709710284,TDB-MID,2058.5629215868544,0.14462910190387818,2038,0.8515347326686116,2.827786714826026,64,1.003167399969307,1.0025562193451425
TOI-2076_b,NIRISS_SOSS,obs10,SOSS_HDU3_ordem_1,jw05959010001_04102_00001-seg001_nis_x1dints.fits,seg001,3,65,60783.0457867833,TDB-MID,2062.4873600732144,0.14463850366946532,2038,0.8515347326686116,2.827786714826026,65,1.0050798354413626,1.0044674896641983
TOI-2076_b,NIRISS_SOSS,obs10,SOSS_HDU3_ordem_1,jw05959010001_04102_00001-seg001_nis_x1dints.fits,seg001,3,66,60783.04586385632,TDB-MID,2053.7083158303412,0.14462007047014275,2038,0.8515347326686116,2.827786714826026,66,1.0008016805717754,1.0001919412642426
TOI-2076_b,NIRISS_SOSS,obs10,SOSS_HDU3_ordem_1,jw05959010001_04102_00001-seg001_nis_x1dints.fits,seg001,3,67,60783.04594092934,TDB-MID,2051.459584718144,0.14461366976430942,2038,0.8515347326686116,2.827786714826026,67,0.999705841469945,0.9990967698033526
TOI-2076_b,NIRISS_SOSS,obs10,SOSS_HDU3_ordem_1,jw05959010001_04102_00001-seg001_nis_x1dints.fits,seg001,3,68,60783.04601800236,TDB-MID,2043.4519148378654,0.14459343329621754,2038,0.8515347326686116,2.827786714826026,68,0.9958035884518933,0.9951968942363976
TOI-2076_b,NIRISS_SOSS,obs10,SOSS_HDU3_ordem_1,jw05959010001_04102_00001-seg001_nis_x1dints.fits,seg001,3,69,60783.04609507538,TDB-MID,2046.3824166842146,0.14460896651411273,2038,0.8515347326686116,2.827786714826026,69,0.9972316642648693,0.9966240999929237
TOI-2076_b,NIRISS_SOSS,obs10,SOSS_HDU3_ordem_1,jw05959010001_04102_00001-seg001_nis_x1dints.fits,seg001,3,70,60783.046172148395,TDB-MID,2052.1492984459746,0.14462029243937186,2038,0.8515347326686116,2.827786714826026,70,1.000041948916463,0.999432672476112
TOI-2076_b,NIRISS_SOSS,obs10,SOSS_HDU3_ordem_1,jw05959010001_04102_00001-seg001_nis_x1dints.fits,seg001,3,71,60783.046249221414,TDB-MID,2051.9521025857075,0.14461105662297075,2038,0.8515347326686116,2.827786714826026,71,0.9999458525298262,0.9993366346362836
TOI-2076_b,NIRISS_SOSS,obs10,SOSS_HDU3_ordem_1,jw05959010001_04102_00001-seg001_nis_x1dints.fits,seg001,3,72,60783.046326294425,TDB-MID,2056.173900473676,0.1446253236814139,2038,0.8515347326686116,2.827786714826026,72,1.0020031955267574,1.0013927241951777
TOI-2076_b,NIRISS_SOSS,obs10,SOSS_HDU3_ordem_1,jw05959010001_04102_00001-seg001_nis_x1dints.fits,seg001,3,73,60783.04640336744,TDB-MID,2045.5850920681949,0.1446016787629041,2038,0.8515347326686116,2.827786714826026,73,0.996843116480589,0.996235788931724
TOI-2076_b,NIRISS_SOSS,obs10,SOSS_HDU3_ordem_1,jw05959010001_04102_00001-seg001_nis_x1dints.fits,seg001,3,74,60783.04648044046,TDB-MID,2055.5831048218784,0.14462185982735748,2038,0.8515347326686116,2.827786714826026,74,1.001715292285272,1.001104996358996
TOI-2076_b,NIRISS_SOSS,obs10,SOSS_HDU3_ordem_1,jw05959010001_04102_00001-seg001_nis_x1dints.fits,seg001,3,75,60783.04655751348,TDB-MID,2058.1050684687607,0.1446288309251573,2038,0.8515347326686116,2.827786714826026,75,1.0029442815417722,1.0023332368527067
TOI-2076_b,NIRISS_SOSS,obs10,SOSS_HDU3_ordem_1,jw05959010001_04102_00001-seg001_nis_x1dints.fits,seg001,3,76,60783.0466345865,TDB-MID,2050.6654811955596,0.14461282788430102,2038,0.8515347326686116,2.827786714826026,76,0.9993188633709499,0.9987100274711059
TOI-2076_b,NIRISS_SOSS,obs10,SOSS_HDU3_ordem_1,jw05959010001_04102_00001-seg001_nis_x1dints.fits,seg001,3,77,60783.04671165952,TDB-MID,2049.6707996062296,0.1446080960901489,2038,0.8515347326686116,2.827786714826026,77,0.9988341406873235,0.9982256001052026
TOI-2076_b,NIRISS_SOSS,obs10,SOSS_HDU3_ordem_1,jw05959010001_04102_00001-seg001_nis_x1dints.fits,seg001,3,78,60783.046788732536,TDB-MID,2054.172529145153,0.14461700377846376,2038,0.8515347326686116,2.827786714826026,78,1.0010278984148966,1.0004180212839433
TOI-2076_b,NIRISS_SOSS,obs10,SOSS_HDU3_ordem_1,jw05959010001_04102_00001-seg001_nis_x1dints.fits,seg001,3,79,60783.04686580555,TDB-MID,2053.333689585801,0.14461840525811492,2038,0.8515347326686116,2.827786714826026,79,1.0006191198000085,1.000009491717787
TOI-2076_b,NIRISS_SOSS,obs10,SOSS_HDU3_ordem_1,jw05959010001_04102_00001-seg001_nis_x1dints.fits,seg001,3,80,60783.046942878565,TDB-MID,2049.6162509937367,0.14460847707429805,2038,0.8515347326686116,2.827786714826026,80,0.9988075583617638,0.9981990339749482
TOI-2076_b,NIRISS_SOSS,obs10,SOSS_HDU3_ordem_1,jw05959010001_04102_00001-seg001_nis_x1dints.fits,seg001,3,81,60783.047019951584,TDB-MID,2052.7235749754213,0.14463310807863125,2038,0.8515347326686116,2.827786714826026,81,1.0003218021513907,0.9997123552102093
TOI-2076_b,NIRISS_SOSS,obs10,SOSS_HDU3_ordem_1,jw05959010001_04102_00001-seg001_nis_x1dints.fits,seg001,3,82,60783.0470970246,TDB-MID,2046.4250303696256,0.14460194161897022,2038,0.8515347326686116,2.827786714826026,82,0.9972524305283381,0.9966448536045281
TOI-2076_b,NIRISS_SOSS,obs10,SOSS_HDU3_ordem_1,jw05959010001_04102_00001-seg001_nis_x1dints.fits,seg001,3,83,60783.04717409762,TDB-MID,2053.5286691098395,0.14461685847579958,2038,0.8515347326686116,2.827786714826026,83,1.0007141361340373,1.0001044501630305
TOI-2076_b,NIRISS_SOSS,obs10,SOSS_HDU3_ordem_1,jw05959010001_04102_00001-seg001_nis_x1dints.fits,seg001,3,84,60783.04725117063,TDB-MID,2054.8560590074417,0.14461966810618146,2038,0.8515347326686116,2.827786714826026,84,1.0013609923745532,1.0007509123058107
TOI-2076_b,NIRISS_SOSS,obs10,SOSS_HDU3_ordem_1,jw05959010001_04102_00001-seg001_nis_x1dints.fits,seg001,3,85,60783.04732824365,TDB-MID,2050.9940130099108,0.14461306019536319,2038,0.8515347326686116,2.827786714826026,85,0.9994789616621189,0.9988700282222497
TOI-2076_b,NIRISS_SOSS,obs10,SOSS_HDU3_ordem_1,jw05959010001_04102_00001-seg001_nis_x1dints.fits,seg001,3,86,60783.04740531667,TDB-MID,2052.012290968728,0.14461748344854466,2038,0.8515347326686116,2.827786714826026,86,0.9999751831968997,0.9993659474336223
TOI-2076_b,NIRISS_SOSS,obs10,SOSS_HDU3_ordem_1,jw05959010001_04102_00001-seg001_nis_x1dints.fits,seg001,3,87,60783.04748238969,TDB-MID,2053.09118681318,0.14462294629524766,2038,0.8515347326686116,2.827786714826026,87,1.000500944701572,0.9998913886176338
TOI-2076_b,NIRISS_SOSS,obs10,SOSS_HDU3_ordem_1,jw05959010001_04102_00001-seg001_nis_x1dints.fits,seg001,3,88,60783.047559462706,TDB-MID,2050.92909752492,0.14461214632619582,2038,0.8515347326686116,2.827786714826026,88,0.9994473274100817,0.9988384132434085
TOI-2076_b,NIRISS_SOSS,obs10,SOSS_HDU3_ordem_1,jw05959010001_04102_00001-seg001_nis_x1dints.fits,seg001,3,89,60783.047636535724,TDB-MID,2058.4653890887585,0.14462779084790378,2038,0.8515347326686116,2.827786714826026,89,1.003119870976386,1.0025087193093025
TOI-2076_b,NIRISS_SOSS,obs10,SOSS_HDU3_ordem_1,jw05959010001_04102_00001-seg001_nis_x1dints.fits,seg001,3,90,60783.04771360874,TDB-MID,2050.93966419849,0.14461102981645757,2038,0.8515347326686116,2.827786714826026,90,0.9994524767025033,0.9988435593986191
TOI-2076_b,NIRISS_SOSS,obs10,SOSS_HDU3_ordem_1,jw05959010001_04102_00001-seg001_nis_x1dints.fits,seg001,3,91,60783.04779068176,TDB-MID,2057.0178819367065,0.14462632930577402,2038,0.8515347326686116,2.827786714826026,91,1.002414479865464,1.0018037579585377
TOI-2076_b,NIRISS_SOSS,obs10,SOSS_HDU3_ordem_1,jw05959010001_04102_00001-seg001_nis_x1dints.fits,seg001,3,92,60783.04786775478,TDB-MID,2051.8989497423563,0.14461312649663047,2038,0.8515347326686116,2.827786714826026,92,0.9999199503826989,0.9993107482700624
TOI-2076_b,NIRISS_SOSS,obs10,SOSS_HDU3_ordem_1,jw05959010001_04102_00001-seg001_nis_x1dints.fits,seg001,3,93,60783.0479448278,TDB-MID,2050.9947715668804,0.14461250524723215,2038,0.8515347326686116,2.827786714826026,93,0.99947933131787,0.9988703976527877
TOI-2076_b,NIRISS_SOSS,obs10,SOSS_HDU3_ordem_1,jw05959010001_04102_00001-seg001_nis_x1dints.fits,seg001,3,94,60783.04802190082,TDB-MID,2053.0784429220503,0.1446283097124164,2038,0.8515347326686116,2.827786714826026,94,1.0004947344196342,0.9998851821193158
TOI-2076_b,NIRISS_SOSS,obs10,SOSS_HDU3_ordem_1,jw05959010001_04102_00001-seg001_nis_x1dints.fits,seg001,3,95,60783.048098973835,TDB-MID,2047.1924162468438,0.14460564937751477,2038,0.8515347326686116,2.827786714826026,95,0.9976263887334285,0.9970185839752518
TOI-2076_b,NIRISS_SOSS,obs10,SOSS_HDU3_ordem_1,jw05959010001_04102_00001-seg001_nis_x1dints.fits,seg001,3,96,60783.04817604685,TDB-MID,2064.2379621052296,0.1446418466168203,2038,0.8515347326686116,2.827786714826026,96,1.0059329290584786,1.0053200635332749
TOI-2076_b,NIRISS_SOSS,obs10,SOSS_HDU3_ordem_1,jw05959010001_04102_00001-seg001_nis_x1dints.fits,seg001,3,97,60783.04825311986,TDB-MID,2050.3601586857576,0.14464456820318555,2038,0.8515347326686116,2.827786714826026,97,0.9991700753086088,0.9985613300580233
TOI-2076_b,NIRISS_SOSS,obs10,SOSS_HDU3_ordem_1,jw05959010001_04102_00001-seg001_nis_x1dints.fits,seg001,3,98,60783.048330192876,TDB-MID,2054.2062719855853,0.14461851071802995,2038,0.8515347326686116,2.827786714826026,98,1.0010443417876733,1.0004344546385806
TOI-2076_b,NIRISS_SOSS,obs10,SOSS_HDU3_ordem_1,jw05959010001_04102_00001-seg001_nis_x1dints.fits,seg001,3,99,60783.048407265895,TDB-MID,2049.8718756748513,0.14461327514168143,2038,0.8515347326686116,2.827786714826026,99,0.9989321279554512,0.9983235276745006
TOI-2076_b,NIRISS_SOSS,obs10,SOSS_HDU3_ordem_1,jw05959010001_04102_00001-seg001_nis_x1dints.fits,seg001,3,100,60783.04848433891,TDB-MID,2045.7822390840474,0.14460201404272868,2038,0.8515347326686116,2.827786714826026,100,0.9969391890646382,0.9963318029834665
TOI-2076_b,NIRISS_SOSS,obs10,SOSS_HDU3_ordem_1,jw05959010001_04102_00001-seg001_nis_x1dints.fits,seg001,3,101,60783.04856141193,TDB-MID,2052.2172358549115,0.14461434391926614,2038,0.8515347326686116,2.827786714826026,101,1.0000750557956208,0.9994657591848745
TOI-2076_b,NIRISS_SOSS,obs10,SOSS_HDU3_ordem_1,jw05959010001_04102_00001-seg001_nis_x1dints.fits,seg001,3,102,60783.04863848495,TDB-MID,2053.83465697532,0.14461801693674148,2038,0.8515347326686116,2.827786714826026,102,1.000863248433796,1.000253471615989
TOI-2076_b,NIRISS_SOSS,obs10,SOSS_HDU3_ordem_1,jw05959010001_04102_00001-seg001_nis_x1dints.fits,seg001,3,103,60783.04871555797,TDB-MID,2055.0580508128273,0.14462153787056503,2038,0.8515347326686116,2.827786714826026,103,1.0014594258944125,1.0008492858549614
TOI-2076_b,NIRISS_SOSS,obs10,SOSS_HDU3_ordem_1,jw05959010001_04102_00001-seg001_nis_x1dints.fits,seg001,3,104,60783.04879263099,TDB-MID,2058.427762028113,0.14463395336982243,2038,0.8515347326686116,2.827786714826026,104,1.0031015347670817,1.00249039427135
TOI-2076_b,NIRISS_SOSS,obs10,SOSS_HDU3_ordem_1,jw05959010001_04102_00001-seg001_nis_x1dints.fits,seg001,3,105,60783.048869704005,TDB-MID,2058.5259283234363,0.14462544468117133,2038,0.8515347326686116,2.827786714826026,105,1.003149372618532,1.0025382029775471
TOI-2076_b,NIRISS_SOSS,obs10,SOSS_HDU3_ordem_1,jw05959010001_04102_00001-seg001_nis_x1dints.fits,seg001,3,106,60783.048946777024,TDB-MID,2050.5789540876785,0.14461142466683052,2038,0.8515347326686116,2.827786714826026,106,0.9992766974633988,0.9986678872531712
TOI-2076_b,NIRISS_SOSS,obs10,SOSS_HDU3_ordem_1,jw05959010001_04102_00001-seg001_nis_x1dints.fits,seg001,3,107,60783.04902385004,TDB-MID,2042.2294725507181,0.14459407854543951,2038,0.8515347326686116,2.827786714826026,107,0.9952078746954904,0.9946015434191269
TOI-2076_b,NIRISS_SOSS,obs10,SOSS_HDU3_ordem_1,jw05959010001_04102_00001-seg001_nis_x1dints.fits,seg001,3,108,60783.04910092305,TDB-MID,2050.000245073664,0.14461575043824793,2038,0.8515347326686116,2.827786714826026,108,0.9989946842148163,0.9983860458214096
TOI-2076_b,NIRISS_SOSS,obs10,SOSS_HDU3_ordem_1,jw05959010001_04102_00001-seg001_nis_x1dints.fits,seg001,3,109,60783.04917799607,TDB-MID,2060.022712142077,0.14463915312639786,2038,0.8515347326686116,2.827786714826026,109,1.0038787769597435,1.0032671629285195
TOI-2076_b,NIRISS_SOSS,obs10,SOSS_HDU3_ordem_1,jw05959010001_04102_00001-seg001_nis_x1dints.fits,seg001,3,110,60783.04925506909,TDB-MID,2049.58434179981,0.14460899093137383,2038,0.8515347326686116,2.827786714826026,110,0.9987920085513738,0.998183493638294
TOI-2076_b,NIRISS_SOSS,obs10,SOSS_HDU3_ordem_1,jw05959010001_04102_00001-seg001_nis_x1dints.fits,seg001,3,111,60783.0493321421,TDB-MID,2054.1056004432285,0.14461935824391925,2038,0.8515347326686116,2.827786714826026,111,1.0009952830932134,1.0003854258331735
TOI-2076_b,NIRISS_SOSS,obs10,SOSS_HDU3_ordem_1,jw05959010001_04102_00001-seg001_nis_x1dints.fits,seg001,3,112,60783.04940921512,TDB-MID,2052.0164865874035,0.14461646739687323,2038,0.8515347326686116,2.827786714826026,112,0.9999772277823888,0.999367990773446
TOI-2076_b,NIRISS_SOSS,obs10,SOSS_HDU3_ordem_1,jw05959010001_04102_00001-seg001_nis_x1dints.fits,seg001,3,113,60783.04948628814,TDB-MID,2071.2456509151116,0.14465540835585225,2038,0.8515347326686116,2.827786714826026,113,1.0093478768793518,1.008732930794173
TOI-2076_b,NIRISS_SOSS,obs10,SOSS_HDU3_ordem_1,jw05959010001_04102_00001-seg001_nis_x1dints.fits,seg001,3,114,60783.04956336116,TDB-MID,2056.133702136224,0.14462289958028918,2038,0.8515347326686116,2.827786714826026,114,1.001983606297183,1.0013731469003584
TOI-2076_b,NIRISS_SOSS,obs10,SOSS_HDU3_ordem_1,jw05959010001_04102_00001-seg001_nis_x1dints.fits,seg001,3,115,60783.049640434176,TDB-MID,2049.660048891693,0.14460831006976602,2038,0.8515347326686116,2.827786714826026,115,0.9988289017090846,0.9982203643188158
TOI-2076_b,NIRISS_SOSS,obs10,SOSS_HDU3_ordem_1,jw05959010001_04102_00001-seg001_nis_x1dints.fits,seg001,3,116,60783.049717507194,TDB-MID,2050.2185277847934,0.14461505998387617,2038,0.8515347326686116,2.827786714826026,116,0.9991010565279898,0.9984923533271572
TOI-2076_b,NIRISS_SOSS,obs10,SOSS_HDU3_ordem_1,jw05959010001_04102_00001-seg001_nis_x1dints.fits,seg001,3,117,60783.04979458021,TDB-MID,2051.4319616393577,0.1446182471995406,2038,0.8515347326686116,2.827786714826026,117,0.9996923803452766,0.9990833168798863
TOI-2076_b,NIRISS_SOSS,obs10,SOSS_HDU3_ordem_1,jw05959010001_04102_00001-seg001_nis_x1dints.fits,seg001,3,118,60783.04987165323,TDB-MID,2053.2756490554716,0.144619904320757,2038,0.8515347326686116,2.827786714826026,118,1.0005908358125273,0.9999812249623502
TOI-2076_b,NIRISS_SOSS,obs10,SOSS_HDU3_ordem_1,jw05959010001_04102_00001-seg001_nis_x1dints.fits,seg001,3,119,60783.04994872625,TDB-MID,2055.6129164732974,0.14462371274670982,2038,0.8515347326686116,2.827786714826026,119,1.0017298199329474,1.0011195151556895
TOI-2076_b,NIRISS_SOSS,obs10,SOSS_HDU3_ordem_1,jw05959010001_04102_00001-seg001_nis_x1dints.fits,seg001,3,120,60783.05002579927,TDB-MID,2058.478865881085,0.1446261237776276,2038,0.8515347326686116,2.827786714826026,120,1.003126438411647,1.0025152827433477
TOI-2076_b,NIRISS_SOSS,obs10,SOSS_HDU3_ordem_1,jw05959010001_04102_00001-seg001_nis_x1dints.fits,seg001,3,121,60783.05010287228,TDB-MID,2059.9818474188555,0.14462899569976717,2038,0.8515347326686116,2.827786714826026,121,1.0038588629907728,1.003247261092152
TOI-2076_b,NIRISS_SOSS,obs10,SOSS_HDU3_ordem_1,jw05959010001_04102_00001-seg001_nis_x1dints.fits,seg001,3,122,60783.0501799453,TDB-MID,2046.6516115683105,0.14460213644205852,2038,0.8515347326686116,2.827786714826026,122,0.9973628468141768,0.9967552026191471
TOI-2076_b,NIRISS_SOSS,obs10,SOSS_HDU3_ordem_1,jw05959010001_04102_00001-seg001_nis_x1dints.fits,seg001,3,123,60783.05025701831,TDB-MID,2055.9341659214074,0.14462423395014287,2038,0.8515347326686116,2.827786714826026,123,1.001886369422022,1.0012759692668494
TOI-2076_b,NIRISS_SOSS,obs10,SOSS_HDU3_ordem_1,jw05959010001_04102_00001-seg001_nis_x1dints.fits,seg001,3,124,60783.05033409133,TDB-MID,2057.2995512745424,0.14462730456051487,2038,0.8515347326686116,2.827786714826026,124,1.0025517413959837,1.0019409358623486
TOI-2076_b,NIRISS_SOSS,obs10,SOSS_HDU3_ordem_1,jw05959010001_04102_00001-seg001_nis_x1dints.fits,seg001,3,125,60783.050411164346,TDB-MID,2049.5805742270595,0.14460955864234173,2038,0.8515347326686116,2.827786714826026,125,0.9987901725588372,0.9981816587643374
TOI-2076_b,NIRISS_SOSS,obs10,SOSS_HDU3_ordem_1,jw05959010001_04102_00001-seg001_nis_x1dints.fits,seg001,3,126,60783.050488237364,TDB-MID,2047.8026525466412,0.14462407303044122,2038,0.8515347326686116,2.827786714826026,126,0.9979237656830544,0.9973157797477087
TOI-2076_b,NIRISS_SOSS,obs10,SOSS_HDU3_ordem_1,jw05959010001_04102_00001-seg001_nis_x1dints.fits,seg001,3,127,60783.05056531038,TDB-MID,2055.585809351203,0.1446286326998266,2038,0.8515347326686116,2.827786714826026,127,1.0017166102414161,1.0011063135121743
TOI-2076_b,NIRISS_SOSS,obs10,SOSS_HDU3_ordem_1,jw05959010001_04102_00001-seg001_nis_x1dints.fits,seg001,3,128,60783.0506423834,TDB-MID,2052.889857965155,0.14461769752767972,2038,0.8515347326686116,2.827786714826026,128,1.0004028342503957,0.9997933379403364
TOI-2076_b,NIRISS_SOSS,obs10,SOSS_HDU3_ordem_1,jw05959010001_04102_00001-seg001_nis_x1dints.fits,seg001,3,129,60783.05071945642,TDB-MID,2053.887536463698,0.1446218686134424,2038,0.8515347326686116,2.827786714826026,129,1.0008890173711027,1.0002792248535477
TOI-2076_b,NIRISS_SOSS,obs10,SOSS_HDU3_ordem_1,jw05959010001_04102_00001-seg001_nis_x1dints.fits,seg001,3,130,60783.05079652944,TDB-MID,2052.7305694580105,0.14461768160372196,2038,0.8515347326686116,2.827786714826026,130,1.0003252106636298,0.9997157616458092
TOI-2076_b,NIRISS_SOSS,obs10,SOSS_HDU3_ordem_1,jw05959010001_04102_00001-seg001_nis_x1dints.fits,seg001,3,131,60783.05087360246,TDB-MID,2053.7693078004477,0.14461818493001807,2038,0.8515347326686116,2.827786714826026,131,1.000831402838425,1.0002216454225752
TOI-2076_b,NIRISS_SOSS,obs10,SOSS_HDU3_ordem_1,jw05959010001_04102_00001-seg001_nis_x1dints.fits,seg001,3,132,60783.05095067547,TDB-MID,2056.8221111890252,0.1446245765616767,2038,0.8515347326686116,2.827786714826026,132,1.002319077956743,1.0017084141735138
TOI-2076_b,NIRISS_SOSS,obs10,SOSS_HDU3_ordem_1,jw05959010001_04102_00001-seg001_nis_x1dints.fits,seg001,3,133,60783.05102774849,TDB-MID,2047.2386693784806,0.14460597140829673,2038,0.8515347326686116,2.827786714826026,133,0.9976489285515306,0.99704111006095
TOI-2076_b,NIRISS_SOSS,obs10,SOSS_HDU3_ordem_1,jw05959010001_04102_00001-seg001_nis_x1dints.fits,seg001,3,134,60783.0511048215,TDB-MID,2049.13101610198,0.1446086532521846,2038,0.8515347326686116,2.827786714826026,134,0.9985710964010274,0.9979627160788701
TOI-2076_b,NIRISS_SOSS,obs10,SOSS_HDU3_ordem_1,jw05959010001_04102_00001-seg001_nis_x1dints.fits,seg001,3,135,60783.051181894516,TDB-MID,2063.2917305690753,0.14464746613491,2038,0.8515347326686116,2.827786714826026,135,1.005471816784504,1.0048592321923602
TOI-2076_b,NIRISS_SOSS,obs10,SOSS_HDU3_ordem_1,jw05959010001_04102_00001-seg001_nis_x1dints.fits,seg001,3,136,60783.051258967535,TDB-MID,2050.9158392966274,0.14461190657391756,2038,0.8515347326686116,2.827786714826026,136,0.9994408664842265,0.9988319562538781
TOI-2076_b,NIRISS_SOSS,obs10,SOSS_HDU3_ordem_1,jw05959010001_04102_00001-seg001_nis_x1dints.fits,seg001,3,137,60783.05133604055,TDB-MID,2054.602089386622,0.144619090435174,2038,0.8515347326686116,2.827786714826026,137,1.0012372293156167,1.0006272246496273
TOI-2076_b,NIRISS_SOSS,obs10,SOSS_HDU3_ordem_1,jw05959010001_04102_00001-seg001_nis_x1dints.fits,seg001,3,138,60783.05141311357,TDB-MID,2053.043225564308,0.14461525282801274,2038,0.8515347326686116,2.827786714826026,138,1.0004775724933073,0.9998680306489074
TOI-2076_b,NIRISS_SOSS,obs10,SOSS_HDU3_ordem_1,jw05959010001_04102_00001-seg001_nis_x1dints.fits,seg001,3,139,60783.05149018659,TDB-MID,2048.61395174305,0.14460734753134213,2038,0.8515347326686116,2.827786714826026,139,0.9983191234818977,0.9977108966744639
TOI-2076_b,NIRISS_SOSS,obs10,SOSS_HDU3_ordem_1,jw05959010001_04102_00001-seg001_nis_x1dints.fits,seg001,3,140,60783.05156725961,TDB-MID,2050.5006645014737,0.14460950949951132,2038,0.8515347326686116,2.827786714826026,140,0.9992385458189607,0.9986297588526563
TOI-2076_b,NIRISS_SOSS,obs10,SOSS_HDU3_ordem_1,jw05959010001_04102_00001-seg001_nis_x1dints.fits,seg001,3,141,60783.05164433263,TDB-MID,2048.146198299213,0.14460619099853073,2038,0.8515347326686116,2.827786714826026,141,0.9980911804828472,0.9974830925498868
TOI-2076_b,NIRISS_SOSS,obs10,SOSS_HDU3_ordem_1,jw05959010001_04102_00001-seg001_nis_x1dints.fits,seg001,3,142,60783.051721405645,TDB-MID,2053.685139831533,0.14461700064807256,2038,0.8515347326686116,2.827786714826026,142,1.0007903865733154,1.0001806541466611
TOI-2076_b,NIRISS_SOSS,obs10,SOSS_HDU3_ordem_1,jw05959010001_04102_00001-seg001_nis_x1dints.fits,seg001,3,143,60783.051798478664,TDB-MID,2040.928119452747,0.14459335942395457,2038,0.8515347326686116,2.827786714826026,143,0.9945737065629335,0.9939677616540646
TOI-2076_b,NIRISS_SOSS,obs10,SOSS_HDU3_ordem_1,jw05959010001_04102_00001-seg001_nis_x1dints.fits,seg001,3,144,60783.051875551675,TDB-MID,2048.8530846021126,0.14461015304189945,2038,0.8515347326686116,2.827786714826026,144,0.9984356563728564,0.9978273585676558
TOI-2076_b,NIRISS_SOSS,obs10,SOSS_HDU3_ordem_1,jw05959010001_04102_00001-seg001_nis_x1dints.fits,seg001,3,145,60783.051952624686,TDB-MID,2049.8749901419196,0.14461054692215417,2038,0.8515347326686116,2.827786714826026,145,0.9989336456801698,0.9983250444745443
TOI-2076_b,NIRISS_SOSS,obs10,SOSS_HDU3_ordem_1,jw05959010001_04102_00001-seg001_nis_x1dints.fits,seg001,3,146,60783.052029697705,TDB-MID,2059.2270889550286,0.14463289715515174,2038,0.8515347326686116,2.827786714826026,146,1.0034910583063386,1.0028796804930464
TOI-2076_b,NIRISS_SOSS,obs10,SOSS_HDU3_ordem_1,jw05959010001_04102_00001-seg001_nis_x1dints.fits,seg001,3,147,60783.05210677072,TDB-MID,2061.116946813617,0.14463432696289502,2038,0.8515347326686116,2.827786714826026,147,1.0044120132960699,1.0038000743901372
TOI-2076_b,NIRISS_SOSS,obs10,SOSS_HDU3_ordem_1,jw05959010001_04102_00001-seg001_nis_x1dints.fits,seg001,3,148,60783.05218384374,TDB-MID,2049.933024946814,0.14461214429024163,2038,0.8515347326686116,2.827786714826026,148,0.998961926877564,0.9983533084415939
TOI-2076_b,NIRISS_SOSS,obs10,SOSS_HDU3_ordem_1,jw05959010001_04102_00001-seg001_nis_x1dints.fits,seg001,3,149,60783.05226091676,TDB-MID,2052.302599028527,0.1446133152450412,2038,0.8515347326686116,2.827786714826026,149,1.0001166545012181,0.9995073325464238
TOI-2076_b,NIRISS_SOSS,obs10,SOSS_HDU3_ordem_1,jw05959010001_04102_00001-seg001_nis_x1dints.fits,seg001,3,150,60783.05233798978,TDB-MID,2059.9489257413898,0.14463717893826203,2038,0.8515347326686116,2.827786714826026,150,1.0038428197825522,1.0032312276582702
TOI-2076_b,NIRISS_SOSS,obs10,SOSS_HDU3_ordem_1,jw05959010001_04102_00001-seg001_nis_x1dints.fits,seg001,3,151,60783.0524150628,TDB-MID,2048.856015471476,0.1446064894150935,2038,0.8515347326686116,2.827786714826026,151,0.9984370846277657,0.9978287859523995
TOI-2076_b,NIRISS_SOSS,obs10,SOSS_HDU3_ordem_1,jw05959010001_04102_00001-seg001_nis_x1dints.fits,seg001,3,152,60783.052492135816,TDB-MID,2050.0258793441653,0.14461144161220338,2038,0.8515347326686116,2.827786714826026,152,0.9990071761645253,0.998398530160387
TOI-2076_b,NIRISS_SOSS,obs10,SOSS_HDU3_ordem_1,jw05959010001_04102_00001-seg001_nis_x1dints.fits,seg001,3,153,60783.05256920883,TDB-MID,2049.8744103382846,0.14460991760947806,2038,0.8515347326686116,2.827786714826026,153,0.9989333631334967,0.9983247621000129
TOI-2076_b,NIRISS_SOSS,obs10,SOSS_HDU3_ordem_1,jw05959010001_04102_00001-seg001_nis_x1dints.fits,seg001,3,154,60783.052646281845,TDB-MID,2050.998367555002,0.14461474891498355,2038,0.8515347326686116,2.827786714826026,154,0.9994810836947424,0.998872148962023
TOI-2076_b,NIRISS_SOSS,obs10,SOSS_HDU3_ordem_1,jw05959010001_04102_00001-seg001_nis_x1dints.fits,seg001,3,155,60783.052723354864,TDB-MID,2047.5568692561885,0.14460580498689915,2038,0.8515347326686116,2.827786714826026,155,0.9978039919409678,0.9971960789778801
TOI-2076_b,NIRISS_SOSS,obs10,SOSS_HDU3_ordem_1,jw05959010001_04102_00001-seg001_nis_x1dints.fits,seg001,3,156,60783.052800427875,TDB-MID,2056.648286564734,0.14462481685959402,2038,0.8515347326686116,2.827786714826026,156,1.0022343707104537,1.001623758535189
TOI-2076_b,NIRISS_SOSS,obs10,SOSS_HDU3_ordem_1,jw05959010001_04102_00001-seg001_nis_x1dints.fits,seg001,3,157,60783.05287750089,TDB-MID,2058.489921135635,0.14462810835363457,2038,0.8515347326686116,2.827786714826026,157,1.0031318257966264,1.002520666846058
TOI-2076_b,NIRISS_SOSS,obs10,SOSS_HDU3_ordem_1,jw05959010001_04102_00001-seg001_nis_x1dints.fits,seg001,3,158,60783.05295457391,TDB-MID,2055.907485793563,0.14462410547063478,2038,0.8515347326686116,2.827786714826026,158,1.0018733678109466,1.0012629755770173
TOI-2076_b,NIRISS_SOSS,obs10,SOSS_HDU3_ordem_1,jw05959010001_04102_00001-seg001_nis_x1dints.fits,seg001,3,159,60783.05303164693,TDB-MID,2057.0901547966364,0.14462421293900066,2038,0.8515347326686116,2.827786714826026,159,1.002449699472416,1.0018389561079128
TOI-2076_b,NIRISS_SOSS,obs10,SOSS_HDU3_ordem_1,jw05959010001_04102_00001-seg001_nis_x1dints.fits,seg001,3,160,60783.05310871995,TDB-MID,2060.323001993472,0.14462449603969252,2038,0.8515347326686116,2.827786714826026,160,1.0040251125350625,1.00341340934876
TOI-2076_b,NIRISS_SOSS,obs10,SOSS_HDU3_ordem_1,jw05959010001_04102_00001-seg001_nis_x1dints.fits,seg001,3,161,60783.05318579297,TDB-MID,2055.8314971688615,0.14462840342492975,2038,0.8515347326686116,2.827786714826026,161,1.0018363374582333,1.0012259677850788
TOI-2076_b,NIRISS_SOSS,obs10,SOSS_HDU3_ordem_1,jw05959010001_04102_00001-seg001_nis_x1dints.fits,seg001,3,162,60783.05326286598,TDB-MID,2044.2685150248435,0.14459846589262756,2038,0.8515347326686116,2.827786714826026,162,0.9962015294998909,0.9955945928384603
TOI-2076_b,NIRISS_SOSS,obs10,SOSS_HDU3_ordem_1,jw05959010001_04102_00001-seg001_nis_x1dints.fits,seg001,3,163,60783.053339939,TDB-MID,2045.7027514415154,0.14460176945353834,2038,0.8515347326686116,2.827786714826026,163,0.9969004535900736,0.996293091108524
TOI-2076_b,NIRISS_SOSS,obs10,SOSS_HDU3_ordem_1,jw05959010001_04102_00001-seg001_nis_x1dints.fits,seg001,3,164,60783.053417012015,TDB-MID,2060.3866830033694,0.14463184665471918,2038,0.8515347326686116,2.827786714826026,164,1.0040561452095833,1.0034444231165964
TOI-2076_b,NIRISS_SOSS,obs10,SOSS_HDU3_ordem_1,jw05959010001_04102_00001-seg001_nis_x1dints.fits,seg001,3,165,60783.053494085034,TDB-MID,2049.4717379738804,0.14460799008046218,2038,0.8515347326686116,2.827786714826026,165,0.9987371350830432,0.9981286536016724
TOI-2076_b,NIRISS_SOSS,obs10,SOSS_HDU3_ordem_1,jw05959010001_04102_00001-seg001_nis_x1dints.fits,seg001,3,166,60783.05357115805,TDB-MID,2059.7249370106156,0.14463151779000588,2038,0.8515347326686116,2.827786714826026,166,1.0037336668437147,1.003122141220957
TOI-2076_b,NIRISS_SOSS,obs10,SOSS_HDU3_ordem_1,jw05959010001_04102_00001-seg001_nis_x1dints.fits,seg001,3,167,60783.05364823107,TDB-MID,2050.439668607529,0.14461645541667506,2038,0.8515347326686116,2.827786714826026,167,0.9992088216401678,0.9986000527833456
TOI-2076_b,NIRISS_SOSS,obs10,SOSS_HDU3_ordem_1,jw05959010001_04102_00001-seg001_nis_x1dints.fits,seg001,3,168,60783.05372530409,TDB-MID,2051.008174712363,0.1446204626679322,2038,0.8515347326686116,2.827786714826026,168,0.9994858628639618,0.9988769252195293
TOI-2076_b,NIRISS_SOSS,obs10,SOSS_HDU3_ordem_1,jw05959010001_04102_00001-seg001_nis_x1dints.fits,seg001,3,169,60783.0538023771,TDB-MID,2054.8236913236233,0.14461922041352615,2038,0.8515347326686116,2.827786714826026,169,1.0013452191354266,1.0007351486765441
TOI-2076_b,NIRISS_SOSS,obs10,SOSS_HDU3_ordem_1,jw05959010001_04102_00001-seg001_nis_x1dints.fits,seg001,3,170,60783.05387945011,TDB-MID,2054.8843945480803,0.14462015233579326,2038,0.8515347326686116,2.827786714826026,170,1.0013748006921572,1.000764712210685
TOI-2076_b,NIRISS_SOSS,obs10,SOSS_HDU3_ordem_1,jw05959010001_04102_00001-seg001_nis_x1dints.fits,seg001,3,171,60783.05395652313,TDB-MID,2057.4254189531325,0.1446220675021224,2038,0.8515347326686116,2.827786714826026,171,1.002613078531005,1.0020022356276663
TOI-2076_b,NIRISS_SOSS,obs10,SOSS_HDU3_ordem_1,jw05959010001_04102_00001-seg001_nis_x1dints.fits,seg001,3,172,60783.05403359615,TDB-MID,2055.9226715302966,0.14462000831335406,2038,0.8515347326686116,2.827786714826026,172,1.0018807680394632,1.0012703712969382
TOI-2076_b,NIRISS_SOSS,obs10,SOSS_HDU3_ordem_1,jw05959010001_04102_00001-seg001_nis_x1dints.fits,seg001,3,173,60783.05411066917,TDB-MID,2056.265214107216,0.1446218528240648,2038,0.8515347326686116,2.827786714826026,173,1.0020476939772927,1.0014371955349926
TOI-2076_b,NIRISS_SOSS,obs10,SOSS_HDU3_ordem_1,jw05959010001_04102_00001-seg001_nis_x1dints.fits,seg001,3,174,60783.054187742186,TDB-MID,2048.5264518817103,0.14460808839928355,2038,0.8515347326686116,2.827786714826026,174,0.998276483537557,0.997668282708547
TOI-2076_b,NIRISS_SOSS,obs10,SOSS_HDU3_ordem_1,jw05959010001_04102_00001-seg001_nis_x1dints.fits,seg001,3,175,60783.054264815204,TDB-MID,2052.35763304747,0.14461530864580938,2038,0.8515347326686116,2.827786714826026,175,1.0001434733723413,0.9995341350781259
TOI-2076_b,NIRISS_SOSS,obs10,SOSS_HDU3_ordem_1,jw05959010001_04102_00001-seg001_nis_x1dints.fits,seg001,3,176,60783.05434188822,TDB-MID,2051.417680026868,0.14461324593351985,2038,0.8515347326686116,2.827786714826026,176,0.999685420709543,0.999076361484317
TOI-2076_b,NIRISS_SOSS,obs10,SOSS_HDU3_ordem_1,jw05959010001_04102_00001-seg001_nis_x1dints.fits,seg001,3,177,60783.054418961234,TDB-MID,2061.6727305385084,0.14463356026717106,2038,0.8515347326686116,2.827786714826026,177,1.0046828547206377,1.0040707508043278
TOI-2076_b,NIRISS_SOSS,obs10,SOSS_HDU3_ordem_1,jw05959010001_04102_00001-seg001_nis_x1dints.fits,seg001,3,178,60783.05449603425,TDB-MID,2050.7814095616786,0.1446131118194879,2038,0.8515347326686116,2.827786714826026,178,0.9993753569356609,0.9987664866170628
TOI-2076_b,NIRISS_SOSS,obs10,SOSS_HDU3_ordem_1,jw05959010001_04102_00001-seg001_nis_x1dints.fits,seg001,3,179,60783.05457310727,TDB-MID,2060.095102271473,0.14463361330843627,2038,0.8515347326686116,2.827786714826026,179,1.0039140537137974,1.00330241819018
TOI-2076_b,NIRISS_SOSS,obs10,SOSS_HDU3_ordem_1,jw05959010001_04102_00001-seg001_nis_x1dints.fits,seg001,3,180,60783.05465018029,TDB-MID,2055.775463293378,0.1446228284003779,2038,0.8515347326686116,2.827786714826026,180,1.001809031342598,1.0011986783057187
TOI-2076_b,NIRISS_SOSS,obs10,SOSS_HDU3_ordem_1,jw05959010001_04102_00001-seg001_nis_x1dints.fits,seg001,3,181,60783.0547272533,TDB-MID,2054.390950484878,0.144619229219222,2038,0.8515347326686116,2.827786714826026,181,1.0011343382837838,1.0005243963042463
TOI-2076_b,NIRISS_SOSS,obs10,SOSS_HDU3_ordem_1,jw05959010001_04102_00001-seg001_nis_x1dints.fits,seg001,3,182,60783.05480432632,TDB-MID,2056.71062808388,0.14462583950096183,2038,0.8515347326686116,2.827786714826026,182,1.0022647506318134,1.0016541199475548
TOI-2076_b,NIRISS_SOSS,obs10,SOSS_HDU3_ordem_1,jw05959010001_04102_00001-seg001_nis_x1dints.fits,seg001,3,183,60783.05488139934,TDB-MID,2057.8939948910456,0.14462818176465145,2038,0.8515347326686116,2.827786714826026,183,1.0028414223432807,1.0022304403212727
TOI-2076_b,NIRISS_SOSS,obs10,SOSS_HDU3_ordem_1,jw05959010001_04102_00001-seg001_nis_x1dints.fits,seg001,3,184,60783.054958472356,TDB-MID,2052.621268884144,0.1446159652295318,2038,0.8515347326686116,2.827786714826026,184,1.0002719469176682,0.9996625303508321
TOI-2076_b,NIRISS_SOSS,obs10,SOSS_HDU3_ordem_1,jw05959010001_04102_00001-seg001_nis_x1dints.fits,seg001,3,185,60783.05503554537,TDB-MID,2058.242709223181,0.14462986857485485,2038,0.8515347326686116,2.827786714826026,185,1.003011355866435,1.002400270312278
TOI-2076_b,NIRISS_SOSS,obs10,SOSS_HDU3_ordem_1,jw05959010001_04102_00001-seg001_nis_x1dints.fits,seg001,3,186,60783.055112618385,TDB-MID,2049.5927437691707,0.14460963784110156,2038,0.8515347326686116,2.827786714826026,186,0.9987961029522153,0.9981875855446181
TOI-2076_b,NIRISS_SOSS,obs10,SOSS_HDU3_ordem_1,jw05959010001_04102_00001-seg001_nis_x1dints.fits,seg001,3,187,60783.055189691404,TDB-MID,2054.7896404565577,0.14462192858793804,2038,0.8515347326686116,2.827786714826026,187,1.0013286256568292,1.000718565307538
TOI-2076_b,NIRISS_SOSS,obs10,SOSS_HDU3_ordem_1,jw05959010001_04102_00001-seg001_nis_x1dints.fits,seg001,3,188,60783.05526676442,TDB-MID,2050.920362455369,0.14461494199526687,2038,0.8515347326686116,2.827786714826026,188,0.9994430706847135,0.998834159111454
TOI-2076_b,NIRISS_SOSS,obs10,SOSS_HDU3_ordem_1,jw05959010001_04102_00001-seg001_nis_x1dints.fits,seg001,3,189,60783.05534383744,TDB-MID,2055.1648610472303,0.14462332469478556,2038,0.8515347326686116,2.827786714826026,189,1.001511476062038,1.000901304310976
TOI-2076_b,NIRISS_SOSS,obs10,SOSS_HDU3_ordem_1,jw05959010001_04102_00001-seg001_nis_x1dints.fits,seg001,3,190,60783.05542091046,TDB-MID,2050.630818263656,0.14461266039463389,2038,0.8515347326686116,2.827786714826026,190,0.9993019716243297,0.9986931460157973
TOI-2076_b,NIRISS_SOSS,obs10,SOSS_HDU3_ordem_1,jw05959010001_04102_00001-seg001_nis_x1dints.fits,seg001,3,191,60783.05549798348,TDB-MID,2054.855897885268,0.14462008503449592,2038,0.8515347326686116,2.827786714826026,191,1.0013609138573942,1.0007508338364886
TOI-2076_b,NIRISS_SOSS,obs10,SOSS_HDU3_ordem_1,jw05959010001_04102_00001-seg001_nis_x1dints.fits,seg001,3,192,60783.05557505649,TDB-MID,2056.0872191495946,0.14462540321959957,2038,0.8515347326686116,2.827786714826026,192,1.0019609544674277,1.0013505088712507
TOI-2076_b,NIRISS_SOSS,obs10,SOSS_HDU3_ordem_1,jw05959010001_04102_00001-seg001_nis_x1dints.fits,seg001,3,193,60783.0556521295,TDB-MID,2049.911535256054,0.14461584089976057,2038,0.8515347326686116,2.827786714826026,193,0.9989514546413356,0.9983428425855846
TOI-2076_b,NIRISS_SOSS,obs10,SOSS_HDU3_ordem_1,jw05959010001_04102_00001-seg001_nis_x1dints.fits,seg001,3,194,60783.05572920252,TDB-MID,2051.9405217779567,0.14461669851442352,2038,0.8515347326686116,2.827786714826026,194,0.9999402090351925,0.9993309945799541
TOI-2076_b,NIRISS_SOSS,obs10,SOSS_HDU3_ordem_1,jw05959010001_04102_00001-seg001_nis_x1dints.fits,seg001,3,195,60783.05580627554,TDB-MID,2056.0519463243963,0.14462522107553966,2038,0.8515347326686116,2.827786714826026,195,1.0019437655110095,1.0013333303872192
TOI-2076_b,NIRISS_SOSS,obs10,SOSS_HDU3_ordem_1,jw05959010001_04102_00001-seg001_nis_x1dints.fits,seg001,3,196,60783.055883348556,TDB-MID,2044.5325648147848,0.144601214916751,2038,0.8515347326686116,2.827786714826026,196,0.9963302047706151,0.9957231897136621
TOI-2076_b,NIRISS_SOSS,obs10,SOSS_HDU3_ordem_1,jw05959010001_04102_00001-seg001_nis_x1dints.fits,seg001,3,197,60783.055960421574,TDB-MID,2057.9969173478285,0.14462792842317107,2038,0.8515347326686116,2.827786714826026,197,1.002891577940803,1.0022805653614528
TOI-2076_b,NIRISS_SOSS,obs10,SOSS_HDU3_ordem_1,jw05959010001_04102_00001-seg001_nis_x1dints.fits,seg001,3,198,60783.056037494585,TDB-MID,2053.4822324944553,0.1446191524820142,2038,0.8515347326686116,2.827786714826026,198,1.0006915069016589,1.0000818347175318
TOI-2076_b,NIRISS_SOSS,obs10,SOSS_HDU3_ordem_1,jw05959010001_04102_00001-seg001_nis_x1dints.fits,seg001,3,199,60783.056114567604,TDB-MID,2056.2993424643114,0.144623508499802,2038,0.8515347326686116,2.827786714826026,199,1.0020643252178993,1.0014538166430011
TOI-2076_b,NIRISS_SOSS,obs10,SOSS_HDU3_ordem_1,jw05959010001_04102_00001-seg001_nis_x1dints.fits,seg001,3,200,60783.05619164062,TDB-MID,2052.827772475818,0.14462504166719023,2038,0.8515347326686116,2.827786714826026,200,1.0003725790960545,0.9997631012189747
TOI-2076_b,NIRISS_SOSS,obs10,SOSS_HDU3_ordem_1,jw05959010001_04102_00001-seg001_nis_x1dints.fits,seg001,3,201,60783.05626871364,TDB-MID,2058.531849069525,0.14463128144553516,2038,0.8515347326686116,2.827786714826026,201,1.0031522578834893,1.0025410864846538
TOI-2076_b,NIRISS_SOSS,obs10,SOSS_HDU3_ordem_1,jw05959010001_04102_00001-seg001_nis_x1dints.fits,seg001,3,202,60783.05634578666,TDB-MID,2054.662394869014,0.14461689582103698,2038,0.8515347326686116,2.827786714826026,202,1.0012666170469027,1.000656594476412
TOI-2076_b,NIRISS_SOSS,obs10,SOSS_HDU3_ordem_1,jw05959010001_04102_00001-seg001_nis_x1dints.fits,seg001,3,203,60783.05642285968,TDB-MID,2045.7009620477118,0.14460021609534168,2038,0.8515347326686116,2.827786714826026,203,0.9968995815926668,0.9962922196423823
TOI-2076_b,NIRISS_SOSS,obs10,SOSS_HDU3_ordem_1,jw05959010001_04102_00001-seg001_nis_x1dints.fits,seg001,3,204,60783.056499932696,TDB-MID,2055.517682849796,0.14461988119078642,2038,0.8515347326686116,2.827786714826026,204,1.0016834112147706,1.001073134712065
TOI-2076_b,NIRISS_SOSS,obs10,SOSS_HDU3_ordem_1,jw05959010001_04102_00001-seg001_nis_x1dints.fits,seg001,3,205,60783.0565770057,TDB-MID,2055.2297649978536,0.14462056865778106,2038,0.8515347326686116,2.827786714826026,205,1.0015431046932117,1.0009329136723784
TOI-2076_b,NIRISS_SOSS,obs10,SOSS_HDU3_ordem_1,jw05959010001_04102_00001-seg001_nis_x1dints.fits,seg001,3,206,60783.05665407872,TDB-MID,2058.5695862792163,0.14462803311611738,2038,0.8515347326686116,2.827786714826026,206,1.003170647770012,1.0025594651671221
TOI-2076_b,NIRISS_SOSS,obs10,SOSS_HDU3_ordem_1,jw05959010001_04102_00001-seg001_nis_x1dints.fits,seg001,3,207,60783.05673115174,TDB-MID,2057.2893222522425,0.14462441937509293,2038,0.8515347326686116,2.827786714826026,207,1.0025467566458954,1.0019359541492239
TOI-2076_b,NIRISS_SOSS,obs10,SOSS_HDU3_ordem_1,jw05959010001_04102_00001-seg001_nis_x1dints.fits,seg001,3,208,60783.056808224756,TDB-MID,2043.8008349804911,0.1445961755720175,2038,0.8515347326686116,2.827786714826026,208,0.9959736222694678,0.9953668244607187
TOI-2076_b,NIRISS_SOSS,obs10,SOSS_HDU3_ordem_1,jw05959010001_04102_00001-seg001_nis_x1dints.fits,seg001,3,209,60783.056885297774,TDB-MID,2043.7689575176757,0.1445970633514872,2038,0.8515347326686116,2.827786714826026,209,0.9959580879221059,0.9953512995776717
TOI-2076_b,NIRISS_SOSS,obs10,SOSS_HDU3_ordem_1,jw05959010001_04102_00001-seg001_nis_x1dints.fits,seg001,3,210,60783.05696237079,TDB-MID,2055.885600816708,0.14462305852816246,2038,0.8515347326686116,2.827786714826026,210,1.0018627029461034,1.0012523172097523
TOI-2076_b,NIRISS_SOSS,obs10,SOSS_HDU3_ordem_1,jw05959010001_04102_00001-seg001_nis_x1dints.fits,seg001,3,211,60783.057039443804,TDB-MID,2051.0495287571393,0.1446136327437059,2038,0.8515347326686116,2.827786714826026,211,0.9995060152863829,0.9988970653640694
TOI-2076_b,NIRISS_SOSS,obs10,SOSS_HDU3_ordem_1,jw05959010001_04102_00001-seg001_nis_x1dints.fits,seg001,3,212,60783.05711651682,TDB-MID,2049.341566662509,0.14460713114641718,2038,0.8515347326686116,2.827786714826026,212,0.9986737007257013,0.9980652578917686
TOI-2076_b,NIRISS_SOSS,obs10,SOSS_HDU3_ordem_1,jw05959010001_04102_00001-seg001_nis_x1dints.fits,seg001,3,213,60783.05719358984,TDB-MID,2056.369883871794,0.14462508680685454,2038,0.8515347326686116,2.827786714826026,213,1.002098701063103,1.0014881715446908
TOI-2076_b,NIRISS_SOSS,obs10,SOSS_HDU3_ordem_1,jw05959010001_04102_00001-seg001_nis_x1dints.fits,seg001,3,214,60783.05727066286,TDB-MID,2057.5128343431047,0.14462697973195401,2038,0.8515347326686116,2.827786714826026,214,1.0026556773112298,1.0020448084545466
TOI-2076_b,NIRISS_SOSS,obs10,SOSS_HDU3_ordem_1,jw05959010001_04102_00001-seg001_nis_x1dints.fits,seg001,3,215,60783.05734773588,TDB-MID,2056.426434704521,0.14462598488989203,2038,0.8515347326686116,2.827786714826026,215,1.0021262590994584,1.0015157127912881
TOI-2076_b,NIRISS_SOSS,obs10,SOSS_HDU3_ordem_1,jw05959010001_04102_00001-seg001_nis_x1dints.fits,seg001,3,216,60783.057424808896,TDB-MID,2052.467186545364,0.14461711984272838,2038,0.8515347326686116,2.827786714826026,216,1.0001968603718288,0.999587489551537
TOI-2076_b,NIRISS_SOSS,obs10,SOSS_HDU3_ordem_1,jw05959010001_04102_00001-seg001_nis_x1dints.fits,seg001,3,217,60783.05750188191,TDB-MID,2057.906437550513,0.14462644765162477,2038,0.8515347326686116,2.827786714826026,217,1.0028474858306853,1.0022365001144924
TOI-2076_b,NIRISS_SOSS,obs10,SOSS_HDU3_ordem_1,jw05959010001_04102_00001-seg001_nis_x1dints.fits,seg001,3,218,60783.05757895492,TDB-MID,2053.6945032132144,0.14461981075747124,2038,0.8515347326686116,2.827786714826026,218,1.0007949494842459,1.0001852142776342
TOI-2076_b,NIRISS_SOSS,obs10,SOSS_HDU3_ordem_1,jw05959010001_04102_00001-seg001_nis_x1dints.fits,seg001,3,219,60783.05765602794,TDB-MID,2045.1647398314376,0.14460044447169912,2038,0.8515347326686116,2.827786714826026,219,0.9966382727733615,0.9960310700257059
TOI-2076_b,NIRISS_SOSS,obs10,SOSS_HDU3_ordem_1,jw05959010001_04102_00001-seg001_nis_x1dints.fits,seg001,3,220,60783.057733100955,TDB-MID,2044.441767229756,0.14460163277764107,2038,0.8515347326686116,2.827786714826026,220,0.9962859577979616,0.9956789696985159
TOI-2076_b,NIRISS_SOSS,obs10,SOSS_HDU3_ordem_1,jw05959010001_04102_00001-seg001_nis_x1dints.fits,seg001,3,221,60783.057810173974,TDB-MID,2051.9677636671713,0.14461596611075503,2038,0.8515347326686116,2.827786714826026,221,0.9999534844006852,0.9993442618574185
TOI-2076_b,NIRISS_SOSS,obs10,SOSS_HDU3_ordem_1,jw05959010001_04102_00001-seg001_nis_x1dints.fits,seg001,3,222,60783.05788724699,TDB-MID,2054.021985833657,0.1446199289564514,2038,0.8515347326686116,2.827786714826026,222,1.0009545364880919,1.0003447040529572
TOI-2076_b,NIRISS_SOSS,obs10,SOSS_HDU3_ordem_1,jw05959010001_04102_00001-seg001_nis_x1dints.fits,seg001,3,223,60783.05796432,TDB-MID,2055.89819980379,0.14462009750779253,2038,0.8515347326686116,2.827786714826026,223,1.001868842614209,1.0012584531372597
TOI-2076_b,NIRISS_SOSS,obs10,SOSS_HDU3_ordem_1,jw05959010001_04102_00001-seg001_nis_x1dints.fits,seg001,3,224,60783.05804139302,TDB-MID,2052.4907249037933,0.14461815595268382,2038,0.8515347326686116,2.827786714826026,224,1.0002083309533583,0.9995989531446043
TOI-2076_b,NIRISS_SOSS,obs10,SOSS_HDU3_ordem_1,jw05959010001_04102_00001-seg001_nis_x1dints.fits,seg001,3,225,60783.05811846604,TDB-MID,2051.5117383624847,0.1446254935174338,2038,0.8515347326686116,2.827786714826026,225,0.9997312566929841,0.9991221695421446
TOI-2076_b,NIRISS_SOSS,obs10,SOSS_HDU3_ordem_1,jw05959010001_04102_00001-seg001_nis_x1dints.fits,seg001,3,226,60783.05819553906,TDB-MID,2053.3994919302663,0.1446181778575648,2038,0.8515347326686116,2.827786714826026,226,1.0006511862314578,1.0000415386127346
TOI-2076_b,NIRISS_SOSS,obs10,SOSS_HDU3_ordem_1,jw05959010001_04102_00001-seg001_nis_x1dints.fits,seg001,3,227,60783.05827261208,TDB-MID,2053.498929783922,0.1446184621868237,2038,0.8515347326686116,2.827786714826026,227,1.0006996437316216,1.000089966590124
TOI-2076_b,NIRISS_SOSS,obs10,SOSS_HDU3_ordem_1,jw05959010001_04102_00001-seg001_nis_x1dints.fits,seg001,3,228,60783.058349685096,TDB-MID,2058.213675579753,0.1446318546245212,2038,0.8515347326686116,2.827786714826026,228,1.0029972073532738,1.0023861304191108
TOI-2076_b,NIRISS_SOSS,obs10,SOSS_HDU3_ordem_1,jw05959010001_04102_00001-seg001_nis_x1dints.fits,seg001,3,229,60783.0584267581,TDB-MID,2054.848533123539,0.1446205671084646,2038,0.8515347326686116,2.827786714826026,229,1.00135732490279,1.0007472470684582
TOI-2076_b,NIRISS_SOSS,obs10,SOSS_HDU3_ordem_1,jw05959010001_04102_00001-seg001_nis_x1dints.fits,seg001,3,230,60783.05850383112,TDB-MID,2054.0354202840554,0.1446301276218285,2038,0.8515347326686116,2.827786714826026,230,1.0009610832895206,1.0003512468657414
TOI-2076_b,NIRISS_SOSS,obs10,SOSS_HDU3_ordem_1,jw05959010001_04102_00001-seg001_nis_x1dints.fits,seg001,3,231,60783.05858090414,TDB-MID,2045.5014638264377,0.14460054412949447,2038,0.8515347326686116,2.827786714826026,231,0.996802363232307,0.9961950605123945
TOI-2076_b,NIRISS_SOSS,obs10,SOSS_HDU3_ordem_1,jw05959010001_04102_00001-seg001_nis_x1dints.fits,seg001,3,232,60783.058657977155,TDB-MID,2056.9439508738833,0.14462427556472743,2038,0.8515347326686116,2.827786714826026,232,1.0023784521923278,1.001767752235293
TOI-2076_b,NIRISS_SOSS,obs10,SOSS_HDU3_ordem_1,jw05959010001_04102_00001-seg001_nis_x1dints.fits,seg001,3,233,60783.058735050174,TDB-MID,2051.831212902633,0.14461270981243715,2038,0.8515347326686116,2.827786714826026,233,0.9998869412438114,0.9992777592420219
TOI-2076_b,NIRISS_SOSS,obs10,SOSS_HDU3_ordem_1,jw05959010001_04102_00001-seg001_nis_x1dints.fits,seg001,3,234,60783.058812123185,TDB-MID,2050.6397134570952,0.14461145798834313,2038,0.8515347326686116,2.827786714826026,234,0.9993063063803779,0.9986974781308915
TOI-2076_b,NIRISS_SOSS,obs10,SOSS_HDU3_ordem_1,jw05959010001_04102_00001-seg001_nis_x1dints.fits,seg001,3,235,60783.0588891962,TDB-MID,2061.5828966415593,0.1446409147223944,2038,0.8515347326686116,2.827786714826026,235,1.0046390773670837,1.0040270001221652
TOI-2076_b,NIRISS_SOSS,obs10,SOSS_HDU3_ordem_1,jw05959010001_04102_00001-seg001_nis_x1dints.fits,seg001,3,236,60783.05896626922,TDB-MID,2058.3759868128172,0.14462750234604946,2038,0.8515347326686116,2.827786714826026,236,1.0030763039579738,1.0024651788341348
TOI-2076_b,NIRISS_SOSS,obs10,SOSS_HDU3_ordem_1,jw05959010001_04102_00001-seg001_nis_x1dints.fits,seg001,3,237,60783.05904334224,TDB-MID,2053.379777645832,0.14461831845023598,2038,0.8515347326686116,2.827786714826026,237,1.0006415791763363,1.0000319374107203
TOI-2076_b,NIRISS_SOSS,obs10,SOSS_HDU3_ordem_1,jw05959010001_04102_00001-seg001_nis_x1dints.fits,seg001,3,238,60783.05912041526,TDB-MID,2054.9440958050363,0.14461936635439857,2038,0.8515347326686116,2.827786714826026,238,1.0014038939756742,1.0007937877690936
TOI-2076_b,NIRISS_SOSS,obs10,SOSS_HDU3_ordem_1,jw05959010001_04102_00001-seg001_nis_x1dints.fits,seg001,3,239,60783.05919748827,TDB-MID,2049.4818017866055,0.1446096316675022,2038,0.8515347326686116,2.827786714826026,239,0.9987420393241229,0.9981335548548389
TOI-2076_b,NIRISS_SOSS,obs10,SOSS_HDU3_ordem_1,jw05959010001_04102_00001-seg001_nis_x1dints.fits,seg001,3,240,60783.05927456129,TDB-MID,2058.243714914105,0.14462813981734657,2038,0.8515347326686116,2.827786714826026,240,1.0030118459541264,1.002400760101383
TOI-2076_b,NIRISS_SOSS,obs10,SOSS_HDU3_ordem_1,jw05959010001_04102_00001-seg001_nis_x1dints.fits,seg001,3,241,60783.05935163431,TDB-MID,2053.759948603408,0.14461643780943678,2038,0.8515347326686116,2.827786714826026,241,1.0008268419667306,1.000217087329596
TOI-2076_b,NIRISS_SOSS,obs10,SOSS_HDU3_ordem_1,jw05959010001_04102_00001-seg001_nis_x1dints.fits,seg001,3,242,60783.05942870732,TDB-MID,2059.126496458036,0.14465776792099252,2038,0.8515347326686116,2.827786714826026,242,1.0034420381318243,1.0028306901841169
TOI-2076_b,NIRISS_SOSS,obs10,SOSS_HDU3_ordem_1,jw05959010001_04102_00001-seg001_nis_x1dints.fits,seg001,3,243,60783.05950578034,TDB-MID,2055.7467210289383,0.14462174282603615,2038,0.8515347326686116,2.827786714826026,243,1.0017950248226202,1.0011846803192255
TOI-2076_b,NIRISS_SOSS,obs10,SOSS_HDU3_ordem_1,jw05959010001_04102_00001-seg001_nis_x1dints.fits,seg001,3,244,60783.059582853355,TDB-MID,2061.765540098322,0.14463400127546538,2038,0.8515347326686116,2.827786714826026,244,1.00472808215762,1.0041159506864545
TOI-2076_b,NIRISS_SOSS,obs10,SOSS_HDU3_ordem_1,jw05959010001_04102_00001-seg001_nis_x1dints.fits,seg001,3,245,60783.059659926366,TDB-MID,2050.457847361691,0.1446144207768626,2038,0.8515347326686116,2.827786714826026,245,0.9992176804092424,0.9986089061552073
TOI-2076_b,NIRISS_SOSS,obs10,SOSS_HDU3_ordem_1,jw05959010001_04102_00001-seg001_nis_x1dints.fits,seg001,3,246,60783.059736999385,TDB-MID,2054.206885396303,0.1446250746271363,2038,0.8515347326686116,2.827786714826026,246,1.0010446407115625,1.0004347533803502
TOI-2076_b,NIRISS_SOSS,obs10,SOSS_HDU3_ordem_1,jw05959010001_04102_00001-seg001_nis_x1dints.fits,seg001,3,247,60783.0598140724,TDB-MID,2049.6884966283956,0.14463596947817442,2038,0.8515347326686116,2.827786714826026,247,0.9988427647014486,0.9982342188651395
TOI-2076_b,NIRISS_SOSS,obs10,SOSS_HDU3_ordem_1,jw05959010001_04102_00001-seg001_nis_x1dints.fits,seg001,3,248,60783.05989114542,TDB-MID,2052.865715455585,0.14461625889698118,2038,0.8515347326686116,2.827786714826026,248,1.0003910692573026,0.9997815801150758
TOI-2076_b,NIRISS_SOSS,obs10,SOSS_HDU3_ordem_1,jw05959010001_04102_00001-seg001_nis_x1dints.fits,seg001,3,249,60783.05996821844,TDB-MID,2054.427065613944,0.1446188970050904,2038,0.8515347326686116,2.827786714826026,249,1.0011519377070244,1.0005419850050228
TOI-2076_b,NIRISS_SOSS,obs10,SOSS_HDU3_ordem_1,jw05959010001_04102_00001-seg001_nis_x1dints.fits,seg001,3,250,60783.06004529145,TDB-MID,2049.575084446932,0.14461413788387192,2038,0.8515347326686116,2.827786714826026,250,0.9987874973098083,0.9981789851452064
TOI-2076_b,NIRISS_SOSS,obs10,SOSS_HDU3_ordem_1,jw05959010001_04102_00001-seg001_nis_x1dints.fits,seg001,3,251,60783.06012236447,TDB-MID,2051.4151458099022,0.14461436984845297,2038,0.8515347326686116,2.827786714826026,251,0.9996841857490676,0.9990751272762423
TOI-2076_b,NIRISS_SOSS,obs10,SOSS_HDU3_ordem_1,jw05959010001_04102_00001-seg001_nis_x1dints.fits,seg001,3,252,60783.06019943749,TDB-MID,2053.450014716763,0.14461883191589858,2038,0.8515347326686116,2.827786714826026,252,1.0006758067139494,1.0000661440951757
TOI-2076_b,NIRISS_SOSS,obs10,SOSS_HDU3_ordem_1,jw05959010001_04102_00001-seg001_nis_x1dints.fits,seg001,3,253,60783.0602765105,TDB-MID,2048.4999473520393,0.14460769523561923,2038,0.8515347326686116,2.827786714826026,253,0.9982635674980042,0.9976553745381026
TOI-2076_b,NIRISS_SOSS,obs10,SOSS_HDU3_ordem_1,jw05959010001_04102_00001-seg001_nis_x1dints.fits,seg001,3,254,60783.06035358352,TDB-MID,2052.6331117721147,0.14461684638062924,2038,0.8515347326686116,2.827786714826026,254,1.0002777181277729,0.9996682980448217
TOI-2076_b,NIRISS_SOSS,obs10,SOSS_HDU3_ordem_1,jw05959010001_04102_00001-seg001_nis_x1dints.fits,seg001,3,255,60783.06043065653,TDB-MID,2051.629186757997,0.14461613214566174,2038,0.8515347326686116,2.827786714826026,255,0.9997884909899402,0.9991793689690547
TOI-2076_b,NIRISS_SOSS,obs10,SOSS_HDU3_ordem_1,jw05959010001_04102_00001-seg001_nis_x1dints.fits,seg001,3,256,60783.06050772955,TDB-MID,2056.9145529192874,0.14462775961890315,2038,0.8515347326686116,2.827786714826026,256,1.0023641261450804,1.0017534349162025
TOI-2076_b,NIRISS_SOSS,obs10,SOSS_HDU3_ordem_1,jw05959010001_04102_00001-seg001_nis_x1dints.fits,seg001,3,257,60783.060584802566,TDB-MID,2052.3515877038876,0.14461493042579723,2038,0.8515347326686116,2.827786714826026,257,1.0001405273892288,0.9995311908898562
TOI-2076_b,NIRISS_SOSS,obs10,SOSS_HDU3_ordem_1,jw05959010001_04102_00001-seg001_nis_x1dints.fits,seg001,3,258,60783.060661875585,TDB-MID,2043.7714538186844,0.14459620923581662,2038,0.8515347326686116,2.827786714826026,258,0.9959593044055888,0.9953525153200108
TOI-2076_b,NIRISS_SOSS,obs10,SOSS_HDU3_ordem_1,jw05959010001_04102_00001-seg001_nis_x1dints.fits,seg001,3,259,60783.0607389486,TDB-MID,2049.5704454314455,0.1446121825163376,2038,0.8515347326686116,2.827786714826026,259,0.9987852366506585,0.9981767258633651
TOI-2076_b,NIRISS_SOSS,obs10,SOSS_HDU3_ordem_1,jw05959010001_04102_00001-seg001_nis_x1dints.fits,seg001,3,260,60783.060816021614,TDB-MID,2052.872212886116,0.1446166297389826,2038,0.8515347326686116,2.827786714826026,260,1.0003942355489053,0.9997847444776126
TOI-2076_b,NIRISS_SOSS,obs10,SOSS_HDU3_ordem_1,jw05959010001_04102_00001-seg001_nis_x1dints.fits,seg001,3,261,60783.06089309463,TDB-MID,2050.7274752739886,0.1446096211783693,2038,0.8515347326686116,2.827786714826026,261,0.9993490739794375,0.9987402196737537
TOI-2076_b,NIRISS_SOSS,obs10,SOSS_HDU3_ordem_1,jw05959010001_04102_00001-seg001_nis_x1dints.fits,seg001,3,262,60783.06097016765,TDB-MID,2054.980867442692,0.1446192896028123,2038,0.8515347326686116,2.827786714826026,262,1.001421813325019,1.0008116962010587
TOI-2076_b,NIRISS_SOSS,obs10,SOSS_HDU3_ordem_1,jw05959010001_04102_00001-seg001_nis_x1dints.fits,seg001,3,263,60783.06104724067,TDB-MID,2046.0445740329194,0.14459970228868768,2038,0.8515347326686116,2.827786714826026,263,0.997067028668578,0.9964595647010148
TOI-2076_b,NIRISS_SOSS,obs10,SOSS_HDU3_ordem_1,jw05959010001_04102_00001-seg001_nis_x1dints.fits,seg001,3,264,60783.06112431369,TDB-MID,2048.4452887733646,0.14460941818161333,2038,0.8515347326686116,2.827786714826026,264,0.9982369315843382,0.9976287548523907
TOI-2076_b,NIRISS_SOSS,obs10,SOSS_HDU3_ordem_1,jw05959010001_04102_00001-seg001_nis_x1dints.fits,seg001,3,265,60783.0612013867,TDB-MID,2050.39889143132,0.1446100447079713,2038,0.8515347326686116,2.827786714826026,265,0.999188950334119,0.9985801935839076
TOI-2076_b,NIRISS_SOSS,obs10,SOSS_HDU3_ordem_1,jw05959010001_04102_00001-seg001_nis_x1dints.fits,seg001,3,266,60783.06127845971,TDB-MID,2050.954868883721,0.1446110657417079,2038,0.8515347326686116,2.827786714826026,266,0.9994598861648959,0.9988509643467902
TOI-2076_b,NIRISS_SOSS,obs10,SOSS_HDU3_ordem_1,jw05959010001_04102_00001-seg001_nis_x1dints.fits,seg001,3,267,60783.06135553273,TDB-MID,2047.2883179738387,0.14460292224352853,2038,0.8515347326686116,2.827786714826026,267,0.9976731230280732,0.9970652897969863
TOI-2076_b,NIRISS_SOSS,obs10,SOSS_HDU3_ordem_1,jw05959010001_04102_00001-seg001_nis_x1dints.fits,seg001,3,268,60783.06143260575,TDB-MID,2057.1220506221134,0.14462289959653352,2038,0.8515347326686116,2.827786714826026,268,1.0024652427681677,1.001854489933898
TOI-2076_b,NIRISS_SOSS,obs10,SOSS_HDU3_ordem_1,jw05959010001_04102_00001-seg001_nis_x1dints.fits,seg001,3,269,60783.06150967876,TDB-MID,2058.1834927359982,0.14462536269723644,2038,0.8515347326686116,2.827786714826026,269,1.0029824988182199,1.002371430845245
TOI-2076_b,NIRISS_SOSS,obs10,SOSS_HDU3_ordem_1,jw05959010001_04102_00001-seg001_nis_x1dints.fits,seg001,3,270,60783.06158675178,TDB-MID,2055.4698209113903,0.14462406394019786,2038,0.8515347326686116,2.827786714826026,270,1.0016600874019277,1.0010498251092759
TOI-2076_b,NIRISS_SOSS,obs10,SOSS_HDU3_ordem_1,jw05959010001_04102_00001-seg001_nis_x1dints.fits,seg001,3,271,60783.061663824796,TDB-MID,2055.9413782030715,0.14462133714729775,2038,0.8515347326686116,2.827786714826026,271,1.0018898840708912,1.001279481774416
TOI-2076_b,NIRISS_SOSS,obs10,SOSS_HDU3_ordem_1,jw05959010001_04102_00001-seg001_nis_x1dints.fits,seg001,3,272,60783.061740897814,TDB-MID,2050.6913567333904,0.14461254141687893,2038,0.8515347326686116,2.827786714826026,272,0.9993314728937079,0.9987226293115011
TOI-2076_b,NIRISS_SOSS,obs10,SOSS_HDU3_ordem_1,jw05959010001_04102_00001-seg001_nis_x1dints.fits,seg001,3,273,60783.06181797083,TDB-MID,2060.647256681733,0.14463396359300876,2038,0.8515347326686116,2.827786714826026,273,1.0041831265210035,1.0035713270645408
TOI-2076_b,NIRISS_SOSS,obs10,SOSS_HDU3_ordem_1,jw05959010001_04102_00001-seg001_nis_x1dints.fits,seg001,3,274,60783.061895043844,TDB-MID,2048.6127002183375,0.14460770117835545,2038,0.8515347326686116,2.827786714826026,274,0.9983185135958559,0.9977102871599957
TOI-2076_b,NIRISS_SOSS,obs10,SOSS_HDU3_ordem_1,jw05959010001_04102_00001-seg001_nis_x1dints.fits,seg001,3,275,60783.06197211686,TDB-MID,2052.9565505988767,0.14461897338189914,2038,0.8515347326686116,2.827786714826026,275,1.0004353345326393,0.9998258184217543
TOI-2076_b,NIRISS_SOSS,obs10,SOSS_HDU3_ordem_1,jw05959010001_04102_00001-seg001_nis_x1dints.fits,seg001,3,276,60783.06204918988,TDB-MID,2052.680263281779,0.14461760077833558,2038,0.8515347326686116,2.827786714826026,276,1.0003006957384442,0.9996912616563634
TOI-2076_b,NIRISS_SOSS,obs10,SOSS_HDU3_ordem_1,jw05959010001_04102_00001-seg001_nis_x1dints.fits,seg001,3,277,60783.0621262629,TDB-MID,2059.272643762123,0.14462907929010374,2038,0.8515347326686116,2.827786714826026,277,1.0035132578208201,1.0029018664824543
TOI-2076_b,NIRISS_SOSS,obs10,SOSS_HDU3_ordem_1,jw05959010001_04102_00001-seg001_nis_x1dints.fits,seg001,3,278,60783.0622033359,TDB-MID,2050.1682783842143,0.14461479034400523,2038,0.8515347326686116,2.827786714826026,278,0.9990765692703983,0.9984678809884492
TOI-2076_b,NIRISS_SOSS,obs10,SOSS_HDU3_ordem_1,jw05959010001_04102_00001-seg001_nis_x1dints.fits,seg001,3,279,60783.06228040892,TDB-MID,2056.739249594953,0.14462349844517283,2038,0.8515347326686116,2.827786714826026,279,1.0022786983069345,1.0016680591250424
TOI-2076_b,NIRISS_SOSS,obs10,SOSS_HDU3_ordem_1,jw05959010001_04102_00001-seg001_nis_x1dints.fits,seg001,3,280,60783.06235748194,TDB-MID,2047.5014667481125,0.14462286168643138,2038,0.8515347326686116,2.827786714826026,280,0.9977769934997759,0.9971690969855124
TOI-2076_b,NIRISS_SOSS,obs10,SOSS_HDU3_ordem_1,jw05959010001_04102_00001-seg001_nis_x1dints.fits,seg001,3,281,60783.06243455496,TDB-MID,2046.467502176617,0.14460504217267406,2038,0.8515347326686116,2.827786714826026,281,0.9972731276524069,0.9966655381188558
TOI-2076_b,NIRISS_SOSS,obs10,SOSS_HDU3_ordem_1,jw05959010001_04102_00001-seg001_nis_x1dints.fits,seg001,3,282,60783.06251162798,TDB-MID,2054.3670744965684,0.1446207872520695,2038,0.8515347326686116,2.827786714826026,282,1.0011227031703447,1.0005127682795103
TOI-2076_b,NIRISS_SOSS,obs10,SOSS_HDU3_ordem_1,jw05959010001_04102_00001-seg001_nis_x1dints.fits,seg001,3,283,60783.06258870099,TDB-MID,2050.1580755502,0.14461246673947598,2038,0.8515347326686116,2.827786714826026,283,0.9990715972822395,0.9984629120294785
TOI-2076_b,NIRISS_SOSS,obs10,SOSS_HDU3_ordem_1,jw05959010001_04102_00001-seg001_nis_x1dints.fits,seg001,3,284,60783.06266577401,TDB-MID,2059.49898988407,0.14466596693967734,2038,0.8515347326686116,2.827786714826026,284,1.003623559550374,1.0030121010105821
TOI-2076_b,NIRISS_SOSS,obs10,SOSS_HDU3_ordem_1,jw05959010001_04102_00001-seg001_nis_x1dints.fits,seg001,3,285,60783.062742847025,TDB-MID,2051.8338875685013,0.14461510482792728,2038,0.8515347326686116,2.827786714826026,285,0.9998882446470626,0.9992790618511735
TOI-2076_b,NIRISS_SOSS,obs10,SOSS_HDU3_ordem_1,jw05959010001_04102_00001-seg001_nis_x1dints.fits,seg001,3,286,60783.062819920044,TDB-MID,2053.0386372000853,0.14461707523739253,2038,0.8515347326686116,2.827786714826026,286,1.0004753365172487,0.9998657960351194
TOI-2076_b,NIRISS_SOSS,obs10,SOSS_HDU3_ordem_1,jw05959010001_04102_00001-seg001_nis_x1dints.fits,seg001,3,287,60783.062896993055,TDB-MID,2060.026555728362,0.1446337528229998,2038,0.8515347326686116,2.827786714826026,287,1.0038806499947717,1.0032690348223994
TOI-2076_b,NIRISS_SOSS,obs10,SOSS_HDU3_ordem_1,jw05959010001_04102_00001-seg001_nis_x1dints.fits,seg001,3,288,60783.06297406607,TDB-MID,2053.0603307737406,0.14461540791775906,2038,0.8515347326686116,2.827786714826026,288,1.0004859081085524,0.9998763611856716
TOI-2076_b,NIRISS_SOSS,obs10,SOSS_HDU3_ordem_1,jw05959010001_04102_00001-seg001_nis_x1dints.fits,seg001,3,289,60783.06305113909,TDB-MID,2053.197142142445,0.14461786159143486,2038,0.8515347326686116,2.827786714826026,289,1.0005525782615947,0.9999429907198644
TOI-2076_b,NIRISS_SOSS,obs10,SOSS_HDU3_ordem_1,jw05959010001_04102_00001-seg001_nis_x1dints.fits,seg001,3,290,60783.0631282121,TDB-MID,2069.2649858050254,0.1446493035960558,2038,0.8515347326686116,2.827786714826026,290,1.0083826702063572,1.007768312174196
TOI-2076_b,NIRISS_SOSS,obs10,SOSS_HDU3_ordem_1,jw05959010001_04102_00001-seg001_nis_x1dints.fits,seg001,3,291,60783.06320528512,TDB-MID,2049.278749937823,0.1446085202880401,2038,0.8515347326686116,2.827786714826026,291,0.9986430892298284,0.9980346650459766
TOI-2076_b,NIRISS_SOSS,obs10,SOSS_HDU3_ordem_1,jw05959010001_04102_00001-seg001_nis_x1dints.fits,seg001,3,292,60783.06328235813,TDB-MID,2048.318245867016,0.14460562238098498,2038,0.8515347326686116,2.827786714826026,292,0.9981750217438811,0.9975668827305584
TOI-2076_b,NIRISS_SOSS,obs10,SOSS_HDU3_ordem_1,jw05959010001_04102_00001-seg001_nis_x1dints.fits,seg001,3,293,60783.06335943115,TDB-MID,2049.2905633316664,0.14460970382764532,2038,0.8515347326686116,2.827786714826026,293,0.9986488460670193,0.9980404183758094
TOI-2076_b,NIRISS_SOSS,obs10,SOSS_HDU3_ordem_1,jw05959010001_04102_00001-seg001_nis_x1dints.fits,seg001,3,294,60783.06343650417,TDB-MID,2052.667153059062,0.14461576788747607,2038,0.8515347326686116,2.827786714826026,294,1.0002943069378405,0.9996848767481422
TOI-2076_b,NIRISS_SOSS,obs10,SOSS_HDU3_ordem_1,jw05959010001_04102_00001-seg001_nis_x1dints.fits,seg001,3,295,60783.06351357719,TDB-MID,2058.250091602692,0.144628508705009,2038,0.8515347326686116,2.827786714826026,295,1.0030149534064383,1.002403865660477
TOI-2076_b,NIRISS_SOSS,obs10,SOSS_HDU3_ordem_1,jw05959010001_04102_00001-seg001_nis_x1dints.fits,seg001,3,296,60783.0635906502,TDB-MID,2061.1526357363896,0.14463136561401932,2038,0.8515347326686116,2.827786714826026,296,1.0044294050228373,1.0038174555209798
TOI-2076_b,NIRISS_SOSS,obs10,SOSS_HDU3_ordem_1,jw05959010001_04102_00001-seg001_nis_x1dints.fits,seg001,3,297,60783.06366772322,TDB-MID,2053.3092501442206,0.14461723653701944,2038,0.8515347326686116,2.827786714826026,297,1.0006072101076644,0.9999975892814337
TOI-2076_b,NIRISS_SOSS,obs10,SOSS_HDU3_ordem_1,jw05959010001_04102_00001-seg001_nis_x1dints.fits,seg001,3,298,60783.063744796236,TDB-MID,2053.6551577071878,0.1446171886576172,2038,0.8515347326686116,2.827786714826026,298,1.0007757758517244,1.0001660523266651
TOI-2076_b,NIRISS_SOSS,obs10,SOSS_HDU3_ordem_1,jw05959010001_04102_00001-seg001_nis_x1dints.fits,seg001,3,299,60783.063821869255,TDB-MID,2061.826657967245,0.14463272862199025,2038,0.8515347326686116,2.827786714826026,299,1.0047578657765788,1.004145716159717
TOI-2076_b,NIRISS_SOSS,obs10,SOSS_HDU3_ordem_1,jw05959010001_04102_00001-seg001_nis_x1dints.fits,seg001,3,300,60783.063898942266,TDB-MID,2050.4649184007594,0.14461348024023735,2038,0.8515347326686116,2.827786714826026,300,0.9992211262285577,0.9986123498751541
TOI-2076_b,NIRISS_SOSS,obs10,SOSS_HDU3_ordem_1,jw05959010001_04102_00001-seg001_nis_x1dints.fits,seg001,3,301,60783.063976015284,TDB-MID,2052.532491714669,0.14461517203811705,2038,0.8515347326686116,2.827786714826026,301,1.0002286845226525,0.9996192943134686
TOI-2076_b,NIRISS_SOSS,obs10,SOSS_HDU3_ordem_1,jw05959010001_04102_00001-seg001_nis_x1dints.fits,seg001,3,302,60783.064053088296,TDB-MID,2052.5792927391303,0.14461477102160755,2038,0.8515347326686116,2.827786714826026,302,1.0002514913368297,0.9996420872325741
TOI-2076_b,NIRISS_SOSS,obs10,SOSS_HDU3_ordem_1,jw05959010001_04102_00001-seg001_nis_x1dints.fits,seg001,3,303,60783.064130161314,TDB-MID,2057.6036642495346,0.1446270763630189,2038,0.8515347326686116,2.827786714826026,303,1.0026999400345682,1.0020890442107817
TOI-2076_b,NIRISS_SOSS,obs10,SOSS_HDU3_ordem_1,jw05959010001_04102_00001-seg001_nis_x1dints.fits,seg001,3,304,60783.064207234325,TDB-MID,2049.843504889611,0.1446101728177375,2038,0.8515347326686116,2.827786714826026,304,0.9989183024626443,0.9983097106048875
TOI-2076_b,NIRISS_SOSS,obs10,SOSS_HDU3_ordem_1,jw05959010001_04102_00001-seg001_nis_x1dints.fits,seg001,3,305,60783.064284307344,TDB-MID,2058.925138279431,0.14462936140122226,2038,0.8515347326686116,2.827786714826026,305,1.0033439133874333,1.002732625222313
TOI-2076_b,NIRISS_SOSS,obs10,SOSS_HDU3_ordem_1,jw05959010001_04102_00001-seg001_nis_x1dints.fits,seg001,3,306,60783.06436138036,TDB-MID,2057.8059073693753,0.14463070368460923,2038,0.8515347326686116,2.827786714826026,306,1.0027984960235858,1.0021875401544762
TOI-2076_b,NIRISS_SOSS,obs10,SOSS_HDU3_ordem_1,jw05959010001_04102_00001-seg001_nis_x1dints.fits,seg001,3,307,60783.06443845338,TDB-MID,2052.8013796343644,0.14463674808458574,2038,0.8515347326686116,2.827786714826026,307,1.0003597174837806,0.9997502474426494
TOI-2076_b,NIRISS_SOSS,obs10,SOSS_HDU3_ordem_1,jw05959010001_04102_00001-seg001_nis_x1dints.fits,seg001,3,308,60783.06451552639,TDB-MID,2050.564718640285,0.144611716949769,2038,0.8515347326686116,2.827786714826026,308,0.9992697603245823,0.9986609543408128
TOI-2076_b,NIRISS_SOSS,obs10,SOSS_HDU3_ordem_1,jw05959010001_04102_00001-seg001_nis_x1dints.fits,seg001,3,309,60783.06459259941,TDB-MID,2047.5437246323813,0.14460843898776726,2038,0.8515347326686116,2.827786714826026,309,0.9977975863762167,0.9971896773157252
TOI-2076_b,NIRISS_SOSS,obs10,SOSS_HDU3_ordem_1,jw05959010001_04102_00001-seg001_nis_x1dints.fits,seg001,3,310,60783.06466967243,TDB-MID,2056.232566898824,0.14467750451319147,2038,0.8515347326686116,2.827786714826026,310,1.0020317845218105,1.00142129577236
TOI-2076_b,NIRISS_SOSS,obs10,SOSS_HDU3_ordem_1,jw05959010001_04102_00001-seg001_nis_x1dints.fits,seg001,3,311,60783.06474674545,TDB-MID,2052.1133793636973,0.14461801839940433,2038,0.8515347326686116,2.827786714826026,311,1.0000244450296496,0.9994151792535572
TOI-2076_b,NIRISS_SOSS,obs10,SOSS_HDU3_ordem_1,jw05959010001_04102_00001-seg001_nis_x1dints.fits,seg001,3,312,60783.06482381846,TDB-MID,2056.41123225718,0.1446253422498014,2038,0.8515347326686116,2.827786714826026,312,1.0021188507276217,1.0015083089330086
TOI-2076_b,NIRISS_SOSS,obs10,SOSS_HDU3_ordem_1,jw05959010001_04102_00001-seg001_nis_x1dints.fits,seg001,3,313,60783.06490089148,TDB-MID,2059.4871843986857,0.14464279425549786,2038,0.8515347326686116,2.827786714826026,313,1.0036178065670893,1.0030063515323075
TOI-2076_b,NIRISS_SOSS,obs10,SOSS_HDU3_ordem_1,jw05959010001_04102_00001-seg001_nis_x1dints.fits,seg001,3,314,60783.064977964495,TDB-MID,2053.8268414425,0.14462132587586007,2038,0.8515347326686116,2.827786714826026,314,1.0008594398119386,1.0002496653145379
TOI-2076_b,NIRISS_SOSS,obs10,SOSS_HDU3_ordem_1,jw05959010001_04102_00001-seg001_nis_x1dints.fits,seg001,3,315,60783.06505503751,TDB-MID,2058.499291334555,0.14463057622069833,2038,0.8515347326686116,2.827786714826026,315,1.0031363920296956,1.0025252302971457
TOI-2076_b,NIRISS_SOSS,obs10,SOSS_HDU3_ordem_1,jw05959010001_04102_00001-seg001_nis_x1dints.fits,seg001,3,316,60783.06513211052,TDB-MID,2053.3698399124373,0.14462101790862755,2038,0.8515347326686116,2.827786714826026,316,1.0006367363755329,1.0000270975603973
TOI-2076_b,NIRISS_SOSS,obs10,SOSS_HDU3_ordem_1,jw05959010001_04102_00001-seg001_nis_x1dints.fits,seg001,3,317,60783.065209183536,TDB-MID,2054.968811217661,0.144621347064524,2038,0.8515347326686116,2.827786714826026,317,1.0014159381526881,1.000805824608182
TOI-2076_b,NIRISS_SOSS,obs10,SOSS_HDU3_ordem_1,jw05959010001_04102_00001-seg001_nis_x1dints.fits,seg001,3,318,60783.065286256555,TDB-MID,2056.0069996490165,0.14462588326286213,2038,0.8515347326686116,2.827786714826026,318,1.0019218623478827,1.0013114405686139
TOI-2076_b,NIRISS_SOSS,obs10,SOSS_HDU3_ordem_1,jw05959010001_04102_00001-seg001_nis_x1dints.fits,seg001,3,319,60783.06536332957,TDB-MID,2051.942202718871,0.1446153152043854,2038,0.8515347326686116,2.827786714826026,319,0.9999410281819424,0.9993318132276381
TOI-2076_b,NIRISS_SOSS,obs10,SOSS_HDU3_ordem_1,jw05959010001_04102_00001-seg001_nis_x1dints.fits,seg001,3,320,60783.065440402584,TDB-MID,2057.215564257633,0.14462361608862173,2038,0.8515347326686116,2.827786714826026,320,1.0025108133113958,1.0019000327132324
TOI-2076_b,NIRISS_SOSS,obs10,SOSS_HDU3_ordem_1,jw05959010001_04102_00001-seg001_nis_x1dints.fits,seg001,3,321,60783.0655174756,TDB-MID,2057.319169856307,0.1446285350042903,2038,0.8515347326686116,2.827786714826026,321,1.0025613018138135,1.0019504904554855
TOI-2076_b,NIRISS_SOSS,obs10,SOSS_HDU3_ordem_1,jw05959010001_04102_00001-seg001_nis_x1dints.fits,seg001,3,322,60783.06559454862,TDB-MID,2052.784040196096,0.14462141181595745,2038,0.8515347326686116,2.827786714826026,322,1.0003512677254456,0.9997418028323373
TOI-2076_b,NIRISS_SOSS,obs10,SOSS_HDU3_ordem_1,jw05959010001_04102_00001-seg001_nis_x1dints.fits,seg001,3,323,60783.06567162164,TDB-MID,2043.1994087463722,0.1445964600117164,2038,0.8515347326686116,2.827786714826026,323,0.9956805385919044,0.9950739193446445
TOI-2076_b,NIRISS_SOSS,obs10,SOSS_HDU3_ordem_1,jw05959010001_04102_00001-seg001_nis_x1dints.fits,seg001,3,324,60783.06574869465,TDB-MID,2043.6719319640044,0.14459548905285813,2038,0.8515347326686116,2.827786714826026,324,0.9959108059705143,0.9953040464326507
TOI-2076_b,NIRISS_SOSS,obs10,SOSS_HDU3_ordem_1,jw05959010001_04102_00001-seg001_nis_x1dints.fits,seg001,3,325,60783.06582576767,TDB-MID,2059.598906325357,0.14463082606234695,2038,0.8515347326686116,2.827786714826026,325,1.003672250273193,1.003060762068535
TOI-2076_b,NIRISS_SOSS,obs10,SOSS_HDU3_ordem_1,jw05959010001_04102_00001-seg001_nis_x1dints.fits,seg001,3,326,60783.06590284068,TDB-MID,2052.0944597747502,0.1446138593825264,2038,0.8515347326686116,2.827786714826026,326,1.0000152252411003,0.9994059650821722
TOI-2076_b,NIRISS_SOSS,obs10,SOSS_HDU3_ordem_1,jw05959010001_04102_00001-seg001_nis_x1dints.fits,seg001,3,327,60783.0659799137,TDB-MID,2055.539090205549,0.14462234917789785,2038,0.8515347326686116,2.827786714826026,327,1.0016938433279625,1.001083560469483
TOI-2076_b,NIRISS_SOSS,obs10,SOSS_HDU3_ordem_1,jw05959010001_04102_00001-seg001_nis_x1dints.fits,seg001,3,328,60783.06605698671,TDB-MID,2055.6771348784428,0.14461980957815346,2038,0.8515347326686116,2.827786714826026,328,1.0017611144879228,1.0011507906444295
TOI-2076_b,NIRISS_SOSS,obs10,SOSS_HDU3_ordem_1,jw05959010001_04102_00001-seg001_nis_x1dints.fits,seg001,3,329,60783.06613405973,TDB-MID,2056.817123284647,0.14462211615514017,2038,0.8515347326686116,2.827786714826026,329,1.0023166472790048,1.001705984976668
TOI-2076_b,NIRISS_SOSS,obs10,SOSS_HDU3_ordem_1,jw05959010001_04102_00001-seg001_nis_x1dints.fits,seg001,3,330,60783.06621113275,TDB-MID,2052.6845078353094,0.14462207150240108,2038,0.8515347326686116,2.827786714826026,330,1.0003027641705937,0.999693328828319
TOI-2076_b,NIRISS_SOSS,obs10,SOSS_HDU3_ordem_1,jw05959010001_04102_00001-seg001_nis_x1dints.fits,seg001,3,331,60783.06628820576,TDB-MID,2046.330379185868,0.14460399718678574,2038,0.8515347326686116,2.827786714826026,331,0.9972063056414481,0.9965987568192661
TOI-2076_b,NIRISS_SOSS,obs10,SOSS_HDU3_ordem_1,jw05959010001_04102_00001-seg001_nis_x1dints.fits,seg001,3,332,60783.06636527878,TDB-MID,2052.5441696683993,0.14461450831983133,2038,0.8515347326686116,2.827786714826026,332,1.0002343753579228,0.9996249816815925
TOI-2076_b,NIRISS_SOSS,obs10,SOSS_HDU3_ordem_1,jw05959010001_04102_00001-seg001_nis_x1dints.fits,seg001,3,333,60783.066442351796,TDB-MID,2056.833646305006,0.14462507141983272,2038,0.8515347326686116,2.827786714826026,333,1.0023246991851182,1.0017140319771505
TOI-2076_b,NIRISS_SOSS,obs10,SOSS_HDU3_ordem_1,jw05959010001_04102_00001-seg001_nis_x1dints.fits,seg001,3,334,60783.066519424814,TDB-MID,2051.0357562196086,0.1446107143049163,2038,0.8515347326686116,2.827786714826026,334,0.9994993037302188,0.9988903578969267
TOI-2076_b,NIRISS_SOSS,obs10,SOSS_HDU3_ordem_1,jw05959010001_04102_00001-seg001_nis_x1dints.fits,seg001,3,335,60783.066596497825,TDB-MID,2054.4931639270058,0.14461865627412446,2038,0.8515347326686116,2.827786714826026,335,1.0011841483682393,1.0005741760418638
TOI-2076_b,NIRISS_SOSS,obs10,SOSS_HDU3_ordem_1,jw05959010001_04102_00001-seg001_nis_x1dints.fits,seg001,3,336,60783.066673570844,TDB-MID,2061.2166416224513,0.14463497163463004,2038,0.8515347326686116,2.827786714826026,336,1.0044605960141983,1.0038486275092018
TOI-2076_b,NIRISS_SOSS,obs10,SOSS_HDU3_ordem_1,jw05959010001_04102_00001-seg001_nis_x1dints.fits,seg001,3,337,60783.06675064386,TDB-MID,2042.1951895515188,0.14459322111052333,2038,0.8515347326686116,2.827786714826026,337,0.9951911680955564,0.9945848469977036
TOI-2076_b,NIRISS_SOSS,obs10,SOSS_HDU3_ordem_1,jw05959010001_04102_00001-seg001_nis_x1dints.fits,seg001,3,338,60783.06682771688,TDB-MID,2048.741607738192,0.1446086055883116,2038,0.8515347326686116,2.827786714826026,338,0.9983813320893656,0.9977730673812828
TOI-2076_b,NIRISS_SOSS,obs10,SOSS_HDU3_ordem_1,jw05959010001_04102_00001-seg001_nis_x1dints.fits,seg001,3,339,60783.066904789885,TDB-MID,2064.6574210208114,0.14464150507756393,2038,0.8515347326686116,2.827786714826026,339,1.006137337437414,1.005524347376225
TOI-2076_b,NIRISS_SOSS,obs10,SOSS_HDU3_ordem_1,jw05959010001_04102_00001-seg001_nis_x1dints.fits,seg001,3,340,60783.0669818629,TDB-MID,2052.194950146969,0.14462301642650968,2038,0.8515347326686116,2.827786714826026,340,1.0000641956487393,0.9994549056545471
TOI-2076_b,NIRISS_SOSS,obs10,SOSS_HDU3_ordem_1,jw05959010001_04102_00001-seg001_nis_x1dints.fits,seg001,3,341,60783.06705893592,TDB-MID,2047.5742778410627,0.14460562477999955,2038,0.8515347326686116,2.827786714826026,341,0.9978124753954409,0.9972045572638011
TOI-2076_b,NIRISS_SOSS,obs10,SOSS_HDU3_ordem_1,jw05959010001_04102_00001-seg001_nis_x1dints.fits,seg001,3,342,60783.06713600893,TDB-MID,2055.1575116638514,0.14462509994062897,2038,0.8515347326686116,2.827786714826026,342,1.001507894601526,1.000897725032472
TOI-2076_b,NIRISS_SOSS,obs10,SOSS_HDU3_ordem_1,jw05959010001_04102_00001-seg001_nis_x1dints.fits,seg001,3,343,60783.06721308195,TDB-MID,2052.4671533680785,0.1446157377314642,2038,0.8515347326686116,2.827786714826026,343,1.0001968442040592,0.9995874733936175
TOI-2076_b,NIRISS_SOSS,obs10,SOSS_HDU3_ordem_1,jw05959010001_04102_00001-seg001_nis_x1dints.fits,seg001,3,344,60783.06729015497,TDB-MID,2049.6197511759497,0.14461062796138222,2038,0.8515347326686116,2.827786714826026,344,0.9988092640510353,0.998200738625027
TOI-2076_b,NIRISS_SOSS,obs10,SOSS_HDU3_ordem_1,jw05959010001_04102_00001-seg001_nis_x1dints.fits,seg001,3,345,60783.06736722799,TDB-MID,2051.8723706208957,0.14461678729125785,2038,0.8515347326686116,2.827786714826026,345,0.9999069979934911,0.9992978037721092
TOI-2076_b,NIRISS_SOSS,obs10,SOSS_HDU3_ordem_1,jw05959010001_04102_00001-seg001_nis_x1dints.fits,seg001,3,346,60783.067444301,TDB-MID,2056.978806633692,0.1446302412481084,2038,0.8515347326686116,2.827786714826026,346,1.002395437906767,1.0017847276011707
TOI-2076_b,NIRISS_SOSS,obs10,SOSS_HDU3_ordem_1,jw05959010001_04102_00001-seg001_nis_x1dints.fits,seg001,3,347,60783.06752137402,TDB-MID,2046.1345553122596,0.14460091259867527,2038,0.8515347326686116,2.827786714826026,347,0.9971108778436968,0.9965033871609849
TOI-2076_b,NIRISS_SOSS,obs10,SOSS_HDU3_ordem_1,jw05959010001_04102_00001-seg001_nis_x1dints.fits,seg001,3,348,60783.067598447036,TDB-MID,2053.6114937705906,0.14461898447422983,2038,0.8515347326686116,2.827786714826026,348,1.000754497785706,1.0001447872243272
TOI-2076_b,NIRISS_SOSS,obs10,SOSS_HDU3_ordem_1,jw05959010001_04102_00001-seg001_nis_x1dints.fits,seg001,3,349,60783.067675520055,TDB-MID,2059.756722257486,0.14463229372301573,2038,0.8515347326686116,2.827786714826026,349,1.0037491562529168,1.0031376211932228
TOI-2076_b,NIRISS_SOSS,obs10,SOSS_HDU3_ordem_1,jw05959010001_04102_00001-seg001_nis_x1dints.fits,seg001,3,350,60783.06775259306,TDB-MID,2065.2461157188086,0.1446434884871636,2038,0.8515347326686116,2.827786714826026,350,1.0064242168538131,1.0058110520110863
TOI-2076_b,NIRISS_SOSS,obs10,SOSS_HDU3_ordem_1,jw05959010001_04102_00001-seg001_nis_x1dints.fits,seg001,3,351,60783.06782966608,TDB-MID,2054.60752401658,0.14461931081617999,2038,0.8515347326686116,2.827786714826026,351,1.0012398776891727,1.0006298714096593
TOI-2076_b,NIRISS_SOSS,obs10,SOSS_HDU3_ordem_1,jw05959010001_04102_00001-seg001_nis_x1dints.fits,seg001,3,352,60783.067906739096,TDB-MID,2051.229279524045,0.1446117760978199,2038,0.8515347326686116,2.827786714826026,352,0.9995936104274342,0.9989846071377037
TOI-2076_b,NIRISS_SOSS,obs10,SOSS_HDU3_ordem_1,jw05959010001_04102_00001-seg001_nis_x1dints.fits,seg001,3,353,60783.06798381211,TDB-MID,2045.7468184868592,0.14460339127815744,2038,0.8515347326686116,2.827786714826026,353,0.9969219280967979,0.996314552531886
TOI-2076_b,NIRISS_SOSS,obs10,SOSS_HDU3_ordem_1,jw05959010001_04102_00001-seg001_nis_x1dints.fits,seg001,3,354,60783.068060885125,TDB-MID,2046.8957818845677,0.14460407784782714,2038,0.8515347326686116,2.827786714826026,354,0.9974818345306758,0.9968741178422749
TOI-2076_b,NIRISS_SOSS,obs10,SOSS_HDU3_ordem_1,jw05959010001_04102_00001-seg001_nis_x1dints.fits,seg001,3,355,60783.068137958144,TDB-MID,2055.8736390833346,0.14462502484540793,2038,0.8515347326686116,2.827786714826026,355,1.0018568738209201,1.001246491635969
TOI-2076_b,NIRISS_SOSS,obs10,SOSS_HDU3_ordem_1,jw05959010001_04102_00001-seg001_nis_x1dints.fits,seg001,3,356,60783.068215031155,TDB-MID,2049.5415647515283,0.14461160452742336,2038,0.8515347326686116,2.827786714826026,356,0.9987711626788222,0.9981626604661086
TOI-2076_b,NIRISS_SOSS,obs10,SOSS_HDU3_ordem_1,jw05959010001_04102_00001-seg001_nis_x1dints.fits,seg001,3,357,60783.06829210417,TDB-MID,2053.3191500695502,0.144616704466642,2038,0.8515347326686116,2.827786714826026,357,1.0006120344840528,1.0000024107185663
TOI-2076_b,NIRISS_SOSS,obs10,SOSS_HDU3_ordem_1,jw05959010001_04102_00001-seg001_nis_x1dints.fits,seg001,3,358,60783.06836917719,TDB-MID,2056.7492022629976,0.14462203026753995,2038,0.8515347326686116,2.827786714826026,358,1.0022835483856085,1.0016729062488017
TOI-2076_b,NIRISS_SOSS,obs10,SOSS_HDU3_ordem_1,jw05959010001_04102_00001-seg001_nis_x1dints.fits,seg001,3,359,60783.06844625021,TDB-MID,2053.441332489944,0.144617360783826,2038,0.8515347326686116,2.827786714826026,359,1.000671575739607,1.000061915698558
TOI-2076_b,NIRISS_SOSS,obs10,SOSS_HDU3_ordem_1,jw05959010001_04102_00001-seg001_nis_x1dints.fits,seg001,3,360,60783.06852332322,TDB-MID,2051.7014387184577,0.14461369957299047,2038,0.8515347326686116,2.827786714826026,360,0.9998237004122793,0.9992145569400223
TOI-2076_b,NIRISS_SOSS,obs10,SOSS_HDU3_ordem_1,jw05959010001_04102_00001-seg001_nis_x1dints.fits,seg001,3,361,60783.06860039624,TDB-MID,2061.185852917327,0.14463146316130318,2038,0.8515347326686116,2.827786714826026,361,1.0044455922341613,1.0038336328702309
TOI-2076_b,NIRISS_SOSS,obs10,SOSS_HDU3_ordem_1,jw05959010001_04102_00001-seg001_nis_x1dints.fits,seg001,3,362,60783.06867746926,TDB-MID,2047.069447632168,0.14460665732655498,2038,0.8515347326686116,2.827786714826026,362,0.9975664643540624,0.9969586961048668
TOI-2076_b,NIRISS_SOSS,obs10,SOSS_HDU3_ordem_1,jw05959010001_04102_00001-seg001_nis_x1dints.fits,seg001,3,363,60783.06875454226,TDB-MID,2044.6903746816843,0.14460072448627614,2038,0.8515347326686116,2.827786714826026,363,0.9964071077946649,0.9958000458844768
TOI-2076_b,NIRISS_SOSS,obs10,SOSS_HDU3_ordem_1,jw05959010001_04102_00001-seg001_nis_x1dints.fits,seg001,3,364,60783.06883161528,TDB-MID,2042.7616938273086,0.14459563632685934,2038,0.8515347326686116,2.827786714826026,364,0.995467233799187,0.9948607445080604
TOI-2076_b,NIRISS_SOSS,obs10,SOSS_HDU3_ordem_1,jw05959010001_04102_00001-seg001_nis_x1dints.fits,seg001,3,365,60783.0689086883,TDB-MID,2055.3616508164205,0.14461999955086977,2038,0.8515347326686116,2.827786714826026,365,1.0016073745546363,1.0009971443773331
TOI-2076_b,NIRISS_SOSS,obs10,SOSS_HDU3_ordem_1,jw05959010001_04102_00001-seg001_nis_x1dints.fits,seg001,3,366,60783.06898576132,TDB-MID,2056.895469172791,0.1446248184510677,2038,0.8515347326686116,2.827786714826026,366,1.0023548263601898,1.001744140797214
TOI-2076_b,NIRISS_SOSS,obs10,SOSS_HDU3_ordem_1,jw05959010001_04102_00001-seg001_nis_x1dints.fits,seg001,3,367,60783.06906283433,TDB-MID,2049.4053083792833,0.14461468815315418,2038,0.8515347326686116,2.827786714826026,367,0.9987047629835586,0.9980963012249179
TOI-2076_b,NIRISS_SOSS,obs10,SOSS_HDU3_ordem_1,jw05959010001_04102_00001-seg001_nis_x1dints.fits,seg001,3,368,60783.06913990735,TDB-MID,2058.2364791851105,0.144626847871859,2038,0.8515347326686116,2.827786714826026,368,1.0030083198790347,1.0023972361745557
TOI-2076_b,NIRISS_SOSS,obs10,SOSS_HDU3_ordem_1,jw05959010001_04102_00001-seg001_nis_x1dints.fits,seg001,3,369,60783.069216980366,TDB-MID,2050.432594697806,0.14461428742588536,2038,0.8515347326686116,2.827786714826026,369,0.9992053744219411,0.9985966076653395
TOI-2076_b,NIRISS_SOSS,obs10,SOSS_HDU3_ordem_1,jw05959010001_04102_00001-seg001_nis_x1dints.fits,seg001,3,370,60783.06929405338,TDB-MID,2054.193434953502,0.144620797342594,2038,0.8515347326686116,2.827786714826026,370,1.0010380861168056,1.0004282027789857
TOI-2076_b,NIRISS_SOSS,obs10,SOSS_HDU3_ordem_1,jw05959010001_04102_00001-seg001_nis_x1dints.fits,seg001,3,371,60783.069371126396,TDB-MID,2051.058046684416,0.14461333130544654,2038,0.8515347326686116,2.827786714826026,371,0.9995101661951891,0.9989012137439306
TOI-2076_b,NIRISS_SOSS,obs10,SOSS_HDU3_ordem_1,jw05959010001_04102_00001-seg001_nis_x1dints.fits,seg001,3,372,60783.069448199414,TDB-MID,2053.4387888905703,0.14461907255010012,2038,0.8515347326686116,2.827786714826026,372,1.0006703362069487,1.000060676921086
TOI-2076_b,NIRISS_SOSS,obs10,SOSS_HDU3_ordem_1,jw05959010001_04102_00001-seg001_nis_x1dints.fits,seg001,3,373,60783.069525272425,TDB-MID,2054.279362693447,0.14462083237718404,2038,0.8515347326686116,2.827786714826026,373,1.0010799599437175,1.0004700510942317
TOI-2076_b,NIRISS_SOSS,obs10,SOSS_HDU3_ordem_1,jw05959010001_04102_00001-seg001_nis_x1dints.fits,seg001,3,374,60783.069602345444,TDB-MID,2060.0431693403716,0.1446330598096839,2038,0.8515347326686116,2.827786714826026,374,1.0038887460475028,1.0032771259426034
TOI-2076_b,NIRISS_SOSS,obs10,SOSS_HDU3_ordem_1,jw05959010001_04102_00001-seg001_nis_x1dints.fits,seg001,3,375,60783.069679418455,TDB-MID,2044.880278475604,0.14460341088200218,2038,0.8515347326686116,2.827786714826026,375,0.9964996506522055,0.9958925323601997
TOI-2076_b,NIRISS_SOSS,obs10,SOSS_HDU3_ordem_1,jw05959010001_04102_00001-seg001_nis_x1dints.fits,seg001,3,376,60783.06975649147,TDB-MID,2055.2062414178768,0.14462252333419157,2038,0.8515347326686116,2.827786714826026,376,1.0015316413134354,1.0009214572766763
TOI-2076_b,NIRISS_SOSS,obs10,SOSS_HDU3_ordem_1,jw05959010001_04102_00001-seg001_nis_x1dints.fits,seg001,3,377,60783.069833564485,TDB-MID,2050.3528202888797,0.1446150242821138,2038,0.8515347326686116,2.827786714826026,377,0.999166499201977,0.9985577561301375
TOI-2076_b,NIRISS_SOSS,obs10,SOSS_HDU3_ordem_1,jw05959010001_04102_00001-seg001_nis_x1dints.fits,seg001,3,378,60783.0699106375,TDB-MID,2056.1521120076377,0.14462369152312923,2038,0.8515347326686116,2.827786714826026,378,1.0019925776930272,1.0013821128303717
TOI-2076_b,NIRISS_SOSS,obs10,SOSS_HDU3_ordem_1,jw05959010001_04102_00001-seg001_nis_x1dints.fits,seg001,3,379,60783.06998771052,TDB-MID,2056.3670050884075,0.1446249942352816,2038,0.8515347326686116,2.827786714826026,379,1.0020972981904415,1.0014867695267307
TOI-2076_b,NIRISS_SOSS,obs10,SOSS_HDU3_ordem_1,jw05959010001_04102_00001-seg001_nis_x1dints.fits,seg001,3,380,60783.07006478353,TDB-MID,2047.3202662537506,0.14460388305436048,2038,0.8515347326686116,2.827786714826026,380,0.9976886918856274,0.9970808491692003
TOI-2076_b,NIRISS_SOSS,obs10,SOSS_HDU3_ordem_1,jw05959010001_04102_00001-seg001_nis_x1dints.fits,seg001,3,381,60783.07014185655,TDB-MID,2052.958974798045,0.1446984241470768,2038,0.8515347326686116,2.827786714826026,381,1.0004365158798554,0.9998269990492337
TOI-2076_b,NIRISS_SOSS,obs10,SOSS_HDU3_ordem_1,jw05959010001_04102_00001-seg001_nis_x1dints.fits,seg001,3,382,60783.07021892957,TDB-MID,2052.523551308286,0.14461591441744195,2038,0.8515347326686116,2.827786714826026,382,1.0002243277336849,0.9996149401788785
TOI-2076_b,NIRISS_SOSS,obs10,SOSS_HDU3_ordem_1,jw05959010001_04102_00001-seg001_nis_x1dints.fits,seg001,3,383,60783.07029600258,TDB-MID,2048.655670826653,0.1446082722669177,2038,0.8515347326686116,2.827786714826026,383,0.9983394537930036,0.9977312145993098
TOI-2076_b,NIRISS_SOSS,obs10,SOSS_HDU3_ordem_1,jw05959010001_04102_00001-seg001_nis_x1dints.fits,seg001,3,384,60783.0703730756,TDB-MID,2055.1405765925742,0.1446201775488026,2038,0.8515347326686116,2.827786714826026,384,1.0014996418970574,1.0008894773559711
TOI-2076_b,NIRISS_SOSS,obs10,SOSS_HDU3_ordem_1,jw05959010001_04102_00001-seg001_nis_x1dints.fits,seg001,3,385,60783.07045014862,TDB-MID,2050.1742751076345,0.14461153149646178,2038,0.8515347326686116,2.827786714826026,385,0.9990794915602048,0.998470801497848
TOI-2076_b,NIRISS_SOSS,obs10,SOSS_HDU3_ordem_1,jw05959010001_04102_00001-seg001_nis_x1dints.fits,seg001,3,386,60783.07052722163,TDB-MID,2056.961660063862,0.1446238339432257,2038,0.8515347326686116,2.827786714826026,386,1.0023870821360037,1.001776376921168
TOI-2076_b,NIRISS_SOSS,obs10,SOSS_HDU3_ordem_1,jw05959010001_04102_00001-seg001_nis_x1dints.fits,seg001,3,387,60783.07060429465,TDB-MID,2052.5607284810167,0.1446135285226173,2038,0.8515347326686116,2.827786714826026,387,1.00024244470612,0.9996330461135322
TOI-2076_b,NIRISS_SOSS,obs10,SOSS_HDU3_ordem_1,jw05959010001_04102_00001-seg001_nis_x1dints.fits,seg001,3,388,60783.07068136766,TDB-MID,2054.1023594012277,0.1446191277399309,2038,0.8515347326686116,2.827786714826026,388,1.0009937036867045,1.0003838473889195
TOI-2076_b,NIRISS_SOSS,obs10,SOSS_HDU3_ordem_1,jw05959010001_04102_00001-seg001_nis_x1dints.fits,seg001,3,389,60783.07075844067,TDB-MID,2058.03144769326,0.1446492605575228,2038,0.8515347326686116,2.827786714826026,389,1.002908405076123,1.002297382244826
TOI-2076_b,NIRISS_SOSS,obs10,SOSS_HDU3_ordem_1,jw05959010001_04102_00001-seg001_nis_x1dints.fits,seg001,3,390,60783.07083551369,TDB-MID,2047.7363908648208,0.14460081206801925,2038,0.8515347326686116,2.827786714826026,390,0.9978914754098875,0.9972835091474191
TOI-2076_b,NIRISS_SOSS,obs10,SOSS_HDU3_ordem_1,jw05959010001_04102_00001-seg001_nis_x1dints.fits,seg001,3,391,60783.07091258671,TDB-MID,2050.918642099082,0.14461152666119068,2038,0.8515347326686116,2.827786714826026,391,0.9994422323302842,0.9988333212677929
TOI-2076_b,NIRISS_SOSS,obs10,SOSS_HDU3_ordem_1,jw05959010001_04102_00001-seg001_nis_x1dints.fits,seg001,3,392,60783.07098965972,TDB-MID,2051.677045637851,0.14461282964662747,2038,0.8515347326686116,2.827786714826026,392,0.9998118133123063,0.9992026770822754
TOI-2076_b,NIRISS_SOSS,obs10,SOSS_HDU3_ordem_1,jw05959010001_04102_00001-seg001_nis_x1dints.fits,seg001,3,393,60783.07106673274,TDB-MID,2051.907988178036,0.14461924280000643,2038,0.8515347326686116,2.827786714826026,393,0.9999243549427564,0.9993151501466379
TOI-2076_b,NIRISS_SOSS,obs10,SOSS_HDU3_ordem_1,jw05959010001_04102_00001-seg001_nis_x1dints.fits,seg001,3,394,60783.071143805755,TDB-MID,2053.875670279008,0.14461772129331682,2038,0.8515347326686116,2.827786714826026,394,1.0008832348081709,1.0002734458136475
TOI-2076_b,NIRISS_SOSS,obs10,SOSS_HDU3_ordem_1,jw05959010001_04102_00001-seg001_nis_x1dints.fits,seg001,3,395,60783.07122087877,TDB-MID,2057.2070688681183,0.14462827175267712,2038,0.8515347326686116,2.827786714826026,395,1.002506673385566,1.0018958953096562
TOI-2076_b,NIRISS_SOSS,obs10,SOSS_HDU3_ordem_1,jw05959010001_04102_00001-seg001_nis_x1dints.fits,seg001,3,396,60783.071297951785,TDB-MID,2053.044904838385,0.14461941345279106,2038,0.8515347326686116,2.827786714826026,396,1.000478390827783,0.9998688484848122
TOI-2076_b,NIRISS_SOSS,obs10,SOSS_HDU3_ordem_1,jw05959010001_04102_00001-seg001_nis_x1dints.fits,seg001,3,397,60783.0713750248,TDB-MID,2063.058930590336,0.14463908892748947,2038,0.8515347326686116,2.827786714826026,397,1.0053583699974586,1.00474585452287
TOI-2076_b,NIRISS_SOSS,obs10,SOSS_HDU3_ordem_1,jw05959010001_04102_00001-seg001_nis_x1dints.fits,seg001,3,398,60783.07145209782,TDB-MID,2054.749812666254,0.14461951170595835,2038,0.8515347326686116,2.827786714826026,398,1.001309217000224,1.000699168475674
TOI-2076_b,NIRISS_SOSS,obs10,SOSS_HDU3_ordem_1,jw05959010001_04102_00001-seg001_nis_x1dints.fits,seg001,3,399,60783.071529170826,TDB-MID,2050.2445214020945,0.14461054053505562,2038,0.8515347326686116,2.827786714826026,399,0.9991137235925766,0.9985050126743237
TOI-2076_b,NIRISS_SOSS,obs10,SOSS_HDU3_ordem_1,jw05959010001_04102_00001-seg001_nis_x1dints.fits,seg001,3,400,60783.071606243844,TDB-MID,2058.111558327948,0.14462425138147034,2038,0.8515347326686116,2.827786714826026,400,1.0029474441437498,1.0023363975278663
TOI-2076_b,NIRISS_SOSS,obs10,SOSS_HDU3_ordem_1,jw05959010001_04102_00001-seg001_nis_x1dints.fits,seg001,3,401,60783.07168331686,TDB-MID,2046.3560118369548,0.1447352276298198,2038,0.8515347326686116,2.827786714826026,401,0.9972187968019929,0.9966112403695604
TOI-2076_b,NIRISS_SOSS,obs10,SOSS_HDU3_ordem_1,jw05959010001_04102_00001-seg001_nis_x1dints.fits,seg001,3,402,60783.071760389874,TDB-MID,2058.843363050016,0.1446324646161552,2038,0.8515347326686116,2.827786714826026,402,1.0033040631387895,1.0026927992524683
TOI-2076_b,NIRISS_SOSS,obs10,SOSS_HDU3_ordem_1,jw05959010001_04102_00001-seg001_nis_x1dints.fits,seg001,3,403,60783.07183746289,TDB-MID,2051.4603190740763,0.1446139674420738,2038,0.8515347326686116,2.827786714826026,403,0.9997061993321815,0.9990971274475613
TOI-2076_b,NIRISS_SOSS,obs10,SOSS_HDU3_ordem_1,jw05959010001_04102_00001-seg001_nis_x1dints.fits,seg001,3,404,60783.07191453591,TDB-MID,2052.3635334599808,0.1446184497567648,2038,0.8515347326686116,2.827786714826026,404,1.0001463487284528,0.9995370086824241
TOI-2076_b,NIRISS_SOSS,obs10,SOSS_HDU3_ordem_1,jw05959010001_04102_00001-seg001_nis_x1dints.fits,seg001,3,405,60783.07199160892,TDB-MID,2052.4287032211982,0.14463814893544613,2038,0.8515347326686116,2.827786714826026,405,1.0001781068929623,0.999568747498244
TOI-2076_b,NIRISS_SOSS,obs10,SOSS_HDU3_ordem_1,jw05959010001_04102_00001-seg001_nis_x1dints.fits,seg001,3,406,60783.07206868194,TDB-MID,2061.2487148116234,0.1446333768310758,2038,0.8515347326686116,2.827786714826026,406,1.0044762257418365,1.0038642477144146
TOI-2076_b,NIRISS_SOSS,obs10,SOSS_HDU3_ordem_1,jw05959010001_04102_00001-seg001_nis_x1dints.fits,seg001,3,407,60783.07214575496,TDB-MID,2061.1869304040647,0.14463491971788087,2038,0.8515347326686116,2.827786714826026,407,1.0044461173089878,1.0038341576251553
TOI-2076_b,NIRISS_SOSS,obs10,SOSS_HDU3_ordem_1,jw05959010001_04102_00001-seg001_nis_x1dints.fits,seg001,3,408,60783.07222282797,TDB-MID,2054.662026209855,0.14462417164831048,2038,0.8515347326686116,2.827786714826026,408,1.0012664373939777,1.0006564149329409
TOI-2076_b,NIRISS_SOSS,obs10,SOSS_HDU3_ordem_1,jw05959010001_04102_00001-seg001_nis_x1dints.fits,seg001,3,409,60783.07229990099,TDB-MID,2050.4118136503066,0.1446119407599343,2038,0.8515347326686116,2.827786714826026,409,0.9991952475177935,0.9985864869310173
TOI-2076_b,NIRISS_SOSS,obs10,SOSS_HDU3_ordem_1,jw05959010001_04102_00001-seg001_nis_x1dints.fits,seg001,3,410,60783.07237697401,TDB-MID,2055.892555231134,0.1446219317141939,2038,0.8515347326686116,2.827786714826026,410,1.0018660919325486,1.0012557041314545
TOI-2076_b,NIRISS_SOSS,obs10,SOSS_HDU3_ordem_1,jw05959010001_04102_00001-seg001_nis_x1dints.fits,seg001,3,411,60783.07245404702,TDB-MID,2043.3451966241387,0.1445971640849191,2038,0.8515347326686116,2.827786714826026,411,0.9957515831272705,0.9951449205960647
TOI-2076_b,NIRISS_SOSS,obs10,SOSS_HDU3_ordem_1,jw05959010001_04102_00001-seg001_nis_x1dints.fits,seg001,3,412,60783.07253112003,TDB-MID,2057.177444587855,0.14462557872503953,2038,0.8515347326686116,2.827786714826026,412,1.0024922370465568,1.0018814677659993
TOI-2076_b,NIRISS_SOSS,obs10,SOSS_HDU3_ordem_1,jw05959010001_04102_00001-seg001_nis_x1dints.fits,seg001,3,413,60783.07260819305,TDB-MID,2063.389341727144,0.14478511339742142,2038,0.8515347326686116,2.827786714826026,413,1.005519384109564,1.0049067705369854
TOI-2076_b,NIRISS_SOSS,obs10,SOSS_HDU3_ordem_1,jw05959010001_04102_00001-seg001_nis_x1dints.fits,seg001,3,414,60783.07268526606,TDB-MID,2049.7710871209297,0.1446112760590906,2038,0.8515347326686116,2.827786714826026,414,0.998883012239568,0.9982744418824108
TOI-2076_b,NIRISS_SOSS,obs10,SOSS_HDU3_ordem_1,jw05959010001_04102_00001-seg001_nis_x1dints.fits,seg001,3,415,60783.07276233908,TDB-MID,2057.6177663682265,0.14462787797461713,2038,0.8515347326686116,2.827786714826026,415,1.0027068122003853,1.0020959121897257
TOI-2076_b,NIRISS_SOSS,obs10,SOSS_HDU3_ordem_1,jw05959010001_04102_00001-seg001_nis_x1dints.fits,seg001,3,416,60783.072839412096,TDB-MID,2047.6820862543227,0.14460548016402963,2038,0.8515347326686116,2.827786714826026,416,0.997865011990019,0.9972570618504126
TOI-2076_b,NIRISS_SOSS,obs10,SOSS_HDU3_ordem_1,jw05959010001_04102_00001-seg001_nis_x1dints.fits,seg001,3,417,60783.07291648511,TDB-MID,2051.2006389298444,0.1446114635036971,2038,0.8515347326686116,2.827786714826026,417,0.99957965345283,0.9989706586663984
TOI-2076_b,NIRISS_SOSS,obs10,SOSS_HDU3_ordem_1,jw05959010001_04102_00001-seg001_nis_x1dints.fits,seg001,3,418,60783.072993558126,TDB-MID,2060.674518255695,0.14463332429048834,2038,0.8515347326686116,2.827786714826026,418,1.0041964114791577,1.0035846039288223
TOI-2076_b,NIRISS_SOSS,obs10,SOSS_HDU3_ordem_1,jw05959010001_04102_00001-seg001_nis_x1dints.fits,seg001,3,419,60783.07307063114,TDB-MID,2056.765237177849,0.1446255555799985,2038,0.8515347326686116,2.827786714826026,419,1.0022913624308687,1.001680715533348
TOI-2076_b,NIRISS_SOSS,obs10,SOSS_HDU3_ordem_1,jw05959010001_04102_00001-seg001_nis_x1dints.fits,seg001,3,420,60783.073147704155,TDB-MID,2046.0906338793748,0.14460397204233494,2038,0.8515347326686116,2.827786714826026,420,0.9970894742960238,0.9964819966534422
TOI-2076_b,NIRISS_SOSS,obs10,SOSS_HDU3_ordem_1,jw05959010001_04102_00001-seg001_nis_x1dints.fits,seg001,3,421,60783.073224777174,TDB-MID,2054.104414507876,0.14461605930667346,2038,0.8515347326686116,2.827786714826026,421,1.0009947051698125,1.0003848482618731
TOI-2076_b,NIRISS_SOSS,obs10,SOSS_HDU3_ordem_1,jw05959010001_04102_00001-seg001_nis_x1dints.fits,seg001,3,422,60783.073301850185,TDB-MID,2055.3803563195333,0.14462128429841983,2038,0.8515347326686116,2.827786714826026,422,1.0016164900160711,1.0010062542851652
TOI-2076_b,NIRISS_SOSS,obs10,SOSS_HDU3_ordem_1,jw05959010001_04102_00001-seg001_nis_x1dints.fits,seg001,3,423,60783.073378923196,TDB-MID,2058.4863291683487,0.14462526948042548,2038,0.8515347326686116,2.827786714826026,423,1.003130075379165,1.00251891749504
TOI-2076_b,NIRISS_SOSS,obs10,SOSS_HDU3_ordem_1,jw05959010001_04102_00001-seg001_nis_x1dints.fits,seg001,3,424,60783.073455996215,TDB-MID,2050.4606136871153,0.1446106566000744,2038,0.8515347326686116,2.827786714826026,424,0.999219028479517,0.9986102534041689
TOI-2076_b,NIRISS_SOSS,obs10,SOSS_HDU3_ordem_1,jw05959010001_04102_00001-seg001_nis_x1dints.fits,seg001,3,425,60783.073533069226,TDB-MID,2051.2557187875973,0.14465069629097785,2038,0.8515347326686116,2.827786714826026,425,0.9996064946618662,0.9989974835224044
TOI-2076_b,NIRISS_SOSS,obs10,SOSS_HDU3_ordem_1,jw05959010001_04102_00001-seg001_nis_x1dints.fits,seg001,3,426,60783.073610142244,TDB-MID,2053.938955288494,0.14461780499239546,2038,0.8515347326686116,2.827786714826026,426,1.0009140745059801,1.0003042667223438
TOI-2076_b,NIRISS_SOSS,obs10,SOSS_HDU3_ordem_1,jw05959010001_04102_00001-seg001_nis_x1dints.fits,seg001,3,427,60783.07368721526,TDB-MID,2055.2691681016295,0.14462053695310653,2038,0.8515347326686116,2.827786714826026,427,1.0015623063939472,1.0009521036744606
TOI-2076_b,NIRISS_SOSS,obs10,SOSS_HDU3_ordem_1,jw05959010001_04102_00001-seg001_nis_x1dints.fits,seg001,3,428,60783.073764288274,TDB-MID,2050.256211356934,0.14461212853253155,2038,0.8515347326686116,2.827786714826026,428,0.9991194202761604,0.9985107058871981
TOI-2076_b,NIRISS_SOSS,obs10,SOSS_HDU3_ordem_1,jw05959010001_04102_00001-seg001_nis_x1dints.fits,seg001,3,429,60783.07384136129,TDB-MID,2060.7830385655943,0.1446309826295133,2038,0.8515347326686116,2.827786714826026,429,1.004249294991235,1.003637455221573
TOI-2076_b,NIRISS_SOSS,obs10,SOSS_HDU3_ordem_1,jw05959010001_04102_00001-seg001_nis_x1dints.fits,seg001,3,430,60783.07391843431,TDB-MID,2050.1501635951245,0.14461104614836093,2038,0.8515347326686116,2.827786714826026,430,0.9990677416724262,0.9984590587686988
TOI-2076_b,NIRISS_SOSS,obs10,SOSS_HDU3_ordem_1,jw05959010001_04102_00001-seg001_nis_x1dints.fits,seg001,3,431,60783.07399550732,TDB-MID,2052.79633484633,0.1446154518256217,2038,0.8515347326686116,2.827786714826026,431,1.000357259085816,0.9997477905424662
TOI-2076_b,NIRISS_SOSS,obs10,SOSS_HDU3_ordem_1,jw05959010001_04102_00001-seg001_nis_x1dints.fits,seg001,3,432,60783.07407258034,TDB-MID,2053.901899169742,0.14461907322744846,2038,0.8515347326686116,2.827786714826026,432,1.0008960165248948,1.0002862197430993
TOI-2076_b,NIRISS_SOSS,obs10,SOSS_HDU3_ordem_1,jw05959010001_04102_00001-seg001_nis_x1dints.fits,seg001,3,433,60783.07414965336,TDB-MID,2050.627217445501,0.14460899353070986,2038,0.8515347326686116,2.827786714826026,433,0.9993002168937125,0.9986913923542513
TOI-2076_b,NIRISS_SOSS,obs10,SOSS_HDU3_ordem_1,jw05959010001_04102_00001-seg001_nis_x1dints.fits,seg001,3,434,60783.07422672637,TDB-MID,2064.1849904849023,0.14464045184257657,2038,0.8515347326686116,2.827786714826026,434,1.0059071152239447,1.0052942654258423
TOI-2076_b,NIRISS_SOSS,obs10,SOSS_HDU3_ordem_1,jw05959010001_04102_00001-seg001_nis_x1dints.fits,seg001,3,435,60783.07430379939,TDB-MID,2057.008810525957,0.1446289563312551,2038,0.8515347326686116,2.827786714826026,435,1.0024100592361793,1.0017993400225251
TOI-2076_b,NIRISS_SOSS,obs10,SOSS_HDU3_ordem_1,jw05959010001_04102_00001-seg001_nis_x1dints.fits,seg001,3,436,60783.0743808724,TDB-MID,2048.889887701731,0.14460678555163609,2038,0.8515347326686116,2.827786714826026,436,0.9984535910540691,0.9978452823221482
TOI-2076_b,NIRISS_SOSS,obs10,SOSS_HDU3_ordem_1,jw05959010001_04102_00001-seg001_nis_x1dints.fits,seg001,3,437,60783.07445794541,TDB-MID,2051.9509390628223,0.14461654102838284,2038,0.8515347326686116,2.827786714826026,437,0.999945285528344,0.9993360679802477
TOI-2076_b,NIRISS_SOSS,obs10,SOSS_HDU3_ordem_1,jw05959010001_04102_00001-seg001_nis_x1dints.fits,seg001,3,438,60783.07453501843,TDB-MID,2050.192886650881,0.1446191038023418,2038,0.8515347326686116,2.827786714826026,438,0.9990885612336418,0.9984798656455783
TOI-2076_b,NIRISS_SOSS,obs10,SOSS_HDU3_ordem_1,jw05959010001_04102_00001-seg001_nis_x1dints.fits,seg001,3,439,60783.07461209144,TDB-MID,2051.189183105501,0.14461082728304592,2038,0.8515347326686116,2.827786714826026,439,0.9995740708644132,0.9989650794791787
TOI-2076_b,NIRISS_SOSS,obs10,SOSS_HDU3_ordem_1,jw05959010001_04102_00001-seg001_nis_x1dints.fits,seg001,3,440,60783.07468916446,TDB-MID,2056.4433903300906,0.1446249899471281,2038,0.8515347326686116,2.827786714826026,440,1.00213452182033,1.0015239704780896
TOI-2076_b,NIRISS_SOSS,obs10,SOSS_HDU3_ordem_1,jw05959010001_04102_00001-seg001_nis_x1dints.fits,seg001,3,441,60783.07476623748,TDB-MID,2057.503213037331,0.1446247741408569,2038,0.8515347326686116,2.827786714826026,441,1.0026509887101693,1.0020401227100204
TOI-2076_b,NIRISS_SOSS,obs10,SOSS_HDU3_ordem_1,jw05959010001_04102_00001-seg001_nis_x1dints.fits,seg001,3,442,60783.07484331049,TDB-MID,2049.0957946605495,0.1446092316847893,2038,0.8515347326686116,2.827786714826026,442,0.99855393248466,0.997945562619634
TOI-2076_b,NIRISS_SOSS,obs10,SOSS_HDU3_ordem_1,jw05959010001_04102_00001-seg001_nis_x1dints.fits,seg001,3,443,60783.07492038351,TDB-MID,2050.259612443666,0.14460999684467526,2038,0.8515347326686116,2.827786714826026,443,0.999121077674775,0.9985123622760411
TOI-2076_b,NIRISS_SOSS,obs10,SOSS_HDU3_ordem_1,jw05959010001_04102_00001-seg001_nis_x1dints.fits,seg001,3,444,60783.074997456526,TDB-MID,2054.754960232819,0.14461786310839242,2038,0.8515347326686116,2.827786714826026,444,1.0013117254836486,1.000701675430803
TOI-2076_b,NIRISS_SOSS,obs10,SOSS_HDU3_ordem_1,jw05959010001_04102_00001-seg001_nis_x1dints.fits,seg001,3,445,60783.07507452954,TDB-MID,2053.2620370899576,0.1446164973692418,2038,0.8515347326686116,2.827786714826026,445,1.0005842025054226,0.9999745956965937
TOI-2076_b,NIRISS_SOSS,obs10,SOSS_HDU3_ordem_1,jw05959010001_04102_00001-seg001_nis_x1dints.fits,seg001,3,446,60783.075151602556,TDB-MID,2054.3919891310493,0.1446688661778004,2038,0.8515347326686116,2.827786714826026,446,1.0011348444310424,1.0005249021431342
TOI-2076_b,NIRISS_SOSS,obs10,SOSS_HDU3_ordem_1,jw05959010001_04102_00001-seg001_nis_x1dints.fits,seg001,3,447,60783.07522867557,TDB-MID,2058.1507568526704,0.14462713721575612,2038,0.8515347326686116,2.827786714826026,447,1.0029665461501622,1.0023554878963643
TOI-2076_b,NIRISS_SOSS,obs10,SOSS_HDU3_ordem_1,jw05959010001_04102_00001-seg001_nis_x1dints.fits,seg001,3,448,60783.07530574858,TDB-MID,2052.2995714459776,0.14461343523860543,2038,0.8515347326686116,2.827786714826026,448,1.0001151791165785,0.9995058580606636
TOI-2076_b,NIRISS_SOSS,obs10,SOSS_HDU3_ordem_1,jw05959010001_04102_00001-seg001_nis_x1dints.fits,seg001,3,449,60783.0753828216,TDB-MID,2052.71756290443,0.14461832411322986,2038,0.8515347326686116,2.827786714826026,449,1.0003188723824914,0.9997094272262743
TOI-2076_b,NIRISS_SOSS,obs10,SOSS_HDU3_ordem_1,jw05959010001_04102_00001-seg001_nis_x1dints.fits,seg001,3,450,60783.07545989461,TDB-MID,2061.6435307389083,0.14467303297060988,2038,0.8515347326686116,2.827786714826026,450,1.0046686252371775,1.0040565299901931
TOI-2076_b,NIRISS_SOSS,obs10,SOSS_HDU3_ordem_1,jw05959010001_04102_00001-seg001_nis_x1dints.fits,seg001,3,451,60783.075536967626,TDB-MID,2052.8171063575496,0.1446166175222658,2038,0.8515347326686116,2.827786714826026,451,1.0003673813427971,0.9997579066324531
TOI-2076_b,NIRISS_SOSS,obs10,SOSS_HDU3_ordem_1,jw05959010001_04102_00001-seg001_nis_x1dints.fits,seg001,3,452,60783.075614040645,TDB-MID,2053.2980118664836,0.14462396403049807,2038,0.8515347326686116,2.827786714826026,452,1.0006017335328465,0.9999921160432237
TOI-2076_b,NIRISS_SOSS,obs10,SOSS_HDU3_ordem_1,jw05959010001_04102_00001-seg001_nis_x1dints.fits,seg001,3,453,60783.075691113656,TDB-MID,2048.280916295823,0.14460771287949306,2038,0.8515347326686116,2.827786714826026,453,0.9981568305054774,0.9975487025751828
TOI-2076_b,NIRISS_SOSS,obs10,SOSS_HDU3_ordem_1,jw05959010001_04102_00001-seg001_nis_x1dints.fits,seg001,3,454,60783.075768186674,TDB-MID,2060.236840292276,0.14463575887970126,2038,0.8515347326686116,2.827786714826026,454,1.003983124695459,1.0033714470902848
TOI-2076_b,NIRISS_SOSS,obs10,SOSS_HDU3_ordem_1,jw05959010001_04102_00001-seg001_nis_x1dints.fits,seg001,3,455,60783.07584525969,TDB-MID,2053.739789596274,0.1446168034804893,2038,0.8515347326686116,2.827786714826026,455,1.0008170181918241,1.000207269539833
TOI-2076_b,NIRISS_SOSS,obs10,SOSS_HDU3_ordem_1,jw05959010001_04102_00001-seg001_nis_x1dints.fits,seg001,3,456,60783.075922332704,TDB-MID,2049.6081165460073,0.1446111545564681,2038,0.8515347326686116,2.827786714826026,456,0.9988035943280715,0.998195072356347
TOI-2076_b,NIRISS_SOSS,obs10,SOSS_HDU3_ordem_1,jw05959010001_04102_00001-seg001_nis_x1dints.fits,seg001,3,457,60783.07599940572,TDB-MID,2048.787185347074,0.14461108700338213,2038,0.8515347326686116,2.827786714826026,457,0.9984035427154869,0.9977952644755606
TOI-2076_b,NIRISS_SOSS,obs10,SOSS_HDU3_ordem_1,jw05959010001_04102_00001-seg001_nis_x1dints.fits,seg001,3,458,60783.076076478734,TDB-MID,2054.3974291344994,0.14462110586658114,2038,0.8515347326686116,2.827786714826026,458,1.0011374954231784,1.000527551520151
TOI-2076_b,NIRISS_SOSS,obs10,SOSS_HDU3_ordem_1,jw05959010001_04102_00001-seg001_nis_x1dints.fits,seg001,3,459,60783.07615355175,TDB-MID,2058.4178727055705,0.14462685669958097,2038,0.8515347326686116,2.827786714826026,459,1.0030967155575845,1.0024855779979602
TOI-2076_b,NIRISS_SOSS,obs10,SOSS_HDU3_ordem_1,jw05959010001_04102_00001-seg002_nis_x1dints.fits,seg002,3,0,60783.07623062476,TDB-MID,2053.332343228609,0.1446303157761375,2038,0.8515347326686116,2.827786714826026,460,1.0006184637007316,0.9998938900028641
TOI-2076_b,NIRISS_SOSS,obs10,SOSS_HDU3_ordem_1,jw05959010001_04102_00001-seg002_nis_x1dints.fits,seg002,3,1,60783.076307697775,TDB-MID,2064.904668215631,0.14465462392588896,2038,0.8515347326686116,2.827786714826026,461,1.006257824561211,1.0055291672563538
TOI-2076_b,NIRISS_SOSS,obs10,SOSS_HDU3_ordem_1,jw05959010001_04102_00001-seg002_nis_x1dints.fits,seg002,3,2,60783.07638477079,TDB-MID,2043.4845796238171,0.14461077606193523,2038,0.8515347326686116,2.827786714826026,462,0.9958195064731741,0.9950984078242991
TOI-2076_b,NIRISS_SOSS,obs10,SOSS_HDU3_ordem_1,jw05959010001_04102_00001-seg002_nis_x1dints.fits,seg002,3,3,60783.076461843804,TDB-MID,2054.7058622353406,0.14464963679812473,2038,0.8515347326686116,2.827786714826026,463,1.0012877993213933,1.000562740940299
TOI-2076_b,NIRISS_SOSS,obs10,SOSS_HDU3_ordem_1,jw05959010001_04102_00001-seg002_nis_x1dints.fits,seg002,3,4,60783.07653891682,TDB-MID,2044.0868610600226,0.14460979215528053,2038,0.8515347326686116,2.827786714826026,464,0.9961130069030479,0.995391695722924
TOI-2076_b,NIRISS_SOSS,obs10,SOSS_HDU3_ordem_1,jw05959010001_04102_00001-seg002_nis_x1dints.fits,seg002,3,5,60783.07661598984,TDB-MID,2058.7465988760678,0.14464353690475035,2038,0.8515347326686116,2.827786714826026,465,1.0032569085613063,1.0025304242973054
TOI-2076_b,NIRISS_SOSS,obs10,SOSS_HDU3_ordem_1,jw05959010001_04102_00001-seg002_nis_x1dints.fits,seg002,3,6,60783.07669306285,TDB-MID,2058.3463868668196,0.1446415350086671,2038,0.8515347326686116,2.827786714826026,466,1.0030618794774033,1.0023355364390039
TOI-2076_b,NIRISS_SOSS,obs10,SOSS_HDU3_ordem_1,jw05959010001_04102_00001-seg002_nis_x1dints.fits,seg002,3,7,60783.07677013587,TDB-MID,2053.275109116553,0.14462892702074653,2038,0.8515347326686116,2.827786714826026,467,1.000590572692505,0.9998660191912376
TOI-2076_b,NIRISS_SOSS,obs10,SOSS_HDU3_ordem_1,jw05959010001_04102_00001-seg002_nis_x1dints.fits,seg002,3,8,60783.07684720889,TDB-MID,2058.4489364098727,0.14464124079406504,2038,0.8515347326686116,2.827786714826026,468,1.003111853348687,1.0023854741229152
TOI-2076_b,NIRISS_SOSS,obs10,SOSS_HDU3_ordem_1,jw05959010001_04102_00001-seg002_nis_x1dints.fits,seg002,3,9,60783.0769242819,TDB-MID,2054.340199010776,0.14463143165028142,2038,0.8515347326686116,2.827786714826026,469,1.0011096063585239,1.0003846770115605
TOI-2076_b,NIRISS_SOSS,obs10,SOSS_HDU3_ordem_1,jw05959010001_04102_00001-seg002_nis_x1dints.fits,seg002,3,10,60783.07700135492,TDB-MID,2049.0875014612543,0.1446217083684982,2038,0.8515347326686116,2.827786714826026,470,0.9985498910890402,0.9978268152980782
TOI-2076_b,NIRISS_SOSS,obs10,SOSS_HDU3_ordem_1,jw05959010001_04102_00001-seg002_nis_x1dints.fits,seg002,3,11,60783.07707842793,TDB-MID,2045.6675006854973,0.14461343307628835,2038,0.8515347326686116,2.827786714826026,471,0.996883275388285,0.9961614064368377
TOI-2076_b,NIRISS_SOSS,obs10,SOSS_HDU3_ordem_1,jw05959010001_04102_00001-seg002_nis_x1dints.fits,seg002,3,12,60783.07715550094,TDB-MID,2057.796593039672,0.14464192412220817,2038,0.8515347326686116,2.827786714826026,472,1.0027939570163917,1.0020678079875727
TOI-2076_b,NIRISS_SOSS,obs10,SOSS_HDU3_ordem_1,jw05959010001_04102_00001-seg002_nis_x1dints.fits,seg002,3,13,60783.07723257396,TDB-MID,2054.720894513803,0.14463120129862322,2038,0.8515347326686116,2.827786714826026,473,1.0012951247674815,1.0005700610818422
TOI-2076_b,NIRISS_SOSS,obs10,SOSS_HDU3_ordem_1,jw05959010001_04102_00001-seg002_nis_x1dints.fits,seg002,3,14,60783.07730964697,TDB-MID,2052.7906761300733,0.1446270920995697,2038,0.8515347326686116,2.827786714826026,474,1.0003545015117752,0.9996301189557526
TOI-2076_b,NIRISS_SOSS,obs10,SOSS_HDU3_ordem_1,jw05959010001_04102_00001-seg002_nis_x1dints.fits,seg002,3,15,60783.07738671999,TDB-MID,2056.786750234685,0.14463494008871716,2038,0.8515347326686116,2.827786714826026,475,1.0023018460537227,1.001576053375174
TOI-2076_b,NIRISS_SOSS,obs10,SOSS_HDU3_ordem_1,jw05959010001_04102_00001-seg002_nis_x1dints.fits,seg002,3,16,60783.077463793,TDB-MID,2049.5803901912896,0.14462118838309287,2038,0.8515347326686116,2.827786714826026,476,0.9987900828755524,0.9980668331555081
TOI-2076_b,NIRISS_SOSS,obs10,SOSS_HDU3_ordem_1,jw05959010001_04102_00001-seg002_nis_x1dints.fits,seg002,3,17,60783.07754086602,TDB-MID,2058.569378866977,0.14463946106903633,2038,0.8515347326686116,2.827786714826026,477,1.0031705466950365,1.0024441249678955
TOI-2076_b,NIRISS_SOSS,obs10,SOSS_HDU3_ordem_1,jw05959010001_04102_00001-seg002_nis_x1dints.fits,seg002,3,18,60783.07761793904,TDB-MID,2054.9299876270156,0.1446260106955026,2038,0.8515347326686116,2.827786714826026,478,1.001397018857059,1.000671881387275
TOI-2076_b,NIRISS_SOSS,obs10,SOSS_HDU3_ordem_1,jw05959010001_04102_00001-seg002_nis_x1dints.fits,seg002,3,19,60783.07769501205,TDB-MID,2047.4877175724441,0.14461919862191822,2038,0.8515347326686116,2.827786714826026,479,0.9977702933281841,0.997047782064115
TOI-2076_b,NIRISS_SOSS,obs10,SOSS_HDU3_ordem_1,jw05959010001_04102_00001-seg002_nis_x1dints.fits,seg002,3,20,60783.07777208507,TDB-MID,2047.160827140418,0.1446167039107284,2038,0.8515347326686116,2.827786714826026,480,0.9976109949062939,0.9968885989943304
TOI-2076_b,NIRISS_SOSS,obs10,SOSS_HDU3_ordem_1,jw05959010001_04102_00001-seg002_nis_x1dints.fits,seg002,3,21,60783.07784915808,TDB-MID,2050.8700420939895,0.1446216629757989,2038,0.8515347326686116,2.827786714826026,481,0.9994185488469008,0.9986948440383995
TOI-2076_b,NIRISS_SOSS,obs10,SOSS_HDU3_ordem_1,jw05959010001_04102_00001-seg002_nis_x1dints.fits,seg002,3,22,60783.0779262311,TDB-MID,2052.9465809954,0.14462742398714235,2038,0.8515347326686116,2.827786714826026,482,1.000430476201085,0.9997060386298258
TOI-2076_b,NIRISS_SOSS,obs10,SOSS_HDU3_ordem_1,jw05959010001_04102_00001-seg002_nis_x1dints.fits,seg002,3,23,60783.078003304116,TDB-MID,2048.85924134078,0.14462197532203327,2038,0.8515347326686116,2.827786714826026,483,0.9984386566404005,0.9977156613971784
TOI-2076_b,NIRISS_SOSS,obs10,SOSS_HDU3_ordem_1,jw05959010001_04102_00001-seg002_nis_x1dints.fits,seg002,3,24,60783.07808037713,TDB-MID,2060.597117062621,0.1446433943201914,2038,0.8515347326686116,2.827786714826026,484,1.0041586927615043,1.0034315554922508
TOI-2076_b,NIRISS_SOSS,obs10,SOSS_HDU3_ordem_1,jw05959010001_04102_00001-seg002_nis_x1dints.fits,seg002,3,25,60783.07815745014,TDB-MID,2055.594986882025,0.14463600670329652,2038,0.8515347326686116,2.827786714826026,485,1.0017210825845424,1.0009957104518359
TOI-2076_b,NIRISS_SOSS,obs10,SOSS_HDU3_ordem_1,jw05959010001_04102_00001-seg002_nis_x1dints.fits,seg002,3,26,60783.07823452315,TDB-MID,2049.7504300428045,0.14462205923497032,2038,0.8515347326686116,2.827786714826026,486,0.9988729457474844,0.9981496360242924
TOI-2076_b,NIRISS_SOSS,obs10,SOSS_HDU3_ordem_1,jw05959010001_04102_00001-seg002_nis_x1dints.fits,seg002,3,27,60783.07831159617,TDB-MID,2046.6434629505247,0.1446207701184792,2038,0.8515347326686116,2.827786714826026,487,0.9973588758752115,0.9966366625291563
TOI-2076_b,NIRISS_SOSS,obs10,SOSS_HDU3_ordem_1,jw05959010001_04102_00001-seg002_nis_x1dints.fits,seg002,3,28,60783.078388669186,TDB-MID,2051.9080249094636,0.1446275919776235,2038,0.8515347326686116,2.827786714826026,488,0.999924372842511,0.9992003017537777
TOI-2076_b,NIRISS_SOSS,obs10,SOSS_HDU3_ordem_1,jw05959010001_04102_00001-seg002_nis_x1dints.fits,seg002,3,29,60783.0784657422,TDB-MID,2047.168774341867,0.14461524821669422,2038,0.8515347326686116,2.827786714826026,489,0.9976148676921733,0.9968924689758254
TOI-2076_b,NIRISS_SOSS,obs10,SOSS_HDU3_ordem_1,jw05959010001_04102_00001-seg002_nis_x1dints.fits,seg002,3,30,60783.078542815216,TDB-MID,2057.8150722242303,0.1446397053162926,2038,0.8515347326686116,2.827786714826026,490,1.002802962189531,1.0020768066398333
TOI-2076_b,NIRISS_SOSS,obs10,SOSS_HDU3_ordem_1,jw05959010001_04102_00001-seg002_nis_x1dints.fits,seg002,3,31,60783.07861988823,TDB-MID,2065.189358381323,0.1446534302043722,2038,0.8515347326686116,2.827786714826026,491,1.0063965581847107,1.0056678004192503
TOI-2076_b,NIRISS_SOSS,obs10,SOSS_HDU3_ordem_1,jw05959010001_04102_00001-seg002_nis_x1dints.fits,seg002,3,32,60783.078696961245,TDB-MID,2059.1046245530247,0.14464091692690192,2038,0.8515347326686116,2.827786714826026,492,1.003431379637079,1.0027047690340616
TOI-2076_b,NIRISS_SOSS,obs10,SOSS_HDU3_ordem_1,jw05959010001_04102_00001-seg002_nis_x1dints.fits,seg002,3,33,60783.078774034264,TDB-MID,2046.8405412864925,0.1446170168005683,2038,0.8515347326686116,2.827786714826026,493,0.9974549149905623,0.9967326321001008
TOI-2076_b,NIRISS_SOSS,obs10,SOSS_HDU3_ordem_1,jw05959010001_04102_00001-seg002_nis_x1dints.fits,seg002,3,34,60783.078851107275,TDB-MID,2044.4836086972618,0.14460760016045193,2038,0.8515347326686116,2.827786714826026,494,0.9963063477485085,0.99558489656528
TOI-2076_b,NIRISS_SOSS,obs10,SOSS_HDU3_ordem_1,jw05959010001_04102_00001-seg002_nis_x1dints.fits,seg002,3,35,60783.07892818029,TDB-MID,2053.7308839550833,0.1446288406141123,2038,0.8515347326686116,2.827786714826026,495,1.0008126783444362,1.000087964010724
TOI-2076_b,NIRISS_SOSS,obs10,SOSS_HDU3_ordem_1,jw05959010001_04102_00001-seg002_nis_x1dints.fits,seg002,3,36,60783.0790052533,TDB-MID,2053.70122751337,0.14462942617126615,2038,0.8515347326686116,2.827786714826026,496,1.0007982263326887,1.000073522464052
TOI-2076_b,NIRISS_SOSS,obs10,SOSS_HDU3_ordem_1,jw05959010001_04102_00001-seg002_nis_x1dints.fits,seg002,3,37,60783.079082326316,TDB-MID,2054.654933589047,0.14463149577776332,2038,0.8515347326686116,2.827786714826026,497,1.0012629810575693,1.0005379406480213
TOI-2076_b,NIRISS_SOSS,obs10,SOSS_HDU3_ordem_1,jw05959010001_04102_00001-seg002_nis_x1dints.fits,seg002,3,38,60783.079159399334,TDB-MID,2062.2956647361134,0.1446486753896253,2038,0.8515347326686116,2.827786714826026,498,1.0049864195389924,1.0042586828913806
TOI-2076_b,NIRISS_SOSS,obs10,SOSS_HDU3_ordem_1,jw05959010001_04102_00001-seg002_nis_x1dints.fits,seg002,3,39,60783.079236472346,TDB-MID,2054.0536025696856,0.14462942404915488,2038,0.8515347326686116,2.827786714826026,499,1.0009699437795305,1.0002451155658512
TOI-2076_b,NIRISS_SOSS,obs10,SOSS_HDU3_ordem_1,jw05959010001_04102_00001-seg002_nis_x1dints.fits,seg002,3,40,60783.079313545364,TDB-MID,2056.0162814189457,0.14463641426100107,2038,0.8515347326686116,2.827786714826026,500,1.0019263854882294,1.0012008646903827
TOI-2076_b,NIRISS_SOSS,obs10,SOSS_HDU3_ordem_1,jw05959010001_04102_00001-seg002_nis_x1dints.fits,seg002,3,41,60783.079390618375,TDB-MID,2053.5342747060968,0.14462712254789942,2038,0.8515347326686116,2.827786714826026,501,1.0007168678219365,0.9999922228671008
TOI-2076_b,NIRISS_SOSS,obs10,SOSS_HDU3_ordem_1,jw05959010001_04102_00001-seg002_nis_x1dints.fits,seg002,3,42,60783.079467691394,TDB-MID,2050.8032736521996,0.1446262249745909,2038,0.8515347326686116,2.827786714826026,502,0.9993860116222923,0.9986623303748364
TOI-2076_b,NIRISS_SOSS,obs10,SOSS_HDU3_ordem_1,jw05959010001_04102_00001-seg002_nis_x1dints.fits,seg002,3,43,60783.079544764405,TDB-MID,2056.0967105679038,0.14463675119427383,2038,0.8515347326686116,2.827786714826026,503,1.0019655797724536,1.0012400305930125
TOI-2076_b,NIRISS_SOSS,obs10,SOSS_HDU3_ordem_1,jw05959010001_04102_00001-seg002_nis_x1dints.fits,seg002,3,44,60783.07962183742,TDB-MID,2056.8160491449307,0.14463496375940055,2038,0.8515347326686116,2.827786714826026,504,1.00231612383523,1.0015903208177706
TOI-2076_b,NIRISS_SOSS,obs10,SOSS_HDU3_ordem_1,jw05959010001_04102_00001-seg002_nis_x1dints.fits,seg002,3,45,60783.07969891044,TDB-MID,2047.6829026628384,0.14461605577226305,2038,0.8515347326686116,2.827786714826026,505,0.9978654098376628,0.9971428296972703
TOI-2076_b,NIRISS_SOSS,obs10,SOSS_HDU3_ordem_1,jw05959010001_04102_00001-seg002_nis_x1dints.fits,seg002,3,46,60783.07977598345,TDB-MID,2050.4983034895126,0.14462239585726008,2038,0.8515347326686116,2.827786714826026,506,0.9992373952637819,0.9985138216332733
TOI-2076_b,NIRISS_SOSS,obs10,SOSS_HDU3_ordem_1,jw05959010001_04102_00001-seg002_nis_x1dints.fits,seg002,3,47,60783.07985305647,TDB-MID,2054.7179185983973,0.14463573018220416,2038,0.8515347326686116,2.827786714826026,507,1.001293674560986,1.0005686119254786
TOI-2076_b,NIRISS_SOSS,obs10,SOSS_HDU3_ordem_1,jw05959010001_04102_00001-seg002_nis_x1dints.fits,seg002,3,48,60783.07993012948,TDB-MID,2051.5156593270394,0.14462450927641146,2038,0.8515347326686116,2.827786714826026,508,0.9997331674355592,0.9990092348036042
TOI-2076_b,NIRISS_SOSS,obs10,SOSS_HDU3_ordem_1,jw05959010001_04102_00001-seg002_nis_x1dints.fits,seg002,3,49,60783.080007202494,TDB-MID,2059.4993092792083,0.14464259159235218,2038,0.8515347326686116,2.827786714826026,509,1.0036237151962313,1.002896965318063
TOI-2076_b,NIRISS_SOSS,obs10,SOSS_HDU3_ordem_1,jw05959010001_04102_00001-seg002_nis_x1dints.fits,seg002,3,50,60783.08008427551,TDB-MID,2046.878466438325,0.14461457600370906,2038,0.8515347326686116,2.827786714826026,510,0.997473396464001,0.9967511001906268
TOI-2076_b,NIRISS_SOSS,obs10,SOSS_HDU3_ordem_1,jw05959010001_04102_00001-seg002_nis_x1dints.fits,seg002,3,51,60783.080161348524,TDB-MID,2052.7554096737113,0.14462610670574302,2038,0.8515347326686116,2.827786714826026,511,1.0003373156589825,0.9996129455476802
TOI-2076_b,NIRISS_SOSS,obs10,SOSS_HDU3_ordem_1,jw05959010001_04102_00001-seg002_nis_x1dints.fits,seg002,3,52,60783.08023842154,TDB-MID,2055.7687327392296,0.14463301855634644,2038,0.8515347326686116,2.827786714826026,512,1.0018057514464946,1.0010803180028762
TOI-2076_b,NIRISS_SOSS,obs10,SOSS_HDU3_ordem_1,jw05959010001_04102_00001-seg002_nis_x1dints.fits,seg002,3,53,60783.08031549455,TDB-MID,2053.841347879144,0.14462828750231205,2038,0.8515347326686116,2.827786714826026,513,1.000866509007725,1.000141755693838
TOI-2076_b,NIRISS_SOSS,obs10,SOSS_HDU3_ordem_1,jw05959010001_04102_00001-seg002_nis_x1dints.fits,seg002,3,54,60783.08039256757,TDB-MID,2053.684922745012,0.1446283878790407,2038,0.8515347326686116,2.827786714826026,514,1.0007902807839228,1.0000655826688636
TOI-2076_b,NIRISS_SOSS,obs10,SOSS_HDU3_ordem_1,jw05959010001_04102_00001-seg002_nis_x1dints.fits,seg002,3,55,60783.08046964058,TDB-MID,2054.9209264860833,0.14463086304567918,2038,0.8515347326686116,2.827786714826026,515,1.001392603232404,1.0006674689600883
TOI-2076_b,NIRISS_SOSS,obs10,SOSS_HDU3_ordem_1,jw05959010001_04102_00001-seg002_nis_x1dints.fits,seg002,3,56,60783.0805467136,TDB-MID,2056.838175680484,0.144635220448354,2038,0.8515347326686116,2.827786714826026,516,1.0023269064151106,1.0016010955897063
TOI-2076_b,NIRISS_SOSS,obs10,SOSS_HDU3_ordem_1,jw05959010001_04102_00001-seg002_nis_x1dints.fits,seg002,3,57,60783.08062378662,TDB-MID,2053.985576529171,0.14462987534204005,2038,0.8515347326686116,2.827786714826026,517,1.0009367937089264,1.0002119895000703
TOI-2076_b,NIRISS_SOSS,obs10,SOSS_HDU3_ordem_1,jw05959010001_04102_00001-seg002_nis_x1dints.fits,seg002,3,58,60783.08070085963,TDB-MID,2058.422943169081,0.1446372621985947,2038,0.8515347326686116,2.827786714826026,518,1.0030991864675787,1.0023728164142232
TOI-2076_b,NIRISS_SOSS,obs10,SOSS_HDU3_ordem_1,jw05959010001_04102_00001-seg002_nis_x1dints.fits,seg002,3,59,60783.08077793265,TDB-MID,2046.8828139176428,0.14461393136021428,2038,0.8515347326686116,2.827786714826026,519,0.9974755150533713,0.9967532172458717
TOI-2076_b,NIRISS_SOSS,obs10,SOSS_HDU3_ordem_1,jw05959010001_04102_00001-seg002_nis_x1dints.fits,seg002,3,60,60783.08085500565,TDB-MID,2058.7528082782583,0.14463992301576487,2038,0.8515347326686116,2.827786714826026,520,1.0032599344925448,1.0025334480373889
TOI-2076_b,NIRISS_SOSS,obs10,SOSS_HDU3_ordem_1,jw05959010001_04102_00001-seg002_nis_x1dints.fits,seg002,3,61,60783.08093207867,TDB-MID,2054.2816726970336,0.14462970242385767,2038,0.8515347326686116,2.827786714826026,521,1.0010810856417798,1.0003561769474048
TOI-2076_b,NIRISS_SOSS,obs10,SOSS_HDU3_ordem_1,jw05959010001_04102_00001-seg002_nis_x1dints.fits,seg002,3,62,60783.08100915168,TDB-MID,2052.8861816250756,0.14463482896988167,2038,0.8515347326686116,2.827786714826026,522,1.0004010427168555,0.9996766264591431
TOI-2076_b,NIRISS_SOSS,obs10,SOSS_HDU3_ordem_1,jw05959010001_04102_00001-seg002_nis_x1dints.fits,seg002,3,63,60783.0810862247,TDB-MID,2052.8918314693065,0.14462883800193077,2038,0.8515347326686116,2.827786714826026,523,1.0004037959674303,0.9996793777160181
TOI-2076_b,NIRISS_SOSS,obs10,SOSS_HDU3_ordem_1,jw05959010001_04102_00001-seg002_nis_x1dints.fits,seg002,3,64,60783.08116329771,TDB-MID,2054.9571965526147,0.14463253605782794,2038,0.8515347326686116,2.827786714826026,524,1.0014102781589063,1.0006851310877192
TOI-2076_b,NIRISS_SOSS,obs10,SOSS_HDU3_ordem_1,jw05959010001_04102_00001-seg002_nis_x1dints.fits,seg002,3,65,60783.08124037073,TDB-MID,2053.676374222613,0.1446287886104496,2038,0.8515347326686116,2.827786714826026,525,1.0007861149656725,1.0000614198671898
TOI-2076_b,NIRISS_SOSS,obs10,SOSS_HDU3_ordem_1,jw05959010001_04102_00001-seg002_nis_x1dints.fits,seg002,3,66,60783.08131744375,TDB-MID,2056.18341426481,0.14463626282699835,2038,0.8515347326686116,2.827786714826026,526,1.0020078317343835,1.0012822519592044
TOI-2076_b,NIRISS_SOSS,obs10,SOSS_HDU3_ordem_1,jw05959010001_04102_00001-seg002_nis_x1dints.fits,seg002,3,67,60783.08139451676,TDB-MID,2054.4330129639993,0.1446311181373021,2038,0.8515347326686116,2.827786714826026,527,1.0011548359364784,1.0004298738376083
TOI-2076_b,NIRISS_SOSS,obs10,SOSS_HDU3_ordem_1,jw05959010001_04102_00001-seg002_nis_x1dints.fits,seg002,3,68,60783.08147158978,TDB-MID,2053.6037966446247,0.14462960801419214,2038,0.8515347326686116,2.827786714826026,528,1.000750746865216,1.000026077377689
TOI-2076_b,NIRISS_SOSS,obs10,SOSS_HDU3_ordem_1,jw05959010001_04102_00001-seg002_nis_x1dints.fits,seg002,3,69,60783.08154866279,TDB-MID,2052.8377645582596,0.1446281815445689,2038,0.8515347326686116,2.827786714826026,529,1.0003774483819325,0.9996530492094879
TOI-2076_b,NIRISS_SOSS,obs10,SOSS_HDU3_ordem_1,jw05959010001_04102_00001-seg002_nis_x1dints.fits,seg002,3,70,60783.08162573581,TDB-MID,2056.397243961441,0.14463626470973817,2038,0.8515347326686116,2.827786714826026,530,1.002112034029371,1.0013863787986161
TOI-2076_b,NIRISS_SOSS,obs10,SOSS_HDU3_ordem_1,jw05959010001_04102_00001-seg002_nis_x1dints.fits,seg002,3,71,60783.08170280882,TDB-MID,2053.489319887805,0.1446287928097293,2038,0.8515347326686116,2.827786714826026,531,1.0006949606906512,0.9999703315993357
TOI-2076_b,NIRISS_SOSS,obs10,SOSS_HDU3_ordem_1,jw05959010001_04102_00001-seg002_nis_x1dints.fits,seg002,3,72,60783.08177988184,TDB-MID,2053.0505150265217,0.14462839518918874,2038,0.8515347326686116,2.827786714826026,532,1.0004811247533714,0.999756650506186
TOI-2076_b,NIRISS_SOSS,obs10,SOSS_HDU3_ordem_1,jw05959010001_04102_00001-seg002_nis_x1dints.fits,seg002,3,73,60783.08185695485,TDB-MID,2054.2395711127406,0.14465550864097856,2038,0.8515347326686116,2.827786714826026,533,1.0010605689325711,1.0003356750948758
TOI-2076_b,NIRISS_SOSS,obs10,SOSS_HDU3_ordem_1,jw05959010001_04102_00001-seg002_nis_x1dints.fits,seg002,3,74,60783.08193402786,TDB-MID,2057.264898388256,0.14463838395581627,2038,0.8515347326686116,2.827786714826026,534,1.0025348545447377,1.0018088931387168
TOI-2076_b,NIRISS_SOSS,obs10,SOSS_HDU3_ordem_1,jw05959010001_04102_00001-seg002_nis_x1dints.fits,seg002,3,75,60783.08201110088,TDB-MID,2053.5804594575357,0.14462841702118875,2038,0.8515347326686116,2.827786714826026,535,1.000739374317382,1.0000147130650112
TOI-2076_b,NIRISS_SOSS,obs10,SOSS_HDU3_ordem_1,jw05959010001_04102_00001-seg002_nis_x1dints.fits,seg002,3,76,60783.08208817389,TDB-MID,2052.9914238122005,0.14462608807503544,2038,0.8515347326686116,2.827786714826026,536,1.0004523287524283,0.9997278753571717
TOI-2076_b,NIRISS_SOSS,obs10,SOSS_HDU3_ordem_1,jw05959010001_04102_00001-seg002_nis_x1dints.fits,seg002,3,77,60783.08216524691,TDB-MID,2047.857717584883,0.14463151031129698,2038,0.8515347326686116,2.827786714826026,537,0.9979505996703292,0.9972279578417765
TOI-2076_b,NIRISS_SOSS,obs10,SOSS_HDU3_ordem_1,jw05959010001_04102_00001-seg002_nis_x1dints.fits,seg002,3,78,60783.08224231992,TDB-MID,2041.303789065967,0.144610866818762,2038,0.8515347326686116,2.827786714826026,538,0.9947567757833055,0.9940364466851971
TOI-2076_b,NIRISS_SOSS,obs10,SOSS_HDU3_ordem_1,jw05959010001_04102_00001-seg002_nis_x1dints.fits,seg002,3,79,60783.08231939294,TDB-MID,2054.2292319355815,0.14463064778137075,2038,0.8515347326686116,2.827786714826026,539,1.0010555305024313,1.0003306403131935
TOI-2076_b,NIRISS_SOSS,obs10,SOSS_HDU3_ordem_1,jw05959010001_04102_00001-seg002_nis_x1dints.fits,seg002,3,80,60783.08239646595,TDB-MID,2053.4109692064612,0.1446308249833033,2038,0.8515347326686116,2.827786714826026,540,1.000656779273671,0.9999321778305065
TOI-2076_b,NIRISS_SOSS,obs10,SOSS_HDU3_ordem_1,jw05959010001_04102_00001-seg002_nis_x1dints.fits,seg002,3,81,60783.08247353897,TDB-MID,2057.403234400592,0.14463707074104604,2038,0.8515347326686116,2.827786714826026,541,1.0026022676786097,1.0018762574569957
TOI-2076_b,NIRISS_SOSS,obs10,SOSS_HDU3_ordem_1,jw05959010001_04102_00001-seg002_nis_x1dints.fits,seg002,3,82,60783.08255061198,TDB-MID,2050.92165992602,0.1446248877586678,2038,0.8515347326686116,2.827786714826026,542,0.9994437029608737,0.9987199799376281
TOI-2076_b,NIRISS_SOSS,obs10,SOSS_HDU3_ordem_1,jw05959010001_04102_00001-seg002_nis_x1dints.fits,seg002,3,83,60783.082627685,TDB-MID,2049.7635761221973,0.14462202527659668,2038,0.8515347326686116,2.827786714826026,543,0.9988793520215632,0.9981560376594225
TOI-2076_b,NIRISS_SOSS,obs10,SOSS_HDU3_ordem_1,jw05959010001_04102_00001-seg002_nis_x1dints.fits,seg002,3,84,60783.08270475802,TDB-MID,2047.6729404390553,0.1446170099211324,2038,0.8515347326686116,2.827786714826026,544,0.9978605551023396,0.9971379784773865
TOI-2076_b,NIRISS_SOSS,obs10,SOSS_HDU3_ordem_1,jw05959010001_04102_00001-seg002_nis_x1dints.fits,seg002,3,85,60783.08278183102,TDB-MID,2058.953155620027,0.1446482384885608,2038,0.8515347326686116,2.827786714826026,545,1.0033575666415675,1.0026310094884483
TOI-2076_b,NIRISS_SOSS,obs10,SOSS_HDU3_ordem_1,jw05959010001_04102_00001-seg002_nis_x1dints.fits,seg002,3,86,60783.08285890404,TDB-MID,2047.287199960239,0.14461575288599848,2038,0.8515347326686116,2.827786714826026,546,0.9976725782039222,0.9969501376979008
TOI-2076_b,NIRISS_SOSS,obs10,SOSS_HDU3_ordem_1,jw05959010001_04102_00001-seg002_nis_x1dints.fits,seg002,3,87,60783.08293597705,TDB-MID,2061.752642796514,0.14464708078626096,2038,0.8515347326686116,2.827786714826026,547,1.0047217971164462,1.0039942520887715
TOI-2076_b,NIRISS_SOSS,obs10,SOSS_HDU3_ordem_1,jw05959010001_04102_00001-seg002_nis_x1dints.fits,seg002,3,88,60783.08301305007,TDB-MID,2055.023317362003,0.14463400992248002,2038,0.8515347326686116,2.827786714826026,548,1.0014424997829054,1.0007173293792075
TOI-2076_b,NIRISS_SOSS,obs10,SOSS_HDU3_ordem_1,jw05959010001_04102_00001-seg002_nis_x1dints.fits,seg002,3,89,60783.08309012308,TDB-MID,2049.03576632932,0.1446233013713235,2038,0.8515347326686116,2.827786714826026,549,0.9985246798131324,0.9978016222783069
TOI-2076_b,NIRISS_SOSS,obs10,SOSS_HDU3_ordem_1,jw05959010001_04102_00001-seg002_nis_x1dints.fits,seg002,3,90,60783.0831671961,TDB-MID,2060.049593600327,0.14464372631416494,2038,0.8515347326686116,2.827786714826026,550,1.0038918766820288,1.0031649326211962
TOI-2076_b,NIRISS_SOSS,obs10,SOSS_HDU3_ordem_1,jw05959010001_04102_00001-seg002_nis_x1dints.fits,seg002,3,91,60783.08324426911,TDB-MID,2057.0835535041488,0.1446369942467103,2038,0.8515347326686116,2.827786714826026,551,1.002446482567384,1.0017205851537965
TOI-2076_b,NIRISS_SOSS,obs10,SOSS_HDU3_ordem_1,jw05959010001_04102_00001-seg002_nis_x1dints.fits,seg002,3,92,60783.08332134213,TDB-MID,2058.7052730827036,0.14464596100711163,2038,0.8515347326686116,2.827786714826026,552,1.0032367699062057,1.0025103002251254
TOI-2076_b,NIRISS_SOSS,obs10,SOSS_HDU3_ordem_1,jw05959010001_04102_00001-seg002_nis_x1dints.fits,seg002,3,93,60783.08339841514,TDB-MID,2049.0449562387716,0.14461656172367765,2038,0.8515347326686116,2.827786714826026,553,0.9985291581885437,0.9978060974108108
TOI-2076_b,NIRISS_SOSS,obs10,SOSS_HDU3_ordem_1,jw05959010001_04102_00001-seg002_nis_x1dints.fits,seg002,3,94,60783.08347548816,TDB-MID,2053.6342649275994,0.14463201538100506,2038,0.8515347326686116,2.827786714826026,554,1.0007655944989184,1.000040914259836
TOI-2076_b,NIRISS_SOSS,obs10,SOSS_HDU3_ordem_1,jw05959010001_04102_00001-seg002_nis_x1dints.fits,seg002,3,95,60783.08355256118,TDB-MID,2055.942217476887,0.14463939798699962,2038,0.8515347326686116,2.827786714826026,555,1.0018902930611253,1.0011647983987382
TOI-2076_b,NIRISS_SOSS,obs10,SOSS_HDU3_ordem_1,jw05959010001_04102_00001-seg002_nis_x1dints.fits,seg002,3,96,60783.08362963419,TDB-MID,2053.7503968494434,0.1446271018420934,2038,0.8515347326686116,2.827786714826026,556,1.0008221872592697,1.0000974660399067
TOI-2076_b,NIRISS_SOSS,obs10,SOSS_HDU3_ordem_1,jw05959010001_04102_00001-seg002_nis_x1dints.fits,seg002,3,97,60783.0837067072,TDB-MID,2058.0786690583277,0.1446406214597954,2038,0.8515347326686116,2.827786714826026,557,1.0029314167283399,1.0022051681613897
TOI-2076_b,NIRISS_SOSS,obs10,SOSS_HDU3_ordem_1,jw05959010001_04102_00001-seg002_nis_x1dints.fits,seg002,3,98,60783.08378378021,TDB-MID,2054.0700967432895,0.14463178362924675,2038,0.8515347326686116,2.827786714826026,558,1.000977981628204,1.0002531475941108
TOI-2076_b,NIRISS_SOSS,obs10,SOSS_HDU3_ordem_1,jw05959010001_04102_00001-seg002_nis_x1dints.fits,seg002,3,99,60783.08386085323,TDB-MID,2052.5752551818996,0.14463382514342707,2038,0.8515347326686116,2.827786714826026,559,1.0002495237769622,0.9995252172380312
TOI-2076_b,NIRISS_SOSS,obs10,SOSS_HDU3_ordem_1,jw05959010001_04102_00001-seg002_nis_x1dints.fits,seg002,3,100,60783.08393792624,TDB-MID,2062.543032841466,0.1446752557630938,2038,0.8515347326686116,2.827786714826026,560,1.0051069655842357,1.004379141646116
TOI-2076_b,NIRISS_SOSS,obs10,SOSS_HDU3_ordem_1,jw05959010001_04102_00001-seg002_nis_x1dints.fits,seg002,3,101,60783.08401499926,TDB-MID,2054.2170430114925,0.14463159970838685,2038,0.8515347326686116,2.827786714826026,561,1.001049590663936,1.0003247047758888
TOI-2076_b,NIRISS_SOSS,obs10,SOSS_HDU3_ordem_1,jw05959010001_04102_00001-seg002_nis_x1dints.fits,seg002,3,102,60783.08409207227,TDB-MID,2052.585359883664,0.14462901251824983,2038,0.8515347326686116,2.827786714826026,562,1.0002544479438602,0.9995301378392129
TOI-2076_b,NIRISS_SOSS,obs10,SOSS_HDU3_ordem_1,jw05959010001_04102_00001-seg002_nis_x1dints.fits,seg002,3,103,60783.08416914529,TDB-MID,2054.4175921696733,0.14462868310846935,2038,0.8515347326686116,2.827786714826026,563,1.001147321161007,1.0004223645037802
TOI-2076_b,NIRISS_SOSS,obs10,SOSS_HDU3_ordem_1,jw05959010001_04102_00001-seg002_nis_x1dints.fits,seg002,3,104,60783.0842462183,TDB-MID,2055.8117542758346,0.14463458137845586,2038,0.8515347326686116,2.827786714826026,564,1.0018267164617323,1.0011012678368043
TOI-2076_b,NIRISS_SOSS,obs10,SOSS_HDU3_ordem_1,jw05959010001_04102_00001-seg002_nis_x1dints.fits,seg002,3,105,60783.08432329132,TDB-MID,2045.3249457822656,0.14461417249131495,2038,0.8515347326686116,2.827786714826026,565,0.9967163434436657,0.995994595371955
TOI-2076_b,NIRISS_SOSS,obs10,SOSS_HDU3_ordem_1,jw05959010001_04102_00001-seg002_nis_x1dints.fits,seg002,3,106,60783.08440036433,TDB-MID,2051.5565667950696,0.14462499544943583,2038,0.8515347326686116,2.827786714826026,566,0.9997531022346915,0.9990291551674331
TOI-2076_b,NIRISS_SOSS,obs10,SOSS_HDU3_ordem_1,jw05959010001_04102_00001-seg002_nis_x1dints.fits,seg002,3,107,60783.08447743735,TDB-MID,2061.2200949456746,0.14464363260986354,2038,0.8515347326686116,2.827786714826026,567,1.0044622788684083,1.0037349217646063
TOI-2076_b,NIRISS_SOSS,obs10,SOSS_HDU3_ordem_1,jw05959010001_04102_00001-seg002_nis_x1dints.fits,seg002,3,108,60783.08455451036,TDB-MID,2058.966710085011,0.144640574895666,2038,0.8515347326686116,2.827786714826026,568,1.0033641719278348,1.002637609991657
TOI-2076_b,NIRISS_SOSS,obs10,SOSS_HDU3_ordem_1,jw05959010001_04102_00001-seg002_nis_x1dints.fits,seg002,3,109,60783.08463158337,TDB-MID,2039.9174591059627,0.14460243312427357,2038,0.8515347326686116,2.827786714826026,569,0.9940811972003564,0.9933613573061651
TOI-2076_b,NIRISS_SOSS,obs10,SOSS_HDU3_ordem_1,jw05959010001_04102_00001-seg002_nis_x1dints.fits,seg002,3,110,60783.08470865638,TDB-MID,2056.6417759330507,0.14463503966505975,2038,0.8515347326686116,2.827786714826026,570,1.0022311979857392,1.001505456465283
TOI-2076_b,NIRISS_SOSS,obs10,SOSS_HDU3_ordem_1,jw05959010001_04102_00001-seg002_nis_x1dints.fits,seg002,3,111,60783.0847857294,TDB-MID,2050.761375510986,0.14462400761931274,2038,0.8515347326686116,2.827786714826026,571,0.9993655940538303,0.9986419275912637
TOI-2076_b,NIRISS_SOSS,obs10,SOSS_HDU3_ordem_1,jw05959010001_04102_00001-seg002_nis_x1dints.fits,seg002,3,112,60783.08486280242,TDB-MID,2057.1159989638213,0.1446346438479349,2038,0.8515347326686116,2.827786714826026,572,1.0024622937078058,1.0017363848449627
TOI-2076_b,NIRISS_SOSS,obs10,SOSS_HDU3_ordem_1,jw05959010001_04102_00001-seg002_nis_x1dints.fits,seg002,3,113,60783.08493987543,TDB-MID,2051.2030663468895,0.1446240123325142,2038,0.8515347326686116,2.827786714826026,573,0.9995808363681639,0.9988570140430729
TOI-2076_b,NIRISS_SOSS,obs10,SOSS_HDU3_ordem_1,jw05959010001_04102_00001-seg002_nis_x1dints.fits,seg002,3,114,60783.08501694845,TDB-MID,2052.184858897513,0.1446258569649279,2038,0.8515347326686116,2.827786714826026,574,1.000059278037345,0.9993351092602725
TOI-2076_b,NIRISS_SOSS,obs10,SOSS_HDU3_ordem_1,jw05959010001_04102_00001-seg002_nis_x1dints.fits,seg002,3,115,60783.08509402146,TDB-MID,2050.3002861624914,0.14462253454320056,2038,0.8515347326686116,2.827786714826026,575,0.9991408985645488,0.9984173948097947
TOI-2076_b,NIRISS_SOSS,obs10,SOSS_HDU3_ordem_1,jw05959010001_04102_00001-seg002_nis_x1dints.fits,seg002,3,116,60783.08517109448,TDB-MID,2049.6802607857653,0.144621454690158,2038,0.8515347326686116,2.827786714826026,576,0.9988387512565589,0.9981154662944818
TOI-2076_b,NIRISS_SOSS,obs10,SOSS_HDU3_ordem_1,jw05959010001_04102_00001-seg002_nis_x1dints.fits,seg002,3,117,60783.08524816749,TDB-MID,2057.7686457325017,0.14463844563138692,2038,0.8515347326686116,2.827786714826026,577,1.0027803378905558,1.002054198723698
TOI-2076_b,NIRISS_SOSS,obs10,SOSS_HDU3_ordem_1,jw05959010001_04102_00001-seg002_nis_x1dints.fits,seg002,3,118,60783.08532524051,TDB-MID,2053.5175755866053,0.14462974306132315,2038,0.8515347326686116,2.827786714826026,578,1.0007087301001762,0.9999840910380751
TOI-2076_b,NIRISS_SOSS,obs10,SOSS_HDU3_ordem_1,jw05959010001_04102_00001-seg002_nis_x1dints.fits,seg002,3,119,60783.08540231352,TDB-MID,2051.669481862979,0.14462578679544755,2038,0.8515347326686116,2.827786714826026,579,0.9998081273757277,0.999084140463342
TOI-2076_b,NIRISS_SOSS,obs10,SOSS_HDU3_ordem_1,jw05959010001_04102_00001-seg002_nis_x1dints.fits,seg002,3,120,60783.08547938654,TDB-MID,2060.170825649259,0.14464656547563778,2038,0.8515347326686116,2.827786714826026,580,1.0039509548078633,1.0032239679670325
TOI-2076_b,NIRISS_SOSS,obs10,SOSS_HDU3_ordem_1,jw05959010001_04102_00001-seg002_nis_x1dints.fits,seg002,3,121,60783.08555645955,TDB-MID,2050.797733045346,0.14465944978808612,2038,0.8515347326686116,2.827786714826026,581,0.9993833116046668,0.9986596323123634
TOI-2076_b,NIRISS_SOSS,obs10,SOSS_HDU3_ordem_1,jw05959010001_04102_00001-seg002_nis_x1dints.fits,seg002,3,122,60783.08563353256,TDB-MID,2059.5681288749656,0.14464054977231156,2038,0.8515347326686116,2.827786714826026,582,1.0036572519777496,1.0029304778147308
TOI-2076_b,NIRISS_SOSS,obs10,SOSS_HDU3_ordem_1,jw05959010001_04102_00001-seg002_nis_x1dints.fits,seg002,3,123,60783.08571060557,TDB-MID,2054.5923300390396,0.1446336231809493,2038,0.8515347326686116,2.827786714826026,583,1.001232473444792,1.0005074551265951
TOI-2076_b,NIRISS_SOSS,obs10,SOSS_HDU3_ordem_1,jw05959010001_04102_00001-seg002_nis_x1dints.fits,seg002,3,124,60783.08578767859,TDB-MID,2048.8580718781163,0.14462339013667228,2038,0.8515347326686116,2.827786714826026,584,0.9984380867443787,0.997715091913833
TOI-2076_b,NIRISS_SOSS,obs10,SOSS_HDU3_ordem_1,jw05959010001_04102_00001-seg002_nis_x1dints.fits,seg002,3,125,60783.0858647516,TDB-MID,2051.222912613006,0.14462573632704093,2038,0.8515347326686116,2.827786714826026,585,0.9995905077398622,0.998866678411481
TOI-2076_b,NIRISS_SOSS,obs10,SOSS_HDU3_ordem_1,jw05959010001_04102_00001-seg002_nis_x1dints.fits,seg002,3,126,60783.08594182462,TDB-MID,2047.413319835,0.1446162263062725,2038,0.8515347326686116,2.827786714826026,586,0.9977340382377748,0.997011553226954
TOI-2076_b,NIRISS_SOSS,obs10,SOSS_HDU3_ordem_1,jw05959010001_04102_00001-seg002_nis_x1dints.fits,seg002,3,127,60783.08601889763,TDB-MID,2063.5990234200735,0.14465476699486432,2038,0.8515347326686116,2.827786714826026,587,1.005621565022526,1.0048933684496495
TOI-2076_b,NIRISS_SOSS,obs10,SOSS_HDU3_ordem_1,jw05959010001_04102_00001-seg002_nis_x1dints.fits,seg002,3,128,60783.08609597065,TDB-MID,2058.761161869492,0.14464245125498731,2038,0.8515347326686116,2.827786714826026,588,1.0032640053180273,1.0025375159150811
TOI-2076_b,NIRISS_SOSS,obs10,SOSS_HDU3_ordem_1,jw05959010001_04102_00001-seg002_nis_x1dints.fits,seg002,3,129,60783.08617304366,TDB-MID,2056.242971198473,0.1446375085695944,2038,0.8515347326686116,2.827786714826026,589,1.0020368546870784,1.0013112538956288
TOI-2076_b,NIRISS_SOSS,obs10,SOSS_HDU3_ordem_1,jw05959010001_04102_00001-seg002_nis_x1dints.fits,seg002,3,130,60783.08625011668,TDB-MID,2050.60246914723,0.14462543903277117,2038,0.8515347326686116,2.827786714826026,590,0.9992881566910486,0.9985645463028783
TOI-2076_b,NIRISS_SOSS,obs10,SOSS_HDU3_ordem_1,jw05959010001_04102_00001-seg002_nis_x1dints.fits,seg002,3,131,60783.08632718969,TDB-MID,2046.853853241548,0.14461470830620243,2038,0.8515347326686116,2.827786714826026,591,0.9974614020982439,0.9967391145103
TOI-2076_b,NIRISS_SOSS,obs10,SOSS_HDU3_ordem_1,jw05959010001_04102_00001-seg002_nis_x1dints.fits,seg002,3,132,60783.08640426271,TDB-MID,2050.740811887047,0.14462613668876778,2038,0.8515347326686116,2.827786714826026,592,0.9993555731033195,0.9986319138971821
TOI-2076_b,NIRISS_SOSS,obs10,SOSS_HDU3_ordem_1,jw05959010001_04102_00001-seg002_nis_x1dints.fits,seg002,3,133,60783.08648133571,TDB-MID,2055.0194869684274,0.1446348344242643,2038,0.8515347326686116,2.827786714826026,593,1.0014406331768746,1.0007154641248344
TOI-2076_b,NIRISS_SOSS,obs10,SOSS_HDU3_ordem_1,jw05959010001_04102_00001-seg002_nis_x1dints.fits,seg002,3,134,60783.08655840873,TDB-MID,2052.314447823474,0.14462673111305427,2038,0.8515347326686116,2.827786714826026,594,1.0001224285898773,0.9993982140838572
TOI-2076_b,NIRISS_SOSS,obs10,SOSS_HDU3_ordem_1,jw05959010001_04102_00001-seg002_nis_x1dints.fits,seg002,3,135,60783.08663548174,TDB-MID,2051.354630827148,0.14462728138377665,2038,0.8515347326686116,2.827786714826026,595,0.9996546959252336,0.9989308201165279
TOI-2076_b,NIRISS_SOSS,obs10,SOSS_HDU3_ordem_1,jw05959010001_04102_00001-seg002_nis_x1dints.fits,seg002,3,136,60783.08671255476,TDB-MID,2049.676920104491,0.14462064000602237,2038,0.8515347326686116,2.827786714826026,596,0.998837123294395,0.9981138395111674
TOI-2076_b,NIRISS_SOSS,obs10,SOSS_HDU3_ordem_1,jw05959010001_04102_00001-seg002_nis_x1dints.fits,seg002,3,137,60783.08678962777,TDB-MID,2052.548987581551,0.14462507490439058,2038,0.8515347326686116,2.827786714826026,597,1.000236723196485,0.9995124259267854
TOI-2076_b,NIRISS_SOSS,obs10,SOSS_HDU3_ordem_1,jw05959010001_04102_00001-seg002_nis_x1dints.fits,seg002,3,138,60783.08686670079,TDB-MID,2050.7166979402677,0.14462271600788476,2038,0.8515347326686116,2.827786714826026,598,0.9993438220292863,0.9986201713324053
TOI-2076_b,NIRISS_SOSS,obs10,SOSS_HDU3_ordem_1,jw05959010001_04102_00001-seg002_nis_x1dints.fits,seg002,3,139,60783.0869437738,TDB-MID,2049.170977738546,0.14463082377191025,2038,0.8515347326686116,2.827786714826026,599,0.9985905702828465,0.9978674650350285
TOI-2076_b,NIRISS_SOSS,obs10,SOSS_HDU3_ordem_1,jw05959010001_04102_00001-seg002_nis_x1dints.fits,seg002,3,140,60783.08702084682,TDB-MID,2059.6050872157434,0.14464134762691203,2038,0.8515347326686116,2.827786714826026,600,1.003675262310218,1.002948475105452
TOI-2076_b,NIRISS_SOSS,obs10,SOSS_HDU3_ordem_1,jw05959010001_04102_00001-seg002_nis_x1dints.fits,seg002,3,141,60783.08709791983,TDB-MID,2053.3233321353364,0.14463046972098323,2038,0.8515347326686116,2.827786714826026,601,1.0006140724650234,0.9998895019469631
TOI-2076_b,NIRISS_SOSS,obs10,SOSS_HDU3_ordem_1,jw05959010001_04102_00001-seg002_nis_x1dints.fits,seg002,3,142,60783.08717499285,TDB-MID,2055.0245260769057,0.14463458549899125,2038,0.8515347326686116,2.827786714826026,602,1.0014430888071093,1.0007179179768837
TOI-2076_b,NIRISS_SOSS,obs10,SOSS_HDU3_ordem_1,jw05959010001_04102_00001-seg002_nis_x1dints.fits,seg002,3,143,60783.08725206586,TDB-MID,2052.4506693794056,0.14462818510987885,2038,0.8515347326686116,2.827786714826026,603,1.0001888113186495,0.9994645487431791
TOI-2076_b,NIRISS_SOSS,obs10,SOSS_HDU3_ordem_1,jw05959010001_04102_00001-seg002_nis_x1dints.fits,seg002,3,144,60783.08732913888,TDB-MID,2063.013528258329,0.14465032573448974,2038,0.8515347326686116,2.827786714826026,604,1.0053362447862861,1.004608254821169
TOI-2076_b,NIRISS_SOSS,obs10,SOSS_HDU3_ordem_1,jw05959010001_04102_00001-seg002_nis_x1dints.fits,seg002,3,145,60783.08740621189,TDB-MID,2057.8390828590345,0.14464015437799546,2038,0.8515347326686116,2.827786714826026,605,1.0028146629181487,1.0020884988956509
TOI-2076_b,NIRISS_SOSS,obs10,SOSS_HDU3_ordem_1,jw05959010001_04102_00001-seg002_nis_x1dints.fits,seg002,3,146,60783.0874832849,TDB-MID,2059.208221290063,0.14464136618772616,2038,0.8515347326686116,2.827786714826026,606,1.0034818638210943,1.002755216661174
TOI-2076_b,NIRISS_SOSS,obs10,SOSS_HDU3_ordem_1,jw05959010001_04102_00001-seg002_nis_x1dints.fits,seg002,3,147,60783.08756035791,TDB-MID,2059.0431866377085,0.14464108572628706,2038,0.8515347326686116,2.827786714826026,607,1.0034014400548974,1.0026748511319052
TOI-2076_b,NIRISS_SOSS,obs10,SOSS_HDU3_ordem_1,jw05959010001_04102_00001-seg002_nis_x1dints.fits,seg002,3,148,60783.08763743093,TDB-MID,2057.61141251113,0.14463680219915065,2038,0.8515347326686116,2.827786714826026,608,1.0027037158741878,1.0019776321913128
TOI-2076_b,NIRISS_SOSS,obs10,SOSS_HDU3_ordem_1,jw05959010001_04102_00001-seg002_nis_x1dints.fits,seg002,3,149,60783.08771450394,TDB-MID,2050.474460526797,0.1446248685828459,2038,0.8515347326686116,2.827786714826026,609,0.999225776244191,0.9985022110273148
TOI-2076_b,NIRISS_SOSS,obs10,SOSS_HDU3_ordem_1,jw05959010001_04102_00001-seg002_nis_x1dints.fits,seg002,3,150,60783.08779157696,TDB-MID,2052.293571939007,0.14462768305540905,2038,0.8515347326686116,2.827786714826026,610,1.000112255470308,0.9993880483309066
TOI-2076_b,NIRISS_SOSS,obs10,SOSS_HDU3_ordem_1,jw05959010001_04102_00001-seg002_nis_x1dints.fits,seg002,3,151,60783.08786864997,TDB-MID,2058.687289223204,0.14463846545842424,2038,0.8515347326686116,2.827786714826026,611,1.0032280061121113,1.002501542777121
TOI-2076_b,NIRISS_SOSS,obs10,SOSS_HDU3_ordem_1,jw05959010001_04102_00001-seg002_nis_x1dints.fits,seg002,3,152,60783.08794572299,TDB-MID,2055.0978025870495,0.1446314017887802,2038,0.8515347326686116,2.827786714826026,612,1.001478797507285,1.0007536008194664
TOI-2076_b,NIRISS_SOSS,obs10,SOSS_HDU3_ordem_1,jw05959010001_04102_00001-seg002_nis_x1dints.fits,seg002,3,153,60783.088022796,TDB-MID,2048.187874356711,0.14461890849199868,2038,0.8515347326686116,2.827786714826026,613,0.9981114898267115,0.9973887314934371
TOI-2076_b,NIRISS_SOSS,obs10,SOSS_HDU3_ordem_1,jw05959010001_04102_00001-seg002_nis_x1dints.fits,seg002,3,154,60783.08809986902,TDB-MID,2055.8731539894584,0.14463636331105217,2038,0.8515347326686116,2.827786714826026,614,1.0018566374276785,1.0011311671362055
TOI-2076_b,NIRISS_SOSS,obs10,SOSS_HDU3_ordem_1,jw05959010001_04102_00001-seg002_nis_x1dints.fits,seg002,3,155,60783.08817694203,TDB-MID,2065.3625845758716,0.14509573830442987,2038,0.8515347326686116,2.827786714826026,615,1.006480973807556,1.0057521549145607
TOI-2076_b,NIRISS_SOSS,obs10,SOSS_HDU3_ordem_1,jw05959010001_04102_00001-seg002_nis_x1dints.fits,seg002,3,156,60783.08825401505,TDB-MID,2055.864931659965,0.14463487684767912,2038,0.8515347326686116,2.827786714826026,616,1.001852630567935,1.0011271631779328
TOI-2076_b,NIRISS_SOSS,obs10,SOSS_HDU3_ordem_1,jw05959010001_04102_00001-seg002_nis_x1dints.fits,seg002,3,157,60783.08833108805,TDB-MID,2063.6231463525596,0.14464954235031047,2038,0.8515347326686116,2.827786714826026,617,1.0056333204754238,1.00490511539012
TOI-2076_b,NIRISS_SOSS,obs10,SOSS_HDU3_ordem_1,jw05959010001_04102_00001-seg002_nis_x1dints.fits,seg002,3,158,60783.08840816107,TDB-MID,2047.5552366649667,0.1446185202993304,2038,0.8515347326686116,2.827786714826026,618,0.9978031963557205,0.9970806612657185
TOI-2076_b,NIRISS_SOSS,obs10,SOSS_HDU3_ordem_1,jw05959010001_04102_00001-seg002_nis_x1dints.fits,seg002,3,159,60783.08848523408,TDB-MID,2058.0969216854573,0.14463950723536698,2038,0.8515347326686116,2.827786714826026,619,1.0029403114967768,1.0022140564888948
TOI-2076_b,NIRISS_SOSS,obs10,SOSS_HDU3_ordem_1,jw05959010001_04102_00001-seg002_nis_x1dints.fits,seg002,3,160,60783.0885623071,TDB-MID,2050.4814175551855,0.144623254190776,2038,0.8515347326686116,2.827786714826026,620,0.9992291665044579,0.9985055988326067
TOI-2076_b,NIRISS_SOSS,obs10,SOSS_HDU3_ordem_1,jw05959010001_04102_00001-seg002_nis_x1dints.fits,seg002,3,161,60783.08863938011,TDB-MID,2054.328970238849,0.1446305907504778,2038,0.8515347326686116,2.827786714826026,621,1.001104134416024,1.0003792090314358
TOI-2076_b,NIRISS_SOSS,obs10,SOSS_HDU3_ordem_1,jw05959010001_04102_00001-seg002_nis_x1dints.fits,seg002,3,162,60783.08871645313,TDB-MID,2058.0045081794783,0.14464401574180757,2038,0.8515347326686116,2.827786714826026,622,1.0028952770625397,1.002169054665256
TOI-2076_b,NIRISS_SOSS,obs10,SOSS_HDU3_ordem_1,jw05959010001_04102_00001-seg002_nis_x1dints.fits,seg002,3,163,60783.08879352614,TDB-MID,2051.963622618476,0.14462618514470685,2038,0.8515347326686116,2.827786714826026,623,0.9999514664079344,0.99922737570005
TOI-2076_b,NIRISS_SOSS,obs10,SOSS_HDU3_ordem_1,jw05959010001_04102_00001-seg002_nis_x1dints.fits,seg002,3,164,60783.08887059916,TDB-MID,2054.576947090773,0.14463935039172476,2038,0.8515347326686116,2.827786714826026,624,1.0012249771122512,1.0004999642223424
TOI-2076_b,NIRISS_SOSS,obs10,SOSS_HDU3_ordem_1,jw05959010001_04102_00001-seg002_nis_x1dints.fits,seg002,3,165,60783.08894767217,TDB-MID,2043.165663615111,0.14460644223831814,2038,0.8515347326686116,2.827786714826026,625,0.9956640941027737,0.9949431079920139
TOI-2076_b,NIRISS_SOSS,obs10,SOSS_HDU3_ordem_1,jw05959010001_04102_00001-seg002_nis_x1dints.fits,seg002,3,166,60783.08902474518,TDB-MID,2060.6469545761324,0.14466290728558615,2038,0.8515347326686116,2.827786714826026,626,1.0041829793005876,1.003455824444823
TOI-2076_b,NIRISS_SOSS,obs10,SOSS_HDU3_ordem_1,jw05959010001_04102_00001-seg002_nis_x1dints.fits,seg002,3,167,60783.0891018182,TDB-MID,2058.4523193958366,0.14469250962945457,2038,0.8515347326686116,2.827786714826026,627,1.003113501926536,1.0023871215069866
TOI-2076_b,NIRISS_SOSS,obs10,SOSS_HDU3_ordem_1,jw05959010001_04102_00001-seg002_nis_x1dints.fits,seg002,3,168,60783.08917889121,TDB-MID,2042.8094767359123,0.14460724014483803,2038,0.8515347326686116,2.827786714826026,628,0.9954905190996673,0.9947696586790546
TOI-2076_b,NIRISS_SOSS,obs10,SOSS_HDU3_ordem_1,jw05959010001_04102_00001-seg002_nis_x1dints.fits,seg002,3,169,60783.08925596423,TDB-MID,2057.2063012281005,0.14463591500942496,2038,0.8515347326686116,2.827786714826026,629,1.0025062993035145,1.001780358575082
TOI-2076_b,NIRISS_SOSS,obs10,SOSS_HDU3_ordem_1,jw05959010001_04102_00001-seg002_nis_x1dints.fits,seg002,3,170,60783.089333037235,TDB-MID,2052.237510183175,0.1446285493676614,2038,0.8515347326686116,2.827786714826026,630,1.0000849357681767,0.9993607484116781
TOI-2076_b,NIRISS_SOSS,obs10,SOSS_HDU3_ordem_1,jw05959010001_04102_00001-seg002_nis_x1dints.fits,seg002,3,171,60783.08941011025,TDB-MID,2060.4689119301,0.14467440037262014,2038,0.8515347326686116,2.827786714826026,631,1.0040962165514722,1.0033691245228573
TOI-2076_b,NIRISS_SOSS,obs10,SOSS_HDU3_ordem_1,jw05959010001_04102_00001-seg002_nis_x1dints.fits,seg002,3,172,60783.089487183264,TDB-MID,2050.4045872935644,0.14462548181064622,2038,0.8515347326686116,2.827786714826026,632,0.9991917260099357,0.9984681854497144
TOI-2076_b,NIRISS_SOSS,obs10,SOSS_HDU3_ordem_1,jw05959010001_04102_00001-seg002_nis_x1dints.fits,seg002,3,173,60783.08956425628,TDB-MID,2057.5944923314305,0.14463981010509838,2038,0.8515347326686116,2.827786714826026,633,1.0026954704266,1.0019693927144668
TOI-2076_b,NIRISS_SOSS,obs10,SOSS_HDU3_ordem_1,jw05959010001_04102_00001-seg002_nis_x1dints.fits,seg002,3,174,60783.089641329294,TDB-MID,2066.673067193053,0.1446584720443676,2038,0.8515347326686116,2.827786714826026,634,1.0071195908864887,1.0063903095543567
TOI-2076_b,NIRISS_SOSS,obs10,SOSS_HDU3_ordem_1,jw05959010001_04102_00001-seg002_nis_x1dints.fits,seg002,3,175,60783.08971840231,TDB-MID,2052.867495517419,0.1446292479846911,2038,0.8515347326686116,2.827786714826026,635,1.0003919367071061,0.9996675270432909
TOI-2076_b,NIRISS_SOSS,obs10,SOSS_HDU3_ordem_1,jw05959010001_04102_00001-seg002_nis_x1dints.fits,seg002,3,176,60783.08979547532,TDB-MID,2052.7740475817927,0.1446278205862954,2038,0.8515347326686116,2.827786714826026,636,1.0003463981803837,0.9996220214921928
TOI-2076_b,NIRISS_SOSS,obs10,SOSS_HDU3_ordem_1,jw05959010001_04102_00001-seg002_nis_x1dints.fits,seg002,3,177,60783.08987254834,TDB-MID,2056.5360441975085,0.14471306884745316,2038,0.8515347326686116,2.827786714826026,637,1.0021796733861625,1.001453969176001
TOI-2076_b,NIRISS_SOSS,obs10,SOSS_HDU3_ordem_1,jw05959010001_04102_00001-seg002_nis_x1dints.fits,seg002,3,178,60783.08994962135,TDB-MID,2053.8167954605615,0.1446301065906292,2038,0.8515347326686116,2.827786714826026,638,1.0008545442600583,1.0001297996101546
TOI-2076_b,NIRISS_SOSS,obs10,SOSS_HDU3_ordem_1,jw05959010001_04102_00001-seg002_nis_x1dints.fits,seg002,3,179,60783.09002669437,TDB-MID,2057.4309434594106,0.1446392152442203,2038,0.8515347326686116,2.827786714826026,639,1.002615770702588,1.0018897507030853
TOI-2076_b,NIRISS_SOSS,obs10,SOSS_HDU3_ordem_1,jw05959010001_04102_00001-seg002_nis_x1dints.fits,seg002,3,180,60783.09010376738,TDB-MID,2045.6655285130867,0.1446119131620782,2038,0.8515347326686116,2.827786714826026,640,0.9968823143202269,0.9961604460647139
TOI-2076_b,NIRISS_SOSS,obs10,SOSS_HDU3_ordem_1,jw05959010001_04102_00001-seg002_nis_x1dints.fits,seg002,3,181,60783.090180840394,TDB-MID,2052.1037366343935,0.14462682770046048,2038,0.8515347326686116,2.827786714826026,641,1.000019745988594,0.9992956058376999
TOI-2076_b,NIRISS_SOSS,obs10,SOSS_HDU3_ordem_1,jw05959010001_04102_00001-seg002_nis_x1dints.fits,seg002,3,182,60783.090257913405,TDB-MID,2054.5017510929756,0.14463265020543795,2038,0.8515347326686116,2.827786714826026,642,1.0011883330180593,1.0004633466630866
TOI-2076_b,NIRISS_SOSS,obs10,SOSS_HDU3_ordem_1,jw05959010001_04102_00001-seg002_nis_x1dints.fits,seg002,3,183,60783.09033498642,TDB-MID,2055.2331206784484,0.1446357582518793,2038,0.8515347326686116,2.827786714826026,643,1.0015447399647606,1.000819495526304
TOI-2076_b,NIRISS_SOSS,obs10,SOSS_HDU3_ordem_1,jw05959010001_04102_00001-seg002_nis_x1dints.fits,seg002,3,184,60783.090412059435,TDB-MID,2051.684922436477,0.14462384508039094,2038,0.8515347326686116,2.827786714826026,644,0.9998156517898747,0.9990916594288664
TOI-2076_b,NIRISS_SOSS,obs10,SOSS_HDU3_ordem_1,jw05959010001_04102_00001-seg002_nis_x1dints.fits,seg002,3,185,60783.090489132446,TDB-MID,2055.507405587139,0.14463745555553978,2038,0.8515347326686116,2.827786714826026,645,1.0016784029564607,1.000953061729176
TOI-2076_b,NIRISS_SOSS,obs10,SOSS_HDU3_ordem_1,jw05959010001_04102_00001-seg002_nis_x1dints.fits,seg002,3,186,60783.090566205465,TDB-MID,2064.5938449243004,0.14465205046165724,2038,0.8515347326686116,2.827786714826026,646,1.0061063558886996,1.005377808266224
TOI-2076_b,NIRISS_SOSS,obs10,SOSS_HDU3_ordem_1,jw05959010001_04102_00001-seg002_nis_x1dints.fits,seg002,3,187,60783.090643278476,TDB-MID,2067.6287223306963,0.14485547255670062,2038,0.8515347326686116,2.827786714826026,647,1.0075852954173747,1.0068556768565524
TOI-2076_b,NIRISS_SOSS,obs10,SOSS_HDU3_ordem_1,jw05959010001_04102_00001-seg002_nis_x1dints.fits,seg002,3,188,60783.090720351494,TDB-MID,2056.3057817076124,0.14463517365476516,2038,0.8515347326686116,2.827786714826026,648,1.0020674631540256,1.001341840198194
TOI-2076_b,NIRISS_SOSS,obs10,SOSS_HDU3_ordem_1,jw05959010001_04102_00001-seg002_nis_x1dints.fits,seg002,3,189,60783.090797424506,TDB-MID,2055.1301001812785,0.14463276563516983,2038,0.8515347326686116,2.827786714826026,649,1.0014945365907437,1.000769328505848
TOI-2076_b,NIRISS_SOSS,obs10,SOSS_HDU3_ordem_1,jw05959010001_04102_00001-seg002_nis_x1dints.fits,seg002,3,190,60783.090874497524,TDB-MID,2055.202868402438,0.14463293737258626,2038,0.8515347326686116,2.827786714826026,650,1.001529997594367,1.0008047638312418
TOI-2076_b,NIRISS_SOSS,obs10,SOSS_HDU3_ordem_1,jw05959010001_04102_00001-seg002_nis_x1dints.fits,seg002,3,191,60783.090951570535,TDB-MID,2064.3252812552446,0.14465395123528474,2038,0.8515347326686116,2.827786714826026,651,1.0059754809395844,1.005247028087043
TOI-2076_b,NIRISS_SOSS,obs10,SOSS_HDU3_ordem_1,jw05959010001_04102_00001-seg002_nis_x1dints.fits,seg002,3,192,60783.091028643554,TDB-MID,2048.8645421303054,0.14461997681256006,2038,0.8515347326686116,2.827786714826026,652,0.9984412397915834,0.9977182426778347
TOI-2076_b,NIRISS_SOSS,obs10,SOSS_HDU3_ordem_1,jw05959010001_04102_00001-seg002_nis_x1dints.fits,seg002,3,193,60783.091105716565,TDB-MID,2053.56454839642,0.14466079400211035,2038,0.8515347326686116,2.827786714826026,653,1.0007316206278336,1.0000069649901095
TOI-2076_b,NIRISS_SOSS,obs10,SOSS_HDU3_ordem_1,jw05959010001_04102_00001-seg002_nis_x1dints.fits,seg002,3,194,60783.09118278957,TDB-MID,2054.147081146843,0.14463000972789228,2038,0.8515347326686116,2.827786714826026,654,1.001015497238313,1.0002906360381967
TOI-2076_b,NIRISS_SOSS,obs10,SOSS_HDU3_ordem_1,jw05959010001_04102_00001-seg002_nis_x1dints.fits,seg002,3,195,60783.09125986259,TDB-MID,2050.54789236509,0.14462291247979883,2038,0.8515347326686116,2.827786714826026,655,0.9992615606380139,0.9985379695087331
TOI-2076_b,NIRISS_SOSS,obs10,SOSS_HDU3_ordem_1,jw05959010001_04102_00001-seg002_nis_x1dints.fits,seg002,3,196,60783.0913369356,TDB-MID,2045.7373314497993,0.14461357509533024,2038,0.8515347326686116,2.827786714826026,656,0.996917304926818,0.996195411333702
TOI-2076_b,NIRISS_SOSS,obs10,SOSS_HDU3_ordem_1,jw05959010001_04102_00001-seg002_nis_x1dints.fits,seg002,3,197,60783.09141400862,TDB-MID,2052.7364258923485,0.1446267828202435,2038,0.8515347326686116,2.827786714826026,657,1.0003280645885433,0.9996037011761802
TOI-2076_b,NIRISS_SOSS,obs10,SOSS_HDU3_ordem_1,jw05959010001_04102_00001-seg002_nis_x1dints.fits,seg002,3,198,60783.09149108163,TDB-MID,2054.130519541349,0.14464346932741234,2038,0.8515347326686116,2.827786714826026,658,1.0010074265291067,1.0002825711731995
TOI-2076_b,NIRISS_SOSS,obs10,SOSS_HDU3_ordem_1,jw05959010001_04102_00001-seg002_nis_x1dints.fits,seg002,3,199,60783.09156815465,TDB-MID,2055.0180278157486,0.1446307978807364,2038,0.8515347326686116,2.827786714826026,659,1.0014399221107306,1.0007147535735916
TOI-2076_b,NIRISS_SOSS,obs10,SOSS_HDU3_ordem_1,jw05959010001_04102_00001-seg002_nis_x1dints.fits,seg002,3,200,60783.09164522766,TDB-MID,2051.717731591969,0.14462607006178976,2038,0.8515347326686116,2.827786714826026,660,0.9998316401645146,0.9991076362259108
TOI-2076_b,NIRISS_SOSS,obs10,SOSS_HDU3_ordem_1,jw05959010001_04102_00001-seg002_nis_x1dints.fits,seg002,3,201,60783.091722300676,TDB-MID,2052.816683628731,0.1446273708262276,2038,0.8515347326686116,2.827786714826026,661,1.0003671753409473,0.9996427836074774
TOI-2076_b,NIRISS_SOSS,obs10,SOSS_HDU3_ordem_1,jw05959010001_04102_00001-seg002_nis_x1dints.fits,seg002,3,202,60783.09179937369,TDB-MID,2050.2850809557044,0.14462236408684037,2038,0.8515347326686116,2.827786714826026,662,0.9991334888479944,0.9984099904588076
TOI-2076_b,NIRISS_SOSS,obs10,SOSS_HDU3_ordem_1,jw05959010001_04102_00001-seg002_nis_x1dints.fits,seg002,3,203,60783.0918764467,TDB-MID,2056.531742388484,0.14463500060570333,2038,0.8515347326686116,2.827786714826026,663,1.002177577052585,1.0014518743604326
TOI-2076_b,NIRISS_SOSS,obs10,SOSS_HDU3_ordem_1,jw05959010001_04102_00001-seg002_nis_x1dints.fits,seg002,3,204,60783.09195351972,TDB-MID,2053.619195730016,0.14462794587755282,2038,0.8515347326686116,2.827786714826026,664,1.0007582510616104,1.000033576140101
TOI-2076_b,NIRISS_SOSS,obs10,SOSS_HDU3_ordem_1,jw05959010001_04102_00001-seg002_nis_x1dints.fits,seg002,3,205,60783.09203059273,TDB-MID,2054.593983439911,0.14463359845978824,2038,0.8515347326686116,2.827786714826026,665,1.0012332791708816,1.0005082602692377
TOI-2076_b,NIRISS_SOSS,obs10,SOSS_HDU3_ordem_1,jw05959010001_04102_00001-seg002_nis_x1dints.fits,seg002,3,206,60783.09210766574,TDB-MID,2047.71746089866,0.14461463725612192,2038,0.8515347326686116,2.827786714826026,666,0.9978822505643723,0.9971596582291742
TOI-2076_b,NIRISS_SOSS,obs10,SOSS_HDU3_ordem_1,jw05959010001_04102_00001-seg002_nis_x1dints.fits,seg002,3,207,60783.09218473875,TDB-MID,2048.0606601615123,0.14461573248051013,2038,0.8515347326686116,2.827786714826026,667,0.9980494965147275,0.9973267830724131
TOI-2076_b,NIRISS_SOSS,obs10,SOSS_HDU3_ordem_1,jw05959010001_04102_00001-seg002_nis_x1dints.fits,seg002,3,208,60783.09226181177,TDB-MID,2051.402878037222,0.14462330682617378,2038,0.8515347326686116,2.827786714826026,668,0.9996782074865165,0.9989543146524814
TOI-2076_b,NIRISS_SOSS,obs10,SOSS_HDU3_ordem_1,jw05959010001_04102_00001-seg002_nis_x1dints.fits,seg002,3,209,60783.09233888478,TDB-MID,2051.5072597315243,0.1446250029972636,2038,0.8515347326686116,2.827786714826026,669,0.999729074191527,0.9990051445235958
TOI-2076_b,NIRISS_SOSS,obs10,SOSS_HDU3_ordem_1,jw05959010001_04102_00001-seg002_nis_x1dints.fits,seg002,3,210,60783.0924159578,TDB-MID,2044.0963735674613,0.14460799047554446,2038,0.8515347326686116,2.827786714826026,670,0.9961176424851108,0.9953963279482421
TOI-2076_b,NIRISS_SOSS,obs10,SOSS_HDU3_ordem_1,jw05959010001_04102_00001-seg002_nis_x1dints.fits,seg002,3,211,60783.09249303081,TDB-MID,2059.4085213973,0.14464019784502302,2038,0.8515347326686116,2.827786714826026,671,1.0035794729520484,1.0028527551108328
TOI-2076_b,NIRISS_SOSS,obs10,SOSS_HDU3_ordem_1,jw05959010001_04102_00001-seg002_nis_x1dints.fits,seg002,3,212,60783.09257010382,TDB-MID,2051.316541652599,0.14462790331978548,2038,0.8515347326686116,2.827786714826026,672,0.9996361345211596,0.9989122721532464
TOI-2076_b,NIRISS_SOSS,obs10,SOSS_HDU3_ordem_1,jw05959010001_04102_00001-seg002_nis_x1dints.fits,seg002,3,213,60783.09264717684,TDB-MID,2046.9634532306443,0.14461335657392405,2038,0.8515347326686116,2.827786714826026,673,0.9975148117535648,0.9967924854903087
TOI-2076_b,NIRISS_SOSS,obs10,SOSS_HDU3_ordem_1,jw05959010001_04102_00001-seg002_nis_x1dints.fits,seg002,3,214,60783.09272424985,TDB-MID,2049.693320347882,0.14462265896548476,2038,0.8515347326686116,2.827786714826026,674,0.9988451153695214,0.9981218257990255
TOI-2076_b,NIRISS_SOSS,obs10,SOSS_HDU3_ordem_1,jw05959010001_04102_00001-seg002_nis_x1dints.fits,seg002,3,215,60783.09280132287,TDB-MID,2057.1334400441974,0.14461795001168926,2038,0.8515347326686116,2.827786714826026,675,1.0024707929978056,1.001744877980407
TOI-2076_b,NIRISS_SOSS,obs10,SOSS_HDU3_ordem_1,jw05959010001_04102_00001-seg002_nis_x1dints.fits,seg002,3,216,60783.09287839588,TDB-MID,2046.0436911761658,0.1446143251715059,2038,0.8515347326686116,2.827786714826026,676,0.9970665984397495,0.9963445967393414
TOI-2076_b,NIRISS_SOSS,obs10,SOSS_HDU3_ordem_1,jw05959010001_04102_00001-seg002_nis_x1dints.fits,seg002,3,217,60783.0929554689,TDB-MID,2046.559343550536,0.1446175221765563,2038,0.8515347326686116,2.827786714826026,677,0.99731788327844,0.9965956996161838
TOI-2076_b,NIRISS_SOSS,obs10,SOSS_HDU3_ordem_1,jw05959010001_04102_00001-seg002_nis_x1dints.fits,seg002,3,218,60783.09303254191,TDB-MID,2059.067551885275,0.14464109978521653,2038,0.8515347326686116,2.827786714826026,678,1.0034133135914283,1.0026867160705015
TOI-2076_b,NIRISS_SOSS,obs10,SOSS_HDU3_ordem_1,jw05959010001_04102_00001-seg002_nis_x1dints.fits,seg002,3,219,60783.093109614914,TDB-MID,2054.974371587944,0.14463418335845885,2038,0.8515347326686116,2.827786714826026,679,1.0014186478013178,1.0006934946694566
TOI-2076_b,NIRISS_SOSS,obs10,SOSS_HDU3_ordem_1,jw05959010001_04102_00001-seg002_nis_x1dints.fits,seg002,3,220,60783.09318668793,TDB-MID,2047.073375606924,0.1446168238596267,2038,0.8515347326686116,2.827786714826026,680,0.9975683785128096,0.9968460134604783
TOI-2076_b,NIRISS_SOSS,obs10,SOSS_HDU3_ordem_1,jw05959010001_04102_00001-seg002_nis_x1dints.fits,seg002,3,221,60783.093263760944,TDB-MID,2052.620278159336,0.1446290615886665,2038,0.8515347326686116,2.827786714826026,681,1.0002714641231814,0.9995471416966787
TOI-2076_b,NIRISS_SOSS,obs10,SOSS_HDU3_ordem_1,jw05959010001_04102_00001-seg002_nis_x1dints.fits,seg002,3,222,60783.09334083396,TDB-MID,2048.7359824829337,0.14462277605760906,2038,0.8515347326686116,2.827786714826026,682,0.9983785908213515,0.9976556390733418
TOI-2076_b,NIRISS_SOSS,obs10,SOSS_HDU3_ordem_1,jw05959010001_04102_00001-seg002_nis_x1dints.fits,seg002,3,223,60783.09341790697,TDB-MID,2065.443697418015,0.14465328284427778,2038,0.8515347326686116,2.827786714826026,683,1.0065205012653295,1.00579165374948
TOI-2076_b,NIRISS_SOSS,obs10,SOSS_HDU3_ordem_1,jw05959010001_04102_00001-seg002_nis_x1dints.fits,seg002,3,224,60783.09349497999,TDB-MID,2048.146143419336,0.1446215654362788,2038,0.8515347326686116,2.827786714826026,684,0.9980911537390916,0.997368410131704
TOI-2076_b,NIRISS_SOSS,obs10,SOSS_HDU3_ordem_1,jw05959010001_04102_00001-seg002_nis_x1dints.fits,seg002,3,225,60783.093572053,TDB-MID,2048.089578132841,0.1446178103102476,2038,0.8515347326686116,2.827786714826026,685,0.9980635886592065,0.9973408650124059
TOI-2076_b,NIRISS_SOSS,obs10,SOSS_HDU3_ordem_1,jw05959010001_04102_00001-seg002_nis_x1dints.fits,seg002,3,226,60783.093649126014,TDB-MID,2058.615291346692,0.14463837394962678,2038,0.8515347326686116,2.827786714826026,686,1.0031929205085446,1.0024664825799467
TOI-2076_b,NIRISS_SOSS,obs10,SOSS_HDU3_ordem_1,jw05959010001_04102_00001-seg002_nis_x1dints.fits,seg002,3,227,60783.09372619903,TDB-MID,2048.4830803371206,0.14461973469616635,2038,0.8515347326686116,2.827786714826026,687,0.9982553479583807,0.9975324854537142
TOI-2076_b,NIRISS_SOSS,obs10,SOSS_HDU3_ordem_1,jw05959010001_04102_00001-seg002_nis_x1dints.fits,seg002,3,228,60783.093803272044,TDB-MID,2052.758598200675,0.14462658235316123,2038,0.8515347326686116,2.827786714826026,688,1.0003388694741564,0.9996144982376963
TOI-2076_b,NIRISS_SOSS,obs10,SOSS_HDU3_ordem_1,jw05959010001_04102_00001-seg002_nis_x1dints.fits,seg002,3,229,60783.09388034506,TDB-MID,2040.8508470936633,0.14460299091958362,2038,0.8515347326686116,2.827786714826026,689,0.9945360506279419,0.9938158813626248
TOI-2076_b,NIRISS_SOSS,obs10,SOSS_HDU3_ordem_1,jw05959010001_04102_00001-seg002_nis_x1dints.fits,seg002,3,230,60783.09395741807,TDB-MID,2062.4173787247064,0.14464756331674783,2038,0.8515347326686116,2.827786714826026,690,1.0050457325209743,1.0043179529232988
TOI-2076_b,NIRISS_SOSS,obs10,SOSS_HDU3_ordem_1,jw05959010001_04102_00001-seg002_nis_x1dints.fits,seg002,3,231,60783.09403449108,TDB-MID,2048.377274321796,0.14461658169441888,2038,0.8515347326686116,2.827786714826026,691,0.9982037871611948,0.9974809619930345
TOI-2076_b,NIRISS_SOSS,obs10,SOSS_HDU3_ordem_1,jw05959010001_04102_00001-seg002_nis_x1dints.fits,seg002,3,232,60783.094111564096,TDB-MID,2060.5425616135526,0.14464209492883429,2038,0.8515347326686116,2.827786714826026,692,1.0041321071043832,1.0034049890864911
TOI-2076_b,NIRISS_SOSS,obs10,SOSS_HDU3_ordem_1,jw05959010001_04102_00001-seg002_nis_x1dints.fits,seg002,3,233,60783.09418863711,TDB-MID,2048.84155740285,0.1446187671888837,2038,0.8515347326686116,2.827786714826026,693,0.9984300390024121,0.9977070499994444
TOI-2076_b,NIRISS_SOSS,obs10,SOSS_HDU3_ordem_1,jw05959010001_04102_00001-seg002_nis_x1dints.fits,seg002,3,234,60783.094265710126,TDB-MID,2049.936856868331,0.1446237775281032,2038,0.8515347326686116,2.827786714826026,694,0.9989637942281825,0.9982404187192571
TOI-2076_b,NIRISS_SOSS,obs10,SOSS_HDU3_ordem_1,jw05959010001_04102_00001-seg002_nis_x1dints.fits,seg002,3,235,60783.09434278314,TDB-MID,2060.878450939398,0.14464379443082737,2038,0.8515347326686116,2.827786714826026,695,1.004295790817012,1.0035685542715123
TOI-2076_b,NIRISS_SOSS,obs10,SOSS_HDU3_ordem_1,jw05959010001_04102_00001-seg002_nis_x1dints.fits,seg002,3,236,60783.094419856156,TDB-MID,2064.163997710242,0.14464878869816064,2038,0.8515347326686116,2.827786714826026,696,1.005896885142098,1.0051684892028052
TOI-2076_b,NIRISS_SOSS,obs10,SOSS_HDU3_ordem_1,jw05959010001_04102_00001-seg002_nis_x1dints.fits,seg002,3,237,60783.09449692917,TDB-MID,2054.0541078941324,0.1446282628283893,2038,0.8515347326686116,2.827786714826026,697,1.0009701900314212,1.0002453616394245
TOI-2076_b,NIRISS_SOSS,obs10,SOSS_HDU3_ordem_1,jw05959010001_04102_00001-seg002_nis_x1dints.fits,seg002,3,238,60783.09457400218,TDB-MID,2057.1007370678035,0.14463603031098538,2038,0.8515347326686116,2.827786714826026,698,1.0024548563657716,1.0017289528885003
TOI-2076_b,NIRISS_SOSS,obs10,SOSS_HDU3_ordem_1,jw05959010001_04102_00001-seg002_nis_x1dints.fits,seg002,3,239,60783.0946510752,TDB-MID,2048.575096044543,0.14461863528026894,2038,0.8515347326686116,2.827786714826026,699,0.9983001885396441,0.9975772935647534
TOI-2076_b,NIRISS_SOSS,obs10,SOSS_HDU3_ordem_1,jw05959010001_04102_00001-seg002_nis_x1dints.fits,seg002,3,240,60783.09472814821,TDB-MID,2060.914079869114,0.14464442596602495,2038,0.8515347326686116,2.827786714826026,700,1.0043131533082978,1.0035859041901691
TOI-2076_b,NIRISS_SOSS,obs10,SOSS_HDU3_ordem_1,jw05959010001_04102_00001-seg002_nis_x1dints.fits,seg002,3,241,60783.094805221226,TDB-MID,2055.5049563989833,0.14463237870740142,2038,0.8515347326686116,2.827786714826026,701,1.0016772094317505,1.000951869068728
TOI-2076_b,NIRISS_SOSS,obs10,SOSS_HDU3_ordem_1,jw05959010001_04102_00001-seg002_nis_x1dints.fits,seg002,3,242,60783.09488229424,TDB-MID,2048.418838821557,0.1446168163632134,2038,0.8515347326686116,2.827786714826026,702,0.9982240421413653,0.9975012023060502
TOI-2076_b,NIRISS_SOSS,obs10,SOSS_HDU3_ordem_1,jw05959010001_04102_00001-seg002_nis_x1dints.fits,seg002,3,243,60783.09495936724,TDB-MID,2055.596283809021,0.14463434834953756,2038,0.8515347326686116,2.827786714826026,703,1.0017217145957718,1.0009963420054095
TOI-2076_b,NIRISS_SOSS,obs10,SOSS_HDU3_ordem_1,jw05959010001_04102_00001-seg002_nis_x1dints.fits,seg002,3,244,60783.09503644026,TDB-MID,2057.885990020843,0.14464198866118871,2038,0.8515347326686116,2.827786714826026,704,1.002837521454586,1.002111340879631
TOI-2076_b,NIRISS_SOSS,obs10,SOSS_HDU3_ordem_1,jw05959010001_04102_00001-seg002_nis_x1dints.fits,seg002,3,245,60783.09511351327,TDB-MID,2051.0261490839753,0.14462397691008755,2038,0.8515347326686116,2.827786714826026,705,0.999494622034472,0.9987708621394089
TOI-2076_b,NIRISS_SOSS,obs10,SOSS_HDU3_ordem_1,jw05959010001_04102_00001-seg002_nis_x1dints.fits,seg002,3,246,60783.09519058629,TDB-MID,2052.155835220338,0.1446255070192695,2038,0.8515347326686116,2.827786714826026,706,1.0000451343808825,0.9993209758455972
TOI-2076_b,NIRISS_SOSS,obs10,SOSS_HDU3_ordem_1,jw05959010001_04102_00001-seg002_nis_x1dints.fits,seg002,3,247,60783.0952676593,TDB-MID,2060.2449423969883,0.14464729061613282,2038,0.8515347326686116,2.827786714826026,707,1.0039870729679323,1.0032600599730082
TOI-2076_b,NIRISS_SOSS,obs10,SOSS_HDU3_ordem_1,jw05959010001_04102_00001-seg002_nis_x1dints.fits,seg002,3,248,60783.09534473231,TDB-MID,2053.4675174601475,0.1446283310307087,2038,0.8515347326686116,2.827786714826026,708,1.0006843360532227,0.9999597146554816
TOI-2076_b,NIRISS_SOSS,obs10,SOSS_HDU3_ordem_1,jw05959010001_04102_00001-seg002_nis_x1dints.fits,seg002,3,249,60783.09542180533,TDB-MID,2051.5577501858475,0.14462567249055194,2038,0.8515347326686116,2.827786714826026,709,0.9997536789180843,0.9990297314332345
TOI-2076_b,NIRISS_SOSS,obs10,SOSS_HDU3_ordem_1,jw05959010001_04102_00001-seg002_nis_x1dints.fits,seg002,3,250,60783.09549887834,TDB-MID,2055.266616356932,0.14463399398438023,2038,0.8515347326686116,2.827786714826026,710,1.0015610628919551,1.000835806633645
TOI-2076_b,NIRISS_SOSS,obs10,SOSS_HDU3_ordem_1,jw05959010001_04102_00001-seg002_nis_x1dints.fits,seg002,3,251,60783.09557595136,TDB-MID,2050.903027970032,0.14462677697997586,2038,0.8515347326686116,2.827786714826026,711,0.9994346233400135,0.9987109068915562
TOI-2076_b,NIRISS_SOSS,obs10,SOSS_HDU3_ordem_1,jw05959010001_04102_00001-seg002_nis_x1dints.fits,seg002,3,252,60783.09565302437,TDB-MID,2052.6087953588903,0.14462765969061717,2038,0.8515347326686116,2.827786714826026,712,1.000265868388921,0.9995415500144341
TOI-2076_b,NIRISS_SOSS,obs10,SOSS_HDU3_ordem_1,jw05959010001_04102_00001-seg002_nis_x1dints.fits,seg002,3,253,60783.09573009738,TDB-MID,2058.8497089822913,0.14464170119464403,2038,0.8515347326686116,2.827786714826026,713,1.0033071556031072,1.0025806349539244
TOI-2076_b,NIRISS_SOSS,obs10,SOSS_HDU3_ordem_1,jw05959010001_04102_00001-seg002_nis_x1dints.fits,seg002,3,254,60783.09580717039,TDB-MID,2053.8294233585157,0.14463219336790606,2038,0.8515347326686116,2.827786714826026,714,1.000860698016849,1.0001359489108508
TOI-2076_b,NIRISS_SOSS,obs10,SOSS_HDU3_ordem_1,jw05959010001_04102_00001-seg002_nis_x1dints.fits,seg002,3,255,60783.095884243405,TDB-MID,2049.3426534745727,0.14462166795339956,2038,0.8515347326686116,2.827786714826026,715,0.9986742303448937,0.9979510645166619
TOI-2076_b,NIRISS_SOSS,obs10,SOSS_HDU3_ordem_1,jw05959010001_04102_00001-seg002_nis_x1dints.fits,seg002,3,256,60783.09596131642,TDB-MID,2055.959235137879,0.14463727394732476,2038,0.8515347326686116,2.827786714826026,716,1.001898586012753,1.0011730853452252
TOI-2076_b,NIRISS_SOSS,obs10,SOSS_HDU3_ordem_1,jw05959010001_04102_00001-seg002_nis_x1dints.fits,seg002,3,257,60783.096038389434,TDB-MID,2047.5048823485756,0.1446176455138677,2038,0.8515347326686116,2.827786714826026,717,0.9977786579711407,0.9970561406500175
TOI-2076_b,NIRISS_SOSS,obs10,SOSS_HDU3_ordem_1,jw05959010001_04102_00001-seg002_nis_x1dints.fits,seg002,3,258,60783.096115462446,TDB-MID,2058.093894415295,0.14463935086449128,2038,0.8515347326686116,2.827786714826026,718,1.0029388362643679,1.0022125823247399
TOI-2076_b,NIRISS_SOSS,obs10,SOSS_HDU3_ordem_1,jw05959010001_04102_00001-seg002_nis_x1dints.fits,seg002,3,259,60783.096192535464,TDB-MID,2052.701943229154,0.14462923933865834,2038,0.8515347326686116,2.827786714826026,719,1.0003112606894649,0.9995869094452396
TOI-2076_b,NIRISS_SOSS,obs10,SOSS_HDU3_ordem_1,jw05959010001_04102_00001-seg002_nis_x1dints.fits,seg002,3,260,60783.096269608475,TDB-MID,2056.40891717238,0.14463507054147512,2038,0.8515347326686116,2.827786714826026,720,1.0021177225534108,1.0013920632034488
TOI-2076_b,NIRISS_SOSS,obs10,SOSS_HDU3_ordem_1,jw05959010001_04102_00001-seg002_nis_x1dints.fits,seg002,3,261,60783.096346681494,TDB-MID,2052.7943824005188,0.14462620628132142,2038,0.8515347326686116,2.827786714826026,721,1.0003563076308144,0.9996319237669344
TOI-2076_b,NIRISS_SOSS,obs10,SOSS_HDU3_ordem_1,jw05959010001_04102_00001-seg002_nis_x1dints.fits,seg002,3,262,60783.096423754505,TDB-MID,2051.204148880503,0.14462645404993896,2038,0.8515347326686116,2.827786714826026,722,0.9995813639024059,0.9988575411953137
TOI-2076_b,NIRISS_SOSS,obs10,SOSS_HDU3_ordem_1,jw05959010001_04102_00001-seg002_nis_x1dints.fits,seg002,3,263,60783.096500827516,TDB-MID,2060.4263774914552,0.14464456615498014,2038,0.8515347326686116,2.827786714826026,723,1.0040754889060954,1.0033484118869045
TOI-2076_b,NIRISS_SOSS,obs10,SOSS_HDU3_ordem_1,jw05959010001_04102_00001-seg002_nis_x1dints.fits,seg002,3,264,60783.096577900535,TDB-MID,2053.5737802975373,0.14463150112353057,2038,0.8515347326686116,2.827786714826026,724,1.000736119466389,1.0000114605709398
TOI-2076_b,NIRISS_SOSS,obs10,SOSS_HDU3_ordem_1,jw05959010001_04102_00001-seg002_nis_x1dints.fits,seg002,3,265,60783.096654973546,TDB-MID,2051.202268055191,0.1446382581559323,2038,0.8515347326686116,2.827786714826026,725,0.9995804473491063,0.9988566253057141
TOI-2076_b,NIRISS_SOSS,obs10,SOSS_HDU3_ordem_1,jw05959010001_04102_00001-seg002_nis_x1dints.fits,seg002,3,266,60783.096732046564,TDB-MID,2050.6223140456623,0.14462417020940954,2038,0.8515347326686116,2.827786714826026,726,0.9992978273962548,0.9985742100052769
TOI-2076_b,NIRISS_SOSS,obs10,SOSS_HDU3_ordem_1,jw05959010001_04102_00001-seg002_nis_x1dints.fits,seg002,3,267,60783.09680911957,TDB-MID,2048.349504246832,0.14461789268266692,2038,0.8515347326686116,2.827786714826026,727,0.9981902544031692,0.9974674390344288
TOI-2076_b,NIRISS_SOSS,obs10,SOSS_HDU3_ordem_1,jw05959010001_04102_00001-seg002_nis_x1dints.fits,seg002,3,268,60783.09688619258,TDB-MID,2057.671973439121,0.1446405343559308,2038,0.8515347326686116,2.827786714826026,728,1.0027332280877983,1.0020071230343663
TOI-2076_b,NIRISS_SOSS,obs10,SOSS_HDU3_ordem_1,jw05959010001_04102_00001-seg002_nis_x1dints.fits,seg002,3,269,60783.0969632656,TDB-MID,2059.1259924571214,0.14463880112452077,2038,0.8515347326686116,2.827786714826026,729,1.0034417925249102,1.0027151743816514
TOI-2076_b,NIRISS_SOSS,obs10,SOSS_HDU3_ordem_1,jw05959010001_04102_00001-seg002_nis_x1dints.fits,seg002,3,270,60783.09704033861,TDB-MID,2056.756644270182,0.14463512763670788,2038,0.8515347326686116,2.827786714826026,730,1.0022871749830369,1.0015613929281897
TOI-2076_b,NIRISS_SOSS,obs10,SOSS_HDU3_ordem_1,jw05959010001_04102_00001-seg002_nis_x1dints.fits,seg002,3,271,60783.09711741163,TDB-MID,2048.493562712199,0.1446194181066624,2038,0.8515347326686116,2.827786714826026,731,0.9982604561709316,0.9975375899672764
TOI-2076_b,NIRISS_SOSS,obs10,SOSS_HDU3_ordem_1,jw05959010001_04102_00001-seg002_nis_x1dints.fits,seg002,3,272,60783.09719448464,TDB-MID,2058.973625036111,0.144641647849518,2038,0.8515347326686116,2.827786714826026,732,1.0033675416832322,1.0026409773069274
TOI-2076_b,NIRISS_SOSS,obs10,SOSS_HDU3_ordem_1,jw05959010001_04102_00001-seg002_nis_x1dints.fits,seg002,3,273,60783.09727155765,TDB-MID,2048.011084066297,0.1446229474297158,2038,0.8515347326686116,2.827786714826026,733,0.9980253373685503,0.9973026414204981
TOI-2076_b,NIRISS_SOSS,obs10,SOSS_HDU3_ordem_1,jw05959010001_04102_00001-seg002_nis_x1dints.fits,seg002,3,274,60783.09734863067,TDB-MID,2054.1823416760226,0.14463148393266775,2038,0.8515347326686116,2.827786714826026,734,1.0010326802027043,1.000307806559959
TOI-2076_b,NIRISS_SOSS,obs10,SOSS_HDU3_ordem_1,jw05959010001_04102_00001-seg002_nis_x1dints.fits,seg002,3,275,60783.09742570368,TDB-MID,2048.310219747066,0.14461943859213805,2038,0.8515347326686116,2.827786714826026,735,0.9981711104998782,0.997448308993733
TOI-2076_b,NIRISS_SOSS,obs10,SOSS_HDU3_ordem_1,jw05959010001_04102_00001-seg002_nis_x1dints.fits,seg002,3,276,60783.09750277669,TDB-MID,2058.4265917662124,0.1446433434500137,2038,0.8515347326686116,2.827786714826026,736,1.0031009644815803,1.0023745931407189
TOI-2076_b,NIRISS_SOSS,obs10,SOSS_HDU3_ordem_1,jw05959010001_04102_00001-seg002_nis_x1dints.fits,seg002,3,277,60783.09757984971,TDB-MID,2050.7427362073518,0.14462460280547312,2038,0.8515347326686116,2.827786714826026,737,0.9993565108523562,0.9986328509671705
TOI-2076_b,NIRISS_SOSS,obs10,SOSS_HDU3_ordem_1,jw05959010001_04102_00001-seg002_nis_x1dints.fits,seg002,3,278,60783.09765692272,TDB-MID,2044.8745152805727,0.14461381973215126,2038,0.8515347326686116,2.827786714826026,738,0.9964968421641509,0.9957752530389914
TOI-2076_b,NIRISS_SOSS,obs10,SOSS_HDU3_ordem_1,jw05959010001_04102_00001-seg002_nis_x1dints.fits,seg002,3,279,60783.09773399573,TDB-MID,2060.981281224509,0.14464657833304795,2038,0.8515347326686116,2.827786714826026,739,1.0043459014979494,1.0036186286660098
TOI-2076_b,NIRISS_SOSS,obs10,SOSS_HDU3_ordem_1,jw05959010001_04102_00001-seg002_nis_x1dints.fits,seg002,3,280,60783.09781106874,TDB-MID,2053.728426358549,0.14463568359488582,2038,0.8515347326686116,2.827786714826026,740,1.000811480722202,1.000086767255719
TOI-2076_b,NIRISS_SOSS,obs10,SOSS_HDU3_ordem_1,jw05959010001_04102_00001-seg002_nis_x1dints.fits,seg002,3,281,60783.097888141754,TDB-MID,2053.696467412336,0.14463001249111337,2038,0.8515347326686116,2.827786714826026,741,1.0007959066668053,1.0000712044778988
TOI-2076_b,NIRISS_SOSS,obs10,SOSS_HDU3_ordem_1,jw05959010001_04102_00001-seg002_nis_x1dints.fits,seg002,3,282,60783.09796521477,TDB-MID,2054.286874163795,0.14463549883111088,2038,0.8515347326686116,2.827786714826026,742,1.0010836203915472,1.0003587098616944
TOI-2076_b,NIRISS_SOSS,obs10,SOSS_HDU3_ordem_1,jw05959010001_04102_00001-seg002_nis_x1dints.fits,seg002,3,283,60783.098042287784,TDB-MID,2049.1089548776727,0.1446235523208115,2038,0.8515347326686116,2.827786714826026,743,0.9985603456482588,0.9978372622868801
TOI-2076_b,NIRISS_SOSS,obs10,SOSS_HDU3_ordem_1,jw05959010001_04102_00001-seg002_nis_x1dints.fits,seg002,3,284,60783.098119360795,TDB-MID,2062.6978840518614,0.14465115180242757,2038,0.8515347326686116,2.827786714826026,744,1.005182426812302,1.0044545482307563
TOI-2076_b,NIRISS_SOSS,obs10,SOSS_HDU3_ordem_1,jw05959010001_04102_00001-seg002_nis_x1dints.fits,seg002,3,285,60783.09819643381,TDB-MID,2051.361155300902,0.14462913975648095,2038,0.8515347326686116,2.827786714826026,745,0.9996578753953889,0.9989339972843466
TOI-2076_b,NIRISS_SOSS,obs10,SOSS_HDU3_ordem_1,jw05959010001_04102_00001-seg002_nis_x1dints.fits,seg002,3,286,60783.098273506825,TDB-MID,2045.2900134521756,0.14461233433470194,2038,0.8515347326686116,2.827786714826026,746,0.9966993204154241,0.9959775846705283
TOI-2076_b,NIRISS_SOSS,obs10,SOSS_HDU3_ordem_1,jw05959010001_04102_00001-seg002_nis_x1dints.fits,seg002,3,287,60783.09835057984,TDB-MID,2052.949570365364,0.14470605391756014,2038,0.8515347326686116,2.827786714826026,747,1.0004319329641806,0.9997074943380416
TOI-2076_b,NIRISS_SOSS,obs10,SOSS_HDU3_ordem_1,jw05959010001_04102_00001-seg002_nis_x1dints.fits,seg002,3,288,60783.098427652854,TDB-MID,2055.2510460696417,0.14463306477917726,2038,0.8515347326686116,2.827786714826026,748,1.0015534752664064,1.0008282245024918
TOI-2076_b,NIRISS_SOSS,obs10,SOSS_HDU3_ordem_1,jw05959010001_04102_00001-seg002_nis_x1dints.fits,seg002,3,289,60783.098504725865,TDB-MID,2057.8091284585485,0.14463641115837356,2038,0.8515347326686116,2.827786714826026,749,1.0028000657067941,1.0020739122545144
TOI-2076_b,NIRISS_SOSS,obs10,SOSS_HDU3_ordem_1,jw05959010001_04102_00001-seg002_nis_x1dints.fits,seg002,3,290,60783.098581798884,TDB-MID,2046.090295833569,0.1446129315537133,2038,0.8515347326686116,2.827786714826026,750,0.9970893095614274,0.9963672914153088
TOI-2076_b,NIRISS_SOSS,obs10,SOSS_HDU3_ordem_1,jw05959010001_04102_00001-seg002_nis_x1dints.fits,seg002,3,291,60783.098658871895,TDB-MID,2042.380472256426,0.14460617860588718,2038,0.8515347326686116,2.827786714826026,751,0.9952814590297766,0.9945607499949651
TOI-2076_b,NIRISS_SOSS,obs10,SOSS_HDU3_ordem_1,jw05959010001_04102_00001-seg002_nis_x1dints.fits,seg002,3,292,60783.0987359449,TDB-MID,2047.8835692875193,0.14461692088420988,2038,0.8515347326686116,2.827786714826026,752,0.9979631975778532,0.9972405466268299
TOI-2076_b,NIRISS_SOSS,obs10,SOSS_HDU3_ordem_1,jw05959010001_04102_00001-seg002_nis_x1dints.fits,seg002,3,293,60783.09881301792,TDB-MID,2049.594623888317,0.1446186755517998,2038,0.8515347326686116,2.827786714826026,753,0.9987970191613901,0.998073764418602
TOI-2076_b,NIRISS_SOSS,obs10,SOSS_HDU3_ordem_1,jw05959010001_04102_00001-seg002_nis_x1dints.fits,seg002,3,294,60783.09889009093,TDB-MID,2054.7972590500644,0.14463039360685198,2038,0.8515347326686116,2.827786714826026,754,1.0013323383073192,1.0006072476743937
TOI-2076_b,NIRISS_SOSS,obs10,SOSS_HDU3_ordem_1,jw05959010001_04102_00001-seg002_nis_x1dints.fits,seg002,3,295,60783.09896716394,TDB-MID,2056.8702340614113,0.14463410235370397,2038,0.8515347326686116,2.827786714826026,755,1.0023425289264776,1.001616706788409
TOI-2076_b,NIRISS_SOSS,obs10,SOSS_HDU3_ordem_1,jw05959010001_04102_00001-seg002_nis_x1dints.fits,seg002,3,296,60783.09904423696,TDB-MID,2047.137859309765,0.1446154641228984,2038,0.8515347326686116,2.827786714826026,756,0.9975998023511782,0.9968774145440331
TOI-2076_b,NIRISS_SOSS,obs10,SOSS_HDU3_ordem_1,jw05959010001_04102_00001-seg002_nis_x1dints.fits,seg002,3,297,60783.09912130997,TDB-MID,2054.2050561315564,0.14463029036247604,2038,0.8515347326686116,2.827786714826026,757,1.0010437492844702,1.0003188676263168
TOI-2076_b,NIRISS_SOSS,obs10,SOSS_HDU3_ordem_1,jw05959010001_04102_00001-seg002_nis_x1dints.fits,seg002,3,298,60783.09919838299,TDB-MID,2060.15229519875,0.1446462376109061,2038,0.8515347326686116,2.827786714826026,758,1.003941924652087,1.0032149443502254
TOI-2076_b,NIRISS_SOSS,obs10,SOSS_HDU3_ordem_1,jw05959010001_04102_00001-seg002_nis_x1dints.fits,seg002,3,299,60783.099275456,TDB-MID,2053.5671630549214,0.14462862606629248,2038,0.8515347326686116,2.827786714826026,759,1.0007328947886294,1.000008238228253
TOI-2076_b,NIRISS_SOSS,obs10,SOSS_HDU3_ordem_1,jw05959010001_04102_00001-seg002_nis_x1dints.fits,seg002,3,300,60783.09935252901,TDB-MID,2056.5541938844767,0.1446343229715633,2038,0.8515347326686116,2.827786714826026,760,1.0021885179903742,1.001462807375606
TOI-2076_b,NIRISS_SOSS,obs10,SOSS_HDU3_ordem_1,jw05959010001_04102_00001-seg002_nis_x1dints.fits,seg002,3,301,60783.09942960203,TDB-MID,2056.1799037297155,0.14463172244914016,2038,0.8515347326686116,2.827786714826026,761,1.0020061210000035,1.0012805424636115
TOI-2076_b,NIRISS_SOSS,obs10,SOSS_HDU3_ordem_1,jw05959010001_04102_00001-seg002_nis_x1dints.fits,seg002,3,302,60783.09950667504,TDB-MID,2053.4493074105108,0.1446286000718983,2038,0.8515347326686116,2.827786714826026,762,1.0006754620334122,0.9999508470615782
TOI-2076_b,NIRISS_SOSS,obs10,SOSS_HDU3_ordem_1,jw05959010001_04102_00001-seg002_nis_x1dints.fits,seg002,3,303,60783.099583748044,TDB-MID,2052.750111551747,0.14462691603868166,2038,0.8515347326686116,2.827786714826026,763,1.0003347338077406,0.9996103655660237
TOI-2076_b,NIRISS_SOSS,obs10,SOSS_HDU3_ordem_1,jw05959010001_04102_00001-seg002_nis_x1dints.fits,seg002,3,304,60783.09966082106,TDB-MID,2052.242377760478,0.14462571138500233,2038,0.8515347326686116,2.827786714826026,764,1.0000873078087962,0.9993631187346415
TOI-2076_b,NIRISS_SOSS,obs10,SOSS_HDU3_ordem_1,jw05959010001_04102_00001-seg002_nis_x1dints.fits,seg002,3,305,60783.099737894074,TDB-MID,2052.958276277316,0.14462831277094498,2038,0.8515347326686116,2.827786714826026,765,1.0004361754806304,0.9997117337823754
TOI-2076_b,NIRISS_SOSS,obs10,SOSS_HDU3_ordem_1,jw05959010001_04102_00001-seg002_nis_x1dints.fits,seg002,3,306,60783.099814967085,TDB-MID,2055.582789064284,0.14463238361231215,2038,0.8515347326686116,2.827786714826026,766,1.0017151384120424,1.0009897705836648
TOI-2076_b,NIRISS_SOSS,obs10,SOSS_HDU3_ordem_1,jw05959010001_04102_00001-seg002_nis_x1dints.fits,seg002,3,307,60783.0998920401,TDB-MID,2054.2072015796793,0.14463196502746384,2038,0.8515347326686116,2.827786714826026,767,1.0010447947922818,1.0003199123770492
TOI-2076_b,NIRISS_SOSS,obs10,SOSS_HDU3_ordem_1,jw05959010001_04102_00001-seg002_nis_x1dints.fits,seg002,3,308,60783.099969113115,TDB-MID,2059.5014456207377,0.14464424197578732,2038,0.8515347326686116,2.827786714826026,768,1.0036247562662686,1.0028980056342347
TOI-2076_b,NIRISS_SOSS,obs10,SOSS_HDU3_ordem_1,jw05959010001_04102_00001-seg002_nis_x1dints.fits,seg002,3,309,60783.100046186126,TDB-MID,2049.8168494684614,0.14462327601380892,2038,0.8515347326686116,2.827786714826026,769,0.9989053128914979,0.9981819797304201
TOI-2076_b,NIRISS_SOSS,obs10,SOSS_HDU3_ordem_1,jw05959010001_04102_00001-seg002_nis_x1dints.fits,seg002,3,310,60783.100123259144,TDB-MID,2059.194094139207,0.14464081436507625,2038,0.8515347326686116,2.827786714826026,770,1.0034749794567426,1.0027483372819685
TOI-2076_b,NIRISS_SOSS,obs10,SOSS_HDU3_ordem_1,jw05959010001_04102_00001-seg002_nis_x1dints.fits,seg002,3,311,60783.100200332156,TDB-MID,2054.695250837033,0.14463383545226058,2038,0.8515347326686116,2.827786714826026,771,1.0012826282339622,1.000557573597386
TOI-2076_b,NIRISS_SOSS,obs10,SOSS_HDU3_ordem_1,jw05959010001_04102_00001-seg002_nis_x1dints.fits,seg002,3,312,60783.100277405174,TDB-MID,2053.3794336257815,0.14463636815296102,2038,0.8515347326686116,2.827786714826026,772,1.0006414115304045,0.9999168212154201
TOI-2076_b,NIRISS_SOSS,obs10,SOSS_HDU3_ordem_1,jw05959010001_04102_00001-seg002_nis_x1dints.fits,seg002,3,313,60783.100354478185,TDB-MID,2052.6652262376756,0.14462827990054045,2038,0.8515347326686116,2.827786714826026,773,1.0002933679699906,0.9995690296823461
TOI-2076_b,NIRISS_SOSS,obs10,SOSS_HDU3_ordem_1,jw05959010001_04102_00001-seg002_nis_x1dints.fits,seg002,3,314,60783.1004315512,TDB-MID,2058.586917119188,0.14464076492102113,2038,0.8515347326686116,2.827786714826026,774,1.003179093338273,1.0024526654222867
TOI-2076_b,NIRISS_SOSS,obs10,SOSS_HDU3_ordem_1,jw05959010001_04102_00001-seg002_nis_x1dints.fits,seg002,3,315,60783.100508624215,TDB-MID,2053.664390542155,0.14463599885314268,2038,0.8515347326686116,2.827786714826026,775,1.0007802751453585,1.0000555842756407
TOI-2076_b,NIRISS_SOSS,obs10,SOSS_HDU3_ordem_1,jw05959010001_04102_00001-seg002_nis_x1dints.fits,seg002,3,316,60783.10058569722,TDB-MID,2060.577171181857,0.14464607222188847,2038,0.8515347326686116,2.827786714826026,776,1.0041489728461517,1.00342184261534
TOI-2076_b,NIRISS_SOSS,obs10,SOSS_HDU3_ordem_1,jw05959010001_04102_00001-seg002_nis_x1dints.fits,seg002,3,317,60783.10066277023,TDB-MID,2054.576860763591,0.14463466839257205,2038,0.8515347326686116,2.827786714826026,777,1.0012249350437703,1.0004999221843245
TOI-2076_b,NIRISS_SOSS,obs10,SOSS_HDU3_ordem_1,jw05959010001_04102_00001-seg002_nis_x1dints.fits,seg002,3,318,60783.10073984325,TDB-MID,2055.8621222433885,0.14463312355336008,2038,0.8515347326686116,2.827786714826026,778,1.0018512614987203,1.0011257951000967
TOI-2076_b,NIRISS_SOSS,obs10,SOSS_HDU3_ordem_1,jw05959010001_04102_00001-seg002_nis_x1dints.fits,seg002,3,319,60783.10081691626,TDB-MID,2056.446175045815,0.14463407038642417,2038,0.8515347326686116,2.827786714826026,779,1.002135878852463,1.0014102063550554
TOI-2076_b,NIRISS_SOSS,obs10,SOSS_HDU3_ordem_1,jw05959010001_04102_00001-seg002_nis_x1dints.fits,seg002,3,320,60783.10089398927,TDB-MID,2055.9692952831174,0.1446344140346463,2038,0.8515347326686116,2.827786714826026,780,1.0019034884666134,1.001177984249092
TOI-2076_b,NIRISS_SOSS,obs10,SOSS_HDU3_ordem_1,jw05959010001_04102_00001-seg002_nis_x1dints.fits,seg002,3,321,60783.10097106229,TDB-MID,2053.446747643505,0.144630473051422,2038,0.8515347326686116,2.827786714826026,781,1.0006742146220338,0.9999496005534827
TOI-2076_b,NIRISS_SOSS,obs10,SOSS_HDU3_ordem_1,jw05959010001_04102_00001-seg002_nis_x1dints.fits,seg002,3,322,60783.1010481353,TDB-MID,2047.487496708361,0.14461529543738302,2038,0.8515347326686116,2.827786714826026,782,0.9977701856979312,0.9970476745118
TOI-2076_b,NIRISS_SOSS,obs10,SOSS_HDU3_ordem_1,jw05959010001_04102_00001-seg002_nis_x1dints.fits,seg002,3,323,60783.10112520831,TDB-MID,2064.626180541629,0.14465159384853737,2038,0.8515347326686116,2.827786714826026,783,1.0061221135013632,1.0053935544683927
TOI-2076_b,NIRISS_SOSS,obs10,SOSS_HDU3_ordem_1,jw05959010001_04102_00001-seg002_nis_x1dints.fits,seg002,3,324,60783.10120228133,TDB-MID,2048.3290949481534,0.1446185250734823,2038,0.8515347326686116,2.827786714826026,784,0.9981803086575832,0.9974575004908144
TOI-2076_b,NIRISS_SOSS,obs10,SOSS_HDU3_ordem_1,jw05959010001_04102_00001-seg002_nis_x1dints.fits,seg002,3,325,60783.10127935434,TDB-MID,2052.925688116584,0.14462839443763384,2038,0.8515347326686116,2.827786714826026,785,1.000420294799924,0.9996958646012806
TOI-2076_b,NIRISS_SOSS,obs10,SOSS_HDU3_ordem_1,jw05959010001_04102_00001-seg002_nis_x1dints.fits,seg002,3,326,60783.10135642735,TDB-MID,2056.0320963161357,0.14463297647647147,2038,0.8515347326686116,2.827786714826026,786,1.0019340923157103,1.0012085659371506
TOI-2076_b,NIRISS_SOSS,obs10,SOSS_HDU3_ordem_1,jw05959010001_04102_00001-seg002_nis_x1dints.fits,seg002,3,327,60783.101433500364,TDB-MID,2052.3259466634263,0.14463018686478935,2038,0.8515347326686116,2.827786714826026,787,1.0001280321404207,0.9994038135767247
TOI-2076_b,NIRISS_SOSS,obs10,SOSS_HDU3_ordem_1,jw05959010001_04102_00001-seg002_nis_x1dints.fits,seg002,3,328,60783.101510573375,TDB-MID,2051.8387322811777,0.14462405788689897,2038,0.8515347326686116,2.827786714826026,788,0.9998906055454195,0.9991665589084591
TOI-2076_b,NIRISS_SOSS,obs10,SOSS_HDU3_ordem_1,jw05959010001_04102_00001-seg002_nis_x1dints.fits,seg002,3,329,60783.101587646386,TDB-MID,2052.593216147417,0.144626347779866,2038,0.8515347326686116,2.827786714826026,789,1.000258276414489,0.9995339635375471
TOI-2076_b,NIRISS_SOSS,obs10,SOSS_HDU3_ordem_1,jw05959010001_04102_00001-seg002_nis_x1dints.fits,seg002,3,330,60783.101664719405,TDB-MID,2056.727632419025,0.14463534457318775,2038,0.8515347326686116,2.827786714826026,790,1.0022730370895636,1.0015472652723307
TOI-2076_b,NIRISS_SOSS,obs10,SOSS_HDU3_ordem_1,jw05959010001_04102_00001-seg002_nis_x1dints.fits,seg002,3,331,60783.101741792416,TDB-MID,2055.9955314581525,0.14463495533878104,2038,0.8515347326686116,2.827786714826026,791,1.0019162737330822,1.0011907602574188
TOI-2076_b,NIRISS_SOSS,obs10,SOSS_HDU3_ordem_1,jw05959010001_04102_00001-seg002_nis_x1dints.fits,seg002,3,332,60783.10181886543,TDB-MID,2051.6678343820604,0.1446228032030111,2038,0.8515347326686116,2.827786714826026,792,0.9998073245345163,0.9990833382034887
TOI-2076_b,NIRISS_SOSS,obs10,SOSS_HDU3_ordem_1,jw05959010001_04102_00001-seg002_nis_x1dints.fits,seg002,3,333,60783.101895938446,TDB-MID,2051.047409676499,0.14462593522417913,2038,0.8515347326686116,2.827786714826026,793,0.9995049826278257,0.9987812152303891
TOI-2076_b,NIRISS_SOSS,obs10,SOSS_HDU3_ordem_1,jw05959010001_04102_00001-seg002_nis_x1dints.fits,seg002,3,334,60783.10197301146,TDB-MID,2056.342876540343,0.14464529777526214,2038,0.8515347326686116,2.827786714826026,794,1.0020855400009911,1.0013599039552472
TOI-2076_b,NIRISS_SOSS,obs10,SOSS_HDU3_ordem_1,jw05959010001_04102_00001-seg002_nis_x1dints.fits,seg002,3,335,60783.10205008447,TDB-MID,2051.196906852737,0.14462382421993644,2038,0.8515347326686116,2.827786714826026,795,0.999577834757832,0.9988540146062846
TOI-2076_b,NIRISS_SOSS,obs10,SOSS_HDU3_ordem_1,jw05959010001_04102_00001-seg002_nis_x1dints.fits,seg002,3,336,60783.10212715749,TDB-MID,2050.44188763915,0.14462314402838058,2038,0.8515347326686116,2.827786714826026,796,0.9992099030062794,0.9984863492836252
TOI-2076_b,NIRISS_SOSS,obs10,SOSS_HDU3_ordem_1,jw05959010001_04102_00001-seg002_nis_x1dints.fits,seg002,3,337,60783.1022042305,TDB-MID,2053.9000423883117,0.14463270332399222,2038,0.8515347326686116,2.827786714826026,797,1.0008951116885254,1.000170337662698
TOI-2076_b,NIRISS_SOSS,obs10,SOSS_HDU3_ordem_1,jw05959010001_04102_00001-seg002_nis_x1dints.fits,seg002,3,338,60783.10228130351,TDB-MID,2052.053859430133,0.14462434895936988,2038,0.8515347326686116,2.827786714826026,798,0.9999954401076363,0.9992713175572591
TOI-2076_b,NIRISS_SOSS,obs10,SOSS_HDU3_ordem_1,jw05959010001_04102_00001-seg002_nis_x1dints.fits,seg002,3,339,60783.10235837653,TDB-MID,2051.76444605905,0.14462513241448957,2038,0.8515347326686116,2.827786714826026,799,0.9998544047980321,0.9991303843749687
TOI-2076_b,NIRISS_SOSS,obs10,SOSS_HDU3_ordem_1,jw05959010001_04102_00001-seg002_nis_x1dints.fits,seg002,3,340,60783.10243544953,TDB-MID,2052.8420969988483,0.14462688569874865,2038,0.8515347326686116,2.827786714826026,800,1.0003795596427132,0.9996551589414502
TOI-2076_b,NIRISS_SOSS,obs10,SOSS_HDU3_ordem_1,jw05959010001_04102_00001-seg002_nis_x1dints.fits,seg002,3,341,60783.10251252254,TDB-MID,2055.0259237943837,0.14463269725945743,2038,0.8515347326686116,2.827786714826026,801,1.001443769934994,1.000718598611546
TOI-2076_b,NIRISS_SOSS,obs10,SOSS_HDU3_ordem_1,jw05959010001_04102_00001-seg002_nis_x1dints.fits,seg002,3,342,60783.10258959556,TDB-MID,2055.2424439438564,0.14463385737656725,2038,0.8515347326686116,2.827786714826026,802,1.0015492833264525,1.0008240355980302
TOI-2076_b,NIRISS_SOSS,obs10,SOSS_HDU3_ordem_1,jw05959010001_04102_00001-seg002_nis_x1dints.fits,seg002,3,343,60783.10266666857,TDB-MID,2060.7120049696387,0.1446460955176309,2038,0.8515347326686116,2.827786714826026,803,1.00421467929549,1.0034875014849398
TOI-2076_b,NIRISS_SOSS,obs10,SOSS_HDU3_ordem_1,jw05959010001_04102_00001-seg002_nis_x1dints.fits,seg002,3,344,60783.10274374158,TDB-MID,2055.8700847730483,0.1446358672816762,2038,0.8515347326686116,2.827786714826026,804,1.001855141754258,1.001129672545841
TOI-2076_b,NIRISS_SOSS,obs10,SOSS_HDU3_ordem_1,jw05959010001_04102_00001-seg002_nis_x1dints.fits,seg002,3,345,60783.1028208146,TDB-MID,2059.395102768831,0.14464023886274188,2038,0.8515347326686116,2.827786714826026,805,1.0035729338608739,1.0028462207547835
TOI-2076_b,NIRISS_SOSS,obs10,SOSS_HDU3_ordem_1,jw05959010001_04102_00001-seg002_nis_x1dints.fits,seg002,3,346,60783.10289788761,TDB-MID,2060.386402646439,0.14464363037248876,2038,0.8515347326686116,2.827786714826026,806,1.0040560085876078,1.003328945674619
TOI-2076_b,NIRISS_SOSS,obs10,SOSS_HDU3_ordem_1,jw05959010001_04102_00001-seg002_nis_x1dints.fits,seg002,3,347,60783.102974960624,TDB-MID,2051.422249395393,0.1446247778454794,2038,0.8515347326686116,2.827786714826026,807,0.9996876474287241,0.9989637477589828
TOI-2076_b,NIRISS_SOSS,obs10,SOSS_HDU3_ordem_1,jw05959010001_04102_00001-seg002_nis_x1dints.fits,seg002,3,348,60783.103052033635,TDB-MID,2055.4816368015468,0.14463539901554937,2038,0.8515347326686116,2.827786714826026,808,1.001665845455608,1.0009405133215343
TOI-2076_b,NIRISS_SOSS,obs10,SOSS_HDU3_ordem_1,jw05959010001_04102_00001-seg002_nis_x1dints.fits,seg002,3,349,60783.103129106654,TDB-MID,2051.5733987688764,0.14462760390536386,2038,0.8515347326686116,2.827786714826026,809,0.9997613046982757,0.9990373516914013
TOI-2076_b,NIRISS_SOSS,obs10,SOSS_HDU3_ordem_1,jw05959010001_04102_00001-seg002_nis_x1dints.fits,seg002,3,350,60783.103206179665,TDB-MID,2055.871105398159,0.14463398993475354,2038,0.8515347326686116,2.827786714826026,810,1.0018556391195939,1.0011301695510215
TOI-2076_b,NIRISS_SOSS,obs10,SOSS_HDU3_ordem_1,jw05959010001_04102_00001-seg002_nis_x1dints.fits,seg002,3,351,60783.103283252676,TDB-MID,2054.8779749082187,0.14463247632009588,2038,0.8515347326686116,2.827786714826026,811,1.0013716723090695,1.0006465531933766
TOI-2076_b,NIRISS_SOSS,obs10,SOSS_HDU3_ordem_1,jw05959010001_04102_00001-seg002_nis_x1dints.fits,seg002,3,352,60783.10336032569,TDB-MID,2053.8700794097012,0.14463121825781614,2038,0.8515347326686116,2.827786714826026,812,1.0008805102969272,1.0001557468443447
TOI-2076_b,NIRISS_SOSS,obs10,SOSS_HDU3_ordem_1,jw05959010001_04102_00001-seg002_nis_x1dints.fits,seg002,3,353,60783.1034373987,TDB-MID,2052.53787381636,0.1446265683723119,2038,0.8515347326686116,2.827786714826026,813,1.0002313072984264,0.9995070139505184
TOI-2076_b,NIRISS_SOSS,obs10,SOSS_HDU3_ordem_1,jw05959010001_04102_00001-seg002_nis_x1dints.fits,seg002,3,354,60783.10351447171,TDB-MID,2050.9378450879203,0.1446235257477533,2038,0.8515347326686116,2.827786714826026,814,0.9994515902236877,0.9987278614890712
TOI-2076_b,NIRISS_SOSS,obs10,SOSS_HDU3_ordem_1,jw05959010001_04102_00001-seg002_nis_x1dints.fits,seg002,3,355,60783.10359154473,TDB-MID,2049.9087234495337,0.14462143162308813,2038,0.8515347326686116,2.827786714826026,815,0.9989500844074668,0.998226718826177
TOI-2076_b,NIRISS_SOSS,obs10,SOSS_HDU3_ordem_1,jw05959010001_04102_00001-seg002_nis_x1dints.fits,seg002,3,356,60783.10366861774,TDB-MID,2048.6633683764185,0.14461757273535633,2038,0.8515347326686116,2.827786714826026,816,0.9983432049200172,0.9976202787958534
TOI-2076_b,NIRISS_SOSS,obs10,SOSS_HDU3_ordem_1,jw05959010001_04102_00001-seg002_nis_x1dints.fits,seg002,3,357,60783.10374569075,TDB-MID,2058.074377052115,0.1446360510464846,2038,0.8515347326686116,2.827786714826026,817,1.0029293251718137,1.0022030781194138
TOI-2076_b,NIRISS_SOSS,obs10,SOSS_HDU3_ordem_1,jw05959010001_04102_00001-seg002_nis_x1dints.fits,seg002,3,358,60783.10382276377,TDB-MID,2047.2862844970084,0.14461383251385462,2038,0.8515347326686116,2.827786714826026,818,0.9976721320854872,0.9969496919025117
TOI-2076_b,NIRISS_SOSS,obs10,SOSS_HDU3_ordem_1,jw05959010001_04102_00001-seg002_nis_x1dints.fits,seg002,3,359,60783.10389983678,TDB-MID,2050.7882970088535,0.14462166385958877,2038,0.8515347326686116,2.827786714826026,819,0.9993787132879989,0.9986550373254556
TOI-2076_b,NIRISS_SOSS,obs10,SOSS_HDU3_ordem_1,jw05959010001_04102_00001-seg002_nis_x1dints.fits,seg002,3,360,60783.10397690979,TDB-MID,2044.425872010421,0.1446085845868815,2038,0.8515347326686116,2.827786714826026,820,0.9962782118283412,0.99555678101906
TOI-2076_b,NIRISS_SOSS,obs10,SOSS_HDU3_ordem_1,jw05959010001_04102_00001-seg002_nis_x1dints.fits,seg002,3,361,60783.10405398281,TDB-MID,2049.4967719630067,0.1446179438456433,2038,0.8515347326686116,2.827786714826026,821,0.9987493345069808,0.9980261142938838
TOI-2076_b,NIRISS_SOSS,obs10,SOSS_HDU3_ordem_1,jw05959010001_04102_00001-seg002_nis_x1dints.fits,seg002,3,362,60783.10413105582,TDB-MID,2068.560150294834,0.14465817920387614,2038,0.8515347326686116,2.827786714826026,822,1.0080391936972108,1.0073092464569098
TOI-2076_b,NIRISS_SOSS,obs10,SOSS_HDU3_ordem_1,jw05959010001_04102_00001-seg002_nis_x1dints.fits,seg002,3,363,60783.10420812883,TDB-MID,2051.895341694086,0.14462267709358123,2038,0.8515347326686116,2.827786714826026,823,0.999918192128742,0.9991941255156233
TOI-2076_b,NIRISS_SOSS,obs10,SOSS_HDU3_ordem_1,jw05959010001_04102_00001-seg002_nis_x1dints.fits,seg002,3,364,60783.104285201836,TDB-MID,2056.57821776694,0.14463489493369575,2038,0.8515347326686116,2.827786714826026,824,1.0022002251747673,1.001474506082524
TOI-2076_b,NIRISS_SOSS,obs10,SOSS_HDU3_ordem_1,jw05959010001_04102_00001-seg002_nis_x1dints.fits,seg002,3,365,60783.104362274855,TDB-MID,2053.5583865292447,0.14463134755571222,2038,0.8515347326686116,2.827786714826026,825,1.0007286178610935,1.0000039643977507
TOI-2076_b,NIRISS_SOSS,obs10,SOSS_HDU3_ordem_1,jw05959010001_04102_00001-seg002_nis_x1dints.fits,seg002,3,366,60783.104439347866,TDB-MID,2049.751463236529,0.14462187642197727,2038,0.8515347326686116,2.827786714826026,826,0.998873449237687,0.9981501391499047
TOI-2076_b,NIRISS_SOSS,obs10,SOSS_HDU3_ordem_1,jw05959010001_04102_00001-seg002_nis_x1dints.fits,seg002,3,367,60783.10451642088,TDB-MID,2054.030550592169,0.14462846180531205,2038,0.8515347326686116,2.827786714826026,827,1.0009587102184345,1.0002338901392673
TOI-2076_b,NIRISS_SOSS,obs10,SOSS_HDU3_ordem_1,jw05959010001_04102_00001-seg002_nis_x1dints.fits,seg002,3,368,60783.104593493896,TDB-MID,2049.5965103783783,0.14462174904388084,2038,0.8515347326686116,2.827786714826026,828,0.9987979384752036,0.9980746830667165
TOI-2076_b,NIRISS_SOSS,obs10,SOSS_HDU3_ordem_1,jw05959010001_04102_00001-seg002_nis_x1dints.fits,seg002,3,369,60783.10467056691,TDB-MID,2048.995811971494,0.14461741491300187,2038,0.8515347326686116,2.827786714826026,829,0.9985052094783481,0.9977821660424955
TOI-2076_b,NIRISS_SOSS,obs10,SOSS_HDU3_ordem_1,jw05959010001_04102_00001-seg002_nis_x1dints.fits,seg002,3,370,60783.10474763992,TDB-MID,2059.8979001132566,0.14464690468234345,2038,0.8515347326686116,2.827786714826026,830,1.0038179542580792,1.0030910637263848
TOI-2076_b,NIRISS_SOSS,obs10,SOSS_HDU3_ordem_1,jw05959010001_04102_00001-seg002_nis_x1dints.fits,seg002,3,371,60783.10482471294,TDB-MID,2052.202778028935,0.1446266163974791,2038,0.8515347326686116,2.827786714826026,831,1.0000680102885138,0.9993438351881925
TOI-2076_b,NIRISS_SOSS,obs10,SOSS_HDU3_ordem_1,jw05959010001_04102_00001-seg002_nis_x1dints.fits,seg002,3,372,60783.10490178595,TDB-MID,2050.5748896192063,0.14463379911641044,2038,0.8515347326686116,2.827786714826026,832,0.999274716789295,0.9985511161333049
TOI-2076_b,NIRISS_SOSS,obs10,SOSS_HDU3_ordem_1,jw05959010001_04102_00001-seg002_nis_x1dints.fits,seg002,3,373,60783.10497885896,TDB-MID,2056.2715117178705,0.14471400975073556,2038,0.8515347326686116,2.827786714826026,833,1.0020507628937878,1.0013251520310464
TOI-2076_b,NIRISS_SOSS,obs10,SOSS_HDU3_ordem_1,jw05959010001_04102_00001-seg002_nis_x1dints.fits,seg002,3,374,60783.10505593197,TDB-MID,2052.760625152138,0.14463104920087286,2038,0.8515347326686116,2.827786714826026,834,1.0003398572368367,0.9996154852851121
TOI-2076_b,NIRISS_SOSS,obs10,SOSS_HDU3_ordem_1,jw05959010001_04102_00001-seg002_nis_x1dints.fits,seg002,3,375,60783.10513300499,TDB-MID,2061.6788285204607,0.14467461394045447,2038,0.8515347326686116,2.827786714826026,835,1.0046858263551872,1.0039583073748708
TOI-2076_b,NIRISS_SOSS,obs10,SOSS_HDU3_ordem_1,jw05959010001_04102_00001-seg002_nis_x1dints.fits,seg002,3,376,60783.10521007799,TDB-MID,2051.705540427063,0.14463000678047486,2038,0.8515347326686116,2.827786714826026,836,0.999825699234037,0.9991016995974145
TOI-2076_b,NIRISS_SOSS,obs10,SOSS_HDU3_ordem_1,jw05959010001_04102_00001-seg002_nis_x1dints.fits,seg002,3,377,60783.105287151004,TDB-MID,2058.6010982419384,0.1446432123738928,2038,0.8515347326686116,2.827786714826026,837,1.0031860040039073,1.0024595710837292
TOI-2076_b,NIRISS_SOSS,obs10,SOSS_HDU3_ordem_1,jw05959010001_04102_00001-seg002_nis_x1dints.fits,seg002,3,378,60783.10536422402,TDB-MID,2059.232732935953,0.14464151282898738,2038,0.8515347326686116,2.827786714826026,838,1.0034938086996397,1.002767152890124
TOI-2076_b,NIRISS_SOSS,obs10,SOSS_HDU3_ordem_1,jw05959010001_04102_00001-seg002_nis_x1dints.fits,seg002,3,379,60783.10544129703,TDB-MID,2046.9518532131162,0.1446163635564739,2038,0.8515347326686116,2.827786714826026,839,0.9975091588977297,0.9967868367278526
TOI-2076_b,NIRISS_SOSS,obs10,SOSS_HDU3_ordem_1,jw05959010001_04102_00001-seg002_nis_x1dints.fits,seg002,3,380,60783.105518370045,TDB-MID,2057.5347542862546,0.14463942956216647,2038,0.8515347326686116,2.827786714826026,840,1.0026663592156528,1.0019403025837001
TOI-2076_b,NIRISS_SOSS,obs10,SOSS_HDU3_ordem_1,jw05959010001_04102_00001-seg002_nis_x1dints.fits,seg002,3,381,60783.105595443056,TDB-MID,2054.559383505447,0.14463315235363053,2038,0.8515347326686116,2.827786714826026,841,1.0012164181238223,1.0004914114316985
TOI-2076_b,NIRISS_SOSS,obs10,SOSS_HDU3_ordem_1,jw05959010001_04102_00001-seg002_nis_x1dints.fits,seg002,3,382,60783.105672516074,TDB-MID,2051.0939931514813,0.14462594390072706,2038,0.8515347326686116,2.827786714826026,842,0.9995276834270045,0.9988038995913323
TOI-2076_b,NIRISS_SOSS,obs10,SOSS_HDU3_ordem_1,jw05959010001_04102_00001-seg002_nis_x1dints.fits,seg002,3,383,60783.105749589085,TDB-MID,2047.470146732569,0.14461617679380262,2038,0.8515347326686116,2.827786714826026,843,0.997761730804509,0.9970392257407847
TOI-2076_b,NIRISS_SOSS,obs10,SOSS_HDU3_ordem_1,jw05959010001_04102_00001-seg002_nis_x1dints.fits,seg002,3,384,60783.1058266621,TDB-MID,2046.2261321645974,0.14461719218290053,2038,0.8515347326686116,2.827786714826026,844,0.9971555045645484,0.9964334384849167
TOI-2076_b,NIRISS_SOSS,obs10,SOSS_HDU3_ordem_1,jw05959010001_04102_00001-seg002_nis_x1dints.fits,seg002,3,385,60783.105903735115,TDB-MID,2056.473875188193,0.14463293125349141,2038,0.8515347326686116,2.827786714826026,845,1.002149377531331,1.001423695259181
TOI-2076_b,NIRISS_SOSS,obs10,SOSS_HDU3_ordem_1,jw05959010001_04102_00001-seg002_nis_x1dints.fits,seg002,3,386,60783.105980808126,TDB-MID,2044.127203759057,0.14460848203241405,2038,0.8515347326686116,2.827786714826026,846,0.9961326664821036,0.9954113410659703
TOI-2076_b,NIRISS_SOSS,obs10,SOSS_HDU3_ordem_1,jw05959010001_04102_00001-seg002_nis_x1dints.fits,seg002,3,387,60783.10605788114,TDB-MID,2046.8495791832863,0.14461594135293718,2038,0.8515347326686116,2.827786714826026,847,0.9974593192880131,0.996737033208286
TOI-2076_b,NIRISS_SOSS,obs10,SOSS_HDU3_ordem_1,jw05959010001_04102_00001-seg002_nis_x1dints.fits,seg002,3,388,60783.10613495415,TDB-MID,2053.114160745955,0.14462780503077086,2038,0.8515347326686116,2.827786714826026,848,1.00051214023034,0.999787643524046
TOI-2076_b,NIRISS_SOSS,obs10,SOSS_HDU3_ordem_1,jw05959010001_04102_00001-seg002_nis_x1dints.fits,seg002,3,389,60783.10621202716,TDB-MID,2055.16571604432,0.14463125464952067,2038,0.8515347326686116,2.827786714826026,849,1.0015118927144506,1.0007866720615368
TOI-2076_b,NIRISS_SOSS,obs10,SOSS_HDU3_ordem_1,jw05959010001_04102_00001-seg002_nis_x1dints.fits,seg002,3,390,60783.10628910017,TDB-MID,2051.154504065262,0.14462208376454508,2038,0.8515347326686116,2.827786714826026,850,0.999557171267969,0.9988333660793888
TOI-2076_b,NIRISS_SOSS,obs10,SOSS_HDU3_ordem_1,jw05959010001_04102_00001-seg002_nis_x1dints.fits,seg002,3,391,60783.10636617318,TDB-MID,2047.8182725797137,0.14461451099685732,2038,0.8515347326686116,2.827786714826026,851,0.9979313775504404,0.9972087496411216
TOI-2076_b,NIRISS_SOSS,obs10,SOSS_HDU3_ordem_1,jw05959010001_04102_00001-seg002_nis_x1dints.fits,seg002,3,392,60783.1064432462,TDB-MID,2053.278012791506,0.1446303586752143,2038,0.8515347326686116,2.827786714826026,852,1.0005919876951863,0.9998674331692787
TOI-2076_b,NIRISS_SOSS,obs10,SOSS_HDU3_ordem_1,jw05959010001_04102_00001-seg002_nis_x1dints.fits,seg002,3,393,60783.10652031921,TDB-MID,2050.499688324952,0.1446215193203757,2038,0.8515347326686116,2.827786714826026,853,0.9992380701140633,0.9985144959948782
TOI-2076_b,NIRISS_SOSS,obs10,SOSS_HDU3_ordem_1,jw05959010001_04102_00001-seg002_nis_x1dints.fits,seg002,3,394,60783.10659739222,TDB-MID,2048.1511126235814,0.1446176932237251,2038,0.8515347326686116,2.827786714826026,854,0.9980935753039855,0.9973708299430801
TOI-2076_b,NIRISS_SOSS,obs10,SOSS_HDU3_ordem_1,jw05959010001_04102_00001-seg002_nis_x1dints.fits,seg002,3,395,60783.106674465234,TDB-MID,2048.47650492726,0.14461767715411675,2038,0.8515347326686116,2.827786714826026,855,0.9982521436663261,0.9975292834819703
TOI-2076_b,NIRISS_SOSS,obs10,SOSS_HDU3_ordem_1,jw05959010001_04102_00001-seg002_nis_x1dints.fits,seg002,3,396,60783.10675153825,TDB-MID,2053.1704729170165,0.14462969803356515,2038,0.8515347326686116,2.827786714826026,856,1.0005395819634237,0.9998150653858615
TOI-2076_b,NIRISS_SOSS,obs10,SOSS_HDU3_ordem_1,jw05959010001_04102_00001-seg002_nis_x1dints.fits,seg002,3,397,60783.106828611264,TDB-MID,2059.6121415287644,0.14464176552740837,2038,0.8515347326686116,2.827786714826026,857,1.0036786999786893,1.0029519102846187
TOI-2076_b,NIRISS_SOSS,obs10,SOSS_HDU3_ordem_1,jw05959010001_04102_00001-seg002_nis_x1dints.fits,seg002,3,398,60783.106905684275,TDB-MID,2063.6652024790274,0.14465919482986675,2038,0.8515347326686116,2.827786714826026,858,1.0056538150323786,1.0049255951064362
TOI-2076_b,NIRISS_SOSS,obs10,SOSS_HDU3_ordem_1,jw05959010001_04102_00001-seg002_nis_x1dints.fits,seg002,3,399,60783.106982757294,TDB-MID,2052.372154019948,0.14462641977111873,2038,0.8515347326686116,2.827786714826026,859,1.0001505496516492,0.9994263147824411
TOI-2076_b,NIRISS_SOSS,obs10,SOSS_HDU3_ordem_1,jw05959010001_04102_00001-seg002_nis_x1dints.fits,seg002,3,400,60783.1070598303,TDB-MID,2047.895515745923,0.14461801756104753,2038,0.8515347326686116,2.827786714826026,860,0.9979690192593234,0.99724636409267
TOI-2076_b,NIRISS_SOSS,obs10,SOSS_HDU3_ordem_1,jw05959010001_04102_00001-seg002_nis_x1dints.fits,seg002,3,401,60783.10713690331,TDB-MID,2055.964828262103,0.14463362342539957,2038,0.8515347326686116,2.827786714826026,861,1.0019013116228503,1.0011758089816378
TOI-2076_b,NIRISS_SOSS,obs10,SOSS_HDU3_ordem_1,jw05959010001_04102_00001-seg002_nis_x1dints.fits,seg002,3,402,60783.10721397632,TDB-MID,2050.4231972053785,0.1446234977124465,2038,0.8515347326686116,2.827786714826026,862,0.999200794888352,0.9984772477611215
TOI-2076_b,NIRISS_SOSS,obs10,SOSS_HDU3_ordem_1,jw05959010001_04102_00001-seg002_nis_x1dints.fits,seg002,3,403,60783.10729104934,TDB-MID,2049.832113226962,0.1446227054020595,2038,0.8515347326686116,2.827786714826026,863,0.9989127511411467,0.9981894125938402
TOI-2076_b,NIRISS_SOSS,obs10,SOSS_HDU3_ordem_1,jw05959010001_04102_00001-seg002_nis_x1dints.fits,seg002,3,404,60783.10736812235,TDB-MID,2047.9627520923852,0.14461557789341065,2038,0.8515347326686116,2.827786714826026,864,0.9980017845006267,0.9972791056078151
TOI-2076_b,NIRISS_SOSS,obs10,SOSS_HDU3_ordem_1,jw05959010001_04102_00001-seg002_nis_x1dints.fits,seg002,3,405,60783.10744519536,TDB-MID,2051.185562129569,0.14462637866514344,2038,0.8515347326686116,2.827786714826026,865,0.9995723063106204,0.9988484901623647
TOI-2076_b,NIRISS_SOSS,obs10,SOSS_HDU3_ordem_1,jw05959010001_04102_00001-seg002_nis_x1dints.fits,seg002,3,406,60783.10752226837,TDB-MID,2057.2255865470706,0.14463784544870031,2038,0.8515347326686116,2.827786714826026,866,1.0025156973175786,1.001789749783801
TOI-2076_b,NIRISS_SOSS,obs10,SOSS_HDU3_ordem_1,jw05959010001_04102_00001-seg002_nis_x1dints.fits,seg002,3,407,60783.10759934139,TDB-MID,2048.1454489419107,0.14461731026637836,2038,0.8515347326686116,2.827786714826026,867,0.9980908153102265,0.997368071947904
TOI-2076_b,NIRISS_SOSS,obs10,SOSS_HDU3_ordem_1,jw05959010001_04102_00001-seg002_nis_x1dints.fits,seg002,3,408,60783.1076764144,TDB-MID,2051.0751864242766,0.14462597763458862,2038,0.8515347326686116,2.827786714826026,868,0.9995185186376099,0.9987947414383986
TOI-2076_b,NIRISS_SOSS,obs10,SOSS_HDU3_ordem_1,jw05959010001_04102_00001-seg002_nis_x1dints.fits,seg002,3,409,60783.10775348741,TDB-MID,2050.9588060630813,0.14462208379217473,2038,0.8515347326686116,2.827786714826026,869,0.9994618048091797,0.9987380686779177
TOI-2076_b,NIRISS_SOSS,obs10,SOSS_HDU3_ordem_1,jw05959010001_04102_00001-seg002_nis_x1dints.fits,seg002,3,410,60783.107830560424,TDB-MID,2052.204207087034,0.14462689566464157,2038,0.8515347326686116,2.827786714826026,870,1.0000687066891352,0.999344531084532
TOI-2076_b,NIRISS_SOSS,obs10,SOSS_HDU3_ordem_1,jw05959010001_04102_00001-seg002_nis_x1dints.fits,seg002,3,411,60783.10790763344,TDB-MID,2044.554636382708,0.14461005530206708,2038,0.8515347326686116,2.827786714826026,871,0.9963409605639768,0.9956194843167139
TOI-2076_b,NIRISS_SOSS,obs10,SOSS_HDU3_ordem_1,jw05959010001_04102_00001-seg002_nis_x1dints.fits,seg002,3,412,60783.107984706454,TDB-MID,2057.7795665617723,0.14463898317097942,2038,0.8515347326686116,2.827786714826026,872,1.002785659768158,1.0020595167475908
TOI-2076_b,NIRISS_SOSS,obs10,SOSS_HDU3_ordem_1,jw05959010001_04102_00001-seg002_nis_x1dints.fits,seg002,3,413,60783.10806177946,TDB-MID,2039.5296281075678,0.14460046468997703,2038,0.8515347326686116,2.827786714826026,873,0.9938922015615991,0.9931724985240359
TOI-2076_b,NIRISS_SOSS,obs10,SOSS_HDU3_ordem_1,jw05959010001_04102_00001-seg002_nis_x1dints.fits,seg002,3,414,60783.10813885247,TDB-MID,2058.6878397900055,0.1446411562985118,2038,0.8515347326686116,2.827786714826026,874,1.0032282744112537,1.002501810881981
TOI-2076_b,NIRISS_SOSS,obs10,SOSS_HDU3_ordem_1,jw05959010001_04102_00001-seg002_nis_x1dints.fits,seg002,3,415,60783.10821592549,TDB-MID,2051.543029146725,0.14462449495494906,2038,0.8515347326686116,2.827786714826026,875,0.9997465051434153,0.9990225628532813
TOI-2076_b,NIRISS_SOSS,obs10,SOSS_HDU3_ordem_1,jw05959010001_04102_00001-seg002_nis_x1dints.fits,seg002,3,416,60783.1082929985,TDB-MID,2048.332798259681,0.1446180346825728,2038,0.8515347326686116,2.827786714826026,876,0.9981821133346993,0.997459303861117
TOI-2076_b,NIRISS_SOSS,obs10,SOSS_HDU3_ordem_1,jw05959010001_04102_00001-seg002_nis_x1dints.fits,seg002,3,417,60783.10837007151,TDB-MID,2058.1741184287384,0.14463785202210425,2038,0.8515347326686116,2.827786714826026,877,1.0029779305830973,1.0022516483342625
TOI-2076_b,NIRISS_SOSS,obs10,SOSS_HDU3_ordem_1,jw05959010001_04102_00001-seg002_nis_x1dints.fits,seg002,3,418,60783.10844714453,TDB-MID,2057.1350770974295,0.14463718305672627,2038,0.8515347326686116,2.827786714826026,878,1.002471590757455,1.0017456751623781
TOI-2076_b,NIRISS_SOSS,obs10,SOSS_HDU3_ordem_1,jw05959010001_04102_00001-seg002_nis_x1dints.fits,seg002,3,419,60783.10852421754,TDB-MID,2059.5912796587345,0.14463981002892734,2038,0.8515347326686116,2.827786714826026,879,1.0036685336885571,1.00294175135616
TOI-2076_b,NIRISS_SOSS,obs10,SOSS_HDU3_ordem_1,jw05959010001_04102_00001-seg002_nis_x1dints.fits,seg002,3,420,60783.10860129055,TDB-MID,2053.345746566437,0.14462806064436037,2038,0.8515347326686116,2.827786714826026,880,1.0006249953405562,0.9999004169129594
TOI-2076_b,NIRISS_SOSS,obs10,SOSS_HDU3_ordem_1,jw05959010001_04102_00001-seg002_nis_x1dints.fits,seg002,3,421,60783.10867836356,TDB-MID,2051.071145627342,0.14462321594246588,2038,0.8515347326686116,2.827786714826026,881,0.9995165494989879,0.9987927737256809
TOI-2076_b,NIRISS_SOSS,obs10,SOSS_HDU3_ordem_1,jw05959010001_04102_00001-seg002_nis_x1dints.fits,seg002,3,422,60783.10875543658,TDB-MID,2057.6438644386326,0.1446367031980011,2038,0.8515347326686116,2.827786714826026,882,1.0027195301664766,1.0019934350320638
TOI-2076_b,NIRISS_SOSS,obs10,SOSS_HDU3_ordem_1,jw05959010001_04102_00001-seg002_nis_x1dints.fits,seg002,3,423,60783.10883250959,TDB-MID,2053.9657749467333,0.14462827810872828,2038,0.8515347326686116,2.827786714826026,883,1.0009271441122292,1.0002023468908956
TOI-2076_b,NIRISS_SOSS,obs10,SOSS_HDU3_ordem_1,jw05959010001_04102_00001-seg002_nis_x1dints.fits,seg002,3,424,60783.108909582596,TDB-MID,2055.008670058458,0.14463030777562663,2038,0.8515347326686116,2.827786714826026,884,1.0014353619406466,1.0007101967056449
TOI-2076_b,NIRISS_SOSS,obs10,SOSS_HDU3_ordem_1,jw05959010001_04102_00001-seg002_nis_x1dints.fits,seg002,3,425,60783.10898665561,TDB-MID,2054.4151407051636,0.14463161928167056,2038,0.8515347326686116,2.827786714826026,885,1.0011461265269967,1.0004211707348352
TOI-2076_b,NIRISS_SOSS,obs10,SOSS_HDU3_ordem_1,jw05959010001_04102_00001-seg002_nis_x1dints.fits,seg002,3,426,60783.109063728625,TDB-MID,2057.0432458596138,0.14463466702549987,2038,0.8515347326686116,2.827786714826026,886,1.0024268400708913,1.0017009568809434
TOI-2076_b,NIRISS_SOSS,obs10,SOSS_HDU3_ordem_1,jw05959010001_04102_00001-seg002_nis_x1dints.fits,seg002,3,427,60783.10914080164,TDB-MID,2055.022747791503,0.1446340618362333,2038,0.8515347326686116,2.827786714826026,887,1.0014422222229866,1.0007170520202768
TOI-2076_b,NIRISS_SOSS,obs10,SOSS_HDU3_ordem_1,jw05959010001_04102_00001-seg002_nis_x1dints.fits,seg002,3,428,60783.10921787465,TDB-MID,2055.8461674604173,0.14463188238451496,2038,0.8515347326686116,2.827786714826026,888,1.0018434865028811,1.0011180257343328
TOI-2076_b,NIRISS_SOSS,obs10,SOSS_HDU3_ordem_1,jw05959010001_04102_00001-seg002_nis_x1dints.fits,seg002,3,429,60783.10929494766,TDB-MID,2046.5829380112875,0.14461389443934042,2038,0.8515347326686116,2.827786714826026,889,0.9973293811994399,0.9966071892112418
TOI-2076_b,NIRISS_SOSS,obs10,SOSS_HDU3_ordem_1,jw05959010001_04102_00001-seg002_nis_x1dints.fits,seg002,3,430,60783.10937202068,TDB-MID,2046.8992956199102,0.1446165439055221,2038,0.8515347326686116,2.827786714826026,890,0.9974835468245828,0.9967612432010701
TOI-2076_b,NIRISS_SOSS,obs10,SOSS_HDU3_ordem_1,jw05959010001_04102_00001-seg002_nis_x1dints.fits,seg002,3,431,60783.10944909369,TDB-MID,2060.7449344800434,0.14464451957430977,2038,0.8515347326686116,2.827786714826026,891,1.0042307263208146,1.0035035368901986
TOI-2076_b,NIRISS_SOSS,obs10,SOSS_HDU3_ordem_1,jw05959010001_04102_00001-seg002_nis_x1dints.fits,seg002,3,432,60783.1095261667,TDB-MID,2048.4742597275676,0.14462274072076384,2038,0.8515347326686116,2.827786714826026,892,0.998251049548136,0.9975281901560595
TOI-2076_b,NIRISS_SOSS,obs10,SOSS_HDU3_ordem_1,jw05959010001_04102_00001-seg002_nis_x1dints.fits,seg002,3,433,60783.10960323971,TDB-MID,2053.542104349297,0.14463441535477897,2038,0.8515347326686116,2.827786714826026,893,1.000720683319986,0.9999960356022494
TOI-2076_b,NIRISS_SOSS,obs10,SOSS_HDU3_ordem_1,jw05959010001_04102_00001-seg002_nis_x1dints.fits,seg002,3,434,60783.10968031273,TDB-MID,2052.099031724331,0.1446251574392047,2038,0.8515347326686116,2.827786714826026,894,1.000017453218067,0.9992933147274273
TOI-2076_b,NIRISS_SOSS,obs10,SOSS_HDU3_ordem_1,jw05959010001_04102_00001-seg002_nis_x1dints.fits,seg002,3,435,60783.10975738574,TDB-MID,2058.8355490410254,0.14463872865539698,2038,0.8515347326686116,2.827786714826026,895,1.003300255259516,1.0025737396070502
TOI-2076_b,NIRISS_SOSS,obs10,SOSS_HDU3_ordem_1,jw05959010001_04102_00001-seg002_nis_x1dints.fits,seg002,3,436,60783.10983445875,TDB-MID,2045.532379623389,0.14461292783509486,2038,0.8515347326686116,2.827786714826026,896,0.9968174289460243,0.9960956076756882
TOI-2076_b,NIRISS_SOSS,obs10,SOSS_HDU3_ordem_1,jw05959010001_04102_00001-seg002_nis_x1dints.fits,seg002,3,437,60783.109911531756,TDB-MID,2054.344695521262,0.1446317110177871,2038,0.8515347326686116,2.827786714826026,897,1.0011117975729318,1.0003868666392535
TOI-2076_b,NIRISS_SOSS,obs10,SOSS_HDU3_ordem_1,jw05959010001_04102_00001-seg002_nis_x1dints.fits,seg002,3,438,60783.10998860477,TDB-MID,2065.5509903189327,0.14465536282361227,2038,0.8515347326686116,2.827786714826026,898,1.0065727866433085,1.0058439012662652
TOI-2076_b,NIRISS_SOSS,obs10,SOSS_HDU3_ordem_1,jw05959010001_04102_00001-seg002_nis_x1dints.fits,seg002,3,439,60783.110065677785,TDB-MID,2049.102109721225,0.14462128451633088,2038,0.8515347326686116,2.827786714826026,899,0.9985570099048021,0.9978339289589214
TOI-2076_b,NIRISS_SOSS,obs10,SOSS_HDU3_ordem_1,jw05959010001_04102_00001-seg002_nis_x1dints.fits,seg002,3,440,60783.1101427508,TDB-MID,2051.698157233159,0.1446267774894868,2038,0.8515347326686116,2.827786714826026,900,0.9998221012971681,0.9990981042659047
TOI-2076_b,NIRISS_SOSS,obs10,SOSS_HDU3_ordem_1,jw05959010001_04102_00001-seg002_nis_x1dints.fits,seg002,3,441,60783.11021982381,TDB-MID,2058.067505688464,0.1446388477352205,2038,0.8515347326686116,2.827786714826026,901,1.0029259766572087,1.0021997320295548
TOI-2076_b,NIRISS_SOSS,obs10,SOSS_HDU3_ordem_1,jw05959010001_04102_00001-seg002_nis_x1dints.fits,seg002,3,442,60783.11029689682,TDB-MID,2062.212599759609,0.1446479853520575,2038,0.8515347326686116,2.827786714826026,902,1.0049459407779915,1.0042182334420968
TOI-2076_b,NIRISS_SOSS,obs10,SOSS_HDU3_ordem_1,jw05959010001_04102_00001-seg002_nis_x1dints.fits,seg002,3,443,60783.11037396984,TDB-MID,2052.5669227173985,0.1446287826378462,2038,0.8515347326686116,2.827786714826026,903,1.0002454632468412,0.9995211596482452
TOI-2076_b,NIRISS_SOSS,obs10,SOSS_HDU3_ordem_1,jw05959010001_04102_00001-seg002_nis_x1dints.fits,seg002,3,444,60783.11045104285,TDB-MID,2065.5377850622353,0.14465436351703065,2038,0.8515347326686116,2.827786714826026,904,1.0065663515312757,1.0058374708140634
TOI-2076_b,NIRISS_SOSS,obs10,SOSS_HDU3_ordem_1,jw05959010001_04102_00001-seg002_nis_x1dints.fits,seg002,3,445,60783.11052811586,TDB-MID,2053.08008363463,0.14462789567133585,2038,0.8515347326686116,2.827786714826026,905,1.0004955339625363,0.9997710492812703
TOI-2076_b,NIRISS_SOSS,obs10,SOSS_HDU3_ordem_1,jw05959010001_04102_00001-seg002_nis_x1dints.fits,seg002,3,446,60783.11060518887,TDB-MID,2053.4662470934577,0.14463062059370557,2038,0.8515347326686116,2.827786714826026,906,1.0006837169852136,0.9999590960357558
TOI-2076_b,NIRISS_SOSS,obs10,SOSS_HDU3_ordem_1,jw05959010001_04102_00001-seg002_nis_x1dints.fits,seg002,3,447,60783.11068226189,TDB-MID,2053.90993162411,0.1446521312196995,2038,0.8515347326686116,2.827786714826026,907,1.000899930855751,1.0001751533402399
TOI-2076_b,NIRISS_SOSS,obs10,SOSS_HDU3_ordem_1,jw05959010001_04102_00001-seg002_nis_x1dints.fits,seg002,3,448,60783.1107593349,TDB-MID,2049.1096470733764,0.1446199253090852,2038,0.8515347326686116,2.827786714826026,908,0.998560682965208,0.9978375993595694
TOI-2076_b,NIRISS_SOSS,obs10,SOSS_HDU3_ordem_1,jw05959010001_04102_00001-seg002_nis_x1dints.fits,seg002,3,449,60783.110836407905,TDB-MID,2048.8172863941504,0.1446194555966087,2038,0.8515347326686116,2.827786714826026,909,0.9984182113898401,0.9976952309515524
TOI-2076_b,NIRISS_SOSS,obs10,SOSS_HDU3_ordem_1,jw05959010001_04102_00001-seg002_nis_x1dints.fits,seg002,3,450,60783.110913480916,TDB-MID,2047.3542478287404,0.1446167668176999,2038,0.8515347326686116,2.827786714826026,910,0.997705251597197,0.9969827874315269
TOI-2076_b,NIRISS_SOSS,obs10,SOSS_HDU3_ordem_1,jw05959010001_04102_00001-seg002_nis_x1dints.fits,seg002,3,451,60783.11099055393,TDB-MID,2052.9666262200662,0.14462746289431772,2038,0.8515347326686116,2.827786714826026,911,1.000440244528154,0.9997157998833966
TOI-2076_b,NIRISS_SOSS,obs10,SOSS_HDU3_ordem_1,jw05959010001_04102_00001-seg002_nis_x1dints.fits,seg002,3,452,60783.111067626945,TDB-MID,2060.7356199889673,0.14464276159126324,2038,0.8515347326686116,2.827786714826026,912,1.0042261872349811,1.0034990010912344
TOI-2076_b,NIRISS_SOSS,obs10,SOSS_HDU3_ordem_1,jw05959010001_04102_00001-seg002_nis_x1dints.fits,seg002,3,453,60783.11114469996,TDB-MID,2053.6858869029666,0.144629245937795,2038,0.8515347326686116,2.827786714826026,913,1.000790750631999,1.0000660521767106
TOI-2076_b,NIRISS_SOSS,obs10,SOSS_HDU3_ordem_1,jw05959010001_04102_00001-seg002_nis_x1dints.fits,seg002,3,454,60783.11122177297,TDB-MID,2054.239767600524,0.14462856540366945,2038,0.8515347326686116,2.827786714826026,914,1.0010606646839015,1.00033577077687
TOI-2076_b,NIRISS_SOSS,obs10,SOSS_HDU3_ordem_1,jw05959010001_04102_00001-seg002_nis_x1dints.fits,seg002,3,455,60783.11129884598,TDB-MID,2043.1878027505602,0.14460987264460118,2038,0.8515347326686116,2.827786714826026,915,0.9956748828227653,0.9949538888996144
TOI-2076_b,NIRISS_SOSS,obs10,SOSS_HDU3_ordem_1,jw05959010001_04102_00001-seg002_nis_x1dints.fits,seg002,3,456,60783.111375919,TDB-MID,2052.289467120731,0.1446241567982259,2038,0.8515347326686116,2.827786714826026,916,1.0001102551331629,0.9993860494422574
TOI-2076_b,NIRISS_SOSS,obs10,SOSS_HDU3_ordem_1,jw05959010001_04102_00001-seg002_nis_x1dints.fits,seg002,3,457,60783.11145299201,TDB-MID,2050.1874993661822,0.1446233566545632,2038,0.8515347326686116,2.827786714826026,917,0.9990859359321134,0.9983624719772224
TOI-2076_b,NIRISS_SOSS,obs10,SOSS_HDU3_ordem_1,jw05959010001_04102_00001-seg002_nis_x1dints.fits,seg002,3,458,60783.11153006502,TDB-MID,2052.5692458573485,0.14462658568841466,2038,0.8515347326686116,2.827786714826026,918,1.0002465953464428,0.9995222909280642
TOI-2076_b,NIRISS_SOSS,obs10,SOSS_HDU3_ordem_1,jw05959010001_04102_00001-seg002_nis_x1dints.fits,seg002,3,459,60783.11160713803,TDB-MID,2059.7355000322714,0.14464148633449805,2038,0.8515347326686116,2.827786714826026,919,1.0037388143565058,1.0030119811320601
TOI-2076_b,NIRISS_SOSS,obs10,SOSS_HDU3_ordem_1,jw05959010001_04102_00001-seg003_nis_x1dints.fits,seg003,3,0,60783.11168421104,TDB-MID,2051.489691848704,0.144571791001371,2038,0.8515347326686116,2.827786714826026,920,0.9997205131088672,1.0001593195523901
TOI-2076_b,NIRISS_SOSS,obs10,SOSS_HDU3_ordem_1,jw05959010001_04102_00001-seg003_nis_x1dints.fits,seg003,3,1,60783.11176128405,TDB-MID,2052.079570005164,0.1445702757155479,2038,0.8515347326686116,2.827786714826026,921,1.000007969241643,1.0004469018580329
TOI-2076_b,NIRISS_SOSS,obs10,SOSS_HDU3_ordem_1,jw05959010001_04102_00001-seg003_nis_x1dints.fits,seg003,3,2,60783.111838357065,TDB-MID,2047.8591814909485,0.1445630046490043,2038,0.8515347326686116,2.827786714826026,922,0.9979513130528672,0.9983893429429691
TOI-2076_b,NIRISS_SOSS,obs10,SOSS_HDU3_ordem_1,jw05959010001_04102_00001-seg003_nis_x1dints.fits,seg003,3,3,60783.111915430076,TDB-MID,2040.5035871657137,0.1445471188497129,2038,0.8515347326686116,2.827786714826026,923,0.9943668258569224,0.9948032824112193
TOI-2076_b,NIRISS_SOSS,obs10,SOSS_HDU3_ordem_1,jw05959010001_04102_00001-seg003_nis_x1dints.fits,seg003,3,4,60783.11199250309,TDB-MID,2051.4151450859836,0.14457027923909574,2038,0.8515347326686116,2.827786714826026,924,0.9996841853962917,1.0001229758945236
TOI-2076_b,NIRISS_SOSS,obs10,SOSS_HDU3_ordem_1,jw05959010001_04102_00001-seg003_nis_x1dints.fits,seg003,3,5,60783.112069576106,TDB-MID,2049.506476697059,0.14456269335558306,2038,0.8515347326686116,2.827786714826026,925,0.9987540637638447,0.9991924460046085
TOI-2076_b,NIRISS_SOSS,obs10,SOSS_HDU3_ordem_1,jw05959010001_04102_00001-seg003_nis_x1dints.fits,seg003,3,6,60783.11214664912,TDB-MID,2055.012466650466,0.14457675132870926,2038,0.8515347326686116,2.827786714826026,926,1.0014372120746862,1.0018767720273727
TOI-2076_b,NIRISS_SOSS,obs10,SOSS_HDU3_ordem_1,jw05959010001_04102_00001-seg003_nis_x1dints.fits,seg003,3,7,60783.11222372213,TDB-MID,2061.418169884855,0.1445906169946246,2038,0.8515347326686116,2.827786714826026,927,1.0045588036428776,1.0049997337529994
TOI-2076_b,NIRISS_SOSS,obs10,SOSS_HDU3_ordem_1,jw05959010001_04102_00001-seg003_nis_x1dints.fits,seg003,3,8,60783.11230079514,TDB-MID,2047.9155339120875,0.14456258319452725,2038,0.8515347326686116,2.827786714826026,928,0.9979787744003943,0.9984168163440812
TOI-2076_b,NIRISS_SOSS,obs10,SOSS_HDU3_ordem_1,jw05959010001_04102_00001-seg003_nis_x1dints.fits,seg003,3,9,60783.11237786815,TDB-MID,2052.5401139812325,0.1445705292736962,2038,0.8515347326686116,2.827786714826026,929,1.000232398963076,1.0006714300882056
TOI-2076_b,NIRISS_SOSS,obs10,SOSS_HDU3_ordem_1,jw05959010001_04102_00001-seg003_nis_x1dints.fits,seg003,3,10,60783.11245494117,TDB-MID,2050.356234980809,0.14457586894728547,2038,0.8515347326686116,2.827786714826026,930,0.9991681632306002,0.999606727231678
TOI-2076_b,NIRISS_SOSS,obs10,SOSS_HDU3_ordem_1,jw05959010001_04102_00001-seg003_nis_x1dints.fits,seg003,3,11,60783.11253201418,TDB-MID,2048.998515278011,0.14456421830147456,2038,0.8515347326686116,2.827786714826026,931,0.9985065268386005,0.9989448004282
TOI-2076_b,NIRISS_SOSS,obs10,SOSS_HDU3_ordem_1,jw05959010001_04102_00001-seg003_nis_x1dints.fits,seg003,3,12,60783.11260908719,TDB-MID,2051.8538253493407,0.1445690156861754,2038,0.8515347326686116,2.827786714826026,932,0.9998979606152053,1.0003368449456056
TOI-2076_b,NIRISS_SOSS,obs10,SOSS_HDU3_ordem_1,jw05959010001_04102_00001-seg003_nis_x1dints.fits,seg003,3,13,60783.112686160195,TDB-MID,2050.6542084038433,0.14456831265412934,2038,0.8515347326686116,2.827786714826026,933,0.9993133699769721,0.999751997713519
TOI-2076_b,NIRISS_SOSS,obs10,SOSS_HDU3_ordem_1,jw05959010001_04102_00001-seg003_nis_x1dints.fits,seg003,3,14,60783.112763233206,TDB-MID,2052.747439340862,0.1445721759590657,2038,0.8515347326686116,2.827786714826026,934,1.000333431600838,1.0007725070721343
TOI-2076_b,NIRISS_SOSS,obs10,SOSS_HDU3_ordem_1,jw05959010001_04102_00001-seg003_nis_x1dints.fits,seg003,3,15,60783.112840306225,TDB-MID,2049.9735235594235,0.1445660716607261,2038,0.8515347326686116,2.827786714826026,935,0.9989816624355534,0.9994201445760016
TOI-2076_b,NIRISS_SOSS,obs10,SOSS_HDU3_ordem_1,jw05959010001_04102_00001-seg003_nis_x1dints.fits,seg003,3,16,60783.112917379236,TDB-MID,2053.335642412044,0.1445756289787741,2038,0.8515347326686116,2.827786714826026,936,1.0006200714403999,1.0010592727262682
TOI-2076_b,NIRISS_SOSS,obs10,SOSS_HDU3_ordem_1,jw05959010001_04102_00001-seg003_nis_x1dints.fits,seg003,3,17,60783.11299445225,TDB-MID,2056.3354170064804,0.14458055657362623,2038,0.8515347326686116,2.827786714826026,937,1.0020819048625598,1.0025217477896835
TOI-2076_b,NIRISS_SOSS,obs10,SOSS_HDU3_ordem_1,jw05959010001_04102_00001-seg003_nis_x1dints.fits,seg003,3,18,60783.11307152526,TDB-MID,2053.4835015607314,0.14457487672426494,2038,0.8515347326686116,2.827786714826026,938,1.0006921253359573,1.0011313582483785
TOI-2076_b,NIRISS_SOSS,obs10,SOSS_HDU3_ordem_1,jw05959010001_04102_00001-seg003_nis_x1dints.fits,seg003,3,19,60783.11314859828,TDB-MID,2049.4792264043754,0.14456449590265305,2038,0.8515347326686116,2.827786714826026,939,0.9987407843032204,0.9991791607152423
TOI-2076_b,NIRISS_SOSS,obs10,SOSS_HDU3_ordem_1,jw05959010001_04102_00001-seg003_nis_x1dints.fits,seg003,3,20,60783.11322567129,TDB-MID,2057.025184663128,0.1445888026185131,2038,0.8515347326686116,2.827786714826026,940,1.0024180385893682,1.0028580290553721
TOI-2076_b,NIRISS_SOSS,obs10,SOSS_HDU3_ordem_1,jw05959010001_04102_00001-seg003_nis_x1dints.fits,seg003,3,21,60783.1133027443,TDB-MID,2055.4368669636224,0.14457682480392603,2038,0.8515347326686116,2.827786714826026,941,1.0016440284679236,1.0020836791983474
TOI-2076_b,NIRISS_SOSS,obs10,SOSS_HDU3_ordem_1,jw05959010001_04102_00001-seg003_nis_x1dints.fits,seg003,3,22,60783.11337981731,TDB-MID,2054.6413398894456,0.14457420074560112,2038,0.8515347326686116,2.827786714826026,942,1.0012563566517074,1.0016958372216827
TOI-2076_b,NIRISS_SOSS,obs10,SOSS_HDU3_ordem_1,jw05959010001_04102_00001-seg003_nis_x1dints.fits,seg003,3,23,60783.11345689032,TDB-MID,2050.6437628944923,0.14456742018130683,2038,0.8515347326686116,2.827786714826026,943,0.9993082797296218,0.9997469052319109
TOI-2076_b,NIRISS_SOSS,obs10,SOSS_HDU3_ordem_1,jw05959010001_04102_00001-seg003_nis_x1dints.fits,seg003,3,24,60783.11353396334,TDB-MID,2054.436799570423,0.1445738911050112,2038,0.8515347326686116,2.827786714826026,944,1.0011566812043984,1.0015961180239172
TOI-2076_b,NIRISS_SOSS,obs10,SOSS_HDU3_ordem_1,jw05959010001_04102_00001-seg003_nis_x1dints.fits,seg003,3,25,60783.11361103635,TDB-MID,2052.063756760491,0.14456971867094112,2038,0.8515347326686116,2.827786714826026,945,1.0000002632194576,1.00043919245345
TOI-2076_b,NIRISS_SOSS,obs10,SOSS_HDU3_ordem_1,jw05959010001_04102_00001-seg003_nis_x1dints.fits,seg003,3,26,60783.113688109355,TDB-MID,2057.583432603662,0.14458251004693418,2038,0.8515347326686116,2.827786714826026,946,1.0026900808617567,1.0031301907350356
TOI-2076_b,NIRISS_SOSS,obs10,SOSS_HDU3_ordem_1,jw05959010001_04102_00001-seg003_nis_x1dints.fits,seg003,3,27,60783.11376518237,TDB-MID,2057.234777256873,0.14457998815634507,2038,0.8515347326686116,2.827786714826026,947,1.0025201760830122,1.0029602113801364
TOI-2076_b,NIRISS_SOSS,obs10,SOSS_HDU3_ordem_1,jw05959010001_04102_00001-seg003_nis_x1dints.fits,seg003,3,28,60783.11384225538,TDB-MID,2054.679316260823,0.14458575034578097,2038,0.8515347326686116,2.827786714826026,948,1.0012748630851689,1.0017143517781566
TOI-2076_b,NIRISS_SOSS,obs10,SOSS_HDU3_ordem_1,jw05959010001_04102_00001-seg003_nis_x1dints.fits,seg003,3,29,60783.11391932839,TDB-MID,2049.2693898212838,0.14456365920839725,2038,0.8515347326686116,2.827786714826026,949,0.9986385279100487,0.9990768594387621
TOI-2076_b,NIRISS_SOSS,obs10,SOSS_HDU3_ordem_1,jw05959010001_04102_00001-seg003_nis_x1dints.fits,seg003,3,30,60783.11399640141,TDB-MID,2046.0713521661812,0.1445580673734772,2038,0.8515347326686116,2.827786714826026,950,0.9970800780391067,0.997517725518792
TOI-2076_b,NIRISS_SOSS,obs10,SOSS_HDU3_ordem_1,jw05959010001_04102_00001-seg003_nis_x1dints.fits,seg003,3,31,60783.11407347442,TDB-MID,2060.612698875989,0.14458695938195865,2038,0.8515347326686116,2.827786714826026,951,1.0041662860038771,1.0046070438265777
TOI-2076_b,NIRISS_SOSS,obs10,SOSS_HDU3_ordem_1,jw05959010001_04102_00001-seg003_nis_x1dints.fits,seg003,3,32,60783.11415054743,TDB-MID,2054.2730756507653,0.14457612021350097,2038,0.8515347326686116,2.827786714826026,952,1.001076896177148,1.0015162979766952
TOI-2076_b,NIRISS_SOSS,obs10,SOSS_HDU3_ordem_1,jw05959010001_04102_00001-seg003_nis_x1dints.fits,seg003,3,33,60783.11422762044,TDB-MID,2046.097691716926,0.14455731612118503,2038,0.8515347326686116,2.827786714826026,953,0.9970929136820496,0.9975305667956723
TOI-2076_b,NIRISS_SOSS,obs10,SOSS_HDU3_ordem_1,jw05959010001_04102_00001-seg003_nis_x1dints.fits,seg003,3,34,60783.11430469345,TDB-MID,2052.173883938362,0.14456974676251963,2038,0.8515347326686116,2.827786714826026,954,1.0000539297814715,1.0004928825712804
TOI-2076_b,NIRISS_SOSS,obs10,SOSS_HDU3_ordem_1,jw05959010001_04102_00001-seg003_nis_x1dints.fits,seg003,3,35,60783.11438176647,TDB-MID,2047.2091984674148,0.14455910021825696,2038,0.8515347326686116,2.827786714826026,955,0.9976345669515433,0.9980724578125583
TOI-2076_b,NIRISS_SOSS,obs10,SOSS_HDU3_ordem_1,jw05959010001_04102_00001-seg003_nis_x1dints.fits,seg003,3,36,60783.11445883948,TDB-MID,2052.616013184751,0.14457054067823064,2038,0.8515347326686116,2.827786714826026,956,1.0002693857395573,1.0007084330992602
TOI-2076_b,NIRISS_SOSS,obs10,SOSS_HDU3_ordem_1,jw05959010001_04102_00001-seg003_nis_x1dints.fits,seg003,3,37,60783.114535912486,TDB-MID,2059.3826900408317,0.14458565963190217,2038,0.8515347326686116,2.827786714826026,957,1.0035668849595054,1.004007379687634
TOI-2076_b,NIRISS_SOSS,obs10,SOSS_HDU3_ordem_1,jw05959010001_04102_00001-seg003_nis_x1dints.fits,seg003,3,38,60783.1146129855,TDB-MID,2054.452420967922,0.1445746853771054,2038,0.8515347326686116,2.827786714826026,958,1.0011642937366891,1.0016037338975703
TOI-2076_b,NIRISS_SOSS,obs10,SOSS_HDU3_ordem_1,jw05959010001_04102_00001-seg003_nis_x1dints.fits,seg003,3,39,60783.11469005851,TDB-MID,2059.9642734523927,0.1445842041899666,2038,0.8515347326686116,2.827786714826026,959,1.0038502989434663,1.004290918070245
TOI-2076_b,NIRISS_SOSS,obs10,SOSS_HDU3_ordem_1,jw05959010001_04102_00001-seg003_nis_x1dints.fits,seg003,3,40,60783.11476713153,TDB-MID,2054.0176183203857,0.1445743261161166,2038,0.8515347326686116,2.827786714826026,960,1.0009524081358874,1.0013917552940084
TOI-2076_b,NIRISS_SOSS,obs10,SOSS_HDU3_ordem_1,jw05959010001_04102_00001-seg003_nis_x1dints.fits,seg003,3,41,60783.11484420454,TDB-MID,2044.5765396815927,0.14455329432956615,2038,0.8515347326686116,2.827786714826026,961,0.9963516343574094,0.9967889621019517
TOI-2076_b,NIRISS_SOSS,obs10,SOSS_HDU3_ordem_1,jw05959010001_04102_00001-seg003_nis_x1dints.fits,seg003,3,42,60783.11492127755,TDB-MID,2054.5509674769783,0.144574101771473,2038,0.8515347326686116,2.827786714826026,962,1.0012123168717748,1.0016517781114083
TOI-2076_b,NIRISS_SOSS,obs10,SOSS_HDU3_ordem_1,jw05959010001_04102_00001-seg003_nis_x1dints.fits,seg003,3,43,60783.11499835056,TDB-MID,2056.4718274859915,0.14458024323394242,2038,0.8515347326686116,2.827786714826026,963,1.0021483796565167,1.0025882517613631
TOI-2076_b,NIRISS_SOSS,obs10,SOSS_HDU3_ordem_1,jw05959010001_04102_00001-seg003_nis_x1dints.fits,seg003,3,44,60783.11507542357,TDB-MID,2052.4393528443998,0.1445724481008853,2038,0.8515347326686116,2.827786714826026,964,1.0001832966079356,1.0006223061806119
TOI-2076_b,NIRISS_SOSS,obs10,SOSS_HDU3_ordem_1,jw05959010001_04102_00001-seg003_nis_x1dints.fits,seg003,3,45,60783.11515249658,TDB-MID,2047.5094057024,0.14456315266404307,2038,0.8515347326686116,2.827786714826026,965,0.9977808622666945,0.9982188173409832
TOI-2076_b,NIRISS_SOSS,obs10,SOSS_HDU3_ordem_1,jw05959010001_04102_00001-seg003_nis_x1dints.fits,seg003,3,46,60783.1152295696,TDB-MID,2051.1449769627584,0.1445663763189802,2038,0.8515347326686116,2.827786714826026,966,0.9995525285735206,0.9999912612837394
TOI-2076_b,NIRISS_SOSS,obs10,SOSS_HDU3_ordem_1,jw05959010001_04102_00001-seg003_nis_x1dints.fits,seg003,3,47,60783.11530664261,TDB-MID,2050.036649368247,0.14456633032026586,2038,0.8515347326686116,2.827786714826026,967,0.9990124245525838,0.9994509201954209
TOI-2076_b,NIRISS_SOSS,obs10,SOSS_HDU3_ordem_1,jw05959010001_04102_00001-seg003_nis_x1dints.fits,seg003,3,48,60783.11538371562,TDB-MID,2054.7373007078572,0.14457534068144962,2038,0.8515347326686116,2.827786714826026,968,1.0013031197424516,1.001742620838109
TOI-2076_b,NIRISS_SOSS,obs10,SOSS_HDU3_ordem_1,jw05959010001_04102_00001-seg003_nis_x1dints.fits,seg003,3,49,60783.115460788635,TDB-MID,2050.956553235469,0.14466221856219502,2038,0.8515347326686116,2.827786714826026,969,0.9994607069737943,0.9998993993808393
TOI-2076_b,NIRISS_SOSS,obs10,SOSS_HDU3_ordem_1,jw05959010001_04102_00001-seg003_nis_x1dints.fits,seg003,3,50,60783.11553786164,TDB-MID,2054.203274794807,0.1445743883009787,2038,0.8515347326686116,2.827786714826026,970,1.001042881213382,1.0014822680827713
TOI-2076_b,NIRISS_SOSS,obs10,SOSS_HDU3_ordem_1,jw05959010001_04102_00001-seg003_nis_x1dints.fits,seg003,3,51,60783.11561493466,TDB-MID,2045.4006546576393,0.14455319122943056,2038,0.8515347326686116,2.827786714826026,971,0.9967532374704972,0.9971907414903398
TOI-2076_b,NIRISS_SOSS,obs10,SOSS_HDU3_ordem_1,jw05959010001_04102_00001-seg003_nis_x1dints.fits,seg003,3,52,60783.11569200767,TDB-MID,2055.5091366228316,0.1445761166375597,2038,0.8515347326686116,2.827786714826026,972,1.0016792465151183,1.0021189127037684
TOI-2076_b,NIRISS_SOSS,obs10,SOSS_HDU3_ordem_1,jw05959010001_04102_00001-seg003_nis_x1dints.fits,seg003,3,53,60783.11576908068,TDB-MID,2050.848919823522,0.14456870900626217,2038,0.8515347326686116,2.827786714826026,973,0.9994082556598799,0.9998469250445159
TOI-2076_b,NIRISS_SOSS,obs10,SOSS_HDU3_ordem_1,jw05959010001_04102_00001-seg003_nis_x1dints.fits,seg003,3,54,60783.11584615369,TDB-MID,2053.3531434057295,0.14457162531063744,2038,0.8515347326686116,2.827786714826026,974,1.0006285999270195,1.001067804956289
TOI-2076_b,NIRISS_SOSS,obs10,SOSS_HDU3_ordem_1,jw05959010001_04102_00001-seg003_nis_x1dints.fits,seg003,3,55,60783.1159232267,TDB-MID,2050.803145955022,0.14456645776461322,2038,0.8515347326686116,2.827786714826026,975,0.999385949393616,0.9998246089873823
TOI-2076_b,NIRISS_SOSS,obs10,SOSS_HDU3_ordem_1,jw05959010001_04102_00001-seg003_nis_x1dints.fits,seg003,3,56,60783.11600029971,TDB-MID,2049.9769238258314,0.14456286152922818,2038,0.8515347326686116,2.827786714826026,976,0.9989833194344121,0.9994218023021653
TOI-2076_b,NIRISS_SOSS,obs10,SOSS_HDU3_ordem_1,jw05959010001_04102_00001-seg003_nis_x1dints.fits,seg003,3,57,60783.11607737273,TDB-MID,2050.3637045673986,0.14456550249527658,2038,0.8515347326686116,2.827786714826026,977,0.9991718032678706,0.9996103688666667
TOI-2076_b,NIRISS_SOSS,obs10,SOSS_HDU3_ordem_1,jw05959010001_04102_00001-seg003_nis_x1dints.fits,seg003,3,58,60783.11615444574,TDB-MID,2051.1254681222867,0.14456455241609056,2038,0.8515347326686116,2.827786714826026,978,0.9995430216342053,0.9999817501715516
TOI-2076_b,NIRISS_SOSS,obs10,SOSS_HDU3_ordem_1,jw05959010001_04102_00001-seg003_nis_x1dints.fits,seg003,3,59,60783.116231518754,TDB-MID,2049.9940135731413,0.1445689495266414,2038,0.8515347326686116,2.827786714826026,979,0.9989916475147419,0.9994301340379321
TOI-2076_b,NIRISS_SOSS,obs10,SOSS_HDU3_ordem_1,jw05959010001_04102_00001-seg003_nis_x1dints.fits,seg003,3,60,60783.116308591765,TDB-MID,2049.025547342214,0.1445618476928117,2038,0.8515347326686116,2.827786714826026,980,0.998519699953339,0.9989579793250021
TOI-2076_b,NIRISS_SOSS,obs10,SOSS_HDU3_ordem_1,jw05959010001_04102_00001-seg003_nis_x1dints.fits,seg003,3,61,60783.11638566477,TDB-MID,2054.922983167924,0.14457653794681033,2038,0.8515347326686116,2.827786714826026,981,1.0013936054831263,1.00183314629561
TOI-2076_b,NIRISS_SOSS,obs10,SOSS_HDU3_ordem_1,jw05959010001_04102_00001-seg003_nis_x1dints.fits,seg003,3,62,60783.11646273778,TDB-MID,2053.8025550926827,0.14459222145552614,2038,0.8515347326686116,2.827786714826026,982,1.0008476047234185,1.0012869058802703
TOI-2076_b,NIRISS_SOSS,obs10,SOSS_HDU3_ordem_1,jw05959010001_04102_00001-seg003_nis_x1dints.fits,seg003,3,63,60783.1165398108,TDB-MID,2049.8648165423992,0.14456164829746662,2038,0.8515347326686116,2.827786714826026,983,0.9989286879384015,0.9993671468268004
TOI-2076_b,NIRISS_SOSS,obs10,SOSS_HDU3_ordem_1,jw05959010001_04102_00001-seg003_nis_x1dints.fits,seg003,3,64,60783.11661688381,TDB-MID,2055.267860790679,0.14457600170565307,2038,0.8515347326686116,2.827786714826026,984,1.0015616693224672,1.0020012839030639
TOI-2076_b,NIRISS_SOSS,obs10,SOSS_HDU3_ordem_1,jw05959010001_04102_00001-seg003_nis_x1dints.fits,seg003,3,65,60783.11669395682,TDB-MID,2053.9462773945615,0.1445679968710233,2038,0.8515347326686116,2.827786714826026,985,1.0009176426738653,1.0013569745724127
TOI-2076_b,NIRISS_SOSS,obs10,SOSS_HDU3_ordem_1,jw05959010001_04102_00001-seg003_nis_x1dints.fits,seg003,3,66,60783.11677102983,TDB-MID,2051.0450468337885,0.14456638899613042,2038,0.8515347326686116,2.827786714826026,986,0.9995038311804966,0.9999425425160116
TOI-2076_b,NIRISS_SOSS,obs10,SOSS_HDU3_ordem_1,jw05959010001_04102_00001-seg003_nis_x1dints.fits,seg003,3,67,60783.11684810284,TDB-MID,2042.3780478585377,0.14454940574721709,2038,0.8515347326686116,2.827786714826026,987,0.9952802775857214,0.9957171350805802
TOI-2076_b,NIRISS_SOSS,obs10,SOSS_HDU3_ordem_1,jw05959010001_04102_00001-seg003_nis_x1dints.fits,seg003,3,68,60783.116925175855,TDB-MID,2058.447684891178,0.1445801319478818,2038,0.8515347326686116,2.827786714826026,988,1.0031112434655778,1.0035515381993871
TOI-2076_b,NIRISS_SOSS,obs10,SOSS_HDU3_ordem_1,jw05959010001_04102_00001-seg003_nis_x1dints.fits,seg003,3,69,60783.11700224887,TDB-MID,2042.8123241144358,0.14454959093654007,2038,0.8515347326686116,2.827786714826026,989,0.9954919066682864,0.9959288570533119
TOI-2076_b,NIRISS_SOSS,obs10,SOSS_HDU3_ordem_1,jw05959010001_04102_00001-seg003_nis_x1dints.fits,seg003,3,70,60783.117079321884,TDB-MID,2046.5799621289702,0.14455559864331366,2038,0.8515347326686116,2.827786714826026,990,0.9973279310090689,0.9977656872786399
TOI-2076_b,NIRISS_SOSS,obs10,SOSS_HDU3_ordem_1,jw05959010001_04102_00001-seg003_nis_x1dints.fits,seg003,3,71,60783.117156394896,TDB-MID,2060.042981668174,0.1445869582175923,2038,0.8515347326686116,2.827786714826026,991,1.0038886545921344,1.0043292905543242
TOI-2076_b,NIRISS_SOSS,obs10,SOSS_HDU3_ordem_1,jw05959010001_04102_00001-seg003_nis_x1dints.fits,seg003,3,72,60783.11723346791,TDB-MID,2049.5179079859636,0.14456160419142364,2038,0.8515347326686116,2.827786714826026,992,0.9987596343957882,0.9991980190816646
TOI-2076_b,NIRISS_SOSS,obs10,SOSS_HDU3_ordem_1,jw05959010001_04102_00001-seg003_nis_x1dints.fits,seg003,3,73,60783.11731054092,TDB-MID,2048.405318799598,0.1445612524296308,2038,0.8515347326686116,2.827786714826026,993,0.9982174536396808,0.9986556003466359
TOI-2076_b,NIRISS_SOSS,obs10,SOSS_HDU3_ordem_1,jw05959010001_04102_00001-seg003_nis_x1dints.fits,seg003,3,74,60783.11738761392,TDB-MID,2044.9013230389576,0.14455455725976493,2038,0.8515347326686116,2.827786714826026,994,0.9965099059714292,0.9969473031859916
TOI-2076_b,NIRISS_SOSS,obs10,SOSS_HDU3_ordem_1,jw05959010001_04102_00001-seg003_nis_x1dints.fits,seg003,3,75,60783.11746468693,TDB-MID,2053.189714532258,0.1445697492644455,2038,0.8515347326686116,2.827786714826026,995,1.0005489586800307,1.0009881287524378
TOI-2076_b,NIRISS_SOSS,obs10,SOSS_HDU3_ordem_1,jw05959010001_04102_00001-seg003_nis_x1dints.fits,seg003,3,76,60783.11754175995,TDB-MID,2053.7827682703037,0.14457272435016055,2038,0.8515347326686116,2.827786714826026,996,1.0008379623195107,1.0012772592440307
TOI-2076_b,NIRISS_SOSS,obs10,SOSS_HDU3_ordem_1,jw05959010001_04102_00001-seg003_nis_x1dints.fits,seg003,3,77,60783.11761883296,TDB-MID,2046.463757705353,0.14455469008492638,2038,0.8515347326686116,2.827786714826026,997,0.9972713029175577,0.9977090343314104
TOI-2076_b,NIRISS_SOSS,obs10,SOSS_HDU3_ordem_1,jw05959010001_04102_00001-seg003_nis_x1dints.fits,seg003,3,78,60783.117695905974,TDB-MID,2055.013695090237,0.14457929436311567,2038,0.8515347326686116,2.827786714826026,998,1.0014378107111028,1.0018773709265483
TOI-2076_b,NIRISS_SOSS,obs10,SOSS_HDU3_ordem_1,jw05959010001_04102_00001-seg003_nis_x1dints.fits,seg003,3,79,60783.117772978985,TDB-MID,2056.427391928307,0.14457726337511506,2038,0.8515347326686116,2.827786714826026,999,1.002126725568414,1.0025665881686507
TOI-2076_b,NIRISS_SOSS,obs10,SOSS_HDU3_ordem_1,jw05959010001_04102_00001-seg003_nis_x1dints.fits,seg003,3,80,60783.117850051996,TDB-MID,2050.2331916054336,0.14456358615792927,2038,0.8515347326686116,2.827786714826026,1000,0.999108202419267,0.9995467401017987
TOI-2076_b,NIRISS_SOSS,obs10,SOSS_HDU3_ordem_1,jw05959010001_04102_00001-seg003_nis_x1dints.fits,seg003,3,81,60783.11792712501,TDB-MID,2053.5666319792763,0.14457007963705082,2038,0.8515347326686116,2.827786714826026,1001,1.0007326359878086,1.0011718866815345
TOI-2076_b,NIRISS_SOSS,obs10,SOSS_HDU3_ordem_1,jw05959010001_04102_00001-seg003_nis_x1dints.fits,seg003,3,82,60783.118004198026,TDB-MID,2050.373360115227,0.14456732286972124,2038,0.8515347326686116,2.827786714826026,1002,0.9991765085555783,0.9996150762196622
TOI-2076_b,NIRISS_SOSS,obs10,SOSS_HDU3_ordem_1,jw05959010001_04102_00001-seg003_nis_x1dints.fits,seg003,3,83,60783.11808127104,TDB-MID,2055.465531352332,0.14457747259215736,2038,0.8515347326686116,2.827786714826026,1003,1.0016579970379353,1.0020976538995712
TOI-2076_b,NIRISS_SOSS,obs10,SOSS_HDU3_ordem_1,jw05959010001_04102_00001-seg003_nis_x1dints.fits,seg003,3,84,60783.11815834405,TDB-MID,2058.7888033200184,0.14458283294300442,2038,0.8515347326686116,2.827786714826026,1004,1.0032774753955096,1.0037178430933533
TOI-2076_b,NIRISS_SOSS,obs10,SOSS_HDU3_ordem_1,jw05959010001_04102_00001-seg003_nis_x1dints.fits,seg003,3,85,60783.11823541706,TDB-MID,2059.8437230743584,0.1445836210295609,2038,0.8515347326686116,2.827786714826026,1005,1.0037915530056911,1.004232146347167
TOI-2076_b,NIRISS_SOSS,obs10,SOSS_HDU3_ordem_1,jw05959010001_04102_00001-seg003_nis_x1dints.fits,seg003,3,86,60783.11831249006,TDB-MID,2052.3230183844153,0.14457034355123025,2038,0.8515347326686116,2.827786714826026,1006,1.0001266051478275,1.000565589836971
TOI-2076_b,NIRISS_SOSS,obs10,SOSS_HDU3_ordem_1,jw05959010001_04102_00001-seg003_nis_x1dints.fits,seg003,3,87,60783.118389563075,TDB-MID,2048.687633232858,0.14456107823442335,2038,0.8515347326686116,2.827786714826026,1007,0.9983550295345042,0.9987932366275255
TOI-2076_b,NIRISS_SOSS,obs10,SOSS_HDU3_ordem_1,jw05959010001_04102_00001-seg003_nis_x1dints.fits,seg003,3,88,60783.118466636086,TDB-MID,2049.4308421147334,0.1445619281310518,2038,0.8515347326686116,2.827786714826026,1008,0.998717205941087,0.9991555720038793
TOI-2076_b,NIRISS_SOSS,obs10,SOSS_HDU3_ordem_1,jw05959010001_04102_00001-seg003_nis_x1dints.fits,seg003,3,89,60783.118543709104,TDB-MID,2052.4961414801664,0.14456976370876842,2038,0.8515347326686116,2.827786714826026,1009,1.0002109705291418,1.0006499922487078
TOI-2076_b,NIRISS_SOSS,obs10,SOSS_HDU3_ordem_1,jw05959010001_04102_00001-seg003_nis_x1dints.fits,seg003,3,90,60783.118620782116,TDB-MID,2057.953027458003,0.14458152336628782,2038,0.8515347326686116,2.827786714826026,1010,1.0028701897645176,1.0033103786928383
TOI-2076_b,NIRISS_SOSS,obs10,SOSS_HDU3_ordem_1,jw05959010001_04102_00001-seg003_nis_x1dints.fits,seg003,3,91,60783.11869785513,TDB-MID,2046.005753942987,0.14455632347254177,2038,0.8515347326686116,2.827786714826026,1011,0.9970481110788966,0.9974857445273523
TOI-2076_b,NIRISS_SOSS,obs10,SOSS_HDU3_ordem_1,jw05959010001_04102_00001-seg003_nis_x1dints.fits,seg003,3,92,60783.11877492814,TDB-MID,2050.7381250592266,0.14456748141509168,2038,0.8515347326686116,2.827786714826026,1012,0.9993542637733736,0.9997929094593985
TOI-2076_b,NIRISS_SOSS,obs10,SOSS_HDU3_ordem_1,jw05959010001_04102_00001-seg003_nis_x1dints.fits,seg003,3,93,60783.11885200115,TDB-MID,2057.0208819266536,0.14457824414351414,2038,0.8515347326686116,2.827786714826026,1013,1.0024159418038305,1.0028559313494945
TOI-2076_b,NIRISS_SOSS,obs10,SOSS_HDU3_ordem_1,jw05959010001_04102_00001-seg003_nis_x1dints.fits,seg003,3,94,60783.11892907416,TDB-MID,2050.3642823049545,0.14456417159006332,2038,0.8515347326686116,2.827786714826026,1014,0.9991720848077136,0.9996106505300857
TOI-2076_b,NIRISS_SOSS,obs10,SOSS_HDU3_ordem_1,jw05959010001_04102_00001-seg003_nis_x1dints.fits,seg003,3,95,60783.11900614717,TDB-MID,2056.6236364331508,0.1445805256746597,2038,0.8515347326686116,2.827786714826026,1015,1.002222358345833,1.00266226292208
TOI-2076_b,NIRISS_SOSS,obs10,SOSS_HDU3_ordem_1,jw05959010001_04102_00001-seg003_nis_x1dints.fits,seg003,3,96,60783.11908322019,TDB-MID,2047.7304680745015,0.14456086078694436,2038,0.8515347326686116,2.827786714826026,1016,0.9978885891487473,0.9983265915075012
TOI-2076_b,NIRISS_SOSS,obs10,SOSS_HDU3_ordem_1,jw05959010001_04102_00001-seg003_nis_x1dints.fits,seg003,3,97,60783.1191602932,TDB-MID,2047.642976342208,0.14456354482462874,2038,0.8515347326686116,2.827786714826026,1017,0.9978459531658083,0.9982839368103879
TOI-2076_b,NIRISS_SOSS,obs10,SOSS_HDU3_ordem_1,jw05959010001_04102_00001-seg003_nis_x1dints.fits,seg003,3,98,60783.119237366205,TDB-MID,2053.217771708291,0.14457334778927142,2038,0.8515347326686116,2.827786714826026,1018,1.0005626313465479,1.0010018074202864
TOI-2076_b,NIRISS_SOSS,obs10,SOSS_HDU3_ordem_1,jw05959010001_04102_00001-seg003_nis_x1dints.fits,seg003,3,99,60783.11931443922,TDB-MID,2039.6744050119576,0.1445420357491898,2038,0.8515347326686116,2.827786714826026,1019,0.9939627534350587,0.9943990326302036
TOI-2076_b,NIRISS_SOSS,obs10,SOSS_HDU3_ordem_1,jw05959010001_04102_00001-seg003_nis_x1dints.fits,seg003,3,100,60783.11939151223,TDB-MID,2049.0201066353984,0.14456214884208468,2038,0.8515347326686116,2.827786714826026,1020,0.9985170486184427,0.9989553268263578
TOI-2076_b,NIRISS_SOSS,obs10,SOSS_HDU3_ordem_1,jw05959010001_04102_00001-seg003_nis_x1dints.fits,seg003,3,101,60783.11946858524,TDB-MID,2054.919806059963,0.14457702855311041,2038,0.8515347326686116,2.827786714826026,1021,1.001392057232597,1.0018315973655085
TOI-2076_b,NIRISS_SOSS,obs10,SOSS_HDU3_ordem_1,jw05959010001_04102_00001-seg003_nis_x1dints.fits,seg003,3,102,60783.11954565825,TDB-MID,2053.268540813825,0.14454978155136508,2038,0.8515347326686116,2.827786714826026,1022,1.000587371863859,1.001026558796931
TOI-2076_b,NIRISS_SOSS,obs10,SOSS_HDU3_ordem_1,jw05959010001_04102_00001-seg003_nis_x1dints.fits,seg003,3,103,60783.11962273126,TDB-MID,2048.935310000766,0.14456067628416072,2038,0.8515347326686116,2.827786714826026,1023,0.9984757259954623,0.9989139860656748
TOI-2076_b,NIRISS_SOSS,obs10,SOSS_HDU3_ordem_1,jw05959010001_04102_00001-seg003_nis_x1dints.fits,seg003,3,104,60783.11969980428,TDB-MID,2043.1457314255244,0.14455343423776268,2038,0.8515347326686116,2.827786714826026,1024,0.9956543808593291,0.9960914025590082
TOI-2076_b,NIRISS_SOSS,obs10,SOSS_HDU3_ordem_1,jw05959010001_04102_00001-seg003_nis_x1dints.fits,seg003,3,105,60783.11977687729,TDB-MID,2056.615109279918,0.1445773444244187,2038,0.8515347326686116,2.827786714826026,1025,1.0022182029410853,1.0026581056934045
TOI-2076_b,NIRISS_SOSS,obs10,SOSS_HDU3_ordem_1,jw05959010001_04102_00001-seg003_nis_x1dints.fits,seg003,3,106,60783.1198539503,TDB-MID,2046.5761388466995,0.1445622769644542,2038,0.8515347326686116,2.827786714826026,1026,0.9973260678684795,0.9977638233202639
TOI-2076_b,NIRISS_SOSS,obs10,SOSS_HDU3_ordem_1,jw05959010001_04102_00001-seg003_nis_x1dints.fits,seg003,3,107,60783.11993102331,TDB-MID,2042.9138552161646,0.14454770050285734,2038,0.8515347326686116,2.827786714826026,1027,0.9955413842384249,0.9959783563405966
TOI-2076_b,NIRISS_SOSS,obs10,SOSS_HDU3_ordem_1,jw05959010001_04102_00001-seg003_nis_x1dints.fits,seg003,3,108,60783.120008096324,TDB-MID,2052.0091889481873,0.1445679148949173,2038,0.8515347326686116,2.827786714826026,1028,0.9999736715375533,1.0004125890996822
TOI-2076_b,NIRISS_SOSS,obs10,SOSS_HDU3_ordem_1,jw05959010001_04102_00001-seg003_nis_x1dints.fits,seg003,3,109,60783.120085169336,TDB-MID,2059.122276340872,0.1445823259201128,2038,0.8515347326686116,2.827786714826026,1029,1.0034399816078685,1.0038804206344207
TOI-2076_b,NIRISS_SOSS,obs10,SOSS_HDU3_ordem_1,jw05959010001_04102_00001-seg003_nis_x1dints.fits,seg003,3,110,60783.12016224234,TDB-MID,2058.3055851033687,0.14458555883987917,2038,0.8515347326686116,2.827786714826026,1030,1.0030419961896369,1.0034822605288003
TOI-2076_b,NIRISS_SOSS,obs10,SOSS_HDU3_ordem_1,jw05959010001_04102_00001-seg003_nis_x1dints.fits,seg003,3,111,60783.12023931535,TDB-MID,2047.3014886785454,0.14456379796840876,2038,0.8515347326686116,2.827786714826026,1031,0.9976795413024226,0.9981174519039897
TOI-2076_b,NIRISS_SOSS,obs10,SOSS_HDU3_ordem_1,jw05959010001_04102_00001-seg003_nis_x1dints.fits,seg003,3,112,60783.12031638837,TDB-MID,2050.54510383416,0.14456487304083096,2038,0.8515347326686116,2.827786714826026,1032,0.9992602017466758,0.9996988061461383
TOI-2076_b,NIRISS_SOSS,obs10,SOSS_HDU3_ordem_1,jw05959010001_04102_00001-seg003_nis_x1dints.fits,seg003,3,113,60783.12039346138,TDB-MID,2058.1662771306546,0.1445805317927066,2038,0.8515347326686116,2.827786714826026,1033,1.002974109405455,1.0034143439471321
TOI-2076_b,NIRISS_SOSS,obs10,SOSS_HDU3_ordem_1,jw05959010001_04102_00001-seg003_nis_x1dints.fits,seg003,3,114,60783.12047053439,TDB-MID,2050.2889286696304,0.1445653310245337,2038,0.8515347326686116,2.827786714826026,1034,0.9991353638944815,0.9995739134989756
TOI-2076_b,NIRISS_SOSS,obs10,SOSS_HDU3_ordem_1,jw05959010001_04102_00001-seg003_nis_x1dints.fits,seg003,3,115,60783.1205476074,TDB-MID,2058.3497609396863,0.14458061705879274,2038,0.8515347326686116,2.827786714826026,1035,1.0030635237117715,1.0035037974999914
TOI-2076_b,NIRISS_SOSS,obs10,SOSS_HDU3_ordem_1,jw05959010001_04102_00001-seg003_nis_x1dints.fits,seg003,3,116,60783.120624680414,TDB-MID,2049.986616794421,0.14456370338209643,2038,0.8515347326686116,2.827786714826026,1036,0.9989880429577963,0.9994265278988416
TOI-2076_b,NIRISS_SOSS,obs10,SOSS_HDU3_ordem_1,jw05959010001_04102_00001-seg003_nis_x1dints.fits,seg003,3,117,60783.120701753425,TDB-MID,2050.0529672036537,0.14456458276815476,2038,0.8515347326686116,2.827786714826026,1037,0.9990203764691109,0.9994588756022756
TOI-2076_b,NIRISS_SOSS,obs10,SOSS_HDU3_ordem_1,jw05959010001_04102_00001-seg003_nis_x1dints.fits,seg003,3,118,60783.12077882644,TDB-MID,2054.506533428725,0.14457554481307444,2038,0.8515347326686116,2.827786714826026,1038,1.00119066351924,1.0016301152545866
TOI-2076_b,NIRISS_SOSS,obs10,SOSS_HDU3_ordem_1,jw05959010001_04102_00001-seg003_nis_x1dints.fits,seg003,3,119,60783.12085589945,TDB-MID,2050.4571797159883,0.1445656320993942,2038,0.8515347326686116,2.827786714826026,1039,0.9992173550558627,0.9996559406486649
TOI-2076_b,NIRISS_SOSS,obs10,SOSS_HDU3_ordem_1,jw05959010001_04102_00001-seg003_nis_x1dints.fits,seg003,3,120,60783.120932972466,TDB-MID,2050.1920454133824,0.14456585211700082,2038,0.8515347326686116,2.827786714826026,1040,0.9990881512864764,0.9995266801679821
TOI-2076_b,NIRISS_SOSS,obs10,SOSS_HDU3_ordem_1,jw05959010001_04102_00001-seg003_nis_x1dints.fits,seg003,3,121,60783.12101004548,TDB-MID,2041.407163598233,0.1445473941348003,2038,0.8515347326686116,2.827786714826026,1041,0.9948071516837304,0.9952438015098543
TOI-2076_b,NIRISS_SOSS,obs10,SOSS_HDU3_ordem_1,jw05959010001_04102_00001-seg003_nis_x1dints.fits,seg003,3,122,60783.12108711849,TDB-MID,2050.5746733621354,0.14452788019608184,2038,0.8515347326686116,2.827786714826026,1042,0.9992746114041056,0.9997132221283863
TOI-2076_b,NIRISS_SOSS,obs10,SOSS_HDU3_ordem_1,jw05959010001_04102_00001-seg003_nis_x1dints.fits,seg003,3,123,60783.12116419149,TDB-MID,2056.496718927521,0.14457778412953512,2038,0.8515347326686116,2.827786714826026,1043,1.0021605096149546,1.002600387043993
TOI-2076_b,NIRISS_SOSS,obs10,SOSS_HDU3_ordem_1,jw05959010001_04102_00001-seg003_nis_x1dints.fits,seg003,3,124,60783.1212412645,TDB-MID,2043.4126164707618,0.14455119288681825,2038,0.8515347326686116,2.827786714826026,1044,0.9957844377908487,0.996221516576302
TOI-2076_b,NIRISS_SOSS,obs10,SOSS_HDU3_ordem_1,jw05959010001_04102_00001-seg003_nis_x1dints.fits,seg003,3,125,60783.121318337515,TDB-MID,2051.3520576163764,0.14456798953524652,2038,0.8515347326686116,2.827786714826026,1045,0.9996534419625143,1.000092218966558
TOI-2076_b,NIRISS_SOSS,obs10,SOSS_HDU3_ordem_1,jw05959010001_04102_00001-seg003_nis_x1dints.fits,seg003,3,126,60783.121395410526,TDB-MID,2052.0430714693716,0.14456827153381838,2038,0.8515347326686116,2.827786714826026,1046,0.9999901829787751,1.0004291077882561
TOI-2076_b,NIRISS_SOSS,obs10,SOSS_HDU3_ordem_1,jw05959010001_04102_00001-seg003_nis_x1dints.fits,seg003,3,127,60783.12147248354,TDB-MID,2039.0123390625831,0.14454127696615465,2038,0.8515347326686116,2.827786714826026,1047,0.9936401191497145,0.994076256731277
TOI-2076_b,NIRISS_SOSS,obs10,SOSS_HDU3_ordem_1,jw05959010001_04102_00001-seg003_nis_x1dints.fits,seg003,3,128,60783.12154955655,TDB-MID,2052.737829561961,0.1445741405354882,2038,0.8515347326686116,2.827786714826026,1048,1.000328748616989,1.0007678220327871
TOI-2076_b,NIRISS_SOSS,obs10,SOSS_HDU3_ordem_1,jw05959010001_04102_00001-seg003_nis_x1dints.fits,seg003,3,129,60783.12162662957,TDB-MID,2047.1256803458898,0.1445557688777885,2038,0.8515347326686116,2.827786714826026,1049,0.9975938673664386,0.9980317403632205
TOI-2076_b,NIRISS_SOSS,obs10,SOSS_HDU3_ordem_1,jw05959010001_04102_00001-seg003_nis_x1dints.fits,seg003,3,130,60783.12170370258,TDB-MID,2055.213321631715,0.14457516571067316,2038,0.8515347326686116,2.827786714826026,1050,1.0015350916037487,1.0019746945186105
TOI-2076_b,NIRISS_SOSS,obs10,SOSS_HDU3_ordem_1,jw05959010001_04102_00001-seg003_nis_x1dints.fits,seg003,3,131,60783.12178077559,TDB-MID,2049.914408189944,0.14456357414151053,2038,0.8515347326686116,2.827786714826026,1051,0.9989528546634532,0.9993913241593314
TOI-2076_b,NIRISS_SOSS,obs10,SOSS_HDU3_ordem_1,jw05959010001_04102_00001-seg003_nis_x1dints.fits,seg003,3,132,60783.1218578486,TDB-MID,2050.9021877304585,0.14456471083597533,2038,0.8515347326686116,2.827786714826026,1052,0.9994342138791517,0.999872894657606
TOI-2076_b,NIRISS_SOSS,obs10,SOSS_HDU3_ordem_1,jw05959010001_04102_00001-seg003_nis_x1dints.fits,seg003,3,133,60783.12193492161,TDB-MID,2056.058190425619,0.14457783720134962,2038,0.8515347326686116,2.827786714826026,1053,1.0019468083515868,1.0023865919809178
TOI-2076_b,NIRISS_SOSS,obs10,SOSS_HDU3_ordem_1,jw05959010001_04102_00001-seg003_nis_x1dints.fits,seg003,3,134,60783.122011994616,TDB-MID,2041.7406912899478,0.1445455060355924,2038,0.8515347326686116,2.827786714826026,1054,0.9949696845379884,0.9954064057045147
TOI-2076_b,NIRISS_SOSS,obs10,SOSS_HDU3_ordem_1,jw05959010001_04102_00001-seg003_nis_x1dints.fits,seg003,3,135,60783.12208906763,TDB-MID,2040.678305505982,0.14454643900393344,2038,0.8515347326686116,2.827786714826026,1055,0.9944519686238964,0.9948884625498329
TOI-2076_b,NIRISS_SOSS,obs10,SOSS_HDU3_ordem_1,jw05959010001_04102_00001-seg003_nis_x1dints.fits,seg003,3,136,60783.12216614064,TDB-MID,2047.0262193839917,0.14455902157350936,2038,0.8515347326686116,2.827786714826026,1056,0.9975453986052949,0.9979832503277262
TOI-2076_b,NIRISS_SOSS,obs10,SOSS_HDU3_ordem_1,jw05959010001_04102_00001-seg003_nis_x1dints.fits,seg003,3,137,60783.12224321365,TDB-MID,2053.7581926358894,0.1445726365894725,2038,0.8515347326686116,2.827786714826026,1057,1.0008259862584346,1.0012652779263125
TOI-2076_b,NIRISS_SOSS,obs10,SOSS_HDU3_ordem_1,jw05959010001_04102_00001-seg003_nis_x1dints.fits,seg003,3,138,60783.12232028666,TDB-MID,2042.9574907702495,0.1445491323858655,2038,0.8515347326686116,2.827786714826026,1058,0.9955626484732357,0.9959996299088993
TOI-2076_b,NIRISS_SOSS,obs10,SOSS_HDU3_ordem_1,jw05959010001_04102_00001-seg003_nis_x1dints.fits,seg003,3,139,60783.12239735968,TDB-MID,2044.259207877896,0.14455091602830075,2038,0.8515347326686116,2.827786714826026,1059,0.9961969939929571,0.9966342538613405
TOI-2076_b,NIRISS_SOSS,obs10,SOSS_HDU3_ordem_1,jw05959010001_04102_00001-seg003_nis_x1dints.fits,seg003,3,140,60783.12247443269,TDB-MID,2054.191400637881,0.14457826350724692,2038,0.8515347326686116,2.827786714826026,1060,1.0010370947654648,1.0014764790950137
TOI-2076_b,NIRISS_SOSS,obs10,SOSS_HDU3_ordem_1,jw05959010001_04102_00001-seg003_nis_x1dints.fits,seg003,3,141,60783.1225515057,TDB-MID,2051.467594655196,0.14456693764340334,2038,0.8515347326686116,2.827786714826026,1061,0.9997097448277885,1.0001485465447992
TOI-2076_b,NIRISS_SOSS,obs10,SOSS_HDU3_ordem_1,jw05959010001_04102_00001-seg003_nis_x1dints.fits,seg003,3,142,60783.12262857871,TDB-MID,2049.724814243106,0.14456446366875503,2038,0.8515347326686116,2.827786714826026,1062,0.9988604627988641,0.9992988917412625
TOI-2076_b,NIRISS_SOSS,obs10,SOSS_HDU3_ordem_1,jw05959010001_04102_00001-seg003_nis_x1dints.fits,seg003,3,143,60783.122705651724,TDB-MID,2050.74558775378,0.1445635882540761,2038,0.8515347326686116,2.827786714826026,1063,0.9993579004520552,0.9997965477343244
TOI-2076_b,NIRISS_SOSS,obs10,SOSS_HDU3_ordem_1,jw05959010001_04102_00001-seg003_nis_x1dints.fits,seg003,3,144,60783.122782724735,TDB-MID,2055.332635064852,0.14457554653012367,2038,0.8515347326686116,2.827786714826026,1064,1.0015932347604364,1.002032863196023
TOI-2076_b,NIRISS_SOSS,obs10,SOSS_HDU3_ordem_1,jw05959010001_04102_00001-seg003_nis_x1dints.fits,seg003,3,145,60783.122859797746,TDB-MID,2049.9812493776153,0.14456489189151134,2038,0.8515347326686116,2.827786714826026,1065,0.9989854273381789,0.9994239111311525
TOI-2076_b,NIRISS_SOSS,obs10,SOSS_HDU3_ordem_1,jw05959010001_04102_00001-seg003_nis_x1dints.fits,seg003,3,146,60783.12293687076,TDB-MID,2050.441814766864,0.14456491740439775,2038,0.8515347326686116,2.827786714826026,1066,0.9992098674945634,0.999648449800857
TOI-2076_b,NIRISS_SOSS,obs10,SOSS_HDU3_ordem_1,jw05959010001_04102_00001-seg003_nis_x1dints.fits,seg003,3,147,60783.12301394376,TDB-MID,2052.2150112781674,0.14457110132295112,2038,0.8515347326686116,2.827786714826026,1067,1.0000739717272908,1.0005129333140934
TOI-2076_b,NIRISS_SOSS,obs10,SOSS_HDU3_ordem_1,jw05959010001_04102_00001-seg003_nis_x1dints.fits,seg003,3,148,60783.12309101677,TDB-MID,2051.259186305758,0.14456708116347003,2038,0.8515347326686116,2.827786714826026,1068,0.9996081844334739,1.0000469415726703
TOI-2076_b,NIRISS_SOSS,obs10,SOSS_HDU3_ordem_1,jw05959010001_04102_00001-seg003_nis_x1dints.fits,seg003,3,149,60783.12316808979,TDB-MID,2050.5936593387596,0.14456674816075937,2038,0.8515347326686116,2.827786714826026,1069,0.9992838635443274,0.9997224783296419
TOI-2076_b,NIRISS_SOSS,obs10,SOSS_HDU3_ordem_1,jw05959010001_04102_00001-seg003_nis_x1dints.fits,seg003,3,150,60783.1232451628,TDB-MID,2051.8068993901875,0.1445671187371311,2038,0.8515347326686116,2.827786714826026,1070,0.9998750929185509,1.0003139672116534
TOI-2076_b,NIRISS_SOSS,obs10,SOSS_HDU3_ordem_1,jw05959010001_04102_00001-seg003_nis_x1dints.fits,seg003,3,151,60783.12332223581,TDB-MID,2047.4085177634558,0.14455990971517235,2038,0.8515347326686116,2.827786714826026,1071,0.9977316981190566,0.9981696316137691
TOI-2076_b,NIRISS_SOSS,obs10,SOSS_HDU3_ordem_1,jw05959010001_04102_00001-seg003_nis_x1dints.fits,seg003,3,152,60783.123399308824,TDB-MID,2055.2334522971214,0.1446193980737678,2038,0.8515347326686116,2.827786714826026,1072,1.0015449015673226,1.0019845087880632
TOI-2076_b,NIRISS_SOSS,obs10,SOSS_HDU3_ordem_1,jw05959010001_04102_00001-seg003_nis_x1dints.fits,seg003,3,153,60783.123476381836,TDB-MID,2054.7879158336827,0.14457427839699885,2038,0.8515347326686116,2.827786714826026,1073,1.00132778522323,1.0017672971452851
TOI-2076_b,NIRISS_SOSS,obs10,SOSS_HDU3_ordem_1,jw05959010001_04102_00001-seg003_nis_x1dints.fits,seg003,3,154,60783.12355345485,TDB-MID,2050.3274698404252,0.14456316470668618,2038,0.8515347326686116,2.827786714826026,1074,0.9991541455628448,0.9995927034111599
TOI-2076_b,NIRISS_SOSS,obs10,SOSS_HDU3_ordem_1,jw05959010001_04102_00001-seg003_nis_x1dints.fits,seg003,3,155,60783.12363052786,TDB-MID,2046.9216516997549,0.14455884723971085,2038,0.8515347326686116,2.827786714826026,1075,0.9974944412647071,0.9979322706204777
TOI-2076_b,NIRISS_SOSS,obs10,SOSS_HDU3_ordem_1,jw05959010001_04102_00001-seg003_nis_x1dints.fits,seg003,3,156,60783.12370760087,TDB-MID,2050.9778578331757,0.14456939537765598,2038,0.8515347326686116,2.827786714826026,1076,0.9994710890115084,0.999909785975532
TOI-2076_b,NIRISS_SOSS,obs10,SOSS_HDU3_ordem_1,jw05959010001_04102_00001-seg003_nis_x1dints.fits,seg003,3,157,60783.12378467388,TDB-MID,2048.43490976769,0.14456076852733413,2038,0.8515347326686116,2.827786714826026,1077,0.9982318737451886,0.9986700267815478
TOI-2076_b,NIRISS_SOSS,obs10,SOSS_HDU3_ordem_1,jw05959010001_04102_00001-seg003_nis_x1dints.fits,seg003,3,158,60783.123861746884,TDB-MID,2049.5474064094988,0.14456200881404258,2038,0.8515347326686116,2.827786714826026,1078,0.9987740094029987,0.9992124003984842
TOI-2076_b,NIRISS_SOSS,obs10,SOSS_HDU3_ordem_1,jw05959010001_04102_00001-seg003_nis_x1dints.fits,seg003,3,159,60783.123938819896,TDB-MID,2049.7517850229024,0.14456214800386805,2038,0.8515347326686116,2.827786714826026,1079,0.9988736060488274,0.999312040760181
TOI-2076_b,NIRISS_SOSS,obs10,SOSS_HDU3_ordem_1,jw05959010001_04102_00001-seg003_nis_x1dints.fits,seg003,3,160,60783.12401589291,TDB-MID,2059.576083184217,0.14458662207434048,2038,0.8515347326686116,2.827786714826026,1080,1.0036611282273635,1.0041016643216065
TOI-2076_b,NIRISS_SOSS,obs10,SOSS_HDU3_ordem_1,jw05959010001_04102_00001-seg003_nis_x1dints.fits,seg003,3,161,60783.124092965925,TDB-MID,2055.5419083315487,0.1445767101447176,2038,0.8515347326686116,2.827786714826026,1081,1.0016952166414048,1.0021348898398084
TOI-2076_b,NIRISS_SOSS,obs10,SOSS_HDU3_ordem_1,jw05959010001_04102_00001-seg003_nis_x1dints.fits,seg003,3,162,60783.12417003894,TDB-MID,2059.041804956374,0.14458337084902304,2038,0.8515347326686116,2.827786714826026,1082,1.0034007667416567,1.0038411885556624
TOI-2076_b,NIRISS_SOSS,obs10,SOSS_HDU3_ordem_1,jw05959010001_04102_00001-seg003_nis_x1dints.fits,seg003,3,163,60783.12424711195,TDB-MID,2051.532167569945,0.144569187074917,2038,0.8515347326686116,2.827786714826026,1083,0.9997412121404065,1.0001800276693371
TOI-2076_b,NIRISS_SOSS,obs10,SOSS_HDU3_ordem_1,jw05959010001_04102_00001-seg003_nis_x1dints.fits,seg003,3,164,60783.12432418496,TDB-MID,2050.0272859027414,0.1445640459160905,2038,0.8515347326686116,2.827786714826026,1084,0.9990078616008046,0.9994463552408293
TOI-2076_b,NIRISS_SOSS,obs10,SOSS_HDU3_ordem_1,jw05959010001_04102_00001-seg003_nis_x1dints.fits,seg003,3,165,60783.12440125797,TDB-MID,2054.7799925606055,0.14457488157088505,2038,0.8515347326686116,2.827786714826026,1085,1.0013239240979912,1.0017634343252861
TOI-2076_b,NIRISS_SOSS,obs10,SOSS_HDU3_ordem_1,jw05959010001_04102_00001-seg003_nis_x1dints.fits,seg003,3,166,60783.12447833098,TDB-MID,2048.1408973359744,0.1445599597535053,2038,0.8515347326686116,2.827786714826026,1086,0.9980885972470112,0.9985266873951434
TOI-2076_b,NIRISS_SOSS,obs10,SOSS_HDU3_ordem_1,jw05959010001_04102_00001-seg003_nis_x1dints.fits,seg003,3,167,60783.12455540399,TDB-MID,2051.6188474302744,0.14458447255200702,2038,0.8515347326686116,2.827786714826026,1087,0.9997834524864286,1.000222286555877
TOI-2076_b,NIRISS_SOSS,obs10,SOSS_HDU3_ordem_1,jw05959010001_04102_00001-seg003_nis_x1dints.fits,seg003,3,168,60783.124632477,TDB-MID,2054.160353169279,0.14451462145860838,2038,0.8515347326686116,2.827786714826026,1088,1.001021964886253,1.0014613425748573
TOI-2076_b,NIRISS_SOSS,obs10,SOSS_HDU3_ordem_1,jw05959010001_04102_00001-seg003_nis_x1dints.fits,seg003,3,169,60783.124709550015,TDB-MID,2047.1836446614684,0.14456024629631295,2038,0.8515347326686116,2.827786714826026,1089,0.9976221142133725,0.9980599996085181
TOI-2076_b,NIRISS_SOSS,obs10,SOSS_HDU3_ordem_1,jw05959010001_04102_00001-seg003_nis_x1dints.fits,seg003,3,170,60783.124786623026,TDB-MID,2054.332442723702,0.1445752060702526,2038,0.8515347326686116,2.827786714826026,1090,1.0011058266079729,1.0015452411059287
TOI-2076_b,NIRISS_SOSS,obs10,SOSS_HDU3_ordem_1,jw05959010001_04102_00001-seg003_nis_x1dints.fits,seg003,3,171,60783.12486369603,TDB-MID,2055.7223286455164,0.1445771840403555,2038,0.8515347326686116,2.827786714826026,1091,1.0017831380623954,1.0022228498520709
TOI-2076_b,NIRISS_SOSS,obs10,SOSS_HDU3_ordem_1,jw05959010001_04102_00001-seg003_nis_x1dints.fits,seg003,3,172,60783.12494076904,TDB-MID,2059.7724080333837,0.14458700780544276,2038,0.8515347326686116,2.827786714826026,1092,1.0037568001577295,1.0041973782451685
TOI-2076_b,NIRISS_SOSS,obs10,SOSS_HDU3_ordem_1,jw05959010001_04102_00001-seg003_nis_x1dints.fits,seg003,3,173,60783.12501784205,TDB-MID,2052.1665903503294,0.14457069998830746,2038,0.8515347326686116,2.827786714826026,1093,1.000050375510836,1.0004893267405723
TOI-2076_b,NIRISS_SOSS,obs10,SOSS_HDU3_ordem_1,jw05959010001_04102_00001-seg003_nis_x1dints.fits,seg003,3,174,60783.12509491506,TDB-MID,2051.1808260239595,0.1445657372089619,2038,0.8515347326686116,2.827786714826026,1094,0.9995699983380536,1.0000087387162608
TOI-2076_b,NIRISS_SOSS,obs10,SOSS_HDU3_ordem_1,jw05959010001_04102_00001-seg003_nis_x1dints.fits,seg003,3,175,60783.12517198808,TDB-MID,2056.0471286744378,0.14457610691291983,2038,0.8515347326686116,2.827786714826026,1095,1.0019414178007051,1.0023811990639666
TOI-2076_b,NIRISS_SOSS,obs10,SOSS_HDU3_ordem_1,jw05959010001_04102_00001-seg003_nis_x1dints.fits,seg003,3,176,60783.12524906109,TDB-MID,2057.3942827107535,0.14458162705164465,2038,0.8515347326686116,2.827786714826026,1096,1.0025979053910516,1.0030379748058322
TOI-2076_b,NIRISS_SOSS,obs10,SOSS_HDU3_ordem_1,jw05959010001_04102_00001-seg003_nis_x1dints.fits,seg003,3,177,60783.125326134104,TDB-MID,2053.5202975835473,0.14459648401800018,2038,0.8515347326686116,2.827786714826026,1097,1.0007100565685423,1.0011492973515035
TOI-2076_b,NIRISS_SOSS,obs10,SOSS_HDU3_ordem_1,jw05959010001_04102_00001-seg003_nis_x1dints.fits,seg003,3,178,60783.125403207116,TDB-MID,2049.9823496628273,0.1445652205318425,2038,0.8515347326686116,2.827786714826026,1098,0.9989859635230308,0.9994244475513515
TOI-2076_b,NIRISS_SOSS,obs10,SOSS_HDU3_ordem_1,jw05959010001_04102_00001-seg003_nis_x1dints.fits,seg003,3,179,60783.12548028013,TDB-MID,2046.505120785912,0.14455532420647776,2038,0.8515347326686116,2.827786714826026,1099,0.9972914597432462,0.9977292000045166
TOI-2076_b,NIRISS_SOSS,obs10,SOSS_HDU3_ordem_1,jw05959010001_04102_00001-seg003_nis_x1dints.fits,seg003,3,180,60783.12555735314,TDB-MID,2050.193362122655,0.14456793505668375,2038,0.8515347326686116,2.827786714826026,1100,0.9990887929378943,0.9995273221010393
TOI-2076_b,NIRISS_SOSS,obs10,SOSS_HDU3_ordem_1,jw05959010001_04102_00001-seg003_nis_x1dints.fits,seg003,3,181,60783.12563442615,TDB-MID,2044.061005835912,0.14455082663718188,2038,0.8515347326686116,2.827786714826026,1101,0.9961004072794588,0.9965376247531212
TOI-2076_b,NIRISS_SOSS,obs10,SOSS_HDU3_ordem_1,jw05959010001_04102_00001-seg003_nis_x1dints.fits,seg003,3,182,60783.12571149916,TDB-MID,2049.5361911913433,0.14456287054808775,2038,0.8515347326686116,2.827786714826026,1102,0.9987685440654474,0.9992069326620372
TOI-2076_b,NIRISS_SOSS,obs10,SOSS_HDU3_ordem_1,jw05959010001_04102_00001-seg003_nis_x1dints.fits,seg003,3,183,60783.125788572164,TDB-MID,2058.572163410501,0.1445807114738547,2038,0.8515347326686116,2.827786714826026,1103,1.0031719036432543,1.0036122250025818
TOI-2076_b,NIRISS_SOSS,obs10,SOSS_HDU3_ordem_1,jw05959010001_04102_00001-seg003_nis_x1dints.fits,seg003,3,184,60783.125865645176,TDB-MID,2049.424561863225,0.14456369398819502,2038,0.8515347326686116,2.827786714826026,1104,0.9987141454839541,0.9991525102034226
TOI-2076_b,NIRISS_SOSS,obs10,SOSS_HDU3_ordem_1,jw05959010001_04102_00001-seg003_nis_x1dints.fits,seg003,3,185,60783.12594271819,TDB-MID,2055.2408425986987,0.14457447571455848,2038,0.8515347326686116,2.827786714826026,1105,1.0015485029678628,1.0019881117693632
TOI-2076_b,NIRISS_SOSS,obs10,SOSS_HDU3_ordem_1,jw05959010001_04102_00001-seg003_nis_x1dints.fits,seg003,3,186,60783.1260197912,TDB-MID,2052.9450742010436,0.1445698818592686,2038,0.8515347326686116,2.827786714826026,1106,1.0004297419184645,1.0008688596631634
TOI-2076_b,NIRISS_SOSS,obs10,SOSS_HDU3_ordem_1,jw05959010001_04102_00001-seg003_nis_x1dints.fits,seg003,3,187,60783.12609686421,TDB-MID,2059.9340469527515,0.14458307593071013,2038,0.8515347326686116,2.827786714826026,1107,1.003835569134269,1.0042761817957058
TOI-2076_b,NIRISS_SOSS,obs10,SOSS_HDU3_ordem_1,jw05959010001_04102_00001-seg003_nis_x1dints.fits,seg003,3,188,60783.12617393722,TDB-MID,2054.962104012606,0.14457189324826977,2038,0.8515347326686116,2.827786714826026,1108,1.0014126696349346,1.0018522188152297
TOI-2076_b,NIRISS_SOSS,obs10,SOSS_HDU3_ordem_1,jw05959010001_04102_00001-seg003_nis_x1dints.fits,seg003,3,189,60783.12625101023,TDB-MID,2054.941833230804,0.14457548283323993,2038,0.8515347326686116,2.827786714826026,1109,1.0014027913906205,1.0018423362350666
TOI-2076_b,NIRISS_SOSS,obs10,SOSS_HDU3_ordem_1,jw05959010001_04102_00001-seg003_nis_x1dints.fits,seg003,3,190,60783.12632808324,TDB-MID,2046.5083750004792,0.1445578070056554,2038,0.8515347326686116,2.827786714826026,1110,0.9972930455689366,0.9977307865262721
TOI-2076_b,NIRISS_SOSS,obs10,SOSS_HDU3_ordem_1,jw05959010001_04102_00001-seg003_nis_x1dints.fits,seg003,3,191,60783.126405156254,TDB-MID,2044.470639629291,0.14455194902538368,2038,0.8515347326686116,2.827786714826026,1111,0.9963000277346484,0.9967373328275413
TOI-2076_b,NIRISS_SOSS,obs10,SOSS_HDU3_ordem_1,jw05959010001_04102_00001-seg003_nis_x1dints.fits,seg003,3,192,60783.12648222927,TDB-MID,2053.157429806067,0.1445706884789446,2038,0.8515347326686116,2.827786714826026,1112,1.0005332258673523,1.0009723890341697
TOI-2076_b,NIRISS_SOSS,obs10,SOSS_HDU3_ordem_1,jw05959010001_04102_00001-seg003_nis_x1dints.fits,seg003,3,193,60783.12655930228,TDB-MID,2056.8680895298908,0.14457695791392317,2038,0.8515347326686116,2.827786714826026,1113,1.0023414838653395,1.002781440729246
TOI-2076_b,NIRISS_SOSS,obs10,SOSS_HDU3_ordem_1,jw05959010001_04102_00001-seg003_nis_x1dints.fits,seg003,3,194,60783.126636375295,TDB-MID,2048.6092326383746,0.14456233161538223,2038,0.8515347326686116,2.827786714826026,1114,0.998316823794131,0.9987550141175404
TOI-2076_b,NIRISS_SOSS,obs10,SOSS_HDU3_ordem_1,jw05959010001_04102_00001-seg003_nis_x1dints.fits,seg003,3,195,60783.1267134483,TDB-MID,2045.3136739484798,0.14455358078231392,2038,0.8515347326686116,2.827786714826026,1115,0.9967108505165012,0.9971483359314756
TOI-2076_b,NIRISS_SOSS,obs10,SOSS_HDU3_ordem_1,jw05959010001_04102_00001-seg003_nis_x1dints.fits,seg003,3,196,60783.12679052131,TDB-MID,2047.7656576897164,0.14455952465267607,2038,0.8515347326686116,2.827786714826026,1116,0.9979057375557407,0.99834374744143
TOI-2076_b,NIRISS_SOSS,obs10,SOSS_HDU3_ordem_1,jw05959010001_04102_00001-seg003_nis_x1dints.fits,seg003,3,197,60783.12686759432,TDB-MID,2041.3286413956548,0.14454533842793968,2038,0.8515347326686116,2.827786714826026,1117,0.9947688866819788,0.9952055197124792
TOI-2076_b,NIRISS_SOSS,obs10,SOSS_HDU3_ordem_1,jw05959010001_04102_00001-seg003_nis_x1dints.fits,seg003,3,198,60783.12694466733,TDB-MID,2047.5666726149996,0.14455906090390258,2038,0.8515347326686116,2.827786714826026,1118,0.9978087692590989,0.9982467365825791
TOI-2076_b,NIRISS_SOSS,obs10,SOSS_HDU3_ordem_1,jw05959010001_04102_00001-seg003_nis_x1dints.fits,seg003,3,199,60783.12702174034,TDB-MID,2052.7444026941794,0.1445671704455081,2038,0.8515347326686116,2.827786714826026,1119,1.0003319517991156,1.0007710266208838
TOI-2076_b,NIRISS_SOSS,obs10,SOSS_HDU3_ordem_1,jw05959010001_04102_00001-seg003_nis_x1dints.fits,seg003,3,200,60783.127098813355,TDB-MID,2049.9623628309605,0.1445645549214702,2038,0.8515347326686116,2.827786714826026,1120,0.9989762236516151,0.9994147034048226
TOI-2076_b,NIRISS_SOSS,obs10,SOSS_HDU3_ordem_1,jw05959010001_04102_00001-seg003_nis_x1dints.fits,seg003,3,201,60783.127175886366,TDB-MID,2047.0967452420302,0.14455794677877443,2038,0.8515347326686116,2.827786714826026,1121,0.9975797668730302,0.998017633680695
TOI-2076_b,NIRISS_SOSS,obs10,SOSS_HDU3_ordem_1,jw05959010001_04102_00001-seg003_nis_x1dints.fits,seg003,3,202,60783.12725295938,TDB-MID,2049.708017241733,0.14456250534254234,2038,0.8515347326686116,2.827786714826026,1122,0.9988522773778513,0.9992907027274303
TOI-2076_b,NIRISS_SOSS,obs10,SOSS_HDU3_ordem_1,jw05959010001_04102_00001-seg003_nis_x1dints.fits,seg003,3,203,60783.12733003239,TDB-MID,2039.88805624351,0.14454113974358657,2038,0.8515347326686116,2.827786714826026,1123,0.9940668687614396,0.994503193655833
TOI-2076_b,NIRISS_SOSS,obs10,SOSS_HDU3_ordem_1,jw05959010001_04102_00001-seg003_nis_x1dints.fits,seg003,3,204,60783.1274071054,TDB-MID,2054.138446372152,0.14457138289066285,2038,0.8515347326686116,2.827786714826026,1124,1.0010112893880767,1.0014506623908939
TOI-2076_b,NIRISS_SOSS,obs10,SOSS_HDU3_ordem_1,jw05959010001_04102_00001-seg003_nis_x1dints.fits,seg003,3,205,60783.12748417841,TDB-MID,2055.584463152709,0.14457613945523504,2038,0.8515347326686116,2.827786714826026,1125,1.0017159542194751,1.0021556365202058
TOI-2076_b,NIRISS_SOSS,obs10,SOSS_HDU3_ordem_1,jw05959010001_04102_00001-seg003_nis_x1dints.fits,seg003,3,206,60783.12756125142,TDB-MID,2046.3172121513771,0.14455282041343592,2038,0.8515347326686116,2.827786714826026,1126,0.9971998891556477,0.9976375892239209
TOI-2076_b,NIRISS_SOSS,obs10,SOSS_HDU3_ordem_1,jw05959010001_04102_00001-seg003_nis_x1dints.fits,seg003,3,207,60783.127638324426,TDB-MID,2052.678894092852,0.144567381144017,2038,0.8515347326686116,2.827786714826026,1127,1.0003000285129338,1.000739089322642
TOI-2076_b,NIRISS_SOSS,obs10,SOSS_HDU3_ordem_1,jw05959010001_04102_00001-seg003_nis_x1dints.fits,seg003,3,208,60783.12771539744,TDB-MID,2056.0218967112773,0.1445764630102287,2038,0.8515347326686116,2.827786714826026,1128,1.0019291219011657,1.0023688977673988
TOI-2076_b,NIRISS_SOSS,obs10,SOSS_HDU3_ordem_1,jw05959010001_04102_00001-seg003_nis_x1dints.fits,seg003,3,209,60783.12779247045,TDB-MID,2055.8882226334827,0.14457393585747103,2038,0.8515347326686116,2.827786714826026,1129,1.0018639805952292,1.0023037278690463
TOI-2076_b,NIRISS_SOSS,obs10,SOSS_HDU3_ordem_1,jw05959010001_04102_00001-seg003_nis_x1dints.fits,seg003,3,210,60783.12786954346,TDB-MID,2052.7738163525937,0.14457037316589752,2038,0.8515347326686116,2.827786714826026,1130,1.0003462854990601,1.0007853666123068
TOI-2076_b,NIRISS_SOSS,obs10,SOSS_HDU3_ordem_1,jw05959010001_04102_00001-seg003_nis_x1dints.fits,seg003,3,211,60783.12794661647,TDB-MID,2059.0977574029516,0.1445824938076142,2038,0.8515347326686116,2.827786714826026,1131,1.0034280331758116,1.003868466957849
TOI-2076_b,NIRISS_SOSS,obs10,SOSS_HDU3_ordem_1,jw05959010001_04102_00001-seg003_nis_x1dints.fits,seg003,3,212,60783.12802368948,TDB-MID,2057.204622844141,0.14457998432884783,2038,0.8515347326686116,2.827786714826026,1132,1.0025054814028056,1.0029455102500067
TOI-2076_b,NIRISS_SOSS,obs10,SOSS_HDU3_ordem_1,jw05959010001_04102_00001-seg003_nis_x1dints.fits,seg003,3,213,60783.12810076249,TDB-MID,2053.3666208396708,0.1445734771238594,2038,0.8515347326686116,2.827786714826026,1133,1.0006351676749485,1.001074375586994
TOI-2076_b,NIRISS_SOSS,obs10,SOSS_HDU3_ordem_1,jw05959010001_04102_00001-seg003_nis_x1dints.fits,seg003,3,214,60783.128177835504,TDB-MID,2052.7526263948066,0.14456982511221614,2038,0.8515347326686116,2.827786714826026,1134,1.0003359593270322,1.0007750359078211
TOI-2076_b,NIRISS_SOSS,obs10,SOSS_HDU3_ordem_1,jw05959010001_04102_00001-seg003_nis_x1dints.fits,seg003,3,215,60783.12825490852,TDB-MID,2055.5101850227275,0.1445779819612023,2038,0.8515347326686116,2.827786714826026,1135,1.0016797574155074,1.0021194238284066
TOI-2076_b,NIRISS_SOSS,obs10,SOSS_HDU3_ordem_1,jw05959010001_04102_00001-seg003_nis_x1dints.fits,seg003,3,216,60783.128331981534,TDB-MID,2051.2612300465985,0.14456959211480117,2038,0.8515347326686116,2.827786714826026,1136,0.9996091803778601,1.0000479379542055
TOI-2076_b,NIRISS_SOSS,obs10,SOSS_HDU3_ordem_1,jw05959010001_04102_00001-seg003_nis_x1dints.fits,seg003,3,217,60783.128409054545,TDB-MID,2053.780865427503,0.1445724044433242,2038,0.8515347326686116,2.827786714826026,1137,1.0008370350367715,1.0012763315542799
TOI-2076_b,NIRISS_SOSS,obs10,SOSS_HDU3_ordem_1,jw05959010001_04102_00001-seg003_nis_x1dints.fits,seg003,3,218,60783.128486127556,TDB-MID,2055.0303110372897,0.14457753893111397,2038,0.8515347326686116,2.827786714826026,1138,1.0014459079017344,1.0018854716712726
TOI-2076_b,NIRISS_SOSS,obs10,SOSS_HDU3_ordem_1,jw05959010001_04102_00001-seg003_nis_x1dints.fits,seg003,3,219,60783.12856320057,TDB-MID,2049.8906345790015,0.14456231046558188,2038,0.8515347326686116,2.827786714826026,1139,0.9989412694399815,0.9993797338507678
TOI-2076_b,NIRISS_SOSS,obs10,SOSS_HDU3_ordem_1,jw05959010001_04102_00001-seg003_nis_x1dints.fits,seg003,3,220,60783.12864027357,TDB-MID,2049.3359504047216,0.1445612338618314,2038,0.8515347326686116,2.827786714826026,1140,0.9986709638422846,0.9991093096080731
TOI-2076_b,NIRISS_SOSS,obs10,SOSS_HDU3_ordem_1,jw05959010001_04102_00001-seg003_nis_x1dints.fits,seg003,3,221,60783.12871734658,TDB-MID,2049.642961389139,0.14456196342447752,2038,0.8515347326686116,2.827786714826026,1141,0.9988205747226567,0.9992589861570171
TOI-2076_b,NIRISS_SOSS,obs10,SOSS_HDU3_ordem_1,jw05959010001_04102_00001-seg003_nis_x1dints.fits,seg003,3,222,60783.128794419594,TDB-MID,2044.9969392073292,0.14455519386999693,2038,0.8515347326686116,2.827786714826026,1142,0.9965565011092384,0.9969939187757636
TOI-2076_b,NIRISS_SOSS,obs10,SOSS_HDU3_ordem_1,jw05959010001_04102_00001-seg003_nis_x1dints.fits,seg003,3,223,60783.128871492605,TDB-MID,2048.546008981276,0.14456041635197253,2038,0.8515347326686116,2.827786714826026,1143,0.9982860139942249,0.998724190794316
TOI-2076_b,NIRISS_SOSS,obs10,SOSS_HDU3_ordem_1,jw05959010001_04102_00001-seg003_nis_x1dints.fits,seg003,3,224,60783.128948565616,TDB-MID,2048.0053943594503,0.14456093584745178,2038,0.8515347326686116,2.827786714826026,1144,0.9980225646923477,0.998460625856869
TOI-2076_b,NIRISS_SOSS,obs10,SOSS_HDU3_ordem_1,jw05959010001_04102_00001-seg003_nis_x1dints.fits,seg003,3,225,60783.12902563863,TDB-MID,2048.1122605990504,0.144562091969488,2038,0.8515347326686116,2.827786714826026,1145,0.9980746421521135,0.9985127261749482
TOI-2076_b,NIRISS_SOSS,obs10,SOSS_HDU3_ordem_1,jw05959010001_04102_00001-seg003_nis_x1dints.fits,seg003,3,226,60783.12910271164,TDB-MID,2048.733115597549,0.14456623530704987,2038,0.8515347326686116,2.827786714826026,1146,0.9983771937467578,0.9988154105682973
TOI-2076_b,NIRISS_SOSS,obs10,SOSS_HDU3_ordem_1,jw05959010001_04102_00001-seg003_nis_x1dints.fits,seg003,3,227,60783.12917978465,TDB-MID,2053.7178248575847,0.14457504468330928,2038,0.8515347326686116,2.827786714826026,1147,1.0008063144578887,1.0012455974912406
TOI-2076_b,NIRISS_SOSS,obs10,SOSS_HDU3_ordem_1,jw05959010001_04102_00001-seg003_nis_x1dints.fits,seg003,3,228,60783.12925685766,TDB-MID,2054.0125536368632,0.1446186781603979,2038,0.8515347326686116,2.827786714826026,1148,1.0009499400425648,1.0013892861173677
TOI-2076_b,NIRISS_SOSS,obs10,SOSS_HDU3_ordem_1,jw05959010001_04102_00001-seg003_nis_x1dints.fits,seg003,3,229,60783.12933393067,TDB-MID,2048.3394817170474,0.14456041906584835,2038,0.8515347326686116,2.827786714826026,1149,0.9981853702798617,0.998623502904496
TOI-2076_b,NIRISS_SOSS,obs10,SOSS_HDU3_ordem_1,jw05959010001_04102_00001-seg003_nis_x1dints.fits,seg003,3,230,60783.12941100368,TDB-MID,2054.0539445020713,0.1445712697791608,2038,0.8515347326686116,2.827786714826026,1150,1.0009701104081132,1.001409465336277
TOI-2076_b,NIRISS_SOSS,obs10,SOSS_HDU3_ordem_1,jw05959010001_04102_00001-seg003_nis_x1dints.fits,seg003,3,231,60783.12948807669,TDB-MID,2051.4348827430713,0.1445669612869041,2038,0.8515347326686116,2.827786714826026,1151,0.999693803841244,1.0001325985612914
TOI-2076_b,NIRISS_SOSS,obs10,SOSS_HDU3_ordem_1,jw05959010001_04102_00001-seg003_nis_x1dints.fits,seg003,3,232,60783.1295651497,TDB-MID,2053.1282840669683,0.14457018998255772,2038,0.8515347326686116,2.827786714826026,1152,1.0005190227283542,1.0009581796610003
TOI-2076_b,NIRISS_SOSS,obs10,SOSS_HDU3_ordem_1,jw05959010001_04102_00001-seg003_nis_x1dints.fits,seg003,3,233,60783.12964222271,TDB-MID,2052.211011167358,0.14457156309389027,2038,0.8515347326686116,2.827786714826026,1153,1.0000720224156043,1.0005109831467973
TOI-2076_b,NIRISS_SOSS,obs10,SOSS_HDU3_ordem_1,jw05959010001_04102_00001-seg003_nis_x1dints.fits,seg003,3,234,60783.12971929572,TDB-MID,2058.298811483135,0.14458000344421898,2038,0.8515347326686116,2.827786714826026,1154,1.003038695306809,1.0034789581971189
TOI-2076_b,NIRISS_SOSS,obs10,SOSS_HDU3_ordem_1,jw05959010001_04102_00001-seg003_nis_x1dints.fits,seg003,3,235,60783.12979636873,TDB-MID,2056.6080128983394,0.14458003252607673,2038,0.8515347326686116,2.827786714826026,1155,1.0022147447719991,1.0026546460064272
TOI-2076_b,NIRISS_SOSS,obs10,SOSS_HDU3_ordem_1,jw05959010001_04102_00001-seg003_nis_x1dints.fits,seg003,3,236,60783.12987344174,TDB-MID,2048.956832501031,0.14456153449041564,2038,0.8515347326686116,2.827786714826026,1156,0.9984862142202355,0.9989244788940354
TOI-2076_b,NIRISS_SOSS,obs10,SOSS_HDU3_ordem_1,jw05959010001_04102_00001-seg003_nis_x1dints.fits,seg003,3,237,60783.129950514754,TDB-MID,2049.0630533103486,0.14456224993674932,2038,0.8515347326686116,2.827786714826026,1157,0.9985379771525164,0.9989762645465744
TOI-2076_b,NIRISS_SOSS,obs10,SOSS_HDU3_ordem_1,jw05959010001_04102_00001-seg003_nis_x1dints.fits,seg003,3,238,60783.130027587766,TDB-MID,2057.2480456284184,0.14457727654242045,2038,0.8515347326686116,2.827786714826026,1158,1.0025266419518208,1.002966680087003
TOI-2076_b,NIRISS_SOSS,obs10,SOSS_HDU3_ordem_1,jw05959010001_04102_00001-seg003_nis_x1dints.fits,seg003,3,239,60783.13010466078,TDB-MID,2051.8525582136745,0.14456677832275364,2038,0.8515347326686116,2.827786714826026,1159,0.9998973431217207,1.0003362271810852
TOI-2076_b,NIRISS_SOSS,obs10,SOSS_HDU3_ordem_1,jw05959010001_04102_00001-seg003_nis_x1dints.fits,seg003,3,240,60783.13018173379,TDB-MID,2052.557792521869,0.1445663045929795,2038,0.8515347326686116,2.827786714826026,1160,1.0002410139708855,1.0006800488773928
TOI-2076_b,NIRISS_SOSS,obs10,SOSS_HDU3_ordem_1,jw05959010001_04102_00001-seg003_nis_x1dints.fits,seg003,3,241,60783.1302588068,TDB-MID,2046.1904842025315,0.14455519423653274,2038,0.8515347326686116,2.827786714826026,1161,0.9971381327985241,0.9975758057601339
TOI-2076_b,NIRISS_SOSS,obs10,SOSS_HDU3_ordem_1,jw05959010001_04102_00001-seg003_nis_x1dints.fits,seg003,3,242,60783.13033587981,TDB-MID,2046.6336861086354,0.14455791204305327,2038,0.8515347326686116,2.827786714826026,1162,0.9973541114791588,0.9977918792401004
TOI-2076_b,NIRISS_SOSS,obs10,SOSS_HDU3_ordem_1,jw05959010001_04102_00001-seg003_nis_x1dints.fits,seg003,3,243,60783.13041295282,TDB-MID,2054.2362786686813,0.14457085760057883,2038,0.8515347326686116,2.827786714826026,1163,1.0010589644770977,1.0014983584058998
TOI-2076_b,NIRISS_SOSS,obs10,SOSS_HDU3_ordem_1,jw05959010001_04102_00001-seg003_nis_x1dints.fits,seg003,3,244,60783.130490025826,TDB-MID,2046.6168762136606,0.14455416372818738,2038,0.8515347326686116,2.827786714826026,1164,0.9973459197749078,0.997783683940272
TOI-2076_b,NIRISS_SOSS,obs10,SOSS_HDU3_ordem_1,jw05959010001_04102_00001-seg003_nis_x1dints.fits,seg003,3,245,60783.13056709884,TDB-MID,2049.8976711000723,0.14456414724460726,2038,0.8515347326686116,2.827786714826026,1165,0.998944698438179,0.9993831643540524
TOI-2076_b,NIRISS_SOSS,obs10,SOSS_HDU3_ordem_1,jw05959010001_04102_00001-seg003_nis_x1dints.fits,seg003,3,246,60783.13064417185,TDB-MID,2044.8859855926853,0.14455007066831851,2038,0.8515347326686116,2.827786714826026,1166,0.9965024318126664,0.9969398257466028
TOI-2076_b,NIRISS_SOSS,obs10,SOSS_HDU3_ordem_1,jw05959010001_04102_00001-seg003_nis_x1dints.fits,seg003,3,247,60783.13072124486,TDB-MID,2049.9819562729804,0.14456622503388888,2038,0.8515347326686116,2.827786714826026,1167,0.998985771818485,0.999424255762661
TOI-2076_b,NIRISS_SOSS,obs10,SOSS_HDU3_ordem_1,jw05959010001_04102_00001-seg003_nis_x1dints.fits,seg003,3,248,60783.13079831787,TDB-MID,2045.6282893840394,0.14455496373636903,2038,0.8515347326686116,2.827786714826026,1168,0.9968641671555851,0.9973017198656967
TOI-2076_b,NIRISS_SOSS,obs10,SOSS_HDU3_ordem_1,jw05959010001_04102_00001-seg003_nis_x1dints.fits,seg003,3,249,60783.13087539088,TDB-MID,2049.661277978014,0.1445668223830539,2038,0.8515347326686116,2.827786714826026,1169,0.9988295006605744,0.9992679160127889
TOI-2076_b,NIRISS_SOSS,obs10,SOSS_HDU3_ordem_1,jw05959010001_04102_00001-seg003_nis_x1dints.fits,seg003,3,250,60783.13095246389,TDB-MID,2052.6724231464414,0.14457072053788306,2038,0.8515347326686116,2.827786714826026,1170,1.0002968751274248,1.0007359345530205
TOI-2076_b,NIRISS_SOSS,obs10,SOSS_HDU3_ordem_1,jw05959010001_04102_00001-seg003_nis_x1dints.fits,seg003,3,251,60783.131029536904,TDB-MID,2051.742101422129,0.14456860138966554,2038,0.8515347326686116,2.827786714826026,1171,0.9998435159342096,1.0002823763672541
TOI-2076_b,NIRISS_SOSS,obs10,SOSS_HDU3_ordem_1,jw05959010001_04102_00001-seg003_nis_x1dints.fits,seg003,3,252,60783.131106609915,TDB-MID,2045.9823544676956,0.14455541529024377,2038,0.8515347326686116,2.827786714826026,1172,0.9970367081771234,0.9974743366205134
TOI-2076_b,NIRISS_SOSS,obs10,SOSS_HDU3_ordem_1,jw05959010001_04102_00001-seg003_nis_x1dints.fits,seg003,3,253,60783.131183682926,TDB-MID,2049.1549843008424,0.14456306121642618,2038,0.8515347326686116,2.827786714826026,1173,0.9985827764499987,0.9990210835077729
TOI-2076_b,NIRISS_SOSS,obs10,SOSS_HDU3_ordem_1,jw05959010001_04102_00001-seg003_nis_x1dints.fits,seg003,3,254,60783.13126075594,TDB-MID,2047.7543831656867,0.1445608323657438,2038,0.8515347326686116,2.827786714826026,1174,0.9979002433175816,0.9983382507916897
TOI-2076_b,NIRISS_SOSS,obs10,SOSS_HDU3_ordem_1,jw05959010001_04102_00001-seg003_nis_x1dints.fits,seg003,3,255,60783.13133782894,TDB-MID,2056.790742247207,0.1445774452590046,2038,0.8515347326686116,2.827786714826026,1175,1.0023037914189972,1.0027437317385914
TOI-2076_b,NIRISS_SOSS,obs10,SOSS_HDU3_ordem_1,jw05959010001_04102_00001-seg003_nis_x1dints.fits,seg003,3,256,60783.13141490195,TDB-MID,2051.5761634237533,0.14456607692388565,2038,0.8515347326686116,2.827786714826026,1176,0.9997626519544687,1.000201476893958
TOI-2076_b,NIRISS_SOSS,obs10,SOSS_HDU3_ordem_1,jw05959010001_04102_00001-seg003_nis_x1dints.fits,seg003,3,257,60783.131491974964,TDB-MID,2059.44332925815,0.14458611087313095,2038,0.8515347326686116,2.827786714826026,1177,1.003596435324634,1.0040369430232783
TOI-2076_b,NIRISS_SOSS,obs10,SOSS_HDU3_ordem_1,jw05959010001_04102_00001-seg003_nis_x1dints.fits,seg003,3,258,60783.131569047975,TDB-MID,2051.5240211632527,0.14456489361763067,2038,0.8515347326686116,2.827786714826026,1178,0.999737242278939,1.0001760560653818
TOI-2076_b,NIRISS_SOSS,obs10,SOSS_HDU3_ordem_1,jw05959010001_04102_00001-seg003_nis_x1dints.fits,seg003,3,259,60783.131646120986,TDB-MID,2055.176999915494,0.14457492158494023,2038,0.8515347326686116,2.827786714826026,1179,1.0015173915076079,1.0019569866533822
TOI-2076_b,NIRISS_SOSS,obs10,SOSS_HDU3_ordem_1,jw05959010001_04102_00001-seg003_nis_x1dints.fits,seg003,3,260,60783.131723194,TDB-MID,2056.7674602270076,0.14457770942630266,2038,0.8515347326686116,2.827786714826026,1180,1.0022924457547842,1.002732381094436
TOI-2076_b,NIRISS_SOSS,obs10,SOSS_HDU3_ordem_1,jw05959010001_04102_00001-seg003_nis_x1dints.fits,seg003,3,261,60783.13180026701,TDB-MID,2050.0570286886727,0.1445658607383984,2038,0.8515347326686116,2.827786714826026,1181,0.9990223556893348,0.999460855691237
TOI-2076_b,NIRISS_SOSS,obs10,SOSS_HDU3_ordem_1,jw05959010001_04102_00001-seg003_nis_x1dints.fits,seg003,3,262,60783.13187734002,TDB-MID,2047.5590594334712,0.14455936975493577,2038,0.8515347326686116,2.827786714826026,1182,0.9978050592459441,0.9982430249409914
TOI-2076_b,NIRISS_SOSS,obs10,SOSS_HDU3_ordem_1,jw05959010001_04102_00001-seg003_nis_x1dints.fits,seg003,3,263,60783.13195441303,TDB-MID,2051.7201731607315,0.14456761190124912,2038,0.8515347326686116,2.827786714826026,1183,0.9998328299761846,1.000271685718851
TOI-2076_b,NIRISS_SOSS,obs10,SOSS_HDU3_ordem_1,jw05959010001_04102_00001-seg003_nis_x1dints.fits,seg003,3,264,60783.13203148604,TDB-MID,2047.365527960183,0.14455868864513774,2038,0.8515347326686116,2.827786714826026,1184,0.9977107485679294,0.9981486728672739
TOI-2076_b,NIRISS_SOSS,obs10,SOSS_HDU3_ordem_1,jw05959010001_04102_00001-seg003_nis_x1dints.fits,seg003,3,265,60783.13210855905,TDB-MID,2052.7780551357178,0.14456782023075496,2038,0.8515347326686116,2.827786714826026,1185,1.0003483511192077,1.000787433139115
TOI-2076_b,NIRISS_SOSS,obs10,SOSS_HDU3_ordem_1,jw05959010001_04102_00001-seg003_nis_x1dints.fits,seg003,3,266,60783.132185632065,TDB-MID,2050.17714155976,0.14456156769771708,2038,0.8515347326686116,2.827786714826026,1186,0.9990808884236652,0.9995194141172887
TOI-2076_b,NIRISS_SOSS,obs10,SOSS_HDU3_ordem_1,jw05959010001_04102_00001-seg003_nis_x1dints.fits,seg003,3,267,60783.132262705076,TDB-MID,2039.798058693566,0.1445438572084363,2038,0.8515347326686116,2.827786714826026,1187,0.9940230116574209,0.9944593173016544
TOI-2076_b,NIRISS_SOSS,obs10,SOSS_HDU3_ordem_1,jw05959010001_04102_00001-seg003_nis_x1dints.fits,seg003,3,268,60783.13233977808,TDB-MID,2048.125638827437,0.14455695303763372,2038,0.8515347326686116,2.827786714826026,1188,0.998081161555745,0.9985192484401358
TOI-2076_b,NIRISS_SOSS,obs10,SOSS_HDU3_ordem_1,jw05959010001_04102_00001-seg003_nis_x1dints.fits,seg003,3,269,60783.13241685109,TDB-MID,2054.4853471815495,0.14457313558589077,2038,0.8515347326686116,2.827786714826026,1189,1.0011803391554466,1.0016197863591292
TOI-2076_b,NIRISS_SOSS,obs10,SOSS_HDU3_ordem_1,jw05959010001_04102_00001-seg003_nis_x1dints.fits,seg003,3,270,60783.1324939241,TDB-MID,2046.9199752649843,0.1445637264089425,2038,0.8515347326686116,2.827786714826026,1190,0.9974936243138661,0.9979314533110533
TOI-2076_b,NIRISS_SOSS,obs10,SOSS_HDU3_ordem_1,jw05959010001_04102_00001-seg003_nis_x1dints.fits,seg003,3,271,60783.13257099711,TDB-MID,2058.0326233734313,0.14457924177961667,2038,0.8515347326686116,2.827786714826026,1191,1.002908978002026,1.0033491839556337
TOI-2076_b,NIRISS_SOSS,obs10,SOSS_HDU3_ordem_1,jw05959010001_04102_00001-seg003_nis_x1dints.fits,seg003,3,272,60783.132648070125,TDB-MID,2058.911091424232,0.14460556331387361,2038,0.8515347326686116,2.827786714826026,1192,1.0033370681523133,1.0037774620071531
TOI-2076_b,NIRISS_SOSS,obs10,SOSS_HDU3_ordem_1,jw05959010001_04102_00001-seg003_nis_x1dints.fits,seg003,3,273,60783.132725143136,TDB-MID,2061.0009467096456,0.14458799520012441,2038,0.8515347326686116,2.827786714826026,1193,1.004355484772469,1.0047963256400183
TOI-2076_b,NIRISS_SOSS,obs10,SOSS_HDU3_ordem_1,jw05959010001_04102_00001-seg003_nis_x1dints.fits,seg003,3,274,60783.13280221615,TDB-MID,2054.9277859166527,0.14457229941122518,2038,0.8515347326686116,2.827786714826026,1194,1.0013959459318462,1.0018354877716211
TOI-2076_b,NIRISS_SOSS,obs10,SOSS_HDU3_ordem_1,jw05959010001_04102_00001-seg003_nis_x1dints.fits,seg003,3,275,60783.13287928916,TDB-MID,2050.507760549147,0.14456646831628325,2038,0.8515347326686116,2.827786714826026,1195,0.9992420038253299,0.9996806002371948
TOI-2076_b,NIRISS_SOSS,obs10,SOSS_HDU3_ordem_1,jw05959010001_04102_00001-seg003_nis_x1dints.fits,seg003,3,276,60783.13295636217,TDB-MID,2055.629344054133,0.1445772557203919,2038,0.8515347326686116,2.827786714826026,1196,1.0017378253300047,1.0021775172306024
TOI-2076_b,NIRISS_SOSS,obs10,SOSS_HDU3_ordem_1,jw05959010001_04102_00001-seg003_nis_x1dints.fits,seg003,3,277,60783.13303343518,TDB-MID,2047.8982271220925,0.14456358408777803,2038,0.8515347326686116,2.827786714826026,1197,0.9979703405520338,0.9984083787938591
TOI-2076_b,NIRISS_SOSS,obs10,SOSS_HDU3_ordem_1,jw05959010001_04102_00001-seg003_nis_x1dints.fits,seg003,3,278,60783.13311050819,TDB-MID,2051.9313350874418,0.14457087346519182,2038,0.8515347326686116,2.827786714826026,1198,0.9999357322284156,1.000374633137877
TOI-2076_b,NIRISS_SOSS,obs10,SOSS_HDU3_ordem_1,jw05959010001_04102_00001-seg003_nis_x1dints.fits,seg003,3,279,60783.1331875812,TDB-MID,2061.9282169699836,0.14458358492897855,2038,0.8515347326686116,2.827786714826026,1199,1.0048073569432818,1.0052483961506846
TOI-2076_b,NIRISS_SOSS,obs10,SOSS_HDU3_ordem_1,jw05959010001_04102_00001-seg003_nis_x1dints.fits,seg003,3,280,60783.13326465421,TDB-MID,2056.1644321357153,0.14461256689698104,2038,0.8515347326686116,2.827786714826026,1200,1.0019985814691184,1.0024383878231784
TOI-2076_b,NIRISS_SOSS,obs10,SOSS_HDU3_ordem_1,jw05959010001_04102_00001-seg003_nis_x1dints.fits,seg003,3,281,60783.13334172722,TDB-MID,2052.341098533496,0.14457100798158798,2038,0.8515347326686116,2.827786714826026,1201,1.0001354158652236,1.0005744044216476
TOI-2076_b,NIRISS_SOSS,obs10,SOSS_HDU3_ordem_1,jw05959010001_04102_00001-seg003_nis_x1dints.fits,seg003,3,282,60783.13341880023,TDB-MID,2052.9524679323404,0.14457636308560864,2038,0.8515347326686116,2.827786714826026,1202,1.0004333449903566,1.0008724643165487
TOI-2076_b,NIRISS_SOSS,obs10,SOSS_HDU3_ordem_1,jw05959010001_04102_00001-seg003_nis_x1dints.fits,seg003,3,283,60783.13349587324,TDB-MID,2055.470247614916,0.14457627154263045,2038,0.8515347326686116,2.827786714826026,1203,1.0016602953407097,1.0020999532111377
TOI-2076_b,NIRISS_SOSS,obs10,SOSS_HDU3_ordem_1,jw05959010001_04102_00001-seg003_nis_x1dints.fits,seg003,3,284,60783.13357294625,TDB-MID,2047.88906385871,0.1445603148233136,2038,0.8515347326686116,2.827786714826026,1204,0.9979658751616363,0.9984039114434717
TOI-2076_b,NIRISS_SOSS,obs10,SOSS_HDU3_ordem_1,jw05959010001_04102_00001-seg003_nis_x1dints.fits,seg003,3,285,60783.13365001926,TDB-MID,2054.074571676031,0.14457376946974346,2038,0.8515347326686116,2.827786714826026,1205,1.000980162327466,1.0014195216677098
TOI-2076_b,NIRISS_SOSS,obs10,SOSS_HDU3_ordem_1,jw05959010001_04102_00001-seg003_nis_x1dints.fits,seg003,3,286,60783.133727092274,TDB-MID,2049.1589752296486,0.1445640076837295,2038,0.8515347326686116,2.827786714826026,1206,0.9985847212871626,0.9990230291985823
TOI-2076_b,NIRISS_SOSS,obs10,SOSS_HDU3_ordem_1,jw05959010001_04102_00001-seg003_nis_x1dints.fits,seg003,3,287,60783.133804165285,TDB-MID,2051.4156936706395,0.14456816782975204,2038,0.8515347326686116,2.827786714826026,1207,0.999684452729506,1.0001232433450784
TOI-2076_b,NIRISS_SOSS,obs10,SOSS_HDU3_ordem_1,jw05959010001_04102_00001-seg003_nis_x1dints.fits,seg003,3,288,60783.1338812383,TDB-MID,2047.68410148141,0.14455841477150677,2038,0.8515347326686116,2.827786714826026,1208,0.9978659940392419,0.9983039864803444
TOI-2076_b,NIRISS_SOSS,obs10,SOSS_HDU3_ordem_1,jw05959010001_04102_00001-seg003_nis_x1dints.fits,seg003,3,289,60783.13395831131,TDB-MID,2057.3737050771715,0.14457885854137414,2038,0.8515347326686116,2.827786714826026,1209,1.0025878776134396,1.0030279426267368
TOI-2076_b,NIRISS_SOSS,obs10,SOSS_HDU3_ordem_1,jw05959010001_04102_00001-seg003_nis_x1dints.fits,seg003,3,290,60783.13403538431,TDB-MID,2050.8908087362897,0.14456430744557025,2038,0.8515347326686116,2.827786714826026,1210,0.9994286687311871,0.9998673470757146
TOI-2076_b,NIRISS_SOSS,obs10,SOSS_HDU3_ordem_1,jw05959010001_04102_00001-seg003_nis_x1dints.fits,seg003,3,291,60783.13411245732,TDB-MID,2045.0118470731113,0.1445540029803767,2038,0.8515347326686116,2.827786714826026,1211,0.9965637659272331,0.9970011867824983
TOI-2076_b,NIRISS_SOSS,obs10,SOSS_HDU3_ordem_1,jw05959010001_04102_00001-seg003_nis_x1dints.fits,seg003,3,292,60783.134189530334,TDB-MID,2048.558239985163,0.14456094346056106,2038,0.8515347326686116,2.827786714826026,1212,0.9982919743388127,0.9987301537550725
TOI-2076_b,NIRISS_SOSS,obs10,SOSS_HDU3_ordem_1,jw05959010001_04102_00001-seg003_nis_x1dints.fits,seg003,3,293,60783.13426660334,TDB-MID,2055.0602142745242,0.14457487817484513,2038,0.8515347326686116,2.827786714826026,1213,1.0014604801804985,1.0019000503462343
TOI-2076_b,NIRISS_SOSS,obs10,SOSS_HDU3_ordem_1,jw05959010001_04102_00001-seg003_nis_x1dints.fits,seg003,3,294,60783.13434367635,TDB-MID,2048.871156458063,0.1445616044373823,2038,0.8515347326686116,2.827786714826026,1214,0.9984444630488906,0.9988827093968855
TOI-2076_b,NIRISS_SOSS,obs10,SOSS_HDU3_ordem_1,jw05959010001_04102_00001-seg003_nis_x1dints.fits,seg003,3,295,60783.13442074936,TDB-MID,2049.4580940318247,0.1445489378907135,2038,0.8515347326686116,2.827786714826026,1215,0.9987304861933086,0.9991688580851902
TOI-2076_b,NIRISS_SOSS,obs10,SOSS_HDU3_ordem_1,jw05959010001_04102_00001-seg003_nis_x1dints.fits,seg003,3,296,60783.13449782237,TDB-MID,2043.3712910211304,0.14454885152502067,2038,0.8515347326686116,2.827786714826026,1216,0.9957642993032539,0.9962013692493388
TOI-2076_b,NIRISS_SOSS,obs10,SOSS_HDU3_ordem_1,jw05959010001_04102_00001-seg003_nis_x1dints.fits,seg003,3,297,60783.13457489538,TDB-MID,2050.119108069981,0.14456993948889132,2038,0.8515347326686116,2.827786714826026,1217,0.9990526078671457,0.9994911211476095
TOI-2076_b,NIRISS_SOSS,obs10,SOSS_HDU3_ordem_1,jw05959010001_04102_00001-seg003_nis_x1dints.fits,seg003,3,298,60783.134651968394,TDB-MID,2053.085625772144,0.14457344328209773,2038,0.8515347326686116,2.827786714826026,1218,1.000498234726075,1.0009373825342616
TOI-2076_b,NIRISS_SOSS,obs10,SOSS_HDU3_ordem_1,jw05959010001_04102_00001-seg003_nis_x1dints.fits,seg003,3,299,60783.134729041405,TDB-MID,2055.159218703294,0.14457501432062564,2038,0.8515347326686116,2.827786714826026,1219,1.0015087264664648,1.0019483178089004
TOI-2076_b,NIRISS_SOSS,obs10,SOSS_HDU3_ordem_1,jw05959010001_04102_00001-seg003_nis_x1dints.fits,seg003,3,300,60783.134806114416,TDB-MID,2050.8805253616433,0.14456535826554173,2038,0.8515347326686116,2.827786714826026,1220,0.9994236574944166,0.9998623336393663
TOI-2076_b,NIRISS_SOSS,obs10,SOSS_HDU3_ordem_1,jw05959010001_04102_00001-seg003_nis_x1dints.fits,seg003,3,301,60783.13488318743,TDB-MID,2050.018340890151,0.14456404806729198,2038,0.8515347326686116,2.827786714826026,1221,0.9990035025671657,0.9994419942938836
TOI-2076_b,NIRISS_SOSS,obs10,SOSS_HDU3_ordem_1,jw05959010001_04102_00001-seg003_nis_x1dints.fits,seg003,3,302,60783.13496026044,TDB-MID,2051.8738451206254,0.14456463767311006,2038,0.8515347326686116,2.827786714826026,1222,0.9999077165384744,1.0003466051510337
TOI-2076_b,NIRISS_SOSS,obs10,SOSS_HDU3_ordem_1,jw05959010001_04102_00001-seg003_nis_x1dints.fits,seg003,3,303,60783.13503733345,TDB-MID,2053.2530964420725,0.14456887691330683,2038,0.8515347326686116,2.827786714826026,1223,1.0005798455987676,1.0010190292283427
TOI-2076_b,NIRISS_SOSS,obs10,SOSS_HDU3_ordem_1,jw05959010001_04102_00001-seg003_nis_x1dints.fits,seg003,3,304,60783.135114406454,TDB-MID,2044.547150074713,0.14455165051737284,2038,0.8515347326686116,2.827786714826026,1224,0.9963373123781244,0.996774633836333
TOI-2076_b,NIRISS_SOSS,obs10,SOSS_HDU3_ordem_1,jw05959010001_04102_00001-seg003_nis_x1dints.fits,seg003,3,305,60783.135191479465,TDB-MID,2050.0883104993636,0.14456284290017027,2038,0.8515347326686116,2.827786714826026,1225,0.9990375997668259,0.9994761064597977
TOI-2076_b,NIRISS_SOSS,obs10,SOSS_HDU3_ordem_1,jw05959010001_04102_00001-seg003_nis_x1dints.fits,seg003,3,306,60783.135268552476,TDB-MID,2048.6138855459535,0.14456901057847454,2038,0.8515347326686116,2.827786714826026,1226,0.9983190912230977,0.9987572825417477
TOI-2076_b,NIRISS_SOSS,obs10,SOSS_HDU3_ordem_1,jw05959010001_04102_00001-seg003_nis_x1dints.fits,seg003,3,307,60783.13534562549,TDB-MID,2046.3019400399348,0.14455838974348345,2038,0.8515347326686116,2.827786714826026,1227,0.9971924468354899,0.997630143637112
TOI-2076_b,NIRISS_SOSS,obs10,SOSS_HDU3_ordem_1,jw05959010001_04102_00001-seg003_nis_x1dints.fits,seg003,3,308,60783.1354226985,TDB-MID,2050.6503242904555,0.14456591040131886,2038,0.8515347326686116,2.827786714826026,1228,0.9993114771925021,0.9997501040982508
TOI-2076_b,NIRISS_SOSS,obs10,SOSS_HDU3_ordem_1,jw05959010001_04102_00001-seg003_nis_x1dints.fits,seg003,3,309,60783.13549977151,TDB-MID,2047.6012205812995,0.14456988694704279,2038,0.8515347326686116,2.827786714826026,1229,0.9978256049813223,0.9982635796944913
TOI-2076_b,NIRISS_SOSS,obs10,SOSS_HDU3_ordem_1,jw05959010001_04102_00001-seg003_nis_x1dints.fits,seg003,3,310,60783.13557684452,TDB-MID,2046.650804397369,0.1445585307803306,2038,0.8515347326686116,2.827786714826026,1230,0.997362453468136,0.9978002248906196
TOI-2076_b,NIRISS_SOSS,obs10,SOSS_HDU3_ordem_1,jw05959010001_04102_00001-seg003_nis_x1dints.fits,seg003,3,311,60783.13565391753,TDB-MID,2050.3684967642857,0.14456508618399516,2038,0.8515347326686116,2.827786714826026,1231,0.9991741385745261,0.9996127051983562
TOI-2076_b,NIRISS_SOSS,obs10,SOSS_HDU3_ordem_1,jw05959010001_04102_00001-seg003_nis_x1dints.fits,seg003,3,312,60783.13573099054,TDB-MID,2046.343978316227,0.14455679926710446,2038,0.8515347326686116,2.827786714826026,1232,0.9972129326937967,0.9976506384872585
TOI-2076_b,NIRISS_SOSS,obs10,SOSS_HDU3_ordem_1,jw05959010001_04102_00001-seg003_nis_x1dints.fits,seg003,3,313,60783.13580806355,TDB-MID,2051.70139610303,0.14456949250013634,2038,0.8515347326686116,2.827786714826026,1233,0.9998236796451669,1.0002625313714866
TOI-2076_b,NIRISS_SOSS,obs10,SOSS_HDU3_ordem_1,jw05959010001_04102_00001-seg003_nis_x1dints.fits,seg003,3,314,60783.13588513656,TDB-MID,2053.8496153126925,0.14457197577253042,2038,0.8515347326686116,2.827786714826026,1234,1.0008705378473246,1.0013098490701922
TOI-2076_b,NIRISS_SOSS,obs10,SOSS_HDU3_ordem_1,jw05959010001_04102_00001-seg003_nis_x1dints.fits,seg003,3,315,60783.13596220957,TDB-MID,2052.1637970840743,0.1445705008835931,2038,0.8515347326686116,2.827786714826026,1235,1.000049014311906,1.0004879649441722
TOI-2076_b,NIRISS_SOSS,obs10,SOSS_HDU3_ordem_1,jw05959010001_04102_00001-seg003_nis_x1dints.fits,seg003,3,316,60783.13603928258,TDB-MID,2054.2632408972377,0.1445757883955406,2038,0.8515347326686116,2.827786714826026,1236,1.0010721035599186,1.0015115032558466
TOI-2076_b,NIRISS_SOSS,obs10,SOSS_HDU3_ordem_1,jw05959010001_04102_00001-seg003_nis_x1dints.fits,seg003,3,317,60783.136116355585,TDB-MID,2047.096195293428,0.1445572768283912,2038,0.8515347326686116,2.827786714826026,1237,0.9975794988751451,0.9980173655651777
TOI-2076_b,NIRISS_SOSS,obs10,SOSS_HDU3_ordem_1,jw05959010001_04102_00001-seg003_nis_x1dints.fits,seg003,3,318,60783.136193428596,TDB-MID,2049.0905607292266,0.14456353463691907,2038,0.8515347326686116,2.827786714826026,1238,0.9985513819144434,0.9989896751922417
TOI-2076_b,NIRISS_SOSS,obs10,SOSS_HDU3_ordem_1,jw05959010001_04102_00001-seg003_nis_x1dints.fits,seg003,3,319,60783.13627050161,TDB-MID,2044.8570546339233,0.14455147063246,2038,0.8515347326686116,2.827786714826026,1239,0.9964883333392238,0.9969257210849297
TOI-2076_b,NIRISS_SOSS,obs10,SOSS_HDU3_ordem_1,jw05959010001_04102_00001-seg003_nis_x1dints.fits,seg003,3,320,60783.13634757462,TDB-MID,2045.4699378117243,0.14455334964343977,2038,0.8515347326686116,2.827786714826026,1240,0.9967870001506739,0.99722451898994
TOI-2076_b,NIRISS_SOSS,obs10,SOSS_HDU3_ordem_1,jw05959010001_04102_00001-seg003_nis_x1dints.fits,seg003,3,321,60783.13642464763,TDB-MID,2050.0823421401606,0.14456569686571594,2038,0.8515347326686116,2.827786714826026,1241,0.9990346912993116,0.9994731967156721
TOI-2076_b,NIRISS_SOSS,obs10,SOSS_HDU3_ordem_1,jw05959010001_04102_00001-seg003_nis_x1dints.fits,seg003,3,322,60783.13650172064,TDB-MID,2044.545633184743,0.1445511025121719,2038,0.8515347326686116,2.827786714826026,1242,0.9963365731757657,0.9967738943095169
TOI-2076_b,NIRISS_SOSS,obs10,SOSS_HDU3_ordem_1,jw05959010001_04102_00001-seg003_nis_x1dints.fits,seg003,3,323,60783.13657879365,TDB-MID,2042.3872425761072,0.14454662093263504,2038,0.8515347326686116,2.827786714826026,1243,0.9952847583041977,0.9957216177657745
TOI-2076_b,NIRISS_SOSS,obs10,SOSS_HDU3_ordem_1,jw05959010001_04102_00001-seg003_nis_x1dints.fits,seg003,3,324,60783.13665586666,TDB-MID,2045.5128618292879,0.14455206386327676,2038,0.8515347326686116,2.827786714826026,1244,0.9968079176434762,0.997245445664039
TOI-2076_b,NIRISS_SOSS,obs10,SOSS_HDU3_ordem_1,jw05959010001_04102_00001-seg003_nis_x1dints.fits,seg003,3,325,60783.136732939674,TDB-MID,2048.124344359773,0.14455738472383334,2038,0.8515347326686116,2.827786714826026,1245,0.9980805307429839,0.9985186173504926
TOI-2076_b,NIRISS_SOSS,obs10,SOSS_HDU3_ordem_1,jw05959010001_04102_00001-seg003_nis_x1dints.fits,seg003,3,326,60783.136810012686,TDB-MID,2051.204670071138,0.14456464447842549,2038,0.8515347326686116,2.827786714826026,1246,0.9995816178861189,1.000020363364484
TOI-2076_b,NIRISS_SOSS,obs10,SOSS_HDU3_ordem_1,jw05959010001_04102_00001-seg003_nis_x1dints.fits,seg003,3,327,60783.1368870857,TDB-MID,2048.672277902512,0.14455910931045246,2038,0.8515347326686116,2.827786714826026,1247,0.9983475466605745,0.9987857504691445
TOI-2076_b,NIRISS_SOSS,obs10,SOSS_HDU3_ordem_1,jw05959010001_04102_00001-seg003_nis_x1dints.fits,seg003,3,328,60783.1369641587,TDB-MID,2046.3487951284571,0.14455475312653177,2038,0.8515347326686116,2.827786714826026,1248,0.9972152799958637,0.9976529868196248
TOI-2076_b,NIRISS_SOSS,obs10,SOSS_HDU3_ordem_1,jw05959010001_04102_00001-seg003_nis_x1dints.fits,seg003,3,329,60783.13704123171,TDB-MID,2049.5960070464516,0.14456078792734242,2038,0.8515347326686116,2.827786714826026,1249,0.9987976931942968,0.9992360945852881
TOI-2076_b,NIRISS_SOSS,obs10,SOSS_HDU3_ordem_1,jw05959010001_04102_00001-seg003_nis_x1dints.fits,seg003,3,330,60783.137118304716,TDB-MID,2049.3053513597342,0.144560669981926,2038,0.8515347326686116,2.827786714826026,1250,0.9986560524863675,0.9990943917071277
TOI-2076_b,NIRISS_SOSS,obs10,SOSS_HDU3_ordem_1,jw05959010001_04102_00001-seg003_nis_x1dints.fits,seg003,3,331,60783.13719537773,TDB-MID,2049.9238117923,0.1445625728653841,2038,0.8515347326686116,2.827786714826026,1251,0.9989574371744987,0.9993959086817743
TOI-2076_b,NIRISS_SOSS,obs10,SOSS_HDU3_ordem_1,jw05959010001_04102_00001-seg003_nis_x1dints.fits,seg003,3,332,60783.13727245074,TDB-MID,2050.9447080640894,0.14456593337673088,2038,0.8515347326686116,2.827786714826026,1252,0.9994549346509517,0.9998936245243562
TOI-2076_b,NIRISS_SOSS,obs10,SOSS_HDU3_ordem_1,jw05959010001_04102_00001-seg003_nis_x1dints.fits,seg003,3,333,60783.13734952375,TDB-MID,2047.207549267803,0.14455750997315156,2038,0.8515347326686116,2.827786714826026,1253,0.997633763272788,0.9980716537810449
TOI-2076_b,NIRISS_SOSS,obs10,SOSS_HDU3_ordem_1,jw05959010001_04102_00001-seg003_nis_x1dints.fits,seg003,3,334,60783.13742659676,TDB-MID,2051.9811469215074,0.14456752166696477,2038,0.8515347326686116,2.827786714826026,1254,0.9999600062535344,1.000398917817572
TOI-2076_b,NIRISS_SOSS,obs10,SOSS_HDU3_ordem_1,jw05959010001_04102_00001-seg003_nis_x1dints.fits,seg003,3,335,60783.13750366977,TDB-MID,2043.7987789325725,0.14455015881534558,2038,0.8515347326686116,2.827786714826026,1255,0.9959726203276651,0.9964097817119134
TOI-2076_b,NIRISS_SOSS,obs10,SOSS_HDU3_ordem_1,jw05959010001_04102_00001-seg003_nis_x1dints.fits,seg003,3,336,60783.13758074278,TDB-MID,2048.522830598684,0.14456043771525287,2038,0.8515347326686116,2.827786714826026,1256,0.9982747188341127,0.9987128906764291
TOI-2076_b,NIRISS_SOSS,obs10,SOSS_HDU3_ordem_1,jw05959010001_04102_00001-seg003_nis_x1dints.fits,seg003,3,337,60783.137657815794,TDB-MID,2048.508200268755,0.1445591303798931,2038,0.8515347326686116,2.827786714826026,1257,0.998267589263342,0.9987057579762821
TOI-2076_b,NIRISS_SOSS,obs10,SOSS_HDU3_ordem_1,jw05959010001_04102_00001-seg003_nis_x1dints.fits,seg003,3,338,60783.137734888805,TDB-MID,2053.5128473655477,0.14457295920908006,2038,0.8515347326686116,2.827786714826026,1258,1.000706425969865,1.001145665159251
TOI-2076_b,NIRISS_SOSS,obs10,SOSS_HDU3_ordem_1,jw05959010001_04102_00001-seg003_nis_x1dints.fits,seg003,3,339,60783.13781196182,TDB-MID,2045.2348056803264,0.144553835295105,2038,0.8515347326686116,2.827786714826026,1259,0.9966724168720039,0.9971098854173326
TOI-2076_b,NIRISS_SOSS,obs10,SOSS_HDU3_ordem_1,jw05959010001_04102_00001-seg003_nis_x1dints.fits,seg003,3,340,60783.13788903483,TDB-MID,2043.625636927481,0.14454853585848404,2038,0.8515347326686116,2.827786714826026,1260,0.9958882457315564,0.9963253700813377
TOI-2076_b,NIRISS_SOSS,obs10,SOSS_HDU3_ordem_1,jw05959010001_04102_00001-seg003_nis_x1dints.fits,seg003,3,341,60783.13796610783,TDB-MID,2055.2702098505465,0.14457535505128802,2038,0.8515347326686116,2.827786714826026,1261,1.0015628140532185,1.0020024291362706
TOI-2076_b,NIRISS_SOSS,obs10,SOSS_HDU3_ordem_1,jw05959010001_04102_00001-seg003_nis_x1dints.fits,seg003,3,342,60783.13804318084,TDB-MID,2043.1074519978124,0.1445526687364771,2038,0.8515347326686116,2.827786714826026,1262,0.995635726742145,0.9960727402539888
TOI-2076_b,NIRISS_SOSS,obs10,SOSS_HDU3_ordem_1,jw05959010001_04102_00001-seg003_nis_x1dints.fits,seg003,3,343,60783.138120253854,TDB-MID,2047.2342090083096,0.14455687189165276,2038,0.8515347326686116,2.827786714826026,1263,0.9976467549488196,0.9980846511595013
TOI-2076_b,NIRISS_SOSS,obs10,SOSS_HDU3_ordem_1,jw05959010001_04102_00001-seg003_nis_x1dints.fits,seg003,3,344,60783.13819732686,TDB-MID,2050.157270300787,0.14456647964849395,2038,0.8515347326686116,2.827786714826026,1264,0.9990712048725873,0.9995097263158184
TOI-2076_b,NIRISS_SOSS,obs10,SOSS_HDU3_ordem_1,jw05959010001_04102_00001-seg003_nis_x1dints.fits,seg003,3,345,60783.13827439987,TDB-MID,2055.564142410737,0.1445790357701601,2038,0.8515347326686116,2.827786714826026,1265,1.0017060516288496,1.0021457295830447
TOI-2076_b,NIRISS_SOSS,obs10,SOSS_HDU3_ordem_1,jw05959010001_04102_00001-seg003_nis_x1dints.fits,seg003,3,346,60783.13835147288,TDB-MID,2049.176397821888,0.14456698281705166,2038,0.8515347326686116,2.827786714826026,1266,0.9985932115676267,0.9990315232056778
TOI-2076_b,NIRISS_SOSS,obs10,SOSS_HDU3_ordem_1,jw05959010001_04102_00001-seg003_nis_x1dints.fits,seg003,3,347,60783.13842854589,TDB-MID,2058.292278946668,0.14458387473297174,2038,0.8515347326686116,2.827786714826026,1267,1.0030355119075773,1.0034757734006006
TOI-2076_b,NIRISS_SOSS,obs10,SOSS_HDU3_ordem_1,jw05959010001_04102_00001-seg003_nis_x1dints.fits,seg003,3,348,60783.1385056189,TDB-MID,2049.1037901300933,0.14456370853093578,2038,0.8515347326686116,2.827786714826026,1268,0.9985578287922782,0.9989961248997989
TOI-2076_b,NIRISS_SOSS,obs10,SOSS_HDU3_ordem_1,jw05959010001_04102_00001-seg003_nis_x1dints.fits,seg003,3,349,60783.138582691914,TDB-MID,2055.1466449848126,0.14457700352108355,2038,0.8515347326686116,2.827786714826026,1269,1.0015025991121127,1.0019421877650738
TOI-2076_b,NIRISS_SOSS,obs10,SOSS_HDU3_ordem_1,jw05959010001_04102_00001-seg003_nis_x1dints.fits,seg003,3,350,60783.138659764925,TDB-MID,2048.366150350019,0.1445611085218087,2038,0.8515347326686116,2.827786714826026,1270,0.9981983662893197,0.9986365046182808
TOI-2076_b,NIRISS_SOSS,obs10,SOSS_HDU3_ordem_1,jw05959010001_04102_00001-seg003_nis_x1dints.fits,seg003,3,351,60783.13873683794,TDB-MID,2058.294429743013,0.1445806048576061,2038,0.8515347326686116,2.827786714826026,1271,1.0030365600216546,1.0034768219747257
TOI-2076_b,NIRISS_SOSS,obs10,SOSS_HDU3_ordem_1,jw05959010001_04102_00001-seg003_nis_x1dints.fits,seg003,3,352,60783.13881391095,TDB-MID,2048.396250800307,0.1445594128492108,2038,0.8515347326686116,2.827786714826026,1272,0.998213034672849,0.998651179440191
TOI-2076_b,NIRISS_SOSS,obs10,SOSS_HDU3_ordem_1,jw05959010001_04102_00001-seg003_nis_x1dints.fits,seg003,3,353,60783.13889098395,TDB-MID,2055.664269886482,0.14457482296699495,2038,0.8515347326686116,2.827786714826026,1273,1.0017548451918035,1.0021945445629141
TOI-2076_b,NIRISS_SOSS,obs10,SOSS_HDU3_ordem_1,jw05959010001_04102_00001-seg003_nis_x1dints.fits,seg003,3,354,60783.13896805696,TDB-MID,2050.4927233682956,0.1445632367035671,2038,0.8515347326686116,2.827786714826026,1274,0.9992346759902372,0.9996732691857019
TOI-2076_b,NIRISS_SOSS,obs10,SOSS_HDU3_ordem_1,jw05959010001_04102_00001-seg003_nis_x1dints.fits,seg003,3,355,60783.13904512997,TDB-MID,2042.3491789061418,0.1445486669811684,2038,0.8515347326686116,2.827786714826026,1275,0.9952662093288752,0.9957030606487666
TOI-2076_b,NIRISS_SOSS,obs10,SOSS_HDU3_ordem_1,jw05959010001_04102_00001-seg003_nis_x1dints.fits,seg003,3,356,60783.13912220298,TDB-MID,2052.6269061940457,0.1445753537692569,2038,0.8515347326686116,2.827786714826026,1276,1.000274694060084,1.000713743749763
TOI-2076_b,NIRISS_SOSS,obs10,SOSS_HDU3_ordem_1,jw05959010001_04102_00001-seg003_nis_x1dints.fits,seg003,3,357,60783.13919927599,TDB-MID,2055.2509892588723,0.14457314930973805,2038,0.8515347326686116,2.827786714826026,1277,1.0015534475816992,1.0019930585535344
TOI-2076_b,NIRISS_SOSS,obs10,SOSS_HDU3_ordem_1,jw05959010001_04102_00001-seg003_nis_x1dints.fits,seg003,3,358,60783.139276349,TDB-MID,2045.6280548442428,0.14455346099832356,2038,0.8515347326686116,2.827786714826026,1278,0.9968640528609598,0.9973016055209042
TOI-2076_b,NIRISS_SOSS,obs10,SOSS_HDU3_ordem_1,jw05959010001_04102_00001-seg003_nis_x1dints.fits,seg003,3,359,60783.13935342201,TDB-MID,2054.478623228637,0.14457183528190568,2038,0.8515347326686116,2.827786714826026,1279,1.0011770624762204,1.001616508241673
TOI-2076_b,NIRISS_SOSS,obs10,SOSS_HDU3_ordem_1,jw05959010001_04102_00001-seg003_nis_x1dints.fits,seg003,3,360,60783.13943049502,TDB-MID,2053.192951358323,0.14456960538695543,2038,0.8515347326686116,2.827786714826026,1280,1.0005505360320532,1.000989706796806
TOI-2076_b,NIRISS_SOSS,obs10,SOSS_HDU3_ordem_1,jw05959010001_04102_00001-seg003_nis_x1dints.fits,seg003,3,361,60783.139507568034,TDB-MID,2053.596060682574,0.14457021374583773,2038,0.8515347326686116,2.827786714826026,1281,1.0007469770193416,1.001186234007764
TOI-2076_b,NIRISS_SOSS,obs10,SOSS_HDU3_ordem_1,jw05959010001_04102_00001-seg003_nis_x1dints.fits,seg003,3,362,60783.139584641045,TDB-MID,2043.8030628674787,0.14454771582336218,2038,0.8515347326686116,2.827786714826026,1282,0.9959747079509271,0.9964118702514941
TOI-2076_b,NIRISS_SOSS,obs10,SOSS_HDU3_ordem_1,jw05959010001_04102_00001-seg003_nis_x1dints.fits,seg003,3,363,60783.139661714056,TDB-MID,2056.7507155279804,0.14457391996935406,2038,0.8515347326686116,2.827786714826026,1283,1.0022842858214587,1.0027242175794782
TOI-2076_b,NIRISS_SOSS,obs10,SOSS_HDU3_ordem_1,jw05959010001_04102_00001-seg003_nis_x1dints.fits,seg003,3,364,60783.13973878707,TDB-MID,2050.2296281491185,0.14454088863812833,2038,0.8515347326686116,2.827786714826026,1284,0.9991064658956131,0.999545002815934
TOI-2076_b,NIRISS_SOSS,obs10,SOSS_HDU3_ordem_1,jw05959010001_04102_00001-seg003_nis_x1dints.fits,seg003,3,365,60783.13981586007,TDB-MID,2056.7598352650834,0.14457542492516934,2038,0.8515347326686116,2.827786714826026,1285,1.0022887300008725,1.0027286637095716
TOI-2076_b,NIRISS_SOSS,obs10,SOSS_HDU3_ordem_1,jw05959010001_04102_00001-seg003_nis_x1dints.fits,seg003,3,366,60783.139892933075,TDB-MID,2056.4105173020826,0.14457531088318445,2038,0.8515347326686116,2.827786714826026,1286,1.0021185023196917,1.002558361310505
TOI-2076_b,NIRISS_SOSS,obs10,SOSS_HDU3_ordem_1,jw05959010001_04102_00001-seg003_nis_x1dints.fits,seg003,3,367,60783.13997000609,TDB-MID,2053.0034673108894,0.14456995366550057,2038,0.8515347326686116,2.827786714826026,1287,1.0004581977230287,1.000897327957809
TOI-2076_b,NIRISS_SOSS,obs10,SOSS_HDU3_ordem_1,jw05959010001_04102_00001-seg003_nis_x1dints.fits,seg003,3,368,60783.1400470791,TDB-MID,2043.4480707148832,0.14454916631226777,2038,0.8515347326686116,2.827786714826026,1288,0.9958017151553247,0.9962388015243164
TOI-2076_b,NIRISS_SOSS,obs10,SOSS_HDU3_ordem_1,jw05959010001_04102_00001-seg003_nis_x1dints.fits,seg003,3,369,60783.14012415211,TDB-MID,2048.2283696953155,0.14455863445612877,2038,0.8515347326686116,2.827786714826026,1289,0.9981312237892311,0.9985693326473939
TOI-2076_b,NIRISS_SOSS,obs10,SOSS_HDU3_ordem_1,jw05959010001_04102_00001-seg003_nis_x1dints.fits,seg003,3,370,60783.14020122512,TDB-MID,2053.97931114959,0.14456993474486715,2038,0.8515347326686116,2.827786714826026,1290,1.0009337404990983,1.00137307946345
TOI-2076_b,NIRISS_SOSS,obs10,SOSS_HDU3_ordem_1,jw05959010001_04102_00001-seg003_nis_x1dints.fits,seg003,3,371,60783.14027829813,TDB-MID,2048.283590779554,0.14455834956856978,2038,0.8515347326686116,2.827786714826026,1291,0.9981581338199705,0.9985962544897294
TOI-2076_b,NIRISS_SOSS,obs10,SOSS_HDU3_ordem_1,jw05959010001_04102_00001-seg003_nis_x1dints.fits,seg003,3,372,60783.14035537114,TDB-MID,2053.007080378561,0.14457074887982937,2038,0.8515347326686116,2.827786714826026,1292,1.0004599584230123,1.0008990894306151
TOI-2076_b,NIRISS_SOSS,obs10,SOSS_HDU3_ordem_1,jw05959010001_04102_00001-seg003_nis_x1dints.fits,seg003,3,373,60783.140432444154,TDB-MID,2041.4268931531096,0.14454517336585146,2038,0.8515347326686116,2.827786714826026,1293,0.9948167661803584,0.9952534202265648
TOI-2076_b,NIRISS_SOSS,obs10,SOSS_HDU3_ordem_1,jw05959010001_04102_00001-seg003_nis_x1dints.fits,seg003,3,374,60783.140509517165,TDB-MID,2047.156622826701,0.14452602812662696,2038,0.8515347326686116,2.827786714826026,1294,0.9976089460835856,0.9980468256988556
TOI-2076_b,NIRISS_SOSS,obs10,SOSS_HDU3_ordem_1,jw05959010001_04102_00001-seg003_nis_x1dints.fits,seg003,3,375,60783.140586590176,TDB-MID,2053.534205115101,0.14457147035107104,2038,0.8515347326686116,2.827786714826026,1295,1.0007168339092407,1.0011560776669741
TOI-2076_b,NIRISS_SOSS,obs10,SOSS_HDU3_ordem_1,jw05959010001_04102_00001-seg003_nis_x1dints.fits,seg003,3,376,60783.14066366318,TDB-MID,2040.6241074743048,0.1445469380633603,2038,0.8515347326686116,2.827786714826026,1296,0.9944255571414243,0.9948620394745922
TOI-2076_b,NIRISS_SOSS,obs10,SOSS_HDU3_ordem_1,jw05959010001_04102_00001-seg003_nis_x1dints.fits,seg003,3,377,60783.140740736184,TDB-MID,2048.2996167627875,0.14456222079694248,2038,0.8515347326686116,2.827786714826026,1297,0.9981659435127246,0.998604067610385
TOI-2076_b,NIRISS_SOSS,obs10,SOSS_HDU3_ordem_1,jw05959010001_04102_00001-seg003_nis_x1dints.fits,seg003,3,378,60783.140817809195,TDB-MID,2058.1018389471574,0.14458159819396996,2038,0.8515347326686116,2.827786714826026,1298,1.0029427077493192,1.003382928507895
TOI-2076_b,NIRISS_SOSS,obs10,SOSS_HDU3_ordem_1,jw05959010001_04102_00001-seg003_nis_x1dints.fits,seg003,3,379,60783.140894882206,TDB-MID,2049.7938917894435,0.14456527771934966,2038,0.8515347326686116,2.827786714826026,1299,0.9988941252834203,0.9993325690012633
TOI-2076_b,NIRISS_SOSS,obs10,SOSS_HDU3_ordem_1,jw05959010001_04102_00001-seg003_nis_x1dints.fits,seg003,3,380,60783.14097195522,TDB-MID,2051.2266031778345,0.1445665118582834,2038,0.8515347326686116,2.827786714826026,1300,0.999592306205328,1.0000310563751076
TOI-2076_b,NIRISS_SOSS,obs10,SOSS_HDU3_ordem_1,jw05959010001_04102_00001-seg003_nis_x1dints.fits,seg003,3,381,60783.14104902823,TDB-MID,2054.791573000231,0.1445751274556357,2038,0.8515347326686116,2.827786714826026,1301,1.001329567413232,1.0017690801175423
TOI-2076_b,NIRISS_SOSS,obs10,SOSS_HDU3_ordem_1,jw05959010001_04102_00001-seg003_nis_x1dints.fits,seg003,3,382,60783.14112610124,TDB-MID,2054.1124313214386,0.144572992095099,2038,0.8515347326686116,2.827786714826026,1302,1.000998611878679,1.001437979316968
TOI-2076_b,NIRISS_SOSS,obs10,SOSS_HDU3_ordem_1,jw05959010001_04102_00001-seg003_nis_x1dints.fits,seg003,3,383,60783.14120317425,TDB-MID,2051.8184814116144,0.14456948077735868,2038,0.8515347326686116,2.827786714826026,1303,0.9998807370046264,1.0003196137750825
TOI-2076_b,NIRISS_SOSS,obs10,SOSS_HDU3_ordem_1,jw05959010001_04102_00001-seg003_nis_x1dints.fits,seg003,3,384,60783.14128024726,TDB-MID,2049.476356214002,0.14456069713610806,2038,0.8515347326686116,2.827786714826026,1304,0.998739385618058,0.9991777614161562
TOI-2076_b,NIRISS_SOSS,obs10,SOSS_HDU3_ordem_1,jw05959010001_04102_00001-seg003_nis_x1dints.fits,seg003,3,385,60783.141357320266,TDB-MID,2047.8556400981854,0.1445593647574843,2038,0.8515347326686116,2.827786714826026,1305,0.9979495872811003,0.9983876164137108
TOI-2076_b,NIRISS_SOSS,obs10,SOSS_HDU3_ordem_1,jw05959010001_04102_00001-seg003_nis_x1dints.fits,seg003,3,386,60783.14143439328,TDB-MID,2058.0874363235394,0.14458083477352304,2038,0.8515347326686116,2.827786714826026,1306,1.0029356891431176,1.0033759068210228
TOI-2076_b,NIRISS_SOSS,obs10,SOSS_HDU3_ordem_1,jw05959010001_04102_00001-seg003_nis_x1dints.fits,seg003,3,387,60783.14151146629,TDB-MID,2058.944087770714,0.1445822611511016,2038,0.8515347326686116,2.827786714826026,1307,1.0033531477478221,1.0037935486604648
TOI-2076_b,NIRISS_SOSS,obs10,SOSS_HDU3_ordem_1,jw05959010001_04102_00001-seg003_nis_x1dints.fits,seg003,3,388,60783.1415885393,TDB-MID,2046.0260645925841,0.14455504850878126,2038,0.8515347326686116,2.827786714826026,1308,0.9970580087513623,0.9974956465441946
TOI-2076_b,NIRISS_SOSS,obs10,SOSS_HDU3_ordem_1,jw05959010001_04102_00001-seg003_nis_x1dints.fits,seg003,3,389,60783.14166561231,TDB-MID,2058.76881309874,0.1445798009061517,2038,0.8515347326686116,2.827786714826026,1309,1.0032677338723848,1.0037080972943901
TOI-2076_b,NIRISS_SOSS,obs10,SOSS_HDU3_ordem_1,jw05959010001_04102_00001-seg003_nis_x1dints.fits,seg003,3,390,60783.141742685315,TDB-MID,2049.697087919297,0.14456371671687498,2038,0.8515347326686116,2.827786714826026,1310,0.9988469513614071,0.9992853743732423
TOI-2076_b,NIRISS_SOSS,obs10,SOSS_HDU3_ordem_1,jw05959010001_04102_00001-seg003_nis_x1dints.fits,seg003,3,391,60783.141819758326,TDB-MID,2045.2351020839014,0.14455237758175146,2038,0.8515347326686116,2.827786714826026,1311,0.9966725613137407,0.9971100299224691
TOI-2076_b,NIRISS_SOSS,obs10,SOSS_HDU3_ordem_1,jw05959010001_04102_00001-seg003_nis_x1dints.fits,seg003,3,392,60783.14189683134,TDB-MID,2041.0033183557975,0.1445704528155617,2038,0.8515347326686116,2.827786714826026,1312,0.9946103520728972,0.9950469155179413
TOI-2076_b,NIRISS_SOSS,obs10,SOSS_HDU3_ordem_1,jw05959010001_04102_00001-seg003_nis_x1dints.fits,seg003,3,393,60783.14197390434,TDB-MID,2042.2016953448065,0.14454546073077115,2038,0.8515347326686116,2.827786714826026,1313,0.9951943384624511,0.9956311582361265
TOI-2076_b,NIRISS_SOSS,obs10,SOSS_HDU3_ordem_1,jw05959010001_04102_00001-seg003_nis_x1dints.fits,seg003,3,394,60783.14205097735,TDB-MID,2055.3776663188883,0.1445718276254136,2038,0.8515347326686116,2.827786714826026,1314,1.0016151791399621,1.0020548172075758
TOI-2076_b,NIRISS_SOSS,obs10,SOSS_HDU3_ordem_1,jw05959010001_04102_00001-seg003_nis_x1dints.fits,seg003,3,395,60783.142128050364,TDB-MID,2056.253818485174,0.1445743776966486,2038,0.8515347326686116,2.827786714826026,1315,1.002042140726326,1.0024819661998123
TOI-2076_b,NIRISS_SOSS,obs10,SOSS_HDU3_ordem_1,jw05959010001_04102_00001-seg003_nis_x1dints.fits,seg003,3,396,60783.142205123375,TDB-MID,2055.2900252378868,0.14457511807646703,2038,0.8515347326686116,2.827786714826026,1316,1.0015724703772437,1.002012089698738
TOI-2076_b,NIRISS_SOSS,obs10,SOSS_HDU3_ordem_1,jw05959010001_04102_00001-seg003_nis_x1dints.fits,seg003,3,397,60783.142282196386,TDB-MID,2054.148070561603,0.1445793286555691,2038,0.8515347326686116,2.827786714826026,1317,1.001015979394395,1.0014553544557925
TOI-2076_b,NIRISS_SOSS,obs10,SOSS_HDU3_ordem_1,jw05959010001_04102_00001-seg003_nis_x1dints.fits,seg003,3,398,60783.1423592694,TDB-MID,2052.57609367659,0.144566751369403,2038,0.8515347326686116,2.827786714826026,1318,1.0002499323875174,1.0006889712085776
TOI-2076_b,NIRISS_SOSS,obs10,SOSS_HDU3_ordem_1,jw05959010001_04102_00001-seg003_nis_x1dints.fits,seg003,3,399,60783.14243634241,TDB-MID,2052.650809941003,0.1445693287681904,2038,0.8515347326686116,2.827786714826026,1319,1.0002863427007125,1.0007253975033192
TOI-2076_b,NIRISS_SOSS,obs10,SOSS_HDU3_ordem_1,jw05959010001_04102_00001-seg003_nis_x1dints.fits,seg003,3,400,60783.14251341542,TDB-MID,2043.2670171577383,0.14454845231605243,2038,0.8515347326686116,2.827786714826026,1320,0.9957134851458013,0.9961505327880726
TOI-2076_b,NIRISS_SOSS,obs10,SOSS_HDU3_ordem_1,jw05959010001_04102_00001-seg003_nis_x1dints.fits,seg003,3,401,60783.142590488416,TDB-MID,2052.8104822637188,0.14457079635090356,2038,0.8515347326686116,2.827786714826026,1321,1.0003641533263417,1.0008032422822977
TOI-2076_b,NIRISS_SOSS,obs10,SOSS_HDU3_ordem_1,jw05959010001_04102_00001-seg003_nis_x1dints.fits,seg003,3,402,60783.14266756143,TDB-MID,2047.181722090919,0.14456306356547927,2038,0.8515347326686116,2.827786714826026,1322,0.9976211773170168,0.9980590623009312
TOI-2076_b,NIRISS_SOSS,obs10,SOSS_HDU3_ordem_1,jw05959010001_04102_00001-seg003_nis_x1dints.fits,seg003,3,403,60783.14274463444,TDB-MID,2054.6041139462795,0.1445755418985401,2038,0.8515347326686116,2.827786714826026,1323,1.0012382159127358,1.0016776885202123
TOI-2076_b,NIRISS_SOSS,obs10,SOSS_HDU3_ordem_1,jw05959010001_04102_00001-seg003_nis_x1dints.fits,seg003,3,404,60783.14282170745,TDB-MID,2046.9907007585934,0.1445580587495135,2038,0.8515347326686116,2.827786714826026,1324,0.9975280898668941,0.997965933992016
TOI-2076_b,NIRISS_SOSS,obs10,SOSS_HDU3_ordem_1,jw05959010001_04102_00001-seg003_nis_x1dints.fits,seg003,3,405,60783.14289878046,TDB-MID,2052.950180926493,0.144569985127472,2038,0.8515347326686116,2.827786714826026,1325,1.0004322304994242,1.000871349336434
TOI-2076_b,NIRISS_SOSS,obs10,SOSS_HDU3_ordem_1,jw05959010001_04102_00001-seg003_nis_x1dints.fits,seg003,3,406,60783.14297585347,TDB-MID,2052.5963116294884,0.14456836087370648,2038,0.8515347326686116,2.827786714826026,1326,1.000259784887545,1.0006988280331544
TOI-2076_b,NIRISS_SOSS,obs10,SOSS_HDU3_ordem_1,jw05959010001_04102_00001-seg003_nis_x1dints.fits,seg003,3,407,60783.14305292648,TDB-MID,2059.0973304302697,0.1445818958705889,2038,0.8515347326686116,2.827786714826026,1327,1.003427825105866,1.0038682587965755
TOI-2076_b,NIRISS_SOSS,obs10,SOSS_HDU3_ordem_1,jw05959010001_04102_00001-seg003_nis_x1dints.fits,seg003,3,408,60783.143129999495,TDB-MID,2055.58575857818,0.1445762286790467,2038,0.8515347326686116,2.827786714826026,1328,1.0017165854989898,1.0021562680768072
TOI-2076_b,NIRISS_SOSS,obs10,SOSS_HDU3_ordem_1,jw05959010001_04102_00001-seg003_nis_x1dints.fits,seg003,3,409,60783.1432070725,TDB-MID,2051.072375549641,0.14457180550856052,2038,0.8515347326686116,2.827786714826026,1329,0.999517148857862,0.9999558660388934
TOI-2076_b,NIRISS_SOSS,obs10,SOSS_HDU3_ordem_1,jw05959010001_04102_00001-seg003_nis_x1dints.fits,seg003,3,410,60783.14328414551,TDB-MID,2052.7408790172576,0.14457011757813615,2038,0.8515347326686116,2.827786714826026,1330,1.0003302346605338,1.0007693087285998
TOI-2076_b,NIRISS_SOSS,obs10,SOSS_HDU3_ordem_1,jw05959010001_04102_00001-seg003_nis_x1dints.fits,seg003,3,411,60783.14336121852,TDB-MID,2043.7532409172154,0.14455415678574607,2038,0.8515347326686116,2.827786714826026,1331,0.9959504289960392,0.996387580639866
TOI-2076_b,NIRISS_SOSS,obs10,SOSS_HDU3_ordem_1,jw05959010001_04102_00001-seg003_nis_x1dints.fits,seg003,3,412,60783.14343829153,TDB-MID,2051.512986970404,0.14456852587753924,2038,0.8515347326686116,2.827786714826026,1332,0.9997318651576305,1.000170676583898
TOI-2076_b,NIRISS_SOSS,obs10,SOSS_HDU3_ordem_1,jw05959010001_04102_00001-seg003_nis_x1dints.fits,seg003,3,413,60783.14351536454,TDB-MID,2047.9419904602046,0.14456077990055813,2038,0.8515347326686116,2.827786714826026,1333,0.997991667057844,0.9984297146604937
TOI-2076_b,NIRISS_SOSS,obs10,SOSS_HDU3_ordem_1,jw05959010001_04102_00001-seg003_nis_x1dints.fits,seg003,3,414,60783.14359243755,TDB-MID,2041.0672646175822,0.14454417545030734,2038,0.8515347326686116,2.827786714826026,1334,0.994641514008488,0.9950780911314131
TOI-2076_b,NIRISS_SOSS,obs10,SOSS_HDU3_ordem_1,jw05959010001_04102_00001-seg003_nis_x1dints.fits,seg003,3,415,60783.14366951056,TDB-MID,2051.98337026462,0.14456837940700368,2038,0.8515347326686116,2.827786714826026,1335,0.999961089720698,1.000400001760301
TOI-2076_b,NIRISS_SOSS,obs10,SOSS_HDU3_ordem_1,jw05959010001_04102_00001-seg003_nis_x1dints.fits,seg003,3,416,60783.14374658356,TDB-MID,2056.3624583904666,0.1445904353533264,2038,0.8515347326686116,2.827786714826026,1336,1.002095082518963,1.0025349312301437
TOI-2076_b,NIRISS_SOSS,obs10,SOSS_HDU3_ordem_1,jw05959010001_04102_00001-seg003_nis_x1dints.fits,seg003,3,417,60783.143823656574,TDB-MID,2054.827789627543,0.1445730569663651,2038,0.8515347326686116,2.827786714826026,1337,1.001347216298032,1.0017867367489517
TOI-2076_b,NIRISS_SOSS,obs10,SOSS_HDU3_ordem_1,jw05959010001_04102_00001-seg003_nis_x1dints.fits,seg003,3,418,60783.143900729585,TDB-MID,2045.6666391522915,0.1445556679475008,2038,0.8515347326686116,2.827786714826026,1338,0.996882855550729,0.9973204164637213
TOI-2076_b,NIRISS_SOSS,obs10,SOSS_HDU3_ordem_1,jw05959010001_04102_00001-seg003_nis_x1dints.fits,seg003,3,419,60783.143977802596,TDB-MID,2045.7170049097308,0.1445586481958537,2038,0.8515347326686116,2.827786714826026,1339,0.9969073995106964,0.9973449711967475
TOI-2076_b,NIRISS_SOSS,obs10,SOSS_HDU3_ordem_1,jw05959010001_04102_00001-seg003_nis_x1dints.fits,seg003,3,420,60783.14405487561,TDB-MID,2053.5237215449806,0.14456915539100493,2038,0.8515347326686116,2.827786714826026,1340,1.0007117251143285,1.0011509666296632
TOI-2076_b,NIRISS_SOSS,obs10,SOSS_HDU3_ordem_1,jw05959010001_04102_00001-seg003_nis_x1dints.fits,seg003,3,421,60783.14413194862,TDB-MID,2059.3738701545753,0.14458371642682716,2038,0.8515347326686116,2.827786714826026,1341,1.0035625869017337,1.0040030797433195
TOI-2076_b,NIRISS_SOSS,obs10,SOSS_HDU3_ordem_1,jw05959010001_04102_00001-seg003_nis_x1dints.fits,seg003,3,422,60783.14420902163,TDB-MID,2049.8669625430266,0.14456054602753446,2038,0.8515347326686116,2.827786714826026,1342,0.9989297337154566,0.9993681930628774
TOI-2076_b,NIRISS_SOSS,obs10,SOSS_HDU3_ordem_1,jw05959010001_04102_00001-seg003_nis_x1dints.fits,seg003,3,423,60783.14428609463,TDB-MID,2050.0258656273004,0.14456318663170592,2038,0.8515347326686116,2.827786714826026,1343,0.9990071694800992,0.9994456628163318
TOI-2076_b,NIRISS_SOSS,obs10,SOSS_HDU3_ordem_1,jw05959010001_04102_00001-seg003_nis_x1dints.fits,seg003,3,424,60783.144363167645,TDB-MID,2059.6667223485038,0.14458375254825945,2038,0.8515347326686116,2.827786714826026,1344,1.0037052979993046,1.0041458534809466
TOI-2076_b,NIRISS_SOSS,obs10,SOSS_HDU3_ordem_1,jw05959010001_04102_00001-seg003_nis_x1dints.fits,seg003,3,425,60783.14444024065,TDB-MID,2050.739252351026,0.14456427163734453,2038,0.8515347326686116,2.827786714826026,1345,0.999354813118925,0.9997934590460738
TOI-2076_b,NIRISS_SOSS,obs10,SOSS_HDU3_ordem_1,jw05959010001_04102_00001-seg003_nis_x1dints.fits,seg003,3,426,60783.14451731366,TDB-MID,2045.1911422166477,0.14455210254697048,2038,0.8515347326686116,2.827786714826026,1346,0.9966511390364455,0.9970885982423126
TOI-2076_b,NIRISS_SOSS,obs10,SOSS_HDU3_ordem_1,jw05959010001_04102_00001-seg003_nis_x1dints.fits,seg003,3,427,60783.14459438667,TDB-MID,2046.7586470198771,0.14455533793116357,2038,0.8515347326686116,2.827786714826026,1347,0.997415006733374,0.9978528012230159
TOI-2076_b,NIRISS_SOSS,obs10,SOSS_HDU3_ordem_1,jw05959010001_04102_00001-seg003_nis_x1dints.fits,seg003,3,428,60783.14467145968,TDB-MID,2060.6043683047715,0.1445843691429003,2038,0.8515347326686116,2.827786714826026,1348,1.0041622263963808,1.0046029824372014
TOI-2076_b,NIRISS_SOSS,obs10,SOSS_HDU3_ordem_1,jw05959010001_04102_00001-seg003_nis_x1dints.fits,seg003,3,429,60783.144748532686,TDB-MID,2055.137636130251,0.14457976463609948,2038,0.8515347326686116,2.827786714826026,1349,1.0014982089673603,1.0019377956933593
TOI-2076_b,NIRISS_SOSS,obs10,SOSS_HDU3_ordem_1,jw05959010001_04102_00001-seg003_nis_x1dints.fits,seg003,3,430,60783.1448256057,TDB-MID,2048.216170829436,0.14455935633313044,2038,0.8515347326686116,2.827786714826026,1350,0.9981252791059579,0.9985633853548261
TOI-2076_b,NIRISS_SOSS,obs10,SOSS_HDU3_ordem_1,jw05959010001_04102_00001-seg003_nis_x1dints.fits,seg003,3,431,60783.14490267871,TDB-MID,2055.850293288615,0.14457739431778976,2038,0.8515347326686116,2.827786714826026,1351,1.0018454970784638,1.0022852362393273
TOI-2076_b,NIRISS_SOSS,obs10,SOSS_HDU3_ordem_1,jw05959010001_04102_00001-seg003_nis_x1dints.fits,seg003,3,432,60783.14497975172,TDB-MID,2044.1892826775115,0.14454989546307195,2038,0.8515347326686116,2.827786714826026,1352,0.9961629184343592,0.9966001633459878
TOI-2076_b,NIRISS_SOSS,obs10,SOSS_HDU3_ordem_1,jw05959010001_04102_00001-seg003_nis_x1dints.fits,seg003,3,433,60783.14505682473,TDB-MID,2050.082488630593,0.14456773302541465,2038,0.8515347326686116,2.827786714826026,1353,0.999034762686212,0.9994732681339064
TOI-2076_b,NIRISS_SOSS,obs10,SOSS_HDU3_ordem_1,jw05959010001_04102_00001-seg003_nis_x1dints.fits,seg003,3,434,60783.14513389774,TDB-MID,2045.546551187268,0.14455741270528202,2038,0.8515347326686116,2.827786714826026,1354,0.9968243349534827,0.997261870180081
TOI-2076_b,NIRISS_SOSS,obs10,SOSS_HDU3_ordem_1,jw05959010001_04102_00001-seg003_nis_x1dints.fits,seg003,3,435,60783.14521097075,TDB-MID,2065.235826715768,0.1446000584612894,2038,0.8515347326686116,2.827786714826026,1355,1.006419202874245,1.0068609495677614
TOI-2076_b,NIRISS_SOSS,obs10,SOSS_HDU3_ordem_1,jw05959010001_04102_00001-seg003_nis_x1dints.fits,seg003,3,436,60783.14528804376,TDB-MID,2054.6348409885495,0.1445734511434332,2038,0.8515347326686116,2.827786714826026,1356,1.0012531896435746,1.0016926688234578
TOI-2076_b,NIRISS_SOSS,obs10,SOSS_HDU3_ordem_1,jw05959010001_04102_00001-seg003_nis_x1dints.fits,seg003,3,437,60783.14536511677,TDB-MID,2050.0702016295963,0.14456445443447222,2038,0.8515347326686116,2.827786714826026,1357,0.999028775053425,0.999467277872973
TOI-2076_b,NIRISS_SOSS,obs10,SOSS_HDU3_ordem_1,jw05959010001_04102_00001-seg003_nis_x1dints.fits,seg003,3,438,60783.14544218977,TDB-MID,2050.8695836460893,0.14456667302205123,2038,0.8515347326686116,2.827786714826026,1358,0.9994183254386274,0.9998569992431825
TOI-2076_b,NIRISS_SOSS,obs10,SOSS_HDU3_ordem_1,jw05959010001_04102_00001-seg003_nis_x1dints.fits,seg003,3,439,60783.14551926278,TDB-MID,2059.6732565877373,0.14458324800387146,2038,0.8515347326686116,2.827786714826026,1359,1.0037084822283189,1.004149039107612
TOI-2076_b,NIRISS_SOSS,obs10,SOSS_HDU3_ordem_1,jw05959010001_04102_00001-seg003_nis_x1dints.fits,seg003,3,440,60783.145596335795,TDB-MID,2052.214120165967,0.14457011314602805,2038,0.8515347326686116,2.827786714826026,1360,1.0000735374754641,1.000512498871661
TOI-2076_b,NIRISS_SOSS,obs10,SOSS_HDU3_ordem_1,jw05959010001_04102_00001-seg003_nis_x1dints.fits,seg003,3,441,60783.145673408806,TDB-MID,2046.0918651190373,0.14455786387731243,2038,0.8515347326686116,2.827786714826026,1361,0.997090074296868,0.997527726164202
TOI-2076_b,NIRISS_SOSS,obs10,SOSS_HDU3_ordem_1,jw05959010001_04102_00001-seg003_nis_x1dints.fits,seg003,3,442,60783.14575048181,TDB-MID,2058.0988752785806,0.14457843576360332,2038,0.8515347326686116,2.827786714826026,1362,1.00294126351088,1.0033814836355377
TOI-2076_b,NIRISS_SOSS,obs10,SOSS_HDU3_ordem_1,jw05959010001_04102_00001-seg003_nis_x1dints.fits,seg003,3,443,60783.14582755482,TDB-MID,2058.221330449368,0.1445821435346238,2038,0.8515347326686116,2.827786714826026,1363,1.0030009376816347,1.0034411839990234
TOI-2076_b,NIRISS_SOSS,obs10,SOSS_HDU3_ordem_1,jw05959010001_04102_00001-seg003_nis_x1dints.fits,seg003,3,444,60783.14590462783,TDB-MID,2051.2290781975853,0.14456746496500342,2038,0.8515347326686116,2.827786714826026,1364,0.9995935123181469,1.0000322630173246
TOI-2076_b,NIRISS_SOSS,obs10,SOSS_HDU3_ordem_1,jw05959010001_04102_00001-seg003_nis_x1dints.fits,seg003,3,445,60783.14598170084,TDB-MID,2060.687542418571,0.14458821317836745,2038,0.8515347326686116,2.827786714826026,1365,1.0042027583415596,1.0046435321730312
TOI-2076_b,NIRISS_SOSS,obs10,SOSS_HDU3_ordem_1,jw05959010001_04102_00001-seg003_nis_x1dints.fits,seg003,3,446,60783.146058773855,TDB-MID,2051.8588308173225,0.14457094987363261,2038,0.8515347326686116,2.827786714826026,1366,0.9999003998519409,1.0003392852529933
TOI-2076_b,NIRISS_SOSS,obs10,SOSS_HDU3_ordem_1,jw05959010001_04102_00001-seg003_nis_x1dints.fits,seg003,3,447,60783.146135846866,TDB-MID,2037.6983870830109,0.14454040682825903,2038,0.8515347326686116,2.827786714826026,1367,0.9929998114004541,0.9934356679323008
TOI-2076_b,NIRISS_SOSS,obs10,SOSS_HDU3_ordem_1,jw05959010001_04102_00001-seg003_nis_x1dints.fits,seg003,3,448,60783.14621291987,TDB-MID,2054.6125948550634,0.144573776987629,2038,0.8515347326686116,2.827786714826026,1368,1.0012423487818964,1.0016818232034097
TOI-2076_b,NIRISS_SOSS,obs10,SOSS_HDU3_ordem_1,jw05959010001_04102_00001-seg003_nis_x1dints.fits,seg003,3,449,60783.14628999288,TDB-MID,2054.5773468702473,0.14456960297250887,2038,0.8515347326686116,2.827786714826026,1369,1.0012251719305545,1.0016646388126476
TOI-2076_b,NIRISS_SOSS,obs10,SOSS_HDU3_ordem_1,jw05959010001_04102_00001-seg004_nis_x1dints.fits,seg004,3,0,60783.146367065885,TDB-MID,2051.858113871151,0.14455318926181374,2038,0.8515347326686116,2.827786714826026,1370,0.9999000504737319,1.0005347996284368
TOI-2076_b,NIRISS_SOSS,obs10,SOSS_HDU3_ordem_1,jw05959010001_04102_00001-seg004_nis_x1dints.fits,seg004,3,1,60783.146444138896,TDB-MID,2049.1399160099454,0.14460897919364926,2038,0.8515347326686116,2.827786714826026,1371,0.998575433454532,0.9992093417256577
TOI-2076_b,NIRISS_SOSS,obs10,SOSS_HDU3_ordem_1,jw05959010001_04102_00001-seg004_nis_x1dints.fits,seg004,3,2,60783.14652121191,TDB-MID,2046.9007245268083,0.14454351940189308,2038,0.8515347326686116,2.827786714826026,1372,0.9974842431515217,0.9981174587212898
TOI-2076_b,NIRISS_SOSS,obs10,SOSS_HDU3_ordem_1,jw05959010001_04102_00001-seg004_nis_x1dints.fits,seg004,3,3,60783.14659828492,TDB-MID,2052.606577925264,0.14455503664889116,2038,0.8515347326686116,2.827786714826026,1373,1.0002647878015354,1.0008997684960932
TOI-2076_b,NIRISS_SOSS,obs10,SOSS_HDU3_ordem_1,jw05959010001_04102_00001-seg004_nis_x1dints.fits,seg004,3,4,60783.14667535792,TDB-MID,2049.907596209462,0.14455108058583166,2038,0.8515347326686116,2.827786714826026,1374,0.998949535087123,0.9995836808426803
TOI-2076_b,NIRISS_SOSS,obs10,SOSS_HDU3_ordem_1,jw05959010001_04102_00001-seg004_nis_x1dints.fits,seg004,3,5,60783.146752430934,TDB-MID,2050.735972790184,0.14454879159573547,2038,0.8515347326686116,2.827786714826026,1375,0.9993532149416293,0.9999876169582461
TOI-2076_b,NIRISS_SOSS,obs10,SOSS_HDU3_ordem_1,jw05959010001_04102_00001-seg004_nis_x1dints.fits,seg004,3,6,60783.146829503945,TDB-MID,2047.3520449573039,0.14454100978789933,2038,0.8515347326686116,2.827786714826026,1376,0.9977041781061765,0.9983375332934259
TOI-2076_b,NIRISS_SOSS,obs10,SOSS_HDU3_ordem_1,jw05959010001_04102_00001-seg004_nis_x1dints.fits,seg004,3,7,60783.146906576956,TDB-MID,2052.835970491946,0.14455213741385348,2038,0.8515347326686116,2.827786714826026,1377,1.0003765741075439,1.0010116257654578
TOI-2076_b,NIRISS_SOSS,obs10,SOSS_HDU3_ordem_1,jw05959010001_04102_00001-seg004_nis_x1dints.fits,seg004,3,8,60783.14698364997,TDB-MID,2049.9633562362856,0.14454838949121024,2038,0.8515347326686116,2.827786714826026,1378,0.9989767077523567,0.9996108707574644
TOI-2076_b,NIRISS_SOSS,obs10,SOSS_HDU3_ordem_1,jw05959010001_04102_00001-seg004_nis_x1dints.fits,seg004,3,9,60783.14706072297,TDB-MID,2045.4777604088015,0.1445385779107045,2038,0.8515347326686116,2.827786714826026,1379,0.9967908122150458,0.9974235875861155
TOI-2076_b,NIRISS_SOSS,obs10,SOSS_HDU3_ordem_1,jw05959010001_04102_00001-seg004_nis_x1dints.fits,seg004,3,10,60783.14713779598,TDB-MID,2045.111162718073,0.14453908014554634,2038,0.8515347326686116,2.827786714826026,1380,0.996612163873338,0.9972448258361887
TOI-2076_b,NIRISS_SOSS,obs10,SOSS_HDU3_ordem_1,jw05959010001_04102_00001-seg004_nis_x1dints.fits,seg004,3,11,60783.14721486899,TDB-MID,2056.3255066175734,0.14455428411387372,2038,0.8515347326686116,2.827786714826026,1381,1.0020770753871193,1.0027132065446782
TOI-2076_b,NIRISS_SOSS,obs10,SOSS_HDU3_ordem_1,jw05959010001_04102_00001-seg004_nis_x1dints.fits,seg004,3,12,60783.147291942,TDB-MID,2054.3629708761655,0.1445586785346984,2038,0.8515347326686116,2.827786714826026,1382,1.0011207034169405,1.001756227457519
TOI-2076_b,NIRISS_SOSS,obs10,SOSS_HDU3_ordem_1,jw05959010001_04102_00001-seg004_nis_x1dints.fits,seg004,3,13,60783.14736901501,TDB-MID,2054.3616615967794,0.14455746690059854,2038,0.8515347326686116,2.827786714826026,1383,1.0011200653862136,1.0017555890217618
TOI-2076_b,NIRISS_SOSS,obs10,SOSS_HDU3_ordem_1,jw05959010001_04102_00001-seg004_nis_x1dints.fits,seg004,3,14,60783.14744608802,TDB-MID,2050.842011912582,0.1445486349996449,2038,0.8515347326686116,2.827786714826026,1384,0.9994048893352541,1.0000393241554273
TOI-2076_b,NIRISS_SOSS,obs10,SOSS_HDU3_ordem_1,jw05959010001_04102_00001-seg004_nis_x1dints.fits,seg004,3,15,60783.147523161024,TDB-MID,2055.797994307739,0.14456164807709326,2038,0.8515347326686116,2.827786714826026,1385,1.001820011030835,1.0024559790007006
TOI-2076_b,NIRISS_SOSS,obs10,SOSS_HDU3_ordem_1,jw05959010001_04102_00001-seg004_nis_x1dints.fits,seg004,3,16,60783.147600234035,TDB-MID,2047.4483054006678,0.1445471319033729,2038,0.8515347326686116,2.827786714826026,1386,0.9977510872084812,0.9983844721742199
TOI-2076_b,NIRISS_SOSS,obs10,SOSS_HDU3_ordem_1,jw05959010001_04102_00001-seg004_nis_x1dints.fits,seg004,3,17,60783.147677307046,TDB-MID,2050.8310695630316,0.14455187086163432,2038,0.8515347326686116,2.827786714826026,1387,0.9993995569705092,1.00003398840563
TOI-2076_b,NIRISS_SOSS,obs10,SOSS_HDU3_ordem_1,jw05959010001_04102_00001-seg004_nis_x1dints.fits,seg004,3,18,60783.14775438006,TDB-MID,2048.1277388553863,0.14454506642141235,2038,0.8515347326686116,2.827786714826026,1388,0.9980821849296511,0.9987157800803963
TOI-2076_b,NIRISS_SOSS,obs10,SOSS_HDU3_ordem_1,jw05959010001_04102_00001-seg004_nis_x1dints.fits,seg004,3,19,60783.14783145307,TDB-MID,2054.2221731020936,0.14456766399621807,2038,0.8515347326686116,2.827786714826026,1389,1.0010520906310714,1.0016875711153883
TOI-2076_b,NIRISS_SOSS,obs10,SOSS_HDU3_ordem_1,jw05959010001_04102_00001-seg004_nis_x1dints.fits,seg004,3,20,60783.14790852607,TDB-MID,2057.821963780864,0.1445665318123882,2038,0.8515347326686116,2.827786714826026,1390,1.0028063205444675,1.0034429146360435
TOI-2076_b,NIRISS_SOSS,obs10,SOSS_HDU3_ordem_1,jw05959010001_04102_00001-seg004_nis_x1dints.fits,seg004,3,21,60783.147985599084,TDB-MID,2048.8694601896295,0.14454870517612495,2038,0.8515347326686116,2.827786714826026,1391,0.9984436364328195,0.9990774610375347
TOI-2076_b,NIRISS_SOSS,obs10,SOSS_HDU3_ordem_1,jw05959010001_04102_00001-seg004_nis_x1dints.fits,seg004,3,22,60783.148062672095,TDB-MID,2053.3406936756696,0.1445568283108202,2038,0.8515347326686116,2.827786714826026,1392,1.0006225329940133,1.001257740789728
TOI-2076_b,NIRISS_SOSS,obs10,SOSS_HDU3_ordem_1,jw05959010001_04102_00001-seg004_nis_x1dints.fits,seg004,3,23,60783.148139745106,TDB-MID,2054.1402177289747,0.1445675046781528,2038,0.8515347326686116,2.827786714826026,1393,1.0010121525958027,1.0016476077269514
TOI-2076_b,NIRISS_SOSS,obs10,SOSS_HDU3_ordem_1,jw05959010001_04102_00001-seg004_nis_x1dints.fits,seg004,3,24,60783.14821681811,TDB-MID,2051.960642631756,0.14455558085056933,2038,0.8515347326686116,2.827786714826026,1394,0.9999500142174288,1.000584795089748
TOI-2076_b,NIRISS_SOSS,obs10,SOSS_HDU3_ordem_1,jw05959010001_04102_00001-seg004_nis_x1dints.fits,seg004,3,25,60783.148293891114,TDB-MID,2048.957781622813,0.1445480873180737,2038,0.8515347326686116,2.827786714826026,1395,0.998486676740968,0.9991205286682133
TOI-2076_b,NIRISS_SOSS,obs10,SOSS_HDU3_ordem_1,jw05959010001_04102_00001-seg004_nis_x1dints.fits,seg004,3,26,60783.148370964125,TDB-MID,2053.4298766690713,0.1445581788093998,2038,0.8515347326686116,2.827786714826026,1396,1.0006659931528814,1.0013012285376528
TOI-2076_b,NIRISS_SOSS,obs10,SOSS_HDU3_ordem_1,jw05959010001_04102_00001-seg004_nis_x1dints.fits,seg004,3,27,60783.14844803714,TDB-MID,2053.368470272881,0.1445546422670303,2038,0.8515347326686116,2.827786714826026,1397,1.0006360689304243,1.001271285318922
TOI-2076_b,NIRISS_SOSS,obs10,SOSS_HDU3_ordem_1,jw05959010001_04102_00001-seg004_nis_x1dints.fits,seg004,3,28,60783.14852511015,TDB-MID,2053.40261203121,0.1445578441602316,2038,0.8515347326686116,2.827786714826026,1398,1.0006527067016453,1.00128793365201
TOI-2076_b,NIRISS_SOSS,obs10,SOSS_HDU3_ordem_1,jw05959010001_04102_00001-seg004_nis_x1dints.fits,seg004,3,29,60783.14860218316,TDB-MID,2052.0428600877267,0.14455459657825373,2038,0.8515347326686116,2.827786714826026,1399,0.9999900799694509,1.0006248862760143
TOI-2076_b,NIRISS_SOSS,obs10,SOSS_HDU3_ordem_1,jw05959010001_04102_00001-seg004_nis_x1dints.fits,seg004,3,30,60783.14867925617,TDB-MID,2057.436483615452,0.1445631625204891,2038,0.8515347326686116,2.827786714826026,1400,1.002618470500526,1.0032549453425268
TOI-2076_b,NIRISS_SOSS,obs10,SOSS_HDU3_ordem_1,jw05959010001_04102_00001-seg004_nis_x1dints.fits,seg004,3,31,60783.148756329174,TDB-MID,2062.011095293874,0.14457260676073302,2038,0.8515347326686116,2.827786714826026,1401,1.004847744745772,1.0054856347591612
TOI-2076_b,NIRISS_SOSS,obs10,SOSS_HDU3_ordem_1,jw05959010001_04102_00001-seg004_nis_x1dints.fits,seg004,3,32,60783.148833402185,TDB-MID,2050.319843669964,0.14455712497603396,2038,0.8515347326686116,2.827786714826026,1402,0.9991504292199955,0.9997847025056804
TOI-2076_b,NIRISS_SOSS,obs10,SOSS_HDU3_ordem_1,jw05959010001_04102_00001-seg004_nis_x1dints.fits,seg004,3,33,60783.148910475196,TDB-MID,2058.130346838642,0.1445665123894244,2038,0.8515347326686116,2.827786714826026,1403,1.002956600055976,1.0035932895468802
TOI-2076_b,NIRISS_SOSS,obs10,SOSS_HDU3_ordem_1,jw05959010001_04102_00001-seg004_nis_x1dints.fits,seg004,3,34,60783.14898754821,TDB-MID,2052.592554139979,0.14455152023666493,2038,0.8515347326686116,2.827786714826026,1404,1.000257953808717,1.0008929301649698
TOI-2076_b,NIRISS_SOSS,obs10,SOSS_HDU3_ordem_1,jw05959010001_04102_00001-seg004_nis_x1dints.fits,seg004,3,35,60783.14906462122,TDB-MID,2050.7867621174646,0.1445525243200302,2038,0.8515347326686116,2.827786714826026,1405,0.9993779653132892,1.0000123830417538
TOI-2076_b,NIRISS_SOSS,obs10,SOSS_HDU3_ordem_1,jw05959010001_04102_00001-seg004_nis_x1dints.fits,seg004,3,36,60783.14914169422,TDB-MID,2053.959462350349,0.14455434111422155,2038,0.8515347326686116,2.827786714826026,1406,1.0009240678929718,1.001559467106841
TOI-2076_b,NIRISS_SOSS,obs10,SOSS_HDU3_ordem_1,jw05959010001_04102_00001-seg004_nis_x1dints.fits,seg004,3,37,60783.14921876723,TDB-MID,2050.555423196233,0.14454590029656667,2038,0.8515347326686116,2.827786714826026,1407,0.9992652305206383,0.9998995766836357
TOI-2076_b,NIRISS_SOSS,obs10,SOSS_HDU3_ordem_1,jw05959010001_04102_00001-seg004_nis_x1dints.fits,seg004,3,38,60783.14929584024,TDB-MID,2046.6268258311895,0.1445401867479726,2038,0.8515347326686116,2.827786714826026,1408,0.9973507683670215,0.9979838992053142
TOI-2076_b,NIRISS_SOSS,obs10,SOSS_HDU3_ordem_1,jw05959010001_04102_00001-seg004_nis_x1dints.fits,seg004,3,39,60783.14937291325,TDB-MID,2053.996237197249,0.1445586764960768,2038,0.8515347326686116,2.827786714826026,1409,1.0009419888062274,1.0015773993965182
TOI-2076_b,NIRISS_SOSS,obs10,SOSS_HDU3_ordem_1,jw05959010001_04102_00001-seg004_nis_x1dints.fits,seg004,3,40,60783.14944998625,TDB-MID,2047.4947487314548,0.14454266964681448,2038,0.8515347326686116,2.827786714826026,1410,0.9977737197133724,0.9984071190465104
TOI-2076_b,NIRISS_SOSS,obs10,SOSS_HDU3_ordem_1,jw05959010001_04102_00001-seg004_nis_x1dints.fits,seg004,3,41,60783.149527059264,TDB-MID,2045.6472631677148,0.14453752198676093,2038,0.8515347326686116,2.827786714826026,1411,0.9968734133540071,0.9975062411613209
TOI-2076_b,NIRISS_SOSS,obs10,SOSS_HDU3_ordem_1,jw05959010001_04102_00001-seg004_nis_x1dints.fits,seg004,3,42,60783.149604132275,TDB-MID,2040.752813514363,0.14452895432405327,2038,0.8515347326686116,2.827786714826026,1412,0.9944882774509235,0.9951195911439039
TOI-2076_b,NIRISS_SOSS,obs10,SOSS_HDU3_ordem_1,jw05959010001_04102_00001-seg004_nis_x1dints.fits,seg004,3,43,60783.14968120529,TDB-MID,2055.9428784943766,0.1445624480844847,2038,0.8515347326686116,2.827786714826026,1413,1.0018906151844813,1.0025266279747533
TOI-2076_b,NIRISS_SOSS,obs10,SOSS_HDU3_ordem_1,jw05959010001_04102_00001-seg004_nis_x1dints.fits,seg004,3,44,60783.1497582783,TDB-MID,2054.5832271802947,0.1445596824296038,2038,0.8515347326686116,2.827786714826026,1414,1.0012280374904454,1.0018636296680463
TOI-2076_b,NIRISS_SOSS,obs10,SOSS_HDU3_ordem_1,jw05959010001_04102_00001-seg004_nis_x1dints.fits,seg004,3,45,60783.1498353513,TDB-MID,2048.1892400390407,0.1445486013120012,2038,0.8515347326686116,2.827786714826026,1415,0.9981121553434065,0.9987457695197481
TOI-2076_b,NIRISS_SOSS,obs10,SOSS_HDU3_ordem_1,jw05959010001_04102_00001-seg004_nis_x1dints.fits,seg004,3,46,60783.14991242431,TDB-MID,2051.5840663550416,0.14455258102689866,2038,0.8515347326686116,2.827786714826026,1416,0.9997665031668603,1.0004011675440516
TOI-2076_b,NIRISS_SOSS,obs10,SOSS_HDU3_ordem_1,jw05959010001_04102_00001-seg004_nis_x1dints.fits,seg004,3,47,60783.149989497324,TDB-MID,2058.5155150861756,0.1446545975301639,2038,0.8515347326686116,2.827786714826026,1417,1.003144298097837,1.0037811067418236
TOI-2076_b,NIRISS_SOSS,obs10,SOSS_HDU3_ordem_1,jw05959010001_04102_00001-seg004_nis_x1dints.fits,seg004,3,48,60783.15006657033,TDB-MID,2053.137614819204,0.14455596996023087,2038,0.8515347326686116,2.827786714826026,1418,1.0005235697384853,1.0011587147110783
TOI-2076_b,NIRISS_SOSS,obs10,SOSS_HDU3_ordem_1,jw05959010001_04102_00001-seg004_nis_x1dints.fits,seg004,3,49,60783.15014364334,TDB-MID,2050.447792386604,0.14455007427705177,2038,0.8515347326686116,2.827786714826026,1419,0.999212780474871,0.9998470933419183
TOI-2076_b,NIRISS_SOSS,obs10,SOSS_HDU3_ordem_1,jw05959010001_04102_00001-seg004_nis_x1dints.fits,seg004,3,50,60783.15022071634,TDB-MID,2055.4043771582064,0.1445620987472495,2038,0.8515347326686116,2.827786714826026,1420,1.0016281957171815,1.0022640419202682
TOI-2076_b,NIRISS_SOSS,obs10,SOSS_HDU3_ordem_1,jw05959010001_04102_00001-seg004_nis_x1dints.fits,seg004,3,51,60783.150297789354,TDB-MID,2051.38815307879,0.1445535290585547,2038,0.8515347326686116,2.827786714826026,1421,0.9996710318019115,1.000305635572677
TOI-2076_b,NIRISS_SOSS,obs10,SOSS_HDU3_ordem_1,jw05959010001_04102_00001-seg004_nis_x1dints.fits,seg004,3,52,60783.150374862365,TDB-MID,2046.8840346105314,0.144542111539459,2038,0.8515347326686116,2.827786714826026,1422,0.9974761099146205,0.9981093203213074
TOI-2076_b,NIRISS_SOSS,obs10,SOSS_HDU3_ordem_1,jw05959010001_04102_00001-seg004_nis_x1dints.fits,seg004,3,53,60783.15045193538,TDB-MID,2047.9914312741148,0.14454935790534346,2038,0.8515347326686116,2.827786714826026,1423,0.9980157602794903,0.9986493132630304
TOI-2076_b,NIRISS_SOSS,obs10,SOSS_HDU3_ordem_1,jw05959010001_04102_00001-seg004_nis_x1dints.fits,seg004,3,54,60783.15052900838,TDB-MID,2051.861890590829,0.1445529043922583,2038,0.8515347326686116,2.827786714826026,1424,0.9999018909236982,1.0005366412467438
TOI-2076_b,NIRISS_SOSS,obs10,SOSS_HDU3_ordem_1,jw05959010001_04102_00001-seg004_nis_x1dints.fits,seg004,3,55,60783.15060608139,TDB-MID,2053.898854346958,0.14455730668520672,2038,0.8515347326686116,2.827786714826026,1425,1.00089453273884,1.0015299132034212
TOI-2076_b,NIRISS_SOSS,obs10,SOSS_HDU3_ordem_1,jw05959010001_04102_00001-seg004_nis_x1dints.fits,seg004,3,56,60783.1506831544,TDB-MID,2047.982997654674,0.14454870425882133,2038,0.8515347326686116,2.827786714826026,1426,0.9980116504551084,0.9986452008296802
TOI-2076_b,NIRISS_SOSS,obs10,SOSS_HDU3_ordem_1,jw05959010001_04102_00001-seg004_nis_x1dints.fits,seg004,3,57,60783.150760227414,TDB-MID,2051.213140543251,0.1445517986875986,2038,0.8515347326686116,2.827786714826026,1427,0.9995857456693394,1.000220295299393
TOI-2076_b,NIRISS_SOSS,obs10,SOSS_HDU3_ordem_1,jw05959010001_04102_00001-seg004_nis_x1dints.fits,seg004,3,58,60783.150837300425,TDB-MID,2047.303909155695,0.14454268899318562,2038,0.8515347326686116,2.827786714826026,1428,0.9976807208358454,0.9983140611321238
TOI-2076_b,NIRISS_SOSS,obs10,SOSS_HDU3_ordem_1,jw05959010001_04102_00001-seg004_nis_x1dints.fits,seg004,3,59,60783.15091437343,TDB-MID,2053.2054048031623,0.14455900757414022,2038,0.8515347326686116,2.827786714826026,1429,1.000556604775325,1.0011917707189757
TOI-2076_b,NIRISS_SOSS,obs10,SOSS_HDU3_ordem_1,jw05959010001_04102_00001-seg004_nis_x1dints.fits,seg004,3,60,60783.15099144644,TDB-MID,2058.3589278540444,0.14456914495507878,2038,0.8515347326686116,2.827786714826026,1430,1.0030679908813422,1.0037047510845463
TOI-2076_b,NIRISS_SOSS,obs10,SOSS_HDU3_ordem_1,jw05959010001_04102_00001-seg004_nis_x1dints.fits,seg004,3,61,60783.151068519444,TDB-MID,2049.957755320143,0.1445514861991513,2038,0.8515347326686116,2.827786714826026,1431,0.9989739783451449,0.9996081396175904
TOI-2076_b,NIRISS_SOSS,obs10,SOSS_HDU3_ordem_1,jw05959010001_04102_00001-seg004_nis_x1dints.fits,seg004,3,62,60783.151145592456,TDB-MID,2048.6191568612107,0.14454788807595542,2038,0.8515347326686116,2.827786714826026,1432,0.9983216600110447,0.99895540718359
TOI-2076_b,NIRISS_SOSS,obs10,SOSS_HDU3_ordem_1,jw05959010001_04102_00001-seg004_nis_x1dints.fits,seg004,3,63,60783.15122266546,TDB-MID,2047.8230458709309,0.14454484573311593,2038,0.8515347326686116,2.827786714826026,1433,0.9979337036440902,0.998567204537044
TOI-2076_b,NIRISS_SOSS,obs10,SOSS_HDU3_ordem_1,jw05959010001_04102_00001-seg004_nis_x1dints.fits,seg004,3,64,60783.15129973847,TDB-MID,2045.4380170222755,0.1445402960976964,2038,0.8515347326686116,2.827786714826026,1434,0.9967714446896186,0.9974042077659391
TOI-2076_b,NIRISS_SOSS,obs10,SOSS_HDU3_ordem_1,jw05959010001_04102_00001-seg004_nis_x1dints.fits,seg004,3,65,60783.15137681148,TDB-MID,2048.702719349175,0.14454712473800618,2038,0.8515347326686116,2.827786714826026,1435,0.9983623812165551,0.9989961542394348
TOI-2076_b,NIRISS_SOSS,obs10,SOSS_HDU3_ordem_1,jw05959010001_04102_00001-seg004_nis_x1dints.fits,seg004,3,66,60783.15145388449,TDB-MID,2050.7043243158428,0.14454891350678495,2038,0.8515347326686116,2.827786714826026,1436,0.9993377921836535,0.9999721844097091
TOI-2076_b,NIRISS_SOSS,obs10,SOSS_HDU3_ordem_1,jw05959010001_04102_00001-seg004_nis_x1dints.fits,seg004,3,67,60783.151530957504,TDB-MID,2051.1589540334553,0.14455363152919748,2038,0.8515347326686116,2.827786714826026,1437,0.9995593398016464,1.0001938726689223
TOI-2076_b,NIRISS_SOSS,obs10,SOSS_HDU3_ordem_1,jw05959010001_04102_00001-seg004_nis_x1dints.fits,seg004,3,68,60783.15160803051,TDB-MID,2045.8874128968685,0.14454290583968032,2038,0.8515347326686116,2.827786714826026,1438,0.9969904417804265,0.9976233438788603
TOI-2076_b,NIRISS_SOSS,obs10,SOSS_HDU3_ordem_1,jw05959010001_04102_00001-seg004_nis_x1dints.fits,seg004,3,69,60783.15168510352,TDB-MID,2055.922061184118,0.14455767640338546,2038,0.8515347326686116,2.827786714826026,1439,1.0018804706089681,1.0025164769593358
TOI-2076_b,NIRISS_SOSS,obs10,SOSS_HDU3_ordem_1,jw05959010001_04102_00001-seg004_nis_x1dints.fits,seg004,3,70,60783.15176217653,TDB-MID,2055.2205001265047,0.14455907884678634,2038,0.8515347326686116,2.827786714826026,1440,1.0015385897877866,1.0021743791079
TOI-2076_b,NIRISS_SOSS,obs10,SOSS_HDU3_ordem_1,jw05959010001_04102_00001-seg004_nis_x1dints.fits,seg004,3,71,60783.15183924954,TDB-MID,2045.5584840490822,0.14453791760022885,2038,0.8515347326686116,2.827786714826026,1441,0.9968301500091387,0.9974629503523358
TOI-2076_b,NIRISS_SOSS,obs10,SOSS_HDU3_ordem_1,jw05959010001_04102_00001-seg004_nis_x1dints.fits,seg004,3,72,60783.15191632254,TDB-MID,2063.065225298571,0.14457555900747826,2038,0.8515347326686116,2.827786714826026,1442,1.005361437499563,1.0059996536115867
TOI-2076_b,NIRISS_SOSS,obs10,SOSS_HDU3_ordem_1,jw05959010001_04102_00001-seg004_nis_x1dints.fits,seg004,3,73,60783.15199339555,TDB-MID,2053.89307172862,0.14455890152133452,2038,0.8515347326686116,2.827786714826026,1443,1.0008917147855279,1.0015270934612366
TOI-2076_b,NIRISS_SOSS,obs10,SOSS_HDU3_ordem_1,jw05959010001_04102_00001-seg004_nis_x1dints.fits,seg004,3,74,60783.15207046856,TDB-MID,2057.199304280828,0.14456374620872556,2038,0.8515347326686116,2.827786714826026,1444,1.0025028895901997,1.0031392910599817
TOI-2076_b,NIRISS_SOSS,obs10,SOSS_HDU3_ordem_1,jw05959010001_04102_00001-seg004_nis_x1dints.fits,seg004,3,75,60783.15214754157,TDB-MID,2055.0584797726196,0.1445592182041275,2038,0.8515347326686116,2.827786714826026,1445,1.0014596349327058,1.0020953741312821
TOI-2076_b,NIRISS_SOSS,obs10,SOSS_HDU3_ordem_1,jw05959010001_04102_00001-seg004_nis_x1dints.fits,seg004,3,76,60783.152224614576,TDB-MID,2052.6533887973787,0.1445557115678551,2038,0.8515347326686116,2.827786714826026,1446,1.000287599414616,1.0009225945902733
TOI-2076_b,NIRISS_SOSS,obs10,SOSS_HDU3_ordem_1,jw05959010001_04102_00001-seg004_nis_x1dints.fits,seg004,3,77,60783.15230168759,TDB-MID,2057.2635931332493,0.14456493934386125,2038,0.8515347326686116,2.827786714826026,1447,1.0025342184751487,1.0031706398329017
TOI-2076_b,NIRISS_SOSS,obs10,SOSS_HDU3_ordem_1,jw05959010001_04102_00001-seg004_nis_x1dints.fits,seg004,3,78,60783.1523787606,TDB-MID,2049.7741302576733,0.14454879382698974,2038,0.8515347326686116,2.827786714826026,1448,0.9988844952039908,0.9995185996714104
TOI-2076_b,NIRISS_SOSS,obs10,SOSS_HDU3_ordem_1,jw05959010001_04102_00001-seg004_nis_x1dints.fits,seg004,3,79,60783.15245583361,TDB-MID,2052.671525989642,0.14455408415143517,2038,0.8515347326686116,2.827786714826026,1449,1.0002964379299777,1.0009314387164359
TOI-2076_b,NIRISS_SOSS,obs10,SOSS_HDU3_ordem_1,jw05959010001_04102_00001-seg004_nis_x1dints.fits,seg004,3,80,60783.15253290662,TDB-MID,2049.204602695673,0.14455064479932025,2038,0.8515347326686116,2.827786714826026,1450,0.9986069562093887,0.9992408844915565
TOI-2076_b,NIRISS_SOSS,obs10,SOSS_HDU3_ordem_1,jw05959010001_04102_00001-seg004_nis_x1dints.fits,seg004,3,81,60783.152609979625,TDB-MID,2047.8855288836896,0.14454756478391834,2038,0.8515347326686116,2.827786714826026,1451,0.9979641525173281,0.9985976727396103
TOI-2076_b,NIRISS_SOSS,obs10,SOSS_HDU3_ordem_1,jw05959010001_04102_00001-seg004_nis_x1dints.fits,seg004,3,82,60783.152687052636,TDB-MID,2050.5588605805547,0.14455065026650482,2038,0.8515347326686116,2.827786714826026,1452,0.9992669056075918,0.9999012528339555
TOI-2076_b,NIRISS_SOSS,obs10,SOSS_HDU3_ordem_1,jw05959010001_04102_00001-seg004_nis_x1dints.fits,seg004,3,83,60783.15276412565,TDB-MID,2052.89570226072,0.14457507478934734,2038,0.8515347326686116,2.827786714826026,1453,1.0004056822599101,1.0010407523960458
TOI-2076_b,NIRISS_SOSS,obs10,SOSS_HDU3_ordem_1,jw05959010001_04102_00001-seg004_nis_x1dints.fits,seg004,3,84,60783.15284119866,TDB-MID,2049.211410115528,0.14454742553259817,2038,0.8515347326686116,2.827786714826026,1454,0.9986102735632595,0.9992442039513253
TOI-2076_b,NIRISS_SOSS,obs10,SOSS_HDU3_ordem_1,jw05959010001_04102_00001-seg004_nis_x1dints.fits,seg004,3,85,60783.152918271655,TDB-MID,2037.0236240173995,0.144520702323465,2038,0.8515347326686116,2.827786714826026,1455,0.9926709896272519,0.9933011496830169
TOI-2076_b,NIRISS_SOSS,obs10,SOSS_HDU3_ordem_1,jw05959010001_04102_00001-seg004_nis_x1dints.fits,seg004,3,86,60783.152995344666,TDB-MID,2057.7229476768516,0.14456782905638754,2038,0.8515347326686116,2.827786714826026,1456,1.0027580685689872,1.0033946320296012
TOI-2076_b,NIRISS_SOSS,obs10,SOSS_HDU3_ordem_1,jw05959010001_04102_00001-seg004_nis_x1dints.fits,seg004,3,87,60783.15307241768,TDB-MID,2057.558782782039,0.14457021059868902,2038,0.8515347326686116,2.827786714826026,1457,1.002678068648184,1.00331458132384
TOI-2076_b,NIRISS_SOSS,obs10,SOSS_HDU3_ordem_1,jw05959010001_04102_00001-seg004_nis_x1dints.fits,seg004,3,88,60783.15314949069,TDB-MID,2052.4942958720326,0.1445558430509341,2038,0.8515347326686116,2.827786714826026,1458,1.0002100711376811,1.000845017097411
TOI-2076_b,NIRISS_SOSS,obs10,SOSS_HDU3_ordem_1,jw05959010001_04102_00001-seg004_nis_x1dints.fits,seg004,3,89,60783.15322656369,TDB-MID,2052.345763858081,0.144555262082649,2038,0.8515347326686116,2.827786714826026,1459,1.0001376893451766,1.0007725893560322
TOI-2076_b,NIRISS_SOSS,obs10,SOSS_HDU3_ordem_1,jw05959010001_04102_00001-seg004_nis_x1dints.fits,seg004,3,90,60783.153303636704,TDB-MID,2048.6549862401716,0.1445441743464039,2038,0.8515347326686116,2.827786714826026,1460,0.9983391201841382,0.9989728784406213
TOI-2076_b,NIRISS_SOSS,obs10,SOSS_HDU3_ordem_1,jw05959010001_04102_00001-seg004_nis_x1dints.fits,seg004,3,91,60783.153380709715,TDB-MID,2052.5718031597617,0.144610463683607,2038,0.8515347326686116,2.827786714826026,1461,1.0002478415567897,1.0008828114936577
TOI-2076_b,NIRISS_SOSS,obs10,SOSS_HDU3_ordem_1,jw05959010001_04102_00001-seg004_nis_x1dints.fits,seg004,3,92,60783.153457782726,TDB-MID,2055.976259031472,0.1445608106961926,2038,0.8515347326686116,2.827786714826026,1462,1.0019068820016168,1.0025429051182697
TOI-2076_b,NIRISS_SOSS,obs10,SOSS_HDU3_ordem_1,jw05959010001_04102_00001-seg004_nis_x1dints.fits,seg004,3,93,60783.15353485573,TDB-MID,2050.218301312225,0.1445473872640923,2038,0.8515347326686116,2.827786714826026,1463,0.999100946164641,0.9997351880378585
TOI-2076_b,NIRISS_SOSS,obs10,SOSS_HDU3_ordem_1,jw05959010001_04102_00001-seg004_nis_x1dints.fits,seg004,3,94,60783.15361192874,TDB-MID,2049.2636444420773,0.14454818386586366,2038,0.8515347326686116,2.827786714826026,1464,0.9986357281039024,0.9992696746508315
TOI-2076_b,NIRISS_SOSS,obs10,SOSS_HDU3_ordem_1,jw05959010001_04102_00001-seg004_nis_x1dints.fits,seg004,3,95,60783.15368900175,TDB-MID,2050.3296128182237,0.1445503327752346,2038,0.8515347326686116,2.827786714826026,1465,0.9991551898668317,0.9997894661746352
TOI-2076_b,NIRISS_SOSS,obs10,SOSS_HDU3_ordem_1,jw05959010001_04102_00001-seg004_nis_x1dints.fits,seg004,3,96,60783.15376607476,TDB-MID,2050.58636917854,0.14454916150707495,2038,0.8515347326686116,2.827786714826026,1466,0.9992803109441147,0.999914666680355
TOI-2076_b,NIRISS_SOSS,obs10,SOSS_HDU3_ordem_1,jw05959010001_04102_00001-seg004_nis_x1dints.fits,seg004,3,97,60783.15384314776,TDB-MID,2049.6244795304788,0.14455022137846513,2038,0.8515347326686116,2.827786714826026,1467,0.998811568246389,0.9994456264188568
TOI-2076_b,NIRISS_SOSS,obs10,SOSS_HDU3_ordem_1,jw05959010001_04102_00001-seg004_nis_x1dints.fits,seg004,3,98,60783.15392022077,TDB-MID,2053.840543671972,0.1445559561664466,2038,0.8515347326686116,2.827786714826026,1468,1.0008661171059716,1.0015014795319508
TOI-2076_b,NIRISS_SOSS,obs10,SOSS_HDU3_ordem_1,jw05959010001_04102_00001-seg004_nis_x1dints.fits,seg004,3,99,60783.15399729378,TDB-MID,2045.2689825094262,0.14453846063333142,2038,0.8515347326686116,2.827786714826026,1469,0.9966890717337173,0.9973217825186471
TOI-2076_b,NIRISS_SOSS,obs10,SOSS_HDU3_ordem_1,jw05959010001_04102_00001-seg004_nis_x1dints.fits,seg004,3,100,60783.15407436679,TDB-MID,2054.4252706321695,0.14455790126911638,2038,0.8515347326686116,2.827786714826026,1470,1.0011510629865188,1.0017866062997345
TOI-2076_b,NIRISS_SOSS,obs10,SOSS_HDU3_ordem_1,jw05959010001_04102_00001-seg004_nis_x1dints.fits,seg004,3,101,60783.1541514398,TDB-MID,2042.8504329761317,0.1445385834786225,2038,0.8515347326686116,2.827786714826026,1471,0.9955104776661909,0.9961424402647517
TOI-2076_b,NIRISS_SOSS,obs10,SOSS_HDU3_ordem_1,jw05959010001_04102_00001-seg004_nis_x1dints.fits,seg004,3,102,60783.15422851281,TDB-MID,2046.1330608367296,0.14454103492105358,2038,0.8515347326686116,2.827786714826026,1472,0.9971101495642178,0.9977431276546617
TOI-2076_b,NIRISS_SOSS,obs10,SOSS_HDU3_ordem_1,jw05959010001_04102_00001-seg004_nis_x1dints.fits,seg004,3,103,60783.15430558582,TDB-MID,2051.109206591049,0.14455154788901006,2038,0.8515347326686116,2.827786714826026,1473,0.9995350971555117,1.0001696146332504
TOI-2076_b,NIRISS_SOSS,obs10,SOSS_HDU3_ordem_1,jw05959010001_04102_00001-seg004_nis_x1dints.fits,seg004,3,104,60783.154382658824,TDB-MID,2052.069837625152,0.14455566950629148,2038,0.8515347326686116,2.827786714826026,1474,1.0000032265125043,1.000638041164659
TOI-2076_b,NIRISS_SOSS,obs10,SOSS_HDU3_ordem_1,jw05959010001_04102_00001-seg004_nis_x1dints.fits,seg004,3,105,60783.154459731835,TDB-MID,2047.5754269524768,0.1445479374806082,2038,0.8515347326686116,2.827786714826026,1475,0.9978130353740053,0.9984464596652203
TOI-2076_b,NIRISS_SOSS,obs10,SOSS_HDU3_ordem_1,jw05959010001_04102_00001-seg004_nis_x1dints.fits,seg004,3,106,60783.15453680485,TDB-MID,2043.8462622589523,0.1445369043431718,2038,0.8515347326686116,2.827786714826026,1476,0.9959957596374072,0.9966280302990798
TOI-2076_b,NIRISS_SOSS,obs10,SOSS_HDU3_ordem_1,jw05959010001_04102_00001-seg004_nis_x1dints.fits,seg004,3,107,60783.15461387786,TDB-MID,2057.090033232145,0.14456281869155213,2038,0.8515347326686116,2.827786714826026,1477,1.002449640232286,1.0030860078987045
TOI-2076_b,NIRISS_SOSS,obs10,SOSS_HDU3_ordem_1,jw05959010001_04102_00001-seg004_nis_x1dints.fits,seg004,3,108,60783.15469095086,TDB-MID,2055.139531273956,0.1445608151367427,2038,0.8515347326686116,2.827786714826026,1478,1.0014991324982194,1.002134896770348
TOI-2076_b,NIRISS_SOSS,obs10,SOSS_HDU3_ordem_1,jw05959010001_04102_00001-seg004_nis_x1dints.fits,seg004,3,109,60783.154768023865,TDB-MID,2050.648830451292,0.1445856174514346,2038,0.8515347326686116,2.827786714826026,1479,0.9993107492231337,0.9999451242819772
TOI-2076_b,NIRISS_SOSS,obs10,SOSS_HDU3_ordem_1,jw05959010001_04102_00001-seg004_nis_x1dints.fits,seg004,3,110,60783.15484509688,TDB-MID,2051.6385164689236,0.14458655756225158,2038,0.8515347326686116,2.827786714826026,1480,0.9997930374926263,1.000427718714142
TOI-2076_b,NIRISS_SOSS,obs10,SOSS_HDU3_ordem_1,jw05959010001_04102_00001-seg004_nis_x1dints.fits,seg004,3,111,60783.15492216989,TDB-MID,2053.5997325217304,0.1445566685474196,2038,0.8515347326686116,2.827786714826026,1481,1.0007487663595174,1.0013840542897636
TOI-2076_b,NIRISS_SOSS,obs10,SOSS_HDU3_ordem_1,jw05959010001_04102_00001-seg004_nis_x1dints.fits,seg004,3,112,60783.15499924289,TDB-MID,2057.4221122906956,0.14456327558523266,2038,0.8515347326686116,2.827786714826026,1482,1.0026114671467112,1.0032479375428947
TOI-2076_b,NIRISS_SOSS,obs10,SOSS_HDU3_ordem_1,jw05959010001_04102_00001-seg004_nis_x1dints.fits,seg004,3,113,60783.1550763159,TDB-MID,2054.042848963657,0.14456353189171028,2038,0.8515347326686116,2.827786714826026,1483,1.0009647033922258,1.0016001284020222
TOI-2076_b,NIRISS_SOSS,obs10,SOSS_HDU3_ordem_1,jw05959010001_04102_00001-seg004_nis_x1dints.fits,seg004,3,114,60783.155153388914,TDB-MID,2048.001509191882,0.1445474211818365,2038,0.8515347326686116,2.827786714826026,1484,0.9980206713941605,0.9986542274953382
TOI-2076_b,NIRISS_SOSS,obs10,SOSS_HDU3_ordem_1,jw05959010001_04102_00001-seg004_nis_x1dints.fits,seg004,3,115,60783.155230461925,TDB-MID,2054.608012027653,0.1445576549719111,2038,0.8515347326686116,2.827786714826026,1485,1.0012401155040065,1.0018757153488826
TOI-2076_b,NIRISS_SOSS,obs10,SOSS_HDU3_ordem_1,jw05959010001_04102_00001-seg004_nis_x1dints.fits,seg004,3,116,60783.15530753493,TDB-MID,2050.829616807316,0.1445511434129351,2038,0.8515347326686116,2.827786714826026,1486,0.9993988490216976,1.0000332800074037
TOI-2076_b,NIRISS_SOSS,obs10,SOSS_HDU3_ordem_1,jw05959010001_04102_00001-seg004_nis_x1dints.fits,seg004,3,117,60783.15538460794,TDB-MID,2053.4871470276858,0.144564749493359,2038,0.8515347326686116,2.827786714826026,1487,1.0006939018245786,1.0013291549261267
TOI-2076_b,NIRISS_SOSS,obs10,SOSS_HDU3_ordem_1,jw05959010001_04102_00001-seg004_nis_x1dints.fits,seg004,3,118,60783.15546168095,TDB-MID,2053.813660269409,0.14462059349035097,2038,0.8515347326686116,2.827786714826026,1488,1.0008530164361944,1.0014883705457034
TOI-2076_b,NIRISS_SOSS,obs10,SOSS_HDU3_ordem_1,jw05959010001_04102_00001-seg004_nis_x1dints.fits,seg004,3,119,60783.155538753956,TDB-MID,2049.4105717716066,0.14454733768422995,2038,0.8515347326686116,2.827786714826026,1489,0.9987073279105455,0.9993413199099344
TOI-2076_b,NIRISS_SOSS,obs10,SOSS_HDU3_ordem_1,jw05959010001_04102_00001-seg004_nis_x1dints.fits,seg004,3,120,60783.15561582697,TDB-MID,2055.2938430368563,0.14456024175442847,2038,0.8515347326686116,2.827786714826026,1490,1.0015743308457412,1.0022101428547288
TOI-2076_b,NIRISS_SOSS,obs10,SOSS_HDU3_ordem_1,jw05959010001_04102_00001-seg004_nis_x1dints.fits,seg004,3,121,60783.15569289997,TDB-MID,2055.691498516062,0.14456083402338482,2038,0.8515347326686116,2.827786714826026,1491,1.001768114095685,1.0024040491207218
TOI-2076_b,NIRISS_SOSS,obs10,SOSS_HDU3_ordem_1,jw05959010001_04102_00001-seg004_nis_x1dints.fits,seg004,3,122,60783.15576997298,TDB-MID,2043.5779048079962,0.14453603736466175,2038,0.8515347326686116,2.827786714826026,1492,0.9958649851813461,0.9964971728257458
TOI-2076_b,NIRISS_SOSS,obs10,SOSS_HDU3_ordem_1,jw05959010001_04102_00001-seg004_nis_x1dints.fits,seg004,3,123,60783.155847045986,TDB-MID,2052.978536033579,0.14455986600203102,2038,0.8515347326686116,2.827786714826026,1493,1.0004460483520403,1.00108114411308
TOI-2076_b,NIRISS_SOSS,obs10,SOSS_HDU3_ordem_1,jw05959010001_04102_00001-seg004_nis_x1dints.fits,seg004,3,124,60783.155924119,TDB-MID,2045.7415245781856,0.14454269436061917,2038,0.8515347326686116,2.827786714826026,1494,0.9969193482987533,0.997552205266149
TOI-2076_b,NIRISS_SOSS,obs10,SOSS_HDU3_ordem_1,jw05959010001_04102_00001-seg004_nis_x1dints.fits,seg004,3,125,60783.15600119201,TDB-MID,2045.8238143947394,0.14454349574731504,2038,0.8515347326686116,2.827786714826026,1495,0.9969594493131312,0.9975923317371561
TOI-2076_b,NIRISS_SOSS,obs10,SOSS_HDU3_ordem_1,jw05959010001_04102_00001-seg004_nis_x1dints.fits,seg004,3,126,60783.15607826501,TDB-MID,2043.8543635765884,0.14453586636238142,2038,0.8515347326686116,2.827786714826026,1496,0.9959997075263273,0.9966319806941695
TOI-2076_b,NIRISS_SOSS,obs10,SOSS_HDU3_ordem_1,jw05959010001_04102_00001-seg004_nis_x1dints.fits,seg004,3,127,60783.15615533802,TDB-MID,2047.5315965126113,0.14454569384891056,2038,0.8515347326686116,2.827786714826026,1497,0.9977916761685429,0.9984250869006651
TOI-2076_b,NIRISS_SOSS,obs10,SOSS_HDU3_ordem_1,jw05959010001_04102_00001-seg004_nis_x1dints.fits,seg004,3,128,60783.156232411035,TDB-MID,2049.724236968457,0.14454812961184113,2038,0.8515347326686116,2.827786714826026,1498,0.9988601814846022,0.9994942705173664
TOI-2076_b,NIRISS_SOSS,obs10,SOSS_HDU3_ordem_1,jw05959010001_04102_00001-seg004_nis_x1dints.fits,seg004,3,129,60783.156309484046,TDB-MID,2038.965133032653,0.14452519497091726,2038,0.8515347326686116,2.827786714826026,1499,0.9936171149705314,0.9942478756385892
TOI-2076_b,NIRISS_SOSS,obs10,SOSS_HDU3_ordem_1,jw05959010001_04102_00001-seg004_nis_x1dints.fits,seg004,3,130,60783.15638655705,TDB-MID,2051.8439034580483,0.14455243472753027,2038,0.8515347326686116,2.827786714826026,1500,0.9998931255344865,1.0005278702931526
TOI-2076_b,NIRISS_SOSS,obs10,SOSS_HDU3_ordem_1,jw05959010001_04102_00001-seg004_nis_x1dints.fits,seg004,3,131,60783.15646363006,TDB-MID,2050.3724751668124,0.14455080488880728,2038,0.8515347326686116,2.827786714826026,1501,0.9991760773074532,0.9998103668748672
TOI-2076_b,NIRISS_SOSS,obs10,SOSS_HDU3_ordem_1,jw05959010001_04102_00001-seg004_nis_x1dints.fits,seg004,3,132,60783.15654070307,TDB-MID,2051.751425626279,0.14455576121870437,2038,0.8515347326686116,2.827786714826026,1502,0.9998480597533641,1.0004827759037045
TOI-2076_b,NIRISS_SOSS,obs10,SOSS_HDU3_ordem_1,jw05959010001_04102_00001-seg004_nis_x1dints.fits,seg004,3,133,60783.156617776076,TDB-MID,2052.0821670974983,0.14455915781767972,2038,0.8515347326686116,2.827786714826026,1503,1.0000092348421923,1.0006440533085104
TOI-2076_b,NIRISS_SOSS,obs10,SOSS_HDU3_ordem_1,jw05959010001_04102_00001-seg004_nis_x1dints.fits,seg004,3,134,60783.15669484908,TDB-MID,2047.4751200672677,0.14454319962300952,2038,0.8515347326686116,2.827786714826026,1504,0.9977641543822323,0.9983975476431777
TOI-2076_b,NIRISS_SOSS,obs10,SOSS_HDU3_ordem_1,jw05959010001_04102_00001-seg004_nis_x1dints.fits,seg004,3,135,60783.15677192209,TDB-MID,2047.337007101653,0.14454812800864283,2038,0.8515347326686116,2.827786714826026,1505,0.9976968499422442,0.9983302004774827
TOI-2076_b,NIRISS_SOSS,obs10,SOSS_HDU3_ordem_1,jw05959010001_04102_00001-seg004_nis_x1dints.fits,seg004,3,136,60783.1568489951,TDB-MID,2061.164589795823,0.14457265966206093,2038,0.8515347326686116,2.827786714826026,1506,1.0044352304083988,1.0050728585524873
TOI-2076_b,NIRISS_SOSS,obs10,SOSS_HDU3_ordem_1,jw05959010001_04102_00001-seg004_nis_x1dints.fits,seg004,3,137,60783.156926068106,TDB-MID,2056.7787476966123,0.1445652257612735,2038,0.8515347326686116,2.827786714826026,1507,1.0022979463015087,1.002934217670708
TOI-2076_b,NIRISS_SOSS,obs10,SOSS_HDU3_ordem_1,jw05959010001_04102_00001-seg004_nis_x1dints.fits,seg004,3,138,60783.15700314112,TDB-MID,2052.8450978351175,0.14455641460201157,2038,0.8515347326686116,2.827786714826026,1508,1.0003810219935048,1.0010160764749925
TOI-2076_b,NIRISS_SOSS,obs10,SOSS_HDU3_ordem_1,jw05959010001_04102_00001-seg004_nis_x1dints.fits,seg004,3,139,60783.15708021413,TDB-MID,2055.159153070851,0.1445598236409714,2038,0.8515347326686116,2.827786714826026,1509,1.0015086944828289,1.002144464825026
TOI-2076_b,NIRISS_SOSS,obs10,SOSS_HDU3_ordem_1,jw05959010001_04102_00001-seg004_nis_x1dints.fits,seg004,3,140,60783.15715728713,TDB-MID,2053.027570520847,0.14455587766835287,2038,0.8515347326686116,2.827786714826026,1510,1.0004699435648539,1.0011050544948759
TOI-2076_b,NIRISS_SOSS,obs10,SOSS_HDU3_ordem_1,jw05959010001_04102_00001-seg004_nis_x1dints.fits,seg004,3,141,60783.157234360144,TDB-MID,2055.220752486011,0.14456155150052333,2038,0.8515347326686116,2.827786714826026,1511,1.0015387127662136,1.0021745021643953
TOI-2076_b,NIRISS_SOSS,obs10,SOSS_HDU3_ordem_1,jw05959010001_04102_00001-seg004_nis_x1dints.fits,seg004,3,142,60783.157311433155,TDB-MID,2052.3408184880245,0.14455543268217025,2038,0.8515347326686116,2.827786714826026,1512,1.0001352793950267,1.0007701778760154
TOI-2076_b,NIRISS_SOSS,obs10,SOSS_HDU3_ordem_1,jw05959010001_04102_00001-seg004_nis_x1dints.fits,seg004,3,143,60783.157388506166,TDB-MID,2048.339205575308,0.14454800866291015,2038,0.8515347326686116,2.827786714826026,1513,0.9981852357120096,0.9988188962806903
TOI-2076_b,NIRISS_SOSS,obs10,SOSS_HDU3_ordem_1,jw05959010001_04102_00001-seg004_nis_x1dints.fits,seg004,3,144,60783.15746557917,TDB-MID,2050.9499219166555,0.14455192945350911,2038,0.8515347326686116,2.827786714826026,1514,0.9994574754365005,1.0000919436389937
TOI-2076_b,NIRISS_SOSS,obs10,SOSS_HDU3_ordem_1,jw05959010001_04102_00001-seg004_nis_x1dints.fits,seg004,3,145,60783.157542652174,TDB-MID,2049.979163375827,0.14454901575567988,2038,0.8515347326686116,2.827786714826026,1515,0.9989844107994234,0.9996185786945223
TOI-2076_b,NIRISS_SOSS,obs10,SOSS_HDU3_ordem_1,jw05959010001_04102_00001-seg004_nis_x1dints.fits,seg004,3,146,60783.157619725185,TDB-MID,2053.564189062464,0.1445562882240144,2038,0.8515347326686116,2.827786714826026,1516,1.0007314455192144,1.001366722453973
TOI-2076_b,NIRISS_SOSS,obs10,SOSS_HDU3_ordem_1,jw05959010001_04102_00001-seg004_nis_x1dints.fits,seg004,3,147,60783.15769679819,TDB-MID,2045.320451067505,0.14453900983631818,2038,0.8515347326686116,2.827786714826026,1517,0.9967141531043407,0.9973468798112407
TOI-2076_b,NIRISS_SOSS,obs10,SOSS_HDU3_ordem_1,jw05959010001_04102_00001-seg004_nis_x1dints.fits,seg004,3,148,60783.1577738712,TDB-MID,2048.83752694932,0.14454741720969633,2038,0.8515347326686116,2.827786714826026,1518,0.9984280749042803,0.999061889630341
TOI-2076_b,NIRISS_SOSS,obs10,SOSS_HDU3_ordem_1,jw05959010001_04102_00001-seg004_nis_x1dints.fits,seg004,3,149,60783.15785094421,TDB-MID,2046.8854618977477,0.14454720042936406,2038,0.8515347326686116,2.827786714826026,1519,0.9974768054522652,0.998110016300488
TOI-2076_b,NIRISS_SOSS,obs10,SOSS_HDU3_ordem_1,jw05959010001_04102_00001-seg004_nis_x1dints.fits,seg004,3,150,60783.157928017215,TDB-MID,2046.9108184233105,0.14453981277249195,2038,0.8515347326686116,2.827786714826026,1520,0.9974891620528599,0.9981223807452085
TOI-2076_b,NIRISS_SOSS,obs10,SOSS_HDU3_ordem_1,jw05959010001_04102_00001-seg004_nis_x1dints.fits,seg004,3,151,60783.15800509023,TDB-MID,2050.4269020662405,0.14454755015541634,2038,0.8515347326686116,2.827786714826026,1521,0.9992026003204809,0.9998369067250379
TOI-2076_b,NIRISS_SOSS,obs10,SOSS_HDU3_ordem_1,jw05959010001_04102_00001-seg004_nis_x1dints.fits,seg004,3,152,60783.15808216324,TDB-MID,2048.9474632491892,0.1445429978657602,2038,0.8515347326686116,2.827786714826026,1522,0.9984816484486913,0.9991154971839131
TOI-2076_b,NIRISS_SOSS,obs10,SOSS_HDU3_ordem_1,jw05959010001_04102_00001-seg004_nis_x1dints.fits,seg004,3,153,60783.15815923625,TDB-MID,2054.265840853719,0.14455845281252935,2038,0.8515347326686116,2.827786714826026,1523,1.001073370556208,1.0017088645492898
TOI-2076_b,NIRISS_SOSS,obs10,SOSS_HDU3_ordem_1,jw05959010001_04102_00001-seg004_nis_x1dints.fits,seg004,3,154,60783.15823630925,TDB-MID,2041.3560387557602,0.14453002160787976,2038,0.8515347326686116,2.827786714826026,1524,0.9947822378106786,0.9954137381134005
TOI-2076_b,NIRISS_SOSS,obs10,SOSS_HDU3_ordem_1,jw05959010001_04102_00001-seg004_nis_x1dints.fits,seg004,3,155,60783.158313382264,TDB-MID,2054.837131201658,0.14455707485424363,2038,0.8515347326686116,2.827786714826026,1525,1.0013517685818207,1.001987439305478
TOI-2076_b,NIRISS_SOSS,obs10,SOSS_HDU3_ordem_1,jw05959010001_04102_00001-seg004_nis_x1dints.fits,seg004,3,156,60783.158390455275,TDB-MID,2054.7547149567786,0.1445550112008338,2038,0.8515347326686116,2.827786714826026,1526,1.0013116059570966,1.0019472511850134
TOI-2076_b,NIRISS_SOSS,obs10,SOSS_HDU3_ordem_1,jw05959010001_04102_00001-seg004_nis_x1dints.fits,seg004,3,157,60783.15846752828,TDB-MID,2048.1864608926508,0.14454361952803188,2038,0.8515347326686116,2.827786714826026,1527,0.9981108010252903,0.9987444143418936
TOI-2076_b,NIRISS_SOSS,obs10,SOSS_HDU3_ordem_1,jw05959010001_04102_00001-seg004_nis_x1dints.fits,seg004,3,158,60783.15854460128,TDB-MID,2044.6180962302888,0.14454033480173709,2038,0.8515347326686116,2.827786714826026,1528,0.9963718854629111,0.9970043948939984
TOI-2076_b,NIRISS_SOSS,obs10,SOSS_HDU3_ordem_1,jw05959010001_04102_00001-seg004_nis_x1dints.fits,seg004,3,159,60783.158621674294,TDB-MID,2051.6257101824667,0.14455428918299348,2038,0.8515347326686116,2.827786714826026,1529,0.9997867968045455,1.0004214740643937
TOI-2076_b,NIRISS_SOSS,obs10,SOSS_HDU3_ordem_1,jw05959010001_04102_00001-seg004_nis_x1dints.fits,seg004,3,160,60783.1586987473,TDB-MID,2049.2823952878543,0.14455706259427456,2038,0.8515347326686116,2.827786714826026,1530,0.9986448656614714,0.9992788180090372
TOI-2076_b,NIRISS_SOSS,obs10,SOSS_HDU3_ordem_1,jw05959010001_04102_00001-seg004_nis_x1dints.fits,seg004,3,161,60783.15877582031,TDB-MID,2052.4570284538404,0.14455548837873866,2038,0.8515347326686116,2.827786714826026,1531,1.0001919101873311,1.0008268446182607
TOI-2076_b,NIRISS_SOSS,obs10,SOSS_HDU3_ordem_1,jw05959010001_04102_00001-seg004_nis_x1dints.fits,seg004,3,162,60783.15885289332,TDB-MID,2064.6493942475636,0.14458023489855884,2038,0.8515347326686116,2.827786714826026,1532,1.0061334258750496,1.0067721320550242
TOI-2076_b,NIRISS_SOSS,obs10,SOSS_HDU3_ordem_1,jw05959010001_04102_00001-seg004_nis_x1dints.fits,seg004,3,163,60783.158929966325,TDB-MID,2052.073137876506,0.14455226020532935,2038,0.8515347326686116,2.827786714826026,1533,1.0000048347725847,1.0006396504456831
TOI-2076_b,NIRISS_SOSS,obs10,SOSS_HDU3_ordem_1,jw05959010001_04102_00001-seg004_nis_x1dints.fits,seg004,3,164,60783.159007039336,TDB-MID,2052.6414693805827,0.1445599984174323,2038,0.8515347326686116,2.827786714826026,1534,1.0002817909109114,1.0009167823992573
TOI-2076_b,NIRISS_SOSS,obs10,SOSS_HDU3_ordem_1,jw05959010001_04102_00001-seg004_nis_x1dints.fits,seg004,3,165,60783.15908411235,TDB-MID,2051.590780494862,0.14455405187979392,2038,0.8515347326686116,2.827786714826026,1535,0.9997697750640251,1.0004044415182578
TOI-2076_b,NIRISS_SOSS,obs10,SOSS_HDU3_ordem_1,jw05959010001_04102_00001-seg004_nis_x1dints.fits,seg004,3,166,60783.15916118535,TDB-MID,2052.707207377619,0.14455342386624154,2038,0.8515347326686116,2.827786714826026,1536,1.0003138259849305,1.000948837809545
TOI-2076_b,NIRISS_SOSS,obs10,SOSS_HDU3_ordem_1,jw05959010001_04102_00001-seg004_nis_x1dints.fits,seg004,3,167,60783.15923825836,TDB-MID,2053.62953061969,0.14455803139011647,2038,0.8515347326686116,2.827786714826026,1537,1.0007632874023966,1.001398584550784
TOI-2076_b,NIRISS_SOSS,obs10,SOSS_HDU3_ordem_1,jw05959010001_04102_00001-seg004_nis_x1dints.fits,seg004,3,168,60783.15931533137,TDB-MID,2049.1969215748068,0.14454664815110463,2038,0.8515347326686116,2.827786714826026,1538,0.9986032130884145,0.9992371389944019
TOI-2076_b,NIRISS_SOSS,obs10,SOSS_HDU3_ordem_1,jw05959010001_04102_00001-seg004_nis_x1dints.fits,seg004,3,169,60783.15939240438,TDB-MID,2052.8385270381964,0.14455396046280494,2038,0.8515347326686116,2.827786714826026,1539,1.000377819949402,1.001012872398192
TOI-2076_b,NIRISS_SOSS,obs10,SOSS_HDU3_ordem_1,jw05959010001_04102_00001-seg004_nis_x1dints.fits,seg004,3,170,60783.15946947738,TDB-MID,2049.229324314514,0.14454924088667806,2038,0.8515347326686116,2.827786714826026,1540,0.9986190034107812,0.9992529393406643
TOI-2076_b,NIRISS_SOSS,obs10,SOSS_HDU3_ordem_1,jw05959010001_04102_00001-seg004_nis_x1dints.fits,seg004,3,171,60783.15954655039,TDB-MID,2053.5673206737615,0.14455991429453063,2038,0.8515347326686116,2.827786714826026,1541,1.0007329715985633,1.0013682495020964
TOI-2076_b,NIRISS_SOSS,obs10,SOSS_HDU3_ordem_1,jw05959010001_04102_00001-seg004_nis_x1dints.fits,seg004,3,172,60783.1596236234,TDB-MID,2061.219632770587,0.14457539645266643,2038,0.8515347326686116,2.827786714826026,1542,1.0044620536438227,1.005099698815639
TOI-2076_b,NIRISS_SOSS,obs10,SOSS_HDU3_ordem_1,jw05959010001_04102_00001-seg004_nis_x1dints.fits,seg004,3,173,60783.15970069641,TDB-MID,2049.6249806438454,0.1445488644384203,2038,0.8515347326686116,2.827786714826026,1543,0.9988118124461596,0.9994458707736484
TOI-2076_b,NIRISS_SOSS,obs10,SOSS_HDU3_ordem_1,jw05959010001_04102_00001-seg004_nis_x1dints.fits,seg004,3,174,60783.15977776942,TDB-MID,2049.4310003715595,0.14454780139812382,2038,0.8515347326686116,2.827786714826026,1544,0.9987172830619208,0.9993512813809651
TOI-2076_b,NIRISS_SOSS,obs10,SOSS_HDU3_ordem_1,jw05959010001_04102_00001-seg004_nis_x1dints.fits,seg004,3,175,60783.15985484243,TDB-MID,2056.4066796747443,0.14456333090465392,2038,0.8515347326686116,2.827786714826026,1545,1.0021166321885442,1.0027527884572591
TOI-2076_b,NIRISS_SOSS,obs10,SOSS_HDU3_ordem_1,jw05959010001_04102_00001-seg004_nis_x1dints.fits,seg004,3,176,60783.159931915434,TDB-MID,2051.3199789369055,0.1445533311108843,2038,0.8515347326686116,2.827786714826026,1546,0.9996378095593742,1.0002723922402414
TOI-2076_b,NIRISS_SOSS,obs10,SOSS_HDU3_ordem_1,jw05959010001_04102_00001-seg004_nis_x1dints.fits,seg004,3,177,60783.160008988445,TDB-MID,2055.109369714786,0.14456080307640704,2038,0.8515347326686116,2.827786714826026,1547,1.0014844343354505,1.0021201892770002
TOI-2076_b,NIRISS_SOSS,obs10,SOSS_HDU3_ordem_1,jw05959010001_04102_00001-seg004_nis_x1dints.fits,seg004,3,178,60783.160086061456,TDB-MID,2049.0741587626303,0.14454522624676153,2038,0.8515347326686116,2.827786714826026,1548,0.9985433889995744,0.9991772769284762
TOI-2076_b,NIRISS_SOSS,obs10,SOSS_HDU3_ordem_1,jw05959010001_04102_00001-seg004_nis_x1dints.fits,seg004,3,179,60783.16016313446,TDB-MID,2042.7066704455158,0.14453349308335658,2038,0.8515347326686116,2.827786714826026,1549,0.9954404201117005,0.9960723382368427
TOI-2076_b,NIRISS_SOSS,obs10,SOSS_HDU3_ordem_1,jw05959010001_04102_00001-seg004_nis_x1dints.fits,seg004,3,180,60783.16024020747,TDB-MID,2054.1328564705846,0.14455573811952632,2038,0.8515347326686116,2.827786714826026,1550,1.0010085653484262,1.0016440182023452
TOI-2076_b,NIRISS_SOSS,obs10,SOSS_HDU3_ordem_1,jw05959010001_04102_00001-seg004_nis_x1dints.fits,seg004,3,181,60783.16031728048,TDB-MID,2054.0035111465786,0.14455690062639615,2038,0.8515347326686116,2.827786714826026,1551,1.0009455335066395,1.001580946347151
TOI-2076_b,NIRISS_SOSS,obs10,SOSS_HDU3_ordem_1,jw05959010001_04102_00001-seg004_nis_x1dints.fits,seg004,3,182,60783.16039435348,TDB-MID,2048.1128662843985,0.14454501917084628,2038,0.8515347326686116,2.827786714826026,1552,0.9980749373113187,0.9987085278611845
TOI-2076_b,NIRISS_SOSS,obs10,SOSS_HDU3_ordem_1,jw05959010001_04102_00001-seg004_nis_x1dints.fits,seg004,3,183,60783.16047142649,TDB-MID,2051.4463613794683,0.14454980889418098,2038,0.8515347326686116,2.827786714826026,1553,0.9996993975463033,1.000334019324001
TOI-2076_b,NIRISS_SOSS,obs10,SOSS_HDU3_ordem_1,jw05959010001_04102_00001-seg004_nis_x1dints.fits,seg004,3,184,60783.1605484995,TDB-MID,2048.413298884471,0.14454523941479425,2038,0.8515347326686116,2.827786714826026,1554,0.9982213424501271,0.9988550259398202
TOI-2076_b,NIRISS_SOSS,obs10,SOSS_HDU3_ordem_1,jw05959010001_04102_00001-seg004_nis_x1dints.fits,seg004,3,185,60783.160625572506,TDB-MID,2047.8249450652097,0.144541382276686,2038,0.8515347326686116,2.827786714826026,1555,0.9979346291488522,0.998568130629328
TOI-2076_b,NIRISS_SOSS,obs10,SOSS_HDU3_ordem_1,jw05959010001_04102_00001-seg004_nis_x1dints.fits,seg004,3,186,60783.16070264552,TDB-MID,2053.9195593101385,0.1445561064537722,2038,0.8515347326686116,2.827786714826026,1556,1.0009046225660017,1.0015400094357323
TOI-2076_b,NIRISS_SOSS,obs10,SOSS_HDU3_ordem_1,jw05959010001_04102_00001-seg004_nis_x1dints.fits,seg004,3,187,60783.16077971853,TDB-MID,2052.5733736106113,0.14455291558902095,2038,0.8515347326686116,2.827786714826026,1557,1.0002486068601375,1.0008835772828297
TOI-2076_b,NIRISS_SOSS,obs10,SOSS_HDU3_ordem_1,jw05959010001_04102_00001-seg004_nis_x1dints.fits,seg004,3,188,60783.16085679153,TDB-MID,2040.6750570806132,0.1445281478523536,2038,0.8515347326686116,2.827786714826026,1558,0.9944503856193658,0.9950816752581341
TOI-2076_b,NIRISS_SOSS,obs10,SOSS_HDU3_ordem_1,jw05959010001_04102_00001-seg004_nis_x1dints.fits,seg004,3,189,60783.16093386454,TDB-MID,2054.2339120391184,0.14455756036134276,2038,0.8515347326686116,2.827786714826026,1559,1.0010578111843806,1.001693295300177
TOI-2076_b,NIRISS_SOSS,obs10,SOSS_HDU3_ordem_1,jw05959010001_04102_00001-seg004_nis_x1dints.fits,seg004,3,190,60783.161010937554,TDB-MID,2050.059147888203,0.1445499989653716,2038,0.8515347326686116,2.827786714826026,1560,0.9990233884058286,0.9996575810444034
TOI-2076_b,NIRISS_SOSS,obs10,SOSS_HDU3_ordem_1,jw05959010001_04102_00001-seg004_nis_x1dints.fits,seg004,3,191,60783.16108801056,TDB-MID,2050.7113690708447,0.14455021853400993,2038,0.8515347326686116,2.827786714826026,1561,0.9993412251943643,0.9999756195997384
TOI-2076_b,NIRISS_SOSS,obs10,SOSS_HDU3_ordem_1,jw05959010001_04102_00001-seg004_nis_x1dints.fits,seg004,3,192,60783.16116508357,TDB-MID,2045.962435666832,0.14463775856435945,2038,0.8515347326686116,2.827786714826026,1562,0.9970270014581967,0.9976599267651748
TOI-2076_b,NIRISS_SOSS,obs10,SOSS_HDU3_ordem_1,jw05959010001_04102_00001-seg004_nis_x1dints.fits,seg004,3,193,60783.16124215658,TDB-MID,2054.0877560414174,0.14455842845997635,2038,0.8515347326686116,2.827786714826026,1563,1.0009865872588615,1.0016220261608122
TOI-2076_b,NIRISS_SOSS,obs10,SOSS_HDU3_ordem_1,jw05959010001_04102_00001-seg004_nis_x1dints.fits,seg004,3,194,60783.16131922958,TDB-MID,2050.629937307951,0.14455146932591603,2038,0.8515347326686116,2.827786714826026,1564,0.9993015423219097,0.9999359115360962
TOI-2076_b,NIRISS_SOSS,obs10,SOSS_HDU3_ordem_1,jw05959010001_04102_00001-seg004_nis_x1dints.fits,seg004,3,195,60783.16139630259,TDB-MID,2052.763241289028,0.14455568061400156,2038,0.8515347326686116,2.827786714826026,1565,1.0003411321180726,1.0009761612769648
TOI-2076_b,NIRISS_SOSS,obs10,SOSS_HDU3_ordem_1,jw05959010001_04102_00001-seg004_nis_x1dints.fits,seg004,3,196,60783.1614733756,TDB-MID,2046.4249399061805,0.14454268928250744,2038,0.8515347326686116,2.827786714826026,1566,0.9972523864441967,0.9978854548284046
TOI-2076_b,NIRISS_SOSS,obs10,SOSS_HDU3_ordem_1,jw05959010001_04102_00001-seg004_nis_x1dints.fits,seg004,3,197,60783.1615504486,TDB-MID,2049.1597439363186,0.14455026440270252,2038,0.8515347326686116,2.827786714826026,1567,0.998585095889009,0.9992190102939699
TOI-2076_b,NIRISS_SOSS,obs10,SOSS_HDU3_ordem_1,jw05959010001_04102_00001-seg004_nis_x1dints.fits,seg004,3,198,60783.161627521615,TDB-MID,2055.673552909431,0.14456185442438538,2038,0.8515347326686116,2.827786714826026,1568,1.0017593689427646,1.0023952984162683
TOI-2076_b,NIRISS_SOSS,obs10,SOSS_HDU3_ordem_1,jw05959010001_04102_00001-seg004_nis_x1dints.fits,seg004,3,199,60783.161704594626,TDB-MID,2056.3048670302305,0.1445638248931746,2038,0.8515347326686116,2.827786714826026,1569,1.0020670174185462,1.0027031421911798
TOI-2076_b,NIRISS_SOSS,obs10,SOSS_HDU3_ordem_1,jw05959010001_04102_00001-seg004_nis_x1dints.fits,seg004,3,200,60783.16178166763,TDB-MID,2055.3915354655,0.1445709213767501,2038,0.8515347326686116,2.827786714826026,1570,1.0016219377751248,1.002257780005591
TOI-2076_b,NIRISS_SOSS,obs10,SOSS_HDU3_ordem_1,jw05959010001_04102_00001-seg004_nis_x1dints.fits,seg004,3,201,60783.16185874064,TDB-MID,2054.3091665958586,0.14455795721159032,2038,0.8515347326686116,2.827786714826026,1571,1.0010944838151898,1.0017299912112345
TOI-2076_b,NIRISS_SOSS,obs10,SOSS_HDU3_ordem_1,jw05959010001_04102_00001-seg004_nis_x1dints.fits,seg004,3,202,60783.16193581365,TDB-MID,2055.4365484511436,0.14456316573303182,2038,0.8515347326686116,2.827786714826026,1572,1.0016438732521993,1.002279729407583
TOI-2076_b,NIRISS_SOSS,obs10,SOSS_HDU3_ordem_1,jw05959010001_04102_00001-seg004_nis_x1dints.fits,seg004,3,203,60783.162012886656,TDB-MID,2058.9703624458107,0.14456951591138698,2038,0.8515347326686116,2.827786714826026,1573,1.0033659517759261,1.0040029011284617
TOI-2076_b,NIRISS_SOSS,obs10,SOSS_HDU3_ordem_1,jw05959010001_04102_00001-seg004_nis_x1dints.fits,seg004,3,204,60783.16208995967,TDB-MID,2052.7187113922178,0.14455434890930463,2038,0.8515347326686116,2.827786714826026,1574,1.0003194320571538,1.0009544474405736
TOI-2076_b,NIRISS_SOSS,obs10,SOSS_HDU3_ordem_1,jw05959010001_04102_00001-seg004_nis_x1dints.fits,seg004,3,205,60783.16216703267,TDB-MID,2054.30559408394,0.14455939215835678,2038,0.8515347326686116,2.827786714826026,1575,1.0010927428786096,1.0017282491694859
TOI-2076_b,NIRISS_SOSS,obs10,SOSS_HDU3_ordem_1,jw05959010001_04102_00001-seg004_nis_x1dints.fits,seg004,3,206,60783.16224410568,TDB-MID,2051.714440239541,0.1445522179079415,2038,0.8515347326686116,2.827786714826026,1576,0.9998300362410092,1.0004647409497966
TOI-2076_b,NIRISS_SOSS,obs10,SOSS_HDU3_ordem_1,jw05959010001_04102_00001-seg004_nis_x1dints.fits,seg004,3,207,60783.16232117869,TDB-MID,2053.7813403140376,0.14455671881475252,2038,0.8515347326686116,2.827786714826026,1577,1.0008372664558285,1.0014726105670515
TOI-2076_b,NIRISS_SOSS,obs10,SOSS_HDU3_ordem_1,jw05959010001_04102_00001-seg004_nis_x1dints.fits,seg004,3,208,60783.16239825169,TDB-MID,2054.6865656891314,0.1445584803716401,2038,0.8515347326686116,2.827786714826026,1578,1.0012783958361338,1.0019140199818473
TOI-2076_b,NIRISS_SOSS,obs10,SOSS_HDU3_ordem_1,jw05959010001_04102_00001-seg004_nis_x1dints.fits,seg004,3,209,60783.1624753247,TDB-MID,2054.2883729784658,0.1445577662593666,2038,0.8515347326686116,2.827786714826026,1579,1.001084350785552,1.0017198517490216
TOI-2076_b,NIRISS_SOSS,obs10,SOSS_HDU3_ordem_1,jw05959010001_04102_00001-seg004_nis_x1dints.fits,seg004,3,210,60783.16255239771,TDB-MID,2048.9433220569367,0.14454527561604957,2038,0.8515347326686116,2.827786714826026,1580,0.9984796303859829,0.9991134778401132
TOI-2076_b,NIRISS_SOSS,obs10,SOSS_HDU3_ordem_1,jw05959010001_04102_00001-seg004_nis_x1dints.fits,seg004,3,211,60783.16262947072,TDB-MID,2065.7792131563056,0.1445808777253485,2038,0.8515347326686116,2.827786714826026,1581,1.0066840029233552,1.0073230586165796
TOI-2076_b,NIRISS_SOSS,obs10,SOSS_HDU3_ordem_1,jw05959010001_04102_00001-seg004_nis_x1dints.fits,seg004,3,212,60783.16270654373,TDB-MID,2055.2068334075448,0.14456003000714668,2038,0.8515347326686116,2.827786714826026,1582,1.0015319297985383,1.0021677148908066
TOI-2076_b,NIRISS_SOSS,obs10,SOSS_HDU3_ordem_1,jw05959010001_04102_00001-seg004_nis_x1dints.fits,seg004,3,213,60783.16278361674,TDB-MID,2057.9903328501405,0.144562727483263,2038,0.8515347326686116,2.827786714826026,1583,1.002888369220119,1.0035250153972286
TOI-2076_b,NIRISS_SOSS,obs10,SOSS_HDU3_ordem_1,jw05959010001_04102_00001-seg004_nis_x1dints.fits,seg004,3,214,60783.16286068974,TDB-MID,2046.9188786115942,0.14454338177408782,2038,0.8515347326686116,2.827786714826026,1584,0.9974930898988533,0.9981263110846481
TOI-2076_b,NIRISS_SOSS,obs10,SOSS_HDU3_ordem_1,jw05959010001_04102_00001-seg004_nis_x1dints.fits,seg004,3,215,60783.162937762754,TDB-MID,2041.4768339041796,0.14453101197535617,2038,0.8515347326686116,2.827786714826026,1585,0.9948411030285926,0.9954726406996968
TOI-2076_b,NIRISS_SOSS,obs10,SOSS_HDU3_ordem_1,jw05959010001_04102_00001-seg004_nis_x1dints.fits,seg004,3,216,60783.163014835765,TDB-MID,2055.0557778002803,0.14455733170738624,2038,0.8515347326686116,2.827786714826026,1586,1.0014583182226173,1.0020940565853296
TOI-2076_b,NIRISS_SOSS,obs10,SOSS_HDU3_ordem_1,jw05959010001_04102_00001-seg004_nis_x1dints.fits,seg004,3,217,60783.16309190877,TDB-MID,2045.4206197231138,0.14454220457109002,2038,0.8515347326686116,2.827786714826026,1587,0.996762966734836,0.9973957244292438
TOI-2076_b,NIRISS_SOSS,obs10,SOSS_HDU3_ordem_1,jw05959010001_04102_00001-seg004_nis_x1dints.fits,seg004,3,218,60783.16316898177,TDB-MID,2047.2100607571329,0.1445404915385324,2038,0.8515347326686116,2.827786714826026,1588,0.9976349871577588,0.9982682984217219
TOI-2076_b,NIRISS_SOSS,obs10,SOSS_HDU3_ordem_1,jw05959010001_04102_00001-seg004_nis_x1dints.fits,seg004,3,219,60783.16324605478,TDB-MID,2049.2261455820153,0.14454649461313682,2038,0.8515347326686116,2.827786714826026,1589,0.9986174543685914,0.9992513893151229
TOI-2076_b,NIRISS_SOSS,obs10,SOSS_HDU3_ordem_1,jw05959010001_04102_00001-seg004_nis_x1dints.fits,seg004,3,220,60783.16332312779,TDB-MID,2052.274998542781,0.14455212158792538,2038,0.8515347326686116,2.827786714826026,1590,1.0001032043864642,1.0007380825058334
TOI-2076_b,NIRISS_SOSS,obs10,SOSS_HDU3_ordem_1,jw05959010001_04102_00001-seg004_nis_x1dints.fits,seg004,3,221,60783.1634002008,TDB-MID,2050.907206592594,0.14454931471459131,2038,0.8515347326686116,2.827786714826026,1591,0.9994366596430514,1.0000711146314165
TOI-2076_b,NIRISS_SOSS,obs10,SOSS_HDU3_ordem_1,jw05959010001_04102_00001-seg004_nis_x1dints.fits,seg004,3,222,60783.1634772738,TDB-MID,2049.686103577282,0.14454790015978924,2038,0.8515347326686116,2.827786714826026,1592,0.9988415985331289,0.9994756757692013
TOI-2076_b,NIRISS_SOSS,obs10,SOSS_HDU3_ordem_1,jw05959010001_04102_00001-seg004_nis_x1dints.fits,seg004,3,223,60783.163554346815,TDB-MID,2058.387718804751,0.14456547765533317,2038,0.8515347326686116,2.827786714826026,1593,1.00308202112684,1.003718790236621
TOI-2076_b,NIRISS_SOSS,obs10,SOSS_HDU3_ordem_1,jw05959010001_04102_00001-seg004_nis_x1dints.fits,seg004,3,224,60783.163631419826,TDB-MID,2048.227246891712,0.14454325259229286,2038,0.8515347326686116,2.827786714826026,1594,0.9981306766308423,0.9987643025647307
TOI-2076_b,NIRISS_SOSS,obs10,SOSS_HDU3_ordem_1,jw05959010001_04102_00001-seg004_nis_x1dints.fits,seg004,3,225,60783.16370849283,TDB-MID,2053.718272360694,0.14455519355080168,2038,0.8515347326686116,2.827786714826026,1595,1.0008065325326077,1.0014418571335488
TOI-2076_b,NIRISS_SOSS,obs10,SOSS_HDU3_ordem_1,jw05959010001_04102_00001-seg004_nis_x1dints.fits,seg004,3,226,60783.16378556584,TDB-MID,2046.7747464361182,0.14454547548565802,2038,0.8515347326686116,2.827786714826026,1596,0.9974228522110917,0.998056028809117
TOI-2076_b,NIRISS_SOSS,obs10,SOSS_HDU3_ordem_1,jw05959010001_04102_00001-seg004_nis_x1dints.fits,seg004,3,227,60783.16386263885,TDB-MID,2048.1253434124137,0.14455232353182412,2038,0.8515347326686116,2.827786714826026,1597,0.9980810175957437,0.9987146120054508
TOI-2076_b,NIRISS_SOSS,obs10,SOSS_HDU3_ordem_1,jw05959010001_04102_00001-seg004_nis_x1dints.fits,seg004,3,228,60783.163939711856,TDB-MID,2048.2147792364394,0.14454721746748636,2038,0.8515347326686116,2.827786714826026,1598,0.9981246009626213,0.9987582230395989
TOI-2076_b,NIRISS_SOSS,obs10,SOSS_HDU3_ordem_1,jw05959010001_04102_00001-seg004_nis_x1dints.fits,seg004,3,229,60783.16401678487,TDB-MID,2049.2281265978872,0.14454679843306947,2038,0.8515347326686116,2.827786714826026,1599,0.9986184197461957,0.9992523553055611
TOI-2076_b,NIRISS_SOSS,obs10,SOSS_HDU3_ordem_1,jw05959010001_04102_00001-seg004_nis_x1dints.fits,seg004,3,230,60783.16409385787,TDB-MID,2048.723013258832,0.1445480078719947,2038,0.8515347326686116,2.827786714826026,1600,0.9983722707314067,0.999006050032275
TOI-2076_b,NIRISS_SOSS,obs10,SOSS_HDU3_ordem_1,jw05959010001_04102_00001-seg004_nis_x1dints.fits,seg004,3,231,60783.164170930875,TDB-MID,2050.1970452264945,0.14455223087832134,2038,0.8515347326686116,2.827786714826026,1601,0.9990905877675125,0.999724823065089
TOI-2076_b,NIRISS_SOSS,obs10,SOSS_HDU3_ordem_1,jw05959010001_04102_00001-seg004_nis_x1dints.fits,seg004,3,232,60783.164248003886,TDB-MID,2056.880921870125,0.14456488144917265,2038,0.8515347326686116,2.827786714826026,1602,1.0023477372498015,1.0029840402269223
TOI-2076_b,NIRISS_SOSS,obs10,SOSS_HDU3_ordem_1,jw05959010001_04102_00001-seg004_nis_x1dints.fits,seg004,3,233,60783.16432507689,TDB-MID,2056.23270593635,0.14456653985892393,2038,0.8515347326686116,2.827786714826026,1603,1.002031852276802,1.0026679547261605
TOI-2076_b,NIRISS_SOSS,obs10,SOSS_HDU3_ordem_1,jw05959010001_04102_00001-seg004_nis_x1dints.fits,seg004,3,234,60783.1644021499,TDB-MID,2052.7785732693583,0.14455478053572782,2038,0.8515347326686116,2.827786714826026,1604,1.0003486036132032,1.0009836375150944
TOI-2076_b,NIRISS_SOSS,obs10,SOSS_HDU3_ordem_1,jw05959010001_04102_00001-seg004_nis_x1dints.fits,seg004,3,235,60783.16447922291,TDB-MID,2052.953558098122,0.1445626378134324,2038,0.8515347326686116,2.827786714826026,1605,1.000433876243864,1.0010689642778963
TOI-2076_b,NIRISS_SOSS,obs10,SOSS_HDU3_ordem_1,jw05959010001_04102_00001-seg004_nis_x1dints.fits,seg004,3,236,60783.16455629592,TDB-MID,2047.6355678523864,0.14454304940387533,2038,0.8515347326686116,2.827786714826026,1606,0.9978423429018741,0.9984757857978772
TOI-2076_b,NIRISS_SOSS,obs10,SOSS_HDU3_ordem_1,jw05959010001_04102_00001-seg004_nis_x1dints.fits,seg004,3,237,60783.16463336893,TDB-MID,2038.1533780587965,0.14452340961919538,2038,0.8515347326686116,2.827786714826026,1607,0.9932215350647648,0.9938520446137127
TOI-2076_b,NIRISS_SOSS,obs10,SOSS_HDU3_ordem_1,jw05959010001_04102_00001-seg004_nis_x1dints.fits,seg004,3,238,60783.16471044193,TDB-MID,2053.3984374439606,0.14455977420825325,2038,0.8515347326686116,2.827786714826026,1608,1.0006506723650732,1.0012858980240156
TOI-2076_b,NIRISS_SOSS,obs10,SOSS_HDU3_ordem_1,jw05959010001_04102_00001-seg004_nis_x1dints.fits,seg004,3,239,60783.16478751494,TDB-MID,2056.1040141005387,0.14455937099026464,2038,0.8515347326686116,2.827786714826026,1609,1.001969138889237,1.0026052015273468
TOI-2076_b,NIRISS_SOSS,obs10,SOSS_HDU3_ordem_1,jw05959010001_04102_00001-seg004_nis_x1dints.fits,seg004,3,240,60783.164864587954,TDB-MID,2052.234363227947,0.14455191000203743,2038,0.8515347326686116,2.827786714826026,1610,1.0000834022115095,1.0007182677602084
TOI-2076_b,NIRISS_SOSS,obs10,SOSS_HDU3_ordem_1,jw05959010001_04102_00001-seg004_nis_x1dints.fits,seg004,3,241,60783.16494166096,TDB-MID,2057.6669389771873,0.1445712240945431,2038,0.8515347326686116,2.827786714826026,1611,1.0027307747218919,1.0033673208560276
TOI-2076_b,NIRISS_SOSS,obs10,SOSS_HDU3_ordem_1,jw05959010001_04102_00001-seg004_nis_x1dints.fits,seg004,3,242,60783.16501873396,TDB-MID,2051.108057471451,0.14455100613910948,2038,0.8515347326686116,2.827786714826026,1612,0.9995345371729593,1.000169054295214
TOI-2076_b,NIRISS_SOSS,obs10,SOSS_HDU3_ordem_1,jw05959010001_04102_00001-seg004_nis_x1dints.fits,seg004,3,243,60783.16509580697,TDB-MID,2047.3396870730398,0.1445432751787435,2038,0.8515347326686116,2.827786714826026,1613,0.9976981559309511,0.9983315072952478
TOI-2076_b,NIRISS_SOSS,obs10,SOSS_HDU3_ordem_1,jw05959010001_04102_00001-seg004_nis_x1dints.fits,seg004,3,244,60783.16517287998,TDB-MID,2048.0425460088754,0.14454586759470428,2038,0.8515347326686116,2.827786714826026,1614,0.998040669226908,0.998674238022962
TOI-2076_b,NIRISS_SOSS,obs10,SOSS_HDU3_ordem_1,jw05959010001_04102_00001-seg004_nis_x1dints.fits,seg004,3,245,60783.16524995299,TDB-MID,2049.6112628535466,0.14454706848974325,2038,0.8515347326686116,2.827786714826026,1615,0.998805127569111,0.9994391816529558
TOI-2076_b,NIRISS_SOSS,obs10,SOSS_HDU3_ordem_1,jw05959010001_04102_00001-seg004_nis_x1dints.fits,seg004,3,246,60783.16532702599,TDB-MID,2054.27306602605,0.1445600800253363,2038,0.8515347326686116,2.827786714826026,1616,1.0010768914868853,1.0017123877150982
TOI-2076_b,NIRISS_SOSS,obs10,SOSS_HDU3_ordem_1,jw05959010001_04102_00001-seg004_nis_x1dints.fits,seg004,3,247,60783.165404099,TDB-MID,2050.083612604908,0.144556391746919,2038,0.8515347326686116,2.827786714826026,1617,0.9990353104151054,0.999669510621922
TOI-2076_b,NIRISS_SOSS,obs10,SOSS_HDU3_ordem_1,jw05959010001_04102_00001-seg004_nis_x1dints.fits,seg004,3,248,60783.165481172015,TDB-MID,2041.7463934825848,0.144531101099517,2038,0.8515347326686116,2.827786714826026,1618,0.9949724632986966,0.9956040843589558
TOI-2076_b,NIRISS_SOSS,obs10,SOSS_HDU3_ordem_1,jw05959010001_04102_00001-seg004_nis_x1dints.fits,seg004,3,249,60783.16555824502,TDB-MID,2049.191955653031,0.1445476709955649,2038,0.8515347326686116,2.827786714826026,1619,0.9986007931231154,0.9992347174928784
TOI-2076_b,NIRISS_SOSS,obs10,SOSS_HDU3_ordem_1,jw05959010001_04102_00001-seg004_nis_x1dints.fits,seg004,3,250,60783.16563531803,TDB-MID,2052.959082325089,0.14455497749662766,2038,0.8515347326686116,2.827786714826026,1620,1.0004365682793348,1.001071658022305
TOI-2076_b,NIRISS_SOSS,obs10,SOSS_HDU3_ordem_1,jw05959010001_04102_00001-seg004_nis_x1dints.fits,seg004,3,251,60783.16571239103,TDB-MID,2052.5191562128043,0.14455441990123274,2038,0.8515347326686116,2.827786714826026,1621,1.0002221859402711,1.0008571395906305
TOI-2076_b,NIRISS_SOSS,obs10,SOSS_HDU3_ordem_1,jw05959010001_04102_00001-seg004_nis_x1dints.fits,seg004,3,252,60783.165789464045,TDB-MID,2041.0778435543268,0.14453002255075217,2038,0.8515347326686116,2.827786714826026,1622,0.9946466692769315,0.9952780835190395
TOI-2076_b,NIRISS_SOSS,obs10,SOSS_HDU3_ordem_1,jw05959010001_04102_00001-seg004_nis_x1dints.fits,seg004,3,253,60783.165866537056,TDB-MID,2047.0858249672342,0.14455072407513206,2038,0.8515347326686116,2.827786714826026,1623,0.9975744452656315,0.9982077180968386
TOI-2076_b,NIRISS_SOSS,obs10,SOSS_HDU3_ordem_1,jw05959010001_04102_00001-seg004_nis_x1dints.fits,seg004,3,254,60783.16594361006,TDB-MID,2050.0151241489016,0.14454817971545927,2038,0.8515347326686116,2.827786714826026,1624,0.9990019350027635,0.9996361140224476
TOI-2076_b,NIRISS_SOSS,obs10,SOSS_HDU3_ordem_1,jw05959010001_04102_00001-seg004_nis_x1dints.fits,seg004,3,255,60783.166020683064,TDB-MID,2049.269961146452,0.14456791717124812,2038,0.8515347326686116,2.827786714826026,1625,0.9986388063250426,0.9992727548260654
TOI-2076_b,NIRISS_SOSS,obs10,SOSS_HDU3_ordem_1,jw05959010001_04102_00001-seg004_nis_x1dints.fits,seg004,3,256,60783.16609775607,TDB-MID,2046.4434859585413,0.1445432985506978,2038,0.8515347326686116,2.827786714826026,1626,0.9972614242029804,0.9978944983244715
TOI-2076_b,NIRISS_SOSS,obs10,SOSS_HDU3_ordem_1,jw05959010001_04102_00001-seg004_nis_x1dints.fits,seg004,3,257,60783.16617482908,TDB-MID,2044.4044153337147,0.14453834666754553,2038,0.8515347326686116,2.827786714826026,1627,0.9962677556803373,0.9969001990085262
TOI-2076_b,NIRISS_SOSS,obs10,SOSS_HDU3_ordem_1,jw05959010001_04102_00001-seg004_nis_x1dints.fits,seg004,3,258,60783.16625190209,TDB-MID,2055.1152497298954,0.14456066628637712,2038,0.8515347326686116,2.827786714826026,1628,1.0014872997516138,1.002123056512166
TOI-2076_b,NIRISS_SOSS,obs10,SOSS_HDU3_ordem_1,jw05959010001_04102_00001-seg004_nis_x1dints.fits,seg004,3,259,60783.166328975094,TDB-MID,2045.829944706298,0.14454187697568785,2038,0.8515347326686116,2.827786714826026,1629,0.9969624367023641,0.9975953210228213
TOI-2076_b,NIRISS_SOSS,obs10,SOSS_HDU3_ordem_1,jw05959010001_04102_00001-seg004_nis_x1dints.fits,seg004,3,260,60783.166406048105,TDB-MID,2047.459690583623,0.14454388406996477,2038,0.8515347326686116,2.827786714826026,1630,0.9977566353723306,0.9983900238601137
TOI-2076_b,NIRISS_SOSS,obs10,SOSS_HDU3_ordem_1,jw05959010001_04102_00001-seg004_nis_x1dints.fits,seg004,3,261,60783.16648312111,TDB-MID,2050.3770582589336,0.14455569150024497,2038,0.8515347326686116,2.827786714826026,1631,0.9991783107143405,0.9998126016995493
TOI-2076_b,NIRISS_SOSS,obs10,SOSS_HDU3_ordem_1,jw05959010001_04102_00001-seg004_nis_x1dints.fits,seg004,3,262,60783.16656019412,TDB-MID,2055.883299818507,0.14456707392207238,2038,0.8515347326686116,2.827786714826026,1632,1.0018615816364955,1.0024975759959054
TOI-2076_b,NIRISS_SOSS,obs10,SOSS_HDU3_ordem_1,jw05959010001_04102_00001-seg004_nis_x1dints.fits,seg004,3,263,60783.16663726713,TDB-MID,2057.196631573246,0.14456786472857985,2038,0.8515347326686116,2.827786714826026,1633,1.0025015871412497,1.0031379877842208
TOI-2076_b,NIRISS_SOSS,obs10,SOSS_HDU3_ordem_1,jw05959010001_04102_00001-seg004_nis_x1dints.fits,seg004,3,264,60783.166714340136,TDB-MID,2052.619646362663,0.1445567536902166,2038,0.8515347326686116,2.827786714826026,1634,1.000271156239551,1.0009061409768734
TOI-2076_b,NIRISS_SOSS,obs10,SOSS_HDU3_ordem_1,jw05959010001_04102_00001-seg004_nis_x1dints.fits,seg004,3,265,60783.16679141315,TDB-MID,2045.7254864170081,0.1445399552652228,2038,0.8515347326686116,2.827786714826026,1635,0.9969115326715116,0.9975443846774485
TOI-2076_b,NIRISS_SOSS,obs10,SOSS_HDU3_ordem_1,jw05959010001_04102_00001-seg004_nis_x1dints.fits,seg004,3,266,60783.16686848615,TDB-MID,2043.0184980758927,0.1445375290706349,2038,0.8515347326686116,2.827786714826026,1636,0.9955923782131136,0.9962243928031739
TOI-2076_b,NIRISS_SOSS,obs10,SOSS_HDU3_ordem_1,jw05959010001_04102_00001-seg004_nis_x1dints.fits,seg004,3,267,60783.166945559155,TDB-MID,2048.5139482222557,0.1445446925442998,2038,0.8515347326686116,2.827786714826026,1637,0.998270390323979,0.9989041049498807
TOI-2076_b,NIRISS_SOSS,obs10,SOSS_HDU3_ordem_1,jw05959010001_04102_00001-seg004_nis_x1dints.fits,seg004,3,268,60783.167022632166,TDB-MID,2047.929015807482,0.14454424396687607,2038,0.8515347326686116,2.827786714826026,1638,0.9979853443224539,0.9986188779975611
TOI-2076_b,NIRISS_SOSS,obs10,SOSS_HDU3_ordem_1,jw05959010001_04102_00001-seg004_nis_x1dints.fits,seg004,3,269,60783.16709970517,TDB-MID,2048.8219785652864,0.144544924967435,2038,0.8515347326686116,2.827786714826026,1639,0.9984204979525044,0.9990543078686206
TOI-2076_b,NIRISS_SOSS,obs10,SOSS_HDU3_ordem_1,jw05959010001_04102_00001-seg004_nis_x1dints.fits,seg004,3,270,60783.16717677818,TDB-MID,2044.8526211116723,0.14453578629725786,2038,0.8515347326686116,2.827786714826026,1640,0.9964861728198914,0.9971187548020333
TOI-2076_b,NIRISS_SOSS,obs10,SOSS_HDU3_ordem_1,jw05959010001_04102_00001-seg004_nis_x1dints.fits,seg004,3,271,60783.167253851185,TDB-MID,2042.090794214422,0.14453276833570586,2038,0.8515347326686116,2.827786714826026,1641,0.9951402947422155,0.9957720223439904
TOI-2076_b,NIRISS_SOSS,obs10,SOSS_HDU3_ordem_1,jw05959010001_04102_00001-seg004_nis_x1dints.fits,seg004,3,272,60783.167330924196,TDB-MID,2045.4011472630903,0.14453976518437475,2038,0.8515347326686116,2.827786714826026,1642,0.9967534775242377,0.997386229194775
TOI-2076_b,NIRISS_SOSS,obs10,SOSS_HDU3_ordem_1,jw05959010001_04102_00001-seg004_nis_x1dints.fits,seg004,3,273,60783.16740799721,TDB-MID,2053.0233164868496,0.1445556676112851,2038,0.8515347326686116,2.827786714826026,1643,1.000467870512736,1.0011029801267584
TOI-2076_b,NIRISS_SOSS,obs10,SOSS_HDU3_ordem_1,jw05959010001_04102_00001-seg004_nis_x1dints.fits,seg004,3,274,60783.16748507021,TDB-MID,2052.456745233317,0.14455530667350752,2038,0.8515347326686116,2.827786714826026,1644,1.0001917721698854,1.0008267065132
TOI-2076_b,NIRISS_SOSS,obs10,SOSS_HDU3_ordem_1,jw05959010001_04102_00001-seg004_nis_x1dints.fits,seg004,3,275,60783.16756214322,TDB-MID,2048.6328781349243,0.14454731674796442,2038,0.8515347326686116,2.827786714826026,1645,0.9983283465856114,0.9989620980028785
TOI-2076_b,NIRISS_SOSS,obs10,SOSS_HDU3_ordem_1,jw05959010001_04102_00001-seg004_nis_x1dints.fits,seg004,3,276,60783.167639216226,TDB-MID,2056.4017795309264,0.1445613301025964,2038,0.8515347326686116,2.827786714826026,1646,1.0021142442777926,1.002750399030632
TOI-2076_b,NIRISS_SOSS,obs10,SOSS_HDU3_ordem_1,jw05959010001_04102_00001-seg004_nis_x1dints.fits,seg004,3,277,60783.16771628924,TDB-MID,2050.3777886588628,0.1445492125211682,2038,0.8515347326686116,2.827786714826026,1647,0.9991786666487597,0.9998129578599202
TOI-2076_b,NIRISS_SOSS,obs10,SOSS_HDU3_ordem_1,jw05959010001_04102_00001-seg004_nis_x1dints.fits,seg004,3,278,60783.16779336225,TDB-MID,2047.0109655099993,0.14454320982498536,2038,0.8515347326686116,2.827786714826026,1648,0.9975379651725094,0.9981712148456935
TOI-2076_b,NIRISS_SOSS,obs10,SOSS_HDU3_ordem_1,jw05959010001_04102_00001-seg004_nis_x1dints.fits,seg004,3,279,60783.167870435245,TDB-MID,2049.301929943001,0.14454809417936718,2038,0.8515347326686116,2.827786714826026,1649,0.9986543851806503,0.9992883435713268
TOI-2076_b,NIRISS_SOSS,obs10,SOSS_HDU3_ordem_1,jw05959010001_04102_00001-seg004_nis_x1dints.fits,seg004,3,280,60783.16794750826,TDB-MID,2055.9364586042893,0.14456330874494583,2038,0.8515347326686116,2.827786714826026,1650,1.001887486679455,1.0025234974837127
TOI-2076_b,NIRISS_SOSS,obs10,SOSS_HDU3_ordem_1,jw05959010001_04102_00001-seg004_nis_x1dints.fits,seg004,3,281,60783.16802458126,TDB-MID,2051.5652227951177,0.14455077658524867,2038,0.8515347326686116,2.827786714826026,1651,0.9997573204283505,1.0003919789762237
TOI-2076_b,NIRISS_SOSS,obs10,SOSS_HDU3_ordem_1,jw05959010001_04102_00001-seg004_nis_x1dints.fits,seg004,3,282,60783.16810165427,TDB-MID,2047.1638983928651,0.14454245230451113,2038,0.8515347326686116,2.827786714826026,1652,0.9976124915719046,0.9982457885553863
TOI-2076_b,NIRISS_SOSS,obs10,SOSS_HDU3_ordem_1,jw05959010001_04102_00001-seg004_nis_x1dints.fits,seg004,3,283,60783.168178727276,TDB-MID,2051.2737202405287,0.14455139422759558,2038,0.8515347326686116,2.827786714826026,1653,0.999615267029494,1.000249835400079
TOI-2076_b,NIRISS_SOSS,obs10,SOSS_HDU3_ordem_1,jw05959010001_04102_00001-seg004_nis_x1dints.fits,seg004,3,284,60783.16825580029,TDB-MID,2047.1597224918141,0.14454251437309262,2038,0.8515347326686116,2.827786714826026,1654,0.9976104565950982,0.998243752286751
TOI-2076_b,NIRISS_SOSS,obs10,SOSS_HDU3_ordem_1,jw05959010001_04102_00001-seg004_nis_x1dints.fits,seg004,3,285,60783.1683328733,TDB-MID,2050.432306409187,0.14455038041193577,2038,0.8515347326686116,2.827786714826026,1655,0.9992052339347393,0.9998395420111478
TOI-2076_b,NIRISS_SOSS,obs10,SOSS_HDU3_ordem_1,jw05959010001_04102_00001-seg004_nis_x1dints.fits,seg004,3,286,60783.1684099463,TDB-MID,2054.0753796113786,0.1445582386171363,2038,0.8515347326686116,2.827786714826026,1656,1.0009805560460125,1.0016159911192735
TOI-2076_b,NIRISS_SOSS,obs10,SOSS_HDU3_ordem_1,jw05959010001_04102_00001-seg004_nis_x1dints.fits,seg004,3,287,60783.16848701931,TDB-MID,2049.693270450054,0.1445486943474027,2038,0.8515347326686116,2.827786714826026,1657,0.9988450910535902,0.9994791705067585
TOI-2076_b,NIRISS_SOSS,obs10,SOSS_HDU3_ordem_1,jw05959010001_04102_00001-seg004_nis_x1dints.fits,seg004,3,288,60783.16856409232,TDB-MID,2051.8242604614366,0.14455377940256514,2038,0.8515347326686116,2.827786714826026,1658,0.9998835532189493,1.000518291900989
TOI-2076_b,NIRISS_SOSS,obs10,SOSS_HDU3_ordem_1,jw05959010001_04102_00001-seg004_nis_x1dints.fits,seg004,3,289,60783.16864116533,TDB-MID,2051.1213784385427,0.14455555645514379,2038,0.8515347326686116,2.827786714826026,1659,0.999541028672336,1.0001755499154763
TOI-2076_b,NIRISS_SOSS,obs10,SOSS_HDU3_ordem_1,jw05959010001_04102_00001-seg004_nis_x1dints.fits,seg004,3,290,60783.16871823834,TDB-MID,2050.601570865078,0.14455387137513068,2038,0.8515347326686116,2.827786714826026,1660,0.9992877189452012,0.9999220793841339
TOI-2076_b,NIRISS_SOSS,obs10,SOSS_HDU3_ordem_1,jw05959010001_04102_00001-seg004_nis_x1dints.fits,seg004,3,291,60783.168795311336,TDB-MID,2043.6871584538694,0.14453615208139137,2038,0.8515347326686116,2.827786714826026,1661,0.9959182260586196,0.9965504475009991
TOI-2076_b,NIRISS_SOSS,obs10,SOSS_HDU3_ordem_1,jw05959010001_04102_00001-seg004_nis_x1dints.fits,seg004,3,292,60783.16887238435,TDB-MID,2048.3541340985084,0.1445478028659678,2038,0.8515347326686116,2.827786714826026,1662,0.998192510596662,0.9988261757835313
TOI-2076_b,NIRISS_SOSS,obs10,SOSS_HDU3_ordem_1,jw05959010001_04102_00001-seg004_nis_x1dints.fits,seg004,3,293,60783.16894945735,TDB-MID,2054.997352927506,0.14456875069105207,2038,0.8515347326686116,2.827786714826026,1663,1.00142984693952,1.0020655672283028
TOI-2076_b,NIRISS_SOSS,obs10,SOSS_HDU3_ordem_1,jw05959010001_04102_00001-seg004_nis_x1dints.fits,seg004,3,294,60783.16902653036,TDB-MID,2045.2035651988117,0.14454138818429624,2038,0.8515347326686116,2.827786714826026,1664,0.9966571929348164,0.9972898834826828
TOI-2076_b,NIRISS_SOSS,obs10,SOSS_HDU3_ordem_1,jw05959010001_04102_00001-seg004_nis_x1dints.fits,seg004,3,295,60783.169103603366,TDB-MID,2050.8704921734716,0.14455450927338825,2038,0.8515347326686116,2.827786714826026,1665,0.9994187681771234,1.0000532118077603
TOI-2076_b,NIRISS_SOSS,obs10,SOSS_HDU3_ordem_1,jw05959010001_04102_00001-seg004_nis_x1dints.fits,seg004,3,296,60783.16918067638,TDB-MID,2051.9447179252475,0.14455324066201844,2038,0.8515347326686116,2.827786714826026,1666,0.9999422538782835,1.0005770298242416
TOI-2076_b,NIRISS_SOSS,obs10,SOSS_HDU3_ordem_1,jw05959010001_04102_00001-seg004_nis_x1dints.fits,seg004,3,297,60783.16925774939,TDB-MID,2045.3459625115051,0.14454231573956794,2038,0.8515347326686116,2.827786714826026,1667,0.9967265851989242,0.9973593197978745
TOI-2076_b,NIRISS_SOSS,obs10,SOSS_HDU3_ordem_1,jw05959010001_04102_00001-seg004_nis_x1dints.fits,seg004,3,298,60783.16933482239,TDB-MID,2047.0703018420777,0.1445453281607823,2038,0.8515347326686116,2.827786714826026,1668,0.9975668806228707,0.9982001486519471
TOI-2076_b,NIRISS_SOSS,obs10,SOSS_HDU3_ordem_1,jw05959010001_04102_00001-seg004_nis_x1dints.fits,seg004,3,299,60783.169411895404,TDB-MID,2054.019621552905,0.14455993173289983,2038,0.8515347326686116,2.827786714826026,1669,1.0009533843399843,1.0015888021643036
TOI-2076_b,NIRISS_SOSS,obs10,SOSS_HDU3_ordem_1,jw05959010001_04102_00001-seg004_nis_x1dints.fits,seg004,3,300,60783.16948896841,TDB-MID,2052.8946195987196,0.14455728824036673,2038,0.8515347326686116,2.827786714826026,1670,1.0004051546631034,1.001040224464314
TOI-2076_b,NIRISS_SOSS,obs10,SOSS_HDU3_ordem_1,jw05959010001_04102_00001-seg004_nis_x1dints.fits,seg004,3,301,60783.16956604142,TDB-MID,2046.3580685764641,0.14454142976736525,2038,0.8515347326686116,2.827786714826026,1671,0.9972197990808178,0.9978528467781568
TOI-2076_b,NIRISS_SOSS,obs10,SOSS_HDU3_ordem_1,jw05959010001_04102_00001-seg004_nis_x1dints.fits,seg004,3,302,60783.16964311442,TDB-MID,2055.5718192331133,0.14456189385922094,2038,0.8515347326686116,2.827786714826026,1672,1.0017097926551075,1.002345690656959
TOI-2076_b,NIRISS_SOSS,obs10,SOSS_HDU3_ordem_1,jw05959010001_04102_00001-seg004_nis_x1dints.fits,seg004,3,303,60783.169720187434,TDB-MID,2049.8296423315196,0.1445480964235392,2038,0.8515347326686116,2.827786714826026,1673,0.9989115470381628,0.9995456686784278
TOI-2076_b,NIRISS_SOSS,obs10,SOSS_HDU3_ordem_1,jw05959010001_04102_00001-seg004_nis_x1dints.fits,seg004,3,304,60783.16979726044,TDB-MID,2054.0856910527955,0.14455622184678535,2038,0.8515347326686116,2.827786714826026,1674,1.0009855809601251,1.0016210192232646
TOI-2076_b,NIRISS_SOSS,obs10,SOSS_HDU3_ordem_1,jw05959010001_04102_00001-seg004_nis_x1dints.fits,seg004,3,305,60783.16987433344,TDB-MID,2055.858053519225,0.1445593036886627,2038,0.8515347326686116,2.827786714826026,1675,1.001849278750757,1.00248526530014
TOI-2076_b,NIRISS_SOSS,obs10,SOSS_HDU3_ordem_1,jw05959010001_04102_00001-seg004_nis_x1dints.fits,seg004,3,306,60783.16995140645,TDB-MID,2042.3536312941549,0.1445323667704982,2038,0.8515347326686116,2.827786714826026,1676,0.9952683790417657,0.9959001879530682
TOI-2076_b,NIRISS_SOSS,obs10,SOSS_HDU3_ordem_1,jw05959010001_04102_00001-seg004_nis_x1dints.fits,seg004,3,307,60783.17002847946,TDB-MID,2052.1895364992024,0.14455602765263084,2038,0.8515347326686116,2.827786714826026,1677,1.000061557500108,1.0006964091815087
TOI-2076_b,NIRISS_SOSS,obs10,SOSS_HDU3_ordem_1,jw05959010001_04102_00001-seg004_nis_x1dints.fits,seg004,3,308,60783.17010555247,TDB-MID,2046.535081235995,0.14453986852997633,2038,0.8515347326686116,2.827786714826026,1678,0.9973060599026567,0.9979391623594526
TOI-2076_b,NIRISS_SOSS,obs10,SOSS_HDU3_ordem_1,jw05959010001_04102_00001-seg004_nis_x1dints.fits,seg004,3,309,60783.17018262547,TDB-MID,2040.3606819396125,0.1445291024257829,2038,0.8515347326686116,2.827786714826026,1679,0.994297186079286,0.9949283784650551
TOI-2076_b,NIRISS_SOSS,obs10,SOSS_HDU3_ordem_1,jw05959010001_04102_00001-seg004_nis_x1dints.fits,seg004,3,310,60783.17025969848,TDB-MID,2053.941739716389,0.1445596686732572,2038,0.8515347326686116,2.827786714826026,1680,1.0009154313978499,1.0015508251291632
TOI-2076_b,NIRISS_SOSS,obs10,SOSS_HDU3_ordem_1,jw05959010001_04102_00001-seg004_nis_x1dints.fits,seg004,3,311,60783.17033677149,TDB-MID,2051.7409088511176,0.14455147021320938,2038,0.8515347326686116,2.827786714826026,1681,0.9998429347771567,1.0004776476740975
TOI-2076_b,NIRISS_SOSS,obs10,SOSS_HDU3_ordem_1,jw05959010001_04102_00001-seg004_nis_x1dints.fits,seg004,3,312,60783.1704138445,TDB-MID,2050.4620274993044,0.14454804553601802,2038,0.8515347326686116,2.827786714826026,1682,0.9992197174505866,0.9998540347213135
TOI-2076_b,NIRISS_SOSS,obs10,SOSS_HDU3_ordem_1,jw05959010001_04102_00001-seg004_nis_x1dints.fits,seg004,3,313,60783.17049091751,TDB-MID,2051.4677824952882,0.1445496762829899,2038,0.8515347326686116,2.827786714826026,1683,0.9997098363649745,1.0003444647693656
TOI-2076_b,NIRISS_SOSS,obs10,SOSS_HDU3_ordem_1,jw05959010001_04102_00001-seg004_nis_x1dints.fits,seg004,3,314,60783.17056799051,TDB-MID,2053.9619716072966,0.14456147174035208,2038,0.8515347326686116,2.827786714826026,1684,1.0009252906900705,1.0015606906801868
TOI-2076_b,NIRISS_SOSS,obs10,SOSS_HDU3_ordem_1,jw05959010001_04102_00001-seg004_nis_x1dints.fits,seg004,3,315,60783.17064506352,TDB-MID,2045.219472314141,0.14455804846803155,2038,0.8515347326686116,2.827786714826026,1685,0.9966649447015263,0.997297640170312
TOI-2076_b,NIRISS_SOSS,obs10,SOSS_HDU3_ordem_1,jw05959010001_04102_00001-seg004_nis_x1dints.fits,seg004,3,316,60783.17072213652,TDB-MID,2054.931214603698,0.14455996775242522,2038,0.8515347326686116,2.827786714826026,1686,1.0013976167804914,1.002033316609163
TOI-2076_b,NIRISS_SOSS,obs10,SOSS_HDU3_ordem_1,jw05959010001_04102_00001-seg004_nis_x1dints.fits,seg004,3,317,60783.17079920953,TDB-MID,2054.0195812377806,0.1445566915339594,2038,0.8515347326686116,2.827786714826026,1687,1.0009533646938427,1.0015887825056904
TOI-2076_b,NIRISS_SOSS,obs10,SOSS_HDU3_ordem_1,jw05959010001_04102_00001-seg004_nis_x1dints.fits,seg004,3,318,60783.17087628254,TDB-MID,2054.603426944356,0.14455730733937902,2038,0.8515347326686116,2.827786714826026,1688,1.0012378811267906,1.001873479553256
TOI-2076_b,NIRISS_SOSS,obs10,SOSS_HDU3_ordem_1,jw05959010001_04102_00001-seg004_nis_x1dints.fits,seg004,3,319,60783.17095335555,TDB-MID,2041.757839981255,0.1445348005376478,2038,0.8515347326686116,2.827786714826026,1689,0.9949780413425783,0.99560966594385
TOI-2076_b,NIRISS_SOSS,obs10,SOSS_HDU3_ordem_1,jw05959010001_04102_00001-seg004_nis_x1dints.fits,seg004,3,320,60783.17103042855,TDB-MID,2050.9290785648554,0.14455268305687952,2038,0.8515347326686116,2.827786714826026,1690,0.9994473181705688,1.0000817799251014
TOI-2076_b,NIRISS_SOSS,obs10,SOSS_HDU3_ordem_1,jw05959010001_04102_00001-seg004_nis_x1dints.fits,seg004,3,321,60783.17110750156,TDB-MID,2048.0268881668076,0.14454524141479147,2038,0.8515347326686116,2.827786714826026,1691,0.9980330389346533,0.9986666028869016
TOI-2076_b,NIRISS_SOSS,obs10,SOSS_HDU3_ordem_1,jw05959010001_04102_00001-seg004_nis_x1dints.fits,seg004,3,322,60783.171184574574,TDB-MID,2046.395221487188,0.14454270690850965,2038,0.8515347326686116,2.827786714826026,1692,0.9972379042300272,0.9978709634207431
TOI-2076_b,NIRISS_SOSS,obs10,SOSS_HDU3_ordem_1,jw05959010001_04102_00001-seg004_nis_x1dints.fits,seg004,3,323,60783.17126164758,TDB-MID,2047.687125175837,0.1445432837869193,2038,0.8515347326686116,2.827786714826026,1693,0.9978674675291435,0.9985009263745767
TOI-2076_b,NIRISS_SOSS,obs10,SOSS_HDU3_ordem_1,jw05959010001_04102_00001-seg004_nis_x1dints.fits,seg004,3,324,60783.17133872059,TDB-MID,2055.5813307542585,0.14456378355570884,2038,0.8515347326686116,2.827786714826026,1694,1.0017144277565353,1.0023503287008075
TOI-2076_b,NIRISS_SOSS,obs10,SOSS_HDU3_ordem_1,jw05959010001_04102_00001-seg004_nis_x1dints.fits,seg004,3,325,60783.17141579359,TDB-MID,2051.3302160056865,0.14455075489461858,2038,0.8515347326686116,2.827786714826026,1695,0.9996427982306286,1.0002773840783672
TOI-2076_b,NIRISS_SOSS,obs10,SOSS_HDU3_ordem_1,jw05959010001_04102_00001-seg004_nis_x1dints.fits,seg004,3,326,60783.171492866604,TDB-MID,2048.177053213138,0.144545423417665,2038,0.8515347326686116,2.827786714826026,1696,0.9981062165273876,0.998739826933694
TOI-2076_b,NIRISS_SOSS,obs10,SOSS_HDU3_ordem_1,jw05959010001_04102_00001-seg004_nis_x1dints.fits,seg004,3,327,60783.17156993961,TDB-MID,2049.864405700965,0.14455093232556185,2038,0.8515347326686116,2.827786714826026,1697,0.9989284877294455,0.9995626201238749
TOI-2076_b,NIRISS_SOSS,obs10,SOSS_HDU3_ordem_1,jw05959010001_04102_00001-seg004_nis_x1dints.fits,seg004,3,328,60783.17164701261,TDB-MID,2050.5584633764456,0.14455030654252024,2038,0.8515347326686116,2.827786714826026,1698,0.999266712044301,0.9999010591477884
TOI-2076_b,NIRISS_SOSS,obs10,SOSS_HDU3_ordem_1,jw05959010001_04102_00001-seg004_nis_x1dints.fits,seg004,3,329,60783.171724085616,TDB-MID,2049.526955124863,0.1445497816813587,2038,0.8515347326686116,2.827786714826026,1699,0.9987640431970504,0.9993980712000178
TOI-2076_b,NIRISS_SOSS,obs10,SOSS_HDU3_ordem_1,jw05959010001_04102_00001-seg004_nis_x1dints.fits,seg004,3,330,60783.17180115863,TDB-MID,2054.7725131455645,0.14455980851961012,2038,0.8515347326686116,2.827786714826026,1700,1.0013202792711748,1.0019559300050207
TOI-2076_b,NIRISS_SOSS,obs10,SOSS_HDU3_ordem_1,jw05959010001_04102_00001-seg004_nis_x1dints.fits,seg004,3,331,60783.17187823163,TDB-MID,2042.1500634509189,0.1445324523215589,2038,0.8515347326686116,2.827786714826026,1701,0.9951691774959324,0.9958009234328434
TOI-2076_b,NIRISS_SOSS,obs10,SOSS_HDU3_ordem_1,jw05959010001_04102_00001-seg004_nis_x1dints.fits,seg004,3,332,60783.17195530464,TDB-MID,2053.1153934508966,0.14455307006258603,2038,0.8515347326686116,2.827786714826026,1702,1.000512740945236,1.0011478790435744
TOI-2076_b,NIRISS_SOSS,obs10,SOSS_HDU3_ordem_1,jw05959010001_04102_00001-seg004_nis_x1dints.fits,seg004,3,333,60783.172032377646,TDB-MID,2052.0914511208907,0.144552597370239,2038,0.8515347326686116,2.827786714826026,1703,1.0000137590806841,1.000648580419046
TOI-2076_b,NIRISS_SOSS,obs10,SOSS_HDU3_ordem_1,jw05959010001_04102_00001-seg004_nis_x1dints.fits,seg004,3,334,60783.17210945066,TDB-MID,2047.4939919496842,0.14454222766978636,2038,0.8515347326686116,2.827786714826026,1704,0.9977733509227014,0.9984067500217264
TOI-2076_b,NIRISS_SOSS,obs10,SOSS_HDU3_ordem_1,jw05959010001_04102_00001-seg004_nis_x1dints.fits,seg004,3,335,60783.17218652367,TDB-MID,2045.8470302013325,0.1445399597037029,2038,0.8515347326686116,2.827786714826026,1705,0.9969707627104988,0.997603652316411
TOI-2076_b,NIRISS_SOSS,obs10,SOSS_HDU3_ordem_1,jw05959010001_04102_00001-seg004_nis_x1dints.fits,seg004,3,336,60783.17226359667,TDB-MID,2047.257058593078,0.14454231834848486,2038,0.8515347326686116,2.827786714826026,1706,0.9976578898810105,0.998291215683911
TOI-2076_b,NIRISS_SOSS,obs10,SOSS_HDU3_ordem_1,jw05959010001_04102_00001-seg004_nis_x1dints.fits,seg004,3,337,60783.172340669684,TDB-MID,2046.244427999855,0.144541522285274,2038,0.8515347326686116,2.827786714826026,1707,0.997164420388929,0.9977974329311764
TOI-2076_b,NIRISS_SOSS,obs10,SOSS_HDU3_ordem_1,jw05959010001_04102_00001-seg004_nis_x1dints.fits,seg004,3,338,60783.17241774269,TDB-MID,2047.0743382542703,0.144543468893411,2038,0.8515347326686116,2.827786714826026,1708,0.9975688476247446,0.9982021169024986
TOI-2076_b,NIRISS_SOSS,obs10,SOSS_HDU3_ordem_1,jw05959010001_04102_00001-seg004_nis_x1dints.fits,seg004,3,339,60783.17249481569,TDB-MID,2056.933725258808,0.14456369430939564,2038,0.8515347326686116,2.827786714826026,1709,1.0023734691026294,1.0030097884146545
TOI-2076_b,NIRISS_SOSS,obs10,SOSS_HDU3_ordem_1,jw05959010001_04102_00001-seg004_nis_x1dints.fits,seg004,3,340,60783.172571888696,TDB-MID,2051.1702375497916,0.1445527498258835,2038,0.8515347326686116,2.827786714826026,1710,0.9995648384218863,1.0001993747797555
TOI-2076_b,NIRISS_SOSS,obs10,SOSS_HDU3_ordem_1,jw05959010001_04102_00001-seg004_nis_x1dints.fits,seg004,3,341,60783.17264896171,TDB-MID,2043.0089050556442,0.1445359858464754,2038,0.8515347326686116,2.827786714826026,1711,0.9955877033959974,0.9962197150184249
TOI-2076_b,NIRISS_SOSS,obs10,SOSS_HDU3_ordem_1,jw05959010001_04102_00001-seg004_nis_x1dints.fits,seg004,3,342,60783.17272603471,TDB-MID,2050.5992705235867,0.14454881995302066,2038,0.8515347326686116,2.827786714826026,1712,0.9992865979556174,0.9999209576829318
TOI-2076_b,NIRISS_SOSS,obs10,SOSS_HDU3_ordem_1,jw05959010001_04102_00001-seg004_nis_x1dints.fits,seg004,3,343,60783.17280310772,TDB-MID,2049.2995540417296,0.14454902337498468,2038,0.8515347326686116,2.827786714826026,1713,0.9986532273696958,0.9992871850253793
TOI-2076_b,NIRISS_SOSS,obs10,SOSS_HDU3_ordem_1,jw05959010001_04102_00001-seg004_nis_x1dints.fits,seg004,3,344,60783.172880180726,TDB-MID,2052.4758783469583,0.14455512145448113,2038,0.8515347326686116,2.827786714826026,1714,1.0002010960120977,1.0008360362743047
TOI-2076_b,NIRISS_SOSS,obs10,SOSS_HDU3_ordem_1,jw05959010001_04102_00001-seg004_nis_x1dints.fits,seg004,3,345,60783.17295725374,TDB-MID,2055.948501722176,0.14456223272592553,2038,0.8515347326686116,2.827786714826026,1715,1.001893355464485,1.0025293699943216
TOI-2076_b,NIRISS_SOSS,obs10,SOSS_HDU3_ordem_1,jw05959010001_04102_00001-seg004_nis_x1dints.fits,seg004,3,346,60783.17303432674,TDB-MID,2052.4419465953583,0.14455481213545662,2038,0.8515347326686116,2.827786714826026,1716,1.0001845605801845,1.0008194903454908
TOI-2076_b,NIRISS_SOSS,obs10,SOSS_HDU3_ordem_1,jw05959010001_04102_00001-seg004_nis_x1dints.fits,seg004,3,347,60783.17311139975,TDB-MID,2053.4308688721753,0.14455377920943474,2038,0.8515347326686116,2.827786714826026,1717,1.0006664766677635,1.0013017123594763
TOI-2076_b,NIRISS_SOSS,obs10,SOSS_HDU3_ordem_1,jw05959010001_04102_00001-seg004_nis_x1dints.fits,seg004,3,348,60783.173188472756,TDB-MID,2047.9604116301703,0.14454575301658884,2038,0.8515347326686116,2.827786714826026,1718,0.9980006439596356,0.9986341873471453
TOI-2076_b,NIRISS_SOSS,obs10,SOSS_HDU3_ordem_1,jw05959010001_04102_00001-seg004_nis_x1dints.fits,seg004,3,349,60783.17326554577,TDB-MID,2049.0866560169434,0.14454706167150722,2038,0.8515347326686116,2.827786714826026,1719,0.9985494790918347,0.9991833708868038
TOI-2076_b,NIRISS_SOSS,obs10,SOSS_HDU3_ordem_1,jw05959010001_04102_00001-seg004_nis_x1dints.fits,seg004,3,350,60783.17334261878,TDB-MID,2037.8050485319197,0.14452493905501756,2038,0.8515347326686116,2.827786714826026,1720,0.9930517890627626,0.9936821908548088
TOI-2076_b,NIRISS_SOSS,obs10,SOSS_HDU3_ordem_1,jw05959010001_04102_00001-seg004_nis_x1dints.fits,seg004,3,351,60783.17341969178,TDB-MID,2048.9295752624953,0.14454657619610348,2038,0.8515347326686116,2.827786714826026,1721,0.9984729313747974,0.999106774576311
TOI-2076_b,NIRISS_SOSS,obs10,SOSS_HDU3_ordem_1,jw05959010001_04102_00001-seg004_nis_x1dints.fits,seg004,3,352,60783.173496764786,TDB-MID,2049.3673132345084,0.1445470561146913,2038,0.8515347326686116,2.827786714826026,1722,0.9986862474015495,0.9993202260187656
TOI-2076_b,NIRISS_SOSS,obs10,SOSS_HDU3_ordem_1,jw05959010001_04102_00001-seg004_nis_x1dints.fits,seg004,3,353,60783.17357383779,TDB-MID,2047.8343073825736,0.14454455077732892,2038,0.8515347326686116,2.827786714826026,1723,0.9979391915411255,0.9985726959178655
TOI-2076_b,NIRISS_SOSS,obs10,SOSS_HDU3_ordem_1,jw05959010001_04102_00001-seg004_nis_x1dints.fits,seg004,3,354,60783.1736509108,TDB-MID,2048.0242938086885,0.14454448845658108,2038,0.8515347326686116,2.827786714826026,1724,0.9980317746665265,0.9986653378162014
TOI-2076_b,NIRISS_SOSS,obs10,SOSS_HDU3_ordem_1,jw05959010001_04102_00001-seg004_nis_x1dints.fits,seg004,3,355,60783.173727983805,TDB-MID,2043.9169877616682,0.1445365156755033,2038,0.8515347326686116,2.827786714826026,1725,0.996030225194873,0.9966625177357159
TOI-2076_b,NIRISS_SOSS,obs10,SOSS_HDU3_ordem_1,jw05959010001_04102_00001-seg004_nis_x1dints.fits,seg004,3,356,60783.17380505682,TDB-MID,2047.969906627018,0.14454581730648197,2038,0.8515347326686116,2.827786714826026,1726,0.9980052710085349,0.9986388173333536
TOI-2076_b,NIRISS_SOSS,obs10,SOSS_HDU3_ordem_1,jw05959010001_04102_00001-seg004_nis_x1dints.fits,seg004,3,357,60783.17388212982,TDB-MID,2053.612080273868,0.1445568129096974,2038,0.8515347326686116,2.827786714826026,1727,1.0007547835972113,1.001390075347276
TOI-2076_b,NIRISS_SOSS,obs10,SOSS_HDU3_ordem_1,jw05959010001_04102_00001-seg004_nis_x1dints.fits,seg004,3,358,60783.17395920283,TDB-MID,2051.642513635338,0.14455499097210395,2038,0.8515347326686116,2.827786714826026,1728,0.9997949853694666,1.000429667827519
TOI-2076_b,NIRISS_SOSS,obs10,SOSS_HDU3_ordem_1,jw05959010001_04102_00001-seg004_nis_x1dints.fits,seg004,3,359,60783.174036275836,TDB-MID,2046.0653742526763,0.14454246031058537,2038,0.8515347326686116,2.827786714826026,1729,0.9970771649156431,0.9977101220670163
TOI-2076_b,NIRISS_SOSS,obs10,SOSS_HDU3_ordem_1,jw05959010001_04102_00001-seg004_nis_x1dints.fits,seg004,3,360,60783.17411334885,TDB-MID,2043.0642021118801,0.14453667970456954,2038,0.8515347326686116,2.827786714826026,1730,0.995614650448987,0.9962466791777432
TOI-2076_b,NIRISS_SOSS,obs10,SOSS_HDU3_ordem_1,jw05959010001_04102_00001-seg004_nis_x1dints.fits,seg004,3,361,60783.17419042185,TDB-MID,2050.1491125799594,0.14455343515245464,2038,0.8515347326686116,2.827786714826026,1731,0.9990672294975786,0.999701449967031
TOI-2076_b,NIRISS_SOSS,obs10,SOSS_HDU3_ordem_1,jw05959010001_04102_00001-seg004_nis_x1dints.fits,seg004,3,362,60783.17426749486,TDB-MID,2053.252302206308,0.1445572660221913,2038,0.8515347326686116,2.827786714826026,1732,1.000579458556225,1.0012146390077439
TOI-2076_b,NIRISS_SOSS,obs10,SOSS_HDU3_ordem_1,jw05959010001_04102_00001-seg004_nis_x1dints.fits,seg004,3,363,60783.174344567866,TDB-MID,2047.3508970661815,0.14454979212890998,2038,0.8515347326686116,2.827786714826026,1733,0.9977036187222779,0.9983369735544233
TOI-2076_b,NIRISS_SOSS,obs10,SOSS_HDU3_ordem_1,jw05959010001_04102_00001-seg004_nis_x1dints.fits,seg004,3,364,60783.17442164087,TDB-MID,2047.3012130087825,0.14454523809526626,2038,0.8515347326686116,2.827786714826026,1734,0.9976794069645715,0.9983127464267879
TOI-2076_b,NIRISS_SOSS,obs10,SOSS_HDU3_ordem_1,jw05959010001_04102_00001-seg004_nis_x1dints.fits,seg004,3,365,60783.17449871387,TDB-MID,2045.8948630024984,0.1445422212109613,2038,0.8515347326686116,2.827786714826026,1735,0.9969940723243442,0.9976269767274931
TOI-2076_b,NIRISS_SOSS,obs10,SOSS_HDU3_ordem_1,jw05959010001_04102_00001-seg004_nis_x1dints.fits,seg004,3,366,60783.174575786885,TDB-MID,2050.5944506894048,0.1445519497813891,2038,0.8515347326686116,2.827786714826026,1736,0.9992842491809095,0.9999186074171922
TOI-2076_b,NIRISS_SOSS,obs10,SOSS_HDU3_ordem_1,jw05959010001_04102_00001-seg004_nis_x1dints.fits,seg004,3,367,60783.17465285989,TDB-MID,2054.5406240304546,0.1445605153014089,2038,0.8515347326686116,2.827786714826026,1737,1.0012072763611124,1.0018428553592866
TOI-2076_b,NIRISS_SOSS,obs10,SOSS_HDU3_ordem_1,jw05959010001_04102_00001-seg004_nis_x1dints.fits,seg004,3,368,60783.1747299329,TDB-MID,2052.6962555735045,0.14455569668648457,2038,0.8515347326686116,2.827786714826026,1738,1.0003084890128404,1.0009434974494777
TOI-2076_b,NIRISS_SOSS,obs10,SOSS_HDU3_ordem_1,jw05959010001_04102_00001-seg004_nis_x1dints.fits,seg004,3,369,60783.174807005904,TDB-MID,2045.4954066900525,0.14454193129001536,2038,0.8515347326686116,2.827786714826026,1739,0.9967994115023915,0.9974321923323971
TOI-2076_b,NIRISS_SOSS,obs10,SOSS_HDU3_ordem_1,jw05959010001_04102_00001-seg004_nis_x1dints.fits,seg004,3,370,60783.174884078915,TDB-MID,2051.0379223308987,0.1445493690032148,2038,0.8515347326686116,2.827786714826026,1740,0.9995003593074898,1.0001348547332047
TOI-2076_b,NIRISS_SOSS,obs10,SOSS_HDU3_ordem_1,jw05959010001_04102_00001-seg004_nis_x1dints.fits,seg004,3,371,60783.17496115192,TDB-MID,2044.276307294041,0.1445391319911202,2038,0.8515347326686116,2.827786714826026,1741,0.9962053267850498,0.9968377304825891
TOI-2076_b,NIRISS_SOSS,obs10,SOSS_HDU3_ordem_1,jw05959010001_04102_00001-seg004_nis_x1dints.fits,seg004,3,372,60783.17503822493,TDB-MID,2049.0712795433355,0.14454728300349556,2038,0.8515347326686116,2.827786714826026,1742,0.9985419859144884,0.999175872952694
TOI-2076_b,NIRISS_SOSS,obs10,SOSS_HDU3_ordem_1,jw05959010001_04102_00001-seg004_nis_x1dints.fits,seg004,3,373,60783.175115297934,TDB-MID,2047.966736978272,0.1445517018240639,2038,0.8515347326686116,2.827786714826026,1743,0.9980037263929887,0.998637271737266
TOI-2076_b,NIRISS_SOSS,obs10,SOSS_HDU3_ordem_1,jw05959010001_04102_00001-seg004_nis_x1dints.fits,seg004,3,374,60783.175192370945,TDB-MID,2060.132003568174,0.14458529662151007,2038,0.8515347326686116,2.827786714826026,1744,1.0039320362478645,1.0045693449579576
TOI-2076_b,NIRISS_SOSS,obs10,SOSS_HDU3_ordem_1,jw05959010001_04102_00001-seg004_nis_x1dints.fits,seg004,3,375,60783.17526944395,TDB-MID,2053.9588212475624,0.14455790143831473,2038,0.8515347326686116,2.827786714826026,1745,1.000923755474338,1.00155915448988
TOI-2076_b,NIRISS_SOSS,obs10,SOSS_HDU3_ordem_1,jw05959010001_04102_00001-seg004_nis_x1dints.fits,seg004,3,376,60783.17534651695,TDB-MID,2053.5815146841524,0.14455368765036553,2038,0.8515347326686116,2.827786714826026,1746,1.0007398885445307,1.0013751708390282
TOI-2076_b,NIRISS_SOSS,obs10,SOSS_HDU3_ordem_1,jw05959010001_04102_00001-seg004_nis_x1dints.fits,seg004,3,377,60783.17542358996,TDB-MID,2054.88390953973,0.14455832197180454,2038,0.8515347326686116,2.827786714826026,1747,1.0013745643405936,1.0020102495352856
TOI-2076_b,NIRISS_SOSS,obs10,SOSS_HDU3_ordem_1,jw05959010001_04102_00001-seg004_nis_x1dints.fits,seg004,3,378,60783.17550066297,TDB-MID,2047.8606229992465,0.1445460567534715,2038,0.8515347326686116,2.827786714826026,1748,0.99795201552065,0.9985855280382138
TOI-2076_b,NIRISS_SOSS,obs10,SOSS_HDU3_ordem_1,jw05959010001_04102_00001-seg004_nis_x1dints.fits,seg004,3,379,60783.17557773597,TDB-MID,2045.345823059291,0.14453968834613265,2038,0.8515347326686116,2.827786714826026,1749,0.996726517241849,0.9973592517976594
TOI-2076_b,NIRISS_SOSS,obs10,SOSS_HDU3_ordem_1,jw05959010001_04102_00001-seg004_nis_x1dints.fits,seg004,3,380,60783.17565480898,TDB-MID,2050.68505385665,0.1445524231753723,2038,0.8515347326686116,2.827786714826026,1750,0.9993284014109732,0.999962787675648
TOI-2076_b,NIRISS_SOSS,obs10,SOSS_HDU3_ordem_1,jw05959010001_04102_00001-seg004_nis_x1dints.fits,seg004,3,381,60783.17573188199,TDB-MID,2058.218937962278,0.1445663188062487,2038,0.8515347326686116,2.827786714826026,1751,1.0029997717881713,1.0036364886850353
TOI-2076_b,NIRISS_SOSS,obs10,SOSS_HDU3_ordem_1,jw05959010001_04102_00001-seg004_nis_x1dints.fits,seg004,3,382,60783.175808955,TDB-MID,2056.2494007461282,0.14456262549429766,2038,0.8515347326686116,2.827786714826026,1752,1.0020399878983768,1.0026760955123306
TOI-2076_b,NIRISS_SOSS,obs10,SOSS_HDU3_ordem_1,jw05959010001_04102_00001-seg004_nis_x1dints.fits,seg004,3,383,60783.175886028,TDB-MID,2054.3148131375815,0.14456308253359124,2038,0.8515347326686116,2.827786714826026,1753,1.001097235456405,1.0017327445992261
TOI-2076_b,NIRISS_SOSS,obs10,SOSS_HDU3_ordem_1,jw05959010001_04102_00001-seg004_nis_x1dints.fits,seg004,3,384,60783.17596310101,TDB-MID,2052.8800872867077,0.1445560816234003,2038,0.8515347326686116,2.827786714826026,1754,1.0003980728578772,1.0010331381634685
TOI-2076_b,NIRISS_SOSS,obs10,SOSS_HDU3_ordem_1,jw05959010001_04102_00001-seg004_nis_x1dints.fits,seg004,3,385,60783.17604017402,TDB-MID,2046.6165361299404,0.1445440657041124,2038,0.8515347326686116,2.827786714826026,1755,0.9973457540472064,0.9979788817023455
TOI-2076_b,NIRISS_SOSS,obs10,SOSS_HDU3_ordem_1,jw05959010001_04102_00001-seg004_nis_x1dints.fits,seg004,3,386,60783.17611724703,TDB-MID,2056.4560174624567,0.14456906739886813,2038,0.8515347326686116,2.827786714826026,1756,1.0021406752040385,1.0027768467355627
TOI-2076_b,NIRISS_SOSS,obs10,SOSS_HDU3_ordem_1,jw05959010001_04102_00001-seg004_nis_x1dints.fits,seg004,3,387,60783.17619432003,TDB-MID,2052.437345632272,0.14455506512512248,2038,0.8515347326686116,2.827786714826026,1757,1.000182318464518,1.000817246806501
TOI-2076_b,NIRISS_SOSS,obs10,SOSS_HDU3_ordem_1,jw05959010001_04102_00001-seg004_nis_x1dints.fits,seg004,3,388,60783.17627139304,TDB-MID,2051.3159256292174,0.14455245066277606,2038,0.8515347326686116,2.827786714826026,1758,0.9996358343240817,1.0002704157510445
TOI-2076_b,NIRISS_SOSS,obs10,SOSS_HDU3_ordem_1,jw05959010001_04102_00001-seg004_nis_x1dints.fits,seg004,3,389,60783.17634846604,TDB-MID,2047.5883439537097,0.144544283561396,2038,0.8515347326686116,2.827786714826026,1759,0.9978193300149931,0.9984527583021255
TOI-2076_b,NIRISS_SOSS,obs10,SOSS_HDU3_ordem_1,jw05959010001_04102_00001-seg004_nis_x1dints.fits,seg004,3,390,60783.17642553905,TDB-MID,2049.072522549928,0.14454955521389862,2038,0.8515347326686116,2.827786714826026,1760,0.9985425916495274,0.9991764790722614
TOI-2076_b,NIRISS_SOSS,obs10,SOSS_HDU3_ordem_1,jw05959010001_04102_00001-seg004_nis_x1dints.fits,seg004,3,391,60783.176502612056,TDB-MID,2056.7469470054407,0.14456719398707352,2038,0.8515347326686116,2.827786714826026,1761,1.002282449366076,1.0029187108976252
TOI-2076_b,NIRISS_SOSS,obs10,SOSS_HDU3_ordem_1,jw05959010001_04102_00001-seg004_nis_x1dints.fits,seg004,3,392,60783.17657968507,TDB-MID,2053.775922509465,0.1445571219090667,2038,0.8515347326686116,2.827786714826026,1762,1.0008346262815255,1.0014699687167326
TOI-2076_b,NIRISS_SOSS,obs10,SOSS_HDU3_ordem_1,jw05959010001_04102_00001-seg004_nis_x1dints.fits,seg004,3,393,60783.17665675807,TDB-MID,2060.669299368662,0.14457284073092083,2038,0.8515347326686116,2.827786714826026,1763,1.0041938682402405,1.0048313431645823
TOI-2076_b,NIRISS_SOSS,obs10,SOSS_HDU3_ordem_1,jw05959010001_04102_00001-seg004_nis_x1dints.fits,seg004,3,394,60783.17673383108,TDB-MID,2046.9731152097409,0.14454406541787773,2038,0.8515347326686116,2.827786714826026,1764,0.9975195201753222,0.9981527581393895
TOI-2076_b,NIRISS_SOSS,obs10,SOSS_HDU3_ordem_1,jw05959010001_04102_00001-seg004_nis_x1dints.fits,seg004,3,395,60783.176810904086,TDB-MID,2048.9593468928238,0.14456901601663458,2038,0.8515347326686116,2.827786714826026,1765,0.9984874395196184,0.9991212919310851
TOI-2076_b,NIRISS_SOSS,obs10,SOSS_HDU3_ordem_1,jw05959010001_04102_00001-seg004_nis_x1dints.fits,seg004,3,396,60783.1768879771,TDB-MID,2053.330031194174,0.14458273514106781,2038,0.8515347326686116,2.827786714826026,1766,1.0006173370130078,1.0012525415102485
TOI-2076_b,NIRISS_SOSS,obs10,SOSS_HDU3_ordem_1,jw05959010001_04102_00001-seg004_nis_x1dints.fits,seg004,3,397,60783.1769650501,TDB-MID,2050.8199769475486,0.14455175509542365,2038,0.8515347326686116,2.827786714826026,1767,0.9993941513790083,1.0000285793825916
TOI-2076_b,NIRISS_SOSS,obs10,SOSS_HDU3_ordem_1,jw05959010001_04102_00001-seg004_nis_x1dints.fits,seg004,3,398,60783.17704212311,TDB-MID,2055.5878401945183,0.1445589492309401,2038,0.8515347326686116,2.827786714826026,1768,1.0017175999006522,1.0023535028586414
TOI-2076_b,NIRISS_SOSS,obs10,SOSS_HDU3_ordem_1,jw05959010001_04102_00001-seg004_nis_x1dints.fits,seg004,3,399,60783.177119196116,TDB-MID,2054.3691700044883,0.14455673927467583,2038,0.8515347326686116,2.827786714826026,1769,1.0011237243415751,1.0017592502998744
TOI-2076_b,NIRISS_SOSS,obs10,SOSS_HDU3_ordem_1,jw05959010001_04102_00001-seg004_nis_x1dints.fits,seg004,3,400,60783.17719626913,TDB-MID,2045.9570837448236,0.14454300079449003,2038,0.8515347326686116,2.827786714826026,1770,0.9970243933894174,0.9976573170407605
TOI-2076_b,NIRISS_SOSS,obs10,SOSS_HDU3_ordem_1,jw05959010001_04102_00001-seg004_nis_x1dints.fits,seg004,3,401,60783.177273342124,TDB-MID,2048.8799440292837,0.14454810665789422,2038,0.8515347326686116,2.827786714826026,1771,0.9984487453590793,0.9990825732070053
TOI-2076_b,NIRISS_SOSS,obs10,SOSS_HDU3_ordem_1,jw05959010001_04102_00001-seg004_nis_x1dints.fits,seg004,3,402,60783.177350415135,TDB-MID,2054.8279817166826,0.14456022599566884,2038,0.8515347326686116,2.827786714826026,1772,1.0013473099058399,1.0019829777990734
TOI-2076_b,NIRISS_SOSS,obs10,SOSS_HDU3_ordem_1,jw05959010001_04102_00001-seg004_nis_x1dints.fits,seg004,3,403,60783.17742748814,TDB-MID,2056.0653445855237,0.14452132073244686,2038,0.8515347326686116,2.827786714826026,1773,1.0019502946768843,1.0025863453524506
TOI-2076_b,NIRISS_SOSS,obs10,SOSS_HDU3_ordem_1,jw05959010001_04102_00001-seg004_nis_x1dints.fits,seg004,3,404,60783.17750456115,TDB-MID,2049.6750116035582,0.14454923087763863,2038,0.8515347326686116,2.827786714826026,1774,0.9988361932543665,0.9994702670590997
TOI-2076_b,NIRISS_SOSS,obs10,SOSS_HDU3_ordem_1,jw05959010001_04102_00001-seg004_nis_x1dints.fits,seg004,3,405,60783.177581634154,TDB-MID,2049.464436597971,0.1445519719058321,2038,0.8515347326686116,2.827786714826026,1775,0.9987335770172633,0.9993675856799159
TOI-2076_b,NIRISS_SOSS,obs10,SOSS_HDU3_ordem_1,jw05959010001_04102_00001-seg004_nis_x1dints.fits,seg004,3,406,60783.17765870716,TDB-MID,2044.687143305076,0.14453992698397966,2038,0.8515347326686116,2.827786714826026,1776,0.9964055330982413,0.9970380638892716
TOI-2076_b,NIRISS_SOSS,obs10,SOSS_HDU3_ordem_1,jw05959010001_04102_00001-seg004_nis_x1dints.fits,seg004,3,407,60783.17773578017,TDB-MID,2054.394469881142,0.14455832683077677,2038,0.8515347326686116,2.827786714826026,1777,1.0011360533363394,1.00177158712124
TOI-2076_b,NIRISS_SOSS,obs10,SOSS_HDU3_ordem_1,jw05959010001_04102_00001-seg004_nis_x1dints.fits,seg004,3,408,60783.17781285317,TDB-MID,2048.5243794611497,0.14454713247452539,2038,0.8515347326686116,2.827786714826026,1778,0.9982754736171298,0.99890919146997
TOI-2076_b,NIRISS_SOSS,obs10,SOSS_HDU3_ordem_1,jw05959010001_04102_00001-seg004_nis_x1dints.fits,seg004,3,409,60783.177889926184,TDB-MID,2047.8179824021013,0.144545923180982,2038,0.8515347326686116,2.827786714826026,1779,0.997931236142705,0.9985647354692577
TOI-2076_b,NIRISS_SOSS,obs10,SOSS_HDU3_ordem_1,jw05959010001_04102_00001-seg004_nis_x1dints.fits,seg004,3,410,60783.17796699919,TDB-MID,2048.5784102884827,0.14454636163626006,2038,0.8515347326686116,2.827786714826026,1780,0.9983018036185135,0.9989355381859705
TOI-2076_b,NIRISS_SOSS,obs10,SOSS_HDU3_ordem_1,jw05959010001_04102_00001-seg004_nis_x1dints.fits,seg004,3,411,60783.1780440722,TDB-MID,2058.4421643509063,0.1445646296130811,2038,0.8515347326686116,2.827786714826026,1781,1.003108553226687,1.0037453391793791
TOI-2076_b,NIRISS_SOSS,obs10,SOSS_HDU3_ordem_1,jw05959010001_04102_00001-seg004_nis_x1dints.fits,seg004,3,412,60783.178121145196,TDB-MID,2043.7383099645035,0.14453700648560025,2038,0.8515347326686116,2.827786714826026,1782,0.9959431529274508,0.9965753901937209
TOI-2076_b,NIRISS_SOSS,obs10,SOSS_HDU3_ordem_1,jw05959010001_04102_00001-seg004_nis_x1dints.fits,seg004,3,413,60783.17819821821,TDB-MID,2045.1880276570569,0.14453859914291983,2038,0.8515347326686116,2.827786714826026,1783,0.9966496212666393,0.9972823070079152
TOI-2076_b,NIRISS_SOSS,obs10,SOSS_HDU3_ordem_1,jw05959010001_04102_00001-seg004_nis_x1dints.fits,seg004,3,414,60783.17827529121,TDB-MID,2045.9150272553447,0.14454082573324267,2038,0.8515347326686116,2.827786714826026,1784,0.997003898655562,0.9976368092965898
TOI-2076_b,NIRISS_SOSS,obs10,SOSS_HDU3_ordem_1,jw05959010001_04102_00001-seg004_nis_x1dints.fits,seg004,3,415,60783.17835236422,TDB-MID,2047.2967472428963,0.14454278718859775,2038,0.8515347326686116,2.827786714826026,1785,0.9976772307324505,0.9983105688131674
TOI-2076_b,NIRISS_SOSS,obs10,SOSS_HDU3_ordem_1,jw05959010001_04102_00001-seg004_nis_x1dints.fits,seg004,3,416,60783.17842943723,TDB-MID,2048.2438365186763,0.1445458248318245,2038,0.8515347326686116,2.827786714826026,1786,0.998138760995315,0.9987723920612598
TOI-2076_b,NIRISS_SOSS,obs10,SOSS_HDU3_ordem_1,jw05959010001_04102_00001-seg004_nis_x1dints.fits,seg004,3,417,60783.17850651024,TDB-MID,2049.1569478607626,0.14454601290716904,2038,0.8515347326686116,2.827786714826026,1787,0.998583733321066,0.9992176468610515
TOI-2076_b,NIRISS_SOSS,obs10,SOSS_HDU3_ordem_1,jw05959010001_04102_00001-seg004_nis_x1dints.fits,seg004,3,418,60783.17858358324,TDB-MID,2046.8289474992323,0.14454369706434253,2038,0.8515347326686116,2.827786714826026,1788,0.9974492651708267,0.9980824585361316
TOI-2076_b,NIRISS_SOSS,obs10,SOSS_HDU3_ordem_1,jw05959010001_04102_00001-seg004_nis_x1dints.fits,seg004,3,419,60783.17866065625,TDB-MID,2049.5549949688316,0.1445492941336492,2038,0.8515347326686116,2.827786714826026,1789,0.9987777074174026,0.9994117440945893
TOI-2076_b,NIRISS_SOSS,obs10,SOSS_HDU3_ordem_1,jw05959010001_04102_00001-seg004_nis_x1dints.fits,seg004,3,420,60783.17873772926,TDB-MID,2054.5590550665233,0.14455863120680104,2038,0.8515347326686116,2.827786714826026,1790,1.0012162580707982,1.001851842770675
TOI-2076_b,NIRISS_SOSS,obs10,SOSS_HDU3_ordem_1,jw05959010001_04102_00001-seg004_nis_x1dints.fits,seg004,3,421,60783.17881480226,TDB-MID,2055.9657855408627,0.14456256026251693,2038,0.8515347326686116,2.827786714826026,1791,1.0019017781185957,1.0025377979952392
TOI-2076_b,NIRISS_SOSS,obs10,SOSS_HDU3_ordem_1,jw05959010001_04102_00001-seg004_nis_x1dints.fits,seg004,3,422,60783.17889187527,TDB-MID,2053.548513629206,0.1445589864595765,2038,0.8515347326686116,2.827786714826026,1792,1.0007238066545192,1.0013590787400302
TOI-2076_b,NIRISS_SOSS,obs10,SOSS_HDU3_ordem_1,jw05959010001_04102_00001-seg004_nis_x1dints.fits,seg004,3,423,60783.178968948276,TDB-MID,2049.448701063381,0.14455038771813628,2038,0.8515347326686116,2.827786714826026,1793,0.9987259088643221,0.9993599126591345
TOI-2076_b,NIRISS_SOSS,obs10,SOSS_HDU3_ordem_1,jw05959010001_04102_00001-seg004_nis_x1dints.fits,seg004,3,424,60783.17904602129,TDB-MID,2057.2532690365315,0.14456418470908824,2038,0.8515347326686116,2.827786714826026,1794,1.0025291873939255,1.0031656055578848
TOI-2076_b,NIRISS_SOSS,obs10,SOSS_HDU3_ordem_1,jw05959010001_04102_00001-seg004_nis_x1dints.fits,seg004,3,425,60783.17912309428,TDB-MID,2052.2356958970954,0.14455832282306352,2038,0.8515347326686116,2.827786714826026,1795,1.0000840516404048,1.0007189176013696
TOI-2076_b,NIRISS_SOSS,obs10,SOSS_HDU3_ordem_1,jw05959010001_04102_00001-seg004_nis_x1dints.fits,seg004,3,426,60783.179200167295,TDB-MID,2055.7924279153813,0.1445622445245688,2038,0.8515347326686116,2.827786714826026,1796,1.0018172984475615,1.002453264695445
TOI-2076_b,NIRISS_SOSS,obs10,SOSS_HDU3_ordem_1,jw05959010001_04102_00001-seg004_nis_x1dints.fits,seg004,3,427,60783.1792772403,TDB-MID,2045.5191498491263,0.14454007886695194,2038,0.8515347326686116,2.827786714826026,1797,0.9968109818862283,0.9974437700612594
TOI-2076_b,NIRISS_SOSS,obs10,SOSS_HDU3_ordem_1,jw05959010001_04102_00001-seg004_nis_x1dints.fits,seg004,3,428,60783.17935431331,TDB-MID,2054.905864583584,0.14455896611116634,2038,0.8515347326686116,2.827786714826026,1798,1.0013852633500957,1.002020955336654
TOI-2076_b,NIRISS_SOSS,obs10,SOSS_HDU3_ordem_1,jw05959010001_04102_00001-seg004_nis_x1dints.fits,seg004,3,429,60783.179431386314,TDB-MID,2052.4453193788986,0.14455540088519298,2038,0.8515347326686116,2.827786714826026,1799,1.0001862041862455,1.0008211349949336
TOI-2076_b,NIRISS_SOSS,obs10,SOSS_HDU3_ordem_1,jw05959010001_04102_00001-seg004_nis_x1dints.fits,seg004,3,430,60783.179508459325,TDB-MID,2044.4683294180577,0.14453878608310322,2038,0.8515347326686116,2.827786714826026,1800,0.9962989019353968,0.996931365035621
TOI-2076_b,NIRISS_SOSS,obs10,SOSS_HDU3_ordem_1,jw05959010001_04102_00001-seg004_nis_x1dints.fits,seg004,3,431,60783.17958553233,TDB-MID,2048.9559836723465,0.1445503701407015,2038,0.8515347326686116,2.827786714826026,1801,0.998485800573776,0.9991196519448192
TOI-2076_b,NIRISS_SOSS,obs10,SOSS_HDU3_ordem_1,jw05959010001_04102_00001-seg004_nis_x1dints.fits,seg004,3,432,60783.17966260534,TDB-MID,2054.1317367599045,0.14455565767219367,2038,0.8515347326686116,2.827786714826026,1802,1.0010080196972635,1.0016434722047962
TOI-2076_b,NIRISS_SOSS,obs10,SOSS_HDU3_ordem_1,jw05959010001_04102_00001-seg004_nis_x1dints.fits,seg004,3,433,60783.179739678344,TDB-MID,2036.675910336896,0.14452196718492935,2038,0.8515347326686116,2.827786714826026,1803,0.992501543736069,0.9931315962254466
TOI-2076_b,NIRISS_SOSS,obs10,SOSS_HDU3_ordem_1,jw05959010001_04102_00001-seg004_nis_x1dints.fits,seg004,3,434,60783.17981675135,TDB-MID,2050.4299839875684,0.1445524966199735,2038,0.8515347326686116,2.827786714826026,1804,0.9992041021851911,0.9998384095431506
TOI-2076_b,NIRISS_SOSS,obs10,SOSS_HDU3_ordem_1,jw05959010001_04102_00001-seg004_nis_x1dints.fits,seg004,3,435,60783.17989382436,TDB-MID,2047.0792749785844,0.14454144790292883,2038,0.8515347326686116,2.827786714826026,1805,0.9975712533616996,0.9982045241666457
TOI-2076_b,NIRISS_SOSS,obs10,SOSS_HDU3_ordem_1,jw05959010001_04102_00001-seg004_nis_x1dints.fits,seg004,3,436,60783.179970897356,TDB-MID,2052.2189570071596,0.14455374814377916,2038,0.8515347326686116,2.827786714826026,1806,1.0000758945379336,1.0007107553206667
TOI-2076_b,NIRISS_SOSS,obs10,SOSS_HDU3_ordem_1,jw05959010001_04102_00001-seg004_nis_x1dints.fits,seg004,3,437,60783.18004797037,TDB-MID,2047.7048684494346,0.14454656894122936,2038,0.8515347326686116,2.827786714826026,1807,0.9978761140822583,0.9985095784166323
TOI-2076_b,NIRISS_SOSS,obs10,SOSS_HDU3_ordem_1,jw05959010001_04102_00001-seg004_nis_x1dints.fits,seg004,3,438,60783.18012504337,TDB-MID,2057.8502715631726,0.14456488260801306,2038,0.8515347326686116,2.827786714826026,1808,1.002820115335037,1.0034567181837202
TOI-2076_b,NIRISS_SOSS,obs10,SOSS_HDU3_ordem_1,jw05959010001_04102_00001-seg004_nis_x1dints.fits,seg004,3,439,60783.18020211638,TDB-MID,2040.2911859152732,0.1445271461929216,2038,0.8515347326686116,2.827786714826026,1809,0.9942633196643643,0.9948944905513065
TOI-2076_b,NIRISS_SOSS,obs10,SOSS_HDU3_ordem_1,jw05959010001_04102_00001-seg004_nis_x1dints.fits,seg004,3,440,60783.180279189386,TDB-MID,2050.0262380721574,0.1445504360001573,2038,0.8515347326686116,2.827786714826026,1810,0.9990073509778493,0.9996415334356626
TOI-2076_b,NIRISS_SOSS,obs10,SOSS_HDU3_ordem_1,jw05959010001_04102_00001-seg004_nis_x1dints.fits,seg004,3,441,60783.1803562624,TDB-MID,2056.279079695503,0.14456425657755287,2038,0.8515347326686116,2.827786714826026,1811,1.0020544508784324,1.002690567673668
TOI-2076_b,NIRISS_SOSS,obs10,SOSS_HDU3_ordem_1,jw05959010001_04102_00001-seg004_nis_x1dints.fits,seg004,3,442,60783.1804333354,TDB-MID,2047.2960917780263,0.14454251269524476,2038,0.8515347326686116,2.827786714826026,1812,0.9976769113149664,0.998310249192913
TOI-2076_b,NIRISS_SOSS,obs10,SOSS_HDU3_ordem_1,jw05959010001_04102_00001-seg004_nis_x1dints.fits,seg004,3,443,60783.180510408405,TDB-MID,2050.908326068011,0.14456872415768318,2038,0.8515347326686116,2.827786714826026,1813,0.999437205179567,1.0000716605142455
TOI-2076_b,NIRISS_SOSS,obs10,SOSS_HDU3_ordem_1,jw05959010001_04102_00001-seg004_nis_x1dints.fits,seg004,3,444,60783.180587481416,TDB-MID,2051.954193984891,0.14455451117517337,2038,0.8515347326686116,2.827786714826026,1814,0.99994687169881,1.0005816505762188
TOI-2076_b,NIRISS_SOSS,obs10,SOSS_HDU3_ordem_1,jw05959010001_04102_00001-seg004_nis_x1dints.fits,seg004,3,445,60783.18066455442,TDB-MID,2054.4194156007343,0.14456024758477792,2038,0.8515347326686116,2.827786714826026,1815,1.0011482097452602,1.0017837512472023
TOI-2076_b,NIRISS_SOSS,obs10,SOSS_HDU3_ordem_1,jw05959010001_04102_00001-seg004_nis_x1dints.fits,seg004,3,446,60783.18074162743,TDB-MID,2050.577126508212,0.14456542135879563,2038,0.8515347326686116,2.827786714826026,1816,0.9992758068575677,0.9999101597345571
TOI-2076_b,NIRISS_SOSS,obs10,SOSS_HDU3_ordem_1,jw05959010001_04102_00001-seg004_nis_x1dints.fits,seg004,3,447,60783.180818700435,TDB-MID,2049.2309523611593,0.1445497144680226,2038,0.8515347326686116,2.827786714826026,1817,0.9986197967813909,0.9992537332149156
TOI-2076_b,NIRISS_SOSS,obs10,SOSS_HDU3_ordem_1,jw05959010001_04102_00001-seg004_nis_x1dints.fits,seg004,3,448,60783.18089577345,TDB-MID,2059.4482191687102,0.1445706084951908,2038,0.8515347326686116,2.827786714826026,1818,1.0035988182485718,1.0042359154276792
TOI-2076_b,NIRISS_SOSS,obs10,SOSS_HDU3_ordem_1,jw05959010001_04102_00001-seg004_nis_x1dints.fits,seg004,3,449,60783.18097284644,TDB-MID,2049.764266753905,0.14454948788328922,2038,0.8515347326686116,2.827786714826026,1819,0.9988796885763545,0.9995137899924663
TOI-2076_b,NIRISS_SOSS,obs10,SOSS_HDU3_ordem_1,jw05959010001_04102_00001-seg005_nis_x1dints.fits,seg005,3,0,60783.181049919454,TDB-MID,2056.178766537747,0.14455773882147901,2038,0.8515347326686116,2.827786714826026,1820,1.0020055668299568,1.0027714374604015
TOI-2076_b,NIRISS_SOSS,obs10,SOSS_HDU3_ordem_1,jw05959010001_04102_00001-seg005_nis_x1dints.fits,seg005,3,1,60783.18112699246,TDB-MID,2052.3824878118076,0.14454933114094665,2038,0.8515347326686116,2.827786714826026,1821,1.0001555854574546,1.0009200420773918
TOI-2076_b,NIRISS_SOSS,obs10,SOSS_HDU3_ordem_1,jw05959010001_04102_00001-seg005_nis_x1dints.fits,seg005,3,2,60783.18120406546,TDB-MID,2047.3071166338298,0.14454073914992827,2038,0.8515347326686116,2.827786714826026,1822,0.9976822838861982,0.9984448500685007
TOI-2076_b,NIRISS_SOSS,obs10,SOSS_HDU3_ordem_1,jw05959010001_04102_00001-seg005_nis_x1dints.fits,seg005,3,3,60783.18128113847,TDB-MID,2043.0565897649212,0.14453023358380435,2038,0.8515347326686116,2.827786714826026,1823,0.9956109408425298,0.9963719238192542
TOI-2076_b,NIRISS_SOSS,obs10,SOSS_HDU3_ordem_1,jw05959010001_04102_00001-seg005_nis_x1dints.fits,seg005,3,4,60783.18135821148,TDB-MID,2052.443024119753,0.14455078689623121,2038,0.8515347326686116,2.827786714826026,1824,1.0001850856733618,1.0009495648414262
TOI-2076_b,NIRISS_SOSS,obs10,SOSS_HDU3_ordem_1,jw05959010001_04102_00001-seg005_nis_x1dints.fits,seg005,3,5,60783.18143528449,TDB-MID,2055.7991954996587,0.14455790260186452,2038,0.8515347326686116,2.827786714826026,1825,1.001820596388981,1.0025863256395442
TOI-2076_b,NIRISS_SOSS,obs10,SOSS_HDU3_ordem_1,jw05959010001_04102_00001-seg005_nis_x1dints.fits,seg005,3,6,60783.18151235749,TDB-MID,2052.819113812031,0.14455179202146293,2038,0.8515347326686116,2.827786714826026,1826,1.0003683596043171,1.0011329788555563
TOI-2076_b,NIRISS_SOSS,obs10,SOSS_HDU3_ordem_1,jw05959010001_04102_00001-seg005_nis_x1dints.fits,seg005,3,7,60783.181589430504,TDB-MID,2051.03492995544,0.14454796591341368,2038,0.8515347326686116,2.827786714826026,1827,0.9994989010797732,1.0002628557710835
TOI-2076_b,NIRISS_SOSS,obs10,SOSS_HDU3_ordem_1,jw05959010001_04102_00001-seg005_nis_x1dints.fits,seg005,3,8,60783.18166650351,TDB-MID,2050.6450107977407,0.1445472057550681,2038,0.8515347326686116,2.827786714826026,1828,0.9993088878508718,1.0000726973079077
TOI-2076_b,NIRISS_SOSS,obs10,SOSS_HDU3_ordem_1,jw05959010001_04102_00001-seg005_nis_x1dints.fits,seg005,3,9,60783.18174357651,TDB-MID,2054.464612101092,0.14455287222773539,2038,0.8515347326686116,2.827786714826026,1829,1.0011702346517015,1.00193546680627
TOI-2076_b,NIRISS_SOSS,obs10,SOSS_HDU3_ordem_1,jw05959010001_04102_00001-seg005_nis_x1dints.fits,seg005,3,10,60783.18182064952,TDB-MID,2043.4551972900865,0.1445304518963255,2038,0.8515347326686116,2.827786714826026,1830,0.9958051880381996,0.9965663194853789
TOI-2076_b,NIRISS_SOSS,obs10,SOSS_HDU3_ordem_1,jw05959010001_04102_00001-seg005_nis_x1dints.fits,seg005,3,11,60783.18189772252,TDB-MID,2053.712745934412,0.14456101360361626,2038,0.8515347326686116,2.827786714826026,1831,1.0008038394253793,1.0015687915302633
TOI-2076_b,NIRISS_SOSS,obs10,SOSS_HDU3_ordem_1,jw05959010001_04102_00001-seg005_nis_x1dints.fits,seg005,3,12,60783.18197479553,TDB-MID,2053.1163608297375,0.14455262391241924,2038,0.8515347326686116,2.827786714826026,1832,1.0005132123628966,1.0012779423305602
TOI-2076_b,NIRISS_SOSS,obs10,SOSS_HDU3_ordem_1,jw05959010001_04102_00001-seg005_nis_x1dints.fits,seg005,3,13,60783.182051868534,TDB-MID,2049.9384151092863,0.14454724362556876,2038,0.8515347326686116,2.827786714826026,1833,0.9989645535814728,0.9997280998508452
TOI-2076_b,NIRISS_SOSS,obs10,SOSS_HDU3_ordem_1,jw05959010001_04102_00001-seg005_nis_x1dints.fits,seg005,3,14,60783.182128941546,TDB-MID,2057.270366017213,0.14455979281875517,2038,0.8515347326686116,2.827786714826026,1834,1.0025375189991816,1.0033037962207239
TOI-2076_b,NIRISS_SOSS,obs10,SOSS_HDU3_ordem_1,jw05959010001_04102_00001-seg005_nis_x1dints.fits,seg005,3,15,60783.18220601455,TDB-MID,2043.0471112920586,0.14453023590428465,2038,0.8515347326686116,2.827786714826026,1835,0.9956063218460067,0.996367301292258
TOI-2076_b,NIRISS_SOSS,obs10,SOSS_HDU3_ordem_1,jw05959010001_04102_00001-seg005_nis_x1dints.fits,seg005,3,16,60783.18228308755,TDB-MID,2053.0003374357275,0.1445501090406605,2038,0.8515347326686116,2.827786714826026,1836,1.0004566724897237,1.0012213592418309
TOI-2076_b,NIRISS_SOSS,obs10,SOSS_HDU3_ordem_1,jw05959010001_04102_00001-seg005_nis_x1dints.fits,seg005,3,17,60783.182360160565,TDB-MID,2046.929592761069,0.14453719545076882,2038,0.8515347326686116,2.827786714826026,1837,0.9974983110584102,0.9982607366233447
TOI-2076_b,NIRISS_SOSS,obs10,SOSS_HDU3_ordem_1,jw05959010001_04102_00001-seg005_nis_x1dints.fits,seg005,3,18,60783.18243723357,TDB-MID,2048.5894420988443,0.14454049759102552,2038,0.8515347326686116,2.827786714826026,1838,0.9983071795788018,0.9990702233924408
TOI-2076_b,NIRISS_SOSS,obs10,SOSS_HDU3_ordem_1,jw05959010001_04102_00001-seg005_nis_x1dints.fits,seg005,3,19,60783.18251430658,TDB-MID,2058.529361638109,0.1445587532474485,2038,0.8515347326686116,2.827786714826026,1839,1.003151045722287,1.0039177918854336
TOI-2076_b,NIRISS_SOSS,obs10,SOSS_HDU3_ordem_1,jw05959010001_04102_00001-seg005_nis_x1dints.fits,seg005,3,20,60783.182591379584,TDB-MID,2051.2317977041453,0.14457124134062074,2038,0.8515347326686116,2.827786714826026,1840,0.9995948375729139,1.0003588655921027
TOI-2076_b,NIRISS_SOSS,obs10,SOSS_HDU3_ordem_1,jw05959010001_04102_00001-seg005_nis_x1dints.fits,seg005,3,21,60783.18266845259,TDB-MID,2043.0272160917914,0.14453068076211084,2038,0.8515347326686116,2.827786714826026,1841,0.995596626627991,0.9963575986638216
TOI-2076_b,NIRISS_SOSS,obs10,SOSS_HDU3_ordem_1,jw05959010001_04102_00001-seg005_nis_x1dints.fits,seg005,3,22,60783.1827455256,TDB-MID,2046.4313887770318,0.14462908775667874,2038,0.8515347326686116,2.827786714826026,1842,0.9972555290719671,0.9980177690694765
TOI-2076_b,NIRISS_SOSS,obs10,SOSS_HDU3_ordem_1,jw05959010001_04102_00001-seg005_nis_x1dints.fits,seg005,3,23,60783.182822598596,TDB-MID,2045.4361845314595,0.1445382146512425,2038,0.8515347326686116,2.827786714826026,1843,0.9967705516904162,0.997532421001429
TOI-2076_b,NIRISS_SOSS,obs10,SOSS_HDU3_ordem_1,jw05959010001_04102_00001-seg005_nis_x1dints.fits,seg005,3,24,60783.18289967161,TDB-MID,2046.8968047605963,0.14453855264251106,2038,0.8515347326686116,2.827786714826026,1844,0.9974823329929163,0.998244746345213
TOI-2076_b,NIRISS_SOSS,obs10,SOSS_HDU3_ordem_1,jw05959010001_04102_00001-seg005_nis_x1dints.fits,seg005,3,25,60783.18297674461,TDB-MID,2050.792597118247,0.14455033984528698,2038,0.8515347326686116,2.827786714826026,1845,0.9993808087933219,1.0001446732222457
TOI-2076_b,NIRISS_SOSS,obs10,SOSS_HDU3_ordem_1,jw05959010001_04102_00001-seg005_nis_x1dints.fits,seg005,3,26,60783.18305381762,TDB-MID,2054.3821659140076,0.14455473378795225,2038,0.8515347326686116,2.827786714826026,1846,1.001130057435709,1.0018952588813168
TOI-2076_b,NIRISS_SOSS,obs10,SOSS_HDU3_ordem_1,jw05959010001_04102_00001-seg005_nis_x1dints.fits,seg005,3,27,60783.183130890626,TDB-MID,2054.993713243328,0.14455645476512807,2038,0.8515347326686116,2.827786714826026,1847,1.001428073268929,1.0021935024992734
TOI-2076_b,NIRISS_SOSS,obs10,SOSS_HDU3_ordem_1,jw05959010001_04102_00001-seg005_nis_x1dints.fits,seg005,3,28,60783.18320796363,TDB-MID,2051.9031851997056,0.14454843797283998,2038,0.8515347326686116,2.827786714826026,1848,0.9999220143821483,1.0006862924749071
TOI-2076_b,NIRISS_SOSS,obs10,SOSS_HDU3_ordem_1,jw05959010001_04102_00001-seg005_nis_x1dints.fits,seg005,3,29,60783.18328503664,TDB-MID,2058.1071812575537,0.14456349834759008,2038,0.8515347326686116,2.827786714826026,1849,1.0029453111342213,1.003711900046666
TOI-2076_b,NIRISS_SOSS,obs10,SOSS_HDU3_ordem_1,jw05959010001_04102_00001-seg005_nis_x1dints.fits,seg005,3,30,60783.183362109645,TDB-MID,2051.940321620744,0.144552604246462,2038,0.8515347326686116,2.827786714826026,1850,0.9999401114956961,1.0007044034207608
TOI-2076_b,NIRISS_SOSS,obs10,SOSS_HDU3_ordem_1,jw05959010001_04102_00001-seg005_nis_x1dints.fits,seg005,3,31,60783.183439182656,TDB-MID,2054.6571586009854,0.14455674041153768,2038,0.8515347326686116,2.827786714826026,1851,1.0012640653379759,1.0020293692108755
TOI-2076_b,NIRISS_SOSS,obs10,SOSS_HDU3_ordem_1,jw05959010001_04102_00001-seg005_nis_x1dints.fits,seg005,3,32,60783.18351625566,TDB-MID,2059.380712348321,0.144565501555503,2038,0.8515347326686116,2.827786714826026,1852,1.0035659212014232,1.0043329844695394
TOI-2076_b,NIRISS_SOSS,obs10,SOSS_HDU3_ordem_1,jw05959010001_04102_00001-seg005_nis_x1dints.fits,seg005,3,33,60783.183593328664,TDB-MID,2043.3585532503025,0.14453165366783005,2038,0.8515347326686116,2.827786714826026,1853,0.9957580920038274,0.996519187453732
TOI-2076_b,NIRISS_SOSS,obs10,SOSS_HDU3_ordem_1,jw05959010001_04102_00001-seg005_nis_x1dints.fits,seg005,3,34,60783.183670401675,TDB-MID,2048.3233788087346,0.14454248946518772,2038,0.8515347326686116,2.827786714826026,1854,0.9981775231004072,0.9989404678127117
TOI-2076_b,NIRISS_SOSS,obs10,SOSS_HDU3_ordem_1,jw05959010001_04102_00001-seg005_nis_x1dints.fits,seg005,3,35,60783.18374747467,TDB-MID,2051.1644799225915,0.1445504514517131,2038,0.8515347326686116,2.827786714826026,1855,0.999562032647116,1.0003260355922632
TOI-2076_b,NIRISS_SOSS,obs10,SOSS_HDU3_ordem_1,jw05959010001_04102_00001-seg005_nis_x1dints.fits,seg005,3,36,60783.18382454768,TDB-MID,2052.8016951329178,0.14455277488826312,2038,0.8515347326686116,2.827786714826026,1856,1.0003598712307757,1.001124483994031
TOI-2076_b,NIRISS_SOSS,obs10,SOSS_HDU3_ordem_1,jw05959010001_04102_00001-seg005_nis_x1dints.fits,seg005,3,37,60783.18390162069,TDB-MID,2056.464295452204,0.1445577326458775,2038,0.8515347326686116,2.827786714826026,1857,1.0021447091878264,1.0029106861700208
TOI-2076_b,NIRISS_SOSS,obs10,SOSS_HDU3_ordem_1,jw05959010001_04102_00001-seg005_nis_x1dints.fits,seg005,3,38,60783.18397869369,TDB-MID,2057.2683492048354,0.14459291617716655,2038,0.8515347326686116,2.827786714826026,1858,1.0025365361774239,1.0033028126477586
TOI-2076_b,NIRISS_SOSS,obs10,SOSS_HDU3_ordem_1,jw05959010001_04102_00001-seg005_nis_x1dints.fits,seg005,3,39,60783.1840557667,TDB-MID,2044.6420356181477,0.14453466150262323,2038,0.8515347326686116,2.827786714826026,1859,0.996383551471865,0.9971451249840209
TOI-2076_b,NIRISS_SOSS,obs10,SOSS_HDU3_ordem_1,jw05959010001_04102_00001-seg005_nis_x1dints.fits,seg005,3,40,60783.184132839706,TDB-MID,2051.7147982337674,0.144550541667637,2038,0.8515347326686116,2.827786714826026,1860,0.9998302106967586,1.0005944186204996
TOI-2076_b,NIRISS_SOSS,obs10,SOSS_HDU3_ordem_1,jw05959010001_04102_00001-seg005_nis_x1dints.fits,seg005,3,41,60783.18420991272,TDB-MID,2050.1707653344315,0.14454850939122374,2038,0.8515347326686116,2.827786714826026,1861,0.9990777811971056,0.9998414140106133
TOI-2076_b,NIRISS_SOSS,obs10,SOSS_HDU3_ordem_1,jw05959010001_04102_00001-seg005_nis_x1dints.fits,seg005,3,42,60783.18428698572,TDB-MID,2054.4220317858435,0.14455860929994913,2038,0.8515347326686116,2.827786714826026,1862,1.001149484649994,1.0019147009445541
TOI-2076_b,NIRISS_SOSS,obs10,SOSS_HDU3_ordem_1,jw05959010001_04102_00001-seg005_nis_x1dints.fits,seg005,3,43,60783.184364058725,TDB-MID,2049.867620145372,0.14454423517493248,2038,0.8515347326686116,2.827786714826026,1863,0.9989300541745632,0.9996935740747382
TOI-2076_b,NIRISS_SOSS,obs10,SOSS_HDU3_ordem_1,jw05959010001_04102_00001-seg005_nis_x1dints.fits,seg005,3,44,60783.184441131736,TDB-MID,2051.3127240398626,0.14454990541820958,2038,0.8515347326686116,2.827786714826026,1864,0.9996342741434162,1.0003983323054626
TOI-2076_b,NIRISS_SOSS,obs10,SOSS_HDU3_ordem_1,jw05959010001_04102_00001-seg005_nis_x1dints.fits,seg005,3,45,60783.18451820474,TDB-MID,2048.1536495083633,0.1445433041798113,2038,0.8515347326686116,2.827786714826026,1865,0.9980948115645262,0.9988576930572857
TOI-2076_b,NIRISS_SOSS,obs10,SOSS_HDU3_ordem_1,jw05959010001_04102_00001-seg005_nis_x1dints.fits,seg005,3,46,60783.18459527775,TDB-MID,2056.3392784736257,0.14455841026726976,2038,0.8515347326686116,2.827786714826026,1866,1.0020837866111891,1.0028497170279616
TOI-2076_b,NIRISS_SOSS,obs10,SOSS_HDU3_ordem_1,jw05959010001_04102_00001-seg005_nis_x1dints.fits,seg005,3,47,60783.184672350755,TDB-MID,2052.9033088358383,0.1445508400529126,2038,0.8515347326686116,2.827786714826026,1867,1.000409389053666,1.0011740396652604
TOI-2076_b,NIRISS_SOSS,obs10,SOSS_HDU3_ordem_1,jw05959010001_04102_00001-seg005_nis_x1dints.fits,seg005,3,48,60783.18474942375,TDB-MID,2057.503810717385,0.1445601182789764,2038,0.8515347326686116,2.827786714826026,1868,1.0026512799682794,1.0034176441416192
TOI-2076_b,NIRISS_SOSS,obs10,SOSS_HDU3_ordem_1,jw05959010001_04102_00001-seg005_nis_x1dints.fits,seg005,3,49,60783.18482649676,TDB-MID,2058.076833573922,0.14456027593580534,2038,0.8515347326686116,2.827786714826026,1869,1.002930522270318,1.0036970998790766
TOI-2076_b,NIRISS_SOSS,obs10,SOSS_HDU3_ordem_1,jw05959010001_04102_00001-seg005_nis_x1dints.fits,seg005,3,50,60783.18490356977,TDB-MID,2054.9779856581285,0.14455538902159704,2038,0.8515347326686116,2.827786714826026,1870,1.0014204089898404,1.0021858323620874
TOI-2076_b,NIRISS_SOSS,obs10,SOSS_HDU3_ordem_1,jw05959010001_04102_00001-seg005_nis_x1dints.fits,seg005,3,51,60783.18498064278,TDB-MID,2057.058321932698,0.14457201350076274,2038,0.8515347326686116,2.827786714826026,1871,1.00243418685873,1.0032003850996218
TOI-2076_b,NIRISS_SOSS,obs10,SOSS_HDU3_ordem_1,jw05959010001_04102_00001-seg005_nis_x1dints.fits,seg005,3,52,60783.18505771578,TDB-MID,2046.526496939118,0.1446953919371923,2038,0.8515347326686116,2.827786714826026,1872,0.9973018766509871,0.9980641520736985
TOI-2076_b,NIRISS_SOSS,obs10,SOSS_HDU3_ordem_1,jw05959010001_04102_00001-seg005_nis_x1dints.fits,seg005,3,53,60783.185134788786,TDB-MID,2052.374989244162,0.1445511142579551,2038,0.8515347326686116,2.827786714826026,1873,1.0001519312972977,1.0009163851242227
TOI-2076_b,NIRISS_SOSS,obs10,SOSS_HDU3_ordem_1,jw05959010001_04102_00001-seg005_nis_x1dints.fits,seg005,3,54,60783.1852118618,TDB-MID,2049.9357164856738,0.14454599005528168,2038,0.8515347326686116,2.827786714826026,1874,0.9989632385032673,0.9997267837674758
TOI-2076_b,NIRISS_SOSS,obs10,SOSS_HDU3_ordem_1,jw05959010001_04102_00001-seg005_nis_x1dints.fits,seg005,3,55,60783.1852889348,TDB-MID,2054.183509384383,0.14455644306545778,2038,0.8515347326686116,2.827786714826026,1875,1.0010332492438287,1.0017983766952858
TOI-2076_b,NIRISS_SOSS,obs10,SOSS_HDU3_ordem_1,jw05959010001_04102_00001-seg005_nis_x1dints.fits,seg005,3,56,60783.18536600781,TDB-MID,2052.9331794054306,0.1445525816635505,2038,0.8515347326686116,2.827786714826026,1876,1.0004239454130173,1.0011886071505858
TOI-2076_b,NIRISS_SOSS,obs10,SOSS_HDU3_ordem_1,jw05959010001_04102_00001-seg005_nis_x1dints.fits,seg005,3,57,60783.185443080816,TDB-MID,2053.7590997315765,0.14455435118565352,2038,0.8515347326686116,2.827786714826026,1877,1.000826428299245,1.0015913976696569
TOI-2076_b,NIRISS_SOSS,obs10,SOSS_HDU3_ordem_1,jw05959010001_04102_00001-seg005_nis_x1dints.fits,seg005,3,58,60783.18552015382,TDB-MID,2044.910345782029,0.1445348811349956,2038,0.8515347326686116,2.827786714826026,1878,0.9965143028842526,0.9972759763346423
TOI-2076_b,NIRISS_SOSS,obs10,SOSS_HDU3_ordem_1,jw05959010001_04102_00001-seg005_nis_x1dints.fits,seg005,3,59,60783.185597226824,TDB-MID,2052.3406699122497,0.14455037191723444,2038,0.8515347326686116,2.827786714826026,1879,1.0001352069919087,1.0008996480358165
TOI-2076_b,NIRISS_SOSS,obs10,SOSS_HDU3_ordem_1,jw05959010001_04102_00001-seg005_nis_x1dints.fits,seg005,3,60,60783.18567429983,TDB-MID,2051.627143203403,0.1445475019010536,2038,0.8515347326686116,2.827786714826026,1880,0.9997874951363147,1.0005516704109423
TOI-2076_b,NIRISS_SOSS,obs10,SOSS_HDU3_ordem_1,jw05959010001_04102_00001-seg005_nis_x1dints.fits,seg005,3,61,60783.18575137284,TDB-MID,2050.692965438174,0.14454761478847147,2038,0.8515347326686116,2.827786714826026,1881,0.9993322568387494,1.0000960841575837
TOI-2076_b,NIRISS_SOSS,obs10,SOSS_HDU3_ordem_1,jw05959010001_04102_00001-seg005_nis_x1dints.fits,seg005,3,62,60783.18582844584,TDB-MID,2054.696262957973,0.14455701476709237,2038,0.8515347326686116,2.827786714826026,1882,1.0012831214550928,1.0020484398933014
TOI-2076_b,NIRISS_SOSS,obs10,SOSS_HDU3_ordem_1,jw05959010001_04102_00001-seg005_nis_x1dints.fits,seg005,3,63,60783.18590551885,TDB-MID,2052.3838113324828,0.1445526024261579,2038,0.8515347326686116,2.827786714826026,1883,1.0001562304281673,1.0009206875410799
TOI-2076_b,NIRISS_SOSS,obs10,SOSS_HDU3_ordem_1,jw05959010001_04102_00001-seg005_nis_x1dints.fits,seg005,3,64,60783.18598259186,TDB-MID,2054.6609856604728,0.14455696827474823,2038,0.8515347326686116,2.827786714826026,1884,1.0012659303192573,1.0020312356176324
TOI-2076_b,NIRISS_SOSS,obs10,SOSS_HDU3_ordem_1,jw05959010001_04102_00001-seg005_nis_x1dints.fits,seg005,3,65,60783.18605966486,TDB-MID,2053.0772327909776,0.144551679900918,2038,0.8515347326686116,2.827786714826026,1885,1.0004941447053102,1.0012588600988443
TOI-2076_b,NIRISS_SOSS,obs10,SOSS_HDU3_ordem_1,jw05959010001_04102_00001-seg005_nis_x1dints.fits,seg005,3,66,60783.186136737866,TDB-MID,2050.136326110346,0.14462859959226532,2038,0.8515347326686116,2.827786714826026,1886,0.9990609984665315,0.9998246184523655
TOI-2076_b,NIRISS_SOSS,obs10,SOSS_HDU3_ordem_1,jw05959010001_04102_00001-seg005_nis_x1dints.fits,seg005,3,67,60783.18621381088,TDB-MID,2048.922632675639,0.14454148079150375,2038,0.8515347326686116,2.827786714826026,1887,0.9984695481520973,0.9992327160701583
TOI-2076_b,NIRISS_SOSS,obs10,SOSS_HDU3_ordem_1,jw05959010001_04102_00001-seg005_nis_x1dints.fits,seg005,3,68,60783.18629088388,TDB-MID,2048.381880075757,0.14454101964975527,2038,0.8515347326686116,2.827786714826026,1888,0.9982060316115237,0.998968998113958
TOI-2076_b,NIRISS_SOSS,obs10,SOSS_HDU3_ordem_1,jw05959010001_04102_00001-seg005_nis_x1dints.fits,seg005,3,69,60783.18636795689,TDB-MID,2052.295168094543,0.144549751625667,2038,0.8515347326686116,2.827786714826026,1889,1.00011303329992,1.000877457395639
TOI-2076_b,NIRISS_SOSS,obs10,SOSS_HDU3_ordem_1,jw05959010001_04102_00001-seg005_nis_x1dints.fits,seg005,3,70,60783.186445029896,TDB-MID,2038.6873667617222,0.14452266245773066,2038,0.8515347326686116,2.827786714826026,1890,0.9934817554608041,0.9942411110208708
TOI-2076_b,NIRISS_SOSS,obs10,SOSS_HDU3_ordem_1,jw05959010001_04102_00001-seg005_nis_x1dints.fits,seg005,3,71,60783.1865221029,TDB-MID,2049.622014168469,0.14454657082590536,2038,0.8515347326686116,2.827786714826026,1891,0.9988103668399265,0.9995737952585595
TOI-2076_b,NIRISS_SOSS,obs10,SOSS_HDU3_ordem_1,jw05959010001_04102_00001-seg005_nis_x1dints.fits,seg005,3,72,60783.186599175904,TDB-MID,2045.0410814506631,0.1445371137111591,2038,0.8515347326686116,2.827786714826026,1892,0.9965780122610278,0.997339734406896
TOI-2076_b,NIRISS_SOSS,obs10,SOSS_HDU3_ordem_1,jw05959010001_04102_00001-seg005_nis_x1dints.fits,seg005,3,73,60783.18667624891,TDB-MID,2043.0148924822192,0.1445311995677181,2038,0.8515347326686116,2.827786714826026,1893,0.9955906211553173,0.9963515886009386
TOI-2076_b,NIRISS_SOSS,obs10,SOSS_HDU3_ordem_1,jw05959010001_04102_00001-seg005_nis_x1dints.fits,seg005,3,74,60783.18675332191,TDB-MID,2048.7591135534776,0.14454470615288148,2038,0.8515347326686116,2.827786714826026,1894,0.9983898629256204,0.9991529699372586
TOI-2076_b,NIRISS_SOSS,obs10,SOSS_HDU3_ordem_1,jw05959010001_04102_00001-seg005_nis_x1dints.fits,seg005,3,75,60783.18683039492,TDB-MID,2052.6336330484564,0.14455178219589288,2038,0.8515347326686116,2.827786714826026,1895,1.000277972153252,1.0010425223179547
TOI-2076_b,NIRISS_SOSS,obs10,SOSS_HDU3_ordem_1,jw05959010001_04102_00001-seg005_nis_x1dints.fits,seg005,3,76,60783.18690746793,TDB-MID,2049.835073098914,0.1445444667849225,2038,0.8515347326686116,2.827786714826026,1896,0.9989141935294358,0.9996777013067218
TOI-2076_b,NIRISS_SOSS,obs10,SOSS_HDU3_ordem_1,jw05959010001_04102_00001-seg005_nis_x1dints.fits,seg005,3,77,60783.18698454094,TDB-MID,2050.300285133478,0.14454788123469306,2038,0.8515347326686116,2.827786714826026,1897,0.9991408980630958,0.9999045791192036
TOI-2076_b,NIRISS_SOSS,obs10,SOSS_HDU3_ordem_1,jw05959010001_04102_00001-seg005_nis_x1dints.fits,seg005,3,78,60783.18706161394,TDB-MID,2051.8355053363766,0.144558920829507,2038,0.8515347326686116,2.827786714826026,1898,0.9998890330086795,1.000653285892531
TOI-2076_b,NIRISS_SOSS,obs10,SOSS_HDU3_ordem_1,jw05959010001_04102_00001-seg005_nis_x1dints.fits,seg005,3,79,60783.187138686946,TDB-MID,2053.1137626060568,0.14455481965964392,2038,0.8515347326686116,2.827786714826026,1899,1.0005119462110257,1.0012766752109217
TOI-2076_b,NIRISS_SOSS,obs10,SOSS_HDU3_ordem_1,jw05959010001_04102_00001-seg005_nis_x1dints.fits,seg005,3,80,60783.18721575996,TDB-MID,2057.5906833934046,0.1445606359745694,2038,0.8515347326686116,2.827786714826026,1900,1.002693614276168,1.0034600108072154
TOI-2076_b,NIRISS_SOSS,obs10,SOSS_HDU3_ordem_1,jw05959010001_04102_00001-seg005_nis_x1dints.fits,seg005,3,81,60783.18729283296,TDB-MID,2049.265068694851,0.144545344253128,2038,0.8515347326686116,2.827786714826026,1901,0.9986364221628193,0.9993997176289778
TOI-2076_b,NIRISS_SOSS,obs10,SOSS_HDU3_ordem_1,jw05959010001_04102_00001-seg005_nis_x1dints.fits,seg005,3,82,60783.187369905965,TDB-MID,2049.1676456351315,0.14454488516352804,2038,0.8515347326686116,2.827786714826026,1902,0.9985889465007977,0.9993522056795178
TOI-2076_b,NIRISS_SOSS,obs10,SOSS_HDU3_ordem_1,jw05959010001_04102_00001-seg005_nis_x1dints.fits,seg005,3,83,60783.18744697897,TDB-MID,2054.2113674264674,0.144553913229173,2038,0.8515347326686116,2.827786714826026,1903,1.0010468248695008,1.0018119626973205
TOI-2076_b,NIRISS_SOSS,obs10,SOSS_HDU3_ordem_1,jw05959010001_04102_00001-seg005_nis_x1dints.fits,seg005,3,84,60783.18752405197,TDB-MID,2050.738870544611,0.1445479229901733,2038,0.8515347326686116,2.827786714826026,1904,0.9993546270591527,1.0001184714763898
TOI-2076_b,NIRISS_SOSS,obs10,SOSS_HDU3_ordem_1,jw05959010001_04102_00001-seg005_nis_x1dints.fits,seg005,3,85,60783.18760112498,TDB-MID,2051.333591940841,0.14454670223475605,2038,0.8515347326686116,2.827786714826026,1905,0.9996444433725167,1.0004085093072883
TOI-2076_b,NIRISS_SOSS,obs10,SOSS_HDU3_ordem_1,jw05959010001_04102_00001-seg005_nis_x1dints.fits,seg005,3,86,60783.18767819799,TDB-MID,2042.7182272765522,0.14453166653954191,2038,0.8515347326686116,2.827786714826026,1906,0.9954460519221354,0.9962069088680416
TOI-2076_b,NIRISS_SOSS,obs10,SOSS_HDU3_ordem_1,jw05959010001_04102_00001-seg005_nis_x1dints.fits,seg005,3,87,60783.18775527099,TDB-MID,2051.246573975843,0.14454744276754472,2038,0.8515347326686116,2.827786714826026,1907,0.9996020382632134,1.0003660717861613
TOI-2076_b,NIRISS_SOSS,obs10,SOSS_HDU3_ordem_1,jw05959010001_04102_00001-seg005_nis_x1dints.fits,seg005,3,88,60783.187832344,TDB-MID,2055.754672951913,0.1445585228312092,2038,0.8515347326686116,2.827786714826026,1908,1.0017988999093672,1.002564612576493
TOI-2076_b,NIRISS_SOSS,obs10,SOSS_HDU3_ordem_1,jw05959010001_04102_00001-seg005_nis_x1dints.fits,seg005,3,89,60783.18790941701,TDB-MID,2047.232567490175,0.14454234696785123,2038,0.8515347326686116,2.827786714826026,1909,0.9976459550133588,0.9984084934281343
TOI-2076_b,NIRISS_SOSS,obs10,SOSS_HDU3_ordem_1,jw05959010001_04102_00001-seg005_nis_x1dints.fits,seg005,3,90,60783.18798649001,TDB-MID,2053.3778028975885,0.14455206089658593,2038,0.8515347326686116,2.827786714826026,1910,1.000640616853038,1.0014054442007565
TOI-2076_b,NIRISS_SOSS,obs10,SOSS_HDU3_ordem_1,jw05959010001_04102_00001-seg005_nis_x1dints.fits,seg005,3,91,60783.18806356302,TDB-MID,2049.117701276904,0.14454655903971375,2038,0.8515347326686116,2.827786714826026,1911,0.9985646078947434,0.9993278484705495
TOI-2076_b,NIRISS_SOSS,obs10,SOSS_HDU3_ordem_1,jw05959010001_04102_00001-seg005_nis_x1dints.fits,seg005,3,92,60783.188140636026,TDB-MID,2044.101472459446,0.14453173062724511,2038,0.8515347326686116,2.827786714826026,1912,0.9961201272487104,0.9968814994158014
TOI-2076_b,NIRISS_SOSS,obs10,SOSS_HDU3_ordem_1,jw05959010001_04102_00001-seg005_nis_x1dints.fits,seg005,3,93,60783.18821770903,TDB-MID,2053.220883017544,0.14455230132498934,2038,0.8515347326686116,2.827786714826026,1913,1.0005641475324176,1.0013289164317516
TOI-2076_b,NIRISS_SOSS,obs10,SOSS_HDU3_ordem_1,jw05959010001_04102_00001-seg005_nis_x1dints.fits,seg005,3,94,60783.18829478204,TDB-MID,2044.7506785148073,0.14453381179389774,2038,0.8515347326686116,2.827786714826026,1914,0.9964364947222385,0.9971981087009166
TOI-2076_b,NIRISS_SOSS,obs10,SOSS_HDU3_ordem_1,jw05959010001_04102_00001-seg005_nis_x1dints.fits,seg005,3,95,60783.188371855045,TDB-MID,2055.185985036155,0.14455849988613612,2038,0.8515347326686116,2.827786714826026,1915,1.001521770086488,1.0022872709328425
TOI-2076_b,NIRISS_SOSS,obs10,SOSS_HDU3_ordem_1,jw05959010001_04102_00001-seg005_nis_x1dints.fits,seg005,3,96,60783.18844892804,TDB-MID,2049.2581797216308,0.14454331589810596,2038,0.8515347326686116,2.827786714826026,1916,0.9986330650668175,0.999396357967021
TOI-2076_b,NIRISS_SOSS,obs10,SOSS_HDU3_ordem_1,jw05959010001_04102_00001-seg005_nis_x1dints.fits,seg005,3,97,60783.18852600105,TDB-MID,2055.27023415468,0.14455546004966754,2038,0.8515347326686116,2.827786714826026,1917,1.001562825896973,1.0023283581238314
TOI-2076_b,NIRISS_SOSS,obs10,SOSS_HDU3_ordem_1,jw05959010001_04102_00001-seg005_nis_x1dints.fits,seg005,3,98,60783.18860307406,TDB-MID,2051.2157851376874,0.14455031813361516,2038,0.8515347326686116,2.827786714826026,1918,0.9995870344183482,1.0003510564732918
TOI-2076_b,NIRISS_SOSS,obs10,SOSS_HDU3_ordem_1,jw05959010001_04102_00001-seg005_nis_x1dints.fits,seg005,3,99,60783.18868014706,TDB-MID,2064.1204993072906,0.14458026583235556,2038,0.8515347326686116,2.827786714826026,1919,1.0058756877430126,1.006644516452775
TOI-2076_b,NIRISS_SOSS,obs10,SOSS_HDU3_ordem_1,jw05959010001_04102_00001-seg005_nis_x1dints.fits,seg005,3,100,60783.18875722007,TDB-MID,2050.3208169438917,0.14455374661857884,2038,0.8515347326686116,2.827786714826026,1920,0.9991509035104169,0.9999145922140654
TOI-2076_b,NIRISS_SOSS,obs10,SOSS_HDU3_ordem_1,jw05959010001_04102_00001-seg005_nis_x1dints.fits,seg005,3,101,60783.188834293076,TDB-MID,2052.096750262218,0.14455117372232376,2038,0.8515347326686116,2.827786714826026,1921,1.0000163414286765,1.0007806916191528
TOI-2076_b,NIRISS_SOSS,obs10,SOSS_HDU3_ordem_1,jw05959010001_04102_00001-seg005_nis_x1dints.fits,seg005,3,102,60783.18891136608,TDB-MID,2047.077617728493,0.14453901980974992,2038,0.8515347326686116,2.827786714826026,1922,0.9975704457598293,0.9983329264600357
TOI-2076_b,NIRISS_SOSS,obs10,SOSS_HDU3_ordem_1,jw05959010001_04102_00001-seg005_nis_x1dints.fits,seg005,3,103,60783.18898843909,TDB-MID,2057.717035962669,0.14456051687146734,2038,0.8515347326686116,2.827786714826026,1923,1.002755187705408,1.0035216312993487
TOI-2076_b,NIRISS_SOSS,obs10,SOSS_HDU3_ordem_1,jw05959010001_04102_00001-seg005_nis_x1dints.fits,seg005,3,104,60783.189065512095,TDB-MID,2046.8561027720946,0.1445388035138707,2038,0.8515347326686116,2.827786714826026,1924,0.9974624983269216,0.9982248965188353
TOI-2076_b,NIRISS_SOSS,obs10,SOSS_HDU3_ordem_1,jw05959010001_04102_00001-seg005_nis_x1dints.fits,seg005,3,105,60783.189142585106,TDB-MID,2051.7836677073556,0.1445468312248328,2038,0.8515347326686116,2.827786714826026,1925,0.9998637717844632,1.0006280053602086
TOI-2076_b,NIRISS_SOSS,obs10,SOSS_HDU3_ordem_1,jw05959010001_04102_00001-seg005_nis_x1dints.fits,seg005,3,106,60783.18921965811,TDB-MID,2054.6904255867958,0.14455538180740551,2038,0.8515347326686116,2.827786714826026,1926,1.0012802768199325,1.002045593083879
TOI-2076_b,NIRISS_SOSS,obs10,SOSS_HDU3_ordem_1,jw05959010001_04102_00001-seg005_nis_x1dints.fits,seg005,3,107,60783.189296731114,TDB-MID,2051.5198289111577,0.14454731576533553,2038,0.8515347326686116,2.827786714826026,1927,0.9997351993340331,1.0004993346370075
TOI-2076_b,NIRISS_SOSS,obs10,SOSS_HDU3_ordem_1,jw05959010001_04102_00001-seg005_nis_x1dints.fits,seg005,3,108,60783.18937380412,TDB-MID,2044.5020501806164,0.14453406876755734,2038,0.8515347326686116,2.827786714826026,1928,0.9963153345493073,0.9970768559206976
TOI-2076_b,NIRISS_SOSS,obs10,SOSS_HDU3_ordem_1,jw05959010001_04102_00001-seg005_nis_x1dints.fits,seg005,3,109,60783.18945087712,TDB-MID,2047.1565754311155,0.1445354581058292,2038,0.8515347326686116,2.827786714826026,1929,0.9976089229870333,0.9983714330968348
TOI-2076_b,NIRISS_SOSS,obs10,SOSS_HDU3_ordem_1,jw05959010001_04102_00001-seg005_nis_x1dints.fits,seg005,3,110,60783.189527950126,TDB-MID,2045.8582356520865,0.14453575627517884,2038,0.8515347326686116,2.827786714826026,1930,0.9969762232882544,0.9977382498018235
TOI-2076_b,NIRISS_SOSS,obs10,SOSS_HDU3_ordem_1,jw05959010001_04102_00001-seg005_nis_x1dints.fits,seg005,3,111,60783.18960502314,TDB-MID,2057.667102730463,0.14456314124928135,2038,0.8515347326686116,2.827786714826026,1931,1.0027308545212246,1.0034972795163952
TOI-2076_b,NIRISS_SOSS,obs10,SOSS_HDU3_ordem_1,jw05959010001_04102_00001-seg005_nis_x1dints.fits,seg005,3,112,60783.18968209614,TDB-MID,2054.516869246675,0.14455561294045624,2038,0.8515347326686116,2.827786714826026,1932,1.0011957003123886,1.001960951931322
TOI-2076_b,NIRISS_SOSS,obs10,SOSS_HDU3_ordem_1,jw05959010001_04102_00001-seg005_nis_x1dints.fits,seg005,3,113,60783.189759169145,TDB-MID,2049.110525082179,0.14454601306366824,2038,0.8515347326686116,2.827786714826026,1933,0.9985611108315599,0.9993243487344287
TOI-2076_b,NIRISS_SOSS,obs10,SOSS_HDU3_ordem_1,jw05959010001_04102_00001-seg005_nis_x1dints.fits,seg005,3,114,60783.189836242156,TDB-MID,2042.5714350356643,0.14453046087379792,2038,0.8515347326686116,2.827786714826026,1934,0.9953745179461355,0.996135320215927
TOI-2076_b,NIRISS_SOSS,obs10,SOSS_HDU3_ordem_1,jw05959010001_04102_00001-seg005_nis_x1dints.fits,seg005,3,115,60783.18991331516,TDB-MID,2053.9723339224,0.14455488180843226,2038,0.8515347326686116,2.827786714826026,1935,1.0009303403956642,1.0016953891900091
TOI-2076_b,NIRISS_SOSS,obs10,SOSS_HDU3_ordem_1,jw05959010001_04102_00001-seg005_nis_x1dints.fits,seg005,3,116,60783.189990388164,TDB-MID,2052.359325257008,0.1445710025184379,2038,0.8515347326686116,2.827786714826026,1936,1.000144298010454,1.00090874600297
TOI-2076_b,NIRISS_SOSS,obs10,SOSS_HDU3_ordem_1,jw05959010001_04102_00001-seg005_nis_x1dints.fits,seg005,3,117,60783.190067461175,TDB-MID,2055.717554999861,0.14466145534904903,2038,0.8515347326686116,2.827786714826026,1937,1.0017808117960227,1.0025465106377218
TOI-2076_b,NIRISS_SOSS,obs10,SOSS_HDU3_ordem_1,jw05959010001_04102_00001-seg005_nis_x1dints.fits,seg005,3,118,60783.19014453418,TDB-MID,2054.937889505435,0.14455768537438374,2038,0.8515347326686116,2.827786714826026,1938,1.0014008695563723,1.0021662779938936
TOI-2076_b,NIRISS_SOSS,obs10,SOSS_HDU3_ordem_1,jw05959010001_04102_00001-seg005_nis_x1dints.fits,seg005,3,119,60783.19022160718,TDB-MID,2048.5953725139098,0.14454313065890304,2038,0.8515347326686116,2.827786714826026,1939,0.9983100695555907,0.9990731155781479
TOI-2076_b,NIRISS_SOSS,obs10,SOSS_HDU3_ordem_1,jw05959010001_04102_00001-seg005_nis_x1dints.fits,seg005,3,120,60783.19029868019,TDB-MID,2050.746960794329,0.1445479795415853,2038,0.8515347326686116,2.827786714826026,1940,0.9993585695545165,1.0001224169851515
TOI-2076_b,NIRISS_SOSS,obs10,SOSS_HDU3_ordem_1,jw05959010001_04102_00001-seg005_nis_x1dints.fits,seg005,3,121,60783.19037575319,TDB-MID,2044.0809549622636,0.14453465655076606,2038,0.8515347326686116,2.827786714826026,1941,0.9961101287764331,0.9968714933013149
TOI-2076_b,NIRISS_SOSS,obs10,SOSS_HDU3_ordem_1,jw05959010001_04102_00001-seg005_nis_x1dints.fits,seg005,3,122,60783.190452826195,TDB-MID,2050.156108504514,0.1445442146235695,2038,0.8515347326686116,2.827786714826026,1942,0.9990706387125082,0.9998342660667457
TOI-2076_b,NIRISS_SOSS,obs10,SOSS_HDU3_ordem_1,jw05959010001_04102_00001-seg005_nis_x1dints.fits,seg005,3,123,60783.190529899206,TDB-MID,2049.376923486588,0.1445523419155976,2038,0.8515347326686116,2.827786714826026,1943,0.9986909306159856,0.9994542677450099
TOI-2076_b,NIRISS_SOSS,obs10,SOSS_HDU3_ordem_1,jw05959010001_04102_00001-seg005_nis_x1dints.fits,seg005,3,124,60783.19060697221,TDB-MID,2051.168399528363,0.144548889419529,2038,0.8515347326686116,2.827786714826026,1944,0.9995639427275363,1.00032794713263
TOI-2076_b,NIRISS_SOSS,obs10,SOSS_HDU3_ordem_1,jw05959010001_04102_00001-seg005_nis_x1dints.fits,seg005,3,125,60783.190684045214,TDB-MID,2047.9049454879198,0.14454155968858753,2038,0.8515347326686116,2.827786714826026,1945,0.9979736145085927,0.9987364033658731
TOI-2076_b,NIRISS_SOSS,obs10,SOSS_HDU3_ordem_1,jw05959010001_04102_00001-seg005_nis_x1dints.fits,seg005,3,126,60783.190761118225,TDB-MID,2048.7810114404188,0.14454470135239178,2038,0.8515347326686116,2.827786714826026,1946,0.9984005340817348,0.9991636492497399
TOI-2076_b,NIRISS_SOSS,obs10,SOSS_HDU3_ordem_1,jw05959010001_04102_00001-seg005_nis_x1dints.fits,seg005,3,127,60783.19083819123,TDB-MID,2049.8850899465783,0.14454638973702977,2038,0.8515347326686116,2.827786714826026,1947,0.9989385674606379,0.9997020938678385
TOI-2076_b,NIRISS_SOSS,obs10,SOSS_HDU3_ordem_1,jw05959010001_04102_00001-seg005_nis_x1dints.fits,seg005,3,128,60783.19091526423,TDB-MID,2050.977077121139,0.144547618439507,2038,0.8515347326686116,2.827786714826026,1948,0.9994707085592734,1.0002346417019774
TOI-2076_b,NIRISS_SOSS,obs10,SOSS_HDU3_ordem_1,jw05959010001_04102_00001-seg005_nis_x1dints.fits,seg005,3,129,60783.190992337244,TDB-MID,2046.8703595613333,0.14453895705674613,2038,0.8515347326686116,2.827786714826026,1949,0.9974694458659269,0.9982318493681065
TOI-2076_b,NIRISS_SOSS,obs10,SOSS_HDU3_ordem_1,jw05959010001_04102_00001-seg005_nis_x1dints.fits,seg005,3,130,60783.19106941025,TDB-MID,2054.784428560919,0.1445559577854461,2038,0.8515347326686116,2.827786714826026,1950,1.0013260858249193,1.0020914371024154
TOI-2076_b,NIRISS_SOSS,obs10,SOSS_HDU3_ordem_1,jw05959010001_04102_00001-seg005_nis_x1dints.fits,seg005,3,131,60783.19114648325,TDB-MID,2056.2772404267207,0.1445583397261456,2038,0.8515347326686116,2.827786714826026,1951,1.0020535545762292,1.0028194618855175
TOI-2076_b,NIRISS_SOSS,obs10,SOSS_HDU3_ordem_1,jw05959010001_04102_00001-seg005_nis_x1dints.fits,seg005,3,132,60783.191223556256,TDB-MID,2049.6086712957335,0.14453972516362812,2038,0.8515347326686116,2.827786714826026,1952,0.9988038646656137,0.9995672881143897
TOI-2076_b,NIRISS_SOSS,obs10,SOSS_HDU3_ordem_1,jw05959010001_04102_00001-seg005_nis_x1dints.fits,seg005,3,133,60783.19130062926,TDB-MID,2054.31227745437,0.14455996597227228,2038,0.8515347326686116,2.827786714826026,1953,1.0010959997814068,1.0018611751954656
TOI-2076_b,NIRISS_SOSS,obs10,SOSS_HDU3_ordem_1,jw05959010001_04102_00001-seg005_nis_x1dints.fits,seg005,3,134,60783.191377702264,TDB-MID,2050.2819836991703,0.14454450260233923,2038,0.8515347326686116,2.827786714826026,1954,0.999131979510217,0.9998956537495387
TOI-2076_b,NIRISS_SOSS,obs10,SOSS_HDU3_ordem_1,jw05959010001_04102_00001-seg005_nis_x1dints.fits,seg005,3,135,60783.19145477527,TDB-MID,2054.302547409588,0.1445611661820241,2038,0.8515347326686116,2.827786714826026,1955,1.0010912581902593,1.0018564299801411
TOI-2076_b,NIRISS_SOSS,obs10,SOSS_HDU3_ordem_1,jw05959010001_04102_00001-seg005_nis_x1dints.fits,seg005,3,136,60783.19153184828,TDB-MID,2048.9627448340075,0.14454254489778662,2038,0.8515347326686116,2.827786714826026,1956,0.9984890953853618,0.9992522782441101
TOI-2076_b,NIRISS_SOSS,obs10,SOSS_HDU3_ordem_1,jw05959010001_04102_00001-seg005_nis_x1dints.fits,seg005,3,137,60783.19160892128,TDB-MID,2046.7410294721903,0.1445393771967364,2038,0.8515347326686116,2.827786714826026,1957,0.9974064214483087,0.99816877677855
TOI-2076_b,NIRISS_SOSS,obs10,SOSS_HDU3_ordem_1,jw05959010001_04102_00001-seg005_nis_x1dints.fits,seg005,3,138,60783.19168599429,TDB-MID,2054.4296538723434,0.14455448177744828,2038,0.8515347326686116,2.827786714826026,1958,1.00115319900267,1.00191841813625
TOI-2076_b,NIRISS_SOSS,obs10,SOSS_HDU3_ordem_1,jw05959010001_04102_00001-seg005_nis_x1dints.fits,seg005,3,139,60783.1917630673,TDB-MID,2054.7348759881825,0.1445557973816054,2038,0.8515347326686116,2.827786714826026,1959,1.001301938141585,1.0020672709620964
TOI-2076_b,NIRISS_SOSS,obs10,SOSS_HDU3_ordem_1,jw05959010001_04102_00001-seg005_nis_x1dints.fits,seg005,3,140,60783.1918401403,TDB-MID,2049.7181596441865,0.1445452459726395,2038,0.8515347326686116,2.827786714826026,1960,0.9988572199168391,0.9996206841470451
TOI-2076_b,NIRISS_SOSS,obs10,SOSS_HDU3_ordem_1,jw05959010001_04102_00001-seg005_nis_x1dints.fits,seg005,3,141,60783.191917213306,TDB-MID,2050.3060458887567,0.14454571231713328,2038,0.8515347326686116,2.827786714826026,1961,0.9991437053622237,0.9999073885640561
TOI-2076_b,NIRISS_SOSS,obs10,SOSS_HDU3_ordem_1,jw05959010001_04102_00001-seg005_nis_x1dints.fits,seg005,3,142,60783.19199428632,TDB-MID,2048.287293687304,0.14454198262133458,2038,0.8515347326686116,2.827786714826026,1962,0.99815993830032,0.9989228695718989
TOI-2076_b,NIRISS_SOSS,obs10,SOSS_HDU3_ordem_1,jw05959010001_04102_00001-seg005_nis_x1dints.fits,seg005,3,143,60783.19207135932,TDB-MID,2046.5802718260213,0.14453857953967425,2038,0.8515347326686116,2.827786714826026,1963,0.9973280819289083,0.9980903773813015
TOI-2076_b,NIRISS_SOSS,obs10,SOSS_HDU3_ordem_1,jw05959010001_04102_00001-seg005_nis_x1dints.fits,seg005,3,144,60783.192148432325,TDB-MID,2053.526899466185,0.1445531605836442,2038,0.8515347326686116,2.827786714826026,1964,1.000713273761163,1.0014781566432955
TOI-2076_b,NIRISS_SOSS,obs10,SOSS_HDU3_ordem_1,jw05959010001_04102_00001-seg005_nis_x1dints.fits,seg005,3,145,60783.19222550533,TDB-MID,2045.595838049807,0.1445370096355185,2038,0.8515347326686116,2.827786714826026,1965,0.9968483531524056,0.997610281930009
TOI-2076_b,NIRISS_SOSS,obs10,SOSS_HDU3_ordem_1,jw05959010001_04102_00001-seg005_nis_x1dints.fits,seg005,3,146,60783.19230257833,TDB-MID,2044.0789723325477,0.14453379606424482,2038,0.8515347326686116,2.827786714826026,1966,0.9961091626123794,0.9968705263987855
TOI-2076_b,NIRISS_SOSS,obs10,SOSS_HDU3_ordem_1,jw05959010001_04102_00001-seg005_nis_x1dints.fits,seg005,3,147,60783.19237965134,TDB-MID,2046.7519566404567,0.1445342758009889,2038,0.8515347326686116,2.827786714826026,1967,0.9974117464149949,0.9981741058153089
TOI-2076_b,NIRISS_SOSS,obs10,SOSS_HDU3_ordem_1,jw05959010001_04102_00001-seg005_nis_x1dints.fits,seg005,3,148,60783.19245672435,TDB-MID,2053.2798042804056,0.14455165063684886,2038,0.8515347326686116,2.827786714826026,1968,1.0005928607135637,1.0013576515594644
TOI-2076_b,NIRISS_SOSS,obs10,SOSS_HDU3_ordem_1,jw05959010001_04102_00001-seg005_nis_x1dints.fits,seg005,3,149,60783.19253379735,TDB-MID,2061.603998724164,0.14457131979975124,2038,0.8515347326686116,2.827786714826026,1969,1.0046493607162679,1.005417252098051
TOI-2076_b,NIRISS_SOSS,obs10,SOSS_HDU3_ordem_1,jw05959010001_04102_00001-seg005_nis_x1dints.fits,seg005,3,150,60783.192610870356,TDB-MID,2046.5436243158958,0.144544611088698,2038,0.8515347326686116,2.827786714826026,1970,0.9973102230686994,0.9980725048708924
TOI-2076_b,NIRISS_SOSS,obs10,SOSS_HDU3_ordem_1,jw05959010001_04102_00001-seg005_nis_x1dints.fits,seg005,3,151,60783.19268794336,TDB-MID,2055.6744262294164,0.14455838467132381,2038,0.8515347326686116,2.827786714826026,1971,1.0017597945241885,1.0025254773015944
TOI-2076_b,NIRISS_SOSS,obs10,SOSS_HDU3_ordem_1,jw05959010001_04102_00001-seg005_nis_x1dints.fits,seg005,3,152,60783.19276501637,TDB-MID,2059.436351473664,0.1445658868293119,2038,0.8515347326686116,2.827786714826026,1972,1.0035930349496218,1.004360118941798
TOI-2076_b,NIRISS_SOSS,obs10,SOSS_HDU3_ordem_1,jw05959010001_04102_00001-seg005_nis_x1dints.fits,seg005,3,153,60783.192842089375,TDB-MID,2043.2935225491406,0.14453190897957013,2038,0.8515347326686116,2.827786714826026,1973,0.9957264016052882,0.9964874728330265
TOI-2076_b,NIRISS_SOSS,obs10,SOSS_HDU3_ordem_1,jw05959010001_04102_00001-seg005_nis_x1dints.fits,seg005,3,154,60783.19291916238,TDB-MID,2048.2023488128234,0.14454256663716772,2038,0.8515347326686116,2.827786714826026,1974,0.9981185434379235,0.9988814430698485
TOI-2076_b,NIRISS_SOSS,obs10,SOSS_HDU3_ordem_1,jw05959010001_04102_00001-seg005_nis_x1dints.fits,seg005,3,155,60783.19299623539,TDB-MID,2050.962731459538,0.14454802734918382,2038,0.8515347326686116,2.827786714826026,1975,0.9994637177114846,1.00022764551082
TOI-2076_b,NIRISS_SOSS,obs10,SOSS_HDU3_ordem_1,jw05959010001_04102_00001-seg005_nis_x1dints.fits,seg005,3,156,60783.19307330839,TDB-MID,2052.2063332380276,0.1445560337223055,2038,0.8515347326686116,2.827786714826026,1976,1.0000697427931773,1.00083413380033
TOI-2076_b,NIRISS_SOSS,obs10,SOSS_HDU3_ordem_1,jw05959010001_04102_00001-seg005_nis_x1dints.fits,seg005,3,157,60783.19315038139,TDB-MID,2048.028001637612,0.14454146160255082,2038,0.8515347326686116,2.827786714826026,1977,0.9980335815450346,0.9987964162373818
TOI-2076_b,NIRISS_SOSS,obs10,SOSS_HDU3_ordem_1,jw05959010001_04102_00001-seg005_nis_x1dints.fits,seg005,3,158,60783.1932274544,TDB-MID,2052.9841063799036,0.14455263846564,2038,0.8515347326686116,2.827786714826026,1978,1.000448762862139,1.0012134435686193
TOI-2076_b,NIRISS_SOSS,obs10,SOSS_HDU3_ordem_1,jw05959010001_04102_00001-seg005_nis_x1dints.fits,seg005,3,159,60783.193304527405,TDB-MID,2050.6504466040196,0.14454694922483,2038,0.8515347326686116,2.827786714826026,1979,0.9993115367976659,1.0000753482793916
TOI-2076_b,NIRISS_SOSS,obs10,SOSS_HDU3_ordem_1,jw05959010001_04102_00001-seg005_nis_x1dints.fits,seg005,3,160,60783.19338160041,TDB-MID,2045.7920489714181,0.1445447552889017,2038,0.8515347326686116,2.827786714826026,1980,0.9969439695642306,0.9977059714250623
TOI-2076_b,NIRISS_SOSS,obs10,SOSS_HDU3_ordem_1,jw05959010001_04102_00001-seg005_nis_x1dints.fits,seg005,3,161,60783.19345867341,TDB-MID,2044.3138477435505,0.14453345460012082,2038,0.8515347326686116,2.827786714826026,1981,0.9962236207874984,0.9969850720586028
TOI-2076_b,NIRISS_SOSS,obs10,SOSS_HDU3_ordem_1,jw05959010001_04102_00001-seg005_nis_x1dints.fits,seg005,3,162,60783.193535746424,TDB-MID,2051.2576006567924,0.14454778200810683,2038,0.8515347326686116,2.827786714826026,1982,0.999607411723865,1.0003714493539515
TOI-2076_b,NIRISS_SOSS,obs10,SOSS_HDU3_ordem_1,jw05959010001_04102_00001-seg005_nis_x1dints.fits,seg005,3,163,60783.19361281943,TDB-MID,2045.3373835192547,0.14453820343544274,2038,0.8515347326686116,2.827786714826026,1983,0.9967224045322757,0.9974842370426005
TOI-2076_b,NIRISS_SOSS,obs10,SOSS_HDU3_ordem_1,jw05959010001_04102_00001-seg005_nis_x1dints.fits,seg005,3,164,60783.19368989243,TDB-MID,2051.2595688340575,0.14454550732758908,2038,0.8515347326686116,2.827786714826026,1984,0.9996083708450311,1.00037240920821
TOI-2076_b,NIRISS_SOSS,obs10,SOSS_HDU3_ordem_1,jw05959010001_04102_00001-seg005_nis_x1dints.fits,seg005,3,165,60783.19376696544,TDB-MID,2046.620740469701,0.1445400820016639,2038,0.8515347326686116,2.827786714826026,1985,0.997347802882606,0.9981101134084677
TOI-2076_b,NIRISS_SOSS,obs10,SOSS_HDU3_ordem_1,jw05959010001_04102_00001-seg005_nis_x1dints.fits,seg005,3,166,60783.19384403845,TDB-MID,2049.882547232206,0.14454472875695923,2038,0.8515347326686116,2.827786714826026,1986,0.9989373283592536,0.9997008538193622
TOI-2076_b,NIRISS_SOSS,obs10,SOSS_HDU3_ordem_1,jw05959010001_04102_00001-seg005_nis_x1dints.fits,seg005,3,167,60783.19392111145,TDB-MID,2049.3372480480593,0.14454420719645653,2038,0.8515347326686116,2.827786714826026,1987,0.9986715962025975,0.9994349185536006
TOI-2076_b,NIRISS_SOSS,obs10,SOSS_HDU3_ordem_1,jw05959010001_04102_00001-seg005_nis_x1dints.fits,seg005,3,168,60783.19399818446,TDB-MID,2057.217082760144,0.14459948389962374,2038,0.8515347326686116,2.827786714826026,1988,1.002511553299569,1.0032778106745481
TOI-2076_b,NIRISS_SOSS,obs10,SOSS_HDU3_ordem_1,jw05959010001_04102_00001-seg005_nis_x1dints.fits,seg005,3,169,60783.19407525746,TDB-MID,2058.718806547835,0.14456476562158813,2038,0.8515347326686116,2.827786714826026,1989,1.0032433649589418,1.0040101816851617
TOI-2076_b,NIRISS_SOSS,obs10,SOSS_HDU3_ordem_1,jw05959010001_04102_00001-seg005_nis_x1dints.fits,seg005,3,170,60783.19415233046,TDB-MID,2053.646137480947,0.14455283901312424,2038,0.8515347326686116,2.827786714826026,1990,1.0007713801653888,1.0015363074604369
TOI-2076_b,NIRISS_SOSS,obs10,SOSS_HDU3_ordem_1,jw05959010001_04102_00001-seg005_nis_x1dints.fits,seg005,3,171,60783.19422940347,TDB-MID,2053.543377718489,0.14455128676622908,2038,0.8515347326686116,2.827786714826026,1991,1.0007213038511575,1.0014861928709906
TOI-2076_b,NIRISS_SOSS,obs10,SOSS_HDU3_ordem_1,jw05959010001_04102_00001-seg005_nis_x1dints.fits,seg005,3,172,60783.19430647648,TDB-MID,2053.6750328188605,0.14455402753670815,2038,0.8515347326686116,2.827786714826026,1992,1.0007854612802782,1.0015503993380532
TOI-2076_b,NIRISS_SOSS,obs10,SOSS_HDU3_ordem_1,jw05959010001_04102_00001-seg005_nis_x1dints.fits,seg005,3,173,60783.19438354948,TDB-MID,2053.184206062392,0.14455373651315936,2038,0.8515347326686116,2.827786714826026,1993,1.0005462743232227,1.001311029561389
TOI-2076_b,NIRISS_SOSS,obs10,SOSS_HDU3_ordem_1,jw05959010001_04102_00001-seg005_nis_x1dints.fits,seg005,3,174,60783.194460622486,TDB-MID,2036.3618901770087,0.14451993018855858,2038,0.8515347326686116,2.827786714826026,1994,0.9923485171834051,0.9931070065667331
TOI-2076_b,NIRISS_SOSS,obs10,SOSS_HDU3_ordem_1,jw05959010001_04102_00001-seg005_nis_x1dints.fits,seg005,3,175,60783.1945376955,TDB-MID,2047.1483268652346,0.14453995922127272,2038,0.8515347326686116,2.827786714826026,1995,0.99760490334192,0.9983674103793553
TOI-2076_b,NIRISS_SOSS,obs10,SOSS_HDU3_ordem_1,jw05959010001_04102_00001-seg005_nis_x1dints.fits,seg005,3,176,60783.1946147685,TDB-MID,2049.239517819802,0.1445456450564297,2038,0.8515347326686116,2.827786714826026,1996,0.9986239708529173,0.9993872568020702
TOI-2076_b,NIRISS_SOSS,obs10,SOSS_HDU3_ordem_1,jw05959010001_04102_00001-seg005_nis_x1dints.fits,seg005,3,177,60783.194691841505,TDB-MID,2053.271653735706,0.14455643204935198,2038,0.8515347326686116,2.827786714826026,1997,1.0005888888355856,1.0013536766456301
TOI-2076_b,NIRISS_SOSS,obs10,SOSS_HDU3_ordem_1,jw05959010001_04102_00001-seg005_nis_x1dints.fits,seg005,3,178,60783.19476891451,TDB-MID,2045.7510470561053,0.14453766490898173,2038,0.8515347326686116,2.827786714826026,1998,0.9969239887395753,0.9976859753283095
TOI-2076_b,NIRISS_SOSS,obs10,SOSS_HDU3_ordem_1,jw05959010001_04102_00001-seg005_nis_x1dints.fits,seg005,3,179,60783.19484598752,TDB-MID,2050.9178051964013,0.14454896410871707,2038,0.8515347326686116,2.827786714826026,1999,0.9994418244955383,1.0002057355610634
TOI-2076_b,NIRISS_SOSS,obs10,SOSS_HDU3_ordem_1,jw05959010001_04102_00001-seg005_nis_x1dints.fits,seg005,3,180,60783.19492306052,TDB-MID,2047.7910490084782,0.14454294407265417,2038,0.8515347326686116,2.827786714826026,2000,0.9979181111115631,0.9986808575455048
TOI-2076_b,NIRISS_SOSS,obs10,SOSS_HDU3_ordem_1,jw05959010001_04102_00001-seg005_nis_x1dints.fits,seg005,3,181,60783.19500013352,TDB-MID,2047.0123705319945,0.14454056400039073,2038,0.8515347326686116,2.827786714826026,2001,0.9975386498599906,0.9983011062573919
TOI-2076_b,NIRISS_SOSS,obs10,SOSS_HDU3_ordem_1,jw05959010001_04102_00001-seg005_nis_x1dints.fits,seg005,3,182,60783.19507720653,TDB-MID,2056.641357294341,0.14455963231777527,2038,0.8515347326686116,2.827786714826026,2002,1.0022309939770584,1.0029970369099703
TOI-2076_b,NIRISS_SOSS,obs10,SOSS_HDU3_ordem_1,jw05959010001_04102_00001-seg005_nis_x1dints.fits,seg005,3,183,60783.195154279536,TDB-MID,2049.914499664139,0.14455020365338922,2038,0.8515347326686116,2.827786714826026,2003,0.9989528992401476,0.9997164366016675
TOI-2076_b,NIRISS_SOSS,obs10,SOSS_HDU3_ordem_1,jw05959010001_04102_00001-seg005_nis_x1dints.fits,seg005,3,184,60783.19523135254,TDB-MID,2052.166927649059,0.1445508842745145,2038,0.8515347326686116,2.827786714826026,2004,1.0000505398813715,1.0008149162110147
TOI-2076_b,NIRISS_SOSS,obs10,SOSS_HDU3_ordem_1,jw05959010001_04102_00001-seg005_nis_x1dints.fits,seg005,3,185,60783.195308425544,TDB-MID,2053.0453757929636,0.14455093358065785,2038,0.8515347326686116,2.827786714826026,2005,1.0004786203307412,1.0012433238584106
TOI-2076_b,NIRISS_SOSS,obs10,SOSS_HDU3_ordem_1,jw05959010001_04102_00001-seg005_nis_x1dints.fits,seg005,3,186,60783.195385498555,TDB-MID,2058.260271904962,0.14456360716047195,2038,0.8515347326686116,2.827786714826026,2006,1.0030199144145533,1.0037865603490979
TOI-2076_b,NIRISS_SOSS,obs10,SOSS_HDU3_ordem_1,jw05959010001_04102_00001-seg005_nis_x1dints.fits,seg005,3,187,60783.19546257156,TDB-MID,2047.3410072656159,0.14454194043087484,2038,0.8515347326686116,2.827786714826026,2007,0.9976987992798331,0.9984613780854736
TOI-2076_b,NIRISS_SOSS,obs10,SOSS_HDU3_ordem_1,jw05959010001_04102_00001-seg005_nis_x1dints.fits,seg005,3,188,60783.19553964456,TDB-MID,2057.7306072402644,0.1445607266206638,2038,0.8515347326686116,2.827786714826026,2008,1.0027618011847033,1.0035282498335754
TOI-2076_b,NIRISS_SOSS,obs10,SOSS_HDU3_ordem_1,jw05959010001_04102_00001-seg005_nis_x1dints.fits,seg005,3,189,60783.19561671757,TDB-MID,2055.9163352234686,0.14455748900827853,2038,0.8515347326686116,2.827786714826026,2009,1.0018776802657647,1.002643453147687
TOI-2076_b,NIRISS_SOSS,obs10,SOSS_HDU3_ordem_1,jw05959010001_04102_00001-seg005_nis_x1dints.fits,seg005,3,190,60783.19569379058,TDB-MID,2054.416585738495,0.14455074651215416,2038,0.8515347326686116,2.827786714826026,2010,1.001146830712579,1.001912044978635
TOI-2076_b,NIRISS_SOSS,obs10,SOSS_HDU3_ordem_1,jw05959010001_04102_00001-seg005_nis_x1dints.fits,seg005,3,191,60783.19577086358,TDB-MID,2053.5800721499963,0.14455381899775738,2038,0.8515347326686116,2.827786714826026,2011,1.0007391855768324,1.0015040882643427
TOI-2076_b,NIRISS_SOSS,obs10,SOSS_HDU3_ordem_1,jw05959010001_04102_00001-seg005_nis_x1dints.fits,seg005,3,192,60783.195847936586,TDB-MID,2054.219576751464,0.14455416643676258,2038,0.8515347326686116,2.827786714826026,2012,1.0010508253919654,1.0018159662775352
TOI-2076_b,NIRISS_SOSS,obs10,SOSS_HDU3_ordem_1,jw05959010001_04102_00001-seg005_nis_x1dints.fits,seg005,3,193,60783.19592500959,TDB-MID,2048.925243735735,0.14454162078665575,2038,0.8515347326686116,2.827786714826026,2013,0.9984708205593386,0.9992339894499482
TOI-2076_b,NIRISS_SOSS,obs10,SOSS_HDU3_ordem_1,jw05959010001_04102_00001-seg005_nis_x1dints.fits,seg005,3,194,60783.19600208259,TDB-MID,2039.8486147111842,0.14452380478516738,2038,0.8515347326686116,2.827786714826026,2014,0.9940476483339175,0.9948074364272412
TOI-2076_b,NIRISS_SOSS,obs10,SOSS_HDU3_ordem_1,jw05959010001_04102_00001-seg005_nis_x1dints.fits,seg005,3,195,60783.1960791556,TDB-MID,2049.9516172622925,0.14454503508062602,2038,0.8515347326686116,2.827786714826026,2015,0.9989709871810323,0.9997345383678473
TOI-2076_b,NIRISS_SOSS,obs10,SOSS_HDU3_ordem_1,jw05959010001_04102_00001-seg005_nis_x1dints.fits,seg005,3,196,60783.1961562286,TDB-MID,2054.890006292292,0.1445553663120906,2038,0.8515347326686116,2.827786714826026,2016,1.0013775353760435,1.002142925978371
TOI-2076_b,NIRISS_SOSS,obs10,SOSS_HDU3_ordem_1,jw05959010001_04102_00001-seg005_nis_x1dints.fits,seg005,3,197,60783.19623330161,TDB-MID,2045.1669982003878,0.14453546378257867,2038,0.8515347326686116,2.827786714826026,2017,0.9966393733091208,0.9974011423555514
TOI-2076_b,NIRISS_SOSS,obs10,SOSS_HDU3_ordem_1,jw05959010001_04102_00001-seg005_nis_x1dints.fits,seg005,3,198,60783.19631037462,TDB-MID,2046.2021290006091,0.14453628714468705,2038,0.8515347326686116,2.827786714826026,2018,0.997143807476567,0.997905962081049
TOI-2076_b,NIRISS_SOSS,obs10,SOSS_HDU3_ordem_1,jw05959010001_04102_00001-seg005_nis_x1dints.fits,seg005,3,199,60783.19638744762,TDB-MID,2062.3880858889634,0.144570631600545,2038,0.8515347326686116,2.827786714826026,2019,1.00503145769966,1.0057996411325727
TOI-2076_b,NIRISS_SOSS,obs10,SOSS_HDU3_ordem_1,jw05959010001_04102_00001-seg005_nis_x1dints.fits,seg005,3,200,60783.196464520624,TDB-MID,2046.496892608897,0.1445357599513724,2038,0.8515347326686116,2.827786714826026,2020,0.9972874500339214,0.9980497144298254
TOI-2076_b,NIRISS_SOSS,obs10,SOSS_HDU3_ordem_1,jw05959010001_04102_00001-seg005_nis_x1dints.fits,seg005,3,201,60783.196541593636,TDB-MID,2056.5286953323102,0.14455801549252675,2038,0.8515347326686116,2.827786714826026,2021,1.0021760921781673,1.0029420931475643
TOI-2076_b,NIRISS_SOSS,obs10,SOSS_HDU3_ordem_1,jw05959010001_04102_00001-seg005_nis_x1dints.fits,seg005,3,202,60783.19661866664,TDB-MID,2050.028088928476,0.1445999382764804,2038,0.8515347326686116,2.827786714826026,2022,0.999008252926826,0.9997718325972555
TOI-2076_b,NIRISS_SOSS,obs10,SOSS_HDU3_ordem_1,jw05959010001_04102_00001-seg005_nis_x1dints.fits,seg005,3,203,60783.19669573964,TDB-MID,2042.135798804708,0.14452703009790477,2038,0.8515347326686116,2.827786714826026,2023,0.9951622261281112,0.9959228661352629
TOI-2076_b,NIRISS_SOSS,obs10,SOSS_HDU3_ordem_1,jw05959010001_04102_00001-seg005_nis_x1dints.fits,seg005,3,204,60783.19677281265,TDB-MID,2048.4820863451473,0.14454362169908738,2038,0.8515347326686116,2.827786714826026,2024,0.998254863571757,0.9990178673982995
TOI-2076_b,NIRISS_SOSS,obs10,SOSS_HDU3_ordem_1,jw05959010001_04102_00001-seg005_nis_x1dints.fits,seg005,3,205,60783.19684988565,TDB-MID,2051.461823858212,0.1445504983515728,2038,0.8515347326686116,2.827786714826026,2025,0.9997069326351927,1.0004710463328637
TOI-2076_b,NIRISS_SOSS,obs10,SOSS_HDU3_ordem_1,jw05959010001_04102_00001-seg005_nis_x1dints.fits,seg005,3,206,60783.196926958655,TDB-MID,2051.0198770286997,0.14454862039277588,2038,0.8515347326686116,2.827786714826026,2026,0.9994915655714817,1.0002555146559864
TOI-2076_b,NIRISS_SOSS,obs10,SOSS_HDU3_ordem_1,jw05959010001_04102_00001-seg005_nis_x1dints.fits,seg005,3,207,60783.19700403166,TDB-MID,2055.5981913254227,0.14455733310897934,2038,0.8515347326686116,2.827786714826026,2027,1.0017226441560243,1.002488298538003
TOI-2076_b,NIRISS_SOSS,obs10,SOSS_HDU3_ordem_1,jw05959010001_04102_00001-seg005_nis_x1dints.fits,seg005,3,208,60783.19708110466,TDB-MID,2051.266424808023,0.144546331390846,2038,0.8515347326686116,2.827786714826026,2028,0.9996117118600204,1.000375752776863
TOI-2076_b,NIRISS_SOSS,obs10,SOSS_HDU3_ordem_1,jw05959010001_04102_00001-seg005_nis_x1dints.fits,seg005,3,209,60783.197158177674,TDB-MID,2047.3240086172539,0.1445405900659132,2038,0.8515347326686116,2.827786714826026,2029,0.9976905155933343,0.998453088067441
TOI-2076_b,NIRISS_SOSS,obs10,SOSS_HDU3_ordem_1,jw05959010001_04102_00001-seg005_nis_x1dints.fits,seg005,3,210,60783.19723525068,TDB-MID,2054.170767353501,0.1445566351343912,2038,0.8515347326686116,2.827786714826026,2030,1.0010270398684165,1.0017921625738138
TOI-2076_b,NIRISS_SOSS,obs10,SOSS_HDU3_ordem_1,jw05959010001_04102_00001-seg005_nis_x1dints.fits,seg005,3,211,60783.19731232368,TDB-MID,2046.1518997586988,0.1445383851703236,2038,0.8515347326686116,2.827786714826026,2031,0.9971193300425856,0.9978814659380421
TOI-2076_b,NIRISS_SOSS,obs10,SOSS_HDU3_ordem_1,jw05959010001_04102_00001-seg005_nis_x1dints.fits,seg005,3,212,60783.197389396686,TDB-MID,2047.6452915941413,0.14454430607561528,2038,0.8515347326686116,2.827786714826026,2032,0.9978470814214656,0.9986097735647372
TOI-2076_b,NIRISS_SOSS,obs10,SOSS_HDU3_ordem_1,jw05959010001_04102_00001-seg005_nis_x1dints.fits,seg005,3,213,60783.1974664697,TDB-MID,2048.5269659220767,0.1445458986951491,2038,0.8515347326686116,2.827786714826026,2033,0.998276734036841,0.9990397545798045
TOI-2076_b,NIRISS_SOSS,obs10,SOSS_HDU3_ordem_1,jw05959010001_04102_00001-seg005_nis_x1dints.fits,seg005,3,214,60783.1975435427,TDB-MID,2047.8656679282105,0.14454148660710495,2038,0.8515347326686116,2.827786714826026,2034,0.9979544739872914,0.9987172482147498
TOI-2076_b,NIRISS_SOSS,obs10,SOSS_HDU3_ordem_1,jw05959010001_04102_00001-seg005_nis_x1dints.fits,seg005,3,215,60783.197620615705,TDB-MID,2049.8978969926875,0.14454781802402905,2038,0.8515347326686116,2.827786714826026,2035,0.9989448085189082,0.9997083396963848
TOI-2076_b,NIRISS_SOSS,obs10,SOSS_HDU3_ordem_1,jw05959010001_04102_00001-seg005_nis_x1dints.fits,seg005,3,216,60783.19769768871,TDB-MID,2044.4254491800784,0.14453611947751485,2038,0.8515347326686116,2.827786714826026,2036,0.9962780057770173,0.9970394986166196
TOI-2076_b,NIRISS_SOSS,obs10,SOSS_HDU3_ordem_1,jw05959010001_04102_00001-seg005_nis_x1dints.fits,seg005,3,217,60783.19777476172,TDB-MID,2049.1964534387034,0.144545951026003,2038,0.8515347326686116,2.827786714826026,2037,0.99860298495894,0.999366254867783
TOI-2076_b,NIRISS_SOSS,obs10,SOSS_HDU3_ordem_1,jw05959010001_04102_00001-seg005_nis_x1dints.fits,seg005,3,218,60783.19785183472,TDB-MID,2054.1780587687854,0.1445551070446049,2038,0.8515347326686116,2.827786714826026,2038,1.0010305930802401,1.0017957185014912
TOI-2076_b,NIRISS_SOSS,obs10,SOSS_HDU3_ordem_1,jw05959010001_04102_00001-seg005_nis_x1dints.fits,seg005,3,219,60783.19792890772,TDB-MID,2048.732751002928,0.14454617675611994,2038,0.8515347326686116,2.827786714826026,2039,0.998377016074541,0.9991401132668465
TOI-2076_b,NIRISS_SOSS,obs10,SOSS_HDU3_ordem_1,jw05959010001_04102_00001-seg005_nis_x1dints.fits,seg005,3,220,60783.198005980725,TDB-MID,2047.2456986339198,0.1445400201692536,2038,0.8515347326686116,2.827786714826026,2040,0.997652354009081,0.9984148973148502
TOI-2076_b,NIRISS_SOSS,obs10,SOSS_HDU3_ordem_1,jw05959010001_04102_00001-seg005_nis_x1dints.fits,seg005,3,221,60783.198083053736,TDB-MID,2047.4740172617303,0.14454303568766982,2038,0.8515347326686116,2.827786714826026,2041,0.9977636169691895,0.9985262453174336
TOI-2076_b,NIRISS_SOSS,obs10,SOSS_HDU3_ordem_1,jw05959010001_04102_00001-seg005_nis_x1dints.fits,seg005,3,222,60783.19816012674,TDB-MID,2043.3673582113029,0.14453016823627846,2038,0.8515347326686116,2.827786714826026,2042,0.9957623827883066,0.9965234815178196
TOI-2076_b,NIRISS_SOSS,obs10,SOSS_HDU3_ordem_1,jw05959010001_04102_00001-seg005_nis_x1dints.fits,seg005,3,223,60783.198237199744,TDB-MID,2053.5092200168315,0.1445532468649691,2038,0.8515347326686116,2.827786714826026,2043,1.0007046583105226,1.0014695346075415
TOI-2076_b,NIRISS_SOSS,obs10,SOSS_HDU3_ordem_1,jw05959010001_04102_00001-seg005_nis_x1dints.fits,seg005,3,224,60783.19831427275,TDB-MID,2052.5545477832165,0.14455071763400826,2038,0.8515347326686116,2.827786714826026,2044,1.000239432762945,1.0010039534705388
TOI-2076_b,NIRISS_SOSS,obs10,SOSS_HDU3_ordem_1,jw05959010001_04102_00001-seg005_nis_x1dints.fits,seg005,3,225,60783.19839134576,TDB-MID,2052.8091733314154,0.14454933456225716,2038,0.8515347326686116,2.827786714826026,2045,1.000363515464753,1.0011281310134337
TOI-2076_b,NIRISS_SOSS,obs10,SOSS_HDU3_ordem_1,jw05959010001_04102_00001-seg005_nis_x1dints.fits,seg005,3,226,60783.19846841876,TDB-MID,2048.226384262214,0.1445421339862713,2038,0.8515347326686116,2.827786714826026,2046,0.9981302562590473,0.998893164843523
TOI-2076_b,NIRISS_SOSS,obs10,SOSS_HDU3_ordem_1,jw05959010001_04102_00001-seg005_nis_x1dints.fits,seg005,3,227,60783.19854549177,TDB-MID,2060.0968776960385,0.1445664203795189,2038,0.8515347326686116,2.827786714826026,2047,1.003914918903793,1.0046822489240106
TOI-2076_b,NIRISS_SOSS,obs10,SOSS_HDU3_ordem_1,jw05959010001_04102_00001-seg005_nis_x1dints.fits,seg005,3,228,60783.19862256477,TDB-MID,2050.2843210953724,0.1445456086218205,2038,0.8515347326686116,2.827786714826026,2048,0.999133118557096,0.9998967936670341
TOI-2076_b,NIRISS_SOSS,obs10,SOSS_HDU3_ordem_1,jw05959010001_04102_00001-seg005_nis_x1dints.fits,seg005,3,229,60783.198699637775,TDB-MID,2048.785688753965,0.14454838421338811,2038,0.8515347326686116,2.827786714826026,2049,0.9984028134040814,0.9991659303142586
TOI-2076_b,NIRISS_SOSS,obs10,SOSS_HDU3_ordem_1,jw05959010001_04102_00001-seg005_nis_x1dints.fits,seg005,3,230,60783.19877671078,TDB-MID,2047.6878538386513,0.14454212880903305,2038,0.8515347326686116,2.827786714826026,2050,0.9978678226170415,0.998630530613591
TOI-2076_b,NIRISS_SOSS,obs10,SOSS_HDU3_ordem_1,jw05959010001_04102_00001-seg005_nis_x1dints.fits,seg005,3,231,60783.19885378378,TDB-MID,2048.595664686606,0.14454128076442435,2038,0.8515347326686116,2.827786714826026,2051,0.9983102119355594,0.9990732580669429
TOI-2076_b,NIRISS_SOSS,obs10,SOSS_HDU3_ordem_1,jw05959010001_04102_00001-seg005_nis_x1dints.fits,seg005,3,232,60783.198930856786,TDB-MID,2056.613308065065,0.14455905405441533,2038,0.8515347326686116,2.827786714826026,2052,1.0022173251831106,1.002983357668448
TOI-2076_b,NIRISS_SOSS,obs10,SOSS_HDU3_ordem_1,jw05959010001_04102_00001-seg005_nis_x1dints.fits,seg005,3,233,60783.1990079298,TDB-MID,2050.3746542408726,0.14454535110013547,2038,0.8515347326686116,2.827786714826026,2053,0.999177139201669,0.9999408479582453
TOI-2076_b,NIRISS_SOSS,obs10,SOSS_HDU3_ordem_1,jw05959010001_04102_00001-seg005_nis_x1dints.fits,seg005,3,234,60783.1990850028,TDB-MID,2058.6390795507396,0.1445634304377858,2038,0.8515347326686116,2.827786714826026,2054,1.0032045128434466,1.00397129987353
TOI-2076_b,NIRISS_SOSS,obs10,SOSS_HDU3_ordem_1,jw05959010001_04102_00001-seg005_nis_x1dints.fits,seg005,3,235,60783.199162075805,TDB-MID,2056.9631531453933,0.14456191002844782,2038,0.8515347326686116,2.827786714826026,2055,1.002387809736167,1.0031539725292753
TOI-2076_b,NIRISS_SOSS,obs10,SOSS_HDU3_ordem_1,jw05959010001_04102_00001-seg005_nis_x1dints.fits,seg005,3,236,60783.19923914881,TDB-MID,2060.656617079884,0.14456798875327118,2038,0.8515347326686116,2.827786714826026,2056,1.004187687978017,1.0049552264859214
TOI-2076_b,NIRISS_SOSS,obs10,SOSS_HDU3_ordem_1,jw05959010001_04102_00001-seg005_nis_x1dints.fits,seg005,3,237,60783.19931622182,TDB-MID,2046.883142192258,0.14453827267179864,2038,0.8515347326686116,2.827786714826026,2057,0.9974756750263256,0.9982380832896874
TOI-2076_b,NIRISS_SOSS,obs10,SOSS_HDU3_ordem_1,jw05959010001_04102_00001-seg005_nis_x1dints.fits,seg005,3,238,60783.199393294824,TDB-MID,2052.071525275844,0.1445508875839774,2038,0.8515347326686116,2.827786714826026,2058,1.0000040489290256,1.000768389723881
TOI-2076_b,NIRISS_SOSS,obs10,SOSS_HDU3_ordem_1,jw05959010001_04102_00001-seg005_nis_x1dints.fits,seg005,3,239,60783.19947036783,TDB-MID,2051.8905257797624,0.1445628856407253,2038,0.8515347326686116,2.827786714826026,2059,0.9999158452642378,1.0006801186417071
TOI-2076_b,NIRISS_SOSS,obs10,SOSS_HDU3_ordem_1,jw05959010001_04102_00001-seg005_nis_x1dints.fits,seg005,3,240,60783.19954744083,TDB-MID,2049.682444894935,0.14454654490605243,2038,0.8515347326686116,2.827786714826026,2060,0.9988398156044562,0.9996032665318901
TOI-2076_b,NIRISS_SOSS,obs10,SOSS_HDU3_ordem_1,jw05959010001_04102_00001-seg005_nis_x1dints.fits,seg005,3,241,60783.199624513836,TDB-MID,2043.7545078073572,0.1445345646387659,2038,0.8515347326686116,2.827786714826026,2061,0.9959510463698762,0.9967122893020772
TOI-2076_b,NIRISS_SOSS,obs10,SOSS_HDU3_ordem_1,jw05959010001_04102_00001-seg005_nis_x1dints.fits,seg005,3,242,60783.19970158684,TDB-MID,2048.376189041697,0.14455290583405161,2038,0.8515347326686116,2.827786714826026,2062,0.9982032582885509,0.99896622267123
TOI-2076_b,NIRISS_SOSS,obs10,SOSS_HDU3_ordem_1,jw05959010001_04102_00001-seg005_nis_x1dints.fits,seg005,3,243,60783.199778659844,TDB-MID,2043.1937495086413,0.1445338742688781,2038,0.8515347326686116,2.827786714826026,2063,0.9956777807637415,0.9964388148287375
TOI-2076_b,NIRISS_SOSS,obs10,SOSS_HDU3_ordem_1,jw05959010001_04102_00001-seg005_nis_x1dints.fits,seg005,3,244,60783.19985573285,TDB-MID,2064.0246295675124,0.14457694511702543,2038,0.8515347326686116,2.827786714826026,2064,1.0058289690362,1.0065977620370934
TOI-2076_b,NIRISS_SOSS,obs10,SOSS_HDU3_ordem_1,jw05959010001_04102_00001-seg005_nis_x1dints.fits,seg005,3,245,60783.19993280585,TDB-MID,2054.8466604809128,0.14455641251247417,2038,0.8515347326686116,2.827786714826026,2065,1.0013564123370315,1.002121786794224
TOI-2076_b,NIRISS_SOSS,obs10,SOSS_HDU3_ordem_1,jw05959010001_04102_00001-seg005_nis_x1dints.fits,seg005,3,246,60783.20000987886,TDB-MID,2045.394980243744,0.14453447581048712,2038,0.8515347326686116,2.827786714826026,2066,0.9967504722467704,0.9975123262103075
TOI-2076_b,NIRISS_SOSS,obs10,SOSS_HDU3_ordem_1,jw05959010001_04102_00001-seg005_nis_x1dints.fits,seg005,3,247,60783.20008695187,TDB-MID,2054.838593956886,0.1445563591598289,2038,0.8515347326686116,2.827786714826026,2067,1.0013524814035393,1.0021178528561712
TOI-2076_b,NIRISS_SOSS,obs10,SOSS_HDU3_ordem_1,jw05959010001_04102_00001-seg005_nis_x1dints.fits,seg005,3,248,60783.20016402487,TDB-MID,2048.258028774158,0.14454247937418613,2038,0.8515347326686116,2.827786714826026,2068,0.9981456770860898,0.998908597457285
TOI-2076_b,NIRISS_SOSS,obs10,SOSS_HDU3_ordem_1,jw05959010001_04102_00001-seg005_nis_x1dints.fits,seg005,3,249,60783.200241097875,TDB-MID,2043.993123929702,0.14453218262435671,2038,0.8515347326686116,2.827786714826026,2069,0.9960673274475802,0.9968286592577926
TOI-2076_b,NIRISS_SOSS,obs10,SOSS_HDU3_ordem_1,jw05959010001_04102_00001-seg005_nis_x1dints.fits,seg005,3,250,60783.20031817088,TDB-MID,2056.0225716077603,0.14455624655610627,2038,0.8515347326686116,2.827786714826026,2070,1.001929450787955,1.0026952632400392
TOI-2076_b,NIRISS_SOSS,obs10,SOSS_HDU3_ordem_1,jw05959010001_04102_00001-seg005_nis_x1dints.fits,seg005,3,251,60783.20039524389,TDB-MID,2054.4763243910106,0.14455776616714586,2038,0.8515347326686116,2.827786714826026,2071,1.0011759422194917,1.0019411787365697
TOI-2076_b,NIRISS_SOSS,obs10,SOSS_HDU3_ordem_1,jw05959010001_04102_00001-seg005_nis_x1dints.fits,seg005,3,252,60783.200472316894,TDB-MID,2057.171025472469,0.14455893495728966,2038,0.8515347326686116,2.827786714826026,2072,1.0024891089190537,1.0032553491389467
TOI-2076_b,NIRISS_SOSS,obs10,SOSS_HDU3_ordem_1,jw05959010001_04102_00001-seg005_nis_x1dints.fits,seg005,3,253,60783.20054938989,TDB-MID,2051.59426946394,0.1445509494758792,2038,0.8515347326686116,2.827786714826026,2073,0.9997714752889741,1.0005356383190285
TOI-2076_b,NIRISS_SOSS,obs10,SOSS_HDU3_ordem_1,jw05959010001_04102_00001-seg005_nis_x1dints.fits,seg005,3,254,60783.200626462894,TDB-MID,2053.002676084867,0.14455347658761364,2038,0.8515347326686116,2.827786714826026,2074,1.000457812147177,1.0012224997703671
TOI-2076_b,NIRISS_SOSS,obs10,SOSS_HDU3_ordem_1,jw05959010001_04102_00001-seg005_nis_x1dints.fits,seg005,3,255,60783.200703535906,TDB-MID,2044.531350629093,0.1445330521620075,2038,0.8515347326686116,2.827786714826026,2075,0.9963296130804166,0.9970911453654264
TOI-2076_b,NIRISS_SOSS,obs10,SOSS_HDU3_ordem_1,jw05959010001_04102_00001-seg005_nis_x1dints.fits,seg005,3,256,60783.20078060891,TDB-MID,2050.3857877115447,0.14454643156859223,2038,0.8515347326686116,2.827786714826026,2076,0.9991825647024928,0.999946277605984
TOI-2076_b,NIRISS_SOSS,obs10,SOSS_HDU3_ordem_1,jw05959010001_04102_00001-seg005_nis_x1dints.fits,seg005,3,257,60783.20085768191,TDB-MID,2049.2310429099025,0.14454367078382277,2038,0.8515347326686116,2.827786714826026,2077,0.9986198409070993,0.9993831236995789
TOI-2076_b,NIRISS_SOSS,obs10,SOSS_HDU3_ordem_1,jw05959010001_04102_00001-seg005_nis_x1dints.fits,seg005,3,258,60783.20093475492,TDB-MID,2052.5227423065767,0.14455083761850093,2038,0.8515347326686116,2.827786714826026,2078,1.0002239334954846,1.000988442356404
TOI-2076_b,NIRISS_SOSS,obs10,SOSS_HDU3_ordem_1,jw05959010001_04102_00001-seg005_nis_x1dints.fits,seg005,3,259,60783.20101182792,TDB-MID,2048.8454810567237,0.14454022067283714,2038,0.8515347326686116,2.827786714826026,2079,0.9984319510555312,0.9991950902367137
TOI-2076_b,NIRISS_SOSS,obs10,SOSS_HDU3_ordem_1,jw05959010001_04102_00001-seg005_nis_x1dints.fits,seg005,3,260,60783.20108890093,TDB-MID,2044.0107852374108,0.14453036463208138,2038,0.8515347326686116,2.827786714826026,2080,0.9960759340575354,0.9968372724461043
TOI-2076_b,NIRISS_SOSS,obs10,SOSS_HDU3_ordem_1,jw05959010001_04102_00001-seg005_nis_x1dints.fits,seg005,3,261,60783.20116597394,TDB-MID,2044.3722044474853,0.14453504730555125,2038,0.8515347326686116,2.827786714826026,2081,0.9962520588509373,0.9970135318583258
TOI-2076_b,NIRISS_SOSS,obs10,SOSS_HDU3_ordem_1,jw05959010001_04102_00001-seg005_nis_x1dints.fits,seg005,3,262,60783.20124304694,TDB-MID,2056.7675361620177,0.14455962376499304,2038,0.8515347326686116,2.827786714826026,2082,1.0022924827590096,1.0030585726901156
TOI-2076_b,NIRISS_SOSS,obs10,SOSS_HDU3_ordem_1,jw05959010001_04102_00001-seg005_nis_x1dints.fits,seg005,3,263,60783.201320119944,TDB-MID,2062.7337914353247,0.14457141484823552,2038,0.8515347326686116,2.827786714826026,2083,1.0051999249981145,1.0059682371969347
TOI-2076_b,NIRISS_SOSS,obs10,SOSS_HDU3_ordem_1,jw05959010001_04102_00001-seg005_nis_x1dints.fits,seg005,3,264,60783.20139719295,TDB-MID,2053.2615490623257,0.14455292609798825,2038,0.8515347326686116,2.827786714826026,2084,1.0005839646825192,1.0013487487288482
TOI-2076_b,NIRISS_SOSS,obs10,SOSS_HDU3_ordem_1,jw05959010001_04102_00001-seg005_nis_x1dints.fits,seg005,3,265,60783.20147426596,TDB-MID,2052.7026464132555,0.14455162303134808,2038,0.8515347326686116,2.827786714826026,2085,1.0003116033612187,1.0010761792315217
TOI-2076_b,NIRISS_SOSS,obs10,SOSS_HDU3_ordem_1,jw05959010001_04102_00001-seg005_nis_x1dints.fits,seg005,3,266,60783.201551338956,TDB-MID,2047.9346888849868,0.14454381904652894,2038,0.8515347326686116,2.827786714826026,2086,0.9979881088949382,0.9987509088308245
TOI-2076_b,NIRISS_SOSS,obs10,SOSS_HDU3_ordem_1,jw05959010001_04102_00001-seg005_nis_x1dints.fits,seg005,3,267,60783.20162841196,TDB-MID,2050.109520079516,0.14454718051969656,2038,0.8515347326686116,2.827786714826026,2087,0.9990479355011156,0.9998115455024327
TOI-2076_b,NIRISS_SOSS,obs10,SOSS_HDU3_ordem_1,jw05959010001_04102_00001-seg005_nis_x1dints.fits,seg005,3,268,60783.201705484964,TDB-MID,2064.47845011199,0.144577805711823,2038,0.8515347326686116,2.827786714826026,2088,1.0060501223324543,1.0068190843691498
TOI-2076_b,NIRISS_SOSS,obs10,SOSS_HDU3_ordem_1,jw05959010001_04102_00001-seg005_nis_x1dints.fits,seg005,3,269,60783.20178255797,TDB-MID,2051.7942861709844,0.1445520375040196,2038,0.8515347326686116,2.827786714826026,2089,0.9998689463149273,1.0006331838457616
TOI-2076_b,NIRISS_SOSS,obs10,SOSS_HDU3_ordem_1,jw05959010001_04102_00001-seg005_nis_x1dints.fits,seg005,3,270,60783.20185963098,TDB-MID,2052.8145552685155,0.1445544016501771,2038,0.8515347326686116,2.827786714826026,2090,1.0003661381603193,1.0011307557136253
TOI-2076_b,NIRISS_SOSS,obs10,SOSS_HDU3_ordem_1,jw05959010001_04102_00001-seg005_nis_x1dints.fits,seg005,3,271,60783.20193670398,TDB-MID,2039.49933324075,0.14452682188633623,2038,0.8515347326686116,2.827786714826026,2091,0.9938774384360909,0.9946370964315728
TOI-2076_b,NIRISS_SOSS,obs10,SOSS_HDU3_ordem_1,jw05959010001_04102_00001-seg005_nis_x1dints.fits,seg005,3,272,60783.20201377699,TDB-MID,2045.1406988334838,0.1445380170503644,2038,0.8515347326686116,2.827786714826026,2092,0.996626557248343,0.9973883164989752
TOI-2076_b,NIRISS_SOSS,obs10,SOSS_HDU3_ordem_1,jw05959010001_04102_00001-seg005_nis_x1dints.fits,seg005,3,273,60783.20209084999,TDB-MID,2056.040291457283,0.1445613681592735,2038,0.8515347326686116,2.827786714826026,2093,1.0019380859261802,1.002703904978426
TOI-2076_b,NIRISS_SOSS,obs10,SOSS_HDU3_ordem_1,jw05959010001_04102_00001-seg005_nis_x1dints.fits,seg005,3,274,60783.202167922995,TDB-MID,2050.0990346248527,0.14454923132587358,2038,0.8515347326686116,2.827786714826026,2094,0.9990428257878385,0.9998064318836091
TOI-2076_b,NIRISS_SOSS,obs10,SOSS_HDU3_ordem_1,jw05959010001_04102_00001-seg005_nis_x1dints.fits,seg005,3,275,60783.202244996006,TDB-MID,2050.463834260314,0.1445484785055438,2038,0.8515347326686116,2.827786714826026,2095,0.9992205979112834,0.9999843398849899
TOI-2076_b,NIRISS_SOSS,obs10,SOSS_HDU3_ordem_1,jw05959010001_04102_00001-seg005_nis_x1dints.fits,seg005,3,276,60783.20232206901,TDB-MID,2052.013891447329,0.14455283385464132,2038,0.8515347326686116,2.827786714826026,2096,0.9999759631332039,1.000740282461027
TOI-2076_b,NIRISS_SOSS,obs10,SOSS_HDU3_ordem_1,jw05959010001_04102_00001-seg005_nis_x1dints.fits,seg005,3,277,60783.202399142014,TDB-MID,2050.1946236076083,0.14454639726232832,2038,0.8515347326686116,2.827786714826026,2097,0.999089407677705,0.9998530493777701
TOI-2076_b,NIRISS_SOSS,obs10,SOSS_HDU3_ordem_1,jw05959010001_04102_00001-seg005_nis_x1dints.fits,seg005,3,278,60783.20247621501,TDB-MID,2051.1375891152993,0.14455128386702557,2038,0.8515347326686116,2.827786714826026,2098,0.9995489283689074,1.0003129212979607
TOI-2076_b,NIRISS_SOSS,obs10,SOSS_HDU3_ordem_1,jw05959010001_04102_00001-seg005_nis_x1dints.fits,seg005,3,279,60783.202553288014,TDB-MID,2053.9867536250313,0.14455227109980134,2038,0.8515347326686116,2.827786714826026,2099,1.000937367324715,1.0017024214900068
TOI-2076_b,NIRISS_SOSS,obs10,SOSS_HDU3_ordem_1,jw05959010001_04102_00001-seg005_nis_x1dints.fits,seg005,3,280,60783.202630361026,TDB-MID,2046.3668781036504,0.14453598730187434,2038,0.8515347326686116,2.827786714826026,2100,0.9972240920904653,0.9979863080595045
TOI-2076_b,NIRISS_SOSS,obs10,SOSS_HDU3_ordem_1,jw05959010001_04102_00001-seg005_nis_x1dints.fits,seg005,3,281,60783.20270743403,TDB-MID,2049.6135050124835,0.1445438257090506,2038,0.8515347326686116,2.827786714826026,2101,0.9988062202054971,0.9995696454547011
TOI-2076_b,NIRISS_SOSS,obs10,SOSS_HDU3_ordem_1,jw05959010001_04102_00001-seg005_nis_x1dints.fits,seg005,3,282,60783.20278450703,TDB-MID,2047.59300950517,0.14454057212349655,2038,0.8515347326686116,2.827786714826026,2102,0.9978216036055055,0.9985842762751219
TOI-2076_b,NIRISS_SOSS,obs10,SOSS_HDU3_ordem_1,jw05959010001_04102_00001-seg005_nis_x1dints.fits,seg005,3,283,60783.20286158004,TDB-MID,2047.8485386098555,0.1445393643946401,2038,0.8515347326686116,2.827786714826026,2103,0.9979461266234205,0.9987088944706741
TOI-2076_b,NIRISS_SOSS,obs10,SOSS_HDU3_ordem_1,jw05959010001_04102_00001-seg005_nis_x1dints.fits,seg005,3,284,60783.20293865304,TDB-MID,2057.012488097984,0.1445606042327804,2038,0.8515347326686116,2.827786714826026,2104,1.0024118513700653,1.003178032539101
TOI-2076_b,NIRISS_SOSS,obs10,SOSS_HDU3_ordem_1,jw05959010001_04102_00001-seg005_nis_x1dints.fits,seg005,3,285,60783.20301572605,TDB-MID,2056.348163460766,0.14455875490175124,2038,0.8515347326686116,2.827786714826026,2105,1.0020881163935607,1.002854050119749
TOI-2076_b,NIRISS_SOSS,obs10,SOSS_HDU3_ordem_1,jw05959010001_04102_00001-seg005_nis_x1dints.fits,seg005,3,286,60783.203092799056,TDB-MID,2048.8276269335543,0.14454292248277434,2038,0.8515347326686116,2.827786714826026,2106,0.9984232504838212,0.9991863830148289
TOI-2076_b,NIRISS_SOSS,obs10,SOSS_HDU3_ordem_1,jw05959010001_04102_00001-seg005_nis_x1dints.fits,seg005,3,287,60783.20316987206,TDB-MID,2044.3150958707095,0.14453617031150875,2038,0.8515347326686116,2.827786714826026,2107,0.9962242290178632,0.9969856807538611
TOI-2076_b,NIRISS_SOSS,obs10,SOSS_HDU3_ordem_1,jw05959010001_04102_00001-seg005_nis_x1dints.fits,seg005,3,288,60783.203246945064,TDB-MID,2043.197988255772,0.1445309250550713,2038,0.8515347326686116,2.827786714826026,2108,0.9956798463663489,0.9964408820101629
TOI-2076_b,NIRISS_SOSS,obs10,SOSS_HDU3_ordem_1,jw05959010001_04102_00001-seg005_nis_x1dints.fits,seg005,3,289,60783.20332401807,TDB-MID,2043.4608646841923,0.14453298131303116,2038,0.8515347326686116,2.827786714826026,2109,0.9958079498410817,0.996569083399211
TOI-2076_b,NIRISS_SOSS,obs10,SOSS_HDU3_ordem_1,jw05959010001_04102_00001-seg005_nis_x1dints.fits,seg005,3,290,60783.203401091065,TDB-MID,2054.6075197004125,0.14455412453437352,2038,0.8515347326686116,2.827786714826026,2110,1.0012398755858418,1.0020051609696021
TOI-2076_b,NIRISS_SOSS,obs10,SOSS_HDU3_ordem_1,jw05959010001_04102_00001-seg005_nis_x1dints.fits,seg005,3,291,60783.203478164076,TDB-MID,2045.5701899059907,0.1445354746956482,2038,0.8515347326686116,2.827786714826026,2111,0.9968358544420303,0.9975977736663981
TOI-2076_b,NIRISS_SOSS,obs10,SOSS_HDU3_ordem_1,jw05959010001_04102_00001-seg005_nis_x1dints.fits,seg005,3,292,60783.20355523708,TDB-MID,2045.1024212365119,0.144536546139942,2038,0.8515347326686116,2.827786714826026,2112,0.9966079040233049,0.997369649016574
TOI-2076_b,NIRISS_SOSS,obs10,SOSS_HDU3_ordem_1,jw05959010001_04102_00001-seg005_nis_x1dints.fits,seg005,3,293,60783.203632310084,TDB-MID,2041.1454964400705,0.1445320729376305,2038,0.8515347326686116,2.827786714826026,2113,0.9946796375038339,0.9954399086503064
TOI-2076_b,NIRISS_SOSS,obs10,SOSS_HDU3_ordem_1,jw05959010001_04102_00001-seg005_nis_x1dints.fits,seg005,3,294,60783.20370938309,TDB-MID,2052.0351508520735,0.14455010014312986,2038,0.8515347326686116,2.827786714826026,2114,0.9999863231477357,1.0007506503941084
TOI-2076_b,NIRISS_SOSS,obs10,SOSS_HDU3_ordem_1,jw05959010001_04102_00001-seg005_nis_x1dints.fits,seg005,3,295,60783.20378645609,TDB-MID,2054.959926957753,0.14455492661851504,2038,0.8515347326686116,2.827786714826026,2115,1.0014116087247076,1.0021770253705802
TOI-2076_b,NIRISS_SOSS,obs10,SOSS_HDU3_ordem_1,jw05959010001_04102_00001-seg005_nis_x1dints.fits,seg005,3,296,60783.2038635291,TDB-MID,2046.3227627730118,0.1445377885175246,2038,0.8515347326686116,2.827786714826026,2116,0.9972025940536206,0.9979647935908997
TOI-2076_b,NIRISS_SOSS,obs10,SOSS_HDU3_ordem_1,jw05959010001_04102_00001-seg005_nis_x1dints.fits,seg005,3,297,60783.20394060211,TDB-MID,2044.2353265093861,0.1445332032532173,2038,0.8515347326686116,2.827786714826026,2117,0.9961853562576688,0.9969467782817506
TOI-2076_b,NIRISS_SOSS,obs10,SOSS_HDU3_ordem_1,jw05959010001_04102_00001-seg005_nis_x1dints.fits,seg005,3,298,60783.20401767511,TDB-MID,2058.527908847141,0.1445654618271721,2038,0.8515347326686116,2.827786714826026,2118,1.0031503377562963,1.003917083378318
TOI-2076_b,NIRISS_SOSS,obs10,SOSS_HDU3_ordem_1,jw05959010001_04102_00001-seg005_nis_x1dints.fits,seg005,3,299,60783.204094748115,TDB-MID,2050.5271305770966,0.14454598200674898,2038,0.8515347326686116,2.827786714826026,2119,0.9992514431193014,1.0000152086691634
TOI-2076_b,NIRISS_SOSS,obs10,SOSS_HDU3_ordem_1,jw05959010001_04102_00001-seg005_nis_x1dints.fits,seg005,3,300,60783.20417182112,TDB-MID,2048.2524538212697,0.14454297346553627,2038,0.8515347326686116,2.827786714826026,2120,0.9981429603311461,0.9989058786258231
TOI-2076_b,NIRISS_SOSS,obs10,SOSS_HDU3_ordem_1,jw05959010001_04102_00001-seg005_nis_x1dints.fits,seg005,3,301,60783.20424889412,TDB-MID,2050.599923533742,0.14454759440971382,2038,0.8515347326686116,2.827786714826026,2121,0.9992869161768837,1.000050708840141
TOI-2076_b,NIRISS_SOSS,obs10,SOSS_HDU3_ordem_1,jw05959010001_04102_00001-seg005_nis_x1dints.fits,seg005,3,302,60783.204325967126,TDB-MID,2053.0775007054303,0.14455074826781755,2038,0.8515347326686116,2.827786714826026,2122,1.0004942752638868,1.0012589907572118
TOI-2076_b,NIRISS_SOSS,obs10,SOSS_HDU3_ordem_1,jw05959010001_04102_00001-seg005_nis_x1dints.fits,seg005,3,303,60783.20440304013,TDB-MID,2043.9727723037545,0.14453366766462705,2038,0.8515347326686116,2.827786714826026,2123,0.9960574098067478,0.9968187340365335
TOI-2076_b,NIRISS_SOSS,obs10,SOSS_HDU3_ordem_1,jw05959010001_04102_00001-seg005_nis_x1dints.fits,seg005,3,304,60783.204480113134,TDB-MID,2052.729019602498,0.14455067254398996,2038,0.8515347326686116,2.827786714826026,2124,1.0003244553966866,1.0010890410902848
TOI-2076_b,NIRISS_SOSS,obs10,SOSS_HDU3_ordem_1,jw05959010001_04102_00001-seg005_nis_x1dints.fits,seg005,3,305,60783.20455718614,TDB-MID,2048.919677801051,0.144545002010521,2038,0.8515347326686116,2.827786714826026,2125,0.9984681081990959,0.9992312750165465
TOI-2076_b,NIRISS_SOSS,obs10,SOSS_HDU3_ordem_1,jw05959010001_04102_00001-seg005_nis_x1dints.fits,seg005,3,306,60783.20463425914,TDB-MID,2050.357940537405,0.14454598867537963,2038,0.8515347326686116,2.827786714826026,2126,0.9991689943729267,0.9999326969041034
TOI-2076_b,NIRISS_SOSS,obs10,SOSS_HDU3_ordem_1,jw05959010001_04102_00001-seg005_nis_x1dints.fits,seg005,3,307,60783.20471133215,TDB-MID,2050.526681769961,0.14455666425229238,2038,0.8515347326686116,2.827786714826026,2127,0.9992512244091117,1.0000149897918051
TOI-2076_b,NIRISS_SOSS,obs10,SOSS_HDU3_ordem_1,jw05959010001_04102_00001-seg005_nis_x1dints.fits,seg005,3,308,60783.20478840516,TDB-MID,2058.2309289567584,0.14456411705125885,2038,0.8515347326686116,2.827786714826026,2128,1.003005615172714,1.003772250177809
TOI-2076_b,NIRISS_SOSS,obs10,SOSS_HDU3_ordem_1,jw05959010001_04102_00001-seg005_nis_x1dints.fits,seg005,3,309,60783.20486547816,TDB-MID,2051.0829302646384,0.14454820564628082,2038,0.8515347326686116,2.827786714826026,2129,0.9995222923226987,1.000286264892818
TOI-2076_b,NIRISS_SOSS,obs10,SOSS_HDU3_ordem_1,jw05959010001_04102_00001-seg005_nis_x1dints.fits,seg005,3,310,60783.204942551165,TDB-MID,2049.5574279562143,0.14454438064421396,2038,0.8515347326686116,2.827786714826026,2130,0.9987788930472423,0.9995422974092689
TOI-2076_b,NIRISS_SOSS,obs10,SOSS_HDU3_ordem_1,jw05959010001_04102_00001-seg005_nis_x1dints.fits,seg005,3,311,60783.20501962417,TDB-MID,2051.5260710770385,0.14454864687335775,2038,0.8515347326686116,2.827786714826026,2131,0.9997382412314904,1.0005023788595018
TOI-2076_b,NIRISS_SOSS,obs10,SOSS_HDU3_ordem_1,jw05959010001_04102_00001-seg005_nis_x1dints.fits,seg005,3,312,60783.20509669717,TDB-MID,2044.635503643196,0.14453243442426772,2038,0.8515347326686116,2.827786714826026,2132,0.9963803683462679,0.9971419394254409
TOI-2076_b,NIRISS_SOSS,obs10,SOSS_HDU3_ordem_1,jw05959010001_04102_00001-seg005_nis_x1dints.fits,seg005,3,313,60783.205173770184,TDB-MID,2053.486559848771,0.1445528046978417,2038,0.8515347326686116,2.827786714826026,2133,1.000693615683825,1.0014584835405482
TOI-2076_b,NIRISS_SOSS,obs10,SOSS_HDU3_ordem_1,jw05959010001_04102_00001-seg005_nis_x1dints.fits,seg005,3,314,60783.20525084319,TDB-MID,2045.061659440259,0.1445338275295432,2038,0.8515347326686116,2.827786714826026,2134,0.9965880402121305,0.9973497700227398
TOI-2076_b,NIRISS_SOSS,obs10,SOSS_HDU3_ordem_1,jw05959010001_04102_00001-seg005_nis_x1dints.fits,seg005,3,315,60783.205327916185,TDB-MID,2051.8165613663923,0.14454828866130304,2038,0.8515347326686116,2.827786714826026,2135,0.9998798013388991,1.0006440471666374
TOI-2076_b,NIRISS_SOSS,obs10,SOSS_HDU3_ordem_1,jw05959010001_04102_00001-seg005_nis_x1dints.fits,seg005,3,316,60783.20540498919,TDB-MID,2040.4271414410314,0.14452331309996436,2038,0.8515347326686116,2.827786714826026,2136,0.9943295727527961,0.9950895763315819
TOI-2076_b,NIRISS_SOSS,obs10,SOSS_HDU3_ordem_1,jw05959010001_04102_00001-seg005_nis_x1dints.fits,seg005,3,317,60783.20548206219,TDB-MID,2049.720009432316,0.1445470591512594,2038,0.8515347326686116,2.827786714826026,2137,0.998858121345272,0.9996215862644737
TOI-2076_b,NIRISS_SOSS,obs10,SOSS_HDU3_ordem_1,jw05959010001_04102_00001-seg005_nis_x1dints.fits,seg005,3,318,60783.2055591352,TDB-MID,2051.63538346288,0.1445495562524672,2038,0.8515347326686116,2.827786714826026,2138,0.9997915107335974,1.0005556890774976
TOI-2076_b,NIRISS_SOSS,obs10,SOSS_HDU3_ordem_1,jw05959010001_04102_00001-seg005_nis_x1dints.fits,seg005,3,319,60783.2056362082,TDB-MID,2057.870295933949,0.14456069602628213,2038,0.8515347326686116,2.827786714826026,2139,1.0028298734997048,1.0035963741788136
TOI-2076_b,NIRISS_SOSS,obs10,SOSS_HDU3_ordem_1,jw05959010001_04102_00001-seg005_nis_x1dints.fits,seg005,3,320,60783.20571328121,TDB-MID,2052.34497343787,0.14455060780525,2038,0.8515347326686116,2.827786714826026,2140,1.0001373041620083,1.0009017468088623
TOI-2076_b,NIRISS_SOSS,obs10,SOSS_HDU3_ordem_1,jw05959010001_04102_00001-seg005_nis_x1dints.fits,seg005,3,321,60783.205790354215,TDB-MID,2051.9009633918367,0.14454638627038818,2038,0.8515347326686116,2.827786714826026,2141,0.9999209316631312,1.000685208928327
TOI-2076_b,NIRISS_SOSS,obs10,SOSS_HDU3_ordem_1,jw05959010001_04102_00001-seg005_nis_x1dints.fits,seg005,3,322,60783.20586742722,TDB-MID,2049.4329107000312,0.14454880580786944,2038,0.8515347326686116,2.827786714826026,2142,0.9987182139925355,0.999481571975273
TOI-2076_b,NIRISS_SOSS,obs10,SOSS_HDU3_ordem_1,jw05959010001_04102_00001-seg005_nis_x1dints.fits,seg005,3,323,60783.20594450022,TDB-MID,2061.3214167411643,0.1445862601969713,2038,0.8515347326686116,2.827786714826026,2143,1.0045116544405979,1.0052794405682832
TOI-2076_b,NIRISS_SOSS,obs10,SOSS_HDU3_ordem_1,jw05959010001_04102_00001-seg005_nis_x1dints.fits,seg005,3,324,60783.20602157323,TDB-MID,2053.1059960013663,0.14455150640439862,2038,0.8515347326686116,2.827786714826026,2144,1.0005081614325513,1.0012728875395984
TOI-2076_b,NIRISS_SOSS,obs10,SOSS_HDU3_ordem_1,jw05959010001_04102_00001-seg005_nis_x1dints.fits,seg005,3,325,60783.20609864623,TDB-MID,2052.9307202084956,0.14455056304054256,2038,0.8515347326686116,2.827786714826026,2145,1.0004227470108846,1.0011874078324692
TOI-2076_b,NIRISS_SOSS,obs10,SOSS_HDU3_ordem_1,jw05959010001_04102_00001-seg005_nis_x1dints.fits,seg005,3,326,60783.206175719235,TDB-MID,2054.304182774159,0.14455257221479276,2038,0.8515347326686116,2.827786714826026,2146,1.0010920551269997,1.0018572275260105
TOI-2076_b,NIRISS_SOSS,obs10,SOSS_HDU3_ordem_1,jw05959010001_04102_00001-seg005_nis_x1dints.fits,seg005,3,327,60783.20625279224,TDB-MID,2051.9728292262525,0.1445482398527329,2038,0.8515347326686116,2.827786714826026,2147,0.9999559529206802,1.0007202569539433
TOI-2076_b,NIRISS_SOSS,obs10,SOSS_HDU3_ordem_1,jw05959010001_04102_00001-seg005_nis_x1dints.fits,seg005,3,328,60783.20632986524,TDB-MID,2052.4288905077897,0.14455121193983192,2038,0.8515347326686116,2.827786714826026,2148,1.0001781981604194,1.000942672064098
TOI-2076_b,NIRISS_SOSS,obs10,SOSS_HDU3_ordem_1,jw05959010001_04102_00001-seg005_nis_x1dints.fits,seg005,3,329,60783.20640693825,TDB-MID,2048.620818546501,0.1445409352749793,2038,0.8515347326686116,2.827786714826026,2149,0.9983224697742513,0.9990855252747631
TOI-2076_b,NIRISS_SOSS,obs10,SOSS_HDU3_ordem_1,jw05959010001_04102_00001-seg005_nis_x1dints.fits,seg005,3,330,60783.20648401125,TDB-MID,2056.9809570892285,0.14456048900135832,2038,0.8515347326686116,2.827786714826026,2150,1.0023964858547634,1.0031626552793564
TOI-2076_b,NIRISS_SOSS,obs10,SOSS_HDU3_ordem_1,jw05959010001_04102_00001-seg005_nis_x1dints.fits,seg005,3,331,60783.206561084255,TDB-MID,2049.2052392415394,0.14454530530087714,2038,0.8515347326686116,2.827786714826026,2151,0.9986072664073694,0.9993705395886848
TOI-2076_b,NIRISS_SOSS,obs10,SOSS_HDU3_ordem_1,jw05959010001_04102_00001-seg005_nis_x1dints.fits,seg005,3,332,60783.20663815726,TDB-MID,2052.1617987708187,0.14455224775069064,2038,0.8515347326686116,2.827786714826026,2152,1.0000480405050372,1.0008124149243127
TOI-2076_b,NIRISS_SOSS,obs10,SOSS_HDU3_ordem_1,jw05959010001_04102_00001-seg005_nis_x1dints.fits,seg005,3,333,60783.20671523027,TDB-MID,2046.5581283319368,0.14453808371199892,2038,0.8515347326686116,2.827786714826026,2153,0.9973172910848909,0.9980795782894352
TOI-2076_b,NIRISS_SOSS,obs10,SOSS_HDU3_ordem_1,jw05959010001_04102_00001-seg005_nis_x1dints.fits,seg005,3,334,60783.206792303274,TDB-MID,2046.6146396863257,0.14453771672737453,2038,0.8515347326686116,2.827786714826026,2154,0.9973448298828828,0.9981071381363685
TOI-2076_b,NIRISS_SOSS,obs10,SOSS_HDU3_ordem_1,jw05959010001_04102_00001-seg005_nis_x1dints.fits,seg005,3,335,60783.20686937628,TDB-MID,2047.1024737888802,0.1445383833574519,2038,0.8515347326686116,2.827786714826026,2155,0.9975825584765264,0.9983450484349387
TOI-2076_b,NIRISS_SOSS,obs10,SOSS_HDU3_ordem_1,jw05959010001_04102_00001-seg005_nis_x1dints.fits,seg005,3,336,60783.20694644928,TDB-MID,2055.830346096628,0.14455573859415663,2038,0.8515347326686116,2.827786714826026,2156,1.0018357765241332,1.002601517377446
TOI-2076_b,NIRISS_SOSS,obs10,SOSS_HDU3_ordem_1,jw05959010001_04102_00001-seg005_nis_x1dints.fits,seg005,3,337,60783.207023522285,TDB-MID,2047.4916203646026,0.14454148807277642,2038,0.8515347326686116,2.827786714826026,2157,0.9977721952150884,0.9985348301200093
TOI-2076_b,NIRISS_SOSS,obs10,SOSS_HDU3_ordem_1,jw05959010001_04102_00001-seg005_nis_x1dints.fits,seg005,3,338,60783.20710059529,TDB-MID,2050.7379289766786,0.14454872861119492,2038,0.8515347326686116,2.827786714826026,2158,0.9993541682195201,1.0001180122860487
TOI-2076_b,NIRISS_SOSS,obs10,SOSS_HDU3_ordem_1,jw05959010001_04102_00001-seg005_nis_x1dints.fits,seg005,3,339,60783.207177668286,TDB-MID,2054.0252776797215,0.14455892873384596,2038,0.8515347326686116,2.827786714826026,2159,1.0009561406521537,1.0017212091666072
TOI-2076_b,NIRISS_SOSS,obs10,SOSS_HDU3_ordem_1,jw05959010001_04102_00001-seg005_nis_x1dints.fits,seg005,3,340,60783.2072547413,TDB-MID,2058.422511314441,0.1445653407326234,2038,0.8515347326686116,2.827786714826026,2160,1.0030989760185844,1.0038656823828938
TOI-2076_b,NIRISS_SOSS,obs10,SOSS_HDU3_ordem_1,jw05959010001_04102_00001-seg005_nis_x1dints.fits,seg005,3,341,60783.2073318143,TDB-MID,2050.77027823687,0.14454512105176573,2038,0.8515347326686116,2.827786714826026,2161,0.9993699324805474,1.000133788596295
TOI-2076_b,NIRISS_SOSS,obs10,SOSS_HDU3_ordem_1,jw05959010001_04102_00001-seg005_nis_x1dints.fits,seg005,3,342,60783.207408887305,TDB-MID,2048.3918368724217,0.14454207979296543,2038,0.8515347326686116,2.827786714826026,2162,0.9982108837021336,0.9989738539132038
TOI-2076_b,NIRISS_SOSS,obs10,SOSS_HDU3_ordem_1,jw05959010001_04102_00001-seg005_nis_x1dints.fits,seg005,3,343,60783.20748596031,TDB-MID,2053.743427796204,0.1445526250892138,2038,0.8515347326686116,2.827786714826026,2163,1.0008187911391195,1.0015837546721622
TOI-2076_b,NIRISS_SOSS,obs10,SOSS_HDU3_ordem_1,jw05959010001_04102_00001-seg005_nis_x1dints.fits,seg005,3,344,60783.20756303331,TDB-MID,2052.353991385309,0.1445525802601084,2038,0.8515347326686116,2.827786714826026,2164,1.0001416987378509,1.000906144743645
TOI-2076_b,NIRISS_SOSS,obs10,SOSS_HDU3_ordem_1,jw05959010001_04102_00001-seg005_nis_x1dints.fits,seg005,3,345,60783.20764010632,TDB-MID,2054.3910169729857,0.14455439558415722,2038,0.8515347326686116,2.827786714826026,2165,1.0011343706843976,1.001899575426784
TOI-2076_b,NIRISS_SOSS,obs10,SOSS_HDU3_ordem_1,jw05959010001_04102_00001-seg005_nis_x1dints.fits,seg005,3,346,60783.20771717932,TDB-MID,2060.085137189539,0.14456548643255876,2038,0.8515347326686116,2.827786714826026,2166,1.0039091975856562,1.0046765232328545
TOI-2076_b,NIRISS_SOSS,obs10,SOSS_HDU3_ordem_1,jw05959010001_04102_00001-seg005_nis_x1dints.fits,seg005,3,347,60783.20779425233,TDB-MID,2049.4929400898463,0.14457961543220338,2038,0.8515347326686116,2.827786714826026,2167,0.9987474671799271,0.9995108475219786
TOI-2076_b,NIRISS_SOSS,obs10,SOSS_HDU3_ordem_1,jw05959010001_04102_00001-seg005_nis_x1dints.fits,seg005,3,348,60783.207871325336,TDB-MID,2056.10212631344,0.1445556743118891,2038,0.8515347326686116,2.827786714826026,2168,1.0019682189433585,1.0027340610274054
TOI-2076_b,NIRISS_SOSS,obs10,SOSS_HDU3_ordem_1,jw05959010001_04102_00001-seg005_nis_x1dints.fits,seg005,3,349,60783.20794839834,TDB-MID,2036.9456354600977,0.1445196649040643,2038,0.8515347326686116,2.827786714826026,2169,0.9926329846785397,0.9933916914910987
TOI-2076_b,NIRISS_SOSS,obs10,SOSS_HDU3_ordem_1,jw05959010001_04102_00001-seg005_nis_x1dints.fits,seg005,3,350,60783.20802547134,TDB-MID,2048.7112505338077,0.14454200117084978,2038,0.8515347326686116,2.827786714826026,2170,0.9983665385858621,0.999129627769828
TOI-2076_b,NIRISS_SOSS,obs10,SOSS_HDU3_ordem_1,jw05959010001_04102_00001-seg005_nis_x1dints.fits,seg005,3,351,60783.20810254434,TDB-MID,2050.2407303907617,0.14454877149707324,2038,0.8515347326686116,2.827786714826026,2171,0.9991118761780806,0.9998755350516677
TOI-2076_b,NIRISS_SOSS,obs10,SOSS_HDU3_ordem_1,jw05959010001_04102_00001-seg005_nis_x1dints.fits,seg005,3,352,60783.208179617344,TDB-MID,2054.3704836488328,0.14455579800235277,2038,0.8515347326686116,2.827786714826026,2172,1.0011243644994094,1.0018895615936914
TOI-2076_b,NIRISS_SOSS,obs10,SOSS_HDU3_ordem_1,jw05959010001_04102_00001-seg005_nis_x1dints.fits,seg005,3,353,60783.20825669035,TDB-MID,2049.1385406176105,0.14454361525058765,2038,0.8515347326686116,2.827786714826026,2173,0.9985747632060115,0.9993380115439048
TOI-2076_b,NIRISS_SOSS,obs10,SOSS_HDU3_ordem_1,jw05959010001_04102_00001-seg005_nis_x1dints.fits,seg005,3,354,60783.20833376336,TDB-MID,2048.2612903143545,0.14454116575569326,2038,0.8515347326686116,2.827786714826026,2174,0.998147266481665,0.9989101880676952
TOI-2076_b,NIRISS_SOSS,obs10,SOSS_HDU3_ordem_1,jw05959010001_04102_00001-seg005_nis_x1dints.fits,seg005,3,355,60783.20841083636,TDB-MID,2043.8274653474346,0.1445337685008651,2038,0.8515347326686116,2.827786714826026,2175,0.9959865996313384,0.9967478697382375
TOI-2076_b,NIRISS_SOSS,obs10,SOSS_HDU3_ordem_1,jw05959010001_04102_00001-seg005_nis_x1dints.fits,seg005,3,356,60783.20848790937,TDB-MID,2052.7410451211526,0.14456022232179624,2038,0.8515347326686116,2.827786714826026,2176,1.0003303156053573,1.001094905778134
TOI-2076_b,NIRISS_SOSS,obs10,SOSS_HDU3_ordem_1,jw05959010001_04102_00001-seg005_nis_x1dints.fits,seg005,3,357,60783.20856498237,TDB-MID,2050.0018474195713,0.14454858675323728,2038,0.8515347326686116,2.827786714826026,2177,0.9989954650610858,0.9997590349572675
TOI-2076_b,NIRISS_SOSS,obs10,SOSS_HDU3_ordem_1,jw05959010001_04102_00001-seg005_nis_x1dints.fits,seg005,3,358,60783.208642055375,TDB-MID,2044.5889117799052,0.14453413748566873,2038,0.8515347326686116,2.827786714826026,2178,0.9963576634593455,0.9971192171843175
TOI-2076_b,NIRISS_SOSS,obs10,SOSS_HDU3_ordem_1,jw05959010001_04102_00001-seg005_nis_x1dints.fits,seg005,3,359,60783.20871912838,TDB-MID,2044.139169637608,0.14453349035802227,2038,0.8515347326686116,2.827786714826026,2179,0.9961384976272916,0.9968998838355555
TOI-2076_b,NIRISS_SOSS,obs10,SOSS_HDU3_ordem_1,jw05959010001_04102_00001-seg005_nis_x1dints.fits,seg005,3,360,60783.20879620138,TDB-MID,2054.7064242482347,0.14455163733088927,2038,0.8515347326686116,2.827786714826026,2180,1.001288073198382,1.0020533954213944
TOI-2076_b,NIRISS_SOSS,obs10,SOSS_HDU3_ordem_1,jw05959010001_04102_00001-seg005_nis_x1dints.fits,seg005,3,361,60783.20887327439,TDB-MID,2049.880466001428,0.14454370754952847,2038,0.8515347326686116,2.827786714826026,2181,0.9989363141454803,0.9996998388303872
TOI-2076_b,NIRISS_SOSS,obs10,SOSS_HDU3_ordem_1,jw05959010001_04102_00001-seg005_nis_x1dints.fits,seg005,3,362,60783.2089503474,TDB-MID,2045.1187623321987,0.14453659434527705,2038,0.8515347326686116,2.827786714826026,2182,0.9966158672749019,0.9973776183547844
TOI-2076_b,NIRISS_SOSS,obs10,SOSS_HDU3_ordem_1,jw05959010001_04102_00001-seg005_nis_x1dints.fits,seg005,3,363,60783.209027420395,TDB-MID,2048.3576220961017,0.14454199114208297,2038,0.8515347326686116,2.827786714826026,2183,0.9981942103481927,0.9989571678151898
TOI-2076_b,NIRISS_SOSS,obs10,SOSS_HDU3_ordem_1,jw05959010001_04102_00001-seg005_nis_x1dints.fits,seg005,3,364,60783.2091044934,TDB-MID,2052.7712711460417,0.14450964077107925,2038,0.8515347326686116,2.827786714826026,2184,1.0003450451832008,1.0011096466143492
TOI-2076_b,NIRISS_SOSS,obs10,SOSS_HDU3_ordem_1,jw05959010001_04102_00001-seg005_nis_x1dints.fits,seg005,3,365,60783.2091815664,TDB-MID,2050.0257977097717,0.14454471824006893,2038,0.8515347326686116,2.827786714826026,2185,0.999007136382908,0.9997707151999208
TOI-2076_b,NIRISS_SOSS,obs10,SOSS_HDU3_ordem_1,jw05959010001_04102_00001-seg005_nis_x1dints.fits,seg005,3,366,60783.20925863941,TDB-MID,2045.863156126109,0.1445371503522107,2038,0.8515347326686116,2.827786714826026,2186,0.996978621106208,0.9977406494525196
TOI-2076_b,NIRISS_SOSS,obs10,SOSS_HDU3_ordem_1,jw05959010001_04102_00001-seg005_nis_x1dints.fits,seg005,3,367,60783.20933571241,TDB-MID,2040.1263690131686,0.1445250279311871,2038,0.8515347326686116,2.827786714826026,2187,0.9941830020110046,0.9949428935602467
TOI-2076_b,NIRISS_SOSS,obs10,SOSS_HDU3_ordem_1,jw05959010001_04102_00001-seg005_nis_x1dints.fits,seg005,3,368,60783.209412785414,TDB-MID,2048.0616085709044,0.14453997351679385,2038,0.8515347326686116,2.827786714826026,2188,0.9980499586883022,0.9988128058983173
TOI-2076_b,NIRISS_SOSS,obs10,SOSS_HDU3_ordem_1,jw05959010001_04102_00001-seg005_nis_x1dints.fits,seg005,3,369,60783.20948985842,TDB-MID,2050.3759223783836,0.14454656912451677,2038,0.8515347326686116,2.827786714826026,2189,0.999177757183367,0.9999414664122901
TOI-2076_b,NIRISS_SOSS,obs10,SOSS_HDU3_ordem_1,jw05959010001_04102_00001-seg005_nis_x1dints.fits,seg005,3,370,60783.20956693142,TDB-MID,2055.034617371934,0.14455876720293373,2038,0.8515347326686116,2.827786714826026,2190,1.0014480064407119,1.0022134509067309
TOI-2076_b,NIRISS_SOSS,obs10,SOSS_HDU3_ordem_1,jw05959010001_04102_00001-seg005_nis_x1dints.fits,seg005,3,371,60783.20964400443,TDB-MID,2051.1803874250695,0.14457388677961708,2038,0.8515347326686116,2.827786714826026,2191,0.999569784602489,1.000333793472748
TOI-2076_b,NIRISS_SOSS,obs10,SOSS_HDU3_ordem_1,jw05959010001_04102_00001-seg005_nis_x1dints.fits,seg005,3,372,60783.20972107744,TDB-MID,2049.8349895367337,0.14454419211479647,2038,0.8515347326686116,2.827786714826026,2192,0.9989141528083801,0.9996776605545415
TOI-2076_b,NIRISS_SOSS,obs10,SOSS_HDU3_ordem_1,jw05959010001_04102_00001-seg005_nis_x1dints.fits,seg005,3,373,60783.20979815044,TDB-MID,2048.981576436794,0.14454500948779364,2038,0.8515347326686116,2.827786714826026,2193,0.9984982722969862,0.999261462169994
TOI-2076_b,NIRISS_SOSS,obs10,SOSS_HDU3_ordem_1,jw05959010001_04102_00001-seg005_nis_x1dints.fits,seg005,3,374,60783.209875223445,TDB-MID,2049.3071599592568,0.14454654561061622,2038,0.8515347326686116,2.827786714826026,2194,0.9986569338429981,0.9994202449870071
TOI-2076_b,NIRISS_SOSS,obs10,SOSS_HDU3_ordem_1,jw05959010001_04102_00001-seg005_nis_x1dints.fits,seg005,3,375,60783.20995229644,TDB-MID,2048.622147419005,0.14454296777066097,2038,0.8515347326686116,2.827786714826026,2195,0.9983231173529873,0.999086173348468
TOI-2076_b,NIRISS_SOSS,obs10,SOSS_HDU3_ordem_1,jw05959010001_04102_00001-seg005_nis_x1dints.fits,seg005,3,376,60783.210029369446,TDB-MID,2044.2494473327245,0.14453539843217816,2038,0.8515347326686116,2.827786714826026,2196,0.9961922375385299,0.996953664822234
TOI-2076_b,NIRISS_SOSS,obs10,SOSS_HDU3_ordem_1,jw05959010001_04102_00001-seg005_nis_x1dints.fits,seg005,3,377,60783.21010644245,TDB-MID,2051.961879536432,0.14455066681287168,2038,0.8515347326686116,2.827786714826026,2197,0.999950616978916,1.0007149169337177
TOI-2076_b,NIRISS_SOSS,obs10,SOSS_HDU3_ordem_1,jw05959010001_04102_00001-seg005_nis_x1dints.fits,seg005,3,378,60783.21018351545,TDB-MID,2054.4227090080194,0.14455624825572724,2038,0.8515347326686116,2.827786714826026,2198,1.0011498146701272,1.0019150312169343
TOI-2076_b,NIRISS_SOSS,obs10,SOSS_HDU3_ordem_1,jw05959010001_04102_00001-seg005_nis_x1dints.fits,seg005,3,379,60783.21026058846,TDB-MID,2049.426864453262,0.1445446469233959,2038,0.8515347326686116,2.827786714826026,2199,0.9987152675692869,0.9994786232999621
TOI-2076_b,NIRISS_SOSS,obs10,SOSS_HDU3_ordem_1,jw05959010001_04102_00001-seg005_nis_x1dints.fits,seg005,3,380,60783.21033766147,TDB-MID,2059.239169493212,0.14456479804291933,2038,0.8515347326686116,2.827786714826026,2200,1.003496945326819,1.004263955874074
TOI-2076_b,NIRISS_SOSS,obs10,SOSS_HDU3_ordem_1,jw05959010001_04102_00001-seg005_nis_x1dints.fits,seg005,3,381,60783.21041473447,TDB-MID,2055.748068296597,0.14455684328027274,2038,0.8515347326686116,2.827786714826026,2201,1.0017956813655804,1.002561391572652
TOI-2076_b,NIRISS_SOSS,obs10,SOSS_HDU3_ordem_1,jw05959010001_04102_00001-seg005_nis_x1dints.fits,seg005,3,382,60783.21049180748,TDB-MID,2046.2546071891277,0.14453891457926063,2038,0.8515347326686116,2.827786714826026,2202,0.9971693808546644,0.9979315550058435
TOI-2076_b,NIRISS_SOSS,obs10,SOSS_HDU3_ordem_1,jw05959010001_04102_00001-seg005_nis_x1dints.fits,seg005,3,383,60783.21056888048,TDB-MID,2040.391957656007,0.14452562173389003,2038,0.8515347326686116,2.827786714826026,2203,0.9943124271869386,0.995072417660722
TOI-2076_b,NIRISS_SOSS,obs10,SOSS_HDU3_ordem_1,jw05959010001_04102_00001-seg005_nis_x1dints.fits,seg005,3,384,60783.210645953484,TDB-MID,2053.721411245797,0.14455355632543587,2038,0.8515347326686116,2.827786714826026,2204,1.000808062156587,1.0015730174890638
TOI-2076_b,NIRISS_SOSS,obs10,SOSS_HDU3_ordem_1,jw05959010001_04102_00001-seg005_nis_x1dints.fits,seg005,3,385,60783.21072302649,TDB-MID,2046.4494563162011,0.144536505352134,2038,0.8515347326686116,2.827786714826026,2205,0.9972643336443716,0.9980265803715476
TOI-2076_b,NIRISS_SOSS,obs10,SOSS_HDU3_ordem_1,jw05959010001_04102_00001-seg005_nis_x1dints.fits,seg005,3,386,60783.21080009949,TDB-MID,2048.840959785252,0.1445426789525384,2038,0.8515347326686116,2.827786714826026,2206,0.9984297477747378,0.9991928852718699
TOI-2076_b,NIRISS_SOSS,obs10,SOSS_HDU3_ordem_1,jw05959010001_04102_00001-seg005_nis_x1dints.fits,seg005,3,387,60783.21087717249,TDB-MID,2051.740010106071,0.14455010010515673,2038,0.8515347326686116,2.827786714826026,2207,0.999842496805734,1.0006067141202113
TOI-2076_b,NIRISS_SOSS,obs10,SOSS_HDU3_ordem_1,jw05959010001_04102_00001-seg005_nis_x1dints.fits,seg005,3,388,60783.21095424549,TDB-MID,2055.9504582768054,0.14455408844064702,2038,0.8515347326686116,2.827786714826026,2208,1.0018943089217733,1.0026600945136044
TOI-2076_b,NIRISS_SOSS,obs10,SOSS_HDU3_ordem_1,jw05959010001_04102_00001-seg005_nis_x1dints.fits,seg005,3,389,60783.2110313185,TDB-MID,2050.458785579099,0.1445448346999301,2038,0.8515347326686116,2.827786714826026,2209,0.9992181376161161,0.9999818777093263
TOI-2076_b,NIRISS_SOSS,obs10,SOSS_HDU3_ordem_1,jw05959010001_04102_00001-seg005_nis_x1dints.fits,seg005,3,390,60783.21110839151,TDB-MID,2049.8175314658206,0.14454351851391553,2038,0.8515347326686116,2.827786714826026,2210,0.9989056452386466,0.9996691464821517
TOI-2076_b,NIRISS_SOSS,obs10,SOSS_HDU3_ordem_1,jw05959010001_04102_00001-seg005_nis_x1dints.fits,seg005,3,391,60783.21118546451,TDB-MID,2051.6992136924478,0.14454814309957137,2038,0.8515347326686116,2.827786714826026,2211,0.9998226161250157,1.000586818243939
TOI-2076_b,NIRISS_SOSS,obs10,SOSS_HDU3_ordem_1,jw05959010001_04102_00001-seg005_nis_x1dints.fits,seg005,3,392,60783.211262537516,TDB-MID,2047.048487482347,0.1445391466418916,2038,0.8515347326686116,2.827786714826026,2212,0.9975562501707704,0.9983187200207528
TOI-2076_b,NIRISS_SOSS,obs10,SOSS_HDU3_ordem_1,jw05959010001_04102_00001-seg005_nis_x1dints.fits,seg005,3,393,60783.21133961052,TDB-MID,2048.1547144881383,0.1445417300780156,2038,0.8515347326686116,2.827786714826026,2213,0.9980953305445296,0.998858212433965
TOI-2076_b,NIRISS_SOSS,obs10,SOSS_HDU3_ordem_1,jw05959010001_04102_00001-seg005_nis_x1dints.fits,seg005,3,394,60783.21141668352,TDB-MID,2048.4166085886245,0.14454261405043892,2038,0.8515347326686116,2.827786714826026,2214,0.9982229553166931,0.9989859347545534
TOI-2076_b,NIRISS_SOSS,obs10,SOSS_HDU3_ordem_1,jw05959010001_04102_00001-seg005_nis_x1dints.fits,seg005,3,395,60783.21149375653,TDB-MID,2051.4372313525423,0.1445507685288976,2038,0.8515347326686116,2.827786714826026,2215,0.9996949483525105,1.0004590528901423
TOI-2076_b,NIRISS_SOSS,obs10,SOSS_HDU3_ordem_1,jw05959010001_04102_00001-seg005_nis_x1dints.fits,seg005,3,396,60783.21157082953,TDB-MID,2053.049333362119,0.14455544184961505,2038,0.8515347326686116,2.827786714826026,2216,1.000480548911266,1.001245253913022
TOI-2076_b,NIRISS_SOSS,obs10,SOSS_HDU3_ordem_1,jw05959010001_04102_00001-seg005_nis_x1dints.fits,seg005,3,397,60783.211647902535,TDB-MID,2056.5088198016774,0.14455732040604835,2038,0.8515347326686116,2.827786714826026,2217,1.002166406545448,1.002932400111751
TOI-2076_b,NIRISS_SOSS,obs10,SOSS_HDU3_ordem_1,jw05959010001_04102_00001-seg005_nis_x1dints.fits,seg005,3,398,60783.21172497554,TDB-MID,2050.9267744926674,0.1445461658536263,2038,0.8515347326686116,2.827786714826026,2218,0.9994461953629625,1.0002101097693064
TOI-2076_b,NIRISS_SOSS,obs10,SOSS_HDU3_ordem_1,jw05959010001_04102_00001-seg005_nis_x1dints.fits,seg005,3,399,60783.211802048536,TDB-MID,2049.3558209223515,0.14454228433391558,2038,0.8515347326686116,2.827786714826026,2219,0.9986806470320951,0.9994439763009886
TOI-2076_b,NIRISS_SOSS,obs10,SOSS_HDU3_ordem_1,jw05959010001_04102_00001-seg005_nis_x1dints.fits,seg005,3,400,60783.21187912155,TDB-MID,2046.2129777020673,0.14453673901232159,2038,0.8515347326686116,2.827786714826026,2220,0.9971490942052458,0.9979112528505739
TOI-2076_b,NIRISS_SOSS,obs10,SOSS_HDU3_ordem_1,jw05959010001_04102_00001-seg005_nis_x1dints.fits,seg005,3,401,60783.21195619455,TDB-MID,2051.867685690857,0.14455406554124778,2038,0.8515347326686116,2.827786714826026,2221,0.9999047149595178,1.0006689798296757
TOI-2076_b,NIRISS_SOSS,obs10,SOSS_HDU3_ordem_1,jw05959010001_04102_00001-seg005_nis_x1dints.fits,seg005,3,402,60783.212033267555,TDB-MID,2052.4437405308327,0.14455222135163273,2038,0.8515347326686116,2.827786714826026,2222,1.000185434790813,1.000949914225721
TOI-2076_b,NIRISS_SOSS,obs10,SOSS_HDU3_ordem_1,jw05959010001_04102_00001-seg005_nis_x1dints.fits,seg005,3,403,60783.21211034056,TDB-MID,2055.3729605473663,0.144557053590295,2038,0.8515347326686116,2.827786714826026,2223,1.0016128859496336,1.0023784564392773
TOI-2076_b,NIRISS_SOSS,obs10,SOSS_HDU3_ordem_1,jw05959010001_04102_00001-seg005_nis_x1dints.fits,seg005,3,404,60783.21218741356,TDB-MID,2050.0732673156263,0.1445470532447421,2038,0.8515347326686116,2.827786714826026,2224,0.9990302690064402,0.9997938655045894
TOI-2076_b,NIRISS_SOSS,obs10,SOSS_HDU3_ordem_1,jw05959010001_04102_00001-seg005_nis_x1dints.fits,seg005,3,405,60783.21226448657,TDB-MID,2052.0626764745575,0.14455075836077516,2038,0.8515347326686116,2.827786714826026,2225,0.9999997367805424,1.0007640742794603
TOI-2076_b,NIRISS_SOSS,obs10,SOSS_HDU3_ordem_1,jw05959010001_04102_00001-seg005_nis_x1dints.fits,seg005,3,406,60783.21234155957,TDB-MID,2047.3188750468212,0.14455187713021003,2038,0.8515347326686116,2.827786714826026,2226,0.9976880139304269,0.9984505844924183
TOI-2076_b,NIRISS_SOSS,obs10,SOSS_HDU3_ordem_1,jw05959010001_04102_00001-seg005_nis_x1dints.fits,seg005,3,407,60783.212418632575,TDB-MID,2047.0231694519935,0.1445388789860669,2038,0.8515347326686116,2.827786714826026,2227,0.9975439123294465,0.9983063727491516
TOI-2076_b,NIRISS_SOSS,obs10,SOSS_HDU3_ordem_1,jw05959010001_04102_00001-seg005_nis_x1dints.fits,seg005,3,408,60783.21249570558,TDB-MID,2050.6986027385374,0.14454674960831873,2038,0.8515347326686116,2.827786714826026,2228,0.9993350039765168,1.0000988333950922
TOI-2076_b,NIRISS_SOSS,obs10,SOSS_HDU3_ordem_1,jw05959010001_04102_00001-seg005_nis_x1dints.fits,seg005,3,409,60783.21257277858,TDB-MID,2055.642345344356,0.14455862601103525,2038,0.8515347326686116,2.827786714826026,2229,1.001744161046233,1.0025098318743821
TOI-2076_b,NIRISS_SOSS,obs10,SOSS_HDU3_ordem_1,jw05959010001_04102_00001-seg005_nis_x1dints.fits,seg005,3,410,60783.212649851586,TDB-MID,2048.414444409392,0.14454488976240687,2038,0.8515347326686116,2.827786714826026,2230,0.9982219006809419,0.9989848793127042
TOI-2076_b,NIRISS_SOSS,obs10,SOSS_HDU3_ordem_1,jw05959010001_04102_00001-seg005_nis_x1dints.fits,seg005,3,411,60783.21272692459,TDB-MID,2047.8492529804507,0.14454032522093538,2038,0.8515347326686116,2.827786714826026,2231,0.9979464747465142,0.9987092428598513
TOI-2076_b,NIRISS_SOSS,obs10,SOSS_HDU3_ordem_1,jw05959010001_04102_00001-seg005_nis_x1dints.fits,seg005,3,412,60783.212803997594,TDB-MID,2051.598280656673,0.1445496447312626,2038,0.8515347326686116,2.827786714826026,2232,0.9997734300010418,1.0005375945251564
TOI-2076_b,NIRISS_SOSS,obs10,SOSS_HDU3_ordem_1,jw05959010001_04102_00001-seg005_nis_x1dints.fits,seg005,3,413,60783.2128810706,TDB-MID,2051.3232395461127,0.14454676881231276,2038,0.8515347326686116,2.827786714826026,2233,0.9996393985012649,1.0004034605800511
TOI-2076_b,NIRISS_SOSS,obs10,SOSS_HDU3_ordem_1,jw05959010001_04102_00001-seg005_nis_x1dints.fits,seg005,3,414,60783.2129581436,TDB-MID,2045.9464511237543,0.14453364889821696,2038,0.8515347326686116,2.827786714826026,2234,0.9970192119598282,0.9977812713312596
TOI-2076_b,NIRISS_SOSS,obs10,SOSS_HDU3_ordem_1,jw05959010001_04102_00001-seg005_nis_x1dints.fits,seg005,3,415,60783.213035216606,TDB-MID,2047.6115003409586,0.14453876691687484,2038,0.8515347326686116,2.827786714826026,2235,0.9978306144564574,0.9985932940134069
TOI-2076_b,NIRISS_SOSS,obs10,SOSS_HDU3_ordem_1,jw05959010001_04102_00001-seg005_nis_x1dints.fits,seg005,3,416,60783.21311228961,TDB-MID,2049.3433326838126,0.14454484822214902,2038,0.8515347326686116,2.827786714826026,2236,0.9986745613333516,0.999437885950716
TOI-2076_b,NIRISS_SOSS,obs10,SOSS_HDU3_ordem_1,jw05959010001_04102_00001-seg005_nis_x1dints.fits,seg005,3,417,60783.213189362614,TDB-MID,2055.5950876066267,0.14455633529215572,2038,0.8515347326686116,2.827786714826026,2237,1.0017211316690937,1.0024867848950216
TOI-2076_b,NIRISS_SOSS,obs10,SOSS_HDU3_ordem_1,jw05959010001_04102_00001-seg005_nis_x1dints.fits,seg005,3,418,60783.21326643562,TDB-MID,2046.2413841864523,0.14453587163404544,2038,0.8515347326686116,2.827786714826026,2238,0.9971629370947606,0.997925106320731
TOI-2076_b,NIRISS_SOSS,obs10,SOSS_HDU3_ordem_1,jw05959010001_04102_00001-seg005_nis_x1dints.fits,seg005,3,419,60783.21334350862,TDB-MID,2047.0480234710146,0.1445370426713702,2038,0.8515347326686116,2.827786714826026,2239,0.9975560240513563,0.9983184937285071
TOI-2076_b,NIRISS_SOSS,obs10,SOSS_HDU3_ordem_1,jw05959010001_04102_00001-seg005_nis_x1dints.fits,seg005,3,420,60783.213420581626,TDB-MID,2057.03427463995,0.1445600596313166,2038,0.8515347326686116,2.827786714826026,2240,1.0024224682661678,1.0031886575500972
TOI-2076_b,NIRISS_SOSS,obs10,SOSS_HDU3_ordem_1,jw05959010001_04102_00001-seg005_nis_x1dints.fits,seg005,3,421,60783.21349765463,TDB-MID,2048.9872341406763,0.14463981183066893,2038,0.8515347326686116,2.827786714826026,2241,0.9985010293776826,0.9992642213580311
TOI-2076_b,NIRISS_SOSS,obs10,SOSS_HDU3_ordem_1,jw05959010001_04102_00001-seg005_nis_x1dints.fits,seg005,3,422,60783.21357472763,TDB-MID,2049.123914475097,0.14454178589485658,2038,0.8515347326686116,2.827786714826026,2242,0.9985676356758287,0.999330878565882
TOI-2076_b,NIRISS_SOSS,obs10,SOSS_HDU3_ordem_1,jw05959010001_04102_00001-seg005_nis_x1dints.fits,seg005,3,423,60783.21365180063,TDB-MID,2050.4652087553272,0.144548660753505,2038,0.8515347326686116,2.827786714826026,2243,0.9992212677225262,0.9999850102081946
TOI-2076_b,NIRISS_SOSS,obs10,SOSS_HDU3_ordem_1,jw05959010001_04102_00001-seg005_nis_x1dints.fits,seg005,3,424,60783.213728873634,TDB-MID,2052.3776759681778,0.14454897461515642,2038,0.8515347326686116,2.827786714826026,2244,1.0001532405766582,1.0009176954043146
TOI-2076_b,NIRISS_SOSS,obs10,SOSS_HDU3_ordem_1,jw05959010001_04102_00001-seg005_nis_x1dints.fits,seg005,3,425,60783.21380594664,TDB-MID,2048.61847963147,0.14454259084278906,2038,0.8515347326686116,2.827786714826026,2245,0.9983213299872252,0.9990843846165549
TOI-2076_b,NIRISS_SOSS,obs10,SOSS_HDU3_ordem_1,jw05959010001_04102_00001-seg005_nis_x1dints.fits,seg005,3,426,60783.21388301965,TDB-MID,2040.9765469832923,0.14452681673500303,2038,0.8515347326686116,2.827786714826026,2246,0.9945973059969827,0.9953575142143806
TOI-2076_b,NIRISS_SOSS,obs10,SOSS_HDU3_ordem_1,jw05959010001_04102_00001-seg005_nis_x1dints.fits,seg005,3,427,60783.21396009265,TDB-MID,2048.592850503598,0.14454159405368106,2038,0.8515347326686116,2.827786714826026,2247,0.9983088405435938,0.9990718856267709
TOI-2076_b,NIRISS_SOSS,obs10,SOSS_HDU3_ordem_1,jw05959010001_04102_00001-seg005_nis_x1dints.fits,seg005,3,428,60783.21403716566,TDB-MID,2051.6748087494752,0.14454872367510146,2038,0.8515347326686116,2.827786714826026,2248,0.9998107232443408,1.0005749162730873
TOI-2076_b,NIRISS_SOSS,obs10,SOSS_HDU3_ordem_1,jw05959010001_04102_00001-seg005_nis_x1dints.fits,seg005,3,429,60783.21411423866,TDB-MID,2051.8053456007365,0.14454785522020414,2038,0.8515347326686116,2.827786714826026,2249,0.999874335734543,1.0006385773847137
TOI-2076_b,NIRISS_SOSS,obs10,SOSS_HDU3_ordem_1,jw05959010001_04102_00001-seg005_nis_x1dints.fits,seg005,3,430,60783.214191311665,TDB-MID,2044.8832988108,0.1445346553330807,2038,0.8515347326686116,2.827786714826026,2250,0.9965011225051054,0.9972627858812344
TOI-2076_b,NIRISS_SOSS,obs10,SOSS_HDU3_ordem_1,jw05959010001_04102_00001-seg005_nis_x1dints.fits,seg005,3,431,60783.21426838467,TDB-MID,2047.8936372712767,0.14454116508608245,2038,0.8515347326686116,2.827786714826026,2251,0.9979681038515371,0.9987308884968147
TOI-2076_b,NIRISS_SOSS,obs10,SOSS_HDU3_ordem_1,jw05959010001_04102_00001-seg005_nis_x1dints.fits,seg005,3,432,60783.21434545767,TDB-MID,2047.7435450558337,0.1445429682518846,2038,0.8515347326686116,2.827786714826026,2252,0.9978949617503448,0.9986576904903568
TOI-2076_b,NIRISS_SOSS,obs10,SOSS_HDU3_ordem_1,jw05959010001_04102_00001-seg005_nis_x1dints.fits,seg005,3,433,60783.21442253068,TDB-MID,2048.8151455584584,0.14454733270274442,2038,0.8515347326686116,2.827786714826026,2253,0.9984171681297326,0.9991802960117676
TOI-2076_b,NIRISS_SOSS,obs10,SOSS_HDU3_ordem_1,jw05959010001_04102_00001-seg005_nis_x1dints.fits,seg005,3,434,60783.21449960368,TDB-MID,2048.5328293965176,0.1445459245715353,2038,0.8515347326686116,2.827786714826026,2254,0.9982795913924982,0.9990426141194464
TOI-2076_b,NIRISS_SOSS,obs10,SOSS_HDU3_ordem_1,jw05959010001_04102_00001-seg005_nis_x1dints.fits,seg005,3,435,60783.214576676684,TDB-MID,2054.445491797938,0.14455603797664215,2038,0.8515347326686116,2.827786714826026,2255,1.0011609170522244,1.0019261420850005
TOI-2076_b,NIRISS_SOSS,obs10,SOSS_HDU3_ordem_1,jw05959010001_04102_00001-seg005_nis_x1dints.fits,seg005,3,436,60783.21465374968,TDB-MID,2049.463002780633,0.14454501244908421,2038,0.8515347326686116,2.827786714826026,2256,0.9987328782973961,0.9994962474886147
TOI-2076_b,NIRISS_SOSS,obs10,SOSS_HDU3_ordem_1,jw05959010001_04102_00001-seg005_nis_x1dints.fits,seg005,3,437,60783.214730822685,TDB-MID,2053.7753079199774,0.14455354325760456,2038,0.8515347326686116,2.827786714826026,2257,1.0008343267832047,1.001599302190726
TOI-2076_b,NIRISS_SOSS,obs10,SOSS_HDU3_ordem_1,jw05959010001_04102_00001-seg005_nis_x1dints.fits,seg005,3,438,60783.21480789569,TDB-MID,2052.3209376919644,0.14455239825367705,2038,0.8515347326686116,2.827786714826026,2258,1.0001255911963887,1.0008900248905814
TOI-2076_b,NIRISS_SOSS,obs10,SOSS_HDU3_ordem_1,jw05959010001_04102_00001-seg005_nis_x1dints.fits,seg005,3,439,60783.21488496869,TDB-MID,2063.741649459291,0.14457596123320055,2038,0.8515347326686116,2.827786714826026,2259,1.0056910687483676,1.0064597563468722
TOI-2076_b,NIRISS_SOSS,obs10,SOSS_HDU3_ordem_1,jw05959010001_04102_00001-seg005_nis_x1dints.fits,seg005,3,440,60783.2149620417,TDB-MID,2049.8887553232767,0.14454702881222803,2038,0.8515347326686116,2.827786714826026,2260,0.9989403536515645,0.9997038814240181
TOI-2076_b,NIRISS_SOSS,obs10,SOSS_HDU3_ordem_1,jw05959010001_04102_00001-seg005_nis_x1dints.fits,seg005,3,441,60783.2150391147,TDB-MID,2052.9675798290473,0.14455100402681678,2038,0.8515347326686116,2.827786714826026,2261,1.0004407092355634,1.0012053837863533
TOI-2076_b,NIRISS_SOSS,obs10,SOSS_HDU3_ordem_1,jw05959010001_04102_00001-seg005_nis_x1dints.fits,seg005,3,442,60783.215116187705,TDB-MID,2058.5970235990444,0.14456488484219465,2038,0.8515347326686116,2.827786714826026,2262,1.0031840183716612,1.003950789737047
TOI-2076_b,NIRISS_SOSS,obs10,SOSS_HDU3_ordem_1,jw05959010001_04102_00001-seg005_nis_x1dints.fits,seg005,3,443,60783.215193260716,TDB-MID,2047.0505208483826,0.1445404055703802,2038,0.8515347326686116,2.827786714826026,2263,0.9975572410593645,0.9983197116667204
TOI-2076_b,NIRISS_SOSS,obs10,SOSS_HDU3_ordem_1,jw05959010001_04102_00001-seg005_nis_x1dints.fits,seg005,3,444,60783.21527033372,TDB-MID,2050.302474542248,0.144545638878791,2038,0.8515347326686116,2.827786714826026,2264,0.9991419649935647,0.9999056468651677
TOI-2076_b,NIRISS_SOSS,obs10,SOSS_HDU3_ordem_1,jw05959010001_04102_00001-seg005_nis_x1dints.fits,seg005,3,445,60783.21534740672,TDB-MID,2049.152008524264,0.14454102592254567,2038,0.8515347326686116,2.827786714826026,2265,0.9985813263111559,0.9993445796654779
TOI-2076_b,NIRISS_SOSS,obs10,SOSS_HDU3_ordem_1,jw05959010001_04102_00001-seg005_nis_x1dints.fits,seg005,3,446,60783.21542447973,TDB-MID,2039.276447935857,0.14452265122293215,2038,0.8515347326686116,2.827786714826026,2266,0.9937688232125987,0.9945283981893706
TOI-2076_b,NIRISS_SOSS,obs10,SOSS_HDU3_ordem_1,jw05959010001_04102_00001-seg005_nis_x1dints.fits,seg005,3,447,60783.215501552724,TDB-MID,2044.128226304271,0.14453572752930274,2038,0.8515347326686116,2.827786714826026,2267,0.9961331647831334,0.9968945469153035
TOI-2076_b,NIRISS_SOSS,obs10,SOSS_HDU3_ordem_1,jw05959010001_04102_00001-seg005_nis_x1dints.fits,seg005,3,448,60783.21557862573,TDB-MID,2047.3539419878755,0.14456216591385515,2038,0.8515347326686116,2.827786714826026,2268,0.9977051025565328,0.9984676861800054
TOI-2076_b,NIRISS_SOSS,obs10,SOSS_HDU3_ordem_1,jw05959010001_04102_00001-seg005_nis_x1dints.fits,seg005,3,449,60783.21565569873,TDB-MID,2052.2608089776304,0.14454857554489892,2038,0.8515347326686116,2.827786714826026,2269,1.0000962896067267,1.0008607009046095
TOI-2076_b,NIRISS_SOSS,obs10,SOSS_HDU3_ordem_1,jw05959010001_04102_00001-seg006_nis_x1dints.fits,seg006,3,0,60783.215732771736,TDB-MID,2055.5392568953885,0.1445676817897889,2038,0.8515347326686116,2.827786714826026,2270,1.0016939245583252,1.0022648668815348
TOI-2076_b,NIRISS_SOSS,obs10,SOSS_HDU3_ordem_1,jw05959010001_04102_00001-seg006_nis_x1dints.fits,seg006,3,1,60783.21580984474,TDB-MID,2050.2458786430598,0.14459963611420643,2038,0.8515347326686116,2.827786714826026,2271,0.9991143849956728,0.9996838570411113
TOI-2076_b,NIRISS_SOSS,obs10,SOSS_HDU3_ordem_1,jw05959010001_04102_00001-seg006_nis_x1dints.fits,seg006,3,2,60783.215886917744,TDB-MID,2048.45286772658,0.14454815155137216,2038,0.8515347326686116,2.827786714826026,2272,0.9982406249175425,0.9988095989399854
TOI-2076_b,NIRISS_SOSS,obs10,SOSS_HDU3_ordem_1,jw05959010001_04102_00001-seg006_nis_x1dints.fits,seg006,3,3,60783.21596399075,TDB-MID,2047.3373608732245,0.14454671993587262,2038,0.8515347326686116,2.827786714826026,2273,0.997697022340233,0.9982656865218046
TOI-2076_b,NIRISS_SOSS,obs10,SOSS_HDU3_ordem_1,jw05959010001_04102_00001-seg006_nis_x1dints.fits,seg006,3,4,60783.21604106375,TDB-MID,2050.331479747584,0.14455487004396148,2038,0.8515347326686116,2.827786714826026,2274,0.9991560996484335,0.9997255954702574
TOI-2076_b,NIRISS_SOSS,obs10,SOSS_HDU3_ordem_1,jw05959010001_04102_00001-seg006_nis_x1dints.fits,seg006,3,5,60783.216118136756,TDB-MID,2048.6795016308542,0.14455062906213076,2038,0.8515347326686116,2.827786714826026,2275,0.998351066887575,0.9989201038593813
TOI-2076_b,NIRISS_SOSS,obs10,SOSS_HDU3_ordem_1,jw05959010001_04102_00001-seg006_nis_x1dints.fits,seg006,3,6,60783.21619520976,TDB-MID,2045.003062852606,0.14454221778237478,2038,0.8515347326686116,2.827786714826026,2276,0.9965594852498961,0.9971275010616881
TOI-2076_b,NIRISS_SOSS,obs10,SOSS_HDU3_ordem_1,jw05959010001_04102_00001-seg006_nis_x1dints.fits,seg006,3,7,60783.21627228276,TDB-MID,2050.297481535037,0.1445538693359274,2038,0.8515347326686116,2.827786714826026,2277,0.9991395318291424,0.9997090182076932
TOI-2076_b,NIRISS_SOSS,obs10,SOSS_HDU3_ordem_1,jw05959010001_04102_00001-seg006_nis_x1dints.fits,seg006,3,8,60783.21634935577,TDB-MID,2053.3780753015135,0.1445628327717199,2038,0.8515347326686116,2.827786714826026,2278,1.0006407495993992,1.001211091637289
TOI-2076_b,NIRISS_SOSS,obs10,SOSS_HDU3_ordem_1,jw05959010001_04102_00001-seg006_nis_x1dints.fits,seg006,3,9,60783.21642642877,TDB-MID,2055.9727647071813,0.14456701617589557,2038,0.8515347326686116,2.827786714826026,2279,1.0019051791669953,1.002476241900436
TOI-2076_b,NIRISS_SOSS,obs10,SOSS_HDU3_ordem_1,jw05959010001_04102_00001-seg006_nis_x1dints.fits,seg006,3,10,60783.21650350177,TDB-MID,2044.8625835523294,0.14454418744822112,2038,0.8515347326686116,2.827786714826026,2280,0.9964910276609004,0.9970590044534531
TOI-2076_b,NIRISS_SOSS,obs10,SOSS_HDU3_ordem_1,jw05959010001_04102_00001-seg006_nis_x1dints.fits,seg006,3,11,60783.21658057477,TDB-MID,2055.8894867964377,0.14456485464314994,2038,0.8515347326686116,2.827786714826026,2281,1.0018645966400688,1.0024356362424096
TOI-2076_b,NIRISS_SOSS,obs10,SOSS_HDU3_ordem_1,jw05959010001_04102_00001-seg006_nis_x1dints.fits,seg006,3,12,60783.216657647776,TDB-MID,2049.8435482075374,0.14455132230704237,2038,0.8515347326686116,2.827786714826026,2282,0.9989183235720946,0.9994876838670653
TOI-2076_b,NIRISS_SOSS,obs10,SOSS_HDU3_ordem_1,jw05959010001_04102_00001-seg006_nis_x1dints.fits,seg006,3,13,60783.21673472078,TDB-MID,2053.0388325062036,0.14455829345058785,2038,0.8515347326686116,2.827786714826026,2283,1.000475431692737,1.001045679503251
TOI-2076_b,NIRISS_SOSS,obs10,SOSS_HDU3_ordem_1,jw05959010001_04102_00001-seg006_nis_x1dints.fits,seg006,3,14,60783.21681179378,TDB-MID,2053.5197110081212,0.14455776199340115,2038,0.8515347326686116,2.827786714826026,2284,1.0007097707218775,1.0012801521002077
TOI-2076_b,NIRISS_SOSS,obs10,SOSS_HDU3_ordem_1,jw05959010001_04102_00001-seg006_nis_x1dints.fits,seg006,3,15,60783.21688886679,TDB-MID,2052.373445473908,0.14455961875730597,2038,0.8515347326686116,2.827786714826026,2285,1.0001511789957889,1.0007212419897802
TOI-2076_b,NIRISS_SOSS,obs10,SOSS_HDU3_ordem_1,jw05959010001_04102_00001-seg006_nis_x1dints.fits,seg006,3,16,60783.21696593979,TDB-MID,2048.425066868983,0.1445515574586927,2038,0.8515347326686116,2.827786714826026,2286,0.9982270771586959,0.9987960434592301
TOI-2076_b,NIRISS_SOSS,obs10,SOSS_HDU3_ordem_1,jw05959010001_04102_00001-seg006_nis_x1dints.fits,seg006,3,17,60783.217043012795,TDB-MID,2051.7222090985224,0.14456601445499737,2038,0.8515347326686116,2.827786714826026,2287,0.9998338221180321,1.0004037042259577
TOI-2076_b,NIRISS_SOSS,obs10,SOSS_HDU3_ordem_1,jw05959010001_04102_00001-seg006_nis_x1dints.fits,seg006,3,18,60783.21712008581,TDB-MID,2056.786788404357,0.14456896087552604,2038,0.8515347326686116,2.827786714826026,2288,1.0023018646543544,1.00287315348933
TOI-2076_b,NIRISS_SOSS,obs10,SOSS_HDU3_ordem_1,jw05959010001_04102_00001-seg006_nis_x1dints.fits,seg006,3,19,60783.21719715881,TDB-MID,2055.1673278343105,0.14456462468170414,2038,0.8515347326686116,2.827786714826026,2289,1.0015126781629577,1.0020835171799223
TOI-2076_b,NIRISS_SOSS,obs10,SOSS_HDU3_ordem_1,jw05959010001_04102_00001-seg006_nis_x1dints.fits,seg006,3,20,60783.217274231814,TDB-MID,2050.2377322712136,0.1445586256556215,2038,0.8515347326686116,2.827786714826026,2290,0.9991104151511865,0.9996798849339056
TOI-2076_b,NIRISS_SOSS,obs10,SOSS_HDU3_ordem_1,jw05959010001_04102_00001-seg006_nis_x1dints.fits,seg006,3,21,60783.21735130482,TDB-MID,2043.5904609746046,0.14453843134619626,2038,0.8515347326686116,2.827786714826026,2291,0.9958711039824175,0.9964387274328399
TOI-2076_b,NIRISS_SOSS,obs10,SOSS_HDU3_ordem_1,jw05959010001_04102_00001-seg006_nis_x1dints.fits,seg006,3,22,60783.217428377815,TDB-MID,2049.7170028551436,0.1445532013993567,2038,0.8515347326686116,2.827786714826026,2292,0.9988566561968555,0.9994259813428513
TOI-2076_b,NIRISS_SOSS,obs10,SOSS_HDU3_ordem_1,jw05959010001_04102_00001-seg006_nis_x1dints.fits,seg006,3,23,60783.21750545082,TDB-MID,2044.2373991425775,0.14457469419769356,2038,0.8515347326686116,2.827786714826026,2293,0.9961863662817142,0.9967541694243411
TOI-2076_b,NIRISS_SOSS,obs10,SOSS_HDU3_ordem_1,jw05959010001_04102_00001-seg006_nis_x1dints.fits,seg006,3,24,60783.21758252382,TDB-MID,2050.83455473757,0.14455507876244394,2038,0.8515347326686116,2.827786714826026,2294,0.9994012553463245,0.9999708909012147
TOI-2076_b,NIRISS_SOSS,obs10,SOSS_HDU3_ordem_1,jw05959010001_04102_00001-seg006_nis_x1dints.fits,seg006,3,25,60783.21765959683,TDB-MID,2049.17944229383,0.14455159325679404,2038,0.8515347326686116,2.827786714826026,2295,0.998594695182711,0.9991638710169997
TOI-2076_b,NIRISS_SOSS,obs10,SOSS_HDU3_ordem_1,jw05959010001_04102_00001-seg006_nis_x1dints.fits,seg006,3,26,60783.21773666983,TDB-MID,2045.55313956665,0.14454120001031875,2038,0.8515347326686116,2.827786714826026,2296,0.9968275455657721,0.997395714165732
TOI-2076_b,NIRISS_SOSS,obs10,SOSS_HDU3_ordem_1,jw05959010001_04102_00001-seg006_nis_x1dints.fits,seg006,3,27,60783.217813742835,TDB-MID,2050.0109988823933,0.14455158435765533,2038,0.8515347326686116,2.827786714826026,2297,0.9989999247009,0.999569331506623
TOI-2076_b,NIRISS_SOSS,obs10,SOSS_HDU3_ordem_1,jw05959010001_04102_00001-seg006_nis_x1dints.fits,seg006,3,28,60783.21789081584,TDB-MID,2052.732170811919,0.14456112438218965,2038,0.8515347326686116,2.827786714826026,2298,1.0003259910264837,1.0008961536592813
TOI-2076_b,NIRISS_SOSS,obs10,SOSS_HDU3_ordem_1,jw05959010001_04102_00001-seg006_nis_x1dints.fits,seg006,3,29,60783.21796788884,TDB-MID,2059.0005008191793,0.14457120107630927,2038,0.8515347326686116,2.827786714826026,2299,1.0033806386399198,1.003952542351067
TOI-2076_b,NIRISS_SOSS,obs10,SOSS_HDU3_ordem_1,jw05959010001_04102_00001-seg006_nis_x1dints.fits,seg006,3,30,60783.218044961846,TDB-MID,2045.8207420041838,0.14454350155812143,2038,0.8515347326686116,2.827786714826026,2300,0.9969579520929038,0.997526195021562
TOI-2076_b,NIRISS_SOSS,obs10,SOSS_HDU3_ordem_1,jw05959010001_04102_00001-seg006_nis_x1dints.fits,seg006,3,31,60783.21812203485,TDB-MID,2045.482493477903,0.14454182223576273,2038,0.8515347326686116,2.827786714826026,2301,0.9967931187078787,0.9973612676853273
TOI-2076_b,NIRISS_SOSS,obs10,SOSS_HDU3_ordem_1,jw05959010001_04102_00001-seg006_nis_x1dints.fits,seg006,3,32,60783.218199107854,TDB-MID,2050.9114403244744,0.1445576961620668,2038,0.8515347326686116,2.827786714826026,2302,0.999438722801655,1.0000083797121264
TOI-2076_b,NIRISS_SOSS,obs10,SOSS_HDU3_ordem_1,jw05959010001_04102_00001-seg006_nis_x1dints.fits,seg006,3,33,60783.21827618086,TDB-MID,2048.2645523803217,0.14454888574446434,2038,0.8515347326686116,2.827786714826026,2303,0.9981488561334558,0.9987177778498184
TOI-2076_b,NIRISS_SOSS,obs10,SOSS_HDU3_ordem_1,jw05959010001_04102_00001-seg006_nis_x1dints.fits,seg006,3,34,60783.218353253855,TDB-MID,2048.548548900605,0.1445493082217436,2038,0.8515347326686116,2.827786714826026,2304,0.9982872517335444,0.9988562523321918
TOI-2076_b,NIRISS_SOSS,obs10,SOSS_HDU3_ordem_1,jw05959010001_04102_00001-seg006_nis_x1dints.fits,seg006,3,35,60783.21843032686,TDB-MID,2052.720777411535,0.14455940019043406,2038,0.8515347326686116,2.827786714826026,2305,1.0003204388581628,1.0008905983263532
TOI-2076_b,NIRISS_SOSS,obs10,SOSS_HDU3_ordem_1,jw05959010001_04102_00001-seg006_nis_x1dints.fits,seg006,3,36,60783.21850739986,TDB-MID,2058.0720366228707,0.14456908179738007,2038,0.8515347326686116,2.827786714826026,2306,1.0029281846468896,1.0034998304697462
TOI-2076_b,NIRISS_SOSS,obs10,SOSS_HDU3_ordem_1,jw05959010001_04102_00001-seg006_nis_x1dints.fits,seg006,3,37,60783.21858447287,TDB-MID,2047.1350545484077,0.14454529915334188,2038,0.8515347326686116,2.827786714826026,2307,0.9975984355505189,0.998167043539905
TOI-2076_b,NIRISS_SOSS,obs10,SOSS_HDU3_ordem_1,jw05959010001_04102_00001-seg006_nis_x1dints.fits,seg006,3,38,60783.21866154587,TDB-MID,2050.011496627841,0.1445529565253086,2038,0.8515347326686116,2.827786714826026,2308,0.9990001672594351,0.9995695742034109
TOI-2076_b,NIRISS_SOSS,obs10,SOSS_HDU3_ordem_1,jw05959010001_04102_00001-seg006_nis_x1dints.fits,seg006,3,39,60783.218738618874,TDB-MID,2047.4795649886612,0.1445495748709985,2038,0.8515347326686116,2.827786714826026,2309,0.9977663204565314,0.9983350241364233
TOI-2076_b,NIRISS_SOSS,obs10,SOSS_HDU3_ordem_1,jw05959010001_04102_00001-seg006_nis_x1dints.fits,seg006,3,40,60783.21881569188,TDB-MID,2045.6039323271489,0.14454609866638,2038,0.8515347326686116,2.827786714826026,2310,0.9968522976104887,0.9974204803185404
TOI-2076_b,NIRISS_SOSS,obs10,SOSS_HDU3_ordem_1,jw05959010001_04102_00001-seg006_nis_x1dints.fits,seg006,3,41,60783.21889276488,TDB-MID,2055.557805402629,0.14456545244244173,2038,0.8515347326686116,2.827786714826026,2311,1.0017029635134074,1.0022739109886118
TOI-2076_b,NIRISS_SOSS,obs10,SOSS_HDU3_ordem_1,jw05959010001_04102_00001-seg006_nis_x1dints.fits,seg006,3,42,60783.218969837886,TDB-MID,2055.4646998149938,0.1445649442151344,2038,0.8515347326686116,2.827786714826026,2312,1.0016575918177981,1.0022285134321876
TOI-2076_b,NIRISS_SOSS,obs10,SOSS_HDU3_ordem_1,jw05959010001_04102_00001-seg006_nis_x1dints.fits,seg006,3,43,60783.21904691089,TDB-MID,2055.091901394671,0.14456286404465968,2038,0.8515347326686116,2.827786714826026,2313,1.0014759217711329,1.002046739837806
TOI-2076_b,NIRISS_SOSS,obs10,SOSS_HDU3_ordem_1,jw05959010001_04102_00001-seg006_nis_x1dints.fits,seg006,3,44,60783.219123983894,TDB-MID,2056.4893891297343,0.1445681512524511,2038,0.8515347326686116,2.827786714826026,2314,1.002156937698784,1.0027281439287534
TOI-2076_b,NIRISS_SOSS,obs10,SOSS_HDU3_ordem_1,jw05959010001_04102_00001-seg006_nis_x1dints.fits,seg006,3,45,60783.2192010569,TDB-MID,2050.932298526127,0.14455498976061013,2038,0.8515347326686116,2.827786714826026,2315,0.9994488873041342,1.0000185500081364
TOI-2076_b,NIRISS_SOSS,obs10,SOSS_HDU3_ordem_1,jw05959010001_04102_00001-seg006_nis_x1dints.fits,seg006,3,46,60783.219278129895,TDB-MID,2046.0330401978267,0.1446043863103748,2038,0.8515347326686116,2.827786714826026,2316,0.9970614080643981,0.9976297099605625
TOI-2076_b,NIRISS_SOSS,obs10,SOSS_HDU3_ordem_1,jw05959010001_04102_00001-seg006_nis_x1dints.fits,seg006,3,47,60783.2193552029,TDB-MID,2044.9700092889993,0.14454263445285526,2038,0.8515347326686116,2.827786714826026,2317,0.9965433777716571,0.9971113844025598
TOI-2076_b,NIRISS_SOSS,obs10,SOSS_HDU3_ordem_1,jw05959010001_04102_00001-seg006_nis_x1dints.fits,seg006,3,48,60783.2194322759,TDB-MID,2049.185046387589,0.1445512088583167,2038,0.8515347326686116,2.827786714826026,2318,0.9985974261384212,0.9991666035292912
TOI-2076_b,NIRISS_SOSS,obs10,SOSS_HDU3_ordem_1,jw05959010001_04102_00001-seg006_nis_x1dints.fits,seg006,3,49,60783.219509348906,TDB-MID,2049.223220791543,0.14455072266298563,2038,0.8515347326686116,2.827786714826026,2319,0.9986160290760134,0.9991852170701268
TOI-2076_b,NIRISS_SOSS,obs10,SOSS_HDU3_ordem_1,jw05959010001_04102_00001-seg006_nis_x1dints.fits,seg006,3,50,60783.21958642191,TDB-MID,2045.2843151475558,0.14454475709385106,2038,0.8515347326686116,2.827786714826026,2320,0.9966965435494028,0.9972646374812493
TOI-2076_b,NIRISS_SOSS,obs10,SOSS_HDU3_ordem_1,jw05959010001_04102_00001-seg006_nis_x1dints.fits,seg006,3,51,60783.219663494914,TDB-MID,2047.2220536417808,0.14454697787901594,2038,0.8515347326686116,2.827786714826026,2321,0.9976408314634072,0.9982094636174812
TOI-2076_b,NIRISS_SOSS,obs10,SOSS_HDU3_ordem_1,jw05959010001_04102_00001-seg006_nis_x1dints.fits,seg006,3,52,60783.21974056792,TDB-MID,2049.558735044943,0.14455388681151998,2038,0.8515347326686116,2.827786714826026,2322,0.9987795300104306,0.9993488111962875
TOI-2076_b,NIRISS_SOSS,obs10,SOSS_HDU3_ordem_1,jw05959010001_04102_00001-seg006_nis_x1dints.fits,seg006,3,53,60783.21981764092,TDB-MID,2045.6218517736331,0.14454143816647028,2038,0.8515347326686116,2.827786714826026,2323,0.996861030015192,0.997429217700512
TOI-2076_b,NIRISS_SOSS,obs10,SOSS_HDU3_ordem_1,jw05959010001_04102_00001-seg006_nis_x1dints.fits,seg006,3,54,60783.219894713926,TDB-MID,2052.112860095329,0.14455861388722963,2038,0.8515347326686116,2.827786714826026,2324,1.0000241919826849,1.0005941825970215
TOI-2076_b,NIRISS_SOSS,obs10,SOSS_HDU3_ordem_1,jw05959010001_04102_00001-seg006_nis_x1dints.fits,seg006,3,55,60783.21997178693,TDB-MID,2049.2361854577107,0.14455510511179415,2038,0.8515347326686116,2.827786714826026,2325,0.9986223469448113,0.9991915385399635
TOI-2076_b,NIRISS_SOSS,obs10,SOSS_HDU3_ordem_1,jw05959010001_04102_00001-seg006_nis_x1dints.fits,seg006,3,56,60783.220048859934,TDB-MID,2050.2550701654313,0.1445543218348257,2038,0.8515347326686116,2.827786714826026,2326,0.9991188641570832,0.9996883387555399
TOI-2076_b,NIRISS_SOSS,obs10,SOSS_HDU3_ordem_1,jw05959010001_04102_00001-seg006_nis_x1dints.fits,seg006,3,57,60783.22012593294,TDB-MID,2063.433566207997,0.14458261971597175,2038,0.8515347326686116,2.827786714826026,2327,1.0055409353368825,1.0061140703670832
TOI-2076_b,NIRISS_SOSS,obs10,SOSS_HDU3_ordem_1,jw05959010001_04102_00001-seg006_nis_x1dints.fits,seg006,3,58,60783.22020300594,TDB-MID,2040.823504168507,0.14453522941206762,2038,0.8515347326686116,2.827786714826026,2328,0.9945227260261778,0.9950895809324132
TOI-2076_b,NIRISS_SOSS,obs10,SOSS_HDU3_ordem_1,jw05959010001_04102_00001-seg006_nis_x1dints.fits,seg006,3,59,60783.22028007894,TDB-MID,2047.1487512750746,0.14454840089287269,2038,0.8515347326686116,2.827786714826026,2329,0.9976051101629557,0.9981737219567163
TOI-2076_b,NIRISS_SOSS,obs10,SOSS_HDU3_ordem_1,jw05959010001_04102_00001-seg006_nis_x1dints.fits,seg006,3,60,60783.22035715194,TDB-MID,2048.0897926066577,0.14454954874795578,2038,0.8515347326686116,2.827786714826026,2330,0.9980636931753906,0.9986325663508407
TOI-2076_b,NIRISS_SOSS,obs10,SOSS_HDU3_ordem_1,jw05959010001_04102_00001-seg006_nis_x1dints.fits,seg006,3,61,60783.220434224946,TDB-MID,2053.5299821867966,0.1445592402371036,2038,0.8515347326686116,2.827786714826026,2331,1.0007147760153754,1.0012851602466069
TOI-2076_b,NIRISS_SOSS,obs10,SOSS_HDU3_ordem_1,jw05959010001_04102_00001-seg006_nis_x1dints.fits,seg006,3,62,60783.22051129795,TDB-MID,2055.5751735403983,0.1446045122688935,2038,0.8515347326686116,2.827786714826026,2332,1.0017114272574228,1.0022823795567652
TOI-2076_b,NIRISS_SOSS,obs10,SOSS_HDU3_ordem_1,jw05959010001_04102_00001-seg006_nis_x1dints.fits,seg006,3,63,60783.220588370954,TDB-MID,2052.870128579694,0.14455693854917503,2038,0.8515347326686116,2.827786714826026,2333,1.0003932198363266,1.0009634207879878
TOI-2076_b,NIRISS_SOSS,obs10,SOSS_HDU3_ordem_1,jw05959010001_04102_00001-seg006_nis_x1dints.fits,seg006,3,64,60783.22066544396,TDB-MID,2049.059901056483,0.14456012321621659,2038,0.8515347326686116,2.827786714826026,2334,0.9985364410137463,0.9991055836445086
TOI-2076_b,NIRISS_SOSS,obs10,SOSS_HDU3_ordem_1,jw05959010001_04102_00001-seg006_nis_x1dints.fits,seg006,3,65,60783.22074251696,TDB-MID,2050.7552872993583,0.14455385944594457,2038,0.8515347326686116,2.827786714826026,2335,0.999362627180501,0.9999322407182318
TOI-2076_b,NIRISS_SOSS,obs10,SOSS_HDU3_ordem_1,jw05959010001_04102_00001-seg006_nis_x1dints.fits,seg006,3,66,60783.220819589966,TDB-MID,2050.017036210557,0.14455308406636444,2038,0.8515347326686116,2.827786714826026,2336,0.9990028667779836,0.9995722752606223
TOI-2076_b,NIRISS_SOSS,obs10,SOSS_HDU3_ordem_1,jw05959010001_04102_00001-seg006_nis_x1dints.fits,seg006,3,67,60783.22089666297,TDB-MID,2044.1805236049372,0.14454172959940154,2038,0.8515347326686116,2.827786714826026,2337,0.9961586500119717,0.9967264373569672
TOI-2076_b,NIRISS_SOSS,obs10,SOSS_HDU3_ordem_1,jw05959010001_04102_00001-seg006_nis_x1dints.fits,seg006,3,68,60783.22097373597,TDB-MID,2050.7055147597694,0.1445558279319053,2038,0.8515347326686116,2.827786714826026,2338,0.9993383723041472,0.9999079720171608
TOI-2076_b,NIRISS_SOSS,obs10,SOSS_HDU3_ordem_1,jw05959010001_04102_00001-seg006_nis_x1dints.fits,seg006,3,69,60783.22105080898,TDB-MID,2043.617691459204,0.14454120083946642,2038,0.8515347326686116,2.827786714826026,2339,0.9958843737902767,0.9964520048041821
TOI-2076_b,NIRISS_SOSS,obs10,SOSS_HDU3_ordem_1,jw05959010001_04102_00001-seg006_nis_x1dints.fits,seg006,3,70,60783.221127881974,TDB-MID,2044.8805291761605,0.14454331759981012,2038,0.8515347326686116,2.827786714826026,2340,0.9964997728222023,0.9970677545992943
TOI-2076_b,NIRISS_SOSS,obs10,SOSS_HDU3_ordem_1,jw05959010001_04102_00001-seg006_nis_x1dints.fits,seg006,3,71,60783.22120495498,TDB-MID,2047.2194858645987,0.14455080639873585,2038,0.8515347326686116,2.827786714826026,2341,0.9976395801485544,0.9982082115894079
TOI-2076_b,NIRISS_SOSS,obs10,SOSS_HDU3_ordem_1,jw05959010001_04102_00001-seg006_nis_x1dints.fits,seg006,3,72,60783.22128202798,TDB-MID,2047.1990861718298,0.14456722686876716,2038,0.8515347326686116,2.827786714826026,2342,0.9976296390840668,0.9981982648587439
TOI-2076_b,NIRISS_SOSS,obs10,SOSS_HDU3_ordem_1,jw05959010001_04102_00001-seg006_nis_x1dints.fits,seg006,3,73,60783.221359100986,TDB-MID,2046.9015562924535,0.14454590346521645,2038,0.8515347326686116,2.827786714826026,2343,0.9974846484829163,0.9980531916163108
TOI-2076_b,NIRISS_SOSS,obs10,SOSS_HDU3_ordem_1,jw05959010001_04102_00001-seg006_nis_x1dints.fits,seg006,3,74,60783.22143617399,TDB-MID,2049.305825806645,0.1445528183667181,2038,0.8515347326686116,2.827786714826026,2344,0.9986562836911894,0.9992254946295006
TOI-2076_b,NIRISS_SOSS,obs10,SOSS_HDU3_ordem_1,jw05959010001_04102_00001-seg006_nis_x1dints.fits,seg006,3,75,60783.221513246994,TDB-MID,2051.6857749240426,0.1445557644525717,2038,0.8515347326686116,2.827786714826026,2345,0.99981606721936,1.0003859392074048
TOI-2076_b,NIRISS_SOSS,obs10,SOSS_HDU3_ordem_1,jw05959010001_04102_00001-seg006_nis_x1dints.fits,seg006,3,76,60783.22159032,TDB-MID,2045.5967419780286,0.14452983996340504,2038,0.8515347326686116,2.827786714826026,2346,0.9968487936496643,0.9974169743605394
TOI-2076_b,NIRISS_SOSS,obs10,SOSS_HDU3_ordem_1,jw05959010001_04102_00001-seg006_nis_x1dints.fits,seg006,3,77,60783.221667393,TDB-MID,2055.1682946488645,0.14456346335910217,2038,0.8515347326686116,2.827786714826026,2347,1.0015131493056333,1.0020839885911381
TOI-2076_b,NIRISS_SOSS,obs10,SOSS_HDU3_ordem_1,jw05959010001_04102_00001-seg006_nis_x1dints.fits,seg006,3,78,60783.221744466005,TDB-MID,2059.2766620812117,0.14457209422513478,2038,0.8515347326686116,2.827786714826026,2348,1.0035152160056637,1.0040871964227907
TOI-2076_b,NIRISS_SOSS,obs10,SOSS_HDU3_ordem_1,jw05959010001_04102_00001-seg006_nis_x1dints.fits,seg006,3,79,60783.22182153901,TDB-MID,2043.7562601293548,0.14454198789105815,2038,0.8515347326686116,2.827786714826026,2349,0.9959519003016574,0.9965195698041094
TOI-2076_b,NIRISS_SOSS,obs10,SOSS_HDU3_ordem_1,jw05959010001_04102_00001-seg006_nis_x1dints.fits,seg006,3,80,60783.22189861201,TDB-MID,2053.7428689708613,0.1445608509895574,2038,0.8515347326686116,2.827786714826026,2350,1.0008185188154708,1.0013889621776941
TOI-2076_b,NIRISS_SOSS,obs10,SOSS_HDU3_ordem_1,jw05959010001_04102_00001-seg006_nis_x1dints.fits,seg006,3,81,60783.22197568502,TDB-MID,2048.901183273441,0.14455108727628874,2038,0.8515347326686116,2.827786714826026,2351,0.9984590955490663,0.9990281940947062
TOI-2076_b,NIRISS_SOSS,obs10,SOSS_HDU3_ordem_1,jw05959010001_04102_00001-seg006_nis_x1dints.fits,seg006,3,82,60783.22205275802,TDB-MID,2051.3086866328717,0.14455381133431824,2038,0.8515347326686116,2.827786714826026,2352,0.9996323066567627,1.0002020739055453
TOI-2076_b,NIRISS_SOSS,obs10,SOSS_HDU3_ordem_1,jw05959010001_04102_00001-seg006_nis_x1dints.fits,seg006,3,83,60783.22212983102,TDB-MID,2042.7800101419084,0.144552262470107,2038,0.8515347326686116,2.827786714826026,2353,0.9954761596034466,0.9960435579447255
TOI-2076_b,NIRISS_SOSS,obs10,SOSS_HDU3_ordem_1,jw05959010001_04102_00001-seg006_nis_x1dints.fits,seg006,3,84,60783.22220690402,TDB-MID,2043.033655083037,0.14454060463870172,2038,0.8515347326686116,2.827786714826026,2354,0.9955997644412872,0.9961672332344592
TOI-2076_b,NIRISS_SOSS,obs10,SOSS_HDU3_ordem_1,jw05959010001_04102_00001-seg006_nis_x1dints.fits,seg006,3,85,60783.222283977026,TDB-MID,2042.986103634376,0.14454019742979152,2038,0.8515347326686116,2.827786714826026,2355,0.9955765919345748,0.9961440475199551
TOI-2076_b,NIRISS_SOSS,obs10,SOSS_HDU3_ordem_1,jw05959010001_04102_00001-seg006_nis_x1dints.fits,seg006,3,86,60783.22236105003,TDB-MID,2055.357845070799,0.14456305447454135,2038,0.8515347326686116,2.827786714826026,2356,1.0016055199599092,1.0021764118945464
TOI-2076_b,NIRISS_SOSS,obs10,SOSS_HDU3_ordem_1,jw05959010001_04102_00001-seg006_nis_x1dints.fits,seg006,3,87,60783.222438123026,TDB-MID,2053.621705611323,0.1445629483318572,2038,0.8515347326686116,2.827786714826026,2357,1.0007594741629684,1.001329883871108
TOI-2076_b,NIRISS_SOSS,obs10,SOSS_HDU3_ordem_1,jw05959010001_04102_00001-seg006_nis_x1dints.fits,seg006,3,88,60783.22251519603,TDB-MID,2049.012808694185,0.1445536753547163,2038,0.8515347326686116,2.827786714826026,2358,0.9985134922264397,0.9990826217769251
TOI-2076_b,NIRISS_SOSS,obs10,SOSS_HDU3_ordem_1,jw05959010001_04102_00001-seg006_nis_x1dints.fits,seg006,3,89,60783.222592269034,TDB-MID,2057.730072221274,0.1445683383921393,2038,0.8515347326686116,2.827786714826026,2359,1.0027615404622332,1.0033330913017664
TOI-2076_b,NIRISS_SOSS,obs10,SOSS_HDU3_ordem_1,jw05959010001_04102_00001-seg006_nis_x1dints.fits,seg006,3,90,60783.22266934204,TDB-MID,2053.423125305976,0.14455832404538715,2038,0.8515347326686116,2.827786714826026,2360,1.000662703116278,1.0012330576671638
TOI-2076_b,NIRISS_SOSS,obs10,SOSS_HDU3_ordem_1,jw05959010001_04102_00001-seg006_nis_x1dints.fits,seg006,3,91,60783.22274641504,TDB-MID,2051.4004226542656,0.14455637291277226,2038,0.8515347326686116,2.827786714826026,2361,0.9996770109429908,1.0002468036721806
TOI-2076_b,NIRISS_SOSS,obs10,SOSS_HDU3_ordem_1,jw05959010001_04102_00001-seg006_nis_x1dints.fits,seg006,3,92,60783.222823488046,TDB-MID,2053.021887371988,0.14455904722268145,2038,0.8515347326686116,2.827786714826026,2362,1.0004671740844535,1.0010374171883223
TOI-2076_b,NIRISS_SOSS,obs10,SOSS_HDU3_ordem_1,jw05959010001_04102_00001-seg006_nis_x1dints.fits,seg006,3,93,60783.22290056105,TDB-MID,2051.409711566443,0.14455958772846436,2038,0.8515347326686116,2.827786714826026,2363,0.9996815375638581,1.000251332873117
TOI-2076_b,NIRISS_SOSS,obs10,SOSS_HDU3_ordem_1,jw05959010001_04102_00001-seg006_nis_x1dints.fits,seg006,3,94,60783.22297763405,TDB-MID,2045.7263206991029,0.14454256688772918,2038,0.8515347326686116,2.827786714826026,2364,0.9969119392292083,0.9974801559316004
TOI-2076_b,NIRISS_SOSS,obs10,SOSS_HDU3_ordem_1,jw05959010001_04102_00001-seg006_nis_x1dints.fits,seg006,3,95,60783.22305470705,TDB-MID,2049.285829617964,0.14456349350267517,2038,0.8515347326686116,2.827786714826026,2365,0.9986465392600632,0.9992157446442744
TOI-2076_b,NIRISS_SOSS,obs10,SOSS_HDU3_ordem_1,jw05959010001_04102_00001-seg006_nis_x1dints.fits,seg006,3,96,60783.223131780054,TDB-MID,2050.335325809133,0.1445542567257436,2038,0.8515347326686116,2.827786714826026,2366,0.9991579738896936,0.9997274707797915
TOI-2076_b,NIRISS_SOSS,obs10,SOSS_HDU3_ordem_1,jw05959010001_04102_00001-seg006_nis_x1dints.fits,seg006,3,97,60783.22320885306,TDB-MID,2046.7931278330998,0.14454842134032675,2038,0.8515347326686116,2.827786714826026,2367,0.9974318097309345,0.998000322747465
TOI-2076_b,NIRISS_SOSS,obs10,SOSS_HDU3_ordem_1,jw05959010001_04102_00001-seg006_nis_x1dints.fits,seg006,3,98,60783.22328592606,TDB-MID,2045.7627324720347,0.14454426438507958,2038,0.8515347326686116,2.827786714826026,2368,0.996929683211283,0.9974979100273338
TOI-2076_b,NIRISS_SOSS,obs10,SOSS_HDU3_ordem_1,jw05959010001_04102_00001-seg006_nis_x1dints.fits,seg006,3,99,60783.223362999066,TDB-MID,2058.0405923280987,0.14457066287392512,2038,0.8515347326686116,2.827786714826026,2369,1.0029128613885625,1.0034844984775169
TOI-2076_b,NIRISS_SOSS,obs10,SOSS_HDU3_ordem_1,jw05959010001_04102_00001-seg006_nis_x1dints.fits,seg006,3,100,60783.22344007207,TDB-MID,2054.06641776561,0.14456331319175506,2038,0.8515347326686116,2.827786714826026,2370,1.0009761888093232,1.001546722039789
TOI-2076_b,NIRISS_SOSS,obs10,SOSS_HDU3_ordem_1,jw05959010001_04102_00001-seg006_nis_x1dints.fits,seg006,3,101,60783.223517145074,TDB-MID,2050.959524341425,0.14455708028328165,2038,0.8515347326686116,2.827786714826026,2371,0.9994621548365755,1.0000318251027638
TOI-2076_b,NIRISS_SOSS,obs10,SOSS_HDU3_ordem_1,jw05959010001_04102_00001-seg006_nis_x1dints.fits,seg006,3,102,60783.22359421808,TDB-MID,2048.9125651252107,0.14454940683476944,2038,0.8515347326686116,2.827786714826026,2372,0.9984646420895811,0.9990337437966205
TOI-2076_b,NIRISS_SOSS,obs10,SOSS_HDU3_ordem_1,jw05959010001_04102_00001-seg006_nis_x1dints.fits,seg006,3,103,60783.22367129108,TDB-MID,2050.6054906592476,0.1445552034490098,2038,0.8515347326686116,2.827786714826026,2373,0.9992896291174307,0.9998592010479573
TOI-2076_b,NIRISS_SOSS,obs10,SOSS_HDU3_ordem_1,jw05959010001_04102_00001-seg006_nis_x1dints.fits,seg006,3,104,60783.223748364086,TDB-MID,2043.412604893956,0.14454574349113142,2038,0.8515347326686116,2.827786714826026,2374,0.9957844321493042,0.9963520061987904
TOI-2076_b,NIRISS_SOSS,obs10,SOSS_HDU3_ordem_1,jw05959010001_04102_00001-seg006_nis_x1dints.fits,seg006,3,105,60783.22382543709,TDB-MID,2047.8043521616314,0.14455208954143278,2038,0.8515347326686116,2.827786714826026,2375,0.9979245939299508,0.9984933878220545
TOI-2076_b,NIRISS_SOSS,obs10,SOSS_HDU3_ordem_1,jw05959010001_04102_00001-seg006_nis_x1dints.fits,seg006,3,106,60783.22390251009,TDB-MID,2050.2004368408548,0.1445539010287379,2038,0.8515347326686116,2.827786714826026,2376,0.9990922405501036,0.9996616999737212
TOI-2076_b,NIRISS_SOSS,obs10,SOSS_HDU3_ordem_1,jw05959010001_04102_00001-seg006_nis_x1dints.fits,seg006,3,107,60783.22397958309,TDB-MID,2052.9156734774724,0.14459576891335402,2038,0.8515347326686116,2.827786714826026,2377,1.0004154145218553,1.000985628123973
TOI-2076_b,NIRISS_SOSS,obs10,SOSS_HDU3_ordem_1,jw05959010001_04102_00001-seg006_nis_x1dints.fits,seg006,3,108,60783.224056656094,TDB-MID,2043.30761647999,0.14454039647172223,2038,0.8515347326686116,2.827786714826026,2378,0.9957332697810517,0.9963008146691736
TOI-2076_b,NIRISS_SOSS,obs10,SOSS_HDU3_ordem_1,jw05959010001_04102_00001-seg006_nis_x1dints.fits,seg006,3,109,60783.2241337291,TDB-MID,2048.682502955424,0.14455237170876,2038,0.8515347326686116,2.827786714826026,2379,0.9983525294763225,0.9989215672817705
TOI-2076_b,NIRISS_SOSS,obs10,SOSS_HDU3_ordem_1,jw05959010001_04102_00001-seg006_nis_x1dints.fits,seg006,3,110,60783.2242108021,TDB-MID,2056.546273269038,0.14456700086614027,2038,0.8515347326686116,2.827786714826026,2380,1.002184658160241,1.002755880190231
TOI-2076_b,NIRISS_SOSS,obs10,SOSS_HDU3_ordem_1,jw05959010001_04102_00001-seg006_nis_x1dints.fits,seg006,3,111,60783.224287875106,TDB-MID,2048.2811868153703,0.14454918390015806,2038,0.8515347326686116,2.827786714826026,2381,0.9981569623335543,0.9987258886702631
TOI-2076_b,NIRISS_SOSS,obs10,SOSS_HDU3_ordem_1,jw05959010001_04102_00001-seg006_nis_x1dints.fits,seg006,3,112,60783.2243649481,TDB-MID,2057.1971218521057,0.14457082626773288,2038,0.8515347326686116,2.827786714826026,2382,1.0025018260612086,1.003073228869552
TOI-2076_b,NIRISS_SOSS,obs10,SOSS_HDU3_ordem_1,jw05959010001_04102_00001-seg006_nis_x1dints.fits,seg006,3,113,60783.22444202111,TDB-MID,2046.0131544887565,0.1445415236846893,2038,0.8515347326686116,2.827786714826026,2383,0.9970517174715796,0.9976200138443306
TOI-2076_b,NIRISS_SOSS,obs10,SOSS_HDU3_ordem_1,jw05959010001_04102_00001-seg006_nis_x1dints.fits,seg006,3,114,60783.22451909411,TDB-MID,2047.53638762876,0.1445487601362934,2038,0.8515347326686116,2.827786714826026,2384,0.9977940109485389,0.9983627304113696
TOI-2076_b,NIRISS_SOSS,obs10,SOSS_HDU3_ordem_1,jw05959010001_04102_00001-seg006_nis_x1dints.fits,seg006,3,115,60783.224596167114,TDB-MID,2054.8276701467717,0.14454790658135905,2038,0.8515347326686116,2.827786714826026,2385,1.0013471580733289,1.0019179027476781
TOI-2076_b,NIRISS_SOSS,obs10,SOSS_HDU3_ordem_1,jw05959010001_04102_00001-seg006_nis_x1dints.fits,seg006,3,116,60783.22467324012,TDB-MID,2060.365645304011,0.14457431583444422,2038,0.8515347326686116,2.827786714826026,2386,1.0040458932352836,1.0046181761261332
TOI-2076_b,NIRISS_SOSS,obs10,SOSS_HDU3_ordem_1,jw05959010001_04102_00001-seg006_nis_x1dints.fits,seg006,3,117,60783.22475031312,TDB-MID,2045.4090801004147,0.14454801530233322,2038,0.8515347326686116,2.827786714826026,2387,0.9967573433102721,0.9973254718965732
TOI-2076_b,NIRISS_SOSS,obs10,SOSS_HDU3_ordem_1,jw05959010001_04102_00001-seg006_nis_x1dints.fits,seg006,3,118,60783.224827386126,TDB-MID,2052.501595565828,0.14455871803107628,2038,0.8515347326686116,2.827786714826026,2388,1.0002136283837428,1.000783726972438
TOI-2076_b,NIRISS_SOSS,obs10,SOSS_HDU3_ordem_1,jw05959010001_04102_00001-seg006_nis_x1dints.fits,seg006,3,119,60783.22490445912,TDB-MID,2053.9295668849177,0.14456139660795214,2038,0.8515347326686116,2.827786714826026,2389,1.0009094994015193,1.0014799946205681
TOI-2076_b,NIRISS_SOSS,obs10,SOSS_HDU3_ordem_1,jw05959010001_04102_00001-seg006_nis_x1dints.fits,seg006,3,120,60783.22498153213,TDB-MID,2049.9243594936024,0.1445525336388145,2038,0.8515347326686116,2.827786714826026,2390,0.9989577040772422,0.9995270868181881
TOI-2076_b,NIRISS_SOSS,obs10,SOSS_HDU3_ordem_1,jw05959010001_04102_00001-seg006_nis_x1dints.fits,seg006,3,121,60783.22505860513,TDB-MID,2053.2118227086544,0.14455868227993973,2038,0.8515347326686116,2.827786714826026,2391,1.0005597323132294,1.0011300281731434
TOI-2076_b,NIRISS_SOSS,obs10,SOSS_HDU3_ordem_1,jw05959010001_04102_00001-seg006_nis_x1dints.fits,seg006,3,122,60783.225135678134,TDB-MID,2051.2034861216193,0.14455843791303297,2038,0.8515347326686116,2.827786714826026,2392,0.9995810409304436,1.0001507789589503
TOI-2076_b,NIRISS_SOSS,obs10,SOSS_HDU3_ordem_1,jw05959010001_04102_00001-seg006_nis_x1dints.fits,seg006,3,123,60783.22521275114,TDB-MID,2055.8155577079833,0.1445667722799554,2038,0.8515347326686116,2.827786714826026,2393,1.0018285699290708,1.0023995889970214
TOI-2076_b,NIRISS_SOSS,obs10,SOSS_HDU3_ordem_1,jw05959010001_04102_00001-seg006_nis_x1dints.fits,seg006,3,124,60783.22528982414,TDB-MID,2045.8468210094798,0.14454654272329784,2038,0.8515347326686116,2.827786714826026,2394,0.996970660768292,0.9975389109406007
TOI-2076_b,NIRISS_SOSS,obs10,SOSS_HDU3_ordem_1,jw05959010001_04102_00001-seg006_nis_x1dints.fits,seg006,3,125,60783.225366897146,TDB-MID,2048.757195339579,0.14455605612740072,2038,0.8515347326686116,2.827786714826026,2395,0.9983889281523235,0.9989579867041734
TOI-2076_b,NIRISS_SOSS,obs10,SOSS_HDU3_ordem_1,jw05959010001_04102_00001-seg006_nis_x1dints.fits,seg006,3,126,60783.22544397015,TDB-MID,2046.635504203049,0.14454762327545975,2038,0.8515347326686116,2.827786714826026,2396,0.9973549974627869,0.9979234666981045
TOI-2076_b,NIRISS_SOSS,obs10,SOSS_HDU3_ordem_1,jw05959010001_04102_00001-seg006_nis_x1dints.fits,seg006,3,127,60783.225521043154,TDB-MID,2050.6871496390627,0.14455571447992865,2038,0.8515347326686116,2.827786714826026,2397,0.9993294227159679,0.9998990173279235
TOI-2076_b,NIRISS_SOSS,obs10,SOSS_HDU3_ordem_1,jw05959010001_04102_00001-seg006_nis_x1dints.fits,seg006,3,128,60783.22559811616,TDB-MID,2055.999047010754,0.14456516425073415,2038,0.8515347326686116,2.827786714826026,2398,1.0019179869125656,1.0024890569461247
TOI-2076_b,NIRISS_SOSS,obs10,SOSS_HDU3_ordem_1,jw05959010001_04102_00001-seg006_nis_x1dints.fits,seg006,3,129,60783.225675189155,TDB-MID,2049.7047190960166,0.14456803990125627,2038,0.8515347326686116,2.827786714826026,2399,0.9988506701438783,0.9994199918779627
TOI-2076_b,NIRISS_SOSS,obs10,SOSS_HDU3_ordem_1,jw05959010001_04102_00001-seg006_nis_x1dints.fits,seg006,3,130,60783.22575226216,TDB-MID,2054.9913159507996,0.14456490216983897,2038,0.8515347326686116,2.827786714826026,2400,1.0014269050337066,1.0019976951619751
TOI-2076_b,NIRISS_SOSS,obs10,SOSS_HDU3_ordem_1,jw05959010001_04102_00001-seg006_nis_x1dints.fits,seg006,3,131,60783.22582933516,TDB-MID,2047.4000208134362,0.14454740698165924,2038,0.8515347326686116,2.827786714826026,2401,0.9977275574327703,0.998296239018637
TOI-2076_b,NIRISS_SOSS,obs10,SOSS_HDU3_ordem_1,jw05959010001_04102_00001-seg006_nis_x1dints.fits,seg006,3,132,60783.22590640816,TDB-MID,2053.0764729214075,0.1445643032165894,2038,0.8515347326686116,2.827786714826026,2402,1.00049377440991,1.0010640326753477
TOI-2076_b,NIRISS_SOSS,obs10,SOSS_HDU3_ordem_1,jw05959010001_04102_00001-seg006_nis_x1dints.fits,seg006,3,133,60783.22598348116,TDB-MID,2048.062214255829,0.14454972226743076,2038,0.8515347326686116,2.827786714826026,2403,0.9980502538473011,0.9986191193626457
TOI-2076_b,NIRISS_SOSS,obs10,SOSS_HDU3_ordem_1,jw05959010001_04102_00001-seg006_nis_x1dints.fits,seg006,3,134,60783.22606055417,TDB-MID,2053.847138848074,0.14456073563292587,2038,0.8515347326686116,2.827786714826026,2404,1.0008693310304009,1.001439803354409
TOI-2076_b,NIRISS_SOSS,obs10,SOSS_HDU3_ordem_1,jw05959010001_04102_00001-seg006_nis_x1dints.fits,seg006,3,135,60783.22613762717,TDB-MID,2053.451793138208,0.1446307579124317,2038,0.8515347326686116,2.827786714826026,2405,1.0006766733643677,1.001247035877971
TOI-2076_b,NIRISS_SOSS,obs10,SOSS_HDU3_ordem_1,jw05959010001_04102_00001-seg006_nis_x1dints.fits,seg006,3,136,60783.226214700175,TDB-MID,2050.36893722471,0.1445577653352863,2038,0.8515347326686116,2.827786714826026,2406,0.999174353217243,0.999743859443178
TOI-2076_b,NIRISS_SOSS,obs10,SOSS_HDU3_ordem_1,jw05959010001_04102_00001-seg006_nis_x1dints.fits,seg006,3,137,60783.22629177318,TDB-MID,2048.3165994964584,0.14455098976819172,2038,0.8515347326686116,2.827786714826026,2407,0.9981742194437647,0.9987431556166265
TOI-2076_b,NIRISS_SOSS,obs10,SOSS_HDU3_ordem_1,jw05959010001_04102_00001-seg006_nis_x1dints.fits,seg006,3,138,60783.22636884618,TDB-MID,2048.901107825369,0.1445500547231152,2038,0.8515347326686116,2.827786714826026,2408,0.9984590587821327,0.9990281573068163
TOI-2076_b,NIRISS_SOSS,obs10,SOSS_HDU3_ordem_1,jw05959010001_04102_00001-seg006_nis_x1dints.fits,seg006,3,139,60783.22644591919,TDB-MID,2055.420458919237,0.14456162998159874,2038,0.8515347326686116,2.827786714826026,2409,1.0016360325912603,1.0022069419173902
TOI-2076_b,NIRISS_SOSS,obs10,SOSS_HDU3_ordem_1,jw05959010001_04102_00001-seg006_nis_x1dints.fits,seg006,3,140,60783.22652299219,TDB-MID,2050.919840597352,0.14455570780420793,2038,0.8515347326686116,2.827786714826026,2410,0.9994428163757758,1.0000124756194897
TOI-2076_b,NIRISS_SOSS,obs10,SOSS_HDU3_ordem_1,jw05959010001_04102_00001-seg006_nis_x1dints.fits,seg006,3,141,60783.226600065194,TDB-MID,2046.4476927136468,0.14454815266919022,2038,0.8515347326686116,2.827786714826026,2411,0.9972634742154125,0.9978318912846003
TOI-2076_b,NIRISS_SOSS,obs10,SOSS_HDU3_ordem_1,jw05959010001_04102_00001-seg006_nis_x1dints.fits,seg006,3,142,60783.22667713819,TDB-MID,2054.3299602341253,0.14456195575644434,2038,0.8515347326686116,2.827786714826026,2412,1.001104616855,1.0016752232864756
TOI-2076_b,NIRISS_SOSS,obs10,SOSS_HDU3_ordem_1,jw05959010001_04102_00001-seg006_nis_x1dints.fits,seg006,3,143,60783.22675421119,TDB-MID,2047.8605210431492,0.14454816718973262,2038,0.8515347326686116,2.827786714826026,2413,0.9979519658359735,0.9985207753294294
TOI-2076_b,NIRISS_SOSS,obs10,SOSS_HDU3_ordem_1,jw05959010001_04102_00001-seg006_nis_x1dints.fits,seg006,3,144,60783.22683128419,TDB-MID,2047.1383698560217,0.14454663029480794,2038,0.8515347326686116,2.827786714826026,2414,0.9976000511477321,0.9981686600579711
TOI-2076_b,NIRISS_SOSS,obs10,SOSS_HDU3_ordem_1,jw05959010001_04102_00001-seg006_nis_x1dints.fits,seg006,3,145,60783.226908357195,TDB-MID,2056.1715108574253,0.14456575839111838,2038,0.8515347326686116,2.827786714826026,2415,1.002002031032296,1.0025731489690553
TOI-2076_b,NIRISS_SOSS,obs10,SOSS_HDU3_ordem_1,jw05959010001_04102_00001-seg006_nis_x1dints.fits,seg006,3,146,60783.2269854302,TDB-MID,2044.1288425292544,0.14453858727370164,2038,0.8515347326686116,2.827786714826026,2416,0.9961334650784549,0.996701238068622
TOI-2076_b,NIRISS_SOSS,obs10,SOSS_HDU3_ordem_1,jw05959010001_04102_00001-seg006_nis_x1dints.fits,seg006,3,147,60783.2270625032,TDB-MID,2054.953338228829,0.14455935464708136,2038,0.8515347326686116,2.827786714826026,2417,1.0014083979420814,1.0019791775217366
TOI-2076_b,NIRISS_SOSS,obs10,SOSS_HDU3_ordem_1,jw05959010001_04102_00001-seg006_nis_x1dints.fits,seg006,3,148,60783.22713957621,TDB-MID,2052.8912339166573,0.1445699396105423,2038,0.8515347326686116,2.827786714826026,2418,1.0004035047714066,1.0009737115852424
TOI-2076_b,NIRISS_SOSS,obs10,SOSS_HDU3_ordem_1,jw05959010001_04102_00001-seg006_nis_x1dints.fits,seg006,3,149,60783.22721664921,TDB-MID,2060.3332770399425,0.14458331715779538,2038,0.8515347326686116,2.827786714826026,2419,1.0040301197133927,1.0046023936137003
TOI-2076_b,NIRISS_SOSS,obs10,SOSS_HDU3_ordem_1,jw05959010001_04102_00001-seg006_nis_x1dints.fits,seg006,3,150,60783.227293722215,TDB-MID,2054.212506291502,0.1445594518514988,2038,0.8515347326686116,2.827786714826026,2420,1.0010473798548567,1.0016179536625687
TOI-2076_b,NIRISS_SOSS,obs10,SOSS_HDU3_ordem_1,jw05959010001_04102_00001-seg006_nis_x1dints.fits,seg006,3,151,60783.22737079522,TDB-MID,2053.764427582989,0.14456197575855942,2038,0.8515347326686116,2.827786714826026,2421,1.0008290246380758,1.0013994739883743
TOI-2076_b,NIRISS_SOSS,obs10,SOSS_HDU3_ordem_1,jw05959010001_04102_00001-seg006_nis_x1dints.fits,seg006,3,152,60783.22744786822,TDB-MID,2049.4521882558024,0.14455163830053236,2038,0.8515347326686116,2.827786714826026,2422,0.9987276082234807,0.9992968598151224
TOI-2076_b,NIRISS_SOSS,obs10,SOSS_HDU3_ordem_1,jw05959010001_04102_00001-seg006_nis_x1dints.fits,seg006,3,153,60783.22752494123,TDB-MID,2041.230164849507,0.14453696980687342,2038,0.8515347326686116,2.827786714826026,2423,0.9947208976408273,0.9952878655002905
TOI-2076_b,NIRISS_SOSS,obs10,SOSS_HDU3_ordem_1,jw05959010001_04102_00001-seg006_nis_x1dints.fits,seg006,3,154,60783.22760201422,TDB-MID,2052.483789475701,0.1445596842640915,2038,0.8515347326686116,2.827786714826026,2424,1.000204951219227,1.0007750448621395
TOI-2076_b,NIRISS_SOSS,obs10,SOSS_HDU3_ordem_1,jw05959010001_04102_00001-seg006_nis_x1dints.fits,seg006,3,155,60783.22767908723,TDB-MID,2057.069595131859,0.14456964266035915,2038,0.8515347326686116,2.827786714826026,2425,1.0024396804512616,1.0030110478380476
TOI-2076_b,NIRISS_SOSS,obs10,SOSS_HDU3_ordem_1,jw05959010001_04102_00001-seg006_nis_x1dints.fits,seg006,3,156,60783.227756160224,TDB-MID,2049.046303241392,0.1445512632952603,2038,0.8515347326686116,2.827786714826026,2426,0.9985298146023468,0.9990989534562081
TOI-2076_b,NIRISS_SOSS,obs10,SOSS_HDU3_ordem_1,jw05959010001_04102_00001-seg006_nis_x1dints.fits,seg006,3,157,60783.22783323323,TDB-MID,2054.7238014228756,0.14456380830320967,2038,0.8515347326686116,2.827786714826026,2427,1.0012965413461954,1.0018672571701832
TOI-2076_b,NIRISS_SOSS,obs10,SOSS_HDU3_ordem_1,jw05959010001_04102_00001-seg006_nis_x1dints.fits,seg006,3,158,60783.22791030623,TDB-MID,2049.751398617854,0.14455430657350643,2038,0.8515347326686116,2.827786714826026,2428,0.9988734177480747,0.9994427524477664
TOI-2076_b,NIRISS_SOSS,obs10,SOSS_HDU3_ordem_1,jw05959010001_04102_00001-seg006_nis_x1dints.fits,seg006,3,159,60783.227987379236,TDB-MID,2052.9867887815562,0.14455937161593266,2038,0.8515347326686116,2.827786714826026,2429,1.0004500700351495,1.0010203033901066
TOI-2076_b,NIRISS_SOSS,obs10,SOSS_HDU3_ordem_1,jw05959010001_04102_00001-seg006_nis_x1dints.fits,seg006,3,160,60783.22806445224,TDB-MID,2052.577349111044,0.14455987438857354,2038,0.8515347326686116,2.827786714826026,2430,1.0002505441788325,1.0008206638086754
TOI-2076_b,NIRISS_SOSS,obs10,SOSS_HDU3_ordem_1,jw05959010001_04102_00001-seg006_nis_x1dints.fits,seg006,3,161,60783.228141525244,TDB-MID,2044.8189628615696,0.1445429344550505,2038,0.8515347326686116,2.827786714826026,2431,0.9964697706692022,0.9970377353457622
TOI-2076_b,NIRISS_SOSS,obs10,SOSS_HDU3_ordem_1,jw05959010001_04102_00001-seg006_nis_x1dints.fits,seg006,3,162,60783.22821859825,TDB-MID,2055.401298002347,0.14456411942266245,2038,0.8515347326686116,2.827786714826026,2432,1.001626695200124,1.0021975992041574
TOI-2076_b,NIRISS_SOSS,obs10,SOSS_HDU3_ordem_1,jw05959010001_04102_00001-seg006_nis_x1dints.fits,seg006,3,163,60783.22829567125,TDB-MID,2057.5706581869545,0.1445694199226142,2038,0.8515347326686116,2.827786714826026,2433,1.0026838557042645,1.003255362265286
TOI-2076_b,NIRISS_SOSS,obs10,SOSS_HDU3_ordem_1,jw05959010001_04102_00001-seg006_nis_x1dints.fits,seg006,3,164,60783.228372744255,TDB-MID,2048.5522970383427,0.14455099571176658,2038,0.8515347326686116,2.827786714826026,2434,0.9982890782551189,0.9988580798948413
TOI-2076_b,NIRISS_SOSS,obs10,SOSS_HDU3_ordem_1,jw05959010001_04102_00001-seg006_nis_x1dints.fits,seg006,3,165,60783.22844981725,TDB-MID,2045.3270893424856,0.14454238003641198,2038,0.8515347326686116,2.827786714826026,2435,0.996717388031475,0.9972854938441932
TOI-2076_b,NIRISS_SOSS,obs10,SOSS_HDU3_ordem_1,jw05959010001_04102_00001-seg006_nis_x1dints.fits,seg006,3,166,60783.228526890256,TDB-MID,2042.249615666019,0.14453802319434353,2038,0.8515347326686116,2.827786714826026,2436,0.9952176907260776,0.9957849417460863
TOI-2076_b,NIRISS_SOSS,obs10,SOSS_HDU3_ordem_1,jw05959010001_04102_00001-seg006_nis_x1dints.fits,seg006,3,167,60783.22860396325,TDB-MID,2053.7734064123983,0.14456118319008682,2038,0.8515347326686116,2.827786714826026,2437,1.000833400151138,1.0014038519953778
TOI-2076_b,NIRISS_SOSS,obs10,SOSS_HDU3_ordem_1,jw05959010001_04102_00001-seg006_nis_x1dints.fits,seg006,3,168,60783.22868103626,TDB-MID,2054.1467126964835,0.14456294896077346,2038,0.8515347326686116,2.827786714826026,2438,1.001015317687139,1.0015858732201584
TOI-2076_b,NIRISS_SOSS,obs10,SOSS_HDU3_ordem_1,jw05959010001_04102_00001-seg006_nis_x1dints.fits,seg006,3,169,60783.22875810926,TDB-MID,2048.2061908808714,0.14455244678486967,2038,0.8515347326686116,2.827786714826026,2439,0.9981204157330931,0.9986893212390866
TOI-2076_b,NIRISS_SOSS,obs10,SOSS_HDU3_ordem_1,jw05959010001_04102_00001-seg006_nis_x1dints.fits,seg006,3,170,60783.228835182264,TDB-MID,2053.921120544951,0.14459255215765876,2038,0.8515347326686116,2.827786714826026,2440,1.0009053833782418,1.0014758762512528
TOI-2076_b,NIRISS_SOSS,obs10,SOSS_HDU3_ordem_1,jw05959010001_04102_00001-seg006_nis_x1dints.fits,seg006,3,171,60783.22891225527,TDB-MID,2057.638290032688,0.14456856361704554,2038,0.8515347326686116,2.827786714826026,2441,1.0027168136780666,1.0032883390243694
TOI-2076_b,NIRISS_SOSS,obs10,SOSS_HDU3_ordem_1,jw05959010001_04102_00001-seg006_nis_x1dints.fits,seg006,3,172,60783.22898932827,TDB-MID,2048.9956311501955,0.14455063707810334,2038,0.8515347326686116,2.827786714826026,2442,0.9985051213615217,0.9990742461408081
TOI-2076_b,NIRISS_SOSS,obs10,SOSS_HDU3_ordem_1,jw05959010001_04102_00001-seg006_nis_x1dints.fits,seg006,3,173,60783.229066401276,TDB-MID,2052.1172659343533,0.14455768824300827,2038,0.8515347326686116,2.827786714826026,2443,1.0000263390115818,1.0005963308496753
TOI-2076_b,NIRISS_SOSS,obs10,SOSS_HDU3_ordem_1,jw05959010001_04102_00001-seg006_nis_x1dints.fits,seg006,3,174,60783.22914347428,TDB-MID,2048.1399668014783,0.1445467090591811,2038,0.8515347326686116,2.827786714826026,2444,0.9980881437841312,0.9986570308958618
TOI-2076_b,NIRISS_SOSS,obs10,SOSS_HDU3_ordem_1,jw05959010001_04102_00001-seg006_nis_x1dints.fits,seg006,3,175,60783.22922054728,TDB-MID,2041.4246365718961,0.14453430570561407,2038,0.8515347326686116,2.827786714826026,2445,0.994815666515789,0.9953826883913147
TOI-2076_b,NIRISS_SOSS,obs10,SOSS_HDU3_ordem_1,jw05959010001_04102_00001-seg006_nis_x1dints.fits,seg006,3,176,60783.22929762028,TDB-MID,2045.6374662672658,0.1445467203251193,2038,0.8515347326686116,2.827786714826026,2446,0.9968686391831291,0.9974368312054984
TOI-2076_b,NIRISS_SOSS,obs10,SOSS_HDU3_ordem_1,jw05959010001_04102_00001-seg006_nis_x1dints.fits,seg006,3,177,60783.229374693285,TDB-MID,2041.2078630945846,0.1445142018089519,2038,0.8515347326686116,2.827786714826026,2447,0.9947100296740211,0.995276991338995
TOI-2076_b,NIRISS_SOSS,obs10,SOSS_HDU3_ordem_1,jw05959010001_04102_00001-seg006_nis_x1dints.fits,seg006,3,178,60783.22945176629,TDB-MID,2057.0526244637294,0.14456675534556088,2038,0.8515347326686116,2.827786714826026,2448,1.0024314103999337,1.003002773072982
TOI-2076_b,NIRISS_SOSS,obs10,SOSS_HDU3_ordem_1,jw05959010001_04102_00001-seg006_nis_x1dints.fits,seg006,3,179,60783.22952883929,TDB-MID,2055.2596526528555,0.14456195740264674,2038,0.8515347326686116,2.827786714826026,2449,1.0015576693785293,1.002128534039444
TOI-2076_b,NIRISS_SOSS,obs10,SOSS_HDU3_ordem_1,jw05959010001_04102_00001-seg006_nis_x1dints.fits,seg006,3,180,60783.22960591229,TDB-MID,2056.4245332077967,0.14456642355325197,2038,0.8515347326686116,2.827786714826026,2450,1.0021253324726815,1.0026965206884046
TOI-2076_b,NIRISS_SOSS,obs10,SOSS_HDU3_ordem_1,jw05959010001_04102_00001-seg006_nis_x1dints.fits,seg006,3,181,60783.22968298529,TDB-MID,2050.533180909282,0.14455656148450596,2038,0.8515347326686116,2.827786714826026,2451,0.9992543915334322,0.9998239433793525
TOI-2076_b,NIRISS_SOSS,obs10,SOSS_HDU3_ordem_1,jw05959010001_04102_00001-seg006_nis_x1dints.fits,seg006,3,182,60783.2297600583,TDB-MID,2045.6955534517135,0.1445432782260282,2038,0.8515347326686116,2.827786714826026,2452,0.9968969459058349,0.9974651540623802
TOI-2076_b,NIRISS_SOSS,obs10,SOSS_HDU3_ordem_1,jw05959010001_04102_00001-seg006_nis_x1dints.fits,seg006,3,183,60783.2298371313,TDB-MID,2050.368470528508,0.14455393021145388,2038,0.8515347326686116,2.827786714826026,2453,0.9991741257894533,0.9997436318857597
TOI-2076_b,NIRISS_SOSS,obs10,SOSS_HDU3_ordem_1,jw05959010001_04102_00001-seg006_nis_x1dints.fits,seg006,3,184,60783.2299142043,TDB-MID,2055.1405442147716,0.1445644131371753,2038,0.8515347326686116,2.827786714826026,2454,1.0014996261188873,1.0020704576964892
TOI-2076_b,NIRISS_SOSS,obs10,SOSS_HDU3_ordem_1,jw05959010001_04102_00001-seg006_nis_x1dints.fits,seg006,3,185,60783.2299912773,TDB-MID,2057.3101559235424,0.14457005530249664,2038,0.8515347326686116,2.827786714826026,2455,1.00255690919438,1.0031283433988327
TOI-2076_b,NIRISS_SOSS,obs10,SOSS_HDU3_ordem_1,jw05959010001_04102_00001-seg006_nis_x1dints.fits,seg006,3,186,60783.230068350305,TDB-MID,2051.090502340659,0.14455659714039276,2038,0.8515347326686116,2.827786714826026,2456,0.9995259823045468,1.0000956889509127
TOI-2076_b,NIRISS_SOSS,obs10,SOSS_HDU3_ordem_1,jw05959010001_04102_00001-seg006_nis_x1dints.fits,seg006,3,187,60783.23014542331,TDB-MID,2052.133807807033,0.1445588682321565,2038,0.8515347326686116,2.827786714826026,2457,1.000034400104703,1.0006043965374327
TOI-2076_b,NIRISS_SOSS,obs10,SOSS_HDU3_ordem_1,jw05959010001_04102_00001-seg006_nis_x1dints.fits,seg006,3,188,60783.23022249631,TDB-MID,2046.5302454227458,0.1445455380533248,2038,0.8515347326686116,2.827786714826026,2458,0.9973037033411191,0.9978721433399761
TOI-2076_b,NIRISS_SOSS,obs10,SOSS_HDU3_ordem_1,jw05959010001_04102_00001-seg006_nis_x1dints.fits,seg006,3,189,60783.23029956932,TDB-MID,2046.2456552895437,0.14454767434746574,2038,0.8515347326686116,2.827786714826026,2459,0.9971650184648942,0.9977333794165858
TOI-2076_b,NIRISS_SOSS,obs10,SOSS_HDU3_ordem_1,jw05959010001_04102_00001-seg006_nis_x1dints.fits,seg006,3,190,60783.23037664232,TDB-MID,2047.8893071443194,0.14454900261676462,2038,0.8515347326686116,2.827786714826026,2460,0.9979659937182225,0.9985348112072462
TOI-2076_b,NIRISS_SOSS,obs10,SOSS_HDU3_ordem_1,jw05959010001_04102_00001-seg006_nis_x1dints.fits,seg006,3,191,60783.230453715325,TDB-MID,2049.6982207486,0.14455595156406292,2038,0.8515347326686116,2.827786714826026,2461,0.998847503405464,0.9994168233345808
TOI-2076_b,NIRISS_SOSS,obs10,SOSS_HDU3_ordem_1,jw05959010001_04102_00001-seg006_nis_x1dints.fits,seg006,3,192,60783.230530788314,TDB-MID,2053.0028577095445,0.14456075664933138,2038,0.8515347326686116,2.827786714826026,2462,1.0004579006555019,1.001028138473731
TOI-2076_b,NIRISS_SOSS,obs10,SOSS_HDU3_ordem_1,jw05959010001_04102_00001-seg006_nis_x1dints.fits,seg006,3,193,60783.23060786132,TDB-MID,2051.941901821845,0.14455982996831845,2038,0.8515347326686116,2.827786714826026,2463,0.9999408815504821,1.0005108246798031
TOI-2076_b,NIRISS_SOSS,obs10,SOSS_HDU3_ordem_1,jw05959010001_04102_00001-seg006_nis_x1dints.fits,seg006,3,194,60783.23068493432,TDB-MID,2045.8830659377018,0.14454733762236577,2038,0.8515347326686116,2.827786714826026,2464,0.9969883234445334,0.9975565836841581
TOI-2076_b,NIRISS_SOSS,obs10,SOSS_HDU3_ordem_1,jw05959010001_04102_00001-seg006_nis_x1dints.fits,seg006,3,195,60783.230762007326,TDB-MID,2052.4458305071557,0.14455823822941116,2038,0.8515347326686116,2.827786714826026,2465,1.0001864532664166,1.0007565363659245
TOI-2076_b,NIRISS_SOSS,obs10,SOSS_HDU3_ordem_1,jw05959010001_04102_00001-seg006_nis_x1dints.fits,seg006,3,196,60783.23083908033,TDB-MID,2043.008837114997,0.1445399564982545,2038,0.8515347326686116,2.827786714826026,2466,0.9955876702875402,0.9961551321873251
TOI-2076_b,NIRISS_SOSS,obs10,SOSS_HDU3_ordem_1,jw05959010001_04102_00001-seg006_nis_x1dints.fits,seg006,3,197,60783.230916153334,TDB-MID,2045.2058891161896,0.14454278340127777,2038,0.8515347326686116,2.827786714826026,2467,0.9966583254132698,0.9972263975616643
TOI-2076_b,NIRISS_SOSS,obs10,SOSS_HDU3_ordem_1,jw05959010001_04102_00001-seg006_nis_x1dints.fits,seg006,3,198,60783.23099322634,TDB-MID,2052.714770130107,0.14455997537194246,2038,0.8515347326686116,2.827786714826026,2468,1.0003175114232867,1.0008876692229072
TOI-2076_b,NIRISS_SOSS,obs10,SOSS_HDU3_ordem_1,jw05959010001_04102_00001-seg006_nis_x1dints.fits,seg006,3,199,60783.23107029934,TDB-MID,2052.0404809920797,0.14456204847928938,2038,0.8515347326686116,2.827786714826026,2469,0.9999889206018312,1.0005588911122982
TOI-2076_b,NIRISS_SOSS,obs10,SOSS_HDU3_ordem_1,jw05959010001_04102_00001-seg006_nis_x1dints.fits,seg006,3,200,60783.23114737234,TDB-MID,2044.2767388560194,0.14454313188682336,2038,0.8515347326686116,2.827786714826026,2470,0.9962055370914258,0.99677335116097
TOI-2076_b,NIRISS_SOSS,obs10,SOSS_HDU3_ordem_1,jw05959010001_04102_00001-seg006_nis_x1dints.fits,seg006,3,201,60783.23122444534,TDB-MID,2055.694631501132,0.1445661306498092,2038,0.8515347326686116,2.827786714826026,2471,1.001769640844493,1.0023406263242307
TOI-2076_b,NIRISS_SOSS,obs10,SOSS_HDU3_ordem_1,jw05959010001_04102_00001-seg006_nis_x1dints.fits,seg006,3,202,60783.231301518346,TDB-MID,2047.5634612899871,0.14454634201198518,2038,0.8515347326686116,2.827786714826026,2472,0.9978072043341072,0.9983759313168618
TOI-2076_b,NIRISS_SOSS,obs10,SOSS_HDU3_ordem_1,jw05959010001_04102_00001-seg006_nis_x1dints.fits,seg006,3,203,60783.23137859135,TDB-MID,2051.125742314247,0.14463231562829368,2038,0.8515347326686116,2.827786714826026,2473,0.9995431552519018,1.0001128716864498
TOI-2076_b,NIRISS_SOSS,obs10,SOSS_HDU3_ordem_1,jw05959010001_04102_00001-seg006_nis_x1dints.fits,seg006,3,204,60783.23145566435,TDB-MID,2054.2148566047053,0.14456656573049445,2038,0.8515347326686116,2.827786714826026,2474,1.0010485251963765,1.0016190996569068
TOI-2076_b,NIRISS_SOSS,obs10,SOSS_HDU3_ordem_1,jw05959010001_04102_00001-seg006_nis_x1dints.fits,seg006,3,205,60783.23153273735,TDB-MID,2050.147351060831,0.14455279675357982,2038,0.8515347326686116,2.827786714826026,2475,0.9990663710839031,0.9996358157625245
TOI-2076_b,NIRISS_SOSS,obs10,SOSS_HDU3_ordem_1,jw05959010001_04102_00001-seg006_nis_x1dints.fits,seg006,3,206,60783.231609810355,TDB-MID,2052.792609354161,0.14455639977314627,2038,0.8515347326686116,2.827786714826026,2476,1.0003554435997537,1.0009256230198356
TOI-2076_b,NIRISS_SOSS,obs10,SOSS_HDU3_ordem_1,jw05959010001_04102_00001-seg006_nis_x1dints.fits,seg006,3,207,60783.23168688336,TDB-MID,2053.682078278556,0.14456268035836992,2038,0.8515347326686116,2.827786714826026,2477,1.0007888946343966,1.001359321111523
TOI-2076_b,NIRISS_SOSS,obs10,SOSS_HDU3_ordem_1,jw05959010001_04102_00001-seg006_nis_x1dints.fits,seg006,3,208,60783.231763956355,TDB-MID,2043.8489774251623,0.14454171514198058,2038,0.8515347326686116,2.827786714826026,2478,0.995997082777059,0.9965647780324749
TOI-2076_b,NIRISS_SOSS,obs10,SOSS_HDU3_ordem_1,jw05959010001_04102_00001-seg006_nis_x1dints.fits,seg006,3,209,60783.23184102936,TDB-MID,2051.1213626536614,0.14455373631832735,2038,0.8515347326686116,2.827786714826026,2479,0.9995410209801356,1.0001107361981982
TOI-2076_b,NIRISS_SOSS,obs10,SOSS_HDU3_ordem_1,jw05959010001_04102_00001-seg006_nis_x1dints.fits,seg006,3,210,60783.23191810236,TDB-MID,2050.7845336868168,0.1445532382873929,2038,0.8515347326686116,2.827786714826026,2480,0.9993768793668963,0.9999465010280432
TOI-2076_b,NIRISS_SOSS,obs10,SOSS_HDU3_ordem_1,jw05959010001_04102_00001-seg006_nis_x1dints.fits,seg006,3,211,60783.23199517537,TDB-MID,2048.080869246249,0.14454823969833275,2038,0.8515347326686116,2.827786714826026,2481,0.9980593446931721,0.9986282153900883
TOI-2076_b,NIRISS_SOSS,obs10,SOSS_HDU3_ordem_1,jw05959010001_04102_00001-seg006_nis_x1dints.fits,seg006,3,212,60783.23207224837,TDB-MID,2052.371825072825,0.14455768573082806,2038,0.8515347326686116,2.827786714826026,2482,1.000150389350972,1.000720451894884
TOI-2076_b,NIRISS_SOSS,obs10,SOSS_HDU3_ordem_1,jw05959010001_04102_00001-seg006_nis_x1dints.fits,seg006,3,213,60783.232149321375,TDB-MID,2048.817850703223,0.14455062277667294,2038,0.8515347326686116,2.827786714826026,2483,0.9984184863857896,0.9989875617851475
TOI-2076_b,NIRISS_SOSS,obs10,SOSS_HDU3_ordem_1,jw05959010001_04102_00001-seg006_nis_x1dints.fits,seg006,3,214,60783.23222639438,TDB-MID,2034.0119686046403,0.14451870979108275,2038,0.8515347326686116,2.827786714826026,2484,0.99120336651098,0.9917683294592163
TOI-2076_b,NIRISS_SOSS,obs10,SOSS_HDU3_ordem_1,jw05959010001_04102_00001-seg006_nis_x1dints.fits,seg006,3,215,60783.232303467375,TDB-MID,2045.1066016912278,0.14454206457497243,2038,0.8515347326686116,2.827786714826026,2485,0.9966099412191778,0.997177985789703
TOI-2076_b,NIRISS_SOSS,obs10,SOSS_HDU3_ordem_1,jw05959010001_04102_00001-seg006_nis_x1dints.fits,seg006,3,216,60783.23238054037,TDB-MID,2048.072639533504,0.1445505239578876,2038,0.8515347326686116,2.827786714826026,2486,0.9980553342354639,0.998624202646512
TOI-2076_b,NIRISS_SOSS,obs10,SOSS_HDU3_ordem_1,jw05959010001_04102_00001-seg006_nis_x1dints.fits,seg006,3,217,60783.232457613376,TDB-MID,2046.1422859161294,0.1445457767233121,2038,0.8515347326686116,2.827786714826026,2487,0.997114645078452,0.9976829773184808
TOI-2076_b,NIRISS_SOSS,obs10,SOSS_HDU3_ordem_1,jw05959010001_04102_00001-seg006_nis_x1dints.fits,seg006,3,218,60783.23253468638,TDB-MID,2053.4699513709056,0.14456223026854623,2038,0.8515347326686116,2.827786714826026,2488,1.0006855221330366,1.0012558896902328
TOI-2076_b,NIRISS_SOSS,obs10,SOSS_HDU3_ordem_1,jw05959010001_04102_00001-seg006_nis_x1dints.fits,seg006,3,219,60783.232611759384,TDB-MID,2051.0405601817274,0.14455519518284118,2038,0.8515347326686116,2.827786714826026,2489,0.9995016447702413,1.0000713375447767
TOI-2076_b,NIRISS_SOSS,obs10,SOSS_HDU3_ordem_1,jw05959010001_04102_00001-seg006_nis_x1dints.fits,seg006,3,220,60783.23268883239,TDB-MID,2056.1894844806166,0.14456762388114083,2038,0.8515347326686116,2.827786714826026,2490,1.0020107898380899,1.0025819127671656
TOI-2076_b,NIRISS_SOSS,obs10,SOSS_HDU3_ordem_1,jw05959010001_04102_00001-seg006_nis_x1dints.fits,seg006,3,221,60783.23276590539,TDB-MID,2052.954770461223,0.14455924292246042,2038,0.8515347326686116,2.827786714826026,2491,1.0004344670458878,1.0010046915075024
TOI-2076_b,NIRISS_SOSS,obs10,SOSS_HDU3_ordem_1,jw05959010001_04102_00001-seg006_nis_x1dints.fits,seg006,3,222,60783.23284297839,TDB-MID,2046.182119490259,0.14454834069849362,2038,0.8515347326686116,2.827786714826026,2492,0.9971340565535992,0.9977023998577189
TOI-2076_b,NIRISS_SOSS,obs10,SOSS_HDU3_ordem_1,jw05959010001_04102_00001-seg006_nis_x1dints.fits,seg006,3,223,60783.23292005139,TDB-MID,2046.8671575625954,0.1445488451541097,2038,0.8515347326686116,2.827786714826026,2493,0.9974678854857632,0.9980364190646378
TOI-2076_b,NIRISS_SOSS,obs10,SOSS_HDU3_ordem_1,jw05959010001_04102_00001-seg006_nis_x1dints.fits,seg006,3,224,60783.232997124396,TDB-MID,2044.8399326325189,0.14454428683737278,2038,0.8515347326686116,2.827786714826026,2494,0.9964799895410086,0.9970479600420887
TOI-2076_b,NIRISS_SOSS,obs10,SOSS_HDU3_ordem_1,jw05959010001_04102_00001-seg006_nis_x1dints.fits,seg006,3,225,60783.2330741974,TDB-MID,2055.2870442171875,0.1445647667741078,2038,0.8515347326686116,2.827786714826026,2495,1.0015710176828652,1.002141889952004
TOI-2076_b,NIRISS_SOSS,obs10,SOSS_HDU3_ordem_1,jw05959010001_04102_00001-seg006_nis_x1dints.fits,seg006,3,226,60783.233151270404,TDB-MID,2047.811415991367,0.14454721029331083,2038,0.8515347326686116,2.827786714826026,2496,0.9979280362360544,0.998496832090193
TOI-2076_b,NIRISS_SOSS,obs10,SOSS_HDU3_ordem_1,jw05959010001_04102_00001-seg006_nis_x1dints.fits,seg006,3,227,60783.23322834341,TDB-MID,2055.675074964157,0.14456532751202358,2038,0.8515347326686116,2.827786714826026,2497,1.0017601106619836,1.0023310907097382
TOI-2076_b,NIRISS_SOSS,obs10,SOSS_HDU3_ordem_1,jw05959010001_04102_00001-seg006_nis_x1dints.fits,seg006,3,228,60783.23330541641,TDB-MID,2054.6956009096593,0.1445645806118661,2038,0.8515347326686116,2.827786714826026,2498,1.0012827988294017,1.0018535068204732
TOI-2076_b,NIRISS_SOSS,obs10,SOSS_HDU3_ordem_1,jw05959010001_04102_00001-seg006_nis_x1dints.fits,seg006,3,229,60783.2333824894,TDB-MID,2045.199844926497,0.14454760991121732,2038,0.8515347326686116,2.827786714826026,2499,0.9966553799924642,0.9972234504620371
TOI-2076_b,NIRISS_SOSS,obs10,SOSS_HDU3_ordem_1,jw05959010001_04102_00001-seg006_nis_x1dints.fits,seg006,3,230,60783.233459562405,TDB-MID,2046.4834186102025,0.14454475190425053,2038,0.8515347326686116,2.827786714826026,2500,0.9972808839600376,0.9978493109523762
TOI-2076_b,NIRISS_SOSS,obs10,SOSS_HDU3_ordem_1,jw05959010001_04102_00001-seg006_nis_x1dints.fits,seg006,3,231,60783.23353663541,TDB-MID,2053.2668896140594,0.14455969478177405,2038,0.8515347326686116,2.827786714826026,2501,1.0005865672103997,1.0011568783655835
TOI-2076_b,NIRISS_SOSS,obs10,SOSS_HDU3_ordem_1,jw05959010001_04102_00001-seg006_nis_x1dints.fits,seg006,3,232,60783.23361370841,TDB-MID,2055.9461623340085,0.1445649607075912,2038,0.8515347326686116,2.827786714826026,2502,1.0018922154468928,1.0024632707913135
TOI-2076_b,NIRISS_SOSS,obs10,SOSS_HDU3_ordem_1,jw05959010001_04102_00001-seg006_nis_x1dints.fits,seg006,3,233,60783.23369078142,TDB-MID,2051.203141572053,0.1445587155890395,2038,0.8515347326686116,2.827786714826026,2503,0.9995808730264709,1.0001506109592764
TOI-2076_b,NIRISS_SOSS,obs10,SOSS_HDU3_ordem_1,jw05959010001_04102_00001-seg006_nis_x1dints.fits,seg006,3,234,60783.23376785442,TDB-MID,2047.9113591037717,0.1445468297091561,2038,0.8515347326686116,2.827786714826026,2504,0.9979767399560935,0.9985455635702237
TOI-2076_b,NIRISS_SOSS,obs10,SOSS_HDU3_ordem_1,jw05959010001_04102_00001-seg006_nis_x1dints.fits,seg006,3,235,60783.23384492742,TDB-MID,2053.990095504715,0.14455879234560087,2038,0.8515347326686116,2.827786714826026,2505,1.0009389958708812,1.001509507902234
TOI-2076_b,NIRISS_SOSS,obs10,SOSS_HDU3_ordem_1,jw05959010001_04102_00001-seg006_nis_x1dints.fits,seg006,3,236,60783.23392200042,TDB-MID,2049.178702753021,0.14455222835995027,2038,0.8515347326686116,2.827786714826026,2506,0.9985943347938091,0.9991635104226845
TOI-2076_b,NIRISS_SOSS,obs10,SOSS_HDU3_ordem_1,jw05959010001_04102_00001-seg006_nis_x1dints.fits,seg006,3,237,60783.233999073425,TDB-MID,2058.086654209039,0.144573548068008,2038,0.8515347326686116,2.827786714826026,2507,1.0029353080074421,1.0035069578904492
TOI-2076_b,NIRISS_SOSS,obs10,SOSS_HDU3_ordem_1,jw05959010001_04102_00001-seg006_nis_x1dints.fits,seg006,3,238,60783.23407614643,TDB-MID,2050.016395433481,0.14455136303688848,2038,0.8515347326686116,2.827786714826026,2508,0.9990025545180734,0.9995719628227312
TOI-2076_b,NIRISS_SOSS,obs10,SOSS_HDU3_ordem_1,jw05959010001_04102_00001-seg006_nis_x1dints.fits,seg006,3,239,60783.23415321943,TDB-MID,2053.3319340489948,0.1445574512110859,2038,0.8515347326686116,2.827786714826026,2509,1.0006182643016046,1.0011885935233957
TOI-2076_b,NIRISS_SOSS,obs10,SOSS_HDU3_ordem_1,jw05959010001_04102_00001-seg006_nis_x1dints.fits,seg006,3,240,60783.23423029243,TDB-MID,2054.3605259126703,0.14456103774874343,2038,0.8515347326686116,2.827786714826026,2510,1.0011195119509684,1.0016901268723035
TOI-2076_b,NIRISS_SOSS,obs10,SOSS_HDU3_ordem_1,jw05959010001_04102_00001-seg006_nis_x1dints.fits,seg006,3,241,60783.23430736543,TDB-MID,2050.662971691089,0.14455409148651843,2038,0.8515347326686116,2.827786714826026,2511,0.9993176404532296,0.9998872283495684
TOI-2076_b,NIRISS_SOSS,obs10,SOSS_HDU3_ordem_1,jw05959010001_04102_00001-seg006_nis_x1dints.fits,seg006,3,242,60783.23438443843,TDB-MID,2058.8784024303754,0.1445752050175636,2038,0.8515347326686116,2.827786714826026,2512,1.0033211383341714,1.0038930081315232
TOI-2076_b,NIRISS_SOSS,obs10,SOSS_HDU3_ordem_1,jw05959010001_04102_00001-seg006_nis_x1dints.fits,seg006,3,243,60783.234461511434,TDB-MID,2059.9504675305216,0.144571910992462,2038,0.8515347326686116,2.827786714826026,2513,1.0038435711186315,1.0044157386905634
TOI-2076_b,NIRISS_SOSS,obs10,SOSS_HDU3_ordem_1,jw05959010001_04102_00001-seg006_nis_x1dints.fits,seg006,3,244,60783.23453858444,TDB-MID,2044.806839894904,0.14454297641923033,2038,0.8515347326686116,2.827786714826026,2514,0.9964638629727104,0.9970318242820204
TOI-2076_b,NIRISS_SOSS,obs10,SOSS_HDU3_ordem_1,jw05959010001_04102_00001-seg006_nis_x1dints.fits,seg006,3,245,60783.23461565744,TDB-MID,2052.4869312314986,0.14455668276508585,2038,0.8515347326686116,2.827786714826026,2515,1.0002064822421373,1.0007765767576973
TOI-2076_b,NIRISS_SOSS,obs10,SOSS_HDU3_ordem_1,jw05959010001_04102_00001-seg006_nis_x1dints.fits,seg006,3,246,60783.234692730446,TDB-MID,2055.7372000204923,0.14456667757376812,2038,0.8515347326686116,2.827786714826026,2516,1.0017903850978938,1.0023613824013755
TOI-2076_b,NIRISS_SOSS,obs10,SOSS_HDU3_ordem_1,jw05959010001_04102_00001-seg006_nis_x1dints.fits,seg006,3,247,60783.23476980344,TDB-MID,2057.9714370867214,0.1445709422207402,2038,0.8515347326686116,2.827786714826026,2517,1.002879161042093,1.003450778922631
TOI-2076_b,NIRISS_SOSS,obs10,SOSS_HDU3_ordem_1,jw05959010001_04102_00001-seg006_nis_x1dints.fits,seg006,3,248,60783.23484687645,TDB-MID,2051.536132475476,0.1445552681324317,2038,0.8515347326686116,2.827786714826026,2518,0.9997431442960528,1.0003129747197212
TOI-2076_b,NIRISS_SOSS,obs10,SOSS_HDU3_ordem_1,jw05959010001_04102_00001-seg006_nis_x1dints.fits,seg006,3,249,60783.23492394945,TDB-MID,2060.5144969751186,0.14457395090634417,2038,0.8515347326686116,2.827786714826026,2519,1.0041184308013302,1.0046907550369115
TOI-2076_b,NIRISS_SOSS,obs10,SOSS_HDU3_ordem_1,jw05959010001_04102_00001-seg006_nis_x1dints.fits,seg006,3,250,60783.235001022455,TDB-MID,2047.222480998651,0.1445496768503478,2038,0.8515347326686116,2.827786714826026,2520,0.9976410397205734,0.9982096719933491
TOI-2076_b,NIRISS_SOSS,obs10,SOSS_HDU3_ordem_1,jw05959010001_04102_00001-seg006_nis_x1dints.fits,seg006,3,251,60783.23507809546,TDB-MID,2049.4502594916585,0.1445544859363181,2038,0.8515347326686116,2.827786714826026,2521,0.9987266683088971,0.9992959193648092
TOI-2076_b,NIRISS_SOSS,obs10,SOSS_HDU3_ordem_1,jw05959010001_04102_00001-seg006_nis_x1dints.fits,seg006,3,252,60783.23515516846,TDB-MID,2053.1404535775177,0.14456298786721666,2038,0.8515347326686116,2.827786714826026,2522,1.0005249531063518,1.001095229142924
TOI-2076_b,NIRISS_SOSS,obs10,SOSS_HDU3_ordem_1,jw05959010001_04102_00001-seg006_nis_x1dints.fits,seg006,3,253,60783.23523224145,TDB-MID,2051.774255123076,0.1445626647447362,2038,0.8515347326686116,2.827786714826026,2523,0.9998591848963968,1.0004290814605183
TOI-2076_b,NIRISS_SOSS,obs10,SOSS_HDU3_ordem_1,jw05959010001_04102_00001-seg006_nis_x1dints.fits,seg006,3,254,60783.235309314456,TDB-MID,2038.2004827096134,0.1445303072292859,2038,0.8515347326686116,2.827786714826026,2524,0.993244489840444,0.9938106161816761
TOI-2076_b,NIRISS_SOSS,obs10,SOSS_HDU3_ordem_1,jw05959010001_04102_00001-seg006_nis_x1dints.fits,seg006,3,255,60783.23538638746,TDB-MID,2049.973021685686,0.14455508221216667,2038,0.8515347326686116,2.827786714826026,2525,0.9989814178652432,0.9995508141224988
TOI-2076_b,NIRISS_SOSS,obs10,SOSS_HDU3_ordem_1,jw05959010001_04102_00001-seg006_nis_x1dints.fits,seg006,3,256,60783.23546346046,TDB-MID,2055.5932591094943,0.14456596439687133,2038,0.8515347326686116,2.827786714826026,2526,1.0017202406160706,1.0022911979388232
TOI-2076_b,NIRISS_SOSS,obs10,SOSS_HDU3_ordem_1,jw05959010001_04102_00001-seg006_nis_x1dints.fits,seg006,3,257,60783.23554053347,TDB-MID,2051.1334651858497,0.14455789715102083,2038,0.8515347326686116,2.827786714826026,2527,0.9995469187186119,1.0001166372982486
TOI-2076_b,NIRISS_SOSS,obs10,SOSS_HDU3_ordem_1,jw05959010001_04102_00001-seg006_nis_x1dints.fits,seg006,3,258,60783.23561760647,TDB-MID,2052.6748145664437,0.14456154378717298,2038,0.8515347326686116,2.827786714826026,2528,1.0002980405008808,1.0008681872025265
TOI-2076_b,NIRISS_SOSS,obs10,SOSS_HDU3_ordem_1,jw05959010001_04102_00001-seg006_nis_x1dints.fits,seg006,3,259,60783.23569467947,TDB-MID,2043.8340750743628,0.14454275638098169,2038,0.8515347326686116,2.827786714826026,2529,0.995989820646595,0.9965575117627649
TOI-2076_b,NIRISS_SOSS,obs10,SOSS_HDU3_ordem_1,jw05959010001_04102_00001-seg006_nis_x1dints.fits,seg006,3,260,60783.23577175247,TDB-MID,2051.5081575712475,0.144557187338028,2038,0.8515347326686116,2.827786714826026,2530,0.9997295117217726,1.0002993343751896
TOI-2076_b,NIRISS_SOSS,obs10,SOSS_HDU3_ordem_1,jw05959010001_04102_00001-seg006_nis_x1dints.fits,seg006,3,261,60783.235848825476,TDB-MID,2049.2836097043373,0.14455035278745348,2038,0.8515347326686116,2.827786714826026,2531,0.9986454574641377,0.9992146622317504
TOI-2076_b,NIRISS_SOSS,obs10,SOSS_HDU3_ordem_1,jw05959010001_04102_00001-seg006_nis_x1dints.fits,seg006,3,262,60783.23592589848,TDB-MID,2055.3876832068945,0.14456691119603074,2038,0.8515347326686116,2.827786714826026,2532,1.0016200605139496,1.0021909607363655
TOI-2076_b,NIRISS_SOSS,obs10,SOSS_HDU3_ordem_1,jw05959010001_04102_00001-seg006_nis_x1dints.fits,seg006,3,263,60783.236002971484,TDB-MID,2057.895926063095,0.14457368572976695,2038,0.8515347326686116,2.827786714826026,2533,1.0028423634312713,1.0034139603380239
TOI-2076_b,NIRISS_SOSS,obs10,SOSS_HDU3_ordem_1,jw05959010001_04102_00001-seg006_nis_x1dints.fits,seg006,3,264,60783.23608004447,TDB-MID,2062.904736358571,0.1445784836517985,2038,0.8515347326686116,2.827786714826026,2534,1.005283228924554,1.0058562170680718
TOI-2076_b,NIRISS_SOSS,obs10,SOSS_HDU3_ordem_1,jw05959010001_04102_00001-seg006_nis_x1dints.fits,seg006,3,265,60783.23615711748,TDB-MID,2051.2154324961875,0.14455573566347682,2038,0.8515347326686116,2.827786714826026,2535,0.9995868625710596,1.0001566039177665
TOI-2076_b,NIRISS_SOSS,obs10,SOSS_HDU3_ordem_1,jw05959010001_04102_00001-seg006_nis_x1dints.fits,seg006,3,266,60783.23623419048,TDB-MID,2051.639679313984,0.14455687616900728,2038,0.8515347326686116,2.827786714826026,2536,0.9997936041637945,1.0003634633484182
TOI-2076_b,NIRISS_SOSS,obs10,SOSS_HDU3_ordem_1,jw05959010001_04102_00001-seg006_nis_x1dints.fits,seg006,3,267,60783.236311263485,TDB-MID,2056.119427303692,0.1445679269399916,2038,0.8515347326686116,2.827786714826026,2537,1.0019766499654206,1.0025477534355602
TOI-2076_b,NIRISS_SOSS,obs10,SOSS_HDU3_ordem_1,jw05959010001_04102_00001-seg006_nis_x1dints.fits,seg006,3,268,60783.23638833649,TDB-MID,2047.1104530234802,0.144545092651113,2038,0.8515347326686116,2.827786714826026,2538,0.9975864468726223,0.9981550480287399
TOI-2076_b,NIRISS_SOSS,obs10,SOSS_HDU3_ordem_1,jw05959010001_04102_00001-seg006_nis_x1dints.fits,seg006,3,269,60783.23646540949,TDB-MID,2052.84832193582,0.14455956057412886,2038,0.8515347326686116,2.827786714826026,2539,1.0003825931442745,1.0009527880389675
TOI-2076_b,NIRISS_SOSS,obs10,SOSS_HDU3_ordem_1,jw05959010001_04102_00001-seg006_nis_x1dints.fits,seg006,3,270,60783.23654248249,TDB-MID,2052.7870996088045,0.14455886507148777,2038,0.8515347326686116,2.827786714826026,2540,1.0003527586213807,1.0009229365110872
TOI-2076_b,NIRISS_SOSS,obs10,SOSS_HDU3_ordem_1,jw05959010001_04102_00001-seg006_nis_x1dints.fits,seg006,3,271,60783.23661955549,TDB-MID,2051.932514849096,0.14455710187460338,2038,0.8515347326686116,2.827786714826026,2541,0.9999363071432841,1.000506247665299
TOI-2076_b,NIRISS_SOSS,obs10,SOSS_HDU3_ordem_1,jw05959010001_04102_00001-seg006_nis_x1dints.fits,seg006,3,272,60783.2366966285,TDB-MID,2046.4860752125471,0.1445480199436809,2038,0.8515347326686116,2.827786714826026,2542,0.9972821785606731,0.9978506062909042
TOI-2076_b,NIRISS_SOSS,obs10,SOSS_HDU3_ordem_1,jw05959010001_04102_00001-seg006_nis_x1dints.fits,seg006,3,273,60783.2367737015,TDB-MID,2048.526823677426,0.14454824455632914,2038,0.8515347326686116,2.827786714826026,2543,0.9982766647189713,0.9988456592832657
TOI-2076_b,NIRISS_SOSS,obs10,SOSS_HDU3_ordem_1,jw05959010001_04102_00001-seg006_nis_x1dints.fits,seg006,3,274,60783.236850774505,TDB-MID,2044.57144701487,0.14454484873328022,2038,0.8515347326686116,2.827786714826026,2544,0.9963491526274697,0.9969170485545412
TOI-2076_b,NIRISS_SOSS,obs10,SOSS_HDU3_ordem_1,jw05959010001_04102_00001-seg006_nis_x1dints.fits,seg006,3,275,60783.2369278475,TDB-MID,2045.8971864544742,0.14454578551937736,2038,0.8515347326686116,2.827786714826026,2545,0.9969952045760005,0.9975634687377107
TOI-2076_b,NIRISS_SOSS,obs10,SOSS_HDU3_ordem_1,jw05959010001_04102_00001-seg006_nis_x1dints.fits,seg006,3,276,60783.237004920506,TDB-MID,2049.8356371932236,0.14455461295769384,2038,0.8515347326686116,2.827786714826026,2546,0.9989144684207282,0.9994838265183519
TOI-2076_b,NIRISS_SOSS,obs10,SOSS_HDU3_ordem_1,jw05959010001_04102_00001-seg006_nis_x1dints.fits,seg006,3,277,60783.2370819935,TDB-MID,2042.5113915127868,0.14453933026843999,2038,0.8515347326686116,2.827786714826026,2547,0.9953452578714987,0.9959125816018242
TOI-2076_b,NIRISS_SOSS,obs10,SOSS_HDU3_ordem_1,jw05959010001_04102_00001-seg006_nis_x1dints.fits,seg006,3,278,60783.237159066506,TDB-MID,2042.8163619334705,0.14453735820511765,2038,0.8515347326686116,2.827786714826026,2548,0.9954938743557348,0.9960612827940121
TOI-2076_b,NIRISS_SOSS,obs10,SOSS_HDU3_ordem_1,jw05959010001_04102_00001-seg006_nis_x1dints.fits,seg006,3,279,60783.23723613951,TDB-MID,2043.3370460362305,0.14453902644794467,2038,0.8515347326686116,2.827786714826026,2549,0.9957476112282363,0.9963151642906507
TOI-2076_b,NIRISS_SOSS,obs10,SOSS_HDU3_ordem_1,jw05959010001_04102_00001-seg006_nis_x1dints.fits,seg006,3,280,60783.23731321251,TDB-MID,2050.203466227742,0.14455188317067785,2038,0.8515347326686116,2.827786714826026,2550,0.999093716814023,0.9996631770790769
TOI-2076_b,NIRISS_SOSS,obs10,SOSS_HDU3_ordem_1,jw05959010001_04102_00001-seg006_nis_x1dints.fits,seg006,3,281,60783.23739028551,TDB-MID,2047.6245670394103,0.1445493254691566,2038,0.8515347326686116,2.827786714826026,2551,0.9978369820470588,0.9984057260024198
TOI-2076_b,NIRISS_SOSS,obs10,SOSS_HDU3_ordem_1,jw05959010001_04102_00001-seg006_nis_x1dints.fits,seg006,3,282,60783.237467358515,TDB-MID,2054.5274092124487,0.14456378037636133,2038,0.8515347326686116,2.827786714826026,2552,1.001200836589716,1.0017714978642105
TOI-2076_b,NIRISS_SOSS,obs10,SOSS_HDU3_ordem_1,jw05959010001_04102_00001-seg006_nis_x1dints.fits,seg006,3,283,60783.23754443152,TDB-MID,2049.059566140317,0.14455149263402867,2038,0.8515347326686116,2.827786714826026,2553,0.9985362778042687,0.9991054203420053
TOI-2076_b,NIRISS_SOSS,obs10,SOSS_HDU3_ordem_1,jw05959010001_04102_00001-seg006_nis_x1dints.fits,seg006,3,284,60783.23762150452,TDB-MID,2059.0038022563913,0.14457497166506952,2038,0.8515347326686116,2.827786714826026,2554,1.003382247477886,1.0039541521060336
TOI-2076_b,NIRISS_SOSS,obs10,SOSS_HDU3_ordem_1,jw05959010001_04102_00001-seg006_nis_x1dints.fits,seg006,3,285,60783.23769857752,TDB-MID,2052.4190114572566,0.14455716815930575,2038,0.8515347326686116,2.827786714826026,2555,1.0001733839566205,1.000743459606925
TOI-2076_b,NIRISS_SOSS,obs10,SOSS_HDU3_ordem_1,jw05959010001_04102_00001-seg006_nis_x1dints.fits,seg006,3,286,60783.23777565052,TDB-MID,2048.416551340832,0.14454957675711835,2038,0.8515347326686116,2.827786714826026,2556,0.9982229274190183,0.9987918913542971
TOI-2076_b,NIRISS_SOSS,obs10,SOSS_HDU3_ordem_1,jw05959010001_04102_00001-seg006_nis_x1dints.fits,seg006,3,287,60783.23785272353,TDB-MID,2046.438899871708,0.14454615074278215,2038,0.8515347326686116,2.827786714826026,2557,0.9972591893367266,0.9978276039636328
TOI-2076_b,NIRISS_SOSS,obs10,SOSS_HDU3_ordem_1,jw05959010001_04102_00001-seg006_nis_x1dints.fits,seg006,3,288,60783.23792979653,TDB-MID,2054.8603886022265,0.14456558139404105,2038,0.8515347326686116,2.827786714826026,2558,1.0013631022485325,1.001933856010692
TOI-2076_b,NIRISS_SOSS,obs10,SOSS_HDU3_ordem_1,jw05959010001_04102_00001-seg006_nis_x1dints.fits,seg006,3,289,60783.23800686953,TDB-MID,2053.27330301079,0.14456133269825183,2038,0.8515347326686116,2.827786714826026,2559,1.0005896925511197,1.0011600054876753
TOI-2076_b,NIRISS_SOSS,obs10,SOSS_HDU3_ordem_1,jw05959010001_04102_00001-seg006_nis_x1dints.fits,seg006,3,290,60783.238083942524,TDB-MID,2048.0441078223967,0.14455102128926597,2038,0.8515347326686116,2.827786714826026,2560,0.9980414303211612,0.9986102908073003
TOI-2076_b,NIRISS_SOSS,obs10,SOSS_HDU3_ordem_1,jw05959010001_04102_00001-seg006_nis_x1dints.fits,seg006,3,291,60783.23816101553,TDB-MID,2050.2002361526147,0.1445857613634315,2038,0.8515347326686116,2.827786714826026,2561,0.9990921427518299,0.9996616021197048
TOI-2076_b,NIRISS_SOSS,obs10,SOSS_HDU3_ordem_1,jw05959010001_04102_00001-seg006_nis_x1dints.fits,seg006,3,292,60783.23823808853,TDB-MID,2053.0001526771284,0.14459663502123446,2038,0.8515347326686116,2.827786714826026,2562,1.000456582454194,1.001026819521079
TOI-2076_b,NIRISS_SOSS,obs10,SOSS_HDU3_ordem_1,jw05959010001_04102_00001-seg006_nis_x1dints.fits,seg006,3,293,60783.238315161536,TDB-MID,2056.54237297081,0.14456608941786697,2038,0.8515347326686116,2.827786714826026,2563,1.002182757488665,1.0027539784353163
TOI-2076_b,NIRISS_SOSS,obs10,SOSS_HDU3_ordem_1,jw05959010001_04102_00001-seg006_nis_x1dints.fits,seg006,3,294,60783.23839223454,TDB-MID,2054.6984552455683,0.14456570438142968,2038,0.8515347326686116,2.827786714826026,2564,1.0012841897884548,1.001854898572341
TOI-2076_b,NIRISS_SOSS,obs10,SOSS_HDU3_ordem_1,jw05959010001_04102_00001-seg006_nis_x1dints.fits,seg006,3,295,60783.23846930754,TDB-MID,2051.472408771834,0.14455523564112774,2038,0.8515347326686116,2.827786714826026,2565,0.9997120908162547,1.0002819035401593
TOI-2076_b,NIRISS_SOSS,obs10,SOSS_HDU3_ordem_1,jw05959010001_04102_00001-seg006_nis_x1dints.fits,seg006,3,296,60783.23854638054,TDB-MID,2055.5410846208015,0.14456473473329004,2038,0.8515347326686116,2.827786714826026,2566,1.0016948152352783,1.002265758066153
TOI-2076_b,NIRISS_SOSS,obs10,SOSS_HDU3_ordem_1,jw05959010001_04102_00001-seg006_nis_x1dints.fits,seg006,3,297,60783.238623453544,TDB-MID,2051.972583484047,0.14455749928445244,2038,0.8515347326686116,2.827786714826026,2567,0.9999558331669594,1.0005257848183553
TOI-2076_b,NIRISS_SOSS,obs10,SOSS_HDU3_ordem_1,jw05959010001_04102_00001-seg006_nis_x1dints.fits,seg006,3,298,60783.23870052655,TDB-MID,2050.03358037504,0.1445533653768962,2038,0.8515347326686116,2.827786714826026,2568,0.9990109289879335,0.9995803420658451
TOI-2076_b,NIRISS_SOSS,obs10,SOSS_HDU3_ordem_1,jw05959010001_04102_00001-seg006_nis_x1dints.fits,seg006,3,299,60783.238777599545,TDB-MID,2053.6990112524036,0.14456152646544546,2038,0.8515347326686116,2.827786714826026,2569,1.000797146316757,1.0013675774971513
TOI-2076_b,NIRISS_SOSS,obs10,SOSS_HDU3_ordem_1,jw05959010001_04102_00001-seg006_nis_x1dints.fits,seg006,3,300,60783.23885467255,TDB-MID,2044.130268192063,0.1445413201134045,2038,0.8515347326686116,2.827786714826026,2570,0.9961341598245023,0.9967019332106585
TOI-2076_b,NIRISS_SOSS,obs10,SOSS_HDU3_ordem_1,jw05959010001_04102_00001-seg006_nis_x1dints.fits,seg006,3,301,60783.238931745545,TDB-MID,2049.5669223917134,0.144553265607555,2038,0.8515347326686116,2.827786714826026,2571,0.9987835198225884,0.9993528032825458
TOI-2076_b,NIRISS_SOSS,obs10,SOSS_HDU3_ordem_1,jw05959010001_04102_00001-seg006_nis_x1dints.fits,seg006,3,302,60783.23900881855,TDB-MID,2049.8948225540407,0.1445513451523787,2038,0.8515347326686116,2.827786714826026,2572,0.9989433103006166,0.9995126848374434
TOI-2076_b,NIRISS_SOSS,obs10,SOSS_HDU3_ordem_1,jw05959010001_04102_00001-seg006_nis_x1dints.fits,seg006,3,303,60783.23908589155,TDB-MID,2056.8848726071665,0.14456545904115897,2038,0.8515347326686116,2.827786714826026,2573,1.002349662500939,1.0029209785795794
TOI-2076_b,NIRISS_SOSS,obs10,SOSS_HDU3_ordem_1,jw05959010001_04102_00001-seg006_nis_x1dints.fits,seg006,3,304,60783.23916296455,TDB-MID,2050.8435311556086,0.14455662478731182,2038,0.8515347326686116,2.827786714826026,2574,0.9994056296842911,0.9999752677324526
TOI-2076_b,NIRISS_SOSS,obs10,SOSS_HDU3_ordem_1,jw05959010001_04102_00001-seg006_nis_x1dints.fits,seg006,3,305,60783.239240037554,TDB-MID,2058.2180704194934,0.14457189574036514,2038,0.8515347326686116,2.827786714826026,2575,1.002999349022061,1.0035710354069622
TOI-2076_b,NIRISS_SOSS,obs10,SOSS_HDU3_ordem_1,jw05959010001_04102_00001-seg006_nis_x1dints.fits,seg006,3,306,60783.23931711056,TDB-MID,2050.8077754990936,0.14455322039534574,2038,0.8515347326686116,2.827786714826026,2576,0.9993882054372087,0.9999578335539532
TOI-2076_b,NIRISS_SOSS,obs10,SOSS_HDU3_ordem_1,jw05959010001_04102_00001-seg006_nis_x1dints.fits,seg006,3,307,60783.23939418356,TDB-MID,2051.618735092198,0.14455689979953304,2038,0.8515347326686116,2.827786714826026,2577,0.9997833977424639,1.000353251109664
TOI-2076_b,NIRISS_SOSS,obs10,SOSS_HDU3_ordem_1,jw05959010001_04102_00001-seg006_nis_x1dints.fits,seg006,3,308,60783.239471256566,TDB-MID,2048.919675949155,0.14455064410674767,2038,0.8515347326686116,2.827786714826026,2578,0.9984681072966404,0.9990372109787675
TOI-2076_b,NIRISS_SOSS,obs10,SOSS_HDU3_ordem_1,jw05959010001_04102_00001-seg006_nis_x1dints.fits,seg006,3,309,60783.23954832956,TDB-MID,2050.8770685175664,0.14455563657826712,2038,0.8515347326686116,2.827786714826026,2579,0.9994219729244438,0.9999916202878735
TOI-2076_b,NIRISS_SOSS,obs10,SOSS_HDU3_ordem_1,jw05959010001_04102_00001-seg006_nis_x1dints.fits,seg006,3,310,60783.239625402566,TDB-MID,2055.1251991039744,0.14456466997596715,2038,0.8515347326686116,2.827786714826026,2580,1.001492148225091,1.0020629755404666
TOI-2076_b,NIRISS_SOSS,obs10,SOSS_HDU3_ordem_1,jw05959010001_04102_00001-seg006_nis_x1dints.fits,seg006,3,311,60783.23970247557,TDB-MID,2049.5911527664052,0.1445554422762614,2038,0.8515347326686116,2.827786714826026,2581,0.9987953276336224,0.9993646178237585
TOI-2076_b,NIRISS_SOSS,obs10,SOSS_HDU3_ordem_1,jw05959010001_04102_00001-seg006_nis_x1dints.fits,seg006,3,312,60783.239779548574,TDB-MID,2062.051913489261,0.14457876955302262,2038,0.8515347326686116,2.827786714826026,2582,1.004867636041058,1.0054403873062634
TOI-2076_b,NIRISS_SOSS,obs10,SOSS_HDU3_ordem_1,jw05959010001_04102_00001-seg006_nis_x1dints.fits,seg006,3,313,60783.23985662156,TDB-MID,2047.9191542604844,0.14454862413498237,2038,0.8515347326686116,2.827786714826026,2583,0.9979805386483802,0.998549364427677
TOI-2076_b,NIRISS_SOSS,obs10,SOSS_HDU3_ordem_1,jw05959010001_04102_00001-seg006_nis_x1dints.fits,seg006,3,314,60783.23993369457,TDB-MID,2056.7954522915284,0.14457606758424923,2038,0.8515347326686116,2.827786714826026,2584,1.0023060866915223,1.0028773779329612
TOI-2076_b,NIRISS_SOSS,obs10,SOSS_HDU3_ordem_1,jw05959010001_04102_00001-seg006_nis_x1dints.fits,seg006,3,315,60783.24001076757,TDB-MID,2053.42412000311,0.14456215122717153,2038,0.8515347326686116,2.827786714826026,2585,1.0006631878465369,1.0012335426737076
TOI-2076_b,NIRISS_SOSS,obs10,SOSS_HDU3_ordem_1,jw05959010001_04102_00001-seg006_nis_x1dints.fits,seg006,3,316,60783.240087840575,TDB-MID,2046.1108814129768,0.14454699241969987,2038,0.8515347326686116,2.827786714826026,2586,0.997099341211155,0.9976676647283339
TOI-2076_b,NIRISS_SOSS,obs10,SOSS_HDU3_ordem_1,jw05959010001_04102_00001-seg006_nis_x1dints.fits,seg006,3,317,60783.24016491357,TDB-MID,2060.220020797892,0.14457633583289628,2038,0.8515347326686116,2.827786714826026,2587,1.0039749283132773,1.004547170755766
TOI-2076_b,NIRISS_SOSS,obs10,SOSS_HDU3_ordem_1,jw05959010001_04102_00001-seg006_nis_x1dints.fits,seg006,3,318,60783.240241986576,TDB-MID,2049.48928239074,0.1445641332780435,2038,0.8515347326686116,2.827786714826026,2588,0.9987456847304017,0.9993149466252335
TOI-2076_b,NIRISS_SOSS,obs10,SOSS_HDU3_ordem_1,jw05959010001_04102_00001-seg006_nis_x1dints.fits,seg006,3,319,60783.24031905958,TDB-MID,2049.166989895672,0.14455456274096304,2038,0.8515347326686116,2.827786714826026,2589,0.998588626949502,0.9991577993250383
TOI-2076_b,NIRISS_SOSS,obs10,SOSS_HDU3_ordem_1,jw05959010001_04102_00001-seg006_nis_x1dints.fits,seg006,3,320,60783.24039613258,TDB-MID,2047.4090328470147,0.14455829172123016,2038,0.8515347326686116,2.827786714826026,2590,0.9977319491267033,0.9983006332157337
TOI-2076_b,NIRISS_SOSS,obs10,SOSS_HDU3_ordem_1,jw05959010001_04102_00001-seg006_nis_x1dints.fits,seg006,3,321,60783.24047320559,TDB-MID,2040.8394158851265,0.14453929036058888,2038,0.8515347326686116,2.827786714826026,2591,0.9945304800351628,0.9950973393610035
TOI-2076_b,NIRISS_SOSS,obs10,SOSS_HDU3_ordem_1,jw05959010001_04102_00001-seg006_nis_x1dints.fits,seg006,3,322,60783.240550278584,TDB-MID,2051.658262457874,0.14455791100466275,2038,0.8515347326686116,2.827786714826026,2592,0.9998026599978155,1.0003725243440547
TOI-2076_b,NIRISS_SOSS,obs10,SOSS_HDU3_ordem_1,jw05959010001_04102_00001-seg006_nis_x1dints.fits,seg006,3,323,60783.24062735159,TDB-MID,2055.6959602283814,0.14456819976805255,2038,0.8515347326686116,2.827786714826026,2593,1.0017702883524442,1.0023412742012467
TOI-2076_b,NIRISS_SOSS,obs10,SOSS_HDU3_ordem_1,jw05959010001_04102_00001-seg006_nis_x1dints.fits,seg006,3,324,60783.24070442459,TDB-MID,2051.381045313046,0.14452930675738623,2038,0.8515347326686116,2.827786714826026,2594,0.9996675680851573,1.000237355432137
TOI-2076_b,NIRISS_SOSS,obs10,SOSS_HDU3_ordem_1,jw05959010001_04102_00001-seg006_nis_x1dints.fits,seg006,3,325,60783.240781497596,TDB-MID,2046.982354552008,0.14455072238302316,2038,0.8515347326686116,2.827786714826026,2595,0.9975240226400574,0.9980925882158089
TOI-2076_b,NIRISS_SOSS,obs10,SOSS_HDU3_ordem_1,jw05959010001_04102_00001-seg006_nis_x1dints.fits,seg006,3,326,60783.240858570585,TDB-MID,2049.83933842117,0.1445536741770855,2038,0.8515347326686116,2.827786714826026,2596,0.9989162720824849,0.999485631208154
TOI-2076_b,NIRISS_SOSS,obs10,SOSS_HDU3_ordem_1,jw05959010001_04102_00001-seg006_nis_x1dints.fits,seg006,3,327,60783.24093564359,TDB-MID,2061.532739577884,0.14467303489299324,2038,0.8515347326686116,2.827786714826026,2597,1.0046146351065972,1.005187242167133
TOI-2076_b,NIRISS_SOSS,obs10,SOSS_HDU3_ordem_1,jw05959010001_04102_00001-seg006_nis_x1dints.fits,seg006,3,328,60783.24101271659,TDB-MID,2057.8468409576562,0.14456854062832625,2038,0.8515347326686116,2.827786714826026,2598,1.0028184435514933,1.0033900268244687
TOI-2076_b,NIRISS_SOSS,obs10,SOSS_HDU3_ordem_1,jw05959010001_04102_00001-seg006_nis_x1dints.fits,seg006,3,329,60783.2410897896,TDB-MID,2050.4912537771443,0.14455414718521403,2038,0.8515347326686116,2.827786714826026,2599,0.9992339598372749,0.999803500037602
TOI-2076_b,NIRISS_SOSS,obs10,SOSS_HDU3_ordem_1,jw05959010001_04102_00001-seg006_nis_x1dints.fits,seg006,3,330,60783.241166862594,TDB-MID,2041.1280833666056,0.14453467277596532,2038,0.8515347326686116,2.827786714826026,2600,0.9946711518620058,0.9952380913675279
TOI-2076_b,NIRISS_SOSS,obs10,SOSS_HDU3_ordem_1,jw05959010001_04102_00001-seg006_nis_x1dints.fits,seg006,3,331,60783.2412439356,TDB-MID,2040.3105734334247,0.14453365902862614,2038,0.8515347326686116,2.827786714826026,2601,0.9942727674815633,0.994839479917221
TOI-2076_b,NIRISS_SOSS,obs10,SOSS_HDU3_ordem_1,jw05959010001_04102_00001-seg006_nis_x1dints.fits,seg006,3,332,60783.2413210086,TDB-MID,2052.466007699899,0.14455822669088111,2038,0.8515347326686116,2.827786714826026,2602,1.0001962859034326,1.000766374607316
TOI-2076_b,NIRISS_SOSS,obs10,SOSS_HDU3_ordem_1,jw05959010001_04102_00001-seg006_nis_x1dints.fits,seg006,3,333,60783.241398081605,TDB-MID,2050.750334852522,0.14455265786802585,2038,0.8515347326686116,2.827786714826026,2603,0.9993602137817341,0.9999298259438837
TOI-2076_b,NIRISS_SOSS,obs10,SOSS_HDU3_ordem_1,jw05959010001_04102_00001-seg006_nis_x1dints.fits,seg006,3,334,60783.2414751546,TDB-MID,2055.6931700032987,0.14456462947387333,2038,0.8515347326686116,2.827786714826026,2604,1.0017689286355211,1.0023399137093165
TOI-2076_b,NIRISS_SOSS,obs10,SOSS_HDU3_ordem_1,jw05959010001_04102_00001-seg006_nis_x1dints.fits,seg006,3,335,60783.241552227606,TDB-MID,2043.1482083387605,0.14453802302251773,2038,0.8515347326686116,2.827786714826026,2605,0.9956555878948707,0.9962230885061177
TOI-2076_b,NIRISS_SOSS,obs10,SOSS_HDU3_ordem_1,jw05959010001_04102_00001-seg006_nis_x1dints.fits,seg006,3,336,60783.24162930061,TDB-MID,2056.410472624403,0.14456357457787838,2038,0.8515347326686116,2.827786714826026,2606,1.0021184805476142,1.002689664857899
TOI-2076_b,NIRISS_SOSS,obs10,SOSS_HDU3_ordem_1,jw05959010001_04102_00001-seg006_nis_x1dints.fits,seg006,3,337,60783.24170637361,TDB-MID,2046.7564588531445,0.14454654135838027,2038,0.8515347326686116,2.827786714826026,2607,0.9974139404081679,0.9979824432395984
TOI-2076_b,NIRISS_SOSS,obs10,SOSS_HDU3_ordem_1,jw05959010001_04102_00001-seg006_nis_x1dints.fits,seg006,3,338,60783.2417834466,TDB-MID,2050.2031862394815,0.14455305868887008,2038,0.8515347326686116,2.827786714826026,2608,0.9990935803717058,0.9996630405589907
TOI-2076_b,NIRISS_SOSS,obs10,SOSS_HDU3_ordem_1,jw05959010001_04102_00001-seg006_nis_x1dints.fits,seg006,3,339,60783.24186051961,TDB-MID,2048.0320036601197,0.1445498026548376,2038,0.8515347326686116,2.827786714826026,2609,0.9980355317883193,0.9986043889124314
TOI-2076_b,NIRISS_SOSS,obs10,SOSS_HDU3_ordem_1,jw05959010001_04102_00001-seg006_nis_x1dints.fits,seg006,3,340,60783.24193759261,TDB-MID,2045.1571379317527,0.14454175685749968,2038,0.8515347326686116,2.827786714826026,2610,0.9966345682580116,0.9972026268653782
TOI-2076_b,NIRISS_SOSS,obs10,SOSS_HDU3_ordem_1,jw05959010001_04102_00001-seg006_nis_x1dints.fits,seg006,3,341,60783.242014665615,TDB-MID,2045.1675663402982,0.14454172915460148,2038,0.8515347326686116,2.827786714826026,2611,0.9966396501718927,0.9972077116758324
TOI-2076_b,NIRISS_SOSS,obs10,SOSS_HDU3_ordem_1,jw05959010001_04102_00001-seg006_nis_x1dints.fits,seg006,3,342,60783.24209173861,TDB-MID,2045.1505084124306,0.14454305032330905,2038,0.8515347326686116,2.827786714826026,2612,0.996631337597636,0.997199394363601
TOI-2076_b,NIRISS_SOSS,obs10,SOSS_HDU3_ordem_1,jw05959010001_04102_00001-seg006_nis_x1dints.fits,seg006,3,343,60783.242168811616,TDB-MID,2050.1020502160136,0.14455465861050587,2038,0.8515347326686116,2.827786714826026,2613,0.9990442953289016,0.9996137274248543
TOI-2076_b,NIRISS_SOSS,obs10,SOSS_HDU3_ordem_1,jw05959010001_04102_00001-seg006_nis_x1dints.fits,seg006,3,344,60783.24224588462,TDB-MID,2057.6076846272917,0.14457017742347594,2038,0.8515347326686116,2.827786714826026,2614,1.0027018992226304,1.0032734160680394
TOI-2076_b,NIRISS_SOSS,obs10,SOSS_HDU3_ordem_1,jw05959010001_04102_00001-seg006_nis_x1dints.fits,seg006,3,345,60783.24232295762,TDB-MID,2051.386905019875,0.14455732196513948,2038,0.8515347326686116,2.827786714826026,2615,0.999670423604803,1.0002402125793628
TOI-2076_b,NIRISS_SOSS,obs10,SOSS_HDU3_ordem_1,jw05959010001_04102_00001-seg006_nis_x1dints.fits,seg006,3,346,60783.24240003062,TDB-MID,2050.8038866793636,0.14455806332891294,2038,0.8515347326686116,2.827786714826026,2616,0.9993863103592703,0.9999559373958643
TOI-2076_b,NIRISS_SOSS,obs10,SOSS_HDU3_ordem_1,jw05959010001_04102_00001-seg006_nis_x1dints.fits,seg006,3,347,60783.242477103624,TDB-MID,2055.778755605663,0.14456531700056552,2038,0.8515347326686116,2.827786714826026,2617,1.0018106357338556,1.0023816445797307
TOI-2076_b,NIRISS_SOSS,obs10,SOSS_HDU3_ordem_1,jw05959010001_04102_00001-seg006_nis_x1dints.fits,seg006,3,348,60783.24255417663,TDB-MID,2055.5040719226545,0.14456862204430845,2038,0.8515347326686116,2.827786714826026,2618,1.0016767784136797,1.002247710963984
TOI-2076_b,NIRISS_SOSS,obs10,SOSS_HDU3_ordem_1,jw05959010001_04102_00001-seg006_nis_x1dints.fits,seg006,3,349,60783.24263124963,TDB-MID,2043.9893083550958,0.14454319381585323,2038,0.8515347326686116,2.827786714826026,2619,0.9960654680630469,0.996633202296491
TOI-2076_b,NIRISS_SOSS,obs10,SOSS_HDU3_ordem_1,jw05959010001_04102_00001-seg006_nis_x1dints.fits,seg006,3,350,60783.24270832262,TDB-MID,2059.129430130404,0.14457385538013826,2038,0.8515347326686116,2.827786714826026,2620,1.0034434677526785,1.0040154072749639
TOI-2076_b,NIRISS_SOSS,obs10,SOSS_HDU3_ordem_1,jw05959010001_04102_00001-seg006_nis_x1dints.fits,seg006,3,351,60783.242785395625,TDB-MID,2058.8599834908346,0.1445711531944182,2038,0.8515347326686116,2.827786714826026,2621,1.0033121625192978,1.0038840272006433
TOI-2076_b,NIRISS_SOSS,obs10,SOSS_HDU3_ordem_1,jw05959010001_04102_00001-seg006_nis_x1dints.fits,seg006,3,352,60783.24286246863,TDB-MID,2054.6519464733265,0.144565608458891,2038,0.8515347326686116,2.827786714826026,2622,1.001261525392999,1.001832221258705
TOI-2076_b,NIRISS_SOSS,obs10,SOSS_HDU3_ordem_1,jw05959010001_04102_00001-seg006_nis_x1dints.fits,seg006,3,353,60783.24293954163,TDB-MID,2053.4910127462044,0.14456155182144895,2038,0.8515347326686116,2.827786714826026,2623,1.0006957856449636,1.001266159052124
TOI-2076_b,NIRISS_SOSS,obs10,SOSS_HDU3_ordem_1,jw05959010001_04102_00001-seg006_nis_x1dints.fits,seg006,3,354,60783.24301661463,TDB-MID,2054.9723908664605,0.1445645614455316,2038,0.8515347326686116,2.827786714826026,2624,1.0014176825671735,1.0019884674388497
TOI-2076_b,NIRISS_SOSS,obs10,SOSS_HDU3_ordem_1,jw05959010001_04102_00001-seg006_nis_x1dints.fits,seg006,3,355,60783.24309368763,TDB-MID,2052.861500550788,0.14455912341753097,2038,0.8515347326686116,2.827786714826026,2625,1.0003890152734085,1.0009592138285663
TOI-2076_b,NIRISS_SOSS,obs10,SOSS_HDU3_ordem_1,jw05959010001_04102_00001-seg006_nis_x1dints.fits,seg006,3,356,60783.24317076064,TDB-MID,2056.2351063781985,0.1445683355238938,2038,0.8515347326686116,2.827786714826026,2626,1.0020330220467335,1.002604157647653
TOI-2076_b,NIRISS_SOSS,obs10,SOSS_HDU3_ordem_1,jw05959010001_04102_00001-seg006_nis_x1dints.fits,seg006,3,357,60783.24324783364,TDB-MID,2053.003498463504,0.1445607570632956,2038,0.8515347326686116,2.827786714826026,2627,1.000458212904147,1.0010284509003509
TOI-2076_b,NIRISS_SOSS,obs10,SOSS_HDU3_ordem_1,jw05959010001_04102_00001-seg006_nis_x1dints.fits,seg006,3,358,60783.24332490664,TDB-MID,2049.883533338367,0.14455469116806385,2038,0.8515347326686116,2.827786714826026,2628,0.9989378089030074,0.9995071803041652
TOI-2076_b,NIRISS_SOSS,obs10,SOSS_HDU3_ordem_1,jw05959010001_04102_00001-seg006_nis_x1dints.fits,seg006,3,359,60783.24340197964,TDB-MID,2049.3434538438732,0.14455312838116818,2038,0.8515347326686116,2.827786714826026,2629,0.9986746203763966,0.9992438417661934
TOI-2076_b,NIRISS_SOSS,obs10,SOSS_HDU3_ordem_1,jw05959010001_04102_00001-seg006_nis_x1dints.fits,seg006,3,360,60783.243479052646,TDB-MID,2050.5063690245665,0.14455593612061046,2038,0.8515347326686116,2.827786714826026,2630,0.9992413257153335,0.9998108701140404
TOI-2076_b,NIRISS_SOSS,obs10,SOSS_HDU3_ordem_1,jw05959010001_04102_00001-seg006_nis_x1dints.fits,seg006,3,361,60783.243556125635,TDB-MID,2052.2933596078956,0.1445604172236192,2038,0.8515347326686116,2.827786714826026,2631,1.000112151998295,1.0006821927478022
TOI-2076_b,NIRISS_SOSS,obs10,SOSS_HDU3_ordem_1,jw05959010001_04102_00001-seg006_nis_x1dints.fits,seg006,3,362,60783.24363319864,TDB-MID,2055.617241288325,0.144563951805426,2038,0.8515347326686116,2.827786714826026,2632,1.0017319274776824,1.0023028914616752
TOI-2076_b,NIRISS_SOSS,obs10,SOSS_HDU3_ordem_1,jw05959010001_04102_00001-seg006_nis_x1dints.fits,seg006,3,363,60783.24371027164,TDB-MID,2053.5365854822385,0.14456112183604058,2038,0.8515347326686116,2.827786714826026,2633,1.000717993896476,1.001288379961825
TOI-2076_b,NIRISS_SOSS,obs10,SOSS_HDU3_ordem_1,jw05959010001_04102_00001-seg006_nis_x1dints.fits,seg006,3,364,60783.24378734465,TDB-MID,2054.6720751462353,0.14456390982844441,2038,0.8515347326686116,2.827786714826026,2634,1.0012713343856001,1.0018420358422047
TOI-2076_b,NIRISS_SOSS,obs10,SOSS_HDU3_ordem_1,jw05959010001_04102_00001-seg006_nis_x1dints.fits,seg006,3,365,60783.24386441764,TDB-MID,2062.40298229708,0.14457977219144005,2038,0.8515347326686116,2.827786714826026,2635,1.005038716934169,1.0056115657115188
TOI-2076_b,NIRISS_SOSS,obs10,SOSS_HDU3_ordem_1,jw05959010001_04102_00001-seg006_nis_x1dints.fits,seg006,3,366,60783.24394149065,TDB-MID,2057.8802649591476,0.14457185090642638,2038,0.8515347326686116,2.827786714826026,2636,1.0028347315494557,1.0034063241062126
TOI-2076_b,NIRISS_SOSS,obs10,SOSS_HDU3_ordem_1,jw05959010001_04102_00001-seg006_nis_x1dints.fits,seg006,3,367,60783.24401856365,TDB-MID,2048.977875376253,0.14455287107007217,2038,0.8515347326686116,2.827786714826026,2637,0.9984964687168084,0.9990655885642878
TOI-2076_b,NIRISS_SOSS,obs10,SOSS_HDU3_ordem_1,jw05959010001_04102_00001-seg006_nis_x1dints.fits,seg006,3,368,60783.244095636655,TDB-MID,2056.450815768623,0.1445702054962299,2038,0.8515347326686116,2.827786714826026,2638,1.0021381403436154,1.002709335859528
TOI-2076_b,NIRISS_SOSS,obs10,SOSS_HDU3_ordem_1,jw05959010001_04102_00001-seg006_nis_x1dints.fits,seg006,3,369,60783.24417270965,TDB-MID,2048.583143402241,0.14455367838115807,2038,0.8515347326686116,2.827786714826026,2639,0.9983041101331082,0.9988731203406528
TOI-2076_b,NIRISS_SOSS,obs10,SOSS_HDU3_ordem_1,jw05959010001_04102_00001-seg006_nis_x1dints.fits,seg006,3,370,60783.244249782656,TDB-MID,2050.100133842799,0.14455486300014744,2038,0.8515347326686116,2.827786714826026,2640,0.9990433614525965,0.9996127930162614
TOI-2076_b,NIRISS_SOSS,obs10,SOSS_HDU3_ordem_1,jw05959010001_04102_00001-seg006_nis_x1dints.fits,seg006,3,371,60783.24432685566,TDB-MID,2048.898685951558,0.14455239342813928,2038,0.8515347326686116,2.827786714826026,2641,0.9984578785680968,0.9990269764200858
TOI-2076_b,NIRISS_SOSS,obs10,SOSS_HDU3_ordem_1,jw05959010001_04102_00001-seg006_nis_x1dints.fits,seg006,3,372,60783.24440392866,TDB-MID,2052.9894468715465,0.14456223130625687,2038,0.8515347326686116,2.827786714826026,2642,1.0004513653607363,1.001021599453999
TOI-2076_b,NIRISS_SOSS,obs10,SOSS_HDU3_ordem_1,jw05959010001_04102_00001-seg006_nis_x1dints.fits,seg006,3,373,60783.24448100166,TDB-MID,2054.3850155770388,0.14456655690547396,2038,0.8515347326686116,2.827786714826026,2643,1.0011314461176015,1.0017020678411348
TOI-2076_b,NIRISS_SOSS,obs10,SOSS_HDU3_ordem_1,jw05959010001_04102_00001-seg006_nis_x1dints.fits,seg006,3,374,60783.24455807466,TDB-MID,2046.6447088350676,0.14454866763754068,2038,0.8515347326686116,2.827786714826026,2644,0.9973594830127173,0.9979279548046944
TOI-2076_b,NIRISS_SOSS,obs10,SOSS_HDU3_ordem_1,jw05959010001_04102_00001-seg006_nis_x1dints.fits,seg006,3,375,60783.24463514766,TDB-MID,2053.5633679019734,0.14456281507779262,2038,0.8515347326686116,2.827786714826026,2645,1.0007310453558649,1.0013014388602433
TOI-2076_b,NIRISS_SOSS,obs10,SOSS_HDU3_ordem_1,jw05959010001_04102_00001-seg006_nis_x1dints.fits,seg006,3,376,60783.24471222066,TDB-MID,2053.4758529923747,0.1445639054469323,2038,0.8515347326686116,2.827786714826026,2646,1.0006883980782908,1.0012587672747093
TOI-2076_b,NIRISS_SOSS,obs10,SOSS_HDU3_ordem_1,jw05959010001_04102_00001-seg006_nis_x1dints.fits,seg006,3,377,60783.24478929366,TDB-MID,2058.7868613033133,0.1445744279589101,2038,0.8515347326686116,2.827786714826026,2647,1.0032765290227617,1.00384837339384
TOI-2076_b,NIRISS_SOSS,obs10,SOSS_HDU3_ordem_1,jw05959010001_04102_00001-seg006_nis_x1dints.fits,seg006,3,378,60783.244866366666,TDB-MID,2049.117948357728,0.14455582979180934,2038,0.8515347326686116,2.827786714826026,2648,0.9985647283007923,0.9991338870546527
TOI-2076_b,NIRISS_SOSS,obs10,SOSS_HDU3_ordem_1,jw05959010001_04102_00001-seg006_nis_x1dints.fits,seg006,3,379,60783.24494343967,TDB-MID,2057.4727408143444,0.1445731386779721,2038,0.8515347326686116,2.827786714826026,2649,1.0026361391564422,1.0032076185201373
TOI-2076_b,NIRISS_SOSS,obs10,SOSS_HDU3_ordem_1,jw05959010001_04102_00001-seg006_nis_x1dints.fits,seg006,3,380,60783.245020512666,TDB-MID,2059.1938781968925,0.1445748452179593,2038,0.8515347326686116,2.827786714826026,2650,1.0034748742249384,1.0040468316481852
TOI-2076_b,NIRISS_SOSS,obs10,SOSS_HDU3_ordem_1,jw05959010001_04102_00001-seg006_nis_x1dints.fits,seg006,3,381,60783.24509758567,TDB-MID,2051.8704082765535,0.14455918819512062,2038,0.8515347326686116,2.827786714826026,2651,0.9999060417147926,1.0004759649862145
TOI-2076_b,NIRISS_SOSS,obs10,SOSS_HDU3_ordem_1,jw05959010001_04102_00001-seg006_nis_x1dints.fits,seg006,3,382,60783.245174658674,TDB-MID,2061.2095258235204,0.14457724313958384,2038,0.8515347326686116,2.827786714826026,2652,1.0044571283827564,1.0050296456681098
TOI-2076_b,NIRISS_SOSS,obs10,SOSS_HDU3_ordem_1,jw05959010001_04102_00001-seg006_nis_x1dints.fits,seg006,3,383,60783.24525173167,TDB-MID,2049.237920366888,0.14455531699439841,2038,0.8515347326686116,2.827786714826026,2653,0.998623192391074,0.999192384468111
TOI-2076_b,NIRISS_SOSS,obs10,SOSS_HDU3_ordem_1,jw05959010001_04102_00001-seg006_nis_x1dints.fits,seg006,3,384,60783.245328804675,TDB-MID,2052.6170075436366,0.14456195342765862,2038,0.8515347326686116,2.827786714826026,2654,1.0002698703049828,1.0008400009502696
TOI-2076_b,NIRISS_SOSS,obs10,SOSS_HDU3_ordem_1,jw05959010001_04102_00001-seg006_nis_x1dints.fits,seg006,3,385,60783.24540587768,TDB-MID,2049.912203103714,0.14455795579956493,2038,0.8515347326686116,2.827786714826026,2655,0.998951780093132,0.9995211594575443
TOI-2076_b,NIRISS_SOSS,obs10,SOSS_HDU3_ordem_1,jw05959010001_04102_00001-seg006_nis_x1dints.fits,seg006,3,386,60783.245482950675,TDB-MID,2043.022693870929,0.14454475306361037,2038,0.8515347326686116,2.827786714826026,2656,0.995594422884546,0.9961618886331546
TOI-2076_b,NIRISS_SOSS,obs10,SOSS_HDU3_ordem_1,jw05959010001_04102_00001-seg006_nis_x1dints.fits,seg006,3,387,60783.24556002367,TDB-MID,2051.3596482661405,0.1445835221756422,2038,0.8515347326686116,2.827786714826026,2657,0.9996571409956154,1.0002269223993958
TOI-2076_b,NIRISS_SOSS,obs10,SOSS_HDU3_ordem_1,jw05959010001_04102_00001-seg006_nis_x1dints.fits,seg006,3,388,60783.245637096676,TDB-MID,2052.5496712566683,0.14456238477904462,2038,0.8515347326686116,2.827786714826026,2658,1.0002370563612295,1.0008071683033288
TOI-2076_b,NIRISS_SOSS,obs10,SOSS_HDU3_ordem_1,jw05959010001_04102_00001-seg006_nis_x1dints.fits,seg006,3,389,60783.24571416968,TDB-MID,2053.1626864767363,0.14455894780096964,2038,0.8515347326686116,2.827786714826026,2659,1.0005357875187804,1.0011060697307168
TOI-2076_b,NIRISS_SOSS,obs10,SOSS_HDU3_ordem_1,jw05959010001_04102_00001-seg006_nis_x1dints.fits,seg006,3,390,60783.245791242676,TDB-MID,2051.9815502050706,0.1445613465363449,2038,0.8515347326686116,2.827786714826026,2660,0.9999602027794309,1.0005301569214047
TOI-2076_b,NIRISS_SOSS,obs10,SOSS_HDU3_ordem_1,jw05959010001_04102_00001-seg006_nis_x1dints.fits,seg006,3,391,60783.24586831568,TDB-MID,2047.8666482240938,0.14454973374060598,2038,0.8515347326686116,2.827786714826026,2661,0.997954951699613,0.9985237628949419
TOI-2076_b,NIRISS_SOSS,obs10,SOSS_HDU3_ordem_1,jw05959010001_04102_00001-seg006_nis_x1dints.fits,seg006,3,392,60783.245945388684,TDB-MID,2046.845914182387,0.14455030418853262,2038,0.8515347326686116,2.827786714826026,2662,0.9974575332802189,0.9980260609585763
TOI-2076_b,NIRISS_SOSS,obs10,SOSS_HDU3_ordem_1,jw05959010001_04102_00001-seg006_nis_x1dints.fits,seg006,3,393,60783.24602246168,TDB-MID,2048.484643034019,0.14455327005183355,2038,0.8515347326686116,2.827786714826026,2663,0.9982561094831163,0.9988250923314027
TOI-2076_b,NIRISS_SOSS,obs10,SOSS_HDU3_ordem_1,jw05959010001_04102_00001-seg006_nis_x1dints.fits,seg006,3,394,60783.246099534685,TDB-MID,2044.8277592038066,0.14454581275503336,2038,0.8515347326686116,2.827786714826026,2664,0.9964740572536338,0.9970420243734476
TOI-2076_b,NIRISS_SOSS,obs10,SOSS_HDU3_ordem_1,jw05959010001_04102_00001-seg006_nis_x1dints.fits,seg006,3,395,60783.24617660769,TDB-MID,2055.418745498691,0.14456716628036867,2038,0.8515347326686116,2.827786714826026,2665,1.0016351976167175,1.0022061064669314
TOI-2076_b,NIRISS_SOSS,obs10,SOSS_HDU3_ordem_1,jw05959010001_04102_00001-seg006_nis_x1dints.fits,seg006,3,396,60783.24625368069,TDB-MID,2061.6107124104583,0.14458026715761346,2038,0.8515347326686116,2.827786714826026,2666,1.0046526323924228,1.0052252611105312
TOI-2076_b,NIRISS_SOSS,obs10,SOSS_HDU3_ordem_1,jw05959010001_04102_00001-seg006_nis_x1dints.fits,seg006,3,397,60783.24633075369,TDB-MID,2055.815818712961,0.1445675657533597,2038,0.8515347326686116,2.827786714826026,2667,1.0018286971205608,1.0023997162610074
TOI-2076_b,NIRISS_SOSS,obs10,SOSS_HDU3_ordem_1,jw05959010001_04102_00001-seg006_nis_x1dints.fits,seg006,3,398,60783.246407826686,TDB-MID,2056.858660873077,0.14457152480495514,2038,0.8515347326686116,2.827786714826026,2668,1.0023368891448956,1.002908197943019
TOI-2076_b,NIRISS_SOSS,obs10,SOSS_HDU3_ordem_1,jw05959010001_04102_00001-seg006_nis_x1dints.fits,seg006,3,399,60783.24648489969,TDB-MID,2052.3265957913018,0.14456304524033964,2038,0.8515347326686116,2.827786714826026,2669,1.000128348469796,1.0006983984509166
TOI-2076_b,NIRISS_SOSS,obs10,SOSS_HDU3_ordem_1,jw05959010001_04102_00001-seg006_nis_x1dints.fits,seg006,3,400,60783.246561972686,TDB-MID,2052.296022415524,0.14456050958489175,2038,0.8515347326686116,2.827786714826026,2670,1.000113449622855,1.000683491111978
TOI-2076_b,NIRISS_SOSS,obs10,SOSS_HDU3_ordem_1,jw05959010001_04102_00001-seg006_nis_x1dints.fits,seg006,3,401,60783.24663904569,TDB-MID,2050.62465115889,0.14455662281417755,2038,0.8515347326686116,2.827786714826026,2671,0.9992989663052363,0.9998685435577437
TOI-2076_b,NIRISS_SOSS,obs10,SOSS_HDU3_ordem_1,jw05959010001_04102_00001-seg006_nis_x1dints.fits,seg006,3,402,60783.246716118694,TDB-MID,2047.9384810411573,0.14455342431864837,2038,0.8515347326686116,2.827786714826026,2672,0.9979899568673299,0.9985587880147934
TOI-2076_b,NIRISS_SOSS,obs10,SOSS_HDU3_ordem_1,jw05959010001_04102_00001-seg006_nis_x1dints.fits,seg006,3,403,60783.24679319169,TDB-MID,2049.5634904736553,0.1445573496421897,2038,0.8515347326686116,2.827786714826026,2673,0.9987818473994241,0.9993511299061391
TOI-2076_b,NIRISS_SOSS,obs10,SOSS_HDU3_ordem_1,jw05959010001_04102_00001-seg006_nis_x1dints.fits,seg006,3,404,60783.246870264695,TDB-MID,2051.577175011471,0.14456144191998926,2038,0.8515347326686116,2.827786714826026,2674,0.9997631449157525,1.0003329867393107
TOI-2076_b,NIRISS_SOSS,obs10,SOSS_HDU3_ordem_1,jw05959010001_04102_00001-seg006_nis_x1dints.fits,seg006,3,405,60783.2469473377,TDB-MID,2051.305631898138,0.1445589358525476,2038,0.8515347326686116,2.827786714826026,2675,0.999630818040472,1.000200584440778
TOI-2076_b,NIRISS_SOSS,obs10,SOSS_HDU3_ordem_1,jw05959010001_04102_00001-seg006_nis_x1dints.fits,seg006,3,406,60783.2470244107,TDB-MID,2043.417941307063,0.14454155757885062,2038,0.8515347326686116,2.827786714826026,2676,0.9957870326603723,0.9963546081920894
TOI-2076_b,NIRISS_SOSS,obs10,SOSS_HDU3_ordem_1,jw05959010001_04102_00001-seg006_nis_x1dints.fits,seg006,3,407,60783.2471014837,TDB-MID,2057.674817307111,0.144568445087396,2038,0.8515347326686116,2.827786714826026,2677,1.0027346139456836,1.0033061494377264
TOI-2076_b,NIRISS_SOSS,obs10,SOSS_HDU3_ordem_1,jw05959010001_04102_00001-seg006_nis_x1dints.fits,seg006,3,408,60783.2471785567,TDB-MID,2057.864465853204,0.14457775326482472,2038,0.8515347326686116,2.827786714826026,2678,1.0028270324172772,1.003398620585707
TOI-2076_b,NIRISS_SOSS,obs10,SOSS_HDU3_ordem_1,jw05959010001_04102_00001-seg006_nis_x1dints.fits,seg006,3,409,60783.24725562971,TDB-MID,2053.6048717642484,0.1445613329063517,2038,0.8515347326686116,2.827786714826026,2679,1.0007512707865138,1.001321675818919
TOI-2076_b,NIRISS_SOSS,obs10,SOSS_HDU3_ordem_1,jw05959010001_04102_00001-seg006_nis_x1dints.fits,seg006,3,410,60783.2473327027,TDB-MID,2055.611104867334,0.1445655928036495,2038,0.8515347326686116,2.827786714826026,2680,1.0017289371112346,1.002299899390788
TOI-2076_b,NIRISS_SOSS,obs10,SOSS_HDU3_ordem_1,jw05959010001_04102_00001-seg006_nis_x1dints.fits,seg006,3,411,60783.2474097757,TDB-MID,2051.065853162012,0.14455712394204528,2038,0.8515347326686116,2.827786714826026,2681,0.9995139704043055,1.0000836702041667
TOI-2076_b,NIRISS_SOSS,obs10,SOSS_HDU3_ordem_1,jw05959010001_04102_00001-seg006_nis_x1dints.fits,seg006,3,412,60783.247486848704,TDB-MID,2048.708697744485,0.14455225150131712,2038,0.8515347326686116,2.827786714826026,2682,0.9983652945748093,0.9989343396560676
TOI-2076_b,NIRISS_SOSS,obs10,SOSS_HDU3_ordem_1,jw05959010001_04102_00001-seg006_nis_x1dints.fits,seg006,3,413,60783.2475639217,TDB-MID,2048.210080036328,0.1445518820779866,2038,0.8515347326686116,2.827786714826026,2683,0.9981223109746358,0.9986912175608731
TOI-2076_b,NIRISS_SOSS,obs10,SOSS_HDU3_ordem_1,jw05959010001_04102_00001-seg006_nis_x1dints.fits,seg006,3,414,60783.247640994705,TDB-MID,2049.20119975124,0.1445707264985802,2038,0.8515347326686116,2.827786714826026,2684,0.9986052979054896,0.9991744797830845
TOI-2076_b,NIRISS_SOSS,obs10,SOSS_HDU3_ordem_1,jw05959010001_04102_00001-seg006_nis_x1dints.fits,seg006,3,415,60783.24771806771,TDB-MID,2055.7043502327465,0.14456579329704913,2038,0.8515347326686116,2.827786714826026,2685,1.0017743769225707,1.0023453651017633
TOI-2076_b,NIRISS_SOSS,obs10,SOSS_HDU3_ordem_1,jw05959010001_04102_00001-seg006_nis_x1dints.fits,seg006,3,416,60783.247795140705,TDB-MID,2057.2145025634572,0.14457248387791888,2038,0.8515347326686116,2.827786714826026,2686,1.0025102959325123,1.003081703568486
TOI-2076_b,NIRISS_SOSS,obs10,SOSS_HDU3_ordem_1,jw05959010001_04102_00001-seg006_nis_x1dints.fits,seg006,3,417,60783.24787221371,TDB-MID,2048.5262224088942,0.144553342732602,2038,0.8515347326686116,2.827786714826026,2687,0.9982763717121443,0.9988453661094318
TOI-2076_b,NIRISS_SOSS,obs10,SOSS_HDU3_ordem_1,jw05959010001_04102_00001-seg006_nis_x1dints.fits,seg006,3,418,60783.24794928671,TDB-MID,2051.9514821654816,0.1445572295385095,2038,0.8515347326686116,2.827786714826026,2688,0.9999455501901025,1.0005154959804399
TOI-2076_b,NIRISS_SOSS,obs10,SOSS_HDU3_ordem_1,jw05959010001_04102_00001-seg006_nis_x1dints.fits,seg006,3,419,60783.24802635971,TDB-MID,2053.9820830876424,0.14456319633940132,2038,0.8515347326686116,2.827786714826026,2689,1.0009350913044879,1.0015056011103283
TOI-2076_b,NIRISS_SOSS,obs10,SOSS_HDU3_ordem_1,jw05959010001_04102_00001-seg006_nis_x1dints.fits,seg006,3,420,60783.248103432714,TDB-MID,2050.798301975777,0.14455715404970038,2038,0.8515347326686116,2.827786714826026,2690,0.9993835888526709,0.9999532143380692
TOI-2076_b,NIRISS_SOSS,obs10,SOSS_HDU3_ordem_1,jw05959010001_04102_00001-seg006_nis_x1dints.fits,seg006,3,421,60783.24818050572,TDB-MID,2044.5775497949467,0.1445430995226272,2038,0.8515347326686116,2.827786714826026,2691,0.9963521266002144,0.9969200242223815
TOI-2076_b,NIRISS_SOSS,obs10,SOSS_HDU3_ordem_1,jw05959010001_04102_00001-seg006_nis_x1dints.fits,seg006,3,422,60783.248257578714,TDB-MID,2049.257786254395,0.14455582918702933,2038,0.8515347326686116,2.827786714826026,2692,0.9986328733245589,0.9992020709195036
TOI-2076_b,NIRISS_SOSS,obs10,SOSS_HDU3_ordem_1,jw05959010001_04102_00001-seg006_nis_x1dints.fits,seg006,3,423,60783.24833465171,TDB-MID,2057.7032042305873,0.14457231489618558,2038,0.8515347326686116,2.827786714826026,2693,1.0027484473028856,1.0033199906796215
TOI-2076_b,NIRISS_SOSS,obs10,SOSS_HDU3_ordem_1,jw05959010001_04102_00001-seg006_nis_x1dints.fits,seg006,3,424,60783.248411724715,TDB-MID,2049.886164727812,0.144558157426084,2038,0.8515347326686116,2.827786714826026,2694,0.9989390912170333,0.9995084633490803
TOI-2076_b,NIRISS_SOSS,obs10,SOSS_HDU3_ordem_1,jw05959010001_04102_00001-seg006_nis_x1dints.fits,seg006,3,425,60783.24848879772,TDB-MID,2046.700754328238,0.14455203384325802,2038,0.8515347326686116,2.827786714826026,2695,0.9973867947898187,0.997955282148876
TOI-2076_b,NIRISS_SOSS,obs10,SOSS_HDU3_ordem_1,jw05959010001_04102_00001-seg006_nis_x1dints.fits,seg006,3,426,60783.248565870716,TDB-MID,2046.9628314551035,0.14455000319405184,2038,0.8515347326686116,2.827786714826026,2696,0.9975145087533765,0.9980830689064333
TOI-2076_b,NIRISS_SOSS,obs10,SOSS_HDU3_ordem_1,jw05959010001_04102_00001-seg006_nis_x1dints.fits,seg006,3,427,60783.24864294372,TDB-MID,2048.4185804789486,0.14455403071975623,2038,0.8515347326686116,2.827786714826026,2697,0.9982239162472863,0.9987928807461744
TOI-2076_b,NIRISS_SOSS,obs10,SOSS_HDU3_ordem_1,jw05959010001_04102_00001-seg006_nis_x1dints.fits,seg006,3,428,60783.24872001672,TDB-MID,2053.075990411203,0.14456565027880608,2038,0.8515347326686116,2.827786714826026,2698,1.0004935392757286,1.0010637974071455
TOI-2076_b,NIRISS_SOSS,obs10,SOSS_HDU3_ordem_1,jw05959010001_04102_00001-seg006_nis_x1dints.fits,seg006,3,429,60783.24879708972,TDB-MID,2051.7557051414105,0.14456019031239942,2038,0.8515347326686116,2.827786714826026,2699,0.9998501452228062,1.0004200366345233
TOI-2076_b,NIRISS_SOSS,obs10,SOSS_HDU3_ordem_1,jw05959010001_04102_00001-seg006_nis_x1dints.fits,seg006,3,430,60783.248874162724,TDB-MID,2050.697453541312,0.14455689056175938,2038,0.8515347326686116,2.827786714826026,2700,0.9993344439561352,0.9999040414300814
TOI-2076_b,NIRISS_SOSS,obs10,SOSS_HDU3_ordem_1,jw05959010001_04102_00001-seg006_nis_x1dints.fits,seg006,3,431,60783.24895123573,TDB-MID,2056.8696048495212,0.14456961925951542,2038,0.8515347326686116,2.827786714826026,2701,1.0023422223024492,1.0029135341403488
TOI-2076_b,NIRISS_SOSS,obs10,SOSS_HDU3_ordem_1,jw05959010001_04102_00001-seg006_nis_x1dints.fits,seg006,3,432,60783.249028308725,TDB-MID,2055.886014905872,0.14457082456927697,2038,0.8515347326686116,2.827786714826026,2702,1.0018629047377248,1.0024339433757206
TOI-2076_b,NIRISS_SOSS,obs10,SOSS_HDU3_ordem_1,jw05959010001_04102_00001-seg006_nis_x1dints.fits,seg006,3,433,60783.24910538173,TDB-MID,2054.400131140983,0.1445661558472971,2038,0.8515347326686116,2.827786714826026,2703,1.0011388121499059,1.001709438071907
TOI-2076_b,NIRISS_SOSS,obs10,SOSS_HDU3_ordem_1,jw05959010001_04102_00001-seg006_nis_x1dints.fits,seg006,3,434,60783.249182454725,TDB-MID,2055.0040288792607,0.14456646862203731,2038,0.8515347326686116,2.827786714826026,2704,1.0014331002270895,1.0020038938864746
TOI-2076_b,NIRISS_SOSS,obs10,SOSS_HDU3_ordem_1,jw05959010001_04102_00001-seg006_nis_x1dints.fits,seg006,3,435,60783.24925952772,TDB-MID,2047.5594561836178,0.1445497532020246,2038,0.8515347326686116,2.827786714826026,2705,0.9978052525880123,0.998373978458317
TOI-2076_b,NIRISS_SOSS,obs10,SOSS_HDU3_ordem_1,jw05959010001_04102_00001-seg006_nis_x1dints.fits,seg006,3,436,60783.249336600726,TDB-MID,2060.812751611371,0.1445788416192748,2038,0.8515347326686116,2.827786714826026,2706,1.0042637745869587,1.0048361816651297
TOI-2076_b,NIRISS_SOSS,obs10,SOSS_HDU3_ordem_1,jw05959010001_04102_00001-seg006_nis_x1dints.fits,seg006,3,437,60783.24941367373,TDB-MID,2055.9874953007707,0.14457036955625502,2038,0.8515347326686116,2.827786714826026,2707,1.0019123575976938,1.0024834244226737
TOI-2076_b,NIRISS_SOSS,obs10,SOSS_HDU3_ordem_1,jw05959010001_04102_00001-seg006_nis_x1dints.fits,seg006,3,438,60783.249490746726,TDB-MID,2052.1923681750995,0.14456123504824764,2038,0.8515347326686116,2.827786714826026,2708,1.0000629374166106,1.0006329501149467
TOI-2076_b,NIRISS_SOSS,obs10,SOSS_HDU3_ordem_1,jw05959010001_04102_00001-seg006_nis_x1dints.fits,seg006,3,439,60783.24956781973,TDB-MID,2044.2361168584332,0.14454903027998475,2038,0.8515347326686116,2.827786714826026,2709,0.9961857414061578,0.9967535441926201
TOI-2076_b,NIRISS_SOSS,obs10,SOSS_HDU3_ordem_1,jw05959010001_04102_00001-seg006_nis_x1dints.fits,seg006,3,440,60783.249644892734,TDB-MID,2057.421725934802,0.14457035876531388,2038,0.8515347326686116,2.827786714826026,2710,1.0026112788699124,1.0031827440638204
TOI-2076_b,NIRISS_SOSS,obs10,SOSS_HDU3_ordem_1,jw05959010001_04102_00001-seg006_nis_x1dints.fits,seg006,3,441,60783.24972196573,TDB-MID,2055.7542062591083,0.14456642648166912,2038,0.8515347326686116,2.827786714826026,2711,1.0017986724832328,1.002369674510332
TOI-2076_b,NIRISS_SOSS,obs10,SOSS_HDU3_ordem_1,jw05959010001_04102_00001-seg006_nis_x1dints.fits,seg006,3,442,60783.249799038735,TDB-MID,2053.3558648547273,0.14456107785846978,2038,0.8515347326686116,2.827786714826026,2712,1.0006299261283644,1.0012002619971268
TOI-2076_b,NIRISS_SOSS,obs10,SOSS_HDU3_ordem_1,jw05959010001_04102_00001-seg006_nis_x1dints.fits,seg006,3,443,60783.24987611174,TDB-MID,2054.3512626824395,0.14456630577619342,2038,0.8515347326686116,2.827786714826026,2713,1.001114997845284,1.0016856101936835
TOI-2076_b,NIRISS_SOSS,obs10,SOSS_HDU3_ordem_1,jw05959010001_04102_00001-seg006_nis_x1dints.fits,seg006,3,444,60783.249953184735,TDB-MID,2043.8879656340769,0.1445462722492859,2038,0.8515347326686116,2.827786714826026,2714,0.9960160822935451,0.996583788378245
TOI-2076_b,NIRISS_SOSS,obs10,SOSS_HDU3_ordem_1,jw05959010001_04102_00001-seg006_nis_x1dints.fits,seg006,3,445,60783.25003025774,TDB-MID,2057.1066392246453,0.14456990484566756,2038,0.8515347326686116,2.827786714826026,2715,1.0024577325719206,1.003029110247997
TOI-2076_b,NIRISS_SOSS,obs10,SOSS_HDU3_ordem_1,jw05959010001_04102_00001-seg006_nis_x1dints.fits,seg006,3,446,60783.25010733074,TDB-MID,2046.5762493436212,0.14454897305738404,2038,0.8515347326686116,2.827786714826026,2716,0.9973261217152231,0.9978945744920339
TOI-2076_b,NIRISS_SOSS,obs10,SOSS_HDU3_ordem_1,jw05959010001_04102_00001-seg006_nis_x1dints.fits,seg006,3,447,60783.25018440373,TDB-MID,2047.0211406128954,0.1445489011708618,2038,0.8515347326686116,2.827786714826026,2717,0.9975429236468943,0.9981114999957819
TOI-2076_b,NIRISS_SOSS,obs10,SOSS_HDU3_ordem_1,jw05959010001_04102_00001-seg006_nis_x1dints.fits,seg006,3,448,60783.250261476736,TDB-MID,2055.371775185128,0.14457463458929143,2038,0.8515347326686116,2.827786714826026,2718,1.0016123083055197,1.0021832041093566
TOI-2076_b,NIRISS_SOSS,obs10,SOSS_HDU3_ordem_1,jw05959010001_04102_00001-seg006_nis_x1dints.fits,seg006,3,449,60783.25033854973,TDB-MID,2050.210686550094,0.14455718539041423,2038,0.8515347326686116,2.827786714826026,2719,0.9990972353812356,0.9996666976517913
TOI-2076_b,NIRISS_SOSS,obs10,SOSS_HDU3_ordem_1,jw05959010001_04102_00001-seg007_nis_x1dints.fits,seg007,3,0,60783.25041562274,TDB-MID,2053.190499257437,0.14461402890666109,2038,0.8515347326686116,2.827786714826026,2720,1.0005493410879276,1.000322448927334
TOI-2076_b,NIRISS_SOSS,obs10,SOSS_HDU3_ordem_1,jw05959010001_04102_00001-seg007_nis_x1dints.fits,seg007,3,1,60783.25049269574,TDB-MID,2051.5642190576377,0.1446060235277582,2038,0.8515347326686116,2.827786714826026,2721,0.9997568312926007,0.9995301188475418
TOI-2076_b,NIRISS_SOSS,obs10,SOSS_HDU3_ordem_1,jw05959010001_04102_00001-seg007_nis_x1dints.fits,seg007,3,2,60783.25056976874,TDB-MID,2050.7605971244016,0.1446047034078868,2038,0.8515347326686116,2.827786714826026,2722,0.999365214734822,0.9991385910957052
TOI-2076_b,NIRISS_SOSS,obs10,SOSS_HDU3_ordem_1,jw05959010001_04102_00001-seg007_nis_x1dints.fits,seg007,3,3,60783.25064684174,TDB-MID,2051.4260815125394,0.1446072405045319,2038,0.8515347326686116,2.827786714826026,2723,0.9996895148746757,0.9994628176947986
TOI-2076_b,NIRISS_SOSS,obs10,SOSS_HDU3_ordem_1,jw05959010001_04102_00001-seg007_nis_x1dints.fits,seg007,3,4,60783.250723914745,TDB-MID,2048.412268546953,0.1445999452352311,2038,0.8515347326686116,2.827786714826026,2724,0.9982208403517951,0.9979944762196968
TOI-2076_b,NIRISS_SOSS,obs10,SOSS_HDU3_ordem_1,jw05959010001_04102_00001-seg007_nis_x1dints.fits,seg007,3,5,60783.25080098774,TDB-MID,2049.4469202647197,0.14460307354219157,2038,0.8515347326686116,2.827786714826026,2725,0.998725041055452,0.9984985625869763
TOI-2076_b,NIRISS_SOSS,obs10,SOSS_HDU3_ordem_1,jw05959010001_04102_00001-seg007_nis_x1dints.fits,seg007,3,6,60783.250878060746,TDB-MID,2055.3942977553406,0.1446136281077121,2038,0.8515347326686116,2.827786714826026,2726,1.0016232838788013,1.0013961481827918
TOI-2076_b,NIRISS_SOSS,obs10,SOSS_HDU3_ordem_1,jw05959010001_04102_00001-seg007_nis_x1dints.fits,seg007,3,7,60783.25095513375,TDB-MID,2051.9160660614807,0.14460807845458934,2038,0.8515347326686116,2.827786714826026,2727,0.9999282914118571,0.9997015400852006
TOI-2076_b,NIRISS_SOSS,obs10,SOSS_HDU3_ordem_1,jw05959010001_04102_00001-seg007_nis_x1dints.fits,seg007,3,8,60783.25103220674,TDB-MID,2060.1412652079753,0.14462600108362136,2038,0.8515347326686116,2.827786714826026,2728,1.0039365495785098,1.0037088893088173
TOI-2076_b,NIRISS_SOSS,obs10,SOSS_HDU3_ordem_1,jw05959010001_04102_00001-seg007_nis_x1dints.fits,seg007,3,9,60783.25110927974,TDB-MID,2061.499291736201,0.144630382992559,2038,0.8515347326686116,2.827786714826026,2729,1.0045983354909653,1.004370525149678
TOI-2076_b,NIRISS_SOSS,obs10,SOSS_HDU3_ordem_1,jw05959010001_04102_00001-seg007_nis_x1dints.fits,seg007,3,10,60783.25118635275,TDB-MID,2059.0171959002955,0.1446227962387602,2038,0.8515347326686116,2.827786714826026,2730,1.0033887743937215,1.0031612383416864
TOI-2076_b,NIRISS_SOSS,obs10,SOSS_HDU3_ordem_1,jw05959010001_04102_00001-seg007_nis_x1dints.fits,seg007,3,11,60783.251263425744,TDB-MID,2048.1205012720966,0.14459753308630738,2038,0.8515347326686116,2.827786714826026,2731,0.9980786579509346,0.9978523260611964
TOI-2076_b,NIRISS_SOSS,obs10,SOSS_HDU3_ordem_1,jw05959010001_04102_00001-seg007_nis_x1dints.fits,seg007,3,12,60783.25134049875,TDB-MID,2059.976401955898,0.1446271742685068,2038,0.8515347326686116,2.827786714826026,2732,1.0038562093381398,1.00362856728701
TOI-2076_b,NIRISS_SOSS,obs10,SOSS_HDU3_ordem_1,jw05959010001_04102_00001-seg007_nis_x1dints.fits,seg007,3,13,60783.25141757175,TDB-MID,2057.4552056412394,0.1446224461814713,2038,0.8515347326686116,2.827786714826026,2733,1.0026275940136986,1.0024002305727022
TOI-2076_b,NIRISS_SOSS,obs10,SOSS_HDU3_ordem_1,jw05959010001_04102_00001-seg007_nis_x1dints.fits,seg007,3,14,60783.25149464475,TDB-MID,2051.925283278474,0.14460782529552046,2038,0.8515347326686116,2.827786714826026,2734,0.9999327830946274,0.9997060307494028
TOI-2076_b,NIRISS_SOSS,obs10,SOSS_HDU3_ordem_1,jw05959010001_04102_00001-seg007_nis_x1dints.fits,seg007,3,15,60783.25157171775,TDB-MID,2050.4811778247736,0.1446056362285422,2038,0.8515347326686116,2.827786714826026,2735,0.9992290496803709,0.9990024569190751
TOI-2076_b,NIRISS_SOSS,obs10,SOSS_HDU3_ordem_1,jw05959010001_04102_00001-seg007_nis_x1dints.fits,seg007,3,16,60783.25164879075,TDB-MID,2054.697350913837,0.14462027364089602,2038,0.8515347326686116,2.827786714826026,2736,1.0012836516316757,1.0010565929532516
TOI-2076_b,NIRISS_SOSS,obs10,SOSS_HDU3_ordem_1,jw05959010001_04102_00001-seg007_nis_x1dints.fits,seg007,3,17,60783.25172586375,TDB-MID,2051.7082776439256,0.14460737256346168,2038,0.8515347326686116,2.827786714826026,2737,0.9998270331192898,0.9996003047547319
TOI-2076_b,NIRISS_SOSS,obs10,SOSS_HDU3_ordem_1,jw05959010001_04102_00001-seg007_nis_x1dints.fits,seg007,3,18,60783.25180293676,TDB-MID,2051.9874751478856,0.14460923938378983,2038,0.8515347326686116,2.827786714826026,2738,0.9999630900895132,0.9997363308716445
TOI-2076_b,NIRISS_SOSS,obs10,SOSS_HDU3_ordem_1,jw05959010001_04102_00001-seg007_nis_x1dints.fits,seg007,3,19,60783.25188000975,TDB-MID,2053.8162846937694,0.14461305934209065,2038,0.8515347326686116,2.827786714826026,2739,1.0008542953560344,1.0006273340416971
TOI-2076_b,NIRISS_SOSS,obs10,SOSS_HDU3_ordem_1,jw05959010001_04102_00001-seg007_nis_x1dints.fits,seg007,3,20,60783.25195708276,TDB-MID,2046.5066693301985,0.14459396512105202,2038,0.8515347326686116,2.827786714826026,2740,0.99729221437121,0.9970660608213853
TOI-2076_b,NIRISS_SOSS,obs10,SOSS_HDU3_ordem_1,jw05959010001_04102_00001-seg007_nis_x1dints.fits,seg007,3,21,60783.252034155754,TDB-MID,2055.898105754791,0.14461496540690655,2038,0.8515347326686116,2.827786714826026,2741,1.0018687967827755,1.0016416054123967
TOI-2076_b,NIRISS_SOSS,obs10,SOSS_HDU3_ordem_1,jw05959010001_04102_00001-seg007_nis_x1dints.fits,seg007,3,22,60783.25211122875,TDB-MID,2051.1660504662736,0.1446054614223873,2038,0.8515347326686116,2.827786714826026,2742,0.9995627979957025,0.9993361295511062
TOI-2076_b,NIRISS_SOSS,obs10,SOSS_HDU3_ordem_1,jw05959010001_04102_00001-seg007_nis_x1dints.fits,seg007,3,23,60783.252188301754,TDB-MID,2048.6493205492834,0.14460024275319597,2038,0.8515347326686116,2.827786714826026,2743,0.9983363592112586,0.9981099688832272
TOI-2076_b,NIRISS_SOSS,obs10,SOSS_HDU3_ordem_1,jw05959010001_04102_00001-seg007_nis_x1dints.fits,seg007,3,24,60783.25226537476,TDB-MID,2058.4809200734735,0.14462034416725453,2038,0.8515347326686116,2.827786714826026,2744,1.0031274394492231,1.002899962659483
TOI-2076_b,NIRISS_SOSS,obs10,SOSS_HDU3_ordem_1,jw05959010001_04102_00001-seg007_nis_x1dints.fits,seg007,3,25,60783.252342447755,TDB-MID,2054.464954932636,0.1446137289533919,2038,0.8515347326686116,2.827786714826026,2745,1.001170401718457,1.0009433687214424
TOI-2076_b,NIRISS_SOSS,obs10,SOSS_HDU3_ordem_1,jw05959010001_04102_00001-seg007_nis_x1dints.fits,seg007,3,26,60783.25241952076,TDB-MID,2055.4685554547104,0.14461477490323463,2038,0.8515347326686116,2.827786714826026,2746,1.0016594707266375,1.0014323268246237
TOI-2076_b,NIRISS_SOSS,obs10,SOSS_HDU3_ordem_1,jw05959010001_04102_00001-seg007_nis_x1dints.fits,seg007,3,27,60783.252496593755,TDB-MID,2056.956717638431,0.14461831353189808,2038,0.8515347326686116,2.827786714826026,2747,1.0023846736208122,1.0021573652662874
TOI-2076_b,NIRISS_SOSS,obs10,SOSS_HDU3_ordem_1,jw05959010001_04102_00001-seg007_nis_x1dints.fits,seg007,3,28,60783.25257366676,TDB-MID,2053.1711451798847,0.14461382832459727,2038,0.8515347326686116,2.827786714826026,2748,1.0005399095668148,1.0003130195449845
TOI-2076_b,NIRISS_SOSS,obs10,SOSS_HDU3_ordem_1,jw05959010001_04102_00001-seg007_nis_x1dints.fits,seg007,3,29,60783.25265073976,TDB-MID,2054.746492977045,0.14461320438774408,2038,0.8515347326686116,2.827786714826026,2749,1.0013075992677962,1.0010805351588243
TOI-2076_b,NIRISS_SOSS,obs10,SOSS_HDU3_ordem_1,jw05959010001_04102_00001-seg007_nis_x1dints.fits,seg007,3,30,60783.25272781276,TDB-MID,2044.4756705067691,0.14459082135294354,2038,0.8515347326686116,2.827786714826026,2750,0.996302479353798,0.9960765502437958
TOI-2076_b,NIRISS_SOSS,obs10,SOSS_HDU3_ordem_1,jw05959010001_04102_00001-seg007_nis_x1dints.fits,seg007,3,31,60783.252804885764,TDB-MID,2055.435129094444,0.1446135828153979,2038,0.8515347326686116,2.827786714826026,2751,1.0016431815792097,1.0014160413710467
TOI-2076_b,NIRISS_SOSS,obs10,SOSS_HDU3_ordem_1,jw05959010001_04102_00001-seg007_nis_x1dints.fits,seg007,3,32,60783.25288195877,TDB-MID,2054.388789999826,0.14461450541613602,2038,0.8515347326686116,2.827786714826026,2752,1.0011332854482597,1.0009062608680122
TOI-2076_b,NIRISS_SOSS,obs10,SOSS_HDU3_ordem_1,jw05959010001_04102_00001-seg007_nis_x1dints.fits,seg007,3,33,60783.25295903176,TDB-MID,2049.878055131444,0.14460343099486822,2038,0.8515347326686116,2.827786714826026,2753,0.9989351392937679,0.9987086131818216
TOI-2076_b,NIRISS_SOSS,obs10,SOSS_HDU3_ordem_1,jw05959010001_04102_00001-seg007_nis_x1dints.fits,seg007,3,34,60783.25303610476,TDB-MID,2050.741871462016,0.1446051304599827,2038,0.8515347326686116,2.827786714826026,2754,0.999356089449483,0.9991294678796852
TOI-2076_b,NIRISS_SOSS,obs10,SOSS_HDU3_ordem_1,jw05959010001_04102_00001-seg007_nis_x1dints.fits,seg007,3,35,60783.25311317776,TDB-MID,2046.8513722649416,0.14459783272766544,2038,0.8515347326686116,2.827786714826026,2755,0.9974601930825633,0.9972340014406115
TOI-2076_b,NIRISS_SOSS,obs10,SOSS_HDU3_ordem_1,jw05959010001_04102_00001-seg007_nis_x1dints.fits,seg007,3,36,60783.25319025076,TDB-MID,2053.918415554662,0.14461428140414148,2038,0.8515347326686116,2.827786714826026,2756,1.0009040651974628,1.0006770925969386
TOI-2076_b,NIRISS_SOSS,obs10,SOSS_HDU3_ordem_1,jw05959010001_04102_00001-seg007_nis_x1dints.fits,seg007,3,37,60783.253267323766,TDB-MID,2060.5791801047917,0.14462825055414427,2038,0.8515347326686116,2.827786714826026,2757,1.0041499518232702,1.0039222431608654
TOI-2076_b,NIRISS_SOSS,obs10,SOSS_HDU3_ordem_1,jw05959010001_04102_00001-seg007_nis_x1dints.fits,seg007,3,38,60783.25334439676,TDB-MID,2056.058514148402,0.14461865418231776,2038,0.8515347326686116,2.827786714826026,2758,1.0019469661063676,1.0017197570097198
TOI-2076_b,NIRISS_SOSS,obs10,SOSS_HDU3_ordem_1,jw05959010001_04102_00001-seg007_nis_x1dints.fits,seg007,3,39,60783.253421469766,TDB-MID,2053.6675649991334,0.14462166053475625,2038,0.8515347326686116,2.827786714826026,2759,1.0007818221040254,1.0005548772242727
TOI-2076_b,NIRISS_SOSS,obs10,SOSS_HDU3_ordem_1,jw05959010001_04102_00001-seg007_nis_x1dints.fits,seg007,3,40,60783.25349854277,TDB-MID,2056.973228810907,0.1446152151035035,2038,0.8515347326686116,2.827786714826026,2760,1.0023927197532814,1.0021654095741546
TOI-2076_b,NIRISS_SOSS,obs10,SOSS_HDU3_ordem_1,jw05959010001_04102_00001-seg007_nis_x1dints.fits,seg007,3,41,60783.25357561577,TDB-MID,2050.045663488117,0.14460716736096096,2038,0.8515347326686116,2.827786714826026,2761,0.9990168172631968,0.9987902726293344
TOI-2076_b,NIRISS_SOSS,obs10,SOSS_HDU3_ordem_1,jw05959010001_04102_00001-seg007_nis_x1dints.fits,seg007,3,42,60783.25365268877,TDB-MID,2040.6597179994535,0.1445867202486425,2038,0.8515347326686116,2.827786714826026,2762,0.9944429106638989,0.9942174032438029
TOI-2076_b,NIRISS_SOSS,obs10,SOSS_HDU3_ordem_1,jw05959010001_04102_00001-seg007_nis_x1dints.fits,seg007,3,43,60783.25372976177,TDB-MID,2049.9354373526676,0.14460525176701441,2038,0.8515347326686116,2.827786714826026,2763,0.9989631024777278,0.9987365700246377
TOI-2076_b,NIRISS_SOSS,obs10,SOSS_HDU3_ordem_1,jw05959010001_04102_00001-seg007_nis_x1dints.fits,seg007,3,44,60783.25380683477,TDB-MID,2056.80420746791,0.1446447032497788,2038,0.8515347326686116,2.827786714826026,2764,1.002310353215239,1.0020830617141732
TOI-2076_b,NIRISS_SOSS,obs10,SOSS_HDU3_ordem_1,jw05959010001_04102_00001-seg007_nis_x1dints.fits,seg007,3,45,60783.25388390777,TDB-MID,2057.100128441226,0.1446209694508705,2038,0.8515347326686116,2.827786714826026,2765,1.0024545597732628,1.0022272355708237
TOI-2076_b,NIRISS_SOSS,obs10,SOSS_HDU3_ordem_1,jw05959010001_04102_00001-seg007_nis_x1dints.fits,seg007,3,46,60783.253960980765,TDB-MID,2051.5557685918257,0.14460721815334227,2038,0.8515347326686116,2.827786714826026,2766,0.9997527132587392,0.9995260017475169
TOI-2076_b,NIRISS_SOSS,obs10,SOSS_HDU3_ordem_1,jw05959010001_04102_00001-seg007_nis_x1dints.fits,seg007,3,47,60783.25403805377,TDB-MID,2051.265163889541,0.14460900429102988,2038,0.8515347326686116,2.827786714826026,2767,0.9996110973962592,0.9993844179989244
TOI-2076_b,NIRISS_SOSS,obs10,SOSS_HDU3_ordem_1,jw05959010001_04102_00001-seg007_nis_x1dints.fits,seg007,3,48,60783.25411512677,TDB-MID,2050.796573078198,0.1446067875749068,2038,0.8515347326686116,2.827786714826026,2768,0.9993827463359467,0.9991561187212311
TOI-2076_b,NIRISS_SOSS,obs10,SOSS_HDU3_ordem_1,jw05959010001_04102_00001-seg007_nis_x1dints.fits,seg007,3,49,60783.25419219977,TDB-MID,2049.92110196757,0.14460603398046892,2038,0.8515347326686116,2.827786714826026,2769,0.998956116637827,0.9987295857688989
TOI-2076_b,NIRISS_SOSS,obs10,SOSS_HDU3_ordem_1,jw05959010001_04102_00001-seg007_nis_x1dints.fits,seg007,3,50,60783.25426927277,TDB-MID,2052.009153289405,0.14460854330779713,2038,0.8515347326686116,2.827786714826026,2770,0.9999736541605144,0.9997468925470567
TOI-2076_b,NIRISS_SOSS,obs10,SOSS_HDU3_ordem_1,jw05959010001_04102_00001-seg007_nis_x1dints.fits,seg007,3,51,60783.25434634577,TDB-MID,2049.2813944465015,0.1446022279949033,2038,0.8515347326686116,2.827786714826026,2771,0.9986443779370462,0.9984179177603514
TOI-2076_b,NIRISS_SOSS,obs10,SOSS_HDU3_ordem_1,jw05959010001_04102_00001-seg007_nis_x1dints.fits,seg007,3,52,60783.25442341877,TDB-MID,2051.9758188672095,0.14460865995196362,2038,0.8515347326686116,2.827786714826026,2772,0.9999574098158346,0.9997306518860679
TOI-2076_b,NIRISS_SOSS,obs10,SOSS_HDU3_ordem_1,jw05959010001_04102_00001-seg007_nis_x1dints.fits,seg007,3,53,60783.25450049178,TDB-MID,2054.6609097441296,0.14461396278523284,2038,0.8515347326686116,2.827786714826026,2773,1.0012658933241283,1.0010388386727127
TOI-2076_b,NIRISS_SOSS,obs10,SOSS_HDU3_ordem_1,jw05959010001_04102_00001-seg007_nis_x1dints.fits,seg007,3,54,60783.254577564774,TDB-MID,2052.1835612434197,0.1446092169313408,2038,0.8515347326686116,2.827786714826026,2774,1.0000586456717908,0.9998318647850131
TOI-2076_b,NIRISS_SOSS,obs10,SOSS_HDU3_ordem_1,jw05959010001_04102_00001-seg007_nis_x1dints.fits,seg007,3,55,60783.25465463778,TDB-MID,2060.0574692100477,0.14464897686048567,2038,0.8515347326686116,2.827786714826026,2775,1.0038957145802265,1.0036680635705881
TOI-2076_b,NIRISS_SOSS,obs10,SOSS_HDU3_ordem_1,jw05959010001_04102_00001-seg007_nis_x1dints.fits,seg007,3,56,60783.254731710775,TDB-MID,2051.5888819841143,0.14460874252933809,2038,0.8515347326686116,2.827786714826026,2776,0.9997688498923577,0.99954213472187
TOI-2076_b,NIRISS_SOSS,obs10,SOSS_HDU3_ordem_1,jw05959010001_04102_00001-seg007_nis_x1dints.fits,seg007,3,57,60783.25480878377,TDB-MID,2056.6398708646766,0.14462178481127252,2038,0.8515347326686116,2.827786714826026,2777,1.002230269618446,1.0020029962777441
TOI-2076_b,NIRISS_SOSS,obs10,SOSS_HDU3_ordem_1,jw05959010001_04102_00001-seg007_nis_x1dints.fits,seg007,3,58,60783.254885856775,TDB-MID,2045.605359236598,0.14459314610262305,2038,0.8515347326686116,2.827786714826026,2778,0.9968529929640418,0.9966269390153962
TOI-2076_b,NIRISS_SOSS,obs10,SOSS_HDU3_ordem_1,jw05959010001_04102_00001-seg007_nis_x1dints.fits,seg007,3,59,60783.25496292977,TDB-MID,2045.9906338711662,0.14459428605050714,2038,0.8515347326686116,2.827786714826026,2779,0.9970407428498389,0.9968146463256046
TOI-2076_b,NIRISS_SOSS,obs10,SOSS_HDU3_ordem_1,jw05959010001_04102_00001-seg007_nis_x1dints.fits,seg007,3,60,60783.255040002776,TDB-MID,2058.8719663773454,0.14462102918297984,2038,0.8515347326686116,2.827786714826026,2780,1.00331800195271,1.0030904819495705
TOI-2076_b,NIRISS_SOSS,obs10,SOSS_HDU3_ordem_1,jw05959010001_04102_00001-seg007_nis_x1dints.fits,seg007,3,61,60783.25511707577,TDB-MID,2057.0143941387882,0.1446320635039958,2038,0.8515347326686116,2.827786714826026,2781,1.002412780211238,1.0021854654830493
TOI-2076_b,NIRISS_SOSS,obs10,SOSS_HDU3_ordem_1,jw05959010001_04102_00001-seg007_nis_x1dints.fits,seg007,3,62,60783.255194148776,TDB-MID,2054.1070731401833,0.1446102551581991,2038,0.8515347326686116,2.827786714826026,2782,1.0009960007596783,1.0007690073111486
TOI-2076_b,NIRISS_SOSS,obs10,SOSS_HDU3_ordem_1,jw05959010001_04102_00001-seg007_nis_x1dints.fits,seg007,3,63,60783.25527122178,TDB-MID,2044.8332061652925,0.14459140868448656,2038,0.8515347326686116,2.827786714826026,2783,0.9964767116365211,0.9962507430162844
TOI-2076_b,NIRISS_SOSS,obs10,SOSS_HDU3_ordem_1,jw05959010001_04102_00001-seg007_nis_x1dints.fits,seg007,3,64,60783.25534829478,TDB-MID,2053.4519367580815,0.14461041516967924,2038,0.8515347326686116,2.827786714826026,2784,1.0006767433524033,1.0004498223011056
TOI-2076_b,NIRISS_SOSS,obs10,SOSS_HDU3_ordem_1,jw05959010001_04102_00001-seg007_nis_x1dints.fits,seg007,3,65,60783.25542536778,TDB-MID,2053.4614450952413,0.14460949430862405,2038,0.8515347326686116,2.827786714826026,2785,1.0006813769022291,1.0004544548001923
TOI-2076_b,NIRISS_SOSS,obs10,SOSS_HDU3_ordem_1,jw05959010001_04102_00001-seg007_nis_x1dints.fits,seg007,3,66,60783.25550244078,TDB-MID,2057.392493132954,0.14462317954920662,2038,0.8515347326686116,2.827786714826026,2786,1.0025970333039809,1.002369676793163
TOI-2076_b,NIRISS_SOSS,obs10,SOSS_HDU3_ordem_1,jw05959010001_04102_00001-seg007_nis_x1dints.fits,seg007,3,67,60783.25557951378,TDB-MID,2056.1576061074175,0.14461438186204895,2038,0.8515347326686116,2.827786714826026,2787,1.0019952550470848,1.0017680350000706
TOI-2076_b,NIRISS_SOSS,obs10,SOSS_HDU3_ordem_1,jw05959010001_04102_00001-seg007_nis_x1dints.fits,seg007,3,68,60783.255656586785,TDB-MID,2049.8423545754713,0.14460211942936402,2038,0.8515347326686116,2.827786714826026,2788,0.9989177418979744,0.9986912197311936
TOI-2076_b,NIRISS_SOSS,obs10,SOSS_HDU3_ordem_1,jw05959010001_04102_00001-seg007_nis_x1dints.fits,seg007,3,69,60783.25573365978,TDB-MID,2058.051332222613,0.14462230740123028,2038,0.8515347326686116,2.827786714826026,2789,1.0029180950940484,1.0026906657768226
TOI-2076_b,NIRISS_SOSS,obs10,SOSS_HDU3_ordem_1,jw05959010001_04102_00001-seg007_nis_x1dints.fits,seg007,3,70,60783.25581073278,TDB-MID,2052.9475588137457,0.1446091726137505,2038,0.8515347326686116,2.827786714826026,2790,1.0004309527060669,1.0002040873921212
TOI-2076_b,NIRISS_SOSS,obs10,SOSS_HDU3_ordem_1,jw05959010001_04102_00001-seg007_nis_x1dints.fits,seg007,3,71,60783.255887805775,TDB-MID,2053.6489213894174,0.1446132338160584,2038,0.8515347326686116,2.827786714826026,2791,1.0007727368041357,1.0005457939846343
TOI-2076_b,NIRISS_SOSS,obs10,SOSS_HDU3_ordem_1,jw05959010001_04102_00001-seg007_nis_x1dints.fits,seg007,3,72,60783.25596487878,TDB-MID,2053.52192823016,0.14461418919074445,2038,0.8515347326686116,2.827786714826026,2792,1.0007108512061536,1.0004839224203002
TOI-2076_b,NIRISS_SOSS,obs10,SOSS_HDU3_ordem_1,jw05959010001_04102_00001-seg007_nis_x1dints.fits,seg007,3,73,60783.25604195178,TDB-MID,2059.5488523800404,0.14462440979044475,2038,0.8515347326686116,2.827786714826026,2793,1.0036478582637698,1.0034202634599105
TOI-2076_b,NIRISS_SOSS,obs10,SOSS_HDU3_ordem_1,jw05959010001_04102_00001-seg007_nis_x1dints.fits,seg007,3,74,60783.25611902478,TDB-MID,2043.3787770704894,0.14459350607407498,2038,0.8515347326686116,2.827786714826026,2794,0.9957679473630693,0.9955421394675973
TOI-2076_b,NIRISS_SOSS,obs10,SOSS_HDU3_ordem_1,jw05959010001_04102_00001-seg007_nis_x1dints.fits,seg007,3,75,60783.256196097784,TDB-MID,2053.1559245266453,0.14461293968854916,2038,0.8515347326686116,2.827786714826026,2795,1.0005324923229812,1.0003056039831415
TOI-2076_b,NIRISS_SOSS,obs10,SOSS_HDU3_ordem_1,jw05959010001_04102_00001-seg007_nis_x1dints.fits,seg007,3,76,60783.25627317078,TDB-MID,2052.514630075817,0.14461246305345327,2038,0.8515347326686116,2.827786714826026,2796,1.000219980288442,0.9999931628162025
TOI-2076_b,NIRISS_SOSS,obs10,SOSS_HDU3_ordem_1,jw05959010001_04102_00001-seg007_nis_x1dints.fits,seg007,3,77,60783.256350243784,TDB-MID,2058.157713697644,0.14462184110524273,2038,0.8515347326686116,2.827786714826026,2797,1.0029699363210482,1.0027424952479127
TOI-2076_b,NIRISS_SOSS,obs10,SOSS_HDU3_ordem_1,jw05959010001_04102_00001-seg007_nis_x1dints.fits,seg007,3,78,60783.25642731679,TDB-MID,2051.6107945243994,0.14460919685412207,2038,0.8515347326686116,2.827786714826026,2798,0.999779528189258,0.9995528105972785
TOI-2076_b,NIRISS_SOSS,obs10,SOSS_HDU3_ordem_1,jw05959010001_04102_00001-seg007_nis_x1dints.fits,seg007,3,79,60783.256504389785,TDB-MID,2045.8950361565965,0.14459638400410874,2038,0.8515347326686116,2.827786714826026,2799,0.9969941567048335,0.9967680707448268
TOI-2076_b,NIRISS_SOSS,obs10,SOSS_HDU3_ordem_1,jw05959010001_04102_00001-seg007_nis_x1dints.fits,seg007,3,80,60783.25658146279,TDB-MID,2047.0899091932035,0.1445981439159437,2038,0.8515347326686116,2.827786714826026,2800,0.9975764355678485,0.9973502175658686
TOI-2076_b,NIRISS_SOSS,obs10,SOSS_HDU3_ordem_1,jw05959010001_04102_00001-seg007_nis_x1dints.fits,seg007,3,81,60783.25665853578,TDB-MID,2058.1521385218925,0.14462425018745903,2038,0.8515347326686116,2.827786714826026,2801,1.0029672194575003,1.0027397790004613
TOI-2076_b,NIRISS_SOSS,obs10,SOSS_HDU3_ordem_1,jw05959010001_04102_00001-seg007_nis_x1dints.fits,seg007,3,82,60783.25673560878,TDB-MID,2054.484153994172,0.14461487283634275,2038,0.8515347326686116,2.827786714826026,2802,1.0011797576980297,1.0009527225793822
TOI-2076_b,NIRISS_SOSS,obs10,SOSS_HDU3_ordem_1,jw05959010001_04102_00001-seg007_nis_x1dints.fits,seg007,3,83,60783.25681268178,TDB-MID,2045.57847606015,0.1445939372387871,2038,0.8515347326686116,2.827786714826026,2803,0.9968398924044537,0.9966138414265904
TOI-2076_b,NIRISS_SOSS,obs10,SOSS_HDU3_ordem_1,jw05959010001_04102_00001-seg007_nis_x1dints.fits,seg007,3,84,60783.25688975478,TDB-MID,2059.190053838168,0.14462375231034943,2038,0.8515347326686116,2.827786714826026,2804,1.0034730105597776,1.0032454554057102
TOI-2076_b,NIRISS_SOSS,obs10,SOSS_HDU3_ordem_1,jw05959010001_04102_00001-seg007_nis_x1dints.fits,seg007,3,85,60783.25696682779,TDB-MID,2058.396406943145,0.14463542938352053,2038,0.8515347326686116,2.827786714826026,2805,1.0030862549819786,1.0028587875315407
TOI-2076_b,NIRISS_SOSS,obs10,SOSS_HDU3_ordem_1,jw05959010001_04102_00001-seg007_nis_x1dints.fits,seg007,3,86,60783.25704390078,TDB-MID,2050.8916539250695,0.14460419023660487,2038,0.8515347326686116,2.827786714826026,2806,0.9994290806038686,0.9992024424820428
TOI-2076_b,NIRISS_SOSS,obs10,SOSS_HDU3_ordem_1,jw05959010001_04102_00001-seg007_nis_x1dints.fits,seg007,3,87,60783.25712097379,TDB-MID,2049.6558917818816,0.14460271909362715,2038,0.8515347326686116,2.827786714826026,2807,0.9988268758895202,0.9986003743282049
TOI-2076_b,NIRISS_SOSS,obs10,SOSS_HDU3_ordem_1,jw05959010001_04102_00001-seg007_nis_x1dints.fits,seg007,3,88,60783.257198046784,TDB-MID,2053.964140138259,0.14460967642390668,2038,0.8515347326686116,2.827786714826026,2808,1.000926347446483,1.0006993697930668
TOI-2076_b,NIRISS_SOSS,obs10,SOSS_HDU3_ordem_1,jw05959010001_04102_00001-seg007_nis_x1dints.fits,seg007,3,89,60783.25727511979,TDB-MID,2054.289377572554,0.14461273791570547,2038,0.8515347326686116,2.827786714826026,2809,1.0010848403387391,1.0008578267442723
TOI-2076_b,NIRISS_SOSS,obs10,SOSS_HDU3_ordem_1,jw05959010001_04102_00001-seg007_nis_x1dints.fits,seg007,3,90,60783.257352192784,TDB-MID,2055.515231014813,0.14461540959257904,2038,0.8515347326686116,2.827786714826026,2810,1.001682216400223,1.0014550673402278
TOI-2076_b,NIRISS_SOSS,obs10,SOSS_HDU3_ordem_1,jw05959010001_04102_00001-seg007_nis_x1dints.fits,seg007,3,91,60783.25742926579,TDB-MID,2052.527335600267,0.1446089203238606,2038,0.8515347326686116,2.827786714826026,2811,1.0002261718737437,0.9999993529974534
TOI-2076_b,NIRISS_SOSS,obs10,SOSS_HDU3_ordem_1,jw05959010001_04102_00001-seg007_nis_x1dints.fits,seg007,3,92,60783.25750633879,TDB-MID,2048.8013612720915,0.1446038283764709,2038,0.8515347326686116,2.827786714826026,2812,0.9984104508481911,0.9981840437185779
TOI-2076_b,NIRISS_SOSS,obs10,SOSS_HDU3_ordem_1,jw05959010001_04102_00001-seg007_nis_x1dints.fits,seg007,3,93,60783.25758341179,TDB-MID,2054.154870162614,0.1446104163811088,2038,0.8515347326686116,2.827786714826026,2813,1.0010192929380302,1.000792294207589
TOI-2076_b,NIRISS_SOSS,obs10,SOSS_HDU3_ordem_1,jw05959010001_04102_00001-seg007_nis_x1dints.fits,seg007,3,94,60783.257660484785,TDB-MID,2049.531647217634,0.1446007523180007,2038,0.8515347326686116,2.827786714826026,2814,0.9987663297215263,0.9985398418901195
TOI-2076_b,NIRISS_SOSS,obs10,SOSS_HDU3_ordem_1,jw05959010001_04102_00001-seg007_nis_x1dints.fits,seg007,3,95,60783.25773755778,TDB-MID,2046.059829030288,0.1445956900442999,2038,0.8515347326686116,2.827786714826026,2815,0.997074462648801,0.9968483584780091
TOI-2076_b,NIRISS_SOSS,obs10,SOSS_HDU3_ordem_1,jw05959010001_04102_00001-seg007_nis_x1dints.fits,seg007,3,96,60783.257814630786,TDB-MID,2059.772131733234,0.14465750697840435,2038,0.8515347326686116,2.827786714826026,2816,1.0037566655126817,1.003529046034865
TOI-2076_b,NIRISS_SOSS,obs10,SOSS_HDU3_ordem_1,jw05959010001_04102_00001-seg007_nis_x1dints.fits,seg007,3,97,60783.25789170378,TDB-MID,2051.3510551875415,0.14460695315426486,2038,0.8515347326686116,2.827786714826026,2817,0.9996529534644861,0.9994262645755517
TOI-2076_b,NIRISS_SOSS,obs10,SOSS_HDU3_ordem_1,jw05959010001_04102_00001-seg007_nis_x1dints.fits,seg007,3,98,60783.25796877679,TDB-MID,2053.807021052169,0.14462689780404478,2038,0.8515347326686116,2.827786714826026,2818,1.0008497810498838,1.0006228207592447
TOI-2076_b,NIRISS_SOSS,obs10,SOSS_HDU3_ordem_1,jw05959010001_04102_00001-seg007_nis_x1dints.fits,seg007,3,99,60783.25804584979,TDB-MID,2052.9779884461495,0.14461279634167734,2038,0.8515347326686116,2.827786714826026,2819,1.0004457815047887,1.000218912828152
TOI-2076_b,NIRISS_SOSS,obs10,SOSS_HDU3_ordem_1,jw05959010001_04102_00001-seg007_nis_x1dints.fits,seg007,3,100,60783.25812292279,TDB-MID,2056.859306769733,0.1446191560952396,2038,0.8515347326686116,2.827786714826026,2820,1.002337203899651,1.0021099063097203
TOI-2076_b,NIRISS_SOSS,obs10,SOSS_HDU3_ordem_1,jw05959010001_04102_00001-seg007_nis_x1dints.fits,seg007,3,101,60783.25819999579,TDB-MID,2051.111085390232,0.14460771653135435,2038,0.8515347326686116,2.827786714826026,2821,0.9995360127214493,0.9993093503508852
TOI-2076_b,NIRISS_SOSS,obs10,SOSS_HDU3_ordem_1,jw05959010001_04102_00001-seg007_nis_x1dints.fits,seg007,3,102,60783.25827706879,TDB-MID,2054.861729068986,0.14461578564075894,2038,0.8515347326686116,2.827786714826026,2822,1.0013637554773165,1.0011366786339364
TOI-2076_b,NIRISS_SOSS,obs10,SOSS_HDU3_ordem_1,jw05959010001_04102_00001-seg007_nis_x1dints.fits,seg007,3,103,60783.25835414179,TDB-MID,2051.225122550485,0.14460654004637188,2038,0.8515347326686116,2.827786714826026,2823,0.9995915846742672,0.9993649097017854
TOI-2076_b,NIRISS_SOSS,obs10,SOSS_HDU3_ordem_1,jw05959010001_04102_00001-seg007_nis_x1dints.fits,seg007,3,104,60783.25843121479,TDB-MID,2056.2637903091527,0.1446694628953304,2038,0.8515347326686116,2.827786714826026,2824,1.0020470001399628,1.0018197683588386
TOI-2076_b,NIRISS_SOSS,obs10,SOSS_HDU3_ordem_1,jw05959010001_04102_00001-seg007_nis_x1dints.fits,seg007,3,105,60783.258508287785,TDB-MID,2051.3200853858334,0.14460820329347912,2038,0.8515347326686116,2.827786714826026,2825,0.999637861433472,0.9994111759669211
TOI-2076_b,NIRISS_SOSS,obs10,SOSS_HDU3_ordem_1,jw05959010001_04102_00001-seg007_nis_x1dints.fits,seg007,3,106,60783.25858536079,TDB-MID,2053.177850115405,0.14462364439661032,2038,0.8515347326686116,2.827786714826026,2826,1.0005431769785913,1.0003162862158181
TOI-2076_b,NIRISS_SOSS,obs10,SOSS_HDU3_ordem_1,jw05959010001_04102_00001-seg007_nis_x1dints.fits,seg007,3,107,60783.258662433786,TDB-MID,2051.876325196886,0.1446121693578061,2038,0.8515347326686116,2.827786714826026,2827,0.9999089251154034,0.9996821781803952
TOI-2076_b,NIRISS_SOSS,obs10,SOSS_HDU3_ordem_1,jw05959010001_04102_00001-seg007_nis_x1dints.fits,seg007,3,108,60783.25873950679,TDB-MID,2062.5322678118673,0.1446325380337443,2038,0.8515347326686116,2.827786714826026,2828,1.0051017196300607,1.0048737951375664
TOI-2076_b,NIRISS_SOSS,obs10,SOSS_HDU3_ordem_1,jw05959010001_04102_00001-seg007_nis_x1dints.fits,seg007,3,109,60783.258816579786,TDB-MID,2049.7445416723876,0.1446053335120124,2038,0.8515347326686116,2.827786714826026,2829,0.9988700762596591,0.9986435649019
TOI-2076_b,NIRISS_SOSS,obs10,SOSS_HDU3_ordem_1,jw05959010001_04102_00001-seg007_nis_x1dints.fits,seg007,3,110,60783.25889365279,TDB-MID,2062.7511103136485,0.14463096854932045,2038,0.8515347326686116,2.827786714826026,2830,1.0052083647372918,1.0049804160611437
TOI-2076_b,NIRISS_SOSS,obs10,SOSS_HDU3_ordem_1,jw05959010001_04102_00001-seg007_nis_x1dints.fits,seg007,3,111,60783.25897072579,TDB-MID,2049.036047341343,0.14460339390738935,2038,0.8515347326686116,2.827786714826026,2831,0.998524816754344,0.9982983836902501
TOI-2076_b,NIRISS_SOSS,obs10,SOSS_HDU3_ordem_1,jw05959010001_04102_00001-seg007_nis_x1dints.fits,seg007,3,112,60783.25904779879,TDB-MID,2054.1564136689976,0.1446148515276804,2038,0.8515347326686116,2.827786714826026,2832,1.0010200451109512,1.0007930462099417
TOI-2076_b,NIRISS_SOSS,obs10,SOSS_HDU3_ordem_1,jw05959010001_04102_00001-seg007_nis_x1dints.fits,seg007,3,113,60783.25912487179,TDB-MID,2052.111507663414,0.1446071696432445,2038,0.8515347326686116,2.827786714826026,2833,1.0000235329231082,0.9997967599987639
TOI-2076_b,NIRISS_SOSS,obs10,SOSS_HDU3_ordem_1,jw05959010001_04102_00001-seg007_nis_x1dints.fits,seg007,3,114,60783.25920194479,TDB-MID,2051.2241043189783,0.14460426576566524,2038,0.8515347326686116,2.827786714826026,2834,0.9995910884753693,0.9993644136154092
TOI-2076_b,NIRISS_SOSS,obs10,SOSS_HDU3_ordem_1,jw05959010001_04102_00001-seg007_nis_x1dints.fits,seg007,3,115,60783.259279017795,TDB-MID,2050.4225416863083,0.14460420514992822,2038,0.8515347326686116,2.827786714826026,2835,0.9992004754444552,0.99897388916287
TOI-2076_b,NIRISS_SOSS,obs10,SOSS_HDU3_ordem_1,jw05959010001_04102_00001-seg007_nis_x1dints.fits,seg007,3,116,60783.25935609079,TDB-MID,2056.854706698046,0.14461748367110483,2038,0.8515347326686116,2.827786714826026,2836,1.0023349622183764,1.0021076651367862
TOI-2076_b,NIRISS_SOSS,obs10,SOSS_HDU3_ordem_1,jw05959010001_04102_00001-seg007_nis_x1dints.fits,seg007,3,117,60783.259433163796,TDB-MID,2052.3041350178364,0.14460862591288637,2038,0.8515347326686116,2.827786714826026,2837,1.0001174030109605,0.9998906087999229
TOI-2076_b,NIRISS_SOSS,obs10,SOSS_HDU3_ordem_1,jw05959010001_04102_00001-seg007_nis_x1dints.fits,seg007,3,118,60783.259510236785,TDB-MID,2053.9703725186755,0.14461517242850466,2038,0.8515347326686116,2.827786714826026,2838,1.0009293845753422,1.0007024062332037
TOI-2076_b,NIRISS_SOSS,obs10,SOSS_HDU3_ordem_1,jw05959010001_04102_00001-seg007_nis_x1dints.fits,seg007,3,119,60783.25958730979,TDB-MID,2047.7232139179891,0.14459809753073893,2038,0.8515347326686116,2.827786714826026,2839,0.9978850540936606,0.997658766107002
TOI-2076_b,NIRISS_SOSS,obs10,SOSS_HDU3_ordem_1,jw05959010001_04102_00001-seg007_nis_x1dints.fits,seg007,3,120,60783.259664382786,TDB-MID,2053.993317754589,0.14461290235449942,2038,0.8515347326686116,2.827786714826026,2840,1.0009405661197155,1.0007135852419653
TOI-2076_b,NIRISS_SOSS,obs10,SOSS_HDU3_ordem_1,jw05959010001_04102_00001-seg007_nis_x1dints.fits,seg007,3,121,60783.25974145579,TDB-MID,2042.5966170036245,0.14458441542180653,2038,0.8515347326686116,2.827786714826026,2841,0.995386789482293,0.9951610680210742
TOI-2076_b,NIRISS_SOSS,obs10,SOSS_HDU3_ordem_1,jw05959010001_04102_00001-seg007_nis_x1dints.fits,seg007,3,122,60783.259818528786,TDB-MID,2048.4990670749994,0.14459970186887003,2038,0.8515347326686116,2.827786714826026,2842,0.9982631385263073,0.998036764802354
TOI-2076_b,NIRISS_SOSS,obs10,SOSS_HDU3_ordem_1,jw05959010001_04102_00001-seg007_nis_x1dints.fits,seg007,3,123,60783.25989560179,TDB-MID,2056.641457010742,0.14461795426695026,2038,0.8515347326686116,2.827786714826026,2843,1.002231042570299,1.0020037690543167
TOI-2076_b,NIRISS_SOSS,obs10,SOSS_HDU3_ordem_1,jw05959010001_04102_00001-seg007_nis_x1dints.fits,seg007,3,124,60783.259972674794,TDB-MID,2054.647332177198,0.14461158829703696,2038,0.8515347326686116,2.827786714826026,2844,1.001259276779949,1.001032223628951
TOI-2076_b,NIRISS_SOSS,obs10,SOSS_HDU3_ordem_1,jw05959010001_04102_00001-seg007_nis_x1dints.fits,seg007,3,125,60783.26004974779,TDB-MID,2056.3898762553845,0.14461604813213425,2038,0.8515347326686116,2.827786714826026,2845,1.0021084436399539,1.0018811979254354
TOI-2076_b,NIRISS_SOSS,obs10,SOSS_HDU3_ordem_1,jw05959010001_04102_00001-seg007_nis_x1dints.fits,seg007,3,126,60783.260126820795,TDB-MID,2055.559346924929,0.14459350645572192,2038,0.8515347326686116,2.827786714826026,2846,1.0017037147194556,1.001476560784338
TOI-2076_b,NIRISS_SOSS,obs10,SOSS_HDU3_ordem_1,jw05959010001_04102_00001-seg007_nis_x1dints.fits,seg007,3,127,60783.26020389379,TDB-MID,2051.627194463759,0.14460771176550874,2038,0.8515347326686116,2.827786714826026,2847,0.9997875201162254,0.9995608007119361
TOI-2076_b,NIRISS_SOSS,obs10,SOSS_HDU3_ordem_1,jw05959010001_04102_00001-seg007_nis_x1dints.fits,seg007,3,128,60783.260280966795,TDB-MID,2050.655686187799,0.14460710663451118,2038,0.8515347326686116,2.827786714826026,2848,0.999314090122406,0.9990874780766943
TOI-2076_b,NIRISS_SOSS,obs10,SOSS_HDU3_ordem_1,jw05959010001_04102_00001-seg007_nis_x1dints.fits,seg007,3,129,60783.26035803979,TDB-MID,2055.870491352034,0.14461544097518017,2038,0.8515347326686116,2.827786714826026,2849,1.0018553398860615,1.0016281515672707
TOI-2076_b,NIRISS_SOSS,obs10,SOSS_HDU3_ordem_1,jw05959010001_04102_00001-seg007_nis_x1dints.fits,seg007,3,130,60783.26043511279,TDB-MID,2049.3240752405145,0.1446010143053336,2038,0.8515347326686116,2.827786714826026,2850,0.9986651769035046,0.9984387120102783
TOI-2076_b,NIRISS_SOSS,obs10,SOSS_HDU3_ordem_1,jw05959010001_04102_00001-seg007_nis_x1dints.fits,seg007,3,131,60783.260512185785,TDB-MID,2048.339996822068,0.14460234403530473,2038,0.8515347326686116,2.827786714826026,2851,0.998185621297967,0.9979592651524085
TOI-2076_b,NIRISS_SOSS,obs10,SOSS_HDU3_ordem_1,jw05959010001_04102_00001-seg007_nis_x1dints.fits,seg007,3,132,60783.26058925879,TDB-MID,2049.6518808984683,0.14460451795173956,2038,0.8515347326686116,2.827786714826026,2852,0.9988249213281887,0.9985984202101045
TOI-2076_b,NIRISS_SOSS,obs10,SOSS_HDU3_ordem_1,jw05959010001_04102_00001-seg007_nis_x1dints.fits,seg007,3,133,60783.260666331786,TDB-MID,2051.726534852057,0.14460892155859648,2038,0.8515347326686116,2.827786714826026,2853,0.9998359301201147,0.9996091997380055
TOI-2076_b,NIRISS_SOSS,obs10,SOSS_HDU3_ordem_1,jw05959010001_04102_00001-seg007_nis_x1dints.fits,seg007,3,134,60783.26074340479,TDB-MID,2050.2503432454387,0.1446064881200686,2038,0.8515347326686116,2.827786714826026,2854,0.9991165606607999,0.9988899934083677
TOI-2076_b,NIRISS_SOSS,obs10,SOSS_HDU3_ordem_1,jw05959010001_04102_00001-seg007_nis_x1dints.fits,seg007,3,135,60783.260820477786,TDB-MID,2046.9320083346515,0.14459791876437184,2038,0.8515347326686116,2.827786714826026,2855,0.9974994882022541,0.9972732876494427
TOI-2076_b,NIRISS_SOSS,obs10,SOSS_HDU3_ordem_1,jw05959010001_04102_00001-seg007_nis_x1dints.fits,seg007,3,136,60783.26089755079,TDB-MID,2046.6249753285124,0.14458789170283545,2038,0.8515347326686116,2.827786714826026,2856,0.9973498665903793,0.9971236999669
TOI-2076_b,NIRISS_SOSS,obs10,SOSS_HDU3_ordem_1,jw05959010001_04102_00001-seg007_nis_x1dints.fits,seg007,3,137,60783.260974623794,TDB-MID,2039.7145717066574,0.1445843693707217,2038,0.8515347326686116,2.827786714826026,2857,0.9939823272446638,0.9937569242699589
TOI-2076_b,NIRISS_SOSS,obs10,SOSS_HDU3_ordem_1,jw05959010001_04102_00001-seg007_nis_x1dints.fits,seg007,3,138,60783.26105169679,TDB-MID,2047.6893533675002,0.14459942884625915,2038,0.8515347326686116,2.827786714826026,2858,0.9978685533590755,0.9976422691142488
TOI-2076_b,NIRISS_SOSS,obs10,SOSS_HDU3_ordem_1,jw05959010001_04102_00001-seg007_nis_x1dints.fits,seg007,3,139,60783.261128769795,TDB-MID,2049.0205161677995,0.14460123675035325,2038,0.8515347326686116,2.827786714826026,2859,0.9985172481894881,0.9982908168416994
TOI-2076_b,NIRISS_SOSS,obs10,SOSS_HDU3_ordem_1,jw05959010001_04102_00001-seg007_nis_x1dints.fits,seg007,3,140,60783.26120584279,TDB-MID,2052.3325141146897,0.14462401213336368,2038,0.8515347326686116,2.827786714826026,2860,1.000131232554136,0.9999044352070063
TOI-2076_b,NIRISS_SOSS,obs10,SOSS_HDU3_ordem_1,jw05959010001_04102_00001-seg007_nis_x1dints.fits,seg007,3,141,60783.261282915795,TDB-MID,2054.5782667618732,0.14461321496991836,2038,0.8515347326686116,2.827786714826026,2861,1.0012256202070102,1.0009985746882324
TOI-2076_b,NIRISS_SOSS,obs10,SOSS_HDU3_ordem_1,jw05959010001_04102_00001-seg007_nis_x1dints.fits,seg007,3,142,60783.26135998879,TDB-MID,2049.2797593340288,0.1446042073301994,2038,0.8515347326686116,2.827786714826026,2862,0.9986435811231569,0.9984171211271536
TOI-2076_b,NIRISS_SOSS,obs10,SOSS_HDU3_ordem_1,jw05959010001_04102_00001-seg007_nis_x1dints.fits,seg007,3,143,60783.26143706179,TDB-MID,2047.2901044942432,0.14459762250054048,2038,0.8515347326686116,2.827786714826026,2863,0.9976739936252312,0.997447753500246
TOI-2076_b,NIRISS_SOSS,obs10,SOSS_HDU3_ordem_1,jw05959010001_04102_00001-seg007_nis_x1dints.fits,seg007,3,144,60783.261514134785,TDB-MID,2051.6955883918804,0.14467812312772127,2038,0.8515347326686116,2.827786714826026,2864,0.9998208494637657,0.9995941225014605
TOI-2076_b,NIRISS_SOSS,obs10,SOSS_HDU3_ordem_1,jw05959010001_04102_00001-seg007_nis_x1dints.fits,seg007,3,145,60783.26159120779,TDB-MID,2054.2360359617724,0.14461305532323096,2038,0.8515347326686116,2.827786714826026,2865,1.001058846202521,1.0008318385026815
TOI-2076_b,NIRISS_SOSS,obs10,SOSS_HDU3_ordem_1,jw05959010001_04102_00001-seg007_nis_x1dints.fits,seg007,3,146,60783.261668280786,TDB-MID,2058.563888571465,0.14462231005837037,2038,0.8515347326686116,2.827786714826026,2866,1.0031678711948535,1.002940385236504
TOI-2076_b,NIRISS_SOSS,obs10,SOSS_HDU3_ordem_1,jw05959010001_04102_00001-seg007_nis_x1dints.fits,seg007,3,147,60783.26174535379,TDB-MID,2048.958843694108,0.14460125205732463,2038,0.8515347326686116,2.827786714826026,2867,0.9984871943036272,0.9982607697710857
TOI-2076_b,NIRISS_SOSS,obs10,SOSS_HDU3_ordem_1,jw05959010001_04102_00001-seg007_nis_x1dints.fits,seg007,3,148,60783.261822426786,TDB-MID,2045.447988740132,0.14459544357436696,2038,0.8515347326686116,2.827786714826026,2868,0.9967763040515407,0.9965502674934548
TOI-2076_b,NIRISS_SOSS,obs10,SOSS_HDU3_ordem_1,jw05959010001_04102_00001-seg007_nis_x1dints.fits,seg007,3,149,60783.26189949979,TDB-MID,2053.336090312763,0.14461182007606602,2038,0.8515347326686116,2.827786714826026,2869,1.00062028970888,1.0003933814594388
TOI-2076_b,NIRISS_SOSS,obs10,SOSS_HDU3_ordem_1,jw05959010001_04102_00001-seg007_nis_x1dints.fits,seg007,3,150,60783.26197657279,TDB-MID,2052.5115183635817,0.14460860643937326,2038,0.8515347326686116,2.827786714826026,2870,1.000218463906193,0.9999916467778199
TOI-2076_b,NIRISS_SOSS,obs10,SOSS_HDU3_ordem_1,jw05959010001_04102_00001-seg007_nis_x1dints.fits,seg007,3,151,60783.26205364579,TDB-MID,2053.790962535608,0.1446110269326856,2038,0.8515347326686116,2.827786714826026,2871,1.00084195550317,1.0006149969871112
TOI-2076_b,NIRISS_SOSS,obs10,SOSS_HDU3_ordem_1,jw05959010001_04102_00001-seg007_nis_x1dints.fits,seg007,3,152,60783.26213071879,TDB-MID,2051.6855950012946,0.14460760336697986,2038,0.8515347326686116,2.827786714826026,2872,0.99981597954041,0.9995892536824457
TOI-2076_b,NIRISS_SOSS,obs10,SOSS_HDU3_ordem_1,jw05959010001_04102_00001-seg007_nis_x1dints.fits,seg007,3,153,60783.26220779179,TDB-MID,2063.5243743914143,0.14463153084713717,2038,0.8515347326686116,2.827786714826026,2873,1.0055851874742836,1.0053571533469523
TOI-2076_b,NIRISS_SOSS,obs10,SOSS_HDU3_ordem_1,jw05959010001_04102_00001-seg007_nis_x1dints.fits,seg007,3,154,60783.26228486479,TDB-MID,2052.460405215036,0.14460957994804935,2038,0.8515347326686116,2.827786714826026,2874,1.000193555731761,0.9999667442517544
TOI-2076_b,NIRISS_SOSS,obs10,SOSS_HDU3_ordem_1,jw05959010001_04102_00001-seg007_nis_x1dints.fits,seg007,3,155,60783.262361937785,TDB-MID,2049.8095819301775,0.1446040391585168,2038,0.8515347326686116,2.827786714826026,2875,0.9989017713152807,0.9986752527701104
TOI-2076_b,NIRISS_SOSS,obs10,SOSS_HDU3_ordem_1,jw05959010001_04102_00001-seg007_nis_x1dints.fits,seg007,3,156,60783.26243901079,TDB-MID,2044.6350513934624,0.1445954451531003,2038,0.8515347326686116,2.827786714826026,2876,0.9963801479584504,0.9961542012357261
TOI-2076_b,NIRISS_SOSS,obs10,SOSS_HDU3_ordem_1,jw05959010001_04102_00001-seg007_nis_x1dints.fits,seg007,3,157,60783.262516083785,TDB-MID,2058.4243330829254,0.14462115676259293,2038,0.8515347326686116,2.827786714826026,2877,1.00309986379264,1.0028723932561652
TOI-2076_b,NIRISS_SOSS,obs10,SOSS_HDU3_ordem_1,jw05959010001_04102_00001-seg007_nis_x1dints.fits,seg007,3,158,60783.26259315679,TDB-MID,2046.5712407146016,0.14459413712051059,2038,0.8515347326686116,2.827786714826026,2878,0.9973236809380682,0.9970975202526461
TOI-2076_b,NIRISS_SOSS,obs10,SOSS_HDU3_ordem_1,jw05959010001_04102_00001-seg007_nis_x1dints.fits,seg007,3,159,60783.262670229786,TDB-MID,2053.199952549608,0.14461031038165142,2038,0.8515347326686116,2.827786714826026,2879,1.0005539478135363,1.000327054608287
TOI-2076_b,NIRISS_SOSS,obs10,SOSS_HDU3_ordem_1,jw05959010001_04102_00001-seg007_nis_x1dints.fits,seg007,3,160,60783.26274730279,TDB-MID,2048.989679760116,0.14460248919597116,2038,0.8515347326686116,2.827786714826026,2880,0.9985022211633059,0.9982757932231596
TOI-2076_b,NIRISS_SOSS,obs10,SOSS_HDU3_ordem_1,jw05959010001_04102_00001-seg007_nis_x1dints.fits,seg007,3,161,60783.262824375786,TDB-MID,2052.23427443102,0.144608908177504,2038,0.8515347326686116,2.827786714826026,2881,1.0000833589394862,0.9998565724485404
TOI-2076_b,NIRISS_SOSS,obs10,SOSS_HDU3_ordem_1,jw05959010001_04102_00001-seg007_nis_x1dints.fits,seg007,3,162,60783.26290144879,TDB-MID,2054.6587792004884,0.14461463306844918,2038,0.8515347326686116,2.827786714826026,2882,1.0012648550794856,1.0010378006635101
TOI-2076_b,NIRISS_SOSS,obs10,SOSS_HDU3_ordem_1,jw05959010001_04102_00001-seg007_nis_x1dints.fits,seg007,3,163,60783.26297852179,TDB-MID,2040.1555601947416,0.14458404117170556,2038,0.8515347326686116,2.827786714826026,2883,0.9941972272947759,0.9939717755877049
TOI-2076_b,NIRISS_SOSS,obs10,SOSS_HDU3_ordem_1,jw05959010001_04102_00001-seg007_nis_x1dints.fits,seg007,3,164,60783.26305559479,TDB-MID,2058.911538145754,0.1446238500679481,2038,0.8515347326686116,2.827786714826026,2884,1.0033372858461536,1.0031097614700522
TOI-2076_b,NIRISS_SOSS,obs10,SOSS_HDU3_ordem_1,jw05959010001_04102_00001-seg007_nis_x1dints.fits,seg007,3,165,60783.26313266779,TDB-MID,2049.5773413913594,0.14460376677476894,2038,0.8515347326686116,2.827786714826026,2885,0.998788597151377,0.9985621042704389
TOI-2076_b,NIRISS_SOSS,obs10,SOSS_HDU3_ordem_1,jw05959010001_04102_00001-seg007_nis_x1dints.fits,seg007,3,166,60783.26320974079,TDB-MID,2051.380506930619,0.14463148157505423,2038,0.8515347326686116,2.827786714826026,2886,0.9996673057236363,0.9994406135800747
TOI-2076_b,NIRISS_SOSS,obs10,SOSS_HDU3_ordem_1,jw05959010001_04102_00001-seg007_nis_x1dints.fits,seg007,3,167,60783.26328681378,TDB-MID,2044.3925605391603,0.1445950638194582,2038,0.8515347326686116,2.827786714826026,2887,0.9962619786679829,0.9960360587422236
TOI-2076_b,NIRISS_SOSS,obs10,SOSS_HDU3_ordem_1,jw05959010001_04102_00001-seg007_nis_x1dints.fits,seg007,3,168,60783.263363886785,TDB-MID,2050.9727883555447,0.14460592165165434,2038,0.8515347326686116,2.827786714826026,2888,0.9994686185819476,0.9992419714941898
TOI-2076_b,NIRISS_SOSS,obs10,SOSS_HDU3_ordem_1,jw05959010001_04102_00001-seg007_nis_x1dints.fits,seg007,3,169,60783.26344095978,TDB-MID,2054.4686040560646,0.14461497429024273,2038,0.8515347326686116,2.827786714826026,2889,1.001172179988931,1.0009451465886623
TOI-2076_b,NIRISS_SOSS,obs10,SOSS_HDU3_ordem_1,jw05959010001_04102_00001-seg007_nis_x1dints.fits,seg007,3,170,60783.263518032785,TDB-MID,2054.344664401916,0.14461696222120707,2038,0.8515347326686116,2.827786714826026,2890,1.0011117824080256,1.0008847627039705
TOI-2076_b,NIRISS_SOSS,obs10,SOSS_HDU3_ordem_1,jw05959010001_04102_00001-seg007_nis_x1dints.fits,seg007,3,171,60783.26359510578,TDB-MID,2057.73136077109,0.14462152495045608,2038,0.8515347326686116,2.827786714826026,2891,1.0027621683911419,1.0025347744330384
TOI-2076_b,NIRISS_SOSS,obs10,SOSS_HDU3_ordem_1,jw05959010001_04102_00001-seg007_nis_x1dints.fits,seg007,3,172,60783.263672178786,TDB-MID,2054.7948643302634,0.14461356937576073,2038,0.8515347326686116,2.827786714826026,2892,1.001331171325824,1.0011041018714733
TOI-2076_b,NIRISS_SOSS,obs10,SOSS_HDU3_ordem_1,jw05959010001_04102_00001-seg007_nis_x1dints.fits,seg007,3,173,60783.26374925178,TDB-MID,2049.9390070793206,0.1446044387934688,2038,0.8515347326686116,2.827786714826026,2893,0.9989648420570079,0.9987383092094375
TOI-2076_b,NIRISS_SOSS,obs10,SOSS_HDU3_ordem_1,jw05959010001_04102_00001-seg007_nis_x1dints.fits,seg007,3,174,60783.263826324786,TDB-MID,2052.529991582812,0.14460875096759776,2038,0.8515347326686116,2.827786714826026,2894,1.0002274661723418,1.0000006470025466
TOI-2076_b,NIRISS_SOSS,obs10,SOSS_HDU3_ordem_1,jw05959010001_04102_00001-seg007_nis_x1dints.fits,seg007,3,175,60783.26390339778,TDB-MID,2053.925448242749,0.14461098842577333,2038,0.8515347326686116,2.827786714826026,2895,1.000907492327792,1.000680518950106
TOI-2076_b,NIRISS_SOSS,obs10,SOSS_HDU3_ordem_1,jw05959010001_04102_00001-seg007_nis_x1dints.fits,seg007,3,176,60783.26398047079,TDB-MID,2053.5604266391297,0.14461491142193317,2038,0.8515347326686116,2.827786714826026,2896,1.0007296120360627,1.000502678995861
TOI-2076_b,NIRISS_SOSS,obs10,SOSS_HDU3_ordem_1,jw05959010001_04102_00001-seg007_nis_x1dints.fits,seg007,3,177,60783.26405754378,TDB-MID,2045.592664338884,0.14459502421173287,2038,0.8515347326686116,2.827786714826026,2897,0.9968468065573021,0.9966207540115329
TOI-2076_b,NIRISS_SOSS,obs10,SOSS_HDU3_ordem_1,jw05959010001_04102_00001-seg007_nis_x1dints.fits,seg007,3,178,60783.26413461678,TDB-MID,2057.8939108738314,0.14462810549204727,2038,0.8515347326686116,2.827786714826026,2898,1.0028413814004804,1.002613969479434
TOI-2076_b,NIRISS_SOSS,obs10,SOSS_HDU3_ordem_1,jw05959010001_04102_00001-seg007_nis_x1dints.fits,seg007,3,179,60783.26421168978,TDB-MID,2055.557959411086,0.14461587988351074,2038,0.8515347326686116,2.827786714826026,2899,1.0017030385639494,1.001475884782162
TOI-2076_b,NIRISS_SOSS,obs10,SOSS_HDU3_ordem_1,jw05959010001_04102_00001-seg007_nis_x1dints.fits,seg007,3,180,60783.26428876278,TDB-MID,2059.16159534113,0.14462313045957664,2038,0.8515347326686116,2.827786714826026,2900,1.0034591423237469,1.0032315903145461
TOI-2076_b,NIRISS_SOSS,obs10,SOSS_HDU3_ordem_1,jw05959010001_04102_00001-seg007_nis_x1dints.fits,seg007,3,181,60783.26436583578,TDB-MID,2050.4869977849967,0.14460557739842758,2038,0.8515347326686116,2.827786714826026,2901,0.9992318858309222,0.9990052924264793
TOI-2076_b,NIRISS_SOSS,obs10,SOSS_HDU3_ordem_1,jw05959010001_04102_00001-seg007_nis_x1dints.fits,seg007,3,182,60783.26444290878,TDB-MID,2060.3502605992367,0.14462415005642473,2038,0.8515347326686116,2.827786714826026,2902,1.0040383960467711,1.0038107126816007
TOI-2076_b,NIRISS_SOSS,obs10,SOSS_HDU3_ordem_1,jw05959010001_04102_00001-seg007_nis_x1dints.fits,seg007,3,183,60783.26451998178,TDB-MID,2051.410879272692,0.14460716880049615,2038,0.8515347326686116,2.827786714826026,2903,0.9996821066039537,0.9994554111040322
TOI-2076_b,NIRISS_SOSS,obs10,SOSS_HDU3_ordem_1,jw05959010001_04102_00001-seg007_nis_x1dints.fits,seg007,3,184,60783.26459705478,TDB-MID,2051.958565672153,0.14460761730022723,2038,0.8515347326686116,2.827786714826026,2904,0.9999490020850607,0.9997222460618946
TOI-2076_b,NIRISS_SOSS,obs10,SOSS_HDU3_ordem_1,jw05959010001_04102_00001-seg007_nis_x1dints.fits,seg007,3,185,60783.26467412778,TDB-MID,2057.089218677856,0.14461923554996534,2038,0.8515347326686116,2.827786714826026,2905,1.0024492432882337,1.0022219202914011
TOI-2076_b,NIRISS_SOSS,obs10,SOSS_HDU3_ordem_1,jw05959010001_04102_00001-seg007_nis_x1dints.fits,seg007,3,186,60783.26475120078,TDB-MID,2056.275190964854,0.14461479653482778,2038,0.8515347326686116,2.827786714826026,2906,1.0020525558439046,1.0018253228029268
TOI-2076_b,NIRISS_SOSS,obs10,SOSS_HDU3_ordem_1,jw05959010001_04102_00001-seg007_nis_x1dints.fits,seg007,3,187,60783.26482827378,TDB-MID,2048.566381440636,0.14460086686191229,2038,0.8515347326686116,2.827786714826026,2907,0.9982959417874797,0.99806956062481
TOI-2076_b,NIRISS_SOSS,obs10,SOSS_HDU3_ordem_1,jw05959010001_04102_00001-seg007_nis_x1dints.fits,seg007,3,188,60783.26490534678,TDB-MID,2052.980959844695,0.14460823973921125,2038,0.8515347326686116,2.827786714826026,2908,1.000447229510153,1.0002203605051556
TOI-2076_b,NIRISS_SOSS,obs10,SOSS_HDU3_ordem_1,jw05959010001_04102_00001-seg007_nis_x1dints.fits,seg007,3,189,60783.26498241978,TDB-MID,2044.3746511513414,0.1445911677568422,2038,0.8515347326686116,2.827786714826026,2909,0.9962532511650123,0.9960273332183678
TOI-2076_b,NIRISS_SOSS,obs10,SOSS_HDU3_ordem_1,jw05959010001_04102_00001-seg007_nis_x1dints.fits,seg007,3,190,60783.26505949278,TDB-MID,2047.33014124422,0.14459629941682312,2038,0.8515347326686116,2.827786714826026,2910,0.9976935041108987,0.9974672595615678
TOI-2076_b,NIRISS_SOSS,obs10,SOSS_HDU3_ordem_1,jw05959010001_04102_00001-seg007_nis_x1dints.fits,seg007,3,191,60783.26513656577,TDB-MID,2049.6126778357734,0.14460254523677465,2038,0.8515347326686116,2.827786714826026,2911,0.9988058171103569,0.99857932032449
TOI-2076_b,NIRISS_SOSS,obs10,SOSS_HDU3_ordem_1,jw05959010001_04102_00001-seg007_nis_x1dints.fits,seg007,3,192,60783.26521363878,TDB-MID,2053.664262649545,0.14460945489084304,2038,0.8515347326686116,2.827786714826026,2912,1.0007802128214451,1.0005532683066254
TOI-2076_b,NIRISS_SOSS,obs10,SOSS_HDU3_ordem_1,jw05959010001_04102_00001-seg007_nis_x1dints.fits,seg007,3,193,60783.26529071177,TDB-MID,2052.126095570031,0.1446095845863313,2038,0.8515347326686116,2.827786714826026,2913,1.0000306418203873,0.9998038672839754
TOI-2076_b,NIRISS_SOSS,obs10,SOSS_HDU3_ordem_1,jw05959010001_04102_00001-seg007_nis_x1dints.fits,seg007,3,194,60783.26536778478,TDB-MID,2049.0590902267904,0.14460309848546415,2038,0.8515347326686116,2.827786714826026,2914,0.9985360458847435,0.9983096102742468
TOI-2076_b,NIRISS_SOSS,obs10,SOSS_HDU3_ordem_1,jw05959010001_04102_00001-seg007_nis_x1dints.fits,seg007,3,195,60783.265444857774,TDB-MID,2045.7034418787675,0.14459412580248224,2038,0.8515347326686116,2.827786714826026,2915,0.996900790050104,0.9966747252626285
TOI-2076_b,NIRISS_SOSS,obs10,SOSS_HDU3_ordem_1,jw05959010001_04102_00001-seg007_nis_x1dints.fits,seg007,3,196,60783.26552193078,TDB-MID,2049.559222112056,0.14460352436790655,2038,0.8515347326686116,2.827786714826026,2916,0.9987797673652591,0.9985532764866302
TOI-2076_b,NIRISS_SOSS,obs10,SOSS_HDU3_ordem_1,jw05959010001_04102_00001-seg007_nis_x1dints.fits,seg007,3,197,60783.265599003775,TDB-MID,2051.238085592436,0.14460711128148648,2038,0.8515347326686116,2.827786714826026,2917,0.999597901751561,0.9993712253465707
TOI-2076_b,NIRISS_SOSS,obs10,SOSS_HDU3_ordem_1,jw05959010001_04102_00001-seg007_nis_x1dints.fits,seg007,3,198,60783.26567607678,TDB-MID,2055.688051972997,0.14461612713461441,2038,0.8515347326686116,2.827786714826026,2918,1.0017664345455437,1.0015392663876028
TOI-2076_b,NIRISS_SOSS,obs10,SOSS_HDU3_ordem_1,jw05959010001_04102_00001-seg007_nis_x1dints.fits,seg007,3,199,60783.265753149775,TDB-MID,2053.5235058594744,0.1446131269026119,2038,0.8515347326686116,2.827786714826026,2919,1.0007116200076707,1.000484691047478
TOI-2076_b,NIRISS_SOSS,obs10,SOSS_HDU3_ordem_1,jw05959010001_04102_00001-seg007_nis_x1dints.fits,seg007,3,200,60783.26583022278,TDB-MID,2054.427544618753,0.144612600566998,2038,0.8515347326686116,2.827786714826026,2920,1.001152171132976,1.0009251422700673
TOI-2076_b,NIRISS_SOSS,obs10,SOSS_HDU3_ordem_1,jw05959010001_04102_00001-seg007_nis_x1dints.fits,seg007,3,201,60783.265907295776,TDB-MID,2046.8820750309837,0.14459591076487624,2038,0.8515347326686116,2.827786714826026,2921,0.9974751549832462,0.9972489599484202
TOI-2076_b,NIRISS_SOSS,obs10,SOSS_HDU3_ordem_1,jw05959010001_04102_00001-seg007_nis_x1dints.fits,seg007,3,202,60783.26598436878,TDB-MID,2055.866417838534,0.1446172412184495,2038,0.8515347326686116,2.827786714826026,2922,1.001853354804185,1.0016261669355466
TOI-2076_b,NIRISS_SOSS,obs10,SOSS_HDU3_ordem_1,jw05959010001_04102_00001-seg007_nis_x1dints.fits,seg007,3,203,60783.26606144177,TDB-MID,2057.814639611732,0.1446206176007787,2038,0.8515347326686116,2.827786714826026,2923,1.0028027513712214,1.0025753482102138
TOI-2076_b,NIRISS_SOSS,obs10,SOSS_HDU3_ordem_1,jw05959010001_04102_00001-seg007_nis_x1dints.fits,seg007,3,204,60783.266138514766,TDB-MID,2050.8207589796098,0.1446068236645172,2038,0.8515347326686116,2.827786714826026,2924,0.99939453247451,0.9991679021870802
TOI-2076_b,NIRISS_SOSS,obs10,SOSS_HDU3_ordem_1,jw05959010001_04102_00001-seg007_nis_x1dints.fits,seg007,3,205,60783.26621558777,TDB-MID,2049.2373097915643,0.14460454749470084,2038,0.8515347326686116,2.827786714826026,2925,0.9986228948489131,0.9983964395438863
TOI-2076_b,NIRISS_SOSS,obs10,SOSS_HDU3_ordem_1,jw05959010001_04102_00001-seg007_nis_x1dints.fits,seg007,3,206,60783.266292660766,TDB-MID,2051.290662680186,0.1446057979053995,2038,0.8515347326686116,2.827786714826026,2926,0.9996235233246802,0.9993968411095476
TOI-2076_b,NIRISS_SOSS,obs10,SOSS_HDU3_ordem_1,jw05959010001_04102_00001-seg007_nis_x1dints.fits,seg007,3,207,60783.26636973377,TDB-MID,2045.0956951740593,0.144595318915738,2038,0.8515347326686116,2.827786714826026,2927,0.9966046263160695,0.9963786286889296
TOI-2076_b,NIRISS_SOSS,obs10,SOSS_HDU3_ordem_1,jw05959010001_04102_00001-seg007_nis_x1dints.fits,seg007,3,208,60783.26644680677,TDB-MID,2047.2926243817396,0.14459981122057897,2038,0.8515347326686116,2.827786714826026,2928,0.9976752216027496,0.9974489811992989
TOI-2076_b,NIRISS_SOSS,obs10,SOSS_HDU3_ordem_1,jw05959010001_04102_00001-seg007_nis_x1dints.fits,seg007,3,209,60783.26652387977,TDB-MID,2052.772242254541,0.14460909160904314,2038,0.8515347326686116,2.827786714826026,2929,1.0003455184183778,1.0001186724781594
TOI-2076_b,NIRISS_SOSS,obs10,SOSS_HDU3_ordem_1,jw05959010001_04102_00001-seg007_nis_x1dints.fits,seg007,3,210,60783.26660095277,TDB-MID,2054.953932667485,0.14461250446463872,2038,0.8515347326686116,2.827786714826026,2930,1.0014086876206112,1.0011816005880774
TOI-2076_b,NIRISS_SOSS,obs10,SOSS_HDU3_ordem_1,jw05959010001_04102_00001-seg007_nis_x1dints.fits,seg007,3,211,60783.26667802577,TDB-MID,2054.9671006509616,0.14461357404389485,2038,0.8515347326686116,2.827786714826026,2931,1.001415104568866,1.0011880160811764
TOI-2076_b,NIRISS_SOSS,obs10,SOSS_HDU3_ordem_1,jw05959010001_04102_00001-seg007_nis_x1dints.fits,seg007,3,212,60783.26675509877,TDB-MID,2055.942971868686,0.144613901167211,2038,0.8515347326686116,2.827786714826026,2932,1.0018906606871287,1.0016634643587252
TOI-2076_b,NIRISS_SOSS,obs10,SOSS_HDU3_ordem_1,jw05959010001_04102_00001-seg007_nis_x1dints.fits,seg007,3,213,60783.26683217177,TDB-MID,2050.2152165050943,0.14460624728410684,2038,0.8515347326686116,2.827786714826026,2933,0.9990994428936376,0.9988728795229602
TOI-2076_b,NIRISS_SOSS,obs10,SOSS_HDU3_ordem_1,jw05959010001_04102_00001-seg007_nis_x1dints.fits,seg007,3,214,60783.26690924477,TDB-MID,2044.6262863553825,0.14459289226108263,2038,0.8515347326686116,2.827786714826026,2934,0.996375876628986,0.9961499308748608
TOI-2076_b,NIRISS_SOSS,obs10,SOSS_HDU3_ordem_1,jw05959010001_04102_00001-seg007_nis_x1dints.fits,seg007,3,215,60783.266986317765,TDB-MID,2047.8775638394804,0.14459987392352003,2038,0.8515347326686116,2.827786714826026,2935,0.9979602710364143,0.997733965992991
TOI-2076_b,NIRISS_SOSS,obs10,SOSS_HDU3_ordem_1,jw05959010001_04102_00001-seg007_nis_x1dints.fits,seg007,3,216,60783.26706339076,TDB-MID,2051.064688691682,0.14460596052535651,2038,0.8515347326686116,2.827786714826026,2936,0.9995134029411199,0.999286745697721
TOI-2076_b,NIRISS_SOSS,obs10,SOSS_HDU3_ordem_1,jw05959010001_04102_00001-seg007_nis_x1dints.fits,seg007,3,217,60783.267140463766,TDB-MID,2056.2766603043415,0.14461768093224023,2038,0.8515347326686116,2.827786714826026,2937,1.0020532718742274,1.0018260386708773
TOI-2076_b,NIRISS_SOSS,obs10,SOSS_HDU3_ordem_1,jw05959010001_04102_00001-seg007_nis_x1dints.fits,seg007,3,218,60783.26721753676,TDB-MID,2053.5594489010873,0.14461449727148784,2038,0.8515347326686116,2.827786714826026,2938,1.0007291355702137,1.0005022026380592
TOI-2076_b,NIRISS_SOSS,obs10,SOSS_HDU3_ordem_1,jw05959010001_04102_00001-seg007_nis_x1dints.fits,seg007,3,219,60783.26729460977,TDB-MID,2052.7191787279203,0.1446099783478585,2038,0.8515347326686116,2.827786714826026,2939,1.0003196597965813,1.0000928197202603
TOI-2076_b,NIRISS_SOSS,obs10,SOSS_HDU3_ordem_1,jw05959010001_04102_00001-seg007_nis_x1dints.fits,seg007,3,220,60783.26737168276,TDB-MID,2056.5088408187125,0.14461716914355582,2038,0.8515347326686116,2.827786714826026,2940,1.0021664167873523,1.001939157926403
TOI-2076_b,NIRISS_SOSS,obs10,SOSS_HDU3_ordem_1,jw05959010001_04102_00001-seg007_nis_x1dints.fits,seg007,3,221,60783.26744875576,TDB-MID,2050.8095737075037,0.1446058793896721,2038,0.8515347326686116,2.827786714826026,2941,0.9993890817301004,0.9991624526787227
TOI-2076_b,NIRISS_SOSS,obs10,SOSS_HDU3_ordem_1,jw05959010001_04102_00001-seg007_nis_x1dints.fits,seg007,3,222,60783.26752582876,TDB-MID,2050.5019377245517,0.1446049962217718,2038,0.8515347326686116,2.827786714826026,2942,0.9992391662789287,0.9990125712235164
TOI-2076_b,NIRISS_SOSS,obs10,SOSS_HDU3_ordem_1,jw05959010001_04102_00001-seg007_nis_x1dints.fits,seg007,3,223,60783.26760290176,TDB-MID,2057.8320590047515,0.14461947042350892,2038,0.8515347326686116,2.827786714826026,2943,1.0028112400926597,1.002583835006685
TOI-2076_b,NIRISS_SOSS,obs10,SOSS_HDU3_ordem_1,jw05959010001_04102_00001-seg007_nis_x1dints.fits,seg007,3,224,60783.267679974764,TDB-MID,2059.9187269232116,0.14462715880892574,2038,0.8515347326686116,2.827786714826026,2944,1.0038281034629313,1.0036004677853028
TOI-2076_b,NIRISS_SOSS,obs10,SOSS_HDU3_ordem_1,jw05959010001_04102_00001-seg007_nis_x1dints.fits,seg007,3,225,60783.26775704776,TDB-MID,2054.1564363012203,0.1446116365139308,2038,0.8515347326686116,2.827786714826026,2945,1.0010200561399596,1.0007930572364492
TOI-2076_b,NIRISS_SOSS,obs10,SOSS_HDU3_ordem_1,jw05959010001_04102_00001-seg007_nis_x1dints.fits,seg007,3,226,60783.267834120765,TDB-MID,2053.824585157474,0.1446137473616032,2038,0.8515347326686116,2.827786714826026,2946,1.0008583402917055,1.000631378060108
TOI-2076_b,NIRISS_SOSS,obs10,SOSS_HDU3_ordem_1,jw05959010001_04102_00001-seg007_nis_x1dints.fits,seg007,3,227,60783.267911193754,TDB-MID,2052.8468321826713,0.1446140556218266,2038,0.8515347326686116,2.827786714826026,2947,1.0003818671660802,1.000155012983144
TOI-2076_b,NIRISS_SOSS,obs10,SOSS_HDU3_ordem_1,jw05959010001_04102_00001-seg007_nis_x1dints.fits,seg007,3,228,60783.26798826676,TDB-MID,2052.6452040964255,0.1446133015101373,2038,0.8515347326686116,2.827786714826026,2948,1.0002836108918032,1.0000567789902053
TOI-2076_b,NIRISS_SOSS,obs10,SOSS_HDU3_ordem_1,jw05959010001_04102_00001-seg007_nis_x1dints.fits,seg007,3,229,60783.268065339755,TDB-MID,2054.28592335463,0.14461334112380195,2038,0.8515347326686116,2.827786714826026,2949,1.0010831570485288,1.0008561438357775
TOI-2076_b,NIRISS_SOSS,obs10,SOSS_HDU3_ordem_1,jw05959010001_04102_00001-seg007_nis_x1dints.fits,seg007,3,230,60783.26814241276,TDB-MID,2042.1323675283586,0.14458933586123865,2038,0.8515347326686116,2.827786714826026,2950,0.9951605540176609,0.9949348838593127
TOI-2076_b,NIRISS_SOSS,obs10,SOSS_HDU3_ordem_1,jw05959010001_04102_00001-seg007_nis_x1dints.fits,seg007,3,231,60783.268219485755,TDB-MID,2052.6004969478668,0.14462481023584486,2038,0.8515347326686116,2.827786714826026,2951,1.0002618244535508,1.000034997492411
TOI-2076_b,NIRISS_SOSS,obs10,SOSS_HDU3_ordem_1,jw05959010001_04102_00001-seg007_nis_x1dints.fits,seg007,3,232,60783.26829655875,TDB-MID,2053.1177430431935,0.14461800634776206,2038,0.8515347326686116,2.827786714826026,2952,1.0005138859354477,1.0002870018149337
TOI-2076_b,NIRISS_SOSS,obs10,SOSS_HDU3_ordem_1,jw05959010001_04102_00001-seg007_nis_x1dints.fits,seg007,3,233,60783.268373631756,TDB-MID,2054.901226398031,0.1446162652892654,2038,0.8515347326686116,2.827786714826026,2953,1.0013830030953847,1.0011559218872685
TOI-2076_b,NIRISS_SOSS,obs10,SOSS_HDU3_ordem_1,jw05959010001_04102_00001-seg007_nis_x1dints.fits,seg007,3,234,60783.26845070475,TDB-MID,2049.7728532357555,0.14460422160793113,2038,0.8515347326686116,2.827786714826026,2954,0.9988838728927932,0.998657358406405
TOI-2076_b,NIRISS_SOSS,obs10,SOSS_HDU3_ordem_1,jw05959010001_04102_00001-seg007_nis_x1dints.fits,seg007,3,235,60783.26852777776,TDB-MID,2054.323289364377,0.14461281901020384,2038,0.8515347326686116,2.827786714826026,2955,1.0011013660439654,1.0008743487020042
TOI-2076_b,NIRISS_SOSS,obs10,SOSS_HDU3_ordem_1,jw05959010001_04102_00001-seg007_nis_x1dints.fits,seg007,3,236,60783.26860485075,TDB-MID,2054.075112178065,0.1446138665840688,2038,0.8515347326686116,2.827786714826026,2956,1.000980425721902,1.0007534358052859
TOI-2076_b,NIRISS_SOSS,obs10,SOSS_HDU3_ordem_1,jw05959010001_04102_00001-seg007_nis_x1dints.fits,seg007,3,237,60783.26868192376,TDB-MID,2055.184300336381,0.1446170686214183,2038,0.8515347326686116,2.827786714826026,2957,1.0015209491079917,1.0012938366181912
TOI-2076_b,NIRISS_SOSS,obs10,SOSS_HDU3_ordem_1,jw05959010001_04102_00001-seg007_nis_x1dints.fits,seg007,3,238,60783.26875899675,TDB-MID,2048.6874365584263,0.14460768417936287,2038,0.8515347326686116,2.827786714826026,2958,0.9983549336922172,0.9981285391520955
TOI-2076_b,NIRISS_SOSS,obs10,SOSS_HDU3_ordem_1,jw05959010001_04102_00001-seg007_nis_x1dints.fits,seg007,3,239,60783.26883606976,TDB-MID,2059.1997785674357,0.14462450875912308,2038,0.8515347326686116,2.827786714826026,2959,1.0034777495605982,1.0032501933318791
TOI-2076_b,NIRISS_SOSS,obs10,SOSS_HDU3_ordem_1,jw05959010001_04102_00001-seg007_nis_x1dints.fits,seg007,3,240,60783.26891314275,TDB-MID,2052.614643872423,0.14460910768555915,2038,0.8515347326686116,2.827786714826026,2960,1.0002687184539119,1.000041889929436
TOI-2076_b,NIRISS_SOSS,obs10,SOSS_HDU3_ordem_1,jw05959010001_04102_00001-seg007_nis_x1dints.fits,seg007,3,241,60783.26899021574,TDB-MID,2048.561320306192,0.14459843156604205,2038,0.8515347326686116,2.827786714826026,2961,0.9982934754236742,0.9980670948202958
TOI-2076_b,NIRISS_SOSS,obs10,SOSS_HDU3_ordem_1,jw05959010001_04102_00001-seg007_nis_x1dints.fits,seg007,3,242,60783.26906728875,TDB-MID,2052.5211793564176,0.14460820020366486,2038,0.8515347326686116,2.827786714826026,2962,1.0002231718473316,0.9999963536513499
TOI-2076_b,NIRISS_SOSS,obs10,SOSS_HDU3_ordem_1,jw05959010001_04102_00001-seg007_nis_x1dints.fits,seg007,3,243,60783.269144361744,TDB-MID,2046.8149153861646,0.14459589305221165,2038,0.8515347326686116,2.827786714826026,2963,0.9974424271197597,0.9972162395065524
TOI-2076_b,NIRISS_SOSS,obs10,SOSS_HDU3_ordem_1,jw05959010001_04102_00001-seg007_nis_x1dints.fits,seg007,3,244,60783.26922143475,TDB-MID,2049.8787380952763,0.14460124264555999,2038,0.8515347326686116,2.827786714826026,2964,0.998935472111893,0.9987089459244742
TOI-2076_b,NIRISS_SOSS,obs10,SOSS_HDU3_ordem_1,jw05959010001_04102_00001-seg007_nis_x1dints.fits,seg007,3,245,60783.269298507745,TDB-MID,2057.4809184575815,0.14461963702509104,2038,0.8515347326686116,2.827786714826026,2965,1.0026401242399283,1.0024127579574829
TOI-2076_b,NIRISS_SOSS,obs10,SOSS_HDU3_ordem_1,jw05959010001_04102_00001-seg007_nis_x1dints.fits,seg007,3,246,60783.26937558075,TDB-MID,2054.1827522482295,0.14461305414394565,2038,0.8515347326686116,2.827786714826026,2966,1.0010328802804618,1.000805878468852
TOI-2076_b,NIRISS_SOSS,obs10,SOSS_HDU3_ordem_1,jw05959010001_04102_00001-seg007_nis_x1dints.fits,seg007,3,247,60783.269452653745,TDB-MID,2058.2344089804797,0.14462006845931924,2038,0.8515347326686116,2.827786714826026,2967,1.0030073110384619,1.0027798614899517
TOI-2076_b,NIRISS_SOSS,obs10,SOSS_HDU3_ordem_1,jw05959010001_04102_00001-seg007_nis_x1dints.fits,seg007,3,248,60783.26952972675,TDB-MID,2050.316966562754,0.14460434421315121,2038,0.8515347326686116,2.827786714826026,2968,0.9991490271641589,0.9989224525493761
TOI-2076_b,NIRISS_SOSS,obs10,SOSS_HDU3_ordem_1,jw05959010001_04102_00001-seg007_nis_x1dints.fits,seg007,3,249,60783.269606799746,TDB-MID,2059.2362037440516,0.1446221137771756,2038,0.8515347326686116,2.827786714826026,2969,1.0034955000744816,1.0032679398205213
TOI-2076_b,NIRISS_SOSS,obs10,SOSS_HDU3_ordem_1,jw05959010001_04102_00001-seg007_nis_x1dints.fits,seg007,3,250,60783.26968387274,TDB-MID,2064.5864386001113,0.14463459227746406,2038,0.8515347326686116,2.827786714826026,2970,1.0061027466801093,1.0058745951871253
TOI-2076_b,NIRISS_SOSS,obs10,SOSS_HDU3_ordem_1,jw05959010001_04102_00001-seg007_nis_x1dints.fits,seg007,3,251,60783.26976094574,TDB-MID,2056.0644032475616,0.14461638156357537,2038,0.8515347326686116,2.827786714826026,2971,1.0019498359493197,1.0017226262018846
TOI-2076_b,NIRISS_SOSS,obs10,SOSS_HDU3_ordem_1,jw05959010001_04102_00001-seg007_nis_x1dints.fits,seg007,3,252,60783.269838018736,TDB-MID,2052.890542707536,0.1446098938412232,2038,0.8515347326686116,2.827786714826026,2972,1.0004031679352332,1.000176308921973
TOI-2076_b,NIRISS_SOSS,obs10,SOSS_HDU3_ordem_1,jw05959010001_04102_00001-seg007_nis_x1dints.fits,seg007,3,253,60783.26991509174,TDB-MID,2058.067314288569,0.14462007743430083,2038,0.8515347326686116,2.827786714826026,2973,1.0029258833852797,1.002698452301922
TOI-2076_b,NIRISS_SOSS,obs10,SOSS_HDU3_ordem_1,jw05959010001_04102_00001-seg007_nis_x1dints.fits,seg007,3,254,60783.269992164736,TDB-MID,2056.7753469278096,0.14461823789024625,2038,0.8515347326686116,2.827786714826026,2974,1.0022962890578258,1.0020690007460549
TOI-2076_b,NIRISS_SOSS,obs10,SOSS_HDU3_ordem_1,jw05959010001_04102_00001-seg007_nis_x1dints.fits,seg007,3,255,60783.27006923774,TDB-MID,2051.0769641780917,0.14460850155511829,2038,0.8515347326686116,2.827786714826026,2975,0.9995193849626824,0.9992927263627551
TOI-2076_b,NIRISS_SOSS,obs10,SOSS_HDU3_ordem_1,jw05959010001_04102_00001-seg007_nis_x1dints.fits,seg007,3,256,60783.27014631074,TDB-MID,2056.208964834008,0.1446162055509651,2038,0.8515347326686116,2.827786714826026,2976,1.00202028289524,1.0017930571727212
TOI-2076_b,NIRISS_SOSS,obs10,SOSS_HDU3_ordem_1,jw05959010001_04102_00001-seg007_nis_x1dints.fits,seg007,3,257,60783.27022338373,TDB-MID,2051.0235406627016,0.14460796131270479,2038,0.8515347326686116,2.827786714826026,2977,0.9994933509131672,0.9992666982169184
TOI-2076_b,NIRISS_SOSS,obs10,SOSS_HDU3_ordem_1,jw05959010001_04102_00001-seg007_nis_x1dints.fits,seg007,3,258,60783.27030045674,TDB-MID,2053.446090599854,0.1446099440673525,2038,0.8515347326686116,2.827786714826026,2978,1.0006738944351867,1.000446974029931
TOI-2076_b,NIRISS_SOSS,obs10,SOSS_HDU3_ordem_1,jw05959010001_04102_00001-seg007_nis_x1dints.fits,seg007,3,259,60783.270377529734,TDB-MID,2051.4372248631144,0.1446080705230573,2038,0.8515347326686116,2.827786714826026,2979,0.9996949451901186,0.999468246778822
TOI-2076_b,NIRISS_SOSS,obs10,SOSS_HDU3_ordem_1,jw05959010001_04102_00001-seg007_nis_x1dints.fits,seg007,3,260,60783.27045460274,TDB-MID,2048.884525723704,0.14460277318145973,2038,0.8515347326686116,2.827786714826026,2980,0.9984509780848468,0.99822456176497
TOI-2076_b,NIRISS_SOSS,obs10,SOSS_HDU3_ordem_1,jw05959010001_04102_00001-seg007_nis_x1dints.fits,seg007,3,261,60783.270531675735,TDB-MID,2059.3380881958437,0.1446252826171036,2038,0.8515347326686116,2.827786714826026,2981,1.0035451498372019,1.0033175783242847
TOI-2076_b,NIRISS_SOSS,obs10,SOSS_HDU3_ordem_1,jw05959010001_04102_00001-seg007_nis_x1dints.fits,seg007,3,262,60783.27060874874,TDB-MID,2053.3433378023437,0.14461152792524065,2038,0.8515347326686116,2.827786714826026,2982,1.0006238215150747,1.0003969124647345
TOI-2076_b,NIRISS_SOSS,obs10,SOSS_HDU3_ordem_1,jw05959010001_04102_00001-seg007_nis_x1dints.fits,seg007,3,263,60783.270685821735,TDB-MID,2052.431770098238,0.1446101943032447,2038,0.8515347326686116,2.827786714826026,2983,1.0001796014263737,0.9999527931107515
TOI-2076_b,NIRISS_SOSS,obs10,SOSS_HDU3_ordem_1,jw05959010001_04102_00001-seg007_nis_x1dints.fits,seg007,3,264,60783.270762894725,TDB-MID,2048.1613179637557,0.14460050303296385,2038,0.8515347326686116,2.827786714826026,2984,0.9980985485134322,0.9978722121131591
TOI-2076_b,NIRISS_SOSS,obs10,SOSS_HDU3_ordem_1,jw05959010001_04102_00001-seg007_nis_x1dints.fits,seg007,3,265,60783.27083996773,TDB-MID,2052.7660594512545,0.14461267814976173,2038,0.8515347326686116,2.827786714826026,2985,1.0003425054491688,1.0001156601921941
TOI-2076_b,NIRISS_SOSS,obs10,SOSS_HDU3_ordem_1,jw05959010001_04102_00001-seg007_nis_x1dints.fits,seg007,3,266,60783.270917040725,TDB-MID,2049.740352685161,0.144606772632416,2038,0.8515347326686116,2.827786714826026,2986,0.9988680349057705,0.9986415240109243
TOI-2076_b,NIRISS_SOSS,obs10,SOSS_HDU3_ordem_1,jw05959010001_04102_00001-seg007_nis_x1dints.fits,seg007,3,267,60783.27099411373,TDB-MID,2057.3753921776806,0.14462115326526576,2038,0.8515347326686116,2.827786714826026,2987,1.0025886997618487,1.002361345140808
TOI-2076_b,NIRISS_SOSS,obs10,SOSS_HDU3_ordem_1,jw05959010001_04102_00001-seg007_nis_x1dints.fits,seg007,3,268,60783.271071186726,TDB-MID,2046.4556588287178,0.1445997808716037,2038,0.8515347326686116,2.827786714826026,2988,0.9972673562181728,0.9970412083053715
TOI-2076_b,NIRISS_SOSS,obs10,SOSS_HDU3_ordem_1,jw05959010001_04102_00001-seg007_nis_x1dints.fits,seg007,3,269,60783.27114825973,TDB-MID,2049.7664893880706,0.14460425209254227,2038,0.8515347326686116,2.827786714826026,2989,0.9988807716980379,0.9986542579149001
TOI-2076_b,NIRISS_SOSS,obs10,SOSS_HDU3_ordem_1,jw05959010001_04102_00001-seg007_nis_x1dints.fits,seg007,3,270,60783.271225332726,TDB-MID,2046.8493297428088,0.1445984665824745,2038,0.8515347326686116,2.827786714826026,2990,0.997459197732071,0.9972330063158324
TOI-2076_b,NIRISS_SOSS,obs10,SOSS_HDU3_ordem_1,jw05959010001_04102_00001-seg007_nis_x1dints.fits,seg007,3,271,60783.27130240572,TDB-MID,2053.1630156852952,0.14461402481876048,2038,0.8515347326686116,2.827786714826026,2991,1.000535947946859,1.0003090588233958
TOI-2076_b,NIRISS_SOSS,obs10,SOSS_HDU3_ordem_1,jw05959010001_04102_00001-seg007_nis_x1dints.fits,seg007,3,272,60783.27137947873,TDB-MID,2049.891847499229,0.14460867112217493,2038,0.8515347326686116,2.827786714826026,2992,0.9989418605135009,0.9987153328773998
TOI-2076_b,NIRISS_SOSS,obs10,SOSS_HDU3_ordem_1,jw05959010001_04102_00001-seg007_nis_x1dints.fits,seg007,3,273,60783.27145655172,TDB-MID,2044.364480198006,0.14459332651906148,2038,0.8515347326686116,2.827786714826026,2993,0.9962482947127681,0.9960223778900862
TOI-2076_b,NIRISS_SOSS,obs10,SOSS_HDU3_ordem_1,jw05959010001_04102_00001-seg007_nis_x1dints.fits,seg007,3,274,60783.27153362473,TDB-MID,2056.789826918424,0.14462099518520335,2038,0.8515347326686116,2.827786714826026,2994,1.0023033453660801,1.0020760554541674
TOI-2076_b,NIRISS_SOSS,obs10,SOSS_HDU3_ordem_1,jw05959010001_04102_00001-seg007_nis_x1dints.fits,seg007,3,275,60783.27161069772,TDB-MID,2049.0512465108814,0.14460438953968913,2038,0.8515347326686116,2.827786714826026,2995,0.9985322235288602,0.9983057887851499
TOI-2076_b,NIRISS_SOSS,obs10,SOSS_HDU3_ordem_1,jw05959010001_04102_00001-seg007_nis_x1dints.fits,seg007,3,276,60783.27168777072,TDB-MID,2051.002012857264,0.14460491587402316,2038,0.8515347326686116,2.827786714826026,2996,0.9994828601031067,0.9992562097858336
TOI-2076_b,NIRISS_SOSS,obs10,SOSS_HDU3_ordem_1,jw05959010001_04102_00001-seg007_nis_x1dints.fits,seg007,3,277,60783.27176484372,TDB-MID,2051.50055184473,0.14460564174969345,2038,0.8515347326686116,2.827786714826026,2997,0.9997258053415521,0.9994990999321732
TOI-2076_b,NIRISS_SOSS,obs10,SOSS_HDU3_ordem_1,jw05959010001_04102_00001-seg007_nis_x1dints.fits,seg007,3,278,60783.271841916714,TDB-MID,2049.913017169888,0.14460173081582353,2038,0.8515347326686116,2.827786714826026,2998,0.9989521767993189,0.9987256468238185
TOI-2076_b,NIRISS_SOSS,obs10,SOSS_HDU3_ordem_1,jw05959010001_04102_00001-seg007_nis_x1dints.fits,seg007,3,279,60783.27191898972,TDB-MID,2048.5240482586923,0.1445996557865412,2038,0.8515347326686116,2.827786714826026,2999,0.9982753122173957,0.9980489357328439
TOI-2076_b,NIRISS_SOSS,obs10,SOSS_HDU3_ordem_1,jw05959010001_04102_00001-seg007_nis_x1dints.fits,seg007,3,280,60783.271996062715,TDB-MID,2061.202859147166,0.14463383072837083,2038,0.8515347326686116,2.827786714826026,3000,1.004453879615223,1.004226102031846
TOI-2076_b,NIRISS_SOSS,obs10,SOSS_HDU3_ordem_1,jw05959010001_04102_00001-seg007_nis_x1dints.fits,seg007,3,281,60783.27207313572,TDB-MID,2054.5191693385714,0.14461286840075435,2038,0.8515347326686116,2.827786714826026,3001,1.0011968211803413,1.000969782192249
TOI-2076_b,NIRISS_SOSS,obs10,SOSS_HDU3_ordem_1,jw05959010001_04102_00001-seg007_nis_x1dints.fits,seg007,3,282,60783.272150208715,TDB-MID,2048.523573002014,0.1445999827038934,2038,0.8515347326686116,2.827786714826026,3002,0.9982750806179623,0.9980487041859297
TOI-2076_b,NIRISS_SOSS,obs10,SOSS_HDU3_ordem_1,jw05959010001_04102_00001-seg007_nis_x1dints.fits,seg007,3,283,60783.27222728171,TDB-MID,2048.0109878300964,0.1445999669888245,2038,0.8515347326686116,2.827786714826026,3003,0.9980252904712618,0.9977989706835382
TOI-2076_b,NIRISS_SOSS,obs10,SOSS_HDU3_ordem_1,jw05959010001_04102_00001-seg007_nis_x1dints.fits,seg007,3,284,60783.272304354716,TDB-MID,2055.9631774456307,0.1446169212740271,2038,0.8515347326686116,2.827786714826026,3004,1.0019005071561757,1.001673308594912
TOI-2076_b,NIRISS_SOSS,obs10,SOSS_HDU3_ordem_1,jw05959010001_04102_00001-seg007_nis_x1dints.fits,seg007,3,285,60783.27238142771,TDB-MID,2056.8010199622063,0.14462226320808894,2038,0.8515347326686116,2.827786714826026,3005,1.0023087998977398,1.002081508748916
TOI-2076_b,NIRISS_SOSS,obs10,SOSS_HDU3_ordem_1,jw05959010001_04102_00001-seg007_nis_x1dints.fits,seg007,3,286,60783.272458500716,TDB-MID,2048.0855012836573,0.14459957822581654,2038,0.8515347326686116,2.827786714826026,3006,0.9980616019518037,0.9978352739298133
TOI-2076_b,NIRISS_SOSS,obs10,SOSS_HDU3_ordem_1,jw05959010001_04102_00001-seg007_nis_x1dints.fits,seg007,3,287,60783.27253557371,TDB-MID,2062.9524123375477,0.14462928636330083,2038,0.8515347326686116,2.827786714826026,3007,1.005306462116685,1.0050784911952306
TOI-2076_b,NIRISS_SOSS,obs10,SOSS_HDU3_ordem_1,jw05959010001_04102_00001-seg007_nis_x1dints.fits,seg007,3,288,60783.2726126467,TDB-MID,2043.4287131237963,0.1445912615198077,2038,0.8515347326686116,2.827786714826026,3008,0.9957922819220159,0.9955664685082546
TOI-2076_b,NIRISS_SOSS,obs10,SOSS_HDU3_ordem_1,jw05959010001_04102_00001-seg007_nis_x1dints.fits,seg007,3,289,60783.272689719706,TDB-MID,2046.182189567381,0.14459734750063133,2038,0.8515347326686116,2.827786714826026,3009,0.9971340907031915,0.9969079730106896
TOI-2076_b,NIRISS_SOSS,obs10,SOSS_HDU3_ordem_1,jw05959010001_04102_00001-seg007_nis_x1dints.fits,seg007,3,290,60783.2727667927,TDB-MID,2055.7605019064204,0.14461793059164582,2038,0.8515347326686116,2.827786714826026,3010,1.0018017404429629,1.0015745642787885
TOI-2076_b,NIRISS_SOSS,obs10,SOSS_HDU3_ordem_1,jw05959010001_04102_00001-seg007_nis_x1dints.fits,seg007,3,291,60783.27284386571,TDB-MID,2052.237177418212,0.14460824026397526,2038,0.8515347326686116,2.827786714826026,3011,1.0000847736070113,0.9998579867952648
TOI-2076_b,NIRISS_SOSS,obs10,SOSS_HDU3_ordem_1,jw05959010001_04102_00001-seg007_nis_x1dints.fits,seg007,3,292,60783.2729209387,TDB-MID,2055.4541427247286,0.1446167815950705,2038,0.8515347326686116,2.827786714826026,3012,1.001652447195459,1.0014253048861546
TOI-2076_b,NIRISS_SOSS,obs10,SOSS_HDU3_ordem_1,jw05959010001_04102_00001-seg007_nis_x1dints.fits,seg007,3,293,60783.2729980117,TDB-MID,2062.1995468622963,0.14462932616252613,2038,0.8515347326686116,2.827786714826026,3013,1.004939579912884,1.004711692188422
TOI-2076_b,NIRISS_SOSS,obs10,SOSS_HDU3_ordem_1,jw05959010001_04102_00001-seg007_nis_x1dints.fits,seg007,3,294,60783.273075084704,TDB-MID,2053.2581060919442,0.1446113649665793,2038,0.8515347326686116,2.827786714826026,3014,1.0005822868733985,1.0003553872417685
TOI-2076_b,NIRISS_SOSS,obs10,SOSS_HDU3_ordem_1,jw05959010001_04102_00001-seg007_nis_x1dints.fits,seg007,3,295,60783.2731521577,TDB-MID,2053.569209215476,0.1446106678121964,2038,0.8515347326686116,2.827786714826026,3015,1.000733891912177,1.0005069579014383
TOI-2076_b,NIRISS_SOSS,obs10,SOSS_HDU3_ordem_1,jw05959010001_04102_00001-seg007_nis_x1dints.fits,seg007,3,296,60783.273229230705,TDB-MID,2055.8370337922825,0.14461678843998127,2038,0.8515347326686116,2.827786714826026,3016,1.0018390355346747,1.0016118509131824
TOI-2076_b,NIRISS_SOSS,obs10,SOSS_HDU3_ordem_1,jw05959010001_04102_00001-seg007_nis_x1dints.fits,seg007,3,297,60783.2733063037,TDB-MID,2052.102311335469,0.1446101401073197,2038,0.8515347326686116,2.827786714826026,3017,1.0000190514198726,0.999792279511788
TOI-2076_b,NIRISS_SOSS,obs10,SOSS_HDU3_ordem_1,jw05959010001_04102_00001-seg007_nis_x1dints.fits,seg007,3,298,60783.2733833767,TDB-MID,2057.9999709810572,0.14462405254023283,2038,0.8515347326686116,2.827786714826026,3018,1.0028930660203144,1.0026656423788713
TOI-2076_b,NIRISS_SOSS,obs10,SOSS_HDU3_ordem_1,jw05959010001_04102_00001-seg007_nis_x1dints.fits,seg007,3,299,60783.2734604497,TDB-MID,2052.98674244488,0.1446116870604364,2038,0.8515347326686116,2.827786714826026,3019,1.0004500474546187,1.000223177810603
TOI-2076_b,NIRISS_SOSS,obs10,SOSS_HDU3_ordem_1,jw05959010001_04102_00001-seg007_nis_x1dints.fits,seg007,3,300,60783.27353752269,TDB-MID,2049.8944143131275,0.14460708764564192,2038,0.8515347326686116,2.827786714826026,3020,0.998943111358932,0.9987165834391796
TOI-2076_b,NIRISS_SOSS,obs10,SOSS_HDU3_ordem_1,jw05959010001_04102_00001-seg007_nis_x1dints.fits,seg007,3,301,60783.273614595695,TDB-MID,2055.9964428311378,0.14461860196514248,2038,0.8515347326686116,2.827786714826026,3021,1.0019167178582815,1.0016895156209562
TOI-2076_b,NIRISS_SOSS,obs10,SOSS_HDU3_ordem_1,jw05959010001_04102_00001-seg007_nis_x1dints.fits,seg007,3,302,60783.27369166869,TDB-MID,2054.138217639079,0.1446209007044974,2038,0.8515347326686116,2.827786714826026,3022,1.0010111779231514,1.0007841810329328
TOI-2076_b,NIRISS_SOSS,obs10,SOSS_HDU3_ordem_1,jw05959010001_04102_00001-seg007_nis_x1dints.fits,seg007,3,303,60783.27376874169,TDB-MID,2053.9348123437157,0.1446126572969051,2038,0.8515347326686116,2.827786714826026,3023,1.0009120555892408,1.0006850811767547
TOI-2076_b,NIRISS_SOSS,obs10,SOSS_HDU3_ordem_1,jw05959010001_04102_00001-seg007_nis_x1dints.fits,seg007,3,304,60783.27384581469,TDB-MID,2055.688964800096,0.14461604778477896,2038,0.8515347326686116,2.827786714826026,3024,1.0017668793793537,1.0015397111205389
TOI-2076_b,NIRISS_SOSS,obs10,SOSS_HDU3_ordem_1,jw05959010001_04102_00001-seg007_nis_x1dints.fits,seg007,3,305,60783.27392288769,TDB-MID,2051.5241260650128,0.14460448186705424,2038,0.8515347326686116,2.827786714826026,3025,0.9997372933990796,0.9995105853845817
TOI-2076_b,NIRISS_SOSS,obs10,SOSS_HDU3_ordem_1,jw05959010001_04102_00001-seg007_nis_x1dints.fits,seg007,3,306,60783.27399996069,TDB-MID,2052.8542790833817,0.14460894216793718,2038,0.8515347326686116,2.827786714826026,3026,1.0003854961481944,1.0001586411423227
TOI-2076_b,NIRISS_SOSS,obs10,SOSS_HDU3_ordem_1,jw05959010001_04102_00001-seg007_nis_x1dints.fits,seg007,3,307,60783.27407703369,TDB-MID,2051.847041427587,0.14460747502198898,2038,0.8515347326686116,2.827786714826026,3027,0.9998946547122981,0.9996679110133547
TOI-2076_b,NIRISS_SOSS,obs10,SOSS_HDU3_ordem_1,jw05959010001_04102_00001-seg007_nis_x1dints.fits,seg007,3,308,60783.274154106686,TDB-MID,2057.7412272601377,0.14461709674738435,2038,0.8515347326686116,2.827786714826026,3028,1.0027669764735478,1.0025395814251272
TOI-2076_b,NIRISS_SOSS,obs10,SOSS_HDU3_ordem_1,jw05959010001_04102_00001-seg007_nis_x1dints.fits,seg007,3,309,60783.27423117969,TDB-MID,2060.4926734398687,0.14462546036204718,2038,0.8515347326686116,2.827786714826026,3029,1.0041077958778672,1.0038800967750645
TOI-2076_b,NIRISS_SOSS,obs10,SOSS_HDU3_ordem_1,jw05959010001_04102_00001-seg007_nis_x1dints.fits,seg007,3,310,60783.27430825269,TDB-MID,2052.3675965890684,0.14460797680234747,2038,0.8515347326686116,2.827786714826026,3030,1.000148328749855,0.999921527525862
TOI-2076_b,NIRISS_SOSS,obs10,SOSS_HDU3_ordem_1,jw05959010001_04102_00001-seg007_nis_x1dints.fits,seg007,3,311,60783.27438532568,TDB-MID,2051.993446481847,0.14460650302084965,2038,0.8515347326686116,2.827786714826026,3031,0.9999660000066704,0.9997392401289267
TOI-2076_b,NIRISS_SOSS,obs10,SOSS_HDU3_ordem_1,jw05959010001_04102_00001-seg007_nis_x1dints.fits,seg007,3,312,60783.27446239868,TDB-MID,2056.85233749916,0.14461613633933915,2038,0.8515347326686116,2.827786714826026,3032,1.002333807673591,1.0021065108538143
TOI-2076_b,NIRISS_SOSS,obs10,SOSS_HDU3_ordem_1,jw05959010001_04102_00001-seg007_nis_x1dints.fits,seg007,3,313,60783.27453947168,TDB-MID,2055.790207787989,0.14461643768321664,2038,0.8515347326686116,2.827786714826026,3033,1.0018162165474649,1.0015890371005793
TOI-2076_b,NIRISS_SOSS,obs10,SOSS_HDU3_ordem_1,jw05959010001_04102_00001-seg007_nis_x1dints.fits,seg007,3,314,60783.27461654468,TDB-MID,2056.440271602254,0.1446229668241546,2038,0.8515347326686116,2.827786714826026,3034,1.0021330020192774,1.0019057507357145
TOI-2076_b,NIRISS_SOSS,obs10,SOSS_HDU3_ordem_1,jw05959010001_04102_00001-seg007_nis_x1dints.fits,seg007,3,315,60783.27469361768,TDB-MID,2047.6427018468942,0.1445990322289767,2038,0.8515347326686116,2.827786714826026,3035,0.9978458194002832,0.9976195403107814
TOI-2076_b,NIRISS_SOSS,obs10,SOSS_HDU3_ordem_1,jw05959010001_04102_00001-seg007_nis_x1dints.fits,seg007,3,316,60783.274770690674,TDB-MID,2056.4079294282064,0.14461491655921424,2038,0.8515347326686116,2.827786714826026,3036,1.00211724121143,1.0018899935019074
TOI-2076_b,NIRISS_SOSS,obs10,SOSS_HDU3_ordem_1,jw05959010001_04102_00001-seg007_nis_x1dints.fits,seg007,3,317,60783.27484776368,TDB-MID,2050.3024326798122,0.14460709260790422,2038,0.8515347326686116,2.827786714826026,3037,0.999141944593396,0.9989153715847107
TOI-2076_b,NIRISS_SOSS,obs10,SOSS_HDU3_ordem_1,jw05959010001_04102_00001-seg007_nis_x1dints.fits,seg007,3,318,60783.274924836674,TDB-MID,2059.1340817432074,0.1446241607625925,2038,0.8515347326686116,2.827786714826026,3038,1.0034457345506822,1.0032181855819298
TOI-2076_b,NIRISS_SOSS,obs10,SOSS_HDU3_ordem_1,jw05959010001_04102_00001-seg007_nis_x1dints.fits,seg007,3,319,60783.27500190968,TDB-MID,2048.325011484527,0.1446021906524859,2038,0.8515347326686116,2.827786714826026,3039,0.9981783187268669,0.9979519642372949
TOI-2076_b,NIRISS_SOSS,obs10,SOSS_HDU3_ordem_1,jw05959010001_04102_00001-seg007_nis_x1dints.fits,seg007,3,320,60783.275078982675,TDB-MID,2057.887298820997,0.14462092842295257,2038,0.8515347326686116,2.827786714826026,3040,1.0028381592517763,1.0026107480614086
TOI-2076_b,NIRISS_SOSS,obs10,SOSS_HDU3_ordem_1,jw05959010001_04102_00001-seg007_nis_x1dints.fits,seg007,3,321,60783.27515605567,TDB-MID,2049.245457217795,0.14460432124283099,2038,0.8515347326686116,2.827786714826026,3041,0.9986268652072162,0.9984004090018409
TOI-2076_b,NIRISS_SOSS,obs10,SOSS_HDU3_ordem_1,jw05959010001_04102_00001-seg007_nis_x1dints.fits,seg007,3,322,60783.275233128676,TDB-MID,2054.9559288912196,0.14461840554693947,2038,0.8515347326686116,2.827786714826026,3042,1.0014096604092264,1.0011825731560955
TOI-2076_b,NIRISS_SOSS,obs10,SOSS_HDU3_ordem_1,jw05959010001_04102_00001-seg007_nis_x1dints.fits,seg007,3,323,60783.27531020167,TDB-MID,2047.7232321136876,0.1446002868436875,2038,0.8515347326686116,2.827786714826026,3043,0.9978850629606868,0.9976587749720175
TOI-2076_b,NIRISS_SOSS,obs10,SOSS_HDU3_ordem_1,jw05959010001_04102_00001-seg007_nis_x1dints.fits,seg007,3,324,60783.27538727466,TDB-MID,2049.6230959960535,0.14460318196990443,2038,0.8515347326686116,2.827786714826026,3044,0.9988108940301105,0.9985843960929628
TOI-2076_b,NIRISS_SOSS,obs10,SOSS_HDU3_ordem_1,jw05959010001_04102_00001-seg007_nis_x1dints.fits,seg007,3,325,60783.275464347666,TDB-MID,2051.904214882109,0.14460803151865492,2038,0.8515347326686116,2.827786714826026,3045,0.9999225161612335,0.9996957661442166
TOI-2076_b,NIRISS_SOSS,obs10,SOSS_HDU3_ordem_1,jw05959010001_04102_00001-seg007_nis_x1dints.fits,seg007,3,326,60783.27554142066,TDB-MID,2050.269240166858,0.14460458216217584,2038,0.8515347326686116,2.827786714826026,3046,0.9991257694031359,0.9988992000624595
TOI-2076_b,NIRISS_SOSS,obs10,SOSS_HDU3_ordem_1,jw05959010001_04102_00001-seg007_nis_x1dints.fits,seg007,3,327,60783.275618493666,TDB-MID,2052.0027077673767,0.1446111601658837,2038,0.8515347326686116,2.827786714826026,3047,0.9999705131646738,0.9997437522634922
TOI-2076_b,NIRISS_SOSS,obs10,SOSS_HDU3_ordem_1,jw05959010001_04102_00001-seg007_nis_x1dints.fits,seg007,3,328,60783.27569556666,TDB-MID,2049.355392444157,0.14460478723014616,2038,0.8515347326686116,2.827786714826026,3048,0.9986804382284916,0.9984539698744914
TOI-2076_b,NIRISS_SOSS,obs10,SOSS_HDU3_ordem_1,jw05959010001_04102_00001-seg007_nis_x1dints.fits,seg007,3,329,60783.27577263966,TDB-MID,2049.7166589510466,0.14460306826504915,2038,0.8515347326686116,2.827786714826026,3049,0.9988564886074293,0.9986299803309093
TOI-2076_b,NIRISS_SOSS,obs10,SOSS_HDU3_ordem_1,jw05959010001_04102_00001-seg007_nis_x1dints.fits,seg007,3,330,60783.27584971266,TDB-MID,2056.223267852561,0.14461868050710816,2038,0.8515347326686116,2.827786714826026,3050,1.002027252962457,1.0018000256593527
TOI-2076_b,NIRISS_SOSS,obs10,SOSS_HDU3_ordem_1,jw05959010001_04102_00001-seg007_nis_x1dints.fits,seg007,3,331,60783.27592678566,TDB-MID,2047.3991652589837,0.14461345715870988,2038,0.8515347326686116,2.827786714826026,3051,0.9977271405087469,0.9975008883317711
TOI-2076_b,NIRISS_SOSS,obs10,SOSS_HDU3_ordem_1,jw05959010001_04102_00001-seg007_nis_x1dints.fits,seg007,3,332,60783.27600385866,TDB-MID,2065.965611319292,0.14467263820854073,2038,0.8515347326686116,2.827786714826026,3052,1.0067748374363843,1.0065465335350008
TOI-2076_b,NIRISS_SOSS,obs10,SOSS_HDU3_ordem_1,jw05959010001_04102_00001-seg007_nis_x1dints.fits,seg007,3,333,60783.27608093166,TDB-MID,2056.3764855764393,0.14461769861887522,2038,0.8515347326686116,2.827786714826026,3053,1.0021019181689854,1.0018746739342324
TOI-2076_b,NIRISS_SOSS,obs10,SOSS_HDU3_ordem_1,jw05959010001_04102_00001-seg007_nis_x1dints.fits,seg007,3,334,60783.27615800466,TDB-MID,2051.591572530311,0.1446083556232168,2038,0.8515347326686116,2.827786714826026,3054,0.9997701610343221,0.9995434455665099
TOI-2076_b,NIRISS_SOSS,obs10,SOSS_HDU3_ordem_1,jw05959010001_04102_00001-seg007_nis_x1dints.fits,seg007,3,335,60783.276235077654,TDB-MID,2050.5222800287306,0.1446062222939147,2038,0.8515347326686116,2.827786714826026,3055,0.9992490793771288,0.999022482073747
TOI-2076_b,NIRISS_SOSS,obs10,SOSS_HDU3_ordem_1,jw05959010001_04102_00001-seg007_nis_x1dints.fits,seg007,3,336,60783.27631215066,TDB-MID,2048.90437742296,0.1446014787130204,2038,0.8515347326686116,2.827786714826026,3056,0.9984606521041924,0.9982342335905615
TOI-2076_b,NIRISS_SOSS,obs10,SOSS_HDU3_ordem_1,jw05959010001_04102_00001-seg007_nis_x1dints.fits,seg007,3,337,60783.27638922365,TDB-MID,2055.0809145832454,0.14461527150550102,2038,0.8515347326686116,2.827786714826026,3057,1.001470567739475,1.001243466674536
TOI-2076_b,NIRISS_SOSS,obs10,SOSS_HDU3_ordem_1,jw05959010001_04102_00001-seg007_nis_x1dints.fits,seg007,3,338,60783.27646629665,TDB-MID,2052.741928486943,0.14461004491064838,2038,0.8515347326686116,2.827786714826026,3058,1.0003307460822466,1.0001039034919152
TOI-2076_b,NIRISS_SOSS,obs10,SOSS_HDU3_ordem_1,jw05959010001_04102_00001-seg007_nis_x1dints.fits,seg007,3,339,60783.27654336965,TDB-MID,2049.427947572552,0.14460156433682333,2038,0.8515347326686116,2.827786714826026,3059,0.9987157953889374,0.9984893190170793
TOI-2076_b,NIRISS_SOSS,obs10,SOSS_HDU3_ordem_1,jw05959010001_04102_00001-seg007_nis_x1dints.fits,seg007,3,340,60783.276620442644,TDB-MID,2056.983312886991,0.14461717791220136,2038,0.8515347326686116,2.827786714826026,3060,1.002397633868988,1.002170322575499
TOI-2076_b,NIRISS_SOSS,obs10,SOSS_HDU3_ordem_1,jw05959010001_04102_00001-seg007_nis_x1dints.fits,seg007,3,341,60783.27669751565,TDB-MID,2054.4109106564856,0.14460734921319446,2038,0.8515347326686116,2.827786714826026,3061,1.0011440651632708,1.0009170381385333
TOI-2076_b,NIRISS_SOSS,obs10,SOSS_HDU3_ordem_1,jw05959010001_04102_00001-seg007_nis_x1dints.fits,seg007,3,342,60783.276774588645,TDB-MID,2054.669318897947,0.1446154016370942,2038,0.8515347326686116,2.827786714826026,3062,1.0012699912260592,1.001042935645372
TOI-2076_b,NIRISS_SOSS,obs10,SOSS_HDU3_ordem_1,jw05959010001_04102_00001-seg007_nis_x1dints.fits,seg007,3,343,60783.27685166164,TDB-MID,2043.4960209787064,0.14459137621275817,2038,0.8515347326686116,2.827786714826026,3063,0.9958250820104171,0.9955992611586589
TOI-2076_b,NIRISS_SOSS,obs10,SOSS_HDU3_ordem_1,jw05959010001_04102_00001-seg007_nis_x1dints.fits,seg007,3,344,60783.276928734645,TDB-MID,2043.395508250284,0.14459210833946232,2038,0.8515347326686116,2.827786714826026,3064,0.9957761007082776,0.9955502909638912
TOI-2076_b,NIRISS_SOSS,obs10,SOSS_HDU3_ordem_1,jw05959010001_04102_00001-seg007_nis_x1dints.fits,seg007,3,345,60783.27700580764,TDB-MID,2049.8955738467475,0.14460227424443628,2038,0.8515347326686116,2.827786714826026,3065,0.9989436764163876,0.9987171483684986
TOI-2076_b,NIRISS_SOSS,obs10,SOSS_HDU3_ordem_1,jw05959010001_04102_00001-seg007_nis_x1dints.fits,seg007,3,346,60783.27708288064,TDB-MID,2061.404779547042,0.14462805023112638,2038,0.8515347326686116,2.827786714826026,3066,1.0045522783381478,1.0043244784411298
TOI-2076_b,NIRISS_SOSS,obs10,SOSS_HDU3_ordem_1,jw05959010001_04102_00001-seg007_nis_x1dints.fits,seg007,3,347,60783.27715995364,TDB-MID,2054.5504694624387,0.14461161468248954,2038,0.8515347326686116,2.827786714826026,3067,1.0012120741821076,1.0009850317351288
TOI-2076_b,NIRISS_SOSS,obs10,SOSS_HDU3_ordem_1,jw05959010001_04102_00001-seg007_nis_x1dints.fits,seg007,3,348,60783.27723702663,TDB-MID,2055.938114194012,0.14461582855405702,2038,0.8515347326686116,2.827786714826026,3068,1.0018882934722035,1.0016610976806077
TOI-2076_b,NIRISS_SOSS,obs10,SOSS_HDU3_ordem_1,jw05959010001_04102_00001-seg007_nis_x1dints.fits,seg007,3,349,60783.27731409963,TDB-MID,2053.4600993166896,0.14461122446785168,2038,0.8515347326686116,2.827786714826026,3069,1.0006807210849322,1.0004537991316138
TOI-2076_b,NIRISS_SOSS,obs10,SOSS_HDU3_ordem_1,jw05959010001_04102_00001-seg007_nis_x1dints.fits,seg007,3,350,60783.27739117263,TDB-MID,2056.342005162004,0.14461922052296303,2038,0.8515347326686116,2.827786714826026,3070,1.00208511536576,1.001857874941338
TOI-2076_b,NIRISS_SOSS,obs10,SOSS_HDU3_ordem_1,jw05959010001_04102_00001-seg007_nis_x1dints.fits,seg007,3,351,60783.27746824563,TDB-MID,2051.0712027742975,0.14460731684902856,2038,0.8515347326686116,2.827786714826026,3071,0.9995165773475235,0.9992899193842723
TOI-2076_b,NIRISS_SOSS,obs10,SOSS_HDU3_ordem_1,jw05959010001_04102_00001-seg007_nis_x1dints.fits,seg007,3,352,60783.277545318626,TDB-MID,2048.101343040883,0.14460432818773972,2038,0.8515347326686116,2.827786714826026,3072,0.9980693218685671,0.9978429920959498
TOI-2076_b,NIRISS_SOSS,obs10,SOSS_HDU3_ordem_1,jw05959010001_04102_00001-seg007_nis_x1dints.fits,seg007,3,353,60783.27762239163,TDB-MID,2052.3506229550653,0.1446110766675014,2038,0.8515347326686116,2.827786714826026,3073,1.0001400572532142,0.9999132579049286
TOI-2076_b,NIRISS_SOSS,obs10,SOSS_HDU3_ordem_1,jw05959010001_04102_00001-seg007_nis_x1dints.fits,seg007,3,354,60783.27769946463,TDB-MID,2049.3122704366706,0.14460328980958467,2038,0.8515347326686116,2.827786714826026,3074,0.9986594242523444,0.998432960663633
TOI-2076_b,NIRISS_SOSS,obs10,SOSS_HDU3_ordem_1,jw05959010001_04102_00001-seg007_nis_x1dints.fits,seg007,3,355,60783.27777653763,TDB-MID,2050.4049539382067,0.14460630468887326,2038,0.8515347326686116,2.827786714826026,3075,0.9991919046811575,0.9989653203431437
TOI-2076_b,NIRISS_SOSS,obs10,SOSS_HDU3_ordem_1,jw05959010001_04102_00001-seg007_nis_x1dints.fits,seg007,3,356,60783.27785361063,TDB-MID,2043.3598175765167,0.14459137506999348,2038,0.8515347326686116,2.827786714826026,3076,0.9957587081282254,0.9955329023279124
TOI-2076_b,NIRISS_SOSS,obs10,SOSS_HDU3_ordem_1,jw05959010001_04102_00001-seg007_nis_x1dints.fits,seg007,3,357,60783.277930683624,TDB-MID,2046.4351933753296,0.14459659263928468,2038,0.8515347326686116,2.827786714826026,3077,0.997257383107587,0.997031237456364
TOI-2076_b,NIRISS_SOSS,obs10,SOSS_HDU3_ordem_1,jw05959010001_04102_00001-seg007_nis_x1dints.fits,seg007,3,358,60783.27800775663,TDB-MID,2055.0090975809835,0.14461500057914786,2038,0.8515347326686116,2.827786714826026,3078,1.0014355702785391,1.0012084771498897
TOI-2076_b,NIRISS_SOSS,obs10,SOSS_HDU3_ordem_1,jw05959010001_04102_00001-seg007_nis_x1dints.fits,seg007,3,359,60783.278084829624,TDB-MID,2047.8759967034753,0.14459989148983873,2038,0.8515347326686116,2.827786714826026,3079,0.997959507348438,0.9977332024781944
TOI-2076_b,NIRISS_SOSS,obs10,SOSS_HDU3_ordem_1,jw05959010001_04102_00001-seg007_nis_x1dints.fits,seg007,3,360,60783.27816190262,TDB-MID,2047.835390748002,0.1446002637532903,2038,0.8515347326686116,2.827786714826026,3080,0.9979397194807229,0.9977134190977265
TOI-2076_b,NIRISS_SOSS,obs10,SOSS_HDU3_ordem_1,jw05959010001_04102_00001-seg007_nis_x1dints.fits,seg007,3,361,60783.27823897562,TDB-MID,2051.020486576663,0.14460577085919604,2038,0.8515347326686116,2.827786714826026,3081,0.999491862612995,0.9992652102542445
TOI-2076_b,NIRISS_SOSS,obs10,SOSS_HDU3_ordem_1,jw05959010001_04102_00001-seg007_nis_x1dints.fits,seg007,3,362,60783.278316048614,TDB-MID,2043.710232821609,0.14459240657555056,2038,0.8515347326686116,2.827786714826026,3082,0.9959294705307941,0.9957036260071029
TOI-2076_b,NIRISS_SOSS,obs10,SOSS_HDU3_ordem_1,jw05959010001_04102_00001-seg007_nis_x1dints.fits,seg007,3,363,60783.27839312161,TDB-MID,2056.251108774111,0.14463847269383123,2038,0.8515347326686116,2.827786714826026,3083,1.0020408202450457,1.0018135898653215
TOI-2076_b,NIRISS_SOSS,obs10,SOSS_HDU3_ordem_1,jw05959010001_04102_00001-seg007_nis_x1dints.fits,seg007,3,364,60783.278470194615,TDB-MID,2048.3336181555383,0.1445995315494057,2038,0.8515347326686116,2.827786714826026,3084,0.998182512881775,0.9979561574411046
TOI-2076_b,NIRISS_SOSS,obs10,SOSS_HDU3_ordem_1,jw05959010001_04102_00001-seg007_nis_x1dints.fits,seg007,3,365,60783.27854726761,TDB-MID,2051.6328151842595,0.14460879235632673,2038,0.8515347326686116,2.827786714826026,3085,0.9997902591743864,0.9995635391489673
TOI-2076_b,NIRISS_SOSS,obs10,SOSS_HDU3_ordem_1,jw05959010001_04102_00001-seg007_nis_x1dints.fits,seg007,3,366,60783.27862434061,TDB-MID,2044.8929887099164,0.14459412034626334,2038,0.8515347326686116,2.827786714826026,3086,0.996505844532691,0.9962798693060577
TOI-2076_b,NIRISS_SOSS,obs10,SOSS_HDU3_ordem_1,jw05959010001_04102_00001-seg007_nis_x1dints.fits,seg007,3,367,60783.27870141361,TDB-MID,2052.1072912560294,0.14460881771577885,2038,0.8515347326686116,2.827786714826026,3087,1.0000214782069814,0.99979470574858
TOI-2076_b,NIRISS_SOSS,obs10,SOSS_HDU3_ordem_1,jw05959010001_04102_00001-seg007_nis_x1dints.fits,seg007,3,368,60783.27877848661,TDB-MID,2052.071316600382,0.1446080819485466,2038,0.8515347326686116,2.827786714826026,3088,1.0000039472384634,0.9997771787555175
TOI-2076_b,NIRISS_SOSS,obs10,SOSS_HDU3_ordem_1,jw05959010001_04102_00001-seg007_nis_x1dints.fits,seg007,3,369,60783.278855559605,TDB-MID,2050.9351649968703,0.14460663767500673,2038,0.8515347326686116,2.827786714826026,3089,0.9994502841766671,0.9992236412465584
TOI-2076_b,NIRISS_SOSS,obs10,SOSS_HDU3_ordem_1,jw05959010001_04102_00001-seg007_nis_x1dints.fits,seg007,3,370,60783.27893263261,TDB-MID,2054.9598089580927,0.14462573441273094,2038,0.8515347326686116,2.827786714826026,3090,1.0014115512217714,1.0011844635398657
TOI-2076_b,NIRISS_SOSS,obs10,SOSS_HDU3_ordem_1,jw05959010001_04102_00001-seg007_nis_x1dints.fits,seg007,3,371,60783.279009705606,TDB-MID,2056.8748322794518,0.14461824625955055,2038,0.8515347326686116,2.827786714826026,3091,1.0023447697044434,1.0021174703988334
TOI-2076_b,NIRISS_SOSS,obs10,SOSS_HDU3_ordem_1,jw05959010001_04102_00001-seg007_nis_x1dints.fits,seg007,3,372,60783.279086778595,TDB-MID,2054.010843663017,0.1446158153739624,2038,0.8515347326686116,2.827786714826026,3092,1.0009491067476486,1.0007221239331605
TOI-2076_b,NIRISS_SOSS,obs10,SOSS_HDU3_ordem_1,jw05959010001_04102_00001-seg007_nis_x1dints.fits,seg007,3,373,60783.2791638516,TDB-MID,2051.9171405606276,0.14461026117630565,2038,0.8515347326686116,2.827786714826026,3093,0.9999288150307877,0.9997020635853914
TOI-2076_b,NIRISS_SOSS,obs10,SOSS_HDU3_ordem_1,jw05959010001_04102_00001-seg007_nis_x1dints.fits,seg007,3,374,60783.279240924596,TDB-MID,2058.6134174457225,0.14462392660772977,2038,0.8515347326686116,2.827786714826026,3094,1.0031920073295768,1.0029645158979343
TOI-2076_b,NIRISS_SOSS,obs10,SOSS_HDU3_ordem_1,jw05959010001_04102_00001-seg007_nis_x1dints.fits,seg007,3,375,60783.27931799759,TDB-MID,2056.829369504494,0.14462155366535226,2038,0.8515347326686116,2.827786714826026,3095,1.0023226150385494,1.0020953207568994
TOI-2076_b,NIRISS_SOSS,obs10,SOSS_HDU3_ordem_1,jw05959010001_04102_00001-seg007_nis_x1dints.fits,seg007,3,376,60783.2793950706,TDB-MID,2045.7972588452722,0.1445967549634317,2038,0.8515347326686116,2.827786714826026,3096,0.9969465084108956,0.9967204332559777
TOI-2076_b,NIRISS_SOSS,obs10,SOSS_HDU3_ordem_1,jw05959010001_04102_00001-seg007_nis_x1dints.fits,seg007,3,377,60783.27947214359,TDB-MID,2046.1797658167247,0.14459690935786196,2038,0.8515347326686116,2.827786714826026,3097,0.9971329095745416,0.9969067921498814
TOI-2076_b,NIRISS_SOSS,obs10,SOSS_HDU3_ordem_1,jw05959010001_04102_00001-seg007_nis_x1dints.fits,seg007,3,378,60783.27954921659,TDB-MID,2058.6121164748524,0.14462320695591113,2038,0.8515347326686116,2.827786714826026,3098,1.0031913733477096,1.0029638820598334
TOI-2076_b,NIRISS_SOSS,obs10,SOSS_HDU3_ordem_1,jw05959010001_04102_00001-seg007_nis_x1dints.fits,seg007,3,379,60783.27962628959,TDB-MID,2058.7932636981704,0.14462269109072728,2038,0.8515347326686116,2.827786714826026,3099,1.00327964900211,1.0030521376961767
TOI-2076_b,NIRISS_SOSS,obs10,SOSS_HDU3_ordem_1,jw05959010001_04102_00001-seg007_nis_x1dints.fits,seg007,3,380,60783.27970336259,TDB-MID,2057.5951243021077,0.14461919752769697,2038,0.8515347326686116,2.827786714826026,3100,1.0026957783950252,1.0024683994920212
TOI-2076_b,NIRISS_SOSS,obs10,SOSS_HDU3_ordem_1,jw05959010001_04102_00001-seg007_nis_x1dints.fits,seg007,3,381,60783.27978043559,TDB-MID,2053.3461399130697,0.14461236167997513,2038,0.8515347326686116,2.827786714826026,3101,1.0006251870240432,1.0003982776640497
TOI-2076_b,NIRISS_SOSS,obs10,SOSS_HDU3_ordem_1,jw05959010001_04102_00001-seg007_nis_x1dints.fits,seg007,3,382,60783.27985750859,TDB-MID,2051.7937209409447,0.14461003989467278,2038,0.8515347326686116,2.827786714826026,3102,0.9998686708701773,0.9996419330635272
TOI-2076_b,NIRISS_SOSS,obs10,SOSS_HDU3_ordem_1,jw05959010001_04102_00001-seg007_nis_x1dints.fits,seg007,3,383,60783.27993458159,TDB-MID,2056.2061612680573,0.14461883849392732,2038,0.8515347326686116,2.827786714826026,3103,1.0020189166771198,1.0017916912644147
TOI-2076_b,NIRISS_SOSS,obs10,SOSS_HDU3_ordem_1,jw05959010001_04102_00001-seg007_nis_x1dints.fits,seg007,3,384,60783.280011654584,TDB-MID,2049.5760756954924,0.1446017582163645,2038,0.8515347326686116,2.827786714826026,3104,0.9987879803595274,0.9985614876184575
TOI-2076_b,NIRISS_SOSS,obs10,SOSS_HDU3_ordem_1,jw05959010001_04102_00001-seg007_nis_x1dints.fits,seg007,3,385,60783.28008872757,TDB-MID,2049.41896206509,0.1446039974399328,2038,0.8515347326686116,2.827786714826026,3105,0.9987114166215636,0.998484941242668
TOI-2076_b,NIRISS_SOSS,obs10,SOSS_HDU3_ordem_1,jw05959010001_04102_00001-seg007_nis_x1dints.fits,seg007,3,386,60783.28016580058,TDB-MID,2051.546557495146,0.14460878102919408,2038,0.8515347326686116,2.827786714826026,3106,0.9997482245584861,0.9995215140651555
TOI-2076_b,NIRISS_SOSS,obs10,SOSS_HDU3_ordem_1,jw05959010001_04102_00001-seg007_nis_x1dints.fits,seg007,3,387,60783.280242873574,TDB-MID,2049.5569320900613,0.14460286433175684,2038,0.8515347326686116,2.827786714826026,3107,0.9987786514045147,0.9985521607789495
TOI-2076_b,NIRISS_SOSS,obs10,SOSS_HDU3_ordem_1,jw05959010001_04102_00001-seg007_nis_x1dints.fits,seg007,3,388,60783.28031994657,TDB-MID,2055.9620476635646,0.14461575816007102,2038,0.8515347326686116,2.827786714826026,3108,1.0018999565970814,1.0016727581606668
TOI-2076_b,NIRISS_SOSS,obs10,SOSS_HDU3_ordem_1,jw05959010001_04102_00001-seg007_nis_x1dints.fits,seg007,3,389,60783.280397019575,TDB-MID,2050.3503505095823,0.14462356033292284,2038,0.8515347326686116,2.827786714826026,3109,0.9991652956429066,0.99893871733896
TOI-2076_b,NIRISS_SOSS,obs10,SOSS_HDU3_ordem_1,jw05959010001_04102_00001-seg007_nis_x1dints.fits,seg007,3,390,60783.28047409257,TDB-MID,2055.9135033683306,0.1446178738407141,2038,0.8515347326686116,2.827786714826026,3110,1.0018763002619153,1.001649107189991
TOI-2076_b,NIRISS_SOSS,obs10,SOSS_HDU3_ordem_1,jw05959010001_04102_00001-seg007_nis_x1dints.fits,seg007,3,391,60783.28055116557,TDB-MID,2051.0943901338796,0.14460867974175784,2038,0.8515347326686116,2.827786714826026,3111,0.9995278768822524,0.9993012163566329
TOI-2076_b,NIRISS_SOSS,obs10,SOSS_HDU3_ordem_1,jw05959010001_04102_00001-seg007_nis_x1dints.fits,seg007,3,392,60783.28062823857,TDB-MID,2056.982246529904,0.14461902118061284,2038,0.8515347326686116,2.827786714826026,3112,1.0023971142178008,1.0021698030421518
TOI-2076_b,NIRISS_SOSS,obs10,SOSS_HDU3_ordem_1,jw05959010001_04102_00001-seg007_nis_x1dints.fits,seg007,3,393,60783.28070531157,TDB-MID,2050.0843346667457,0.1446056055774131,2038,0.8515347326686116,2.827786714826026,3113,0.9990356622862524,0.9988091133789495
TOI-2076_b,NIRISS_SOSS,obs10,SOSS_HDU3_ordem_1,jw05959010001_04102_00001-seg007_nis_x1dints.fits,seg007,3,394,60783.280782384565,TDB-MID,2052.3770384565546,0.14460854211569923,2038,0.8515347326686116,2.827786714826026,3114,1.00015292990805,0.9999261276406637
TOI-2076_b,NIRISS_SOSS,obs10,SOSS_HDU3_ordem_1,jw05959010001_04102_00001-seg007_nis_x1dints.fits,seg007,3,395,60783.28085945757,TDB-MID,2051.0633330136643,0.1446075144834428,2038,0.8515347326686116,2.827786714826026,3115,0.9995127422996705,0.9992860852060838
TOI-2076_b,NIRISS_SOSS,obs10,SOSS_HDU3_ordem_1,jw05959010001_04102_00001-seg007_nis_x1dints.fits,seg007,3,396,60783.280936530566,TDB-MID,2055.505221055687,0.14461766938628512,2038,0.8515347326686116,2.827786714826026,3116,1.001677338402779,1.0014501904489552
TOI-2076_b,NIRISS_SOSS,obs10,SOSS_HDU3_ordem_1,jw05959010001_04102_00001-seg007_nis_x1dints.fits,seg007,3,397,60783.281013603555,TDB-MID,2046.5514948067864,0.14459594438206463,2038,0.8515347326686116,2.827786714826026,3117,0.9973140584724174,0.9970878999690586
TOI-2076_b,NIRISS_SOSS,obs10,SOSS_HDU3_ordem_1,jw05959010001_04102_00001-seg007_nis_x1dints.fits,seg007,3,398,60783.28109067656,TDB-MID,2057.3107834082175,0.1446180471742502,2038,0.8515347326686116,2.827786714826026,3118,1.0025572149767117,1.0023298674953995
TOI-2076_b,NIRISS_SOSS,obs10,SOSS_HDU3_ordem_1,jw05959010001_04102_00001-seg007_nis_x1dints.fits,seg007,3,399,60783.281167749556,TDB-MID,2055.9612104731655,0.14461581237405394,2038,0.8515347326686116,2.827786714826026,3119,1.001899548622126,1.001672350278227
TOI-2076_b,NIRISS_SOSS,obs10,SOSS_HDU3_ordem_1,jw05959010001_04102_00001-seg007_nis_x1dints.fits,seg007,3,400,60783.28124482255,TDB-MID,2051.227092276014,0.1446086644880226,2038,0.8515347326686116,2.827786714826026,3120,0.9995925445499245,0.999365869359774
TOI-2076_b,NIRISS_SOSS,obs10,SOSS_HDU3_ordem_1,jw05959010001_04102_00001-seg007_nis_x1dints.fits,seg007,3,401,60783.28132189555,TDB-MID,2052.691962190677,0.14461044850130034,2038,0.8515347326686116,2.827786714826026,3121,1.00030639678547,1.0000795597167698
TOI-2076_b,NIRISS_SOSS,obs10,SOSS_HDU3_ordem_1,jw05959010001_04102_00001-seg007_nis_x1dints.fits,seg007,3,402,60783.28139896855,TDB-MID,2052.5327402552753,0.14460722081423505,2038,0.8515347326686116,2.827786714826026,3122,1.0002288056400743,1.000001986166531
TOI-2076_b,NIRISS_SOSS,obs10,SOSS_HDU3_ordem_1,jw05959010001_04102_00001-seg007_nis_x1dints.fits,seg007,3,403,60783.28147604155,TDB-MID,2048.1066926445264,0.1446007259884405,2038,0.8515347326686116,2.827786714826026,3123,0.9980719288075738,0.9978455984437872
TOI-2076_b,NIRISS_SOSS,obs10,SOSS_HDU3_ordem_1,jw05959010001_04102_00001-seg007_nis_x1dints.fits,seg007,3,404,60783.281553114546,TDB-MID,2052.763411524442,0.14461154913973226,2038,0.8515347326686116,2.827786714826026,3124,1.000341215076245,1.000114370111885
TOI-2076_b,NIRISS_SOSS,obs10,SOSS_HDU3_ordem_1,jw05959010001_04102_00001-seg007_nis_x1dints.fits,seg007,3,405,60783.28163018755,TDB-MID,2061.9985091542458,0.1446315736411782,2038,0.8515347326686116,2.827786714826026,3125,1.004841611338416,1.0046137458300513
TOI-2076_b,NIRISS_SOSS,obs10,SOSS_HDU3_ordem_1,jw05959010001_04102_00001-seg007_nis_x1dints.fits,seg007,3,406,60783.28170726055,TDB-MID,2056.2809832496314,0.1446179694360219,2038,0.8515347326686116,2.827786714826026,3126,1.002055378507812,1.0018281448267456
TOI-2076_b,NIRISS_SOSS,obs10,SOSS_HDU3_ordem_1,jw05959010001_04102_00001-seg007_nis_x1dints.fits,seg007,3,407,60783.28178433354,TDB-MID,2049.5888860387795,0.14461402081047786,2038,0.8515347326686116,2.827786714826026,3127,0.99879422302456,0.9985677288678562
TOI-2076_b,NIRISS_SOSS,obs10,SOSS_HDU3_ordem_1,jw05959010001_04102_00001-seg007_nis_x1dints.fits,seg007,3,408,60783.28186140655,TDB-MID,2054.278345844533,0.14462712452799442,2038,0.8515347326686116,2.827786714826026,3128,1.0010794644185768,1.0008524520431943
TOI-2076_b,NIRISS_SOSS,obs10,SOSS_HDU3_ordem_1,jw05959010001_04102_00001-seg007_nis_x1dints.fits,seg007,3,409,60783.28193847954,TDB-MID,2056.8017085141128,0.14462102672270646,2038,0.8515347326686116,2.827786714826026,3129,1.002309135439014,1.0020818442141004
TOI-2076_b,NIRISS_SOSS,obs10,SOSS_HDU3_ordem_1,jw05959010001_04102_00001-seg007_nis_x1dints.fits,seg007,3,410,60783.28201555253,TDB-MID,2048.6206780414827,0.14460458410228288,2038,0.8515347326686116,2.827786714826026,3130,0.9983224013041295,0.998096014141299
TOI-2076_b,NIRISS_SOSS,obs10,SOSS_HDU3_ordem_1,jw05959010001_04102_00001-seg007_nis_x1dints.fits,seg007,3,411,60783.28209262553,TDB-MID,2057.635347567222,0.14462088857996644,2038,0.8515347326686116,2.827786714826026,3131,1.0027153797722093,1.0024879964242481
TOI-2076_b,NIRISS_SOSS,obs10,SOSS_HDU3_ordem_1,jw05959010001_04102_00001-seg007_nis_x1dints.fits,seg007,3,412,60783.282169698534,TDB-MID,2052.1990687830676,0.1446110683429767,2038,0.8515347326686116,2.827786714826026,3132,1.0000662027195084,0.9998394201190374
TOI-2076_b,NIRISS_SOSS,obs10,SOSS_HDU3_ordem_1,jw05959010001_04102_00001-seg007_nis_x1dints.fits,seg007,3,413,60783.28224677153,TDB-MID,2055.9162339140084,0.1446177274490216,2038,0.8515347326686116,2.827786714826026,3133,1.0018776308962036,1.0016504375225344
TOI-2076_b,NIRISS_SOSS,obs10,SOSS_HDU3_ordem_1,jw05959010001_04102_00001-seg007_nis_x1dints.fits,seg007,3,414,60783.28232384453,TDB-MID,2051.090466045476,0.1446077445406489,2038,0.8515347326686116,2.827786714826026,3134,0.9995259646173809,0.999299304525401
TOI-2076_b,NIRISS_SOSS,obs10,SOSS_HDU3_ordem_1,jw05959010001_04102_00001-seg007_nis_x1dints.fits,seg007,3,415,60783.28240091753,TDB-MID,2047.5804310073704,0.1445988113867122,2038,0.8515347326686116,2.827786714826026,3135,0.9978154739221227,0.9975892017139918
TOI-2076_b,NIRISS_SOSS,obs10,SOSS_HDU3_ordem_1,jw05959010001_04102_00001-seg007_nis_x1dints.fits,seg007,3,416,60783.28247799053,TDB-MID,2054.517935281064,0.14461339083323452,2038,0.8515347326686116,2.827786714826026,3136,1.0011962198063207,1.0009691809546006
TOI-2076_b,NIRISS_SOSS,obs10,SOSS_HDU3_ordem_1,jw05959010001_04102_00001-seg007_nis_x1dints.fits,seg007,3,417,60783.282555063524,TDB-MID,2054.557796050576,0.14461395332947577,2038,0.8515347326686116,2.827786714826026,3137,1.0012156445341698,1.000988601277551
TOI-2076_b,NIRISS_SOSS,obs10,SOSS_HDU3_ordem_1,jw05959010001_04102_00001-seg007_nis_x1dints.fits,seg007,3,418,60783.28263213653,TDB-MID,2048.415453381825,0.14460097940327812,2038,0.8515347326686116,2.827786714826026,3138,0.9982223923677596,0.9979960278837143
TOI-2076_b,NIRISS_SOSS,obs10,SOSS_HDU3_ordem_1,jw05959010001_04102_00001-seg007_nis_x1dints.fits,seg007,3,419,60783.282709209525,TDB-MID,2053.0959271072716,0.1446214993815711,2038,0.8515347326686116,2.827786714826026,3139,1.0005032547152468,1.0002763730055488
TOI-2076_b,NIRISS_SOSS,obs10,SOSS_HDU3_ordem_1,jw05959010001_04102_00001-seg007_nis_x1dints.fits,seg007,3,420,60783.28278628252,TDB-MID,2050.3565916837388,0.14460462422075807,2038,0.8515347326686116,2.827786714826026,3140,0.9991683370570822,0.9989417580634417
TOI-2076_b,NIRISS_SOSS,obs10,SOSS_HDU3_ordem_1,jw05959010001_04102_00001-seg007_nis_x1dints.fits,seg007,3,421,60783.28286335551,TDB-MID,2052.962627853636,0.1446146230275091,2038,0.8515347326686116,2.827786714826026,3141,1.0004382960665288,1.000211429087347
TOI-2076_b,NIRISS_SOSS,obs10,SOSS_HDU3_ordem_1,jw05959010001_04102_00001-seg007_nis_x1dints.fits,seg007,3,422,60783.282940428515,TDB-MID,2050.491501748079,0.14460297179062262,2038,0.8515347326686116,2.827786714826026,3142,0.9992340806770875,0.9990074867749248
TOI-2076_b,NIRISS_SOSS,obs10,SOSS_HDU3_ordem_1,jw05959010001_04102_00001-seg007_nis_x1dints.fits,seg007,3,423,60783.28301750151,TDB-MID,2055.092219346279,0.14464173003319952,2038,0.8515347326686116,2.827786714826026,3143,1.001476076713537,1.001248974399341
TOI-2076_b,NIRISS_SOSS,obs10,SOSS_HDU3_ordem_1,jw05959010001_04102_00001-seg007_nis_x1dints.fits,seg007,3,424,60783.28309457451,TDB-MID,2052.763483966387,0.14460573230901821,2038,0.8515347326686116,2.827786714826026,3144,1.0003412503782496,1.0001144054058844
TOI-2076_b,NIRISS_SOSS,obs10,SOSS_HDU3_ordem_1,jw05959010001_04102_00001-seg007_nis_x1dints.fits,seg007,3,425,60783.28317164751,TDB-MID,2055.9425081175445,0.1446146539514731,2038,0.8515347326686116,2.827786714826026,3145,1.0018904346945094,1.0016632384173536
TOI-2076_b,NIRISS_SOSS,obs10,SOSS_HDU3_ordem_1,jw05959010001_04102_00001-seg007_nis_x1dints.fits,seg007,3,426,60783.28324872051,TDB-MID,2055.1879851368562,0.1446134526408823,2038,0.8515347326686116,2.827786714826026,3146,1.0015227447644048,1.0012956318674076
TOI-2076_b,NIRISS_SOSS,obs10,SOSS_HDU3_ordem_1,jw05959010001_04102_00001-seg007_nis_x1dints.fits,seg007,3,427,60783.283325793505,TDB-MID,2056.5932944122837,0.14461713445991822,2038,0.8515347326686116,2.827786714826026,3147,1.0022075722414763,1.0019803040478041
TOI-2076_b,NIRISS_SOSS,obs10,SOSS_HDU3_ordem_1,jw05959010001_04102_00001-seg007_nis_x1dints.fits,seg007,3,428,60783.2834028665,TDB-MID,2050.823966369888,0.14460231895969208,2038,0.8515347326686116,2.827786714826026,3148,0.999396095482049,0.9991694648401798
TOI-2076_b,NIRISS_SOSS,obs10,SOSS_HDU3_ordem_1,jw05959010001_04102_00001-seg007_nis_x1dints.fits,seg007,3,429,60783.283479939506,TDB-MID,2052.2242674784966,0.1446055884124653,2038,0.8515347326686116,2.827786714826026,3149,1.0000784824072029,0.9998516970220965
TOI-2076_b,NIRISS_SOSS,obs10,SOSS_HDU3_ordem_1,jw05959010001_04102_00001-seg007_nis_x1dints.fits,seg007,3,430,60783.2835570125,TDB-MID,2048.6453427000943,0.14459950599603869,2038,0.8515347326686116,2.827786714826026,3150,0.9983344207479808,0.99810803085953
TOI-2076_b,NIRISS_SOSS,obs10,SOSS_HDU3_ordem_1,jw05959010001_04102_00001-seg007_nis_x1dints.fits,seg007,3,431,60783.2836340855,TDB-MID,2048.9658327967472,0.14460041261223897,2038,0.8515347326686116,2.827786714826026,3151,0.998490600194139,0.998264174889252
TOI-2076_b,NIRISS_SOSS,obs10,SOSS_HDU3_ordem_1,jw05959010001_04102_00001-seg007_nis_x1dints.fits,seg007,3,432,60783.2837111585,TDB-MID,2052.1209721947853,0.1446078839092545,2038,0.8515347326686116,2.827786714826026,3152,1.0000281451257413,0.999801371155499
TOI-2076_b,NIRISS_SOSS,obs10,SOSS_HDU3_ordem_1,jw05959010001_04102_00001-seg007_nis_x1dints.fits,seg007,3,433,60783.2837882315,TDB-MID,2055.034057367764,0.1446155870179897,2038,0.8515347326686116,2.827786714826026,3153,1.0014477335426035,1.00122063765572
TOI-2076_b,NIRISS_SOSS,obs10,SOSS_HDU3_ordem_1,jw05959010001_04102_00001-seg007_nis_x1dints.fits,seg007,3,434,60783.28386530449,TDB-MID,2052.3216045168397,0.14460925781352812,2038,0.8515347326686116,2.827786714826026,3154,1.0001259161497673,0.9998991200082256
TOI-2076_b,NIRISS_SOSS,obs10,SOSS_HDU3_ordem_1,jw05959010001_04102_00001-seg007_nis_x1dints.fits,seg007,3,435,60783.283942377486,TDB-MID,2056.0916072038126,0.14461687044673982,2038,0.8515347326686116,2.827786714826026,3155,1.001963092829532,1.0017358800758662
TOI-2076_b,NIRISS_SOSS,obs10,SOSS_HDU3_ordem_1,jw05959010001_04102_00001-seg007_nis_x1dints.fits,seg007,3,436,60783.28401945049,TDB-MID,2040.1672514379181,0.14458365427830303,2038,0.8515347326686116,2.827786714826026,3156,0.9942029246061851,0.9939774716071487
TOI-2076_b,NIRISS_SOSS,obs10,SOSS_HDU3_ordem_1,jw05959010001_04102_00001-seg007_nis_x1dints.fits,seg007,3,437,60783.28409652349,TDB-MID,2057.0981771876372,0.1446223277025654,2038,0.8515347326686116,2.827786714826026,3157,1.0024536088992484,1.0022262849124368
TOI-2076_b,NIRISS_SOSS,obs10,SOSS_HDU3_ordem_1,jw05959010001_04102_00001-seg007_nis_x1dints.fits,seg007,3,438,60783.28417359648,TDB-MID,2057.5188179345937,0.1446226870982948,2038,0.8515347326686116,2.827786714826026,3158,1.002658593201657,1.0024312227310495
TOI-2076_b,NIRISS_SOSS,obs10,SOSS_HDU3_ordem_1,jw05959010001_04102_00001-seg007_nis_x1dints.fits,seg007,3,439,60783.28425066948,TDB-MID,2046.1289856707315,0.14459950350218562,2038,0.8515347326686116,2.827786714826026,3159,0.9971081636770556,0.9968820518639628
TOI-2076_b,NIRISS_SOSS,obs10,SOSS_HDU3_ordem_1,jw05959010001_04102_00001-seg007_nis_x1dints.fits,seg007,3,440,60783.28432774248,TDB-MID,2053.3131295965786,0.14461656597531186,2038,0.8515347326686116,2.827786714826026,3160,1.0006091006207474,1.0003821949086287
TOI-2076_b,NIRISS_SOSS,obs10,SOSS_HDU3_ordem_1,jw05959010001_04102_00001-seg007_nis_x1dints.fits,seg007,3,441,60783.28440481548,TDB-MID,2053.9602209858667,0.14461452801737404,2038,0.8515347326686116,2.827786714826026,3161,1.0009244375870006,1.0006974603666787
TOI-2076_b,NIRISS_SOSS,obs10,SOSS_HDU3_ordem_1,jw05959010001_04102_00001-seg007_nis_x1dints.fits,seg007,3,442,60783.28448188848,TDB-MID,2057.9482894505804,0.14462578785445537,2038,0.8515347326686116,2.827786714826026,3162,1.0028678808651699,1.0026404629349037
TOI-2076_b,NIRISS_SOSS,obs10,SOSS_HDU3_ordem_1,jw05959010001_04102_00001-seg007_nis_x1dints.fits,seg007,3,443,60783.28455896148,TDB-MID,2051.6002885407884,0.1446087826564652,2038,0.8515347326686116,2.827786714826026,3163,0.9997744084719287,0.9995476920409352
TOI-2076_b,NIRISS_SOSS,obs10,SOSS_HDU3_ordem_1,jw05959010001_04102_00001-seg007_nis_x1dints.fits,seg007,3,444,60783.28463603448,TDB-MID,2058.4623581446886,0.1446209503876116,2038,0.8515347326686116,2.827786714826026,3164,1.003118393953629,1.002890919215114
TOI-2076_b,NIRISS_SOSS,obs10,SOSS_HDU3_ordem_1,jw05959010001_04102_00001-seg007_nis_x1dints.fits,seg007,3,445,60783.28471310747,TDB-MID,2055.6330634226815,0.14461838499176846,2038,0.8515347326686116,2.827786714826026,3165,1.0017396378319385,1.0015124757506235
TOI-2076_b,NIRISS_SOSS,obs10,SOSS_HDU3_ordem_1,jw05959010001_04102_00001-seg007_nis_x1dints.fits,seg007,3,446,60783.28479018046,TDB-MID,2043.3916129845923,0.14459310786083684,2038,0.8515347326686116,2.827786714826026,3166,0.9957742024891292,0.9955483931751973
TOI-2076_b,NIRISS_SOSS,obs10,SOSS_HDU3_ordem_1,jw05959010001_04102_00001-seg007_nis_x1dints.fits,seg007,3,447,60783.28486725347,TDB-MID,2048.1911173181406,0.1446009403274493,2038,0.8515347326686116,2.827786714826026,3167,0.9981130701685857,0.9978867304752719
TOI-2076_b,NIRISS_SOSS,obs10,SOSS_HDU3_ordem_1,jw05959010001_04102_00001-seg007_nis_x1dints.fits,seg007,3,448,60783.284944326464,TDB-MID,2054.6263040005547,0.14461596158729936,2038,0.8515347326686116,2.827786714826026,3168,1.0012490294462055,1.0010219786189707
TOI-2076_b,NIRISS_SOSS,obs10,SOSS_HDU3_ordem_1,jw05959010001_04102_00001-seg007_nis_x1dints.fits,seg007,3,449,60783.28502139946,TDB-MID,2053.7338756075737,0.1446135662474037,2038,0.8515347326686116,2.827786714826026,3169,1.00081413621984,1.000587184012293
TOI-2076_b,NIRISS_SOSS,obs10,SOSS_HDU3_ordem_1,jw05959010001_04102_00001-seg008_nis_x1dints.fits,seg008,3,0,60783.28509847246,TDB-MID,2057.5938580959637,0.1446154667254452,2038,0.8515347326686116,2.827786714826026,3170,1.0026951613545103,1.0023064387579432
TOI-2076_b,NIRISS_SOSS,obs10,SOSS_HDU3_ordem_1,jw05959010001_04102_00001-seg008_nis_x1dints.fits,seg008,3,1,60783.28517554546,TDB-MID,2055.3654880200174,0.14461238717610478,2038,0.8515347326686116,2.827786714826026,3171,1.0016092444792888,1.0012209428685246
TOI-2076_b,NIRISS_SOSS,obs10,SOSS_HDU3_ordem_1,jw05959010001_04102_00001-seg008_nis_x1dints.fits,seg008,3,2,60783.28525261846,TDB-MID,2049.9219970333015,0.14460135885341466,2038,0.8515347326686116,2.827786714826026,3172,0.9989565528162665,0.9985692795950177
TOI-2076_b,NIRISS_SOSS,obs10,SOSS_HDU3_ordem_1,jw05959010001_04102_00001-seg008_nis_x1dints.fits,seg008,3,3,60783.285329691455,TDB-MID,2057.403275444471,0.1446181826418633,2038,0.8515347326686116,2.827786714826026,3173,1.002602287679884,1.0022136010883735
TOI-2076_b,NIRISS_SOSS,obs10,SOSS_HDU3_ordem_1,jw05959010001_04102_00001-seg008_nis_x1dints.fits,seg008,3,4,60783.28540676445,TDB-MID,2041.4110901846461,0.1445817575918715,2038,0.8515347326686116,2.827786714826026,3174,0.994809065165918,0.9944233998333186
TOI-2076_b,NIRISS_SOSS,obs10,SOSS_HDU3_ordem_1,jw05959010001_04102_00001-seg008_nis_x1dints.fits,seg008,3,5,60783.285483837455,TDB-MID,2047.308100503174,0.144591909500694,2038,0.8515347326686116,2.827786714826026,3175,0.9976827633399189,0.9972959839384987
TOI-2076_b,NIRISS_SOSS,obs10,SOSS_HDU3_ordem_1,jw05959010001_04102_00001-seg008_nis_x1dints.fits,seg008,3,6,60783.28556091045,TDB-MID,2050.336234053645,0.14460153428775072,2038,0.8515347326686116,2.827786714826026,3176,0.999158416490343,0.9987710650110407
TOI-2076_b,NIRISS_SOSS,obs10,SOSS_HDU3_ordem_1,jw05959010001_04102_00001-seg008_nis_x1dints.fits,seg008,3,7,60783.28563798345,TDB-MID,2047.3714644478832,0.14459497763685378,2038,0.8515347326686116,2.827786714826026,3177,0.9977136415040008,0.9973268501318037
TOI-2076_b,NIRISS_SOSS,obs10,SOSS_HDU3_ordem_1,jw05959010001_04102_00001-seg008_nis_x1dints.fits,seg008,3,8,60783.28571505644,TDB-MID,2047.6365628428784,0.1445958388551526,2038,0.8515347326686116,2.827786714826026,3178,0.9978428277750905,0.9974559863202515
TOI-2076_b,NIRISS_SOSS,obs10,SOSS_HDU3_ordem_1,jw05959010001_04102_00001-seg008_nis_x1dints.fits,seg008,3,9,60783.28579212944,TDB-MID,2059.4674475152146,0.14461797463270676,2038,0.8515347326686116,2.827786714826026,3179,1.0036081884991317,1.0032191119422624
TOI-2076_b,NIRISS_SOSS,obs10,SOSS_HDU3_ordem_1,jw05959010001_04102_00001-seg008_nis_x1dints.fits,seg008,3,10,60783.28586920244,TDB-MID,2051.3885257635943,0.14460316377404286,2038,0.8515347326686116,2.827786714826026,3180,0.9996712134165915,0.9992836631373345
TOI-2076_b,NIRISS_SOSS,obs10,SOSS_HDU3_ordem_1,jw05959010001_04102_00001-seg008_nis_x1dints.fits,seg008,3,11,60783.285946275435,TDB-MID,2053.6568289305824,0.14460778549223918,2038,0.8515347326686116,2.827786714826026,3181,1.0007765902629866,1.0003886114537293
TOI-2076_b,NIRISS_SOSS,obs10,SOSS_HDU3_ordem_1,jw05959010001_04102_00001-seg008_nis_x1dints.fits,seg008,3,12,60783.28602334843,TDB-MID,2050.3562227602815,0.14460427623681285,2038,0.8515347326686116,2.827786714826026,3182,0.999168157275361,0.9987808020197732
TOI-2076_b,NIRISS_SOSS,obs10,SOSS_HDU3_ordem_1,jw05959010001_04102_00001-seg008_nis_x1dints.fits,seg008,3,13,60783.286100421436,TDB-MID,2048.1824507799574,0.14459646658803202,2038,0.8515347326686116,2.827786714826026,3183,0.9981088468395416,0.9977219022550321
TOI-2076_b,NIRISS_SOSS,obs10,SOSS_HDU3_ordem_1,jw05959010001_04102_00001-seg008_nis_x1dints.fits,seg008,3,14,60783.28617749443,TDB-MID,2059.3878971740096,0.14462181806373203,2038,0.8515347326686116,2.827786714826026,3184,1.0035694224705995,1.0031803609424568
TOI-2076_b,NIRISS_SOSS,obs10,SOSS_HDU3_ordem_1,jw05959010001_04102_00001-seg008_nis_x1dints.fits,seg008,3,15,60783.28625456743,TDB-MID,2055.265362712023,0.14460965536327886,2038,0.8515347326686116,2.827786714826026,3185,1.0015604519727113,1.0011721692777158
TOI-2076_b,NIRISS_SOSS,obs10,SOSS_HDU3_ordem_1,jw05959010001_04102_00001-seg008_nis_x1dints.fits,seg008,3,16,60783.28633164043,TDB-MID,2053.868020651957,0.14460954606574242,2038,0.8515347326686116,2.827786714826026,3186,1.0008795070345873,1.0004914883267881
TOI-2076_b,NIRISS_SOSS,obs10,SOSS_HDU3_ordem_1,jw05959010001_04102_00001-seg008_nis_x1dints.fits,seg008,3,17,60783.28640871343,TDB-MID,2054.6095233120896,0.14461133189686065,2038,0.8515347326686116,2.827786714826026,3187,1.001240851974708,1.0008526931815183
TOI-2076_b,NIRISS_SOSS,obs10,SOSS_HDU3_ordem_1,jw05959010001_04102_00001-seg008_nis_x1dints.fits,seg008,3,18,60783.286485786426,TDB-MID,2050.13523662007,0.1446019540110788,2038,0.8515347326686116,2.827786714826026,3188,0.9990604675422075,0.9986731540355324
TOI-2076_b,NIRISS_SOSS,obs10,SOSS_HDU3_ordem_1,jw05959010001_04102_00001-seg008_nis_x1dints.fits,seg008,3,19,60783.286562859415,TDB-MID,2054.4399207971464,0.14461304493100766,2038,0.8515347326686116,2.827786714826026,3189,1.0011582022231946,1.000770075471474
TOI-2076_b,NIRISS_SOSS,obs10,SOSS_HDU3_ordem_1,jw05959010001_04102_00001-seg008_nis_x1dints.fits,seg008,3,20,60783.28663993241,TDB-MID,2048.4158260832837,0.14459745624779782,2038,0.8515347326686116,2.827786714826026,3190,0.9982225739905555,0.9978355853165608
TOI-2076_b,NIRISS_SOSS,obs10,SOSS_HDU3_ordem_1,jw05959010001_04102_00001-seg008_nis_x1dints.fits,seg008,3,21,60783.286717005416,TDB-MID,2046.760999963462,0.14459575307047584,2038,0.8515347326686116,2.827786714826026,3191,0.9974161533567167,0.997029477314053
TOI-2076_b,NIRISS_SOSS,obs10,SOSS_HDU3_ordem_1,jw05959010001_04102_00001-seg008_nis_x1dints.fits,seg008,3,22,60783.28679407841,TDB-MID,2045.4573987125696,0.14459158590978258,2038,0.8515347326686116,2.827786714826026,3192,0.9967808896668188,0.9963944599017481
TOI-2076_b,NIRISS_SOSS,obs10,SOSS_HDU3_ordem_1,jw05959010001_04102_00001-seg008_nis_x1dints.fits,seg008,3,23,60783.28687115141,TDB-MID,2046.9129774796957,0.14459762523274933,2038,0.8515347326686116,2.827786714826026,3193,0.997490214192174,0.9971035094377727
TOI-2076_b,NIRISS_SOSS,obs10,SOSS_HDU3_ordem_1,jw05959010001_04102_00001-seg008_nis_x1dints.fits,seg008,3,24,60783.286948224406,TDB-MID,2057.2738781297317,0.14462121069778283,2038,0.8515347326686116,2.827786714826026,3194,1.0025392305022631,1.002150568356617
TOI-2076_b,NIRISS_SOSS,obs10,SOSS_HDU3_ordem_1,jw05959010001_04102_00001-seg008_nis_x1dints.fits,seg008,3,25,60783.28702529741,TDB-MID,2058.8975445279234,0.14462049755991768,2038,0.8515347326686116,2.827786714826026,3195,1.0033304665543707,1.0029414976641182
TOI-2076_b,NIRISS_SOSS,obs10,SOSS_HDU3_ordem_1,jw05959010001_04102_00001-seg008_nis_x1dints.fits,seg008,3,26,60783.28710237041,TDB-MID,2040.6925755885106,0.14458256543714004,2038,0.8515347326686116,2.827786714826026,3196,0.9944589226409135,0.9940733930507777
TOI-2076_b,NIRISS_SOSS,obs10,SOSS_HDU3_ordem_1,jw05959010001_04102_00001-seg008_nis_x1dints.fits,seg008,3,27,60783.2871794434,TDB-MID,2041.7019236234564,0.14458640125006403,2038,0.8515347326686116,2.827786714826026,3197,0.9949507924950058,0.9945650722178754
TOI-2076_b,NIRISS_SOSS,obs10,SOSS_HDU3_ordem_1,jw05959010001_04102_00001-seg008_nis_x1dints.fits,seg008,3,28,60783.2872565164,TDB-MID,2053.051168833187,0.14460920470609176,2038,0.8515347326686116,2.827786714826026,3198,1.0004814433627884,1.000093578975415
TOI-2076_b,NIRISS_SOSS,obs10,SOSS_HDU3_ordem_1,jw05959010001_04102_00001-seg008_nis_x1dints.fits,seg008,3,29,60783.287333589404,TDB-MID,2051.14974267914,0.14460533142026097,2038,0.8515347326686116,2.827786714826026,3199,0.9995548509758438,0.9991673458077153
TOI-2076_b,NIRISS_SOSS,obs10,SOSS_HDU3_ordem_1,jw05959010001_04102_00001-seg008_nis_x1dints.fits,seg008,3,30,60783.2874106624,TDB-MID,2058.973564882905,0.14461691127500803,2038,0.8515347326686116,2.827786714826026,3200,1.0033675123697072,1.0029785291176165
TOI-2076_b,NIRISS_SOSS,obs10,SOSS_HDU3_ordem_1,jw05959010001_04102_00001-seg008_nis_x1dints.fits,seg008,3,31,60783.2874877354,TDB-MID,2052.440858199285,0.14460732512617436,2038,0.8515347326686116,2.827786714826026,3201,1.0001840301890812,0.9997962811021756
TOI-2076_b,NIRISS_SOSS,obs10,SOSS_HDU3_ordem_1,jw05959010001_04102_00001-seg008_nis_x1dints.fits,seg008,3,32,60783.28756480839,TDB-MID,2051.038271760574,0.14460184855305055,2038,0.8515347326686116,2.827786714826026,3202,0.99950052958961,0.9991130454806737
TOI-2076_b,NIRISS_SOSS,obs10,SOSS_HDU3_ordem_1,jw05959010001_04102_00001-seg008_nis_x1dints.fits,seg008,3,33,60783.28764188139,TDB-MID,2051.0288676351834,0.14460310231000767,2038,0.8515347326686116,2.827786714826026,3203,0.9994959468236823,0.9991084644913824
TOI-2076_b,NIRISS_SOSS,obs10,SOSS_HDU3_ordem_1,jw05959010001_04102_00001-seg008_nis_x1dints.fits,seg008,3,34,60783.28771895439,TDB-MID,2048.5253860202242,0.14459508739189508,2038,0.8515347326686116,2.827786714826026,3204,0.9982759641278832,0.9978889547557207
TOI-2076_b,NIRISS_SOSS,obs10,SOSS_HDU3_ordem_1,jw05959010001_04102_00001-seg008_nis_x1dints.fits,seg008,3,35,60783.28779602738,TDB-MID,2046.1972742124992,0.14459132801771274,2038,0.8515347326686116,2.827786714826026,3205,0.997141441668306,0.9967548721252494
TOI-2076_b,NIRISS_SOSS,obs10,SOSS_HDU3_ordem_1,jw05959010001_04102_00001-seg008_nis_x1dints.fits,seg008,3,36,60783.28787310038,TDB-MID,2051.555793296798,0.14460335764751103,2038,0.8515347326686116,2.827786714826026,3206,0.9997527252978285,0.9993651434182295
TOI-2076_b,NIRISS_SOSS,obs10,SOSS_HDU3_ordem_1,jw05959010001_04102_00001-seg008_nis_x1dints.fits,seg008,3,37,60783.287950173384,TDB-MID,2057.7403132430736,0.14461406947931066,2038,0.8515347326686116,2.827786714826026,3207,1.0027665310598506,1.0023777807948375
TOI-2076_b,NIRISS_SOSS,obs10,SOSS_HDU3_ordem_1,jw05959010001_04102_00001-seg008_nis_x1dints.fits,seg008,3,38,60783.28802724638,TDB-MID,2053.08324318192,0.14460681027855296,2038,0.8515347326686116,2.827786714826026,3208,1.0004970736554974,1.0001092032086074
TOI-2076_b,NIRISS_SOSS,obs10,SOSS_HDU3_ordem_1,jw05959010001_04102_00001-seg008_nis_x1dints.fits,seg008,3,39,60783.28810431938,TDB-MID,2041.5254773004194,0.14458094362266555,2038,0.8515347326686116,2.827786714826026,3209,0.9948648076571079,0.9944791207143854
TOI-2076_b,NIRISS_SOSS,obs10,SOSS_HDU3_ordem_1,jw05959010001_04102_00001-seg008_nis_x1dints.fits,seg008,3,40,60783.288181392374,TDB-MID,2053.9298130377615,0.14460782084354779,2038,0.8515347326686116,2.827786714826026,3210,1.0009096193553502,1.0005215889736745
TOI-2076_b,NIRISS_SOSS,obs10,SOSS_HDU3_ordem_1,jw05959010001_04102_00001-seg008_nis_x1dints.fits,seg008,3,41,60783.28825846537,TDB-MID,2054.1849952832454,0.1446085474912941,2038,0.8515347326686116,2.827786714826026,3211,1.0010339733437739,1.0006458947528247
TOI-2076_b,NIRISS_SOSS,obs10,SOSS_HDU3_ordem_1,jw05959010001_04102_00001-seg008_nis_x1dints.fits,seg008,3,42,60783.288335538375,TDB-MID,2046.0466221943711,0.14459115386052987,2038,0.8515347326686116,2.827786714826026,3212,0.9970680267671918,0.9966814856854583
TOI-2076_b,NIRISS_SOSS,obs10,SOSS_HDU3_ordem_1,jw05959010001_04102_00001-seg008_nis_x1dints.fits,seg008,3,43,60783.28841261137,TDB-MID,2057.965750996341,0.14461779308241254,2038,0.8515347326686116,2.827786714826026,3213,1.0028763901282467,1.0024875972733178
TOI-2076_b,NIRISS_SOSS,obs10,SOSS_HDU3_ordem_1,jw05959010001_04102_00001-seg008_nis_x1dints.fits,seg008,3,44,60783.28848968436,TDB-MID,2046.0876813907412,0.14459146766241485,2038,0.8515347326686116,2.827786714826026,3214,0.9970880355057323,0.9967014866670563
TOI-2076_b,NIRISS_SOSS,obs10,SOSS_HDU3_ordem_1,jw05959010001_04102_00001-seg008_nis_x1dints.fits,seg008,3,45,60783.28856675736,TDB-MID,2057.968124023256,0.14461538180998015,2038,0.8515347326686116,2.827786714826026,3215,1.0028775465384858,1.0024887532352427
TOI-2076_b,NIRISS_SOSS,obs10,SOSS_HDU3_ordem_1,jw05959010001_04102_00001-seg008_nis_x1dints.fits,seg008,3,46,60783.28864383036,TDB-MID,2053.350853423191,0.14460698414677056,2038,0.8515347326686116,2.827786714826026,3216,1.0006274839855027,1.0002395629814305
TOI-2076_b,NIRISS_SOSS,obs10,SOSS_HDU3_ordem_1,jw05959010001_04102_00001-seg008_nis_x1dints.fits,seg008,3,47,60783.28872090336,TDB-MID,2058.2122093805365,0.14461765976775762,2038,0.8515347326686116,2.827786714826026,3217,1.0029964928532504,1.0026076534371682
TOI-2076_b,NIRISS_SOSS,obs10,SOSS_HDU3_ordem_1,jw05959010001_04102_00001-seg008_nis_x1dints.fits,seg008,3,48,60783.288797976355,TDB-MID,2049.94325378373,0.14460430597577814,2038,0.8515347326686116,2.827786714826026,3218,0.998966911537312,0.9985796343002176
TOI-2076_b,NIRISS_SOSS,obs10,SOSS_HDU3_ordem_1,jw05959010001_04102_00001-seg008_nis_x1dints.fits,seg008,3,49,60783.28887504935,TDB-MID,2057.3078254038564,0.14461729404608797,2038,0.8515347326686116,2.827786714826026,3219,1.0025557734985266,1.0021671049395289
TOI-2076_b,NIRISS_SOSS,obs10,SOSS_HDU3_ordem_1,jw05959010001_04102_00001-seg008_nis_x1dints.fits,seg008,3,50,60783.28895212235,TDB-MID,2055.2531734812064,0.14461222155230788,2038,0.8515347326686116,2.827786714826026,3220,1.001554511984743,1.0011662315925487
TOI-2076_b,NIRISS_SOSS,obs10,SOSS_HDU3_ordem_1,jw05959010001_04102_00001-seg008_nis_x1dints.fits,seg008,3,51,60783.28902919535,TDB-MID,2043.105280848286,0.14458824566181686,2038,0.8515347326686116,2.827786714826026,3221,0.9956346687096688,0.9952486833089512
TOI-2076_b,NIRISS_SOSS,obs10,SOSS_HDU3_ordem_1,jw05959010001_04102_00001-seg008_nis_x1dints.fits,seg008,3,52,60783.28910626835,TDB-MID,2056.099758825918,0.14461569929277196,2038,0.8515347326686116,2.827786714826026,3222,1.0019670652325454,1.0015786249026393
TOI-2076_b,NIRISS_SOSS,obs10,SOSS_HDU3_ordem_1,jw05959010001_04102_00001-seg008_nis_x1dints.fits,seg008,3,53,60783.289183341345,TDB-MID,2055.4394729250307,0.1446134346140126,2038,0.8515347326686116,2.827786714826026,3223,1.0016452983905006,1.0012569828024376
TOI-2076_b,NIRISS_SOSS,obs10,SOSS_HDU3_ordem_1,jw05959010001_04102_00001-seg008_nis_x1dints.fits,seg008,3,54,60783.28926041434,TDB-MID,2051.217051039462,0.14460463193540776,2038,0.8515347326686116,2.827786714826026,3224,0.9995876513105396,0.9992001334264513
TOI-2076_b,NIRISS_SOSS,obs10,SOSS_HDU3_ordem_1,jw05959010001_04102_00001-seg008_nis_x1dints.fits,seg008,3,55,60783.289337487346,TDB-MID,2053.1756921468696,0.14460678679145653,2038,0.8515347326686116,2.827786714826026,3225,1.0005421253694022,1.0001542374569654
TOI-2076_b,NIRISS_SOSS,obs10,SOSS_HDU3_ordem_1,jw05959010001_04102_00001-seg008_nis_x1dints.fits,seg008,3,56,60783.28941456034,TDB-MID,2049.3295422864794,0.14460219832988966,2038,0.8515347326686116,2.827786714826026,3226,0.9986678410738482,0.998280679779716
TOI-2076_b,NIRISS_SOSS,obs10,SOSS_HDU3_ordem_1,jw05959010001_04102_00001-seg008_nis_x1dints.fits,seg008,3,57,60783.28949163333,TDB-MID,2055.1880280217756,0.14474756747878595,2038,0.8515347326686116,2.827786714826026,3227,1.0015227656628445,1.0011344975779926
TOI-2076_b,NIRISS_SOSS,obs10,SOSS_HDU3_ordem_1,jw05959010001_04102_00001-seg008_nis_x1dints.fits,seg008,3,58,60783.28956870633,TDB-MID,2057.1743374667167,0.1446156288125967,2038,0.8515347326686116,2.827786714826026,3228,1.0024907229016158,1.0021020795612867
TOI-2076_b,NIRISS_SOSS,obs10,SOSS_HDU3_ordem_1,jw05959010001_04102_00001-seg008_nis_x1dints.fits,seg008,3,59,60783.289645779325,TDB-MID,2063.404069491205,0.1446406190143166,2038,0.8515347326686116,2.827786714826026,3229,1.0055265611613926,1.0051367408941405
TOI-2076_b,NIRISS_SOSS,obs10,SOSS_HDU3_ordem_1,jw05959010001_04102_00001-seg008_nis_x1dints.fits,seg008,3,60,60783.28972285233,TDB-MID,2044.5106476506653,0.1445888831288843,2038,0.8515347326686116,2.827786714826026,3230,0.9963195242204536,0.9959332733164977
TOI-2076_b,NIRISS_SOSS,obs10,SOSS_HDU3_ordem_1,jw05959010001_04102_00001-seg008_nis_x1dints.fits,seg008,3,61,60783.289799925325,TDB-MID,2056.2854804703084,0.14461336130399896,2038,0.8515347326686116,2.827786714826026,3231,1.002057570068306,1.0016690946516895
TOI-2076_b,NIRISS_SOSS,obs10,SOSS_HDU3_ordem_1,jw05959010001_04102_00001-seg008_nis_x1dints.fits,seg008,3,62,60783.28987699832,TDB-MID,2047.9140571415303,0.14459705909515125,2038,0.8515347326686116,2.827786714826026,3232,0.997978054748804,0.997591160869477
TOI-2076_b,NIRISS_SOSS,obs10,SOSS_HDU3_ordem_1,jw05959010001_04102_00001-seg008_nis_x1dints.fits,seg008,3,63,60783.28995407132,TDB-MID,2051.195666409595,0.1446015577763035,2038,0.8515347326686116,2.827786714826026,3233,0.9995772302719996,0.999189716427916
TOI-2076_b,NIRISS_SOSS,obs10,SOSS_HDU3_ordem_1,jw05959010001_04102_00001-seg008_nis_x1dints.fits,seg008,3,64,60783.290031144315,TDB-MID,2053.239744327019,0.14460712731769493,2038,0.8515347326686116,2.827786714826026,3234,1.0005733389205396,1.000185438907304
TOI-2076_b,NIRISS_SOSS,obs10,SOSS_HDU3_ordem_1,jw05959010001_04102_00001-seg008_nis_x1dints.fits,seg008,3,65,60783.29010821732,TDB-MID,2047.5567574966367,0.1446064364349211,2038,0.8515347326686116,2.827786714826026,3235,0.9978039374789264,0.9974171111009895
TOI-2076_b,NIRISS_SOSS,obs10,SOSS_HDU3_ordem_1,jw05959010001_04102_00001-seg008_nis_x1dints.fits,seg008,3,66,60783.290185290316,TDB-MID,2053.2772355641227,0.14460786708502538,2038,0.8515347326686116,2.827786714826026,3236,1.0005916089410734,1.0002037018449572
TOI-2076_b,NIRISS_SOSS,obs10,SOSS_HDU3_ordem_1,jw05959010001_04102_00001-seg008_nis_x1dints.fits,seg008,3,67,60783.29026236331,TDB-MID,2055.975876584603,0.14461205505535762,2038,0.8515347326686116,2.827786714826026,3237,1.001906695629742,1.0015182787037873
TOI-2076_b,NIRISS_SOSS,obs10,SOSS_HDU3_ordem_1,jw05959010001_04102_00001-seg008_nis_x1dints.fits,seg008,3,68,60783.2903394363,TDB-MID,2053.2152899434013,0.1446151031893888,2038,0.8515347326686116,2.827786714826026,3238,1.0005614219467254,1.0001735265534353
TOI-2076_b,NIRISS_SOSS,obs10,SOSS_HDU3_ordem_1,jw05959010001_04102_00001-seg008_nis_x1dints.fits,seg008,3,69,60783.2904165093,TDB-MID,2050.7135892713477,0.14460349592410354,2038,0.8515347326686116,2.827786714826026,3239,0.9993423071300888,0.9989548843604784
TOI-2076_b,NIRISS_SOSS,obs10,SOSS_HDU3_ordem_1,jw05959010001_04102_00001-seg008_nis_x1dints.fits,seg008,3,70,60783.2904935823,TDB-MID,2049.621365995868,0.14459827337332865,2038,0.8515347326686116,2.827786714826026,3240,0.9988100509760702,0.9984228345503241
TOI-2076_b,NIRISS_SOSS,obs10,SOSS_HDU3_ordem_1,jw05959010001_04102_00001-seg008_nis_x1dints.fits,seg008,3,71,60783.2905706553,TDB-MID,2050.6790941107097,0.14460242043788943,2038,0.8515347326686116,2.827786714826026,3241,0.999325497140826,0.9989380808880742
TOI-2076_b,NIRISS_SOSS,obs10,SOSS_HDU3_ordem_1,jw05959010001_04102_00001-seg008_nis_x1dints.fits,seg008,3,72,60783.290647728296,TDB-MID,2055.720749734472,0.14461192995825878,2038,0.8515347326686116,2.827786714826026,3242,1.0017823686362726,1.0013939999091261
TOI-2076_b,NIRISS_SOSS,obs10,SOSS_HDU3_ordem_1,jw05959010001_04102_00001-seg008_nis_x1dints.fits,seg008,3,73,60783.29072480129,TDB-MID,2055.3701423704115,0.14461170638553608,2038,0.8515347326686116,2.827786714826026,3243,1.00161151261136,1.0012232101212915
TOI-2076_b,NIRISS_SOSS,obs10,SOSS_HDU3_ordem_1,jw05959010001_04102_00001-seg008_nis_x1dints.fits,seg008,3,74,60783.29080187429,TDB-MID,2053.310463709595,0.1446082155610934,2038,0.8515347326686116,2.827786714826026,3244,1.000607801495573,1.000219888121964
TOI-2076_b,NIRISS_SOSS,obs10,SOSS_HDU3_ordem_1,jw05959010001_04102_00001-seg008_nis_x1dints.fits,seg008,3,75,60783.29087894729,TDB-MID,2051.021568274312,0.14460427144104077,2038,0.8515347326686116,2.827786714826026,3245,0.9994923897398593,0.9991049087865617
TOI-2076_b,NIRISS_SOSS,obs10,SOSS_HDU3_ordem_1,jw05959010001_04102_00001-seg008_nis_x1dints.fits,seg008,3,76,60783.29095602029,TDB-MID,2052.541714907544,0.14460562584108816,2038,0.8515347326686116,2.827786714826026,3246,1.0002331791175558,0.9998454109767045
TOI-2076_b,NIRISS_SOSS,obs10,SOSS_HDU3_ordem_1,jw05959010001_04102_00001-seg008_nis_x1dints.fits,seg008,3,77,60783.29103309329,TDB-MID,2050.0797810720696,0.14459969830982897,2038,0.8515347326686116,2.827786714826026,3247,0.9990334432538955,0.9986461402239355
TOI-2076_b,NIRISS_SOSS,obs10,SOSS_HDU3_ordem_1,jw05959010001_04102_00001-seg008_nis_x1dints.fits,seg008,3,78,60783.29111016628,TDB-MID,2056.13250034673,0.14461529361694198,2038,0.8515347326686116,2.827786714826026,3248,1.0019830206478304,1.0015945741323649
TOI-2076_b,NIRISS_SOSS,obs10,SOSS_HDU3_ordem_1,jw05959010001_04102_00001-seg008_nis_x1dints.fits,seg008,3,79,60783.29118723928,TDB-MID,2046.11233291475,0.14462690064322634,2038,0.8515347326686116,2.827786714826026,3249,0.9971000485489022,0.9967134950530367
TOI-2076_b,NIRISS_SOSS,obs10,SOSS_HDU3_ordem_1,jw05959010001_04102_00001-seg008_nis_x1dints.fits,seg008,3,80,60783.29126431228,TDB-MID,2048.9800714214944,0.14460241225696943,2038,0.8515347326686116,2.827786714826026,3250,0.9984975388813255,0.9981104436095628
TOI-2076_b,NIRISS_SOSS,obs10,SOSS_HDU3_ordem_1,jw05959010001_04102_00001-seg008_nis_x1dints.fits,seg008,3,81,60783.29134138527,TDB-MID,2052.2045392212212,0.14460588636316912,2038,0.8515347326686116,2.827786714826026,3251,1.0000688685429147,0.999681164101616
TOI-2076_b,NIRISS_SOSS,obs10,SOSS_HDU3_ordem_1,jw05959010001_04102_00001-seg008_nis_x1dints.fits,seg008,3,82,60783.29141845827,TDB-MID,2056.65239615404,0.14461617212073274,2038,0.8515347326686116,2.827786714826026,3252,1.0022363733725905,1.0018478286379127
TOI-2076_b,NIRISS_SOSS,obs10,SOSS_HDU3_ordem_1,jw05959010001_04102_00001-seg008_nis_x1dints.fits,seg008,3,83,60783.291495531266,TDB-MID,2052.7619070148785,0.14460576982999365,2038,0.8515347326686116,2.827786714826026,3253,1.000340481907037,0.9999526721672825
TOI-2076_b,NIRISS_SOSS,obs10,SOSS_HDU3_ordem_1,jw05959010001_04102_00001-seg008_nis_x1dints.fits,seg008,3,84,60783.29157260426,TDB-MID,2052.9737011940692,0.14463122474470505,2038,0.8515347326686116,2.827786714826026,3254,1.00044369226502,1.000055842512907
TOI-2076_b,NIRISS_SOSS,obs10,SOSS_HDU3_ordem_1,jw05959010001_04102_00001-seg008_nis_x1dints.fits,seg008,3,85,60783.29164967727,TDB-MID,2056.6950397431733,0.14461796886267123,2038,0.8515347326686116,2.827786714826026,3255,1.0022571542085745,1.001868601417629
TOI-2076_b,NIRISS_SOSS,obs10,SOSS_HDU3_ordem_1,jw05959010001_04102_00001-seg008_nis_x1dints.fits,seg008,3,86,60783.29172675026,TDB-MID,2049.6560517896946,0.14460224331051003,2038,0.8515347326686116,2.827786714826026,3256,0.9988269538636352,0.9984397308850158
TOI-2076_b,NIRISS_SOSS,obs10,SOSS_HDU3_ordem_1,jw05959010001_04102_00001-seg008_nis_x1dints.fits,seg008,3,87,60783.29180382326,TDB-MID,2057.2898789449296,0.14461791397165422,2038,0.8515347326686116,2.827786714826026,3257,1.0025470279302704,1.002158362761735
TOI-2076_b,NIRISS_SOSS,obs10,SOSS_HDU3_ordem_1,jw05959010001_04102_00001-seg008_nis_x1dints.fits,seg008,3,88,60783.29188089626,TDB-MID,2057.0422051512005,0.14461596196625606,2038,0.8515347326686116,2.827786714826026,3258,1.0024263329186727,1.0020377145409067
TOI-2076_b,NIRISS_SOSS,obs10,SOSS_HDU3_ordem_1,jw05959010001_04102_00001-seg008_nis_x1dints.fits,seg008,3,89,60783.29195796925,TDB-MID,2057.160496266265,0.1446174223520248,2038,0.8515347326686116,2.827786714826026,3259,1.0024839778850199,1.0020953371595838
TOI-2076_b,NIRISS_SOSS,obs10,SOSS_HDU3_ordem_1,jw05959010001_04102_00001-seg008_nis_x1dints.fits,seg008,3,90,60783.29203504226,TDB-MID,2049.920946254645,0.14460390846700427,2038,0.8515347326686116,2.827786714826026,3260,0.998956040756673,0.9985687677339383
TOI-2076_b,NIRISS_SOSS,obs10,SOSS_HDU3_ordem_1,jw05959010001_04102_00001-seg008_nis_x1dints.fits,seg008,3,91,60783.292112115254,TDB-MID,2056.9476691253126,0.14462217947725092,2038,0.8515347326686116,2.827786714826026,3261,1.0023802641498734,1.0019916636319437
TOI-2076_b,NIRISS_SOSS,obs10,SOSS_HDU3_ordem_1,jw05959010001_04102_00001-seg008_nis_x1dints.fits,seg008,3,92,60783.29218918824,TDB-MID,2050.1858096150227,0.1446026628893506,2038,0.8515347326686116,2.827786714826026,3262,0.9990851124920039,0.9986977894310304
TOI-2076_b,NIRISS_SOSS,obs10,SOSS_HDU3_ordem_1,jw05959010001_04102_00001-seg008_nis_x1dints.fits,seg008,3,93,60783.29226626124,TDB-MID,2049.2022716375077,0.1446051004545075,2038,0.8515347326686116,2.827786714826026,3263,0.9986058202511264,0.9982186830010867
TOI-2076_b,NIRISS_SOSS,obs10,SOSS_HDU3_ordem_1,jw05959010001_04102_00001-seg008_nis_x1dints.fits,seg008,3,94,60783.29234333424,TDB-MID,2057.8643720398386,0.1446148342352627,2038,0.8515347326686116,2.827786714826026,3264,1.0028269867006712,1.0024382129983518
TOI-2076_b,NIRISS_SOSS,obs10,SOSS_HDU3_ordem_1,jw05959010001_04102_00001-seg008_nis_x1dints.fits,seg008,3,95,60783.29242040723,TDB-MID,2062.0286789358925,0.14462484933056224,2038,0.8515347326686116,2.827786714826026,3265,1.0048563135081163,1.0044667530809612
TOI-2076_b,NIRISS_SOSS,obs10,SOSS_HDU3_ordem_1,jw05959010001_04102_00001-seg008_nis_x1dints.fits,seg008,3,96,60783.29249748024,TDB-MID,2051.1458135735893,0.14460245069059763,2038,0.8515347326686116,2.827786714826026,3266,0.9995529362660439,0.9991654318402057
TOI-2076_b,NIRISS_SOSS,obs10,SOSS_HDU3_ordem_1,jw05959010001_04102_00001-seg008_nis_x1dints.fits,seg008,3,97,60783.292574553234,TDB-MID,2053.8952064457562,0.1446084846777132,2038,0.8515347326686116,2.827786714826026,3267,1.000892755063975,1.0005047312202098
TOI-2076_b,NIRISS_SOSS,obs10,SOSS_HDU3_ordem_1,jw05959010001_04102_00001-seg008_nis_x1dints.fits,seg008,3,98,60783.29265162623,TDB-MID,2055.368000113373,0.14461054148016997,2038,0.8515347326686116,2.827786714826026,3268,1.00161046865861,1.0012221665732586
TOI-2076_b,NIRISS_SOSS,obs10,SOSS_HDU3_ordem_1,jw05959010001_04102_00001-seg008_nis_x1dints.fits,seg008,3,99,60783.29272869923,TDB-MID,2047.0186774663318,0.14459409412874658,2038,0.8515347326686116,2.827786714826026,3269,0.9975417233200509,0.9971549985967072
TOI-2076_b,NIRISS_SOSS,obs10,SOSS_HDU3_ordem_1,jw05959010001_04102_00001-seg008_nis_x1dints.fits,seg008,3,100,60783.292805772224,TDB-MID,2058.093522146689,0.14461520577300832,2038,0.8515347326686116,2.827786714826026,3270,1.0029386548525072,1.0025498378589306
TOI-2076_b,NIRISS_SOSS,obs10,SOSS_HDU3_ordem_1,jw05959010001_04102_00001-seg008_nis_x1dints.fits,seg008,3,101,60783.29288284523,TDB-MID,2057.7530652179876,0.144614718757926,2038,0.8515347326686116,2.827786714826026,3271,1.0027727452811332,1.0023839926070048
TOI-2076_b,NIRISS_SOSS,obs10,SOSS_HDU3_ordem_1,jw05959010001_04102_00001-seg008_nis_x1dints.fits,seg008,3,102,60783.292959918224,TDB-MID,2055.7409613787586,0.1446132527234449,2038,0.8515347326686116,2.827786714826026,3272,1.0017922180620227,1.001403845516473
TOI-2076_b,NIRISS_SOSS,obs10,SOSS_HDU3_ordem_1,jw05959010001_04102_00001-seg008_nis_x1dints.fits,seg008,3,103,60783.29303699122,TDB-MID,2056.079004558362,0.14461144402162324,2038,0.8515347326686116,2.827786714826026,3273,1.0019569513786506,1.0015685149696607
TOI-2076_b,NIRISS_SOSS,obs10,SOSS_HDU3_ordem_1,jw05959010001_04102_00001-seg008_nis_x1dints.fits,seg008,3,104,60783.29311406422,TDB-MID,2058.296949991217,0.1446179917559804,2038,0.8515347326686116,2.827786714826026,3274,1.003037788174951,1.0026489327495918
TOI-2076_b,NIRISS_SOSS,obs10,SOSS_HDU3_ordem_1,jw05959010001_04102_00001-seg008_nis_x1dints.fits,seg008,3,105,60783.29319113721,TDB-MID,2064.8893302052043,0.1446338509383705,2038,0.8515347326686116,2.827786714826026,3275,1.0062503501275277,1.005860249263403
TOI-2076_b,NIRISS_SOSS,obs10,SOSS_HDU3_ordem_1,jw05959010001_04102_00001-seg008_nis_x1dints.fits,seg008,3,106,60783.293268210204,TDB-MID,2055.2555578781744,0.1446107378480726,2038,0.8515347326686116,2.827786714826026,3276,1.001555673935773,1.001167393093116
TOI-2076_b,NIRISS_SOSS,obs10,SOSS_HDU3_ordem_1,jw05959010001_04102_00001-seg008_nis_x1dints.fits,seg008,3,107,60783.29334528321,TDB-MID,2055.1304437645895,0.14461400786348907,2038,0.8515347326686116,2.827786714826026,3277,1.0014947040238464,1.0011064468178672
TOI-2076_b,NIRISS_SOSS,obs10,SOSS_HDU3_ordem_1,jw05959010001_04102_00001-seg008_nis_x1dints.fits,seg008,3,108,60783.293422356204,TDB-MID,2053.1106127995063,0.144612009573982,2038,0.8515347326686116,2.827786714826026,3278,1.0005104112648677,1.0001225356472834
TOI-2076_b,NIRISS_SOSS,obs10,SOSS_HDU3_ordem_1,jw05959010001_04102_00001-seg008_nis_x1dints.fits,seg008,3,109,60783.2934994292,TDB-MID,2047.8718570665883,0.14459597060895027,2038,0.8515347326686116,2.827786714826026,3279,0.9979574900436817,0.9975706041368332
TOI-2076_b,NIRISS_SOSS,obs10,SOSS_HDU3_ordem_1,jw05959010001_04102_00001-seg008_nis_x1dints.fits,seg008,3,110,60783.2935765022,TDB-MID,2046.2748182691037,0.14459151897775957,2038,0.8515347326686116,2.827786714826026,3280,0.9971792300054179,0.996792645812664
TOI-2076_b,NIRISS_SOSS,obs10,SOSS_HDU3_ordem_1,jw05959010001_04102_00001-seg008_nis_x1dints.fits,seg008,3,111,60783.293653575194,TDB-MID,2053.90031834041,0.14461009461685842,2038,0.8515347326686116,2.827786714826026,3281,1.0008952461639629,1.0005072213544537
TOI-2076_b,NIRISS_SOSS,obs10,SOSS_HDU3_ordem_1,jw05959010001_04102_00001-seg008_nis_x1dints.fits,seg008,3,112,60783.29373064819,TDB-MID,2047.0756145320888,0.14459451804802775,2038,0.8515347326686116,2.827786714826026,3282,0.9975694695733319,0.9971827340933833
TOI-2076_b,NIRISS_SOSS,obs10,SOSS_HDU3_ordem_1,jw05959010001_04102_00001-seg008_nis_x1dints.fits,seg008,3,113,60783.293807721195,TDB-MID,2061.8308141319876,0.1446273785481288,2038,0.8515347326686116,2.827786714826026,3283,1.0047598911355975,1.0043703680892502
TOI-2076_b,NIRISS_SOSS,obs10,SOSS_HDU3_ordem_1,jw05959010001_04102_00001-seg008_nis_x1dints.fits,seg008,3,114,60783.29388479419,TDB-MID,2058.407915393534,0.14461847182095927,2038,0.8515347326686116,2.827786714826026,3284,1.0030918632158263,1.0027029868267772
TOI-2076_b,NIRISS_SOSS,obs10,SOSS_HDU3_ordem_1,jw05959010001_04102_00001-seg008_nis_x1dints.fits,seg008,3,115,60783.29396186719,TDB-MID,2049.475469145723,0.14460075762097746,2038,0.8515347326686116,2.827786714826026,3285,0.9987389533368924,0.9983517644741186
TOI-2076_b,NIRISS_SOSS,obs10,SOSS_HDU3_ordem_1,jw05959010001_04102_00001-seg008_nis_x1dints.fits,seg008,3,116,60783.294038940185,TDB-MID,2064.0995815802603,0.1446302507571255,2038,0.8515347326686116,2.827786714826026,3286,1.0058654942329583,1.0054755425688982
TOI-2076_b,NIRISS_SOSS,obs10,SOSS_HDU3_ordem_1,jw05959010001_04102_00001-seg008_nis_x1dints.fits,seg008,3,117,60783.294116013174,TDB-MID,2050.3988403306016,0.14460244642695502,2038,0.8515347326686116,2.827786714826026,3287,0.999188925432002,0.9988015621250622
TOI-2076_b,NIRISS_SOSS,obs10,SOSS_HDU3_ordem_1,jw05959010001_04102_00001-seg008_nis_x1dints.fits,seg008,3,118,60783.29419308617,TDB-MID,2042.8469606994097,0.14458650858168287,2038,0.8515347326686116,2.827786714826026,3288,0.9955087855756677,0.9951228489770394
TOI-2076_b,NIRISS_SOSS,obs10,SOSS_HDU3_ordem_1,jw05959010001_04102_00001-seg008_nis_x1dints.fits,seg008,3,119,60783.294270159175,TDB-MID,2054.9998179980985,0.14461344662647216,2038,0.8515347326686116,2.827786714826026,3289,1.0014310482039703,1.001042815675936
TOI-2076_b,NIRISS_SOSS,obs10,SOSS_HDU3_ordem_1,jw05959010001_04102_00001-seg008_nis_x1dints.fits,seg008,3,120,60783.29434723217,TDB-MID,2050.5093136421947,0.14460336768105567,2038,0.8515347326686116,2.827786714826026,3290,0.9992427606699705,0.9988553764923072
TOI-2076_b,NIRISS_SOSS,obs10,SOSS_HDU3_ordem_1,jw05959010001_04102_00001-seg008_nis_x1dints.fits,seg008,3,121,60783.29442430517,TDB-MID,2057.298558207582,0.14461666067824883,2038,0.8515347326686116,2.827786714826026,3291,1.002551257460132,1.002162590651902
TOI-2076_b,NIRISS_SOSS,obs10,SOSS_HDU3_ordem_1,jw05959010001_04102_00001-seg008_nis_x1dints.fits,seg008,3,122,60783.294501378165,TDB-MID,2056.6575362626763,0.1446149044791653,2038,0.8515347326686116,2.827786714826026,3292,1.002238878221659,1.0018503325159067
TOI-2076_b,NIRISS_SOSS,obs10,SOSS_HDU3_ordem_1,jw05959010001_04102_00001-seg008_nis_x1dints.fits,seg008,3,123,60783.29457845116,TDB-MID,2047.3391008949443,0.14459569746034356,2038,0.8515347326686116,2.827786714826026,3293,0.9976978702779115,0.9973110850198676
TOI-2076_b,NIRISS_SOSS,obs10,SOSS_HDU3_ordem_1,jw05959010001_04102_00001-seg008_nis_x1dints.fits,seg008,3,124,60783.29465552416,TDB-MID,2048.9675113520216,0.14459887185821174,2038,0.8515347326686116,2.827786714826026,3294,0.9984914181783321,0.9981043252794297
TOI-2076_b,NIRISS_SOSS,obs10,SOSS_HDU3_ordem_1,jw05959010001_04102_00001-seg008_nis_x1dints.fits,seg008,3,125,60783.294732597155,TDB-MID,2057.1836048087025,0.14461546877982476,2038,0.8515347326686116,2.827786714826026,3295,1.0024952390110176,1.0021065939198934
TOI-2076_b,NIRISS_SOSS,obs10,SOSS_HDU3_ordem_1,jw05959010001_04102_00001-seg008_nis_x1dints.fits,seg008,3,126,60783.29480967016,TDB-MID,2056.285018016005,0.1446143774148031,2038,0.8515347326686116,2.827786714826026,3296,1.0020573447076546,1.0016688693784055
TOI-2076_b,NIRISS_SOSS,obs10,SOSS_HDU3_ordem_1,jw05959010001_04102_00001-seg008_nis_x1dints.fits,seg008,3,127,60783.294886743155,TDB-MID,2047.2863495644972,0.1445947397769149,2038,0.8515347326686116,2.827786714826026,3297,0.997672163793813,0.9972853885016009
TOI-2076_b,NIRISS_SOSS,obs10,SOSS_HDU3_ordem_1,jw05959010001_04102_00001-seg008_nis_x1dints.fits,seg008,3,128,60783.29496381615,TDB-MID,2058.0799678533213,0.1446159269866023,2038,0.8515347326686116,2.827786714826026,3298,1.0029320496498713,1.0025432352169847
TOI-2076_b,NIRISS_SOSS,obs10,SOSS_HDU3_ordem_1,jw05959010001_04102_00001-seg008_nis_x1dints.fits,seg008,3,129,60783.29504088914,TDB-MID,2054.4785767172916,0.14461303130300027,2038,0.8515347326686116,2.827786714826026,3299,1.001177039810571,1.0007889057559372
TOI-2076_b,NIRISS_SOSS,obs10,SOSS_HDU3_ordem_1,jw05959010001_04102_00001-seg008_nis_x1dints.fits,seg008,3,130,60783.29511796214,TDB-MID,2049.7555174906174,0.14460081053069976,2038,0.8515347326686116,2.827786714826026,3300,0.998875424934174,0.9984881831643994
TOI-2076_b,NIRISS_SOSS,obs10,SOSS_HDU3_ordem_1,jw05959010001_04102_00001-seg008_nis_x1dints.fits,seg008,3,131,60783.295195035134,TDB-MID,2053.967974445137,0.14460715136916563,2038,0.8515347326686116,2.827786714826026,3301,1.000928215959522,1.000540178368357
TOI-2076_b,NIRISS_SOSS,obs10,SOSS_HDU3_ordem_1,jw05959010001_04102_00001-seg008_nis_x1dints.fits,seg008,3,132,60783.29527210814,TDB-MID,2045.1432022609204,0.144590588711134,2038,0.8515347326686116,2.827786714826026,3302,0.9966277772046369,0.99624140679786
TOI-2076_b,NIRISS_SOSS,obs10,SOSS_HDU3_ordem_1,jw05959010001_04102_00001-seg008_nis_x1dints.fits,seg008,3,133,60783.295349181135,TDB-MID,2053.541141871661,0.1446089656317821,2038,0.8515347326686116,2.827786714826026,3303,1.000720214290753,1.0003322573372053
TOI-2076_b,NIRISS_SOSS,obs10,SOSS_HDU3_ordem_1,jw05959010001_04102_00001-seg008_nis_x1dints.fits,seg008,3,134,60783.29542625413,TDB-MID,2050.9558832328535,0.14460369755337382,2038,0.8515347326686116,2.827786714826026,3304,0.999460380471857,0.9990729119278401
TOI-2076_b,NIRISS_SOSS,obs10,SOSS_HDU3_ordem_1,jw05959010001_04102_00001-seg008_nis_x1dints.fits,seg008,3,135,60783.29550332713,TDB-MID,2050.427031205749,0.14460219640647576,2038,0.8515347326686116,2.827786714826026,3305,0.9992026632520258,0.9988152946192388
TOI-2076_b,NIRISS_SOSS,obs10,SOSS_HDU3_ordem_1,jw05959010001_04102_00001-seg008_nis_x1dints.fits,seg008,3,136,60783.295580400125,TDB-MID,2059.045538431401,0.14461815106454254,2038,0.8515347326686116,2.827786714826026,3306,1.0034025861178808,1.0030135892684786
TOI-2076_b,NIRISS_SOSS,obs10,SOSS_HDU3_ordem_1,jw05959010001_04102_00001-seg008_nis_x1dints.fits,seg008,3,137,60783.29565747312,TDB-MID,2044.1885503511364,0.14458989041968762,2038,0.8515347326686116,2.827786714826026,3307,0.9961625615611551,0.9957763715081287
TOI-2076_b,NIRISS_SOSS,obs10,SOSS_HDU3_ordem_1,jw05959010001_04102_00001-seg008_nis_x1dints.fits,seg008,3,138,60783.29573454612,TDB-MID,2050.8238151198652,0.14460381633546945,2038,0.8515347326686116,2.827786714826026,3308,0.9993960217757317,0.9990085781821488
TOI-2076_b,NIRISS_SOSS,obs10,SOSS_HDU3_ordem_1,jw05959010001_04102_00001-seg008_nis_x1dints.fits,seg008,3,139,60783.29581161912,TDB-MID,2046.1392368171357,0.14461883541316564,2038,0.8515347326686116,2.827786714826026,3309,0.9971131592085388,0.9967266006299624
TOI-2076_b,NIRISS_SOSS,obs10,SOSS_HDU3_ordem_1,jw05959010001_04102_00001-seg008_nis_x1dints.fits,seg008,3,140,60783.29588869212,TDB-MID,2050.9305749006535,0.14460452341974445,2038,0.8515347326686116,2.827786714826026,3310,0.9994480473565831,0.9990605835938404
TOI-2076_b,NIRISS_SOSS,obs10,SOSS_HDU3_ordem_1,jw05959010001_04102_00001-seg008_nis_x1dints.fits,seg008,3,141,60783.29596576511,TDB-MID,2050.429218567335,0.14460062776034122,2038,0.8515347326686116,2.827786714826026,3311,0.9992037291848724,0.9988163601388471
TOI-2076_b,NIRISS_SOSS,obs10,SOSS_HDU3_ordem_1,jw05959010001_04102_00001-seg008_nis_x1dints.fits,seg008,3,142,60783.296042838105,TDB-MID,2052.237702885477,0.14460665850435794,2038,0.8515347326686116,2.827786714826026,3312,1.0000850296747879,0.999697318968178
TOI-2076_b,NIRISS_SOSS,obs10,SOSS_HDU3_ordem_1,jw05959010001_04102_00001-seg008_nis_x1dints.fits,seg008,3,143,60783.2961199111,TDB-MID,2048.920477550405,0.14460110920371108,2038,0.8515347326686116,2.827786714826026,3313,0.99846849792849,0.9980814139152583
TOI-2076_b,NIRISS_SOSS,obs10,SOSS_HDU3_ordem_1,jw05959010001_04102_00001-seg008_nis_x1dints.fits,seg008,3,144,60783.2961969841,TDB-MID,2054.579909604572,0.14461185604312246,2038,0.8515347326686116,2.827786714826026,3314,1.0012264207879502,1.0008382675894105
TOI-2076_b,NIRISS_SOSS,obs10,SOSS_HDU3_ordem_1,jw05959010001_04102_00001-seg008_nis_x1dints.fits,seg008,3,145,60783.296274057095,TDB-MID,2050.9922955850357,0.14460262024565704,2038,0.8515347326686116,2.827786714826026,3315,0.9994781247362088,0.9990906493131355
TOI-2076_b,NIRISS_SOSS,obs10,SOSS_HDU3_ordem_1,jw05959010001_04102_00001-seg008_nis_x1dints.fits,seg008,3,146,60783.2963511301,TDB-MID,2058.643615801233,0.14462064865725618,2038,0.8515347326686116,2.827786714826026,3316,1.0032067234237332,1.0028178025059382
TOI-2076_b,NIRISS_SOSS,obs10,SOSS_HDU3_ordem_1,jw05959010001_04102_00001-seg008_nis_x1dints.fits,seg008,3,147,60783.296428203095,TDB-MID,2061.3935918887073,0.14462427172302567,2038,0.8515347326686116,2.827786714826026,3317,1.0045468264308945,1.004157385984991
TOI-2076_b,NIRISS_SOSS,obs10,SOSS_HDU3_ordem_1,jw05959010001_04102_00001-seg008_nis_x1dints.fits,seg008,3,148,60783.29650527609,TDB-MID,2051.2171809819665,0.14460464872455284,2038,0.8515347326686116,2.827786714826026,3318,0.999587714633396,0.9992001967247588
TOI-2076_b,NIRISS_SOSS,obs10,SOSS_HDU3_ordem_1,jw05959010001_04102_00001-seg008_nis_x1dints.fits,seg008,3,149,60783.29658234909,TDB-MID,2053.375971573305,0.14460709556233178,2038,0.8515347326686116,2.827786714826026,3319,1.0006397244223033,1.0002517986728863
TOI-2076_b,NIRISS_SOSS,obs10,SOSS_HDU3_ordem_1,jw05959010001_04102_00001-seg008_nis_x1dints.fits,seg008,3,150,60783.296659422085,TDB-MID,2046.8297785962181,0.14459446880255808,2038,0.8515347326686116,2.827786714826026,3320,0.9974496701763738,0.997062981139985
TOI-2076_b,NIRISS_SOSS,obs10,SOSS_HDU3_ordem_1,jw05959010001_04102_00001-seg008_nis_x1dints.fits,seg008,3,151,60783.29673649508,TDB-MID,2052.6364026302836,0.14460681630416708,2038,0.8515347326686116,2.827786714826026,3321,1.0002793218104187,0.9998915357810725
TOI-2076_b,NIRISS_SOSS,obs10,SOSS_HDU3_ordem_1,jw05959010001_04102_00001-seg008_nis_x1dints.fits,seg008,3,152,60783.29681356808,TDB-MID,2048.168305669659,0.14459513816477765,2038,0.8515347326686116,2.827786714826026,3322,0.9981019537232945,0.9977150118110928
TOI-2076_b,NIRISS_SOSS,obs10,SOSS_HDU3_ordem_1,jw05959010001_04102_00001-seg008_nis_x1dints.fits,seg008,3,153,60783.296890641075,TDB-MID,2044.5538336611476,0.14458926957035323,2038,0.8515347326686116,2.827786714826026,3323,0.9963405693861836,0.9959543103234855
TOI-2076_b,NIRISS_SOSS,obs10,SOSS_HDU3_ordem_1,jw05959010001_04102_00001-seg008_nis_x1dints.fits,seg008,3,154,60783.29696771407,TDB-MID,2058.547921998449,0.14461792793671208,2038,0.8515347326686116,2.827786714826026,3324,1.0031600904535551,1.0027711876143248
TOI-2076_b,NIRISS_SOSS,obs10,SOSS_HDU3_ordem_1,jw05959010001_04102_00001-seg008_nis_x1dints.fits,seg008,3,155,60783.29704478707,TDB-MID,2045.1160507186107,0.1445899256843567,2038,0.8515347326686116,2.827786714826026,3325,0.996614545866494,0.9962281805892124
TOI-2076_b,NIRISS_SOSS,obs10,SOSS_HDU3_ordem_1,jw05959010001_04102_00001-seg008_nis_x1dints.fits,seg008,3,156,60783.297121860065,TDB-MID,2054.096681616188,0.14460885174622679,2038,0.8515347326686116,2.827786714826026,3326,1.0009909368201706,1.0006028749135238
TOI-2076_b,NIRISS_SOSS,obs10,SOSS_HDU3_ordem_1,jw05959010001_04102_00001-seg008_nis_x1dints.fits,seg008,3,157,60783.29719893306,TDB-MID,2049.197282604482,0.14459723511425912,2038,0.8515347326686116,2.827786714826026,3327,0.998603389023382,0.9982162527158752
TOI-2076_b,NIRISS_SOSS,obs10,SOSS_HDU3_ordem_1,jw05959010001_04102_00001-seg008_nis_x1dints.fits,seg008,3,158,60783.29727600606,TDB-MID,2052.382506639344,0.14460667760194312,2038,0.8515347326686116,2.827786714826026,3328,1.0001555946323846,0.9997678565693114
TOI-2076_b,NIRISS_SOSS,obs10,SOSS_HDU3_ordem_1,jw05959010001_04102_00001-seg008_nis_x1dints.fits,seg008,3,159,60783.297353079055,TDB-MID,2060.7897984484534,0.14462272106322743,2038,0.8515347326686116,2.827786714826026,3329,1.004252589179642,1.0038632628029718
TOI-2076_b,NIRISS_SOSS,obs10,SOSS_HDU3_ordem_1,jw05959010001_04102_00001-seg008_nis_x1dints.fits,seg008,3,160,60783.29743015205,TDB-MID,2054.4953427158607,0.1446087753815986,2038,0.8515347326686116,2.827786714826026,3330,1.0011852101234706,1.000797072901388
TOI-2076_b,NIRISS_SOSS,obs10,SOSS_HDU3_ordem_1,jw05959010001_04102_00001-seg008_nis_x1dints.fits,seg008,3,161,60783.29750722505,TDB-MID,2048.5004295807157,0.14459685380789705,2038,0.8515347326686116,2.827786714826026,3331,0.9982638024949928,0.9978767978376246
TOI-2076_b,NIRISS_SOSS,obs10,SOSS_HDU3_ordem_1,jw05959010001_04102_00001-seg008_nis_x1dints.fits,seg008,3,162,60783.29758429805,TDB-MID,2056.0044444963432,0.14461265697500922,2038,0.8515347326686116,2.827786714826026,3332,1.001920617185135,1.001532194862103
TOI-2076_b,NIRISS_SOSS,obs10,SOSS_HDU3_ordem_1,jw05959010001_04102_00001-seg008_nis_x1dints.fits,seg008,3,163,60783.29766137105,TDB-MID,2047.6086076199254,0.1445958408461264,2038,0.8515347326686116,2.827786714826026,3333,0.9978292047917795,0.9974423686182678
TOI-2076_b,NIRISS_SOSS,obs10,SOSS_HDU3_ordem_1,jw05959010001_04102_00001-seg008_nis_x1dints.fits,seg008,3,164,60783.297738444046,TDB-MID,2059.453996856031,0.1446269719726965,2038,0.8515347326686116,2.827786714826026,3334,1.0036016337989282,1.0032125597831703
TOI-2076_b,NIRISS_SOSS,obs10,SOSS_HDU3_ordem_1,jw05959010001_04102_00001-seg008_nis_x1dints.fits,seg008,3,165,60783.297815517035,TDB-MID,2058.733339331752,0.1446203052524494,2038,0.8515347326686116,2.827786714826026,3335,1.0032504469941343,1.002861509125684
TOI-2076_b,NIRISS_SOSS,obs10,SOSS_HDU3_ordem_1,jw05959010001_04102_00001-seg008_nis_x1dints.fits,seg008,3,166,60783.29789259003,TDB-MID,2053.924673644877,0.14460808396156735,2038,0.8515347326686116,2.827786714826026,3336,1.000907114855078,1.0005190854443415
TOI-2076_b,NIRISS_SOSS,obs10,SOSS_HDU3_ordem_1,jw05959010001_04102_00001-seg008_nis_x1dints.fits,seg008,3,167,60783.29796966303,TDB-MID,2055.2258394955165,0.14460801794660483,2038,0.8515347326686116,2.827786714826026,3337,1.0015411917393098,1.0011529165110782
TOI-2076_b,NIRISS_SOSS,obs10,SOSS_HDU3_ordem_1,jw05959010001_04102_00001-seg008_nis_x1dints.fits,seg008,3,168,60783.298046736025,TDB-MID,2047.0302522745105,0.14459413088011067,2038,0.8515347326686116,2.827786714826026,3338,0.9975473638910064,0.9971606369809389
TOI-2076_b,NIRISS_SOSS,obs10,SOSS_HDU3_ordem_1,jw05959010001_04102_00001-seg008_nis_x1dints.fits,seg008,3,169,60783.29812380902,TDB-MID,2059.1495608937526,0.1446199327536434,2038,0.8515347326686116,2.827786714826026,3339,1.0034532777639809,1.0030642612625558
TOI-2076_b,NIRISS_SOSS,obs10,SOSS_HDU3_ordem_1,jw05959010001_04102_00001-seg008_nis_x1dints.fits,seg008,3,170,60783.298200882025,TDB-MID,2051.6356780351075,0.1446045789626295,2038,0.8515347326686116,2.827786714826026,3340,0.9997916542828922,0.9994040573113921
TOI-2076_b,NIRISS_SOSS,obs10,SOSS_HDU3_ordem_1,jw05959010001_04102_00001-seg008_nis_x1dints.fits,seg008,3,171,60783.29827795502,TDB-MID,2055.4498996460998,0.14461168350428705,2038,0.8515347326686116,2.827786714826026,3341,1.0016503794820502,1.001262061924161
TOI-2076_b,NIRISS_SOSS,obs10,SOSS_HDU3_ordem_1,jw05959010001_04102_00001-seg008_nis_x1dints.fits,seg008,3,172,60783.29835502802,TDB-MID,2047.4473695204947,0.14459558293660993,2038,0.8515347326686116,2.827786714826026,3342,0.9977506311405757,0.9973638254283198
TOI-2076_b,NIRISS_SOSS,obs10,SOSS_HDU3_ordem_1,jw05959010001_04102_00001-seg008_nis_x1dints.fits,seg008,3,173,60783.298432101015,TDB-MID,2045.6849924712049,0.14459154253674705,2038,0.8515347326686116,2.827786714826026,3343,0.9968917993877242,0.9965053266254233
TOI-2076_b,NIRISS_SOSS,obs10,SOSS_HDU3_ordem_1,jw05959010001_04102_00001-seg008_nis_x1dints.fits,seg008,3,174,60783.29850917401,TDB-MID,2053.489903951333,0.14460617835569478,2038,0.8515347326686116,2.827786714826026,3344,1.0006952453132318,1.0003072980396008
TOI-2076_b,NIRISS_SOSS,obs10,SOSS_HDU3_ordem_1,jw05959010001_04102_00001-seg008_nis_x1dints.fits,seg008,3,175,60783.29858624701,TDB-MID,2055.808559802274,0.14461306705481325,2038,0.8515347326686116,2.827786714826026,3345,1.001825159748696,1.0014367744323875
TOI-2076_b,NIRISS_SOSS,obs10,SOSS_HDU3_ordem_1,jw05959010001_04102_00001-seg008_nis_x1dints.fits,seg008,3,176,60783.298663320005,TDB-MID,2054.984831284579,0.14461075103081683,2038,0.8515347326686116,2.827786714826026,3346,1.0014237449623362,1.0010355152656059
TOI-2076_b,NIRISS_SOSS,obs10,SOSS_HDU3_ordem_1,jw05959010001_04102_00001-seg008_nis_x1dints.fits,seg008,3,177,60783.298740393,TDB-MID,2052.9056483389877,0.14460794996417944,2038,0.8515347326686116,2.827786714826026,3347,1.000410529127291,1.000022692231788
TOI-2076_b,NIRISS_SOSS,obs10,SOSS_HDU3_ordem_1,jw05959010001_04102_00001-seg008_nis_x1dints.fits,seg008,3,178,60783.29881746599,TDB-MID,2054.807385846062,0.14460996034116694,2038,0.8515347326686116,2.827786714826026,3348,1.001337273241056,1.0009490770674874
TOI-2076_b,NIRISS_SOSS,obs10,SOSS_HDU3_ordem_1,jw05959010001_04102_00001-seg008_nis_x1dints.fits,seg008,3,179,60783.298894538995,TDB-MID,2057.6638457446275,0.14461515696323643,2038,0.8515347326686116,2.827786714826026,3349,1.0027292673450552,1.002340531526355
TOI-2076_b,NIRISS_SOSS,obs10,SOSS_HDU3_ordem_1,jw05959010001_04102_00001-seg008_nis_x1dints.fits,seg008,3,180,60783.29897161199,TDB-MID,2056.052243657859,0.1446129375383544,2038,0.8515347326686116,2.827786714826026,3350,1.0019439104058938,1.0015554790525987
TOI-2076_b,NIRISS_SOSS,obs10,SOSS_HDU3_ordem_1,jw05959010001_04102_00001-seg008_nis_x1dints.fits,seg008,3,181,60783.29904868499,TDB-MID,2049.434617177065,0.14459807744773018,2038,0.8515347326686116,2.827786714826026,3351,0.9987190455834045,0.9983318644384236
TOI-2076_b,NIRISS_SOSS,obs10,SOSS_HDU3_ordem_1,jw05959010001_04102_00001-seg008_nis_x1dints.fits,seg008,3,182,60783.299125757985,TDB-MID,2059.666265673833,0.14462057116831137,2038,0.8515347326686116,2.827786714826026,3352,1.0037050754551515,1.003315961337366
TOI-2076_b,NIRISS_SOSS,obs10,SOSS_HDU3_ordem_1,jw05959010001_04102_00001-seg008_nis_x1dints.fits,seg008,3,183,60783.29920283098,TDB-MID,2054.8519680509,0.1446118154996935,2038,0.8515347326686116,2.827786714826026,3353,1.0013589987924312,1.00097079419635
TOI-2076_b,NIRISS_SOSS,obs10,SOSS_HDU3_ordem_1,jw05959010001_04102_00001-seg008_nis_x1dints.fits,seg008,3,184,60783.29927990398,TDB-MID,2053.059327672897,0.14460318946758313,2038,0.8515347326686116,2.827786714826026,3354,1.0004854192830446,1.0000975533542955
TOI-2076_b,NIRISS_SOSS,obs10,SOSS_HDU3_ordem_1,jw05959010001_04102_00001-seg008_nis_x1dints.fits,seg008,3,185,60783.299356976975,TDB-MID,2054.7665737546495,0.14461273945394976,2038,0.8515347326686116,2.827786714826026,3355,1.001317384920325,1.0009291964570155
TOI-2076_b,NIRISS_SOSS,obs10,SOSS_HDU3_ordem_1,jw05959010001_04102_00001-seg008_nis_x1dints.fits,seg008,3,186,60783.29943404997,TDB-MID,2043.6446863182614,0.14458803673492263,2038,0.8515347326686116,2.827786714826026,3356,0.9958975287744111,0.9955114414686971
TOI-2076_b,NIRISS_SOSS,obs10,SOSS_HDU3_ordem_1,jw05959010001_04102_00001-seg008_nis_x1dints.fits,seg008,3,187,60783.29951112297,TDB-MID,2057.7819636100076,0.14462034164066384,2038,0.8515347326686116,2.827786714826026,3357,1.0027868278843328,1.0023980697506925
TOI-2076_b,NIRISS_SOSS,obs10,SOSS_HDU3_ordem_1,jw05959010001_04102_00001-seg008_nis_x1dints.fits,seg008,3,188,60783.299588195965,TDB-MID,2058.7327324037296,0.14461940672666343,2038,0.8515347326686116,2.827786714826026,3358,1.003250151229356,1.0028612134755672
TOI-2076_b,NIRISS_SOSS,obs10,SOSS_HDU3_ordem_1,jw05959010001_04102_00001-seg008_nis_x1dints.fits,seg008,3,189,60783.29966526896,TDB-MID,2048.740963864597,0.14459943347818832,2038,0.8515347326686116,2.827786714826026,3359,0.9983810183204768,0.997993968221142
TOI-2076_b,NIRISS_SOSS,obs10,SOSS_HDU3_ordem_1,jw05959010001_04102_00001-seg008_nis_x1dints.fits,seg008,3,190,60783.29974234196,TDB-MID,2057.975152808935,0.14461717514263905,2038,0.8515347326686116,2.827786714826026,3360,1.0028809717671152,1.002492177135987
TOI-2076_b,NIRISS_SOSS,obs10,SOSS_HDU3_ordem_1,jw05959010001_04102_00001-seg008_nis_x1dints.fits,seg008,3,191,60783.299819414955,TDB-MID,2062.098069215449,0.144628949526121,2038,0.8515347326686116,2.827786714826026,3361,1.0048901283920801,1.0045005548556472
TOI-2076_b,NIRISS_SOSS,obs10,SOSS_HDU3_ordem_1,jw05959010001_04102_00001-seg008_nis_x1dints.fits,seg008,3,192,60783.29989648795,TDB-MID,2056.6036259614707,0.14461468473058922,2038,0.8515347326686116,2.827786714826026,3362,1.0022126069543953,1.0018240714334288
TOI-2076_b,NIRISS_SOSS,obs10,SOSS_HDU3_ordem_1,jw05959010001_04102_00001-seg008_nis_x1dints.fits,seg008,3,193,60783.29997356095,TDB-MID,2056.324153253895,0.14461187953597124,2038,0.8515347326686116,2.827786714826026,3363,1.002076415873481,1.001687933150765
TOI-2076_b,NIRISS_SOSS,obs10,SOSS_HDU3_ordem_1,jw05959010001_04102_00001-seg008_nis_x1dints.fits,seg008,3,194,60783.300050633945,TDB-MID,2052.18637701175,0.14460508385597623,2038,0.8515347326686116,2.827786714826026,3364,1.0000600178363068,0.99967231682623
TOI-2076_b,NIRISS_SOSS,obs10,SOSS_HDU3_ordem_1,jw05959010001_04102_00001-seg008_nis_x1dints.fits,seg008,3,195,60783.30012770694,TDB-MID,2052.563147865656,0.14460036399522205,2038,0.8515347326686116,2.827786714826026,3365,1.0002436237071468,0.9998558515171605
TOI-2076_b,NIRISS_SOSS,obs10,SOSS_HDU3_ordem_1,jw05959010001_04102_00001-seg008_nis_x1dints.fits,seg008,3,196,60783.30020477994,TDB-MID,2052.6901295906146,0.1446049363806066,2038,0.8515347326686116,2.827786714826026,3366,1.0003055037330302,0.9999177075535352
TOI-2076_b,NIRISS_SOSS,obs10,SOSS_HDU3_ordem_1,jw05959010001_04102_00001-seg008_nis_x1dints.fits,seg008,3,197,60783.300281852935,TDB-MID,2054.9374137988725,0.1446112890426118,2038,0.8515347326686116,2.827786714826026,3367,1.0014006377377038,1.0010124169991301
TOI-2076_b,NIRISS_SOSS,obs10,SOSS_HDU3_ordem_1,jw05959010001_04102_00001-seg008_nis_x1dints.fits,seg008,3,198,60783.30035892593,TDB-MID,2054.470346951689,0.14461018149285046,2038,0.8515347326686116,2.827786714826026,3368,1.0011730293271046,1.0007848968272457
TOI-2076_b,NIRISS_SOSS,obs10,SOSS_HDU3_ordem_1,jw05959010001_04102_00001-seg008_nis_x1dints.fits,seg008,3,199,60783.300435998935,TDB-MID,2057.4604677643756,0.14461776857313483,2038,0.8515347326686116,2.827786714826026,3369,1.0026301583221924,1.0022414609258543
TOI-2076_b,NIRISS_SOSS,obs10,SOSS_HDU3_ordem_1,jw05959010001_04102_00001-seg008_nis_x1dints.fits,seg008,3,200,60783.30051307193,TDB-MID,2052.4454358234593,0.1446066410855712,2038,0.8515347326686116,2.827786714826026,3370,1.0001862609313592,0.9997985109796445
TOI-2076_b,NIRISS_SOSS,obs10,SOSS_HDU3_ordem_1,jw05959010001_04102_00001-seg008_nis_x1dints.fits,seg008,3,201,60783.30059014493,TDB-MID,2053.202030493504,0.14460735003344966,2038,0.8515347326686116,2.827786714826026,3371,1.0005549604255648,1.0001670675372625
TOI-2076_b,NIRISS_SOSS,obs10,SOSS_HDU3_ordem_1,jw05959010001_04102_00001-seg008_nis_x1dints.fits,seg008,3,202,60783.30066721792,TDB-MID,2054.136703575419,0.14460735442695696,2038,0.8515347326686116,2.827786714826026,3372,1.0010104400980941,1.0006223706304607
TOI-2076_b,NIRISS_SOSS,obs10,SOSS_HDU3_ordem_1,jw05959010001_04102_00001-seg008_nis_x1dints.fits,seg008,3,203,60783.300744290915,TDB-MID,2051.9678181810086,0.14460560193064254,2038,0.8515347326686116,2.827786714826026,3373,0.9999535109660643,0.9995658512463307
TOI-2076_b,NIRISS_SOSS,obs10,SOSS_HDU3_ordem_1,jw05959010001_04102_00001-seg008_nis_x1dints.fits,seg008,3,204,60783.30082136391,TDB-MID,2056.2280628377225,0.1446132199422826,2038,0.8515347326686116,2.827786714826026,3374,1.0020295896278788,1.001641125058656
TOI-2076_b,NIRISS_SOSS,obs10,SOSS_HDU3_ordem_1,jw05959010001_04102_00001-seg008_nis_x1dints.fits,seg008,3,205,60783.30089843691,TDB-MID,2052.4146454777842,0.144607801748973,2038,0.8515347326686116,2.827786714826026,3375,1.000171256351858,0.9997835122170848
TOI-2076_b,NIRISS_SOSS,obs10,SOSS_HDU3_ordem_1,jw05959010001_04102_00001-seg008_nis_x1dints.fits,seg008,3,206,60783.300975509905,TDB-MID,2044.3369553114287,0.14459036057447305,2038,0.8515347326686116,2.827786714826026,3376,0.9962348814385792,0.995848663348746
TOI-2076_b,NIRISS_SOSS,obs10,SOSS_HDU3_ordem_1,jw05959010001_04102_00001-seg008_nis_x1dints.fits,seg008,3,207,60783.3010525829,TDB-MID,2050.172839283838,0.1446018685970008,2038,0.8515347326686116,2.827786714826026,3377,0.9990787918625617,0.9986914712519553
TOI-2076_b,NIRISS_SOSS,obs10,SOSS_HDU3_ordem_1,jw05959010001_04102_00001-seg008_nis_x1dints.fits,seg008,3,208,60783.3011296559,TDB-MID,2049.8519118579056,0.14459964340387485,2038,0.8515347326686116,2.827786714826026,3378,0.9989223992995384,0.9985351393188479
TOI-2076_b,NIRISS_SOSS,obs10,SOSS_HDU3_ordem_1,jw05959010001_04102_00001-seg008_nis_x1dints.fits,seg008,3,209,60783.301206728895,TDB-MID,2050.9195926250313,0.14460290855319335,2038,0.8515347326686116,2.827786714826026,3379,0.9994426955352876,0.9990552338473271
TOI-2076_b,NIRISS_SOSS,obs10,SOSS_HDU3_ordem_1,jw05959010001_04102_00001-seg008_nis_x1dints.fits,seg008,3,210,60783.30128380189,TDB-MID,2055.012577279493,0.144612113966467,2038,0.8515347326686116,2.827786714826026,3380,1.0014372659858064,1.0010490310472764
TOI-2076_b,NIRISS_SOSS,obs10,SOSS_HDU3_ordem_1,jw05959010001_04102_00001-seg008_nis_x1dints.fits,seg008,3,211,60783.301360874895,TDB-MID,2043.122346787877,0.14458555350134092,2038,0.8515347326686116,2.827786714826026,3381,0.9956429851881539,0.9952569965633228
TOI-2076_b,NIRISS_SOSS,obs10,SOSS_HDU3_ordem_1,jw05959010001_04102_00001-seg008_nis_x1dints.fits,seg008,3,212,60783.30143794789,TDB-MID,2049.9728609245813,0.1446009855137343,2038,0.8515347326686116,2.827786714826026,3382,0.9989813395240383,0.9985940566935347
TOI-2076_b,NIRISS_SOSS,obs10,SOSS_HDU3_ordem_1,jw05959010001_04102_00001-seg008_nis_x1dints.fits,seg008,3,213,60783.30151502089,TDB-MID,2053.597165648069,0.1446104884958423,2038,0.8515347326686116,2.827786714826026,3383,1.0007475154849632,1.0003595479473502
TOI-2076_b,NIRISS_SOSS,obs10,SOSS_HDU3_ordem_1,jw05959010001_04102_00001-seg008_nis_x1dints.fits,seg008,3,214,60783.30159209388,TDB-MID,2056.013447343703,0.1446135872445568,2038,0.8515347326686116,2.827786714826026,3384,1.001925004402491,1.0015365803786327
TOI-2076_b,NIRISS_SOSS,obs10,SOSS_HDU3_ordem_1,jw05959010001_04102_00001-seg008_nis_x1dints.fits,seg008,3,215,60783.301669166874,TDB-MID,2057.770611793446,0.14461526941186978,2038,0.8515347326686116,2.827786714826026,3385,1.002781295980408,1.0023925399913638
TOI-2076_b,NIRISS_SOSS,obs10,SOSS_HDU3_ordem_1,jw05959010001_04102_00001-seg008_nis_x1dints.fits,seg008,3,216,60783.30174623987,TDB-MID,2052.7250775197494,0.1446079061903245,2038,0.8515347326686116,2.827786714826026,3386,1.0003225343629112,0.9999347315810201
TOI-2076_b,NIRISS_SOSS,obs10,SOSS_HDU3_ordem_1,jw05959010001_04102_00001-seg008_nis_x1dints.fits,seg008,3,217,60783.30182331287,TDB-MID,2053.915117018703,0.14460677827890173,2038,0.8515347326686116,2.827786714826026,3387,1.0009024577733192,1.0005144301680295
TOI-2076_b,NIRISS_SOSS,obs10,SOSS_HDU3_ordem_1,jw05959010001_04102_00001-seg008_nis_x1dints.fits,seg008,3,218,60783.301900385864,TDB-MID,2048.5503381655312,0.1445985370881994,2038,0.8515347326686116,2.827786714826026,3388,0.9982881236681473,0.9979011095820017
TOI-2076_b,NIRISS_SOSS,obs10,SOSS_HDU3_ordem_1,jw05959010001_04102_00001-seg008_nis_x1dints.fits,seg008,3,219,60783.30197745886,TDB-MID,2043.109982484416,0.1445981325663971,2038,0.8515347326686116,2.827786714826026,3389,0.9956369598847612,0.995250973595806
TOI-2076_b,NIRISS_SOSS,obs10,SOSS_HDU3_ordem_1,jw05959010001_04102_00001-seg008_nis_x1dints.fits,seg008,3,220,60783.30205453186,TDB-MID,2049.477527481926,0.14459944077367173,2038,0.8515347326686116,2.827786714826026,3390,0.9987399563938091,0.9983527671421725
TOI-2076_b,NIRISS_SOSS,obs10,SOSS_HDU3_ordem_1,jw05959010001_04102_00001-seg008_nis_x1dints.fits,seg008,3,221,60783.302131604854,TDB-MID,2059.3450827999195,0.14463134371444736,2038,0.8515347326686116,2.827786714826026,3391,1.0035485584086432,1.0031595049690327
TOI-2076_b,NIRISS_SOSS,obs10,SOSS_HDU3_ordem_1,jw05959010001_04102_00001-seg008_nis_x1dints.fits,seg008,3,222,60783.30220867785,TDB-MID,2047.9500418537632,0.1445963833514495,2038,0.8515347326686116,2.827786714826026,3392,0.9979955906180411,0.9976086899404479
TOI-2076_b,NIRISS_SOSS,obs10,SOSS_HDU3_ordem_1,jw05959010001_04102_00001-seg008_nis_x1dints.fits,seg008,3,223,60783.30228575085,TDB-MID,2051.965620452659,0.1446024974603649,2038,0.8515347326686116,2.827786714826026,3393,0.9999524399813443,0.9995647806768075
TOI-2076_b,NIRISS_SOSS,obs10,SOSS_HDU3_ordem_1,jw05959010001_04102_00001-seg008_nis_x1dints.fits,seg008,3,224,60783.302362823844,TDB-MID,2057.2711082167953,0.14461174339809313,2038,0.8515347326686116,2.827786714826026,3394,1.002537880683742,1.0021492190613903
TOI-2076_b,NIRISS_SOSS,obs10,SOSS_HDU3_ordem_1,jw05959010001_04102_00001-seg008_nis_x1dints.fits,seg008,3,225,60783.30243989685,TDB-MID,2043.0383872564428,0.14458876036786528,2038,0.8515347326686116,2.827786714826026,3395,0.9956020704976344,0.9952160977345181
TOI-2076_b,NIRISS_SOSS,obs10,SOSS_HDU3_ordem_1,jw05959010001_04102_00001-seg008_nis_x1dints.fits,seg008,3,226,60783.30251696984,TDB-MID,2045.562388709301,0.14459201942478617,2038,0.8515347326686116,2.827786714826026,3396,0.9968320528063758,0.9964456032064947
TOI-2076_b,NIRISS_SOSS,obs10,SOSS_HDU3_ordem_1,jw05959010001_04102_00001-seg008_nis_x1dints.fits,seg008,3,227,60783.302594042834,TDB-MID,2053.2262012391816,0.14461004365615923,2038,0.8515347326686116,2.827786714826026,3397,1.0005667391785202,1.0001788417238575
TOI-2076_b,NIRISS_SOSS,obs10,SOSS_HDU3_ordem_1,jw05959010001_04102_00001-seg008_nis_x1dints.fits,seg008,3,228,60783.30267111583,TDB-MID,2056.3898505984744,0.14461306177722982,2038,0.8515347326686116,2.827786714826026,3398,1.0021084311369715,1.0017199360026507
TOI-2076_b,NIRISS_SOSS,obs10,SOSS_HDU3_ordem_1,jw05959010001_04102_00001-seg008_nis_x1dints.fits,seg008,3,229,60783.30274818883,TDB-MID,2053.2574040523486,0.14460918943027676,2038,0.8515347326686116,2.827786714826026,3399,1.0005819447593787,1.0001940414098507
TOI-2076_b,NIRISS_SOSS,obs10,SOSS_HDU3_ordem_1,jw05959010001_04102_00001-seg008_nis_x1dints.fits,seg008,3,230,60783.302825261824,TDB-MID,2045.12372880425,0.1445925573827709,2038,0.8515347326686116,2.827786714826026,3400,0.9966182875083582,0.9962319207805254
TOI-2076_b,NIRISS_SOSS,obs10,SOSS_HDU3_ordem_1,jw05959010001_04102_00001-seg008_nis_x1dints.fits,seg008,3,231,60783.30290233482,TDB-MID,2054.489624836732,0.1446126312665089,2038,0.8515347326686116,2.827786714826026,3401,1.0011824237185087,1.0007942875766536
TOI-2076_b,NIRISS_SOSS,obs10,SOSS_HDU3_ordem_1,jw05959010001_04102_00001-seg008_nis_x1dints.fits,seg008,3,232,60783.30297940782,TDB-MID,2050.721085409831,0.14460434138143377,2038,0.8515347326686116,2.827786714826026,3402,0.9993459601064799,0.998958535920692
TOI-2076_b,NIRISS_SOSS,obs10,SOSS_HDU3_ordem_1,jw05959010001_04102_00001-seg008_nis_x1dints.fits,seg008,3,233,60783.303056480814,TDB-MID,2053.778770850281,0.14461016696376902,2038,0.8515347326686116,2.827786714826026,3403,1.0008360143190835,1.0004480124724422
TOI-2076_b,NIRISS_SOSS,obs10,SOSS_HDU3_ordem_1,jw05959010001_04102_00001-seg008_nis_x1dints.fits,seg008,3,234,60783.30313355381,TDB-MID,2051.0755092245167,0.14460550731768376,2038,0.8515347326686116,2.827786714826026,3404,0.9995186759428223,0.9991311847989488
TOI-2076_b,NIRISS_SOSS,obs10,SOSS_HDU3_ordem_1,jw05959010001_04102_00001-seg008_nis_x1dints.fits,seg008,3,235,60783.30321062681,TDB-MID,2050.2127671904937,0.1445997043588583,2038,0.8515347326686116,2.827786714826026,3405,0.9990982493073091,0.9987109211534845
TOI-2076_b,NIRISS_SOSS,obs10,SOSS_HDU3_ordem_1,jw05959010001_04102_00001-seg008_nis_x1dints.fits,seg008,3,236,60783.303287699804,TDB-MID,2046.5603558073449,0.14459430018116579,2038,0.8515347326686116,2.827786714826026,3406,0.9973183765657815,0.9969317384290033
TOI-2076_b,NIRISS_SOSS,obs10,SOSS_HDU3_ordem_1,jw05959010001_04102_00001-seg008_nis_x1dints.fits,seg008,3,237,60783.3033647728,TDB-MID,2059.7851731667874,0.14462212651710907,2038,0.8515347326686116,2.827786714826026,3407,1.003763020791334,1.003373884209431
TOI-2076_b,NIRISS_SOSS,obs10,SOSS_HDU3_ordem_1,jw05959010001_04102_00001-seg008_nis_x1dints.fits,seg008,3,238,60783.30344184579,TDB-MID,2050.1432852345947,0.14460200754347038,2038,0.8515347326686116,2.827786714826026,3408,0.9990643897481413,0.9986770747209143
TOI-2076_b,NIRISS_SOSS,obs10,SOSS_HDU3_ordem_1,jw05959010001_04102_00001-seg008_nis_x1dints.fits,seg008,3,239,60783.30351891879,TDB-MID,2055.53332937464,0.1446131207002331,2038,0.8515347326686116,2.827786714826026,3409,1.0016910359919786,1.0013027026724655
TOI-2076_b,NIRISS_SOSS,obs10,SOSS_HDU3_ordem_1,jw05959010001_04102_00001-seg008_nis_x1dints.fits,seg008,3,240,60783.30359599178,TDB-MID,2065.3910933293287,0.14463335307646946,2038,0.8515347326686116,2.827786714826026,3410,1.0064948665342646,1.0061046708765713
TOI-2076_b,NIRISS_SOSS,obs10,SOSS_HDU3_ordem_1,jw05959010001_04102_00001-seg008_nis_x1dints.fits,seg008,3,241,60783.30367306479,TDB-MID,2051.3974059904713,0.14460503746188919,2038,0.8515347326686116,2.827786714826026,3411,0.999675540879218,0.9992879889223001
TOI-2076_b,NIRISS_SOSS,obs10,SOSS_HDU3_ordem_1,jw05959010001_04102_00001-seg008_nis_x1dints.fits,seg008,3,242,60783.303750137784,TDB-MID,2055.5055756034913,0.14461175335432397,2038,0.8515347326686116,2.827786714826026,3412,1.0016775111790372,1.001289183102793
TOI-2076_b,NIRISS_SOSS,obs10,SOSS_HDU3_ordem_1,jw05959010001_04102_00001-seg008_nis_x1dints.fits,seg008,3,243,60783.30382721078,TDB-MID,2051.710135698481,0.1446052525936362,2038,0.8515347326686116,2.827786714826026,3413,0.9998279385760711,0.9994403275379581
TOI-2076_b,NIRISS_SOSS,obs10,SOSS_HDU3_ordem_1,jw05959010001_04102_00001-seg008_nis_x1dints.fits,seg008,3,244,60783.30390428378,TDB-MID,2051.7365162952387,0.14460375572217252,2038,0.8515347326686116,2.827786714826026,3414,0.9998407942213282,0.9994531781993676
TOI-2076_b,NIRISS_SOSS,obs10,SOSS_HDU3_ordem_1,jw05959010001_04102_00001-seg008_nis_x1dints.fits,seg008,3,245,60783.303981356774,TDB-MID,2055.4958586122348,0.1446127884070873,2038,0.8515347326686116,2.827786714826026,3415,1.0016727759490611,1.00128444970856
TOI-2076_b,NIRISS_SOSS,obs10,SOSS_HDU3_ordem_1,jw05959010001_04102_00001-seg008_nis_x1dints.fits,seg008,3,246,60783.30405842977,TDB-MID,2059.007523632341,0.14462005512155413,2038,0.8515347326686116,2.827786714826026,3416,1.0033840609580553,1.0029950712904452
TOI-2076_b,NIRISS_SOSS,obs10,SOSS_HDU3_ordem_1,jw05959010001_04102_00001-seg008_nis_x1dints.fits,seg008,3,247,60783.30413550277,TDB-MID,2048.9372663260183,0.1446003327042692,2038,0.8515347326686116,2.827786714826026,3417,0.9984766793409715,0.9980895921559884
TOI-2076_b,NIRISS_SOSS,obs10,SOSS_HDU3_ordem_1,jw05959010001_04102_00001-seg008_nis_x1dints.fits,seg008,3,248,60783.304212575764,TDB-MID,2046.4283457907334,0.14459435909653345,2038,0.8515347326686116,2.827786714826026,3418,0.9972540461808584,0.9968674329835386
TOI-2076_b,NIRISS_SOSS,obs10,SOSS_HDU3_ordem_1,jw05959010001_04102_00001-seg008_nis_x1dints.fits,seg008,3,249,60783.30428964876,TDB-MID,2047.4176140730224,0.14459529521529937,2038,0.8515347326686116,2.827786714826026,3419,0.997736130881894,0.9973493307910656
TOI-2076_b,NIRISS_SOSS,obs10,SOSS_HDU3_ordem_1,jw05959010001_04102_00001-seg008_nis_x1dints.fits,seg008,3,250,60783.30436672176,TDB-MID,2054.5712355131827,0.14461063969299806,2038,0.8515347326686116,2.827786714826026,3420,1.0012221937781198,1.0008340422182977
TOI-2076_b,NIRISS_SOSS,obs10,SOSS_HDU3_ordem_1,jw05959010001_04102_00001-seg008_nis_x1dints.fits,seg008,3,251,60783.30444379475,TDB-MID,2051.5547980153115,0.14460284494056244,2038,0.8515347326686116,2.827786714826026,3421,0.9997522402828063,0.9993646585912368
TOI-2076_b,NIRISS_SOSS,obs10,SOSS_HDU3_ordem_1,jw05959010001_04102_00001-seg008_nis_x1dints.fits,seg008,3,252,60783.30452086774,TDB-MID,2053.662535902286,0.14460773528554655,2038,0.8515347326686116,2.827786714826026,3422,1.000779371352603,1.000391391465179
TOI-2076_b,NIRISS_SOSS,obs10,SOSS_HDU3_ordem_1,jw05959010001_04102_00001-seg008_nis_x1dints.fits,seg008,3,253,60783.30459794074,TDB-MID,2051.1847404704595,0.144603274340602,2038,0.8515347326686116,2.827786714826026,3423,0.9995719059042866,0.9991843941243418
TOI-2076_b,NIRISS_SOSS,obs10,SOSS_HDU3_ordem_1,jw05959010001_04102_00001-seg008_nis_x1dints.fits,seg008,3,254,60783.30467501374,TDB-MID,2054.2585295616977,0.14461360608118032,2038,0.8515347326686116,2.827786714826026,3424,1.0010698076581637,1.0006817151750484
TOI-2076_b,NIRISS_SOSS,obs10,SOSS_HDU3_ordem_1,jw05959010001_04102_00001-seg008_nis_x1dints.fits,seg008,3,255,60783.30475208673,TDB-MID,2049.518143253732,0.14460060490375548,2038,0.8515347326686116,2.827786714826026,3425,0.9987597490451647,0.9983725521203577
TOI-2076_b,NIRISS_SOSS,obs10,SOSS_HDU3_ordem_1,jw05959010001_04102_00001-seg008_nis_x1dints.fits,seg008,3,256,60783.30482915973,TDB-MID,2054.7636362157687,0.14460995622796358,2038,0.8515347326686116,2.827786714826026,3426,1.0013159534152636,1.0009277655069169
TOI-2076_b,NIRISS_SOSS,obs10,SOSS_HDU3_ordem_1,jw05959010001_04102_00001-seg008_nis_x1dints.fits,seg008,3,257,60783.304906232726,TDB-MID,2051.91530332133,0.14460703608110043,2038,0.8515347326686116,2.827786714826026,3427,0.9999279197175817,0.9995402699190055
TOI-2076_b,NIRISS_SOSS,obs10,SOSS_HDU3_ordem_1,jw05959010001_04102_00001-seg008_nis_x1dints.fits,seg008,3,258,60783.30498330572,TDB-MID,2061.9671362636045,0.14462374204522332,2038,0.8515347326686116,2.827786714826026,3428,1.0048263228763514,1.0044367740758968
TOI-2076_b,NIRISS_SOSS,obs10,SOSS_HDU3_ordem_1,jw05959010001_04102_00001-seg008_nis_x1dints.fits,seg008,3,259,60783.30506037872,TDB-MID,2052.8124804315526,0.14460631874368166,2038,0.8515347326686116,2.827786714826026,3429,1.0003651270623444,0.9999773077682117
TOI-2076_b,NIRISS_SOSS,obs10,SOSS_HDU3_ordem_1,jw05959010001_04102_00001-seg008_nis_x1dints.fits,seg008,3,260,60783.305137451716,TDB-MID,2047.8771505134903,0.14459747942915305,2038,0.8515347326686116,2.827786714826026,3430,0.9979600696166983,0.9975731827098068
TOI-2076_b,NIRISS_SOSS,obs10,SOSS_HDU3_ordem_1,jw05959010001_04102_00001-seg008_nis_x1dints.fits,seg008,3,261,60783.30521452471,TDB-MID,2055.9519728550918,0.1446120444034088,2038,0.8515347326686116,2.827786714826026,3431,1.0018950469976151,1.0015066345875758
TOI-2076_b,NIRISS_SOSS,obs10,SOSS_HDU3_ordem_1,jw05959010001_04102_00001-seg008_nis_x1dints.fits,seg008,3,262,60783.3052915977,TDB-MID,2053.8052792508142,0.1446079155972054,2038,0.8515347326686116,2.827786714826026,3432,1.0008489322449634,1.0004609253903298
TOI-2076_b,NIRISS_SOSS,obs10,SOSS_HDU3_ordem_1,jw05959010001_04102_00001-seg008_nis_x1dints.fits,seg008,3,263,60783.3053686707,TDB-MID,2050.672703012299,0.1446036066043023,2038,0.8515347326686116,2.827786714826026,3433,0.9993223826663988,0.9989349676210596
TOI-2076_b,NIRISS_SOSS,obs10,SOSS_HDU3_ordem_1,jw05959010001_04102_00001-seg008_nis_x1dints.fits,seg008,3,264,60783.3054457437,TDB-MID,2055.6189631078832,0.14461674791012827,2038,0.8515347326686116,2.827786714826026,3434,1.0017327665451847,1.0013444170476649
TOI-2076_b,NIRISS_SOSS,obs10,SOSS_HDU3_ordem_1,jw05959010001_04102_00001-seg008_nis_x1dints.fits,seg008,3,265,60783.3055228167,TDB-MID,2047.2460665573067,0.14459840508643154,2038,0.8515347326686116,2.827786714826026,3435,0.9976525333034536,0.9972657656215457
TOI-2076_b,NIRISS_SOSS,obs10,SOSS_HDU3_ordem_1,jw05959010001_04102_00001-seg008_nis_x1dints.fits,seg008,3,266,60783.305599889696,TDB-MID,2050.3700054694314,0.14460328474167708,2038,0.8515347326686116,2.827786714826026,3436,0.9991748737883018,0.9987875159288715
TOI-2076_b,NIRISS_SOSS,obs10,SOSS_HDU3_ordem_1,jw05959010001_04102_00001-seg008_nis_x1dints.fits,seg008,3,267,60783.30567696269,TDB-MID,2049.5749354569507,0.14462327563209648,2038,0.8515347326686116,2.827786714826026,3437,0.9987874247048417,0.9984002170507974
TOI-2076_b,NIRISS_SOSS,obs10,SOSS_HDU3_ordem_1,jw05959010001_04102_00001-seg008_nis_x1dints.fits,seg008,3,268,60783.30575403569,TDB-MID,2055.3431861553745,0.14462541017533273,2038,0.8515347326686116,2.827786714826026,3438,1.0015983764590142,1.0012100790615395
TOI-2076_b,NIRISS_SOSS,obs10,SOSS_HDU3_ordem_1,jw05959010001_04102_00001-seg008_nis_x1dints.fits,seg008,3,269,60783.305831108686,TDB-MID,2055.016106471756,0.14461117879124258,2038,0.8515347326686116,2.827786714826026,3439,1.0014389858120936,1.001050750206825
TOI-2076_b,NIRISS_SOSS,obs10,SOSS_HDU3_ordem_1,jw05959010001_04102_00001-seg008_nis_x1dints.fits,seg008,3,270,60783.30590818168,TDB-MID,2044.9896840261958,0.1445929997196107,2038,0.8515347326686116,2.827786714826026,3440,0.9965529655548391,0.9961666241508736
TOI-2076_b,NIRISS_SOSS,obs10,SOSS_HDU3_ordem_1,jw05959010001_04102_00001-seg008_nis_x1dints.fits,seg008,3,271,60783.30598525468,TDB-MID,2050.4071227102995,0.14460303727194443,2038,0.8515347326686116,2.827786714826026,3441,0.9991929615550761,0.9988055966834211
TOI-2076_b,NIRISS_SOSS,obs10,SOSS_HDU3_ordem_1,jw05959010001_04102_00001-seg008_nis_x1dints.fits,seg008,3,272,60783.306062327676,TDB-MID,2043.2983521856531,0.14458919565178038,2038,0.8515347326686116,2.827786714826026,3442,0.9957287551568131,0.9953427332808742
TOI-2076_b,NIRISS_SOSS,obs10,SOSS_HDU3_ordem_1,jw05959010001_04102_00001-seg008_nis_x1dints.fits,seg008,3,273,60783.30613940067,TDB-MID,2046.7047943658135,0.14460839319477822,2038,0.8515347326686116,2.827786714826026,3443,0.9973887635583941,0.9970020981341455
TOI-2076_b,NIRISS_SOSS,obs10,SOSS_HDU3_ordem_1,jw05959010001_04102_00001-seg008_nis_x1dints.fits,seg008,3,274,60783.30621647367,TDB-MID,2049.260968734123,0.14459868532139217,2038,0.8515347326686116,2.827786714826026,3444,0.9986344241928276,0.9982472758536763
TOI-2076_b,NIRISS_SOSS,obs10,SOSS_HDU3_ordem_1,jw05959010001_04102_00001-seg008_nis_x1dints.fits,seg008,3,275,60783.30629354666,TDB-MID,2054.632872618153,0.1446106291040584,2038,0.8515347326686116,2.827786714826026,3445,1.001252230428293,1.00086406722393
TOI-2076_b,NIRISS_SOSS,obs10,SOSS_HDU3_ordem_1,jw05959010001_04102_00001-seg008_nis_x1dints.fits,seg008,3,276,60783.306370619655,TDB-MID,2052.4798669037928,0.14460775533749615,2038,0.8515347326686116,2.827786714826026,3446,1.0002030396933654,0.9998152832368982
TOI-2076_b,NIRISS_SOSS,obs10,SOSS_HDU3_ordem_1,jw05959010001_04102_00001-seg008_nis_x1dints.fits,seg008,3,277,60783.30644769265,TDB-MID,2047.624064360955,0.14459424327487605,2038,0.8515347326686116,2.827786714826026,3447,0.997836737084598,0.997449897990984
TOI-2076_b,NIRISS_SOSS,obs10,SOSS_HDU3_ordem_1,jw05959010001_04102_00001-seg008_nis_x1dints.fits,seg008,3,278,60783.30652476565,TDB-MID,2050.7796806473534,0.14460188006119137,2038,0.8515347326686116,2.827786714826026,3448,0.9993745144107761,0.9989870791551199
TOI-2076_b,NIRISS_SOSS,obs10,SOSS_HDU3_ordem_1,jw05959010001_04102_00001-seg008_nis_x1dints.fits,seg008,3,279,60783.306601838645,TDB-MID,2056.894151817797,0.1446136866852594,2038,0.8515347326686116,2.827786714826026,3449,1.0023541843941026,1.0019655939867138
TOI-2076_b,NIRISS_SOSS,obs10,SOSS_HDU3_ordem_1,jw05959010001_04102_00001-seg008_nis_x1dints.fits,seg008,3,280,60783.30667891164,TDB-MID,2061.730210713877,0.1446229146336915,2038,0.8515347326686116,2.827786714826026,3450,1.004710865639065,1.0043213615988116
TOI-2076_b,NIRISS_SOSS,obs10,SOSS_HDU3_ordem_1,jw05959010001_04102_00001-seg008_nis_x1dints.fits,seg008,3,281,60783.30675598464,TDB-MID,2060.672414808685,0.14462409119850897,2038,0.8515347326686116,2.827786714826026,3451,1.004195386439094,1.003806082238653
TOI-2076_b,NIRISS_SOSS,obs10,SOSS_HDU3_ordem_1,jw05959010001_04102_00001-seg008_nis_x1dints.fits,seg008,3,282,60783.306833057635,TDB-MID,2054.065903813179,0.14461178814953565,2038,0.8515347326686116,2.827786714826026,3452,1.0009759383528913,1.0005878822608165
TOI-2076_b,NIRISS_SOSS,obs10,SOSS_HDU3_ordem_1,jw05959010001_04102_00001-seg008_nis_x1dints.fits,seg008,3,283,60783.30691013063,TDB-MID,2054.525085198971,0.144611370841501,2038,0.8515347326686116,2.827786714826026,3453,1.0011997040644316,1.0008115612233708
TOI-2076_b,NIRISS_SOSS,obs10,SOSS_HDU3_ordem_1,jw05959010001_04102_00001-seg008_nis_x1dints.fits,seg008,3,284,60783.30698720363,TDB-MID,2051.5839849906442,0.1446054278196162,2038,0.8515347326686116,2.827786714826026,3454,0.9997664635168161,0.9993788763112152
TOI-2076_b,NIRISS_SOSS,obs10,SOSS_HDU3_ordem_1,jw05959010001_04102_00001-seg008_nis_x1dints.fits,seg008,3,285,60783.307064276625,TDB-MID,2056.2446972035114,0.14461237284457945,2038,0.8515347326686116,2.827786714826026,3455,1.0020376957942259,1.0016492280824232
TOI-2076_b,NIRISS_SOSS,obs10,SOSS_HDU3_ordem_1,jw05959010001_04102_00001-seg008_nis_x1dints.fits,seg008,3,286,60783.307141349615,TDB-MID,2051.7822648464253,0.14460574048808128,2038,0.8515347326686116,2.827786714826026,3456,0.9998630881500999,0.9994754634852795
TOI-2076_b,NIRISS_SOSS,obs10,SOSS_HDU3_ordem_1,jw05959010001_04102_00001-seg008_nis_x1dints.fits,seg008,3,287,60783.30721842261,TDB-MID,2050.226110038592,0.14459954482261683,2038,0.8515347326686116,2.827786714826026,3457,0.999104751469616,0.9987174207950478
TOI-2076_b,NIRISS_SOSS,obs10,SOSS_HDU3_ordem_1,jw05959010001_04102_00001-seg008_nis_x1dints.fits,seg008,3,288,60783.30729549561,TDB-MID,2047.7490293073688,0.1445957206682069,2038,0.8515347326686116,2.827786714826026,3458,0.9978976343052108,0.9975107716030999
TOI-2076_b,NIRISS_SOSS,obs10,SOSS_HDU3_ordem_1,jw05959010001_04102_00001-seg008_nis_x1dints.fits,seg008,3,289,60783.307372568604,TDB-MID,2057.3239365455015,0.1446170408303296,2038,0.8515347326686116,2.827786714826026,3459,1.0025636246902025,1.0021749530874728
TOI-2076_b,NIRISS_SOSS,obs10,SOSS_HDU3_ordem_1,jw05959010001_04102_00001-seg008_nis_x1dints.fits,seg008,3,290,60783.3074496416,TDB-MID,2048.951161258293,0.14460006022979896,2038,0.8515347326686116,2.827786714826026,3460,0.9984834505418595,0.9980963607318324
TOI-2076_b,NIRISS_SOSS,obs10,SOSS_HDU3_ordem_1,jw05959010001_04102_00001-seg008_nis_x1dints.fits,seg008,3,291,60783.3075267146,TDB-MID,2054.1256119552354,0.14461031673090954,2038,0.8515347326686116,2.827786714826026,3461,1.0010050349916173,1.0006169676194232
TOI-2076_b,NIRISS_SOSS,obs10,SOSS_HDU3_ordem_1,jw05959010001_04102_00001-seg008_nis_x1dints.fits,seg008,3,292,60783.307603787594,TDB-MID,2054.4077011695736,0.14461142442822644,2038,0.8515347326686116,2.827786714826026,3462,1.0011425011340118,1.000754380469254
TOI-2076_b,NIRISS_SOSS,obs10,SOSS_HDU3_ordem_1,jw05959010001_04102_00001-seg008_nis_x1dints.fits,seg008,3,293,60783.30768086059,TDB-MID,2048.099339574384,0.14459929147214357,2038,0.8515347326686116,2.827786714826026,3463,0.9980683455504485,0.9976814166673874
TOI-2076_b,NIRISS_SOSS,obs10,SOSS_HDU3_ordem_1,jw05959010001_04102_00001-seg008_nis_x1dints.fits,seg008,3,294,60783.30775793359,TDB-MID,2046.850783314222,0.14459407362354923,2038,0.8515347326686116,2.827786714826026,3464,0.997459906078384,0.9970732130737638
TOI-2076_b,NIRISS_SOSS,obs10,SOSS_HDU3_ordem_1,jw05959010001_04102_00001-seg008_nis_x1dints.fits,seg008,3,295,60783.307835006584,TDB-MID,2058.9833571023983,0.14462058964512067,2038,0.8515347326686116,2.827786714826026,3465,1.0033722842594883,1.002983299157442
TOI-2076_b,NIRISS_SOSS,obs10,SOSS_HDU3_ordem_1,jw05959010001_04102_00001-seg008_nis_x1dints.fits,seg008,3,296,60783.30791207958,TDB-MID,2052.5912153522295,0.14460553481337104,2038,0.8515347326686116,2.827786714826026,3466,1.000257301398139,0.9998695239056165
TOI-2076_b,NIRISS_SOSS,obs10,SOSS_HDU3_ordem_1,jw05959010001_04102_00001-seg008_nis_x1dints.fits,seg008,3,297,60783.30798915258,TDB-MID,2046.26083645479,0.14459482783103478,2038,0.8515347326686116,2.827786714826026,3467,0.9971724164656592,0.9967858349143631
TOI-2076_b,NIRISS_SOSS,obs10,SOSS_HDU3_ordem_1,jw05959010001_04102_00001-seg008_nis_x1dints.fits,seg008,3,298,60783.308066225574,TDB-MID,2055.1828877114403,0.14461164436289917,2038,0.8515347326686116,2.827786714826026,3468,1.0015202607154854,1.0011319936017458
TOI-2076_b,NIRISS_SOSS,obs10,SOSS_HDU3_ordem_1,jw05959010001_04102_00001-seg008_nis_x1dints.fits,seg008,3,299,60783.308143298564,TDB-MID,2047.8090818894975,0.1445950414243765,2038,0.8515347326686116,2.827786714826026,3469,0.9979268987945513,0.9975400247472492
TOI-2076_b,NIRISS_SOSS,obs10,SOSS_HDU3_ordem_1,jw05959010001_04102_00001-seg008_nis_x1dints.fits,seg008,3,300,60783.30822037156,TDB-MID,2054.968276665405,0.1446124131116067,2038,0.8515347326686116,2.827786714826026,3470,1.0014156776576646,1.001027451088449
TOI-2076_b,NIRISS_SOSS,obs10,SOSS_HDU3_ordem_1,jw05959010001_04102_00001-seg008_nis_x1dints.fits,seg008,3,301,60783.30829744456,TDB-MID,2052.323841083882,0.14460712659371994,2038,0.8515347326686116,2.827786714826026,3471,1.0001270060611425,0.9997392790812221
TOI-2076_b,NIRISS_SOSS,obs10,SOSS_HDU3_ordem_1,jw05959010001_04102_00001-seg008_nis_x1dints.fits,seg008,3,302,60783.30837451755,TDB-MID,2056.061137204389,0.144613421391168,2038,0.8515347326686116,2.827786714826026,3472,1.0019482443593792,1.0015598113259068
TOI-2076_b,NIRISS_SOSS,obs10,SOSS_HDU3_ordem_1,jw05959010001_04102_00001-seg008_nis_x1dints.fits,seg008,3,303,60783.30845159055,TDB-MID,2049.982378210431,0.14459636234412787,2038,0.8515347326686116,2.827786714826026,3473,0.9989859774346898,0.9985986928061713
TOI-2076_b,NIRISS_SOSS,obs10,SOSS_HDU3_ordem_1,jw05959010001_04102_00001-seg008_nis_x1dints.fits,seg008,3,304,60783.30852866355,TDB-MID,2057.8903171922802,0.14461792433071255,2038,0.8515347326686116,2.827786714826026,3474,1.002839630147633,1.0024508515437305
TOI-2076_b,NIRISS_SOSS,obs10,SOSS_HDU3_ordem_1,jw05959010001_04102_00001-seg008_nis_x1dints.fits,seg008,3,305,60783.30860573654,TDB-MID,2059.2951699381474,0.1446182693663175,2038,0.8515347326686116,2.827786714826026,3475,1.0035242351512659,1.003135191141241
TOI-2076_b,NIRISS_SOSS,obs10,SOSS_HDU3_ordem_1,jw05959010001_04102_00001-seg008_nis_x1dints.fits,seg008,3,306,60783.30868280954,TDB-MID,2048.4396424480237,0.1446641892342238,2038,0.8515347326686116,2.827786714826026,3476,0.9982341800485692,0.9978471868751643
TOI-2076_b,NIRISS_SOSS,obs10,SOSS_HDU3_ordem_1,jw05959010001_04102_00001-seg008_nis_x1dints.fits,seg008,3,307,60783.30875988254,TDB-MID,2052.1886415785157,0.14460300110923938,2038,0.8515347326686116,2.827786714826026,3477,1.0000611213923507,0.99967341995445
TOI-2076_b,NIRISS_SOSS,obs10,SOSS_HDU3_ordem_1,jw05959010001_04102_00001-seg008_nis_x1dints.fits,seg008,3,308,60783.30883695553,TDB-MID,2056.353896635043,0.14461314683943421,2038,0.8515347326686116,2.827786714826026,3478,1.0020909102520688,1.001702421910205
TOI-2076_b,NIRISS_SOSS,obs10,SOSS_HDU3_ordem_1,jw05959010001_04102_00001-seg008_nis_x1dints.fits,seg008,3,309,60783.30891402853,TDB-MID,2042.750607031288,0.14458518356197086,2038,0.8515347326686116,2.827786714826026,3479,0.995461831043594,0.9950759126481927
TOI-2076_b,NIRISS_SOSS,obs10,SOSS_HDU3_ordem_1,jw05959010001_04102_00001-seg008_nis_x1dints.fits,seg008,3,310,60783.30899110153,TDB-MID,2058.9410399685557,0.14461856659867822,2038,0.8515347326686116,2.827786714826026,3480,1.0033516625098755,1.0029626854024227
TOI-2076_b,NIRISS_SOSS,obs10,SOSS_HDU3_ordem_1,jw05959010001_04102_00001-seg008_nis_x1dints.fits,seg008,3,311,60783.309068174516,TDB-MID,2058.570256266954,0.14461869434554078,2038,0.8515347326686116,2.827786714826026,3481,1.003170974264699,1.0027820672060572
TOI-2076_b,NIRISS_SOSS,obs10,SOSS_HDU3_ordem_1,jw05959010001_04102_00001-seg008_nis_x1dints.fits,seg008,3,312,60783.30914524751,TDB-MID,2055.8950735127605,0.14461097944081794,2038,0.8515347326686116,2.827786714826026,3482,1.0018673191275036,1.0014789174669423
TOI-2076_b,NIRISS_SOSS,obs10,SOSS_HDU3_ordem_1,jw05959010001_04102_00001-seg008_nis_x1dints.fits,seg008,3,313,60783.30922232051,TDB-MID,2048.302699083669,0.14458368568889288,2038,0.8515347326686116,2.827786714826026,3483,0.9981674455721428,0.997780478270209
TOI-2076_b,NIRISS_SOSS,obs10,SOSS_HDU3_ordem_1,jw05959010001_04102_00001-seg008_nis_x1dints.fits,seg008,3,314,60783.309299393506,TDB-MID,2049.919561687452,0.14460151206171495,2038,0.8515347326686116,2.827786714826026,3484,0.998955366037112,0.998568093275951
TOI-2076_b,NIRISS_SOSS,obs10,SOSS_HDU3_ordem_1,jw05959010001_04102_00001-seg008_nis_x1dints.fits,seg008,3,315,60783.3093764665,TDB-MID,2058.2122502693364,0.14461683504409795,2038,0.8515347326686116,2.827786714826026,3485,1.0029965127789522,1.0026076733551454
TOI-2076_b,NIRISS_SOSS,obs10,SOSS_HDU3_ordem_1,jw05959010001_04102_00001-seg008_nis_x1dints.fits,seg008,3,316,60783.3094535395,TDB-MID,2054.4445827976297,0.14461007694346353,2038,0.8515347326686116,2.827786714826026,3486,1.0011604740832647,1.0007723464507945
TOI-2076_b,NIRISS_SOSS,obs10,SOSS_HDU3_ordem_1,jw05959010001_04102_00001-seg008_nis_x1dints.fits,seg008,3,317,60783.309530612496,TDB-MID,2051.264432006593,0.1446032520672382,2038,0.8515347326686116,2.827786714826026,3487,0.9996107407391435,0.9992232139037976
TOI-2076_b,NIRISS_SOSS,obs10,SOSS_HDU3_ordem_1,jw05959010001_04102_00001-seg008_nis_x1dints.fits,seg008,3,318,60783.30960768549,TDB-MID,2053.773293156431,0.14461047419059436,2038,0.8515347326686116,2.827786714826026,3488,1.0008333449598719,1.0004453441480818
TOI-2076_b,NIRISS_SOSS,obs10,SOSS_HDU3_ordem_1,jw05959010001_04102_00001-seg008_nis_x1dints.fits,seg008,3,319,60783.30968475849,TDB-MID,2053.54863192268,0.14461233633793072,2038,0.8515347326686116,2.827786714826026,3489,1.000723864300635,1.0003359059320598
TOI-2076_b,NIRISS_SOSS,obs10,SOSS_HDU3_ordem_1,jw05959010001_04102_00001-seg008_nis_x1dints.fits,seg008,3,320,60783.309761831486,TDB-MID,2050.8439216707184,0.1446042205994054,2038,0.8515347326686116,2.827786714826026,3490,0.9994058199879361,0.9990183725958044
TOI-2076_b,NIRISS_SOSS,obs10,SOSS_HDU3_ordem_1,jw05959010001_04102_00001-seg008_nis_x1dints.fits,seg008,3,321,60783.30983890448,TDB-MID,2059.826986462586,0.14464039524217243,2038,0.8515347326686116,2.827786714826026,3491,1.0037833970134014,1.003394252532091
TOI-2076_b,NIRISS_SOSS,obs10,SOSS_HDU3_ordem_1,jw05959010001_04102_00001-seg008_nis_x1dints.fits,seg008,3,322,60783.30991597748,TDB-MID,2060.2339973328626,0.14458995412605355,2038,0.8515347326686116,2.827786714826026,3492,1.0039817392803358,1.0035925179061431
TOI-2076_b,NIRISS_SOSS,obs10,SOSS_HDU3_ordem_1,jw05959010001_04102_00001-seg008_nis_x1dints.fits,seg008,3,323,60783.30999305047,TDB-MID,2057.8420296585923,0.14461969240167835,2038,0.8515347326686116,2.827786714826026,3493,1.0028160989360715,1.002427329454696
TOI-2076_b,NIRISS_SOSS,obs10,SOSS_HDU3_ordem_1,jw05959010001_04102_00001-seg008_nis_x1dints.fits,seg008,3,324,60783.310070123465,TDB-MID,2052.7314572780524,0.1446076816677086,2038,0.8515347326686116,2.827786714826026,3494,1.00032564331114,0.9999378393239791
TOI-2076_b,NIRISS_SOSS,obs10,SOSS_HDU3_ordem_1,jw05959010001_04102_00001-seg008_nis_x1dints.fits,seg008,3,325,60783.31014719646,TDB-MID,2058.7030571194564,0.144618664937376,2038,0.8515347326686116,2.827786714826026,3495,1.0032356900353572,1.0028467578878515
TOI-2076_b,NIRISS_SOSS,obs10,SOSS_HDU3_ordem_1,jw05959010001_04102_00001-seg008_nis_x1dints.fits,seg008,3,326,60783.31022426946,TDB-MID,2056.316216514267,0.14461715433536446,2038,0.8515347326686116,2.827786714826026,3496,1.0020725481857977,1.0016840669624985
TOI-2076_b,NIRISS_SOSS,obs10,SOSS_HDU3_ordem_1,jw05959010001_04102_00001-seg008_nis_x1dints.fits,seg008,3,327,60783.310301342455,TDB-MID,2055.0688312254642,0.14461299165570318,2038,0.8515347326686116,2.827786714826026,3497,1.001464679344964,1.0010764337788847
TOI-2076_b,NIRISS_SOSS,obs10,SOSS_HDU3_ordem_1,jw05959010001_04102_00001-seg008_nis_x1dints.fits,seg008,3,328,60783.31037841545,TDB-MID,2056.2251946557344,0.1446158982972152,2038,0.8515347326686116,2.827786714826026,3498,1.0020281919214313,1.0016397278940685
TOI-2076_b,NIRISS_SOSS,obs10,SOSS_HDU3_ordem_1,jw05959010001_04102_00001-seg008_nis_x1dints.fits,seg008,3,329,60783.31045548845,TDB-MID,2051.7958256035135,0.1446049055050638,2038,0.8515347326686116,2.827786714826026,3499,0.9998696965026003,0.9994820692758686
TOI-2076_b,NIRISS_SOSS,obs10,SOSS_HDU3_ordem_1,jw05959010001_04102_00001-seg008_nis_x1dints.fits,seg008,3,330,60783.310532561445,TDB-MID,2054.1929679795944,0.14460984633836294,2038,0.8515347326686116,2.827786714826026,3500,1.0010378585536857,1.0006497784565271
TOI-2076_b,NIRISS_SOSS,obs10,SOSS_HDU3_ordem_1,jw05959010001_04102_00001-seg008_nis_x1dints.fits,seg008,3,331,60783.31060963444,TDB-MID,2054.2688344593794,0.14462190091670205,2038,0.8515347326686116,2.827786714826026,3501,1.0010748293834197,1.0006867349534934
TOI-2076_b,NIRISS_SOSS,obs10,SOSS_HDU3_ordem_1,jw05959010001_04102_00001-seg008_nis_x1dints.fits,seg008,3,332,60783.31068670744,TDB-MID,2049.0555766657535,0.14459787660716333,2038,0.8515347326686116,2.827786714826026,3502,0.9985343336757782,0.9981472241394926
TOI-2076_b,NIRISS_SOSS,obs10,SOSS_HDU3_ordem_1,jw05959010001_04102_00001-seg008_nis_x1dints.fits,seg008,3,333,60783.310763780435,TDB-MID,2058.9937958604705,0.14462060653501177,2038,0.8515347326686116,2.827786714826026,3503,1.003377371216843,1.0029883841426968
TOI-2076_b,NIRISS_SOSS,obs10,SOSS_HDU3_ordem_1,jw05959010001_04102_00001-seg008_nis_x1dints.fits,seg008,3,334,60783.31084085343,TDB-MID,2049.763974021281,0.1445991882920241,2038,0.8515347326686116,2.827786714826026,3504,0.998879545923525,0.9984923025561346
TOI-2076_b,NIRISS_SOSS,obs10,SOSS_HDU3_ordem_1,jw05959010001_04102_00001-seg008_nis_x1dints.fits,seg008,3,335,60783.31091792642,TDB-MID,2047.2514653780793,0.14459430072415508,2038,0.8515347326686116,2.827786714826026,3505,0.9976551642266771,0.9972683955248188
TOI-2076_b,NIRISS_SOSS,obs10,SOSS_HDU3_ordem_1,jw05959010001_04102_00001-seg008_nis_x1dints.fits,seg008,3,336,60783.31099499942,TDB-MID,2052.775592177504,0.14460427577166896,2038,0.8515347326686116,2.827786714826026,3506,1.0003471508841497,0.9999593385589813
TOI-2076_b,NIRISS_SOSS,obs10,SOSS_HDU3_ordem_1,jw05959010001_04102_00001-seg008_nis_x1dints.fits,seg008,3,337,60783.311072072414,TDB-MID,2046.9915922502228,0.1445948776637198,2038,0.8515347326686116,2.827786714826026,3507,0.997528524303622,0.9971418046972432
TOI-2076_b,NIRISS_SOSS,obs10,SOSS_HDU3_ordem_1,jw05959010001_04102_00001-seg008_nis_x1dints.fits,seg008,3,338,60783.31114914541,TDB-MID,2060.098857970019,0.14474892269121936,2038,0.8515347326686116,2.827786714826026,3508,1.0039158839198628,1.0035266880763276
TOI-2076_b,NIRISS_SOSS,obs10,SOSS_HDU3_ordem_1,jw05959010001_04102_00001-seg008_nis_x1dints.fits,seg008,3,339,60783.31122621841,TDB-MID,2047.0813128306386,0.14459421541871703,2038,0.8515347326686116,2.827786714826026,3509,0.9975722464363952,0.9971855098799186
TOI-2076_b,NIRISS_SOSS,obs10,SOSS_HDU3_ordem_1,jw05959010001_04102_00001-seg008_nis_x1dints.fits,seg008,3,340,60783.311303291404,TDB-MID,2045.110544910603,0.14458925611794307,2038,0.8515347326686116,2.827786714826026,3510,0.9966118628068479,0.9962254985697289
TOI-2076_b,NIRISS_SOSS,obs10,SOSS_HDU3_ordem_1,jw05959010001_04102_00001-seg008_nis_x1dints.fits,seg008,3,341,60783.3113803644,TDB-MID,2054.3212504772036,0.14460929109866813,2038,0.8515347326686116,2.827786714826026,3511,1.0011003724648413,1.0007122681324307
TOI-2076_b,NIRISS_SOSS,obs10,SOSS_HDU3_ordem_1,jw05959010001_04102_00001-seg008_nis_x1dints.fits,seg008,3,342,60783.31145743739,TDB-MID,2055.992240841322,0.14461441967870736,2038,0.8515347326686116,2.827786714826026,3512,1.001914670168044,1.0015262501505382
TOI-2076_b,NIRISS_SOSS,obs10,SOSS_HDU3_ordem_1,jw05959010001_04102_00001-seg008_nis_x1dints.fits,seg008,3,343,60783.31153451039,TDB-MID,2053.4262407949896,0.1446055349465107,2038,0.8515347326686116,2.827786714826026,3513,1.0006642213390053,1.0002762860926788
TOI-2076_b,NIRISS_SOSS,obs10,SOSS_HDU3_ordem_1,jw05959010001_04102_00001-seg008_nis_x1dints.fits,seg008,3,344,60783.31161158338,TDB-MID,2049.7988703811207,0.14459912600213579,2038,0.8515347326686116,2.827786714826026,3514,0.998896551422945,0.998509301462901
TOI-2076_b,NIRISS_SOSS,obs10,SOSS_HDU3_ordem_1,jw05959010001_04102_00001-seg008_nis_x1dints.fits,seg008,3,345,60783.31168865638,TDB-MID,2053.5692116005057,0.14460343125339306,2038,0.8515347326686116,2.827786714826026,3515,1.0007338930744365,1.0003459308179288
TOI-2076_b,NIRISS_SOSS,obs10,SOSS_HDU3_ordem_1,jw05959010001_04102_00001-seg008_nis_x1dints.fits,seg008,3,346,60783.31176572938,TDB-MID,2048.65651357147,0.144596444944773,2038,0.8515347326686116,2.827786714826026,3516,0.9983398644747068,0.9979528303298021
TOI-2076_b,NIRISS_SOSS,obs10,SOSS_HDU3_ordem_1,jw05959010001_04102_00001-seg008_nis_x1dints.fits,seg008,3,347,60783.31184280237,TDB-MID,2048.8566692122577,0.1446077352346309,2038,0.8515347326686116,2.827786714826026,3517,0.9984374032050767,0.9980503312465772
TOI-2076_b,NIRISS_SOSS,obs10,SOSS_HDU3_ordem_1,jw05959010001_04102_00001-seg008_nis_x1dints.fits,seg008,3,348,60783.31191987536,TDB-MID,2052.667100830087,0.14460748221319014,2038,0.8515347326686116,2.827786714826026,3518,1.0002942814859077,0.9999064896570281
TOI-2076_b,NIRISS_SOSS,obs10,SOSS_HDU3_ordem_1,jw05959010001_04102_00001-seg008_nis_x1dints.fits,seg008,3,349,60783.31199694836,TDB-MID,2053.5613170084785,0.1446069139396417,2038,0.8515347326686116,2.827786714826026,3519,1.000730045925887,1.0003420851608331
TOI-2076_b,NIRISS_SOSS,obs10,SOSS_HDU3_ordem_1,jw05959010001_04102_00001-seg008_nis_x1dints.fits,seg008,3,350,60783.312074021356,TDB-MID,2051.541804170978,0.14460497470901426,2038,0.8515347326686116,2.827786714826026,3520,0.9997459081950675,0.9993583289583073
TOI-2076_b,NIRISS_SOSS,obs10,SOSS_HDU3_ordem_1,jw05959010001_04102_00001-seg008_nis_x1dints.fits,seg008,3,351,60783.31215109435,TDB-MID,2049.9740035880686,0.1446010333994482,2038,0.8515347326686116,2.827786714826026,3521,0.9989818963604351,0.9985946133140583
TOI-2076_b,NIRISS_SOSS,obs10,SOSS_HDU3_ordem_1,jw05959010001_04102_00001-seg008_nis_x1dints.fits,seg008,3,352,60783.31222816735,TDB-MID,2043.4847952601517,0.144587815319699,2038,0.8515347326686116,2.827786714826026,3522,0.9958196115558698,0.9954335544569273
TOI-2076_b,NIRISS_SOSS,obs10,SOSS_HDU3_ordem_1,jw05959010001_04102_00001-seg008_nis_x1dints.fits,seg008,3,353,60783.312305240346,TDB-MID,2054.096133150433,0.14461247794284227,2038,0.8515347326686116,2.827786714826026,3523,1.0009906695448982,1.0006026077418682
TOI-2076_b,NIRISS_SOSS,obs10,SOSS_HDU3_ordem_1,jw05959010001_04102_00001-seg008_nis_x1dints.fits,seg008,3,354,60783.31238231334,TDB-MID,2056.9079210110285,0.14461667955787605,2038,0.8515347326686116,2.827786714826026,3524,1.0023608943205415,1.0019723013118635
TOI-2076_b,NIRISS_SOSS,obs10,SOSS_HDU3_ordem_1,jw05959010001_04102_00001-seg008_nis_x1dints.fits,seg008,3,355,60783.31245938634,TDB-MID,2049.741046250472,0.14460273731241285,2038,0.8515347326686116,2.827786714826026,3525,0.9988683728901492,0.9984811338542952
TOI-2076_b,NIRISS_SOSS,obs10,SOSS_HDU3_ordem_1,jw05959010001_04102_00001-seg008_nis_x1dints.fits,seg008,3,356,60783.312536459336,TDB-MID,2048.4477716138454,0.1445995100194988,2038,0.8515347326686116,2.827786714826026,3526,0.9982381415083117,0.997851146799137
TOI-2076_b,NIRISS_SOSS,obs10,SOSS_HDU3_ordem_1,jw05959010001_04102_00001-seg008_nis_x1dints.fits,seg008,3,357,60783.31261353233,TDB-MID,2059.017665098686,0.14462131598155,2038,0.8515347326686116,2.827786714826026,3527,1.0033890030408639,1.0030000114573183
TOI-2076_b,NIRISS_SOSS,obs10,SOSS_HDU3_ordem_1,jw05959010001_04102_00001-seg008_nis_x1dints.fits,seg008,3,358,60783.31269060533,TDB-MID,2050.9709750028487,0.14460446033231036,2038,0.8515347326686116,2.827786714826026,3528,0.999467734909027,0.9990802635138584
TOI-2076_b,NIRISS_SOSS,obs10,SOSS_HDU3_ordem_1,jw05959010001_04102_00001-seg008_nis_x1dints.fits,seg008,3,359,60783.31276767832,TDB-MID,2056.697681114104,0.1446138449766804,2038,0.8515347326686116,2.827786714826026,3529,1.0022584413867224,1.0018698880967667
TOI-2076_b,NIRISS_SOSS,obs10,SOSS_HDU3_ordem_1,jw05959010001_04102_00001-seg008_nis_x1dints.fits,seg008,3,360,60783.312844751315,TDB-MID,2053.174223205623,0.14461011096858212,2038,0.8515347326686116,2.827786714826026,3530,1.000541409533148,1.000153521898225
TOI-2076_b,NIRISS_SOSS,obs10,SOSS_HDU3_ordem_1,jw05959010001_04102_00001-seg008_nis_x1dints.fits,seg008,3,361,60783.31292182431,TDB-MID,2050.440954440341,0.14460101302027048,2038,0.8515347326686116,2.827786714826026,3531,0.9992094482450413,0.9988220769818636
TOI-2076_b,NIRISS_SOSS,obs10,SOSS_HDU3_ordem_1,jw05959010001_04102_00001-seg008_nis_x1dints.fits,seg008,3,362,60783.31299889731,TDB-MID,2057.042727813243,0.14461532766615876,2038,0.8515347326686116,2.827786714826026,3532,1.0024265876194236,1.002037969142916
TOI-2076_b,NIRISS_SOSS,obs10,SOSS_HDU3_ordem_1,jw05959010001_04102_00001-seg008_nis_x1dints.fits,seg008,3,363,60783.313075970305,TDB-MID,2056.5286621711302,0.14461491603963733,2038,0.8515347326686116,2.827786714826026,3533,1.0021760760182459,1.0017875546595103
TOI-2076_b,NIRISS_SOSS,obs10,SOSS_HDU3_ordem_1,jw05959010001_04102_00001-seg008_nis_x1dints.fits,seg008,3,364,60783.3131530433,TDB-MID,2051.282774975828,0.1446031238643286,2038,0.8515347326686116,2.827786714826026,3534,0.9996196795325913,0.9992321492318742
TOI-2076_b,NIRISS_SOSS,obs10,SOSS_HDU3_ordem_1,jw05959010001_04102_00001-seg008_nis_x1dints.fits,seg008,3,365,60783.31323011629,TDB-MID,2050.968535772921,0.14460264057088842,2038,0.8515347326686116,2.827786714826026,3535,0.9994665462371048,0.999079075302758
TOI-2076_b,NIRISS_SOSS,obs10,SOSS_HDU3_ordem_1,jw05959010001_04102_00001-seg008_nis_x1dints.fits,seg008,3,366,60783.31330718929,TDB-MID,2057.3200605477687,0.14461758122926496,2038,0.8515347326686116,2.827786714826026,3536,1.0025617358606085,1.0021730649901357
TOI-2076_b,NIRISS_SOSS,obs10,SOSS_HDU3_ordem_1,jw05959010001_04102_00001-seg008_nis_x1dints.fits,seg008,3,367,60783.313384262285,TDB-MID,2057.8202267935203,0.14461667361271424,2038,0.8515347326686116,2.827786714826026,3537,1.0028054740854844,1.0024167087231268
TOI-2076_b,NIRISS_SOSS,obs10,SOSS_HDU3_ordem_1,jw05959010001_04102_00001-seg008_nis_x1dints.fits,seg008,3,368,60783.31346133528,TDB-MID,2054.0422186413107,0.14461149589457364,2038,0.8515347326686116,2.827786714826026,3538,1.000964396227056,1.0005763446096065
TOI-2076_b,NIRISS_SOSS,obs10,SOSS_HDU3_ordem_1,jw05959010001_04102_00001-seg008_nis_x1dints.fits,seg008,3,369,60783.31353840828,TDB-MID,2048.1601876323057,0.14459828475150804,2038,0.8515347326686116,2.827786714826026,3539,0.9980979976866151,0.9977110573080809
TOI-2076_b,NIRISS_SOSS,obs10,SOSS_HDU3_ordem_1,jw05959010001_04102_00001-seg008_nis_x1dints.fits,seg008,3,370,60783.313615481275,TDB-MID,2056.6099977695085,0.14461629431450063,2038,0.8515347326686116,2.827786714826026,3540,1.0022157120283453,1.0018271753036108
TOI-2076_b,NIRISS_SOSS,obs10,SOSS_HDU3_ordem_1,jw05959010001_04102_00001-seg008_nis_x1dints.fits,seg008,3,371,60783.31369255427,TDB-MID,2058.995139334982,0.144619435637888,2038,0.8515347326686116,2.827786714826026,3541,1.0033780259113478,1.002989038583391
TOI-2076_b,NIRISS_SOSS,obs10,SOSS_HDU3_ordem_1,jw05959010001_04102_00001-seg008_nis_x1dints.fits,seg008,3,372,60783.31376962726,TDB-MID,2049.776636210061,0.14460133323338503,2038,0.8515347326686116,2.827786714826026,3542,0.9988857163907299,0.9984984706311866
TOI-2076_b,NIRISS_SOSS,obs10,SOSS_HDU3_ordem_1,jw05959010001_04102_00001-seg008_nis_x1dints.fits,seg008,3,373,60783.31384670026,TDB-MID,2051.2908856586305,0.144597873402132,2038,0.8515347326686116,2.827786714826026,3543,0.999623631985292,0.9992361001522969
TOI-2076_b,NIRISS_SOSS,obs10,SOSS_HDU3_ordem_1,jw05959010001_04102_00001-seg008_nis_x1dints.fits,seg008,3,374,60783.313923773254,TDB-MID,2048.051109703828,0.1445989151324191,2038,0.8515347326686116,2.827786714826026,3544,0.9980448424389627,0.9976579226675348
TOI-2076_b,NIRISS_SOSS,obs10,SOSS_HDU3_ordem_1,jw05959010001_04102_00001-seg008_nis_x1dints.fits,seg008,3,375,60783.31400084625,TDB-MID,2059.421555149635,0.14462089460087965,2038,0.8515347326686116,2.827786714826026,3545,1.003585824487532,1.0031967566006923
TOI-2076_b,NIRISS_SOSS,obs10,SOSS_HDU3_ordem_1,jw05959010001_04102_00001-seg008_nis_x1dints.fits,seg008,3,376,60783.31407791925,TDB-MID,2050.090352139378,0.1446001355730294,2038,0.8515347326686116,2.827786714826026,3546,0.9990385946874492,0.998651289660393
TOI-2076_b,NIRISS_SOSS,obs10,SOSS_HDU3_ordem_1,jw05959010001_04102_00001-seg008_nis_x1dints.fits,seg008,3,377,60783.314154992244,TDB-MID,2056.252802877672,0.14461245034627013,2038,0.8515347326686116,2.827786714826026,3547,1.0020416458061432,1.0016531765630086
TOI-2076_b,NIRISS_SOSS,obs10,SOSS_HDU3_ordem_1,jw05959010001_04102_00001-seg008_nis_x1dints.fits,seg008,3,378,60783.31423206524,TDB-MID,2047.708677859334,0.14459720065612788,2038,0.8515347326686116,2.827786714826026,3548,0.9978779704626412,0.9974911153837642
TOI-2076_b,NIRISS_SOSS,obs10,SOSS_HDU3_ordem_1,jw05959010001_04102_00001-seg008_nis_x1dints.fits,seg008,3,379,60783.31430913824,TDB-MID,2051.7113311733283,0.1446834062867446,2038,0.8515347326686116,2.827786714826026,3549,0.9998285211482052,0.999440909884242
TOI-2076_b,NIRISS_SOSS,obs10,SOSS_HDU3_ordem_1,jw05959010001_04102_00001-seg008_nis_x1dints.fits,seg008,3,380,60783.314386211234,TDB-MID,2054.92425694993,0.14461026884683817,2038,0.8515347326686116,2.827786714826026,3550,1.001394226215468,1.001006007962499
TOI-2076_b,NIRISS_SOSS,obs10,SOSS_HDU3_ordem_1,jw05959010001_04102_00001-seg008_nis_x1dints.fits,seg008,3,381,60783.31446328422,TDB-MID,2047.6990761564603,0.14459507644928032,2038,0.8515347326686116,2.827786714826026,3551,0.9978732914143564,0.9974864381494425
TOI-2076_b,NIRISS_SOSS,obs10,SOSS_HDU3_ordem_1,jw05959010001_04102_00001-seg008_nis_x1dints.fits,seg008,3,382,60783.31454035722,TDB-MID,2047.9239966033058,0.14459699371993892,2038,0.8515347326686116,2.827786714826026,3552,0.9979828983918726,0.997596002634773
TOI-2076_b,NIRISS_SOSS,obs10,SOSS_HDU3_ordem_1,jw05959010001_04102_00001-seg008_nis_x1dints.fits,seg008,3,383,60783.31461743021,TDB-MID,2052.520840486887,0.14462228094692728,2038,0.8515347326686116,2.827786714826026,3553,1.0002230067113222,0.9998352425140864
TOI-2076_b,NIRISS_SOSS,obs10,SOSS_HDU3_ordem_1,jw05959010001_04102_00001-seg008_nis_x1dints.fits,seg008,3,384,60783.314694503206,TDB-MID,2056.0873061601915,0.1446118836349574,2038,0.8515347326686116,2.827786714826026,3554,1.0019609968689465,1.00157255889161
TOI-2076_b,NIRISS_SOSS,obs10,SOSS_HDU3_ordem_1,jw05959010001_04102_00001-seg008_nis_x1dints.fits,seg008,3,385,60783.3147715762,TDB-MID,2050.4988789910594,0.1446036171483336,2038,0.8515347326686116,2.827786714826026,3555,0.9992376757139854,0.9988502935076463
TOI-2076_b,NIRISS_SOSS,obs10,SOSS_HDU3_ordem_1,jw05959010001_04102_00001-seg008_nis_x1dints.fits,seg008,3,386,60783.3148486492,TDB-MID,2049.6179293622818,0.14460132590939195,2038,0.8515347326686116,2.827786714826026,3556,0.9988083762549611,0.9984211604784671
TOI-2076_b,NIRISS_SOSS,obs10,SOSS_HDU3_ordem_1,jw05959010001_04102_00001-seg008_nis_x1dints.fits,seg008,3,387,60783.314925722196,TDB-MID,2051.314827224899,0.14460111781692345,2038,0.8515347326686116,2.827786714826026,3557,0.9996352990558163,0.9992477626997576
TOI-2076_b,NIRISS_SOSS,obs10,SOSS_HDU3_ordem_1,jw05959010001_04102_00001-seg008_nis_x1dints.fits,seg008,3,388,60783.31500279519,TDB-MID,2052.239298612295,0.14460468004842494,2038,0.8515347326686116,2.827786714826026,3558,1.0000858072954795,0.9996980962874035
TOI-2076_b,NIRISS_SOSS,obs10,SOSS_HDU3_ordem_1,jw05959010001_04102_00001-seg008_nis_x1dints.fits,seg008,3,389,60783.31507986819,TDB-MID,2056.3619513732233,0.14461723439132165,2038,0.8515347326686116,2.827786714826026,3559,1.0020948354421482,1.0017063455785757
TOI-2076_b,NIRISS_SOSS,obs10,SOSS_HDU3_ordem_1,jw05959010001_04102_00001-seg008_nis_x1dints.fits,seg008,3,390,60783.315156941186,TDB-MID,2060.9801376180235,0.144635771584294,2038,0.8515347326686116,2.827786714826026,3560,1.004345344202016,1.003955981866288
TOI-2076_b,NIRISS_SOSS,obs10,SOSS_HDU3_ordem_1,jw05959010001_04102_00001-seg008_nis_x1dints.fits,seg008,3,391,60783.31523401418,TDB-MID,2054.7752013842764,0.14461131864478968,2038,0.8515347326686116,2.827786714826026,3561,1.0013215892886684,1.0009333991954192
TOI-2076_b,NIRISS_SOSS,obs10,SOSS_HDU3_ordem_1,jw05959010001_04102_00001-seg008_nis_x1dints.fits,seg008,3,392,60783.31531108718,TDB-MID,2055.322556627272,0.14461118991689748,2038,0.8515347326686116,2.827786714826026,3562,1.001588323392454,1.0012000298923294
TOI-2076_b,NIRISS_SOSS,obs10,SOSS_HDU3_ordem_1,jw05959010001_04102_00001-seg008_nis_x1dints.fits,seg008,3,393,60783.315388160176,TDB-MID,2051.677621892777,0.14460521762668688,2038,0.8515347326686116,2.827786714826026,3563,0.9998120941296426,0.9994244892340688
TOI-2076_b,NIRISS_SOSS,obs10,SOSS_HDU3_ordem_1,jw05959010001_04102_00001-seg008_nis_x1dints.fits,seg008,3,394,60783.31546523317,TDB-MID,2043.358912246304,0.14458587402553072,2038,0.8515347326686116,2.827786714826026,3564,0.9957582669477563,0.9953722336307529
TOI-2076_b,NIRISS_SOSS,obs10,SOSS_HDU3_ordem_1,jw05959010001_04102_00001-seg008_nis_x1dints.fits,seg008,3,395,60783.31554230616,TDB-MID,2051.0313828731355,0.14460123878675718,2038,0.8515347326686116,2.827786714826026,3565,0.9994971725354107,0.9991096897279297
TOI-2076_b,NIRISS_SOSS,obs10,SOSS_HDU3_ordem_1,jw05959010001_04102_00001-seg008_nis_x1dints.fits,seg008,3,396,60783.31561937915,TDB-MID,2057.8453615511153,0.14461597389412456,2038,0.8515347326686116,2.827786714826026,3566,1.00281772261535,1.00242895250451
TOI-2076_b,NIRISS_SOSS,obs10,SOSS_HDU3_ordem_1,jw05959010001_04102_00001-seg008_nis_x1dints.fits,seg008,3,397,60783.31569645215,TDB-MID,2054.3050632412096,0.14460951447995157,2038,0.8515347326686116,2.827786714826026,3567,1.0010924841912916,1.000704382916989
TOI-2076_b,NIRISS_SOSS,obs10,SOSS_HDU3_ordem_1,jw05959010001_04102_00001-seg008_nis_x1dints.fits,seg008,3,398,60783.315773525144,TDB-MID,2059.693790129405,0.14461904545360457,2038,0.8515347326686116,2.827786714826026,3568,1.0037184885193051,1.0033293692015732
TOI-2076_b,NIRISS_SOSS,obs10,SOSS_HDU3_ordem_1,jw05959010001_04102_00001-seg008_nis_x1dints.fits,seg008,3,399,60783.31585059814,TDB-MID,2048.155017532125,0.14459729665552626,2038,0.8515347326686116,2.827786714826026,3569,0.9980954782222347,0.9977085388204406
TOI-2076_b,NIRISS_SOSS,obs10,SOSS_HDU3_ordem_1,jw05959010001_04102_00001-seg008_nis_x1dints.fits,seg008,3,400,60783.31592767114,TDB-MID,2047.4187088780823,0.1445954663122887,2038,0.8515347326686116,2.827786714826026,3570,0.9977366643961887,0.9973498640985288
TOI-2076_b,NIRISS_SOSS,obs10,SOSS_HDU3_ordem_1,jw05959010001_04102_00001-seg008_nis_x1dints.fits,seg008,3,401,60783.316004744134,TDB-MID,2051.2895708421725,0.14460169989990923,2038,0.8515347326686116,2.827786714826026,3571,0.9996229912562699,0.9992354596716712
TOI-2076_b,NIRISS_SOSS,obs10,SOSS_HDU3_ordem_1,jw05959010001_04102_00001-seg008_nis_x1dints.fits,seg008,3,402,60783.31608181713,TDB-MID,2049.6165929802905,0.144600054591981,2038,0.8515347326686116,2.827786714826026,3572,0.9988077250167436,0.9984205094927202
TOI-2076_b,NIRISS_SOSS,obs10,SOSS_HDU3_ordem_1,jw05959010001_04102_00001-seg008_nis_x1dints.fits,seg008,3,403,60783.31615889013,TDB-MID,2056.6075203592472,0.1447028607230795,2038,0.8515347326686116,2.827786714826026,3573,1.0022145047505961,1.0018259684938964
TOI-2076_b,NIRISS_SOSS,obs10,SOSS_HDU3_ordem_1,jw05959010001_04102_00001-seg008_nis_x1dints.fits,seg008,3,404,60783.316235963124,TDB-MID,2046.4621936013682,0.14459277086418781,2038,0.8515347326686116,2.827786714826026,3574,0.9972705407071287,0.9968839211152483
TOI-2076_b,NIRISS_SOSS,obs10,SOSS_HDU3_ordem_1,jw05959010001_04102_00001-seg008_nis_x1dints.fits,seg008,3,405,60783.31631303612,TDB-MID,2046.008042591898,0.1445890169918824,2038,0.8515347326686116,2.827786714826026,3575,0.9970492263705174,0.9966626925772794
TOI-2076_b,NIRISS_SOSS,obs10,SOSS_HDU3_ordem_1,jw05959010001_04102_00001-seg008_nis_x1dints.fits,seg008,3,406,60783.31639010911,TDB-MID,2056.1246073603506,0.14461185007597482,2038,0.8515347326686116,2.827786714826026,3576,1.0019791742817363,1.0015907292574213
TOI-2076_b,NIRISS_SOSS,obs10,SOSS_HDU3_ordem_1,jw05959010001_04102_00001-seg008_nis_x1dints.fits,seg008,3,407,60783.31646718211,TDB-MID,2048.2034660990375,0.14459949187371984,2038,0.8515347326686116,2.827786714826026,3577,0.9981190879076091,0.9977321393528654
TOI-2076_b,NIRISS_SOSS,obs10,SOSS_HDU3_ordem_1,jw05959010001_04102_00001-seg008_nis_x1dints.fits,seg008,3,408,60783.316544255096,TDB-MID,2054.500327055496,0.1446076205381195,2038,0.8515347326686116,2.827786714826026,3578,1.0011876390640582,1.0007995009003297
TOI-2076_b,NIRISS_SOSS,obs10,SOSS_HDU3_ordem_1,jw05959010001_04102_00001-seg008_nis_x1dints.fits,seg008,3,409,60783.31662132809,TDB-MID,2055.706111158498,0.14461233307642254,2038,0.8515347326686116,2.827786714826026,3579,1.0017752350470852,1.0013868690854724
TOI-2076_b,NIRISS_SOSS,obs10,SOSS_HDU3_ordem_1,jw05959010001_04102_00001-seg008_nis_x1dints.fits,seg008,3,410,60783.31669840109,TDB-MID,2054.6053662188324,0.14460989586556303,2038,0.8515347326686116,2.827786714826026,3580,1.0012388261632108,1.000850668155383
TOI-2076_b,NIRISS_SOSS,obs10,SOSS_HDU3_ordem_1,jw05959010001_04102_00001-seg008_nis_x1dints.fits,seg008,3,411,60783.316775474086,TDB-MID,2045.7541801714137,0.14459228624710013,2038,0.8515347326686116,2.827786714826026,3581,0.9969255155518504,0.9965390297185432
TOI-2076_b,NIRISS_SOSS,obs10,SOSS_HDU3_ordem_1,jw05959010001_04102_00001-seg008_nis_x1dints.fits,seg008,3,412,60783.31685254708,TDB-MID,2053.154865049583,0.14461155148356666,2038,0.8515347326686116,2.827786714826026,3582,1.0005319760245293,1.0001440920467675
TOI-2076_b,NIRISS_SOSS,obs10,SOSS_HDU3_ordem_1,jw05959010001_04102_00001-seg008_nis_x1dints.fits,seg008,3,413,60783.31692962008,TDB-MID,2047.8883073657796,0.1445947916139139,2038,0.8515347326686116,2.827786714826026,3583,0.9979655065117213,0.9975786174970666
TOI-2076_b,NIRISS_SOSS,obs10,SOSS_HDU3_ordem_1,jw05959010001_04102_00001-seg008_nis_x1dints.fits,seg008,3,414,60783.317006693076,TDB-MID,2048.087839343393,0.1445975464393631,2038,0.8515347326686116,2.827786714826026,3584,0.9980627413220321,0.9976758146116056
TOI-2076_b,NIRISS_SOSS,obs10,SOSS_HDU3_ordem_1,jw05959010001_04102_00001-seg008_nis_x1dints.fits,seg008,3,415,60783.31708376607,TDB-MID,2041.2327096725703,0.14458298378661283,2038,0.8515347326686116,2.827786714826026,3585,0.9947221377698071,0.9943365061370243
TOI-2076_b,NIRISS_SOSS,obs10,SOSS_HDU3_ordem_1,jw05959010001_04102_00001-seg008_nis_x1dints.fits,seg008,3,416,60783.31716083907,TDB-MID,2055.2995802043074,0.14461108676832826,2038,0.8515347326686116,2.827786714826026,3586,1.0015771266501807,1.001188837490784
TOI-2076_b,NIRISS_SOSS,obs10,SOSS_HDU3_ordem_1,jw05959010001_04102_00001-seg008_nis_x1dints.fits,seg008,3,417,60783.31723791206,TDB-MID,2052.7668494298064,0.14461009272358696,2038,0.8515347326686116,2.827786714826026,3587,1.00034289041711,0.9999550797436298
TOI-2076_b,NIRISS_SOSS,obs10,SOSS_HDU3_ordem_1,jw05959010001_04102_00001-seg008_nis_x1dints.fits,seg008,3,418,60783.317314985055,TDB-MID,2045.3466114262633,0.14459159486128834,2038,0.8515347326686116,2.827786714826026,3588,0.9967269014244444,0.9963404925894137
TOI-2076_b,NIRISS_SOSS,obs10,SOSS_HDU3_ordem_1,jw05959010001_04102_00001-seg008_nis_x1dints.fits,seg008,3,419,60783.31739205805,TDB-MID,2046.8156304974696,0.1445976208652738,2038,0.8515347326686116,2.827786714826026,3589,0.9974427756038119,0.9970560892402954
TOI-2076_b,NIRISS_SOSS,obs10,SOSS_HDU3_ordem_1,jw05959010001_04102_00001-seg008_nis_x1dints.fits,seg008,3,420,60783.31746913104,TDB-MID,2053.026999361717,0.1446097433817667,2038,0.8515347326686116,2.827786714826026,3590,1.0004696652307727,1.000081805409519
TOI-2076_b,NIRISS_SOSS,obs10,SOSS_HDU3_ordem_1,jw05959010001_04102_00001-seg008_nis_x1dints.fits,seg008,3,421,60783.31754620404,TDB-MID,2048.6270929557813,0.14459925341071503,2038,0.8515347326686116,2.827786714826026,3591,0.9983255273843821,0.9979384987976482
TOI-2076_b,NIRISS_SOSS,obs10,SOSS_HDU3_ordem_1,jw05959010001_04102_00001-seg008_nis_x1dints.fits,seg008,3,422,60783.317623277035,TDB-MID,2048.9535902748867,0.14460217829852567,2038,0.8515347326686116,2.827786714826026,3592,0.9984846342366765,0.9980975439677574
TOI-2076_b,NIRISS_SOSS,obs10,SOSS_HDU3_ordem_1,jw05959010001_04102_00001-seg008_nis_x1dints.fits,seg008,3,423,60783.31770035003,TDB-MID,2059.459037836392,0.14462340002998803,2038,0.8515347326686116,2.827786714826026,3593,1.0036040903413581,1.0032150153732535
TOI-2076_b,NIRISS_SOSS,obs10,SOSS_HDU3_ordem_1,jw05959010001_04102_00001-seg008_nis_x1dints.fits,seg008,3,424,60783.31777742303,TDB-MID,2053.1961380641596,0.14460811037208574,2038,0.8515347326686116,2.827786714826026,3594,1.0005520889597654,1.0001641971846666
TOI-2076_b,NIRISS_SOSS,obs10,SOSS_HDU3_ordem_1,jw05959010001_04102_00001-seg008_nis_x1dints.fits,seg008,3,425,60783.317854496025,TDB-MID,2049.1472325395507,0.14460078209407337,2038,0.8515347326686116,2.827786714826026,3595,0.9985789989049265,0.9981918720529258
TOI-2076_b,NIRISS_SOSS,obs10,SOSS_HDU3_ordem_1,jw05959010001_04102_00001-seg008_nis_x1dints.fits,seg008,3,426,60783.31793156902,TDB-MID,2037.923334324019,0.14457712205812812,2038,0.8515347326686116,2.827786714826026,3596,0.9931094314351522,0.9927244250127205
TOI-2076_b,NIRISS_SOSS,obs10,SOSS_HDU3_ordem_1,jw05959010001_04102_00001-seg008_nis_x1dints.fits,seg008,3,427,60783.31800864201,TDB-MID,2052.1246183016474,0.14460457650096165,2038,0.8515347326686116,2.827786714826026,3597,1.000029921926199,0.9996422325836367
TOI-2076_b,NIRISS_SOSS,obs10,SOSS_HDU3_ordem_1,jw05959010001_04102_00001-seg008_nis_x1dints.fits,seg008,3,428,60783.31808571501,TDB-MID,2050.73045472297,0.14460384778005245,2038,0.8515347326686116,2.827786714826026,3598,0.9993505259078953,0.9989630999520478
TOI-2076_b,NIRISS_SOSS,obs10,SOSS_HDU3_ordem_1,jw05959010001_04102_00001-seg008_nis_x1dints.fits,seg008,3,429,60783.318162788004,TDB-MID,2056.050239168041,0.14461249423121977,2038,0.8515347326686116,2.827786714826026,3599,1.0019429335890973,1.001554502614492
TOI-2076_b,NIRISS_SOSS,obs10,SOSS_HDU3_ordem_1,jw05959010001_04102_00001-seg008_nis_x1dints.fits,seg008,3,430,60783.318239861,TDB-MID,2051.2652474681504,0.14460099697519205,2038,0.8515347326686116,2.827786714826026,3600,0.999611138125321,0.9992236111359173
TOI-2076_b,NIRISS_SOSS,obs10,SOSS_HDU3_ordem_1,jw05959010001_04102_00001-seg008_nis_x1dints.fits,seg008,3,431,60783.318316934,TDB-MID,2054.3524503765434,0.1446064848207154,2038,0.8515347326686116,2.827786714826026,3601,1.0011155766257498,1.0007274663990244
TOI-2076_b,NIRISS_SOSS,obs10,SOSS_HDU3_ordem_1,jw05959010001_04102_00001-seg008_nis_x1dints.fits,seg008,3,432,60783.31839400699,TDB-MID,2053.388214938959,0.14460940013059873,2038,0.8515347326686116,2.827786714826026,3602,1.0006456907909587,1.0002577627285132
TOI-2076_b,NIRISS_SOSS,obs10,SOSS_HDU3_ordem_1,jw05959010001_04102_00001-seg008_nis_x1dints.fits,seg008,3,433,60783.31847107998,TDB-MID,2049.2375002960744,0.1446002054848426,2038,0.8515347326686116,2.827786714826026,3603,0.9986229876845083,0.9982358437790367
TOI-2076_b,NIRISS_SOSS,obs10,SOSS_HDU3_ordem_1,jw05959010001_04102_00001-seg008_nis_x1dints.fits,seg008,3,434,60783.31854815298,TDB-MID,2055.4863098793567,0.1446166339821197,2038,0.8515347326686116,2.827786714826026,3604,1.001668122713819,1.0012797982772739
TOI-2076_b,NIRISS_SOSS,obs10,SOSS_HDU3_ordem_1,jw05959010001_04102_00001-seg008_nis_x1dints.fits,seg008,3,435,60783.31862522598,TDB-MID,2047.3034517792782,0.14459381588588907,2038,0.8515347326686116,2.827786714826026,3605,0.9976804979497212,0.9972937194265424
TOI-2076_b,NIRISS_SOSS,obs10,SOSS_HDU3_ordem_1,jw05959010001_04102_00001-seg008_nis_x1dints.fits,seg008,3,436,60783.318702298966,TDB-MID,2055.7008868799894,0.1446932520113529,2038,0.8515347326686116,2.827786714826026,3606,1.0017726891808243,1.001384324206187
TOI-2076_b,NIRISS_SOSS,obs10,SOSS_HDU3_ordem_1,jw05959010001_04102_00001-seg008_nis_x1dints.fits,seg008,3,437,60783.31877937196,TDB-MID,2054.2024956536497,0.14460957370012556,2038,0.8515347326686116,2.827786714826026,3607,1.0010425015266595,1.0006544196295237
TOI-2076_b,NIRISS_SOSS,obs10,SOSS_HDU3_ordem_1,jw05959010001_04102_00001-seg008_nis_x1dints.fits,seg008,3,438,60783.31885644496,TDB-MID,2035.4895075647687,0.14456914507324936,2038,0.8515347326686116,2.827786714826026,3608,0.9919233925550918,0.9915388459335356
TOI-2076_b,NIRISS_SOSS,obs10,SOSS_HDU3_ordem_1,jw05959010001_04102_00001-seg008_nis_x1dints.fits,seg008,3,439,60783.318933517956,TDB-MID,2055.5441210343006,0.14461270423468078,2038,0.8515347326686116,2.827786714826026,3609,1.001696294923367,1.0013079595650831
TOI-2076_b,NIRISS_SOSS,obs10,SOSS_HDU3_ordem_1,jw05959010001_04102_00001-seg008_nis_x1dints.fits,seg008,3,440,60783.31901059095,TDB-MID,2054.1138174740295,0.14461007192814335,2038,0.8515347326686116,2.827786714826026,3610,1.0009992873708273,1.000611222226858
TOI-2076_b,NIRISS_SOSS,obs10,SOSS_HDU3_ordem_1,jw05959010001_04102_00001-seg008_nis_x1dints.fits,seg008,3,441,60783.31908766395,TDB-MID,2050.1939311245587,0.1446013949745185,2038,0.8515347326686116,2.827786714826026,3611,0.9990890702207281,0.9987017456254311
TOI-2076_b,NIRISS_SOSS,obs10,SOSS_HDU3_ordem_1,jw05959010001_04102_00001-seg008_nis_x1dints.fits,seg008,3,442,60783.319164736946,TDB-MID,2048.92037064977,0.14459982006853503,2038,0.8515347326686116,2.827786714826026,3612,0.998468445834269,0.9980813618412331
TOI-2076_b,NIRISS_SOSS,obs10,SOSS_HDU3_ordem_1,jw05959010001_04102_00001-seg008_nis_x1dints.fits,seg008,3,443,60783.31924180994,TDB-MID,2045.2842338746045,0.1445912922552019,2038,0.8515347326686116,2.827786714826026,3613,0.9966965039439215,0.9963101068933176
TOI-2076_b,NIRISS_SOSS,obs10,SOSS_HDU3_ordem_1,jw05959010001_04102_00001-seg008_nis_x1dints.fits,seg008,3,444,60783.31931888293,TDB-MID,2058.3316665175907,0.14462041185883223,2038,0.8515347326686116,2.827786714826026,3614,1.0030547060389294,1.002665844054891
TOI-2076_b,NIRISS_SOSS,obs10,SOSS_HDU3_ordem_1,jw05959010001_04102_00001-seg008_nis_x1dints.fits,seg008,3,445,60783.31939595592,TDB-MID,2053.677209086476,0.14460896296801465,2038,0.8515347326686116,2.827786714826026,3615,1.0007865218068732,1.0003985391473773
TOI-2076_b,NIRISS_SOSS,obs10,SOSS_HDU3_ordem_1,jw05959010001_04102_00001-seg008_nis_x1dints.fits,seg008,3,446,60783.31947302892,TDB-MID,2059.0393927306827,0.14462096625283555,2038,0.8515347326686116,2.827786714826026,3616,1.0033995912292886,1.0030105955409379
TOI-2076_b,NIRISS_SOSS,obs10,SOSS_HDU3_ordem_1,jw05959010001_04102_00001-seg008_nis_x1dints.fits,seg008,3,447,60783.319550101915,TDB-MID,2052.796677360626,0.1446133375724904,2038,0.8515347326686116,2.827786714826026,3617,1.0003574259979722,0.9999696096893709
TOI-2076_b,NIRISS_SOSS,obs10,SOSS_HDU3_ordem_1,jw05959010001_04102_00001-seg008_nis_x1dints.fits,seg008,3,448,60783.31962717491,TDB-MID,2056.4969831980325,0.14461417004473717,2038,0.8515347326686116,2.827786714826026,3618,1.0021606383977861,1.0017721230238723
TOI-2076_b,NIRISS_SOSS,obs10,SOSS_HDU3_ordem_1,jw05959010001_04102_00001-seg008_nis_x1dints.fits,seg008,3,449,60783.31970424791,TDB-MID,2057.266448485466,0.1446217689775052,2038,0.8515347326686116,2.827786714826026,3619,1.0025356099294633,1.0021469491874326
