planeta,instrumento,obs,parte,arquivo,segmento,hdu,integration_index_segmento,time_value,time_column,white_flux,white_flux_error,n_pixels_validos,wavelength_min_um,wavelength_max_um,integration_index_global,white_flux_normalizado,white_flux_normalizado_por_segmento
TOI-2076_b,NIRISS_SOSS,obs10,SOSS_HDU4_ordem_2,jw05959010001_04102_00001-seg001_nis_x1dints.fits,seg001,4,0,60783.040777037146,TDB-MID,785.3690741327048,4.795963377362217,1778,0.5866384887837632,1.4160575472955537,0,1.356415383396002,1.329697646465928
TOI-2076_b,NIRISS_SOSS,obs10,SOSS_HDU4_ordem_2,jw05959010001_04102_00001-seg001_nis_x1dints.fits,seg001,4,1,60783.040854110164,TDB-MID,491.5894030492072,4.794907849819525,1778,0.5866384887837632,1.4160575472955537,1,0.8490268468321841,0.8323033001827503
TOI-2076_b,NIRISS_SOSS,obs10,SOSS_HDU4_ordem_2,jw05959010001_04102_00001-seg001_nis_x1dints.fits,seg001,4,2,60783.04093118318,TDB-MID,637.0358730816833,4.795131812468814,1778,0.5866384887837632,1.4160575472955537,2,1.1002282703547006,1.0785567309057962
TOI-2076_b,NIRISS_SOSS,obs10,SOSS_HDU4_ordem_2,jw05959010001_04102_00001-seg001_nis_x1dints.fits,seg001,4,3,60783.0410082562,TDB-MID,321.2117018292769,4.794200270062306,1778,0.5866384887837632,1.4160575472955537,3,0.5547665524889521,0.5438391426494276
TOI-2076_b,NIRISS_SOSS,obs10,SOSS_HDU4_ordem_2,jw05959010001_04102_00001-seg001_nis_x1dints.fits,seg001,4,4,60783.04108532922,TDB-MID,590.4634483389849,4.795078777482518,1778,0.5866384887837632,1.4160575472955537,4,1.0197927713725055,0.9997055950382872
TOI-2076_b,NIRISS_SOSS,obs10,SOSS_HDU4_ordem_2,jw05959010001_04102_00001-seg001_nis_x1dints.fits,seg001,4,5,60783.04116240224,TDB-MID,510.31123478472466,4.7957333998829155,1778,0.5866384887837632,1.4160575472955537,5,0.8813614286330412,0.8640009776393524
TOI-2076_b,NIRISS_SOSS,obs10,SOSS_HDU4_ordem_2,jw05959010001_04102_00001-seg001_nis_x1dints.fits,seg001,4,6,60783.04123947526,TDB-MID,881.5693681621311,4.7962454023700465,1778,0.5866384887837632,1.4160575472955537,6,1.5225634569661664,1.49257304960237
TOI-2076_b,NIRISS_SOSS,obs10,SOSS_HDU4_ordem_2,jw05959010001_04102_00001-seg001_nis_x1dints.fits,seg001,4,7,60783.041316548275,TDB-MID,597.4263292105455,4.795189290764319,1778,0.5866384887837632,1.4160575472955537,7,1.0318184024267565,1.0114943534863596
TOI-2076_b,NIRISS_SOSS,obs10,SOSS_HDU4_ordem_2,jw05959010001_04102_00001-seg001_nis_x1dints.fits,seg001,4,8,60783.04139362129,TDB-MID,497.16763942510516,4.795058297581752,1778,0.5866384887837632,1.4160575472955537,8,0.8586610505227774,0.8417477359579344
TOI-2076_b,NIRISS_SOSS,obs10,SOSS_HDU4_ordem_2,jw05959010001_04102_00001-seg001_nis_x1dints.fits,seg001,4,9,60783.04147069431,TDB-MID,662.8510504077196,4.795159874596313,1778,0.5866384887837632,1.4160575472955537,9,1.1448138095660583,1.1222640548431924
TOI-2076_b,NIRISS_SOSS,obs10,SOSS_HDU4_ordem_2,jw05959010001_04102_00001-seg001_nis_x1dints.fits,seg001,4,10,60783.04154776733,TDB-MID,680.1671011165656,4.795064862364071,1778,0.5866384887837632,1.4160575472955537,10,1.174720458980643,1.1515816236551093
TOI-2076_b,NIRISS_SOSS,obs10,SOSS_HDU4_ordem_2,jw05959010001_04102_00001-seg001_nis_x1dints.fits,seg001,4,11,60783.04162484034,TDB-MID,608.7677605653869,4.795112293236613,1778,0.5866384887837632,1.4160575472955537,11,1.0514062528605477,1.0306963759198775
TOI-2076_b,NIRISS_SOSS,obs10,SOSS_HDU4_ordem_2,jw05959010001_04102_00001-seg001_nis_x1dints.fits,seg001,4,12,60783.04170191336,TDB-MID,507.28250966527224,4.794962436996237,1778,0.5866384887837632,1.4160575472955537,12,0.8761305002970358,0.858873084530529
TOI-2076_b,NIRISS_SOSS,obs10,SOSS_HDU4_ordem_2,jw05959010001_04102_00001-seg001_nis_x1dints.fits,seg001,4,13,60783.04177898638,TDB-MID,649.6856825480307,4.795067607355065,1778,0.5866384887837632,1.4160575472955537,13,1.1220758280474075,1.0999739504394523
TOI-2076_b,NIRISS_SOSS,obs10,SOSS_HDU4_ordem_2,jw05959010001_04102_00001-seg001_nis_x1dints.fits,seg001,4,14,60783.0418560594,TDB-MID,590.8112214629203,4.795019157433315,1778,0.5866384887837632,1.4160575472955537,14,1.020393412307799,1.0002944049617128
TOI-2076_b,NIRISS_SOSS,obs10,SOSS_HDU4_ordem_2,jw05959010001_04102_00001-seg001_nis_x1dints.fits,seg001,4,15,60783.041933132416,TDB-MID,745.1823581193119,4.795276963321539,1778,0.5866384887837632,1.4160575472955537,15,1.2870086781868255,1.2616580667801431
TOI-2076_b,NIRISS_SOSS,obs10,SOSS_HDU4_ordem_2,jw05959010001_04102_00001-seg001_nis_x1dints.fits,seg001,4,16,60783.042010205434,TDB-MID,716.5941487611202,4.795105087073371,1778,0.5866384887837632,1.4160575472955537,16,1.2376338196211005,1.2132557602056937
TOI-2076_b,NIRISS_SOSS,obs10,SOSS_HDU4_ordem_2,jw05959010001_04102_00001-seg001_nis_x1dints.fits,seg001,4,17,60783.04208727845,TDB-MID,644.633145433181,4.795057213054194,1778,0.5866384887837632,1.4160575472955537,17,1.1133495625329042,1.0914195688988797
TOI-2076_b,NIRISS_SOSS,obs10,SOSS_HDU4_ordem_2,jw05959010001_04102_00001-seg001_nis_x1dints.fits,seg001,4,18,60783.04216435147,TDB-MID,240.99402181228686,4.794614532977464,1778,0.5866384887837632,1.4160575472955537,18,0.41622214225031084,0.4080236848771176
TOI-2076_b,NIRISS_SOSS,obs10,SOSS_HDU4_ordem_2,jw05959010001_04102_00001-seg001_nis_x1dints.fits,seg001,4,19,60783.04224142449,TDB-MID,693.2302790832666,4.795770276243813,1778,0.5866384887837632,1.4160575472955537,19,1.197281947755383,1.1736987117475708
TOI-2076_b,NIRISS_SOSS,obs10,SOSS_HDU4_ordem_2,jw05959010001_04102_00001-seg001_nis_x1dints.fits,seg001,4,20,60783.04231849751,TDB-MID,567.6776322151327,4.794968221780842,1778,0.5866384887837632,1.4160575472955537,20,0.9804392590792478,0.9611272411526945
TOI-2076_b,NIRISS_SOSS,obs10,SOSS_HDU4_ordem_2,jw05959010001_04102_00001-seg001_nis_x1dints.fits,seg001,4,21,60783.04239557053,TDB-MID,669.6535457829248,4.795109594875894,1778,0.5866384887837632,1.4160575472955537,21,1.156562437919674,1.1337812667992329
TOI-2076_b,NIRISS_SOSS,obs10,SOSS_HDU4_ordem_2,jw05959010001_04102_00001-seg001_nis_x1dints.fits,seg001,4,22,60783.042472643545,TDB-MID,947.4331954021508,4.7955617387902665,1778,0.5866384887837632,1.4160575472955537,22,1.6363172466431504,1.6040861953994685
TOI-2076_b,NIRISS_SOSS,obs10,SOSS_HDU4_ordem_2,jw05959010001_04102_00001-seg001_nis_x1dints.fits,seg001,4,23,60783.04254971656,TDB-MID,679.7300535637678,4.795899906468963,1778,0.5866384887837632,1.4160575472955537,23,1.1739656316728002,1.1508416644162118
TOI-2076_b,NIRISS_SOSS,obs10,SOSS_HDU4_ordem_2,jw05959010001_04102_00001-seg001_nis_x1dints.fits,seg001,4,24,60783.042626789575,TDB-MID,859.767624131473,4.795651875845356,1778,0.5866384887837632,1.4160575472955537,24,1.4849095411677837,1.4556608147293166
TOI-2076_b,NIRISS_SOSS,obs10,SOSS_HDU4_ordem_2,jw05959010001_04102_00001-seg001_nis_x1dints.fits,seg001,4,25,60783.04270386259,TDB-MID,458.2246644761886,4.794772030806201,1778,0.5866384887837632,1.4160575472955537,25,0.7914024175619002,0.7758139172712997
TOI-2076_b,NIRISS_SOSS,obs10,SOSS_HDU4_ordem_2,jw05959010001_04102_00001-seg001_nis_x1dints.fits,seg001,4,26,60783.04278093561,TDB-MID,543.7470438862651,4.794997485019296,1778,0.5866384887837632,1.4160575472955537,26,0.939108604216324,0.920610689091385
TOI-2076_b,NIRISS_SOSS,obs10,SOSS_HDU4_ordem_2,jw05959010001_04102_00001-seg001_nis_x1dints.fits,seg001,4,27,60783.04285800863,TDB-MID,627.55307160926,4.797202795246412,1778,0.5866384887837632,1.4160575472955537,27,1.083850470134989,1.0625015293259408
TOI-2076_b,NIRISS_SOSS,obs10,SOSS_HDU4_ordem_2,jw05959010001_04102_00001-seg001_nis_x1dints.fits,seg001,4,28,60783.04293508165,TDB-MID,374.018641875503,4.796320622956195,1778,0.5866384887837632,1.4160575472955537,28,0.6459697182207726,0.6332458511757039
TOI-2076_b,NIRISS_SOSS,obs10,SOSS_HDU4_ordem_2,jw05959010001_04102_00001-seg001_nis_x1dints.fits,seg001,4,29,60783.04301215467,TDB-MID,646.2293995583377,4.796335235140604,1778,0.5866384887837632,1.4160575472955537,29,1.1161064620881396,1.094122164943582
TOI-2076_b,NIRISS_SOSS,obs10,SOSS_HDU4_ordem_2,jw05959010001_04102_00001-seg001_nis_x1dints.fits,seg001,4,30,60783.043089227685,TDB-MID,916.3451760293176,4.795658659746139,1778,0.5866384887837632,1.4160575472955537,30,1.5826249520195164,1.5514514946519335
TOI-2076_b,NIRISS_SOSS,obs10,SOSS_HDU4_ordem_2,jw05959010001_04102_00001-seg001_nis_x1dints.fits,seg001,4,31,60783.043166300704,TDB-MID,908.4753568169754,4.795356154923742,1778,0.5866384887837632,1.4160575472955537,31,1.5690329426117677,1.5381272112934121
TOI-2076_b,NIRISS_SOSS,obs10,SOSS_HDU4_ordem_2,jw05959010001_04102_00001-seg001_nis_x1dints.fits,seg001,4,32,60783.04324337372,TDB-MID,463.2538933606557,4.79482213610535,1778,0.5866384887837632,1.4160575472955537,32,0.8000884272994799,0.7843288359655446
TOI-2076_b,NIRISS_SOSS,obs10,SOSS_HDU4_ordem_2,jw05959010001_04102_00001-seg001_nis_x1dints.fits,seg001,4,33,60783.04332044674,TDB-MID,418.17384623586275,4.794836348231511,1778,0.5866384887837632,1.4160575472955537,33,0.7222304221675466,0.7080044242478994
TOI-2076_b,NIRISS_SOSS,obs10,SOSS_HDU4_ordem_2,jw05959010001_04102_00001-seg001_nis_x1dints.fits,seg001,4,34,60783.04339751976,TDB-MID,344.8262376775094,4.794743224862273,1778,0.5866384887837632,1.4160575472955537,34,0.5955513513195801,0.5838205905749851
TOI-2076_b,NIRISS_SOSS,obs10,SOSS_HDU4_ordem_2,jw05959010001_04102_00001-seg001_nis_x1dints.fits,seg001,4,35,60783.04347459277,TDB-MID,417.73183099803964,4.794896228777752,1778,0.5866384887837632,1.4160575472955537,35,0.7214670151427146,0.7072560542893745
TOI-2076_b,NIRISS_SOSS,obs10,SOSS_HDU4_ordem_2,jw05959010001_04102_00001-seg001_nis_x1dints.fits,seg001,4,36,60783.04355166579,TDB-MID,748.5697273856733,4.795310013206642,1778,0.5866384887837632,1.4160575472955537,36,1.2928590228635743,1.2673931753928243
TOI-2076_b,NIRISS_SOSS,obs10,SOSS_HDU4_ordem_2,jw05959010001_04102_00001-seg001_nis_x1dints.fits,seg001,4,37,60783.04362873881,TDB-MID,369.96781873528164,4.794797224909729,1778,0.5866384887837632,1.4160575472955537,37,0.6389735185946535,0.6263874578760309
TOI-2076_b,NIRISS_SOSS,obs10,SOSS_HDU4_ordem_2,jw05959010001_04102_00001-seg001_nis_x1dints.fits,seg001,4,38,60783.043705811826,TDB-MID,830.7417452968638,4.795341400894997,1778,0.5866384887837632,1.4160575472955537,38,1.4347787811664041,1.4065174959455884
TOI-2076_b,NIRISS_SOSS,obs10,SOSS_HDU4_ordem_2,jw05959010001_04102_00001-seg001_nis_x1dints.fits,seg001,4,39,60783.043782884844,TDB-MID,405.0221231463787,4.7948432819735105,1778,0.5866384887837632,1.4160575472955537,39,0.6995160066089245,0.6857374216181223
TOI-2076_b,NIRISS_SOSS,obs10,SOSS_HDU4_ordem_2,jw05959010001_04102_00001-seg001_nis_x1dints.fits,seg001,4,40,60783.04385995786,TDB-MID,619.0322544618872,4.795083560705137,1778,0.5866384887837632,1.4160575472955537,40,1.0691341185004861,1.048075050260235
TOI-2076_b,NIRISS_SOSS,obs10,SOSS_HDU4_ordem_2,jw05959010001_04102_00001-seg001_nis_x1dints.fits,seg001,4,41,60783.04393703088,TDB-MID,475.81079705329114,4.79489582188377,1778,0.5866384887837632,1.4160575472955537,41,0.821775526903347,0.8055887580033907
TOI-2076_b,NIRISS_SOSS,obs10,SOSS_HDU4_ordem_2,jw05959010001_04102_00001-seg001_nis_x1dints.fits,seg001,4,42,60783.0440141039,TDB-MID,840.3476075337354,4.795360652146919,1778,0.5866384887837632,1.4160575472955537,42,1.4513691203305277,1.422781050023968
TOI-2076_b,NIRISS_SOSS,obs10,SOSS_HDU4_ordem_2,jw05959010001_04102_00001-seg001_nis_x1dints.fits,seg001,4,43,60783.04409117692,TDB-MID,753.783807752653,4.795264238847317,1778,0.5866384887837632,1.4160575472955537,43,1.3018642906452789,1.2762210636059086
TOI-2076_b,NIRISS_SOSS,obs10,SOSS_HDU4_ordem_2,jw05959010001_04102_00001-seg001_nis_x1dints.fits,seg001,4,44,60783.04416824994,TDB-MID,454.6171348690151,4.7949101239461935,1778,0.5866384887837632,1.4160575472955537,44,0.7851718327115476,0.7697060581943275
TOI-2076_b,NIRISS_SOSS,obs10,SOSS_HDU4_ordem_2,jw05959010001_04102_00001-seg001_nis_x1dints.fits,seg001,4,45,60783.044245322955,TDB-MID,571.3180106578418,4.794944566648155,1778,0.5866384887837632,1.4160575472955537,45,0.986726577339808,0.967290716144196
TOI-2076_b,NIRISS_SOSS,obs10,SOSS_HDU4_ordem_2,jw05959010001_04102_00001-seg001_nis_x1dints.fits,seg001,4,46,60783.044322395974,TDB-MID,470.1959921213105,4.794791131243504,1778,0.5866384887837632,1.4160575472955537,46,0.8120781654520869,0.7960824085056533
TOI-2076_b,NIRISS_SOSS,obs10,SOSS_HDU4_ordem_2,jw05959010001_04102_00001-seg001_nis_x1dints.fits,seg001,4,47,60783.04439946899,TDB-MID,516.6142240135337,4.794980874331768,1778,0.5866384887837632,1.4160575472955537,47,0.8922473570874779,0.8746724825652405
TOI-2076_b,NIRISS_SOSS,obs10,SOSS_HDU4_ordem_2,jw05959010001_04102_00001-seg001_nis_x1dints.fits,seg001,4,48,60783.044476542,TDB-MID,509.58040123008874,4.79499542940772,1778,0.5866384887837632,1.4160575472955537,48,0.8800992018547524,0.8627636133356575
TOI-2076_b,NIRISS_SOSS,obs10,SOSS_HDU4_ordem_2,jw05959010001_04102_00001-seg001_nis_x1dints.fits,seg001,4,49,60783.04455361502,TDB-MID,1173.9905568607385,4.795763204015785,1778,0.5866384887837632,1.4160575472955537,49,2.0276057508962615,1.9876673679248735
TOI-2076_b,NIRISS_SOSS,obs10,SOSS_HDU4_ordem_2,jw05959010001_04102_00001-seg001_nis_x1dints.fits,seg001,4,50,60783.04463068804,TDB-MID,423.03465736177003,4.794898345458755,1778,0.5866384887837632,1.4160575472955537,50,0.7306255566388703,0.7162341971367441
TOI-2076_b,NIRISS_SOSS,obs10,SOSS_HDU4_ordem_2,jw05959010001_04102_00001-seg001_nis_x1dints.fits,seg001,4,51,60783.04470776106,TDB-MID,773.0215433832375,4.7953183956648875,1778,0.5866384887837632,1.4160575472955537,51,1.33508989299007,1.308792210896844
TOI-2076_b,NIRISS_SOSS,obs10,SOSS_HDU4_ordem_2,jw05959010001_04102_00001-seg001_nis_x1dints.fits,seg001,4,52,60783.04478483407,TDB-MID,706.4532687340245,4.795251197614613,1778,0.5866384887837632,1.4160575472955537,52,1.220119448196282,1.1960863748183033
TOI-2076_b,NIRISS_SOSS,obs10,SOSS_HDU4_ordem_2,jw05959010001_04102_00001-seg001_nis_x1dints.fits,seg001,4,53,60783.04486190709,TDB-MID,689.8248813353885,4.795247803174337,1778,0.5866384887837632,1.4160575472955537,53,1.1914004659859296,1.167933079359213
TOI-2076_b,NIRISS_SOSS,obs10,SOSS_HDU4_ordem_2,jw05959010001_04102_00001-seg001_nis_x1dints.fits,seg001,4,54,60783.04493898011,TDB-MID,514.1233745970726,4.794801536026851,1778,0.5866384887837632,1.4160575472955537,54,0.8879453969295206,0.8704552594584779
TOI-2076_b,NIRISS_SOSS,obs10,SOSS_HDU4_ordem_2,jw05959010001_04102_00001-seg001_nis_x1dints.fits,seg001,4,55,60783.045016053125,TDB-MID,658.137475916582,4.7950640620297005,1778,0.5866384887837632,1.4160575472955537,55,1.1366729683219303,1.1142835662885227
TOI-2076_b,NIRISS_SOSS,obs10,SOSS_HDU4_ordem_2,jw05959010001_04102_00001-seg001_nis_x1dints.fits,seg001,4,56,60783.045093126144,TDB-MID,829.2095417837168,4.795295589915798,1778,0.5866384887837632,1.4160575472955537,56,1.4321325037865351,1.4039233431167566
TOI-2076_b,NIRISS_SOSS,obs10,SOSS_HDU4_ordem_2,jw05959010001_04102_00001-seg001_nis_x1dints.fits,seg001,4,57,60783.04517019916,TDB-MID,393.8882604513026,4.794772431594891,1778,0.5866384887837632,1.4160575472955537,57,0.6802866491849673,0.6668868308457947
TOI-2076_b,NIRISS_SOSS,obs10,SOSS_HDU4_ordem_2,jw05959010001_04102_00001-seg001_nis_x1dints.fits,seg001,4,58,60783.04524727218,TDB-MID,618.5357367483904,4.795159773286718,1778,0.5866384887837632,1.4160575472955537,58,1.0682765799407212,1.0472344029049843
TOI-2076_b,NIRISS_SOSS,obs10,SOSS_HDU4_ordem_2,jw05959010001_04102_00001-seg001_nis_x1dints.fits,seg001,4,59,60783.04532434519,TDB-MID,734.267301789039,4.795179969350021,1778,0.5866384887837632,1.4160575472955537,59,1.268157222476826,1.2431779340738298
TOI-2076_b,NIRISS_SOSS,obs10,SOSS_HDU4_ordem_2,jw05959010001_04102_00001-seg001_nis_x1dints.fits,seg001,4,60,60783.04540141821,TDB-MID,455.0013152648944,4.79492876615318,1778,0.5866384887837632,1.4160575472955537,60,0.7858353528527567,0.7703565087723352
TOI-2076_b,NIRISS_SOSS,obs10,SOSS_HDU4_ordem_2,jw05959010001_04102_00001-seg001_nis_x1dints.fits,seg001,4,61,60783.04547849123,TDB-MID,340.2884918303174,4.794697206899042,1778,0.5866384887837632,1.4160575472955537,61,0.5877141847239007,0.5761377950944844
TOI-2076_b,NIRISS_SOSS,obs10,SOSS_HDU4_ordem_2,jw05959010001_04102_00001-seg001_nis_x1dints.fits,seg001,4,62,60783.04555556425,TDB-MID,472.4105711686499,4.794824014869025,1778,0.5866384887837632,1.4160575472955537,62,0.8159029774882304,0.7998318820260002
TOI-2076_b,NIRISS_SOSS,obs10,SOSS_HDU4_ordem_2,jw05959010001_04102_00001-seg001_nis_x1dints.fits,seg001,4,63,60783.045632637266,TDB-MID,416.0893589317698,4.794843042353072,1778,0.5866384887837632,1.4160575472955537,63,0.718630292319185,0.7044752072801937
TOI-2076_b,NIRISS_SOSS,obs10,SOSS_HDU4_ordem_2,jw05959010001_04102_00001-seg001_nis_x1dints.fits,seg001,4,64,60783.045709710284,TDB-MID,806.9200751816438,4.795402156491149,1778,0.5866384887837632,1.4160575472955537,64,1.3936362395681727,1.3661853518233162
TOI-2076_b,NIRISS_SOSS,obs10,SOSS_HDU4_ordem_2,jw05959010001_04102_00001-seg001_nis_x1dints.fits,seg001,4,65,60783.0457867833,TDB-MID,936.7114498676385,4.7957070474667685,1778,0.5866384887837632,1.4160575472955537,65,1.6177996591051764,1.5859333545596488
TOI-2076_b,NIRISS_SOSS,obs10,SOSS_HDU4_ordem_2,jw05959010001_04102_00001-seg001_nis_x1dints.fits,seg001,4,66,60783.04586385632,TDB-MID,544.7633613547425,4.795073325477533,1778,0.5866384887837632,1.4160575472955537,66,0.9408638918817814,0.9223314023081474
TOI-2076_b,NIRISS_SOSS,obs10,SOSS_HDU4_ordem_2,jw05959010001_04102_00001-seg001_nis_x1dints.fits,seg001,4,67,60783.04594092934,TDB-MID,547.3415549289131,4.795020025719821,1778,0.5866384887837632,1.4160575472955537,67,0.9453167046300291,0.9266965066146723
TOI-2076_b,NIRISS_SOSS,obs10,SOSS_HDU4_ordem_2,jw05959010001_04102_00001-seg001_nis_x1dints.fits,seg001,4,68,60783.04601800236,TDB-MID,307.0030955038694,4.794634100436412,1778,0.5866384887837632,1.4160575472955537,68,0.5302267878977838,0.5197827454564018
TOI-2076_b,NIRISS_SOSS,obs10,SOSS_HDU4_ordem_2,jw05959010001_04102_00001-seg001_nis_x1dints.fits,seg001,4,69,60783.04609507538,TDB-MID,237.76292754408513,4.794661625694466,1778,0.5866384887837632,1.4160575472955537,69,0.4106417010094441,0.40255316332814783
TOI-2076_b,NIRISS_SOSS,obs10,SOSS_HDU4_ordem_2,jw05959010001_04102_00001-seg001_nis_x1dints.fits,seg001,4,70,60783.046172148395,TDB-MID,396.2377753312659,4.7949460718181385,1778,0.5866384887837632,1.4160575472955537,70,0.6843445096631372,0.6708647623803078
TOI-2076_b,NIRISS_SOSS,obs10,SOSS_HDU4_ordem_2,jw05959010001_04102_00001-seg001_nis_x1dints.fits,seg001,4,71,60783.046249221414,TDB-MID,736.7120668664446,4.795274850855397,1778,0.5866384887837632,1.4160575472955537,71,1.2723795901113604,1.2473171324159318
TOI-2076_b,NIRISS_SOSS,obs10,SOSS_HDU4_ordem_2,jw05959010001_04102_00001-seg001_nis_x1dints.fits,seg001,4,72,60783.046326294425,TDB-MID,744.6385344748488,4.795265515721167,1778,0.5866384887837632,1.4160575472955537,72,1.2860694372853185,1.260737326399662
TOI-2076_b,NIRISS_SOSS,obs10,SOSS_HDU4_ordem_2,jw05959010001_04102_00001-seg001_nis_x1dints.fits,seg001,4,73,60783.04640336744,TDB-MID,155.38740231886794,4.79456291838137,1778,0.5866384887837632,1.4160575472955537,73,0.26837046407004567,0.2630842873231604
TOI-2076_b,NIRISS_SOSS,obs10,SOSS_HDU4_ordem_2,jw05959010001_04102_00001-seg001_nis_x1dints.fits,seg001,4,74,60783.04648044046,TDB-MID,655.9131191134682,4.795096589898868,1778,0.5866384887837632,1.4160575472955537,74,1.1328312690683187,1.110517538183498
TOI-2076_b,NIRISS_SOSS,obs10,SOSS_HDU4_ordem_2,jw05959010001_04102_00001-seg001_nis_x1dints.fits,seg001,4,75,60783.04655751348,TDB-MID,764.6285849848866,4.7953369216403665,1778,0.5866384887837632,1.4160575472955537,75,1.3205943669263558,1.2945822077317743
TOI-2076_b,NIRISS_SOSS,obs10,SOSS_HDU4_ordem_2,jw05959010001_04102_00001-seg001_nis_x1dints.fits,seg001,4,76,60783.0466345865,TDB-MID,444.93730654869626,4.794340402649742,1778,0.5866384887837632,1.4160575472955537,76,0.7684537463050867,0.7533172731508928
TOI-2076_b,NIRISS_SOSS,obs10,SOSS_HDU4_ordem_2,jw05959010001_04102_00001-seg001_nis_x1dints.fits,seg001,4,77,60783.04671165952,TDB-MID,521.5901986420606,4.794986479966475,1778,0.5866384887837632,1.4160575472955537,77,0.9008413910975078,0.8830972372065323
TOI-2076_b,NIRISS_SOSS,obs10,SOSS_HDU4_ordem_2,jw05959010001_04102_00001-seg001_nis_x1dints.fits,seg001,4,78,60783.046788732536,TDB-MID,728.8139318743728,4.795202678929277,1778,0.5866384887837632,1.4160575472955537,78,1.2587386763598034,1.233944907997717
TOI-2076_b,NIRISS_SOSS,obs10,SOSS_HDU4_ordem_2,jw05959010001_04102_00001-seg001_nis_x1dints.fits,seg001,4,79,60783.04686580555,TDB-MID,509.50350971663863,4.794833268437978,1778,0.5866384887837632,1.4160575472955537,79,0.8799664020856611,0.8626334293650438
TOI-2076_b,NIRISS_SOSS,obs10,SOSS_HDU4_ordem_2,jw05959010001_04102_00001-seg001_nis_x1dints.fits,seg001,4,80,60783.046942878565,TDB-MID,453.0523190331064,4.794769320397246,1778,0.5866384887837632,1.4160575472955537,80,0.7824692304040246,0.7670566898875117
TOI-2076_b,NIRISS_SOSS,obs10,SOSS_HDU4_ordem_2,jw05959010001_04102_00001-seg001_nis_x1dints.fits,seg001,4,81,60783.047019951584,TDB-MID,517.7295219127402,4.795086683762311,1778,0.5866384887837632,1.4160575472955537,81,0.8941735944163715,0.8765607781965921
TOI-2076_b,NIRISS_SOSS,obs10,SOSS_HDU4_ordem_2,jw05959010001_04102_00001-seg001_nis_x1dints.fits,seg001,4,82,60783.0470970246,TDB-MID,326.981587243601,4.794694797615704,1778,0.5866384887837632,1.4160575472955537,82,0.5647317543210515,0.5536080567924722
TOI-2076_b,NIRISS_SOSS,obs10,SOSS_HDU4_ordem_2,jw05959010001_04102_00001-seg001_nis_x1dints.fits,seg001,4,83,60783.04717409762,TDB-MID,585.1889917934558,4.795070162583871,1778,0.5866384887837632,1.4160575472955537,83,1.0106832275503093,0.9907754847424088
TOI-2076_b,NIRISS_SOSS,obs10,SOSS_HDU4_ordem_2,jw05959010001_04102_00001-seg001_nis_x1dints.fits,seg001,4,84,60783.04725117063,TDB-MID,683.0845097013217,4.795177774510066,1778,0.5866384887837632,1.4160575472955537,84,1.179759131898067,1.1565210482603037
TOI-2076_b,NIRISS_SOSS,obs10,SOSS_HDU4_ordem_2,jw05959010001_04102_00001-seg001_nis_x1dints.fits,seg001,4,85,60783.04732824365,TDB-MID,467.63184663540756,4.794988709995041,1778,0.5866384887837632,1.4160575472955537,85,0.807649615236782,0.7917410888253914
TOI-2076_b,NIRISS_SOSS,obs10,SOSS_HDU4_ordem_2,jw05959010001_04102_00001-seg001_nis_x1dints.fits,seg001,4,86,60783.04740531667,TDB-MID,449.1610367649779,4.794809851933909,1778,0.5866384887837632,1.4160575472955537,86,0.7757485747231851,0.7604684130580744
TOI-2076_b,NIRISS_SOSS,obs10,SOSS_HDU4_ordem_2,jw05959010001_04102_00001-seg001_nis_x1dints.fits,seg001,4,87,60783.04748238969,TDB-MID,658.1472668635415,4.795554229470912,1778,0.5866384887837632,1.4160575472955537,87,1.1366898783219688,1.1143001432070156
TOI-2076_b,NIRISS_SOSS,obs10,SOSS_HDU4_ordem_2,jw05959010001_04102_00001-seg001_nis_x1dints.fits,seg001,4,88,60783.047559462706,TDB-MID,529.8393771588567,4.794990438966446,1778,0.5866384887837632,1.4160575472955537,88,0.9150885941121141,0.8970638086190547
TOI-2076_b,NIRISS_SOSS,obs10,SOSS_HDU4_ordem_2,jw05959010001_04102_00001-seg001_nis_x1dints.fits,seg001,4,89,60783.047636535724,TDB-MID,841.5108910817714,4.795474042478251,1778,0.5866384887837632,1.4160575472955537,89,1.453378233945741,1.424750589501575
TOI-2076_b,NIRISS_SOSS,obs10,SOSS_HDU4_ordem_2,jw05959010001_04102_00001-seg001_nis_x1dints.fits,seg001,4,90,60783.04771360874,TDB-MID,590.1351498181112,4.795076386220355,1778,0.5866384887837632,1.4160575472955537,90,1.0192257651346408,0.999149757299163
TOI-2076_b,NIRISS_SOSS,obs10,SOSS_HDU4_ordem_2,jw05959010001_04102_00001-seg001_nis_x1dints.fits,seg001,4,91,60783.04779068176,TDB-MID,665.4461572072579,4.795130826910775,1778,0.5866384887837632,1.4160575472955537,91,1.1492958332417886,1.126657794700449
TOI-2076_b,NIRISS_SOSS,obs10,SOSS_HDU4_ordem_2,jw05959010001_04102_00001-seg001_nis_x1dints.fits,seg001,4,92,60783.04786775478,TDB-MID,556.7188759285676,4.794909503689893,1778,0.5866384887837632,1.4160575472955537,92,0.9615123289268226,0.9425731206475917
TOI-2076_b,NIRISS_SOSS,obs10,SOSS_HDU4_ordem_2,jw05959010001_04102_00001-seg001_nis_x1dints.fits,seg001,4,93,60783.0479448278,TDB-MID,497.7278726886401,4.794834630682425,1778,0.5866384887837632,1.4160575472955537,93,0.8596286325704766,0.8426962592402103
TOI-2076_b,NIRISS_SOSS,obs10,SOSS_HDU4_ordem_2,jw05959010001_04102_00001-seg001_nis_x1dints.fits,seg001,4,94,60783.04802190082,TDB-MID,657.0235279482531,4.7965850841713795,1778,0.5866384887837632,1.4160575472955537,94,1.1347490624663137,1.112397556206692
TOI-2076_b,NIRISS_SOSS,obs10,SOSS_HDU4_ordem_2,jw05959010001_04102_00001-seg001_nis_x1dints.fits,seg001,4,95,60783.048098973835,TDB-MID,346.31095942463554,4.794804366660845,1778,0.5866384887837632,1.4160575472955537,95,0.5981156226719866,0.5863343526746585
TOI-2076_b,NIRISS_SOSS,obs10,SOSS_HDU4_ordem_2,jw05959010001_04102_00001-seg001_nis_x1dints.fits,seg001,4,96,60783.04817604685,TDB-MID,969.4147953529005,4.795632668142875,1778,0.5866384887837632,1.4160575472955537,96,1.6742817926214602,1.641302941872896
TOI-2076_b,NIRISS_SOSS,obs10,SOSS_HDU4_ordem_2,jw05959010001_04102_00001-seg001_nis_x1dints.fits,seg001,4,97,60783.04825311986,TDB-MID,516.166492838799,4.795213293740663,1778,0.5866384887837632,1.4160575472955537,97,0.8914740780355789,0.8739144350320454
TOI-2076_b,NIRISS_SOSS,obs10,SOSS_HDU4_ordem_2,jw05959010001_04102_00001-seg001_nis_x1dints.fits,seg001,4,98,60783.048330192876,TDB-MID,623.3281945033509,4.795884466314081,1778,0.5866384887837632,1.4160575472955537,98,1.0765536609173085,1.0553484476356043
TOI-2076_b,NIRISS_SOSS,obs10,SOSS_HDU4_ordem_2,jw05959010001_04102_00001-seg001_nis_x1dints.fits,seg001,4,99,60783.048407265895,TDB-MID,365.96212919386903,4.79508447234213,1778,0.5866384887837632,1.4160575472955537,99,0.6320552694630834,0.6196054796556999
TOI-2076_b,NIRISS_SOSS,obs10,SOSS_HDU4_ordem_2,jw05959010001_04102_00001-seg001_nis_x1dints.fits,seg001,4,100,60783.04848433891,TDB-MID,258.31306758573726,4.79465415021463,1778,0.5866384887837632,1.4160575472955537,100,0.44613396445796527,0.43734632459198547
TOI-2076_b,NIRISS_SOSS,obs10,SOSS_HDU4_ordem_2,jw05959010001_04102_00001-seg001_nis_x1dints.fits,seg001,4,101,60783.04856141193,TDB-MID,610.2090531600795,4.795105468808597,1778,0.5866384887837632,1.4160575472955537,101,1.0538955174774092,1.033136608715074
TOI-2076_b,NIRISS_SOSS,obs10,SOSS_HDU4_ordem_2,jw05959010001_04102_00001-seg001_nis_x1dints.fits,seg001,4,102,60783.04863848495,TDB-MID,649.8930117927439,4.795109194438816,1778,0.5866384887837632,1.4160575472955537,102,1.1224339075621468,1.1003249767502898
TOI-2076_b,NIRISS_SOSS,obs10,SOSS_HDU4_ordem_2,jw05959010001_04102_00001-seg001_nis_x1dints.fits,seg001,4,103,60783.04871555797,TDB-MID,664.3110086976385,4.79513411131618,1778,0.5866384887837632,1.4160575472955537,103,1.147335311811037,1.1247358902718885
TOI-2076_b,NIRISS_SOSS,obs10,SOSS_HDU4_ordem_2,jw05959010001_04102_00001-seg001_nis_x1dints.fits,seg001,4,104,60783.04879263099,TDB-MID,777.3793754521522,4.795450155781538,1778,0.5866384887837632,1.4160575472955537,104,1.3426163294786218,1.3161703968180667
TOI-2076_b,NIRISS_SOSS,obs10,SOSS_HDU4_ordem_2,jw05959010001_04102_00001-seg001_nis_x1dints.fits,seg001,4,105,60783.048869704005,TDB-MID,890.7892871250364,4.795395811020253,1778,0.5866384887837632,1.4160575472955537,105,1.538487231312336,1.508183168397944
TOI-2076_b,NIRISS_SOSS,obs10,SOSS_HDU4_ordem_2,jw05959010001_04102_00001-seg001_nis_x1dints.fits,seg001,4,106,60783.048946777024,TDB-MID,397.9490975528293,4.79477810278504,1778,0.5866384887837632,1.4160575472955537,106,0.6873001439804669,0.6737621786465017
TOI-2076_b,NIRISS_SOSS,obs10,SOSS_HDU4_ordem_2,jw05959010001_04102_00001-seg001_nis_x1dints.fits,seg001,4,107,60783.04902385004,TDB-MID,70.4604240138228,4.794378986359093,1778,0.5866384887837632,1.4160575472955537,107,0.12169259804187953,0.11929558097718072
TOI-2076_b,NIRISS_SOSS,obs10,SOSS_HDU4_ordem_2,jw05959010001_04102_00001-seg001_nis_x1dints.fits,seg001,4,108,60783.04910092305,TDB-MID,405.4817409290655,4.794765486887305,1778,0.5866384887837632,1.4160575472955537,108,0.7003098150888512,0.6865155942047976
TOI-2076_b,NIRISS_SOSS,obs10,SOSS_HDU4_ordem_2,jw05959010001_04102_00001-seg001_nis_x1dints.fits,seg001,4,109,60783.04917799607,TDB-MID,782.1549735206152,4.795271977591599,1778,0.5866384887837632,1.4160575472955537,109,1.350864291995013,1.3242558966438842
TOI-2076_b,NIRISS_SOSS,obs10,SOSS_HDU4_ordem_2,jw05959010001_04102_00001-seg001_nis_x1dints.fits,seg001,4,110,60783.04925506909,TDB-MID,493.79984202365154,4.7949244988229305,1778,0.5866384887837632,1.4160575472955537,110,0.8528445085249435,0.8360457642022573
TOI-2076_b,NIRISS_SOSS,obs10,SOSS_HDU4_ordem_2,jw05959010001_04102_00001-seg001_nis_x1dints.fits,seg001,4,111,60783.0493321421,TDB-MID,625.6731590955822,4.795069873188374,1778,0.5866384887837632,1.4160575472955537,111,1.0806036625677224,1.059318675140143
TOI-2076_b,NIRISS_SOSS,obs10,SOSS_HDU4_ordem_2,jw05959010001_04102_00001-seg001_nis_x1dints.fits,seg001,4,112,60783.04940921512,TDB-MID,445.7267910651934,4.794806598836681,1778,0.5866384887837632,1.4160575472955537,112,0.7698172694923375,0.7546539385965838
TOI-2076_b,NIRISS_SOSS,obs10,SOSS_HDU4_ordem_2,jw05959010001_04102_00001-seg001_nis_x1dints.fits,seg001,4,113,60783.04948628814,TDB-MID,1310.1383678513857,4.79588161316769,1778,0.5866384887837632,1.4160575472955537,113,2.262747407635601,2.218177366100791
TOI-2076_b,NIRISS_SOSS,obs10,SOSS_HDU4_ordem_2,jw05959010001_04102_00001-seg001_nis_x1dints.fits,seg001,4,114,60783.04956336116,TDB-MID,634.4331277144424,4.795053939770092,1778,0.5866384887837632,1.4160575472955537,114,1.0957330540653567,1.0741500582939516
TOI-2076_b,NIRISS_SOSS,obs10,SOSS_HDU4_ordem_2,jw05959010001_04102_00001-seg001_nis_x1dints.fits,seg001,4,115,60783.049640434176,TDB-MID,460.60927410639067,4.795051427379756,1778,0.5866384887837632,1.4160575472955537,115,0.7955208903823028,0.779851267247833
TOI-2076_b,NIRISS_SOSS,obs10,SOSS_HDU4_ordem_2,jw05959010001_04102_00001-seg001_nis_x1dints.fits,seg001,4,116,60783.049717507194,TDB-MID,312.0369927743275,4.794679771918153,1778,0.5866384887837632,1.4160575472955537,116,0.5389208604312926,0.5283055681311692
TOI-2076_b,NIRISS_SOSS,obs10,SOSS_HDU4_ordem_2,jw05959010001_04102_00001-seg001_nis_x1dints.fits,seg001,4,117,60783.04979458021,TDB-MID,484.94088605292114,4.794948551898557,1778,0.5866384887837632,1.4160575472955537,117,0.8375441554103311,0.8210467869157707
TOI-2076_b,NIRISS_SOSS,obs10,SOSS_HDU4_ordem_2,jw05959010001_04102_00001-seg001_nis_x1dints.fits,seg001,4,118,60783.04987165323,TDB-MID,546.7636053184093,4.795174616306243,1778,0.5866384887837632,1.4160575472955537,118,0.9443185245789738,0.9257179880274572
TOI-2076_b,NIRISS_SOSS,obs10,SOSS_HDU4_ordem_2,jw05959010001_04102_00001-seg001_nis_x1dints.fits,seg001,4,119,60783.04994872625,TDB-MID,685.3951175889036,4.795185219825875,1778,0.5866384887837632,1.4160575472955537,119,1.1837497958889727,1.1604331068977234
TOI-2076_b,NIRISS_SOSS,obs10,SOSS_HDU4_ordem_2,jw05959010001_04102_00001-seg001_nis_x1dints.fits,seg001,4,120,60783.05002579927,TDB-MID,823.8531770817294,4.795374681256768,1778,0.5866384887837632,1.4160575472955537,120,1.4228814959226486,1.3948545552405456
TOI-2076_b,NIRISS_SOSS,obs10,SOSS_HDU4_ordem_2,jw05959010001_04102_00001-seg001_nis_x1dints.fits,seg001,4,121,60783.05010287228,TDB-MID,1010.5435772283028,4.795520014699069,1778,0.5866384887837632,1.4160575472955537,121,1.745315545125328,1.7109375203952635
TOI-2076_b,NIRISS_SOSS,obs10,SOSS_HDU4_ordem_2,jw05959010001_04102_00001-seg001_nis_x1dints.fits,seg001,4,122,60783.0501799453,TDB-MID,260.60491098210537,4.794598101077971,1778,0.5866384887837632,1.4160575472955537,122,0.450092220189643,0.441226613325769
TOI-2076_b,NIRISS_SOSS,obs10,SOSS_HDU4_ordem_2,jw05959010001_04102_00001-seg001_nis_x1dints.fits,seg001,4,123,60783.05025701831,TDB-MID,714.2995782519106,4.7952575822615415,1778,0.5866384887837632,1.4160575472955537,123,1.2336708538773629,1.2093708542344273
TOI-2076_b,NIRISS_SOSS,obs10,SOSS_HDU4_ordem_2,jw05959010001_04102_00001-seg001_nis_x1dints.fits,seg001,4,124,60783.05033409133,TDB-MID,692.6012131909591,4.795181986514313,1778,0.5866384887837632,1.4160575472955537,124,1.196195484484038,1.1726336488821951
TOI-2076_b,NIRISS_SOSS,obs10,SOSS_HDU4_ordem_2,jw05959010001_04102_00001-seg001_nis_x1dints.fits,seg001,4,125,60783.050411164346,TDB-MID,543.0789331299937,4.794951724959437,1778,0.5866384887837632,1.4160575472955537,125,0.9379547063389221,0.9194795199004238
TOI-2076_b,NIRISS_SOSS,obs10,SOSS_HDU4_ordem_2,jw05959010001_04102_00001-seg001_nis_x1dints.fits,seg001,4,126,60783.050488237364,TDB-MID,83.44232974902738,4.79612490841334,1778,0.5866384887837632,1.4160575472955537,126,0.14411372108453818,0.14127506816517163
TOI-2076_b,NIRISS_SOSS,obs10,SOSS_HDU4_ordem_2,jw05959010001_04102_00001-seg001_nis_x1dints.fits,seg001,4,127,60783.05056531038,TDB-MID,662.8343240766386,4.795559692228537,1778,0.5866384887837632,1.4160575472955537,127,1.1447849214247583,1.122235735720623
TOI-2076_b,NIRISS_SOSS,obs10,SOSS_HDU4_ordem_2,jw05959010001_04102_00001-seg001_nis_x1dints.fits,seg001,4,128,60783.0506423834,TDB-MID,559.4695755762172,4.795014143004946,1778,0.5866384887837632,1.4160575472955537,128,0.9662630778932166,0.9472302926296351
TOI-2076_b,NIRISS_SOSS,obs10,SOSS_HDU4_ordem_2,jw05959010001_04102_00001-seg001_nis_x1dints.fits,seg001,4,129,60783.05071945642,TDB-MID,486.86918667552584,4.7952683111173915,1778,0.5866384887837632,1.4160575472955537,129,0.840874534355035,0.8243115663475147
TOI-2076_b,NIRISS_SOSS,obs10,SOSS_HDU4_ordem_2,jw05959010001_04102_00001-seg001_nis_x1dints.fits,seg001,4,130,60783.05079652944,TDB-MID,527.3845574387783,4.79493956221435,1778,0.5866384887837632,1.4160575472955537,130,0.9108488610471787,0.8929075868988513
TOI-2076_b,NIRISS_SOSS,obs10,SOSS_HDU4_ordem_2,jw05959010001_04102_00001-seg001_nis_x1dints.fits,seg001,4,131,60783.05087360246,TDB-MID,591.2823115600312,4.794943955868709,1778,0.5866384887837632,1.4160575472955537,131,1.0212070346870508,1.0010920011671574
TOI-2076_b,NIRISS_SOSS,obs10,SOSS_HDU4_ordem_2,jw05959010001_04102_00001-seg001_nis_x1dints.fits,seg001,4,132,60783.05095067547,TDB-MID,799.6427323213327,4.795369638457858,1778,0.5866384887837632,1.4160575472955537,132,1.381067499429183,1.3538641820795656
TOI-2076_b,NIRISS_SOSS,obs10,SOSS_HDU4_ordem_2,jw05959010001_04102_00001-seg001_nis_x1dints.fits,seg001,4,133,60783.05102774849,TDB-MID,225.8960939970466,4.794646206948785,1778,0.5866384887837632,1.4160575472955537,133,0.39014642546886047,0.3824615896232303
TOI-2076_b,NIRISS_SOSS,obs10,SOSS_HDU4_ordem_2,jw05959010001_04102_00001-seg001_nis_x1dints.fits,seg001,4,134,60783.0511048215,TDB-MID,433.4690714979108,4.7948247252729645,1778,0.5866384887837632,1.4160575472955537,134,0.7486468924886629,0.7339005611126864
TOI-2076_b,NIRISS_SOSS,obs10,SOSS_HDU4_ordem_2,jw05959010001_04102_00001-seg001_nis_x1dints.fits,seg001,4,135,60783.051181894516,TDB-MID,990.9530543301101,4.797894830174592,1778,0.5866384887837632,1.4160575472955537,135,1.7114806418892603,1.677769073802774
TOI-2076_b,NIRISS_SOSS,obs10,SOSS_HDU4_ordem_2,jw05959010001_04102_00001-seg001_nis_x1dints.fits,seg001,4,136,60783.051258967535,TDB-MID,483.6584152629891,4.794933859240009,1778,0.5866384887837632,1.4160575472955537,136,0.8353291928334804,0.8188754531477367
TOI-2076_b,NIRISS_SOSS,obs10,SOSS_HDU4_ordem_2,jw05959010001_04102_00001-seg001_nis_x1dints.fits,seg001,4,137,60783.05133604055,TDB-MID,697.4324751837491,4.7951064635216945,1778,0.5866384887837632,1.4160575472955537,137,1.20453958447992,1.1808133925375808
TOI-2076_b,NIRISS_SOSS,obs10,SOSS_HDU4_ordem_2,jw05959010001_04102_00001-seg001_nis_x1dints.fits,seg001,4,138,60783.05141311357,TDB-MID,601.1543022489084,4.795110772700315,1778,0.5866384887837632,1.4160575472955537,138,1.0382570058104013,1.017806133690684
TOI-2076_b,NIRISS_SOSS,obs10,SOSS_HDU4_ordem_2,jw05959010001_04102_00001-seg001_nis_x1dints.fits,seg001,4,139,60783.05149018659,TDB-MID,434.11663303515564,4.7948369969587095,1778,0.5866384887837632,1.4160575472955537,139,0.7497652996933066,0.7349969387017419
TOI-2076_b,NIRISS_SOSS,obs10,SOSS_HDU4_ordem_2,jw05959010001_04102_00001-seg001_nis_x1dints.fits,seg001,4,140,60783.05156725961,TDB-MID,481.17824675130447,4.794962630411229,1778,0.5866384887837632,1.4160575472955537,140,0.8310456797267561,0.8146763137348844
TOI-2076_b,NIRISS_SOSS,obs10,SOSS_HDU4_ordem_2,jw05959010001_04102_00001-seg001_nis_x1dints.fits,seg001,4,141,60783.05164433263,TDB-MID,278.69960449371916,4.794643196397517,1778,0.5866384887837632,1.4160575472955537,141,0.48134366800619094,0.47186249162602617
TOI-2076_b,NIRISS_SOSS,obs10,SOSS_HDU4_ordem_2,jw05959010001_04102_00001-seg001_nis_x1dints.fits,seg001,4,142,60783.051721405645,TDB-MID,533.9607335347176,4.794811279535505,1778,0.5866384887837632,1.4160575472955537,142,0.922206612089647,0.9040416207760733
TOI-2076_b,NIRISS_SOSS,obs10,SOSS_HDU4_ordem_2,jw05959010001_04102_00001-seg001_nis_x1dints.fits,seg001,4,143,60783.051798478664,TDB-MID,-14.58348024967475,4.79443089275739,1778,0.5866384887837632,1.4160575472955537,143,-0.025187211472460065,-0.02469109111113055
TOI-2076_b,NIRISS_SOSS,obs10,SOSS_HDU4_ordem_2,jw05959010001_04102_00001-seg001_nis_x1dints.fits,seg001,4,144,60783.051875551675,TDB-MID,346.04911980585604,4.794701547500417,1778,0.5866384887837632,1.4160575472955537,144,0.5976633979809555,0.5858910355944347
TOI-2076_b,NIRISS_SOSS,obs10,SOSS_HDU4_ordem_2,jw05959010001_04102_00001-seg001_nis_x1dints.fits,seg001,4,145,60783.051952624686,TDB-MID,518.9931235737145,4.795095397225644,1778,0.5866384887837632,1.4160575472955537,145,0.8963559680135531,0.8787001649002554
TOI-2076_b,NIRISS_SOSS,obs10,SOSS_HDU4_ordem_2,jw05959010001_04102_00001-seg001_nis_x1dints.fits,seg001,4,146,60783.052029697705,TDB-MID,765.8259325148431,4.795264166547215,1778,0.5866384887837632,1.4160575472955537,146,1.3226623126379917,1.2966094204716483
TOI-2076_b,NIRISS_SOSS,obs10,SOSS_HDU4_ordem_2,jw05959010001_04102_00001-seg001_nis_x1dints.fits,seg001,4,147,60783.05210677072,TDB-MID,899.7739404148708,4.7954731451425925,1778,0.5866384887837632,1.4160575472955537,147,1.5540046769798637,1.5233949620976113
TOI-2076_b,NIRISS_SOSS,obs10,SOSS_HDU4_ordem_2,jw05959010001_04102_00001-seg001_nis_x1dints.fits,seg001,4,148,60783.05218384374,TDB-MID,351.29179360945585,4.794641962969542,1778,0.5866384887837632,1.4160575472955537,148,0.6067180496492595,0.5947673349642992
TOI-2076_b,NIRISS_SOSS,obs10,SOSS_HDU4_ordem_2,jw05959010001_04102_00001-seg001_nis_x1dints.fits,seg001,4,149,60783.05226091676,TDB-MID,615.6321319450317,4.795025113726262,1778,0.5866384887837632,1.4160575472955537,149,1.0632617476124586,1.04231834929343
TOI-2076_b,NIRISS_SOSS,obs10,SOSS_HDU4_ordem_2,jw05959010001_04102_00001-seg001_nis_x1dints.fits,seg001,4,150,60783.05233798978,TDB-MID,813.4789893032262,4.795469743415726,1778,0.5866384887837632,1.4160575472955537,150,1.4049641773568007,1.3772901596876588
TOI-2076_b,NIRISS_SOSS,obs10,SOSS_HDU4_ordem_2,jw05959010001_04102_00001-seg001_nis_x1dints.fits,seg001,4,151,60783.0524150628,TDB-MID,561.9432942984054,4.795259933142287,1778,0.5866384887837632,1.4160575472955537,151,0.9705354515319116,0.9514185119920346
TOI-2076_b,NIRISS_SOSS,obs10,SOSS_HDU4_ordem_2,jw05959010001_04102_00001-seg001_nis_x1dints.fits,seg001,4,152,60783.052492135816,TDB-MID,471.024949488271,4.794915758811665,1778,0.5866384887837632,1.4160575472955537,152,0.8135098624233056,0.797485904895023
TOI-2076_b,NIRISS_SOSS,obs10,SOSS_HDU4_ordem_2,jw05959010001_04102_00001-seg001_nis_x1dints.fits,seg001,4,153,60783.05256920883,TDB-MID,391.7225052606169,4.794761979804952,1778,0.5866384887837632,1.4160575472955537,153,0.6765461611086321,0.6632200203299156
TOI-2076_b,NIRISS_SOSS,obs10,SOSS_HDU4_ordem_2,jw05959010001_04102_00001-seg001_nis_x1dints.fits,seg001,4,154,60783.052646281845,TDB-MID,405.6820750291918,4.794828636537211,1778,0.5866384887837632,1.4160575472955537,154,0.7006558132496907,0.6868547771319315
TOI-2076_b,NIRISS_SOSS,obs10,SOSS_HDU4_ordem_2,jw05959010001_04102_00001-seg001_nis_x1dints.fits,seg001,4,155,60783.052723354864,TDB-MID,319.1462823064819,4.794797030914997,1778,0.5866384887837632,1.4160575472955537,155,0.5511993547138432,0.5403422090816548
TOI-2076_b,NIRISS_SOSS,obs10,SOSS_HDU4_ordem_2,jw05959010001_04102_00001-seg001_nis_x1dints.fits,seg001,4,156,60783.052800427875,TDB-MID,678.0775855440929,4.795235726964969,1778,0.5866384887837632,1.4160575472955537,156,1.171111644781437,1.1480438933949269
TOI-2076_b,NIRISS_SOSS,obs10,SOSS_HDU4_ordem_2,jw05959010001_04102_00001-seg001_nis_x1dints.fits,seg001,4,157,60783.05287750089,TDB-MID,736.5032523393567,4.795262481524775,1778,0.5866384887837632,1.4160575472955537,157,1.2720189453570054,1.2469635913938037
TOI-2076_b,NIRISS_SOSS,obs10,SOSS_HDU4_ordem_2,jw05959010001_04102_00001-seg001_nis_x1dints.fits,seg001,4,158,60783.05295457391,TDB-MID,670.1063806136577,4.795148637704959,1778,0.5866384887837632,1.4160575472955537,158,1.157344531524801,1.1345479552626516
TOI-2076_b,NIRISS_SOSS,obs10,SOSS_HDU4_ordem_2,jw05959010001_04102_00001-seg001_nis_x1dints.fits,seg001,4,159,60783.05303164693,TDB-MID,898.2810478902229,4.795437871382193,1778,0.5866384887837632,1.4160575472955537,159,1.551426293831246,1.5208673661661785
TOI-2076_b,NIRISS_SOSS,obs10,SOSS_HDU4_ordem_2,jw05959010001_04102_00001-seg001_nis_x1dints.fits,seg001,4,160,60783.05310871995,TDB-MID,846.3711098421606,4.794932732897901,1778,0.5866384887837632,1.4160575472955537,160,1.4617723453392182,1.4329793594644562
TOI-2076_b,NIRISS_SOSS,obs10,SOSS_HDU4_ordem_2,jw05959010001_04102_00001-seg001_nis_x1dints.fits,seg001,4,161,60783.05318579297,TDB-MID,635.9282562692188,4.795123350779835,1778,0.5866384887837632,1.4160575472955537,161,1.0983152990742946,1.0766814400174367
TOI-2076_b,NIRISS_SOSS,obs10,SOSS_HDU4_ordem_2,jw05959010001_04102_00001-seg001_nis_x1dints.fits,seg001,4,162,60783.05326286598,TDB-MID,167.75652483715174,4.794562937861568,1778,0.5866384887837632,1.4160575472955537,162,0.2897332457423924,0.28402627962095184
TOI-2076_b,NIRISS_SOSS,obs10,SOSS_HDU4_ordem_2,jw05959010001_04102_00001-seg001_nis_x1dints.fits,seg001,4,163,60783.053339939,TDB-MID,169.23074749436753,4.794506738908501,1778,0.5866384887837632,1.4160575472955537,163,0.2922793840570525,0.28652226585497986
TOI-2076_b,NIRISS_SOSS,obs10,SOSS_HDU4_ordem_2,jw05959010001_04102_00001-seg001_nis_x1dints.fits,seg001,4,164,60783.053417012015,TDB-MID,858.4606222156787,4.795327083535953,1778,0.5866384887837632,1.4160575472955537,164,1.4826522107442892,1.4534479476473305
TOI-2076_b,NIRISS_SOSS,obs10,SOSS_HDU4_ordem_2,jw05959010001_04102_00001-seg001_nis_x1dints.fits,seg001,4,165,60783.053494085034,TDB-MID,471.3081628650218,4.794938820316797,1778,0.5866384887837632,1.4160575472955537,165,0.8139990018529841,0.7979654095927718
TOI-2076_b,NIRISS_SOSS,obs10,SOSS_HDU4_ordem_2,jw05959010001_04102_00001-seg001_nis_x1dints.fits,seg001,4,166,60783.05357115805,TDB-MID,852.2786615045306,4.79541003709559,1778,0.5866384887837632,1.4160575472955537,166,1.4719753113293093,1.442981354450704
TOI-2076_b,NIRISS_SOSS,obs10,SOSS_HDU4_ordem_2,jw05959010001_04102_00001-seg001_nis_x1dints.fits,seg001,4,167,60783.05364823107,TDB-MID,309.0391142465944,4.794736148107597,1778,0.5866384887837632,1.4160575472955537,167,0.5337432074188408,0.5232299009652327
TOI-2076_b,NIRISS_SOSS,obs10,SOSS_HDU4_ordem_2,jw05959010001_04102_00001-seg001_nis_x1dints.fits,seg001,4,168,60783.05372530409,TDB-MID,461.40326044326036,4.795341641523777,1778,0.5866384887837632,1.4160575472955537,168,0.7968921886890583,0.7811955546640744
TOI-2076_b,NIRISS_SOSS,obs10,SOSS_HDU4_ordem_2,jw05959010001_04102_00001-seg001_nis_x1dints.fits,seg001,4,169,60783.0538023771,TDB-MID,771.1899356242056,4.797380933283935,1778,0.5866384887837632,1.4160575472955537,169,1.3319265128385893,1.305691140830999
TOI-2076_b,NIRISS_SOSS,obs10,SOSS_HDU4_ordem_2,jw05959010001_04102_00001-seg001_nis_x1dints.fits,seg001,4,170,60783.05387945011,TDB-MID,556.8549063219543,4.794996527790516,1778,0.5866384887837632,1.4160575472955537,170,0.9617472677909521,0.942803431847627
TOI-2076_b,NIRISS_SOSS,obs10,SOSS_HDU4_ordem_2,jw05959010001_04102_00001-seg001_nis_x1dints.fits,seg001,4,171,60783.05395652313,TDB-MID,879.1587750368941,4.7954257581915245,1778,0.5866384887837632,1.4160575472955537,171,1.5184001079040823,1.4884917073254864
TOI-2076_b,NIRISS_SOSS,obs10,SOSS_HDU4_ordem_2,jw05959010001_04102_00001-seg001_nis_x1dints.fits,seg001,4,172,60783.05403359615,TDB-MID,731.4601766862764,4.795192307651301,1778,0.5866384887837632,1.4160575472955537,172,1.2633090207868,1.2384252289248514
TOI-2076_b,NIRISS_SOSS,obs10,SOSS_HDU4_ordem_2,jw05959010001_04102_00001-seg001_nis_x1dints.fits,seg001,4,173,60783.05411066917,TDB-MID,639.7065630357374,4.795047155309501,1778,0.5866384887837632,1.4160575472955537,173,1.1048408341253846,1.0830784395690352
TOI-2076_b,NIRISS_SOSS,obs10,SOSS_HDU4_ordem_2,jw05959010001_04102_00001-seg001_nis_x1dints.fits,seg001,4,174,60783.054187742186,TDB-MID,318.62502516414264,4.795032411160204,1778,0.5866384887837632,1.4160575472955537,174,0.5502990885461757,0.539459675737523
TOI-2076_b,NIRISS_SOSS,obs10,SOSS_HDU4_ordem_2,jw05959010001_04102_00001-seg001_nis_x1dints.fits,seg001,4,175,60783.054264815204,TDB-MID,588.7673951948375,4.795026597426436,1778,0.5866384887837632,1.4160575472955537,175,1.0168635083654036,0.9968340306383973
TOI-2076_b,NIRISS_SOSS,obs10,SOSS_HDU4_ordem_2,jw05959010001_04102_00001-seg001_nis_x1dints.fits,seg001,4,176,60783.05434188822,TDB-MID,413.39448253156667,4.795006663763154,1778,0.5866384887837632,1.4160575472955537,176,0.7139759560001453,0.6999125488755146
TOI-2076_b,NIRISS_SOSS,obs10,SOSS_HDU4_ordem_2,jw05959010001_04102_00001-seg001_nis_x1dints.fits,seg001,4,177,60783.054418961234,TDB-MID,889.887991884885,4.795428456346771,1778,0.5866384887837632,1.4160575472955537,177,1.5369305991899505,1.5066571977440528
TOI-2076_b,NIRISS_SOSS,obs10,SOSS_HDU4_ordem_2,jw05959010001_04102_00001-seg001_nis_x1dints.fits,seg001,4,178,60783.05449603425,TDB-MID,446.6711534396861,4.794788842470439,1778,0.5866384887837632,1.4160575472955537,178,0.771448283106767,0.7562528256270677
TOI-2076_b,NIRISS_SOSS,obs10,SOSS_HDU4_ordem_2,jw05959010001_04102_00001-seg001_nis_x1dints.fits,seg001,4,179,60783.05457310727,TDB-MID,845.2996090586273,4.795417832235837,1778,0.5866384887837632,1.4160575472955537,179,1.4599217502572683,1.4311652161311146
TOI-2076_b,NIRISS_SOSS,obs10,SOSS_HDU4_ordem_2,jw05959010001_04102_00001-seg001_nis_x1dints.fits,seg001,4,180,60783.05465018029,TDB-MID,581.910384869343,4.7949976122713505,1778,0.5866384887837632,1.4160575472955537,180,1.0050207269318756,0.9852245201650297
TOI-2076_b,NIRISS_SOSS,obs10,SOSS_HDU4_ordem_2,jw05959010001_04102_00001-seg001_nis_x1dints.fits,seg001,4,181,60783.0547272533,TDB-MID,626.0507263996792,4.795061766566478,1778,0.5866384887837632,1.4160575472955537,181,1.0812557612005977,1.0599579291828296
TOI-2076_b,NIRISS_SOSS,obs10,SOSS_HDU4_ordem_2,jw05959010001_04102_00001-seg001_nis_x1dints.fits,seg001,4,182,60783.05480432632,TDB-MID,715.7555985212755,4.795206474562934,1778,0.5866384887837632,1.4160575472955537,182,1.2361855547447023,1.211836022254341
TOI-2076_b,NIRISS_SOSS,obs10,SOSS_HDU4_ordem_2,jw05959010001_04102_00001-seg001_nis_x1dints.fits,seg001,4,183,60783.05488139934,TDB-MID,782.8377494184354,4.795229469393615,1778,0.5866384887837632,1.4160575472955537,183,1.3520435181215802,1.3254118951855862
TOI-2076_b,NIRISS_SOSS,obs10,SOSS_HDU4_ordem_2,jw05959010001_04102_00001-seg001_nis_x1dints.fits,seg001,4,184,60783.054958472356,TDB-MID,670.3305805783132,4.795941898849973,1778,0.5866384887837632,1.4160575472955537,184,1.1577317485556615,1.134927545158866
TOI-2076_b,NIRISS_SOSS,obs10,SOSS_HDU4_ordem_2,jw05959010001_04102_00001-seg001_nis_x1dints.fits,seg001,4,185,60783.05503554537,TDB-MID,677.4199448740462,4.795059892197934,1778,0.5866384887837632,1.4160575472955537,185,1.1699758298493512,1.1469304509638671
TOI-2076_b,NIRISS_SOSS,obs10,SOSS_HDU4_ordem_2,jw05959010001_04102_00001-seg001_nis_x1dints.fits,seg001,4,186,60783.055112618385,TDB-MID,432.0312602274451,4.795025282176229,1778,0.5866384887837632,1.4160575472955537,186,0.7461636404866235,0.7314662224999625
TOI-2076_b,NIRISS_SOSS,obs10,SOSS_HDU4_ordem_2,jw05959010001_04102_00001-seg001_nis_x1dints.fits,seg001,4,187,60783.055189691404,TDB-MID,679.7195509294905,4.795012607814661,1778,0.5866384887837632,1.4160575472955537,187,1.1739474925135578,1.1508238825496473
TOI-2076_b,NIRISS_SOSS,obs10,SOSS_HDU4_ordem_2,jw05959010001_04102_00001-seg001_nis_x1dints.fits,seg001,4,188,60783.05526676442,TDB-MID,408.86622228067336,4.794807278979052,1778,0.5866384887837632,1.4160575472955537,188,0.7061551720316458,0.6922458133284759
TOI-2076_b,NIRISS_SOSS,obs10,SOSS_HDU4_ordem_2,jw05959010001_04102_00001-seg001_nis_x1dints.fits,seg001,4,189,60783.05534383744,TDB-MID,631.7339260344316,4.795072490020726,1778,0.5866384887837632,1.4160575472955537,189,1.0910712475310236,1.0695800768171397
TOI-2076_b,NIRISS_SOSS,obs10,SOSS_HDU4_ordem_2,jw05959010001_04102_00001-seg001_nis_x1dints.fits,seg001,4,190,60783.05542091046,TDB-MID,464.0481792182492,4.7948912008814135,1778,0.5866384887837632,1.4160575472955537,190,0.8014602429101767,0.7856736304962301
TOI-2076_b,NIRISS_SOSS,obs10,SOSS_HDU4_ordem_2,jw05959010001_04102_00001-seg001_nis_x1dints.fits,seg001,4,191,60783.05549798348,TDB-MID,668.5480941584752,4.795003911233104,1778,0.5866384887837632,1.4160575472955537,191,1.154653206147772,1.131909641761112
TOI-2076_b,NIRISS_SOSS,obs10,SOSS_HDU4_ordem_2,jw05959010001_04102_00001-seg001_nis_x1dints.fits,seg001,4,192,60783.05557505649,TDB-MID,628.6264381833744,4.795021336299987,1778,0.5866384887837632,1.4160575472955537,192,1.0857042876344363,1.0643188316038172
TOI-2076_b,NIRISS_SOSS,obs10,SOSS_HDU4_ordem_2,jw05959010001_04102_00001-seg001_nis_x1dints.fits,seg001,4,193,60783.0556521295,TDB-MID,618.5149786676865,4.796302747226649,1778,0.5866384887837632,1.4160575472955537,193,1.0682407285417752,1.0471992576822269
TOI-2076_b,NIRISS_SOSS,obs10,SOSS_HDU4_ordem_2,jw05959010001_04102_00001-seg001_nis_x1dints.fits,seg001,4,194,60783.05572920252,TDB-MID,508.56462030943135,4.7952679823848054,1778,0.5866384887837632,1.4160575472955537,194,0.8783448408640788,0.8610438085406766
TOI-2076_b,NIRISS_SOSS,obs10,SOSS_HDU4_ordem_2,jw05959010001_04102_00001-seg001_nis_x1dints.fits,seg001,4,195,60783.05580627554,TDB-MID,714.8051419944074,4.795125069378001,1778,0.5866384887837632,1.4160575472955537,195,1.2345440158851326,1.210226817297754
TOI-2076_b,NIRISS_SOSS,obs10,SOSS_HDU4_ordem_2,jw05959010001_04102_00001-seg001_nis_x1dints.fits,seg001,4,196,60783.055883348556,TDB-MID,142.08369634337362,4.794567918981135,1778,0.5866384887837632,1.4160575472955537,196,0.24539355800678417,0.2405599645460957
TOI-2076_b,NIRISS_SOSS,obs10,SOSS_HDU4_ordem_2,jw05959010001_04102_00001-seg001_nis_x1dints.fits,seg001,4,197,60783.055960421574,TDB-MID,822.5827636174337,4.795230753869648,1778,0.5866384887837632,1.4160575472955537,197,1.4206873576213064,1.3927036355657696
TOI-2076_b,NIRISS_SOSS,obs10,SOSS_HDU4_ordem_2,jw05959010001_04102_00001-seg001_nis_x1dints.fits,seg001,4,198,60783.056037494585,TDB-MID,578.7584777748586,4.795059703099566,1778,0.5866384887837632,1.4160575472955537,198,0.9995770503079713,0.9798880693376995
TOI-2076_b,NIRISS_SOSS,obs10,SOSS_HDU4_ordem_2,jw05959010001_04102_00001-seg001_nis_x1dints.fits,seg001,4,199,60783.056114567604,TDB-MID,758.7963659463358,4.795166954123724,1778,0.5866384887837632,1.4160575472955537,199,1.310521508338231,1.28470775738141
TOI-2076_b,NIRISS_SOSS,obs10,SOSS_HDU4_ordem_2,jw05959010001_04102_00001-seg001_nis_x1dints.fits,seg001,4,200,60783.05619164062,TDB-MID,405.8297737370357,4.794798209255349,1778,0.5866384887837632,1.4160575472955537,200,0.7009109045259144,0.6871048437957137
TOI-2076_b,NIRISS_SOSS,obs10,SOSS_HDU4_ordem_2,jw05959010001_04102_00001-seg001_nis_x1dints.fits,seg001,4,201,60783.05626871364,TDB-MID,794.5802845813422,4.795416186003907,1778,0.5866384887837632,1.4160575472955537,201,1.3723241172177754,1.345293020995007
TOI-2076_b,NIRISS_SOSS,obs10,SOSS_HDU4_ordem_2,jw05959010001_04102_00001-seg001_nis_x1dints.fits,seg001,4,202,60783.05634578666,TDB-MID,759.3044775756382,4.795183124333765,1778,0.5866384887837632,1.4160575472955537,202,1.3113990708157568,1.2855680342370677
TOI-2076_b,NIRISS_SOSS,obs10,SOSS_HDU4_ordem_2,jw05959010001_04102_00001-seg001_nis_x1dints.fits,seg001,4,203,60783.05642285968,TDB-MID,178.88630906175425,4.794453202233492,1778,0.5866384887837632,1.4160575472955537,203,0.3089555592168571,0.3028699651906575
TOI-2076_b,NIRISS_SOSS,obs10,SOSS_HDU4_ordem_2,jw05959010001_04102_00001-seg001_nis_x1dints.fits,seg001,4,204,60783.056499932696,TDB-MID,732.9569463444204,4.795330168026544,1778,0.5866384887837632,1.4160575472955537,204,1.2658941001546742,1.240959389178021
TOI-2076_b,NIRISS_SOSS,obs10,SOSS_HDU4_ordem_2,jw05959010001_04102_00001-seg001_nis_x1dints.fits,seg001,4,205,60783.0565770057,TDB-MID,737.2509846457327,4.795179614916755,1778,0.5866384887837632,1.4160575472955537,205,1.2733103580652925,1.2482295667431293
TOI-2076_b,NIRISS_SOSS,obs10,SOSS_HDU4_ordem_2,jw05959010001_04102_00001-seg001_nis_x1dints.fits,seg001,4,206,60783.05665407872,TDB-MID,749.526129318793,4.795221305279063,1778,0.5866384887837632,1.4160575472955537,206,1.2945108300680097,1.2690124464354853
TOI-2076_b,NIRISS_SOSS,obs10,SOSS_HDU4_ordem_2,jw05959010001_04102_00001-seg001_nis_x1dints.fits,seg001,4,207,60783.05673115174,TDB-MID,692.1504120995673,4.795194152282862,1778,0.5866384887837632,1.4160575472955537,207,1.1954169033616644,1.1718704037150616
TOI-2076_b,NIRISS_SOSS,obs10,SOSS_HDU4_ordem_2,jw05959010001_04102_00001-seg001_nis_x1dints.fits,seg001,4,208,60783.056808224756,TDB-MID,129.72813928514432,4.794494258345611,1778,0.5866384887837632,1.4160575472955537,208,0.22405420531745554,0.21964093974333537
TOI-2076_b,NIRISS_SOSS,obs10,SOSS_HDU4_ordem_2,jw05959010001_04102_00001-seg001_nis_x1dints.fits,seg001,4,209,60783.056885297774,TDB-MID,145.67599438407177,4.794466632558738,1778,0.5866384887837632,1.4160575472955537,209,0.2515978363322673,0.246642035266025
TOI-2076_b,NIRISS_SOSS,obs10,SOSS_HDU4_ordem_2,jw05959010001_04102_00001-seg001_nis_x1dints.fits,seg001,4,210,60783.05696237079,TDB-MID,637.6127911738472,4.795094447273372,1778,0.5866384887837632,1.4160575472955537,210,1.1012246688645793,1.0795335030434068
TOI-2076_b,NIRISS_SOSS,obs10,SOSS_HDU4_ordem_2,jw05959010001_04102_00001-seg001_nis_x1dints.fits,seg001,4,211,60783.057039443804,TDB-MID,287.11718893881056,4.794604022613268,1778,0.5866384887837632,1.4160575472955537,211,0.49588172585493634,0.48611418881428975
TOI-2076_b,NIRISS_SOSS,obs10,SOSS_HDU4_ordem_2,jw05959010001_04102_00001-seg001_nis_x1dints.fits,seg001,4,212,60783.05711651682,TDB-MID,429.1449131405249,4.794848251640102,1778,0.5866384887837632,1.4160575472955537,212,0.7411786140583264,0.7265793876922642
TOI-2076_b,NIRISS_SOSS,obs10,SOSS_HDU4_ordem_2,jw05959010001_04102_00001-seg001_nis_x1dints.fits,seg001,4,213,60783.05719358984,TDB-MID,606.4583259742135,4.795036945797646,1778,0.5866384887837632,1.4160575472955537,213,1.0474176152765255,1.0267863037745726
TOI-2076_b,NIRISS_SOSS,obs10,SOSS_HDU4_ordem_2,jw05959010001_04102_00001-seg001_nis_x1dints.fits,seg001,4,214,60783.05727066286,TDB-MID,763.0709315766405,4.7952752103447045,1778,0.5866384887837632,1.4160575472955537,214,1.317904134888282,1.2919449660333515
TOI-2076_b,NIRISS_SOSS,obs10,SOSS_HDU4_ordem_2,jw05959010001_04102_00001-seg001_nis_x1dints.fits,seg001,4,215,60783.05734773588,TDB-MID,643.3198503196575,4.795166191805204,1778,0.5866384887837632,1.4160575472955537,215,1.1110813630919099,1.0891960468898219
TOI-2076_b,NIRISS_SOSS,obs10,SOSS_HDU4_ordem_2,jw05959010001_04102_00001-seg001_nis_x1dints.fits,seg001,4,216,60783.057424808896,TDB-MID,563.6816772284363,4.794957008996124,1778,0.5866384887837632,1.4160575472955537,216,0.9735378225523531,0.9543617443739201
TOI-2076_b,NIRISS_SOSS,obs10,SOSS_HDU4_ordem_2,jw05959010001_04102_00001-seg001_nis_x1dints.fits,seg001,4,217,60783.05750188191,TDB-MID,902.8434624718614,4.795507447597112,1778,0.5866384887837632,1.4160575472955537,217,1.5593060659381355,1.5285919279438445
TOI-2076_b,NIRISS_SOSS,obs10,SOSS_HDU4_ordem_2,jw05959010001_04102_00001-seg001_nis_x1dints.fits,seg001,4,218,60783.05757895492,TDB-MID,527.7870774277185,4.794878628204769,1778,0.5866384887837632,1.4160575472955537,218,0.9115440556036052,0.8935890879912394
TOI-2076_b,NIRISS_SOSS,obs10,SOSS_HDU4_ordem_2,jw05959010001_04102_00001-seg001_nis_x1dints.fits,seg001,4,219,60783.05765602794,TDB-MID,275.6104629674657,4.794674323387493,1778,0.5866384887837632,1.4160575472955537,219,0.4760083941512523,0.4666323083245058
TOI-2076_b,NIRISS_SOSS,obs10,SOSS_HDU4_ordem_2,jw05959010001_04102_00001-seg001_nis_x1dints.fits,seg001,4,220,60783.057733100955,TDB-MID,113.91422167508071,4.794539577488177,1778,0.5866384887837632,1.4160575472955537,220,0.19674189849949858,0.19286661195263527
TOI-2076_b,NIRISS_SOSS,obs10,SOSS_HDU4_ordem_2,jw05959010001_04102_00001-seg001_nis_x1dints.fits,seg001,4,221,60783.057810173974,TDB-MID,677.1483673311229,4.795179197096866,1778,0.5866384887837632,1.4160575472955537,221,1.1695067867342874,1.146470646737355
TOI-2076_b,NIRISS_SOSS,obs10,SOSS_HDU4_ordem_2,jw05959010001_04102_00001-seg001_nis_x1dints.fits,seg001,4,222,60783.05788724699,TDB-MID,597.0317334161999,4.795528495999635,1778,0.5866384887837632,1.4160575472955537,222,1.0311368937917686,1.0108262687395466
TOI-2076_b,NIRISS_SOSS,obs10,SOSS_HDU4_ordem_2,jw05959010001_04102_00001-seg001_nis_x1dints.fits,seg001,4,223,60783.05796432,TDB-MID,656.2384817273452,4.79487205132722,1778,0.5866384887837632,1.4160575472955537,223,1.1333932046845538,1.1110684051786086
TOI-2076_b,NIRISS_SOSS,obs10,SOSS_HDU4_ordem_2,jw05959010001_04102_00001-seg001_nis_x1dints.fits,seg001,4,224,60783.05804139302,TDB-MID,467.8476089800214,4.7949084236032204,1778,0.5866384887837632,1.4160575472955537,224,0.8080222596062016,0.7921063931024229
TOI-2076_b,NIRISS_SOSS,obs10,SOSS_HDU4_ordem_2,jw05959010001_04102_00001-seg001_nis_x1dints.fits,seg001,4,225,60783.05811846604,TDB-MID,539.0514107741328,4.7955835051170785,1778,0.5866384887837632,1.4160575472955537,225,0.930998749629659,0.9126605768403202
TOI-2076_b,NIRISS_SOSS,obs10,SOSS_HDU4_ordem_2,jw05959010001_04102_00001-seg001_nis_x1dints.fits,seg001,4,226,60783.05819553906,TDB-MID,531.9338463120089,4.794913737945768,1778,0.5866384887837632,1.4160575472955537,226,0.9187059636686138,0.9006099257189896
TOI-2076_b,NIRISS_SOSS,obs10,SOSS_HDU4_ordem_2,jw05959010001_04102_00001-seg001_nis_x1dints.fits,seg001,4,227,60783.05827261208,TDB-MID,524.2396101434601,4.794828909440256,1778,0.5866384887837632,1.4160575472955537,227,0.9054172047318978,0.8875829196123758
TOI-2076_b,NIRISS_SOSS,obs10,SOSS_HDU4_ordem_2,jw05959010001_04102_00001-seg001_nis_x1dints.fits,seg001,4,228,60783.058349685096,TDB-MID,729.9403016569066,4.795179334976822,1778,0.5866384887837632,1.4160575472955537,228,1.2606840360012033,1.2358519492834203
TOI-2076_b,NIRISS_SOSS,obs10,SOSS_HDU4_ordem_2,jw05959010001_04102_00001-seg001_nis_x1dints.fits,seg001,4,229,60783.0584267581,TDB-MID,619.5909205394587,4.794985106633277,1778,0.5866384887837632,1.4160575472955537,229,1.070098993852417,1.0490209201613736
TOI-2076_b,NIRISS_SOSS,obs10,SOSS_HDU4_ordem_2,jw05959010001_04102_00001-seg001_nis_x1dints.fits,seg001,4,230,60783.05850383112,TDB-MID,644.2196139773323,4.795141656335682,1778,0.5866384887837632,1.4160575472955537,230,1.1126353500095112,1.090719424442353
TOI-2076_b,NIRISS_SOSS,obs10,SOSS_HDU4_ordem_2,jw05959010001_04102_00001-seg001_nis_x1dints.fits,seg001,4,231,60783.05858090414,TDB-MID,262.55106258131207,4.79467437915259,1778,0.5866384887837632,1.4160575472955537,231,0.4534534296573062,0.44452161600204426
TOI-2076_b,NIRISS_SOSS,obs10,SOSS_HDU4_ordem_2,jw05959010001_04102_00001-seg001_nis_x1dints.fits,seg001,4,232,60783.058657977155,TDB-MID,643.891222524659,4.795089336804587,1778,0.5866384887837632,1.4160575472955537,232,1.1120681832686081,1.0901634293616689
TOI-2076_b,NIRISS_SOSS,obs10,SOSS_HDU4_ordem_2,jw05959010001_04102_00001-seg001_nis_x1dints.fits,seg001,4,233,60783.058735050174,TDB-MID,600.0708591887736,4.795201467752781,1778,0.5866384887837632,1.4160575472955537,233,1.0363857851547837,1.015971771052033
TOI-2076_b,NIRISS_SOSS,obs10,SOSS_HDU4_ordem_2,jw05959010001_04102_00001-seg001_nis_x1dints.fits,seg001,4,234,60783.058812123185,TDB-MID,499.8075723895987,4.7957684822546245,1778,0.5866384887837632,1.4160575472955537,234,0.8632204937223045,0.8462173703824772
TOI-2076_b,NIRISS_SOSS,obs10,SOSS_HDU4_ordem_2,jw05959010001_04102_00001-seg001_nis_x1dints.fits,seg001,4,235,60783.0588891962,TDB-MID,903.6502003782912,4.796916648711744,1778,0.5866384887837632,1.4160575472955537,235,1.560699387553019,1.5299578048682436
TOI-2076_b,NIRISS_SOSS,obs10,SOSS_HDU4_ordem_2,jw05959010001_04102_00001-seg001_nis_x1dints.fits,seg001,4,236,60783.05896626922,TDB-MID,743.240577020874,4.795194033452051,1778,0.5866384887837632,1.4160575472955537,236,1.2836550170358343,1.2583704637389919
TOI-2076_b,NIRISS_SOSS,obs10,SOSS_HDU4_ordem_2,jw05959010001_04102_00001-seg001_nis_x1dints.fits,seg001,4,237,60783.05904334224,TDB-MID,543.8458528288072,4.79497366082835,1778,0.5866384887837632,1.4160575472955537,237,0.9392792577015394,0.9207779811616681
TOI-2076_b,NIRISS_SOSS,obs10,SOSS_HDU4_ordem_2,jw05959010001_04102_00001-seg001_nis_x1dints.fits,seg001,4,238,60783.05912041526,TDB-MID,699.5659395419634,4.79518657674562,1778,0.5866384887837632,1.4160575472955537,238,1.2082243028763056,1.184425531886293
TOI-2076_b,NIRISS_SOSS,obs10,SOSS_HDU4_ordem_2,jw05959010001_04102_00001-seg001_nis_x1dints.fits,seg001,4,239,60783.05919748827,TDB-MID,377.06992207151086,4.794825383778445,1778,0.5866384887837632,1.4160575472955537,239,0.6512396015574538,0.6384119319764029
TOI-2076_b,NIRISS_SOSS,obs10,SOSS_HDU4_ordem_2,jw05959010001_04102_00001-seg001_nis_x1dints.fits,seg001,4,240,60783.05927456129,TDB-MID,784.4053073466158,4.795299148403798,1778,0.5866384887837632,1.4160575472955537,240,1.354750856312222,1.3280659060913533
TOI-2076_b,NIRISS_SOSS,obs10,SOSS_HDU4_ordem_2,jw05959010001_04102_00001-seg001_nis_x1dints.fits,seg001,4,241,60783.05935163431,TDB-MID,713.2599680190958,4.795180543144154,1778,0.5866384887837632,1.4160575472955537,241,1.2318753371464768,1.207610704356687
TOI-2076_b,NIRISS_SOSS,obs10,SOSS_HDU4_ordem_2,jw05959010001_04102_00001-seg001_nis_x1dints.fits,seg001,4,242,60783.05942870732,TDB-MID,878.8333855731462,4.796407532328431,1778,0.5866384887837632,1.4160575472955537,242,1.517838125915283,1.4879407948712264
TOI-2076_b,NIRISS_SOSS,obs10,SOSS_HDU4_ordem_2,jw05959010001_04102_00001-seg001_nis_x1dints.fits,seg001,4,243,60783.05950578034,TDB-MID,689.908957629201,4.795142022796984,1778,0.5866384887837632,1.4160575472955537,243,1.1915456746299449,1.1680754277832706
TOI-2076_b,NIRISS_SOSS,obs10,SOSS_HDU4_ordem_2,jw05959010001_04102_00001-seg001_nis_x1dints.fits,seg001,4,244,60783.059582853355,TDB-MID,952.4525888335381,4.795465720651137,1778,0.5866384887837632,1.4160575472955537,244,1.6449862695139188,1.6125844618225165
TOI-2076_b,NIRISS_SOSS,obs10,SOSS_HDU4_ordem_2,jw05959010001_04102_00001-seg001_nis_x1dints.fits,seg001,4,245,60783.059659926366,TDB-MID,423.9171388745677,4.794804169957207,1778,0.5866384887837632,1.4160575472955537,245,0.7321496954660112,0.7177283145259634
TOI-2076_b,NIRISS_SOSS,obs10,SOSS_HDU4_ordem_2,jw05959010001_04102_00001-seg001_nis_x1dints.fits,seg001,4,246,60783.059736999385,TDB-MID,775.3560900477415,4.795538775689352,1778,0.5866384887837632,1.4160575472955537,246,1.3391219017784046,1.3127447999503206
TOI-2076_b,NIRISS_SOSS,obs10,SOSS_HDU4_ordem_2,jw05959010001_04102_00001-seg001_nis_x1dints.fits,seg001,4,247,60783.0598140724,TDB-MID,420.5968616661089,4.797047113947581,1778,0.5866384887837632,1.4160575472955537,247,0.7264152258630846,0.7121067985596292
TOI-2076_b,NIRISS_SOSS,obs10,SOSS_HDU4_ordem_2,jw05959010001_04102_00001-seg001_nis_x1dints.fits,seg001,4,248,60783.05989114542,TDB-MID,777.7346443053984,4.8044856228400175,1778,0.5866384887837632,1.4160575472955537,248,1.343229916330532,1.3167718976583511
TOI-2076_b,NIRISS_SOSS,obs10,SOSS_HDU4_ordem_2,jw05959010001_04102_00001-seg001_nis_x1dints.fits,seg001,4,249,60783.05996821844,TDB-MID,670.8953012307882,4.7950846590142815,1778,0.5866384887837632,1.4160575472955537,249,1.1587070807982565,1.1358836659780311
TOI-2076_b,NIRISS_SOSS,obs10,SOSS_HDU4_ordem_2,jw05959010001_04102_00001-seg001_nis_x1dints.fits,seg001,4,250,60783.06004529145,TDB-MID,424.2176946442631,4.795494046405435,1778,0.5866384887837632,1.4160575472955537,250,0.732668787040929,0.7182371813922034
TOI-2076_b,NIRISS_SOSS,obs10,SOSS_HDU4_ordem_2,jw05959010001_04102_00001-seg001_nis_x1dints.fits,seg001,4,251,60783.06012236447,TDB-MID,523.6468378356262,4.794967468932769,1778,0.5866384887837632,1.4160575472955537,251,0.9043934243161932,0.8865793049188798
TOI-2076_b,NIRISS_SOSS,obs10,SOSS_HDU4_ordem_2,jw05959010001_04102_00001-seg001_nis_x1dints.fits,seg001,4,252,60783.06019943749,TDB-MID,560.3665359731092,4.795029463272431,1778,0.5866384887837632,1.4160575472955537,252,0.9678122232832167,0.9487489240196445
TOI-2076_b,NIRISS_SOSS,obs10,SOSS_HDU4_ordem_2,jw05959010001_04102_00001-seg001_nis_x1dints.fits,seg001,4,253,60783.0602765105,TDB-MID,434.95797307113526,4.794859279563522,1778,0.5866384887837632,1.4160575472955537,253,0.7512183828424361,0.7364214000188049
TOI-2076_b,NIRISS_SOSS,obs10,SOSS_HDU4_ordem_2,jw05959010001_04102_00001-seg001_nis_x1dints.fits,seg001,4,254,60783.06035358352,TDB-MID,608.1438326353543,4.7950781444147115,1778,0.5866384887837632,1.4160575472955537,254,1.0503286633929956,1.0296400120682134
TOI-2076_b,NIRISS_SOSS,obs10,SOSS_HDU4_ordem_2,jw05959010001_04102_00001-seg001_nis_x1dints.fits,seg001,4,255,60783.06043065653,TDB-MID,442.628188422574,4.79494482906339,1778,0.5866384887837632,1.4160575472955537,255,0.7644656552896496,0.749407736808241
TOI-2076_b,NIRISS_SOSS,obs10,SOSS_HDU4_ordem_2,jw05959010001_04102_00001-seg001_nis_x1dints.fits,seg001,4,256,60783.06050772955,TDB-MID,672.9217152322196,4.795084752907559,1778,0.5866384887837632,1.4160575472955537,256,1.1622069119161371,1.1393145598306376
TOI-2076_b,NIRISS_SOSS,obs10,SOSS_HDU4_ordem_2,jw05959010001_04102_00001-seg001_nis_x1dints.fits,seg001,4,257,60783.060584802566,TDB-MID,579.0167959672405,4.794967039424009,1778,0.5866384887837632,1.4160575472955537,257,1.0000231931234935,0.9803254243390136
TOI-2076_b,NIRISS_SOSS,obs10,SOSS_HDU4_ordem_2,jw05959010001_04102_00001-seg001_nis_x1dints.fits,seg001,4,258,60783.060661875585,TDB-MID,306.6939203867076,4.794723683437754,1778,0.5866384887837632,1.4160575472955537,258,0.5296928097989585,0.5192592852907595
TOI-2076_b,NIRISS_SOSS,obs10,SOSS_HDU4_ordem_2,jw05959010001_04102_00001-seg001_nis_x1dints.fits,seg001,4,259,60783.0607389486,TDB-MID,361.5131316760675,4.794707887773423,1778,0.5866384887837632,1.4160575472955537,259,0.6243713806105706,0.6120729427588449
TOI-2076_b,NIRISS_SOSS,obs10,SOSS_HDU4_ordem_2,jw05959010001_04102_00001-seg001_nis_x1dints.fits,seg001,4,260,60783.060816021614,TDB-MID,642.3680277128734,4.795252832635568,1778,0.5866384887837632,1.4160575472955537,260,1.1094374648679675,1.087584529041998
TOI-2076_b,NIRISS_SOSS,obs10,SOSS_HDU4_ordem_2,jw05959010001_04102_00001-seg001_nis_x1dints.fits,seg001,4,261,60783.06089309463,TDB-MID,606.5584258317843,4.794973450091575,1778,0.5866384887837632,1.4160575472955537,261,1.0475904983084106,1.026955781475449
TOI-2076_b,NIRISS_SOSS,obs10,SOSS_HDU4_ordem_2,jw05959010001_04102_00001-seg001_nis_x1dints.fits,seg001,4,262,60783.06097016765,TDB-MID,682.3649023087964,4.795258592144338,1778,0.5866384887837632,1.4160575472955537,262,1.1785162938880465,1.1553026908182602
TOI-2076_b,NIRISS_SOSS,obs10,SOSS_HDU4_ordem_2,jw05959010001_04102_00001-seg001_nis_x1dints.fits,seg001,4,263,60783.06104724067,TDB-MID,272.85081214554054,4.794543973650298,1778,0.5866384887837632,1.4160575472955537,263,0.47124218556098607,0.4619599812316241
TOI-2076_b,NIRISS_SOSS,obs10,SOSS_HDU4_ordem_2,jw05959010001_04102_00001-seg001_nis_x1dints.fits,seg001,4,264,60783.06112431369,TDB-MID,274.387369694872,4.794726986947386,1778,0.5866384887837632,1.4160575472955537,264,0.47389598282145,0.464561505819617
TOI-2076_b,NIRISS_SOSS,obs10,SOSS_HDU4_ordem_2,jw05959010001_04102_00001-seg001_nis_x1dints.fits,seg001,4,265,60783.0612013867,TDB-MID,347.7838325893959,4.794693252362543,1778,0.5866384887837632,1.4160575472955537,265,0.6006594302705712,0.5888280541014526
TOI-2076_b,NIRISS_SOSS,obs10,SOSS_HDU4_ordem_2,jw05959010001_04102_00001-seg001_nis_x1dints.fits,seg001,4,266,60783.06127845971,TDB-MID,447.8484560209834,4.794872980311835,1778,0.5866384887837632,1.4160575472955537,266,0.773481609073857,0.7582461005383035
TOI-2076_b,NIRISS_SOSS,obs10,SOSS_HDU4_ordem_2,jw05959010001_04102_00001-seg001_nis_x1dints.fits,seg001,4,267,60783.06135553273,TDB-MID,367.5786863093268,4.794763768496939,1778,0.5866384887837632,1.4160575472955537,267,0.6348472344280481,0.6223424504158177
TOI-2076_b,NIRISS_SOSS,obs10,SOSS_HDU4_ordem_2,jw05959010001_04102_00001-seg001_nis_x1dints.fits,seg001,4,268,60783.06143260575,TDB-MID,773.4678680651666,4.7951830663446655,1778,0.5866384887837632,1.4160575472955537,268,1.3358607428802656,1.3095478771162914
TOI-2076_b,NIRISS_SOSS,obs10,SOSS_HDU4_ordem_2,jw05959010001_04102_00001-seg001_nis_x1dints.fits,seg001,4,269,60783.06150967876,TDB-MID,759.6960869980429,4.7951584634793125,1778,0.5866384887837632,1.4160575472955537,269,1.3120754216708235,1.2862310627983595
TOI-2076_b,NIRISS_SOSS,obs10,SOSS_HDU4_ordem_2,jw05959010001_04102_00001-seg001_nis_x1dints.fits,seg001,4,270,60783.06158675178,TDB-MID,607.2071325544982,4.795405229077175,1778,0.5866384887837632,1.4160575472955537,270,1.0487108833693748,1.028054097962372
TOI-2076_b,NIRISS_SOSS,obs10,SOSS_HDU4_ordem_2,jw05959010001_04102_00001-seg001_nis_x1dints.fits,seg001,4,271,60783.061663824796,TDB-MID,713.2082937357471,4.795210031613991,1778,0.5866384887837632,1.4160575472955537,271,1.231786090198553,1.2075232153337363
TOI-2076_b,NIRISS_SOSS,obs10,SOSS_HDU4_ordem_2,jw05959010001_04102_00001-seg001_nis_x1dints.fits,seg001,4,272,60783.061740897814,TDB-MID,399.57047409589757,4.794703003797065,1778,0.5866384887837632,1.4160575472955537,272,0.6901004326061986,0.6765073091136439
TOI-2076_b,NIRISS_SOSS,obs10,SOSS_HDU4_ordem_2,jw05959010001_04102_00001-seg001_nis_x1dints.fits,seg001,4,273,60783.06181797083,TDB-MID,766.250339115499,4.795220376536907,1778,0.5866384887837632,1.4160575472955537,273,1.323395307685677,1.2973279774872273
TOI-2076_b,NIRISS_SOSS,obs10,SOSS_HDU4_ordem_2,jw05959010001_04102_00001-seg001_nis_x1dints.fits,seg001,4,274,60783.061895043844,TDB-MID,457.56660527729787,4.794896339961027,1778,0.5866384887837632,1.4160575472955537,274,0.7902658797862737,0.7746997662347739
TOI-2076_b,NIRISS_SOSS,obs10,SOSS_HDU4_ordem_2,jw05959010001_04102_00001-seg001_nis_x1dints.fits,seg001,4,275,60783.06197211686,TDB-MID,545.2492698331284,4.7950924640907635,1778,0.5866384887837632,1.4160575472955537,275,0.9417031071713993,0.9231540873124189
TOI-2076_b,NIRISS_SOSS,obs10,SOSS_HDU4_ordem_2,jw05959010001_04102_00001-seg001_nis_x1dints.fits,seg001,4,276,60783.06204918988,TDB-MID,576.5389709263166,4.795024417166258,1778,0.5866384887837632,1.4160575472955537,276,0.9957437274384148,0.9761302526244802
TOI-2076_b,NIRISS_SOSS,obs10,SOSS_HDU4_ordem_2,jw05959010001_04102_00001-seg001_nis_x1dints.fits,seg001,4,277,60783.0621262629,TDB-MID,980.5972697892032,4.795505880009974,1778,0.5866384887837632,1.4160575472955537,277,1.6935951076594682,1.6602358365199605
TOI-2076_b,NIRISS_SOSS,obs10,SOSS_HDU4_ordem_2,jw05959010001_04102_00001-seg001_nis_x1dints.fits,seg001,4,278,60783.0622033359,TDB-MID,279.03068029738006,4.794710872609866,1778,0.5866384887837632,1.4160575472955537,278,0.4819154709049131,0.4724230315446827
TOI-2076_b,NIRISS_SOSS,obs10,SOSS_HDU4_ordem_2,jw05959010001_04102_00001-seg001_nis_x1dints.fits,seg001,4,279,60783.06228040892,TDB-MID,848.639136196583,4.795372390338077,1778,0.5866384887837632,1.4160575472955537,279,1.4656894665226352,1.436819323890008
TOI-2076_b,NIRISS_SOSS,obs10,SOSS_HDU4_ordem_2,jw05959010001_04102_00001-seg001_nis_x1dints.fits,seg001,4,280,60783.06235748194,TDB-MID,289.60998939532226,4.797572663606012,1778,0.5866384887837632,1.4160575472955537,280,0.5001870556652336,0.49033471520029903
TOI-2076_b,NIRISS_SOSS,obs10,SOSS_HDU4_ordem_2,jw05959010001_04102_00001-seg001_nis_x1dints.fits,seg001,4,281,60783.06243455496,TDB-MID,230.6766328148721,4.794534583627662,1778,0.5866384887837632,1.4160575472955537,281,0.398402921181505,0.39055545456427265
TOI-2076_b,NIRISS_SOSS,obs10,SOSS_HDU4_ordem_2,jw05959010001_04102_00001-seg001_nis_x1dints.fits,seg001,4,282,60783.06251162798,TDB-MID,678.3579491502168,4.795166273618073,1778,0.5866384887837632,1.4160575472955537,282,1.1715958623560985,1.1485185731849723
TOI-2076_b,NIRISS_SOSS,obs10,SOSS_HDU4_ordem_2,jw05959010001_04102_00001-seg001_nis_x1dints.fits,seg001,4,283,60783.06258870099,TDB-MID,432.32156673670573,4.7948066023188405,1778,0.5866384887837632,1.4160575472955537,283,0.7466650305056995,0.7319577364834281
TOI-2076_b,NIRISS_SOSS,obs10,SOSS_HDU4_ordem_2,jw05959010001_04102_00001-seg001_nis_x1dints.fits,seg001,4,284,60783.06266577401,TDB-MID,697.9888172933815,4.797457868739059,1778,0.5866384887837632,1.4160575472955537,284,1.2055004460936394,1.1817553277603612
TOI-2076_b,NIRISS_SOSS,obs10,SOSS_HDU4_ordem_2,jw05959010001_04102_00001-seg001_nis_x1dints.fits,seg001,4,285,60783.062742847025,TDB-MID,500.12002324009694,4.794956152894353,1778,0.5866384887837632,1.4160575472955537,285,0.8637601293587586,0.846746376647465
TOI-2076_b,NIRISS_SOSS,obs10,SOSS_HDU4_ordem_2,jw05959010001_04102_00001-seg001_nis_x1dints.fits,seg001,4,286,60783.062819920044,TDB-MID,636.6907989298466,4.7951900458907435,1778,0.5866384887837632,1.4160575472955537,286,1.09963229082943,1.077972490575146
TOI-2076_b,NIRISS_SOSS,obs10,SOSS_HDU4_ordem_2,jw05959010001_04102_00001-seg001_nis_x1dints.fits,seg001,4,287,60783.062896993055,TDB-MID,747.2704030135403,4.795079658033596,1778,0.5866384887837632,1.4160575472955537,287,1.2906149523692927,1.265193307055089
TOI-2076_b,NIRISS_SOSS,obs10,SOSS_HDU4_ordem_2,jw05959010001_04102_00001-seg001_nis_x1dints.fits,seg001,4,288,60783.06297406607,TDB-MID,608.8588832926923,4.795083356245481,1778,0.5866384887837632,1.4160575472955537,288,1.0515636314398233,1.0308506545641842
TOI-2076_b,NIRISS_SOSS,obs10,SOSS_HDU4_ordem_2,jw05959010001_04102_00001-seg001_nis_x1dints.fits,seg001,4,289,60783.06305113909,TDB-MID,531.2449200636373,4.795004988718625,1778,0.5866384887837632,1.4160575472955537,289,0.9175161152367177,0.8994435141028205
TOI-2076_b,NIRISS_SOSS,obs10,SOSS_HDU4_ordem_2,jw05959010001_04102_00001-seg001_nis_x1dints.fits,seg001,4,290,60783.0631282121,TDB-MID,1278.2215100923645,4.795779757198767,1778,0.5866384887837632,1.4160575472955537,290,2.207623621533115,2.164139370408606
TOI-2076_b,NIRISS_SOSS,obs10,SOSS_HDU4_ordem_2,jw05959010001_04102_00001-seg001_nis_x1dints.fits,seg001,4,291,60783.06320528512,TDB-MID,456.7022737733955,4.794828591370254,1778,0.5866384887837632,1.4160575472955537,291,0.7887730879424624,0.7732363783775751
TOI-2076_b,NIRISS_SOSS,obs10,SOSS_HDU4_ordem_2,jw05959010001_04102_00001-seg001_nis_x1dints.fits,seg001,4,292,60783.06328235813,TDB-MID,416.8952862212807,4.794807208012822,1778,0.5866384887837632,1.4160575472955537,292,0.7200222139129889,0.7058397117601654
TOI-2076_b,NIRISS_SOSS,obs10,SOSS_HDU4_ordem_2,jw05959010001_04102_00001-seg001_nis_x1dints.fits,seg001,4,293,60783.06335943115,TDB-MID,368.4692215650685,4.79479928188583,1778,0.5866384887837632,1.4160575472955537,293,0.636385282920317,0.6238502034871521
TOI-2076_b,NIRISS_SOSS,obs10,SOSS_HDU4_ordem_2,jw05959010001_04102_00001-seg001_nis_x1dints.fits,seg001,4,294,60783.06343650417,TDB-MID,461.2539122042143,4.794872230541947,1778,0.5866384887837632,1.4160575472955537,294,0.7966342484981374,0.7809426952015566
TOI-2076_b,NIRISS_SOSS,obs10,SOSS_HDU4_ordem_2,jw05959010001_04102_00001-seg001_nis_x1dints.fits,seg001,4,295,60783.06351357719,TDB-MID,765.0639443849278,4.795283578393158,1778,0.5866384887837632,1.4160575472955537,295,1.3213462786159957,1.2953193087823103
TOI-2076_b,NIRISS_SOSS,obs10,SOSS_HDU4_ordem_2,jw05959010001_04102_00001-seg001_nis_x1dints.fits,seg001,4,296,60783.0635906502,TDB-MID,928.7896746234145,4.795426819311499,1778,0.5866384887837632,1.4160575472955537,296,1.6041179161400143,1.5725211051535857
TOI-2076_b,NIRISS_SOSS,obs10,SOSS_HDU4_ordem_2,jw05959010001_04102_00001-seg001_nis_x1dints.fits,seg001,4,297,60783.06366772322,TDB-MID,620.2179192214476,4.795026249414211,1778,0.5866384887837632,1.4160575472955537,297,1.0711818868330936,1.0500824830612097
TOI-2076_b,NIRISS_SOSS,obs10,SOSS_HDU4_ordem_2,jw05959010001_04102_00001-seg001_nis_x1dints.fits,seg001,4,298,60783.063744796236,TDB-MID,652.7073621042877,4.795237916045496,1778,0.5866384887837632,1.4160575472955537,298,1.127294587951248,1.105089914801515
TOI-2076_b,NIRISS_SOSS,obs10,SOSS_HDU4_ordem_2,jw05959010001_04102_00001-seg001_nis_x1dints.fits,seg001,4,299,60783.063821869255,TDB-MID,1009.7186188394844,4.7955118879240555,1778,0.5866384887837632,1.4160575472955537,299,1.7438907548119449,1.7095407946211356
TOI-2076_b,NIRISS_SOSS,obs10,SOSS_HDU4_ordem_2,jw05959010001_04102_00001-seg001_nis_x1dints.fits,seg001,4,300,60783.063898942266,TDB-MID,278.89666778288847,4.794640482549693,1778,0.5866384887837632,1.4160575472955537,300,0.481684017130871,0.4721961367878281
TOI-2076_b,NIRISS_SOSS,obs10,SOSS_HDU4_ordem_2,jw05959010001_04102_00001-seg001_nis_x1dints.fits,seg001,4,301,60783.063976015284,TDB-MID,637.0362189807848,4.7951569325905865,1778,0.5866384887837632,1.4160575472955537,301,1.100228867759001,1.0785573165428377
TOI-2076_b,NIRISS_SOSS,obs10,SOSS_HDU4_ordem_2,jw05959010001_04102_00001-seg001_nis_x1dints.fits,seg001,4,302,60783.064053088296,TDB-MID,530.3480492002096,4.794886877389014,1778,0.5866384887837632,1.4160575472955537,302,0.9159671244804718,0.8979250343006961
TOI-2076_b,NIRISS_SOSS,obs10,SOSS_HDU4_ordem_2,jw05959010001_04102_00001-seg001_nis_x1dints.fits,seg001,4,303,60783.064130161314,TDB-MID,814.6364525284279,4.795344485680303,1778,0.5866384887837632,1.4160575472955537,303,1.4069632386594277,1.379249844856216
TOI-2076_b,NIRISS_SOSS,obs10,SOSS_HDU4_ordem_2,jw05959010001_04102_00001-seg001_nis_x1dints.fits,seg001,4,304,60783.064207234325,TDB-MID,580.6029445962495,4.796448162560854,1778,0.5866384887837632,1.4160575472955537,304,1.0027626394190028,0.983010910906291
TOI-2076_b,NIRISS_SOSS,obs10,SOSS_HDU4_ordem_2,jw05959010001_04102_00001-seg001_nis_x1dints.fits,seg001,4,305,60783.064284307344,TDB-MID,800.3030938002221,4.795217015239068,1778,0.5866384887837632,1.4160575472955537,305,1.382208013485656,1.3549822310748938
TOI-2076_b,NIRISS_SOSS,obs10,SOSS_HDU4_ordem_2,jw05959010001_04102_00001-seg001_nis_x1dints.fits,seg001,4,306,60783.06436138036,TDB-MID,716.4858628168813,4.795968565787357,1778,0.5866384887837632,1.4160575472955537,306,1.2374467983524906,1.2130724227533516
TOI-2076_b,NIRISS_SOSS,obs10,SOSS_HDU4_ordem_2,jw05959010001_04102_00001-seg001_nis_x1dints.fits,seg001,4,307,60783.06443845338,TDB-MID,351.9798729720164,4.794709649128689,1778,0.5866384887837632,1.4160575472955537,307,0.6079064354198668,0.5959323127296752
TOI-2076_b,NIRISS_SOSS,obs10,SOSS_HDU4_ordem_2,jw05959010001_04102_00001-seg001_nis_x1dints.fits,seg001,4,308,60783.06451552639,TDB-MID,615.0859724924882,4.795041463461675,1778,0.5866384887837632,1.4160575472955537,308,1.0623184725235646,1.0413936541882092
TOI-2076_b,NIRISS_SOSS,obs10,SOSS_HDU4_ordem_2,jw05959010001_04102_00001-seg001_nis_x1dints.fits,seg001,4,309,60783.06459259941,TDB-MID,306.8830448488824,4.794818240840199,1778,0.5866384887837632,1.4160575472955537,309,0.5300194477304987,0.51957948933307
TOI-2076_b,NIRISS_SOSS,obs10,SOSS_HDU4_ordem_2,jw05959010001_04102_00001-seg001_nis_x1dints.fits,seg001,4,310,60783.06466967243,TDB-MID,767.9065475844404,4.799404143822619,1778,0.5866384887837632,1.4160575472955537,310,1.3262557547281886,1.300132081412048
TOI-2076_b,NIRISS_SOSS,obs10,SOSS_HDU4_ordem_2,jw05959010001_04102_00001-seg001_nis_x1dints.fits,seg001,4,311,60783.06474674545,TDB-MID,459.8100564521452,4.7949349776261485,1778,0.5866384887837632,1.4160575472955537,311,0.79414055703763,0.7784981227596346
TOI-2076_b,NIRISS_SOSS,obs10,SOSS_HDU4_ordem_2,jw05959010001_04102_00001-seg001_nis_x1dints.fits,seg001,4,312,60783.06482381846,TDB-MID,848.3603191651869,4.795467049182974,1778,0.5866384887837632,1.4160575472955537,312,1.4652079200459598,1.4363472625844984
TOI-2076_b,NIRISS_SOSS,obs10,SOSS_HDU4_ordem_2,jw05959010001_04102_00001-seg001_nis_x1dints.fits,seg001,4,313,60783.06490089148,TDB-MID,984.073416629182,4.7959686228311575,1778,0.5866384887837632,1.4160575472955537,313,1.6995987805872539,1.6661212532292882
TOI-2076_b,NIRISS_SOSS,obs10,SOSS_HDU4_ordem_2,jw05959010001_04102_00001-seg001_nis_x1dints.fits,seg001,4,314,60783.064977964495,TDB-MID,444.8733500497575,4.7948201523444505,1778,0.5866384887837632,1.4160575472955537,314,0.7683432866729393,0.7532089892765768
TOI-2076_b,NIRISS_SOSS,obs10,SOSS_HDU4_ordem_2,jw05959010001_04102_00001-seg001_nis_x1dints.fits,seg001,4,315,60783.06505503751,TDB-MID,770.6975955115795,4.795256915489286,1778,0.5866384887837632,1.4160575472955537,315,1.331076189436988,1.3048575665146909
TOI-2076_b,NIRISS_SOSS,obs10,SOSS_HDU4_ordem_2,jw05959010001_04102_00001-seg001_nis_x1dints.fits,seg001,4,316,60783.06513211052,TDB-MID,478.6679119680506,4.794852583102021,1778,0.5866384887837632,1.4160575472955537,316,0.8267100662812689,0.8104261002198941
TOI-2076_b,NIRISS_SOSS,obs10,SOSS_HDU4_ordem_2,jw05959010001_04102_00001-seg001_nis_x1dints.fits,seg001,4,317,60783.065209183536,TDB-MID,660.8569650574043,4.7960818873356965,1778,0.5866384887837632,1.4160575472955537,317,1.1413698134449233,1.1188878961879833
TOI-2076_b,NIRISS_SOSS,obs10,SOSS_HDU4_ordem_2,jw05959010001_04102_00001-seg001_nis_x1dints.fits,seg001,4,318,60783.065286256555,TDB-MID,748.3423275548939,4.795290795744758,1778,0.5866384887837632,1.4160575472955537,318,1.292466279325778,1.267008167847005
TOI-2076_b,NIRISS_SOSS,obs10,SOSS_HDU4_ordem_2,jw05959010001_04102_00001-seg001_nis_x1dints.fits,seg001,4,319,60783.06536332957,TDB-MID,493.54920299639946,4.794800307727076,1778,0.5866384887837632,1.4160575472955537,319,0.8524116284390812,0.8356214106904799
TOI-2076_b,NIRISS_SOSS,obs10,SOSS_HDU4_ordem_2,jw05959010001_04102_00001-seg001_nis_x1dints.fits,seg001,4,320,60783.065440402584,TDB-MID,884.9438404418523,4.7975401538233,1778,0.5866384887837632,1.4160575472955537,320,1.5283915271841233,1.4982863225032221
TOI-2076_b,NIRISS_SOSS,obs10,SOSS_HDU4_ordem_2,jw05959010001_04102_00001-seg001_nis_x1dints.fits,seg001,4,321,60783.0655174756,TDB-MID,620.87242938205,4.7950568531268924,1778,0.5866384887837632,1.4160575472955537,321,1.0723122950445583,1.0511906252695111
TOI-2076_b,NIRISS_SOSS,obs10,SOSS_HDU4_ordem_2,jw05959010001_04102_00001-seg001_nis_x1dints.fits,seg001,4,322,60783.06559454862,TDB-MID,271.8992830899367,4.794597070806474,1778,0.5866384887837632,1.4160575472955537,322,0.4695987943309525,0.4603489603912917
TOI-2076_b,NIRISS_SOSS,obs10,SOSS_HDU4_ordem_2,jw05959010001_04102_00001-seg001_nis_x1dints.fits,seg001,4,323,60783.06567162164,TDB-MID,47.4607600405117,4.794385432992932,1778,0.5866384887837632,1.4160575472955537,323,0.08196974791464548,0.0803551642201397
TOI-2076_b,NIRISS_SOSS,obs10,SOSS_HDU4_ordem_2,jw05959010001_04102_00001-seg001_nis_x1dints.fits,seg001,4,324,60783.06574869465,TDB-MID,218.18396519135428,4.794601099129082,1778,0.5866384887837632,1.4160575472955537,324,0.37682676405702736,0.36940428973719175
TOI-2076_b,NIRISS_SOSS,obs10,SOSS_HDU4_ordem_2,jw05959010001_04102_00001-seg001_nis_x1dints.fits,seg001,4,325,60783.06582576767,TDB-MID,736.9828086843629,4.795143346604423,1778,0.5866384887837632,1.4160575472955537,325,1.2728471898410272,1.247775521687859
TOI-2076_b,NIRISS_SOSS,obs10,SOSS_HDU4_ordem_2,jw05959010001_04102_00001-seg001_nis_x1dints.fits,seg001,4,326,60783.06590284068,TDB-MID,548.4242941172552,4.795022713388933,1778,0.5866384887837632,1.4160575472955537,326,0.9471867096246805,0.9285296775376104
TOI-2076_b,NIRISS_SOSS,obs10,SOSS_HDU4_ordem_2,jw05959010001_04102_00001-seg001_nis_x1dints.fits,seg001,4,327,60783.0659799137,TDB-MID,566.774763439279,4.794965657016845,1778,0.5866384887837632,1.4160575472955537,327,0.9788799092944243,0.9595986063670099
TOI-2076_b,NIRISS_SOSS,obs10,SOSS_HDU4_ordem_2,jw05959010001_04102_00001-seg001_nis_x1dints.fits,seg001,4,328,60783.06605698671,TDB-MID,754.4254344635386,4.7951878478581715,1778,0.5866384887837632,1.4160575472955537,328,1.302972447777649,1.2773073930215613
TOI-2076_b,NIRISS_SOSS,obs10,SOSS_HDU4_ordem_2,jw05959010001_04102_00001-seg001_nis_x1dints.fits,seg001,4,329,60783.06613405973,TDB-MID,755.4586429359213,4.79519778820821,1778,0.5866384887837632,1.4160575472955537,329,1.3047569079917751,1.279056704166201
TOI-2076_b,NIRISS_SOSS,obs10,SOSS_HDU4_ordem_2,jw05959010001_04102_00001-seg001_nis_x1dints.fits,seg001,4,330,60783.06621113275,TDB-MID,555.6535082900853,4.7957329789511975,1778,0.5866384887837632,1.4160575472955537,330,0.9596723264344841,0.9407693612583193
TOI-2076_b,NIRISS_SOSS,obs10,SOSS_HDU4_ordem_2,jw05959010001_04102_00001-seg001_nis_x1dints.fits,seg001,4,331,60783.06628820576,TDB-MID,158.3799677659266,4.79446964231862,1778,0.5866384887837632,1.4160575472955537,331,0.27353894083072317,0.2681509589848164
TOI-2076_b,NIRISS_SOSS,obs10,SOSS_HDU4_ordem_2,jw05959010001_04102_00001-seg001_nis_x1dints.fits,seg001,4,332,60783.06636527878,TDB-MID,576.3303297240441,4.795059716898836,1778,0.5866384887837632,1.4160575472955537,332,0.9953833820343317,0.9757770050562283
TOI-2076_b,NIRISS_SOSS,obs10,SOSS_HDU4_ordem_2,jw05959010001_04102_00001-seg001_nis_x1dints.fits,seg001,4,333,60783.066442351796,TDB-MID,665.1690495142605,4.795052225168645,1778,0.5866384887837632,1.4160575472955537,333,1.1488172389731586,1.1261886274524222
TOI-2076_b,NIRISS_SOSS,obs10,SOSS_HDU4_ordem_2,jw05959010001_04102_00001-seg001_nis_x1dints.fits,seg001,4,334,60783.066519424814,TDB-MID,529.6632593270914,4.7949140648282205,1778,0.5866384887837632,1.4160575472955537,334,0.9147844200057418,0.8967656259249404
TOI-2076_b,NIRISS_SOSS,obs10,SOSS_HDU4_ordem_2,jw05959010001_04102_00001-seg001_nis_x1dints.fits,seg001,4,335,60783.066596497825,TDB-MID,648.3200580752598,4.79506809421005,1778,0.5866384887837632,1.4160575472955537,335,1.119717250273188,1.0976618303073922
TOI-2076_b,NIRISS_SOSS,obs10,SOSS_HDU4_ordem_2,jw05959010001_04102_00001-seg001_nis_x1dints.fits,seg001,4,336,60783.066673570844,TDB-MID,890.010653408078,4.795440997402245,1778,0.5866384887837632,1.4160575472955537,336,1.5371424486025258,1.506864874292664
TOI-2076_b,NIRISS_SOSS,obs10,SOSS_HDU4_ordem_2,jw05959010001_04102_00001-seg001_nis_x1dints.fits,seg001,4,337,60783.06675064386,TDB-MID,168.0972383005097,4.794536552391005,1778,0.5866384887837632,1.4160575472955537,337,0.29032169389785256,0.28460313692953204
TOI-2076_b,NIRISS_SOSS,obs10,SOSS_HDU4_ordem_2,jw05959010001_04102_00001-seg001_nis_x1dints.fits,seg001,4,338,60783.06682771688,TDB-MID,418.11152986324464,4.794788528421377,1778,0.5866384887837632,1.4160575472955537,338,0.7221227952068722,0.7078989172490427
TOI-2076_b,NIRISS_SOSS,obs10,SOSS_HDU4_ordem_2,jw05959010001_04102_00001-seg001_nis_x1dints.fits,seg001,4,339,60783.066904789885,TDB-MID,1025.0541253431754,4.795511806071134,1778,0.5866384887837632,1.4160575472955537,339,1.7703767950940215,1.73550513110566
TOI-2076_b,NIRISS_SOSS,obs10,SOSS_HDU4_ordem_2,jw05959010001_04102_00001-seg001_nis_x1dints.fits,seg001,4,340,60783.0669818629,TDB-MID,427.9177869839201,4.795830481896507,1778,0.5866384887837632,1.4160575472955537,340,0.7390592375116696,0.7245017571665701
TOI-2076_b,NIRISS_SOSS,obs10,SOSS_HDU4_ordem_2,jw05959010001_04102_00001-seg001_nis_x1dints.fits,seg001,4,341,60783.06705893592,TDB-MID,340.6304460744144,4.794735857180395,1778,0.5866384887837632,1.4160575472955537,341,0.5883047758388144,0.5767167531519772
TOI-2076_b,NIRISS_SOSS,obs10,SOSS_HDU4_ordem_2,jw05959010001_04102_00001-seg001_nis_x1dints.fits,seg001,4,342,60783.06713600893,TDB-MID,680.7999910556833,4.795176251421638,1778,0.5866384887837632,1.4160575472955537,342,1.1758135267849283,1.1526531609618795
TOI-2076_b,NIRISS_SOSS,obs10,SOSS_HDU4_ordem_2,jw05959010001_04102_00001-seg001_nis_x1dints.fits,seg001,4,343,60783.06721308195,TDB-MID,514.5320785838848,4.794973643923821,1778,0.5866384887837632,1.4160575472955537,343,0.8886512719037541,0.8711472305931517
TOI-2076_b,NIRISS_SOSS,obs10,SOSS_HDU4_ordem_2,jw05959010001_04102_00001-seg001_nis_x1dints.fits,seg001,4,344,60783.06729015497,TDB-MID,369.4821563913519,4.794755693396994,1778,0.5866384887837632,1.4160575472955537,344,0.6381347284052512,0.6255651895986435
TOI-2076_b,NIRISS_SOSS,obs10,SOSS_HDU4_ordem_2,jw05959010001_04102_00001-seg001_nis_x1dints.fits,seg001,4,345,60783.06736722799,TDB-MID,537.1558587676723,4.795028612781129,1778,0.5866384887837632,1.4160575472955537,345,0.9277249310056833,0.9094512436430234
TOI-2076_b,NIRISS_SOSS,obs10,SOSS_HDU4_ordem_2,jw05959010001_04102_00001-seg001_nis_x1dints.fits,seg001,4,346,60783.067444301,TDB-MID,839.791836452271,4.796531503538035,1778,0.5866384887837632,1.4160575472955537,346,1.450409244942797,1.421840081601175
TOI-2076_b,NIRISS_SOSS,obs10,SOSS_HDU4_ordem_2,jw05959010001_04102_00001-seg001_nis_x1dints.fits,seg001,4,347,60783.06752137402,TDB-MID,255.97555286108422,4.794581477618344,1778,0.5866384887837632,1.4160575472955537,347,0.4420968295161095,0.43338871035643256
TOI-2076_b,NIRISS_SOSS,obs10,SOSS_HDU4_ordem_2,jw05959010001_04102_00001-seg001_nis_x1dints.fits,seg001,4,348,60783.067598447036,TDB-MID,616.4609299914673,4.795168662234862,1778,0.5866384887837632,1.4160575472955537,348,1.064693169420295,1.0437215759393963
TOI-2076_b,NIRISS_SOSS,obs10,SOSS_HDU4_ordem_2,jw05959010001_04102_00001-seg001_nis_x1dints.fits,seg001,4,349,60783.067675520055,TDB-MID,853.6285277991634,4.795322931576481,1778,0.5866384887837632,1.4160575472955537,349,1.4743066730646686,1.4452667946267117
TOI-2076_b,NIRISS_SOSS,obs10,SOSS_HDU4_ordem_2,jw05959010001_04102_00001-seg001_nis_x1dints.fits,seg001,4,350,60783.06775259306,TDB-MID,1156.1699481357657,4.795738593152802,1778,0.5866384887837632,1.4160575472955537,350,1.9968276764696262,1.9574955388312025
TOI-2076_b,NIRISS_SOSS,obs10,SOSS_HDU4_ordem_2,jw05959010001_04102_00001-seg001_nis_x1dints.fits,seg001,4,351,60783.06782966608,TDB-MID,708.4302017789274,4.795227812730322,1778,0.5866384887837632,1.4160575472955537,351,1.2235338204734327,1.1994334931396238
TOI-2076_b,NIRISS_SOSS,obs10,SOSS_HDU4_ordem_2,jw05959010001_04102_00001-seg001_nis_x1dints.fits,seg001,4,352,60783.067906739096,TDB-MID,478.11350100911534,4.794861617955138,1778,0.5866384887837632,1.4160575472955537,352,0.8257525399688742,0.8094874346019676
TOI-2076_b,NIRISS_SOSS,obs10,SOSS_HDU4_ordem_2,jw05959010001_04102_00001-seg001_nis_x1dints.fits,seg001,4,353,60783.06798381211,TDB-MID,239.29981381849657,4.79468104694578,1778,0.5866384887837632,1.4160575472955537,353,0.4132960660128585,0.4051552444760813
TOI-2076_b,NIRISS_SOSS,obs10,SOSS_HDU4_ordem_2,jw05959010001_04102_00001-seg001_nis_x1dints.fits,seg001,4,354,60783.068060885125,TDB-MID,316.3198677865247,4.794672468427643,1778,0.5866384887837632,1.4160575472955537,354,0.5463178381619501,0.5355568452840358
TOI-2076_b,NIRISS_SOSS,obs10,SOSS_HDU4_ordem_2,jw05959010001_04102_00001-seg001_nis_x1dints.fits,seg001,4,355,60783.068137958144,TDB-MID,591.474276551246,4.79497474881996,1778,0.5866384887837632,1.4160575472955537,355,1.0215385785124107,1.0014170144703665
TOI-2076_b,NIRISS_SOSS,obs10,SOSS_HDU4_ordem_2,jw05959010001_04102_00001-seg001_nis_x1dints.fits,seg001,4,356,60783.068215031155,TDB-MID,504.1933699926876,4.794946752579283,1778,0.5866384887837632,1.4160575472955537,356,0.870795229643579,0.85364290436743
TOI-2076_b,NIRISS_SOSS,obs10,SOSS_HDU4_ordem_2,jw05959010001_04102_00001-seg001_nis_x1dints.fits,seg001,4,357,60783.06829210417,TDB-MID,664.7184536120818,4.795423944709222,1778,0.5866384887837632,1.4160575472955537,357,1.1480390122342394,1.1254257296883412
TOI-2076_b,NIRISS_SOSS,obs10,SOSS_HDU4_ordem_2,jw05959010001_04102_00001-seg001_nis_x1dints.fits,seg001,4,358,60783.06836917719,TDB-MID,753.4855250881872,4.795157573888186,1778,0.5866384887837632,1.4160575472955537,358,1.3013491249632985,1.2757160453030683
TOI-2076_b,NIRISS_SOSS,obs10,SOSS_HDU4_ordem_2,jw05959010001_04102_00001-seg001_nis_x1dints.fits,seg001,4,359,60783.06844625021,TDB-MID,625.0890585138675,4.795132224683339,1778,0.5866384887837632,1.4160575472955537,359,1.0795948591393938,1.0583297424276308
TOI-2076_b,NIRISS_SOSS,obs10,SOSS_HDU4_ordem_2,jw05959010001_04102_00001-seg001_nis_x1dints.fits,seg001,4,360,60783.06852332322,TDB-MID,474.4812771721837,4.794877346283443,1778,0.5866384887837632,1.4160575472955537,360,0.819479305574214,0.8033377660620662
TOI-2076_b,NIRISS_SOSS,obs10,SOSS_HDU4_ordem_2,jw05959010001_04102_00001-seg001_nis_x1dints.fits,seg001,4,361,60783.06860039624,TDB-MID,1002.2183403809597,4.795610694586531,1778,0.5866384887837632,1.4160575472955537,361,1.730936981336549,1.6968421756627143
TOI-2076_b,NIRISS_SOSS,obs10,SOSS_HDU4_ordem_2,jw05959010001_04102_00001-seg001_nis_x1dints.fits,seg001,4,362,60783.06867746926,TDB-MID,278.37419989385273,4.794986287202832,1778,0.5866384887837632,1.4160575472955537,362,0.48078165987571536,0.4713115535450107
TOI-2076_b,NIRISS_SOSS,obs10,SOSS_HDU4_ordem_2,jw05959010001_04102_00001-seg001_nis_x1dints.fits,seg001,4,363,60783.06875454226,TDB-MID,84.47845787658923,4.794321046069854,1778,0.5866384887837632,1.4160575472955537,363,0.14590322385168777,0.14302932253809508
TOI-2076_b,NIRISS_SOSS,obs10,SOSS_HDU4_ordem_2,jw05959010001_04102_00001-seg001_nis_x1dints.fits,seg001,4,364,60783.06883161528,TDB-MID,133.31419409842619,4.794432529345741,1778,0.5866384887837632,1.4160575472955537,364,0.23024770092944966,0.22571244014024683
TOI-2076_b,NIRISS_SOSS,obs10,SOSS_HDU4_ordem_2,jw05959010001_04102_00001-seg001_nis_x1dints.fits,seg001,4,365,60783.0689086883,TDB-MID,719.1880971168966,4.795119985061884,1778,0.5866384887837632,1.4160575472955537,365,1.242113842542038,1.2176475387176489
TOI-2076_b,NIRISS_SOSS,obs10,SOSS_HDU4_ordem_2,jw05959010001_04102_00001-seg001_nis_x1dints.fits,seg001,4,366,60783.06898576132,TDB-MID,811.644569576966,4.795593021192503,1778,0.5866384887837632,1.4160575472955537,366,1.4017959406407672,1.374184328718528
TOI-2076_b,NIRISS_SOSS,obs10,SOSS_HDU4_ordem_2,jw05959010001_04102_00001-seg001_nis_x1dints.fits,seg001,4,367,60783.06906283433,TDB-MID,319.27666495557526,4.7951541993779765,1778,0.5866384887837632,1.4160575472955537,367,0.5514245393267635,0.5405629581630098
TOI-2076_b,NIRISS_SOSS,obs10,SOSS_HDU4_ordem_2,jw05959010001_04102_00001-seg001_nis_x1dints.fits,seg001,4,368,60783.06913990735,TDB-MID,909.9014191302039,4.795430376320663,1778,0.5866384887837632,1.4160575472955537,368,1.57149590292311,1.5405416579072002
TOI-2076_b,NIRISS_SOSS,obs10,SOSS_HDU4_ordem_2,jw05959010001_04102_00001-seg001_nis_x1dints.fits,seg001,4,369,60783.069216980366,TDB-MID,533.8632511150382,4.798072184418705,1778,0.5866384887837632,1.4160575472955537,369,0.9220382496495931,0.9038765746235206
TOI-2076_b,NIRISS_SOSS,obs10,SOSS_HDU4_ordem_2,jw05959010001_04102_00001-seg001_nis_x1dints.fits,seg001,4,370,60783.06929405338,TDB-MID,707.2667284559324,4.795263067194237,1778,0.5866384887837632,1.4160575472955537,370,1.221524379096811,1.197463632356627
TOI-2076_b,NIRISS_SOSS,obs10,SOSS_HDU4_ordem_2,jw05959010001_04102_00001-seg001_nis_x1dints.fits,seg001,4,371,60783.069371126396,TDB-MID,535.5773369146725,4.794957388124565,1778,0.5866384887837632,1.4160575472955537,371,0.924998656958287,0.9067786698659789
TOI-2076_b,NIRISS_SOSS,obs10,SOSS_HDU4_ordem_2,jw05959010001_04102_00001-seg001_nis_x1dints.fits,seg001,4,372,60783.069448199414,TDB-MID,686.0724789750512,4.795212616657081,1778,0.5866384887837632,1.4160575472955537,372,1.1849196705817133,1.1615799382037078
TOI-2076_b,NIRISS_SOSS,obs10,SOSS_HDU4_ordem_2,jw05959010001_04102_00001-seg001_nis_x1dints.fits,seg001,4,373,60783.069525272425,TDB-MID,647.4621980786625,4.7951082193536045,1778,0.5866384887837632,1.4160575472955537,373,1.1182356354063567,1.096209399270771
TOI-2076_b,NIRISS_SOSS,obs10,SOSS_HDU4_ordem_2,jw05959010001_04102_00001-seg001_nis_x1dints.fits,seg001,4,374,60783.069602345444,TDB-MID,841.4081815536435,4.7953274532927495,1778,0.5866384887837632,1.4160575472955537,374,1.453200843737032,1.4245766934031425
TOI-2076_b,NIRISS_SOSS,obs10,SOSS_HDU4_ordem_2,jw05959010001_04102_00001-seg001_nis_x1dints.fits,seg001,4,375,60783.069679418455,TDB-MID,152.01101041912256,4.7945582456598705,1778,0.5866384887837632,1.4160575472955537,375,0.2625390784654548,0.25736776433987896
TOI-2076_b,NIRISS_SOSS,obs10,SOSS_HDU4_ordem_2,jw05959010001_04102_00001-seg001_nis_x1dints.fits,seg001,4,376,60783.06975649147,TDB-MID,706.4669754620054,4.7951892120247885,1778,0.5866384887837632,1.4160575472955537,376,1.2201431211639373,1.1961095814921299
TOI-2076_b,NIRISS_SOSS,obs10,SOSS_HDU4_ordem_2,jw05959010001_04102_00001-seg001_nis_x1dints.fits,seg001,4,377,60783.069833564485,TDB-MID,498.7556030658268,4.794956540707218,1778,0.5866384887837632,1.4160575472955537,377,0.8614036315353122,0.8444362954967383
TOI-2076_b,NIRISS_SOSS,obs10,SOSS_HDU4_ordem_2,jw05959010001_04102_00001-seg001_nis_x1dints.fits,seg001,4,378,60783.0699106375,TDB-MID,769.9605586473501,4.7952504734669805,1778,0.5866384887837632,1.4160575472955537,378,1.3298032488875084,1.3036096994722983
TOI-2076_b,NIRISS_SOSS,obs10,SOSS_HDU4_ordem_2,jw05959010001_04102_00001-seg001_nis_x1dints.fits,seg001,4,379,60783.06998771052,TDB-MID,755.9568487677241,4.795258408461751,1778,0.5866384887837632,1.4160575472955537,379,1.3056173621102432,1.2799002096514858
TOI-2076_b,NIRISS_SOSS,obs10,SOSS_HDU4_ordem_2,jw05959010001_04102_00001-seg001_nis_x1dints.fits,seg001,4,380,60783.07006478353,TDB-MID,236.16270454066844,4.794553463873375,1778,0.5866384887837632,1.4160575472955537,380,0.40787794678205036,0.39984384762990294
TOI-2076_b,NIRISS_SOSS,obs10,SOSS_HDU4_ordem_2,jw05959010001_04102_00001-seg001_nis_x1dints.fits,seg001,4,381,60783.07014185655,TDB-MID,586.8936118793616,4.796831193306416,1778,0.5866384887837632,1.4160575472955537,381,1.013627286571123,0.9936615537143131
TOI-2076_b,NIRISS_SOSS,obs10,SOSS_HDU4_ordem_2,jw05959010001_04102_00001-seg001_nis_x1dints.fits,seg001,4,382,60783.07021892957,TDB-MID,574.0827822562962,4.795050257517106,1778,0.5866384887837632,1.4160575472955537,382,0.9915016300522684,0.9719717131538382
TOI-2076_b,NIRISS_SOSS,obs10,SOSS_HDU4_ordem_2,jw05959010001_04102_00001-seg001_nis_x1dints.fits,seg001,4,383,60783.07029600258,TDB-MID,365.664631609999,4.7947585945534135,1778,0.5866384887837632,1.4160575472955537,383,0.631541459698254,0.6191017905620874
TOI-2076_b,NIRISS_SOSS,obs10,SOSS_HDU4_ordem_2,jw05959010001_04102_00001-seg001_nis_x1dints.fits,seg001,4,384,60783.0703730756,TDB-MID,743.4110498989057,4.795266110705226,1778,0.5866384887837632,1.4160575472955537,384,1.2839494417105892,1.2586590890390845
TOI-2076_b,NIRISS_SOSS,obs10,SOSS_HDU4_ordem_2,jw05959010001_04102_00001-seg001_nis_x1dints.fits,seg001,4,385,60783.07045014862,TDB-MID,307.11617679477524,4.79465050869879,1778,0.5866384887837632,1.4160575472955537,385,0.5304220912368264,0.5199742018446519
TOI-2076_b,NIRISS_SOSS,obs10,SOSS_HDU4_ordem_2,jw05959010001_04102_00001-seg001_nis_x1dints.fits,seg001,4,386,60783.07052722163,TDB-MID,758.089561880363,4.795211503501109,1778,0.5866384887837632,1.4160575472955537,386,1.3093007830261334,1.283511077076581
TOI-2076_b,NIRISS_SOSS,obs10,SOSS_HDU4_ordem_2,jw05959010001_04102_00001-seg001_nis_x1dints.fits,seg001,4,387,60783.07060429465,TDB-MID,574.2925829012104,4.794948923025857,1778,0.5866384887837632,1.4160575472955537,387,0.9918639779363154,0.9723269237585815
TOI-2076_b,NIRISS_SOSS,obs10,SOSS_HDU4_ordem_2,jw05959010001_04102_00001-seg001_nis_x1dints.fits,seg001,4,388,60783.07068136766,TDB-MID,485.8191967769699,4.7948027062723115,1778,0.5866384887837632,1.4160575472955537,388,0.8390610908445625,0.8225338427995577
TOI-2076_b,NIRISS_SOSS,obs10,SOSS_HDU4_ordem_2,jw05959010001_04102_00001-seg001_nis_x1dints.fits,seg001,4,389,60783.07075844067,TDB-MID,759.877318023227,4.795911026740924,1778,0.5866384887837632,1.4160575472955537,389,1.312388426802557,1.2865379025703736
TOI-2076_b,NIRISS_SOSS,obs10,SOSS_HDU4_ordem_2,jw05959010001_04102_00001-seg001_nis_x1dints.fits,seg001,4,390,60783.07083551369,TDB-MID,527.255935606342,4.7949489774978815,1778,0.5866384887837632,1.4160575472955537,390,0.9106267175506959,0.8926898190321148
TOI-2076_b,NIRISS_SOSS,obs10,SOSS_HDU4_ordem_2,jw05959010001_04102_00001-seg001_nis_x1dints.fits,seg001,4,391,60783.07091258671,TDB-MID,401.3562697665435,4.79472151790071,1778,0.5866384887837632,1.4160575472955537,391,0.6931846904399325,0.6795308153587163
TOI-2076_b,NIRISS_SOSS,obs10,SOSS_HDU4_ordem_2,jw05959010001_04102_00001-seg001_nis_x1dints.fits,seg001,4,392,60783.07098965972,TDB-MID,502.2433920306273,4.794861480430859,1778,0.5866384887837632,1.4160575472955537,392,0.8674274116429241,0.8503414233284988
TOI-2076_b,NIRISS_SOSS,obs10,SOSS_HDU4_ordem_2,jw05959010001_04102_00001-seg001_nis_x1dints.fits,seg001,4,393,60783.07106673274,TDB-MID,530.8084496331568,4.7950144286801635,1778,0.5866384887837632,1.4160575472955537,393,0.9167622846801032,0.8987045319818313
TOI-2076_b,NIRISS_SOSS,obs10,SOSS_HDU4_ordem_2,jw05959010001_04102_00001-seg001_nis_x1dints.fits,seg001,4,394,60783.071143805755,TDB-MID,562.5328726077696,4.794926990531591,1778,0.5866384887837632,1.4160575472955537,394,0.9715537155747392,0.9524167189703712
TOI-2076_b,NIRISS_SOSS,obs10,SOSS_HDU4_ordem_2,jw05959010001_04102_00001-seg001_nis_x1dints.fits,seg001,4,395,60783.07122087877,TDB-MID,890.915344973349,4.7954694708279515,1778,0.5866384887837632,1.4160575472955537,395,1.5387049465372926,1.5083965952182006
TOI-2076_b,NIRISS_SOSS,obs10,SOSS_HDU4_ordem_2,jw05959010001_04102_00001-seg001_nis_x1dints.fits,seg001,4,396,60783.071297951785,TDB-MID,430.5216617073199,4.794870153929579,1778,0.5866384887837632,1.4160575472955537,396,0.7435564043184424,0.7289103418758933
TOI-2076_b,NIRISS_SOSS,obs10,SOSS_HDU4_ordem_2,jw05959010001_04102_00001-seg001_nis_x1dints.fits,seg001,4,397,60783.0713750248,TDB-MID,1098.5110842588201,4.797718166206841,1778,0.5866384887837632,1.4160575472955537,397,1.8972447255644191,1.8598741043741094
TOI-2076_b,NIRISS_SOSS,obs10,SOSS_HDU4_ordem_2,jw05959010001_04102_00001-seg001_nis_x1dints.fits,seg001,4,398,60783.07145209782,TDB-MID,718.968744291802,4.795186719899275,1778,0.5866384887837632,1.4160575472955537,398,1.2417349970334108,1.2172761554471832
TOI-2076_b,NIRISS_SOSS,obs10,SOSS_HDU4_ordem_2,jw05959010001_04102_00001-seg001_nis_x1dints.fits,seg001,4,399,60783.071529170826,TDB-MID,527.66760983986,4.794883847712256,1778,0.5866384887837632,1.4160575472955537,399,0.9113377224548657,0.8933868190508946
TOI-2076_b,NIRISS_SOSS,obs10,SOSS_HDU4_ordem_2,jw05959010001_04102_00001-seg001_nis_x1dints.fits,seg001,4,400,60783.071606243844,TDB-MID,918.4289976371603,4.7954064686157905,1778,0.5866384887837632,1.4160575472955537,400,1.5862239321401075,1.5549795845384153
TOI-2076_b,NIRISS_SOSS,obs10,SOSS_HDU4_ordem_2,jw05959010001_04102_00001-seg001_nis_x1dints.fits,seg001,4,401,60783.07168331686,TDB-MID,185.59328246489306,4.795627379393657,1778,0.5866384887837632,1.4160575472955537,401,0.3205392110306133,0.31422545020120723
TOI-2076_b,NIRISS_SOSS,obs10,SOSS_HDU4_ordem_2,jw05959010001_04102_00001-seg001_nis_x1dints.fits,seg001,4,402,60783.071760389874,TDB-MID,826.1603890308921,4.795505677237509,1778,0.5866384887837632,1.4160575472955537,402,1.426866294769045,1.3987608642610372
TOI-2076_b,NIRISS_SOSS,obs10,SOSS_HDU4_ordem_2,jw05959010001_04102_00001-seg001_nis_x1dints.fits,seg001,4,403,60783.07183746289,TDB-MID,503.619430240749,4.794875573815574,1778,0.5866384887837632,1.4160575472955537,403,0.8698039750419999,0.8526711748169523
TOI-2076_b,NIRISS_SOSS,obs10,SOSS_HDU4_ordem_2,jw05959010001_04102_00001-seg001_nis_x1dints.fits,seg001,4,404,60783.07191453591,TDB-MID,381.20029625906676,4.794736130252831,1778,0.5866384887837632,1.4160575472955537,404,0.6583731942487238,0.6454050120671637
TOI-2076_b,NIRISS_SOSS,obs10,SOSS_HDU4_ordem_2,jw05959010001_04102_00001-seg001_nis_x1dints.fits,seg001,4,405,60783.07199160892,TDB-MID,449.26227627901915,4.797331360538904,1778,0.5866384887837632,1.4160575472955537,405,0.7759234260622256,0.7606398202957463
TOI-2076_b,NIRISS_SOSS,obs10,SOSS_HDU4_ordem_2,jw05959010001_04102_00001-seg001_nis_x1dints.fits,seg001,4,406,60783.07206868194,TDB-MID,988.0796587593103,4.795544844324705,1778,0.5866384887837632,1.4160575472955537,406,1.7065179840979297,1.672904167030022
TOI-2076_b,NIRISS_SOSS,obs10,SOSS_HDU4_ordem_2,jw05959010001_04102_00001-seg001_nis_x1dints.fits,seg001,4,407,60783.07214575496,TDB-MID,991.0690857894527,4.795595850582152,1778,0.5866384887837632,1.4160575472955537,407,1.7116810404809466,1.6779655250808871
TOI-2076_b,NIRISS_SOSS,obs10,SOSS_HDU4_ordem_2,jw05959010001_04102_00001-seg001_nis_x1dints.fits,seg001,4,408,60783.07222282797,TDB-MID,707.2716337260257,4.79685552486652,1778,0.5866384887837632,1.4160575472955537,408,1.2215328510166172,1.197471937402386
TOI-2076_b,NIRISS_SOSS,obs10,SOSS_HDU4_ordem_2,jw05959010001_04102_00001-seg001_nis_x1dints.fits,seg001,4,409,60783.07229990099,TDB-MID,546.8026762691471,4.795009690830752,1778,0.5866384887837632,1.4160575472955537,409,0.9443860042396458,0.9257841385202031
TOI-2076_b,NIRISS_SOSS,obs10,SOSS_HDU4_ordem_2,jw05959010001_04102_00001-seg001_nis_x1dints.fits,seg001,4,410,60783.07237697401,TDB-MID,752.2665584161928,4.79516749395327,1778,0.5866384887837632,1.4160575472955537,410,1.2992438407088018,1.2736522294892596
TOI-2076_b,NIRISS_SOSS,obs10,SOSS_HDU4_ordem_2,jw05959010001_04102_00001-seg001_nis_x1dints.fits,seg001,4,411,60783.07245404702,TDB-MID,141.3665049289566,4.79442260543102,1778,0.5866384887837632,1.4160575472955537,411,0.24415489264626042,0.23934569756357033
TOI-2076_b,NIRISS_SOSS,obs10,SOSS_HDU4_ordem_2,jw05959010001_04102_00001-seg001_nis_x1dints.fits,seg001,4,412,60783.07253112003,TDB-MID,734.8318180513555,4.795299074786255,1778,0.5866384887837632,1.4160575472955537,412,1.2691322017160185,1.2441337088428108
TOI-2076_b,NIRISS_SOSS,obs10,SOSS_HDU4_ordem_2,jw05959010001_04102_00001-seg001_nis_x1dints.fits,seg001,4,413,60783.07260819305,TDB-MID,868.3855037525447,4.799587645483998,1778,0.5866384887837632,1.4160575472955537,413,1.499793529951255,1.4702516289427745
TOI-2076_b,NIRISS_SOSS,obs10,SOSS_HDU4_ordem_2,jw05959010001_04102_00001-seg001_nis_x1dints.fits,seg001,4,414,60783.07268526606,TDB-MID,407.2799928137648,4.794839281254232,1778,0.5866384887837632,1.4160575472955537,414,0.7034155861205418,0.6895601898956556
TOI-2076_b,NIRISS_SOSS,obs10,SOSS_HDU4_ordem_2,jw05959010001_04102_00001-seg001_nis_x1dints.fits,seg001,4,415,60783.07276233908,TDB-MID,735.4172635657734,4.795319023766707,1778,0.5866384887837632,1.4160575472955537,415,1.2701433279852488,1.2451249186425029
TOI-2076_b,NIRISS_SOSS,obs10,SOSS_HDU4_ordem_2,jw05959010001_04102_00001-seg001_nis_x1dints.fits,seg001,4,416,60783.072839412096,TDB-MID,214.5089043057323,4.794489798706238,1778,0.5866384887837632,1.4160575472955537,416,0.3704795455525561,0.363182094375569
TOI-2076_b,NIRISS_SOSS,obs10,SOSS_HDU4_ordem_2,jw05959010001_04102_00001-seg001_nis_x1dints.fits,seg001,4,417,60783.07291648511,TDB-MID,594.9011373967562,4.795036331150882,1778,0.5866384887837632,1.4160575472955537,417,1.0274571293195462,1.0072189857360077
TOI-2076_b,NIRISS_SOSS,obs10,SOSS_HDU4_ordem_2,jw05959010001_04102_00001-seg001_nis_x1dints.fits,seg001,4,418,60783.072993558126,TDB-MID,807.7540200561255,4.795435590533511,1778,0.5866384887837632,1.4160575472955537,418,1.3950765504919258,1.3675972924935103
TOI-2076_b,NIRISS_SOSS,obs10,SOSS_HDU4_ordem_2,jw05959010001_04102_00001-seg001_nis_x1dints.fits,seg001,4,419,60783.07307063114,TDB-MID,698.899003557389,4.795107493231293,1778,0.5866384887837632,1.4160575472955537,419,1.207072433953766,1.1832963516852375
TOI-2076_b,NIRISS_SOSS,obs10,SOSS_HDU4_ordem_2,jw05959010001_04102_00001-seg001_nis_x1dints.fits,seg001,4,420,60783.073147704155,TDB-MID,382.58448352826576,4.795094867623236,1778,0.5866384887837632,1.4160575472955537,420,0.6607638319339622,0.647748560616175
TOI-2076_b,NIRISS_SOSS,obs10,SOSS_HDU4_ordem_2,jw05959010001_04102_00001-seg001_nis_x1dints.fits,seg001,4,421,60783.073224777174,TDB-MID,698.4353904185994,4.795127672782361,1778,0.5866384887837632,1.4160575472955537,421,1.2062717250716481,1.1825114146157456
TOI-2076_b,NIRISS_SOSS,obs10,SOSS_HDU4_ordem_2,jw05959010001_04102_00001-seg001_nis_x1dints.fits,seg001,4,422,60783.073301850185,TDB-MID,698.6195535307934,4.79513774206837,1778,0.5866384887837632,1.4160575472955537,422,1.2065897942274904,1.182823218664206
TOI-2076_b,NIRISS_SOSS,obs10,SOSS_HDU4_ordem_2,jw05959010001_04102_00001-seg001_nis_x1dints.fits,seg001,4,423,60783.073378923196,TDB-MID,941.0866894364887,4.795399961355059,1778,0.5866384887837632,1.4160575472955537,423,1.6253561601856206,1.5933410128811192
TOI-2076_b,NIRISS_SOSS,obs10,SOSS_HDU4_ordem_2,jw05959010001_04102_00001-seg001_nis_x1dints.fits,seg001,4,424,60783.073455996215,TDB-MID,497.4045819544011,4.795083912258447,1778,0.5866384887837632,1.4160575472955537,424,0.8590702753093183,0.8421489001162004
TOI-2076_b,NIRISS_SOSS,obs10,SOSS_HDU4_ordem_2,jw05959010001_04102_00001-seg001_nis_x1dints.fits,seg001,4,425,60783.073533069226,TDB-MID,522.0998678481756,4.796346591067155,1778,0.5866384887837632,1.4160575472955537,425,0.901721643674783,0.8839601511742049
TOI-2076_b,NIRISS_SOSS,obs10,SOSS_HDU4_ordem_2,jw05959010001_04102_00001-seg001_nis_x1dints.fits,seg001,4,426,60783.073610142244,TDB-MID,603.5960916605104,4.795035893330894,1778,0.5866384887837632,1.4160575472955537,426,1.0424742341556452,1.02194029397368
TOI-2076_b,NIRISS_SOSS,obs10,SOSS_HDU4_ordem_2,jw05959010001_04102_00001-seg001_nis_x1dints.fits,seg001,4,427,60783.07368721526,TDB-MID,760.7796539777488,4.79520030999722,1778,0.5866384887837632,1.4160575472955537,427,1.3139468563486356,1.2880656352435431
TOI-2076_b,NIRISS_SOSS,obs10,SOSS_HDU4_ordem_2,jw05959010001_04102_00001-seg001_nis_x1dints.fits,seg001,4,428,60783.073764288274,TDB-MID,362.96648623687094,4.794750314590312,1778,0.5866384887837632,1.4160575472955537,428,0.6268814775175306,0.6145335975040231
TOI-2076_b,NIRISS_SOSS,obs10,SOSS_HDU4_ordem_2,jw05959010001_04102_00001-seg001_nis_x1dints.fits,seg001,4,429,60783.07384136129,TDB-MID,951.5737772770809,4.795411261258514,1778,0.5866384887837632,1.4160575472955537,429,1.6434684690891934,1.611096557986223
TOI-2076_b,NIRISS_SOSS,obs10,SOSS_HDU4_ordem_2,jw05959010001_04102_00001-seg001_nis_x1dints.fits,seg001,4,430,60783.07391843431,TDB-MID,455.91606954325925,4.795324288925222,1778,0.5866384887837632,1.4160575472955537,430,0.7874152301563947,0.7719052667398928
TOI-2076_b,NIRISS_SOSS,obs10,SOSS_HDU4_ordem_2,jw05959010001_04102_00001-seg001_nis_x1dints.fits,seg001,4,431,60783.07399550732,TDB-MID,635.7206877076596,4.795235552291409,1778,0.5866384887837632,1.4160575472955537,431,1.0979568062340728,1.076330008522518
TOI-2076_b,NIRISS_SOSS,obs10,SOSS_HDU4_ordem_2,jw05959010001_04102_00001-seg001_nis_x1dints.fits,seg001,4,432,60783.07407258034,TDB-MID,625.3869485889554,4.794872260723495,1778,0.5866384887837632,1.4160575472955537,432,1.0801093467780323,1.0588340960427607
TOI-2076_b,NIRISS_SOSS,obs10,SOSS_HDU4_ordem_2,jw05959010001_04102_00001-seg001_nis_x1dints.fits,seg001,4,433,60783.07414965336,TDB-MID,577.701561532808,4.795022343741033,1778,0.5866384887837632,1.4160575472955537,433,0.9977516442703555,0.9780986188922278
TOI-2076_b,NIRISS_SOSS,obs10,SOSS_HDU4_ordem_2,jw05959010001_04102_00001-seg001_nis_x1dints.fits,seg001,4,434,60783.07422672637,TDB-MID,1064.7032051458878,4.79556517101862,1778,0.5866384887837632,1.4160575472955537,434,1.8388549457536785,1.8026344462705426
TOI-2076_b,NIRISS_SOSS,obs10,SOSS_HDU4_ordem_2,jw05959010001_04102_00001-seg001_nis_x1dints.fits,seg001,4,435,60783.07430379939,TDB-MID,651.5044627702013,4.795122920330755,1778,0.5866384887837632,1.4160575472955537,435,1.1252170536872035,1.1030533023779403
TOI-2076_b,NIRISS_SOSS,obs10,SOSS_HDU4_ordem_2,jw05959010001_04102_00001-seg001_nis_x1dints.fits,seg001,4,436,60783.0743808724,TDB-MID,455.18782289306284,4.794911516598738,1778,0.5866384887837632,1.4160575472955537,436,0.7861574712354391,0.7706722822887515
TOI-2076_b,NIRISS_SOSS,obs10,SOSS_HDU4_ordem_2,jw05959010001_04102_00001-seg001_nis_x1dints.fits,seg001,4,437,60783.07445794541,TDB-MID,568.0298425706457,4.795088537558305,1778,0.5866384887837632,1.4160575472955537,437,0.9810475635823717,0.9617235636922645
TOI-2076_b,NIRISS_SOSS,obs10,SOSS_HDU4_ordem_2,jw05959010001_04102_00001-seg001_nis_x1dints.fits,seg001,4,438,60783.07453501843,TDB-MID,516.1337323131755,4.795419151042373,1778,0.5866384887837632,1.4160575472955537,438,0.8914174971459217,0.8738589686338216
TOI-2076_b,NIRISS_SOSS,obs10,SOSS_HDU4_ordem_2,jw05959010001_04102_00001-seg001_nis_x1dints.fits,seg001,4,439,60783.07461209144,TDB-MID,580.9690941651785,4.794596988024341,1778,0.5866384887837632,1.4160575472955537,439,1.0033950184166958,0.9836308337376006
TOI-2076_b,NIRISS_SOSS,obs10,SOSS_HDU4_ordem_2,jw05959010001_04102_00001-seg001_nis_x1dints.fits,seg001,4,440,60783.07468916446,TDB-MID,762.9610010865256,4.795256478507148,1778,0.5866384887837632,1.4160575472955537,440,1.3177142733151601,1.2917588442228611
TOI-2076_b,NIRISS_SOSS,obs10,SOSS_HDU4_ordem_2,jw05959010001_04102_00001-seg001_nis_x1dints.fits,seg001,4,441,60783.07476623748,TDB-MID,858.8832252208139,4.795413762175294,1778,0.5866384887837632,1.4160575472955537,441,1.4833820907919186,1.4541634510199815
TOI-2076_b,NIRISS_SOSS,obs10,SOSS_HDU4_ordem_2,jw05959010001_04102_00001-seg001_nis_x1dints.fits,seg001,4,442,60783.07484331049,TDB-MID,441.58612056095774,4.795676299180967,1778,0.5866384887837632,1.4160575472955537,442,0.762665893974118,0.7476434259527631
TOI-2076_b,NIRISS_SOSS,obs10,SOSS_HDU4_ordem_2,jw05959010001_04102_00001-seg001_nis_x1dints.fits,seg001,4,443,60783.07492038351,TDB-MID,579.62035781584,4.795053846795423,1778,0.5866384887837632,1.4160575472955537,443,1.0010656082162643,0.9813473066565286
TOI-2076_b,NIRISS_SOSS,obs10,SOSS_HDU4_ordem_2,jw05959010001_04102_00001-seg001_nis_x1dints.fits,seg001,4,444,60783.074997456526,TDB-MID,756.4712205385688,4.795277174000884,1778,0.5866384887837632,1.4160575472955537,444,1.3065057365137411,1.2807710854672365
TOI-2076_b,NIRISS_SOSS,obs10,SOSS_HDU4_ordem_2,jw05959010001_04102_00001-seg001_nis_x1dints.fits,seg001,4,445,60783.07507452954,TDB-MID,576.7789566438105,4.795022140187737,1778,0.5866384887837632,1.4160575472955537,445,0.9961582081325566,0.9765365691630954
TOI-2076_b,NIRISS_SOSS,obs10,SOSS_HDU4_ordem_2,jw05959010001_04102_00001-seg001_nis_x1dints.fits,seg001,4,446,60783.075151602556,TDB-MID,732.9026144060886,4.795679116758017,1778,0.5866384887837632,1.4160575472955537,446,1.265800263155752,1.240867400515738
TOI-2076_b,NIRISS_SOSS,obs10,SOSS_HDU4_ordem_2,jw05959010001_04102_00001-seg001_nis_x1dints.fits,seg001,4,447,60783.07522867557,TDB-MID,829.0685742857189,4.795341871649822,1778,0.5866384887837632,1.4160575472955537,447,1.4318890380210232,1.403684672972375
TOI-2076_b,NIRISS_SOSS,obs10,SOSS_HDU4_ordem_2,jw05959010001_04102_00001-seg001_nis_x1dints.fits,seg001,4,448,60783.07530574858,TDB-MID,504.7184816878177,4.794977430717486,1778,0.5866384887837632,1.4160575472955537,448,0.8717021530312388,0.8545319638022152
TOI-2076_b,NIRISS_SOSS,obs10,SOSS_HDU4_ordem_2,jw05959010001_04102_00001-seg001_nis_x1dints.fits,seg001,4,449,60783.0753828216,TDB-MID,463.4773560402759,4.7949133664585615,1778,0.5866384887837632,1.4160575472955537,449,0.8004743709611736,0.7847071775745417
TOI-2076_b,NIRISS_SOSS,obs10,SOSS_HDU4_ordem_2,jw05959010001_04102_00001-seg001_nis_x1dints.fits,seg001,4,450,60783.07545989461,TDB-MID,946.0297307537469,4.795978276807746,1778,0.5866384887837632,1.4160575472955537,450,1.633893314886925,1.6017100085831724
TOI-2076_b,NIRISS_SOSS,obs10,SOSS_HDU4_ordem_2,jw05959010001_04102_00001-seg001_nis_x1dints.fits,seg001,4,451,60783.075536967626,TDB-MID,544.2800458246172,4.795062409479154,1778,0.5866384887837632,1.4160575472955537,451,0.9400291548878144,0.9215131073891404
TOI-2076_b,NIRISS_SOSS,obs10,SOSS_HDU4_ordem_2,jw05959010001_04102_00001-seg001_nis_x1dints.fits,seg001,4,452,60783.075614040645,TDB-MID,598.3703057947349,4.796083948116281,1778,0.5866384887837632,1.4160575472955537,452,1.0334487497405644,1.0130925873405532
TOI-2076_b,NIRISS_SOSS,obs10,SOSS_HDU4_ordem_2,jw05959010001_04102_00001-seg001_nis_x1dints.fits,seg001,4,453,60783.075691113656,TDB-MID,325.63745096349396,4.794689475286915,1778,0.5866384887837632,1.4160575472955537,453,0.5624102889262863,0.5513323180257509
TOI-2076_b,NIRISS_SOSS,obs10,SOSS_HDU4_ordem_2,jw05959010001_04102_00001-seg001_nis_x1dints.fits,seg001,4,454,60783.075768186674,TDB-MID,715.9193883405499,4.795226148483627,1778,0.5866384887837632,1.4160575472955537,454,1.2364684370707637,1.212113332558983
TOI-2076_b,NIRISS_SOSS,obs10,SOSS_HDU4_ordem_2,jw05959010001_04102_00001-seg001_nis_x1dints.fits,seg001,4,455,60783.07584525969,TDB-MID,550.9463784761416,4.794971671105479,1778,0.5866384887837632,1.4160575472955537,455,0.9515426158288991,0.9327997840985331
TOI-2076_b,NIRISS_SOSS,obs10,SOSS_HDU4_ordem_2,jw05959010001_04102_00001-seg001_nis_x1dints.fits,seg001,4,456,60783.075922332704,TDB-MID,368.1787788614324,4.794764318595304,1778,0.5866384887837632,1.4160575472955537,456,0.6358836576791626,0.6233584589148508
TOI-2076_b,NIRISS_SOSS,obs10,SOSS_HDU4_ordem_2,jw05959010001_04102_00001-seg001_nis_x1dints.fits,seg001,4,457,60783.07599940572,TDB-MID,319.64727534069505,4.794726225131717,1778,0.5866384887837632,1.4160575472955537,457,0.5520646226254061,0.5411904335412501
TOI-2076_b,NIRISS_SOSS,obs10,SOSS_HDU4_ordem_2,jw05959010001_04102_00001-seg001_nis_x1dints.fits,seg001,4,458,60783.076076478734,TDB-MID,521.4732202057243,4.794902361135867,1778,0.5866384887837632,1.4160575472955537,458,0.9006393569764833,0.8828991826146125
TOI-2076_b,NIRISS_SOSS,obs10,SOSS_HDU4_ordem_2,jw05959010001_04102_00001-seg001_nis_x1dints.fits,seg001,4,459,60783.07615355175,TDB-MID,856.1799866570782,4.795289835157026,1778,0.5866384887837632,1.4160575472955537,459,1.4787133121328029,1.4495866347505038
TOI-2076_b,NIRISS_SOSS,obs10,SOSS_HDU4_ordem_2,jw05959010001_04102_00001-seg002_nis_x1dints.fits,seg002,4,0,60783.07623062476,TDB-MID,601.1250088123595,4.795319737298945,1778,0.5866384887837632,1.4160575472955537,460,1.0382064129499537,1.0202573335909393
TOI-2076_b,NIRISS_SOSS,obs10,SOSS_HDU4_ordem_2,jw05959010001_04102_00001-seg002_nis_x1dints.fits,seg002,4,1,60783.076307697775,TDB-MID,1077.5149462783568,4.795895366104316,1778,0.5866384887837632,1.4160575472955537,461,1.8609821765455952,1.8288085005252193
TOI-2076_b,NIRISS_SOSS,obs10,SOSS_HDU4_ordem_2,jw05959010001_04102_00001-seg002_nis_x1dints.fits,seg002,4,2,60783.07638477079,TDB-MID,26.348027775516215,4.794564193505701,1778,0.5866384887837632,1.4160575472955537,462,0.04550582824555745,0.04471909863929699
TOI-2076_b,NIRISS_SOSS,obs10,SOSS_HDU4_ordem_2,jw05959010001_04102_00001-seg002_nis_x1dints.fits,seg002,4,3,60783.076461843804,TDB-MID,763.8151416972194,4.79623629389069,1778,0.5866384887837632,1.4160575472955537,463,1.319189464409497,1.2963825966316505
TOI-2076_b,NIRISS_SOSS,obs10,SOSS_HDU4_ordem_2,jw05959010001_04102_00001-seg002_nis_x1dints.fits,seg002,4,4,60783.07653891682,TDB-MID,210.83626583153392,4.794787944054887,1778,0.5866384887837632,1.4160575472955537,464,0.36413651080859705,0.3578411199802481
TOI-2076_b,NIRISS_SOSS,obs10,SOSS_HDU4_ordem_2,jw05959010001_04102_00001-seg002_nis_x1dints.fits,seg002,4,5,60783.07661598984,TDB-MID,808.1669198817708,4.798427968437553,1778,0.5866384887837632,1.4160575472955537,465,1.3957896721232115,1.3716584981283924
TOI-2076_b,NIRISS_SOSS,obs10,SOSS_HDU4_ordem_2,jw05959010001_04102_00001-seg002_nis_x1dints.fits,seg002,4,6,60783.07669306285,TDB-MID,793.9099425827492,4.795445639325302,1778,0.5866384887837632,1.4160575472955537,466,1.3711663657491018,1.3474608929199443
TOI-2076_b,NIRISS_SOSS,obs10,SOSS_HDU4_ordem_2,jw05959010001_04102_00001-seg002_nis_x1dints.fits,seg002,4,7,60783.07677013587,TDB-MID,509.62401546871774,4.795118026747838,1778,0.5866384887837632,1.4160575472955537,467,0.8801745282537157,0.8649575904074931
TOI-2076_b,NIRISS_SOSS,obs10,SOSS_HDU4_ordem_2,jw05959010001_04102_00001-seg002_nis_x1dints.fits,seg002,4,8,60783.07684720889,TDB-MID,752.5803541427755,4.795584723945764,1778,0.5866384887837632,1.4160575472955537,468,1.299785799088371,1.277314392471581
TOI-2076_b,NIRISS_SOSS,obs10,SOSS_HDU4_ordem_2,jw05959010001_04102_00001-seg002_nis_x1dints.fits,seg002,4,9,60783.0769242819,TDB-MID,686.2618833417446,4.79529879089151,1778,0.5866384887837632,1.4160575472955537,469,1.1852467919379355,1.164755598218506
TOI-2076_b,NIRISS_SOSS,obs10,SOSS_HDU4_ordem_2,jw05959010001_04102_00001-seg002_nis_x1dints.fits,seg002,4,10,60783.07700135492,TDB-MID,411.8586973111129,4.795020321119456,1778,0.5866384887837632,1.4160575472955537,470,0.7113234926332676,0.6990257436885966
TOI-2076_b,NIRISS_SOSS,obs10,SOSS_HDU4_ordem_2,jw05959010001_04102_00001-seg002_nis_x1dints.fits,seg002,4,11,60783.07707842793,TDB-MID,310.7102816485026,4.794941398544291,1778,0.5866384887837632,1.4160575472955537,471,0.5366294901193425,0.5273519464783132
TOI-2076_b,NIRISS_SOSS,obs10,SOSS_HDU4_ordem_2,jw05959010001_04102_00001-seg002_nis_x1dints.fits,seg002,4,12,60783.07715550094,TDB-MID,645.4443970481655,4.7953321654577765,1778,0.5866384887837632,1.4160575472955537,472,1.114750679799439,1.095478261359658
TOI-2076_b,NIRISS_SOSS,obs10,SOSS_HDU4_ordem_2,jw05959010001_04102_00001-seg002_nis_x1dints.fits,seg002,4,13,60783.07723257396,TDB-MID,678.6604993053732,4.795364341141905,1778,0.5866384887837632,1.4160575472955537,473,1.1721183984454604,1.1518541755612266
TOI-2076_b,NIRISS_SOSS,obs10,SOSS_HDU4_ordem_2,jw05959010001_04102_00001-seg002_nis_x1dints.fits,seg002,4,14,60783.07730964697,TDB-MID,653.7734661358252,4.795353711412751,1778,0.5866384887837632,1.4160575472955537,474,1.1291358622722096,1.1096147449430969
TOI-2076_b,NIRISS_SOSS,obs10,SOSS_HDU4_ordem_2,jw05959010001_04102_00001-seg002_nis_x1dints.fits,seg002,4,15,60783.07738671999,TDB-MID,835.5052899290183,4.795539165127746,1778,0.5866384887837632,1.4160575472955537,475,1.443005926124567,1.418058451749077
TOI-2076_b,NIRISS_SOSS,obs10,SOSS_HDU4_ordem_2,jw05959010001_04102_00001-seg002_nis_x1dints.fits,seg002,4,16,60783.077463793,TDB-MID,461.07537095462146,4.7951027800094,1778,0.5866384887837632,1.4160575472955537,476,0.7963258888930869,0.7825585721080105
TOI-2076_b,NIRISS_SOSS,obs10,SOSS_HDU4_ordem_2,jw05959010001_04102_00001-seg002_nis_x1dints.fits,seg002,4,17,60783.07754086602,TDB-MID,827.0181001194727,4.795421150897551,1778,0.5866384887837632,1.4160575472955537,477,1.4283476524559957,1.4036535983195466
TOI-2076_b,NIRISS_SOSS,obs10,SOSS_HDU4_ordem_2,jw05959010001_04102_00001-seg002_nis_x1dints.fits,seg002,4,18,60783.07761793904,TDB-MID,726.0765342209463,4.795622317652198,1778,0.5866384887837632,1.4160575472955537,478,1.2540109013430953,1.232330876152997
TOI-2076_b,NIRISS_SOSS,obs10,SOSS_HDU4_ordem_2,jw05959010001_04102_00001-seg002_nis_x1dints.fits,seg002,4,19,60783.07769501205,TDB-MID,190.4554434385393,4.794694763110265,1778,0.5866384887837632,1.4160575472955537,479,0.32893667683162475,0.3232498399532381
TOI-2076_b,NIRISS_SOSS,obs10,SOSS_HDU4_ordem_2,jw05959010001_04102_00001-seg002_nis_x1dints.fits,seg002,4,20,60783.07777208507,TDB-MID,226.1205373481639,4.7948289851742745,1778,0.5866384887837632,1.4160575472955537,480,0.3905340628538602,0.38378229673189523
TOI-2076_b,NIRISS_SOSS,obs10,SOSS_HDU4_ordem_2,jw05959010001_04102_00001-seg002_nis_x1dints.fits,seg002,4,21,60783.07784915808,TDB-MID,591.4495170175362,4.795564478795942,1778,0.5866384887837632,1.4160575472955537,481,1.0214958161812777,1.0038356387436884
TOI-2076_b,NIRISS_SOSS,obs10,SOSS_HDU4_ordem_2,jw05959010001_04102_00001-seg002_nis_x1dints.fits,seg002,4,22,60783.0779262311,TDB-MID,557.1469448025249,4.795494978875376,1778,0.5866384887837632,1.4160575472955537,482,0.962251649107503,0.945615717179383
TOI-2076_b,NIRISS_SOSS,obs10,SOSS_HDU4_ordem_2,jw05959010001_04102_00001-seg002_nis_x1dints.fits,seg002,4,23,60783.078003304116,TDB-MID,280.2150391822713,4.794992687225663,1778,0.5866384887837632,1.4160575472955537,483,0.48396098385397124,0.4755940021078467
TOI-2076_b,NIRISS_SOSS,obs10,SOSS_HDU4_ordem_2,jw05959010001_04102_00001-seg002_nis_x1dints.fits,seg002,4,24,60783.07808037713,TDB-MID,891.71410935174,4.795574285035724,1778,0.5866384887837632,1.4160575472955537,484,1.540084497026666,1.5134586753096004
TOI-2076_b,NIRISS_SOSS,obs10,SOSS_HDU4_ordem_2,jw05959010001_04102_00001-seg002_nis_x1dints.fits,seg002,4,25,60783.07815745014,TDB-MID,564.3037276447621,4.795137654738258,1778,0.5866384887837632,1.4160575472955537,485,0.974612169355331,0.9577625420039505
TOI-2076_b,NIRISS_SOSS,obs10,SOSS_HDU4_ordem_2,jw05959010001_04102_00001-seg002_nis_x1dints.fits,seg002,4,26,60783.07823452315,TDB-MID,340.3117921836162,4.794908829000893,1778,0.5866384887837632,1.4160575472955537,486,0.5877544268962678,0.5775930074324855
TOI-2076_b,NIRISS_SOSS,obs10,SOSS_HDU4_ordem_2,jw05959010001_04102_00001-seg002_nis_x1dints.fits,seg002,4,27,60783.07831159617,TDB-MID,263.362620409599,4.795798358154532,1778,0.5866384887837632,1.4160575472955537,487,0.45485507578657286,0.44699129287181893
TOI-2076_b,NIRISS_SOSS,obs10,SOSS_HDU4_ordem_2,jw05959010001_04102_00001-seg002_nis_x1dints.fits,seg002,4,28,60783.078388669186,TDB-MID,455.73920139914026,4.795034157159442,1778,0.5866384887837632,1.4160575472955537,488,0.7871097601812996,0.7735017768616762
TOI-2076_b,NIRISS_SOSS,obs10,SOSS_HDU4_ordem_2,jw05959010001_04102_00001-seg002_nis_x1dints.fits,seg002,4,29,60783.0784657422,TDB-MID,392.36226837865655,4.795102075288816,1778,0.5866384887837632,1.4160575472955537,489,0.6776510996192255,0.665935497391121
TOI-2076_b,NIRISS_SOSS,obs10,SOSS_HDU4_ordem_2,jw05959010001_04102_00001-seg002_nis_x1dints.fits,seg002,4,30,60783.078542815216,TDB-MID,767.1363625190093,4.795434574620861,1778,0.5866384887837632,1.4160575472955537,490,1.3249255637323611,1.302019527137338
TOI-2076_b,NIRISS_SOSS,obs10,SOSS_HDU4_ordem_2,jw05959010001_04102_00001-seg002_nis_x1dints.fits,seg002,4,31,60783.07861988823,TDB-MID,1019.3822243770835,4.795797331297962,1778,0.5866384887837632,1.4160575472955537,491,1.7605808227583375,1.7301429401643953
TOI-2076_b,NIRISS_SOSS,obs10,SOSS_HDU4_ordem_2,jw05959010001_04102_00001-seg002_nis_x1dints.fits,seg002,4,32,60783.078696961245,TDB-MID,908.4503336846966,4.795659995018056,1778,0.5866384887837632,1.4160575472955537,492,1.568989725018051,1.5418641739363461
TOI-2076_b,NIRISS_SOSS,obs10,SOSS_HDU4_ordem_2,jw05959010001_04102_00001-seg002_nis_x1dints.fits,seg002,4,33,60783.078774034264,TDB-MID,346.3558223573714,4.795179780074274,1778,0.5866384887837632,1.4160575472955537,493,0.5981931056976256,0.5878512166548928
TOI-2076_b,NIRISS_SOSS,obs10,SOSS_HDU4_ordem_2,jw05959010001_04102_00001-seg002_nis_x1dints.fits,seg002,4,34,60783.078851107275,TDB-MID,260.82124309599754,4.79480803611322,1778,0.5866384887837632,1.4160575472955537,494,0.45046584861081557,0.4426779490521262
TOI-2076_b,NIRISS_SOSS,obs10,SOSS_HDU4_ordem_2,jw05959010001_04102_00001-seg002_nis_x1dints.fits,seg002,4,35,60783.07892818029,TDB-MID,702.839577815316,4.795328729177921,1778,0.5866384887837632,1.4160575472955537,495,1.2138782221098239,1.1928920325919605
TOI-2076_b,NIRISS_SOSS,obs10,SOSS_HDU4_ordem_2,jw05959010001_04102_00001-seg002_nis_x1dints.fits,seg002,4,36,60783.0790052533,TDB-MID,562.1450868912211,4.795187763818063,1778,0.5866384887837632,1.4160575472955537,496,0.9708839686637492,0.9540987964816344
TOI-2076_b,NIRISS_SOSS,obs10,SOSS_HDU4_ordem_2,jw05959010001_04102_00001-seg002_nis_x1dints.fits,seg002,4,37,60783.079082326316,TDB-MID,643.6142212237866,4.796421669141076,1778,0.5866384887837632,1.4160575472955537,497,1.111589772750421,1.0923720017976537
TOI-2076_b,NIRISS_SOSS,obs10,SOSS_HDU4_ordem_2,jw05959010001_04102_00001-seg002_nis_x1dints.fits,seg002,4,38,60783.079159399334,TDB-MID,1077.990981105323,4.795877275882712,1778,0.5866384887837632,1.4160575472955537,498,1.8618043389958323,1.829616448982091
TOI-2076_b,NIRISS_SOSS,obs10,SOSS_HDU4_ordem_2,jw05959010001_04102_00001-seg002_nis_x1dints.fits,seg002,4,39,60783.079236472346,TDB-MID,568.3805562105784,4.795145207059658,1778,0.5866384887837632,1.4160575472955537,499,0.981653283099526,0.9646819251290759
TOI-2076_b,NIRISS_SOSS,obs10,SOSS_HDU4_ordem_2,jw05959010001_04102_00001-seg002_nis_x1dints.fits,seg002,4,40,60783.079313545364,TDB-MID,609.3273287346003,4.79525092878819,1778,0.5866384887837632,1.4160575472955537,500,1.052372686220071,1.0341786925935512
TOI-2076_b,NIRISS_SOSS,obs10,SOSS_HDU4_ordem_2,jw05959010001_04102_00001-seg002_nis_x1dints.fits,seg002,4,41,60783.079390618375,TDB-MID,713.5565074899619,4.795422839683112,1778,0.5866384887837632,1.4160575472955537,501,1.2323874921489015,1.2110813042639845
TOI-2076_b,NIRISS_SOSS,obs10,SOSS_HDU4_ordem_2,jw05959010001_04102_00001-seg002_nis_x1dints.fits,seg002,4,42,60783.079467691394,TDB-MID,383.69670134533214,4.794984161787948,1778,0.5866384887837632,1.4160575472955537,502,0.6626847496355179,0.651227893838009
TOI-2076_b,NIRISS_SOSS,obs10,SOSS_HDU4_ordem_2,jw05959010001_04102_00001-seg002_nis_x1dints.fits,seg002,4,43,60783.079544764405,TDB-MID,613.320804247076,4.795171172720367,1778,0.5866384887837632,1.4160575472955537,503,1.059269840432973,1.040956605038367
TOI-2076_b,NIRISS_SOSS,obs10,SOSS_HDU4_ordem_2,jw05959010001_04102_00001-seg002_nis_x1dints.fits,seg002,4,44,60783.07962183742,TDB-MID,803.4288876848859,4.795508803225194,1778,0.5866384887837632,1.4160575472955537,504,1.3876065898367371,1.3636168894366956
TOI-2076_b,NIRISS_SOSS,obs10,SOSS_HDU4_ordem_2,jw05959010001_04102_00001-seg002_nis_x1dints.fits,seg002,4,45,60783.07969891044,TDB-MID,336.1158655694329,4.794984366775468,1778,0.5866384887837632,1.4160575472955537,505,0.5805076182370854,0.5704714855583787
TOI-2076_b,NIRISS_SOSS,obs10,SOSS_HDU4_ordem_2,jw05959010001_04102_00001-seg002_nis_x1dints.fits,seg002,4,46,60783.07977598345,TDB-MID,517.6269427411632,4.795228666615839,1778,0.5866384887837632,1.4160575472955537,506,0.8939964293472011,0.8785405309277005
TOI-2076_b,NIRISS_SOSS,obs10,SOSS_HDU4_ordem_2,jw05959010001_04102_00001-seg002_nis_x1dints.fits,seg002,4,47,60783.07985305647,TDB-MID,459.95877932419023,4.795087800399358,1778,0.5866384887837632,1.4160575472955537,507,0.7943974171536556,0.7806634408410141
TOI-2076_b,NIRISS_SOSS,obs10,SOSS_HDU4_ordem_2,jw05959010001_04102_00001-seg002_nis_x1dints.fits,seg002,4,48,60783.07993012948,TDB-MID,463.3091806184643,4.795050452722128,1778,0.5866384887837632,1.4160575472955537,508,0.8001839142360903,0.7863498978022861
TOI-2076_b,NIRISS_SOSS,obs10,SOSS_HDU4_ordem_2,jw05959010001_04102_00001-seg002_nis_x1dints.fits,seg002,4,49,60783.080007202494,TDB-MID,797.8295360669181,4.7954721052279305,1778,0.5866384887837632,1.4160575472955537,509,1.3779359178917765,1.3541134093487972
TOI-2076_b,NIRISS_SOSS,obs10,SOSS_HDU4_ordem_2,jw05959010001_04102_00001-seg002_nis_x1dints.fits,seg002,4,50,60783.08008427551,TDB-MID,272.11367748868133,4.79484149803693,1778,0.5866384887837632,1.4160575472955537,510,0.46996907611330085,0.4618439941081996
TOI-2076_b,NIRISS_SOSS,obs10,SOSS_HDU4_ordem_2,jw05959010001_04102_00001-seg002_nis_x1dints.fits,seg002,4,51,60783.080161348524,TDB-MID,545.9655463082654,4.795147238570146,1778,0.5866384887837632,1.4160575472955537,511,0.9429401923351018,0.9266381274162994
TOI-2076_b,NIRISS_SOSS,obs10,SOSS_HDU4_ordem_2,jw05959010001_04102_00001-seg002_nis_x1dints.fits,seg002,4,52,60783.08023842154,TDB-MID,744.2222101263246,4.795448422409329,1778,0.5866384887837632,1.4160575472955537,512,1.285350401141141,1.2631285615662244
TOI-2076_b,NIRISS_SOSS,obs10,SOSS_HDU4_ordem_2,jw05959010001_04102_00001-seg002_nis_x1dints.fits,seg002,4,53,60783.08031549455,TDB-MID,654.3524690751639,4.796452815335555,1778,0.5866384887837632,1.4160575472955537,513,1.1301358615334713,1.1105974556711002
TOI-2076_b,NIRISS_SOSS,obs10,SOSS_HDU4_ordem_2,jw05959010001_04102_00001-seg002_nis_x1dints.fits,seg002,4,54,60783.08039256757,TDB-MID,601.6379260509004,4.795266362944973,1778,0.5866384887837632,1.4160575472955537,514,1.0390922752224583,1.021127880592769
TOI-2076_b,NIRISS_SOSS,obs10,SOSS_HDU4_ordem_2,jw05959010001_04102_00001-seg002_nis_x1dints.fits,seg002,4,55,60783.08046964058,TDB-MID,622.9957069801897,4.795339819031559,1778,0.5866384887837632,1.4160575472955537,515,1.0759794198298285,1.0573773001026765
TOI-2076_b,NIRISS_SOSS,obs10,SOSS_HDU4_ordem_2,jw05959010001_04102_00001-seg002_nis_x1dints.fits,seg002,4,56,60783.0805467136,TDB-MID,713.3380471583599,4.795371366530389,1778,0.5866384887837632,1.4160575472955537,516,1.232010188070849,1.2107105232248527
TOI-2076_b,NIRISS_SOSS,obs10,SOSS_HDU4_ordem_2,jw05959010001_04102_00001-seg002_nis_x1dints.fits,seg002,4,57,60783.08062378662,TDB-MID,614.2802617502896,4.795234638649389,1778,0.5866384887837632,1.4160575472955537,517,1.060926924929852,1.042585040953646
TOI-2076_b,NIRISS_SOSS,obs10,SOSS_HDU4_ordem_2,jw05959010001_04102_00001-seg002_nis_x1dints.fits,seg002,4,58,60783.08070085963,TDB-MID,861.9254206509602,4.795597232434177,1778,0.5866384887837632,1.4160575472955537,518,1.4886362837779417,1.4628999268637923
TOI-2076_b,NIRISS_SOSS,obs10,SOSS_HDU4_ordem_2,jw05959010001_04102_00001-seg002_nis_x1dints.fits,seg002,4,59,60783.08077793265,TDB-MID,355.85829648072666,4.794912627940193,1778,0.5866384887837632,1.4160575472955537,519,0.6146048826643663,0.6039792578601085
TOI-2076_b,NIRISS_SOSS,obs10,SOSS_HDU4_ordem_2,jw05959010001_04102_00001-seg002_nis_x1dints.fits,seg002,4,60,60783.08085500565,TDB-MID,734.2104655138913,4.795457619927118,1778,0.5866384887837632,1.4160575472955537,520,1.2680590602235817,1.2461361627920402
TOI-2076_b,NIRISS_SOSS,obs10,SOSS_HDU4_ordem_2,jw05959010001_04102_00001-seg002_nis_x1dints.fits,seg002,4,61,60783.08093207867,TDB-MID,681.4835081100446,4.795382878303084,1778,0.5866384887837632,1.4160575472955537,521,1.1769940329671624,1.1566455174510744
TOI-2076_b,NIRISS_SOSS,obs10,SOSS_HDU4_ordem_2,jw05959010001_04102_00001-seg002_nis_x1dints.fits,seg002,4,62,60783.08100915168,TDB-MID,506.5189807399239,4.79515376704636,1778,0.5866384887837632,1.4160575472955537,522,0.8748118051585061,0.8596875809973616
TOI-2076_b,NIRISS_SOSS,obs10,SOSS_HDU4_ordem_2,jw05959010001_04102_00001-seg002_nis_x1dints.fits,seg002,4,63,60783.0810862247,TDB-MID,452.0666821878678,4.794983584854719,1778,0.5866384887837632,1.4160575472955537,523,0.7807669314170166,0.7672686063844454
TOI-2076_b,NIRISS_SOSS,obs10,SOSS_HDU4_ordem_2,jw05959010001_04102_00001-seg002_nis_x1dints.fits,seg002,4,64,60783.08116329771,TDB-MID,590.575335528158,4.795216747384251,1778,0.5866384887837632,1.4160575472955537,524,1.0199860123716713,1.0023519372467409
TOI-2076_b,NIRISS_SOSS,obs10,SOSS_HDU4_ordem_2,jw05959010001_04102_00001-seg002_nis_x1dints.fits,seg002,4,65,60783.08124037073,TDB-MID,635.4463343869734,4.795251021427377,1778,0.5866384887837632,1.4160575472955537,525,1.0974829690574872,1.0785090842297027
TOI-2076_b,NIRISS_SOSS,obs10,SOSS_HDU4_ordem_2,jw05959010001_04102_00001-seg002_nis_x1dints.fits,seg002,4,66,60783.08131744375,TDB-MID,597.0195057190354,4.795177779441936,1778,0.5866384887837632,1.4160575472955537,526,1.0311157752666271,1.0132892827235833
TOI-2076_b,NIRISS_SOSS,obs10,SOSS_HDU4_ordem_2,jw05959010001_04102_00001-seg002_nis_x1dints.fits,seg002,4,67,60783.08139451676,TDB-MID,606.8929225902411,4.795294393629338,1778,0.5866384887837632,1.4160575472955537,527,1.0481682095575682,1.0300469052193604
TOI-2076_b,NIRISS_SOSS,obs10,SOSS_HDU4_ordem_2,jw05959010001_04102_00001-seg002_nis_x1dints.fits,seg002,4,68,60783.08147158978,TDB-MID,592.9671127330404,4.795256847952208,1778,0.5866384887837632,1.4160575472955537,528,1.0241168643509664,1.0064113728014485
TOI-2076_b,NIRISS_SOSS,obs10,SOSS_HDU4_ordem_2,jw05959010001_04102_00001-seg002_nis_x1dints.fits,seg002,4,69,60783.08154866279,TDB-MID,438.75964185689463,4.7950558763558355,1778,0.5866384887837632,1.4160575472955537,529,0.7577842665694915,0.7446832783960308
TOI-2076_b,NIRISS_SOSS,obs10,SOSS_HDU4_ordem_2,jw05959010001_04102_00001-seg002_nis_x1dints.fits,seg002,4,70,60783.08162573581,TDB-MID,640.4594522985745,4.795328734339433,1778,0.5866384887837632,1.4160575472955537,530,1.1061411534424315,1.0870175811953708
TOI-2076_b,NIRISS_SOSS,obs10,SOSS_HDU4_ordem_2,jw05959010001_04102_00001-seg002_nis_x1dints.fits,seg002,4,71,60783.08170280882,TDB-MID,600.7273227284708,4.7951401620596945,1778,0.5866384887837632,1.4160575472955537,531,1.0375195670583646,1.0195823622661624
TOI-2076_b,NIRISS_SOSS,obs10,SOSS_HDU4_ordem_2,jw05959010001_04102_00001-seg002_nis_x1dints.fits,seg002,4,72,60783.08177988184,TDB-MID,464.82674271816074,4.795029192915182,1778,0.5866384887837632,1.4160575472955537,532,0.8028049043477268,0.7889255748057332
TOI-2076_b,NIRISS_SOSS,obs10,SOSS_HDU4_ordem_2,jw05959010001_04102_00001-seg002_nis_x1dints.fits,seg002,4,73,60783.08185695485,TDB-MID,550.6344435425644,4.795872512264412,1778,0.5866384887837632,1.4160575472955537,533,0.9510038712354862,0.9345623970328426
TOI-2076_b,NIRISS_SOSS,obs10,SOSS_HDU4_ordem_2,jw05959010001_04102_00001-seg002_nis_x1dints.fits,seg002,4,74,60783.08193402786,TDB-MID,602.4232850470246,4.795262876840806,1778,0.5866384887837632,1.4160575472955537,534,1.0404486732000684,1.0224608284215084
TOI-2076_b,NIRISS_SOSS,obs10,SOSS_HDU4_ordem_2,jw05959010001_04102_00001-seg002_nis_x1dints.fits,seg002,4,75,60783.08201110088,TDB-MID,683.7452150433594,4.7953273946746435,1778,0.5866384887837632,1.4160575472955537,535,1.1809002398425343,1.1604841916890785
TOI-2076_b,NIRISS_SOSS,obs10,SOSS_HDU4_ordem_2,jw05959010001_04102_00001-seg002_nis_x1dints.fits,seg002,4,76,60783.08208817389,TDB-MID,746.5655101043128,4.795560543990917,1778,0.5866384887837632,1.4160575472955537,536,1.2893975278268521,1.26710571931594
TOI-2076_b,NIRISS_SOSS,obs10,SOSS_HDU4_ordem_2,jw05959010001_04102_00001-seg002_nis_x1dints.fits,seg002,4,77,60783.08216524691,TDB-MID,428.166121704838,4.795772534139183,1778,0.5866384887837632,1.4160575472955537,537,0.7394881378169896,0.7267034631076389
TOI-2076_b,NIRISS_SOSS,obs10,SOSS_HDU4_ordem_2,jw05959010001_04102_00001-seg002_nis_x1dints.fits,seg002,4,78,60783.08224231992,TDB-MID,48.22438411261851,4.794715321226402,1778,0.5866384887837632,1.4160575472955537,538,0.08328860738168142,0.08184866845918157
TOI-2076_b,NIRISS_SOSS,obs10,SOSS_HDU4_ordem_2,jw05959010001_04102_00001-seg002_nis_x1dints.fits,seg002,4,79,60783.08231939294,TDB-MID,672.9368009710005,4.79544316379733,1778,0.5866384887837632,1.4160575472955537,539,1.162232966581168,1.1421396484407473
TOI-2076_b,NIRISS_SOSS,obs10,SOSS_HDU4_ordem_2,jw05959010001_04102_00001-seg002_nis_x1dints.fits,seg002,4,80,60783.08239646595,TDB-MID,479.3101995895638,4.795083431769047,1778,0.5866384887837632,1.4160575472955537,540,0.8278193648761333,0.8135075716818766
TOI-2076_b,NIRISS_SOSS,obs10,SOSS_HDU4_ordem_2,jw05959010001_04102_00001-seg002_nis_x1dints.fits,seg002,4,81,60783.08247353897,TDB-MID,815.1525493815141,4.795402033342671,1778,0.5866384887837632,1.4160575472955537,541,1.4078545924622516,1.3835148335368015
TOI-2076_b,NIRISS_SOSS,obs10,SOSS_HDU4_ordem_2,jw05959010001_04102_00001-seg002_nis_x1dints.fits,seg002,4,82,60783.08255061198,TDB-MID,334.4604678513845,4.794853024070492,1778,0.5866384887837632,1.4160575472955537,542,0.5776485714470407,0.5676618675303658
TOI-2076_b,NIRISS_SOSS,obs10,SOSS_HDU4_ordem_2,jw05959010001_04102_00001-seg002_nis_x1dints.fits,seg002,4,83,60783.082627685,TDB-MID,449.7676454495156,4.795076763609716,1778,0.5866384887837632,1.4160575472955537,543,0.7767962520235897,0.7633665742644825
TOI-2076_b,NIRISS_SOSS,obs10,SOSS_HDU4_ordem_2,jw05959010001_04102_00001-seg002_nis_x1dints.fits,seg002,4,84,60783.08270475802,TDB-MID,317.5349757873321,4.794882432841498,1778,0.5866384887837632,1.4160575472955537,544,0.5484164580835491,0.5389351349043155
TOI-2076_b,NIRISS_SOSS,obs10,SOSS_HDU4_ordem_2,jw05959010001_04102_00001-seg002_nis_x1dints.fits,seg002,4,85,60783.08278183102,TDB-MID,852.9168103882894,4.795534549395586,1778,0.5866384887837632,1.4160575472955537,545,1.4730774618867184,1.4476100943810093
TOI-2076_b,NIRISS_SOSS,obs10,SOSS_HDU4_ordem_2,jw05959010001_04102_00001-seg002_nis_x1dints.fits,seg002,4,86,60783.08285890404,TDB-MID,321.87547001867455,4.794872727833276,1778,0.5866384887837632,1.4160575472955537,546,0.5559129502944707,0.5463020236645845
TOI-2076_b,NIRISS_SOSS,obs10,SOSS_HDU4_ordem_2,jw05959010001_04102_00001-seg002_nis_x1dints.fits,seg002,4,87,60783.08293597705,TDB-MID,877.5600142299611,4.795501004166596,1778,0.5866384887837632,1.4160575472955537,547,1.5156388790445308,1.4894356865191831
TOI-2076_b,NIRISS_SOSS,obs10,SOSS_HDU4_ordem_2,jw05959010001_04102_00001-seg002_nis_x1dints.fits,seg002,4,88,60783.08301305007,TDB-MID,640.3668851790086,4.795340580948392,1778,0.5866384887837632,1.4160575472955537,548,1.1059812802450883,1.086860471973159
TOI-2076_b,NIRISS_SOSS,obs10,SOSS_HDU4_ordem_2,jw05959010001_04102_00001-seg002_nis_x1dints.fits,seg002,4,89,60783.08309012308,TDB-MID,481.931284776615,4.795210710815083,1778,0.5866384887837632,1.4160575472955537,549,0.8323462559723146,0.8179561994129685
TOI-2076_b,NIRISS_SOSS,obs10,SOSS_HDU4_ordem_2,jw05959010001_04102_00001-seg002_nis_x1dints.fits,seg002,4,90,60783.0831671961,TDB-MID,839.8954643605509,4.79556882946272,1778,0.5866384887837632,1.4160575472955537,550,1.4505882212910766,1.4255096600565869
TOI-2076_b,NIRISS_SOSS,obs10,SOSS_HDU4_ordem_2,jw05959010001_04102_00001-seg002_nis_x1dints.fits,seg002,4,91,60783.08324426911,TDB-MID,686.6890332506055,4.795392619308199,1778,0.5866384887837632,1.4160575472955537,551,1.1859845249687846,1.1654805769178933
TOI-2076_b,NIRISS_SOSS,obs10,SOSS_HDU4_ordem_2,jw05959010001_04102_00001-seg002_nis_x1dints.fits,seg002,4,92,60783.08332134213,TDB-MID,853.2562257492704,4.795475431512444,1778,0.5866384887837632,1.4160575472955537,552,1.473663668082199,1.4481861659236963
TOI-2076_b,NIRISS_SOSS,obs10,SOSS_HDU4_ordem_2,jw05959010001_04102_00001-seg002_nis_x1dints.fits,seg002,4,93,60783.08339841514,TDB-MID,530.4615923116796,4.79514598988887,1778,0.5866384887837632,1.4160575472955537,553,0.9161632254324308,0.9003240953384711
TOI-2076_b,NIRISS_SOSS,obs10,SOSS_HDU4_ordem_2,jw05959010001_04102_00001-seg002_nis_x1dints.fits,seg002,4,94,60783.08347548816,TDB-MID,449.8880444562875,4.795120115216614,1778,0.5866384887837632,1.4160575472955537,554,0.7770041938312185,0.7635709210605985
TOI-2076_b,NIRISS_SOSS,obs10,SOSS_HDU4_ordem_2,jw05959010001_04102_00001-seg002_nis_x1dints.fits,seg002,4,95,60783.08355256118,TDB-MID,671.6249398033059,4.79551691766208,1778,0.5866384887837632,1.4160575472955537,555,1.1599672437161497,1.1399130966297724
TOI-2076_b,NIRISS_SOSS,obs10,SOSS_HDU4_ordem_2,jw05959010001_04102_00001-seg002_nis_x1dints.fits,seg002,4,96,60783.08362963419,TDB-MID,665.810482841863,4.795254749591754,1778,0.5866384887837632,1.4160575472955537,556,1.1499250621121633,1.130044529744689
TOI-2076_b,NIRISS_SOSS,obs10,SOSS_HDU4_ordem_2,jw05959010001_04102_00001-seg002_nis_x1dints.fits,seg002,4,97,60783.0837067072,TDB-MID,777.5774114867515,4.7955367069143,1778,0.5866384887837632,1.4160575472955537,557,1.3429583586374525,1.3197405612376616
TOI-2076_b,NIRISS_SOSS,obs10,SOSS_HDU4_ordem_2,jw05959010001_04102_00001-seg002_nis_x1dints.fits,seg002,4,98,60783.08378378021,TDB-MID,594.759721608074,4.7951931921882505,1778,0.5866384887837632,1.4160575472955537,558,1.02721288930865,1.009453871989141
TOI-2076_b,NIRISS_SOSS,obs10,SOSS_HDU4_ordem_2,jw05959010001_04102_00001-seg002_nis_x1dints.fits,seg002,4,99,60783.08386085323,TDB-MID,694.4222085597021,4.795335784965779,1778,0.5866384887837632,1.4160575472955537,559,1.1993405359160458,1.1786056818551145
TOI-2076_b,NIRISS_SOSS,obs10,SOSS_HDU4_ordem_2,jw05959010001_04102_00001-seg002_nis_x1dints.fits,seg002,4,100,60783.08393792624,TDB-MID,961.6197181200987,4.795878958580786,1778,0.5866384887837632,1.4160575472955537,560,1.6608188705105933,1.6321057270201373
TOI-2076_b,NIRISS_SOSS,obs10,SOSS_HDU4_ordem_2,jw05959010001_04102_00001-seg002_nis_x1dints.fits,seg002,4,101,60783.08401499926,TDB-MID,577.2669456620566,4.795211453929347,1778,0.5866384887837632,1.4160575472955537,561,0.9970010167343702,0.9797643187645166
TOI-2076_b,NIRISS_SOSS,obs10,SOSS_HDU4_ordem_2,jw05959010001_04102_00001-seg002_nis_x1dints.fits,seg002,4,102,60783.08409207227,TDB-MID,473.86535563365567,4.795119434794339,1778,0.5866384887837632,1.4160575472955537,562,0.8184155439908501,0.8042663291868274
TOI-2076_b,NIRISS_SOSS,obs10,SOSS_HDU4_ordem_2,jw05959010001_04102_00001-seg002_nis_x1dints.fits,seg002,4,103,60783.08416914529,TDB-MID,683.0044998888002,4.795285909251977,1778,0.5866384887837632,1.4160575472955537,563,1.179620946496959,1.159227015465394
TOI-2076_b,NIRISS_SOSS,obs10,SOSS_HDU4_ordem_2,jw05959010001_04102_00001-seg002_nis_x1dints.fits,seg002,4,104,60783.0842462183,TDB-MID,787.0831133195247,4.795503519524395,1778,0.5866384887837632,1.4160575472955537,564,1.35937571019944,1.3358740806614775
TOI-2076_b,NIRISS_SOSS,obs10,SOSS_HDU4_ordem_2,jw05959010001_04102_00001-seg002_nis_x1dints.fits,seg002,4,105,60783.08432329132,TDB-MID,270.17050114742415,4.7948794570819615,1778,0.5866384887837632,1.4160575472955537,565,0.4666130052305212,0.4585459448113571
TOI-2076_b,NIRISS_SOSS,obs10,SOSS_HDU4_ordem_2,jw05959010001_04102_00001-seg002_nis_x1dints.fits,seg002,4,106,60783.08440036433,TDB-MID,383.23963557687796,4.794944009382554,1778,0.5866384887837632,1.4160575472955537,566,0.6618953487538501,0.6504521405498201
TOI-2076_b,NIRISS_SOSS,obs10,SOSS_HDU4_ordem_2,jw05959010001_04102_00001-seg002_nis_x1dints.fits,seg002,4,107,60783.08447743735,TDB-MID,879.997029317996,4.7955271085400515,1778,0.5866384887837632,1.4160575472955537,567,1.5198478616284568,1.4935719019139673
TOI-2076_b,NIRISS_SOSS,obs10,SOSS_HDU4_ordem_2,jw05959010001_04102_00001-seg002_nis_x1dints.fits,seg002,4,108,60783.08455451036,TDB-MID,769.0458918252277,4.795437650535138,1778,0.5866384887837632,1.4160575472955537,568,1.3282235226300432,1.305260469120812
TOI-2076_b,NIRISS_SOSS,obs10,SOSS_HDU4_ordem_2,jw05959010001_04102_00001-seg002_nis_x1dints.fits,seg002,4,109,60783.08463158337,TDB-MID,-10.39712563559712,4.795191663145829,1778,0.5866384887837632,1.4160575472955537,569,-0.017956934668962914,-0.01764648537737932
TOI-2076_b,NIRISS_SOSS,obs10,SOSS_HDU4_ordem_2,jw05959010001_04102_00001-seg002_nis_x1dints.fits,seg002,4,110,60783.08470865638,TDB-MID,734.4055619305715,4.795381828799178,1778,0.5866384887837632,1.4160575472955537,570,1.2683960123516276,1.2464672895077102
TOI-2076_b,NIRISS_SOSS,obs10,SOSS_HDU4_ordem_2,jw05959010001_04102_00001-seg002_nis_x1dints.fits,seg002,4,111,60783.0847857294,TDB-MID,387.0402806460447,4.794944730133062,1778,0.5866384887837632,1.4160575472955537,571,0.6684594644141707,0.6569027721944004
TOI-2076_b,NIRISS_SOSS,obs10,SOSS_HDU4_ordem_2,jw05959010001_04102_00001-seg002_nis_x1dints.fits,seg002,4,112,60783.08486280242,TDB-MID,888.5692393364637,4.796629130655964,1778,0.5866384887837632,1.4160575472955537,572,1.5346529741821837,1.5081210555978284
TOI-2076_b,NIRISS_SOSS,obs10,SOSS_HDU4_ordem_2,jw05959010001_04102_00001-seg002_nis_x1dints.fits,seg002,4,113,60783.08493987543,TDB-MID,479.95842050022964,4.795180409288369,1778,0.5866384887837632,1.4160575472955537,573,0.8289389108883531,0.8146077623713314
TOI-2076_b,NIRISS_SOSS,obs10,SOSS_HDU4_ordem_2,jw05959010001_04102_00001-seg002_nis_x1dints.fits,seg002,4,114,60783.08501694845,TDB-MID,547.0075033257917,4.795213666485052,1778,0.5866384887837632,1.4160575472955537,574,0.9447397622111768,0.9284065853457375
TOI-2076_b,NIRISS_SOSS,obs10,SOSS_HDU4_ordem_2,jw05959010001_04102_00001-seg002_nis_x1dints.fits,seg002,4,115,60783.08509402146,TDB-MID,472.6713440811793,4.795077170717259,1778,0.5866384887837632,1.4160575472955537,575,0.8163533598648455,0.8022397972260077
TOI-2076_b,NIRISS_SOSS,obs10,SOSS_HDU4_ordem_2,jw05959010001_04102_00001-seg002_nis_x1dints.fits,seg002,4,116,60783.08517109448,TDB-MID,413.76844604275345,4.795041757360793,1778,0.5866384887837632,1.4160575472955537,576,0.7146218305018408,0.7022670580911062
TOI-2076_b,NIRISS_SOSS,obs10,SOSS_HDU4_ordem_2,jw05959010001_04102_00001-seg002_nis_x1dints.fits,seg002,4,117,60783.08524816749,TDB-MID,773.74789244683,4.7955430990782295,1778,0.5866384887837632,1.4160575472955537,577,1.336344374578437,1.3132409233464926
TOI-2076_b,NIRISS_SOSS,obs10,SOSS_HDU4_ordem_2,jw05959010001_04102_00001-seg002_nis_x1dints.fits,seg002,4,118,60783.08532524051,TDB-MID,484.8107480279985,4.79512147719022,1778,0.5866384887837632,1.4160575472955537,578,0.8373193932892039,0.8228433584164407
TOI-2076_b,NIRISS_SOSS,obs10,SOSS_HDU4_ordem_2,jw05959010001_04102_00001-seg002_nis_x1dints.fits,seg002,4,119,60783.08540231352,TDB-MID,495.8082504294926,4.795163624360352,1778,0.5866384887837632,1.4160575472955537,579,0.8563132420765327,0.8415088311747214
TOI-2076_b,NIRISS_SOSS,obs10,SOSS_HDU4_ordem_2,jw05959010001_04102_00001-seg002_nis_x1dints.fits,seg002,4,120,60783.08547938654,TDB-MID,626.0541649481034,4.795232439923355,1778,0.5866384887837632,1.4160575472955537,580,1.0812616999370885,1.0625682572671584
TOI-2076_b,NIRISS_SOSS,obs10,SOSS_HDU4_ordem_2,jw05959010001_04102_00001-seg002_nis_x1dints.fits,seg002,4,121,60783.08555645955,TDB-MID,379.7740457193932,4.799188243467922,1778,0.5866384887837632,1.4160575472955537,581,0.6559099088504206,0.6445701801996713
TOI-2076_b,NIRISS_SOSS,obs10,SOSS_HDU4_ordem_2,jw05959010001_04102_00001-seg002_nis_x1dints.fits,seg002,4,122,60783.08563353256,TDB-MID,793.351196652351,4.795447003493967,1778,0.5866384887837632,1.4160575472955537,582,1.3702013524829009,1.3465125633300157
TOI-2076_b,NIRISS_SOSS,obs10,SOSS_HDU4_ordem_2,jw05959010001_04102_00001-seg002_nis_x1dints.fits,seg002,4,123,60783.08571060557,TDB-MID,609.4661501411658,4.795465482372045,1778,0.5866384887837632,1.4160575472955537,583,1.0526124454588952,1.034414306743739
TOI-2076_b,NIRISS_SOSS,obs10,SOSS_HDU4_ordem_2,jw05959010001_04102_00001-seg002_nis_x1dints.fits,seg002,4,124,60783.08578767859,TDB-MID,258.6551971996536,4.794867297982105,1778,0.5866384887837632,1.4160575472955537,584,0.4467248584550888,0.4390016351769049
TOI-2076_b,NIRISS_SOSS,obs10,SOSS_HDU4_ordem_2,jw05959010001_04102_00001-seg002_nis_x1dints.fits,seg002,4,125,60783.0858647516,TDB-MID,534.2466707891609,4.795240334264923,1778,0.5866384887837632,1.4160575472955537,585,0.9227004559439409,0.9067483066393738
TOI-2076_b,NIRISS_SOSS,obs10,SOSS_HDU4_ordem_2,jw05959010001_04102_00001-seg002_nis_x1dints.fits,seg002,4,126,60783.08594182462,TDB-MID,316.28081498692495,4.795046072262204,1778,0.5866384887837632,1.4160575472955537,586,0.5462503898502117,0.5368065148413345
TOI-2076_b,NIRISS_SOSS,obs10,SOSS_HDU4_ordem_2,jw05959010001_04102_00001-seg002_nis_x1dints.fits,seg002,4,127,60783.08601889763,TDB-MID,848.1941061230273,4.795480029465613,1778,0.5866384887837632,1.4160575472955537,587,1.464920852557906,1.4395945009680275
TOI-2076_b,NIRISS_SOSS,obs10,SOSS_HDU4_ordem_2,jw05959010001_04102_00001-seg002_nis_x1dints.fits,seg002,4,128,60783.08609597065,TDB-MID,738.1259126301884,4.795438275424072,1778,0.5866384887837632,1.4160575472955537,588,1.274821451150782,1.2527816418124222
TOI-2076_b,NIRISS_SOSS,obs10,SOSS_HDU4_ordem_2,jw05959010001_04102_00001-seg002_nis_x1dints.fits,seg002,4,129,60783.08617304366,TDB-MID,590.5214641047896,4.7952320965606186,1778,0.5866384887837632,1.4160575472955537,589,1.019892970730755,1.0022605041605162
TOI-2076_b,NIRISS_SOSS,obs10,SOSS_HDU4_ordem_2,jw05959010001_04102_00001-seg002_nis_x1dints.fits,seg002,4,130,60783.08625011668,TDB-MID,315.8194786420053,4.794930614025715,1778,0.5866384887837632,1.4160575472955537,590,0.5454536132317032,0.5360235133320708
TOI-2076_b,NIRISS_SOSS,obs10,SOSS_HDU4_ordem_2,jw05959010001_04102_00001-seg002_nis_x1dints.fits,seg002,4,131,60783.08632718969,TDB-MID,450.2937734127328,4.794976833311676,1778,0.5866384887837632,1.4160575472955537,591,0.777704930613628,0.7642595431228904
TOI-2076_b,NIRISS_SOSS,obs10,SOSS_HDU4_ordem_2,jw05959010001_04102_00001-seg002_nis_x1dints.fits,seg002,4,132,60783.08640426271,TDB-MID,393.7527709115682,4.795344101225534,1778,0.5866384887837632,1.4160575472955537,592,0.680052644432249,0.6682955229861012
TOI-2076_b,NIRISS_SOSS,obs10,SOSS_HDU4_ordem_2,jw05959010001_04102_00001-seg002_nis_x1dints.fits,seg002,4,133,60783.08648133571,TDB-MID,608.4144236915406,4.795333610632309,1778,0.5866384887837632,1.4160575472955537,593,1.0507960027412195,1.0326292676795987
TOI-2076_b,NIRISS_SOSS,obs10,SOSS_HDU4_ordem_2,jw05959010001_04102_00001-seg002_nis_x1dints.fits,seg002,4,134,60783.08655840873,TDB-MID,528.4958090083562,4.795108664058431,1778,0.5866384887837632,1.4160575472955537,594,0.9127681099372155,0.8969876764537723
TOI-2076_b,NIRISS_SOSS,obs10,SOSS_HDU4_ordem_2,jw05959010001_04102_00001-seg002_nis_x1dints.fits,seg002,4,135,60783.08663548174,TDB-MID,445.8813201495331,4.795908736743194,1778,0.5866384887837632,1.4160575472955537,595,0.7700841575505565,0.7567705221457045
TOI-2076_b,NIRISS_SOSS,obs10,SOSS_HDU4_ordem_2,jw05959010001_04102_00001-seg002_nis_x1dints.fits,seg002,4,136,60783.08671255476,TDB-MID,465.5510620424517,4.795337804938937,1778,0.5866384887837632,1.4160575472955537,596,0.804055880361831,0.7901549232634351
TOI-2076_b,NIRISS_SOSS,obs10,SOSS_HDU4_ordem_2,jw05959010001_04102_00001-seg002_nis_x1dints.fits,seg002,4,137,60783.08678962777,TDB-MID,656.7745062478037,4.795279366523481,1778,0.5866384887837632,1.4160575472955537,597,1.1343189756747476,1.1147082498509961
TOI-2076_b,NIRISS_SOSS,obs10,SOSS_HDU4_ordem_2,jw05959010001_04102_00001-seg002_nis_x1dints.fits,seg002,4,138,60783.08686670079,TDB-MID,494.00666679909796,4.795181792251996,1778,0.5866384887837632,1.4160575472955537,598,0.8532017167679505,0.8384510996146604
TOI-2076_b,NIRISS_SOSS,obs10,SOSS_HDU4_ordem_2,jw05959010001_04102_00001-seg002_nis_x1dints.fits,seg002,4,139,60783.0869437738,TDB-MID,266.44633246351975,4.794837846735244,1778,0.5866384887837632,1.4160575472955537,599,0.4601809723690439,0.45222511244607244
TOI-2076_b,NIRISS_SOSS,obs10,SOSS_HDU4_ordem_2,jw05959010001_04102_00001-seg002_nis_x1dints.fits,seg002,4,140,60783.08702084682,TDB-MID,920.9119493831815,4.795667858851099,1778,0.5866384887837632,1.4160575472955537,600,1.5905122521866442,1.5630146079033014
TOI-2076_b,NIRISS_SOSS,obs10,SOSS_HDU4_ordem_2,jw05959010001_04102_00001-seg002_nis_x1dints.fits,seg002,4,141,60783.08709791983,TDB-MID,629.5178322044815,4.795244838726336,1778,0.5866384887837632,1.4160575472955537,601,1.0872438193052396,1.0684469544892556
TOI-2076_b,NIRISS_SOSS,obs10,SOSS_HDU4_ordem_2,jw05959010001_04102_00001-seg002_nis_x1dints.fits,seg002,4,142,60783.08717499285,TDB-MID,616.1361901533883,4.795285423397755,1778,0.5866384887837632,1.4160575472955537,602,1.0641323094036736,1.0457350089904478
TOI-2076_b,NIRISS_SOSS,obs10,SOSS_HDU4_ordem_2,jw05959010001_04102_00001-seg002_nis_x1dints.fits,seg002,4,143,60783.08725206586,TDB-MID,523.2744291335755,4.795163415426503,1778,0.5866384887837632,1.4160575472955537,603,0.9037502351341771,0.8881257075943598
TOI-2076_b,NIRISS_SOSS,obs10,SOSS_HDU4_ordem_2,jw05959010001_04102_00001-seg002_nis_x1dints.fits,seg002,4,144,60783.08732913888,TDB-MID,1035.4489981832971,4.795880563307346,1778,0.5866384887837632,1.4160575472955537,604,1.7883298389471385,1.7574122162095267
TOI-2076_b,NIRISS_SOSS,obs10,SOSS_HDU4_ordem_2,jw05959010001_04102_00001-seg002_nis_x1dints.fits,seg002,4,145,60783.08740621189,TDB-MID,697.2393846651047,4.795318819353986,1778,0.5866384887837632,1.4160575472955537,605,1.2042060967497514,1.1833871242163845
TOI-2076_b,NIRISS_SOSS,obs10,SOSS_HDU4_ordem_2,jw05959010001_04102_00001-seg002_nis_x1dints.fits,seg002,4,146,60783.0874832849,TDB-MID,753.0051532070448,4.795365782012119,1778,0.5866384887837632,1.4160575472955537,606,1.3005194719621895,1.2780353812081497
TOI-2076_b,NIRISS_SOSS,obs10,SOSS_HDU4_ordem_2,jw05959010001_04102_00001-seg002_nis_x1dints.fits,seg002,4,147,60783.08756035791,TDB-MID,726.8792753484956,4.795382031658803,1778,0.5866384887837632,1.4160575472955537,607,1.2553973200985,1.233693325743932
TOI-2076_b,NIRISS_SOSS,obs10,SOSS_HDU4_ordem_2,jw05959010001_04102_00001-seg002_nis_x1dints.fits,seg002,4,148,60783.08763743093,TDB-MID,808.2952512938759,4.795530296007117,1778,0.5866384887837632,1.4160575472955537,608,1.3960113140330928,1.3718763081719123
TOI-2076_b,NIRISS_SOSS,obs10,SOSS_HDU4_ordem_2,jw05959010001_04102_00001-seg002_nis_x1dints.fits,seg002,4,149,60783.08771450394,TDB-MID,462.55338118754264,4.7950993090816505,1778,0.5866384887837632,1.4160575472955537,609,0.798878568751235,0.7850671198429309
TOI-2076_b,NIRISS_SOSS,obs10,SOSS_HDU4_ordem_2,jw05959010001_04102_00001-seg002_nis_x1dints.fits,seg002,4,150,60783.08779157696,TDB-MID,526.5383563276372,4.7951439034668875,1778,0.5866384887837632,1.4160575472955537,610,0.9093873823075604,0.8936653966893577
TOI-2076_b,NIRISS_SOSS,obs10,SOSS_HDU4_ordem_2,jw05959010001_04102_00001-seg002_nis_x1dints.fits,seg002,4,151,60783.08786864997,TDB-MID,866.6312442151059,4.795636561771229,1778,0.5866384887837632,1.4160575472955537,611,1.4967637383520902,1.4708868695654282
TOI-2076_b,NIRISS_SOSS,obs10,SOSS_HDU4_ordem_2,jw05959010001_04102_00001-seg002_nis_x1dints.fits,seg002,4,152,60783.08794572299,TDB-MID,655.7268698105663,4.795273893749538,1778,0.5866384887837632,1.4160575472955537,612,1.1325095968406698,1.112930152546177
TOI-2076_b,NIRISS_SOSS,obs10,SOSS_HDU4_ordem_2,jw05959010001_04102_00001-seg002_nis_x1dints.fits,seg002,4,153,60783.088022796,TDB-MID,331.1436225219702,4.794921283015262,1778,0.5866384887837632,1.4160575472955537,613,0.5719200290618811,0.5620323633139174
TOI-2076_b,NIRISS_SOSS,obs10,SOSS_HDU4_ordem_2,jw05959010001_04102_00001-seg002_nis_x1dints.fits,seg002,4,154,60783.08809986902,TDB-MID,730.3250694528734,4.795498044791065,1778,0.5866384887837632,1.4160575472955537,614,1.2613485706444358,1.2395416878208678
TOI-2076_b,NIRISS_SOSS,obs10,SOSS_HDU4_ordem_2,jw05959010001_04102_00001-seg002_nis_x1dints.fits,seg002,4,155,60783.08817694203,TDB-MID,838.4832212267784,4.799418237227542,1778,0.5866384887837632,1.4160575472955537,615,1.44814912816297,1.4231127353022972
TOI-2076_b,NIRISS_SOSS,obs10,SOSS_HDU4_ordem_2,jw05959010001_04102_00001-seg002_nis_x1dints.fits,seg002,4,156,60783.08825401505,TDB-MID,557.5305026188358,4.795179610199985,1778,0.5866384887837632,1.4160575472955537,616,0.9629140939880078,0.9462667093510786
TOI-2076_b,NIRISS_SOSS,obs10,SOSS_HDU4_ordem_2,jw05959010001_04102_00001-seg002_nis_x1dints.fits,seg002,4,157,60783.08833108805,TDB-MID,1074.6985717828136,4.795887695132441,1778,0.5866384887837632,1.4160575472955537,617,1.8561180001768254,1.8240284186934992
TOI-2076_b,NIRISS_SOSS,obs10,SOSS_HDU4_ordem_2,jw05959010001_04102_00001-seg002_nis_x1dints.fits,seg002,4,158,60783.08840816107,TDB-MID,233.92504503639347,4.794739886554976,1778,0.5866384887837632,1.4160575472955537,618,0.4040132723577962,0.3970284703018732
TOI-2076_b,NIRISS_SOSS,obs10,SOSS_HDU4_ordem_2,jw05959010001_04102_00001-seg002_nis_x1dints.fits,seg002,4,159,60783.08848523408,TDB-MID,731.3341274224589,4.7954149625932,1778,0.5866384887837632,1.4160575472955537,619,1.2630913203881733,1.2412543079554417
TOI-2076_b,NIRISS_SOSS,obs10,SOSS_HDU4_ordem_2,jw05959010001_04102_00001-seg002_nis_x1dints.fits,seg002,4,160,60783.0885623071,TDB-MID,502.42302538263954,4.79551135378143,1778,0.5866384887837632,1.4160575472955537,620,0.8677376574242588,0.8527357349918415
TOI-2076_b,NIRISS_SOSS,obs10,SOSS_HDU4_ordem_2,jw05959010001_04102_00001-seg002_nis_x1dints.fits,seg002,4,161,60783.08863938011,TDB-MID,554.9178890073092,4.795162406313939,1778,0.5866384887837632,1.4160575472955537,621,0.9584018341979748,0.9418324599721253
TOI-2076_b,NIRISS_SOSS,obs10,SOSS_HDU4_ordem_2,jw05959010001_04102_00001-seg002_nis_x1dints.fits,seg002,4,162,60783.08871645313,TDB-MID,729.8842025227964,4.795354579475948,1778,0.5866384887837632,1.4160575472955537,622,1.2605871468684264,1.2387934279548585
TOI-2076_b,NIRISS_SOSS,obs10,SOSS_HDU4_ordem_2,jw05959010001_04102_00001-seg002_nis_x1dints.fits,seg002,4,163,60783.08879352614,TDB-MID,467.1870600201062,4.7950986424974245,1778,0.5866384887837632,1.4160575472955537,623,0.8068814217501851,0.7929316151494367
TOI-2076_b,NIRISS_SOSS,obs10,SOSS_HDU4_ordem_2,jw05959010001_04102_00001-seg002_nis_x1dints.fits,seg002,4,164,60783.08887059916,TDB-MID,481.5063674989692,4.795636724583545,1778,0.5866384887837632,1.4160575472955537,624,0.8316123789315031,0.8172350100391573
TOI-2076_b,NIRISS_SOSS,obs10,SOSS_HDU4_ordem_2,jw05959010001_04102_00001-seg002_nis_x1dints.fits,seg002,4,165,60783.08894767217,TDB-MID,275.29052139057137,4.794852474160275,1778,0.5866384887837632,1.4160575472955537,625,0.475455821238744,0.46723588138798616
TOI-2076_b,NIRISS_SOSS,obs10,SOSS_HDU4_ordem_2,jw05959010001_04102_00001-seg002_nis_x1dints.fits,seg002,4,166,60783.08902474518,TDB-MID,695.2274827591159,4.795446401450642,1778,0.5866384887837632,1.4160575472955537,626,1.2007313295542381,1.1799724306934747
TOI-2076_b,NIRISS_SOSS,obs10,SOSS_HDU4_ordem_2,jw05959010001_04102_00001-seg002_nis_x1dints.fits,seg002,4,167,60783.0891018182,TDB-MID,671.8131948933885,4.798115866794321,1778,0.5866384887837632,1.4160575472955537,627,1.1602923801502174,1.1402326119276338
TOI-2076_b,NIRISS_SOSS,obs10,SOSS_HDU4_ordem_2,jw05959010001_04102_00001-seg002_nis_x1dints.fits,seg002,4,168,60783.08917889121,TDB-MID,45.44525450049298,4.794517650846311,1778,0.5866384887837632,1.4160575472955537,628,0.07848875686235544,0.07713180037649647
TOI-2076_b,NIRISS_SOSS,obs10,SOSS_HDU4_ordem_2,jw05959010001_04102_00001-seg002_nis_x1dints.fits,seg002,4,169,60783.08925596423,TDB-MID,634.6808410922661,4.795312300544366,1778,0.5866384887837632,1.4160575472955537,629,1.0961608812454937,1.0772098533937027
TOI-2076_b,NIRISS_SOSS,obs10,SOSS_HDU4_ordem_2,jw05959010001_04102_00001-seg002_nis_x1dints.fits,seg002,4,170,60783.089333037235,TDB-MID,424.86948300067763,4.795051335149204,1778,0.5866384887837632,1.4160575472955537,630,0.7337944944089398,0.721108254515728
TOI-2076_b,NIRISS_SOSS,obs10,SOSS_HDU4_ordem_2,jw05959010001_04102_00001-seg002_nis_x1dints.fits,seg002,4,171,60783.08941011025,TDB-MID,944.7512812540392,4.797216409930623,1778,0.5866384887837632,1.4160575472955537,631,1.6316852975032339,1.6034758311307364
TOI-2076_b,NIRISS_SOSS,obs10,SOSS_HDU4_ordem_2,jw05959010001_04102_00001-seg002_nis_x1dints.fits,seg002,4,172,60783.089487183264,TDB-MID,401.8685372272996,4.795185596313303,1778,0.5866384887837632,1.4160575472955537,632,0.6940694304775386,0.6820699791806528
TOI-2076_b,NIRISS_SOSS,obs10,SOSS_HDU4_ordem_2,jw05959010001_04102_00001-seg002_nis_x1dints.fits,seg002,4,173,60783.08956425628,TDB-MID,709.9403480420797,4.7954160070439125,1778,0.5866384887837632,1.4160575472955537,633,1.2261420026517034,1.2049437901994389
TOI-2076_b,NIRISS_SOSS,obs10,SOSS_HDU4_ordem_2,jw05959010001_04102_00001-seg002_nis_x1dints.fits,seg002,4,174,60783.089641329294,TDB-MID,1197.2366587218403,4.7960535603390095,1778,0.5866384887837632,1.4160575472955537,634,2.0677542252975605,2.0320057611946014
TOI-2076_b,NIRISS_SOSS,obs10,SOSS_HDU4_ordem_2,jw05959010001_04102_00001-seg002_nis_x1dints.fits,seg002,4,175,60783.08971840231,TDB-MID,482.5934437588363,4.795152331585245,1778,0.5866384887837632,1.4160575472955537,635,0.8334898745069899,0.8190800464459661
TOI-2076_b,NIRISS_SOSS,obs10,SOSS_HDU4_ordem_2,jw05959010001_04102_00001-seg002_nis_x1dints.fits,seg002,4,176,60783.08979547532,TDB-MID,522.7871347135186,4.795141395090442,1778,0.5866384887837632,1.4160575472955537,636,0.9029086261768368,0.8872986488322179
TOI-2076_b,NIRISS_SOSS,obs10,SOSS_HDU4_ordem_2,jw05959010001_04102_00001-seg002_nis_x1dints.fits,seg002,4,177,60783.08987254834,TDB-MID,526.6414336238646,4.795698704854442,1778,0.5866384887837632,1.4160575472955537,637,0.9095654076906405,0.8938403442724079
TOI-2076_b,NIRISS_SOSS,obs10,SOSS_HDU4_ordem_2,jw05959010001_04102_00001-seg002_nis_x1dints.fits,seg002,4,178,60783.08994962135,TDB-MID,538.1732432671363,4.795187272643079,1778,0.5866384887837632,1.4160575472955537,638,0.929482061546411,0.9134126681412277
TOI-2076_b,NIRISS_SOSS,obs10,SOSS_HDU4_ordem_2,jw05959010001_04102_00001-seg002_nis_x1dints.fits,seg002,4,179,60783.09002669437,TDB-MID,827.3104172700141,4.795674448211574,1778,0.5866384887837632,1.4160575472955537,639,1.4288525150650344,1.40414973258813
TOI-2076_b,NIRISS_SOSS,obs10,SOSS_HDU4_ordem_2,jw05959010001_04102_00001-seg002_nis_x1dints.fits,seg002,4,180,60783.09010376738,TDB-MID,256.9521104365189,4.794859500865047,1778,0.5866384887837632,1.4160575472955537,640,0.4437834476447318,0.4361110770827361
TOI-2076_b,NIRISS_SOSS,obs10,SOSS_HDU4_ordem_2,jw05959010001_04102_00001-seg002_nis_x1dints.fits,seg002,4,181,60783.090180840394,TDB-MID,567.5072230226763,4.79528616934365,1778,0.5866384887837632,1.4160575472955537,641,0.9801449443962114,0.9631996634088624
TOI-2076_b,NIRISS_SOSS,obs10,SOSS_HDU4_ordem_2,jw05959010001_04102_00001-seg002_nis_x1dints.fits,seg002,4,182,60783.090257913405,TDB-MID,563.3395322216222,4.795196299649936,1778,0.5866384887837632,1.4160575472955537,642,0.9729469019700685,0.9561260646705305
TOI-2076_b,NIRISS_SOSS,obs10,SOSS_HDU4_ordem_2,jw05959010001_04102_00001-seg002_nis_x1dints.fits,seg002,4,183,60783.09033498642,TDB-MID,631.737893567813,4.795268210965962,1778,0.5866384887837632,1.4160575472955537,643,1.0910780998804348,1.0722149459282342
TOI-2076_b,NIRISS_SOSS,obs10,SOSS_HDU4_ordem_2,jw05959010001_04102_00001-seg002_nis_x1dints.fits,seg002,4,184,60783.090412059435,TDB-MID,619.0623154386437,4.795277818265162,1778,0.5866384887837632,1.4160575472955537,644,1.0691860369839805,1.050701364968859
TOI-2076_b,NIRISS_SOSS,obs10,SOSS_HDU4_ordem_2,jw05959010001_04102_00001-seg002_nis_x1dints.fits,seg002,4,185,60783.090489132446,TDB-MID,561.8510611719313,4.795152431325669,1778,0.5866384887837632,1.4160575472955537,645,0.9703761551759322,0.9535997623506763
TOI-2076_b,NIRISS_SOSS,obs10,SOSS_HDU4_ordem_2,jw05959010001_04102_00001-seg002_nis_x1dints.fits,seg002,4,186,60783.090566205465,TDB-MID,1042.0096937155708,4.795755809925868,1778,0.5866384887837632,1.4160575472955537,646,1.7996608534202776,1.7685473339173792
TOI-2076_b,NIRISS_SOSS,obs10,SOSS_HDU4_ordem_2,jw05959010001_04102_00001-seg002_nis_x1dints.fits,seg002,4,187,60783.090643278476,TDB-MID,1087.0382397613398,4.797866355958885,1778,0.5866384887837632,1.4160575472955537,647,1.877429910746459,1.8449718773162604
TOI-2076_b,NIRISS_SOSS,obs10,SOSS_HDU4_ordem_2,jw05959010001_04102_00001-seg002_nis_x1dints.fits,seg002,4,188,60783.090720351494,TDB-MID,720.7184182003044,4.79556390284904,1778,0.5866384887837632,1.4160575472955537,648,1.2447568687668251,1.2232368323448854
TOI-2076_b,NIRISS_SOSS,obs10,SOSS_HDU4_ordem_2,jw05959010001_04102_00001-seg002_nis_x1dints.fits,seg002,4,189,60783.090797424506,TDB-MID,640.3871667031392,4.795330293607473,1778,0.5866384887837632,1.4160575472955537,649,1.106016308580473,1.086894894719555
TOI-2076_b,NIRISS_SOSS,obs10,SOSS_HDU4_ordem_2,jw05959010001_04102_00001-seg002_nis_x1dints.fits,seg002,4,190,60783.090874497524,TDB-MID,750.7918742787091,4.795996432573674,1778,0.5866384887837632,1.4160575472955537,650,1.296696905368953,1.2742789012334133
TOI-2076_b,NIRISS_SOSS,obs10,SOSS_HDU4_ordem_2,jw05959010001_04102_00001-seg002_nis_x1dints.fits,seg002,4,191,60783.090951570535,TDB-MID,1058.5842564506293,4.795933451448894,1778,0.5866384887837632,1.4160575472955537,651,1.8282868747488135,1.7966784529585187
TOI-2076_b,NIRISS_SOSS,obs10,SOSS_HDU4_ordem_2,jw05959010001_04102_00001-seg002_nis_x1dints.fits,seg002,4,192,60783.091028643554,TDB-MID,399.8117895787964,4.794915392399766,1778,0.5866384887837632,1.4160575472955537,652,0.6905172099457151,0.6785791713770029
TOI-2076_b,NIRISS_SOSS,obs10,SOSS_HDU4_ordem_2,jw05959010001_04102_00001-seg002_nis_x1dints.fits,seg002,4,193,60783.091105716565,TDB-MID,579.7020942476215,4.795883766165941,1778,0.5866384887837632,1.4160575472955537,653,1.0012067756712915,0.9838973662444656
TOI-2076_b,NIRISS_SOSS,obs10,SOSS_HDU4_ordem_2,jw05959010001_04102_00001-seg002_nis_x1dints.fits,seg002,4,194,60783.09118278957,TDB-MID,647.5798473096066,4.795285942200945,1778,0.5866384887837632,1.4160575472955537,654,1.1184388280605537,1.0991026468997949
TOI-2076_b,NIRISS_SOSS,obs10,SOSS_HDU4_ordem_2,jw05959010001_04102_00001-seg002_nis_x1dints.fits,seg002,4,195,60783.09125986259,TDB-MID,416.2809030838873,4.795046070087089,1778,0.5866384887837632,1.4160575472955537,655,0.7189611093109524,0.706531317078789
TOI-2076_b,NIRISS_SOSS,obs10,SOSS_HDU4_ordem_2,jw05959010001_04102_00001-seg002_nis_x1dints.fits,seg002,4,196,60783.0913369356,TDB-MID,139.77028444953862,4.79607820984981,1778,0.5866384887837632,1.4160575472955537,656,0.2413980512007715,0.2372246298810142
TOI-2076_b,NIRISS_SOSS,obs10,SOSS_HDU4_ordem_2,jw05959010001_04102_00001-seg002_nis_x1dints.fits,seg002,4,197,60783.09141400862,TDB-MID,702.274083959761,4.795432167378756,1778,0.5866384887837632,1.4160575472955537,657,1.212901554463803,1.191932250109494
TOI-2076_b,NIRISS_SOSS,obs10,SOSS_HDU4_ordem_2,jw05959010001_04102_00001-seg002_nis_x1dints.fits,seg002,4,198,60783.09149108163,TDB-MID,575.8696728485164,4.796836682793495,1778,0.5866384887837632,1.4160575472955537,658,0.9945877789312648,0.9773928023342517
TOI-2076_b,NIRISS_SOSS,obs10,SOSS_HDU4_ordem_2,jw05959010001_04102_00001-seg002_nis_x1dints.fits,seg002,4,199,60783.09156815465,TDB-MID,716.5932126416701,4.795420418258737,1778,0.5866384887837632,1.4160575472955537,659,1.2376322028438875,1.2162353415367055
TOI-2076_b,NIRISS_SOSS,obs10,SOSS_HDU4_ordem_2,jw05959010001_04102_00001-seg002_nis_x1dints.fits,seg002,4,200,60783.09164522766,TDB-MID,367.4388907290959,4.794889046086508,1778,0.5866384887837632,1.4160575472955537,660,0.6346057926883597,0.6236343812305085
TOI-2076_b,NIRISS_SOSS,obs10,SOSS_HDU4_ordem_2,jw05959010001_04102_00001-seg002_nis_x1dints.fits,seg002,4,201,60783.091722300676,TDB-MID,468.02959627491856,4.7950618176894295,1778,0.5866384887837632,1.4160575472955537,661,0.8083365708956469,0.7943616068819166
TOI-2076_b,NIRISS_SOSS,obs10,SOSS_HDU4_ordem_2,jw05959010001_04102_00001-seg002_nis_x1dints.fits,seg002,4,202,60783.09179937369,TDB-MID,456.73341562806456,4.7951082228879605,1778,0.5866384887837632,1.4160575472955537,662,0.7888268732163315,0.775189203508963
TOI-2076_b,NIRISS_SOSS,obs10,SOSS_HDU4_ordem_2,jw05959010001_04102_00001-seg002_nis_x1dints.fits,seg002,4,203,60783.0918764467,TDB-MID,668.3697245328713,4.795294914252982,1778,0.5866384887837632,1.4160575472955537,663,1.154345142955486,1.1343881938168954
TOI-2076_b,NIRISS_SOSS,obs10,SOSS_HDU4_ordem_2,jw05959010001_04102_00001-seg002_nis_x1dints.fits,seg002,4,204,60783.09195351972,TDB-MID,626.602677525152,4.795289355440028,1778,0.5866384887837632,1.4160575472955537,664,1.0822090391206647,1.0634992183336531
TOI-2076_b,NIRISS_SOSS,obs10,SOSS_HDU4_ordem_2,jw05959010001_04102_00001-seg002_nis_x1dints.fits,seg002,4,205,60783.09203059273,TDB-MID,614.672580149134,4.795292563621034,1778,0.5866384887837632,1.4160575472955537,665,1.06160450026215,1.0432509019936225
TOI-2076_b,NIRISS_SOSS,obs10,SOSS_HDU4_ordem_2,jw05959010001_04102_00001-seg002_nis_x1dints.fits,seg002,4,206,60783.09210766574,TDB-MID,456.3248696738648,4.795103510018571,1778,0.5866384887837632,1.4160575472955537,666,0.7881212711811193,0.7744958003070155
TOI-2076_b,NIRISS_SOSS,obs10,SOSS_HDU4_ordem_2,jw05959010001_04102_00001-seg002_nis_x1dints.fits,seg002,4,207,60783.09218473875,TDB-MID,419.23263545797573,4.79504742365144,1778,0.5866384887837632,1.4160575472955537,667,0.7240590630396536,0.7115411345997925
TOI-2076_b,NIRISS_SOSS,obs10,SOSS_HDU4_ordem_2,jw05959010001_04102_00001-seg002_nis_x1dints.fits,seg002,4,208,60783.09226181177,TDB-MID,519.9286477950363,4.79511364567318,1778,0.5866384887837632,1.4160575472955537,668,0.8979717172035017,0.8824470918369146
TOI-2076_b,NIRISS_SOSS,obs10,SOSS_HDU4_ordem_2,jw05959010001_04102_00001-seg002_nis_x1dints.fits,seg002,4,209,60783.09233888478,TDB-MID,474.1730261891595,4.7951131682052965,1778,0.5866384887837632,1.4160575472955537,669,0.8189469235527004,0.8047885219686631
TOI-2076_b,NIRISS_SOSS,obs10,SOSS_HDU4_ordem_2,jw05959010001_04102_00001-seg002_nis_x1dints.fits,seg002,4,210,60783.0924159578,TDB-MID,218.6409464717757,4.79476549574084,1778,0.5866384887837632,1.4160575472955537,670,0.37761601901893443,0.3710875870924282
TOI-2076_b,NIRISS_SOSS,obs10,SOSS_HDU4_ordem_2,jw05959010001_04102_00001-seg002_nis_x1dints.fits,seg002,4,211,60783.09249303081,TDB-MID,908.4987760545486,4.79561936704613,1778,0.5866384887837632,1.4160575472955537,671,1.5690733901098397,1.5419463925803445
TOI-2076_b,NIRISS_SOSS,obs10,SOSS_HDU4_ordem_2,jw05959010001_04102_00001-seg002_nis_x1dints.fits,seg002,4,212,60783.09257010382,TDB-MID,426.4421692858315,4.79499126335011,1778,0.5866384887837632,1.4160575472955537,672,0.7365106898140038,0.7237774908515049
TOI-2076_b,NIRISS_SOSS,obs10,SOSS_HDU4_ordem_2,jw05959010001_04102_00001-seg002_nis_x1dints.fits,seg002,4,213,60783.09264717684,TDB-MID,454.9389268968978,4.795120609393136,1778,0.5866384887837632,1.4160575472955537,673,0.7857276015484557,0.772143513741977
TOI-2076_b,NIRISS_SOSS,obs10,SOSS_HDU4_ordem_2,jw05959010001_04102_00001-seg002_nis_x1dints.fits,seg002,4,214,60783.09272424985,TDB-MID,339.32487545014635,4.794872451828436,1778,0.5866384887837632,1.4160575472955537,674,0.5860499174070346,0.5759179664340157
TOI-2076_b,NIRISS_SOSS,obs10,SOSS_HDU4_ordem_2,jw05959010001_04102_00001-seg002_nis_x1dints.fits,seg002,4,215,60783.09280132287,TDB-MID,722.4731679459323,4.79454632378246,1778,0.5866384887837632,1.4160575472955537,675,1.2477875070073343,1.2262150752566732
TOI-2076_b,NIRISS_SOSS,obs10,SOSS_HDU4_ordem_2,jw05959010001_04102_00001-seg002_nis_x1dints.fits,seg002,4,216,60783.09287839588,TDB-MID,281.83035251859866,4.794919828863856,1778,0.5866384887837632,1.4160575472955537,676,0.4867508006809436,0.47833558705819046
TOI-2076_b,NIRISS_SOSS,obs10,SOSS_HDU4_ordem_2,jw05959010001_04102_00001-seg002_nis_x1dints.fits,seg002,4,217,60783.0929554689,TDB-MID,220.34165397461862,4.794791823829609,1778,0.5866384887837632,1.4160575472955537,677,0.3805533205953438,0.37397410699532957
TOI-2076_b,NIRISS_SOSS,obs10,SOSS_HDU4_ordem_2,jw05959010001_04102_00001-seg002_nis_x1dints.fits,seg002,4,218,60783.09303254191,TDB-MID,863.5227390525563,4.795546308360447,1778,0.5866384887837632,1.4160575472955537,678,1.4913950214510532,1.4656109699736573
TOI-2076_b,NIRISS_SOSS,obs10,SOSS_HDU4_ordem_2,jw05959010001_04102_00001-seg002_nis_x1dints.fits,seg002,4,219,60783.093109614914,TDB-MID,564.1122328397313,4.795156497813206,1778,0.5866384887837632,1.4160575472955537,679,0.9742814375911969,0.9574375281111442
TOI-2076_b,NIRISS_SOSS,obs10,SOSS_HDU4_ordem_2,jw05959010001_04102_00001-seg002_nis_x1dints.fits,seg002,4,220,60783.09318668793,TDB-MID,380.6777847857123,4.795032030051585,1778,0.5866384887837632,1.4160575472955537,680,0.657470761718844,0.6461040481914329
TOI-2076_b,NIRISS_SOSS,obs10,SOSS_HDU4_ordem_2,jw05959010001_04102_00001-seg002_nis_x1dints.fits,seg002,4,221,60783.093263760944,TDB-MID,536.6098095500757,4.795743956136756,1778,0.5866384887837632,1.4160575472955537,681,0.9267818463041916,0.9107591356945145
TOI-2076_b,NIRISS_SOSS,obs10,SOSS_HDU4_ordem_2,jw05959010001_04102_00001-seg002_nis_x1dints.fits,seg002,4,222,60783.09334083396,TDB-MID,260.1478170989528,4.794859809129013,1778,0.5866384887837632,1.4160575472955537,682,0.44930277075092023,0.44153497911734824
TOI-2076_b,NIRISS_SOSS,obs10,SOSS_HDU4_ordem_2,jw05959010001_04102_00001-seg002_nis_x1dints.fits,seg002,4,223,60783.09341790697,TDB-MID,1150.3808248738771,4.7958926223117295,1778,0.5866384887837632,1.4160575472955537,683,1.9868292488418604,1.952479859919339
TOI-2076_b,NIRISS_SOSS,obs10,SOSS_HDU4_ordem_2,jw05959010001_04102_00001-seg002_nis_x1dints.fits,seg002,4,224,60783.09349497999,TDB-MID,219.73565804340993,4.794754892137078,1778,0.5866384887837632,1.4160575472955537,684,0.37950670158469,0.37294558250561743
TOI-2076_b,NIRISS_SOSS,obs10,SOSS_HDU4_ordem_2,jw05959010001_04102_00001-seg002_nis_x1dints.fits,seg002,4,225,60783.093572053,TDB-MID,308.87560315266035,4.794850025798682,1778,0.5866384887837632,1.4160575472955537,685,0.5334608064808959,0.5242380447728047
TOI-2076_b,NIRISS_SOSS,obs10,SOSS_HDU4_ordem_2,jw05959010001_04102_00001-seg002_nis_x1dints.fits,seg002,4,226,60783.093649126014,TDB-MID,863.9301310262516,4.795632233942161,1778,0.5866384887837632,1.4160575472955537,686,1.4920986304399895,1.4663024145862011
TOI-2076_b,NIRISS_SOSS,obs10,SOSS_HDU4_ordem_2,jw05959010001_04102_00001-seg002_nis_x1dints.fits,seg002,4,227,60783.09372619903,TDB-MID,289.3707811062838,4.794817791910599,1778,0.5866384887837632,1.4160575472955537,687,0.49977391767218754,0.4911335532918761
TOI-2076_b,NIRISS_SOSS,obs10,SOSS_HDU4_ordem_2,jw05959010001_04102_00001-seg002_nis_x1dints.fits,seg002,4,228,60783.093803272044,TDB-MID,551.0029169622815,4.795197751467027,1778,0.5866384887837632,1.4160575472955537,688,0.9516402637690585,0.9351877872648051
TOI-2076_b,NIRISS_SOSS,obs10,SOSS_HDU4_ordem_2,jw05959010001_04102_00001-seg002_nis_x1dints.fits,seg002,4,229,60783.09388034506,TDB-MID,12.063003103931436,4.794599239833061,1778,0.5866384887837632,1.4160575472955537,689,0.020834081095178876,0.020473890125170355
TOI-2076_b,NIRISS_SOSS,obs10,SOSS_HDU4_ordem_2,jw05959010001_04102_00001-seg002_nis_x1dints.fits,seg002,4,230,60783.09395741807,TDB-MID,967.9054955384903,4.795742707820824,1778,0.5866384887837632,1.4160575472955537,690,1.671675072349614,1.6427742409139523
TOI-2076_b,NIRISS_SOSS,obs10,SOSS_HDU4_ordem_2,jw05959010001_04102_00001-seg002_nis_x1dints.fits,seg002,4,231,60783.09403449108,TDB-MID,416.897043532756,4.794942466507083,1778,0.5866384887837632,1.4160575472955537,691,0.7200252489756074,0.7075770593158692
TOI-2076_b,NIRISS_SOSS,obs10,SOSS_HDU4_ordem_2,jw05959010001_04102_00001-seg002_nis_x1dints.fits,seg002,4,232,60783.094111564096,TDB-MID,960.1805689464827,4.795699916711352,1778,0.5866384887837632,1.4160575472955537,692,1.658333307808433,1.629663136083164
TOI-2076_b,NIRISS_SOSS,obs10,SOSS_HDU4_ordem_2,jw05959010001_04102_00001-seg002_nis_x1dints.fits,seg002,4,233,60783.09418863711,TDB-MID,348.20036366798627,4.794984534791478,1778,0.5866384887837632,1.4160575472955537,693,0.6013788234594186,0.5909818579885222
TOI-2076_b,NIRISS_SOSS,obs10,SOSS_HDU4_ordem_2,jw05959010001_04102_00001-seg002_nis_x1dints.fits,seg002,4,234,60783.094265710126,TDB-MID,267.50008420498665,4.794812020426212,1778,0.5866384887837632,1.4160575472955537,694,0.46200091297974905,0.4540135889297574
TOI-2076_b,NIRISS_SOSS,obs10,SOSS_HDU4_ordem_2,jw05959010001_04102_00001-seg002_nis_x1dints.fits,seg002,4,235,60783.09434278314,TDB-MID,911.8142748061672,4.795773931796274,1778,0.5866384887837632,1.4160575472955537,695,1.5747996068128491,1.5475736113223055
TOI-2076_b,NIRISS_SOSS,obs10,SOSS_HDU4_ordem_2,jw05959010001_04102_00001-seg002_nis_x1dints.fits,seg002,4,236,60783.094419856156,TDB-MID,1211.074246567858,4.796090912651732,1778,0.5866384887837632,1.4160575472955537,696,2.0916532017681573,2.0554915591104144
TOI-2076_b,NIRISS_SOSS,obs10,SOSS_HDU4_ordem_2,jw05959010001_04102_00001-seg002_nis_x1dints.fits,seg002,4,237,60783.09449692917,TDB-MID,625.3791891147389,4.7952285897338776,1778,0.5866384887837632,1.4160575472955537,697,1.0800959453460928,1.061422656878069
TOI-2076_b,NIRISS_SOSS,obs10,SOSS_HDU4_ordem_2,jw05959010001_04102_00001-seg002_nis_x1dints.fits,seg002,4,238,60783.09457400218,TDB-MID,660.4111390699477,4.795198583444741,1778,0.5866384887837632,1.4160575472955537,698,1.1405998248527807,1.1208805122789065
TOI-2076_b,NIRISS_SOSS,obs10,SOSS_HDU4_ordem_2,jw05959010001_04102_00001-seg002_nis_x1dints.fits,seg002,4,239,60783.0946510752,TDB-MID,293.7731290083519,4.794873710678487,1778,0.5866384887837632,1.4160575472955537,699,0.5073772377087201,0.49860542297997557
TOI-2076_b,NIRISS_SOSS,obs10,SOSS_HDU4_ordem_2,jw05959010001_04102_00001-seg002_nis_x1dints.fits,seg002,4,240,60783.09472814821,TDB-MID,833.1514300844615,4.795514715238031,1778,0.5866384887837632,1.4160575472955537,700,1.438940561433398,1.4140633713025006
TOI-2076_b,NIRISS_SOSS,obs10,SOSS_HDU4_ordem_2,jw05959010001_04102_00001-seg002_nis_x1dints.fits,seg002,4,241,60783.094805221226,TDB-MID,680.0836072317582,4.795353789075177,1778,0.5866384887837632,1.4160575472955537,701,1.1745762562185247,1.154269540547046
TOI-2076_b,NIRISS_SOSS,obs10,SOSS_HDU4_ordem_2,jw05959010001_04102_00001-seg002_nis_x1dints.fits,seg002,4,242,60783.09488229424,TDB-MID,453.4089557433615,4.7963352896580975,1778,0.5866384887837632,1.4160575472955537,702,0.7830851796895347,0.769546775514995
TOI-2076_b,NIRISS_SOSS,obs10,SOSS_HDU4_ordem_2,jw05959010001_04102_00001-seg002_nis_x1dints.fits,seg002,4,243,60783.09495936724,TDB-MID,759.9570269013891,4.7959851066590105,1778,0.5866384887837632,1.4160575472955537,703,1.3125260924582256,1.2898344246930742
TOI-2076_b,NIRISS_SOSS,obs10,SOSS_HDU4_ordem_2,jw05959010001_04102_00001-seg002_nis_x1dints.fits,seg002,4,244,60783.09503644026,TDB-MID,713.256086102924,4.795351292912074,1778,0.5866384887837632,1.4160575472955537,704,1.231868632667034,1.2105714151081521
TOI-2076_b,NIRISS_SOSS,obs10,SOSS_HDU4_ordem_2,jw05959010001_04102_00001-seg002_nis_x1dints.fits,seg002,4,245,60783.09511351327,TDB-MID,578.6974301896964,4.795419365936431,1778,0.5866384887837632,1.4160575472955537,705,0.9994716146773097,0.9821922036611979
TOI-2076_b,NIRISS_SOSS,obs10,SOSS_HDU4_ordem_2,jw05959010001_04102_00001-seg002_nis_x1dints.fits,seg002,4,246,60783.09519058629,TDB-MID,663.7286611255594,4.7954225432270094,1778,0.5866384887837632,1.4160575472955537,706,1.1463295360155947,1.1265111650665434
TOI-2076_b,NIRISS_SOSS,obs10,SOSS_HDU4_ordem_2,jw05959010001_04102_00001-seg002_nis_x1dints.fits,seg002,4,247,60783.0952676593,TDB-MID,921.881756422529,4.795862186632353,1778,0.5866384887837632,1.4160575472955537,707,1.5921872114260938,1.5646606095328413
TOI-2076_b,NIRISS_SOSS,obs10,SOSS_HDU4_ordem_2,jw05959010001_04102_00001-seg002_nis_x1dints.fits,seg002,4,248,60783.09534473231,TDB-MID,662.5241435540753,4.795207905026395,1778,0.5866384887837632,1.4160575472955537,708,1.1442492068845604,1.1244668018014485
TOI-2076_b,NIRISS_SOSS,obs10,SOSS_HDU4_ordem_2,jw05959010001_04102_00001-seg002_nis_x1dints.fits,seg002,4,249,60783.09542180533,TDB-MID,646.0060208156643,4.795547617369527,1778,0.5866384887837632,1.4160575472955537,709,1.1157206633944228,1.0964314753486115
TOI-2076_b,NIRISS_SOSS,obs10,SOSS_HDU4_ordem_2,jw05959010001_04102_00001-seg002_nis_x1dints.fits,seg002,4,250,60783.09549887834,TDB-MID,731.642244814557,4.7954054479260195,1778,0.5866384887837632,1.4160575472955537,710,1.2636234716840404,1.2417772591291352
TOI-2076_b,NIRISS_SOSS,obs10,SOSS_HDU4_ordem_2,jw05959010001_04102_00001-seg002_nis_x1dints.fits,seg002,4,251,60783.09557595136,TDB-MID,393.52038191723864,4.794947457808757,1778,0.5866384887837632,1.4160575472955537,711,0.6796512840817812,0.667901101572527
TOI-2076_b,NIRISS_SOSS,obs10,SOSS_HDU4_ordem_2,jw05959010001_04102_00001-seg002_nis_x1dints.fits,seg002,4,252,60783.09565302437,TDB-MID,587.8577330270075,4.795245215256816,1778,0.5866384887837632,1.4160575472955537,712,1.0152924256747584,0.9977394958394838
TOI-2076_b,NIRISS_SOSS,obs10,SOSS_HDU4_ordem_2,jw05959010001_04102_00001-seg002_nis_x1dints.fits,seg002,4,253,60783.09573009738,TDB-MID,873.7576017540569,4.7957021585939525,1778,0.5866384887837632,1.4160575472955537,713,1.5090717108860072,1.4829820551496555
TOI-2076_b,NIRISS_SOSS,obs10,SOSS_HDU4_ordem_2,jw05959010001_04102_00001-seg002_nis_x1dints.fits,seg002,4,254,60783.09580717039,TDB-MID,611.2612007535664,4.7960428452651875,1778,0.5866384887837632,1.4160575472955537,714,1.0557126875550376,1.0374609501616978
TOI-2076_b,NIRISS_SOSS,obs10,SOSS_HDU4_ordem_2,jw05959010001_04102_00001-seg002_nis_x1dints.fits,seg002,4,255,60783.095884243405,TDB-MID,342.2765421748197,4.794923259318995,1778,0.5866384887837632,1.4160575472955537,715,0.5911477577522588,0.5809276725317775
TOI-2076_b,NIRISS_SOSS,obs10,SOSS_HDU4_ordem_2,jw05959010001_04102_00001-seg002_nis_x1dints.fits,seg002,4,256,60783.09596131642,TDB-MID,640.9591649906507,4.795518395071488,1778,0.5866384887837632,1.4160575472955537,716,1.1070042100678261,1.0878657168265708
TOI-2076_b,NIRISS_SOSS,obs10,SOSS_HDU4_ordem_2,jw05959010001_04102_00001-seg002_nis_x1dints.fits,seg002,4,257,60783.096038389434,TDB-MID,325.32441606192594,4.794892677719134,1778,0.5866384887837632,1.4160575472955537,717,0.5618696445719162,0.5521557353588272
TOI-2076_b,NIRISS_SOSS,obs10,SOSS_HDU4_ordem_2,jw05959010001_04102_00001-seg002_nis_x1dints.fits,seg002,4,258,60783.096115462446,TDB-MID,860.2515334094145,4.79567329096965,1778,0.5866384887837632,1.4160575472955537,718,1.4857453036269723,1.460058927556235
TOI-2076_b,NIRISS_SOSS,obs10,SOSS_HDU4_ordem_2,jw05959010001_04102_00001-seg002_nis_x1dints.fits,seg002,4,259,60783.096192535464,TDB-MID,578.989938174049,4.795204065109323,1778,0.5866384887837632,1.4160575472955537,719,0.9999768068765063,0.9826886618218045
TOI-2076_b,NIRISS_SOSS,obs10,SOSS_HDU4_ordem_2,jw05959010001_04102_00001-seg002_nis_x1dints.fits,seg002,4,260,60783.096269608475,TDB-MID,582.6924316850277,4.795116866818537,1778,0.5866384887837632,1.4160575472955537,720,1.0063714044238585,0.9889727060751156
TOI-2076_b,NIRISS_SOSS,obs10,SOSS_HDU4_ordem_2,jw05959010001_04102_00001-seg002_nis_x1dints.fits,seg002,4,261,60783.096346681494,TDB-MID,621.4410745257305,4.795341608389371,1778,0.5866384887837632,1.4160575472955537,721,1.0732944052981783,1.0547387055683481
TOI-2076_b,NIRISS_SOSS,obs10,SOSS_HDU4_ordem_2,jw05959010001_04102_00001-seg002_nis_x1dints.fits,seg002,4,262,60783.096423754505,TDB-MID,427.51586727716546,4.795109088086387,1778,0.5866384887837632,1.4160575472955537,722,0.7383650797060111,0.7255998210385064
TOI-2076_b,NIRISS_SOSS,obs10,SOSS_HDU4_ordem_2,jw05959010001_04102_00001-seg002_nis_x1dints.fits,seg002,4,263,60783.096500827516,TDB-MID,813.7784377402975,4.795560042003869,1778,0.5866384887837632,1.4160575472955537,723,1.4054813564512614,1.3811826273258276
TOI-2076_b,NIRISS_SOSS,obs10,SOSS_HDU4_ordem_2,jw05959010001_04102_00001-seg002_nis_x1dints.fits,seg002,4,264,60783.096577900535,TDB-MID,383.86993674776113,4.795023629143312,1778,0.5866384887837632,1.4160575472955537,724,0.6629839454818313,0.6515219170231614
TOI-2076_b,NIRISS_SOSS,obs10,SOSS_HDU4_ordem_2,jw05959010001_04102_00001-seg002_nis_x1dints.fits,seg002,4,265,60783.096654973546,TDB-MID,611.8717390228494,4.797302841430549,1778,0.5866384887837632,1.4160575472955537,725,1.0567671516635486,1.0384971841189317
TOI-2076_b,NIRISS_SOSS,obs10,SOSS_HDU4_ordem_2,jw05959010001_04102_00001-seg002_nis_x1dints.fits,seg002,4,266,60783.096732046564,TDB-MID,428.45956660719065,4.795183983148982,1778,0.5866384887837632,1.4160575472955537,726,0.7399949481725792,0.7272015114490673
TOI-2076_b,NIRISS_SOSS,obs10,SOSS_HDU4_ordem_2,jw05959010001_04102_00001-seg002_nis_x1dints.fits,seg002,4,267,60783.09680911957,TDB-MID,414.738365034484,4.7950216819622185,1778,0.5866384887837632,1.4160575472955537,727,0.7162969830948864,0.7039132497314395
TOI-2076_b,NIRISS_SOSS,obs10,SOSS_HDU4_ordem_2,jw05959010001_04102_00001-seg002_nis_x1dints.fits,seg002,4,268,60783.09688619258,TDB-MID,747.2282792177162,4.79545096047886,1778,0.5866384887837632,1.4160575472955537,728,1.2905422001225533,1.2682306018919676
TOI-2076_b,NIRISS_SOSS,obs10,SOSS_HDU4_ordem_2,jw05959010001_04102_00001-seg002_nis_x1dints.fits,seg002,4,269,60783.0969632656,TDB-MID,887.9637370294591,4.795685792753897,1778,0.5866384887837632,1.4160575472955537,729,1.5336072077126932,1.5070933689100825
TOI-2076_b,NIRISS_SOSS,obs10,SOSS_HDU4_ordem_2,jw05959010001_04102_00001-seg002_nis_x1dints.fits,seg002,4,270,60783.09704033861,TDB-MID,755.6577167109863,4.79539282279761,1778,0.5866384887837632,1.4160575472955537,730,1.3051007294380512,1.2825374354032641
TOI-2076_b,NIRISS_SOSS,obs10,SOSS_HDU4_ordem_2,jw05959010001_04102_00001-seg002_nis_x1dints.fits,seg002,4,271,60783.09711741163,TDB-MID,346.5102070490165,4.794943248033801,1778,0.5866384887837632,1.4160575472955537,731,0.5984597443744026,0.588113245536633
TOI-2076_b,NIRISS_SOSS,obs10,SOSS_HDU4_ordem_2,jw05959010001_04102_00001-seg002_nis_x1dints.fits,seg002,4,272,60783.09719448464,TDB-MID,687.1624118145018,4.795294799072042,1778,0.5866384887837632,1.4160575472955537,732,1.1868020997720041,1.1662840170414945
TOI-2076_b,NIRISS_SOSS,obs10,SOSS_HDU4_ordem_2,jw05959010001_04102_00001-seg002_nis_x1dints.fits,seg002,4,273,60783.09727155765,TDB-MID,358.698114411788,4.795324840383362,1778,0.5866384887837632,1.4160575472955537,733,0.619509548323616,0.6087991289813461
TOI-2076_b,NIRISS_SOSS,obs10,SOSS_HDU4_ordem_2,jw05959010001_04102_00001-seg002_nis_x1dints.fits,seg002,4,274,60783.09734863067,TDB-MID,672.9813294190913,4.795481366035821,1778,0.5866384887837632,1.4160575472955537,734,1.162309871916479,1.1422152241946288
TOI-2076_b,NIRISS_SOSS,obs10,SOSS_HDU4_ordem_2,jw05959010001_04102_00001-seg002_nis_x1dints.fits,seg002,4,275,60783.09742570368,TDB-MID,449.45895304789656,4.800294721456245,1778,0.5866384887837632,1.4160575472955537,735,0.7762631076255168,0.7628426471578763
TOI-2076_b,NIRISS_SOSS,obs10,SOSS_HDU4_ordem_2,jw05959010001_04102_00001-seg002_nis_x1dints.fits,seg002,4,276,60783.09750277669,TDB-MID,647.8392305549467,4.795357746900896,1778,0.5866384887837632,1.4160575472955537,736,1.1188868103350824,1.0995428842121495
TOI-2076_b,NIRISS_SOSS,obs10,SOSS_HDU4_ordem_2,jw05959010001_04102_00001-seg002_nis_x1dints.fits,seg002,4,277,60783.09757984971,TDB-MID,368.784667591402,4.794975054007724,1778,0.5866384887837632,1.4160575472955537,737,0.6369300915419481,0.6259184963363791
TOI-2076_b,NIRISS_SOSS,obs10,SOSS_HDU4_ordem_2,jw05959010001_04102_00001-seg002_nis_x1dints.fits,seg002,4,278,60783.09765692272,TDB-MID,173.29814878355523,4.79473039700744,1778,0.5866384887837632,1.4160575472955537,738,0.29930421589830053,0.2941296811847443
TOI-2076_b,NIRISS_SOSS,obs10,SOSS_HDU4_ordem_2,jw05959010001_04102_00001-seg002_nis_x1dints.fits,seg002,4,279,60783.09773399573,TDB-MID,915.6251187761602,4.79563343489662,1778,0.5866384887837632,1.4160575472955537,739,1.581381337052646,1.5540415530158942
TOI-2076_b,NIRISS_SOSS,obs10,SOSS_HDU4_ordem_2,jw05959010001_04102_00001-seg002_nis_x1dints.fits,seg002,4,280,60783.09781106874,TDB-MID,600.3669839721883,4.7953917609849,1778,0.5866384887837632,1.4160575472955537,740,1.0368972239481586,1.0189707785634639
TOI-2076_b,NIRISS_SOSS,obs10,SOSS_HDU4_ordem_2,jw05959010001_04102_00001-seg002_nis_x1dints.fits,seg002,4,281,60783.097888141754,TDB-MID,683.5546718665126,4.79529747617708,1778,0.5866384887837632,1.4160575472955537,741,1.1805711516408357,1.1601607929439028
TOI-2076_b,NIRISS_SOSS,obs10,SOSS_HDU4_ordem_2,jw05959010001_04102_00001-seg002_nis_x1dints.fits,seg002,4,282,60783.09796521477,TDB-MID,444.3958388673893,4.795074436518562,1778,0.5866384887837632,1.4160575472955537,742,0.7675185744009121,0.7542492941984368
TOI-2076_b,NIRISS_SOSS,obs10,SOSS_HDU4_ordem_2,jw05959010001_04102_00001-seg002_nis_x1dints.fits,seg002,4,283,60783.098042287784,TDB-MID,322.02510178765795,4.794862738758806,1778,0.5866384887837632,1.4160575472955537,743,0.5561713801715549,0.5465559856648432
TOI-2076_b,NIRISS_SOSS,obs10,SOSS_HDU4_ordem_2,jw05959010001_04102_00001-seg002_nis_x1dints.fits,seg002,4,284,60783.098119360795,TDB-MID,1004.8734105064982,4.795820064036909,1778,0.5866384887837632,1.4160575472955537,744,1.735522568012791,1.705517906209451
TOI-2076_b,NIRISS_SOSS,obs10,SOSS_HDU4_ordem_2,jw05959010001_04102_00001-seg002_nis_x1dints.fits,seg002,4,285,60783.09819643381,TDB-MID,408.39378359545304,4.795101368595737,1778,0.5866384887837632,1.4160575472955537,745,0.7053392204982195,0.6931449309178118
TOI-2076_b,NIRISS_SOSS,obs10,SOSS_HDU4_ordem_2,jw05959010001_04102_00001-seg002_nis_x1dints.fits,seg002,4,286,60783.098273506825,TDB-MID,217.6961936087908,4.794806803288524,1778,0.5866384887837632,1.4160575472955537,746,0.37598433098961487,0.36948410857671027
TOI-2076_b,NIRISS_SOSS,obs10,SOSS_HDU4_ordem_2,jw05959010001_04102_00001-seg002_nis_x1dints.fits,seg002,4,287,60783.09835057984,TDB-MID,585.8764987772215,4.796748473973424,1778,0.5866384887837632,1.4160575472955537,747,1.011870624762253,0.9943768528895601
TOI-2076_b,NIRISS_SOSS,obs10,SOSS_HDU4_ordem_2,jw05959010001_04102_00001-seg002_nis_x1dints.fits,seg002,4,288,60783.098427652854,TDB-MID,539.8297871769392,4.79516825731847,1778,0.5866384887837632,1.4160575472955537,748,0.9323430879307375,0.9162242315392154
TOI-2076_b,NIRISS_SOSS,obs10,SOSS_HDU4_ordem_2,jw05959010001_04102_00001-seg002_nis_x1dints.fits,seg002,4,289,60783.098504725865,TDB-MID,822.2834356229291,4.795520808032276,1778,0.5866384887837632,1.4160575472955537,749,1.420170386543886,1.3956177054455585
TOI-2076_b,NIRISS_SOSS,obs10,SOSS_HDU4_ordem_2,jw05959010001_04102_00001-seg002_nis_x1dints.fits,seg002,4,290,60783.098581798884,TDB-MID,255.70074198882648,4.794915468084799,1778,0.5866384887837632,1.4160575472955537,750,0.4416222020996092,0.4339871963307026
TOI-2076_b,NIRISS_SOSS,obs10,SOSS_HDU4_ordem_2,jw05959010001_04102_00001-seg002_nis_x1dints.fits,seg002,4,291,60783.098658871895,TDB-MID,237.27063720293953,4.798813360601429,1778,0.5866384887837632,1.4160575472955537,751,0.40979146356844914,0.40270676498781016
TOI-2076_b,NIRISS_SOSS,obs10,SOSS_HDU4_ordem_2,jw05959010001_04102_00001-seg002_nis_x1dints.fits,seg002,4,292,60783.0987359449,TDB-MID,343.73299231731164,4.794972989788315,1778,0.5866384887837632,1.4160575472955537,752,0.5936632010559144,0.5833996274780917
TOI-2076_b,NIRISS_SOSS,obs10,SOSS_HDU4_ordem_2,jw05959010001_04102_00001-seg002_nis_x1dints.fits,seg002,4,293,60783.09881301792,TDB-MID,402.12865649981677,4.795046559015832,1778,0.5866384887837632,1.4160575472955537,753,0.6945186839487802,0.6825114657125778
TOI-2076_b,NIRISS_SOSS,obs10,SOSS_HDU4_ordem_2,jw05959010001_04102_00001-seg002_nis_x1dints.fits,seg002,4,294,60783.09889009093,TDB-MID,762.6385351554729,4.795485862476565,1778,0.5866384887837632,1.4160575472955537,754,1.317157340576264,1.2943856052648472
TOI-2076_b,NIRISS_SOSS,obs10,SOSS_HDU4_ordem_2,jw05959010001_04102_00001-seg002_nis_x1dints.fits,seg002,4,295,60783.09896716394,TDB-MID,785.7182243440614,4.79543120523799,1778,0.5866384887837632,1.4160575472955537,755,1.357018402706793,1.3335575275879243
TOI-2076_b,NIRISS_SOSS,obs10,SOSS_HDU4_ordem_2,jw05959010001_04102_00001-seg002_nis_x1dints.fits,seg002,4,296,60783.09904423696,TDB-MID,255.4669197085332,4.794795971951398,1778,0.5866384887837632,1.4160575472955537,756,0.4412183663128222,0.4335903422775041
TOI-2076_b,NIRISS_SOSS,obs10,SOSS_HDU4_ordem_2,jw05959010001_04102_00001-seg002_nis_x1dints.fits,seg002,4,297,60783.09912130997,TDB-MID,643.7934361546329,4.795363755826564,1778,0.5866384887837632,1.4160575472955537,757,1.1118992958741862,1.0926761737166464
TOI-2076_b,NIRISS_SOSS,obs10,SOSS_HDU4_ordem_2,jw05959010001_04102_00001-seg002_nis_x1dints.fits,seg002,4,298,60783.09919838299,TDB-MID,845.3652387686413,4.795578668847545,1778,0.5866384887837632,1.4160575472955537,758,1.4600350997017562,1.4347932156750227
TOI-2076_b,NIRISS_SOSS,obs10,SOSS_HDU4_ordem_2,jw05959010001_04102_00001-seg002_nis_x1dints.fits,seg002,4,299,60783.099275456,TDB-MID,520.4136571727927,4.795099488968499,1778,0.5866384887837632,1.4160575472955537,759,0.8988093796513216,0.8832702723189476
TOI-2076_b,NIRISS_SOSS,obs10,SOSS_HDU4_ordem_2,jw05959010001_04102_00001-seg002_nis_x1dints.fits,seg002,4,300,60783.09935252901,TDB-MID,732.1654768986896,4.79538749921744,1778,0.5866384887837632,1.4160575472955537,760,1.2645271487848833,1.2426653129668237
TOI-2076_b,NIRISS_SOSS,obs10,SOSS_HDU4_ordem_2,jw05959010001_04102_00001-seg002_nis_x1dints.fits,seg002,4,301,60783.09942960203,TDB-MID,765.8110771258466,4.795423692946324,1778,0.5866384887837632,1.4160575472955537,761,1.3226366558113802,1.2997701911063075
TOI-2076_b,NIRISS_SOSS,obs10,SOSS_HDU4_ordem_2,jw05959010001_04102_00001-seg002_nis_x1dints.fits,seg002,4,302,60783.09950667504,TDB-MID,580.0145343412976,4.795237417679688,1778,0.5866384887837632,1.4160575472955537,762,1.001746392729577,0.9844276541084003
TOI-2076_b,NIRISS_SOSS,obs10,SOSS_HDU4_ordem_2,jw05959010001_04102_00001-seg002_nis_x1dints.fits,seg002,4,303,60783.099583748044,TDB-MID,528.7605900362945,4.795101241231124,1778,0.5866384887837632,1.4160575472955537,763,0.9132254147526916,0.8974370751338963
TOI-2076_b,NIRISS_SOSS,obs10,SOSS_HDU4_ordem_2,jw05959010001_04102_00001-seg002_nis_x1dints.fits,seg002,4,304,60783.09966082106,TDB-MID,500.29420697328953,4.795087752661078,1778,0.5866384887837632,1.4160575472955537,764,0.8640609630725138,0.8491226053396351
TOI-2076_b,NIRISS_SOSS,obs10,SOSS_HDU4_ordem_2,jw05959010001_04102_00001-seg002_nis_x1dints.fits,seg002,4,305,60783.099737894074,TDB-MID,492.6978121824934,4.795166677492901,1778,0.5866384887837632,1.4160575472955537,765,0.8509411865343761,0.8362296506620815
TOI-2076_b,NIRISS_SOSS,obs10,SOSS_HDU4_ordem_2,jw05959010001_04102_00001-seg002_nis_x1dints.fits,seg002,4,306,60783.099814967085,TDB-MID,719.6814888862623,4.795322913407919,1778,0.5866384887837632,1.4160575472955537,766,1.2429659822659602,1.2214769076677254
TOI-2076_b,NIRISS_SOSS,obs10,SOSS_HDU4_ordem_2,jw05959010001_04102_00001-seg002_nis_x1dints.fits,seg002,4,307,60783.0998920401,TDB-MID,600.0423551235219,4.795293852551008,1778,0.5866384887837632,1.4160575472955537,767,1.0363365556219817,1.0184198033774514
TOI-2076_b,NIRISS_SOSS,obs10,SOSS_HDU4_ordem_2,jw05959010001_04102_00001-seg002_nis_x1dints.fits,seg002,4,308,60783.099969113115,TDB-MID,758.7834013494726,4.7954427145123475,1778,0.5866384887837632,1.4160575472955537,768,1.3104991171094393,1.2878424928009071
TOI-2076_b,NIRISS_SOSS,obs10,SOSS_HDU4_ordem_2,jw05959010001_04102_00001-seg002_nis_x1dints.fits,seg002,4,309,60783.100046186126,TDB-MID,445.4432912655779,4.795160802640553,1778,0.5866384887837632,1.4160575472955537,769,0.7693276353801046,0.7560270791436193
TOI-2076_b,NIRISS_SOSS,obs10,SOSS_HDU4_ordem_2,jw05959010001_04102_00001-seg002_nis_x1dints.fits,seg002,4,310,60783.100123259144,TDB-MID,705.7529851318181,4.79533910286663,1778,0.5866384887837632,1.4160575472955537,770,1.2189099844141467,1.1978368030420727
TOI-2076_b,NIRISS_SOSS,obs10,SOSS_HDU4_ordem_2,jw05959010001_04102_00001-seg002_nis_x1dints.fits,seg002,4,311,60783.100200332156,TDB-MID,551.5030256586708,4.795266182073737,1778,0.5866384887837632,1.4160575472955537,771,0.9525040043357492,0.9360365950129504
TOI-2076_b,NIRISS_SOSS,obs10,SOSS_HDU4_ordem_2,jw05959010001_04102_00001-seg002_nis_x1dints.fits,seg002,4,312,60783.100277405174,TDB-MID,689.6705384971037,4.79546509236187,1778,0.5866384887837632,1.4160575472955537,772,1.1911338995943288,1.1705409263431978
TOI-2076_b,NIRISS_SOSS,obs10,SOSS_HDU4_ordem_2,jw05959010001_04102_00001-seg002_nis_x1dints.fits,seg002,4,313,60783.100354478185,TDB-MID,617.766276299594,4.795377691297009,1778,0.5866384887837632,1.4160575472955537,773,1.0669476404343943,1.0485016670410539
TOI-2076_b,NIRISS_SOSS,obs10,SOSS_HDU4_ordem_2,jw05959010001_04102_00001-seg002_nis_x1dints.fits,seg002,4,314,60783.1004315512,TDB-MID,769.9097928661057,4.795507301409041,1778,0.5866384887837632,1.4160575472955537,774,1.329715571018723,1.3067267221622452
TOI-2076_b,NIRISS_SOSS,obs10,SOSS_HDU4_ordem_2,jw05959010001_04102_00001-seg002_nis_x1dints.fits,seg002,4,315,60783.100508624215,TDB-MID,593.677521040252,4.795259286732903,1778,0.5866384887837632,1.4160575472955537,775,1.0253438145685547,1.0076171108337235
TOI-2076_b,NIRISS_SOSS,obs10,SOSS_HDU4_ordem_2,jw05959010001_04102_00001-seg002_nis_x1dints.fits,seg002,4,316,60783.10058569722,TDB-MID,748.9930484694594,4.795417135512175,1778,0.5866384887837632,1.4160575472955537,776,1.2935901431089156,1.271225850375713
TOI-2076_b,NIRISS_SOSS,obs10,SOSS_HDU4_ordem_2,jw05959010001_04102_00001-seg002_nis_x1dints.fits,seg002,4,317,60783.10066277023,TDB-MID,507.94277152348945,4.795340522699565,1778,0.5866384887837632,1.4160575472955537,777,0.8772708422980808,0.8621041049601592
TOI-2076_b,NIRISS_SOSS,obs10,SOSS_HDU4_ordem_2,jw05959010001_04102_00001-seg002_nis_x1dints.fits,seg002,4,318,60783.10073984325,TDB-MID,887.9169120466632,4.797153310557505,1778,0.5866384887837632,1.4160575472955537,778,1.5335263360192646,1.5070138953706482
TOI-2076_b,NIRISS_SOSS,obs10,SOSS_HDU4_ordem_2,jw05959010001_04102_00001-seg002_nis_x1dints.fits,seg002,4,319,60783.10081691626,TDB-MID,791.7469909231849,4.795449220587052,1778,0.5866384887837632,1.4160575472955537,779,1.367430719667271,1.3437898307273513
TOI-2076_b,NIRISS_SOSS,obs10,SOSS_HDU4_ordem_2,jw05959010001_04102_00001-seg002_nis_x1dints.fits,seg002,4,320,60783.10089398927,TDB-MID,727.0871327351899,4.795389966970686,1778,0.5866384887837632,1.4160575472955537,780,1.2557563117702513,1.2340461109716419
TOI-2076_b,NIRISS_SOSS,obs10,SOSS_HDU4_ordem_2,jw05959010001_04102_00001-seg002_nis_x1dints.fits,seg002,4,321,60783.10097106229,TDB-MID,655.3150958753934,4.795411137470332,1778,0.5866384887837632,1.4160575472955537,781,1.1317984197412063,1.112231270664733
TOI-2076_b,NIRISS_SOSS,obs10,SOSS_HDU4_ordem_2,jw05959010001_04102_00001-seg002_nis_x1dints.fits,seg002,4,322,60783.1010481353,TDB-MID,312.8742311254068,4.794947597722587,1778,0.5866384887837632,1.4160575472955537,782,0.5403668595371618,0.5310247022129211
TOI-2076_b,NIRISS_SOSS,obs10,SOSS_HDU4_ordem_2,jw05959010001_04102_00001-seg002_nis_x1dints.fits,seg002,4,323,60783.10112520831,TDB-MID,1002.5438815743462,4.795740901707117,1778,0.5866384887837632,1.4160575472955537,783,1.731499225378468,1.701564121319456
TOI-2076_b,NIRISS_SOSS,obs10,SOSS_HDU4_ordem_2,jw05959010001_04102_00001-seg002_nis_x1dints.fits,seg002,4,324,60783.10120228133,TDB-MID,368.15700850149756,4.795006835238458,1778,0.5866384887837632,1.4160575472955537,784,0.6358460579670141,0.6248532041258034
TOI-2076_b,NIRISS_SOSS,obs10,SOSS_HDU4_ordem_2,jw05959010001_04102_00001-seg002_nis_x1dints.fits,seg002,4,325,60783.10127935434,TDB-MID,509.5758869099934,4.795135391356911,1778,0.5866384887837632,1.4160575472955537,785,0.8800914051469058,0.8648759043783414
TOI-2076_b,NIRISS_SOSS,obs10,SOSS_HDU4_ordem_2,jw05959010001_04102_00001-seg002_nis_x1dints.fits,seg002,4,326,60783.10135642735,TDB-MID,714.168669645092,4.79536036687215,1778,0.5866384887837632,1.4160575472955537,786,1.2334447608798715,1.212120294355833
TOI-2076_b,NIRISS_SOSS,obs10,SOSS_HDU4_ordem_2,jw05959010001_04102_00001-seg002_nis_x1dints.fits,seg002,4,327,60783.101433500364,TDB-MID,357.2404474372594,4.794957781064019,1778,0.5866384887837632,1.4160575472955537,787,0.6169920034224466,0.6063251087710834
TOI-2076_b,NIRISS_SOSS,obs10,SOSS_HDU4_ordem_2,jw05959010001_04102_00001-seg002_nis_x1dints.fits,seg002,4,328,60783.101510573375,TDB-MID,537.5713499890387,4.795137809398904,1778,0.5866384887837632,1.4160575472955537,788,0.9284425282512201,0.9123911068652605
TOI-2076_b,NIRISS_SOSS,obs10,SOSS_HDU4_ordem_2,jw05959010001_04102_00001-seg002_nis_x1dints.fits,seg002,4,329,60783.101587646386,TDB-MID,552.9274576272772,4.795208431044891,1778,0.5866384887837632,1.4160575472955537,789,0.9549641488696455,0.9384542072248319
TOI-2076_b,NIRISS_SOSS,obs10,SOSS_HDU4_ordem_2,jw05959010001_04102_00001-seg002_nis_x1dints.fits,seg002,4,330,60783.101664719405,TDB-MID,669.6910512909687,4.795413552063434,1778,0.5866384887837632,1.4160575472955537,790,1.1566272138953884,1.1366308110683092
TOI-2076_b,NIRISS_SOSS,obs10,SOSS_HDU4_ordem_2,jw05959010001_04102_00001-seg002_nis_x1dints.fits,seg002,4,331,60783.101741792416,TDB-MID,638.5880965520089,4.795309769329095,1778,0.5866384887837632,1.4160575472955537,791,1.1029091243161875,1.0838414291534464
TOI-2076_b,NIRISS_SOSS,obs10,SOSS_HDU4_ordem_2,jw05959010001_04102_00001-seg002_nis_x1dints.fits,seg002,4,332,60783.10181886543,TDB-MID,654.619871265425,4.795299703533171,1778,0.5866384887837632,1.4160575472955537,792,1.130597693373265,1.1110513031098737
TOI-2076_b,NIRISS_SOSS,obs10,SOSS_HDU4_ordem_2,jw05959010001_04102_00001-seg002_nis_x1dints.fits,seg002,4,333,60783.101895938446,TDB-MID,445.50899035924,4.795072385930459,1778,0.5866384887837632,1.4160575472955537,793,0.7694411046574846,0.7561385867021744
TOI-2076_b,NIRISS_SOSS,obs10,SOSS_HDU4_ordem_2,jw05959010001_04102_00001-seg002_nis_x1dints.fits,seg002,4,334,60783.10197301146,TDB-MID,665.1289094952629,4.795301445131469,1778,0.5866384887837632,1.4160575472955537,794,1.1487479129186304,1.1288877317491728
TOI-2076_b,NIRISS_SOSS,obs10,SOSS_HDU4_ordem_2,jw05959010001_04102_00001-seg002_nis_x1dints.fits,seg002,4,335,60783.10205008447,TDB-MID,426.5794404196151,4.795018237545403,1778,0.5866384887837632,1.4160575472955537,795,0.7367477715679116,0.7240104738065973
TOI-2076_b,NIRISS_SOSS,obs10,SOSS_HDU4_ordem_2,jw05959010001_04102_00001-seg002_nis_x1dints.fits,seg002,4,336,60783.10212715749,TDB-MID,346.84023836080746,4.794965663686537,1778,0.5866384887837632,1.4160575472955537,796,0.5990297433252908,0.5886733900344215
TOI-2076_b,NIRISS_SOSS,obs10,SOSS_HDU4_ordem_2,jw05959010001_04102_00001-seg002_nis_x1dints.fits,seg002,4,337,60783.1022042305,TDB-MID,412.6433700250502,4.7950604973851965,1778,0.5866384887837632,1.4160575472955537,797,0.7126787053290196,0.7003575267272775
TOI-2076_b,NIRISS_SOSS,obs10,SOSS_HDU4_ordem_2,jw05959010001_04102_00001-seg002_nis_x1dints.fits,seg002,4,338,60783.10228130351,TDB-MID,490.8556528220911,4.795034280311388,1778,0.5866384887837632,1.4160575472955537,798,0.8477595826523083,0.8331030520851783
TOI-2076_b,NIRISS_SOSS,obs10,SOSS_HDU4_ordem_2,jw05959010001_04102_00001-seg002_nis_x1dints.fits,seg002,4,339,60783.10235837653,TDB-MID,535.0951019022505,4.795143966308334,1778,0.5866384887837632,1.4160575472955537,799,0.9241657861325752,0.9081883033995927
TOI-2076_b,NIRISS_SOSS,obs10,SOSS_HDU4_ordem_2,jw05959010001_04102_00001-seg002_nis_x1dints.fits,seg002,4,340,60783.10243544953,TDB-MID,642.3896641019896,4.795297921208997,1778,0.5866384887837632,1.4160575472955537,800,1.109474833198355,1.0902936264753846
TOI-2076_b,NIRISS_SOSS,obs10,SOSS_HDU4_ordem_2,jw05959010001_04102_00001-seg002_nis_x1dints.fits,seg002,4,341,60783.10251252254,TDB-MID,695.1425597879193,4.795400399628863,1778,0.5866384887837632,1.4160575472955537,801,1.2005846586089095,1.1798282954755357
TOI-2076_b,NIRISS_SOSS,obs10,SOSS_HDU4_ordem_2,jw05959010001_04102_00001-seg002_nis_x1dints.fits,seg002,4,342,60783.10258959556,TDB-MID,692.2260738684503,4.795551428518032,1778,0.5866384887837632,1.4160575472955537,802,1.1955475792319374,1.1748782998772296
TOI-2076_b,NIRISS_SOSS,obs10,SOSS_HDU4_ordem_2,jw05959010001_04102_00001-seg002_nis_x1dints.fits,seg002,4,343,60783.10266666857,TDB-MID,890.4070802487261,4.795488375407746,1778,0.5866384887837632,1.4160575472955537,803,1.5378271196479703,1.5112403247036235
TOI-2076_b,NIRISS_SOSS,obs10,SOSS_HDU4_ordem_2,jw05959010001_04102_00001-seg002_nis_x1dints.fits,seg002,4,344,60783.10274374158,TDB-MID,636.4294210658056,4.795386416103101,1778,0.5866384887837632,1.4160575472955537,804,1.0991808636376275,1.08017762468124
TOI-2076_b,NIRISS_SOSS,obs10,SOSS_HDU4_ordem_2,jw05959010001_04102_00001-seg002_nis_x1dints.fits,seg002,4,345,60783.1028208146,TDB-MID,865.7149468494824,4.795561542600452,1778,0.5866384887837632,1.4160575472955537,805,1.495181195973694,1.4693316870437854
TOI-2076_b,NIRISS_SOSS,obs10,SOSS_HDU4_ordem_2,jw05959010001_04102_00001-seg002_nis_x1dints.fits,seg002,4,346,60783.10289788761,TDB-MID,948.9203936630877,4.795705482949254,1778,0.5866384887837632,1.4160575472955537,806,1.6388857951966087,1.6105518426882999
TOI-2076_b,NIRISS_SOSS,obs10,SOSS_HDU4_ordem_2,jw05959010001_04102_00001-seg002_nis_x1dints.fits,seg002,4,347,60783.102974960624,TDB-MID,510.6722756178075,4.795128889362373,1778,0.5866384887837632,1.4160575472955537,807,0.881984984304072,0.8667367463050873
TOI-2076_b,NIRISS_SOSS,obs10,SOSS_HDU4_ordem_2,jw05959010001_04102_00001-seg002_nis_x1dints.fits,seg002,4,348,60783.103052033635,TDB-MID,631.6852346299883,4.795390990732885,1778,0.5866384887837632,1.4160575472955537,808,1.0909871523301793,1.0721255707288877
TOI-2076_b,NIRISS_SOSS,obs10,SOSS_HDU4_ordem_2,jw05959010001_04102_00001-seg002_nis_x1dints.fits,seg002,4,349,60783.103129106654,TDB-MID,439.055803970631,4.795442518541218,1778,0.5866384887837632,1.4160575472955537,809,0.7582957698362769,0.7451859385150438
TOI-2076_b,NIRISS_SOSS,obs10,SOSS_HDU4_ordem_2,jw05959010001_04102_00001-seg002_nis_x1dints.fits,seg002,4,350,60783.103206179665,TDB-MID,694.9335960336741,4.79522072929155,1778,0.5866384887837632,1.4160575472955537,810,1.2002237561234848,1.1794736324693424
TOI-2076_b,NIRISS_SOSS,obs10,SOSS_HDU4_ordem_2,jw05959010001_04102_00001-seg002_nis_x1dints.fits,seg002,4,351,60783.103283252676,TDB-MID,576.004382980436,4.795239472309344,1778,0.5866384887837632,1.4160575472955537,811,0.9948204375643245,0.9776214386378245
TOI-2076_b,NIRISS_SOSS,obs10,SOSS_HDU4_ordem_2,jw05959010001_04102_00001-seg002_nis_x1dints.fits,seg002,4,352,60783.10336032569,TDB-MID,557.9094107678111,4.795220082486698,1778,0.5866384887837632,1.4160575472955537,812,0.9635685084016791,0.9469098098910365
TOI-2076_b,NIRISS_SOSS,obs10,SOSS_HDU4_ordem_2,jw05959010001_04102_00001-seg002_nis_x1dints.fits,seg002,4,353,60783.1034373987,TDB-MID,547.7553145547306,4.795248316235907,1778,0.5866384887837632,1.4160575472955537,813,0.94603131122707,0.9296758053570192
TOI-2076_b,NIRISS_SOSS,obs10,SOSS_HDU4_ordem_2,jw05959010001_04102_00001-seg002_nis_x1dints.fits,seg002,4,354,60783.10351447171,TDB-MID,420.033766546015,4.79503063311952,1778,0.5866384887837632,1.4160575472955537,814,0.7254427010866868,0.7129008515567605
TOI-2076_b,NIRISS_SOSS,obs10,SOSS_HDU4_ordem_2,jw05959010001_04102_00001-seg002_nis_x1dints.fits,seg002,4,355,60783.10359154473,TDB-MID,325.3955756894118,4.794899188541219,1778,0.5866384887837632,1.4160575472955537,815,0.5619925447682413,0.5522765107894511
TOI-2076_b,NIRISS_SOSS,obs10,SOSS_HDU4_ordem_2,jw05959010001_04102_00001-seg002_nis_x1dints.fits,seg002,4,356,60783.10366861774,TDB-MID,303.60003129415145,4.794856000138315,1778,0.5866384887837632,1.4160575472955537,816,0.5243493363953251,0.5152840987572102
TOI-2076_b,NIRISS_SOSS,obs10,SOSS_HDU4_ordem_2,jw05959010001_04102_00001-seg002_nis_x1dints.fits,seg002,4,357,60783.10374569075,TDB-MID,846.1274459152024,4.795571653564831,1778,0.5866384887837632,1.4160575472955537,817,1.4613515119886438,1.436086869107494
TOI-2076_b,NIRISS_SOSS,obs10,SOSS_HDU4_ordem_2,jw05959010001_04102_00001-seg002_nis_x1dints.fits,seg002,4,358,60783.10382276377,TDB-MID,430.5529872498273,4.795322979970824,1778,0.5866384887837632,1.4160575472955537,818,0.7436105068406192,0.7307545623646505
TOI-2076_b,NIRISS_SOSS,obs10,SOSS_HDU4_ordem_2,jw05959010001_04102_00001-seg002_nis_x1dints.fits,seg002,4,359,60783.10389983678,TDB-MID,427.2554826381324,4.7949805541513095,1778,0.5866384887837632,1.4160575472955537,819,0.7379153679187542,0.7251578841141838
TOI-2076_b,NIRISS_SOSS,obs10,SOSS_HDU4_ordem_2,jw05959010001_04102_00001-seg002_nis_x1dints.fits,seg002,4,360,60783.10397690979,TDB-MID,218.05103426917776,4.794787802565122,1778,0.5866384887837632,1.4160575472955537,820,0.37659717830720857,0.3700863606552443
TOI-2076_b,NIRISS_SOSS,obs10,SOSS_HDU4_ordem_2,jw05959010001_04102_00001-seg002_nis_x1dints.fits,seg002,4,361,60783.10405398281,TDB-MID,469.50624523706244,4.795122753796058,1778,0.5866384887837632,1.4160575472955537,821,0.810886899695313,0.7968678442047378
TOI-2076_b,NIRISS_SOSS,obs10,SOSS_HDU4_ordem_2,jw05959010001_04102_00001-seg002_nis_x1dints.fits,seg002,4,362,60783.10413105582,TDB-MID,1255.7694776291248,4.796001968099545,1778,0.5866384887837632,1.4160575472955537,822,2.1688465888936825,2.1313503848094015
TOI-2076_b,NIRISS_SOSS,obs10,SOSS_HDU4_ordem_2,jw05959010001_04102_00001-seg002_nis_x1dints.fits,seg002,4,363,60783.10420812883,TDB-MID,649.9072918306747,4.795309824128219,1778,0.5866384887837632,1.4160575472955537,823,1.122458570696669,1.1030528940303164
TOI-2076_b,NIRISS_SOSS,obs10,SOSS_HDU4_ordem_2,jw05959010001_04102_00001-seg002_nis_x1dints.fits,seg002,4,364,60783.104285201836,TDB-MID,818.132531040739,4.795555193073116,1778,0.5866384887837632,1.4160575472955537,824,1.4130013356915725,1.3885725970588974
TOI-2076_b,NIRISS_SOSS,obs10,SOSS_HDU4_ordem_2,jw05959010001_04102_00001-seg002_nis_x1dints.fits,seg002,4,365,60783.104362274855,TDB-MID,492.13172886803517,4.795124183579131,1778,0.5866384887837632,1.4160575472955537,825,0.8499635008305395,0.8352688677225386
TOI-2076_b,NIRISS_SOSS,obs10,SOSS_HDU4_ordem_2,jw05959010001_04102_00001-seg002_nis_x1dints.fits,seg002,4,366,60783.104439347866,TDB-MID,451.78645134075987,4.7953115169123794,1778,0.5866384887837632,1.4160575472955537,826,0.7802829431312045,0.7667929855523906
TOI-2076_b,NIRISS_SOSS,obs10,SOSS_HDU4_ordem_2,jw05959010001_04102_00001-seg002_nis_x1dints.fits,seg002,4,367,60783.10451642088,TDB-MID,660.0213543501408,4.795267764667961,1778,0.5866384887837632,1.4160575472955537,827,1.1399266254519222,1.1202189515168774
TOI-2076_b,NIRISS_SOSS,obs10,SOSS_HDU4_ordem_2,jw05959010001_04102_00001-seg002_nis_x1dints.fits,seg002,4,368,60783.104593493896,TDB-MID,451.89417715713,4.795079047023999,1778,0.5866384887837632,1.4160575472955537,828,0.7804689969997946,0.7669758228201095
TOI-2076_b,NIRISS_SOSS,obs10,SOSS_HDU4_ordem_2,jw05959010001_04102_00001-seg002_nis_x1dints.fits,seg002,4,369,60783.10467056691,TDB-MID,461.6762615574314,4.795062768324725,1778,0.5866384887837632,1.4160575472955537,829,0.7973636904621002,0.7835784315968278
TOI-2076_b,NIRISS_SOSS,obs10,SOSS_HDU4_ordem_2,jw05959010001_04102_00001-seg002_nis_x1dints.fits,seg002,4,370,60783.10474763992,TDB-MID,833.4605425612385,4.7956066287634,1778,0.5866384887837632,1.4160575472955537,830,1.4394744313456593,1.4145880113802098
TOI-2076_b,NIRISS_SOSS,obs10,SOSS_HDU4_ordem_2,jw05959010001_04102_00001-seg002_nis_x1dints.fits,seg002,4,371,60783.10482471294,TDB-MID,574.0054057395248,4.795155197855441,1778,0.5866384887837632,1.4160575472955537,831,0.9913679926311894,0.9742286814578321
TOI-2076_b,NIRISS_SOSS,obs10,SOSS_HDU4_ordem_2,jw05959010001_04102_00001-seg002_nis_x1dints.fits,seg002,4,372,60783.10490178595,TDB-MID,426.124307076994,4.795047048845755,1778,0.5866384887837632,1.4160575472955537,832,0.735961708189863,0.7232380003214426
TOI-2076_b,NIRISS_SOSS,obs10,SOSS_HDU4_ordem_2,jw05959010001_04102_00001-seg002_nis_x1dints.fits,seg002,4,373,60783.10497885896,TDB-MID,596.6516930311006,4.799528855064565,1778,0.5866384887837632,1.4160575472955537,833,1.0304805238866643,1.0126650139163438
TOI-2076_b,NIRISS_SOSS,obs10,SOSS_HDU4_ordem_2,jw05959010001_04102_00001-seg002_nis_x1dints.fits,seg002,4,374,60783.10505593197,TDB-MID,396.07145112755006,4.795064253547164,1778,0.5866384887837632,1.4160575472955537,834,0.6840572501873292,0.6722308949302522
TOI-2076_b,NIRISS_SOSS,obs10,SOSS_HDU4_ordem_2,jw05959010001_04102_00001-seg002_nis_x1dints.fits,seg002,4,375,60783.10513300499,TDB-MID,785.6624434948188,4.795614421244636,1778,0.5866384887837632,1.4160575472955537,835,1.356922063285617,1.333462853735266
TOI-2076_b,NIRISS_SOSS,obs10,SOSS_HDU4_ordem_2,jw05959010001_04102_00001-seg002_nis_x1dints.fits,seg002,4,376,60783.10521007799,TDB-MID,418.00649555472614,4.794951071427636,1778,0.5866384887837632,1.4160575472955537,836,0.7219413898567618,0.7094600729071997
TOI-2076_b,NIRISS_SOSS,obs10,SOSS_HDU4_ordem_2,jw05959010001_04102_00001-seg002_nis_x1dints.fits,seg002,4,377,60783.105287151004,TDB-MID,722.5876998889449,4.79538137411294,1778,0.5866384887837632,1.4160575472955537,837,1.2479853157758602,1.2264094641991992
TOI-2076_b,NIRISS_SOSS,obs10,SOSS_HDU4_ordem_2,jw05959010001_04102_00001-seg002_nis_x1dints.fits,seg002,4,378,60783.10536422402,TDB-MID,792.3942724064905,4.795429431876907,1778,0.5866384887837632,1.4160575472955537,838,1.3685486431891676,1.3448884269769814
TOI-2076_b,NIRISS_SOSS,obs10,SOSS_HDU4_ordem_2,jw05959010001_04102_00001-seg002_nis_x1dints.fits,seg002,4,379,60783.10544129703,TDB-MID,338.6863935826657,4.794908751521532,1778,0.5866384887837632,1.4160575472955537,839,0.5849471917515502,0.5748343053017847
TOI-2076_b,NIRISS_SOSS,obs10,SOSS_HDU4_ordem_2,jw05959010001_04102_00001-seg002_nis_x1dints.fits,seg002,4,380,60783.105518370045,TDB-MID,730.8906498523941,4.795421361323126,1778,0.5866384887837632,1.4160575472955537,840,1.2623253877610308,1.2405016171897794
TOI-2076_b,NIRISS_SOSS,obs10,SOSS_HDU4_ordem_2,jw05959010001_04102_00001-seg002_nis_x1dints.fits,seg002,4,381,60783.105595443056,TDB-MID,610.5129076316841,4.796713359408753,1778,0.5866384887837632,1.4160575472955537,841,1.0544203062591082,1.0361909122592914
TOI-2076_b,NIRISS_SOSS,obs10,SOSS_HDU4_ordem_2,jw05959010001_04102_00001-seg002_nis_x1dints.fits,seg002,4,382,60783.105672516074,TDB-MID,400.4479993618345,4.795078846222192,1778,0.5866384887837632,1.4160575472955537,842,0.691616011471269,0.6796589762218044
TOI-2076_b,NIRISS_SOSS,obs10,SOSS_HDU4_ordem_2,jw05959010001_04102_00001-seg002_nis_x1dints.fits,seg002,4,383,60783.105749589085,TDB-MID,444.09265499057744,4.796187650556476,1778,0.5866384887837632,1.4160575472955537,843,0.7669949438072841,0.7537347164164294
TOI-2076_b,NIRISS_SOSS,obs10,SOSS_HDU4_ordem_2,jw05959010001_04102_00001-seg002_nis_x1dints.fits,seg002,4,384,60783.1058266621,TDB-MID,290.2969075796028,4.794933323218514,1778,0.5866384887837632,1.4160575472955537,844,0.5013734359582461,0.4927054182324202
TOI-2076_b,NIRISS_SOSS,obs10,SOSS_HDU4_ordem_2,jw05959010001_04102_00001-seg002_nis_x1dints.fits,seg002,4,385,60783.105903735115,TDB-MID,834.8180946792537,4.795445124050211,1778,0.5866384887837632,1.4160575472955537,845,1.441819067310185,1.4168921119979387
TOI-2076_b,NIRISS_SOSS,obs10,SOSS_HDU4_ordem_2,jw05959010001_04102_00001-seg002_nis_x1dints.fits,seg002,4,386,60783.105980808126,TDB-MID,298.08353337587965,4.794937783603347,1778,0.5866384887837632,1.4160575472955537,846,0.5148217615451451,0.5059212418233825
TOI-2076_b,NIRISS_SOSS,obs10,SOSS_HDU4_ordem_2,jw05959010001_04102_00001-seg002_nis_x1dints.fits,seg002,4,387,60783.10605788114,TDB-MID,226.25936117035127,4.794776598813323,1778,0.5866384887837632,1.4160575472955537,847,0.3907738262647186,0.3840179149819887
TOI-2076_b,NIRISS_SOSS,obs10,SOSS_HDU4_ordem_2,jw05959010001_04102_00001-seg002_nis_x1dints.fits,seg002,4,388,60783.10613495415,TDB-MID,575.6654287515636,4.795277815472923,1778,0.5866384887837632,1.4160575472955537,848,0.9942350277927244,0.9770461497500073
TOI-2076_b,NIRISS_SOSS,obs10,SOSS_HDU4_ordem_2,jw05959010001_04102_00001-seg002_nis_x1dints.fits,seg002,4,389,60783.10621202716,TDB-MID,698.7873269307177,4.795330274632002,1778,0.5866384887837632,1.4160575472955537,849,1.2068795566182915,1.1860143638509277
TOI-2076_b,NIRISS_SOSS,obs10,SOSS_HDU4_ordem_2,jw05959010001_04102_00001-seg002_nis_x1dints.fits,seg002,4,390,60783.10628910017,TDB-MID,512.7621048158913,4.795140445300883,1778,0.5866384887837632,1.4160575472955537,850,0.8855943401678503,0.8702837016538758
TOI-2076_b,NIRISS_SOSS,obs10,SOSS_HDU4_ordem_2,jw05959010001_04102_00001-seg002_nis_x1dints.fits,seg002,4,391,60783.10636617318,TDB-MID,337.2415469893653,4.794910502574431,1778,0.5866384887837632,1.4160575472955537,851,0.5824517890035311,0.5723820444390383
TOI-2076_b,NIRISS_SOSS,obs10,SOSS_HDU4_ordem_2,jw05959010001_04102_00001-seg002_nis_x1dints.fits,seg002,4,392,60783.1064432462,TDB-MID,705.9949253330421,4.795391424719681,1778,0.5866384887837632,1.4160575472955537,852,1.2193278407082269,1.1982474352083785
TOI-2076_b,NIRISS_SOSS,obs10,SOSS_HDU4_ordem_2,jw05959010001_04102_00001-seg002_nis_x1dints.fits,seg002,4,393,60783.10652031921,TDB-MID,469.9736527559328,4.795042550153064,1778,0.5866384887837632,1.4160575472955537,853,0.8116941618727941,0.7976611499929052
TOI-2076_b,NIRISS_SOSS,obs10,SOSS_HDU4_ordem_2,jw05959010001_04102_00001-seg002_nis_x1dints.fits,seg002,4,394,60783.10659739222,TDB-MID,326.0050992154632,4.794937031341265,1778,0.5866384887837632,1.4160575472955537,854,0.5630452563079602,0.5533110224772592
TOI-2076_b,NIRISS_SOSS,obs10,SOSS_HDU4_ordem_2,jw05959010001_04102_00001-seg002_nis_x1dints.fits,seg002,4,395,60783.106674465234,TDB-MID,331.40967653780376,4.794868586089441,1778,0.5866384887837632,1.4160575472955537,855,0.5723795324619729,0.5624839225683257
TOI-2076_b,NIRISS_SOSS,obs10,SOSS_HDU4_ordem_2,jw05959010001_04102_00001-seg002_nis_x1dints.fits,seg002,4,396,60783.10675153825,TDB-MID,623.9045704202913,4.79527142297787,1778,0.5866384887837632,1.4160575472955537,856,1.077549123033283,1.0589198654200445
TOI-2076_b,NIRISS_SOSS,obs10,SOSS_HDU4_ordem_2,jw05959010001_04102_00001-seg002_nis_x1dints.fits,seg002,4,397,60783.106828611264,TDB-MID,924.3600564425906,4.795600512210661,1778,0.5866384887837632,1.4160575472955537,857,1.596467497450336,1.5688668956351315
TOI-2076_b,NIRISS_SOSS,obs10,SOSS_HDU4_ordem_2,jw05959010001_04102_00001-seg002_nis_x1dints.fits,seg002,4,398,60783.106905684275,TDB-MID,1007.3331441293266,4.797072618074238,1778,0.5866384887837632,1.4160575472955537,858,1.739770787907043,1.709692680558515
TOI-2076_b,NIRISS_SOSS,obs10,SOSS_HDU4_ordem_2,jw05959010001_04102_00001-seg002_nis_x1dints.fits,seg002,4,399,60783.106982757294,TDB-MID,591.2061252442983,4.795282591087858,1778,0.5866384887837632,1.4160575472955537,859,1.0210754528689374,1.003422542901823
TOI-2076_b,NIRISS_SOSS,obs10,SOSS_HDU4_ordem_2,jw05959010001_04102_00001-seg002_nis_x1dints.fits,seg002,4,400,60783.1070598303,TDB-MID,346.57490597796163,4.795100443182287,1778,0.5866384887837632,1.4160575472955537,860,0.5985714862616259,0.5882230555690955
TOI-2076_b,NIRISS_SOSS,obs10,SOSS_HDU4_ordem_2,jw05959010001_04102_00001-seg002_nis_x1dints.fits,seg002,4,401,60783.10713690331,TDB-MID,736.2615507741216,4.795505136889738,1778,0.5866384887837632,1.4160575472955537,861,1.2716015012124957,1.2496173601268583
TOI-2076_b,NIRISS_SOSS,obs10,SOSS_HDU4_ordem_2,jw05959010001_04102_00001-seg002_nis_x1dints.fits,seg002,4,402,60783.10721397632,TDB-MID,477.8990704053268,4.79508109517273,1778,0.5866384887837632,1.4160575472955537,862,0.8253821956565891,0.8111125375745677
TOI-2076_b,NIRISS_SOSS,obs10,SOSS_HDU4_ordem_2,jw05959010001_04102_00001-seg002_nis_x1dints.fits,seg002,4,403,60783.10729104934,TDB-MID,373.2029553407417,4.79499878453345,1778,0.5866384887837632,1.4160575472955537,863,0.6445609413791317,0.6334174198749036
TOI-2076_b,NIRISS_SOSS,obs10,SOSS_HDU4_ordem_2,jw05959010001_04102_00001-seg002_nis_x1dints.fits,seg002,4,404,60783.10736812235,TDB-MID,391.6643866044573,4.795023973338351,1778,0.5866384887837632,1.4160575472955537,864,0.6764457840478671,0.6647510199734987
TOI-2076_b,NIRISS_SOSS,obs10,SOSS_HDU4_ordem_2,jw05959010001_04102_00001-seg002_nis_x1dints.fits,seg002,4,405,60783.10744519536,TDB-MID,295.63656834931714,4.794833223934263,1778,0.5866384887837632,1.4160575472955537,865,0.5105955943659413,0.5017681389299872
TOI-2076_b,NIRISS_SOSS,obs10,SOSS_HDU4_ordem_2,jw05959010001_04102_00001-seg002_nis_x1dints.fits,seg002,4,406,60783.10752226837,TDB-MID,745.9183020998919,4.7955406126166755,1778,0.5866384887837632,1.4160575472955537,866,1.2882797312107541,1.2660072477780917
TOI-2076_b,NIRISS_SOSS,obs10,SOSS_HDU4_ordem_2,jw05959010001_04102_00001-seg002_nis_x1dints.fits,seg002,4,407,60783.10759934139,TDB-MID,406.75349750063117,4.794967797215015,1778,0.5866384887837632,1.4160575472955537,867,0.7025062730783788,0.6903609610398398
TOI-2076_b,NIRISS_SOSS,obs10,SOSS_HDU4_ordem_2,jw05959010001_04102_00001-seg002_nis_x1dints.fits,seg002,4,408,60783.1076764144,TDB-MID,417.63580057959825,4.795048272921743,1778,0.5866384887837632,1.4160575472955537,868,0.7213011604622362,0.7088309121480313
TOI-2076_b,NIRISS_SOSS,obs10,SOSS_HDU4_ordem_2,jw05959010001_04102_00001-seg002_nis_x1dints.fits,seg002,4,409,60783.10775348741,TDB-MID,564.6619213277911,4.795202302083239,1778,0.5866384887837632,1.4160575472955537,869,0.9752308076973516,0.9583704849885192
TOI-2076_b,NIRISS_SOSS,obs10,SOSS_HDU4_ordem_2,jw05959010001_04102_00001-seg002_nis_x1dints.fits,seg002,4,410,60783.107830560424,TDB-MID,494.62719854981054,4.795194762173995,1778,0.5866384887837632,1.4160575472955537,870,0.8542734406749323,0.8395042949735447
TOI-2076_b,NIRISS_SOSS,obs10,SOSS_HDU4_ordem_2,jw05959010001_04102_00001-seg002_nis_x1dints.fits,seg002,4,411,60783.10790763344,TDB-MID,216.15425225403675,4.794827659550915,1778,0.5866384887837632,1.4160575472955537,871,0.37332123532826283,0.36686705396728203
TOI-2076_b,NIRISS_SOSS,obs10,SOSS_HDU4_ordem_2,jw05959010001_04102_00001-seg002_nis_x1dints.fits,seg002,4,412,60783.107984706454,TDB-MID,667.299106128664,4.795583676968503,1778,0.5866384887837632,1.4160575472955537,872,1.152496071835876,1.1325710904484496
TOI-2076_b,NIRISS_SOSS,obs10,SOSS_HDU4_ordem_2,jw05959010001_04102_00001-seg002_nis_x1dints.fits,seg002,4,413,60783.10806177946,TDB-MID,-53.90506290017518,4.794407335758647,1778,0.5866384887837632,1.4160575472955537,873,-0.09309973994261447,-0.09149018080322766
TOI-2076_b,NIRISS_SOSS,obs10,SOSS_HDU4_ordem_2,jw05959010001_04102_00001-seg002_nis_x1dints.fits,seg002,4,414,60783.10813885247,TDB-MID,690.1827238410604,4.795332831988403,1778,0.5866384887837632,1.4160575472955537,874,1.1920184978075445,1.1714102311394863
TOI-2076_b,NIRISS_SOSS,obs10,SOSS_HDU4_ordem_2,jw05959010001_04102_00001-seg002_nis_x1dints.fits,seg002,4,415,60783.10821592549,TDB-MID,503.01587351904203,4.795207316749705,1778,0.5866384887837632,1.4160575472955537,875,0.8687615688039143,0.8537419444324791
TOI-2076_b,NIRISS_SOSS,obs10,SOSS_HDU4_ordem_2,jw05959010001_04102_00001-seg002_nis_x1dints.fits,seg002,4,416,60783.1082929985,TDB-MID,343.11829427136547,4.794923141560685,1778,0.5866384887837632,1.4160575472955537,876,0.5926015525735298,0.5823563333543625
TOI-2076_b,NIRISS_SOSS,obs10,SOSS_HDU4_ordem_2,jw05959010001_04102_00001-seg002_nis_x1dints.fits,seg002,4,417,60783.10837007151,TDB-MID,869.4145134077107,4.795756573196659,1778,0.5866384887837632,1.4160575472955537,877,1.5015707383643462,1.4756107635367057
TOI-2076_b,NIRISS_SOSS,obs10,SOSS_HDU4_ordem_2,jw05959010001_04102_00001-seg002_nis_x1dints.fits,seg002,4,418,60783.10844714453,TDB-MID,744.9420354854451,4.796780484852593,1778,0.5866384887837632,1.4160575472955537,878,1.2865936156025046,1.2643502826571476
TOI-2076_b,NIRISS_SOSS,obs10,SOSS_HDU4_ordem_2,jw05959010001_04102_00001-seg002_nis_x1dints.fits,seg002,4,419,60783.10852421754,TDB-MID,898.5338840352111,4.795604644845333,1778,0.5866384887837632,1.4160575472955537,879,1.5518629685716148,1.52503351420708
TOI-2076_b,NIRISS_SOSS,obs10,SOSS_HDU4_ordem_2,jw05959010001_04102_00001-seg002_nis_x1dints.fits,seg002,4,420,60783.10860129055,TDB-MID,621.0684680308818,4.79521205877676,1778,0.5866384887837632,1.4160575472955537,880,1.0726508745070986,1.054106300488972
TOI-2076_b,NIRISS_SOSS,obs10,SOSS_HDU4_ordem_2,jw05959010001_04102_00001-seg002_nis_x1dints.fits,seg002,4,421,60783.10867836356,TDB-MID,536.076233398302,4.795175901409798,1778,0.5866384887837632,1.4160575472955537,881,0.9258603039054429,0.9098535254239454
TOI-2076_b,NIRISS_SOSS,obs10,SOSS_HDU4_ordem_2,jw05959010001_04102_00001-seg002_nis_x1dints.fits,seg002,4,422,60783.10875543658,TDB-MID,804.5582075996151,4.795552659193061,1778,0.5866384887837632,1.4160575472955537,882,1.3895570446681877,1.365533623740013
TOI-2076_b,NIRISS_SOSS,obs10,SOSS_HDU4_ordem_2,jw05959010001_04102_00001-seg002_nis_x1dints.fits,seg002,4,423,60783.10883250959,TDB-MID,634.7874927825432,4.795273240065779,1778,0.5866384887837632,1.4160575472955537,883,1.096345079984815,1.0773908676046402
TOI-2076_b,NIRISS_SOSS,obs10,SOSS_HDU4_ordem_2,jw05959010001_04102_00001-seg002_nis_x1dints.fits,seg002,4,424,60783.108909582596,TDB-MID,675.8712512743068,4.795333298889827,1778,0.5866384887837632,1.4160575472955537,884,1.1673010723473791,1.147120134027134
TOI-2076_b,NIRISS_SOSS,obs10,SOSS_HDU4_ordem_2,jw05959010001_04102_00001-seg002_nis_x1dints.fits,seg002,4,425,60783.10898665561,TDB-MID,564.9171401575134,4.795145737288231,1778,0.5866384887837632,1.4160575472955537,885,0.9756715975860417,0.958803654260929
TOI-2076_b,NIRISS_SOSS,obs10,SOSS_HDU4_ordem_2,jw05959010001_04102_00001-seg002_nis_x1dints.fits,seg002,4,426,60783.109063728625,TDB-MID,727.1691492403339,4.795434988966686,1778,0.5866384887837632,1.4160575472955537,886,1.2558979629415716,1.2341853132001666
TOI-2076_b,NIRISS_SOSS,obs10,SOSS_HDU4_ordem_2,jw05959010001_04102_00001-seg002_nis_x1dints.fits,seg002,4,427,60783.10914080164,TDB-MID,629.702855510254,4.7957200079356745,1778,0.5866384887837632,1.4160575472955537,887,1.0875633741062913,1.0687609846524204
TOI-2076_b,NIRISS_SOSS,obs10,SOSS_HDU4_ordem_2,jw05959010001_04102_00001-seg002_nis_x1dints.fits,seg002,4,428,60783.10921787465,TDB-MID,810.0395119651416,4.795442272352673,1778,0.5866384887837632,1.4160575472955537,888,1.3990238365337655,1.3748367485386657
TOI-2076_b,NIRISS_SOSS,obs10,SOSS_HDU4_ordem_2,jw05959010001_04102_00001-seg002_nis_x1dints.fits,seg002,4,429,60783.10929494766,TDB-MID,266.6247725702285,4.794754114314679,1778,0.5866384887837632,1.4160575472955537,889,0.4604891572896455,0.4525279692974885
TOI-2076_b,NIRISS_SOSS,obs10,SOSS_HDU4_ordem_2,jw05959010001_04102_00001-seg002_nis_x1dints.fits,seg002,4,430,60783.10937202068,TDB-MID,240.9848358634481,4.7948489663555796,1778,0.5866384887837632,1.4160575472955537,890,0.4162062771459588,0.40901067576551065
TOI-2076_b,NIRISS_SOSS,obs10,SOSS_HDU4_ordem_2,jw05959010001_04102_00001-seg002_nis_x1dints.fits,seg002,4,431,60783.10944909369,TDB-MID,833.18687786325,4.7955240670043064,1778,0.5866384887837632,1.4160575472955537,891,1.4390017834932416,1.4141235349219445
TOI-2076_b,NIRISS_SOSS,obs10,SOSS_HDU4_ordem_2,jw05959010001_04102_00001-seg002_nis_x1dints.fits,seg002,4,432,60783.1095261667,TDB-MID,452.14547818212907,4.7957097001055455,1778,0.5866384887837632,1.4160575472955537,892,0.7809030204257211,0.7674023426120588
TOI-2076_b,NIRISS_SOSS,obs10,SOSS_HDU4_ordem_2,jw05959010001_04102_00001-seg002_nis_x1dints.fits,seg002,4,433,60783.10960323971,TDB-MID,492.3366538341795,4.795089580706494,1778,0.5866384887837632,1.4160575472955537,893,0.8503174279021231,0.8356166759096538
TOI-2076_b,NIRISS_SOSS,obs10,SOSS_HDU4_ordem_2,jw05959010001_04102_00001-seg002_nis_x1dints.fits,seg002,4,434,60783.10968031273,TDB-MID,605.0095017367,4.795192901975083,1778,0.5866384887837632,1.4160575472955537,894,1.0449153427166205,1.0268502757165223
TOI-2076_b,NIRISS_SOSS,obs10,SOSS_HDU4_ordem_2,jw05959010001_04102_00001-seg002_nis_x1dints.fits,seg002,4,435,60783.10975738574,TDB-MID,859.6039269457629,4.79556999627841,1778,0.5866384887837632,1.4160575472955537,895,1.4846268188296765,1.4589597797348413
TOI-2076_b,NIRISS_SOSS,obs10,SOSS_HDU4_ordem_2,jw05959010001_04102_00001-seg002_nis_x1dints.fits,seg002,4,436,60783.10983445875,TDB-MID,201.29233910166704,4.794724735853715,1778,0.5866384887837632,1.4160575472955537,896,0.34765314080998627,0.34164272348258923
TOI-2076_b,NIRISS_SOSS,obs10,SOSS_HDU4_ordem_2,jw05959010001_04102_00001-seg002_nis_x1dints.fits,seg002,4,437,60783.109911531756,TDB-MID,764.6672427080703,4.7956344726607645,1778,0.5866384887837632,1.4160575472955537,897,1.3206611328993747,1.2978288221130998
TOI-2076_b,NIRISS_SOSS,obs10,SOSS_HDU4_ordem_2,jw05959010001_04102_00001-seg002_nis_x1dints.fits,seg002,4,438,60783.10998860477,TDB-MID,1102.112161571261,4.79592082049149,1778,0.5866384887837632,1.4160575472955537,898,1.9034641666199346,1.8705560387587086
TOI-2076_b,NIRISS_SOSS,obs10,SOSS_HDU4_ordem_2,jw05959010001_04102_00001-seg002_nis_x1dints.fits,seg002,4,439,60783.110065677785,TDB-MID,451.1013143819543,4.795149077201992,1778,0.5866384887837632,1.4160575472955537,899,0.7790996392028148,0.7656301392284344
TOI-2076_b,NIRISS_SOSS,obs10,SOSS_HDU4_ordem_2,jw05959010001_04102_00001-seg002_nis_x1dints.fits,seg002,4,440,60783.1101427508,TDB-MID,494.07691997643235,4.7950997440618925,1778,0.5866384887837632,1.4160575472955537,900,0.8533230514290766,0.8385703365759125
TOI-2076_b,NIRISS_SOSS,obs10,SOSS_HDU4_ordem_2,jw05959010001_04102_00001-seg002_nis_x1dints.fits,seg002,4,441,60783.11021982381,TDB-MID,764.8854166851678,4.795508389227305,1778,0.5866384887837632,1.4160575472955537,901,1.3210379424129381,1.2981991171380436
TOI-2076_b,NIRISS_SOSS,obs10,SOSS_HDU4_ordem_2,jw05959010001_04102_00001-seg002_nis_x1dints.fits,seg002,4,442,60783.11029689682,TDB-MID,984.6603668901851,4.8014764881818,1778,0.5866384887837632,1.4160575472955537,902,1.7006125057128478,1.6712113881284933
TOI-2076_b,NIRISS_SOSS,obs10,SOSS_HDU4_ordem_2,jw05959010001_04102_00001-seg002_nis_x1dints.fits,seg002,4,443,60783.11037396984,TDB-MID,530.4027184825832,4.79520106236529,1778,0.5866384887837632,1.4160575472955537,903,0.9160615441082024,0.9002241719364971
TOI-2076_b,NIRISS_SOSS,obs10,SOSS_HDU4_ordem_2,jw05959010001_04102_00001-seg002_nis_x1dints.fits,seg002,4,444,60783.11045104285,TDB-MID,1178.6326098813838,4.795967295365388,1778,0.5866384887837632,1.4160575472955537,904,2.0356230670029554,2.000430103909172
TOI-2076_b,NIRISS_SOSS,obs10,SOSS_HDU4_ordem_2,jw05959010001_04102_00001-seg002_nis_x1dints.fits,seg002,4,445,60783.11052811586,TDB-MID,547.6362944579906,4.795117696069125,1778,0.5866384887837632,1.4160575472955537,905,0.9458257509427799,0.929473798911166
TOI-2076_b,NIRISS_SOSS,obs10,SOSS_HDU4_ordem_2,jw05959010001_04102_00001-seg002_nis_x1dints.fits,seg002,4,446,60783.11060518887,TDB-MID,531.8332275564933,4.79503001942261,1778,0.5866384887837632,1.4160575472955537,906,0.9185321844451446,0.9026520984942503
TOI-2076_b,NIRISS_SOSS,obs10,SOSS_HDU4_ordem_2,jw05959010001_04102_00001-seg002_nis_x1dints.fits,seg002,4,447,60783.11068226189,TDB-MID,654.3815092582904,4.797442493303715,1778,0.5866384887837632,1.4160575472955537,907,1.1301860169984963,1.1106467440210597
TOI-2076_b,NIRISS_SOSS,obs10,SOSS_HDU4_ordem_2,jw05959010001_04102_00001-seg002_nis_x1dints.fits,seg002,4,448,60783.1107593349,TDB-MID,511.93253138959267,4.798430433927111,1778,0.5866384887837632,1.4160575472955537,908,0.8841615791970537,0.868875711037073
TOI-2076_b,NIRISS_SOSS,obs10,SOSS_HDU4_ordem_2,jw05959010001_04102_00001-seg002_nis_x1dints.fits,seg002,4,449,60783.110836407905,TDB-MID,375.60809920637433,4.79496809775955,1778,0.5866384887837632,1.4160575472955537,909,0.6487148789940388,0.6374995419481494
TOI-2076_b,NIRISS_SOSS,obs10,SOSS_HDU4_ordem_2,jw05959010001_04102_00001-seg002_nis_x1dints.fits,seg002,4,450,60783.110913480916,TDB-MID,305.18612112972176,4.795028154779909,1778,0.5866384887837632,1.4160575472955537,910,0.5270886811483527,0.5179760842223827
TOI-2076_b,NIRISS_SOSS,obs10,SOSS_HDU4_ordem_2,jw05959010001_04102_00001-seg002_nis_x1dints.fits,seg002,4,451,60783.11099055393,TDB-MID,475.6620783373983,4.795072402838348,1778,0.5866384887837632,1.4160575472955537,911,0.8215186739654353,0.8073158105560096
TOI-2076_b,NIRISS_SOSS,obs10,SOSS_HDU4_ordem_2,jw05959010001_04102_00001-seg002_nis_x1dints.fits,seg002,4,452,60783.111067626945,TDB-MID,937.686042527885,4.79561949905545,1778,0.5866384887837632,1.4160575472955537,912,1.61948288361763,1.591484379239272
TOI-2076_b,NIRISS_SOSS,obs10,SOSS_HDU4_ordem_2,jw05959010001_04102_00001-seg002_nis_x1dints.fits,seg002,4,453,60783.11114469996,TDB-MID,591.2758576129715,4.795204849793907,1778,0.5866384887837632,1.4160575472955537,913,1.0211958880384704,1.003540895922384
TOI-2076_b,NIRISS_SOSS,obs10,SOSS_HDU4_ordem_2,jw05959010001_04102_00001-seg002_nis_x1dints.fits,seg002,4,454,60783.11122177297,TDB-MID,696.7818328226329,4.7953120293477856,1778,0.5866384887837632,1.4160575472955537,914,1.2034158563668902,1.1826105459407572
TOI-2076_b,NIRISS_SOSS,obs10,SOSS_HDU4_ordem_2,jw05959010001_04102_00001-seg002_nis_x1dints.fits,seg002,4,455,60783.11129884598,TDB-MID,31.186599936172087,4.794560714117746,1778,0.5866384887837632,1.4160575472955537,915,0.05386255367383205,0.05293134843534409
TOI-2076_b,NIRISS_SOSS,obs10,SOSS_HDU4_ordem_2,jw05959010001_04102_00001-seg002_nis_x1dints.fits,seg002,4,456,60783.111375919,TDB-MID,662.5086779501698,4.795301752140948,1778,0.5866384887837632,1.4160575472955537,916,1.1442224961523177,1.1244405528589296
TOI-2076_b,NIRISS_SOSS,obs10,SOSS_HDU4_ordem_2,jw05959010001_04102_00001-seg002_nis_x1dints.fits,seg002,4,457,60783.11145299201,TDB-MID,295.3339497508825,4.794912317783835,1778,0.5866384887837632,1.4160575472955537,917,0.5100729400678053,0.5012545205647423
TOI-2076_b,NIRISS_SOSS,obs10,SOSS_HDU4_ordem_2,jw05959010001_04102_00001-seg002_nis_x1dints.fits,seg002,4,458,60783.11153006502,TDB-MID,621.0062070797749,4.797714197661477,1778,0.5866384887837632,1.4160575472955537,918,1.0725433432652305,1.0540006283059284
TOI-2076_b,NIRISS_SOSS,obs10,SOSS_HDU4_ordem_2,jw05959010001_04102_00001-seg002_nis_x1dints.fits,seg002,4,459,60783.11160713803,TDB-MID,839.1197753450947,4.795545236458447,1778,0.5866384887837632,1.4160575472955537,919,1.4492485243919364,1.4241931245689539
TOI-2076_b,NIRISS_SOSS,obs10,SOSS_HDU4_ordem_2,jw05959010001_04102_00001-seg003_nis_x1dints.fits,seg003,4,0,60783.11168421104,TDB-MID,414.7237056507399,4.7947028932198,1778,0.5866384887837632,1.4160575472955537,920,0.7162716647900581,0.7257858651431667
TOI-2076_b,NIRISS_SOSS,obs10,SOSS_HDU4_ordem_2,jw05959010001_04102_00001-seg003_nis_x1dints.fits,seg003,4,1,60783.11176128405,TDB-MID,487.0067818190694,4.794696940230812,1778,0.5866384887837632,1.4160575472955537,921,0.8411121757080372,0.8522846262634712
TOI-2076_b,NIRISS_SOSS,obs10,SOSS_HDU4_ordem_2,jw05959010001_04102_00001-seg003_nis_x1dints.fits,seg003,4,2,60783.111838357065,TDB-MID,289.00968326061025,4.794522768575597,1778,0.5866384887837632,1.4160575472955537,922,0.49915026353438785,0.5057804512788172
TOI-2076_b,NIRISS_SOSS,obs10,SOSS_HDU4_ordem_2,jw05959010001_04102_00001-seg003_nis_x1dints.fits,seg003,4,3,60783.111915430076,TDB-MID,22.250487075305188,4.794237387505522,1778,0.5866384887837632,1.4160575472955537,923,0.038428942456547724,0.0389393921586127
TOI-2076_b,NIRISS_SOSS,obs10,SOSS_HDU4_ordem_2,jw05959010001_04102_00001-seg003_nis_x1dints.fits,seg003,4,4,60783.11199250309,TDB-MID,435.3190105695657,4.7946433284615875,1778,0.5866384887837632,1.4160575472955537,924,0.75184193275417,0.7618286111804178
TOI-2076_b,NIRISS_SOSS,obs10,SOSS_HDU4_ordem_2,jw05959010001_04102_00001-seg003_nis_x1dints.fits,seg003,4,5,60783.112069576106,TDB-MID,440.00549302459353,4.794638002512105,1778,0.5866384887837632,1.4160575472955537,925,0.7599359831890373,0.7700301744784781
TOI-2076_b,NIRISS_SOSS,obs10,SOSS_HDU4_ordem_2,jw05959010001_04102_00001-seg003_nis_x1dints.fits,seg003,4,6,60783.11214664912,TDB-MID,728.1704985760579,4.7949783796375876,1778,0.5866384887837632,1.4160575472955537,926,1.2576273990600353,1.2743324002940615
TOI-2076_b,NIRISS_SOSS,obs10,SOSS_HDU4_ordem_2,jw05959010001_04102_00001-seg003_nis_x1dints.fits,seg003,4,7,60783.11222372213,TDB-MID,932.2130460311411,4.79530486873449,1778,0.5866384887837632,1.4160575472955537,927,1.610030440319358,1.6314163933547774
TOI-2076_b,NIRISS_SOSS,obs10,SOSS_HDU4_ordem_2,jw05959010001_04102_00001-seg003_nis_x1dints.fits,seg003,4,8,60783.11230079514,TDB-MID,320.4809125049764,4.79477268061899,1778,0.5866384887837632,1.4160575472955537,928,0.5535044021011266,0.5608565731233619
TOI-2076_b,NIRISS_SOSS,obs10,SOSS_HDU4_ordem_2,jw05959010001_04102_00001-seg003_nis_x1dints.fits,seg003,4,9,60783.11237786815,TDB-MID,606.8454351648867,4.795335351090414,1778,0.5866384887837632,1.4160575472955537,929,1.0480861937558386,1.062007869741224
TOI-2076_b,NIRISS_SOSS,obs10,SOSS_HDU4_ordem_2,jw05959010001_04102_00001-seg003_nis_x1dints.fits,seg003,4,10,60783.11245494117,TDB-MID,456.3488273473727,4.794704666437148,1778,0.5866384887837632,1.4160575472955537,930,0.7881626486149486,0.7986317732758511
TOI-2076_b,NIRISS_SOSS,obs10,SOSS_HDU4_ordem_2,jw05959010001_04102_00001-seg003_nis_x1dints.fits,seg003,4,11,60783.11253201418,TDB-MID,324.3168775647571,4.794512903904268,1778,0.5866384887837632,1.4160575472955537,931,0.5601295191176097,0.5675696912346195
TOI-2076_b,NIRISS_SOSS,obs10,SOSS_HDU4_ordem_2,jw05959010001_04102_00001-seg003_nis_x1dints.fits,seg003,4,12,60783.11260908719,TDB-MID,438.5017027416394,4.794600282669721,1778,0.5866384887837632,1.4160575472955537,932,0.757338778460225,0.7673984712104066
TOI-2076_b,NIRISS_SOSS,obs10,SOSS_HDU4_ordem_2,jw05959010001_04102_00001-seg003_nis_x1dints.fits,seg003,4,13,60783.112686160195,TDB-MID,499.1499913858875,4.7947952630486474,1778,0.5866384887837632,1.4160575472955537,933,0.8620847818402854,0.873535810463899
TOI-2076_b,NIRISS_SOSS,obs10,SOSS_HDU4_ordem_2,jw05959010001_04102_00001-seg003_nis_x1dints.fits,seg003,4,14,60783.112763233206,TDB-MID,598.5163797669559,4.794798826599448,1778,0.5866384887837632,1.4160575472955537,934,1.0337010349266764,1.0474316335737563
TOI-2076_b,NIRISS_SOSS,obs10,SOSS_HDU4_ordem_2,jw05959010001_04102_00001-seg003_nis_x1dints.fits,seg003,4,15,60783.112840306225,TDB-MID,438.2506323739775,4.794703728521296,1778,0.5866384887837632,1.4160575472955537,935,0.756905153403894,0.7669590863343495
TOI-2076_b,NIRISS_SOSS,obs10,SOSS_HDU4_ordem_2,jw05959010001_04102_00001-seg003_nis_x1dints.fits,seg003,4,16,60783.112917379236,TDB-MID,501.23467591102593,4.794775642065736,1778,0.5866384887837632,1.4160575472955537,936,0.8656852523102336,0.8771841058012829
TOI-2076_b,NIRISS_SOSS,obs10,SOSS_HDU4_ordem_2,jw05959010001_04102_00001-seg003_nis_x1dints.fits,seg003,4,17,60783.11299445225,TDB-MID,745.2388538721428,4.795114809305339,1778,0.5866384887837632,1.4160575472955537,937,1.2871062523220447,1.3042028196753266
TOI-2076_b,NIRISS_SOSS,obs10,SOSS_HDU4_ordem_2,jw05959010001_04102_00001-seg003_nis_x1dints.fits,seg003,4,18,60783.11307152526,TDB-MID,597.9167826311756,4.7948463614345,1778,0.5866384887837632,1.4160575472955537,938,1.032665467311908,1.046382310566655
TOI-2076_b,NIRISS_SOSS,obs10,SOSS_HDU4_ordem_2,jw05959010001_04102_00001-seg003_nis_x1dints.fits,seg003,4,19,60783.11314859828,TDB-MID,550.4844089127732,4.794868140885849,1778,0.5866384887837632,1.4160575472955537,939,0.9507447455752154,0.9633734400199678
TOI-2076_b,NIRISS_SOSS,obs10,SOSS_HDU4_ordem_2,jw05959010001_04102_00001-seg003_nis_x1dints.fits,seg003,4,20,60783.11322567129,TDB-MID,808.6825989867559,4.7963833080153035,1778,0.5866384887837632,1.4160575472955537,940,1.39668030443092,1.415232338385092
TOI-2076_b,NIRISS_SOSS,obs10,SOSS_HDU4_ordem_2,jw05959010001_04102_00001-seg003_nis_x1dints.fits,seg003,4,21,60783.1133027443,TDB-MID,696.0596561908162,4.794920090892123,1778,0.5866384887837632,1.4160575472955537,941,1.202168581009114,1.2181369255635301
TOI-2076_b,NIRISS_SOSS,obs10,SOSS_HDU4_ordem_2,jw05959010001_04102_00001-seg003_nis_x1dints.fits,seg003,4,22,60783.11337981731,TDB-MID,716.7376856272646,4.795023720003964,1778,0.5866384887837632,1.4160575472955537,942,1.2378817229569143,1.2543244433723804
TOI-2076_b,NIRISS_SOSS,obs10,SOSS_HDU4_ordem_2,jw05959010001_04102_00001-seg003_nis_x1dints.fits,seg003,4,23,60783.11345689032,TDB-MID,492.9673028158869,4.794764033803647,1778,0.5866384887837632,1.4160575472955537,943,0.8514066253361519,0.8627158165461468
TOI-2076_b,NIRISS_SOSS,obs10,SOSS_HDU4_ordem_2,jw05959010001_04102_00001-seg003_nis_x1dints.fits,seg003,4,24,60783.11353396334,TDB-MID,758.4201324426934,4.795163784840718,1778,0.5866384887837632,1.4160575472955537,944,1.3098717133196875,1.3272706731417905
TOI-2076_b,NIRISS_SOSS,obs10,SOSS_HDU4_ordem_2,jw05959010001_04102_00001-seg003_nis_x1dints.fits,seg003,4,25,60783.11361103635,TDB-MID,563.4616902638315,4.79481208700808,1778,0.5866384887837632,1.4160575472955537,945,0.9731578818177805,0.986084288819424
TOI-2076_b,NIRISS_SOSS,obs10,SOSS_HDU4_ordem_2,jw05959010001_04102_00001-seg003_nis_x1dints.fits,seg003,4,26,60783.113688109355,TDB-MID,817.9164967693686,4.795202179571911,1778,0.5866384887837632,1.4160575472955537,946,1.412628221675909,1.431392091009508
TOI-2076_b,NIRISS_SOSS,obs10,SOSS_HDU4_ordem_2,jw05959010001_04102_00001-seg003_nis_x1dints.fits,seg003,4,27,60783.11376518237,TDB-MID,671.4403080656683,4.794888364276394,1778,0.5866384887837632,1.4160575472955537,947,1.1596483651946452,1.1750519158695842
TOI-2076_b,NIRISS_SOSS,obs10,SOSS_HDU4_ordem_2,jw05959010001_04102_00001-seg003_nis_x1dints.fits,seg003,4,28,60783.11384225538,TDB-MID,692.2166507273697,4.795371411304134,1778,0.5866384887837632,1.4160575472955537,948,1.195531304471519,1.2114114864168555
TOI-2076_b,NIRISS_SOSS,obs10,SOSS_HDU4_ordem_2,jw05959010001_04102_00001-seg003_nis_x1dints.fits,seg003,4,29,60783.11391932839,TDB-MID,408.33507582093637,4.794740124322618,1778,0.5866384887837632,1.4160575472955537,949,0.7052378259677978,0.7146054643970172
TOI-2076_b,NIRISS_SOSS,obs10,SOSS_HDU4_ordem_2,jw05959010001_04102_00001-seg003_nis_x1dints.fits,seg003,4,30,60783.11399640141,TDB-MID,348.3895844492083,4.794520335237592,1778,0.5866384887837632,1.4160575472955537,950,0.6017056277441318,0.6096980532125168
TOI-2076_b,NIRISS_SOSS,obs10,SOSS_HDU4_ordem_2,jw05959010001_04102_00001-seg003_nis_x1dints.fits,seg003,4,31,60783.11407347442,TDB-MID,956.6906449468956,4.7952361977285465,1778,0.5866384887837632,1.4160575472955537,951,1.652305840270129,1.6742533353082707
TOI-2076_b,NIRISS_SOSS,obs10,SOSS_HDU4_ordem_2,jw05959010001_04102_00001-seg003_nis_x1dints.fits,seg003,4,32,60783.11415054743,TDB-MID,554.4304229736252,4.794880391838492,1778,0.5866384887837632,1.4160575472955537,952,0.9575599288457655,0.9702791490257474
TOI-2076_b,NIRISS_SOSS,obs10,SOSS_HDU4_ordem_2,jw05959010001_04102_00001-seg003_nis_x1dints.fits,seg003,4,33,60783.11422762044,TDB-MID,396.45983390822704,4.794600004903925,1778,0.5866384887837632,1.4160575472955537,953,0.6847280282911629,0.6938232361135477
TOI-2076_b,NIRISS_SOSS,obs10,SOSS_HDU4_ordem_2,jw05959010001_04102_00001-seg003_nis_x1dints.fits,seg003,4,34,60783.11430469345,TDB-MID,605.0240786848515,4.794784406236081,1778,0.5866384887837632,1.4160575472955537,954,1.044940518646469,1.0588204107882273
TOI-2076_b,NIRISS_SOSS,obs10,SOSS_HDU4_ordem_2,jw05959010001_04102_00001-seg003_nis_x1dints.fits,seg003,4,35,60783.11438176647,TDB-MID,298.2549835121554,4.794514754618095,1778,0.5866384887837632,1.4160575472955537,955,0.5151178740481572,0.5219601587567084
TOI-2076_b,NIRISS_SOSS,obs10,SOSS_HDU4_ordem_2,jw05959010001_04102_00001-seg003_nis_x1dints.fits,seg003,4,36,60783.11445883948,TDB-MID,526.8794284542041,4.794704443486526,1778,0.5866384887837632,1.4160575472955537,956,0.9099764499122835,0.9220636211444633
TOI-2076_b,NIRISS_SOSS,obs10,SOSS_HDU4_ordem_2,jw05959010001_04102_00001-seg003_nis_x1dints.fits,seg003,4,37,60783.114535912486,TDB-MID,940.6851921292078,4.79526030503459,1778,0.5866384887837632,1.4160575472955537,957,1.6246627319084896,1.6462430449341858
TOI-2076_b,NIRISS_SOSS,obs10,SOSS_HDU4_ordem_2,jw05959010001_04102_00001-seg003_nis_x1dints.fits,seg003,4,38,60783.1146129855,TDB-MID,711.7188864020006,4.79496590490216,1778,0.5866384887837632,1.4160575472955537,958,1.2292137263429128,1.2455413101970716
TOI-2076_b,NIRISS_SOSS,obs10,SOSS_HDU4_ordem_2,jw05959010001_04102_00001-seg003_nis_x1dints.fits,seg003,4,39,60783.11469005851,TDB-MID,973.3933566298214,4.795300913676235,1778,0.5866384887837632,1.4160575472955537,959,1.6811531883735258,1.7034838612797911
TOI-2076_b,NIRISS_SOSS,obs10,SOSS_HDU4_ordem_2,jw05959010001_04102_00001-seg003_nis_x1dints.fits,seg003,4,40,60783.11476713153,TDB-MID,628.7861189863154,4.794873295918,1778,0.5866384887837632,1.4160575472955537,960,1.0859800732550775,1.100405091728286
TOI-2076_b,NIRISS_SOSS,obs10,SOSS_HDU4_ordem_2,jw05959010001_04102_00001-seg003_nis_x1dints.fits,seg003,4,41,60783.11484420454,TDB-MID,280.06914340460446,4.79439113718918,1778,0.5866384887837632,1.4160575472955537,961,0.4837090064286844,0.49013408873473163
TOI-2076_b,NIRISS_SOSS,obs10,SOSS_HDU4_ordem_2,jw05959010001_04102_00001-seg003_nis_x1dints.fits,seg003,4,42,60783.11492127755,TDB-MID,686.1600093026561,4.794877247397157,1778,0.5866384887837632,1.4160575472955537,962,1.1850708447070861,1.2008120808936043
TOI-2076_b,NIRISS_SOSS,obs10,SOSS_HDU4_ordem_2,jw05959010001_04102_00001-seg003_nis_x1dints.fits,seg003,4,43,60783.11499835056,TDB-MID,773.867210386611,4.795082805878074,1778,0.5866384887837632,1.4160575472955537,963,1.336550449269133,1.3543037813936292
TOI-2076_b,NIRISS_SOSS,obs10,SOSS_HDU4_ordem_2,jw05959010001_04102_00001-seg003_nis_x1dints.fits,seg003,4,44,60783.11507542357,TDB-MID,513.4036532245766,4.7948106347976465,1778,0.5866384887837632,1.4160575472955537,964,0.886702362064046,0.8984803847626328
TOI-2076_b,NIRISS_SOSS,obs10,SOSS_HDU4_ordem_2,jw05959010001_04102_00001-seg003_nis_x1dints.fits,seg003,4,45,60783.11515249658,TDB-MID,590.9124842373869,4.794929143680002,1778,0.5866384887837632,1.4160575472955537,965,1.0205683038200521,1.0341244610630196
TOI-2076_b,NIRISS_SOSS,obs10,SOSS_HDU4_ordem_2,jw05959010001_04102_00001-seg003_nis_x1dints.fits,seg003,4,46,60783.1152295696,TDB-MID,640.7794408251805,4.794824752709373,1778,0.5866384887837632,1.4160575472955537,966,1.106693807442053,1.1213939654004643
TOI-2076_b,NIRISS_SOSS,obs10,SOSS_HDU4_ordem_2,jw05959010001_04102_00001-seg003_nis_x1dints.fits,seg003,4,47,60783.11530664261,TDB-MID,519.5203723114896,4.794789128997218,1778,0.5866384887837632,1.4160575472955537,967,0.8972665822996888,0.9091849290021935
TOI-2076_b,NIRISS_SOSS,obs10,SOSS_HDU4_ordem_2,jw05959010001_04102_00001-seg003_nis_x1dints.fits,seg003,4,48,60783.11538371562,TDB-MID,828.6806278054122,4.795077294072188,1778,0.5866384887837632,1.4160575472955537,968,1.4312190134540341,1.4502298233360238
TOI-2076_b,NIRISS_SOSS,obs10,SOSS_HDU4_ordem_2,jw05959010001_04102_00001-seg003_nis_x1dints.fits,seg003,4,49,60783.115460788635,TDB-MID,554.9052947472875,4.796456608580543,1778,0.5866384887837632,1.4160575472955537,969,0.9583800825800429,0.9711101968206611
TOI-2076_b,NIRISS_SOSS,obs10,SOSS_HDU4_ordem_2,jw05959010001_04102_00001-seg003_nis_x1dints.fits,seg003,4,50,60783.11553786164,TDB-MID,639.0172609662127,4.794789655998608,1778,0.5866384887837632,1.4160575472955537,970,1.1036503366106427,1.1183100682996898
TOI-2076_b,NIRISS_SOSS,obs10,SOSS_HDU4_ordem_2,jw05959010001_04102_00001-seg003_nis_x1dints.fits,seg003,4,51,60783.11561493466,TDB-MID,485.8044568781038,4.794726178854016,1778,0.5866384887837632,1.4160575472955537,971,0.8390356334816103,0.8501805014315119
TOI-2076_b,NIRISS_SOSS,obs10,SOSS_HDU4_ordem_2,jw05959010001_04102_00001-seg003_nis_x1dints.fits,seg003,4,52,60783.11569200767,TDB-MID,772.8127905701128,4.7950022570203386,1778,0.5866384887837632,1.4160575472955537,972,1.3347293548222512,1.3524584974411713
TOI-2076_b,NIRISS_SOSS,obs10,SOSS_HDU4_ordem_2,jw05959010001_04102_00001-seg003_nis_x1dints.fits,seg003,4,53,60783.11576908068,TDB-MID,470.97648118410723,4.794652109910175,1778,0.5866384887837632,1.4160575472955537,973,0.8134261525402199,0.824230851048005
TOI-2076_b,NIRISS_SOSS,obs10,SOSS_HDU4_ordem_2,jw05959010001_04102_00001-seg003_nis_x1dints.fits,seg003,4,54,60783.11584615369,TDB-MID,716.4561140026346,4.794962496639346,1778,0.5866384887837632,1.4160575472955537,974,1.2373954190066379,1.2538316798712896
TOI-2076_b,NIRISS_SOSS,obs10,SOSS_HDU4_ordem_2,jw05959010001_04102_00001-seg003_nis_x1dints.fits,seg003,4,55,60783.1159232267,TDB-MID,603.3913706779315,4.794935429700393,1778,0.5866384887837632,1.4160575472955537,975,1.0421206593852348,1.0559630954788233
TOI-2076_b,NIRISS_SOSS,obs10,SOSS_HDU4_ordem_2,jw05959010001_04102_00001-seg003_nis_x1dints.fits,seg003,4,56,60783.11600029971,TDB-MID,617.1936495670061,4.794870475910534,1778,0.5866384887837632,1.4160575472955537,976,1.0659586535559846,1.080117728522372
TOI-2076_b,NIRISS_SOSS,obs10,SOSS_HDU4_ordem_2,jw05959010001_04102_00001-seg003_nis_x1dints.fits,seg003,4,57,60783.11607737273,TDB-MID,503.7926127929369,4.794745021582566,1778,0.5866384887837632,1.4160575472955537,977,0.8701030796103619,0.8816606148783473
TOI-2076_b,NIRISS_SOSS,obs10,SOSS_HDU4_ordem_2,jw05959010001_04102_00001-seg003_nis_x1dints.fits,seg003,4,58,60783.11615444574,TDB-MID,680.6489897101708,4.794943441595935,1778,0.5866384887837632,1.4160575472955537,978,1.175552731504451,1.1911675390739442
TOI-2076_b,NIRISS_SOSS,obs10,SOSS_HDU4_ordem_2,jw05959010001_04102_00001-seg003_nis_x1dints.fits,seg003,4,59,60783.116231518754,TDB-MID,385.1638782520589,4.794831517951443,1778,0.5866384887837632,1.4160575472955537,979,0.6652187191945373,0.6740547858493731
TOI-2076_b,NIRISS_SOSS,obs10,SOSS_HDU4_ordem_2,jw05959010001_04102_00001-seg003_nis_x1dints.fits,seg003,4,60,60783.116308591765,TDB-MID,547.5724541859647,4.7948670961706945,1778,0.5866384887837632,1.4160575472955537,980,0.945715492046793,0.9582773831708946
TOI-2076_b,NIRISS_SOSS,obs10,SOSS_HDU4_ordem_2,jw05959010001_04102_00001-seg003_nis_x1dints.fits,seg003,4,61,60783.11638566477,TDB-MID,763.6762480277284,4.795064199552768,1778,0.5866384887837632,1.4160575472955537,981,1.3189495803649645,1.3364691210366155
TOI-2076_b,NIRISS_SOSS,obs10,SOSS_HDU4_ordem_2,jw05959010001_04102_00001-seg003_nis_x1dints.fits,seg003,4,62,60783.11646273778,TDB-MID,691.9058512947279,4.796007542989854,1778,0.5866384887837632,1.4160575472955537,982,1.1949945210082134,1.2108675728859133
TOI-2076_b,NIRISS_SOSS,obs10,SOSS_HDU4_ordem_2,jw05959010001_04102_00001-seg003_nis_x1dints.fits,seg003,4,63,60783.1165398108,TDB-MID,456.38605061984435,4.794573758511536,1778,0.5866384887837632,1.4160575472955537,983,0.7882269371400049,0.7986969157421393
TOI-2076_b,NIRISS_SOSS,obs10,SOSS_HDU4_ordem_2,jw05959010001_04102_00001-seg003_nis_x1dints.fits,seg003,4,64,60783.11661688381,TDB-MID,640.9358122749359,4.794892238621464,1778,0.5866384887837632,1.4160575472955537,984,1.1069638774600332,1.1216676227448554
TOI-2076_b,NIRISS_SOSS,obs10,SOSS_HDU4_ordem_2,jw05959010001_04102_00001-seg003_nis_x1dints.fits,seg003,4,65,60783.11669395682,TDB-MID,905.2614613266669,4.795209390305989,1778,0.5866384887837632,1.4160575472955537,985,1.5634822054777706,1.5842498606603828
TOI-2076_b,NIRISS_SOSS,obs10,SOSS_HDU4_ordem_2,jw05959010001_04102_00001-seg003_nis_x1dints.fits,seg003,4,66,60783.11677102983,TDB-MID,486.04781510210785,4.794671601421108,1778,0.5866384887837632,1.4160575472955537,986,0.8394559388508783,0.8506063896957753
TOI-2076_b,NIRISS_SOSS,obs10,SOSS_HDU4_ordem_2,jw05959010001_04102_00001-seg003_nis_x1dints.fits,seg003,4,67,60783.11684810284,TDB-MID,215.98911001510075,4.794333244519863,1778,0.5866384887837632,1.4160575472955537,987,0.3730360172305314,0.37799103580982585
TOI-2076_b,NIRISS_SOSS,obs10,SOSS_HDU4_ordem_2,jw05959010001_04102_00001-seg003_nis_x1dints.fits,seg003,4,68,60783.116925175855,TDB-MID,904.1443823746946,4.795221505769309,1778,0.5866384887837632,1.4160575472955537,988,1.5615528920825412,1.582294920292751
TOI-2076_b,NIRISS_SOSS,obs10,SOSS_HDU4_ordem_2,jw05959010001_04102_00001-seg003_nis_x1dints.fits,seg003,4,69,60783.11700224887,TDB-MID,215.83554756787376,4.794386106425048,1778,0.5866384887837632,1.4160575472955537,989,0.37277079865675367,0.37772229435112564
TOI-2076_b,NIRISS_SOSS,obs10,SOSS_HDU4_ordem_2,jw05959010001_04102_00001-seg003_nis_x1dints.fits,seg003,4,70,60783.117079321884,TDB-MID,264.8316597435986,4.794414682453944,1778,0.5866384887837632,1.4160575472955537,990,0.4573922619543009,0.46346778027243823
TOI-2076_b,NIRISS_SOSS,obs10,SOSS_HDU4_ordem_2,jw05959010001_04102_00001-seg003_nis_x1dints.fits,seg003,4,71,60783.117156394896,TDB-MID,949.3182439126394,4.795281685368998,1778,0.5866384887837632,1.4160575472955537,991,1.6395729246196458,1.6613512889821893
TOI-2076_b,NIRISS_SOSS,obs10,SOSS_HDU4_ordem_2,jw05959010001_04102_00001-seg003_nis_x1dints.fits,seg003,4,72,60783.11723346791,TDB-MID,582.4841212512968,4.794805409021032,1778,0.5866384887837632,1.4160575472955537,992,1.0060116302920001,1.0193744319755775
TOI-2076_b,NIRISS_SOSS,obs10,SOSS_HDU4_ordem_2,jw05959010001_04102_00001-seg003_nis_x1dints.fits,seg003,4,73,60783.11731054092,TDB-MID,428.8167380616368,4.794681116313425,1778,0.5866384887837632,1.4160575472955537,993,0.7406118210178153,0.7504493304369675
TOI-2076_b,NIRISS_SOSS,obs10,SOSS_HDU4_ordem_2,jw05959010001_04102_00001-seg003_nis_x1dints.fits,seg003,4,74,60783.11738761392,TDB-MID,166.64055171619188,4.794356435143224,1778,0.5866384887837632,1.4160575472955537,994,0.28780584223417804,0.2916287527029507
TOI-2076_b,NIRISS_SOSS,obs10,SOSS_HDU4_ordem_2,jw05959010001_04102_00001-seg003_nis_x1dints.fits,seg003,4,75,60783.11746468693,TDB-MID,672.8340607798236,4.794950432159337,1778,0.5866384887837632,1.4160575472955537,995,1.1620555234141332,1.177491048250145
TOI-2076_b,NIRISS_SOSS,obs10,SOSS_HDU4_ordem_2,jw05959010001_04102_00001-seg003_nis_x1dints.fits,seg003,4,76,60783.11754175995,TDB-MID,634.8701159786202,4.79510811216432,1778,0.5866384887837632,1.4160575472955537,996,1.0964877789754874,1.1110523707731617
TOI-2076_b,NIRISS_SOSS,obs10,SOSS_HDU4_ordem_2,jw05959010001_04102_00001-seg003_nis_x1dints.fits,seg003,4,77,60783.11761883296,TDB-MID,328.795337082855,4.794489827176248,1778,0.5866384887837632,1.4160575472955537,997,0.5678642919579746,0.5754072046720324
TOI-2076_b,NIRISS_SOSS,obs10,SOSS_HDU4_ordem_2,jw05959010001_04102_00001-seg003_nis_x1dints.fits,seg003,4,78,60783.117695905974,TDB-MID,797.0558946146951,4.7957197962149865,1778,0.5866384887837632,1.4160575472955537,998,1.3765997573507125,1.3948850624120457
TOI-2076_b,NIRISS_SOSS,obs10,SOSS_HDU4_ordem_2,jw05959010001_04102_00001-seg003_nis_x1dints.fits,seg003,4,79,60783.117772978985,TDB-MID,793.4552687437322,4.795077497622889,1778,0.5866384887837632,1.4160575472955537,999,1.3703810959823346,1.3885837988787417
TOI-2076_b,NIRISS_SOSS,obs10,SOSS_HDU4_ordem_2,jw05959010001_04102_00001-seg003_nis_x1dints.fits,seg003,4,80,60783.117850051996,TDB-MID,513.2114816378441,4.794686315961782,1778,0.5866384887837632,1.4160575472955537,1000,0.8863704614263956,0.8981440755055728
TOI-2076_b,NIRISS_SOSS,obs10,SOSS_HDU4_ordem_2,jw05959010001_04102_00001-seg003_nis_x1dints.fits,seg003,4,81,60783.11792712501,TDB-MID,747.4252504875546,4.7950312249923215,1778,0.5866384887837632,1.4160575472955537,1001,1.290882390320125,1.3080291159237478
TOI-2076_b,NIRISS_SOSS,obs10,SOSS_HDU4_ordem_2,jw05959010001_04102_00001-seg003_nis_x1dints.fits,seg003,4,82,60783.118004198026,TDB-MID,460.62340178619115,4.794757675909732,1778,0.5866384887837632,1.4160575472955537,1002,0.7955452903782337,0.8061124782968692
TOI-2076_b,NIRISS_SOSS,obs10,SOSS_HDU4_ordem_2,jw05959010001_04102_00001-seg003_nis_x1dints.fits,seg003,4,83,60783.11808127104,TDB-MID,675.1357536272799,4.7949455662663425,1778,0.5866384887837632,1.4160575472955537,1003,1.166030790188662,1.181519118292497
TOI-2076_b,NIRISS_SOSS,obs10,SOSS_HDU4_ordem_2,jw05959010001_04102_00001-seg003_nis_x1dints.fits,seg003,4,84,60783.11815834405,TDB-MID,931.2185112546707,4.795229919843118,1778,0.5866384887837632,1.4160575472955537,1004,1.6083127736648408,1.6296759110208272
TOI-2076_b,NIRISS_SOSS,obs10,SOSS_HDU4_ordem_2,jw05959010001_04102_00001-seg003_nis_x1dints.fits,seg003,4,85,60783.11823541706,TDB-MID,998.7942626994598,4.79498619257781,1778,0.5866384887837632,1.4160575472955537,1005,1.7250232373477645,1.7479366338992042
TOI-2076_b,NIRISS_SOSS,obs10,SOSS_HDU4_ordem_2,jw05959010001_04102_00001-seg003_nis_x1dints.fits,seg003,4,86,60783.11831249006,TDB-MID,494.21843580672044,4.7947136149464145,1778,0.5866384887837632,1.4160575472955537,1006,0.8535674642223977,0.8649053577462006
TOI-2076_b,NIRISS_SOSS,obs10,SOSS_HDU4_ordem_2,jw05959010001_04102_00001-seg003_nis_x1dints.fits,seg003,4,87,60783.118389563075,TDB-MID,438.5937216997063,4.7945978333933015,1778,0.5866384887837632,1.4160575472955537,1007,0.7574977049247332,0.7675595086871174
TOI-2076_b,NIRISS_SOSS,obs10,SOSS_HDU4_ordem_2,jw05959010001_04102_00001-seg003_nis_x1dints.fits,seg003,4,88,60783.118466636086,TDB-MID,550.1914045592976,4.794770777176516,1778,0.5866384887837632,1.4160575472955537,1008,0.9502386960940905,0.9628606687091397
TOI-2076_b,NIRISS_SOSS,obs10,SOSS_HDU4_ordem_2,jw05959010001_04102_00001-seg003_nis_x1dints.fits,seg003,4,89,60783.118543709104,TDB-MID,757.1125606010726,4.796643629495954,1778,0.5866384887837632,1.4160575472955537,1009,1.3076133985740648,1.3249823613154421
TOI-2076_b,NIRISS_SOSS,obs10,SOSS_HDU4_ordem_2,jw05959010001_04102_00001-seg003_nis_x1dints.fits,seg003,4,90,60783.118620782116,TDB-MID,920.1742988592571,4.7955306029476885,1778,0.5866384887837632,1.4160575472955537,1010,1.589238251782024,1.6103480232270664
TOI-2076_b,NIRISS_SOSS,obs10,SOSS_HDU4_ordem_2,jw05959010001_04102_00001-seg003_nis_x1dints.fits,seg003,4,91,60783.11869785513,TDB-MID,316.92458995825586,4.794523260199059,1778,0.5866384887837632,1.4160575472955537,1011,0.5473622572553841,0.5546328424777994
TOI-2076_b,NIRISS_SOSS,obs10,SOSS_HDU4_ordem_2,jw05959010001_04102_00001-seg003_nis_x1dints.fits,seg003,4,92,60783.11877492814,TDB-MID,404.05897791491736,4.794549666164331,1778,0.5866384887837632,1.4160575472955537,1012,0.6978525530156678,0.7071220932372058
TOI-2076_b,NIRISS_SOSS,obs10,SOSS_HDU4_ordem_2,jw05959010001_04102_00001-seg003_nis_x1dints.fits,seg003,4,93,60783.11885200115,TDB-MID,850.8067166264727,4.795146838089987,1778,0.5866384887837632,1.4160575472955537,1013,1.4694331069799547,1.4889515127365132
TOI-2076_b,NIRISS_SOSS,obs10,SOSS_HDU4_ordem_2,jw05959010001_04102_00001-seg003_nis_x1dints.fits,seg003,4,94,60783.11892907416,TDB-MID,571.2080554198744,4.794801170882495,1778,0.5866384887837632,1.4160575472955537,1014,0.9865366730245296,0.99964078983417
TOI-2076_b,NIRISS_SOSS,obs10,SOSS_HDU4_ordem_2,jw05959010001_04102_00001-seg003_nis_x1dints.fits,seg003,4,95,60783.11900614717,TDB-MID,742.7772137763317,4.795006772319604,1778,0.5866384887837632,1.4160575472955537,1015,1.2828547397474888,1.2998948344739356
TOI-2076_b,NIRISS_SOSS,obs10,SOSS_HDU4_ordem_2,jw05959010001_04102_00001-seg003_nis_x1dints.fits,seg003,4,96,60783.11908322019,TDB-MID,454.05457947705906,4.794646213685866,1778,0.5866384887837632,1.4160575472955537,1016,0.7842002401026787,0.7946167322914065
TOI-2076_b,NIRISS_SOSS,obs10,SOSS_HDU4_ordem_2,jw05959010001_04102_00001-seg003_nis_x1dints.fits,seg003,4,97,60783.1191602932,TDB-MID,354.91944533940045,4.794578587050975,1778,0.5866384887837632,1.4160575472955537,1017,0.6129833875320044,0.6211256149141472
TOI-2076_b,NIRISS_SOSS,obs10,SOSS_HDU4_ordem_2,jw05959010001_04102_00001-seg003_nis_x1dints.fits,seg003,4,98,60783.119237366205,TDB-MID,525.4308433908305,4.794673352197427,1778,0.5866384887837632,1.4160575472955537,1018,0.9074745904313924,0.9195285295904264
TOI-2076_b,NIRISS_SOSS,obs10,SOSS_HDU4_ordem_2,jw05959010001_04102_00001-seg003_nis_x1dints.fits,seg003,4,99,60783.11931443922,TDB-MID,3.355332520482193,4.794175453373328,1778,0.5866384887837632,1.4160575472955537,1019,0.0057950138311938446,0.005871988707276892
TOI-2076_b,NIRISS_SOSS,obs10,SOSS_HDU4_ordem_2,jw05959010001_04102_00001-seg003_nis_x1dints.fits,seg003,4,100,60783.11939151223,TDB-MID,438.3769861200535,4.794673416902557,1778,0.5866384887837632,1.4160575472955537,1020,0.7571233796755567,0.7671802112945587
TOI-2076_b,NIRISS_SOSS,obs10,SOSS_HDU4_ordem_2,jw05959010001_04102_00001-seg003_nis_x1dints.fits,seg003,4,101,60783.11946858524,TDB-MID,595.9764461280167,4.7947585845578775,1778,0.5866384887837632,1.4160575472955537,1021,1.0293143011296186,1.0429866310131934
TOI-2076_b,NIRISS_SOSS,obs10,SOSS_HDU4_ordem_2,jw05959010001_04102_00001-seg003_nis_x1dints.fits,seg003,4,102,60783.11954565825,TDB-MID,704.7655730340571,4.794685338945364,1778,0.5866384887837632,1.4160575472955537,1022,1.217204619378436,1.2333726868712218
TOI-2076_b,NIRISS_SOSS,obs10,SOSS_HDU4_ordem_2,jw05959010001_04102_00001-seg003_nis_x1dints.fits,seg003,4,103,60783.11962273126,TDB-MID,562.4102256923377,4.794848998192006,1778,0.5866384887837632,1.4160575472955537,1023,0.9713418913913111,0.9842441766838237
TOI-2076_b,NIRISS_SOSS,obs10,SOSS_HDU4_ordem_2,jw05959010001_04102_00001-seg003_nis_x1dints.fits,seg003,4,104,60783.11969980428,TDB-MID,142.64070545769928,4.794285096109052,1778,0.5866384887837632,1.4160575472955537,1024,0.24635557160809315,0.24962790022529593
TOI-2076_b,NIRISS_SOSS,obs10,SOSS_HDU4_ordem_2,jw05959010001_04102_00001-seg003_nis_x1dints.fits,seg003,4,105,60783.11977687729,TDB-MID,858.9121703948206,4.7952506501879455,1778,0.5866384887837632,1.4160575472955537,1025,1.483432082166154,1.5031364356031904
TOI-2076_b,NIRISS_SOSS,obs10,SOSS_HDU4_ordem_2,jw05959010001_04102_00001-seg003_nis_x1dints.fits,seg003,4,106,60783.1198539503,TDB-MID,436.52711991874,4.794827097848864,1778,0.5866384887837632,1.4160575472955537,1026,0.7539284652648296,0.7639428589970508
TOI-2076_b,NIRISS_SOSS,obs10,SOSS_HDU4_ordem_2,jw05959010001_04102_00001-seg003_nis_x1dints.fits,seg003,4,107,60783.11993102331,TDB-MID,186.63628728366663,4.794249627868503,1778,0.5866384887837632,1.4160575472955537,1027,0.3223405905701667,0.32662222435714994
TOI-2076_b,NIRISS_SOSS,obs10,SOSS_HDU4_ordem_2,jw05959010001_04102_00001-seg003_nis_x1dints.fits,seg003,4,108,60783.120008096324,TDB-MID,585.4062944979382,4.794760110600998,1778,0.5866384887837632,1.4160575472955537,1028,1.0110585322839964,1.0244883717118751
TOI-2076_b,NIRISS_SOSS,obs10,SOSS_HDU4_ordem_2,jw05959010001_04102_00001-seg003_nis_x1dints.fits,seg003,4,109,60783.120085169336,TDB-MID,819.095716485597,4.795106627721506,1778,0.5866384887837632,1.4160575472955537,1029,1.4146648587376147,1.433455780618458
TOI-2076_b,NIRISS_SOSS,obs10,SOSS_HDU4_ordem_2,jw05959010001_04102_00001-seg003_nis_x1dints.fits,seg003,4,110,60783.12016224234,TDB-MID,806.7648610188216,4.795372143413324,1778,0.5866384887837632,1.4160575472955537,1030,1.3933681683070203,1.4118762073243147
TOI-2076_b,NIRISS_SOSS,obs10,SOSS_HDU4_ordem_2,jw05959010001_04102_00001-seg003_nis_x1dints.fits,seg003,4,111,60783.12023931535,TDB-MID,434.6302699025902,4.795071179220852,1778,0.5866384887837632,1.4160575472955537,1031,0.7506524048409559,0.7606232828280013
TOI-2076_b,NIRISS_SOSS,obs10,SOSS_HDU4_ordem_2,jw05959010001_04102_00001-seg003_nis_x1dints.fits,seg003,4,112,60783.12031638837,TDB-MID,619.7229852435275,4.795019949695322,1778,0.5866384887837632,1.4160575472955537,1032,1.070327083552028,1.0845441841534555
TOI-2076_b,NIRISS_SOSS,obs10,SOSS_HDU4_ordem_2,jw05959010001_04102_00001-seg003_nis_x1dints.fits,seg003,4,113,60783.12039346138,TDB-MID,938.3922138796542,4.795270139360335,1778,0.5866384887837632,1.4160575472955537,1033,1.620702516165437,1.6422302258454013
TOI-2076_b,NIRISS_SOSS,obs10,SOSS_HDU4_ordem_2,jw05959010001_04102_00001-seg003_nis_x1dints.fits,seg003,4,114,60783.12047053439,TDB-MID,595.178164764322,4.795060097083487,1778,0.5866384887837632,1.4160575472955537,1034,1.0279355848576675,1.0415896013226245
TOI-2076_b,NIRISS_SOSS,obs10,SOSS_HDU4_ordem_2,jw05959010001_04102_00001-seg003_nis_x1dints.fits,seg003,4,115,60783.1205476074,TDB-MID,913.3427076157802,4.7952075282433375,1778,0.5866384887837632,1.4160575472955537,1035,1.577439371789253,1.5983924193071715
TOI-2076_b,NIRISS_SOSS,obs10,SOSS_HDU4_ordem_2,jw05959010001_04102_00001-seg003_nis_x1dints.fits,seg003,4,116,60783.120624680414,TDB-MID,481.6986062249094,4.794686891739721,1778,0.5866384887837632,1.4160575472955537,1036,0.8319443955256599,0.8429950709198861
TOI-2076_b,NIRISS_SOSS,obs10,SOSS_HDU4_ordem_2,jw05959010001_04102_00001-seg003_nis_x1dints.fits,seg003,4,117,60783.120701753425,TDB-MID,500.73648685157116,4.794720781119118,1778,0.5866384887837632,1.4160575472955537,1037,0.8648248271593829,0.8763122516666033
TOI-2076_b,NIRISS_SOSS,obs10,SOSS_HDU4_ordem_2,jw05959010001_04102_00001-seg003_nis_x1dints.fits,seg003,4,118,60783.12077882644,TDB-MID,709.2264141012071,4.794947150968422,1778,0.5866384887837632,1.4160575472955537,1038,1.224908963292218,1.2411793671961564
TOI-2076_b,NIRISS_SOSS,obs10,SOSS_HDU4_ordem_2,jw05959010001_04102_00001-seg003_nis_x1dints.fits,seg003,4,119,60783.12085589945,TDB-MID,487.2943961364543,4.794621214577609,1778,0.5866384887837632,1.4160575472955537,1039,0.8416089160272516,0.8527879647592613
TOI-2076_b,NIRISS_SOSS,obs10,SOSS_HDU4_ordem_2,jw05959010001_04102_00001-seg003_nis_x1dints.fits,seg003,4,120,60783.120932972466,TDB-MID,568.8713147960186,4.79487967398538,1778,0.5866384887837632,1.4160575472955537,1040,0.9825008750365524,0.9955513845453182
TOI-2076_b,NIRISS_SOSS,obs10,SOSS_HDU4_ordem_2,jw05959010001_04102_00001-seg003_nis_x1dints.fits,seg003,4,121,60783.12101004548,TDB-MID,136.87391238899332,4.79431767809212,1778,0.5866384887837632,1.4160575472955537,1041,0.236395710583654,0.23953574286982235
TOI-2076_b,NIRISS_SOSS,obs10,SOSS_HDU4_ordem_2,jw05959010001_04102_00001-seg003_nis_x1dints.fits,seg003,4,122,60783.12108711849,TDB-MID,353.75433091297094,4.7926756021457235,1778,0.5866384887837632,1.4160575472955537,1042,0.6109711117963309,0.6190866102214927
TOI-2076_b,NIRISS_SOSS,obs10,SOSS_HDU4_ordem_2,jw05959010001_04102_00001-seg003_nis_x1dints.fits,seg003,4,123,60783.12116419149,TDB-MID,831.9819554799196,4.79507335021231,1778,0.5866384887837632,1.4160575472955537,1043,1.436920755209371,1.4560073010391703
TOI-2076_b,NIRISS_SOSS,obs10,SOSS_HDU4_ordem_2,jw05959010001_04102_00001-seg003_nis_x1dints.fits,seg003,4,124,60783.1212412645,TDB-MID,276.8414130487362,4.794599260106675,1778,0.5866384887837632,1.4160575472955537,1044,0.47813437501989253,0.48448540977844456
TOI-2076_b,NIRISS_SOSS,obs10,SOSS_HDU4_ordem_2,jw05959010001_04102_00001-seg003_nis_x1dints.fits,seg003,4,125,60783.121318337515,TDB-MID,630.5892441854267,4.794903862251494,1778,0.5866384887837632,1.4160575472955537,1045,1.0890942610157357,1.1035606450877085
TOI-2076_b,NIRISS_SOSS,obs10,SOSS_HDU4_ordem_2,jw05959010001_04102_00001-seg003_nis_x1dints.fits,seg003,4,126,60783.121395410526,TDB-MID,517.1171804847197,4.794722550935955,1778,0.5866384887837632,1.4160575472955537,1046,0.8931160160621755,0.9049792310029428
TOI-2076_b,NIRISS_SOSS,obs10,SOSS_HDU4_ordem_2,jw05959010001_04102_00001-seg003_nis_x1dints.fits,seg003,4,127,60783.12147248354,TDB-MID,2.158400342948795,4.794129587845733,1778,0.5866384887837632,1.4160575472955537,1047,0.003727785477084188,0.003777301463330528
TOI-2076_b,NIRISS_SOSS,obs10,SOSS_HDU4_ordem_2,jw05959010001_04102_00001-seg003_nis_x1dints.fits,seg003,4,128,60783.12154955655,TDB-MID,508.67823297064433,4.794725416508321,1778,0.5866384887837632,1.4160575472955537,1048,0.8785410619357935,0.8902106784969063
TOI-2076_b,NIRISS_SOSS,obs10,SOSS_HDU4_ordem_2,jw05959010001_04102_00001-seg003_nis_x1dints.fits,seg003,4,129,60783.12162662957,TDB-MID,543.3128616695203,4.794763404319334,1778,0.5866384887837632,1.4160575472955537,1049,0.9383587256466337,0.9508228972141441
TOI-2076_b,NIRISS_SOSS,obs10,SOSS_HDU4_ordem_2,jw05959010001_04102_00001-seg003_nis_x1dints.fits,seg003,4,130,60783.12170370258,TDB-MID,785.8532880987364,4.795090506115374,1778,0.5866384887837632,1.4160575472955537,1050,1.3572516720837196,1.3752799775054914
TOI-2076_b,NIRISS_SOSS,obs10,SOSS_HDU4_ordem_2,jw05959010001_04102_00001-seg003_nis_x1dints.fits,seg003,4,131,60783.12178077559,TDB-MID,451.74776111140056,4.794642309489256,1778,0.5866384887837632,1.4160575472955537,1051,0.7802161210165853,0.7905796923526827
TOI-2076_b,NIRISS_SOSS,obs10,SOSS_HDU4_ordem_2,jw05959010001_04102_00001-seg003_nis_x1dints.fits,seg003,4,132,60783.1218578486,TDB-MID,661.3470006826154,4.794912279315707,1778,0.5866384887837632,1.4160575472955537,1052,1.1422161567532367,1.1573881562837405
TOI-2076_b,NIRISS_SOSS,obs10,SOSS_HDU4_ordem_2,jw05959010001_04102_00001-seg003_nis_x1dints.fits,seg003,4,133,60783.12193492161,TDB-MID,697.9691528945117,4.794648837774315,1778,0.5866384887837632,1.4160575472955537,1053,1.2054664835987936,1.221478634026771
TOI-2076_b,NIRISS_SOSS,obs10,SOSS_HDU4_ordem_2,jw05959010001_04102_00001-seg003_nis_x1dints.fits,seg003,4,134,60783.122011994616,TDB-MID,289.40951353029334,4.794508849333987,1778,0.5866384887837632,1.4160575472955537,1054,0.4998408126614265,0.506480172935039
TOI-2076_b,NIRISS_SOSS,obs10,SOSS_HDU4_ordem_2,jw05959010001_04102_00001-seg003_nis_x1dints.fits,seg003,4,135,60783.12208906763,TDB-MID,36.242608333286455,4.794121637690375,1778,0.5866384887837632,1.4160575472955537,1055,0.06259481445962724,0.06342625821918053
TOI-2076_b,NIRISS_SOSS,obs10,SOSS_HDU4_ordem_2,jw05959010001_04102_00001-seg003_nis_x1dints.fits,seg003,4,136,60783.12216614064,TDB-MID,269.7668940074528,4.794444555541929,1778,0.5866384887837632,1.4160575472955537,1056,0.4659159330493811,0.4721046708602459
TOI-2076_b,NIRISS_SOSS,obs10,SOSS_HDU4_ordem_2,jw05959010001_04102_00001-seg003_nis_x1dints.fits,seg003,4,137,60783.12224321365,TDB-MID,623.9212264844582,4.794866640806532,1778,0.5866384887837632,1.4160575472955537,1057,1.0775778898161967,1.0918913025110801
TOI-2076_b,NIRISS_SOSS,obs10,SOSS_HDU4_ordem_2,jw05959010001_04102_00001-seg003_nis_x1dints.fits,seg003,4,138,60783.12232028666,TDB-MID,274.8520140090744,4.794379204166075,1778,0.5866384887837632,1.4160575472955537,1058,0.4746984726524733,0.4810038684933851
TOI-2076_b,NIRISS_SOSS,obs10,SOSS_HDU4_ordem_2,jw05959010001_04102_00001-seg003_nis_x1dints.fits,seg003,4,139,60783.12239735968,TDB-MID,248.07217954895154,4.794381452668196,1778,0.5866384887837632,1.4160575472955537,1059,0.4284468686322579,0.43413790675258346
TOI-2076_b,NIRISS_SOSS,obs10,SOSS_HDU4_ordem_2,jw05959010001_04102_00001-seg003_nis_x1dints.fits,seg003,4,140,60783.12247443269,TDB-MID,641.4414480320168,4.795100588554043,1778,0.5866384887837632,1.4160575472955537,1060,1.1078371638445996,1.1225525089483688
TOI-2076_b,NIRISS_SOSS,obs10,SOSS_HDU4_ordem_2,jw05959010001_04102_00001-seg003_nis_x1dints.fits,seg003,4,141,60783.1225515057,TDB-MID,550.8489162104687,4.7947843865826885,1778,0.5866384887837632,1.4160575472955537,1061,0.9513742881969443,0.9640113448245504
TOI-2076_b,NIRISS_SOSS,obs10,SOSS_HDU4_ordem_2,jw05959010001_04102_00001-seg003_nis_x1dints.fits,seg003,4,142,60783.12262857871,TDB-MID,422.70521026470806,4.794561074983494,1778,0.5866384887837632,1.4160575472955537,1062,0.7300565666885549,0.739753871197471
TOI-2076_b,NIRISS_SOSS,obs10,SOSS_HDU4_ordem_2,jw05959010001_04102_00001-seg003_nis_x1dints.fits,seg003,4,143,60783.122705651724,TDB-MID,656.1106342198414,4.794829156492925,1778,0.5866384887837632,1.4160575472955537,1063,1.133172398529055,1.1482242702757586
TOI-2076_b,NIRISS_SOSS,obs10,SOSS_HDU4_ordem_2,jw05959010001_04102_00001-seg003_nis_x1dints.fits,seg003,4,144,60783.122782724735,TDB-MID,639.8338561446385,4.794786199879163,1778,0.5866384887837632,1.4160575472955537,1064,1.1050606827759115,1.1197391480218521
TOI-2076_b,NIRISS_SOSS,obs10,SOSS_HDU4_ordem_2,jw05959010001_04102_00001-seg003_nis_x1dints.fits,seg003,4,145,60783.122859797746,TDB-MID,485.09997513541975,4.7946775840282285,1778,0.5866384887837632,1.4160575472955537,1065,0.8378189190672396,0.8489476254610168
TOI-2076_b,NIRISS_SOSS,obs10,SOSS_HDU4_ordem_2,jw05959010001_04102_00001-seg003_nis_x1dints.fits,seg003,4,146,60783.12293687076,TDB-MID,491.22816782420955,4.794707110914421,1778,0.5866384887837632,1.4160575472955537,1066,0.8484029554257744,0.8596722490400291
TOI-2076_b,NIRISS_SOSS,obs10,SOSS_HDU4_ordem_2,jw05959010001_04102_00001-seg003_nis_x1dints.fits,seg003,4,147,60783.12301394376,TDB-MID,471.956426916824,4.794600861476472,1778,0.5866384887837632,1.4160575472955537,1067,0.8151186223745053,0.8259458018736329
TOI-2076_b,NIRISS_SOSS,obs10,SOSS_HDU4_ordem_2,jw05959010001_04102_00001-seg003_nis_x1dints.fits,seg003,4,148,60783.12309101677,TDB-MID,541.6071195313032,4.794690661091853,1778,0.5866384887837632,1.4160575472955537,1068,0.9354127287229076,0.9478377687620473
TOI-2076_b,NIRISS_SOSS,obs10,SOSS_HDU4_ordem_2,jw05959010001_04102_00001-seg003_nis_x1dints.fits,seg003,4,149,60783.12316808979,TDB-MID,488.7303590493332,4.794742946342061,1778,0.5866384887837632,1.4160575472955537,1069,0.844088975720417,0.8553009669600928
TOI-2076_b,NIRISS_SOSS,obs10,SOSS_HDU4_ordem_2,jw05959010001_04102_00001-seg003_nis_x1dints.fits,seg003,4,150,60783.1232451628,TDB-MID,766.5254129592477,4.795135445217842,1778,0.5866384887837632,1.4160575472955537,1070,1.3238703892817312,1.3414552928097327
TOI-2076_b,NIRISS_SOSS,obs10,SOSS_HDU4_ordem_2,jw05959010001_04102_00001-seg003_nis_x1dints.fits,seg003,4,151,60783.12332223581,TDB-MID,385.0660782481434,4.794552782104632,1778,0.5866384887837632,1.4160575472955537,1071,0.6650498082529477,0.6738836312722759
TOI-2076_b,NIRISS_SOSS,obs10,SOSS_HDU4_ordem_2,jw05959010001_04102_00001-seg003_nis_x1dints.fits,seg003,4,152,60783.123399308824,TDB-MID,815.4241314802158,4.7955552943738144,1778,0.5866384887837632,1.4160575472955537,1072,1.4083236434456263,1.4270303352839648
TOI-2076_b,NIRISS_SOSS,obs10,SOSS_HDU4_ordem_2,jw05959010001_04102_00001-seg003_nis_x1dints.fits,seg003,4,153,60783.123476381836,TDB-MID,748.7471682215944,4.795094849533245,1778,0.5866384887837632,1.4160575472955537,1073,1.2931654819379297,1.3103425337322203
TOI-2076_b,NIRISS_SOSS,obs10,SOSS_HDU4_ordem_2,jw05959010001_04102_00001-seg003_nis_x1dints.fits,seg003,4,154,60783.12355345485,TDB-MID,635.1622815340221,4.794842099557813,1778,0.5866384887837632,1.4160575472955537,1074,1.0969923797637007,1.1115636741481634
TOI-2076_b,NIRISS_SOSS,obs10,SOSS_HDU4_ordem_2,jw05959010001_04102_00001-seg003_nis_x1dints.fits,seg003,4,155,60783.12363052786,TDB-MID,356.8919663609997,4.794530137345154,1778,0.5866384887837632,1.4160575472955537,1075,0.6163901397786775,0.6245776188788787
TOI-2076_b,NIRISS_SOSS,obs10,SOSS_HDU4_ordem_2,jw05959010001_04102_00001-seg003_nis_x1dints.fits,seg003,4,156,60783.12370760087,TDB-MID,585.058249618364,4.794908693357677,1778,0.5866384887837632,1.4160575472955537,1076,1.0104574219979976,1.023879276908302
TOI-2076_b,NIRISS_SOSS,obs10,SOSS_HDU4_ordem_2,jw05959010001_04102_00001-seg003_nis_x1dints.fits,seg003,4,157,60783.12378467388,TDB-MID,409.8554495273843,4.794500130607066,1778,0.5866384887837632,1.4160575472955537,1077,0.7078636720214053,0.7172661894311548
TOI-2076_b,NIRISS_SOSS,obs10,SOSS_HDU4_ordem_2,jw05959010001_04102_00001-seg003_nis_x1dints.fits,seg003,4,158,60783.123861746884,TDB-MID,702.4710130116462,4.795065063472969,1778,0.5866384887837632,1.4160575472955537,1078,1.213241671746508,1.22935709960602
TOI-2076_b,NIRISS_SOSS,obs10,SOSS_HDU4_ordem_2,jw05959010001_04102_00001-seg003_nis_x1dints.fits,seg003,4,159,60783.123938819896,TDB-MID,757.494347915122,4.7951342628268465,1778,0.5866384887837632,1.4160575472955537,1079,1.3082727856100695,1.3256505069561482
TOI-2076_b,NIRISS_SOSS,obs10,SOSS_HDU4_ordem_2,jw05959010001_04102_00001-seg003_nis_x1dints.fits,seg003,4,160,60783.12401589291,TDB-MID,845.1606812454124,4.795035105387755,1778,0.5866384887837632,1.4160575472955537,1080,1.4596818072429163,1.479070686977489
TOI-2076_b,NIRISS_SOSS,obs10,SOSS_HDU4_ordem_2,jw05959010001_04102_00001-seg003_nis_x1dints.fits,seg003,4,161,60783.124092965925,TDB-MID,807.4463330899556,4.795148838901438,1778,0.5866384887837632,1.4160575472955537,1081,1.3945451425871211,1.4130688152943434
TOI-2076_b,NIRISS_SOSS,obs10,SOSS_HDU4_ordem_2,jw05959010001_04102_00001-seg003_nis_x1dints.fits,seg003,4,162,60783.12417003894,TDB-MID,908.8450202111171,4.795187460888148,1778,0.5866384887837632,1.4160575472955537,1082,1.56967139035692,1.5905212561697404
TOI-2076_b,NIRISS_SOSS,obs10,SOSS_HDU4_ordem_2,jw05959010001_04102_00001-seg003_nis_x1dints.fits,seg003,4,163,60783.12424711195,TDB-MID,479.1464344842236,4.794735924954683,1778,0.5866384887837632,1.4160575472955537,1083,0.8275365252336476,0.8385286511093737
TOI-2076_b,NIRISS_SOSS,obs10,SOSS_HDU4_ordem_2,jw05959010001_04102_00001-seg003_nis_x1dints.fits,seg003,4,164,60783.12432418496,TDB-MID,592.149780367367,4.79511302001508,1778,0.5866384887837632,1.4160575472955537,1084,1.0227052449854204,1.036289787109976
TOI-2076_b,NIRISS_SOSS,obs10,SOSS_HDU4_ordem_2,jw05959010001_04102_00001-seg003_nis_x1dints.fits,seg003,4,165,60783.12440125797,TDB-MID,749.2159481031995,4.79510887012279,1778,0.5866384887837632,1.4160575472955537,1085,1.2939751143308755,1.3111629204313568
TOI-2076_b,NIRISS_SOSS,obs10,SOSS_HDU4_ordem_2,jw05959010001_04102_00001-seg003_nis_x1dints.fits,seg003,4,166,60783.12447833098,TDB-MID,427.95505424601333,4.794622378571668,1778,0.5866384887837632,1.4160575472955537,1086,0.739123602011451,0.7489413434926938
TOI-2076_b,NIRISS_SOSS,obs10,SOSS_HDU4_ordem_2,jw05959010001_04102_00001-seg003_nis_x1dints.fits,seg003,4,167,60783.12455540399,TDB-MID,645.513087165474,4.794955515815747,1778,0.5866384887837632,1.4160575472955537,1087,1.1148693148907272,1.1296780677017324
TOI-2076_b,NIRISS_SOSS,obs10,SOSS_HDU4_ordem_2,jw05959010001_04102_00001-seg003_nis_x1dints.fits,seg003,4,168,60783.124632477,TDB-MID,773.5604790190573,4.794913345813615,1778,0.5866384887837632,1.4160575472955537,1088,1.3360206917841195,1.353766987166694
TOI-2076_b,NIRISS_SOSS,obs10,SOSS_HDU4_ordem_2,jw05959010001_04102_00001-seg003_nis_x1dints.fits,seg003,4,169,60783.124709550015,TDB-MID,379.0613173078442,4.794612511561948,1778,0.5866384887837632,1.4160575472955537,1089,0.6546789515674691,0.6633750190211518
TOI-2076_b,NIRISS_SOSS,obs10,SOSS_HDU4_ordem_2,jw05959010001_04102_00001-seg003_nis_x1dints.fits,seg003,4,170,60783.124786623026,TDB-MID,550.0159200226697,4.794754372810511,1778,0.5866384887837632,1.4160575472955537,1090,0.9499356157553427,0.9625535625695572
TOI-2076_b,NIRISS_SOSS,obs10,SOSS_HDU4_ordem_2,jw05959010001_04102_00001-seg003_nis_x1dints.fits,seg003,4,171,60783.12486369603,TDB-MID,795.6431040495511,4.7951001226186705,1778,0.5866384887837632,1.4160575472955537,1091,1.3741597187507786,1.392412612902606
TOI-2076_b,NIRISS_SOSS,obs10,SOSS_HDU4_ordem_2,jw05959010001_04102_00001-seg003_nis_x1dints.fits,seg003,4,172,60783.12494076904,TDB-MID,897.5769395839313,4.795222672987856,1778,0.5866384887837632,1.4160575472955537,1092,1.5502102243809872,1.5708015885088995
TOI-2076_b,NIRISS_SOSS,obs10,SOSS_HDU4_ordem_2,jw05959010001_04102_00001-seg003_nis_x1dints.fits,seg003,4,173,60783.12501784205,TDB-MID,539.4994475529016,4.794801895831209,1778,0.5866384887837632,1.4160575472955537,1093,0.9317725564920191,0.9441492443072373
TOI-2076_b,NIRISS_SOSS,obs10,SOSS_HDU4_ordem_2,jw05959010001_04102_00001-seg003_nis_x1dints.fits,seg003,4,174,60783.12509491506,TDB-MID,565.895583634932,4.7947631194659355,1778,0.5866384887837632,1.4160575472955537,1094,0.9773614728666794,0.9903437159559524
TOI-2076_b,NIRISS_SOSS,obs10,SOSS_HDU4_ordem_2,jw05959010001_04102_00001-seg003_nis_x1dints.fits,seg003,4,175,60783.12517198808,TDB-MID,861.3643753765425,4.795157417816679,1778,0.5866384887837632,1.4160575472955537,1095,1.4876672993016404,1.5074279089140175
TOI-2076_b,NIRISS_SOSS,obs10,SOSS_HDU4_ordem_2,jw05959010001_04102_00001-seg003_nis_x1dints.fits,seg003,4,176,60783.12524906109,TDB-MID,731.46383802306,4.795149563598199,1778,0.5866384887837632,1.4160575472955537,1096,1.26331534430233,1.2800958982257797
TOI-2076_b,NIRISS_SOSS,obs10,SOSS_HDU4_ordem_2,jw05959010001_04102_00001-seg003_nis_x1dints.fits,seg003,4,177,60783.125326134104,TDB-MID,652.8715158721176,4.795770631209764,1778,0.5866384887837632,1.4160575472955537,1097,1.1275780988549244,1.1425556618015578
TOI-2076_b,NIRISS_SOSS,obs10,SOSS_HDU4_ordem_2,jw05959010001_04102_00001-seg003_nis_x1dints.fits,seg003,4,178,60783.125403207116,TDB-MID,544.8940699438327,4.79482359361875,1778,0.5866384887837632,1.4160575472955537,1098,0.9410896394275193,0.9535900855848756
TOI-2076_b,NIRISS_SOSS,obs10,SOSS_HDU4_ordem_2,jw05959010001_04102_00001-seg003_nis_x1dints.fits,seg003,4,179,60783.12548028013,TDB-MID,574.6696208645266,4.794888431803347,1778,0.5866384887837632,1.4160575472955537,1099,0.9925151623417252,1.005698691123064
TOI-2076_b,NIRISS_SOSS,obs10,SOSS_HDU4_ordem_2,jw05959010001_04102_00001-seg003_nis_x1dints.fits,seg003,4,180,60783.12555735314,TDB-MID,596.2528274431909,4.794962268460415,1778,0.5866384887837632,1.4160575472955537,1100,1.0297916408669892,1.0434703112301909
TOI-2076_b,NIRISS_SOSS,obs10,SOSS_HDU4_ordem_2,jw05959010001_04102_00001-seg003_nis_x1dints.fits,seg003,4,181,60783.12563442615,TDB-MID,341.09837588373784,4.794582949752983,1778,0.5866384887837632,1.4160575472955537,1101,0.5891129400670999,0.5969380975009767
TOI-2076_b,NIRISS_SOSS,obs10,SOSS_HDU4_ordem_2,jw05959010001_04102_00001-seg003_nis_x1dints.fits,seg003,4,182,60783.12571149916,TDB-MID,535.6678897624942,4.794726365867468,1778,0.5866384887837632,1.4160575472955537,1102,0.9251550512954733,0.9374438391233367
TOI-2076_b,NIRISS_SOSS,obs10,SOSS_HDU4_ordem_2,jw05959010001_04102_00001-seg003_nis_x1dints.fits,seg003,4,183,60783.125788572164,TDB-MID,1009.5816814148945,4.7953891824184,1778,0.5866384887837632,1.4160575472955537,1103,1.743654249409079,1.7668151207529
TOI-2076_b,NIRISS_SOSS,obs10,SOSS_HDU4_ordem_2,jw05959010001_04102_00001-seg003_nis_x1dints.fits,seg003,4,184,60783.125865645176,TDB-MID,495.3708962255008,4.794649079512967,1778,0.5866384887837632,1.4160575472955537,1104,0.8555578851496732,0.8669222173341408
TOI-2076_b,NIRISS_SOSS,obs10,SOSS_HDU4_ordem_2,jw05959010001_04102_00001-seg003_nis_x1dints.fits,seg003,4,185,60783.12594271819,TDB-MID,772.6890354672822,4.794999098204097,1778,0.5866384887837632,1.4160575472955537,1105,1.33451561668208,1.3522419202280773
TOI-2076_b,NIRISS_SOSS,obs10,SOSS_HDU4_ordem_2,jw05959010001_04102_00001-seg003_nis_x1dints.fits,seg003,4,186,60783.1260197912,TDB-MID,802.9811922465259,4.795098407090806,1778,0.5866384887837632,1.4160575472955537,1106,1.3868333725053335,1.4052546101599883
TOI-2076_b,NIRISS_SOSS,obs10,SOSS_HDU4_ordem_2,jw05959010001_04102_00001-seg003_nis_x1dints.fits,seg003,4,187,60783.12609686421,TDB-MID,992.4894048364563,4.795406292926382,1778,0.5866384887837632,1.4160575472955537,1107,1.7141340815646098,1.7369028380096625
TOI-2076_b,NIRISS_SOSS,obs10,SOSS_HDU4_ordem_2,jw05959010001_04102_00001-seg003_nis_x1dints.fits,seg003,4,188,60783.12617393722,TDB-MID,851.798309523294,4.795050415475958,1778,0.5866384887837632,1.4160575472955537,1108,1.4711456926974402,1.490686846643602
TOI-2076_b,NIRISS_SOSS,obs10,SOSS_HDU4_ordem_2,jw05959010001_04102_00001-seg003_nis_x1dints.fits,seg003,4,189,60783.12625101023,TDB-MID,786.8281718295788,4.7952053644358825,1778,0.5866384887837632,1.4160575472955537,1109,1.3589353993058508,1.3769860695912892
TOI-2076_b,NIRISS_SOSS,obs10,SOSS_HDU4_ordem_2,jw05959010001_04102_00001-seg003_nis_x1dints.fits,seg003,4,190,60783.12632808324,TDB-MID,396.3591402777869,4.794603594360326,1778,0.5866384887837632,1.4160575472955537,1110,0.6845541197507867,0.6936470175548116
TOI-2076_b,NIRISS_SOSS,obs10,SOSS_HDU4_ordem_2,jw05959010001_04102_00001-seg003_nis_x1dints.fits,seg003,4,191,60783.126405156254,TDB-MID,297.6759160482332,4.794391794400215,1778,0.5866384887837632,1.4160575472955537,1111,0.5141177633461214,0.520946763634721
TOI-2076_b,NIRISS_SOSS,obs10,SOSS_HDU4_ordem_2,jw05959010001_04102_00001-seg003_nis_x1dints.fits,seg003,4,192,60783.12648222927,TDB-MID,641.2353101506166,4.795320055307997,1778,0.5866384887837632,1.4160575472955537,1112,1.1074811419401966,1.122191758022988
TOI-2076_b,NIRISS_SOSS,obs10,SOSS_HDU4_ordem_2,jw05959010001_04102_00001-seg003_nis_x1dints.fits,seg003,4,193,60783.12655930228,TDB-MID,880.6269866364809,4.795207452955042,1778,0.5866384887837632,1.4160575472955537,1113,1.5209358644870103,1.541138378770748
TOI-2076_b,NIRISS_SOSS,obs10,SOSS_HDU4_ordem_2,jw05959010001_04102_00001-seg003_nis_x1dints.fits,seg003,4,194,60783.126636375295,TDB-MID,339.5867422565246,4.794462659261874,1778,0.5866384887837632,1.4160575472955537,1114,0.5865021890539218,0.5942926680139282
TOI-2076_b,NIRISS_SOSS,obs10,SOSS_HDU4_ordem_2,jw05959010001_04102_00001-seg003_nis_x1dints.fits,seg003,4,195,60783.1267134483,TDB-MID,444.97890952097833,4.79461874100493,1778,0.5866384887837632,1.4160575472955537,1115,0.768525599034532,0.7787338857574899
TOI-2076_b,NIRISS_SOSS,obs10,SOSS_HDU4_ordem_2,jw05959010001_04102_00001-seg003_nis_x1dints.fits,seg003,4,196,60783.12679052131,TDB-MID,359.3185809875619,4.794427669723681,1778,0.5866384887837632,1.4160575472955537,1116,0.6205811596665916,0.6288243078723257
TOI-2076_b,NIRISS_SOSS,obs10,SOSS_HDU4_ordem_2,jw05959010001_04102_00001-seg003_nis_x1dints.fits,seg003,4,197,60783.12686759432,TDB-MID,122.90243563146058,4.794268762893518,1778,0.5866384887837632,1.4160575472955537,1117,0.212265493814417,0.21508500564976765
TOI-2076_b,NIRISS_SOSS,obs10,SOSS_HDU4_ordem_2,jw05959010001_04102_00001-seg003_nis_x1dints.fits,seg003,4,198,60783.12694466733,TDB-MID,391.9308508168708,4.794649682476317,1778,0.5866384887837632,1.4160575472955537,1118,0.6769059959007991,0.6858973040619398
TOI-2076_b,NIRISS_SOSS,obs10,SOSS_HDU4_ordem_2,jw05959010001_04102_00001-seg003_nis_x1dints.fits,seg003,4,199,60783.12702174034,TDB-MID,756.0474664933568,4.795019574742068,1778,0.5866384887837632,1.4160575472955537,1119,1.305773868498265,1.323118396854538
TOI-2076_b,NIRISS_SOSS,obs10,SOSS_HDU4_ordem_2,jw05959010001_04102_00001-seg003_nis_x1dints.fits,seg003,4,200,60783.127098813355,TDB-MID,422.67294688076566,4.794542470508845,1778,0.5866384887837632,1.4160575472955537,1120,0.7300008444151153,0.7396974087678871
TOI-2076_b,NIRISS_SOSS,obs10,SOSS_HDU4_ordem_2,jw05959010001_04102_00001-seg003_nis_x1dints.fits,seg003,4,201,60783.127175886366,TDB-MID,394.05187946173083,4.79454651785229,1778,0.5866384887837632,1.4160575472955537,1121,0.6805692365061016,0.6896092033072161
TOI-2076_b,NIRISS_SOSS,obs10,SOSS_HDU4_ordem_2,jw05959010001_04102_00001-seg003_nis_x1dints.fits,seg003,4,202,60783.12725295938,TDB-MID,510.34277793342255,4.794743899095835,1778,0.5866384887837632,1.4160575472955537,1122,0.8814159069841041,0.8931237099668197
TOI-2076_b,NIRISS_SOSS,obs10,SOSS_HDU4_ordem_2,jw05959010001_04102_00001-seg003_nis_x1dints.fits,seg003,4,203,60783.12733003239,TDB-MID,93.95578831698549,4.7941918212458114,1778,0.5866384887837632,1.4160575472955537,1123,0.16227157502094774,0.16442702015755845
TOI-2076_b,NIRISS_SOSS,obs10,SOSS_HDU4_ordem_2,jw05959010001_04102_00001-seg003_nis_x1dints.fits,seg003,4,204,60783.1274071054,TDB-MID,677.4084247394684,4.7948461569064795,1778,0.5866384887837632,1.4160575472955537,1124,1.1699559333595673,1.1854963989419292
TOI-2076_b,NIRISS_SOSS,obs10,SOSS_HDU4_ordem_2,jw05959010001_04102_00001-seg003_nis_x1dints.fits,seg003,4,205,60783.12748417841,TDB-MID,766.4190797003466,4.7950563638725505,1778,0.5866384887837632,1.4160575472955537,1125,1.3236867405070463,1.3412692046376473
TOI-2076_b,NIRISS_SOSS,obs10,SOSS_HDU4_ordem_2,jw05959010001_04102_00001-seg003_nis_x1dints.fits,seg003,4,206,60783.12756125142,TDB-MID,487.35426905599917,4.794591473703873,1778,0.5866384887837632,1.4160575472955537,1126,0.8417123228862615,0.8528927451663576
TOI-2076_b,NIRISS_SOSS,obs10,SOSS_HDU4_ordem_2,jw05959010001_04102_00001-seg003_nis_x1dints.fits,seg003,4,207,60783.127638324426,TDB-MID,722.5489404370804,4.7954208997289225,1778,0.5866384887837632,1.4160575472955537,1127,1.2479183741066595,1.2644944108525165
TOI-2076_b,NIRISS_SOSS,obs10,SOSS_HDU4_ordem_2,jw05959010001_04102_00001-seg003_nis_x1dints.fits,seg003,4,208,60783.12771539744,TDB-MID,677.8778876109941,4.794849186681908,1778,0.5866384887837632,1.4160575472955537,1128,1.1707667453482797,1.1863179809053432
TOI-2076_b,NIRISS_SOSS,obs10,SOSS_HDU4_ordem_2,jw05959010001_04102_00001-seg003_nis_x1dints.fits,seg003,4,209,60783.12779247045,TDB-MID,890.35119370223,4.795397498978258,1778,0.5866384887837632,1.4160575472955537,1129,1.5377305976764681,1.5581561955530605
TOI-2076_b,NIRISS_SOSS,obs10,SOSS_HDU4_ordem_2,jw05959010001_04102_00001-seg003_nis_x1dints.fits,seg003,4,210,60783.12786954346,TDB-MID,607.427271734379,4.794891904014833,1778,0.5866384887837632,1.4160575472955537,1130,1.0490910869958139,1.063026110927361
TOI-2076_b,NIRISS_SOSS,obs10,SOSS_HDU4_ordem_2,jw05959010001_04102_00001-seg003_nis_x1dints.fits,seg003,4,211,60783.12794661647,TDB-MID,936.366585362726,4.795191597461628,1778,0.5866384887837632,1.4160575472955537,1131,1.6172040416622984,1.6386852812821033
TOI-2076_b,NIRISS_SOSS,obs10,SOSS_HDU4_ordem_2,jw05959010001_04102_00001-seg003_nis_x1dints.fits,seg003,4,212,60783.12802368948,TDB-MID,796.3908578969531,4.7950721194033585,1778,0.5866384887837632,1.4160575472955537,1132,1.3754511686626938,1.3937212170784856
TOI-2076_b,NIRISS_SOSS,obs10,SOSS_HDU4_ordem_2,jw05959010001_04102_00001-seg003_nis_x1dints.fits,seg003,4,213,60783.12810076249,TDB-MID,631.4098896081341,4.794928016430672,1778,0.5866384887837632,1.4160575472955537,1133,1.0905116023808807,1.1049968129266339
TOI-2076_b,NIRISS_SOSS,obs10,SOSS_HDU4_ordem_2,jw05959010001_04102_00001-seg003_nis_x1dints.fits,seg003,4,214,60783.128177835504,TDB-MID,729.3258436393611,4.794968398129611,1778,0.5866384887837632,1.4160575472955537,1134,1.259622802073231,1.2763543081447175
TOI-2076_b,NIRISS_SOSS,obs10,SOSS_HDU4_ordem_2,jw05959010001_04102_00001-seg003_nis_x1dints.fits,seg003,4,215,60783.12825490852,TDB-MID,632.9278329911698,4.79476638861824,1778,0.5866384887837632,1.4160575472955537,1135,1.0931332510091356,1.1076532847812297
TOI-2076_b,NIRISS_SOSS,obs10,SOSS_HDU4_ordem_2,jw05959010001_04102_00001-seg003_nis_x1dints.fits,seg003,4,216,60783.128331981534,TDB-MID,591.5076963050777,4.794788367715921,1778,0.5866384887837632,1.4160575472955537,1136,1.0215962979588464,1.0351661099960479
TOI-2076_b,NIRISS_SOSS,obs10,SOSS_HDU4_ordem_2,jw05959010001_04102_00001-seg003_nis_x1dints.fits,seg003,4,217,60783.128409054545,TDB-MID,740.5903076239149,4.79500931022632,1778,0.5866384887837632,1.4160575472955537,1137,1.2790777217251565,1.296067646511945
TOI-2076_b,NIRISS_SOSS,obs10,SOSS_HDU4_ordem_2,jw05959010001_04102_00001-seg003_nis_x1dints.fits,seg003,4,218,60783.128486127556,TDB-MID,599.040443155815,4.795489940374022,1778,0.5866384887837632,1.4160575472955537,1138,1.0346061477786284,1.0483487689940143
TOI-2076_b,NIRISS_SOSS,obs10,SOSS_HDU4_ordem_2,jw05959010001_04102_00001-seg003_nis_x1dints.fits,seg003,4,219,60783.12856320057,TDB-MID,605.974106519718,4.79478725545422,1778,0.5866384887837632,1.4160575472955537,1139,1.0465813171096507,1.0604830038945383
TOI-2076_b,NIRISS_SOSS,obs10,SOSS_HDU4_ordem_2,jw05959010001_04102_00001-seg003_nis_x1dints.fits,seg003,4,220,60783.12864027357,TDB-MID,523.6519729173333,4.7947241793881705,1778,0.5866384887837632,1.4160575472955537,1140,0.9044022931449412,0.9164154231342642
TOI-2076_b,NIRISS_SOSS,obs10,SOSS_HDU4_ordem_2,jw05959010001_04102_00001-seg003_nis_x1dints.fits,seg003,4,221,60783.12871734658,TDB-MID,548.5205646717255,4.794677619165429,1778,0.5866384887837632,1.4160575472955537,1141,0.9473529790454569,0.959936620826672
TOI-2076_b,NIRISS_SOSS,obs10,SOSS_HDU4_ordem_2,jw05959010001_04102_00001-seg003_nis_x1dints.fits,seg003,4,222,60783.128794419594,TDB-MID,331.92482187968983,4.794580896855039,1778,0.5866384887837632,1.4160575472955537,1142,0.573269242904405,0.5808839493089449
TOI-2076_b,NIRISS_SOSS,obs10,SOSS_HDU4_ordem_2,jw05959010001_04102_00001-seg003_nis_x1dints.fits,seg003,4,223,60783.128871492605,TDB-MID,465.4985238220965,4.794660254896657,1778,0.5866384887837632,1.4160575472955537,1143,0.803965141303402,0.8146441696766907
TOI-2076_b,NIRISS_SOSS,obs10,SOSS_HDU4_ordem_2,jw05959010001_04102_00001-seg003_nis_x1dints.fits,seg003,4,224,60783.128948565616,TDB-MID,412.91003767844296,4.794726384466165,1778,0.5866384887837632,1.4160575472955537,1144,0.713139268546021,0.7226118614379998
TOI-2076_b,NIRISS_SOSS,obs10,SOSS_HDU4_ordem_2,jw05959010001_04102_00001-seg003_nis_x1dints.fits,seg003,4,225,60783.12902563863,TDB-MID,386.16979190003303,4.7946047451746585,1778,0.5866384887837632,1.4160575472955537,1145,0.6669560383625819,0.6758151817401955
TOI-2076_b,NIRISS_SOSS,obs10,SOSS_HDU4_ordem_2,jw05959010001_04102_00001-seg003_nis_x1dints.fits,seg003,4,226,60783.12910271164,TDB-MID,394.44310529953907,4.794507899117767,1778,0.5866384887837632,1.4160575472955537,1146,0.6812449248700356,0.6902938668055674
TOI-2076_b,NIRISS_SOSS,obs10,SOSS_HDU4_ordem_2,jw05959010001_04102_00001-seg003_nis_x1dints.fits,seg003,4,227,60783.12917978465,TDB-MID,638.195403411006,4.794835613033625,1778,0.5866384887837632,1.4160575472955537,1147,1.102230901764582,1.1168717791722473
TOI-2076_b,NIRISS_SOSS,obs10,SOSS_HDU4_ordem_2,jw05959010001_04102_00001-seg003_nis_x1dints.fits,seg003,4,228,60783.12925685766,TDB-MID,511.3291928313722,4.794949899924035,1778,0.5866384887837632,1.4160575472955537,1148,0.8831195497503633,0.8948499821339125
TOI-2076_b,NIRISS_SOSS,obs10,SOSS_HDU4_ordem_2,jw05959010001_04102_00001-seg003_nis_x1dints.fits,seg003,4,229,60783.12933393067,TDB-MID,457.20105733330166,4.794639167071321,1778,0.5866384887837632,1.4160575472955537,1149,0.7896345398584151,0.8001232155763771
TOI-2076_b,NIRISS_SOSS,obs10,SOSS_HDU4_ordem_2,jw05959010001_04102_00001-seg003_nis_x1dints.fits,seg003,4,230,60783.12941100368,TDB-MID,768.4144905919143,4.795081828389448,1778,0.5866384887837632,1.4160575472955537,1150,1.3271330259779979,1.344761266944479
TOI-2076_b,NIRISS_SOSS,obs10,SOSS_HDU4_ordem_2,jw05959010001_04102_00001-seg003_nis_x1dints.fits,seg003,4,231,60783.12948807669,TDB-MID,534.088176597215,4.794689185504451,1778,0.5866384887837632,1.4160575472955537,1151,0.9224267197258809,0.9346792672632808
TOI-2076_b,NIRISS_SOSS,obs10,SOSS_HDU4_ordem_2,jw05959010001_04102_00001-seg003_nis_x1dints.fits,seg003,4,232,60783.1295651497,TDB-MID,773.1068121145247,4.795098601498127,1778,0.5866384887837632,1.4160575472955537,1152,1.3352371610996125,1.3529730488836715
TOI-2076_b,NIRISS_SOSS,obs10,SOSS_HDU4_ordem_2,jw05959010001_04102_00001-seg003_nis_x1dints.fits,seg003,4,233,60783.12964222271,TDB-MID,498.4466187394515,4.794726089823733,1778,0.5866384887837632,1.4160575472955537,1153,0.8608699829523366,0.8723048754636665
TOI-2076_b,NIRISS_SOSS,obs10,SOSS_HDU4_ordem_2,jw05959010001_04102_00001-seg003_nis_x1dints.fits,seg003,4,234,60783.12971929572,TDB-MID,911.0792515614288,4.79516529193618,1778,0.5866384887837632,1.4160575472955537,1154,1.573530143997016,1.5944312654395782
TOI-2076_b,NIRISS_SOSS,obs10,SOSS_HDU4_ordem_2,jw05959010001_04102_00001-seg003_nis_x1dints.fits,seg003,4,235,60783.12979636873,TDB-MID,675.298415546216,4.794874035486604,1778,0.5866384887837632,1.4160575472955537,1155,1.1663117245116505,1.1818037842519111
TOI-2076_b,NIRISS_SOSS,obs10,SOSS_HDU4_ordem_2,jw05959010001_04102_00001-seg003_nis_x1dints.fits,seg003,4,236,60783.12987344174,TDB-MID,397.4103195016114,4.794647369831393,1778,0.5866384887837632,1.4160575472955537,1156,0.6863696173516777,0.6954866303186562
TOI-2076_b,NIRISS_SOSS,obs10,SOSS_HDU4_ordem_2,jw05959010001_04102_00001-seg003_nis_x1dints.fits,seg003,4,237,60783.129950514754,TDB-MID,439.3230136077846,4.794706878718277,1778,0.5866384887837632,1.4160575472955537,1157,0.7587572691165064,0.7688358036064444
TOI-2076_b,NIRISS_SOSS,obs10,SOSS_HDU4_ordem_2,jw05959010001_04102_00001-seg003_nis_x1dints.fits,seg003,4,238,60783.130027587766,TDB-MID,899.7324268592694,4.795203220065577,1778,0.5866384887837632,1.4160575472955537,1158,1.5539329786824747,1.574573791967782
TOI-2076_b,NIRISS_SOSS,obs10,SOSS_HDU4_ordem_2,jw05959010001_04102_00001-seg003_nis_x1dints.fits,seg003,4,239,60783.13010466078,TDB-MID,609.4621037019742,4.794783629950896,1778,0.5866384887837632,1.4160575472955537,1159,1.0526054568308116,1.0665871619594085
TOI-2076_b,NIRISS_SOSS,obs10,SOSS_HDU4_ordem_2,jw05959010001_04102_00001-seg003_nis_x1dints.fits,seg003,4,240,60783.13018173379,TDB-MID,765.0179947947549,4.7950358646030065,1778,0.5866384887837632,1.4160575472955537,1160,1.3212669188181323,1.3388172405794359
TOI-2076_b,NIRISS_SOSS,obs10,SOSS_HDU4_ordem_2,jw05959010001_04102_00001-seg003_nis_x1dints.fits,seg003,4,241,60783.1302588068,TDB-MID,317.55611911592337,4.794518268530677,1778,0.5866384887837632,1.4160575472955537,1161,0.548452974846307,0.5557380480154035
TOI-2076_b,NIRISS_SOSS,obs10,SOSS_HDU4_ordem_2,jw05959010001_04102_00001-seg003_nis_x1dints.fits,seg003,4,242,60783.13033587981,TDB-MID,253.76019171580555,4.794426431259713,1778,0.5866384887837632,1.4160575472955537,1162,0.4382706667141782,0.4440921938483436
TOI-2076_b,NIRISS_SOSS,obs10,SOSS_HDU4_ordem_2,jw05959010001_04102_00001-seg003_nis_x1dints.fits,seg003,4,243,60783.13041295282,TDB-MID,756.0032316225517,4.795102827799956,1778,0.5866384887837632,1.4160575472955537,1163,1.3056974702019495,1.3230409837635106
TOI-2076_b,NIRISS_SOSS,obs10,SOSS_HDU4_ordem_2,jw05959010001_04102_00001-seg003_nis_x1dints.fits,seg003,4,244,60783.130490025826,TDB-MID,445.15016365535985,4.79466423605549,1778,0.5866384887837632,1.4160575472955537,1164,0.7688213730215607,0.7790335884954522
TOI-2076_b,NIRISS_SOSS,obs10,SOSS_HDU4_ordem_2,jw05959010001_04102_00001-seg003_nis_x1dints.fits,seg003,4,245,60783.13056709884,TDB-MID,432.6184719268613,4.794617098565819,1778,0.5866384887837632,1.4160575472955537,1165,0.747177817143984,0.7571025423581104
TOI-2076_b,NIRISS_SOSS,obs10,SOSS_HDU4_ordem_2,jw05959010001_04102_00001-seg003_nis_x1dints.fits,seg003,4,246,60783.13064417185,TDB-MID,331.2116866178554,4.794439821895195,1778,0.5866384887837632,1.4160575472955537,1166,0.5720375829480174,0.5796359292755531
TOI-2076_b,NIRISS_SOSS,obs10,SOSS_HDU4_ordem_2,jw05959010001_04102_00001-seg003_nis_x1dints.fits,seg003,4,247,60783.13072124486,TDB-MID,369.53379385533015,4.794525674639356,1778,0.5866384887837632,1.4160575472955537,1167,0.6382239117622315,0.6467014077531281
TOI-2076_b,NIRISS_SOSS,obs10,SOSS_HDU4_ordem_2,jw05959010001_04102_00001-seg003_nis_x1dints.fits,seg003,4,248,60783.13079831787,TDB-MID,352.02181576909265,4.79457468790482,1778,0.5866384887837632,1.4160575472955537,1168,0.6079788750626421,0.6160546277583724
TOI-2076_b,NIRISS_SOSS,obs10,SOSS_HDU4_ordem_2,jw05959010001_04102_00001-seg003_nis_x1dints.fits,seg003,4,249,60783.13087539088,TDB-MID,398.74802286352667,4.794595164343237,1778,0.5866384887837632,1.4160575472955537,1169,0.6886799724169393,0.6978276737135815
TOI-2076_b,NIRISS_SOSS,obs10,SOSS_HDU4_ordem_2,jw05959010001_04102_00001-seg003_nis_x1dints.fits,seg003,4,250,60783.13095246389,TDB-MID,571.6185703616362,4.794773161967462,1778,0.5866384887837632,1.4160575472955537,1170,0.9872456757093304,1.0003592101658298
TOI-2076_b,NIRISS_SOSS,obs10,SOSS_HDU4_ordem_2,jw05959010001_04102_00001-seg003_nis_x1dints.fits,seg003,4,251,60783.131029536904,TDB-MID,597.1914132878593,4.794867042971072,1778,0.5866384887837632,1.4160575472955537,1171,1.0314126778039883,1.0451128803189649
TOI-2076_b,NIRISS_SOSS,obs10,SOSS_HDU4_ordem_2,jw05959010001_04102_00001-seg003_nis_x1dints.fits,seg003,4,252,60783.131106609915,TDB-MID,381.45707026493557,4.794570686817894,1778,0.5866384887837632,1.4160575472955537,1172,0.6588166700909592,0.6675676986508429
TOI-2076_b,NIRISS_SOSS,obs10,SOSS_HDU4_ordem_2,jw05959010001_04102_00001-seg003_nis_x1dints.fits,seg003,4,253,60783.131183682926,TDB-MID,444.79202693816586,4.7946258896859915,1778,0.5866384887837632,1.4160575472955537,1173,0.7682028330655568,0.7784068325044479
TOI-2076_b,NIRISS_SOSS,obs10,SOSS_HDU4_ordem_2,jw05959010001_04102_00001-seg003_nis_x1dints.fits,seg003,4,254,60783.13126075594,TDB-MID,449.87346597172245,4.79465267047706,1778,0.5866384887837632,1.4160575472955537,1174,0.7769790152478214,0.7872995882714596
TOI-2076_b,NIRISS_SOSS,obs10,SOSS_HDU4_ordem_2,jw05959010001_04102_00001-seg003_nis_x1dints.fits,seg003,4,255,60783.13133782894,TDB-MID,889.583985684345,4.795240412731644,1778,0.5866384887837632,1.4160575472955537,1175,1.5364055483563464,1.556813545669732
TOI-2076_b,NIRISS_SOSS,obs10,SOSS_HDU4_ordem_2,jw05959010001_04102_00001-seg003_nis_x1dints.fits,seg003,4,256,60783.13141490195,TDB-MID,682.3368192225967,4.794866996838485,1778,0.5866384887837632,1.4160575472955537,1176,1.1784677914305532,1.19412131959384
TOI-2076_b,NIRISS_SOSS,obs10,SOSS_HDU4_ordem_2,jw05959010001_04102_00001-seg003_nis_x1dints.fits,seg003,4,257,60783.131491974964,TDB-MID,842.511314603938,4.795196236742181,1778,0.5866384887837632,1.4160575472955537,1177,1.4551060710863575,1.4744341715486282
TOI-2076_b,NIRISS_SOSS,obs10,SOSS_HDU4_ordem_2,jw05959010001_04102_00001-seg003_nis_x1dints.fits,seg003,4,258,60783.131569047975,TDB-MID,675.0123944799391,4.7949114228196805,1778,0.5866384887837632,1.4160575472955537,1178,1.1658177359054633,1.1813032340200134
TOI-2076_b,NIRISS_SOSS,obs10,SOSS_HDU4_ordem_2,jw05959010001_04102_00001-seg003_nis_x1dints.fits,seg003,4,259,60783.131646120986,TDB-MID,778.2765864811577,4.795117750824241,1778,0.5866384887837632,1.4160575472955537,1179,1.344165907736767,1.362020395611523
TOI-2076_b,NIRISS_SOSS,obs10,SOSS_HDU4_ordem_2,jw05959010001_04102_00001-seg003_nis_x1dints.fits,seg003,4,260,60783.131723194,TDB-MID,829.1291708255483,4.795096852665137,1778,0.5866384887837632,1.4160575472955537,1180,1.4319936946487315,1.4510147945819103
TOI-2076_b,NIRISS_SOSS,obs10,SOSS_HDU4_ordem_2,jw05959010001_04102_00001-seg003_nis_x1dints.fits,seg003,4,261,60783.13180026701,TDB-MID,564.0662589388163,4.795099162492663,1778,0.5866384887837632,1.4160575472955537,1181,0.974202035806113,0.9871423122524559
TOI-2076_b,NIRISS_SOSS,obs10,SOSS_HDU4_ordem_2,jw05959010001_04102_00001-seg003_nis_x1dints.fits,seg003,4,262,60783.13187734002,TDB-MID,438.11118883562744,4.794659507247804,1778,0.5866384887837632,1.4160575472955537,1182,0.7566643196777352,0.7667150536259678
TOI-2076_b,NIRISS_SOSS,obs10,SOSS_HDU4_ordem_2,jw05959010001_04102_00001-seg003_nis_x1dints.fits,seg003,4,263,60783.13195441303,TDB-MID,496.85195704779346,4.794714989989648,1778,0.5866384887837632,1.4160575472955537,1183,0.858115833698031,0.8695141429838951
TOI-2076_b,NIRISS_SOSS,obs10,SOSS_HDU4_ordem_2,jw05959010001_04102_00001-seg003_nis_x1dints.fits,seg003,4,264,60783.13203148604,TDB-MID,313.84654496575706,4.794494430640831,1778,0.5866384887837632,1.4160575472955537,1184,0.5420461482868446,0.5492461199022839
TOI-2076_b,NIRISS_SOSS,obs10,SOSS_HDU4_ordem_2,jw05959010001_04102_00001-seg003_nis_x1dints.fits,seg003,4,265,60783.13210855905,TDB-MID,725.4407532273217,4.795207614589861,1778,0.5866384887837632,1.4160575472955537,1185,1.2529128403821699,1.2695552183713539
TOI-2076_b,NIRISS_SOSS,obs10,SOSS_HDU4_ordem_2,jw05959010001_04102_00001-seg003_nis_x1dints.fits,seg003,4,266,60783.132185632065,TDB-MID,732.4809200551159,4.795264553243925,1778,0.5866384887837632,1.4160575472955537,1186,1.2650719524498812,1.2818758393106497
TOI-2076_b,NIRISS_SOSS,obs10,SOSS_HDU4_ordem_2,jw05959010001_04102_00001-seg003_nis_x1dints.fits,seg003,4,267,60783.132262705076,TDB-MID,-32.638260278072124,4.7940054440541635,1778,0.5866384887837632,1.4160575472955537,1187,-0.05636972448571253,-0.05711848068949701
TOI-2076_b,NIRISS_SOSS,obs10,SOSS_HDU4_ordem_2,jw05959010001_04102_00001-seg003_nis_x1dints.fits,seg003,4,268,60783.13233977808,TDB-MID,558.0834052922802,4.7947754390566795,1778,0.5866384887837632,1.4160575472955537,1188,0.9638690153319744,0.9766720387891564
TOI-2076_b,NIRISS_SOSS,obs10,SOSS_HDU4_ordem_2,jw05959010001_04102_00001-seg003_nis_x1dints.fits,seg003,4,269,60783.13241685109,TDB-MID,694.8884048269927,4.794841771527244,1778,0.5866384887837632,1.4160575472955537,1189,1.200145706134052,1.2160871809436538
TOI-2076_b,NIRISS_SOSS,obs10,SOSS_HDU4_ordem_2,jw05959010001_04102_00001-seg003_nis_x1dints.fits,seg003,4,270,60783.1324939241,TDB-MID,442.5485796581652,4.7951164907383586,1778,0.5866384887837632,1.4160575472955537,1190,0.7643281625410122,0.7744806949269889
TOI-2076_b,NIRISS_SOSS,obs10,SOSS_HDU4_ordem_2,jw05959010001_04102_00001-seg003_nis_x1dints.fits,seg003,4,271,60783.13257099711,TDB-MID,925.8293751950202,4.795313900854773,1778,0.5866384887837632,1.4160575472955537,1191,1.5990051662032199,1.620244671079309
TOI-2076_b,NIRISS_SOSS,obs10,SOSS_HDU4_ordem_2,jw05959010001_04102_00001-seg003_nis_x1dints.fits,seg003,4,272,60783.132648070125,TDB-MID,979.2431347317768,4.797556436055328,1778,0.5866384887837632,1.4160575472955537,1192,1.6912563733196706,1.713721246321385
TOI-2076_b,NIRISS_SOSS,obs10,SOSS_HDU4_ordem_2,jw05959010001_04102_00001-seg003_nis_x1dints.fits,seg003,4,273,60783.132725143136,TDB-MID,1055.4004947895369,4.795408562015653,1778,0.5866384887837632,1.4160575472955537,1193,1.822788181922207,1.8470001852954934
TOI-2076_b,NIRISS_SOSS,obs10,SOSS_HDU4_ordem_2,jw05959010001_04102_00001-seg003_nis_x1dints.fits,seg003,4,274,60783.13280221615,TDB-MID,789.4458458603474,4.795067485397293,1778,0.5866384887837632,1.4160575472955537,1194,1.3634563989746649,1.3815671214704026
TOI-2076_b,NIRISS_SOSS,obs10,SOSS_HDU4_ordem_2,jw05959010001_04102_00001-seg003_nis_x1dints.fits,seg003,4,275,60783.13287928916,TDB-MID,599.4994150923726,4.795032994253508,1778,0.5866384887837632,1.4160575472955537,1195,1.0353988408140415,1.0491519913309875
TOI-2076_b,NIRISS_SOSS,obs10,SOSS_HDU4_ordem_2,jw05959010001_04102_00001-seg003_nis_x1dints.fits,seg003,4,276,60783.13295636217,TDB-MID,624.94289736636,4.794755846001931,1778,0.5866384887837632,1.4160575472955537,1196,1.0793424233923496,1.0936792742976196
TOI-2076_b,NIRISS_SOSS,obs10,SOSS_HDU4_ordem_2,jw05959010001_04102_00001-seg003_nis_x1dints.fits,seg003,4,277,60783.13303343518,TDB-MID,217.40004854659313,4.794382008035485,1778,0.5866384887837632,1.4160575472955537,1197,0.37547285717263873,0.3804602441738286
TOI-2076_b,NIRISS_SOSS,obs10,SOSS_HDU4_ordem_2,jw05959010001_04102_00001-seg003_nis_x1dints.fits,seg003,4,278,60783.13311050819,TDB-MID,563.5858085409265,4.794840804932312,1778,0.5866384887837632,1.4160575472955537,1198,0.973372247198284,0.9863015016044517
TOI-2076_b,NIRISS_SOSS,obs10,SOSS_HDU4_ordem_2,jw05959010001_04102_00001-seg003_nis_x1dints.fits,seg003,4,279,60783.1331875812,TDB-MID,1044.5179713867208,4.795502668144437,1778,0.5866384887837632,1.4160575472955537,1199,1.80399291401578,1.8279552607945888
TOI-2076_b,NIRISS_SOSS,obs10,SOSS_HDU4_ordem_2,jw05959010001_04102_00001-seg003_nis_x1dints.fits,seg003,4,280,60783.13326465421,TDB-MID,745.0710712187499,4.795147693907781,1778,0.5866384887837632,1.4160575472955537,1200,1.2868164739495254,1.3039091921913184
TOI-2076_b,NIRISS_SOSS,obs10,SOSS_HDU4_ordem_2,jw05959010001_04102_00001-seg003_nis_x1dints.fits,seg003,4,281,60783.13334172722,TDB-MID,613.7223204806285,4.794881133612883,1778,0.5866384887837632,1.4160575472955537,1201,1.0599633013977752,1.0740427404041981
TOI-2076_b,NIRISS_SOSS,obs10,SOSS_HDU4_ordem_2,jw05959010001_04102_00001-seg003_nis_x1dints.fits,seg003,4,282,60783.13341880023,TDB-MID,598.0826341776472,4.794830864376001,1778,0.5866384887837632,1.4160575472955537,1202,1.032951910458708,1.0466725585233092
TOI-2076_b,NIRISS_SOSS,obs10,SOSS_HDU4_ordem_2,jw05959010001_04102_00001-seg003_nis_x1dints.fits,seg003,4,283,60783.13349587324,TDB-MID,715.503368422108,4.794983435314705,1778,0.5866384887837632,1.4160575472955537,1203,1.2357499267095087,1.2521643305830716
TOI-2076_b,NIRISS_SOSS,obs10,SOSS_HDU4_ordem_2,jw05959010001_04102_00001-seg003_nis_x1dints.fits,seg003,4,284,60783.13357294625,TDB-MID,553.5225728111874,4.794876468323498,1778,0.5866384887837632,1.4160575472955537,1204,0.9559919756799127,0.9686903688171711
TOI-2076_b,NIRISS_SOSS,obs10,SOSS_HDU4_ordem_2,jw05959010001_04102_00001-seg003_nis_x1dints.fits,seg003,4,285,60783.13365001926,TDB-MID,646.1803806949499,4.79503088358161,1778,0.5866384887837632,1.4160575472955537,1205,1.1160218013310945,1.130845862561289
TOI-2076_b,NIRISS_SOSS,obs10,SOSS_HDU4_ordem_2,jw05959010001_04102_00001-seg003_nis_x1dints.fits,seg003,4,286,60783.133727092274,TDB-MID,405.84102531474275,4.794663041694166,1778,0.5866384887837632,1.4160575472955537,1206,0.7009303371896034,0.7102407594629017
TOI-2076_b,NIRISS_SOSS,obs10,SOSS_HDU4_ordem_2,jw05959010001_04102_00001-seg003_nis_x1dints.fits,seg003,4,287,60783.133804165285,TDB-MID,567.688744277065,4.7947943306432315,1778,0.5866384887837632,1.4160575472955537,1207,0.9804584507844506,0.9934818308750142
TOI-2076_b,NIRISS_SOSS,obs10,SOSS_HDU4_ordem_2,jw05959010001_04102_00001-seg003_nis_x1dints.fits,seg003,4,288,60783.1338812383,TDB-MID,512.7882764507683,4.794688898971701,1778,0.5866384887837632,1.4160575472955537,1208,0.8856395413469201,0.8974034466515918
TOI-2076_b,NIRISS_SOSS,obs10,SOSS_HDU4_ordem_2,jw05959010001_04102_00001-seg003_nis_x1dints.fits,seg003,4,289,60783.13395831131,TDB-MID,790.8625033331988,4.795121081554541,1778,0.5866384887837632,1.4160575472955537,1209,1.3659031161328374,1.3840463382490327
TOI-2076_b,NIRISS_SOSS,obs10,SOSS_HDU4_ordem_2,jw05959010001_04102_00001-seg003_nis_x1dints.fits,seg003,4,290,60783.13403538431,TDB-MID,632.5478395715638,4.794851739682437,1778,0.5866384887837632,1.4160575472955537,1210,1.0924769622184012,1.1069882785396292
TOI-2076_b,NIRISS_SOSS,obs10,SOSS_HDU4_ordem_2,jw05959010001_04102_00001-seg003_nis_x1dints.fits,seg003,4,291,60783.13411245732,TDB-MID,245.4140193034197,4.794536145651532,1778,0.5866384887837632,1.4160575472955537,1211,0.4238559449922447,0.42948600210569254
TOI-2076_b,NIRISS_SOSS,obs10,SOSS_HDU4_ordem_2,jw05959010001_04102_00001-seg003_nis_x1dints.fits,seg003,4,292,60783.134189530334,TDB-MID,379.5147828248194,4.7945214008940695,1778,0.5866384887837632,1.4160575472955537,1212,0.6554621344343831,0.6641686048665377
TOI-2076_b,NIRISS_SOSS,obs10,SOSS_HDU4_ordem_2,jw05959010001_04102_00001-seg003_nis_x1dints.fits,seg003,4,293,60783.13426660334,TDB-MID,649.558717397091,4.794932034723596,1778,0.5866384887837632,1.4160575472955537,1213,1.1218565458149359,1.136758109661466
TOI-2076_b,NIRISS_SOSS,obs10,SOSS_HDU4_ordem_2,jw05959010001_04102_00001-seg003_nis_x1dints.fits,seg003,4,294,60783.13434367635,TDB-MID,428.6297736694227,4.794584146731555,1778,0.5866384887837632,1.4160575472955537,1214,0.7402889137553584,0.7501221340136497
TOI-2076_b,NIRISS_SOSS,obs10,SOSS_HDU4_ordem_2,jw05959010001_04102_00001-seg003_nis_x1dints.fits,seg003,4,295,60783.13442074936,TDB-MID,266.6086606929966,4.794114980658628,1778,0.5866384887837632,1.4160575472955537,1215,0.4604613303750743,0.46657761497406286
TOI-2076_b,NIRISS_SOSS,obs10,SOSS_HDU4_ordem_2,jw05959010001_04102_00001-seg003_nis_x1dints.fits,seg003,4,296,60783.13449782237,TDB-MID,253.58570621809565,4.7943951146603885,1778,0.5866384887837632,1.4160575472955537,1216,0.4379693118212133,0.44378683607355324
TOI-2076_b,NIRISS_SOSS,obs10,SOSS_HDU4_ordem_2,jw05959010001_04102_00001-seg003_nis_x1dints.fits,seg003,4,297,60783.13457489538,TDB-MID,324.7513894540668,4.794600419266658,1778,0.5866384887837632,1.4160575472955537,1217,0.560879967066657,0.568330107345878
TOI-2076_b,NIRISS_SOSS,obs10,SOSS_HDU4_ordem_2,jw05959010001_04102_00001-seg003_nis_x1dints.fits,seg003,4,298,60783.134651968394,TDB-MID,621.0598538511881,4.795100915148351,1778,0.5866384887837632,1.4160575472955537,1218,1.0726359969084807,1.0868837666894267
TOI-2076_b,NIRISS_SOSS,obs10,SOSS_HDU4_ordem_2,jw05959010001_04102_00001-seg003_nis_x1dints.fits,seg003,4,299,60783.134729041405,TDB-MID,772.5187563026152,4.795055056399338,1778,0.5866384887837632,1.4160575472955537,1219,1.3342215265707762,1.3519439237326762
TOI-2076_b,NIRISS_SOSS,obs10,SOSS_HDU4_ordem_2,jw05959010001_04102_00001-seg003_nis_x1dints.fits,seg003,4,300,60783.134806114416,TDB-MID,525.9531401608928,4.794646353503892,1778,0.5866384887837632,1.4160575472955537,1220,0.908376652145998,0.9204425733452349
TOI-2076_b,NIRISS_SOSS,obs10,SOSS_HDU4_ordem_2,jw05959010001_04102_00001-seg003_nis_x1dints.fits,seg003,4,301,60783.13488318743,TDB-MID,446.64207078144136,4.794528704321179,1778,0.5866384887837632,1.4160575472955537,1221,0.7713980542827242,0.7816444956836905
TOI-2076_b,NIRISS_SOSS,obs10,SOSS_HDU4_ordem_2,jw05959010001_04102_00001-seg003_nis_x1dints.fits,seg003,4,302,60783.13496026044,TDB-MID,763.5670100384095,4.795001789641374,1778,0.5866384887837632,1.4160575472955537,1222,1.318760914813896,1.3362779494505594
TOI-2076_b,NIRISS_SOSS,obs10,SOSS_HDU4_ordem_2,jw05959010001_04102_00001-seg003_nis_x1dints.fits,seg003,4,303,60783.13503733345,TDB-MID,660.7035724871442,4.794911079855135,1778,0.5866384887837632,1.4160575472955537,1223,1.1411048882666188,1.1562621268739317
TOI-2076_b,NIRISS_SOSS,obs10,SOSS_HDU4_ordem_2,jw05959010001_04102_00001-seg003_nis_x1dints.fits,seg003,4,304,60783.135114406454,TDB-MID,258.4045382134081,4.794410661562795,1778,0.5866384887837632,1.4160575472955537,1224,0.44629194389793575,0.4522200172518744
TOI-2076_b,NIRISS_SOSS,obs10,SOSS_HDU4_ordem_2,jw05959010001_04102_00001-seg003_nis_x1dints.fits,seg003,4,305,60783.135191479465,TDB-MID,514.1720757663927,4.794864095514505,1778,0.5866384887837632,1.4160575472955537,1225,0.888029508995339,0.8998251601195959
TOI-2076_b,NIRISS_SOSS,obs10,SOSS_HDU4_ordem_2,jw05959010001_04102_00001-seg003_nis_x1dints.fits,seg003,4,306,60783.135268552476,TDB-MID,505.38715601543674,4.795105247602183,1778,0.5866384887837632,1.4160575472955537,1226,0.8728570242559124,0.8844511400315559
TOI-2076_b,NIRISS_SOSS,obs10,SOSS_HDU4_ordem_2,jw05959010001_04102_00001-seg003_nis_x1dints.fits,seg003,4,307,60783.13534562549,TDB-MID,417.16236027566185,4.794641565284076,1778,0.5866384887837632,1.4160575472955537,1227,0.7204834790274431,0.7300536246963786
TOI-2076_b,NIRISS_SOSS,obs10,SOSS_HDU4_ordem_2,jw05959010001_04102_00001-seg003_nis_x1dints.fits,seg003,4,308,60783.1354226985,TDB-MID,543.9836212984044,4.794745244501051,1778,0.5866384887837632,1.4160575472955537,1228,0.9395171984069522,0.9519967579096374
TOI-2076_b,NIRISS_SOSS,obs10,SOSS_HDU4_ordem_2,jw05959010001_04102_00001-seg003_nis_x1dints.fits,seg003,4,309,60783.13549977151,TDB-MID,463.55462331364305,4.795278594005416,1778,0.5866384887837632,1.4160575472955537,1229,0.8006078197073494,0.8112422529474158
TOI-2076_b,NIRISS_SOSS,obs10,SOSS_HDU4_ordem_2,jw05959010001_04102_00001-seg003_nis_x1dints.fits,seg003,4,310,60783.13557684452,TDB-MID,310.95738193754147,4.7945080642551945,1778,0.5866384887837632,1.4160575472955537,1230,0.5370562584303612,0.5441899495908162
TOI-2076_b,NIRISS_SOSS,obs10,SOSS_HDU4_ordem_2,jw05959010001_04102_00001-seg003_nis_x1dints.fits,seg003,4,311,60783.13565391753,TDB-MID,501.4065001384322,4.794694192481716,1778,0.5866384887837632,1.4160575472955537,1231,0.8659820109081595,0.8774848062286793
TOI-2076_b,NIRISS_SOSS,obs10,SOSS_HDU4_ordem_2,jw05959010001_04102_00001-seg003_nis_x1dints.fits,seg003,4,312,60783.13573099054,TDB-MID,374.1518789715519,4.794558079112368,1778,0.5866384887837632,1.4160575472955537,1232,0.6461998327652234,0.6547832725120345
TOI-2076_b,NIRISS_SOSS,obs10,SOSS_HDU4_ordem_2,jw05959010001_04102_00001-seg003_nis_x1dints.fits,seg003,4,313,60783.13580806355,TDB-MID,599.0790266965864,4.794843671829895,1778,0.5866384887837632,1.4160575472955537,1233,1.0346727856307822,1.0484162919933933
TOI-2076_b,NIRISS_SOSS,obs10,SOSS_HDU4_ordem_2,jw05959010001_04102_00001-seg003_nis_x1dints.fits,seg003,4,314,60783.13588513656,TDB-MID,663.4196861543375,4.794975052091831,1778,0.5866384887837632,1.4160575472955537,1234,1.1457959035899579,1.1610154527169236
TOI-2076_b,NIRISS_SOSS,obs10,SOSS_HDU4_ordem_2,jw05959010001_04102_00001-seg003_nis_x1dints.fits,seg003,4,315,60783.13596220957,TDB-MID,635.1069621468873,4.794871409692199,1778,0.5866384887837632,1.4160575472955537,1235,1.0968968373363488,1.1114668626355737
TOI-2076_b,NIRISS_SOSS,obs10,SOSS_HDU4_ordem_2,jw05959010001_04102_00001-seg003_nis_x1dints.fits,seg003,4,316,60783.13603928258,TDB-MID,563.1576255294658,4.794678144444425,1778,0.5866384887837632,1.4160575472955537,1236,0.972632729890074,0.9855521613251809
TOI-2076_b,NIRISS_SOSS,obs10,SOSS_HDU4_ordem_2,jw05959010001_04102_00001-seg003_nis_x1dints.fits,seg003,4,317,60783.136116355585,TDB-MID,471.27081762813106,4.794699010195011,1778,0.5866384887837632,1.4160575472955537,1237,0.8139345026824876,0.8247459535795417
TOI-2076_b,NIRISS_SOSS,obs10,SOSS_HDU4_ordem_2,jw05959010001_04102_00001-seg003_nis_x1dints.fits,seg003,4,318,60783.136193428596,TDB-MID,507.15143983590013,4.794786033567316,1778,0.5866384887837632,1.4160575472955537,1238,0.8759041288511575,0.887538719163267
TOI-2076_b,NIRISS_SOSS,obs10,SOSS_HDU4_ordem_2,jw05959010001_04102_00001-seg003_nis_x1dints.fits,seg003,4,319,60783.13627050161,TDB-MID,373.6042987733641,4.794580956393015,1778,0.5866384887837632,1.4160575472955537,1239,0.645254103898467,0.6538249815764985
TOI-2076_b,NIRISS_SOSS,obs10,SOSS_HDU4_ordem_2,jw05959010001_04102_00001-seg003_nis_x1dints.fits,seg003,4,320,60783.13634757462,TDB-MID,504.1132747721232,4.794915545562037,1778,0.5866384887837632,1.4160575472955537,1240,0.8706568967337556,0.8822217883266245
TOI-2076_b,NIRISS_SOSS,obs10,SOSS_HDU4_ordem_2,jw05959010001_04102_00001-seg003_nis_x1dints.fits,seg003,4,321,60783.13642464763,TDB-MID,518.9156351063752,4.794816507404091,1778,0.5866384887837632,1.4160575472955537,1241,0.8962221372420134,0.9081266106335594
TOI-2076_b,NIRISS_SOSS,obs10,SOSS_HDU4_ordem_2,jw05959010001_04102_00001-seg003_nis_x1dints.fits,seg003,4,322,60783.13650172064,TDB-MID,391.94888547501444,4.7946533632371136,1778,0.5866384887837632,1.4160575472955537,1242,0.6769371436611911,0.6859288655564602
TOI-2076_b,NIRISS_SOSS,obs10,SOSS_HDU4_ordem_2,jw05959010001_04102_00001-seg003_nis_x1dints.fits,seg003,4,323,60783.13657879365,TDB-MID,290.38781789560613,4.794502869539798,1778,0.5866384887837632,1.4160575472955537,1243,0.5015304476807569,0.508192251291008
TOI-2076_b,NIRISS_SOSS,obs10,SOSS_HDU4_ordem_2,jw05959010001_04102_00001-seg003_nis_x1dints.fits,seg003,4,324,60783.13665586666,TDB-MID,509.3807374478155,4.79470638633207,1778,0.5866384887837632,1.4160575472955537,1244,0.8797543614036797,0.8914400941603552
TOI-2076_b,NIRISS_SOSS,obs10,SOSS_HDU4_ordem_2,jw05959010001_04102_00001-seg003_nis_x1dints.fits,seg003,4,325,60783.136732939674,TDB-MID,613.7760408217047,4.794899131039168,1778,0.5866384887837632,1.4160575472955537,1245,1.0600560821036076,1.074136753511461
TOI-2076_b,NIRISS_SOSS,obs10,SOSS_HDU4_ordem_2,jw05959010001_04102_00001-seg003_nis_x1dints.fits,seg003,4,326,60783.136810012686,TDB-MID,698.8466439180083,4.7951175357772895,1778,0.5866384887837632,1.4160575472955537,1246,1.2069820033235512,1.2230142843235017
TOI-2076_b,NIRISS_SOSS,obs10,SOSS_HDU4_ordem_2,jw05959010001_04102_00001-seg003_nis_x1dints.fits,seg003,4,327,60783.1368870857,TDB-MID,556.4242802960541,4.795041779212523,1778,0.5866384887837632,1.4160575472955537,1247,0.961003531138644,0.9737684925139871
TOI-2076_b,NIRISS_SOSS,obs10,SOSS_HDU4_ordem_2,jw05959010001_04102_00001-seg003_nis_x1dints.fits,seg003,4,328,60783.1369641587,TDB-MID,418.084511082519,4.794555106276599,1778,0.5866384887837632,1.4160575472955537,1248,0.7220761309174012,0.7316674317009652
TOI-2076_b,NIRISS_SOSS,obs10,SOSS_HDU4_ordem_2,jw05959010001_04102_00001-seg003_nis_x1dints.fits,seg003,4,329,60783.13704123171,TDB-MID,551.0629678205102,4.794740885264465,1778,0.5866384887837632,1.4160575472955537,1249,0.9517439779469786,0.964385945144866
TOI-2076_b,NIRISS_SOSS,obs10,SOSS_HDU4_ordem_2,jw05959010001_04102_00001-seg003_nis_x1dints.fits,seg003,4,330,60783.137118304716,TDB-MID,450.60622497199967,4.794568638634939,1778,0.5866384887837632,1.4160575472955537,1250,0.7782445674742005,0.7885819507641538
TOI-2076_b,NIRISS_SOSS,obs10,SOSS_HDU4_ordem_2,jw05959010001_04102_00001-seg003_nis_x1dints.fits,seg003,4,331,60783.13719537773,TDB-MID,628.2015938550003,4.794999806631219,1778,0.5866384887837632,1.4160575472955537,1251,1.0849705365847255,1.0993821454333212
TOI-2076_b,NIRISS_SOSS,obs10,SOSS_HDU4_ordem_2,jw05959010001_04102_00001-seg003_nis_x1dints.fits,seg003,4,332,60783.13727245074,TDB-MID,537.0003311722309,4.79483470150324,1778,0.5866384887837632,1.4160575472955537,1252,0.927456318413276,0.9397756738560558
TOI-2076_b,NIRISS_SOSS,obs10,SOSS_HDU4_ordem_2,jw05959010001_04102_00001-seg003_nis_x1dints.fits,seg003,4,333,60783.13734952375,TDB-MID,341.5450465878681,4.794544269688133,1778,0.5866384887837632,1.4160575472955537,1253,0.5898843875742019,0.597719792106359
TOI-2076_b,NIRISS_SOSS,obs10,SOSS_HDU4_ordem_2,jw05959010001_04102_00001-seg003_nis_x1dints.fits,seg003,4,334,60783.13742659676,TDB-MID,668.3307654147748,4.794930893187661,1778,0.5866384887837632,1.4160575472955537,1254,1.1542778564416034,1.169610070919976
TOI-2076_b,NIRISS_SOSS,obs10,SOSS_HDU4_ordem_2,jw05959010001_04102_00001-seg003_nis_x1dints.fits,seg003,4,335,60783.13750366977,TDB-MID,276.8536214178008,4.79442142919564,1778,0.5866384887837632,1.4160575472955537,1255,0.47815546016336313,0.4845067749948111
TOI-2076_b,NIRISS_SOSS,obs10,SOSS_HDU4_ordem_2,jw05959010001_04102_00001-seg003_nis_x1dints.fits,seg003,4,336,60783.13758074278,TDB-MID,465.81887025499975,4.794670980993884,1778,0.5866384887837632,1.4160575472955537,1256,0.8045184134450201,0.8152047909042268
TOI-2076_b,NIRISS_SOSS,obs10,SOSS_HDU4_ordem_2,jw05959010001_04102_00001-seg003_nis_x1dints.fits,seg003,4,337,60783.137657815794,TDB-MID,501.1253397201694,4.794610585797917,1778,0.5866384887837632,1.4160575472955537,1257,0.8654964171547324,0.8769927623579469
TOI-2076_b,NIRISS_SOSS,obs10,SOSS_HDU4_ordem_2,jw05959010001_04102_00001-seg003_nis_x1dints.fits,seg003,4,338,60783.137734888805,TDB-MID,683.1820461873758,4.795167217830122,1778,0.5866384887837632,1.4160575472955537,1258,1.1799275877164632,1.1956005062800992
TOI-2076_b,NIRISS_SOSS,obs10,SOSS_HDU4_ordem_2,jw05959010001_04102_00001-seg003_nis_x1dints.fits,seg003,4,339,60783.13781196182,TDB-MID,308.8914192851816,4.7944096298939805,1778,0.5866384887837632,1.4160575472955537,1259,0.5334881226130995,0.5405744184056777
TOI-2076_b,NIRISS_SOSS,obs10,SOSS_HDU4_ordem_2,jw05959010001_04102_00001-seg003_nis_x1dints.fits,seg003,4,340,60783.13788903483,TDB-MID,285.7412069668393,4.794450093996629,1778,0.5866384887837632,1.4160575472955537,1260,0.4935052595850893,0.5000604650271216
TOI-2076_b,NIRISS_SOSS,obs10,SOSS_HDU4_ordem_2,jw05959010001_04102_00001-seg003_nis_x1dints.fits,seg003,4,341,60783.13796610783,TDB-MID,874.362343280016,4.795177565240177,1778,0.5866384887837632,1.4160575472955537,1261,1.5101161634062383,1.5301749601468935
TOI-2076_b,NIRISS_SOSS,obs10,SOSS_HDU4_ordem_2,jw05959010001_04102_00001-seg003_nis_x1dints.fits,seg003,4,342,60783.13804318084,TDB-MID,93.08783944344148,4.794379564836281,1778,0.5866384887837632,1.4160575472955537,1262,0.1607725355975067,0.16290806906915434
TOI-2076_b,NIRISS_SOSS,obs10,SOSS_HDU4_ordem_2,jw05959010001_04102_00001-seg003_nis_x1dints.fits,seg003,4,343,60783.138120253854,TDB-MID,482.8159176247565,4.794677978198608,1778,0.5866384887837632,1.4160575472955537,1263,0.8338741103829326,0.8449504180821611
TOI-2076_b,NIRISS_SOSS,obs10,SOSS_HDU4_ordem_2,jw05959010001_04102_00001-seg003_nis_x1dints.fits,seg003,4,344,60783.13819732686,TDB-MID,431.60020459889614,4.794577053111661,1778,0.5866384887837632,1.4160575472955537,1264,0.7454191618651436,0.7553205269500097
TOI-2076_b,NIRISS_SOSS,obs10,SOSS_HDU4_ordem_2,jw05959010001_04102_00001-seg003_nis_x1dints.fits,seg003,4,345,60783.13827439987,TDB-MID,737.9817081372278,4.7955804493645,1778,0.5866384887837632,1.4160575472955537,1265,1.2745723947529062,1.2915024755090323
TOI-2076_b,NIRISS_SOSS,obs10,SOSS_HDU4_ordem_2,jw05959010001_04102_00001-seg003_nis_x1dints.fits,seg003,4,346,60783.13835147288,TDB-MID,481.05916822527433,4.794709571557442,1778,0.5866384887837632,1.4160575472955537,1266,0.8308400185289074,0.8418760245392546
TOI-2076_b,NIRISS_SOSS,obs10,SOSS_HDU4_ordem_2,jw05959010001_04102_00001-seg003_nis_x1dints.fits,seg003,4,347,60783.13842854589,TDB-MID,818.1693150312402,4.795067203940857,1778,0.5866384887837632,1.4160575472955537,1267,1.4130648655302458,1.4318345347821122
TOI-2076_b,NIRISS_SOSS,obs10,SOSS_HDU4_ordem_2,jw05959010001_04102_00001-seg003_nis_x1dints.fits,seg003,4,348,60783.1385056189,TDB-MID,491.86907257624165,4.795302981113497,1778,0.5866384887837632,1.4160575472955537,1268,0.8495098656589128,0.8607938623058976
TOI-2076_b,NIRISS_SOSS,obs10,SOSS_HDU4_ordem_2,jw05959010001_04102_00001-seg003_nis_x1dints.fits,seg003,4,349,60783.138582691914,TDB-MID,664.9159778990811,4.794850051039532,1778,0.5866384887837632,1.4160575472955537,1269,1.148380157550887,1.163634033192716
TOI-2076_b,NIRISS_SOSS,obs10,SOSS_HDU4_ordem_2,jw05959010001_04102_00001-seg003_nis_x1dints.fits,seg003,4,350,60783.138659764925,TDB-MID,520.8177814435373,4.794727350905617,1778,0.5866384887837632,1.4160575472955537,1270,0.899507344971954,0.9114554556118802
TOI-2076_b,NIRISS_SOSS,obs10,SOSS_HDU4_ordem_2,jw05959010001_04102_00001-seg003_nis_x1dints.fits,seg003,4,351,60783.13873683794,TDB-MID,1005.0811340794752,4.7953499518985785,1778,0.5866384887837632,1.4160575472955537,1271,1.7358813285741121,1.7589389526029993
TOI-2076_b,NIRISS_SOSS,obs10,SOSS_HDU4_ordem_2,jw05959010001_04102_00001-seg003_nis_x1dints.fits,seg003,4,352,60783.13881391095,TDB-MID,529.3840599738323,4.794809315148501,1778,0.5866384887837632,1.4160575472955537,1272,0.9143022132188078,0.9264468433465457
TOI-2076_b,NIRISS_SOSS,obs10,SOSS_HDU4_ordem_2,jw05959010001_04102_00001-seg003_nis_x1dints.fits,seg003,4,353,60783.13889098395,TDB-MID,802.145584188861,4.79506797619933,1778,0.5866384887837632,1.4160575472955537,1273,1.3853901890884692,1.4037922570106758
TOI-2076_b,NIRISS_SOSS,obs10,SOSS_HDU4_ordem_2,jw05959010001_04102_00001-seg003_nis_x1dints.fits,seg003,4,354,60783.13896805696,TDB-MID,608.4694768114135,4.794718300297019,1778,0.5866384887837632,1.4160575472955537,1274,1.0508910852968727,1.0648500185149565
TOI-2076_b,NIRISS_SOSS,obs10,SOSS_HDU4_ordem_2,jw05959010001_04102_00001-seg003_nis_x1dints.fits,seg003,4,355,60783.13904512997,TDB-MID,178.95325080609092,4.794364367542788,1778,0.5866384887837632,1.4160575472955537,1275,0.30907117468326684,0.3131765514891036
TOI-2076_b,NIRISS_SOSS,obs10,SOSS_HDU4_ordem_2,jw05959010001_04102_00001-seg003_nis_x1dints.fits,seg003,4,356,60783.13912220298,TDB-MID,633.6622992730513,4.7949511174717285,1778,0.5866384887837632,1.4160575472955537,1276,1.094401751891259,1.1089386350965136
TOI-2076_b,NIRISS_SOSS,obs10,SOSS_HDU4_ordem_2,jw05959010001_04102_00001-seg003_nis_x1dints.fits,seg003,4,357,60783.13919927599,TDB-MID,908.776963072678,4.795179833552498,1778,0.5866384887837632,1.4160575472955537,1277,1.5695538484870282,1.5904021529971264
TOI-2076_b,NIRISS_SOSS,obs10,SOSS_HDU4_ordem_2,jw05959010001_04102_00001-seg003_nis_x1dints.fits,seg003,4,358,60783.139276349,TDB-MID,402.95894764145044,4.794676937731454,1778,0.5866384887837632,1.4160575472955537,1278,0.6959526844898036,0.7051969888536521
TOI-2076_b,NIRISS_SOSS,obs10,SOSS_HDU4_ordem_2,jw05959010001_04102_00001-seg003_nis_x1dints.fits,seg003,4,359,60783.13935342201,TDB-MID,805.3153686658701,4.795153650907884,1778,0.5866384887837632,1.4160575472955537,1279,1.390864741841152,1.4093395279711183
TOI-2076_b,NIRISS_SOSS,obs10,SOSS_HDU4_ordem_2,jw05959010001_04102_00001-seg003_nis_x1dints.fits,seg003,4,360,60783.13943049502,TDB-MID,598.5198508357701,4.7947890872001695,1778,0.5866384887837632,1.4160575472955537,1280,1.0337070298293172,1.047437708106386
TOI-2076_b,NIRISS_SOSS,obs10,SOSS_HDU4_ordem_2,jw05959010001_04102_00001-seg003_nis_x1dints.fits,seg003,4,361,60783.139507568034,TDB-MID,552.3553042767644,4.79467100100946,1778,0.5866384887837632,1.4160575472955537,1281,0.9539759795721032,0.9666475943348654
TOI-2076_b,NIRISS_SOSS,obs10,SOSS_HDU4_ordem_2,jw05959010001_04102_00001-seg003_nis_x1dints.fits,seg003,4,362,60783.139584641045,TDB-MID,318.339928609808,4.79442007669543,1778,0.5866384887837632,1.4160575472955537,1282,0.5498066966698089,0.5571097512575267
TOI-2076_b,NIRISS_SOSS,obs10,SOSS_HDU4_ordem_2,jw05959010001_04102_00001-seg003_nis_x1dints.fits,seg003,4,363,60783.139661714056,TDB-MID,824.1603207337997,4.795019744271222,1778,0.5866384887837632,1.4160575472955537,1283,1.4234119654665895,1.4423190747244024
TOI-2076_b,NIRISS_SOSS,obs10,SOSS_HDU4_ordem_2,jw05959010001_04102_00001-seg003_nis_x1dints.fits,seg003,4,364,60783.13973878707,TDB-MID,587.1117331866478,4.794484793206329,1778,0.5866384887837632,1.4160575472955537,1284,1.0140040051183565,1.0274729691131534
TOI-2076_b,NIRISS_SOSS,obs10,SOSS_HDU4_ordem_2,jw05959010001_04102_00001-seg003_nis_x1dints.fits,seg003,4,365,60783.13981586007,TDB-MID,795.2296773366415,4.795047106982361,1778,0.5866384887837632,1.4160575472955537,1285,1.3734456871295098,1.3916890968353692
TOI-2076_b,NIRISS_SOSS,obs10,SOSS_HDU4_ordem_2,jw05959010001_04102_00001-seg003_nis_x1dints.fits,seg003,4,366,60783.139892933075,TDB-MID,867.0538454090248,4.795079499941935,1778,0.5866384887837632,1.4160575472955537,1286,1.4974936152715579,1.5173847473427537
TOI-2076_b,NIRISS_SOSS,obs10,SOSS_HDU4_ordem_2,jw05959010001_04102_00001-seg003_nis_x1dints.fits,seg003,4,367,60783.13997000609,TDB-MID,626.431189232437,4.7948819838274765,1778,0.5866384887837632,1.4160575472955537,1287,1.0819128607174497,1.096283854611907
TOI-2076_b,NIRISS_SOSS,obs10,SOSS_HDU4_ordem_2,jw05959010001_04102_00001-seg003_nis_x1dints.fits,seg003,4,368,60783.1400470791,TDB-MID,193.5240467987594,4.794308210365456,1778,0.5866384887837632,1.4160575472955537,1288,0.3342364791034926,0.33867612537714525
TOI-2076_b,NIRISS_SOSS,obs10,SOSS_HDU4_ordem_2,jw05959010001_04102_00001-seg003_nis_x1dints.fits,seg003,4,369,60783.14012415211,TDB-MID,583.2601311729198,4.7948318856373655,1778,0.5866384887837632,1.4160575472955537,1289,1.0073518814300015,1.020732485601765
TOI-2076_b,NIRISS_SOSS,obs10,SOSS_HDU4_ordem_2,jw05959010001_04102_00001-seg003_nis_x1dints.fits,seg003,4,370,60783.14020122512,TDB-MID,781.9265317208954,4.794963912098699,1778,0.5866384887837632,1.4160575472955537,1290,1.3504697488667483,1.3684079703449026
TOI-2076_b,NIRISS_SOSS,obs10,SOSS_HDU4_ordem_2,jw05959010001_04102_00001-seg003_nis_x1dints.fits,seg003,4,371,60783.14027829813,TDB-MID,541.1280842822557,4.7947456971165225,1778,0.5866384887837632,1.4160575472955537,1291,0.9345853842266726,0.946999434690648
TOI-2076_b,NIRISS_SOSS,obs10,SOSS_HDU4_ordem_2,jw05959010001_04102_00001-seg003_nis_x1dints.fits,seg003,4,372,60783.14035537114,TDB-MID,582.9150169157349,4.794789281810516,1778,0.5866384887837632,1.4160575472955537,1292,1.0067558326385566,1.0201285195243228
TOI-2076_b,NIRISS_SOSS,obs10,SOSS_HDU4_ordem_2,jw05959010001_04102_00001-seg003_nis_x1dints.fits,seg003,4,373,60783.140432444154,TDB-MID,204.30182170590703,4.79433785055595,1778,0.5866384887837632,1.4160575472955537,1293,0.352850835288804,0.35753773511567816
TOI-2076_b,NIRISS_SOSS,obs10,SOSS_HDU4_ordem_2,jw05959010001_04102_00001-seg003_nis_x1dints.fits,seg003,4,374,60783.140509517165,TDB-MID,540.4117629027909,4.793681444329425,1778,0.5866384887837632,1.4160575472955537,1294,0.9333482215084505,0.9457458388025141
TOI-2076_b,NIRISS_SOSS,obs10,SOSS_HDU4_ordem_2,jw05959010001_04102_00001-seg003_nis_x1dints.fits,seg003,4,375,60783.140586590176,TDB-MID,608.7807093221188,4.794812825986118,1778,0.5866384887837632,1.4160575472955537,1295,1.0514286167317588,1.0653946899527478
TOI-2076_b,NIRISS_SOSS,obs10,SOSS_HDU4_ordem_2,jw05959010001_04102_00001-seg003_nis_x1dints.fits,seg003,4,376,60783.14066366318,TDB-MID,113.17482211960012,4.794253800658317,1778,0.5866384887837632,1.4160575472955537,1296,0.19546487733255538,0.19806122742757526
TOI-2076_b,NIRISS_SOSS,obs10,SOSS_HDU4_ordem_2,jw05959010001_04102_00001-seg003_nis_x1dints.fits,seg003,4,377,60783.140740736184,TDB-MID,380.54073854555986,4.794700099873066,1778,0.5866384887837632,1.4160575472955537,1297,0.6572340683800025,0.6659640753212778
TOI-2076_b,NIRISS_SOSS,obs10,SOSS_HDU4_ordem_2,jw05959010001_04102_00001-seg003_nis_x1dints.fits,seg003,4,378,60783.140817809195,TDB-MID,1066.2026944372558,4.795410509300023,1778,0.5866384887837632,1.4160575472955537,1298,1.8414447222155226,1.8659045394714069
TOI-2076_b,NIRISS_SOSS,obs10,SOSS_HDU4_ordem_2,jw05959010001_04102_00001-seg003_nis_x1dints.fits,seg003,4,379,60783.140894882206,TDB-MID,525.5478245290305,4.794753279187811,1778,0.5866384887837632,1.4160575472955537,1299,0.907676629218821,0.9197332520488658
TOI-2076_b,NIRISS_SOSS,obs10,SOSS_HDU4_ordem_2,jw05959010001_04102_00001-seg003_nis_x1dints.fits,seg003,4,380,60783.14097195522,TDB-MID,587.3110967394898,4.794847835437325,1778,0.5866384887837632,1.4160575472955537,1300,1.0143483270414753,1.0278218646469894
TOI-2076_b,NIRISS_SOSS,obs10,SOSS_HDU4_ordem_2,jw05959010001_04102_00001-seg003_nis_x1dints.fits,seg003,4,381,60783.14104902823,TDB-MID,767.285297100867,4.795024756924023,1778,0.5866384887837632,1.4160575472955537,1301,1.3251827894936052,1.3427851255673475
TOI-2076_b,NIRISS_SOSS,obs10,SOSS_HDU4_ordem_2,jw05959010001_04102_00001-seg003_nis_x1dints.fits,seg003,4,382,60783.14112610124,TDB-MID,685.7777731797661,4.794889914789323,1778,0.5866384887837632,1.4160575472955537,1302,1.1844106825307867,1.2001431498164539
TOI-2076_b,NIRISS_SOSS,obs10,SOSS_HDU4_ordem_2,jw05959010001_04102_00001-seg003_nis_x1dints.fits,seg003,4,383,60783.14120317425,TDB-MID,542.1783968896826,4.794703556191923,1778,0.5866384887837632,1.4160575472955537,1303,0.9363993850894669,0.9488375308352993
TOI-2076_b,NIRISS_SOSS,obs10,SOSS_HDU4_ordem_2,jw05959010001_04102_00001-seg003_nis_x1dints.fits,seg003,4,384,60783.14128024726,TDB-MID,629.9422456738527,4.794751458420048,1778,0.5866384887837632,1.4160575472955537,1304,1.0879768262159222,1.1024283674578772
TOI-2076_b,NIRISS_SOSS,obs10,SOSS_HDU4_ordem_2,jw05959010001_04102_00001-seg003_nis_x1dints.fits,seg003,4,385,60783.141357320266,TDB-MID,562.749584723907,4.795010700208305,1778,0.5866384887837632,1.4160575472955537,1305,0.9719280002999453,0.984838070847494
TOI-2076_b,NIRISS_SOSS,obs10,SOSS_HDU4_ordem_2,jw05959010001_04102_00001-seg003_nis_x1dints.fits,seg003,4,386,60783.14143439328,TDB-MID,824.4316816900505,4.795035867778867,1778,0.5866384887837632,1.4160575472955537,1306,1.4238806345135826,1.4427939690786797
TOI-2076_b,NIRISS_SOSS,obs10,SOSS_HDU4_ordem_2,jw05959010001_04102_00001-seg003_nis_x1dints.fits,seg003,4,387,60783.14151146629,TDB-MID,942.8213235768158,4.7951271124383705,1778,0.5866384887837632,1.4160575472955537,1307,1.6283520566500975,1.649981374790033
TOI-2076_b,NIRISS_SOSS,obs10,SOSS_HDU4_ordem_2,jw05959010001_04102_00001-seg003_nis_x1dints.fits,seg003,4,388,60783.1415885393,TDB-MID,351.31347394609645,4.794504216424584,1778,0.5866384887837632,1.4160575472955537,1308,0.6067554938816657,0.6148149964669474
TOI-2076_b,NIRISS_SOSS,obs10,SOSS_HDU4_ordem_2,jw05959010001_04102_00001-seg003_nis_x1dints.fits,seg003,4,389,60783.14166561231,TDB-MID,978.0752501378272,4.795245955448228,1778,0.5866384887837632,1.4160575472955537,1309,1.6892393132119579,1.711677393706119
TOI-2076_b,NIRISS_SOSS,obs10,SOSS_HDU4_ordem_2,jw05959010001_04102_00001-seg003_nis_x1dints.fits,seg003,4,390,60783.141742685315,TDB-MID,422.19862534236717,4.7945360512580955,1778,0.5866384887837632,1.4160575472955537,1310,0.7291816409952834,0.7388673239103977
TOI-2076_b,NIRISS_SOSS,obs10,SOSS_HDU4_ordem_2,jw05959010001_04102_00001-seg003_nis_x1dints.fits,seg003,4,391,60783.141819758326,TDB-MID,303.83883219995323,4.794452583347975,1778,0.5866384887837632,1.4160575472955537,1311,0.524761770794472,0.5317321548965068
TOI-2076_b,NIRISS_SOSS,obs10,SOSS_HDU4_ordem_2,jw05959010001_04102_00001-seg003_nis_x1dints.fits,seg003,4,392,60783.14189683134,TDB-MID,312.7574171412532,4.79840433290179,1778,0.5866384887837632,1.4160575472955537,1312,0.540165109442435,0.5473400953138926
TOI-2076_b,NIRISS_SOSS,obs10,SOSS_HDU4_ordem_2,jw05959010001_04102_00001-seg003_nis_x1dints.fits,seg003,4,393,60783.14197390434,TDB-MID,263.06800623899824,4.794395251989675,1778,0.5866384887837632,1.4160575472955537,1313,0.4543462459811586,0.46038130422294243
TOI-2076_b,NIRISS_SOSS,obs10,SOSS_HDU4_ordem_2,jw05959010001_04102_00001-seg003_nis_x1dints.fits,seg003,4,394,60783.14205097735,TDB-MID,876.621504757139,4.795113356587785,1778,0.5866384887837632,1.4160575472955537,1314,1.5140179740097806,1.534128598303649
TOI-2076_b,NIRISS_SOSS,obs10,SOSS_HDU4_ordem_2,jw05959010001_04102_00001-seg003_nis_x1dints.fits,seg003,4,395,60783.142128050364,TDB-MID,967.0113217866948,4.795511133288458,1778,0.5866384887837632,1.4160575472955537,1315,1.670130739790169,1.6923150020685134
TOI-2076_b,NIRISS_SOSS,obs10,SOSS_HDU4_ordem_2,jw05959010001_04102_00001-seg003_nis_x1dints.fits,seg003,4,396,60783.142205123375,TDB-MID,773.6377151959549,4.794987601273425,1778,0.5866384887837632,1.4160575472955537,1316,1.3361540868234063,1.3539021540855514
TOI-2076_b,NIRISS_SOSS,obs10,SOSS_HDU4_ordem_2,jw05959010001_04102_00001-seg003_nis_x1dints.fits,seg003,4,397,60783.142282196386,TDB-MID,683.5529872304056,4.795483234676424,1778,0.5866384887837632,1.4160575472955537,1317,1.1805682420962582,1.196249670439669
TOI-2076_b,NIRISS_SOSS,obs10,SOSS_HDU4_ordem_2,jw05959010001_04102_00001-seg003_nis_x1dints.fits,seg003,4,398,60783.1423592694,TDB-MID,784.528145514589,4.794969698440436,1778,0.5866384887837632,1.4160575472955537,1318,1.3549630108089992,1.3729609160586316
TOI-2076_b,NIRISS_SOSS,obs10,SOSS_HDU4_ordem_2,jw05959010001_04102_00001-seg003_nis_x1dints.fits,seg003,4,399,60783.14243634241,TDB-MID,637.7375566416106,4.794902331493649,1778,0.5866384887837632,1.4160575472955537,1319,1.1014401520117578,1.1160705259303878
TOI-2076_b,NIRISS_SOSS,obs10,SOSS_HDU4_ordem_2,jw05959010001_04102_00001-seg003_nis_x1dints.fits,seg003,4,400,60783.14251341542,TDB-MID,287.1559982912537,4.794521223467804,1778,0.5866384887837632,1.4160575472955537,1320,0.4959487537077094,0.502536415958781
TOI-2076_b,NIRISS_SOSS,obs10,SOSS_HDU4_ordem_2,jw05959010001_04102_00001-seg003_nis_x1dints.fits,seg003,4,401,60783.142590488416,TDB-MID,556.3588016299698,4.794659442846296,1778,0.5866384887837632,1.4160575472955537,1321,0.9608904425629841,0.9736539017884874
TOI-2076_b,NIRISS_SOSS,obs10,SOSS_HDU4_ordem_2,jw05959010001_04102_00001-seg003_nis_x1dints.fits,seg003,4,402,60783.14266756143,TDB-MID,345.08989837228387,4.794599780665007,1778,0.5866384887837632,1.4160575472955537,1322,0.5960067212012933,0.6039234483818533
TOI-2076_b,NIRISS_SOSS,obs10,SOSS_HDU4_ordem_2,jw05959010001_04102_00001-seg003_nis_x1dints.fits,seg003,4,403,60783.14274463444,TDB-MID,752.0920461026833,4.795193231138717,1778,0.5866384887837632,1.4160575472955537,1323,1.2989424395021174,1.3161962263320082
TOI-2076_b,NIRISS_SOSS,obs10,SOSS_HDU4_ordem_2,jw05959010001_04102_00001-seg003_nis_x1dints.fits,seg003,4,404,60783.14282170745,TDB-MID,502.8946525426269,4.794728341207261,1778,0.5866384887837632,1.4160575472955537,1324,0.8685522073678514,0.8800891424781555
TOI-2076_b,NIRISS_SOSS,obs10,SOSS_HDU4_ordem_2,jw05959010001_04102_00001-seg003_nis_x1dints.fits,seg003,4,405,60783.14289878046,TDB-MID,716.7979860705663,4.795006746491837,1778,0.5866384887837632,1.4160575472955537,1325,1.23798586819463,1.2544299719660295
TOI-2076_b,NIRISS_SOSS,obs10,SOSS_HDU4_ordem_2,jw05959010001_04102_00001-seg003_nis_x1dints.fits,seg003,4,406,60783.14297585347,TDB-MID,686.7277455403702,4.794994242224409,1778,0.5866384887837632,1.4160575472955537,1326,1.186051385184055,1.2018056458402133
TOI-2076_b,NIRISS_SOSS,obs10,SOSS_HDU4_ordem_2,jw05959010001_04102_00001-seg003_nis_x1dints.fits,seg003,4,407,60783.14305292648,TDB-MID,981.2992730783972,4.795414885956294,1778,0.5866384887837632,1.4160575472955537,1327,1.6948075415227557,1.7173195845123845
TOI-2076_b,NIRISS_SOSS,obs10,SOSS_HDU4_ordem_2,jw05959010001_04102_00001-seg003_nis_x1dints.fits,seg003,4,408,60783.143129999495,TDB-MID,808.877540287554,4.79508274708138,1778,0.5866384887837632,1.4160575472955537,1328,1.397016988657446,1.4155734947711969
TOI-2076_b,NIRISS_SOSS,obs10,SOSS_HDU4_ordem_2,jw05959010001_04102_00001-seg003_nis_x1dints.fits,seg003,4,409,60783.1432070725,TDB-MID,405.7441889770932,4.794559550415474,1778,0.5866384887837632,1.4160575472955537,1329,0.7007630906014886,0.7100712913468025
TOI-2076_b,NIRISS_SOSS,obs10,SOSS_HDU4_ordem_2,jw05959010001_04102_00001-seg003_nis_x1dints.fits,seg003,4,410,60783.14328414551,TDB-MID,672.012452513434,4.794896524194611,1778,0.5866384887837632,1.4160575472955537,1330,1.1606365191162025,1.1760531953897817
TOI-2076_b,NIRISS_SOSS,obs10,SOSS_HDU4_ordem_2,jw05959010001_04102_00001-seg003_nis_x1dints.fits,seg003,4,411,60783.14336121852,TDB-MID,435.50279919879466,4.7980206412910045,1778,0.5866384887837632,1.4160575472955537,1331,0.7521593551383589,0.7621502498701067
TOI-2076_b,NIRISS_SOSS,obs10,SOSS_HDU4_ordem_2,jw05959010001_04102_00001-seg003_nis_x1dints.fits,seg003,4,412,60783.14343829153,TDB-MID,560.9527918704003,4.794713019505044,1778,0.5866384887837632,1.4160575472955537,1332,0.9688247491693047,0.9816935993887932
TOI-2076_b,NIRISS_SOSS,obs10,SOSS_HDU4_ordem_2,jw05959010001_04102_00001-seg003_nis_x1dints.fits,seg003,4,413,60783.14351536454,TDB-MID,454.62591634560846,4.794682037247153,1778,0.5866384887837632,1.4160575472955537,1333,0.78518699924959,0.7956165985102368
TOI-2076_b,NIRISS_SOSS,obs10,SOSS_HDU4_ordem_2,jw05959010001_04102_00001-seg003_nis_x1dints.fits,seg003,4,414,60783.14359243755,TDB-MID,248.7010790490658,4.794409876876732,1778,0.5866384887837632,1.4160575472955537,1334,0.42953304452670227,0.435238510266584
TOI-2076_b,NIRISS_SOSS,obs10,SOSS_HDU4_ordem_2,jw05959010001_04102_00001-seg003_nis_x1dints.fits,seg003,4,415,60783.14366951056,TDB-MID,622.2522465678638,4.794878769537758,1778,0.5866384887837632,1.4160575472955537,1335,1.0746953851339904,1.0889705096647406
TOI-2076_b,NIRISS_SOSS,obs10,SOSS_HDU4_ordem_2,jw05959010001_04102_00001-seg003_nis_x1dints.fits,seg003,4,416,60783.14374658356,TDB-MID,790.5181099898316,4.795476521548323,1778,0.5866384887837632,1.4160575472955537,1336,1.365308312435737,1.3834436338044602
TOI-2076_b,NIRISS_SOSS,obs10,SOSS_HDU4_ordem_2,jw05959010001_04102_00001-seg003_nis_x1dints.fits,seg003,4,417,60783.143823656574,TDB-MID,806.5097247177471,4.795144288598555,1778,0.5866384887837632,1.4160575472955537,1337,1.3929275209540257,1.4114297068747823
TOI-2076_b,NIRISS_SOSS,obs10,SOSS_HDU4_ordem_2,jw05959010001_04102_00001-seg003_nis_x1dints.fits,seg003,4,418,60783.143900729585,TDB-MID,206.61918359909728,4.794357748575262,1778,0.5866384887837632,1.4160575472955537,1338,0.3568531641611118,0.36159322672028715
TOI-2076_b,NIRISS_SOSS,obs10,SOSS_HDU4_ordem_2,jw05959010001_04102_00001-seg003_nis_x1dints.fits,seg003,4,419,60783.143977802596,TDB-MID,402.8377346297766,4.795335047326704,1778,0.5866384887837632,1.4160575472955537,1339,0.6957433368096907,0.7049848604188759
TOI-2076_b,NIRISS_SOSS,obs10,SOSS_HDU4_ordem_2,jw05959010001_04102_00001-seg003_nis_x1dints.fits,seg003,4,420,60783.14405487561,TDB-MID,691.6244052734891,4.7949197663183645,1778,0.5866384887837632,1.4160575472955537,1340,1.194508433988266,1.2103750291966264
TOI-2076_b,NIRISS_SOSS,obs10,SOSS_HDU4_ordem_2,jw05959010001_04102_00001-seg003_nis_x1dints.fits,seg003,4,421,60783.14413194862,TDB-MID,925.3981739458369,4.795242691423613,1778,0.5866384887837632,1.4160575472955537,1341,1.598260436079516,1.6194900487429795
TOI-2076_b,NIRISS_SOSS,obs10,SOSS_HDU4_ordem_2,jw05959010001_04102_00001-seg003_nis_x1dints.fits,seg003,4,422,60783.14420902163,TDB-MID,637.7474663872857,4.794811168832629,1778,0.5866384887837632,1.4160575472955537,1342,1.101457267189732,1.1160878684484068
TOI-2076_b,NIRISS_SOSS,obs10,SOSS_HDU4_ordem_2,jw05959010001_04102_00001-seg003_nis_x1dints.fits,seg003,4,423,60783.14428609463,TDB-MID,573.1533104031566,4.795626840544658,1778,0.5866384887837632,1.4160575472955537,1343,0.989896333941743,1.0030450769576906
TOI-2076_b,NIRISS_SOSS,obs10,SOSS_HDU4_ordem_2,jw05959010001_04102_00001-seg003_nis_x1dints.fits,seg003,4,424,60783.144363167645,TDB-MID,969.7477626508403,4.795414264915288,1778,0.5866384887837632,1.4160575472955537,1344,1.674856862330682,1.6971039014560723
TOI-2076_b,NIRISS_SOSS,obs10,SOSS_HDU4_ordem_2,jw05959010001_04102_00001-seg003_nis_x1dints.fits,seg003,4,425,60783.14444024065,TDB-MID,507.86500689441704,4.794719582810888,1778,0.5866384887837632,1.4160575472955537,1345,0.8771365345660449,0.8887874948610311
TOI-2076_b,NIRISS_SOSS,obs10,SOSS_HDU4_ordem_2,jw05959010001_04102_00001-seg003_nis_x1dints.fits,seg003,4,426,60783.14451731366,TDB-MID,276.68737064927126,4.794359898795764,1778,0.5866384887837632,1.4160575472955537,1346,0.47786832751788183,0.48421582838089955
TOI-2076_b,NIRISS_SOSS,obs10,SOSS_HDU4_ordem_2,jw05959010001_04102_00001-seg003_nis_x1dints.fits,seg003,4,427,60783.14459438667,TDB-MID,432.95776745406357,4.794558334657373,1778,0.5866384887837632,1.4160575472955537,1347,0.7477638163738657,0.7576963253861707
TOI-2076_b,NIRISS_SOSS,obs10,SOSS_HDU4_ordem_2,jw05959010001_04102_00001-seg003_nis_x1dints.fits,seg003,4,428,60783.14467145968,TDB-MID,1041.056167347843,4.795340202016117,1778,0.5866384887837632,1.4160575472955537,1348,1.7980140126211437,1.8218969419546505
TOI-2076_b,NIRISS_SOSS,obs10,SOSS_HDU4_ordem_2,jw05959010001_04102_00001-seg003_nis_x1dints.fits,seg003,4,429,60783.144748532686,TDB-MID,671.5948566836325,4.795064543725193,1778,0.5866384887837632,1.4160575472955537,1349,1.159915286989498,1.175322383173159
TOI-2076_b,NIRISS_SOSS,obs10,SOSS_HDU4_ordem_2,jw05959010001_04102_00001-seg003_nis_x1dints.fits,seg003,4,430,60783.1448256057,TDB-MID,417.51140961019746,4.794591535962593,1778,0.5866384887837632,1.4160575472955537,1350,0.7210863241133043,0.7306644773430727
TOI-2076_b,NIRISS_SOSS,obs10,SOSS_HDU4_ordem_2,jw05959010001_04102_00001-seg003_nis_x1dints.fits,seg003,4,431,60783.14490267871,TDB-MID,717.1932191825745,4.794982487910177,1778,0.5866384887837632,1.4160575472955537,1351,1.2386684775445684,1.2551216483814926
TOI-2076_b,NIRISS_SOSS,obs10,SOSS_HDU4_ordem_2,jw05959010001_04102_00001-seg003_nis_x1dints.fits,seg003,4,432,60783.14497975172,TDB-MID,339.1623585465198,4.794496179565776,1778,0.5866384887837632,1.4160575472955537,1352,0.5857692335408099,0.5935499766897484
TOI-2076_b,NIRISS_SOSS,obs10,SOSS_HDU4_ordem_2,jw05959010001_04102_00001-seg003_nis_x1dints.fits,seg003,4,433,60783.14505682473,TDB-MID,576.6813699891468,4.794762891490276,1778,0.5866384887837632,1.4160575472955537,1353,0.9959896656676701,1.009219346101232
TOI-2076_b,NIRISS_SOSS,obs10,SOSS_HDU4_ordem_2,jw05959010001_04102_00001-seg003_nis_x1dints.fits,seg003,4,434,60783.14513389774,TDB-MID,257.4253062772393,4.794367999751591,1778,0.5866384887837632,1.4160575472955537,1354,0.44460070686571773,0.4505063156035616
TOI-2076_b,NIRISS_SOSS,obs10,SOSS_HDU4_ordem_2,jw05959010001_04102_00001-seg003_nis_x1dints.fits,seg003,4,435,60783.14521097075,TDB-MID,1012.4255407675877,4.7953547668102035,1778,0.5866384887837632,1.4160575472955537,1355,1.7485658950305563,1.771792007515139
TOI-2076_b,NIRISS_SOSS,obs10,SOSS_HDU4_ordem_2,jw05959010001_04102_00001-seg003_nis_x1dints.fits,seg003,4,436,60783.14528804376,TDB-MID,750.1494806372345,4.795004977319999,1778,0.5866384887837632,1.4160575472955537,1356,1.295587423666412,1.3127966459903788
TOI-2076_b,NIRISS_SOSS,obs10,SOSS_HDU4_ordem_2,jw05959010001_04102_00001-seg003_nis_x1dints.fits,seg003,4,437,60783.14536511677,TDB-MID,610.2734502743799,4.794851554866851,1778,0.5866384887837632,1.4160575472955537,1357,1.0540067380988474,1.0680070563757655
TOI-2076_b,NIRISS_SOSS,obs10,SOSS_HDU4_ordem_2,jw05959010001_04102_00001-seg003_nis_x1dints.fits,seg003,4,438,60783.14544218977,TDB-MID,524.643731417216,4.794708431869806,1778,0.5866384887837632,1.4160575472955537,1358,0.9061151648764137,0.9181510468544493
TOI-2076_b,NIRISS_SOSS,obs10,SOSS_HDU4_ordem_2,jw05959010001_04102_00001-seg003_nis_x1dints.fits,seg003,4,439,60783.14551926278,TDB-MID,991.0652549632573,4.795343191090261,1778,0.5866384887837632,1.4160575472955537,1359,1.7116744242392918,1.7344105091803004
TOI-2076_b,NIRISS_SOSS,obs10,SOSS_HDU4_ordem_2,jw05959010001_04102_00001-seg003_nis_x1dints.fits,seg003,4,440,60783.145596335795,TDB-MID,631.6393673979271,4.794897422930987,1778,0.5866384887837632,1.4160575472955537,1360,1.090907934773478,1.1053984097823881
TOI-2076_b,NIRISS_SOSS,obs10,SOSS_HDU4_ordem_2,jw05959010001_04102_00001-seg003_nis_x1dints.fits,seg003,4,441,60783.145673408806,TDB-MID,289.33340063973975,4.7944741821607755,1778,0.5866384887837632,1.4160575472955537,1361,0.49970935765635693,0.5063469718197753
TOI-2076_b,NIRISS_SOSS,obs10,SOSS_HDU4_ordem_2,jw05959010001_04102_00001-seg003_nis_x1dints.fits,seg003,4,442,60783.14575048181,TDB-MID,978.4793881435967,4.79542130267054,1778,0.5866384887837632,1.4160575472955537,1362,1.6899373022544295,1.7123846541017946
TOI-2076_b,NIRISS_SOSS,obs10,SOSS_HDU4_ordem_2,jw05959010001_04102_00001-seg003_nis_x1dints.fits,seg003,4,443,60783.14582755482,TDB-MID,895.229374715248,4.795594917307452,1778,0.5866384887837632,1.4160575472955537,1363,1.5461557317783614,1.566693240285777
TOI-2076_b,NIRISS_SOSS,obs10,SOSS_HDU4_ordem_2,jw05959010001_04102_00001-seg003_nis_x1dints.fits,seg003,4,444,60783.14590462783,TDB-MID,596.7730850141515,4.794825427933799,1778,0.5866384887837632,1.4160575472955537,1364,1.0306901806692579,1.0443807862912786
TOI-2076_b,NIRISS_SOSS,obs10,SOSS_HDU4_ordem_2,jw05959010001_04102_00001-seg003_nis_x1dints.fits,seg003,4,445,60783.14598170084,TDB-MID,823.6190606103154,4.795004015504965,1778,0.5866384887837632,1.4160575472955537,1365,1.4224771520367079,1.441371844214938
TOI-2076_b,NIRISS_SOSS,obs10,SOSS_HDU4_ordem_2,jw05959010001_04102_00001-seg003_nis_x1dints.fits,seg003,4,446,60783.146058773855,TDB-MID,751.9528632075994,4.795927892846645,1778,0.5866384887837632,1.4160575472955537,1366,1.2987020559344225,1.3159526497615224
TOI-2076_b,NIRISS_SOSS,obs10,SOSS_HDU4_ordem_2,jw05959010001_04102_00001-seg003_nis_x1dints.fits,seg003,4,447,60783.146135846866,TDB-MID,-97.78323863974916,4.794118539505636,1778,0.5866384887837632,1.4160575472955537,1367,-0.1688819861868239,-0.17112523708113828
TOI-2076_b,NIRISS_SOSS,obs10,SOSS_HDU4_ordem_2,jw05959010001_04102_00001-seg003_nis_x1dints.fits,seg003,4,448,60783.14621291987,TDB-MID,790.7594611782033,4.795293132138116,1778,0.5866384887837632,1.4160575472955537,1368,1.3657251514423783,1.3838660096625772
TOI-2076_b,NIRISS_SOSS,obs10,SOSS_HDU4_ordem_2,jw05959010001_04102_00001-seg003_nis_x1dints.fits,seg003,4,449,60783.14628999288,TDB-MID,806.3527822297132,4.795046515803328,1778,0.5866384887837632,1.4160575472955537,1369,1.3926564646925952,1.4111550501867187
TOI-2076_b,NIRISS_SOSS,obs10,SOSS_HDU4_ordem_2,jw05959010001_04102_00001-seg004_nis_x1dints.fits,seg004,4,0,60783.146367065885,TDB-MID,649.9546568914101,4.794124126628698,1778,0.5866384887837632,1.4160575472955537,1370,1.1225403751617709,1.1136538264916198
TOI-2076_b,NIRISS_SOSS,obs10,SOSS_HDU4_ordem_2,jw05959010001_04102_00001-seg004_nis_x1dints.fits,seg004,4,1,60783.146444138896,TDB-MID,325.79896022814887,4.796000611040418,1778,0.5866384887837632,1.4160575472955537,1371,0.5626892324935268,0.5582347243427593
TOI-2076_b,NIRISS_SOSS,obs10,SOSS_HDU4_ordem_2,jw05959010001_04102_00001-seg004_nis_x1dints.fits,seg004,4,2,60783.14652121191,TDB-MID,348.54431535349875,4.793687593710045,1778,0.5866384887837632,1.4160575472955537,1372,0.6019728643667326,0.5972073688213859
TOI-2076_b,NIRISS_SOSS,obs10,SOSS_HDU4_ordem_2,jw05959010001_04102_00001-seg004_nis_x1dints.fits,seg004,4,3,60783.14659828492,TDB-MID,556.8187049653599,4.79389384058978,1778,0.5866384887837632,1.4160575472955537,1373,0.9616847442226045,0.9540716031062824
TOI-2076_b,NIRISS_SOSS,obs10,SOSS_HDU4_ordem_2,jw05959010001_04102_00001-seg004_nis_x1dints.fits,seg004,4,4,60783.14667535792,TDB-MID,472.28951694288037,4.793785339849437,1778,0.5866384887837632,1.4160575472955537,1374,0.8156939040481536,0.8092364939285178
TOI-2076_b,NIRISS_SOSS,obs10,SOSS_HDU4_ordem_2,jw05959010001_04102_00001-seg004_nis_x1dints.fits,seg004,4,5,60783.146752430934,TDB-MID,609.9082974190158,4.793986287856699,1778,0.5866384887837632,1.4160575472955537,1375,1.0533760805308068,1.0450370683983825
TOI-2076_b,NIRISS_SOSS,obs10,SOSS_HDU4_ordem_2,jw05959010001_04102_00001-seg004_nis_x1dints.fits,seg004,4,6,60783.146829503945,TDB-MID,534.8421735422725,4.793955663289013,1778,0.5866384887837632,1.4160575472955537,1376,0.9237289521271744,0.9164162866117602
TOI-2076_b,NIRISS_SOSS,obs10,SOSS_HDU4_ordem_2,jw05959010001_04102_00001-seg004_nis_x1dints.fits,seg004,4,7,60783.146906576956,TDB-MID,721.6343061913174,4.794042745030678,1778,0.5866384887837632,1.4160575472955537,1377,1.246338704112009,1.2364721106257943
TOI-2076_b,NIRISS_SOSS,obs10,SOSS_HDU4_ordem_2,jw05959010001_04102_00001-seg004_nis_x1dints.fits,seg004,4,8,60783.14698364997,TDB-MID,524.7078418614537,4.7938280551220585,1778,0.5866384887837632,1.4160575472955537,1378,0.9062258903883604,0.8990517872030505
TOI-2076_b,NIRISS_SOSS,obs10,SOSS_HDU4_ordem_2,jw05959010001_04102_00001-seg004_nis_x1dints.fits,seg004,4,9,60783.14706072297,TDB-MID,295.78676986510015,4.793570037329402,1778,0.5866384887837632,1.4160575472955537,1379,0.5108550082559553,0.5068108437922916
TOI-2076_b,NIRISS_SOSS,obs10,SOSS_HDU4_ordem_2,jw05959010001_04102_00001-seg004_nis_x1dints.fits,seg004,4,10,60783.14713779598,TDB-MID,334.55379165736923,4.793679408975212,1778,0.5866384887837632,1.4160575472955537,1380,0.5778097515217904,0.5732355423506982
TOI-2076_b,NIRISS_SOSS,obs10,SOSS_HDU4_ordem_2,jw05959010001_04102_00001-seg004_nis_x1dints.fits,seg004,4,11,60783.14721486899,TDB-MID,948.958026537257,4.794473664329834,1778,0.5866384887837632,1.4160575472955537,1381,1.6389507911470809,1.6259760988368714
TOI-2076_b,NIRISS_SOSS,obs10,SOSS_HDU4_ordem_2,jw05959010001_04102_00001-seg004_nis_x1dints.fits,seg004,4,12,60783.147291942,TDB-MID,647.1947754077937,4.794064626743175,1778,0.5866384887837632,1.4160575472955537,1382,1.1177737681943891,1.1089249541890613
TOI-2076_b,NIRISS_SOSS,obs10,SOSS_HDU4_ordem_2,jw05959010001_04102_00001-seg004_nis_x1dints.fits,seg004,4,13,60783.14736901501,TDB-MID,660.501499722167,4.794083362487789,1778,0.5866384887837632,1.4160575472955537,1383,1.1407558872478516,1.1317251361612117
TOI-2076_b,NIRISS_SOSS,obs10,SOSS_HDU4_ordem_2,jw05959010001_04102_00001-seg004_nis_x1dints.fits,seg004,4,14,60783.14744608802,TDB-MID,726.9115681266937,4.794022892662533,1778,0.5866384887837632,1.4160575472955537,1384,1.2554530931389256,1.245514345934699
TOI-2076_b,NIRISS_SOSS,obs10,SOSS_HDU4_ordem_2,jw05959010001_04102_00001-seg004_nis_x1dints.fits,seg004,4,15,60783.147523161024,TDB-MID,717.4524034763542,4.794085213888882,1778,0.5866384887837632,1.4160575472955537,1385,1.2391161162087285,1.229306700068066
TOI-2076_b,NIRISS_SOSS,obs10,SOSS_HDU4_ordem_2,jw05959010001_04102_00001-seg004_nis_x1dints.fits,seg004,4,16,60783.147600234035,TDB-MID,319.9002632971203,4.793806020952944,1778,0.5866384887837632,1.4160575472955537,1386,0.5525015595601691,0.5481277017391013
TOI-2076_b,NIRISS_SOSS,obs10,SOSS_HDU4_ordem_2,jw05959010001_04102_00001-seg004_nis_x1dints.fits,seg004,4,17,60783.147677307046,TDB-MID,536.856319347902,4.793865795540105,1778,0.5866384887837632,1.4160575472955537,1387,0.927207594774487,0.9198673907153593
TOI-2076_b,NIRISS_SOSS,obs10,SOSS_HDU4_ordem_2,jw05959010001_04102_00001-seg004_nis_x1dints.fits,seg004,4,18,60783.14775438006,TDB-MID,443.86282182020835,4.793742042528519,1778,0.5866384887837632,1.4160575472955537,1388,0.7665979976348777,0.760529253412256
TOI-2076_b,NIRISS_SOSS,obs10,SOSS_HDU4_ordem_2,jw05959010001_04102_00001-seg004_nis_x1dints.fits,seg004,4,19,60783.14783145307,TDB-MID,749.5727672136939,4.794751186208653,1778,0.5866384887837632,1.4160575472955537,1389,1.2945913786408736,1.2843427946711505
TOI-2076_b,NIRISS_SOSS,obs10,SOSS_HDU4_ordem_2,jw05959010001_04102_00001-seg004_nis_x1dints.fits,seg004,4,20,60783.14790852607,TDB-MID,790.4469767189262,4.79426609132694,1778,0.5866384887837632,1.4160575472955537,1390,1.3651854577600115,1.3543780184174237
TOI-2076_b,NIRISS_SOSS,obs10,SOSS_HDU4_ordem_2,jw05959010001_04102_00001-seg004_nis_x1dints.fits,seg004,4,21,60783.147985599084,TDB-MID,331.13894961495805,4.793633069258286,1778,0.5866384887837632,1.4160575472955537,1391,0.5719119584576706,0.5673844389436015
TOI-2076_b,NIRISS_SOSS,obs10,SOSS_HDU4_ordem_2,jw05959010001_04102_00001-seg004_nis_x1dints.fits,seg004,4,22,60783.148062672095,TDB-MID,659.1631253518615,4.794183090646881,1778,0.5866384887837632,1.4160575472955537,1392,1.1384443732801925,1.12943192120696
TOI-2076_b,NIRISS_SOSS,obs10,SOSS_HDU4_ordem_2,jw05959010001_04102_00001-seg004_nis_x1dints.fits,seg004,4,23,60783.148139745106,TDB-MID,668.0800520209432,4.794167312803048,1778,0.5866384887837632,1.4160575472955537,1393,1.1538448479167998,1.144710478565196
TOI-2076_b,NIRISS_SOSS,obs10,SOSS_HDU4_ordem_2,jw05959010001_04102_00001-seg004_nis_x1dints.fits,seg004,4,24,60783.14821681811,TDB-MID,553.055523171797,4.794008716035667,1778,0.5866384887837632,1.4160575472955537,1394,0.9551853315981116,0.9476236428374399
TOI-2076_b,NIRISS_SOSS,obs10,SOSS_HDU4_ordem_2,jw05959010001_04102_00001-seg004_nis_x1dints.fits,seg004,4,25,60783.148293891114,TDB-MID,501.397680634208,4.793897136303109,1778,0.5866384887837632,1.4160575472955537,1395,0.86596677869238,0.8591113852509863
TOI-2076_b,NIRISS_SOSS,obs10,SOSS_HDU4_ordem_2,jw05959010001_04102_00001-seg004_nis_x1dints.fits,seg004,4,26,60783.148370964125,TDB-MID,622.2268125493201,4.794018085407826,1778,0.5866384887837632,1.4160575472955537,1396,1.0746514578962743,1.0661440200389343
TOI-2076_b,NIRISS_SOSS,obs10,SOSS_HDU4_ordem_2,jw05959010001_04102_00001-seg004_nis_x1dints.fits,seg004,4,27,60783.14844803714,TDB-MID,793.7317507812056,4.7941927600552505,1778,0.5866384887837632,1.4160575472955537,1397,1.3708586096777595,1.360006259041337
TOI-2076_b,NIRISS_SOSS,obs10,SOSS_HDU4_ordem_2,jw05959010001_04102_00001-seg004_nis_x1dints.fits,seg004,4,28,60783.14852511015,TDB-MID,590.8117810023259,4.794013935381679,1778,0.5866384887837632,1.4160575472955537,1398,1.0203943786914806,1.0123164649614882
TOI-2076_b,NIRISS_SOSS,obs10,SOSS_HDU4_ordem_2,jw05959010001_04102_00001-seg004_nis_x1dints.fits,seg004,4,29,60783.14860218316,TDB-MID,506.4176009450845,4.793827818729369,1778,0.5866384887837632,1.4160575472955537,1399,0.8746367115397032,0.867712682900931
TOI-2076_b,NIRISS_SOSS,obs10,SOSS_HDU4_ordem_2,jw05959010001_04102_00001-seg004_nis_x1dints.fits,seg004,4,30,60783.14867925617,TDB-MID,831.7161827971167,4.794271477792357,1778,0.5866384887837632,1.4160575472955537,1400,1.4364617377011526,1.4250900423685449
TOI-2076_b,NIRISS_SOSS,obs10,SOSS_HDU4_ordem_2,jw05959010001_04102_00001-seg004_nis_x1dints.fits,seg004,4,31,60783.148756329174,TDB-MID,1024.177856291451,4.794548830943774,1778,0.5866384887837632,1.4160575472955537,1401,1.768863385843644,1.7548602453624988
TOI-2076_b,NIRISS_SOSS,obs10,SOSS_HDU4_ordem_2,jw05959010001_04102_00001-seg004_nis_x1dints.fits,seg004,4,32,60783.148833402185,TDB-MID,515.8388064942374,4.794681863074456,1778,0.5866384887837632,1.4160575472955537,1402,0.8909081290908958,0.8838552883869181
TOI-2076_b,NIRISS_SOSS,obs10,SOSS_HDU4_ordem_2,jw05959010001_04102_00001-seg004_nis_x1dints.fits,seg004,4,33,60783.148910475196,TDB-MID,777.5790707762294,4.7941245847622165,1778,0.5866384887837632,1.4160575472955537,1403,1.342961224405723,1.3323297223708077
TOI-2076_b,NIRISS_SOSS,obs10,SOSS_HDU4_ordem_2,jw05959010001_04102_00001-seg004_nis_x1dints.fits,seg004,4,34,60783.14898754821,TDB-MID,771.9909537938139,4.794114466580568,1778,0.5866384887837632,1.4160575472955537,1404,1.3333099558635597,1.322754857733151
TOI-2076_b,NIRISS_SOSS,obs10,SOSS_HDU4_ordem_2,jw05959010001_04102_00001-seg004_nis_x1dints.fits,seg004,4,35,60783.14906462122,TDB-MID,606.6324059633353,4.794007291687812,1778,0.5866384887837632,1.4160575472955537,1405,1.0477182698133074,1.0394240475266832
TOI-2076_b,NIRISS_SOSS,obs10,SOSS_HDU4_ordem_2,jw05959010001_04102_00001-seg004_nis_x1dints.fits,seg004,4,36,60783.14914169422,TDB-MID,793.429508828069,4.794209641756321,1778,0.5866384887837632,1.4160575472955537,1406,1.3703366058858546,1.359488387672822
TOI-2076_b,NIRISS_SOSS,obs10,SOSS_HDU4_ordem_2,jw05959010001_04102_00001-seg004_nis_x1dints.fits,seg004,4,37,60783.14921876723,TDB-MID,784.6805199836617,4.794192247832753,1778,0.5866384887837632,1.4160575472955537,1407,1.3552261776189671,1.3444975805431265
TOI-2076_b,NIRISS_SOSS,obs10,SOSS_HDU4_ordem_2,jw05959010001_04102_00001-seg004_nis_x1dints.fits,seg004,4,38,60783.14929584024,TDB-MID,536.8643210661324,4.7939451122646615,1778,0.5866384887837632,1.4160575472955537,1408,0.9272214145874372,0.91988110112428
TOI-2076_b,NIRISS_SOSS,obs10,SOSS_HDU4_ordem_2,jw05959010001_04102_00001-seg004_nis_x1dints.fits,seg004,4,39,60783.14937291325,TDB-MID,671.0498667066298,4.79408119670381,1778,0.5866384887837632,1.4160575472955537,1409,1.158974031708445,1.1497990573662222
TOI-2076_b,NIRISS_SOSS,obs10,SOSS_HDU4_ordem_2,jw05959010001_04102_00001-seg004_nis_x1dints.fits,seg004,4,40,60783.14944998625,TDB-MID,510.5267812031617,4.793879026374906,1778,0.5866384887837632,1.4160575472955537,1410,0.8817337000751359,0.8747534883934841
TOI-2076_b,NIRISS_SOSS,obs10,SOSS_HDU4_ordem_2,jw05959010001_04102_00001-seg004_nis_x1dints.fits,seg004,4,41,60783.149527059264,TDB-MID,381.55734994528916,4.793732905580328,1778,0.5866384887837632,1.4160575472955537,1411,0.6589898636957926,0.6537729952192134
TOI-2076_b,NIRISS_SOSS,obs10,SOSS_HDU4_ordem_2,jw05959010001_04102_00001-seg004_nis_x1dints.fits,seg004,4,42,60783.149604132275,TDB-MID,136.25643767803393,4.793357411471996,1778,0.5866384887837632,1.4160575472955537,1412,0.23532926650737274,0.23346629121792953
TOI-2076_b,NIRISS_SOSS,obs10,SOSS_HDU4_ordem_2,jw05959010001_04102_00001-seg004_nis_x1dints.fits,seg004,4,43,60783.14968120529,TDB-MID,867.3493144916238,4.794586884006839,1778,0.5866384887837632,1.4160575472955537,1413,1.4980039216003342,1.4861450298830008
TOI-2076_b,NIRISS_SOSS,obs10,SOSS_HDU4_ordem_2,jw05959010001_04102_00001-seg004_nis_x1dints.fits,seg004,4,44,60783.1497582783,TDB-MID,632.637128639489,4.793947549585606,1778,0.5866384887837632,1.4160575472955537,1414,1.0926311738741585,1.083981400271354
TOI-2076_b,NIRISS_SOSS,obs10,SOSS_HDU4_ordem_2,jw05959010001_04102_00001-seg004_nis_x1dints.fits,seg004,4,45,60783.1498353513,TDB-MID,410.65403280947146,4.793850706378355,1778,0.5866384887837632,1.4160575472955537,1415,0.7092429097383248,0.7036282149123674
TOI-2076_b,NIRISS_SOSS,obs10,SOSS_HDU4_ordem_2,jw05959010001_04102_00001-seg004_nis_x1dints.fits,seg004,4,46,60783.14991242431,TDB-MID,629.4138032511453,4.794067925670211,1778,0.5866384887837632,1.4160575472955537,1416,1.0870641503097682,1.0784584478396795
TOI-2076_b,NIRISS_SOSS,obs10,SOSS_HDU4_ordem_2,jw05959010001_04102_00001-seg004_nis_x1dints.fits,seg004,4,47,60783.149989497324,TDB-MID,900.0904621451089,4.79803956855923,1778,0.5866384887837632,1.4160575472955537,1417,1.554551343455811,1.5422447961996573
TOI-2076_b,NIRISS_SOSS,obs10,SOSS_HDU4_ordem_2,jw05959010001_04102_00001-seg004_nis_x1dints.fits,seg004,4,48,60783.15006657033,TDB-MID,792.4432908262338,4.794235028388181,1778,0.5866384887837632,1.4160575472955537,1418,1.3686333031799918,1.3577985690987826
TOI-2076_b,NIRISS_SOSS,obs10,SOSS_HDU4_ordem_2,jw05959010001_04102_00001-seg004_nis_x1dints.fits,seg004,4,49,60783.15014364334,TDB-MID,519.5297720802243,4.793869129131458,1778,0.5866384887837632,1.4160575472955537,1419,0.8972828166935961,0.890179511014913
TOI-2076_b,NIRISS_SOSS,obs10,SOSS_HDU4_ordem_2,jw05959010001_04102_00001-seg004_nis_x1dints.fits,seg004,4,50,60783.15022071634,TDB-MID,792.2150461689907,4.7941893725616795,1778,0.5866384887837632,1.4160575472955537,1420,1.368239100537617,1.3574074871468034
TOI-2076_b,NIRISS_SOSS,obs10,SOSS_HDU4_ordem_2,jw05959010001_04102_00001-seg004_nis_x1dints.fits,seg004,4,51,60783.150297789354,TDB-MID,666.4766204712721,4.794092120683431,1778,0.5866384887837632,1.4160575472955537,1421,1.151075552190968,1.1419631058648463
TOI-2076_b,NIRISS_SOSS,obs10,SOSS_HDU4_ordem_2,jw05959010001_04102_00001-seg004_nis_x1dints.fits,seg004,4,52,60783.150374862365,TDB-MID,423.1116295508243,4.793736050458151,1778,0.5866384887837632,1.4160575472955537,1422,0.7307584957432554,0.72497347358972
TOI-2076_b,NIRISS_SOSS,obs10,SOSS_HDU4_ordem_2,jw05959010001_04102_00001-seg004_nis_x1dints.fits,seg004,4,53,60783.15045193538,TDB-MID,374.20789217367894,4.793762630105281,1778,0.5866384887837632,1.4160575472955537,1423,0.6462965734843843,0.64118019096247
TOI-2076_b,NIRISS_SOSS,obs10,SOSS_HDU4_ordem_2,jw05959010001_04102_00001-seg004_nis_x1dints.fits,seg004,4,54,60783.15052900838,TDB-MID,633.1824166324637,4.793995116989183,1778,0.5866384887837632,1.4160575472955537,1424,1.0935729438602877,1.0849157147708002
TOI-2076_b,NIRISS_SOSS,obs10,SOSS_HDU4_ordem_2,jw05959010001_04102_00001-seg004_nis_x1dints.fits,seg004,4,55,60783.15060608139,TDB-MID,754.6430224334941,4.794170848460813,1778,0.5866384887837632,1.4160575472955537,1425,1.303348245194953,1.2930303378204306
TOI-2076_b,NIRISS_SOSS,obs10,SOSS_HDU4_ordem_2,jw05959010001_04102_00001-seg004_nis_x1dints.fits,seg004,4,56,60783.1506831544,TDB-MID,354.5492949741656,4.793712375772023,1778,0.5866384887837632,1.4160575472955537,1426,0.6123440987363148,0.6074964997040609
TOI-2076_b,NIRISS_SOSS,obs10,SOSS_HDU4_ordem_2,jw05959010001_04102_00001-seg004_nis_x1dints.fits,seg004,4,57,60783.150760227414,TDB-MID,636.9862524259586,4.793994943182378,1778,0.5866384887837632,1.4160575472955537,1427,1.1001425702386964,1.0914333329490156
TOI-2076_b,NIRISS_SOSS,obs10,SOSS_HDU4_ordem_2,jw05959010001_04102_00001-seg004_nis_x1dints.fits,seg004,4,58,60783.150837300425,TDB-MID,482.09731672569285,4.793874454780562,1778,0.5866384887837632,1.4160575472955537,1428,0.8326330106934795,0.8260415027730311
TOI-2076_b,NIRISS_SOSS,obs10,SOSS_HDU4_ordem_2,jw05959010001_04102_00001-seg004_nis_x1dints.fits,seg004,4,59,60783.15091437343,TDB-MID,611.5070737465967,4.7940024533126335,1778,0.5866384887837632,1.4160575472955537,1429,1.0561373361961575,1.0477764646870875
TOI-2076_b,NIRISS_SOSS,obs10,SOSS_HDU4_ordem_2,jw05959010001_04102_00001-seg004_nis_x1dints.fits,seg004,4,60,60783.15099144644,TDB-MID,802.9165767122263,4.79460463986492,1778,0.5866384887837632,1.4160575472955537,1430,1.3867217746494755,1.375743843864042
TOI-2076_b,NIRISS_SOSS,obs10,SOSS_HDU4_ordem_2,jw05959010001_04102_00001-seg004_nis_x1dints.fits,seg004,4,61,60783.151068519444,TDB-MID,584.1298539632875,4.794032468734282,1778,0.5866384887837632,1.4160575472955537,1431,1.0088539845952522,1.00086742996118
TOI-2076_b,NIRISS_SOSS,obs10,SOSS_HDU4_ordem_2,jw05959010001_04102_00001-seg004_nis_x1dints.fits,seg004,4,62,60783.151145592456,TDB-MID,563.7268498150061,4.793999863571995,1778,0.5866384887837632,1.4160575472955537,1432,0.9736158403828853,0.9659082471924438
TOI-2076_b,NIRISS_SOSS,obs10,SOSS_HDU4_ordem_2,jw05959010001_04102_00001-seg004_nis_x1dints.fits,seg004,4,63,60783.15122266546,TDB-MID,435.40035501054433,4.793749636428944,1778,0.5866384887837632,1.4160575472955537,1433,0.7519824231996576,0.7460293826224769
TOI-2076_b,NIRISS_SOSS,obs10,SOSS_HDU4_ordem_2,jw05959010001_04102_00001-seg004_nis_x1dints.fits,seg004,4,64,60783.15129973847,TDB-MID,376.600543278822,4.793740193296423,1778,0.5866384887837632,1.4160575472955537,1434,0.6504289347817774,0.6452798385770376
TOI-2076_b,NIRISS_SOSS,obs10,SOSS_HDU4_ordem_2,jw05959010001_04102_00001-seg004_nis_x1dints.fits,seg004,4,65,60783.15137681148,TDB-MID,444.17655404336267,4.7937924219777335,1778,0.5866384887837632,1.4160575472955537,1435,0.7671398463373154,0.7610668125898155
TOI-2076_b,NIRISS_SOSS,obs10,SOSS_HDU4_ordem_2,jw05959010001_04102_00001-seg004_nis_x1dints.fits,seg004,4,66,60783.15145388449,TDB-MID,670.9628936725787,4.79407911177346,1778,0.5866384887837632,1.4160575472955537,1436,1.1588238200879302,1.1496500348903531
TOI-2076_b,NIRISS_SOSS,obs10,SOSS_HDU4_ordem_2,jw05959010001_04102_00001-seg004_nis_x1dints.fits,seg004,4,67,60783.151530957504,TDB-MID,467.16840772126443,4.793839919428657,1778,0.5866384887837632,1.4160575472955537,1437,0.8068492072590395,0.800461815848956
TOI-2076_b,NIRISS_SOSS,obs10,SOSS_HDU4_ordem_2,jw05959010001_04102_00001-seg004_nis_x1dints.fits,seg004,4,68,60783.15160803051,TDB-MID,295.1607388056505,4.793610528509966,1778,0.5866384887837632,1.4160575472955537,1438,0.5097737864616556,0.5057381814496704
TOI-2076_b,NIRISS_SOSS,obs10,SOSS_HDU4_ordem_2,jw05959010001_04102_00001-seg004_nis_x1dints.fits,seg004,4,69,60783.15168510352,TDB-MID,892.3682622743088,4.794176538156699,1778,0.5866384887837632,1.4160575472955537,1439,1.5412142882502962,1.5290133232901766
TOI-2076_b,NIRISS_SOSS,obs10,SOSS_HDU4_ordem_2,jw05959010001_04102_00001-seg004_nis_x1dints.fits,seg004,4,70,60783.15176217653,TDB-MID,826.992518816435,4.794273168318188,1778,0.5866384887837632,1.4160575472955537,1440,1.4283034708423945,1.4169963601226065
TOI-2076_b,NIRISS_SOSS,obs10,SOSS_HDU4_ordem_2,jw05959010001_04102_00001-seg004_nis_x1dints.fits,seg004,4,71,60783.15183924954,TDB-MID,466.0621346781691,4.793779339518195,1778,0.5866384887837632,1.4160575472955537,1441,0.8049385568103344,0.7985662909926837
TOI-2076_b,NIRISS_SOSS,obs10,SOSS_HDU4_ordem_2,jw05959010001_04102_00001-seg004_nis_x1dints.fits,seg004,4,72,60783.15191632254,TDB-MID,1232.6272643333075,4.794780286055424,1778,0.5866384887837632,1.4160575472955537,1442,2.1288775410228546,2.1120243620195027
TOI-2076_b,NIRISS_SOSS,obs10,SOSS_HDU4_ordem_2,jw05959010001_04102_00001-seg004_nis_x1dints.fits,seg004,4,73,60783.15199339555,TDB-MID,685.3410515702203,4.794141368181552,1778,0.5866384887837632,1.4160575472955537,1443,1.1836564181613838,1.1742860466349148
TOI-2076_b,NIRISS_SOSS,obs10,SOSS_HDU4_ordem_2,jw05959010001_04102_00001-seg004_nis_x1dints.fits,seg004,4,74,60783.15207046856,TDB-MID,852.3546966394252,4.794327443380056,1778,0.5866384887837632,1.4160575472955537,1444,1.472106632042139,1.4604527552438018
TOI-2076_b,NIRISS_SOSS,obs10,SOSS_HDU4_ordem_2,jw05959010001_04102_00001-seg004_nis_x1dints.fits,seg004,4,75,60783.15214754157,TDB-MID,790.0534183835218,4.794340772022564,1778,0.5866384887837632,1.4160575472955537,1445,1.3645057409262469,1.3537036825364146
TOI-2076_b,NIRISS_SOSS,obs10,SOSS_HDU4_ordem_2,jw05959010001_04102_00001-seg004_nis_x1dints.fits,seg004,4,76,60783.152224614576,TDB-MID,684.6612281410298,4.79404218695476,1778,0.5866384887837632,1.4160575472955537,1446,1.1824822912601363,1.1731212146651315
TOI-2076_b,NIRISS_SOSS,obs10,SOSS_HDU4_ordem_2,jw05959010001_04102_00001-seg004_nis_x1dints.fits,seg004,4,77,60783.15230168759,TDB-MID,802.4733723173382,4.794243318606875,1778,0.5866384887837632,1.4160575472955537,1447,1.3859563138247304,1.374984442781133
TOI-2076_b,NIRISS_SOSS,obs10,SOSS_HDU4_ordem_2,jw05959010001_04102_00001-seg004_nis_x1dints.fits,seg004,4,78,60783.1523787606,TDB-MID,559.0030055405254,4.794032593130469,1778,0.5866384887837632,1.4160575472955537,1448,0.9654572621376842,0.9578142560251417
TOI-2076_b,NIRISS_SOSS,obs10,SOSS_HDU4_ordem_2,jw05959010001_04102_00001-seg004_nis_x1dints.fits,seg004,4,79,60783.15245583361,TDB-MID,681.636082635488,4.7940312171535435,1778,0.5866384887837632,1.4160575472955537,1449,1.1772575452956233,1.1679378302055854
TOI-2076_b,NIRISS_SOSS,obs10,SOSS_HDU4_ordem_2,jw05959010001_04102_00001-seg004_nis_x1dints.fits,seg004,4,80,60783.15253290662,TDB-MID,365.068744537586,4.793653575438064,1778,0.5866384887837632,1.4160575472955537,1450,0.6305122997549746,0.6255208728425182
TOI-2076_b,NIRISS_SOSS,obs10,SOSS_HDU4_ordem_2,jw05959010001_04102_00001-seg004_nis_x1dints.fits,seg004,4,81,60783.152609979625,TDB-MID,365.4861550212074,4.7935875173150295,1778,0.5866384887837632,1.4160575472955537,1451,0.6312332117692402,0.6262360777839305
TOI-2076_b,NIRISS_SOSS,obs10,SOSS_HDU4_ordem_2,jw05959010001_04102_00001-seg004_nis_x1dints.fits,seg004,4,82,60783.152687052636,TDB-MID,673.1249493402111,4.794039943220387,1778,0.5866384887837632,1.4160575472955537,1452,1.1625579186970123,1.1533545726482062
TOI-2076_b,NIRISS_SOSS,obs10,SOSS_HDU4_ordem_2,jw05959010001_04102_00001-seg004_nis_x1dints.fits,seg004,4,83,60783.15276412565,TDB-MID,637.006456949544,4.796526605897358,1778,0.5866384887837632,1.4160575472955537,1453,1.1001774655860028,1.0914679520486172
TOI-2076_b,NIRISS_SOSS,obs10,SOSS_HDU4_ordem_2,jw05959010001_04102_00001-seg004_nis_x1dints.fits,seg004,4,84,60783.15284119866,TDB-MID,487.73467783983267,4.793874771317676,1778,0.5866384887837632,1.4160575472955537,1454,0.8423693290549097,0.8357007439362586
TOI-2076_b,NIRISS_SOSS,obs10,SOSS_HDU4_ordem_2,jw05959010001_04102_00001-seg004_nis_x1dints.fits,seg004,4,85,60783.152918271655,TDB-MID,38.73991247938301,4.7932879704515265,1778,0.5866384887837632,1.4160575472955537,1455,0.06690792261775623,0.0663782485642277
TOI-2076_b,NIRISS_SOSS,obs10,SOSS_HDU4_ordem_2,jw05959010001_04102_00001-seg004_nis_x1dints.fits,seg004,4,86,60783.152995344666,TDB-MID,740.5424234721809,4.794147255279314,1778,0.5866384887837632,1.4160575472955537,1456,1.2789950207350462,1.2688699047462295
TOI-2076_b,NIRISS_SOSS,obs10,SOSS_HDU4_ordem_2,jw05959010001_04102_00001-seg004_nis_x1dints.fits,seg004,4,87,60783.15307241768,TDB-MID,750.103388396496,4.794694088581064,1778,0.5866384887837632,1.4160575472955537,1457,1.2955078174959476,1.285251978572488
TOI-2076_b,NIRISS_SOSS,obs10,SOSS_HDU4_ordem_2,jw05959010001_04102_00001-seg004_nis_x1dints.fits,seg004,4,88,60783.15314949069,TDB-MID,679.174754006678,4.794129240003926,1778,0.5866384887837632,1.4160575472955537,1458,1.1730065706574917,1.1637205082483313
TOI-2076_b,NIRISS_SOSS,obs10,SOSS_HDU4_ordem_2,jw05959010001_04102_00001-seg004_nis_x1dints.fits,seg004,4,89,60783.15322656369,TDB-MID,646.7455512098517,4.794575118487116,1778,0.5866384887837632,1.4160575472955537,1459,1.1169979105336387,1.1081552385763083
TOI-2076_b,NIRISS_SOSS,obs10,SOSS_HDU4_ordem_2,jw05959010001_04102_00001-seg004_nis_x1dints.fits,seg004,4,90,60783.153303636704,TDB-MID,519.0445665132077,4.793897482651896,1778,0.5866384887837632,1.4160575472955537,1460,0.8964448154061917,0.8893481437331897
TOI-2076_b,NIRISS_SOSS,obs10,SOSS_HDU4_ordem_2,jw05959010001_04102_00001-seg004_nis_x1dints.fits,seg004,4,91,60783.153380709715,TDB-MID,536.8630401185872,4.794614957919253,1778,0.5866384887837632,1.4160575472955537,1461,0.9272192022556648,0.9198789063063489
TOI-2076_b,NIRISS_SOSS,obs10,SOSS_HDU4_ordem_2,jw05959010001_04102_00001-seg004_nis_x1dints.fits,seg004,4,92,60783.153457782726,TDB-MID,929.1665005741618,4.7944469067195845,1778,0.5866384887837632,1.4160575472955537,1462,1.6047687343773136,1.5920646430342067
TOI-2076_b,NIRISS_SOSS,obs10,SOSS_HDU4_ordem_2,jw05959010001_04102_00001-seg004_nis_x1dints.fits,seg004,4,93,60783.15353485573,TDB-MID,713.2836924605547,4.794125588196183,1778,0.5866384887837632,1.4160575472955537,1463,1.231916311763911,1.2221638926044085
TOI-2076_b,NIRISS_SOSS,obs10,SOSS_HDU4_ordem_2,jw05959010001_04102_00001-seg004_nis_x1dints.fits,seg004,4,94,60783.15361192874,TDB-MID,476.9221041963063,4.793801938041799,1778,0.5866384887837632,1.4160575472955537,1464,0.8236948717745824,0.8171741222947932
TOI-2076_b,NIRISS_SOSS,obs10,SOSS_HDU4_ordem_2,jw05959010001_04102_00001-seg004_nis_x1dints.fits,seg004,4,95,60783.15368900175,TDB-MID,479.85472307044597,4.793840082740547,1778,0.5866384887837632,1.4160575472955537,1465,0.82875981446909,0.8221989685609118
TOI-2076_b,NIRISS_SOSS,obs10,SOSS_HDU4_ordem_2,jw05959010001_04102_00001-seg004_nis_x1dints.fits,seg004,4,96,60783.15376607476,TDB-MID,658.9848350780635,4.794079130893901,1778,0.5866384887837632,1.4160575472955537,1466,1.1381364471368611,1.1291264327493635
TOI-2076_b,NIRISS_SOSS,obs10,SOSS_HDU4_ordem_2,jw05959010001_04102_00001-seg004_nis_x1dints.fits,seg004,4,97,60783.15384314776,TDB-MID,445.96589343089977,4.794042014500346,1778,0.5866384887837632,1.4160575472955537,1467,0.7702302245445958,0.7641327259342224
TOI-2076_b,NIRISS_SOSS,obs10,SOSS_HDU4_ordem_2,jw05959010001_04102_00001-seg004_nis_x1dints.fits,seg004,4,98,60783.15392022077,TDB-MID,793.6076691115235,4.79419649907792,1778,0.5866384887837632,1.4160575472955537,1468,1.3706443075221264,1.3597936534006607
TOI-2076_b,NIRISS_SOSS,obs10,SOSS_HDU4_ordem_2,jw05959010001_04102_00001-seg004_nis_x1dints.fits,seg004,4,99,60783.15399729378,TDB-MID,294.19528800547135,4.793573649245196,1778,0.5866384887837632,1.4160575472955537,1469,0.5081063509075868,0.5040839460864663
TOI-2076_b,NIRISS_SOSS,obs10,SOSS_HDU4_ordem_2,jw05959010001_04102_00001-seg004_nis_x1dints.fits,seg004,4,100,60783.15407436679,TDB-MID,777.6222033564322,4.794122235620984,1778,0.5866384887837632,1.4160575472955537,1470,1.3430357189296858,1.3324036271616728
TOI-2076_b,NIRISS_SOSS,obs10,SOSS_HDU4_ordem_2,jw05959010001_04102_00001-seg004_nis_x1dints.fits,seg004,4,101,60783.1541514398,TDB-MID,170.5676808260544,4.79363713298729,1778,0.5866384887837632,1.4160575472955537,1471,0.29458840919873835,0.29225631113444406
TOI-2076_b,NIRISS_SOSS,obs10,SOSS_HDU4_ordem_2,jw05959010001_04102_00001-seg004_nis_x1dints.fits,seg004,4,102,60783.15422851281,TDB-MID,486.53405053051455,4.793842863345144,1778,0.5866384887837632,1.4160575472955537,1472,0.8402957188177319,0.8336435493565514
TOI-2076_b,NIRISS_SOSS,obs10,SOSS_HDU4_ordem_2,jw05959010001_04102_00001-seg004_nis_x1dints.fits,seg004,4,103,60783.15430558582,TDB-MID,629.2103352186134,4.794036588831982,1778,0.5866384887837632,1.4160575472955537,1473,1.086712739516492,1.0781098189767344
TOI-2076_b,NIRISS_SOSS,obs10,SOSS_HDU4_ordem_2,jw05959010001_04102_00001-seg004_nis_x1dints.fits,seg004,4,104,60783.154382658824,TDB-MID,600.4843186597386,4.793985482119663,1778,0.5866384887837632,1.4160575472955537,1474,1.037099873352676,1.0288897112023587
TOI-2076_b,NIRISS_SOSS,obs10,SOSS_HDU4_ordem_2,jw05959010001_04102_00001-seg004_nis_x1dints.fits,seg004,4,105,60783.154459731835,TDB-MID,572.3325773872912,4.794955357180053,1778,0.5866384887837632,1.4160575472955537,1475,0.9884788412939579,0.9806535857156833
TOI-2076_b,NIRISS_SOSS,obs10,SOSS_HDU4_ordem_2,jw05959010001_04102_00001-seg004_nis_x1dints.fits,seg004,4,106,60783.15453680485,TDB-MID,110.44986606457081,4.7934621657240895,1778,0.5866384887837632,1.4160575472955537,1476,0.19075859027102118,0.18924845706405435
TOI-2076_b,NIRISS_SOSS,obs10,SOSS_HDU4_ordem_2,jw05959010001_04102_00001-seg004_nis_x1dints.fits,seg004,4,107,60783.15461387786,TDB-MID,889.0086604933638,4.794357931477057,1778,0.5866384887837632,1.4160575472955537,1477,1.535411900955137,1.523256870375858
TOI-2076_b,NIRISS_SOSS,obs10,SOSS_HDU4_ordem_2,jw05959010001_04102_00001-seg004_nis_x1dints.fits,seg004,4,108,60783.15469095086,TDB-MID,764.0320396957802,4.794199570897493,1778,0.5866384887837632,1.4160575472955537,1478,1.3195640701732911,1.309117790830076
TOI-2076_b,NIRISS_SOSS,obs10,SOSS_HDU4_ordem_2,jw05959010001_04102_00001-seg004_nis_x1dints.fits,seg004,4,109,60783.154768023865,TDB-MID,536.4971527184532,4.794061441331682,1778,0.5866384887837632,1.4160575472955537,1479,0.9265872760511851,0.9192519827219052
TOI-2076_b,NIRISS_SOSS,obs10,SOSS_HDU4_ordem_2,jw05959010001_04102_00001-seg004_nis_x1dints.fits,seg004,4,110,60783.15484509688,TDB-MID,541.5928592788581,4.7945414812694525,1778,0.5866384887837632,1.4160575472955537,1480,0.9353880997600102,0.9279831350407685
TOI-2076_b,NIRISS_SOSS,obs10,SOSS_HDU4_ordem_2,jw05959010001_04102_00001-seg004_nis_x1dints.fits,seg004,4,111,60783.15492216989,TDB-MID,766.1837756805298,4.794153250788098,1778,0.5866384887837632,1.4160575472955537,1481,1.3232803455995221,1.3128046465016348
TOI-2076_b,NIRISS_SOSS,obs10,SOSS_HDU4_ordem_2,jw05959010001_04102_00001-seg004_nis_x1dints.fits,seg004,4,112,60783.15499924289,TDB-MID,905.6701888911624,4.794315696571304,1778,0.5866384887837632,1.4160575472955537,1482,1.5641881211731548,1.5518052847285646
TOI-2076_b,NIRISS_SOSS,obs10,SOSS_HDU4_ordem_2,jw05959010001_04102_00001-seg004_nis_x1dints.fits,seg004,4,113,60783.1550763159,TDB-MID,693.3406311044034,4.794333976909956,1778,0.5866384887837632,1.4160575472955537,1483,1.1974725373571242,1.1879927910425565
TOI-2076_b,NIRISS_SOSS,obs10,SOSS_HDU4_ordem_2,jw05959010001_04102_00001-seg004_nis_x1dints.fits,seg004,4,114,60783.155153388914,TDB-MID,413.3005478918287,4.793779075304315,1778,0.5866384887837632,1.4160575472955537,1484,0.7138137209509552,0.7081628414699048
TOI-2076_b,NIRISS_SOSS,obs10,SOSS_HDU4_ordem_2,jw05959010001_04102_00001-seg004_nis_x1dints.fits,seg004,4,115,60783.155230461925,TDB-MID,847.2368472034502,4.794282966498046,1778,0.5866384887837632,1.4160575472955537,1485,1.4632675652472984,1.4516836625888756
TOI-2076_b,NIRISS_SOSS,obs10,SOSS_HDU4_ordem_2,jw05959010001_04102_00001-seg004_nis_x1dints.fits,seg004,4,116,60783.15530753493,TDB-MID,644.8933378879212,4.794156151300304,1778,0.5866384887837632,1.4160575472955537,1486,1.1137989423975787,1.1049815949512096
TOI-2076_b,NIRISS_SOSS,obs10,SOSS_HDU4_ordem_2,jw05959010001_04102_00001-seg004_nis_x1dints.fits,seg004,4,117,60783.15538460794,TDB-MID,740.09379894057,4.797275360068919,1778,0.5866384887837632,1.4160575472955537,1487,1.2782201987614181,1.2681012166216208
TOI-2076_b,NIRISS_SOSS,obs10,SOSS_HDU4_ordem_2,jw05959010001_04102_00001-seg004_nis_x1dints.fits,seg004,4,118,60783.15546168095,TDB-MID,602.9039562922713,4.794348249759627,1778,0.5866384887837632,1.4160575472955537,1488,1.0412788432346205,1.0330355984263708
TOI-2076_b,NIRISS_SOSS,obs10,SOSS_HDU4_ordem_2,jw05959010001_04102_00001-seg004_nis_x1dints.fits,seg004,4,119,60783.155538753956,TDB-MID,624.2809225251565,4.797960112527854,1778,0.5866384887837632,1.4160575472955537,1489,1.0781991228886711,1.0696636000748183
TOI-2076_b,NIRISS_SOSS,obs10,SOSS_HDU4_ordem_2,jw05959010001_04102_00001-seg004_nis_x1dints.fits,seg004,4,120,60783.15561582697,TDB-MID,891.6266396577391,4.794377714483927,1778,0.5866384887837632,1.4160575472955537,1490,1.5399334276219345,1.5277426025468162
TOI-2076_b,NIRISS_SOSS,obs10,SOSS_HDU4_ordem_2,jw05959010001_04102_00001-seg004_nis_x1dints.fits,seg004,4,121,60783.15569289997,TDB-MID,818.5641032533598,4.794246148965588,1778,0.5866384887837632,1.4160575472955537,1491,1.4137467065083336,1.402554833866032
TOI-2076_b,NIRISS_SOSS,obs10,SOSS_HDU4_ordem_2,jw05959010001_04102_00001-seg004_nis_x1dints.fits,seg004,4,122,60783.15576997298,TDB-MID,256.6966898650268,4.793525548358913,1778,0.5866384887837632,1.4160575472955537,1492,0.4433423093266865,0.4398326066054807
TOI-2076_b,NIRISS_SOSS,obs10,SOSS_HDU4_ordem_2,jw05959010001_04102_00001-seg004_nis_x1dints.fits,seg004,4,123,60783.155847045986,TDB-MID,561.4481727514556,4.794053346957069,1778,0.5866384887837632,1.4160575472955537,1493,0.9696803242993105,0.9620038864739612
TOI-2076_b,NIRISS_SOSS,obs10,SOSS_HDU4_ordem_2,jw05959010001_04102_00001-seg004_nis_x1dints.fits,seg004,4,124,60783.155924119,TDB-MID,263.6953550359745,4.793616464675354,1778,0.5866384887837632,1.4160575472955537,1494,0.45542974364741606,0.45182435120692244
TOI-2076_b,NIRISS_SOSS,obs10,SOSS_HDU4_ordem_2,jw05959010001_04102_00001-seg004_nis_x1dints.fits,seg004,4,125,60783.15600119201,TDB-MID,314.6164106519627,4.79371246794367,1778,0.5866384887837632,1.4160575472955537,1495,0.5433757876809999,0.5390741736898658
TOI-2076_b,NIRISS_SOSS,obs10,SOSS_HDU4_ordem_2,jw05959010001_04102_00001-seg004_nis_x1dints.fits,seg004,4,126,60783.15607826501,TDB-MID,336.1746237331198,4.793841349735665,1778,0.5866384887837632,1.4160575472955537,1496,0.5806090997949288,0.5760127296884936
TOI-2076_b,NIRISS_SOSS,obs10,SOSS_HDU4_ordem_2,jw05959010001_04102_00001-seg004_nis_x1dints.fits,seg004,4,127,60783.15615533802,TDB-MID,521.0457756445835,4.794194064621299,1778,0.5866384887837632,1.4160575472955537,1497,0.89990111505001,0.8927770817108417
TOI-2076_b,NIRISS_SOSS,obs10,SOSS_HDU4_ordem_2,jw05959010001_04102_00001-seg004_nis_x1dints.fits,seg004,4,128,60783.156232411035,TDB-MID,624.6085296694218,4.794402576730318,1778,0.5866384887837632,1.4160575472955537,1498,1.0787649350460733,1.070224933001552
TOI-2076_b,NIRISS_SOSS,obs10,SOSS_HDU4_ordem_2,jw05959010001_04102_00001-seg004_nis_x1dints.fits,seg004,4,129,60783.156309484046,TDB-MID,158.50107228732313,4.793470972844508,1778,0.5866384887837632,1.4160575472955537,1499,0.2737481011366627,0.2715809845875036
TOI-2076_b,NIRISS_SOSS,obs10,SOSS_HDU4_ordem_2,jw05959010001_04102_00001-seg004_nis_x1dints.fits,seg004,4,130,60783.15638655705,TDB-MID,679.3119825894909,4.794164573978242,1778,0.5866384887837632,1.4160575472955537,1500,1.1732435789213767,1.1639556402452071
TOI-2076_b,NIRISS_SOSS,obs10,SOSS_HDU4_ordem_2,jw05959010001_04102_00001-seg004_nis_x1dints.fits,seg004,4,131,60783.15646363006,TDB-MID,572.6091141260586,4.793979817742689,1778,0.5866384887837632,1.4160575472955537,1501,0.9889564494642981,0.9811274129189019
TOI-2076_b,NIRISS_SOSS,obs10,SOSS_HDU4_ordem_2,jw05959010001_04102_00001-seg004_nis_x1dints.fits,seg004,4,132,60783.15654070307,TDB-MID,530.4644953647665,4.793906789713331,1778,0.5866384887837632,1.4160575472955537,1502,0.9161682393118865,0.9089154278951761
TOI-2076_b,NIRISS_SOSS,obs10,SOSS_HDU4_ordem_2,jw05959010001_04102_00001-seg004_nis_x1dints.fits,seg004,4,133,60783.156617776076,TDB-MID,660.4576130620372,4.7943669814633,1778,0.5866384887837632,1.4160575472955537,1503,1.140680090348169,1.1316499393048356
TOI-2076_b,NIRISS_SOSS,obs10,SOSS_HDU4_ordem_2,jw05959010001_04102_00001-seg004_nis_x1dints.fits,seg004,4,134,60783.15669484908,TDB-MID,429.35621460980263,4.7936429191378584,1778,0.5866384887837632,1.4160575472955537,1504,0.741543554024646,0.7356731523627663
TOI-2076_b,NIRISS_SOSS,obs10,SOSS_HDU4_ordem_2,jw05959010001_04102_00001-seg004_nis_x1dints.fits,seg004,4,135,60783.15677192209,TDB-MID,468.96842659653043,4.793887875388523,1778,0.5866384887837632,1.4160575472955537,1505,0.8099580300701621,0.8035460277811926
TOI-2076_b,NIRISS_SOSS,obs10,SOSS_HDU4_ordem_2,jw05959010001_04102_00001-seg004_nis_x1dints.fits,seg004,4,136,60783.1568489951,TDB-MID,933.9434286547886,4.794327019106494,1778,0.5866384887837632,1.4160575472955537,1506,1.6130189939652582,1.60024958975235
TOI-2076_b,NIRISS_SOSS,obs10,SOSS_HDU4_ordem_2,jw05959010001_04102_00001-seg004_nis_x1dints.fits,seg004,4,137,60783.156926068106,TDB-MID,708.5339576455428,4.794186057935492,1778,0.5866384887837632,1.4160575472955537,1507,1.2237130178192797,1.214025539727829
TOI-2076_b,NIRISS_SOSS,obs10,SOSS_HDU4_ordem_2,jw05959010001_04102_00001-seg004_nis_x1dints.fits,seg004,4,138,60783.15700314112,TDB-MID,639.4762669000575,4.793992093628754,1778,0.5866384887837632,1.4160575472955537,1508,1.1044430883629632,1.0956998061832601
TOI-2076_b,NIRISS_SOSS,obs10,SOSS_HDU4_ordem_2,jw05959010001_04102_00001-seg004_nis_x1dints.fits,seg004,4,139,60783.15708021413,TDB-MID,737.4676570815288,4.794131117022281,1778,0.5866384887837632,1.4160575472955537,1509,1.273684574258356,1.2636014982193884
TOI-2076_b,NIRISS_SOSS,obs10,SOSS_HDU4_ordem_2,jw05959010001_04102_00001-seg004_nis_x1dints.fits,seg004,4,140,60783.15715728713,TDB-MID,654.6437173413033,4.793975073540667,1778,0.5866384887837632,1.4160575472955537,1510,1.1306388780661953,1.1216882179023218
TOI-2076_b,NIRISS_SOSS,obs10,SOSS_HDU4_ordem_2,jw05959010001_04102_00001-seg004_nis_x1dints.fits,seg004,4,141,60783.157234360144,TDB-MID,747.7159283455135,4.794109276488988,1778,0.5866384887837632,1.4160575472955537,1511,1.2913844216976442,1.281161225481974
TOI-2076_b,NIRISS_SOSS,obs10,SOSS_HDU4_ordem_2,jw05959010001_04102_00001-seg004_nis_x1dints.fits,seg004,4,142,60783.157311433155,TDB-MID,620.8674430358068,4.794081544472482,1778,0.5866384887837632,1.4160575472955537,1512,1.0723036830976738,1.0638148313112457
TOI-2076_b,NIRISS_SOSS,obs10,SOSS_HDU4_ordem_2,jw05959010001_04102_00001-seg004_nis_x1dints.fits,seg004,4,143,60783.157388506166,TDB-MID,396.6962787974555,4.79373753452439,1778,0.5866384887837632,1.4160575472955537,1513,0.68513639360072,0.6797125371033116
TOI-2076_b,NIRISS_SOSS,obs10,SOSS_HDU4_ordem_2,jw05959010001_04102_00001-seg004_nis_x1dints.fits,seg004,4,144,60783.15746557917,TDB-MID,510.24900654186786,4.793857335340714,1778,0.5866384887837632,1.4160575472955537,1514,0.8812539538817774,0.8742775400928259
TOI-2076_b,NIRISS_SOSS,obs10,SOSS_HDU4_ordem_2,jw05959010001_04102_00001-seg004_nis_x1dints.fits,seg004,4,145,60783.157542652174,TDB-MID,537.6285118372398,4.79386930215399,1778,0.5866384887837632,1.4160575472955537,1515,0.928541252803532,0.9211904908907657
TOI-2076_b,NIRISS_SOSS,obs10,SOSS_HDU4_ordem_2,jw05959010001_04102_00001-seg004_nis_x1dints.fits,seg004,4,146,60783.157619725185,TDB-MID,831.4623345674603,4.794578093186615,1778,0.5866384887837632,1.4160575472955537,1516,1.4360233149836117,1.4246550904079618
TOI-2076_b,NIRISS_SOSS,obs10,SOSS_HDU4_ordem_2,jw05959010001_04102_00001-seg004_nis_x1dints.fits,seg004,4,147,60783.15769679819,TDB-MID,375.6643137373577,4.7937465788150035,1778,0.5866384887837632,1.4160575472955537,1517,0.6488119674294096,0.6436756718859136
TOI-2076_b,NIRISS_SOSS,obs10,SOSS_HDU4_ordem_2,jw05959010001_04102_00001-seg004_nis_x1dints.fits,seg004,4,148,60783.1577738712,TDB-MID,551.4284017384643,4.793955566440269,1778,0.5866384887837632,1.4160575472955537,1518,0.9523751209398131,0.9448356791061482
TOI-2076_b,NIRISS_SOSS,obs10,SOSS_HDU4_ordem_2,jw05959010001_04102_00001-seg004_nis_x1dints.fits,seg004,4,149,60783.15785094421,TDB-MID,277.3138003525827,4.793570562198871,1778,0.5866384887837632,1.4160575472955537,1519,0.4789502378122567,0.47515864626412585
TOI-2076_b,NIRISS_SOSS,obs10,SOSS_HDU4_ordem_2,jw05959010001_04102_00001-seg004_nis_x1dints.fits,seg004,4,150,60783.157928017215,TDB-MID,362.5785505625563,4.793690746604106,1778,0.5866384887837632,1.4160575472955537,1520,0.6262114716136318,0.6212540920454364
TOI-2076_b,NIRISS_SOSS,obs10,SOSS_HDU4_ordem_2,jw05959010001_04102_00001-seg004_nis_x1dints.fits,seg004,4,151,60783.15800509023,TDB-MID,638.1326790131463,4.794001130166075,1778,0.5866384887837632,1.4160575472955537,1521,1.1021225701011979,1.0933976582170577
TOI-2076_b,NIRISS_SOSS,obs10,SOSS_HDU4_ordem_2,jw05959010001_04102_00001-seg004_nis_x1dints.fits,seg004,4,152,60783.15808216324,TDB-MID,664.4398371902353,4.794340050921219,1778,0.5866384887837632,1.4160575472955537,1522,1.1475578122314551,1.1384732139614488
TOI-2076_b,NIRISS_SOSS,obs10,SOSS_HDU4_ordem_2,jw05959010001_04102_00001-seg004_nis_x1dints.fits,seg004,4,153,60783.15815923625,TDB-MID,924.1765254443607,4.794505505906047,1778,0.5866384887837632,1.4160575472955537,1523,1.596150520022107,1.5835146544488807
TOI-2076_b,NIRISS_SOSS,obs10,SOSS_HDU4_ordem_2,jw05959010001_04102_00001-seg004_nis_x1dints.fits,seg004,4,154,60783.15823630925,TDB-MID,167.39590859701346,4.793389507735012,1778,0.5866384887837632,1.4160575472955537,1524,0.28911042338824483,0.2868216915926359
TOI-2076_b,NIRISS_SOSS,obs10,SOSS_HDU4_ordem_2,jw05959010001_04102_00001-seg004_nis_x1dints.fits,seg004,4,155,60783.158313382264,TDB-MID,869.0457634088001,4.794268018809958,1778,0.5866384887837632,1.4160575472955537,1525,1.5009338681492796,1.4890517816202633
TOI-2076_b,NIRISS_SOSS,obs10,SOSS_HDU4_ordem_2,jw05959010001_04102_00001-seg004_nis_x1dints.fits,seg004,4,156,60783.158390455275,TDB-MID,839.4122710183019,4.794289934918327,1778,0.5866384887837632,1.4160575472955537,1526,1.449753695328484,1.4382767747131242
TOI-2076_b,NIRISS_SOSS,obs10,SOSS_HDU4_ordem_2,jw05959010001_04102_00001-seg004_nis_x1dints.fits,seg004,4,157,60783.15846752828,TDB-MID,604.9481742150244,4.794062844742546,1778,0.5866384887837632,1.4160575472955537,1527,1.0448094236060186,1.036538229091016
TOI-2076_b,NIRISS_SOSS,obs10,SOSS_HDU4_ordem_2,jw05959010001_04102_00001-seg004_nis_x1dints.fits,seg004,4,158,60783.15854460128,TDB-MID,222.75422576218537,4.793615795611751,1778,0.5866384887837632,1.4160575472955537,1528,0.38472008701636257,0.3816744649137607
TOI-2076_b,NIRISS_SOSS,obs10,SOSS_HDU4_ordem_2,jw05959010001_04102_00001-seg004_nis_x1dints.fits,seg004,4,159,60783.158621674294,TDB-MID,598.1179750556685,4.794010103348787,1778,0.5866384887837632,1.4160575472955537,1529,1.0330129478896304,1.0248351397310647
TOI-2076_b,NIRISS_SOSS,obs10,SOSS_HDU4_ordem_2,jw05959010001_04102_00001-seg004_nis_x1dints.fits,seg004,4,160,60783.1586987473,TDB-MID,374.5760054063238,4.7937745065259385,1778,0.5866384887837632,1.4160575472955537,1530,0.646932343936821,0.6418109283620264
TOI-2076_b,NIRISS_SOSS,obs10,SOSS_HDU4_ordem_2,jw05959010001_04102_00001-seg004_nis_x1dints.fits,seg004,4,161,60783.15877582031,TDB-MID,601.8310566981568,4.793984414903594,1778,0.5866384887837632,1.4160575472955537,1531,1.0394258322589802,1.0311972567424421
TOI-2076_b,NIRISS_SOSS,obs10,SOSS_HDU4_ordem_2,jw05959010001_04102_00001-seg004_nis_x1dints.fits,seg004,4,162,60783.15885289332,TDB-MID,1130.695463321866,4.794627006532729,1778,0.5866384887837632,1.4160575472955537,1532,1.9528305492287557,1.9373710396162145
TOI-2076_b,NIRISS_SOSS,obs10,SOSS_HDU4_ordem_2,jw05959010001_04102_00001-seg004_nis_x1dints.fits,seg004,4,163,60783.158929966325,TDB-MID,781.4415294732077,4.794171231015969,1778,0.5866384887837632,1.4160575472955537,1533,1.3496320987333104,1.3389477869726192
TOI-2076_b,NIRISS_SOSS,obs10,SOSS_HDU4_ordem_2,jw05959010001_04102_00001-seg004_nis_x1dints.fits,seg004,4,164,60783.159007039336,TDB-MID,700.1097101637469,4.794687071203534,1778,0.5866384887837632,1.4160575472955537,1534,1.2091634522020418,1.1995911551997067
TOI-2076_b,NIRISS_SOSS,obs10,SOSS_HDU4_ordem_2,jw05959010001_04102_00001-seg004_nis_x1dints.fits,seg004,4,165,60783.15908411235,TDB-MID,620.198913482579,4.79397542701363,1778,0.5866384887837632,1.4160575472955537,1535,1.0711490619136725,1.0626693506424316
TOI-2076_b,NIRISS_SOSS,obs10,SOSS_HDU4_ordem_2,jw05959010001_04102_00001-seg004_nis_x1dints.fits,seg004,4,166,60783.15916118535,TDB-MID,739.7990605417112,4.794122280907588,1778,0.5866384887837632,1.4160575472955537,1536,1.2777111544006747,1.2675962020914182
TOI-2076_b,NIRISS_SOSS,obs10,SOSS_HDU4_ordem_2,jw05959010001_04102_00001-seg004_nis_x1dints.fits,seg004,4,167,60783.15923825836,TDB-MID,684.6675259182675,4.794104247062917,1778,0.5866384887837632,1.4160575472955537,1537,1.1824931681869313,1.1731320054851446
TOI-2076_b,NIRISS_SOSS,obs10,SOSS_HDU4_ordem_2,jw05959010001_04102_00001-seg004_nis_x1dints.fits,seg004,4,168,60783.15931533137,TDB-MID,698.724510420926,4.794173929893604,1778,0.5866384887837632,1.4160575472955537,1538,1.2067710658678672,1.197217708101988
TOI-2076_b,NIRISS_SOSS,obs10,SOSS_HDU4_ordem_2,jw05959010001_04102_00001-seg004_nis_x1dints.fits,seg004,4,169,60783.15939240438,TDB-MID,695.3721561717539,4.7940572342660515,1778,0.5866384887837632,1.4160575472955537,1539,1.200981195825949,1.1914736733485456
TOI-2076_b,NIRISS_SOSS,obs10,SOSS_HDU4_ordem_2,jw05959010001_04102_00001-seg004_nis_x1dints.fits,seg004,4,170,60783.15946947738,TDB-MID,473.9851930813581,4.793872832840938,1778,0.5866384887837632,1.4160575472955537,1540,0.8186225159266244,0.8121419215611746
TOI-2076_b,NIRISS_SOSS,obs10,SOSS_HDU4_ordem_2,jw05959010001_04102_00001-seg004_nis_x1dints.fits,seg004,4,171,60783.15954655039,TDB-MID,541.0909828289932,4.793933330381324,1778,0.5866384887837632,1.4160575472955537,1541,0.9345213060962634,0.9271232033164675
TOI-2076_b,NIRISS_SOSS,obs10,SOSS_HDU4_ordem_2,jw05959010001_04102_00001-seg004_nis_x1dints.fits,seg004,4,172,60783.1596236234,TDB-MID,986.6280414348817,4.794601615146306,1778,0.5866384887837632,1.4160575472955537,1542,1.7040108875817679,1.6905211494645263
TOI-2076_b,NIRISS_SOSS,obs10,SOSS_HDU4_ordem_2,jw05959010001_04102_00001-seg004_nis_x1dints.fits,seg004,4,173,60783.15970069641,TDB-MID,523.4997204893294,4.793828063175988,1778,0.5866384887837632,1.4160575472955537,1543,0.9041393371127956,0.896981752048033
TOI-2076_b,NIRISS_SOSS,obs10,SOSS_HDU4_ordem_2,jw05959010001_04102_00001-seg004_nis_x1dints.fits,seg004,4,174,60783.15977776942,TDB-MID,529.233922126376,4.793881680784782,1778,0.5866384887837632,1.4160575472955537,1544,0.914042909290722,0.9068069229692075
TOI-2076_b,NIRISS_SOSS,obs10,SOSS_HDU4_ordem_2,jw05959010001_04102_00001-seg004_nis_x1dints.fits,seg004,4,175,60783.15985484243,TDB-MID,701.3635883203838,4.794120749756497,1778,0.5866384887837632,1.4160575472955537,1545,1.21132903227972,1.2017395915441305
TOI-2076_b,NIRISS_SOSS,obs10,SOSS_HDU4_ordem_2,jw05959010001_04102_00001-seg004_nis_x1dints.fits,seg004,4,176,60783.159931915434,TDB-MID,520.8492206325246,4.793846799542512,1778,0.5866384887837632,1.4160575472955537,1546,0.8995616437736109,0.8924402978460373
TOI-2076_b,NIRISS_SOSS,obs10,SOSS_HDU4_ordem_2,jw05959010001_04102_00001-seg004_nis_x1dints.fits,seg004,4,177,60783.160008988445,TDB-MID,647.3168331823241,4.794014623047917,1778,0.5866384887837632,1.4160575472955537,1547,1.117984574869224,1.1091340920207817
TOI-2076_b,NIRISS_SOSS,obs10,SOSS_HDU4_ordem_2,jw05959010001_04102_00001-seg004_nis_x1dints.fits,seg004,4,178,60783.160086061456,TDB-MID,634.7088301843148,4.79400836472272,1778,0.5866384887837632,1.4160575472955537,1548,1.0962092213651555,1.0875311222839301
TOI-2076_b,NIRISS_SOSS,obs10,SOSS_HDU4_ordem_2,jw05959010001_04102_00001-seg004_nis_x1dints.fits,seg004,4,179,60783.16016313446,TDB-MID,239.62961545885184,4.793499037879286,1778,0.5866384887837632,1.4160575472955537,1549,0.41386566829690713,0.41058931629603146
TOI-2076_b,NIRISS_SOSS,obs10,SOSS_HDU4_ordem_2,jw05959010001_04102_00001-seg004_nis_x1dints.fits,seg004,4,180,60783.16024020747,TDB-MID,795.3585101206045,4.794188922692829,1778,0.5866384887837632,1.4160575472955537,1550,1.3736681949615708,1.3627936023488951
TOI-2076_b,NIRISS_SOSS,obs10,SOSS_HDU4_ordem_2,jw05959010001_04102_00001-seg004_nis_x1dints.fits,seg004,4,181,60783.16031728048,TDB-MID,653.1760777453168,4.7940133894882955,1778,0.5866384887837632,1.4160575472955537,1551,1.1281041093939306,1.1191735156309384
TOI-2076_b,NIRISS_SOSS,obs10,SOSS_HDU4_ordem_2,jw05959010001_04102_00001-seg004_nis_x1dints.fits,seg004,4,182,60783.16039435348,TDB-MID,428.7068180069534,4.793746065863354,1778,0.5866384887837632,1.4160575472955537,1552,0.7404219774677864,0.7345604547245455
TOI-2076_b,NIRISS_SOSS,obs10,SOSS_HDU4_ordem_2,jw05959010001_04102_00001-seg004_nis_x1dints.fits,seg004,4,183,60783.16047142649,TDB-MID,620.7185087817443,4.794020967351452,1778,0.5866384887837632,1.4160575472955537,1553,1.0720464579025666,1.0635596424297233
TOI-2076_b,NIRISS_SOSS,obs10,SOSS_HDU4_ordem_2,jw05959010001_04102_00001-seg004_nis_x1dints.fits,seg004,4,184,60783.1605484995,TDB-MID,356.901058646733,4.793633767520209,1778,0.5866384887837632,1.4160575472955537,1554,0.6164058431169488,0.6115260894380357
TOI-2076_b,NIRISS_SOSS,obs10,SOSS_HDU4_ordem_2,jw05959010001_04102_00001-seg004_nis_x1dints.fits,seg004,4,185,60783.160625572506,TDB-MID,564.4737968966039,4.7939230945211175,1778,0.5866384887837632,1.4160575472955537,1555,0.9749058969250033,0.9671880910504549
TOI-2076_b,NIRISS_SOSS,obs10,SOSS_HDU4_ordem_2,jw05959010001_04102_00001-seg004_nis_x1dints.fits,seg004,4,186,60783.16070264552,TDB-MID,685.6860388354048,4.794020254713795,1778,0.5866384887837632,1.4160575472955537,1556,1.184252247624224,1.174877159236217
TOI-2076_b,NIRISS_SOSS,obs10,SOSS_HDU4_ordem_2,jw05959010001_04102_00001-seg004_nis_x1dints.fits,seg004,4,187,60783.16077971853,TDB-MID,626.3751545550642,4.79396669887706,1778,0.5866384887837632,1.4160575472955537,1557,1.0818160829082701,1.073251926566427
TOI-2076_b,NIRISS_SOSS,obs10,SOSS_HDU4_ordem_2,jw05959010001_04102_00001-seg004_nis_x1dints.fits,seg004,4,188,60783.16085679153,TDB-MID,223.9781595049736,4.79368116912446,1778,0.5866384887837632,1.4160575472955537,1558,0.38683394992700587,0.38377159350815754
TOI-2076_b,NIRISS_SOSS,obs10,SOSS_HDU4_ordem_2,jw05959010001_04102_00001-seg004_nis_x1dints.fits,seg004,4,189,60783.16093386454,TDB-MID,684.8839411337968,4.794028837658348,1778,0.5866384887837632,1.4160575472955537,1559,1.1828669401334129,1.1735028184800662
TOI-2076_b,NIRISS_SOSS,obs10,SOSS_HDU4_ordem_2,jw05959010001_04102_00001-seg004_nis_x1dints.fits,seg004,4,190,60783.161010937554,TDB-MID,541.7022697626123,4.793874041383218,1778,0.5866384887837632,1.4160575472955537,1560,0.9355770632271966,0.9281706025857722
TOI-2076_b,NIRISS_SOSS,obs10,SOSS_HDU4_ordem_2,jw05959010001_04102_00001-seg004_nis_x1dints.fits,seg004,4,191,60783.16108801056,TDB-MID,583.7598871748726,4.793926623061002,1778,0.5866384887837632,1.4160575472955537,1561,1.0082150128561298,1.0002335166178036
TOI-2076_b,NIRISS_SOSS,obs10,SOSS_HDU4_ordem_2,jw05959010001_04102_00001-seg004_nis_x1dints.fits,seg004,4,192,60783.16116508357,TDB-MID,385.8661090678421,4.794278177325491,1778,0.5866384887837632,1.4160575472955537,1562,0.666431546020288,0.6611557657454095
TOI-2076_b,NIRISS_SOSS,obs10,SOSS_HDU4_ordem_2,jw05959010001_04102_00001-seg004_nis_x1dints.fits,seg004,4,193,60783.16124215658,TDB-MID,713.9985447546176,4.7942388248357135,1778,0.5866384887837632,1.4160575472955537,1563,1.2331509372164011,1.2233887441909284
TOI-2076_b,NIRISS_SOSS,obs10,SOSS_HDU4_ordem_2,jw05959010001_04102_00001-seg004_nis_x1dints.fits,seg004,4,194,60783.16131922958,TDB-MID,521.1871881553407,4.79384250304879,1778,0.5866384887837632,1.4160575472955537,1564,0.9001453493995831,0.8930193825883701
TOI-2076_b,NIRISS_SOSS,obs10,SOSS_HDU4_ordem_2,jw05959010001_04102_00001-seg004_nis_x1dints.fits,seg004,4,195,60783.16139630259,TDB-MID,639.682795952075,4.794926306310987,1778,0.5866384887837632,1.4160575472955537,1565,1.1047997858603587,1.0960536798983298
TOI-2076_b,NIRISS_SOSS,obs10,SOSS_HDU4_ordem_2,jw05959010001_04102_00001-seg004_nis_x1dints.fits,seg004,4,196,60783.1614733756,TDB-MID,359.92305371289694,4.79372701959656,1778,0.5866384887837632,1.4160575472955537,1566,0.6216251479397397,0.6167040758304534
TOI-2076_b,NIRISS_SOSS,obs10,SOSS_HDU4_ordem_2,jw05959010001_04102_00001-seg004_nis_x1dints.fits,seg004,4,197,60783.1615504486,TDB-MID,543.1002380000763,4.794039129924329,1778,0.5866384887837632,1.4160575472955537,1567,0.9379915021009059,0.9305659276449256
TOI-2076_b,NIRISS_SOSS,obs10,SOSS_HDU4_ordem_2,jw05959010001_04102_00001-seg004_nis_x1dints.fits,seg004,4,198,60783.161627521615,TDB-MID,819.6730583522044,4.794977993917838,1778,0.5866384887837632,1.4160575472955537,1568,1.415661989150739,1.4044549542454172
TOI-2076_b,NIRISS_SOSS,obs10,SOSS_HDU4_ordem_2,jw05959010001_04102_00001-seg004_nis_x1dints.fits,seg004,4,199,60783.161704594626,TDB-MID,802.1459180930693,4.794254611895805,1778,0.5866384887837632,1.4160575472955537,1569,1.3853907657763218,1.3744233718725838
TOI-2076_b,NIRISS_SOSS,obs10,SOSS_HDU4_ordem_2,jw05959010001_04102_00001-seg004_nis_x1dints.fits,seg004,4,200,60783.16178166763,TDB-MID,797.3018004157632,4.794731505228669,1778,0.5866384887837632,1.4160575472955537,1570,1.3770244626547803,1.3661233002751139
TOI-2076_b,NIRISS_SOSS,obs10,SOSS_HDU4_ordem_2,jw05959010001_04102_00001-seg004_nis_x1dints.fits,seg004,4,201,60783.16185874064,TDB-MID,853.3590763642346,4.794272264775866,1778,0.5866384887837632,1.4160575472955537,1571,1.4738413019627836,1.4621736927152467
TOI-2076_b,NIRISS_SOSS,obs10,SOSS_HDU4_ordem_2,jw05959010001_04102_00001-seg004_nis_x1dints.fits,seg004,4,202,60783.16193581365,TDB-MID,627.2441161658808,4.793905871853502,1778,0.5866384887837632,1.4160575472955537,1572,1.083316871436,1.0747408341582099
TOI-2076_b,NIRISS_SOSS,obs10,SOSS_HDU4_ordem_2,jw05959010001_04102_00001-seg004_nis_x1dints.fits,seg004,4,203,60783.162012886656,TDB-MID,742.0047120091867,4.7940715436639065,1778,0.5866384887837632,1.4160575472955537,1573,1.2815205475629885,1.2713754383360034
TOI-2076_b,NIRISS_SOSS,obs10,SOSS_HDU4_ordem_2,jw05959010001_04102_00001-seg004_nis_x1dints.fits,seg004,4,204,60783.16208995967,TDB-MID,652.3150652462427,4.794048723374924,1778,0.5866384887837632,1.4160575472955537,1574,1.1266170498221872,1.1176982283103782
TOI-2076_b,NIRISS_SOSS,obs10,SOSS_HDU4_ordem_2,jw05959010001_04102_00001-seg004_nis_x1dints.fits,seg004,4,205,60783.16216703267,TDB-MID,685.0568048737055,4.794110934386785,1778,0.5866384887837632,1.4160575472955537,1575,1.1831654940792788,1.173799008934846
TOI-2076_b,NIRISS_SOSS,obs10,SOSS_HDU4_ordem_2,jw05959010001_04102_00001-seg004_nis_x1dints.fits,seg004,4,206,60783.16224410568,TDB-MID,699.0837253624295,4.794057811521379,1778,0.5866384887837632,1.4160575472955537,1576,1.207391468031193,1.197833198874916
TOI-2076_b,NIRISS_SOSS,obs10,SOSS_HDU4_ordem_2,jw05959010001_04102_00001-seg004_nis_x1dints.fits,seg004,4,207,60783.16232117869,TDB-MID,696.2960823918655,4.794057876447163,1778,0.5866384887837632,1.4160575472955537,1577,1.202576914042211,1.1930567591215508
TOI-2076_b,NIRISS_SOSS,obs10,SOSS_HDU4_ordem_2,jw05959010001_04102_00001-seg004_nis_x1dints.fits,seg004,4,208,60783.16239825169,TDB-MID,713.9810599870626,4.794744980777822,1778,0.5866384887837632,1.4160575472955537,1578,1.2331207391751644,1.2233587852113497
TOI-2076_b,NIRISS_SOSS,obs10,SOSS_HDU4_ordem_2,jw05959010001_04102_00001-seg004_nis_x1dints.fits,seg004,4,209,60783.1624753247,TDB-MID,700.2768088448893,4.794031515676575,1778,0.5866384887837632,1.4160575472955537,1579,1.209452049282207,1.1998774676119386
TOI-2076_b,NIRISS_SOSS,obs10,SOSS_HDU4_ordem_2,jw05959010001_04102_00001-seg004_nis_x1dints.fits,seg004,4,210,60783.16255239771,TDB-MID,592.9489885171843,4.794015564130439,1778,0.5866384887837632,1.4160575472955537,1580,1.0240855619149412,1.0159784270717562
TOI-2076_b,NIRISS_SOSS,obs10,SOSS_HDU4_ordem_2,jw05959010001_04102_00001-seg004_nis_x1dints.fits,seg004,4,211,60783.16262947072,TDB-MID,1134.0587344027451,4.7946469287351485,1778,0.5866384887837632,1.4160575472955537,1581,1.958639273792647,1.9431337796305157
TOI-2076_b,NIRISS_SOSS,obs10,SOSS_HDU4_ordem_2,jw05959010001_04102_00001-seg004_nis_x1dints.fits,seg004,4,212,60783.16270654373,TDB-MID,658.8455472213611,4.794018901289153,1778,0.5866384887837632,1.4160575472955537,1582,1.1378958822893592,1.1288877723244313
TOI-2076_b,NIRISS_SOSS,obs10,SOSS_HDU4_ordem_2,jw05959010001_04102_00001-seg004_nis_x1dints.fits,seg004,4,213,60783.16278361674,TDB-MID,983.102726576132,4.7944904880694965,1778,0.5866384887837632,1.4160575472955537,1583,1.697922296289829,1.6844807582766066
TOI-2076_b,NIRISS_SOSS,obs10,SOSS_HDU4_ordem_2,jw05959010001_04102_00001-seg004_nis_x1dints.fits,seg004,4,214,60783.16286068974,TDB-MID,312.2024028608297,4.79366762445038,1778,0.5866384887837632,1.4160575472955537,1584,0.5392065411300753,0.5349379328224894
TOI-2076_b,NIRISS_SOSS,obs10,SOSS_HDU4_ordem_2,jw05959010001_04102_00001-seg004_nis_x1dints.fits,seg004,4,215,60783.162937762754,TDB-MID,185.82564181839578,4.793424021543504,1778,0.5866384887837632,1.4160575472955537,1585,0.320940520188241,0.3183998066281917
TOI-2076_b,NIRISS_SOSS,obs10,SOSS_HDU4_ordem_2,jw05959010001_04102_00001-seg004_nis_x1dints.fits,seg004,4,216,60783.163014835765,TDB-MID,971.6494131191146,4.794498712816466,1778,0.5866384887837632,1.4160575472955537,1586,1.6781412136426535,1.664856271826398
TOI-2076_b,NIRISS_SOSS,obs10,SOSS_HDU4_ordem_2,jw05959010001_04102_00001-seg004_nis_x1dints.fits,seg004,4,217,60783.16309190877,TDB-MID,383.59715146054003,4.794082893605781,1778,0.5866384887837632,1.4160575472955537,1587,0.662512816464739,0.6572680586650348
TOI-2076_b,NIRISS_SOSS,obs10,SOSS_HDU4_ordem_2,jw05959010001_04102_00001-seg004_nis_x1dints.fits,seg004,4,218,60783.16316898177,TDB-MID,432.5535194127659,4.7937752292738125,1778,0.5866384887837632,1.4160575472955537,1588,0.7470656372884091,0.7411515202620135
TOI-2076_b,NIRISS_SOSS,obs10,SOSS_HDU4_ordem_2,jw05959010001_04102_00001-seg004_nis_x1dints.fits,seg004,4,219,60783.16324605478,TDB-MID,453.8838443384617,4.793833317165662,1778,0.5866384887837632,1.4160575472955537,1589,0.7839053624762131,0.7776996051506173
TOI-2076_b,NIRISS_SOSS,obs10,SOSS_HDU4_ordem_2,jw05959010001_04102_00001-seg004_nis_x1dints.fits,seg004,4,220,60783.16332312779,TDB-MID,766.2515613011553,4.794193072678783,1778,0.5866384887837632,1.4160575472955537,1590,1.3233974185294577,1.3129207926281226
TOI-2076_b,NIRISS_SOSS,obs10,SOSS_HDU4_ordem_2,jw05959010001_04102_00001-seg004_nis_x1dints.fits,seg004,4,221,60783.1634002008,TDB-MID,461.91172814764553,4.7938060413267785,1778,0.5866384887837632,1.4160575472955537,1591,0.7977703661458798,0.7914548470400856
TOI-2076_b,NIRISS_SOSS,obs10,SOSS_HDU4_ordem_2,jw05959010001_04102_00001-seg004_nis_x1dints.fits,seg004,4,222,60783.1634772738,TDB-MID,464.2503496114813,4.793764224774558,1778,0.5866384887837632,1.4160575472955537,1592,0.8018094125432567,0.7954619184785341
TOI-2076_b,NIRISS_SOSS,obs10,SOSS_HDU4_ordem_2,jw05959010001_04102_00001-seg004_nis_x1dints.fits,seg004,4,223,60783.163554346815,TDB-MID,924.6917324550301,4.794364586063638,1778,0.5866384887837632,1.4160575472955537,1593,1.5970403369730448,1.5843974271973853
TOI-2076_b,NIRISS_SOSS,obs10,SOSS_HDU4_ordem_2,jw05959010001_04102_00001-seg004_nis_x1dints.fits,seg004,4,224,60783.163631419826,TDB-MID,573.8884239746786,4.794225742816756,1778,0.5866384887837632,1.4160575472955537,1594,0.9911659527614766,0.9833194247663103
TOI-2076_b,NIRISS_SOSS,obs10,SOSS_HDU4_ordem_2,jw05959010001_04102_00001-seg004_nis_x1dints.fits,seg004,4,225,60783.16370849283,TDB-MID,675.1929490244045,4.794017117325352,1778,0.5866384887837632,1.4160575472955537,1595,1.16612957268351,1.1568979517702211
TOI-2076_b,NIRISS_SOSS,obs10,SOSS_HDU4_ordem_2,jw05959010001_04102_00001-seg004_nis_x1dints.fits,seg004,4,226,60783.16378556584,TDB-MID,460.90475992331875,4.793807955979763,1778,0.5866384887837632,1.4160575472955537,1596,0.796031225613034,0.7897294743478728
TOI-2076_b,NIRISS_SOSS,obs10,SOSS_HDU4_ordem_2,jw05959010001_04102_00001-seg004_nis_x1dints.fits,seg004,4,227,60783.16386263885,TDB-MID,619.10145654368,4.794307472190081,1778,0.5866384887837632,1.4160575472955537,1597,1.0692536378085393,1.0607889315909549
TOI-2076_b,NIRISS_SOSS,obs10,SOSS_HDU4_ordem_2,jw05959010001_04102_00001-seg004_nis_x1dints.fits,seg004,4,228,60783.163939711856,TDB-MID,369.34014381443694,4.7936224100126354,1778,0.5866384887837632,1.4160575472955537,1598,0.6378894576780128,0.6328396297722548
TOI-2076_b,NIRISS_SOSS,obs10,SOSS_HDU4_ordem_2,jw05959010001_04102_00001-seg004_nis_x1dints.fits,seg004,4,229,60783.16401678487,TDB-MID,576.9635923762573,4.793941904092487,1778,0.5866384887837632,1.4160575472955537,1599,0.9964770935535189,0.9885885201119821
TOI-2076_b,NIRISS_SOSS,obs10,SOSS_HDU4_ordem_2,jw05959010001_04102_00001-seg004_nis_x1dints.fits,seg004,4,230,60783.16409385787,TDB-MID,490.103726388023,4.79382035567841,1778,0.5866384887837632,1.4160575472955537,1600,0.8464609262422906,0.839759950148358
TOI-2076_b,NIRISS_SOSS,obs10,SOSS_HDU4_ordem_2,jw05959010001_04102_00001-seg004_nis_x1dints.fits,seg004,4,231,60783.164170930875,TDB-MID,499.2625765450503,4.793773960692158,1778,0.5866384887837632,1.4160575472955537,1601,0.86227922830738,0.8554530272199498
TOI-2076_b,NIRISS_SOSS,obs10,SOSS_HDU4_ordem_2,jw05959010001_04102_00001-seg004_nis_x1dints.fits,seg004,4,232,60783.164248003886,TDB-MID,1020.4567815254483,4.795241781386069,1778,0.5866384887837632,1.4160575472955537,1602,1.7624366965053266,1.7484844326686717
TOI-2076_b,NIRISS_SOSS,obs10,SOSS_HDU4_ordem_2,jw05959010001_04102_00001-seg004_nis_x1dints.fits,seg004,4,233,60783.16432507689,TDB-MID,692.8388137736619,4.7941187142675865,1778,0.5866384887837632,1.4160575472955537,1603,1.1966058457983508,1.1871329606149186
TOI-2076_b,NIRISS_SOSS,obs10,SOSS_HDU4_ordem_2,jw05959010001_04102_00001-seg004_nis_x1dints.fits,seg004,4,234,60783.1644021499,TDB-MID,729.7436832321796,4.794144938509622,1778,0.5866384887837632,1.4160575472955537,1604,1.2603444552044252,1.2503669857163322
TOI-2076_b,NIRISS_SOSS,obs10,SOSS_HDU4_ordem_2,jw05959010001_04102_00001-seg004_nis_x1dints.fits,seg004,4,235,60783.16447922291,TDB-MID,590.690060522728,4.793993543858677,1778,0.5866384887837632,1.4160575472955537,1605,1.0201841545606372,1.0121079050620716
TOI-2076_b,NIRISS_SOSS,obs10,SOSS_HDU4_ordem_2,jw05959010001_04102_00001-seg004_nis_x1dints.fits,seg004,4,236,60783.16455629592,TDB-MID,508.1298886193757,4.793898039362228,1778,0.5866384887837632,1.4160575472955537,1606,0.8775940132959162,0.8706465732889914
TOI-2076_b,NIRISS_SOSS,obs10,SOSS_HDU4_ordem_2,jw05959010001_04102_00001-seg004_nis_x1dints.fits,seg004,4,237,60783.16463336893,TDB-MID,34.12572993960188,4.793265669957092,1778,0.5866384887837632,1.4160575472955537,1607,0.058938741776674616,0.05847215544361698
TOI-2076_b,NIRISS_SOSS,obs10,SOSS_HDU4_ordem_2,jw05959010001_04102_00001-seg004_nis_x1dints.fits,seg004,4,238,60783.16471044193,TDB-MID,645.1348575366577,4.794063445888932,1778,0.5866384887837632,1.4160575472955537,1608,1.1142160723530716,1.105395422713095
TOI-2076_b,NIRISS_SOSS,obs10,SOSS_HDU4_ordem_2,jw05959010001_04102_00001-seg004_nis_x1dints.fits,seg004,4,239,60783.16478751494,TDB-MID,912.1848056900226,4.79435113559442,1778,0.5866384887837632,1.4160575472955537,1609,1.575439552804407,1.5629676448243848
TOI-2076_b,NIRISS_SOSS,obs10,SOSS_HDU4_ordem_2,jw05959010001_04102_00001-seg004_nis_x1dints.fits,seg004,4,240,60783.164864587954,TDB-MID,643.7465221230751,4.7940677847172495,1778,0.5866384887837632,1.4160575472955537,1610,1.1118182703841357,1.1030166028532837
TOI-2076_b,NIRISS_SOSS,obs10,SOSS_HDU4_ordem_2,jw05959010001_04102_00001-seg004_nis_x1dints.fits,seg004,4,241,60783.16494166096,TDB-MID,661.1558360127052,4.7941094490475535,1778,0.5866384887837632,1.4160575472955537,1611,1.1418859951673423,1.1328462976238522
TOI-2076_b,NIRISS_SOSS,obs10,SOSS_HDU4_ordem_2,jw05959010001_04102_00001-seg004_nis_x1dints.fits,seg004,4,242,60783.16501873396,TDB-MID,625.8854399788041,4.794116724120517,1778,0.5866384887837632,1.4160575472955537,1612,1.0809702940854213,1.0724128333989913
TOI-2076_b,NIRISS_SOSS,obs10,SOSS_HDU4_ordem_2,jw05959010001_04102_00001-seg004_nis_x1dints.fits,seg004,4,243,60783.16509580697,TDB-MID,424.4560498000316,4.7957110309442985,1778,0.5866384887837632,1.4160575472955537,1613,0.7330804515826647,0.7272770477530369
TOI-2076_b,NIRISS_SOSS,obs10,SOSS_HDU4_ordem_2,jw05959010001_04102_00001-seg004_nis_x1dints.fits,seg004,4,244,60783.16517287998,TDB-MID,422.99275254813864,4.793771846064568,1778,0.5866384887837632,1.4160575472955537,1614,0.7305531825975182,0.724769785797781
TOI-2076_b,NIRISS_SOSS,obs10,SOSS_HDU4_ordem_2,jw05959010001_04102_00001-seg004_nis_x1dints.fits,seg004,4,245,60783.16524995299,TDB-MID,486.31596703487526,4.7937414457306415,1778,0.5866384887837632,1.4160575472955537,1615,0.8399190655752082,0.8332698778752592
TOI-2076_b,NIRISS_SOSS,obs10,SOSS_HDU4_ordem_2,jw05959010001_04102_00001-seg004_nis_x1dints.fits,seg004,4,246,60783.16532702599,TDB-MID,800.5283557399696,4.794619878325972,1778,0.5866384887837632,1.4160575472955537,1616,1.382597064659723,1.3716517869858256
TOI-2076_b,NIRISS_SOSS,obs10,SOSS_HDU4_ordem_2,jw05959010001_04102_00001-seg004_nis_x1dints.fits,seg004,4,247,60783.165404099,TDB-MID,544.6934139434663,4.793965561099898,1778,0.5866384887837632,1.4160575472955537,1617,0.9407430853109491,0.9332957280499516
TOI-2076_b,NIRISS_SOSS,obs10,SOSS_HDU4_ordem_2,jw05959010001_04102_00001-seg004_nis_x1dints.fits,seg004,4,248,60783.165481172015,TDB-MID,236.83706676347452,4.7935526856568975,1778,0.5866384887837632,1.4160575472955537,1618,0.40904264160276943,0.40580447091136224
TOI-2076_b,NIRISS_SOSS,obs10,SOSS_HDU4_ordem_2,jw05959010001_04102_00001-seg004_nis_x1dints.fits,seg004,4,249,60783.16555824502,TDB-MID,407.3924821267407,4.793743985059084,1778,0.5866384887837632,1.4160575472955537,1619,0.7036098670511433,0.698039765995805
TOI-2076_b,NIRISS_SOSS,obs10,SOSS_HDU4_ordem_2,jw05959010001_04102_00001-seg004_nis_x1dints.fits,seg004,4,250,60783.16563531803,TDB-MID,792.6043856895935,4.794251784019276,1778,0.5866384887837632,1.4160575472955537,1620,1.3689115310324043,1.3580745943708634
TOI-2076_b,NIRISS_SOSS,obs10,SOSS_HDU4_ordem_2,jw05959010001_04102_00001-seg004_nis_x1dints.fits,seg004,4,251,60783.16571239103,TDB-MID,545.5574401441451,4.793861017819106,1778,0.5866384887837632,1.4160575472955537,1621,0.9422353498638308,0.9347761791466128
TOI-2076_b,NIRISS_SOSS,obs10,SOSS_HDU4_ordem_2,jw05959010001_04102_00001-seg004_nis_x1dints.fits,seg004,4,252,60783.165789464045,TDB-MID,89.02224156640801,4.793325901368919,1778,0.5866384887837632,1.4160575472955537,1622,0.15375081843962113,0.15253365586678955
TOI-2076_b,NIRISS_SOSS,obs10,SOSS_HDU4_ordem_2,jw05959010001_04102_00001-seg004_nis_x1dints.fits,seg004,4,253,60783.165866537056,TDB-MID,328.63216522242254,4.793699806313371,1778,0.5866384887837632,1.4160575472955537,1623,0.5675824769121348,0.5630892315759235
TOI-2076_b,NIRISS_SOSS,obs10,SOSS_HDU4_ordem_2,jw05959010001_04102_00001-seg004_nis_x1dints.fits,seg004,4,254,60783.16594361006,TDB-MID,669.1904782606441,4.79412558257942,1778,0.5866384887837632,1.4160575472955537,1624,1.155762671374924,1.1466131196460279
TOI-2076_b,NIRISS_SOSS,obs10,SOSS_HDU4_ordem_2,jw05959010001_04102_00001-seg004_nis_x1dints.fits,seg004,4,255,60783.166020683064,TDB-MID,457.21751302927913,4.793908767001643,1778,0.5866384887837632,1.4160575472955537,1625,0.7896629605842923,0.7834116234497714
TOI-2076_b,NIRISS_SOSS,obs10,SOSS_HDU4_ordem_2,jw05959010001_04102_00001-seg004_nis_x1dints.fits,seg004,4,256,60783.16609775607,TDB-MID,412.673811448538,4.793856090607934,1778,0.5866384887837632,1.4160575472955537,1626,0.712731280884222,0.7070889704992579
TOI-2076_b,NIRISS_SOSS,obs10,SOSS_HDU4_ordem_2,jw05959010001_04102_00001-seg004_nis_x1dints.fits,seg004,4,257,60783.16617482908,TDB-MID,366.7037477700612,4.7937319353368615,1778,0.5866384887837632,1.4160575472955537,1627,0.6333361231132864,0.6283223415093954
TOI-2076_b,NIRISS_SOSS,obs10,SOSS_HDU4_ordem_2,jw05959010001_04102_00001-seg004_nis_x1dints.fits,seg004,4,258,60783.16625190209,TDB-MID,802.7645008490308,4.794230430668847,1778,0.5866384887837632,1.4160575472955537,1628,1.3864591235634123,1.375483272045425
TOI-2076_b,NIRISS_SOSS,obs10,SOSS_HDU4_ordem_2,jw05959010001_04102_00001-seg004_nis_x1dints.fits,seg004,4,259,60783.166328975094,TDB-MID,299.11512088506333,4.793519251059644,1778,0.5866384887837632,1.4160575472955537,1629,0.5166034221845345,0.5125137506181574
TOI-2076_b,NIRISS_SOSS,obs10,SOSS_HDU4_ordem_2,jw05959010001_04102_00001-seg004_nis_x1dints.fits,seg004,4,260,60783.166406048105,TDB-MID,564.9508971363144,4.7945039478861515,1778,0.5866384887837632,1.4160575472955537,1630,0.9757298994556352,0.9680055703960372
TOI-2076_b,NIRISS_SOSS,obs10,SOSS_HDU4_ordem_2,jw05959010001_04102_00001-seg004_nis_x1dints.fits,seg004,4,261,60783.16648312111,TDB-MID,421.78751726494,4.794027167490103,1778,0.5866384887837632,1.4160575472955537,1631,0.7284716139025099,0.7227046957630754
TOI-2076_b,NIRISS_SOSS,obs10,SOSS_HDU4_ordem_2,jw05959010001_04102_00001-seg004_nis_x1dints.fits,seg004,4,262,60783.16656019412,TDB-MID,844.3985878715678,4.7948678766873885,1778,0.5866384887837632,1.4160575472955537,1632,1.4583655914535327,1.446820495086324
TOI-2076_b,NIRISS_SOSS,obs10,SOSS_HDU4_ordem_2,jw05959010001_04102_00001-seg004_nis_x1dints.fits,seg004,4,263,60783.16663726713,TDB-MID,872.2390711923523,4.794389013317856,1778,0.5866384887837632,1.4160575472955537,1633,1.5064490481381423,1.4945233008941263
TOI-2076_b,NIRISS_SOSS,obs10,SOSS_HDU4_ordem_2,jw05959010001_04102_00001-seg004_nis_x1dints.fits,seg004,4,264,60783.166714340136,TDB-MID,615.4335808481419,4.794230786218496,1778,0.5866384887837632,1.4160575472955537,1634,1.062918828886624,1.054504271945668
TOI-2076_b,NIRISS_SOSS,obs10,SOSS_HDU4_ordem_2,jw05959010001_04102_00001-seg004_nis_x1dints.fits,seg004,4,265,60783.16679141315,TDB-MID,412.54441493829245,4.793748814632529,1778,0.5866384887837632,1.4160575472955537,1635,0.7125077994373001,0.7068672582348073
TOI-2076_b,NIRISS_SOSS,obs10,SOSS_HDU4_ordem_2,jw05959010001_04102_00001-seg004_nis_x1dints.fits,seg004,4,266,60783.16686848615,TDB-MID,92.11498591283245,4.793312313881104,1778,0.5866384887837632,1.4160575472955537,1636,0.15909231474571617,0.15783286641822858
TOI-2076_b,NIRISS_SOSS,obs10,SOSS_HDU4_ordem_2,jw05959010001_04102_00001-seg004_nis_x1dints.fits,seg004,4,267,60783.166945559155,TDB-MID,513.3811113458721,4.793790334920982,1778,0.5866384887837632,1.4160575472955537,1637,0.8866634298574536,0.8796441921553481
TOI-2076_b,NIRISS_SOSS,obs10,SOSS_HDU4_ordem_2,jw05959010001_04102_00001-seg004_nis_x1dints.fits,seg004,4,268,60783.167022632166,TDB-MID,540.1815468465898,4.793942278251479,1778,0.5866384887837632,1.4160575472955537,1638,0.9329506140517515,0.9255649455964647
TOI-2076_b,NIRISS_SOSS,obs10,SOSS_HDU4_ordem_2,jw05959010001_04102_00001-seg004_nis_x1dints.fits,seg004,4,269,60783.16709970517,TDB-MID,607.9995372836747,4.79390274457102,1778,0.5866384887837632,1.4160575472955537,1639,1.0500794500725106,1.0417665355911496
TOI-2076_b,NIRISS_SOSS,obs10,SOSS_HDU4_ordem_2,jw05959010001_04102_00001-seg004_nis_x1dints.fits,seg004,4,270,60783.16717677818,TDB-MID,470.6931219824744,4.793837503421755,1778,0.5866384887837632,1.4160575472955537,1640,0.8129367612555605,0.806501177953168
TOI-2076_b,NIRISS_SOSS,obs10,SOSS_HDU4_ordem_2,jw05959010001_04102_00001-seg004_nis_x1dints.fits,seg004,4,271,60783.167253851185,TDB-MID,232.81911720547407,4.7935456005016155,1778,0.5866384887837632,1.4160575472955537,1641,0.4021032181269985,0.3989199831206007
TOI-2076_b,NIRISS_SOSS,obs10,SOSS_HDU4_ordem_2,jw05959010001_04102_00001-seg004_nis_x1dints.fits,seg004,4,272,60783.167330924196,TDB-MID,377.53812612314266,4.7936865288027075,1778,0.5866384887837632,1.4160575472955537,1642,0.652048239431186,0.6468863240620782
TOI-2076_b,NIRISS_SOSS,obs10,SOSS_HDU4_ordem_2,jw05959010001_04102_00001-seg004_nis_x1dints.fits,seg004,4,273,60783.16740799721,TDB-MID,696.73944259473,4.794111255620038,1778,0.5866384887837632,1.4160575472955537,1643,1.203342643963796,1.1938164271710046
TOI-2076_b,NIRISS_SOSS,obs10,SOSS_HDU4_ordem_2,jw05959010001_04102_00001-seg004_nis_x1dints.fits,seg004,4,274,60783.16748507021,TDB-MID,611.065827689304,4.794047227839999,1778,0.5866384887837632,1.4160575472955537,1644,1.0553752576273832,1.047020419084647
TOI-2076_b,NIRISS_SOSS,obs10,SOSS_HDU4_ordem_2,jw05959010001_04102_00001-seg004_nis_x1dints.fits,seg004,4,275,60783.16756214322,TDB-MID,458.19597119134875,4.794061140886543,1778,0.5866384887837632,1.4160575472955537,1645,0.791352861226874,0.7850881460574598
TOI-2076_b,NIRISS_SOSS,obs10,SOSS_HDU4_ordem_2,jw05959010001_04102_00001-seg004_nis_x1dints.fits,seg004,4,276,60783.167639216226,TDB-MID,848.3649363054747,4.794363686931729,1778,0.5866384887837632,1.4160575472955537,1646,1.4652158943351443,1.4536165678027586
TOI-2076_b,NIRISS_SOSS,obs10,SOSS_HDU4_ordem_2,jw05959010001_04102_00001-seg004_nis_x1dints.fits,seg004,4,277,60783.16771628924,TDB-MID,570.646330799324,4.793956894245408,1778,0.5866384887837632,1.4160575472955537,1647,0.9855665152456684,0.9777643149870456
TOI-2076_b,NIRISS_SOSS,obs10,SOSS_HDU4_ordem_2,jw05959010001_04102_00001-seg004_nis_x1dints.fits,seg004,4,278,60783.16779336225,TDB-MID,356.4872263998,4.793717399891566,1778,0.5866384887837632,1.4160575472955537,1648,0.6156911110955675,0.6108170155658262
TOI-2076_b,NIRISS_SOSS,obs10,SOSS_HDU4_ordem_2,jw05959010001_04102_00001-seg004_nis_x1dints.fits,seg004,4,279,60783.167870435245,TDB-MID,437.79175219233093,4.793741260421028,1778,0.5866384887837632,1.4160575472955537,1649,0.7561126188389082,0.7501268817232531
TOI-2076_b,NIRISS_SOSS,obs10,SOSS_HDU4_ordem_2,jw05959010001_04102_00001-seg004_nis_x1dints.fits,seg004,4,280,60783.16794750826,TDB-MID,712.900113472494,4.794046983940399,1778,0.5866384887837632,1.4160575472955537,1650,1.2312538303175573,1.221506655667514
TOI-2076_b,NIRISS_SOSS,obs10,SOSS_HDU4_ordem_2,jw05959010001_04102_00001-seg004_nis_x1dints.fits,seg004,4,281,60783.16802458126,TDB-MID,784.3682431566111,4.794356768818504,1778,0.5866384887837632,1.4160575472955537,1651,1.3546868425393968,1.3439625150894334
TOI-2076_b,NIRISS_SOSS,obs10,SOSS_HDU4_ordem_2,jw05959010001_04102_00001-seg004_nis_x1dints.fits,seg004,4,282,60783.16810165427,TDB-MID,507.3446370952224,4.793996895501565,1778,0.5866384887837632,1.4160575472955537,1652,0.8762378009337566,0.8693010973310005
TOI-2076_b,NIRISS_SOSS,obs10,SOSS_HDU4_ordem_2,jw05959010001_04102_00001-seg004_nis_x1dints.fits,seg004,4,283,60783.168178727276,TDB-MID,479.81910491968324,4.7937280904206325,1778,0.5866384887837632,1.4160575472955537,1653,0.828698298158843,0.8221379392422219
TOI-2076_b,NIRISS_SOSS,obs10,SOSS_HDU4_ordem_2,jw05959010001_04102_00001-seg004_nis_x1dints.fits,seg004,4,284,60783.16825580029,TDB-MID,489.9867065188089,4.79384159713408,1778,0.5866384887837632,1.4160575472955537,1654,0.846258820562308,0.8395594444303913
TOI-2076_b,NIRISS_SOSS,obs10,SOSS_HDU4_ordem_2,jw05959010001_04102_00001-seg004_nis_x1dints.fits,seg004,4,285,60783.1683328733,TDB-MID,591.095099253676,4.79390836442763,1778,0.5866384887837632,1.4160575472955537,1655,1.0208836992506745,1.0128019118328746
TOI-2076_b,NIRISS_SOSS,obs10,SOSS_HDU4_ordem_2,jw05959010001_04102_00001-seg004_nis_x1dints.fits,seg004,4,286,60783.1684099463,TDB-MID,641.1438661100624,4.794179131366449,1778,0.5866384887837632,1.4160575472955537,1656,1.1073232084189861,1.0985571258771578
TOI-2076_b,NIRISS_SOSS,obs10,SOSS_HDU4_ordem_2,jw05959010001_04102_00001-seg004_nis_x1dints.fits,seg004,4,287,60783.16848701931,TDB-MID,588.2264274949987,4.793954251652852,1778,0.5866384887837632,1.4160575472955537,1657,1.0159291999820592,1.00788663467142
TOI-2076_b,NIRISS_SOSS,obs10,SOSS_HDU4_ordem_2,jw05959010001_04102_00001-seg004_nis_x1dints.fits,seg004,4,288,60783.16856409232,TDB-MID,583.4873155559501,4.7938984050524525,1778,0.5866384887837632,1.4160575472955537,1658,1.0077442528667682,0.9997664833821963
TOI-2076_b,NIRISS_SOSS,obs10,SOSS_HDU4_ordem_2,jw05959010001_04102_00001-seg004_nis_x1dints.fits,seg004,4,289,60783.16864116533,TDB-MID,471.24728185119545,4.793808462807452,1778,0.5866384887837632,1.4160575472955537,1659,0.8138938539086217,0.80745069381823
TOI-2076_b,NIRISS_SOSS,obs10,SOSS_HDU4_ordem_2,jw05959010001_04102_00001-seg004_nis_x1dints.fits,seg004,4,290,60783.16871823834,TDB-MID,423.99209684437955,4.794288493155782,1778,0.5866384887837632,1.4160575472955537,1660,0.7322791558009158,0.7264820953992139
TOI-2076_b,NIRISS_SOSS,obs10,SOSS_HDU4_ordem_2,jw05959010001_04102_00001-seg004_nis_x1dints.fits,seg004,4,291,60783.168795311336,TDB-MID,279.9570295574682,4.793518031447684,1778,0.5866384887837632,1.4160575472955537,1661,0.48351537396726463,0.47968764269042113
TOI-2076_b,NIRISS_SOSS,obs10,SOSS_HDU4_ordem_2,jw05959010001_04102_00001-seg004_nis_x1dints.fits,seg004,4,292,60783.16887238435,TDB-MID,398.7393571554515,4.793876158337204,1778,0.5866384887837632,1.4160575472955537,1662,0.6886650058233614,0.6832132151999756
TOI-2076_b,NIRISS_SOSS,obs10,SOSS_HDU4_ordem_2,jw05959010001_04102_00001-seg004_nis_x1dints.fits,seg004,4,293,60783.16894945735,TDB-MID,838.6628340860661,4.79475186904012,1778,0.5866384887837632,1.4160575472955537,1663,1.448459338551204,1.4369926646626012
TOI-2076_b,NIRISS_SOSS,obs10,SOSS_HDU4_ordem_2,jw05959010001_04102_00001-seg004_nis_x1dints.fits,seg004,4,294,60783.16902653036,TDB-MID,288.5080161229746,4.793754248253901,1778,0.5866384887837632,1.4160575472955537,1664,0.4982838313749796,0.4943391861603922
TOI-2076_b,NIRISS_SOSS,obs10,SOSS_HDU4_ordem_2,jw05959010001_04102_00001-seg004_nis_x1dints.fits,seg004,4,295,60783.169103603366,TDB-MID,468.89698221067556,4.793913886583184,1778,0.5866384887837632,1.4160575472955537,1665,0.8098346380660425,0.8034236126052337
TOI-2076_b,NIRISS_SOSS,obs10,SOSS_HDU4_ordem_2,jw05959010001_04102_00001-seg004_nis_x1dints.fits,seg004,4,296,60783.16918067638,TDB-MID,734.5426174744996,4.794179691880702,1778,0.5866384887837632,1.4160575472955537,1666,1.2686327217590727,1.2585896385204558
TOI-2076_b,NIRISS_SOSS,obs10,SOSS_HDU4_ordem_2,jw05959010001_04102_00001-seg004_nis_x1dints.fits,seg004,4,297,60783.16925774939,TDB-MID,228.47261893846417,4.794745212683864,1778,0.5866384887837632,1.4160575472955537,1667,0.3945963563120143,0.3914725490949014
TOI-2076_b,NIRISS_SOSS,obs10,SOSS_HDU4_ordem_2,jw05959010001_04102_00001-seg004_nis_x1dints.fits,seg004,4,298,60783.16933482239,TDB-MID,403.07074147808737,4.793715473731195,1778,0.5866384887837632,1.4160575472955537,1668,0.6961457642592747,0.6906347524930226
TOI-2076_b,NIRISS_SOSS,obs10,SOSS_HDU4_ordem_2,jw05959010001_04102_00001-seg004_nis_x1dints.fits,seg004,4,299,60783.169411895404,TDB-MID,715.3102028558519,4.794206996693491,1778,0.5866384887837632,1.4160575472955537,1669,1.2354163093641841,1.225636182605286
TOI-2076_b,NIRISS_SOSS,obs10,SOSS_HDU4_ordem_2,jw05959010001_04102_00001-seg004_nis_x1dints.fits,seg004,4,300,60783.16948896841,TDB-MID,529.5260769219999,4.793800540789331,1778,0.5866384887837632,1.4160575472955537,1670,0.9145474914956615,0.9073075106680949
TOI-2076_b,NIRISS_SOSS,obs10,SOSS_HDU4_ordem_2,jw05959010001_04102_00001-seg004_nis_x1dints.fits,seg004,4,301,60783.16956604142,TDB-MID,484.43035846365683,4.7939594799327745,1778,0.5866384887837632,1.4160575472955537,1671,0.836662420314649,0.8300390137244487
TOI-2076_b,NIRISS_SOSS,obs10,SOSS_HDU4_ordem_2,jw05959010001_04102_00001-seg004_nis_x1dints.fits,seg004,4,302,60783.16964311442,TDB-MID,777.8298562521545,4.794196645314137,1778,0.5866384887837632,1.4160575472955537,1672,1.3433943574239193,1.332759426507752
TOI-2076_b,NIRISS_SOSS,obs10,SOSS_HDU4_ordem_2,jw05959010001_04102_00001-seg004_nis_x1dints.fits,seg004,4,303,60783.169720187434,TDB-MID,492.2868906910661,4.793862979420603,1778,0.5866384887837632,1.4160575472955537,1673,0.8502314816953417,0.8435006561409456
TOI-2076_b,NIRISS_SOSS,obs10,SOSS_HDU4_ordem_2,jw05959010001_04102_00001-seg004_nis_x1dints.fits,seg004,4,304,60783.16979726044,TDB-MID,844.6265564306943,4.794577461293638,1778,0.5866384887837632,1.4160575472955537,1674,1.458759317245284,1.4472111039626496
TOI-2076_b,NIRISS_SOSS,obs10,SOSS_HDU4_ordem_2,jw05959010001_04102_00001-seg004_nis_x1dints.fits,seg004,4,305,60783.16987433344,TDB-MID,893.868432796907,4.794298344271404,1778,0.5866384887837632,1.4160575472955537,1675,1.5438052412704626,1.5315837651281838
TOI-2076_b,NIRISS_SOSS,obs10,SOSS_HDU4_ordem_2,jw05959010001_04102_00001-seg004_nis_x1dints.fits,seg004,4,306,60783.16995140645,TDB-MID,277.5229572114716,4.793557413799799,1778,0.5866384887837632,1.4160575472955537,1676,0.47931147380980726,0.475517022550485
TOI-2076_b,NIRISS_SOSS,obs10,SOSS_HDU4_ordem_2,jw05959010001_04102_00001-seg004_nis_x1dints.fits,seg004,4,307,60783.17002847946,TDB-MID,685.1017848043318,4.79438734558609,1778,0.5866384887837632,1.4160575472955537,1677,1.1832431791726383,1.173876079037085
TOI-2076_b,NIRISS_SOSS,obs10,SOSS_HDU4_ordem_2,jw05959010001_04102_00001-seg004_nis_x1dints.fits,seg004,4,308,60783.17010555247,TDB-MID,441.0605571502215,4.793733998176135,1778,0.5866384887837632,1.4160575472955537,1678,0.7617581904258723,0.755727760355034
TOI-2076_b,NIRISS_SOSS,obs10,SOSS_HDU4_ordem_2,jw05959010001_04102_00001-seg004_nis_x1dints.fits,seg004,4,309,60783.17018262547,TDB-MID,104.62226371804074,4.793469985992343,1778,0.5866384887837632,1.4160575472955537,1679,0.18069370519787611,0.17926325027513051
TOI-2076_b,NIRISS_SOSS,obs10,SOSS_HDU4_ordem_2,jw05959010001_04102_00001-seg004_nis_x1dints.fits,seg004,4,310,60783.17025969848,TDB-MID,643.6827750852437,4.794163328922231,1778,0.5866384887837632,1.4160575472955537,1680,1.111708172513455,1.1029073765682564
TOI-2076_b,NIRISS_SOSS,obs10,SOSS_HDU4_ordem_2,jw05959010001_04102_00001-seg004_nis_x1dints.fits,seg004,4,311,60783.17033677149,TDB-MID,618.0507517304677,4.793957559062893,1778,0.5866384887837632,1.4160575472955537,1681,1.067438959564908,1.0589886191794038
TOI-2076_b,NIRISS_SOSS,obs10,SOSS_HDU4_ordem_2,jw05959010001_04102_00001-seg004_nis_x1dints.fits,seg004,4,312,60783.1704138445,TDB-MID,614.7650420791483,4.794001262658619,1778,0.5866384887837632,1.4160575472955537,1682,1.0617641917860214,1.0533587754862557
TOI-2076_b,NIRISS_SOSS,obs10,SOSS_HDU4_ordem_2,jw05959010001_04102_00001-seg004_nis_x1dints.fits,seg004,4,313,60783.17049091751,TDB-MID,642.3426377954033,4.793971838809869,1778,0.5866384887837632,1.4160575472955537,1683,1.109393613797466,1.1006111409693105
TOI-2076_b,NIRISS_SOSS,obs10,SOSS_HDU4_ordem_2,jw05959010001_04102_00001-seg004_nis_x1dints.fits,seg004,4,314,60783.17056799051,TDB-MID,768.7046623362068,4.795091814175051,1778,0.5866384887837632,1.4160575472955537,1684,1.3276341832437328,1.3171240171538483
TOI-2076_b,NIRISS_SOSS,obs10,SOSS_HDU4_ordem_2,jw05959010001_04102_00001-seg004_nis_x1dints.fits,seg004,4,315,60783.17064506352,TDB-MID,313.1521383034494,4.7956893130931135,1778,0.5866384887837632,1.4160575472955537,1685,0.5408468346009487,0.536565240971779
TOI-2076_b,NIRISS_SOSS,obs10,SOSS_HDU4_ordem_2,jw05959010001_04102_00001-seg004_nis_x1dints.fits,seg004,4,316,60783.17072213652,TDB-MID,756.9783688939341,4.794252140135913,1778,0.5866384887837632,1.4160575472955537,1686,1.3073816353153855,1.2970317977596386
TOI-2076_b,NIRISS_SOSS,obs10,SOSS_HDU4_ordem_2,jw05959010001_04102_00001-seg004_nis_x1dints.fits,seg004,4,317,60783.17079920953,TDB-MID,755.7024107690105,4.794232267656886,1778,0.5866384887837632,1.4160575472955537,1687,1.3051779207992178,1.294845528866574
TOI-2076_b,NIRISS_SOSS,obs10,SOSS_HDU4_ordem_2,jw05959010001_04102_00001-seg004_nis_x1dints.fits,seg004,4,318,60783.17087628254,TDB-MID,851.5492850902572,4.794345967434756,1778,0.5866384887837632,1.4160575472955537,1688,1.4707156011864069,1.4590727364315335
TOI-2076_b,NIRISS_SOSS,obs10,SOSS_HDU4_ordem_2,jw05959010001_04102_00001-seg004_nis_x1dints.fits,seg004,4,319,60783.17095335555,TDB-MID,158.8137358807983,4.793531493048807,1778,0.5866384887837632,1.4160575472955537,1689,0.2742881042027192,0.27211671273959287
TOI-2076_b,NIRISS_SOSS,obs10,SOSS_HDU4_ordem_2,jw05959010001_04102_00001-seg004_nis_x1dints.fits,seg004,4,320,60783.17103042855,TDB-MID,658.0661126636651,4.794248688758067,1778,0.5866384887837632,1.4160575472955537,1690,1.136549716442968,1.1275522633493444
TOI-2076_b,NIRISS_SOSS,obs10,SOSS_HDU4_ordem_2,jw05959010001_04102_00001-seg004_nis_x1dints.fits,seg004,4,321,60783.17110750156,TDB-MID,351.4406808360131,4.793652377323136,1778,0.5866384887837632,1.4160575472955537,1691,0.6069751936228955,0.6021700973260903
TOI-2076_b,NIRISS_SOSS,obs10,SOSS_HDU4_ordem_2,jw05959010001_04102_00001-seg004_nis_x1dints.fits,seg004,4,322,60783.171184574574,TDB-MID,401.45122468792465,4.793730001334411,1778,0.5866384887837632,1.4160575472955537,1692,0.6933486876233367,0.6878598188090973
TOI-2076_b,NIRISS_SOSS,obs10,SOSS_HDU4_ordem_2,jw05959010001_04102_00001-seg004_nis_x1dints.fits,seg004,4,323,60783.17126164758,TDB-MID,499.3140549039921,4.793966141121999,1778,0.5866384887837632,1.4160575472955537,1693,0.8623681368731493,0.8555412319444011
TOI-2076_b,NIRISS_SOSS,obs10,SOSS_HDU4_ordem_2,jw05959010001_04102_00001-seg004_nis_x1dints.fits,seg004,4,324,60783.17133872059,TDB-MID,653.4609547950129,4.794046339047593,1778,0.5866384887837632,1.4160575472955537,1694,1.1285961221625909,1.1196616333990164
TOI-2076_b,NIRISS_SOSS,obs10,SOSS_HDU4_ordem_2,jw05959010001_04102_00001-seg004_nis_x1dints.fits,seg004,4,325,60783.17141579359,TDB-MID,670.9515307627296,4.794053829042548,1778,0.5866384887837632,1.4160575472955537,1695,1.158804195141867,1.1496305653044376
TOI-2076_b,NIRISS_SOSS,obs10,SOSS_HDU4_ordem_2,jw05959010001_04102_00001-seg004_nis_x1dints.fits,seg004,4,326,60783.171492866604,TDB-MID,506.1654839040143,4.793931566475438,1778,0.5866384887837632,1.4160575472955537,1696,0.8742012787677909,0.8672806972161843
TOI-2076_b,NIRISS_SOSS,obs10,SOSS_HDU4_ordem_2,jw05959010001_04102_00001-seg004_nis_x1dints.fits,seg004,4,327,60783.17156993961,TDB-MID,503.59224669190945,4.793941219328969,1778,0.5866384887837632,1.4160575472955537,1697,0.8697570261805846,0.8628716273874716
TOI-2076_b,NIRISS_SOSS,obs10,SOSS_HDU4_ordem_2,jw05959010001_04102_00001-seg004_nis_x1dints.fits,seg004,4,328,60783.17164701261,TDB-MID,579.3242304733244,4.793879277060196,1778,0.5866384887837632,1.4160575472955537,1698,1.0005541650030516,0.9926333155786908
TOI-2076_b,NIRISS_SOSS,obs10,SOSS_HDU4_ordem_2,jw05959010001_04102_00001-seg004_nis_x1dints.fits,seg004,4,329,60783.171724085616,TDB-MID,536.7024064516053,4.794045036564662,1778,0.5866384887837632,1.4160575472955537,1699,0.9269417709381328,0.9196036712634101
TOI-2076_b,NIRISS_SOSS,obs10,SOSS_HDU4_ordem_2,jw05959010001_04102_00001-seg004_nis_x1dints.fits,seg004,4,330,60783.17180115863,TDB-MID,846.5439298246561,4.794374316133171,1778,0.5866384887837632,1.4160575472955537,1700,1.4620708237114075,1.4504963950123535
TOI-2076_b,NIRISS_SOSS,obs10,SOSS_HDU4_ordem_2,jw05959010001_04102_00001-seg004_nis_x1dints.fits,seg004,4,331,60783.17187823163,TDB-MID,180.12080722016327,4.793364677054706,1778,0.5866384887837632,1.4160575472955537,1701,0.3110876679896519,0.30862495416354524
TOI-2076_b,NIRISS_SOSS,obs10,SOSS_HDU4_ordem_2,jw05959010001_04102_00001-seg004_nis_x1dints.fits,seg004,4,332,60783.17195530464,TDB-MID,771.0375489055019,4.794154306265005,1778,0.5866384887837632,1.4160575472955537,1702,1.331663324872214,1.3211212622341317
TOI-2076_b,NIRISS_SOSS,obs10,SOSS_HDU4_ordem_2,jw05959010001_04102_00001-seg004_nis_x1dints.fits,seg004,4,333,60783.172032377646,TDB-MID,623.6512945796177,4.793990042883575,1778,0.5866384887837632,1.4160575472955537,1703,1.0771116888920014,1.0685847747084936
TOI-2076_b,NIRISS_SOSS,obs10,SOSS_HDU4_ordem_2,jw05959010001_04102_00001-seg004_nis_x1dints.fits,seg004,4,334,60783.17210945066,TDB-MID,567.4181524635368,4.793986178680625,1778,0.5866384887837632,1.4160575472955537,1704,0.9799911101282172,0.97223304735456
TOI-2076_b,NIRISS_SOSS,obs10,SOSS_HDU4_ordem_2,jw05959010001_04102_00001-seg004_nis_x1dints.fits,seg004,4,335,60783.17218652367,TDB-MID,383.4002457824755,4.793755079220209,1778,0.5866384887837632,1.4160575472955537,1705,0.6621727395510922,0.6569306739574872
TOI-2076_b,NIRISS_SOSS,obs10,SOSS_HDU4_ordem_2,jw05959010001_04102_00001-seg004_nis_x1dints.fits,seg004,4,336,60783.17226359667,TDB-MID,471.1034948701102,4.793789586962133,1778,0.5866384887837632,1.4160575472955537,1706,0.8136455185978744,0.8072043244446322
TOI-2076_b,NIRISS_SOSS,obs10,SOSS_HDU4_ordem_2,jw05959010001_04102_00001-seg004_nis_x1dints.fits,seg004,4,337,60783.172340669684,TDB-MID,309.63329139363606,4.793609733378967,1778,0.5866384887837632,1.4160575472955537,1707,0.5347694141403109,0.5305359321816943
TOI-2076_b,NIRISS_SOSS,obs10,SOSS_HDU4_ordem_2,jw05959010001_04102_00001-seg004_nis_x1dints.fits,seg004,4,338,60783.17241774269,TDB-MID,394.12811570613417,4.793765052150951,1778,0.5866384887837632,1.4160575472955537,1708,0.6807009045563049,0.6753121614411332
TOI-2076_b,NIRISS_SOSS,obs10,SOSS_HDU4_ordem_2,jw05959010001_04102_00001-seg004_nis_x1dints.fits,seg004,4,339,60783.17249481569,TDB-MID,808.2525490576661,4.79418048293488,1778,0.5866384887837632,1.4160575472955537,1709,1.3959375627586814,1.3848866755332139
TOI-2076_b,NIRISS_SOSS,obs10,SOSS_HDU4_ordem_2,jw05959010001_04102_00001-seg004_nis_x1dints.fits,seg004,4,340,60783.172571888696,TDB-MID,442.27561514976645,4.793759720350984,1778,0.5866384887837632,1.4160575472955537,1710,0.7638567239900074,0.7578096809571178
TOI-2076_b,NIRISS_SOSS,obs10,SOSS_HDU4_ordem_2,jw05959010001_04102_00001-seg004_nis_x1dints.fits,seg004,4,341,60783.17264896171,TDB-MID,118.885351367172,4.793279681872649,1778,0.5866384887837632,1.4160575472955537,1711,0.20532756479232475,0.20370209684638327
TOI-2076_b,NIRISS_SOSS,obs10,SOSS_HDU4_ordem_2,jw05959010001_04102_00001-seg004_nis_x1dints.fits,seg004,4,342,60783.17272603471,TDB-MID,538.7577025536073,4.793938783686494,1778,0.5866384887837632,1.4160575472955537,1712,0.9304914844957592,0.9231252836471341
TOI-2076_b,NIRISS_SOSS,obs10,SOSS_HDU4_ordem_2,jw05959010001_04102_00001-seg004_nis_x1dints.fits,seg004,4,343,60783.17280310772,TDB-MID,368.3385023742464,4.793700218056857,1778,0.5866384887837632,1.4160575472955537,1713,0.6361595170642679,0.6311233841683294
TOI-2076_b,NIRISS_SOSS,obs10,SOSS_HDU4_ordem_2,jw05959010001_04102_00001-seg004_nis_x1dints.fits,seg004,4,344,60783.172880180726,TDB-MID,656.0967975955241,4.7945444871840674,1778,0.5866384887837632,1.4160575472955537,1714,1.1331485012167002,1.1241779737155226
TOI-2076_b,NIRISS_SOSS,obs10,SOSS_HDU4_ordem_2,jw05959010001_04102_00001-seg004_nis_x1dints.fits,seg004,4,345,60783.17295725374,TDB-MID,775.0821505844725,4.7948743182216935,1778,0.5866384887837632,1.4160575472955537,1715,1.3386487793773123,1.3280514166513075
TOI-2076_b,NIRISS_SOSS,obs10,SOSS_HDU4_ordem_2,jw05959010001_04102_00001-seg004_nis_x1dints.fits,seg004,4,346,60783.17303432674,TDB-MID,624.424010358395,4.793985094641612,1778,0.5866384887837632,1.4160575472955537,1716,1.078446250697206,1.0699087715053495
TOI-2076_b,NIRISS_SOSS,obs10,SOSS_HDU4_ordem_2,jw05959010001_04102_00001-seg004_nis_x1dints.fits,seg004,4,347,60783.17311139975,TDB-MID,805.0229209546814,4.794202597165342,1778,0.5866384887837632,1.4160575472955537,1717,1.3903596537400786,1.379352923821616
TOI-2076_b,NIRISS_SOSS,obs10,SOSS_HDU4_ordem_2,jw05959010001_04102_00001-seg004_nis_x1dints.fits,seg004,4,348,60783.173188472756,TDB-MID,413.76973035156016,4.793798456325098,1778,0.5866384887837632,1.4160575472955537,1718,0.7146240486388669,0.7089667542291451
TOI-2076_b,NIRISS_SOSS,obs10,SOSS_HDU4_ordem_2,jw05959010001_04102_00001-seg004_nis_x1dints.fits,seg004,4,349,60783.17326554577,TDB-MID,485.2270990679724,4.7939170316390545,1778,0.5866384887837632,1.4160575472955537,1719,0.8380384755323355,0.8314041754527468
TOI-2076_b,NIRISS_SOSS,obs10,SOSS_HDU4_ordem_2,jw05959010001_04102_00001-seg004_nis_x1dints.fits,seg004,4,350,60783.17334261878,TDB-MID,-35.30520428660509,4.793291041883617,1778,0.5866384887837632,1.4160575472955537,1720,-0.060975818612635915,-0.06049310583740465
TOI-2076_b,NIRISS_SOSS,obs10,SOSS_HDU4_ordem_2,jw05959010001_04102_00001-seg004_nis_x1dints.fits,seg004,4,351,60783.17341969178,TDB-MID,435.05239170899665,4.793841681025493,1778,0.5866384887837632,1.4160575472955537,1721,0.7513814538075311,0.7454331707819454
TOI-2076_b,NIRISS_SOSS,obs10,SOSS_HDU4_ordem_2,jw05959010001_04102_00001-seg004_nis_x1dints.fits,seg004,4,352,60783.173496764786,TDB-MID,546.9010553612355,4.7938649768137385,1778,0.5866384887837632,1.4160575472955537,1722,0.9445559153277041,0.9370783739412493
TOI-2076_b,NIRISS_SOSS,obs10,SOSS_HDU4_ordem_2,jw05959010001_04102_00001-seg004_nis_x1dints.fits,seg004,4,353,60783.17357383779,TDB-MID,395.67252331405837,4.793737697682967,1778,0.5866384887837632,1.4160575472955537,1723,0.6833682596974984,0.6779584005656493
TOI-2076_b,NIRISS_SOSS,obs10,SOSS_HDU4_ordem_2,jw05959010001_04102_00001-seg004_nis_x1dints.fits,seg004,4,354,60783.1736509108,TDB-MID,532.5892593819194,4.793919474436244,1778,0.5866384887837632,1.4160575472955537,1724,0.9198379312998669,0.9125560689045217
TOI-2076_b,NIRISS_SOSS,obs10,SOSS_HDU4_ordem_2,jw05959010001_04102_00001-seg004_nis_x1dints.fits,seg004,4,355,60783.173727983805,TDB-MID,348.97924847698704,4.793577538812247,1778,0.5866384887837632,1.4160575472955537,1725,0.6027240398317195,0.5979525976340501
TOI-2076_b,NIRISS_SOSS,obs10,SOSS_HDU4_ordem_2,jw05959010001_04102_00001-seg004_nis_x1dints.fits,seg004,4,356,60783.17380505682,TDB-MID,358.3876070101695,4.793709056040701,1778,0.5866384887837632,1.4160575472955537,1726,0.6189732692287475,0.6140731906175607
TOI-2076_b,NIRISS_SOSS,obs10,SOSS_HDU4_ordem_2,jw05959010001_04102_00001-seg004_nis_x1dints.fits,seg004,4,357,60783.17388212982,TDB-MID,721.5948204347958,4.794126512267276,1778,0.5866384887837632,1.4160575472955537,1727,1.2462705080379148,1.2364044544233563
TOI-2076_b,NIRISS_SOSS,obs10,SOSS_HDU4_ordem_2,jw05959010001_04102_00001-seg004_nis_x1dints.fits,seg004,4,358,60783.17395920283,TDB-MID,597.4996355204181,4.794136823670615,1778,0.5866384887837632,1.4160575472955537,1728,1.03194501017041,1.0237756563006417
TOI-2076_b,NIRISS_SOSS,obs10,SOSS_HDU4_ordem_2,jw05959010001_04102_00001-seg004_nis_x1dints.fits,seg004,4,359,60783.174036275836,TDB-MID,388.43227055810087,4.7938606575732665,1778,0.5866384887837632,1.4160575472955537,1729,0.6708635780881527,0.6655527117980624
TOI-2076_b,NIRISS_SOSS,obs10,SOSS_HDU4_ordem_2,jw05959010001_04102_00001-seg004_nis_x1dints.fits,seg004,4,360,60783.17411334885,TDB-MID,243.62674007019032,4.7935702868433925,1778,0.5866384887837632,1.4160575472955537,1730,0.4207691248891566,0.41743812193375246
TOI-2076_b,NIRISS_SOSS,obs10,SOSS_HDU4_ordem_2,jw05959010001_04102_00001-seg004_nis_x1dints.fits,seg004,4,361,60783.17419042185,TDB-MID,458.8013333121297,4.793773965641746,1778,0.5866384887837632,1.4160575472955537,1731,0.7923983855799424,0.786125393556301
TOI-2076_b,NIRISS_SOSS,obs10,SOSS_HDU4_ordem_2,jw05959010001_04102_00001-seg004_nis_x1dints.fits,seg004,4,362,60783.17426749486,TDB-MID,670.0720322474119,4.794080998693915,1778,0.5866384887837632,1.4160575472955537,1732,1.1572852082665968,1.1481236034316482
TOI-2076_b,NIRISS_SOSS,obs10,SOSS_HDU4_ordem_2,jw05959010001_04102_00001-seg004_nis_x1dints.fits,seg004,4,363,60783.174344567866,TDB-MID,373.5828473367393,4.794193449395627,1778,0.5866384887837632,1.4160575472955537,1733,0.6452170550005767,0.6401092184461473
TOI-2076_b,NIRISS_SOSS,obs10,SOSS_HDU4_ordem_2,jw05959010001_04102_00001-seg004_nis_x1dints.fits,seg004,4,364,60783.17442164087,TDB-MID,458.9728562498404,4.793981099265122,1778,0.5866384887837632,1.4160575472955537,1734,0.7926946238187258,0.7864192866362063
TOI-2076_b,NIRISS_SOSS,obs10,SOSS_HDU4_ordem_2,jw05959010001_04102_00001-seg004_nis_x1dints.fits,seg004,4,365,60783.17449871387,TDB-MID,342.57522839125267,4.7937337832613185,1778,0.5866384887837632,1.4160575472955537,1735,0.5916636204111309,0.5869797376079101
TOI-2076_b,NIRISS_SOSS,obs10,SOSS_HDU4_ordem_2,jw05959010001_04102_00001-seg004_nis_x1dints.fits,seg004,4,366,60783.174575786885,TDB-MID,587.0579568103128,4.793941102825758,1778,0.5866384887837632,1.4160575472955537,1736,1.0139111276337107,1.0058845383169335
TOI-2076_b,NIRISS_SOSS,obs10,SOSS_HDU4_ordem_2,jw05959010001_04102_00001-seg004_nis_x1dints.fits,seg004,4,367,60783.17465285989,TDB-MID,674.7233420900926,4.794022570193479,1778,0.5866384887837632,1.4160575472955537,1737,1.1653185118831424,1.156093311702182
TOI-2076_b,NIRISS_SOSS,obs10,SOSS_HDU4_ordem_2,jw05959010001_04102_00001-seg004_nis_x1dints.fits,seg004,4,368,60783.1747299329,TDB-MID,724.941072064338,4.794409725497651,1778,0.5866384887837632,1.4160575472955537,1738,1.2520498382108496,1.2421380327462916
TOI-2076_b,NIRISS_SOSS,obs10,SOSS_HDU4_ordem_2,jw05959010001_04102_00001-seg004_nis_x1dints.fits,seg004,4,369,60783.174807005904,TDB-MID,253.71553216729885,4.793645698609064,1778,0.5866384887837632,1.4160575472955537,1739,0.4381935349545951,0.4347245923121014
TOI-2076_b,NIRISS_SOSS,obs10,SOSS_HDU4_ordem_2,jw05959010001_04102_00001-seg004_nis_x1dints.fits,seg004,4,370,60783.174884078915,TDB-MID,664.4299649196505,4.794060496201066,1778,0.5866384887837632,1.4160575472955537,1740,1.147540761776922,1.138456298486198
TOI-2076_b,NIRISS_SOSS,obs10,SOSS_HDU4_ordem_2,jw05959010001_04102_00001-seg004_nis_x1dints.fits,seg004,4,371,60783.17496115192,TDB-MID,243.001163474644,4.793525239251664,1778,0.5866384887837632,1.4160575472955537,1741,0.4196886880020426,0.41636623828462865
TOI-2076_b,NIRISS_SOSS,obs10,SOSS_HDU4_ordem_2,jw05959010001_04102_00001-seg004_nis_x1dints.fits,seg004,4,372,60783.17503822493,TDB-MID,478.4103178745272,4.793848555948304,1778,0.5866384887837632,1.4160575472955537,1742,0.8262651740609928,0.8197240768798018
TOI-2076_b,NIRISS_SOSS,obs10,SOSS_HDU4_ordem_2,jw05959010001_04102_00001-seg004_nis_x1dints.fits,seg004,4,373,60783.175115297934,TDB-MID,518.1452704409212,4.793976525031743,1778,0.5866384887837632,1.4160575472955537,1743,0.8948916360579674,0.887807260070873
TOI-2076_b,NIRISS_SOSS,obs10,SOSS_HDU4_ordem_2,jw05959010001_04102_00001-seg004_nis_x1dints.fits,seg004,4,374,60783.175192370945,TDB-MID,919.5255982318147,4.795676347030782,1778,0.5866384887837632,1.4160575472955537,1744,1.5881178772482378,1.575545601789487
TOI-2076_b,NIRISS_SOSS,obs10,SOSS_HDU4_ordem_2,jw05959010001_04102_00001-seg004_nis_x1dints.fits,seg004,4,375,60783.17526944395,TDB-MID,686.8429755891086,4.794072738229803,1778,0.5866384887837632,1.4160575472955537,1745,1.1862503996549405,1.1768594929715168
TOI-2076_b,NIRISS_SOSS,obs10,SOSS_HDU4_ordem_2,jw05959010001_04102_00001-seg004_nis_x1dints.fits,seg004,4,376,60783.17534651695,TDB-MID,824.8068422605711,4.7942669452260285,1778,0.5866384887837632,1.4160575472955537,1746,1.4245285764632445,1.4132513495528654
TOI-2076_b,NIRISS_SOSS,obs10,SOSS_HDU4_ordem_2,jw05959010001_04102_00001-seg004_nis_x1dints.fits,seg004,4,377,60783.17542358996,TDB-MID,834.9862893442493,4.794510722473654,1778,0.5866384887837632,1.4160575472955537,1747,1.4421095572702805,1.4306931511864234
TOI-2076_b,NIRISS_SOSS,obs10,SOSS_HDU4_ordem_2,jw05959010001_04102_00001-seg004_nis_x1dints.fits,seg004,4,378,60783.17550066297,TDB-MID,392.8947877596156,4.7937310612692325,1778,0.5866384887837632,1.4160575472955537,1748,0.6785708168631049,0.6731989365070606
TOI-2076_b,NIRISS_SOSS,obs10,SOSS_HDU4_ordem_2,jw05959010001_04102_00001-seg004_nis_x1dints.fits,seg004,4,379,60783.17557773597,TDB-MID,318.01555029585154,4.793667532069562,1778,0.5866384887837632,1.4160575472955537,1749,0.5492464610435506,0.5448983720874911
TOI-2076_b,NIRISS_SOSS,obs10,SOSS_HDU4_ordem_2,jw05959010001_04102_00001-seg004_nis_x1dints.fits,seg004,4,380,60783.17565480898,TDB-MID,390.89355599753173,4.793730700212112,1778,0.5866384887837632,1.4160575472955537,1750,0.6751144781336624,0.6697699597532044
TOI-2076_b,NIRISS_SOSS,obs10,SOSS_HDU4_ordem_2,jw05959010001_04102_00001-seg004_nis_x1dints.fits,seg004,4,381,60783.17573188199,TDB-MID,863.8791652783505,4.79433096148159,1778,0.5866384887837632,1.4160575472955537,1751,1.4920106072076567,1.4801991613383518
TOI-2076_b,NIRISS_SOSS,obs10,SOSS_HDU4_ordem_2,jw05959010001_04102_00001-seg004_nis_x1dints.fits,seg004,4,382,60783.175808955,TDB-MID,747.9749686220532,4.794153105140793,1778,0.5866384887837632,1.4160575472955537,1752,1.291831811628812,1.2816050736675746
TOI-2076_b,NIRISS_SOSS,obs10,SOSS_HDU4_ordem_2,jw05959010001_04102_00001-seg004_nis_x1dints.fits,seg004,4,383,60783.175886028,TDB-MID,895.4824638819039,4.795096105592029,1778,0.5866384887837632,1.4160575472955537,1753,1.5465928435138878,1.5343492994232686
TOI-2076_b,NIRISS_SOSS,obs10,SOSS_HDU4_ordem_2,jw05959010001_04102_00001-seg004_nis_x1dints.fits,seg004,4,384,60783.17596310101,TDB-MID,757.3765221261235,4.794197550303406,1778,0.5866384887837632,1.4160575472955537,1754,1.308069288021455,1.2977140066889175
TOI-2076_b,NIRISS_SOSS,obs10,SOSS_HDU4_ordem_2,jw05959010001_04102_00001-seg004_nis_x1dints.fits,seg004,4,385,60783.17604017402,TDB-MID,336.5563424609072,4.793658513294272,1778,0.5866384887837632,1.4160575472955537,1755,0.5812683683752112,0.57666677919385
TOI-2076_b,NIRISS_SOSS,obs10,SOSS_HDU4_ordem_2,jw05959010001_04102_00001-seg004_nis_x1dints.fits,seg004,4,386,60783.17611724703,TDB-MID,888.4601221382189,4.794449618041453,1778,0.5866384887837632,1.4160575472955537,1756,1.5344645172500646,1.522316986598263
TOI-2076_b,NIRISS_SOSS,obs10,SOSS_HDU4_ordem_2,jw05959010001_04102_00001-seg004_nis_x1dints.fits,seg004,4,387,60783.17619432003,TDB-MID,579.5689412739097,4.7940909894501065,1778,0.5866384887837632,1.4160575472955537,1757,1.0009768064150064,0.9930526111658
TOI-2076_b,NIRISS_SOSS,obs10,SOSS_HDU4_ordem_2,jw05959010001_04102_00001-seg004_nis_x1dints.fits,seg004,4,388,60783.17627139304,TDB-MID,607.7549618734583,4.794037945694896,1778,0.5866384887837632,1.4160575472955537,1758,1.0496570424940301,1.041347471986381
TOI-2076_b,NIRISS_SOSS,obs10,SOSS_HDU4_ordem_2,jw05959010001_04102_00001-seg004_nis_x1dints.fits,seg004,4,389,60783.17634846604,TDB-MID,474.5557128066364,4.7941342001047245,1778,0.5866384887837632,1.4160575472955537,1759,0.8196078637807565,0.8131194689460705
TOI-2076_b,NIRISS_SOSS,obs10,SOSS_HDU4_ordem_2,jw05959010001_04102_00001-seg004_nis_x1dints.fits,seg004,4,390,60783.17642553905,TDB-MID,489.24119277350337,4.793904245513257,1778,0.5866384887837632,1.4160575472955537,1760,0.8449712395434318,0.8382820564982354
TOI-2076_b,NIRISS_SOSS,obs10,SOSS_HDU4_ordem_2,jw05959010001_04102_00001-seg004_nis_x1dints.fits,seg004,4,391,60783.176502612056,TDB-MID,822.1486052838546,4.7944024536918395,1778,0.5866384887837632,1.4160575472955537,1761,1.4199375203003672,1.4086966383134683
TOI-2076_b,NIRISS_SOSS,obs10,SOSS_HDU4_ordem_2,jw05959010001_04102_00001-seg004_nis_x1dints.fits,seg004,4,392,60783.17657968507,TDB-MID,775.0408682539169,4.794198429714899,1778,0.5866384887837632,1.4160575472955537,1762,1.3385774804300117,1.3279806821394422
TOI-2076_b,NIRISS_SOSS,obs10,SOSS_HDU4_ordem_2,jw05959010001_04102_00001-seg004_nis_x1dints.fits,seg004,4,393,60783.17665675807,TDB-MID,957.2216504537005,4.794411114967068,1778,0.5866384887837632,1.4160575472955537,1763,1.6532229428933682,1.6401352656305215
TOI-2076_b,NIRISS_SOSS,obs10,SOSS_HDU4_ordem_2,jw05959010001_04102_00001-seg004_nis_x1dints.fits,seg004,4,394,60783.17673383108,TDB-MID,338.2699505645116,4.793679294875128,1778,0.5866384887837632,1.4160575472955537,1764,0.5842279506523819,0.5796029320492098
TOI-2076_b,NIRISS_SOSS,obs10,SOSS_HDU4_ordem_2,jw05959010001_04102_00001-seg004_nis_x1dints.fits,seg004,4,395,60783.176810904086,TDB-MID,447.62449183396313,4.7947103104007684,1778,0.5866384887837632,1.4160575472955537,1765,0.7730947992558875,0.7669746233475262
TOI-2076_b,NIRISS_SOSS,obs10,SOSS_HDU4_ordem_2,jw05959010001_04102_00001-seg004_nis_x1dints.fits,seg004,4,396,60783.1768879771,TDB-MID,642.453482303921,4.797473419195835,1778,0.5866384887837632,1.4160575472955537,1766,1.1095850539769565,1.1008010656198186
TOI-2076_b,NIRISS_SOSS,obs10,SOSS_HDU4_ordem_2,jw05959010001_04102_00001-seg004_nis_x1dints.fits,seg004,4,397,60783.1769650501,TDB-MID,512.2462890709535,4.7939877195644005,1778,0.5866384887837632,1.4160575472955537,1767,0.8847034718685043,0.8776997501001198
TOI-2076_b,NIRISS_SOSS,obs10,SOSS_HDU4_ordem_2,jw05959010001_04102_00001-seg004_nis_x1dints.fits,seg004,4,398,60783.17704212311,TDB-MID,892.4983717579353,4.794402117835677,1778,0.5866384887837632,1.4160575472955537,1768,1.541439001077589,1.5292362571868217
TOI-2076_b,NIRISS_SOSS,obs10,SOSS_HDU4_ordem_2,jw05959010001_04102_00001-seg004_nis_x1dints.fits,seg004,4,399,60783.177119196116,TDB-MID,758.4126451139812,4.794088958884087,1778,0.5866384887837632,1.4160575472955537,1769,1.3098587819117924,1.2994893341181606
TOI-2076_b,NIRISS_SOSS,obs10,SOSS_HDU4_ordem_2,jw05959010001_04102_00001-seg004_nis_x1dints.fits,seg004,4,400,60783.17719626913,TDB-MID,388.70692051411163,4.793778566613272,1778,0.5866384887837632,1.4160575472955537,1770,0.67133792758529,0.6660233061252421
TOI-2076_b,NIRISS_SOSS,obs10,SOSS_HDU4_ordem_2,jw05959010001_04102_00001-seg004_nis_x1dints.fits,seg004,4,401,60783.177273342124,TDB-MID,421.60101096315384,4.793785130496839,1778,0.5866384887837632,1.4160575472955537,1771,0.72814949781063,0.7223851296911246
TOI-2076_b,NIRISS_SOSS,obs10,SOSS_HDU4_ordem_2,jw05959010001_04102_00001-seg004_nis_x1dints.fits,seg004,4,402,60783.177350415135,TDB-MID,653.0034785775867,4.794045229948661,1778,0.5866384887837632,1.4160575472955537,1772,1.1278060123921752,1.1188777785028885
TOI-2076_b,NIRISS_SOSS,obs10,SOSS_HDU4_ordem_2,jw05959010001_04102_00001-seg004_nis_x1dints.fits,seg004,4,403,60783.17742748814,TDB-MID,870.8159647988872,4.792807067422845,1778,0.5866384887837632,1.4160575472955537,1773,1.5039911930125927,1.4920849032862578
TOI-2076_b,NIRISS_SOSS,obs10,SOSS_HDU4_ordem_2,jw05959010001_04102_00001-seg004_nis_x1dints.fits,seg004,4,404,60783.17750456115,TDB-MID,482.21049800076685,4.793819309319385,1778,0.5866384887837632,1.4160575472955537,1774,0.8328284867157463,0.8262354313167178
TOI-2076_b,NIRISS_SOSS,obs10,SOSS_HDU4_ordem_2,jw05959010001_04102_00001-seg004_nis_x1dints.fits,seg004,4,405,60783.177581634154,TDB-MID,374.54751524482515,4.793749447319329,1778,0.5866384887837632,1.4160575472955537,1775,0.6468831384172697,0.6417621123761204
TOI-2076_b,NIRISS_SOSS,obs10,SOSS_HDU4_ordem_2,jw05959010001_04102_00001-seg004_nis_x1dints.fits,seg004,4,406,60783.17765870716,TDB-MID,346.2696960320715,4.79361066446945,1778,0.5866384887837632,1.4160575472955537,1776,0.5980443564325988,0.5933099607725928
TOI-2076_b,NIRISS_SOSS,obs10,SOSS_HDU4_ordem_2,jw05959010001_04102_00001-seg004_nis_x1dints.fits,seg004,4,407,60783.17773578017,TDB-MID,895.2054574043195,4.7943302699758625,1778,0.5866384887837632,1.4160575472955537,1777,1.546114424054972,1.5338746673540098
TOI-2076_b,NIRISS_SOSS,obs10,SOSS_HDU4_ordem_2,jw05959010001_04102_00001-seg004_nis_x1dints.fits,seg004,4,408,60783.17781285317,TDB-MID,419.17812332794296,4.7937137051134835,1778,0.5866384887837632,1.4160575472955537,1778,0.7239649148306224,0.7182336738049293
TOI-2076_b,NIRISS_SOSS,obs10,SOSS_HDU4_ordem_2,jw05959010001_04102_00001-seg004_nis_x1dints.fits,seg004,4,409,60783.177889926184,TDB-MID,294.4930718542785,4.79359018542384,1778,0.5866384887837632,1.4160575472955537,1779,0.5086206550822132,0.5045941787914332
TOI-2076_b,NIRISS_SOSS,obs10,SOSS_HDU4_ordem_2,jw05959010001_04102_00001-seg004_nis_x1dints.fits,seg004,4,410,60783.17796699919,TDB-MID,570.5894750613131,4.793900352923004,1778,0.5866384887837632,1.4160575472955537,1780,0.9854683193780027,0.9776668964832739
TOI-2076_b,NIRISS_SOSS,obs10,SOSS_HDU4_ordem_2,jw05959010001_04102_00001-seg004_nis_x1dints.fits,seg004,4,411,60783.1780440722,TDB-MID,1027.4723958476557,4.794472790297673,1778,0.5866384887837632,1.4160575472955537,1781,1.7745534038013508,1.7605052185069998
TOI-2076_b,NIRISS_SOSS,obs10,SOSS_HDU4_ordem_2,jw05959010001_04102_00001-seg004_nis_x1dints.fits,seg004,4,412,60783.178121145196,TDB-MID,255.38892389271857,4.793638331042107,1778,0.5866384887837632,1.4160575472955537,1782,0.4410836592968522,0.4375918370936777
TOI-2076_b,NIRISS_SOSS,obs10,SOSS_HDU4_ordem_2,jw05959010001_04102_00001-seg004_nis_x1dints.fits,seg004,4,413,60783.17819821821,TDB-MID,378.8756029961197,4.793683539936384,1778,0.5866384887837632,1.4160575472955537,1783,0.6543582033261176,0.649178001214695
TOI-2076_b,NIRISS_SOSS,obs10,SOSS_HDU4_ordem_2,jw05959010001_04102_00001-seg004_nis_x1dints.fits,seg004,4,414,60783.17827529121,TDB-MID,413.3839909465788,4.793778630539983,1778,0.5866384887837632,1.4160575472955537,1784,0.7139578359241932,0.7083058155623763
TOI-2076_b,NIRISS_SOSS,obs10,SOSS_HDU4_ordem_2,jw05959010001_04102_00001-seg004_nis_x1dints.fits,seg004,4,415,60783.17835236422,TDB-MID,599.6441981842962,4.794011071705567,1778,0.5866384887837632,1.4160575472955537,1785,1.035648896513469,1.0274502209667395
TOI-2076_b,NIRISS_SOSS,obs10,SOSS_HDU4_ordem_2,jw05959010001_04102_00001-seg004_nis_x1dints.fits,seg004,4,416,60783.17842943723,TDB-MID,494.9087851988225,4.793803840918276,1778,0.5866384887837632,1.4160575472955537,1786,0.8547597705739044,0.8479930969908741
TOI-2076_b,NIRISS_SOSS,obs10,SOSS_HDU4_ordem_2,jw05959010001_04102_00001-seg004_nis_x1dints.fits,seg004,4,417,60783.17850651024,TDB-MID,496.1069732069277,4.793849943067336,1778,0.5866384887837632,1.4160575472955537,1787,0.8568291678801191,0.8500461119911277
TOI-2076_b,NIRISS_SOSS,obs10,SOSS_HDU4_ordem_2,jw05959010001_04102_00001-seg004_nis_x1dints.fits,seg004,4,418,60783.17858358324,TDB-MID,347.51376511686726,4.793800236192874,1778,0.5866384887837632,1.4160575472955537,1788,0.6001929952066527,0.5954415899285851
TOI-2076_b,NIRISS_SOSS,obs10,SOSS_HDU4_ordem_2,jw05959010001_04102_00001-seg004_nis_x1dints.fits,seg004,4,419,60783.17866065625,TDB-MID,513.7067621529274,4.793868296717345,1778,0.5866384887837632,1.4160575472955537,1789,0.8872258632137617,0.8802021730291395
TOI-2076_b,NIRISS_SOSS,obs10,SOSS_HDU4_ordem_2,jw05959010001_04102_00001-seg004_nis_x1dints.fits,seg004,4,420,60783.17873772926,TDB-MID,722.8730402957368,4.7941219056801465,1778,0.5866384887837632,1.4160575472955537,1790,1.2484781288111892,1.2385945986497902
TOI-2076_b,NIRISS_SOSS,obs10,SOSS_HDU4_ordem_2,jw05959010001_04102_00001-seg004_nis_x1dints.fits,seg004,4,421,60783.17881480226,TDB-MID,751.9621338324021,4.794194744380865,1778,0.5866384887837632,1.4160575472955537,1791,1.298718067283112,1.2884368145379246
TOI-2076_b,NIRISS_SOSS,obs10,SOSS_HDU4_ordem_2,jw05959010001_04102_00001-seg004_nis_x1dints.fits,seg004,4,422,60783.17889187527,TDB-MID,650.3905834012944,4.794036071624674,1778,0.5866384887837632,1.4160575472955537,1792,1.123293266310038,1.114400757405422
TOI-2076_b,NIRISS_SOSS,obs10,SOSS_HDU4_ordem_2,jw05959010001_04102_00001-seg004_nis_x1dints.fits,seg004,4,423,60783.178968948276,TDB-MID,459.3460540125484,4.793836527594793,1778,0.5866384887837632,1.4160575472955537,1793,0.7933391757918795,0.7870587360379009
TOI-2076_b,NIRISS_SOSS,obs10,SOSS_HDU4_ordem_2,jw05959010001_04102_00001-seg004_nis_x1dints.fits,seg004,4,424,60783.17904602129,TDB-MID,887.6367378404112,4.7944089005611925,1778,0.5866384887837632,1.4160575472955537,1794,1.5330424455581961,1.5209061726834705
TOI-2076_b,NIRISS_SOSS,obs10,SOSS_HDU4_ordem_2,jw05959010001_04102_00001-seg004_nis_x1dints.fits,seg004,4,425,60783.17912309428,TDB-MID,513.6307997987476,4.793894005479716,1778,0.5866384887837632,1.4160575472955537,1795,0.8870946682009173,0.8800720166166812
TOI-2076_b,NIRISS_SOSS,obs10,SOSS_HDU4_ordem_2,jw05959010001_04102_00001-seg004_nis_x1dints.fits,seg004,4,426,60783.179200167295,TDB-MID,850.7892231850984,4.794366963855958,1778,0.5866384887837632,1.4160575472955537,1796,1.4694028939581154,1.4577704212006544
TOI-2076_b,NIRISS_SOSS,obs10,SOSS_HDU4_ordem_2,jw05959010001_04102_00001-seg004_nis_x1dints.fits,seg004,4,427,60783.1792772403,TDB-MID,457.63104236347516,4.793882412613036,1778,0.5866384887837632,1.4160575472955537,1797,0.7903771694433672,0.7841201783012691
TOI-2076_b,NIRISS_SOSS,obs10,SOSS_HDU4_ordem_2,jw05959010001_04102_00001-seg004_nis_x1dints.fits,seg004,4,428,60783.17935431331,TDB-MID,834.6026892052951,4.7944364403272886,1778,0.5866384887837632,1.4160575472955537,1798,1.4414470392940986,1.4300358780088878
TOI-2076_b,NIRISS_SOSS,obs10,SOSS_HDU4_ordem_2,jw05959010001_04102_00001-seg004_nis_x1dints.fits,seg004,4,429,60783.179431386314,TDB-MID,627.3462922232791,4.79405186819804,1778,0.5866384887837632,1.4160575472955537,1799,1.0834933402843854,1.0749159059975928
TOI-2076_b,NIRISS_SOSS,obs10,SOSS_HDU4_ordem_2,jw05959010001_04102_00001-seg004_nis_x1dints.fits,seg004,4,430,60783.179508459325,TDB-MID,191.20942161436105,4.793440772561962,1778,0.5866384887837632,1.4160575472955537,1800,0.33023887681646485,0.32762455316580547
TOI-2076_b,NIRISS_SOSS,obs10,SOSS_HDU4_ordem_2,jw05959010001_04102_00001-seg004_nis_x1dints.fits,seg004,4,431,60783.17958553233,TDB-MID,369.18610506390706,4.793746620625058,1778,0.5866384887837632,1.4160575472955537,1801,0.6376234164780985,0.632575694677496
TOI-2076_b,NIRISS_SOSS,obs10,SOSS_HDU4_ordem_2,jw05959010001_04102_00001-seg004_nis_x1dints.fits,seg004,4,432,60783.17966260534,TDB-MID,805.6066356761056,4.7943304421871575,1778,0.5866384887837632,1.4160575472955537,1802,1.3913677907469106,1.3803530799497414
TOI-2076_b,NIRISS_SOSS,obs10,SOSS_HDU4_ordem_2,jw05959010001_04102_00001-seg004_nis_x1dints.fits,seg004,4,433,60783.179739678344,TDB-MID,28.63359952292234,4.7932578868232625,1778,0.5866384887837632,1.4160575472955537,1803,0.04945325217673341,0.049061757365419865
TOI-2076_b,NIRISS_SOSS,obs10,SOSS_HDU4_ordem_2,jw05959010001_04102_00001-seg004_nis_x1dints.fits,seg004,4,434,60783.17981675135,TDB-MID,415.6007575299005,4.793639850945584,1778,0.5866384887837632,1.4160575472955537,1804,0.7177864260661417,0.7121040968144288
TOI-2076_b,NIRISS_SOSS,obs10,SOSS_HDU4_ordem_2,jw05959010001_04102_00001-seg004_nis_x1dints.fits,seg004,4,435,60783.17989382436,TDB-MID,534.2815863468504,4.793876575816181,1778,0.5866384887837632,1.4160575472955537,1805,0.9227607588017052,0.9154557579523459
TOI-2076_b,NIRISS_SOSS,obs10,SOSS_HDU4_ordem_2,jw05959010001_04102_00001-seg004_nis_x1dints.fits,seg004,4,436,60783.179970897356,TDB-MID,624.4289088505099,4.7941318974153635,1778,0.5866384887837632,1.4160575472955537,1806,1.0784547109107272,1.0699171647439083
TOI-2076_b,NIRISS_SOSS,obs10,SOSS_HDU4_ordem_2,jw05959010001_04102_00001-seg004_nis_x1dints.fits,seg004,4,437,60783.18004797037,TDB-MID,321.8459944181865,4.793639021524484,1778,0.5866384887837632,1.4160575472955537,1807,0.5558620428176504,0.5514615818572357
TOI-2076_b,NIRISS_SOSS,obs10,SOSS_HDU4_ordem_2,jw05959010001_04102_00001-seg004_nis_x1dints.fits,seg004,4,438,60783.18012504337,TDB-MID,890.9203687203258,4.794368621006465,1778,0.5866384887837632,1.4160575472955537,1808,1.5387136230791965,1.5265324545408736
TOI-2076_b,NIRISS_SOSS,obs10,SOSS_HDU4_ordem_2,jw05959010001_04102_00001-seg004_nis_x1dints.fits,seg004,4,439,60783.18020211638,TDB-MID,235.29603697919242,4.793557743924429,1778,0.5866384887837632,1.4160575472955537,1809,0.40638112031995094,0.4031640194617005
TOI-2076_b,NIRISS_SOSS,obs10,SOSS_HDU4_ordem_2,jw05959010001_04102_00001-seg004_nis_x1dints.fits,seg004,4,440,60783.180279189386,TDB-MID,490.1367787515009,4.793823983152748,1778,0.5866384887837632,1.4160575472955537,1810,0.8465180111667621,0.8398165831621713
TOI-2076_b,NIRISS_SOSS,obs10,SOSS_HDU4_ordem_2,jw05959010001_04102_00001-seg004_nis_x1dints.fits,seg004,4,441,60783.1803562624,TDB-MID,754.7805399358137,4.794980213661623,1778,0.5866384887837632,1.4160575472955537,1811,1.303585752453357,1.293265964861554
TOI-2076_b,NIRISS_SOSS,obs10,SOSS_HDU4_ordem_2,jw05959010001_04102_00001-seg004_nis_x1dints.fits,seg004,4,442,60783.1804333354,TDB-MID,391.4452117265097,4.793746706796482,1778,0.5866384887837632,1.4160575472955537,1812,0.6760672458727672,0.6707151849423285
TOI-2076_b,NIRISS_SOSS,obs10,SOSS_HDU4_ordem_2,jw05959010001_04102_00001-seg004_nis_x1dints.fits,seg004,4,443,60783.180510408405,TDB-MID,558.4528372141388,4.794240960959348,1778,0.5866384887837632,1.4160575472955537,1813,0.9645070633000332,0.9568715794008595
TOI-2076_b,NIRISS_SOSS,obs10,SOSS_HDU4_ordem_2,jw05959010001_04102_00001-seg004_nis_x1dints.fits,seg004,4,444,60783.180587481416,TDB-MID,498.9818253565372,4.793861719581327,1778,0.5866384887837632,1.4160575472955537,1814,0.8617943413369751,0.8549719788390132
TOI-2076_b,NIRISS_SOSS,obs10,SOSS_HDU4_ordem_2,jw05959010001_04102_00001-seg004_nis_x1dints.fits,seg004,4,445,60783.18066455442,TDB-MID,704.7270971290358,4.794070017818333,1778,0.5866384887837632,1.4160575472955537,1815,1.217138167424597,1.207502738889068
TOI-2076_b,NIRISS_SOSS,obs10,SOSS_HDU4_ordem_2,jw05959010001_04102_00001-seg004_nis_x1dints.fits,seg004,4,446,60783.18074162743,TDB-MID,592.2844682113384,4.7940209190931995,1778,0.5866384887837632,1.4160575472955537,1816,1.0229378651248382,1.0148398159801362
TOI-2076_b,NIRISS_SOSS,obs10,SOSS_HDU4_ordem_2,jw05959010001_04102_00001-seg004_nis_x1dints.fits,seg004,4,447,60783.180818700435,TDB-MID,461.9746638035133,4.793848557391972,1778,0.5866384887837632,1.4160575472955537,1817,0.797879062674168,0.7915626830763949
TOI-2076_b,NIRISS_SOSS,obs10,SOSS_HDU4_ordem_2,jw05959010001_04102_00001-seg004_nis_x1dints.fits,seg004,4,448,60783.18089577345,TDB-MID,972.45858078003,4.794461217800012,1778,0.5866384887837632,1.4160575472955537,1818,1.6795387317002932,1.666242726484884
TOI-2076_b,NIRISS_SOSS,obs10,SOSS_HDU4_ordem_2,jw05959010001_04102_00001-seg004_nis_x1dints.fits,seg004,4,449,60783.18097284644,TDB-MID,441.62881054999,4.793771885341835,1778,0.5866384887837632,1.4160575472955537,1819,0.7627396240963594,0.7567014245427727
TOI-2076_b,NIRISS_SOSS,obs10,SOSS_HDU4_ordem_2,jw05959010001_04102_00001-seg005_nis_x1dints.fits,seg005,4,0,60783.181049919454,TDB-MID,879.493701836727,4.795631040815033,1778,0.5866384887837632,1.4160575472955537,1820,1.5189785618801404,1.5412031816220728
TOI-2076_b,NIRISS_SOSS,obs10,SOSS_HDU4_ordem_2,jw05959010001_04102_00001-seg005_nis_x1dints.fits,seg005,4,1,60783.18112699246,TDB-MID,678.2184549398478,4.793970075292165,1778,0.5866384887837632,1.4160575472955537,1821,1.1713549411140085,1.1884933779572973
TOI-2076_b,NIRISS_SOSS,obs10,SOSS_HDU4_ordem_2,jw05959010001_04102_00001-seg005_nis_x1dints.fits,seg005,4,2,60783.18120406546,TDB-MID,443.7012236884434,4.793708579735035,1778,0.5866384887837632,1.4160575472955537,1822,0.7663189005847473,0.7775311366188564
TOI-2076_b,NIRISS_SOSS,obs10,SOSS_HDU4_ordem_2,jw05959010001_04102_00001-seg005_nis_x1dints.fits,seg005,4,3,60783.18128113847,TDB-MID,282.6560574048717,4.793526641247911,1778,0.5866384887837632,1.4160575472955537,1823,0.4881768802743155,0.49531953903407466
TOI-2076_b,NIRISS_SOSS,obs10,SOSS_HDU4_ordem_2,jw05959010001_04102_00001-seg005_nis_x1dints.fits,seg005,4,4,60783.18135821148,TDB-MID,573.8342629274164,4.794144227790394,1778,0.5866384887837632,1.4160575472955537,1824,0.99107241090949,1.00557308130863
TOI-2076_b,NIRISS_SOSS,obs10,SOSS_HDU4_ordem_2,jw05959010001_04102_00001-seg005_nis_x1dints.fits,seg005,4,5,60783.18143528449,TDB-MID,698.7525746477424,4.793932188044241,1778,0.5866384887837632,1.4160575472955537,1825,1.2068195357532125,1.224476865456439
TOI-2076_b,NIRISS_SOSS,obs10,SOSS_HDU4_ordem_2,jw05959010001_04102_00001-seg005_nis_x1dints.fits,seg005,4,6,60783.18151235749,TDB-MID,632.4560438315655,4.793958895513972,1778,0.5866384887837632,1.4160575472955537,1826,1.0923184212750854,1.10830045167313
TOI-2076_b,NIRISS_SOSS,obs10,SOSS_HDU4_ordem_2,jw05959010001_04102_00001-seg005_nis_x1dints.fits,seg005,4,7,60783.181589430504,TDB-MID,566.3819182954932,4.7939424147495435,1778,0.5866384887837632,1.4160575472955537,1827,0.9782014242179499,0.9925137754451795
TOI-2076_b,NIRISS_SOSS,obs10,SOSS_HDU4_ordem_2,jw05959010001_04102_00001-seg005_nis_x1dints.fits,seg005,4,8,60783.18166650351,TDB-MID,654.064586765792,4.7940408155298115,1778,0.5866384887837632,1.4160575472955537,1828,1.1296386583637759,1.1461667320693365
TOI-2076_b,NIRISS_SOSS,obs10,SOSS_HDU4_ordem_2,jw05959010001_04102_00001-seg005_nis_x1dints.fits,seg005,4,9,60783.18174357651,TDB-MID,831.9094424717173,4.794238179012347,1778,0.5866384887837632,1.4160575472955537,1829,1.4367955175815328,1.457817693158282
TOI-2076_b,NIRISS_SOSS,obs10,SOSS_HDU4_ordem_2,jw05959010001_04102_00001-seg005_nis_x1dints.fits,seg005,4,10,60783.18182064952,TDB-MID,297.6515153726681,4.7936013403728674,1778,0.5866384887837632,1.4160575472955537,1830,0.5140756208009258,0.5215972116104478
TOI-2076_b,NIRISS_SOSS,obs10,SOSS_HDU4_ordem_2,jw05959010001_04102_00001-seg005_nis_x1dints.fits,seg005,4,11,60783.18189772252,TDB-MID,708.1068728934122,4.79402662814995,1778,0.5866384887837632,1.4160575472955537,1831,1.222975397320989,1.2408691081614862
TOI-2076_b,NIRISS_SOSS,obs10,SOSS_HDU4_ordem_2,jw05959010001_04102_00001-seg005_nis_x1dints.fits,seg005,4,12,60783.18197479553,TDB-MID,671.7492443752856,4.79407873289192,1778,0.5866384887837632,1.4160575472955537,1832,1.1601819308476056,1.177156892108832
TOI-2076_b,NIRISS_SOSS,obs10,SOSS_HDU4_ordem_2,jw05959010001_04102_00001-seg005_nis_x1dints.fits,seg005,4,13,60783.182051868534,TDB-MID,564.5970378050116,4.8006769817262045,1778,0.5866384887837632,1.4160575472955537,1833,0.9751187469970698,0.989385994671991
TOI-2076_b,NIRISS_SOSS,obs10,SOSS_HDU4_ordem_2,jw05959010001_04102_00001-seg005_nis_x1dints.fits,seg005,4,14,60783.182128941546,TDB-MID,930.2499059766685,4.794343091905669,1778,0.5866384887837632,1.4160575472955537,1834,1.6066398899942282,1.6301471082746133
TOI-2076_b,NIRISS_SOSS,obs10,SOSS_HDU4_ordem_2,jw05959010001_04102_00001-seg005_nis_x1dints.fits,seg005,4,15,60783.18220601455,TDB-MID,259.9131649925716,4.793530299991457,1778,0.5866384887837632,1.4160575472955537,1835,0.44889750176678905,0.455465452447753
TOI-2076_b,NIRISS_SOSS,obs10,SOSS_HDU4_ordem_2,jw05959010001_04102_00001-seg005_nis_x1dints.fits,seg005,4,16,60783.18228308755,TDB-MID,731.1056520733601,4.794132294080174,1778,0.5866384887837632,1.4160575472955537,1836,1.262696719316586,1.2811716044403505
TOI-2076_b,NIRISS_SOSS,obs10,SOSS_HDU4_ordem_2,jw05959010001_04102_00001-seg005_nis_x1dints.fits,seg005,4,17,60783.182360160565,TDB-MID,415.3932299933999,4.793587927133145,1778,0.5866384887837632,1.4160575472955537,1837,0.7174280040805313,0.7279249031040222
TOI-2076_b,NIRISS_SOSS,obs10,SOSS_HDU4_ordem_2,jw05959010001_04102_00001-seg005_nis_x1dints.fits,seg005,4,18,60783.18243723357,TDB-MID,545.7268460274497,4.793845992625765,1778,0.5866384887837632,1.4160575472955537,1838,0.9425279317259394,0.9563183336476302
TOI-2076_b,NIRISS_SOSS,obs10,SOSS_HDU4_ordem_2,jw05959010001_04102_00001-seg005_nis_x1dints.fits,seg005,4,19,60783.18251430658,TDB-MID,1108.7403683465018,4.79451498396081,1778,0.5866384887837632,1.4160575472955537,1839,1.9149117801437987,1.9429294146391571
TOI-2076_b,NIRISS_SOSS,obs10,SOSS_HDU4_ordem_2,jw05959010001_04102_00001-seg005_nis_x1dints.fits,seg005,4,20,60783.182591379584,TDB-MID,724.1116544018453,4.801326661078325,1778,0.5866384887837632,1.4160575472955537,1840,1.2506173462606058,1.268915494543162
TOI-2076_b,NIRISS_SOSS,obs10,SOSS_HDU4_ordem_2,jw05959010001_04102_00001-seg005_nis_x1dints.fits,seg005,4,21,60783.18266845259,TDB-MID,292.54632782946317,4.793649266430394,1778,0.5866384887837632,1.4160575472955537,1841,0.5052584224329205,0.5126510062334985
TOI-2076_b,NIRISS_SOSS,obs10,SOSS_HDU4_ordem_2,jw05959010001_04102_00001-seg005_nis_x1dints.fits,seg005,4,22,60783.1827455256,TDB-MID,570.3374494702472,4.794389458646102,1778,0.5866384887837632,1.4160575472955537,1842,0.9850330445499115,0.9994453512129249
TOI-2076_b,NIRISS_SOSS,obs10,SOSS_HDU4_ordem_2,jw05959010001_04102_00001-seg005_nis_x1dints.fits,seg005,4,23,60783.182822598596,TDB-MID,288.15471831761784,4.793543951150638,1778,0.5866384887837632,1.4160575472955537,1843,0.4976736487310613,0.5049552574885525
TOI-2076_b,NIRISS_SOSS,obs10,SOSS_HDU4_ordem_2,jw05959010001_04102_00001-seg005_nis_x1dints.fits,seg005,4,24,60783.18289967161,TDB-MID,342.02955105911576,4.793598442054709,1778,0.5866384887837632,1.4160575472955537,1844,0.5907211779951262,0.5993641923759203
TOI-2076_b,NIRISS_SOSS,obs10,SOSS_HDU4_ordem_2,jw05959010001_04102_00001-seg005_nis_x1dints.fits,seg005,4,25,60783.18297674461,TDB-MID,733.8287625400541,4.798207719683661,1778,0.5866384887837632,1.4160575472955537,1845,1.267399818852036,1.2859435164010755
TOI-2076_b,NIRISS_SOSS,obs10,SOSS_HDU4_ordem_2,jw05959010001_04102_00001-seg005_nis_x1dints.fits,seg005,4,26,60783.18305381762,TDB-MID,788.7682388783611,4.794194485464864,1778,0.5866384887837632,1.4160575472955537,1846,1.362286100111958,1.38221810660271
TOI-2076_b,NIRISS_SOSS,obs10,SOSS_HDU4_ordem_2,jw05959010001_04102_00001-seg005_nis_x1dints.fits,seg005,4,27,60783.183130890626,TDB-MID,693.57905288862,4.793934421546878,1778,0.5866384887837632,1.4160575472955537,1847,1.1978843169732305,1.2154109128763366
TOI-2076_b,NIRISS_SOSS,obs10,SOSS_HDU4_ordem_2,jw05959010001_04102_00001-seg005_nis_x1dints.fits,seg005,4,28,60783.18320796363,TDB-MID,701.4691125372161,4.794055357728462,1778,0.5866384887837632,1.4160575472955537,1848,1.2115112837532587,1.2292372597941248
TOI-2076_b,NIRISS_SOSS,obs10,SOSS_HDU4_ordem_2,jw05959010001_04102_00001-seg005_nis_x1dints.fits,seg005,4,29,60783.18328503664,TDB-MID,884.9868732599034,4.795365089140736,1778,0.5866384887837632,1.4160575472955537,1849,1.5284658494083079,1.5508292804297326
TOI-2076_b,NIRISS_SOSS,obs10,SOSS_HDU4_ordem_2,jw05959010001_04102_00001-seg005_nis_x1dints.fits,seg005,4,30,60783.183362109645,TDB-MID,466.805184950656,4.793786314306576,1778,0.5866384887837632,1.4160575472955537,1850,0.8062218831513299,0.8180179513976683
TOI-2076_b,NIRISS_SOSS,obs10,SOSS_HDU4_ordem_2,jw05959010001_04102_00001-seg005_nis_x1dints.fits,seg005,4,31,60783.183439182656,TDB-MID,806.0543032408623,4.794362574676376,1778,0.5866384887837632,1.4160575472955537,1851,1.3921409599376557,1.4125097816170658
TOI-2076_b,NIRISS_SOSS,obs10,SOSS_HDU4_ordem_2,jw05959010001_04102_00001-seg005_nis_x1dints.fits,seg005,4,32,60783.18351625566,TDB-MID,851.53444025581,4.794266072387197,1778,0.5866384887837632,1.4160575472955537,1852,1.4706899625886172,1.4922080577066628
TOI-2076_b,NIRISS_SOSS,obs10,SOSS_HDU4_ordem_2,jw05959010001_04102_00001-seg005_nis_x1dints.fits,seg005,4,33,60783.183593328664,TDB-MID,302.2872594519012,4.793519038363892,1778,0.5866384887837632,1.4160575472955537,1853,0.5220820406991153,0.5297207757805822
TOI-2076_b,NIRISS_SOSS,obs10,SOSS_HDU4_ordem_2,jw05959010001_04102_00001-seg005_nis_x1dints.fits,seg005,4,34,60783.183670401675,TDB-MID,572.9563828185546,4.793969701560488,1778,0.5866384887837632,1.4160575472955537,1854,0.989556219193191,1.0040347057477421
TOI-2076_b,NIRISS_SOSS,obs10,SOSS_HDU4_ordem_2,jw05959010001_04102_00001-seg005_nis_x1dints.fits,seg005,4,35,60783.18374747467,TDB-MID,531.0909625752563,4.793795443123881,1778,0.5866384887837632,1.4160575472955537,1855,0.9172502143851218,0.9306707706289721
TOI-2076_b,NIRISS_SOSS,obs10,SOSS_HDU4_ordem_2,jw05959010001_04102_00001-seg005_nis_x1dints.fits,seg005,4,36,60783.18382454768,TDB-MID,570.734148579197,4.793867890338287,1778,0.5866384887837632,1.4160575472955537,1856,0.9857181858314844,1.0001405169970383
TOI-2076_b,NIRISS_SOSS,obs10,SOSS_HDU4_ordem_2,jw05959010001_04102_00001-seg005_nis_x1dints.fits,seg005,4,37,60783.18390162069,TDB-MID,934.1206674658982,4.794373572202378,1778,0.5866384887837632,1.4160575472955537,1857,1.6133251041214156,1.6369301357255688
TOI-2076_b,NIRISS_SOSS,obs10,SOSS_HDU4_ordem_2,jw05959010001_04102_00001-seg005_nis_x1dints.fits,seg005,4,38,60783.18397869369,TDB-MID,875.7307569166927,4.797965910742949,1778,0.5866384887837632,1.4160575472955537,1858,1.5124795583612622,1.5346090892813158
TOI-2076_b,NIRISS_SOSS,obs10,SOSS_HDU4_ordem_2,jw05959010001_04102_00001-seg005_nis_x1dints.fits,seg005,4,39,60783.1840557667,TDB-MID,436.8489858974784,4.7937887082596315,1778,0.5866384887837632,1.4160575472955537,1859,0.7544843618226801,0.7655234432577654
TOI-2076_b,NIRISS_SOSS,obs10,SOSS_HDU4_ordem_2,jw05959010001_04102_00001-seg005_nis_x1dints.fits,seg005,4,40,60783.184132839706,TDB-MID,596.8675135663561,4.793894550963021,1778,0.5866384887837632,1.4160575472955537,1860,1.0308532687574712,1.045935984526353
TOI-2076_b,NIRISS_SOSS,obs10,SOSS_HDU4_ordem_2,jw05959010001_04102_00001-seg005_nis_x1dints.fits,seg005,4,41,60783.18420991272,TDB-MID,560.941678684397,4.7938551131402285,1778,0.5866384887837632,1.4160575472955537,1861,0.9688055555227123,0.9829804330461404
TOI-2076_b,NIRISS_SOSS,obs10,SOSS_HDU4_ordem_2,jw05959010001_04102_00001-seg005_nis_x1dints.fits,seg005,4,42,60783.18428698572,TDB-MID,747.3797915513607,4.794531730295363,1778,0.5866384887837632,1.4160575472955537,1862,1.290803877933532,1.3096900071182493
TOI-2076_b,NIRISS_SOSS,obs10,SOSS_HDU4_ordem_2,jw05959010001_04102_00001-seg005_nis_x1dints.fits,seg005,4,43,60783.184364058725,TDB-MID,632.2037896372816,4.793984337157235,1778,0.5866384887837632,1.4160575472955537,1863,1.0918827516250795,1.1078584076130125
TOI-2076_b,NIRISS_SOSS,obs10,SOSS_HDU4_ordem_2,jw05959010001_04102_00001-seg005_nis_x1dints.fits,seg005,4,44,60783.184441131736,TDB-MID,569.623108187325,4.793826630869869,1778,0.5866384887837632,1.4160575472955537,1864,0.9837993016676614,0.9981935570776123
TOI-2076_b,NIRISS_SOSS,obs10,SOSS_HDU4_ordem_2,jw05959010001_04102_00001-seg005_nis_x1dints.fits,seg005,4,45,60783.18451820474,TDB-MID,462.1899790550676,4.79375289611142,1778,0.5866384887837632,1.4160575472955537,1865,0.798250934866628,0.8099303778365762
TOI-2076_b,NIRISS_SOSS,obs10,SOSS_HDU4_ordem_2,jw05959010001_04102_00001-seg005_nis_x1dints.fits,seg005,4,46,60783.18459527775,TDB-MID,813.455326486331,4.794269348420867,1778,0.5866384887837632,1.4160575472955537,1866,1.4049233091715,1.4254791531422446
TOI-2076_b,NIRISS_SOSS,obs10,SOSS_HDU4_ordem_2,jw05959010001_04102_00001-seg005_nis_x1dints.fits,seg005,4,47,60783.184672350755,TDB-MID,667.5495328082338,4.794048403132006,1778,0.5866384887837632,1.4160575472955537,1867,1.1529285851748516,1.1697974206134503
TOI-2076_b,NIRISS_SOSS,obs10,SOSS_HDU4_ordem_2,jw05959010001_04102_00001-seg005_nis_x1dints.fits,seg005,4,48,60783.18474942375,TDB-MID,947.4314033467799,4.794496943052607,1778,0.5866384887837632,1.4160575472955537,1868,1.6363141515741528,1.6602555426574248
TOI-2076_b,NIRISS_SOSS,obs10,SOSS_HDU4_ordem_2,jw05959010001_04102_00001-seg005_nis_x1dints.fits,seg005,4,49,60783.18482649676,TDB-MID,951.4766588720355,4.794297688470495,1778,0.5866384887837632,1.4160575472955537,1869,1.643300735340879,1.667344349175286
TOI-2076_b,NIRISS_SOSS,obs10,SOSS_HDU4_ordem_2,jw05959010001_04102_00001-seg005_nis_x1dints.fits,seg005,4,50,60783.18490356977,TDB-MID,834.609445454515,4.794275286389227,1778,0.5866384887837632,1.4160575472955537,1870,1.441458708050455,1.462549112131251
TOI-2076_b,NIRISS_SOSS,obs10,SOSS_HDU4_ordem_2,jw05959010001_04102_00001-seg005_nis_x1dints.fits,seg005,4,51,60783.18498064278,TDB-MID,805.3937467986325,4.79430324635014,1778,0.5866384887837632,1.4160575472955537,1871,1.3910001091588913,1.4113522387167818
TOI-2076_b,NIRISS_SOSS,obs10,SOSS_HDU4_ordem_2,jw05959010001_04102_00001-seg005_nis_x1dints.fits,seg005,4,52,60783.18505771578,TDB-MID,551.9552754781357,4.7971495144463105,1778,0.5866384887837632,1.4160575472955537,1872,0.9532850875645963,0.9672328805805518
TOI-2076_b,NIRISS_SOSS,obs10,SOSS_HDU4_ordem_2,jw05959010001_04102_00001-seg005_nis_x1dints.fits,seg005,4,53,60783.185134788786,TDB-MID,626.2830455576129,4.793904033531132,1778,0.5866384887837632,1.4160575472955537,1873,1.0816570009362303,1.097483040974117
TOI-2076_b,NIRISS_SOSS,obs10,SOSS_HDU4_ordem_2,jw05959010001_04102_00001-seg005_nis_x1dints.fits,seg005,4,54,60783.1852118618,TDB-MID,579.6981258700462,4.793848950771143,1778,0.5866384887837632,1.4160575472955537,1874,1.0011999218638683,1.0158487708387576
TOI-2076_b,NIRISS_SOSS,obs10,SOSS_HDU4_ordem_2,jw05959010001_04102_00001-seg005_nis_x1dints.fits,seg005,4,55,60783.1852889348,TDB-MID,585.7329799756501,4.793953571042406,1778,0.5866384887837632,1.4160575472955537,1875,1.0116227526258654,1.0264241010870105
TOI-2076_b,NIRISS_SOSS,obs10,SOSS_HDU4_ordem_2,jw05959010001_04102_00001-seg005_nis_x1dints.fits,seg005,4,56,60783.18536600781,TDB-MID,671.2248014420397,4.7940271897560995,1778,0.5866384887837632,1.4160575472955537,1876,1.15927616248239,1.1762378711816672
TOI-2076_b,NIRISS_SOSS,obs10,SOSS_HDU4_ordem_2,jw05959010001_04102_00001-seg005_nis_x1dints.fits,seg005,4,57,60783.185443080816,TDB-MID,672.8077339681131,4.794031424984214,1778,0.5866384887837632,1.4160575472955537,1877,1.1620100542282739,1.1790117632975317
TOI-2076_b,NIRISS_SOSS,obs10,SOSS_HDU4_ordem_2,jw05959010001_04102_00001-seg005_nis_x1dints.fits,seg005,4,58,60783.18552015382,TDB-MID,343.41824678233735,4.793580636532404,1778,0.5866384887837632,1.4160575472955537,1878,0.5931196022568839,0.6017977086847517
TOI-2076_b,NIRISS_SOSS,obs10,SOSS_HDU4_ordem_2,jw05959010001_04102_00001-seg005_nis_x1dints.fits,seg005,4,59,60783.185597226824,TDB-MID,628.981795679012,4.793947939131724,1778,0.5866384887837632,1.4160575472955537,1879,1.0863180275811233,1.1022122644635142
TOI-2076_b,NIRISS_SOSS,obs10,SOSS_HDU4_ordem_2,jw05959010001_04102_00001-seg005_nis_x1dints.fits,seg005,4,60,60783.18567429983,TDB-MID,701.8415117994817,4.794058277742808,1778,0.5866384887837632,1.4160575472955537,1880,1.2121544566317684,1.229889843123191
TOI-2076_b,NIRISS_SOSS,obs10,SOSS_HDU4_ordem_2,jw05959010001_04102_00001-seg005_nis_x1dints.fits,seg005,4,61,60783.18575137284,TDB-MID,531.4313632709259,4.793794051982067,1778,0.5866384887837632,1.4160575472955537,1881,0.917838122357733,0.9312672804551332
TOI-2076_b,NIRISS_SOSS,obs10,SOSS_HDU4_ordem_2,jw05959010001_04102_00001-seg005_nis_x1dints.fits,seg005,4,62,60783.18582844584,TDB-MID,579.333719624364,4.793879697233067,1778,0.5866384887837632,1.4160575472955537,1882,1.0005705537696448,1.0152101942758154
TOI-2076_b,NIRISS_SOSS,obs10,SOSS_HDU4_ordem_2,jw05959010001_04102_00001-seg005_nis_x1dints.fits,seg005,4,63,60783.18590551885,TDB-MID,507.77208873187953,4.7938698105769575,1778,0.5866384887837632,1.4160575472955537,1883,0.8769760550803942,0.8898073483165655
TOI-2076_b,NIRISS_SOSS,obs10,SOSS_HDU4_ordem_2,jw05959010001_04102_00001-seg005_nis_x1dints.fits,seg005,4,64,60783.18598259186,TDB-MID,644.5379863556834,4.794015116990346,1778,0.5866384887837632,1.4160575472955537,1884,1.1131852127503132,1.1294725512793675
TOI-2076_b,NIRISS_SOSS,obs10,SOSS_HDU4_ordem_2,jw05959010001_04102_00001-seg005_nis_x1dints.fits,seg005,4,65,60783.18605966486,TDB-MID,575.016888612779,4.793875524281731,1778,0.5866384887837632,1.4160575472955537,1885,0.9931149304398097,1.0076454855397716
TOI-2076_b,NIRISS_SOSS,obs10,SOSS_HDU4_ordem_2,jw05959010001_04102_00001-seg005_nis_x1dints.fits,seg005,4,66,60783.186136737866,TDB-MID,601.5478323992481,4.796930475481103,1778,0.5866384887837632,1.4160575472955537,1886,1.038936673965581,1.0541376604010007
TOI-2076_b,NIRISS_SOSS,obs10,SOSS_HDU4_ordem_2,jw05959010001_04102_00001-seg005_nis_x1dints.fits,seg005,4,67,60783.18621381088,TDB-MID,518.9608648828201,4.793808584727543,1778,0.5866384887837632,1.4160575472955537,1887,0.8963002538455035,0.9094142850874307
TOI-2076_b,NIRISS_SOSS,obs10,SOSS_HDU4_ordem_2,jw05959010001_04102_00001-seg005_nis_x1dints.fits,seg005,4,68,60783.18629088388,TDB-MID,569.6123246904806,4.793916884297928,1778,0.5866384887837632,1.4160575472955537,1888,0.9837806774290858,0.9981746603423531
TOI-2076_b,NIRISS_SOSS,obs10,SOSS_HDU4_ordem_2,jw05959010001_04102_00001-seg005_nis_x1dints.fits,seg005,4,69,60783.18636795689,TDB-MID,729.4780262350798,4.7940300254116135,1778,0.5866384887837632,1.4160575472955537,1889,1.2598856374976408,1.2783193928608825
TOI-2076_b,NIRISS_SOSS,obs10,SOSS_HDU4_ordem_2,jw05959010001_04102_00001-seg005_nis_x1dints.fits,seg005,4,70,60783.186445029896,TDB-MID,35.03363582144755,4.793335184932343,1778,0.5866384887837632,1.4160575472955537,1890,0.06050679117583276,0.06139208373981926
TOI-2076_b,NIRISS_SOSS,obs10,SOSS_HDU4_ordem_2,jw05959010001_04102_00001-seg005_nis_x1dints.fits,seg005,4,71,60783.1865221029,TDB-MID,416.05636738114833,4.793725648913784,1778,0.5866384887837632,1.4160575472955537,1891,0.7185733124249429,0.7290869687899004
TOI-2076_b,NIRISS_SOSS,obs10,SOSS_HDU4_ordem_2,jw05959010001_04102_00001-seg005_nis_x1dints.fits,seg005,4,72,60783.186599175904,TDB-MID,245.57605245086185,4.79353533658463,1778,0.5866384887837632,1.4160575472955537,1892,0.424135793360419,0.4303414482412296
TOI-2076_b,NIRISS_SOSS,obs10,SOSS_HDU4_ordem_2,jw05959010001_04102_00001-seg005_nis_x1dints.fits,seg005,4,73,60783.18667624891,TDB-MID,299.125070185145,4.793599627204262,1778,0.5866384887837632,1.4160575472955537,1893,0.5166206056771487,0.5241794329049733
TOI-2076_b,NIRISS_SOSS,obs10,SOSS_HDU4_ordem_2,jw05959010001_04102_00001-seg005_nis_x1dints.fits,seg005,4,74,60783.18675332191,TDB-MID,443.3859326003479,4.7936902514341275,1778,0.5866384887837632,1.4160575472955537,1894,0.7657743595578261,0.7769786282528556
TOI-2076_b,NIRISS_SOSS,obs10,SOSS_HDU4_ordem_2,jw05959010001_04102_00001-seg005_nis_x1dints.fits,seg005,4,75,60783.18683039492,TDB-MID,598.0210702188991,4.793897394270815,1778,0.5866384887837632,1.4160575472955537,1895,1.032845582996297,1.0479574488976926
TOI-2076_b,NIRISS_SOSS,obs10,SOSS_HDU4_ordem_2,jw05959010001_04102_00001-seg005_nis_x1dints.fits,seg005,4,76,60783.18690746793,TDB-MID,651.1120665862397,4.794037365047521,1778,0.5866384887837632,1.4160575472955537,1896,1.1245393440117886,1.140992808157174
TOI-2076_b,NIRISS_SOSS,obs10,SOSS_HDU4_ordem_2,jw05959010001_04102_00001-seg005_nis_x1dints.fits,seg005,4,77,60783.18698454094,TDB-MID,461.1601798707019,4.7937969057558485,1778,0.5866384887837632,1.4160575472955537,1897,0.796472362853177,0.8081257830156449
TOI-2076_b,NIRISS_SOSS,obs10,SOSS_HDU4_ordem_2,jw05959010001_04102_00001-seg005_nis_x1dints.fits,seg005,4,78,60783.18706161394,TDB-MID,511.67683668510176,4.794007405173939,1778,0.5866384887837632,1.4160575472955537,1898,0.883719967422351,0.896649932813044
TOI-2076_b,NIRISS_SOSS,obs10,SOSS_HDU4_ordem_2,jw05959010001_04102_00001-seg005_nis_x1dints.fits,seg005,4,79,60783.187138686946,TDB-MID,607.704285760412,4.7943267679298724,1778,0.5866384887837632,1.4160575472955537,1899,1.049569519491698,1.0649260782008303
TOI-2076_b,NIRISS_SOSS,obs10,SOSS_HDU4_ordem_2,jw05959010001_04102_00001-seg005_nis_x1dints.fits,seg005,4,80,60783.18721575996,TDB-MID,924.5570029659234,4.794359124543441,1778,0.5866384887837632,1.4160575472955537,1900,1.5968076449080775,1.620171004734016
TOI-2076_b,NIRISS_SOSS,obs10,SOSS_HDU4_ordem_2,jw05959010001_04102_00001-seg005_nis_x1dints.fits,seg005,4,81,60783.18729283296,TDB-MID,409.48802553088166,4.793647453667921,1778,0.5866384887837632,1.4160575472955537,1901,0.7072290919526201,0.717576767708902
TOI-2076_b,NIRISS_SOSS,obs10,SOSS_HDU4_ordem_2,jw05959010001_04102_00001-seg005_nis_x1dints.fits,seg005,4,82,60783.187369905965,TDB-MID,405.57319708468003,4.793709570722385,1778,0.5866384887837632,1.4160575472955537,1902,0.7004677695340511,0.7107165184038869
TOI-2076_b,NIRISS_SOSS,obs10,SOSS_HDU4_ordem_2,jw05959010001_04102_00001-seg005_nis_x1dints.fits,seg005,4,83,60783.18744697897,TDB-MID,686.026919744281,4.793964766162427,1778,0.5866384887837632,1.4160575472955537,1903,1.1848409849757888,1.2021767400723915
TOI-2076_b,NIRISS_SOSS,obs10,SOSS_HDU4_ordem_2,jw05959010001_04102_00001-seg005_nis_x1dints.fits,seg005,4,84,60783.18752405197,TDB-MID,501.0724781952352,4.793804010384602,1778,0.5866384887837632,1.4160575472955537,1904,0.8654051197151308,0.8780671152106986
TOI-2076_b,NIRISS_SOSS,obs10,SOSS_HDU4_ordem_2,jw05959010001_04102_00001-seg005_nis_x1dints.fits,seg005,4,85,60783.18760112498,TDB-MID,684.4824263355781,4.794104962237709,1778,0.5866384887837632,1.4160575472955537,1905,1.1821734816475837,1.1994702077225678
TOI-2076_b,NIRISS_SOSS,obs10,SOSS_HDU4_ordem_2,jw05959010001_04102_00001-seg005_nis_x1dints.fits,seg005,4,86,60783.18767819799,TDB-MID,230.92974816866442,4.793533698256248,1778,0.5866384887837632,1.4160575472955537,1906,0.3988400781449833,0.4046756240157843
TOI-2076_b,NIRISS_SOSS,obs10,SOSS_HDU4_ordem_2,jw05959010001_04102_00001-seg005_nis_x1dints.fits,seg005,4,87,60783.18775527099,TDB-MID,557.6130021577446,4.793819663544624,1778,0.5866384887837632,1.4160575472955537,1907,0.9630565794096836,0.977147341981641
TOI-2076_b,NIRISS_SOSS,obs10,SOSS_HDU4_ordem_2,jw05959010001_04102_00001-seg005_nis_x1dints.fits,seg005,4,88,60783.187832344,TDB-MID,659.3557960202975,4.793960145457157,1778,0.5866384887837632,1.4160575472955537,1908,1.1387771358846843,1.155438917328471
TOI-2076_b,NIRISS_SOSS,obs10,SOSS_HDU4_ordem_2,jw05959010001_04102_00001-seg005_nis_x1dints.fits,seg005,4,89,60783.18790941701,TDB-MID,365.78739199874883,4.793664590801325,1778,0.5866384887837632,1.4160575472955537,1909,0.6317534798620933,0.6409968498562022
TOI-2076_b,NIRISS_SOSS,obs10,SOSS_HDU4_ordem_2,jw05959010001_04102_00001-seg005_nis_x1dints.fits,seg005,4,90,60783.18798649001,TDB-MID,790.1415461093274,4.794479832508683,1778,0.5866384887837632,1.4160575472955537,1910,1.364657946821441,1.384624656495324
TOI-2076_b,NIRISS_SOSS,obs10,SOSS_HDU4_ordem_2,jw05959010001_04102_00001-seg005_nis_x1dints.fits,seg005,4,91,60783.18806356302,TDB-MID,408.3478565214996,4.79381437415671,1778,0.5866384887837632,1.4160575472955537,1911,0.7052598995882465,0.7155787635149246
TOI-2076_b,NIRISS_SOSS,obs10,SOSS_HDU4_ordem_2,jw05959010001_04102_00001-seg005_nis_x1dints.fits,seg005,4,92,60783.188140636026,TDB-MID,354.04610408308355,4.793547316447897,1778,0.5866384887837632,1.4160575472955537,1912,0.6114750348936848,0.6204217050266563
TOI-2076_b,NIRISS_SOSS,obs10,SOSS_HDU4_ordem_2,jw05959010001_04102_00001-seg005_nis_x1dints.fits,seg005,4,93,60783.18821770903,TDB-MID,635.9384871409757,4.793887908657891,1778,0.5866384887837632,1.4160575472955537,1913,1.0983329688709464,1.1144029998745246
TOI-2076_b,NIRISS_SOSS,obs10,SOSS_HDU4_ordem_2,jw05959010001_04102_00001-seg005_nis_x1dints.fits,seg005,4,94,60783.18829478204,TDB-MID,370.10642215867927,4.793660649329929,1778,0.5866384887837632,1.4160575472955537,1914,0.6392129013535118,0.6485654123258425
TOI-2076_b,NIRISS_SOSS,obs10,SOSS_HDU4_ordem_2,jw05959010001_04102_00001-seg005_nis_x1dints.fits,seg005,4,95,60783.188371855045,TDB-MID,779.540940332437,4.794117122319711,1778,0.5866384887837632,1.4160575472955537,1915,1.3463495804460917,1.366048415055112
TOI-2076_b,NIRISS_SOSS,obs10,SOSS_HDU4_ordem_2,jw05959010001_04102_00001-seg005_nis_x1dints.fits,seg005,4,96,60783.18844892804,TDB-MID,490.194559920011,4.79381078420492,1778,0.5866384887837632,1.4160575472955537,1916,0.846617805350693,0.8590049181532456
TOI-2076_b,NIRISS_SOSS,obs10,SOSS_HDU4_ordem_2,jw05959010001_04102_00001-seg005_nis_x1dints.fits,seg005,4,97,60783.18852600105,TDB-MID,777.1515657128322,4.794126079367447,1778,0.5866384887837632,1.4160575472955537,1917,1.3422228779854593,1.361861333603441
TOI-2076_b,NIRISS_SOSS,obs10,SOSS_HDU4_ordem_2,jw05959010001_04102_00001-seg005_nis_x1dints.fits,seg005,4,98,60783.18860307406,TDB-MID,519.2954411803366,4.793928909117745,1778,0.5866384887837632,1.4160575472955537,1918,0.8968781024670222,0.9100005883811904
TOI-2076_b,NIRISS_SOSS,obs10,SOSS_HDU4_ordem_2,jw05959010001_04102_00001-seg005_nis_x1dints.fits,seg005,4,99,60783.18868014706,TDB-MID,1144.7563996758106,4.7955107120157665,1778,0.5866384887837632,1.4160575472955537,1919,1.9771152721744667,2.0060430241604177
TOI-2076_b,NIRISS_SOSS,obs10,SOSS_HDU4_ordem_2,jw05959010001_04102_00001-seg005_nis_x1dints.fits,seg005,4,100,60783.18875722007,TDB-MID,479.77880582473625,4.7943735625649255,1778,0.5866384887837632,1.4160575472955537,1920,0.8286286973633401,0.8407526062639097
TOI-2076_b,NIRISS_SOSS,obs10,SOSS_HDU4_ordem_2,jw05959010001_04102_00001-seg005_nis_x1dints.fits,seg005,4,101,60783.188834293076,TDB-MID,486.3984905308109,4.793787185257962,1778,0.5866384887837632,1.4160575472955537,1921,0.840061592373201,0.8523527793055481
TOI-2076_b,NIRISS_SOSS,obs10,SOSS_HDU4_ordem_2,jw05959010001_04102_00001-seg005_nis_x1dints.fits,seg005,4,102,60783.18891136608,TDB-MID,480.02076475635295,4.793838804640459,1778,0.5866384887837632,1.4160575472955537,1922,0.8290465860067876,0.8411766091583599
TOI-2076_b,NIRISS_SOSS,obs10,SOSS_HDU4_ordem_2,jw05959010001_04102_00001-seg005_nis_x1dints.fits,seg005,4,103,60783.18898843909,TDB-MID,888.3904129686332,4.794253701146156,1778,0.5866384887837632,1.4160575472955537,1923,1.5343441221478074,1.5567935598974727
TOI-2076_b,NIRISS_SOSS,obs10,SOSS_HDU4_ordem_2,jw05959010001_04102_00001-seg005_nis_x1dints.fits,seg005,4,104,60783.189065512095,TDB-MID,486.1430820330295,4.793826407171393,1778,0.5866384887837632,1.4160575472955537,1924,0.83962047490773,0.8519052077213833
TOI-2076_b,NIRISS_SOSS,obs10,SOSS_HDU4_ordem_2,jw05959010001_04102_00001-seg005_nis_x1dints.fits,seg005,4,105,60783.189142585106,TDB-MID,655.120026859116,4.793966613083232,1778,0.5866384887837632,1.4160575472955537,1925,1.1314615149365517,1.1480162593899363
TOI-2076_b,NIRISS_SOSS,obs10,SOSS_HDU4_ordem_2,jw05959010001_04102_00001-seg005_nis_x1dints.fits,seg005,4,106,60783.18921965811,TDB-MID,798.1775867118047,4.794084760195712,1778,0.5866384887837632,1.4160575472955537,1926,1.3785370381350792,1.3987068168545365
TOI-2076_b,NIRISS_SOSS,obs10,SOSS_HDU4_ordem_2,jw05959010001_04102_00001-seg005_nis_x1dints.fits,seg005,4,107,60783.189296731114,TDB-MID,746.3116806195883,4.794257947306355,1778,0.5866384887837632,1.4160575472955537,1927,1.2889591374837894,1.3078182757312764
TOI-2076_b,NIRISS_SOSS,obs10,SOSS_HDU4_ordem_2,jw05959010001_04102_00001-seg005_nis_x1dints.fits,seg005,4,108,60783.18937380412,TDB-MID,313.9265705999232,4.793571906920214,1778,0.5866384887837632,1.4160575472955537,1928,0.5421843610136048,0.5501172190248693
TOI-2076_b,NIRISS_SOSS,obs10,SOSS_HDU4_ordem_2,jw05959010001_04102_00001-seg005_nis_x1dints.fits,seg005,4,109,60783.18945087712,TDB-MID,611.3886280801012,4.793939737691742,1778,0.5866384887837632,1.4160575472955537,1929,1.0559327680136013,1.0713824292735343
TOI-2076_b,NIRISS_SOSS,obs10,SOSS_HDU4_ordem_2,jw05959010001_04102_00001-seg005_nis_x1dints.fits,seg005,4,110,60783.189527950126,TDB-MID,437.27806530504,4.793676105482756,1778,0.5866384887837632,1.4160575472955537,1930,0.7552254273016814,0.7662753514826013
TOI-2076_b,NIRISS_SOSS,obs10,SOSS_HDU4_ordem_2,jw05959010001_04102_00001-seg005_nis_x1dints.fits,seg005,4,111,60783.18960502314,TDB-MID,800.4015147680814,4.79411913584161,1778,0.5866384887837632,1.4160575472955537,1931,1.3823779968975958,1.4026039738084455
TOI-2076_b,NIRISS_SOSS,obs10,SOSS_HDU4_ordem_2,jw05959010001_04102_00001-seg005_nis_x1dints.fits,seg005,4,112,60783.18968209614,TDB-MID,608.564170328551,4.793866832147816,1778,0.5866384887837632,1.4160575472955537,1932,1.0510546310075248,1.0664329188177397
TOI-2076_b,NIRISS_SOSS,obs10,SOSS_HDU4_ordem_2,jw05959010001_04102_00001-seg005_nis_x1dints.fits,seg005,4,113,60783.189759169145,TDB-MID,420.3499702086177,4.793753608161225,1778,0.5866384887837632,1.4160575472955537,1933,0.7259888182262166,0.7366109730260851
TOI-2076_b,NIRISS_SOSS,obs10,SOSS_HDU4_ordem_2,jw05959010001_04102_00001-seg005_nis_x1dints.fits,seg005,4,114,60783.189836242156,TDB-MID,239.78754356426666,4.793459780679929,1778,0.5866384887837632,1.4160575472955537,1934,0.4141384268237078,0.4201978073098198
TOI-2076_b,NIRISS_SOSS,obs10,SOSS_HDU4_ordem_2,jw05959010001_04102_00001-seg005_nis_x1dints.fits,seg005,4,115,60783.18991331516,TDB-MID,713.4550099163248,4.7940743085681685,1778,0.5866384887837632,1.4160575472955537,1935,1.2322121951136693,1.2502410522450538
TOI-2076_b,NIRISS_SOSS,obs10,SOSS_HDU4_ordem_2,jw05959010001_04102_00001-seg005_nis_x1dints.fits,seg005,4,116,60783.189990388164,TDB-MID,554.2382801665154,4.794590076264992,1778,0.5866384887837632,1.4160575472955537,1936,0.9572280779135647,0.9712335619749048
TOI-2076_b,NIRISS_SOSS,obs10,SOSS_HDU4_ordem_2,jw05959010001_04102_00001-seg005_nis_x1dints.fits,seg005,4,117,60783.190067461175,TDB-MID,788.9634856119528,4.801662350413983,1778,0.5866384887837632,1.4160575472955537,1937,1.3626233118531943,1.3825602521875897
TOI-2076_b,NIRISS_SOSS,obs10,SOSS_HDU4_ordem_2,jw05959010001_04102_00001-seg005_nis_x1dints.fits,seg005,4,118,60783.19014453418,TDB-MID,866.441006084551,4.794349241103103,1778,0.5866384887837632,1.4160575472955537,1938,1.4964351769975728,1.518329957879837
TOI-2076_b,NIRISS_SOSS,obs10,SOSS_HDU4_ordem_2,jw05959010001_04102_00001-seg005_nis_x1dints.fits,seg005,4,119,60783.19022160718,TDB-MID,468.961058456042,4.793727056882727,1778,0.5866384887837632,1.4160575472955537,1939,0.8099453045129245,0.8217958512265547
TOI-2076_b,NIRISS_SOSS,obs10,SOSS_HDU4_ordem_2,jw05959010001_04102_00001-seg005_nis_x1dints.fits,seg005,4,120,60783.19029868019,TDB-MID,569.0790026021996,4.79396525643047,1778,0.5866384887837632,1.4160575472955537,1940,0.9828595738248369,0.997240079801786
TOI-2076_b,NIRISS_SOSS,obs10,SOSS_HDU4_ordem_2,jw05959010001_04102_00001-seg005_nis_x1dints.fits,seg005,4,121,60783.19037575319,TDB-MID,292.59864816861045,4.793654032537162,1778,0.5866384887837632,1.4160575472955537,1941,0.5053487851874792,0.5127426911119563
TOI-2076_b,NIRISS_SOSS,obs10,SOSS_HDU4_ordem_2,jw05959010001_04102_00001-seg005_nis_x1dints.fits,seg005,4,122,60783.190452826195,TDB-MID,586.0895972388366,4.793976868721508,1778,0.5866384887837632,1.4160575472955537,1942,1.012238668324233,1.0270490284281575
TOI-2076_b,NIRISS_SOSS,obs10,SOSS_HDU4_ordem_2,jw05959010001_04102_00001-seg005_nis_x1dints.fits,seg005,4,123,60783.190529899206,TDB-MID,550.1168989991671,4.794409956542383,1778,0.5866384887837632,1.4160575472955537,1943,0.9501100171185132,0.9640113547498511
TOI-2076_b,NIRISS_SOSS,obs10,SOSS_HDU4_ordem_2,jw05959010001_04102_00001-seg005_nis_x1dints.fits,seg005,4,124,60783.19060697221,TDB-MID,633.355405695896,4.797250217494056,1778,0.5866384887837632,1.4160575472955537,1944,1.0938717142531222,1.109876471335171
TOI-2076_b,NIRISS_SOSS,obs10,SOSS_HDU4_ordem_2,jw05959010001_04102_00001-seg005_nis_x1dints.fits,seg005,4,125,60783.190684045214,TDB-MID,512.3977412748659,4.793833851804616,1778,0.5866384887837632,1.4160575472955537,1945,0.8849650458290819,0.8979132283262126
TOI-2076_b,NIRISS_SOSS,obs10,SOSS_HDU4_ordem_2,jw05959010001_04102_00001-seg005_nis_x1dints.fits,seg005,4,126,60783.190761118225,TDB-MID,406.3807920804485,4.7937382341781625,1778,0.5866384887837632,1.4160575472955537,1946,0.7018625714327936,0.712131728057283
TOI-2076_b,NIRISS_SOSS,obs10,SOSS_HDU4_ordem_2,jw05959010001_04102_00001-seg005_nis_x1dints.fits,seg005,4,127,60783.19083819123,TDB-MID,565.4636809504914,4.793963743241786,1778,0.5866384887837632,1.4160575472955537,1947,0.9766155312901635,0.9909046788539867
TOI-2076_b,NIRISS_SOSS,obs10,SOSS_HDU4_ordem_2,jw05959010001_04102_00001-seg005_nis_x1dints.fits,seg005,4,128,60783.19091526423,TDB-MID,618.0549301293456,4.793935249627513,1778,0.5866384887837632,1.4160575472955537,1948,1.0674461761013145,1.0830642934034227
TOI-2076_b,NIRISS_SOSS,obs10,SOSS_HDU4_ordem_2,jw05959010001_04102_00001-seg005_nis_x1dints.fits,seg005,4,129,60783.190992337244,TDB-MID,362.09838976698853,4.793547138713393,1778,0.5866384887837632,1.4160575472955537,1949,0.6253821831796161,0.6345323328679323
TOI-2076_b,NIRISS_SOSS,obs10,SOSS_HDU4_ordem_2,jw05959010001_04102_00001-seg005_nis_x1dints.fits,seg005,4,130,60783.19106941025,TDB-MID,729.9673720738751,4.79420093524702,1778,0.5866384887837632,1.4160575472955537,1950,1.2607307894719222,1.2791769105009632
TOI-2076_b,NIRISS_SOSS,obs10,SOSS_HDU4_ordem_2,jw05959010001_04102_00001-seg005_nis_x1dints.fits,seg005,4,131,60783.19114648325,TDB-MID,898.970354923842,4.794355582918845,1778,0.5866384887837632,1.4160575472955537,1951,1.5526167999195033,1.5753335905636294
TOI-2076_b,NIRISS_SOSS,obs10,SOSS_HDU4_ordem_2,jw05959010001_04102_00001-seg005_nis_x1dints.fits,seg005,4,132,60783.191223556256,TDB-MID,570.5737754170211,4.793801680478357,1778,0.5866384887837632,1.4160575472955537,1952,0.9854412044332806,0.9998594830029618
TOI-2076_b,NIRISS_SOSS,obs10,SOSS_HDU4_ordem_2,jw05959010001_04102_00001-seg005_nis_x1dints.fits,seg005,4,133,60783.19130062926,TDB-MID,780.8231140696604,4.794087203249512,1778,0.5866384887837632,1.4160575472955537,1953,1.348564029981524,1.3682952648495723
TOI-2076_b,NIRISS_SOSS,obs10,SOSS_HDU4_ordem_2,jw05959010001_04102_00001-seg005_nis_x1dints.fits,seg005,4,134,60783.191377702264,TDB-MID,566.7387731405568,4.793842982347359,1778,0.5866384887837632,1.4160575472955537,1954,0.9788177502453252,0.993139119118978
TOI-2076_b,NIRISS_SOSS,obs10,SOSS_HDU4_ordem_2,jw05959010001_04102_00001-seg005_nis_x1dints.fits,seg005,4,135,60783.19145477527,TDB-MID,710.4271032353367,4.794082889988639,1778,0.5866384887837632,1.4160575472955537,1955,1.2269826803073787,1.2449350228776488
TOI-2076_b,NIRISS_SOSS,obs10,SOSS_HDU4_ordem_2,jw05959010001_04102_00001-seg005_nis_x1dints.fits,seg005,4,136,60783.19153184828,TDB-MID,571.7411284291146,4.793877625835074,1778,0.5866384887837632,1.4160575472955537,1956,0.9874573464429541,1.0019051237762355
TOI-2076_b,NIRISS_SOSS,obs10,SOSS_HDU4_ordem_2,jw05959010001_04102_00001-seg005_nis_x1dints.fits,seg005,4,137,60783.19160892128,TDB-MID,389.28825506584815,4.793601424527633,1778,0.5866384887837632,1.4160575472955537,1957,0.6723419537875515,0.6821791856185134
TOI-2076_b,NIRISS_SOSS,obs10,SOSS_HDU4_ordem_2,jw05959010001_04102_00001-seg005_nis_x1dints.fits,seg005,4,138,60783.19168599429,TDB-MID,764.0950271742802,4.794090594055746,1778,0.5866384887837632,1.4160575472955537,1958,1.3196728562047415,1.3389813758566564
TOI-2076_b,NIRISS_SOSS,obs10,SOSS_HDU4_ordem_2,jw05959010001_04102_00001-seg005_nis_x1dints.fits,seg005,4,139,60783.1917630673,TDB-MID,754.7241327945903,4.794110425594819,1778,0.5866384887837632,1.4160575472955537,1959,1.3034883313597478,1.322560050493597
TOI-2076_b,NIRISS_SOSS,obs10,SOSS_HDU4_ordem_2,jw05959010001_04102_00001-seg005_nis_x1dints.fits,seg005,4,140,60783.1918401403,TDB-MID,549.148878411501,4.793848181916817,1778,0.5866384887837632,1.4160575472955537,1960,0.948438143269897,0.9623150192258205
TOI-2076_b,NIRISS_SOSS,obs10,SOSS_HDU4_ordem_2,jw05959010001_04102_00001-seg005_nis_x1dints.fits,seg005,4,141,60783.191917213306,TDB-MID,600.0930204834665,4.793969997848626,1778,0.5866384887837632,1.4160575472955537,1961,1.0364240600525705,1.0515882836987207
TOI-2076_b,NIRISS_SOSS,obs10,SOSS_HDU4_ordem_2,jw05959010001_04102_00001-seg005_nis_x1dints.fits,seg005,4,142,60783.19199428632,TDB-MID,404.4615931002338,4.793627576896057,1778,0.5866384887837632,1.4160575472955537,1962,0.698547911986296,0.7087685708586635
TOI-2076_b,NIRISS_SOSS,obs10,SOSS_HDU4_ordem_2,jw05959010001_04102_00001-seg005_nis_x1dints.fits,seg005,4,143,60783.19207135932,TDB-MID,376.85723956945446,4.79358535314678,1778,0.5866384887837632,1.4160575472955537,1963,0.6508722764015874,0.6603953791013953
TOI-2076_b,NIRISS_SOSS,obs10,SOSS_HDU4_ordem_2,jw05959010001_04102_00001-seg005_nis_x1dints.fits,seg005,4,144,60783.192148432325,TDB-MID,667.8643281318311,4.794083206666654,1778,0.5866384887837632,1.4160575472955537,1964,1.1534722699640956,1.17034906021391
TOI-2076_b,NIRISS_SOSS,obs10,SOSS_HDU4_ordem_2,jw05959010001_04102_00001-seg005_nis_x1dints.fits,seg005,4,145,60783.19222550533,TDB-MID,316.852246061737,4.793599994556595,1778,0.5866384887837632,1.4160575472955537,1965,0.5472373117012936,0.5552441009123966
TOI-2076_b,NIRISS_SOSS,obs10,SOSS_HDU4_ordem_2,jw05959010001_04102_00001-seg005_nis_x1dints.fits,seg005,4,146,60783.19230257833,TDB-MID,158.09345392882153,4.793312382420803,1778,0.5866384887837632,1.4160575472955537,1966,0.27304410115724315,0.27703908928497967
TOI-2076_b,NIRISS_SOSS,obs10,SOSS_HDU4_ordem_2,jw05959010001_04102_00001-seg005_nis_x1dints.fits,seg005,4,147,60783.19237965134,TDB-MID,608.8347850784835,4.7939121275894285,1778,0.5866384887837632,1.4160575472955537,1967,1.0515220112773522,1.0669071374650352
TOI-2076_b,NIRISS_SOSS,obs10,SOSS_HDU4_ordem_2,jw05959010001_04102_00001-seg005_nis_x1dints.fits,seg005,4,148,60783.19245672435,TDB-MID,685.2704985007857,4.793953441106075,1778,0.5866384887837632,1.4160575472955537,1968,1.18353456555491,1.2008512060467504
TOI-2076_b,NIRISS_SOSS,obs10,SOSS_HDU4_ordem_2,jw05959010001_04102_00001-seg005_nis_x1dints.fits,seg005,4,149,60783.19253379735,TDB-MID,1062.459174205801,4.794582569180212,1778,0.5866384887837632,1.4160575472955537,1969,1.8349792671864882,1.8618273856991492
TOI-2076_b,NIRISS_SOSS,obs10,SOSS_HDU4_ordem_2,jw05959010001_04102_00001-seg005_nis_x1dints.fits,seg005,4,150,60783.192610870356,TDB-MID,384.19869942708385,4.793673683254086,1778,0.5866384887837632,1.4160575472955537,1970,0.6635517533703865,0.673260373207322
TOI-2076_b,NIRISS_SOSS,obs10,SOSS_HDU4_ordem_2,jw05959010001_04102_00001-seg005_nis_x1dints.fits,seg005,4,151,60783.19268794336,TDB-MID,781.1827293520987,4.794289811471293,1778,0.5866384887837632,1.4160575472955537,1971,1.3491851235759493,1.3689254458460893
TOI-2076_b,NIRISS_SOSS,obs10,SOSS_HDU4_ordem_2,jw05959010001_04102_00001-seg005_nis_x1dints.fits,seg005,4,152,60783.19276501637,TDB-MID,848.8049882206825,4.794311981390448,1778,0.5866384887837632,1.4160575472955537,1972,1.4659759104943493,1.4874250329370273
TOI-2076_b,NIRISS_SOSS,obs10,SOSS_HDU4_ordem_2,jw05959010001_04102_00001-seg005_nis_x1dints.fits,seg005,4,153,60783.192842089375,TDB-MID,250.9044377443249,4.793628657326848,1778,0.5866384887837632,1.4160575472955537,1973,0.4333384778291139,0.4396787798787881
TOI-2076_b,NIRISS_SOSS,obs10,SOSS_HDU4_ordem_2,jw05959010001_04102_00001-seg005_nis_x1dints.fits,seg005,4,154,60783.19291916238,TDB-MID,462.6487678899682,4.793773834878075,1778,0.5866384887837632,1.4160575472955537,1974,0.7990433116661305,0.8107343481328555
TOI-2076_b,NIRISS_SOSS,obs10,SOSS_HDU4_ordem_2,jw05959010001_04102_00001-seg005_nis_x1dints.fits,seg005,4,155,60783.19299623539,TDB-MID,603.0420536828994,4.793968253511464,1778,0.5866384887837632,1.4160575472955537,1975,1.0415173520214118,1.0567560971124874
TOI-2076_b,NIRISS_SOSS,obs10,SOSS_HDU4_ordem_2,jw05959010001_04102_00001-seg005_nis_x1dints.fits,seg005,4,156,60783.19307330839,TDB-MID,673.3717891623888,4.7940588793348375,1778,0.5866384887837632,1.4160575472955537,1976,1.1629842371542376,1.180000199778899
TOI-2076_b,NIRISS_SOSS,obs10,SOSS_HDU4_ordem_2,jw05959010001_04102_00001-seg005_nis_x1dints.fits,seg005,4,157,60783.19315038139,TDB-MID,555.1311186566686,4.793930384926185,1778,0.5866384887837632,1.4160575472955537,1977,0.9587701043350522,0.9727981502361113
TOI-2076_b,NIRISS_SOSS,obs10,SOSS_HDU4_ordem_2,jw05959010001_04102_00001-seg005_nis_x1dints.fits,seg005,4,158,60783.1932274544,TDB-MID,645.6053384316295,4.793981798051195,1778,0.5866384887837632,1.4160575472955537,1978,1.1150286425758533,1.1313429528660117
TOI-2076_b,NIRISS_SOSS,obs10,SOSS_HDU4_ordem_2,jw05959010001_04102_00001-seg005_nis_x1dints.fits,seg005,4,159,60783.193304527405,TDB-MID,639.6175601075795,4.793984477858241,1778,0.5866384887837632,1.4160575472955537,1979,1.1046871166632424,1.1208501170621838
TOI-2076_b,NIRISS_SOSS,obs10,SOSS_HDU4_ordem_2,jw05959010001_04102_00001-seg005_nis_x1dints.fits,seg005,4,160,60783.19338160041,TDB-MID,224.33016492222382,4.793594548436713,1778,0.5866384887837632,1.4160575472955537,1980,0.3874419004800935,0.39311067627874835
TOI-2076_b,NIRISS_SOSS,obs10,SOSS_HDU4_ordem_2,jw05959010001_04102_00001-seg005_nis_x1dints.fits,seg005,4,161,60783.19345867341,TDB-MID,293.2131807946068,4.793503836458509,1778,0.5866384887837632,1.4160575472955537,1981,0.5064101479721301,0.5138195830060291
TOI-2076_b,NIRISS_SOSS,obs10,SOSS_HDU4_ordem_2,jw05959010001_04102_00001-seg005_nis_x1dints.fits,seg005,4,162,60783.193535746424,TDB-MID,619.6979698190069,4.7939449951859645,1778,0.5866384887837632,1.4160575472955537,1982,1.0702838792704237,1.0859435158378177
TOI-2076_b,NIRISS_SOSS,obs10,SOSS_HDU4_ordem_2,jw05959010001_04102_00001-seg005_nis_x1dints.fits,seg005,4,163,60783.19361281943,TDB-MID,272.0573503460323,4.793508426771716,1778,0.5866384887837632,1.4160575472955537,1983,0.46987179318568334,0.47674662486078356
TOI-2076_b,NIRISS_SOSS,obs10,SOSS_HDU4_ordem_2,jw05959010001_04102_00001-seg005_nis_x1dints.fits,seg005,4,164,60783.19368989243,TDB-MID,670.4521150958232,4.793898876339031,1778,0.5866384887837632,1.4160575472955537,1984,1.157941651510328,1.174883834589139
TOI-2076_b,NIRISS_SOSS,obs10,SOSS_HDU4_ordem_2,jw05959010001_04102_00001-seg005_nis_x1dints.fits,seg005,4,165,60783.19376696544,TDB-MID,338.15570883613043,4.793562421920658,1778,0.5866384887837632,1.4160575472955537,1985,0.5840306431151923,0.5925757663227281
TOI-2076_b,NIRISS_SOSS,obs10,SOSS_HDU4_ordem_2,jw05959010001_04102_00001-seg005_nis_x1dints.fits,seg005,4,166,60783.19384403845,TDB-MID,494.0189866716669,4.793755510994698,1778,0.5866384887837632,1.4160575472955537,1986,0.8532229944897559,0.8657067497470629
TOI-2076_b,NIRISS_SOSS,obs10,SOSS_HDU4_ordem_2,jw05959010001_04102_00001-seg005_nis_x1dints.fits,seg005,4,167,60783.19392111145,TDB-MID,550.9751579370952,4.793913640010025,1778,0.5866384887837632,1.4160575472955537,1987,0.9515923209991802,0.9655153466522695
TOI-2076_b,NIRISS_SOSS,obs10,SOSS_HDU4_ordem_2,jw05959010001_04102_00001-seg005_nis_x1dints.fits,seg005,4,168,60783.19399818446,TDB-MID,738.0418090364087,4.7960662900660145,1778,0.5866384887837632,1.4160575472955537,1988,1.2746761953568388,1.2933263556993482
TOI-2076_b,NIRISS_SOSS,obs10,SOSS_HDU4_ordem_2,jw05959010001_04102_00001-seg005_nis_x1dints.fits,seg005,4,169,60783.19407525746,TDB-MID,916.3193768181035,4.794346753488119,1778,0.5866384887837632,1.4160575472955537,1989,1.5825803940554675,1.605735590811757
TOI-2076_b,NIRISS_SOSS,obs10,SOSS_HDU4_ordem_2,jw05959010001_04102_00001-seg005_nis_x1dints.fits,seg005,4,170,60783.19415233046,TDB-MID,779.199549321935,4.7942447686785075,1778,0.5866384887837632,1.4160575472955537,1990,1.3457599620951153,1.3654501698255397
TOI-2076_b,NIRISS_SOSS,obs10,SOSS_HDU4_ordem_2,jw05959010001_04102_00001-seg005_nis_x1dints.fits,seg005,4,171,60783.19422940347,TDB-MID,804.9730051850438,4.794175394091781,1778,0.5866384887837632,1.4160575472955537,1991,1.3902734439311615,1.4106149414375069
TOI-2076_b,NIRISS_SOSS,obs10,SOSS_HDU4_ordem_2,jw05959010001_04102_00001-seg005_nis_x1dints.fits,seg005,4,172,60783.19430647648,TDB-MID,715.4226157690732,4.793994150912181,1778,0.5866384887837632,1.4160575472955537,1992,1.235610458344336,1.2536890364592683
TOI-2076_b,NIRISS_SOSS,obs10,SOSS_HDU4_ordem_2,jw05959010001_04102_00001-seg005_nis_x1dints.fits,seg005,4,173,60783.19438354948,TDB-MID,647.4991790508547,4.793978273412788,1778,0.5866384887837632,1.4160575472955537,1993,1.1182995054532259,1.13466167269509
TOI-2076_b,NIRISS_SOSS,obs10,SOSS_HDU4_ordem_2,jw05959010001_04102_00001-seg005_nis_x1dints.fits,seg005,4,174,60783.194460622486,TDB-MID,-52.865429277467854,4.793279007969587,1778,0.5866384887837632,1.4160575472955537,1994,-0.09130418281491218,-0.0926400810262718
TOI-2076_b,NIRISS_SOSS,obs10,SOSS_HDU4_ordem_2,jw05959010001_04102_00001-seg005_nis_x1dints.fits,seg005,4,175,60783.1945376955,TDB-MID,420.80037754323155,4.793772105138266,1778,0.5866384887837632,1.4160575472955537,1995,0.7267667192890249,0.7374002557869316
TOI-2076_b,NIRISS_SOSS,obs10,SOSS_HDU4_ordem_2,jw05959010001_04102_00001-seg005_nis_x1dints.fits,seg005,4,176,60783.1946147685,TDB-MID,502.2492899310845,4.793987066365418,1778,0.5866384887837632,1.4160575472955537,1996,0.867437597940263,0.8801293312193788
TOI-2076_b,NIRISS_SOSS,obs10,SOSS_HDU4_ordem_2,jw05959010001_04102_00001-seg005_nis_x1dints.fits,seg005,4,177,60783.194691841505,TDB-MID,459.19155308273173,4.793787165196961,1778,0.5866384887837632,1.4160575472955537,1997,0.793072336359497,0.8046760097396001
TOI-2076_b,NIRISS_SOSS,obs10,SOSS_HDU4_ordem_2,jw05959010001_04102_00001-seg005_nis_x1dints.fits,seg005,4,178,60783.19476891451,TDB-MID,370.53536162621276,4.793706015262165,1778,0.5866384887837632,1.4160575472955537,1998,0.6399537251412968,0.6493170753232071
TOI-2076_b,NIRISS_SOSS,obs10,SOSS_HDU4_ordem_2,jw05959010001_04102_00001-seg005_nis_x1dints.fits,seg005,4,179,60783.19484598752,TDB-MID,619.5658254972554,4.794152400357977,1778,0.5866384887837632,1.4160575472955537,1999,1.0700556520626616,1.085711949371007
TOI-2076_b,NIRISS_SOSS,obs10,SOSS_HDU4_ordem_2,jw05959010001_04102_00001-seg005_nis_x1dints.fits,seg005,4,180,60783.19492306052,TDB-MID,503.66678696139724,4.79641358189038,1778,0.5866384887837632,1.4160575472955537,2000,0.8698857651028898,0.882613318232015
TOI-2076_b,NIRISS_SOSS,obs10,SOSS_HDU4_ordem_2,jw05959010001_04102_00001-seg005_nis_x1dints.fits,seg005,4,181,60783.19500013352,TDB-MID,347.81044085109954,4.793643314019402,1778,0.5866384887837632,1.4160575472955537,2001,0.6007053855503104,0.6094944817928944
TOI-2076_b,NIRISS_SOSS,obs10,SOSS_HDU4_ordem_2,jw05959010001_04102_00001-seg005_nis_x1dints.fits,seg005,4,182,60783.19507720653,TDB-MID,898.0828238225286,4.794185725825394,1778,0.5866384887837632,1.4160575472955537,2002,1.55108393991939,1.5737783028403902
TOI-2076_b,NIRISS_SOSS,obs10,SOSS_HDU4_ordem_2,jw05959010001_04102_00001-seg005_nis_x1dints.fits,seg005,4,183,60783.195154279536,TDB-MID,668.1460656538243,4.79503009517351,1778,0.5866384887837632,1.4160575472955537,2003,1.1539588604366493,1.170842770134028
TOI-2076_b,NIRISS_SOSS,obs10,SOSS_HDU4_ordem_2,jw05959010001_04102_00001-seg005_nis_x1dints.fits,seg005,4,184,60783.19523135254,TDB-MID,648.5053618950597,4.7941295935011485,1778,0.5866384887837632,1.4160575472955537,2004,1.1200372895516078,1.1364248828210337
TOI-2076_b,NIRISS_SOSS,obs10,SOSS_HDU4_ordem_2,jw05959010001_04102_00001-seg005_nis_x1dints.fits,seg005,4,185,60783.195308425544,TDB-MID,721.0936455191895,4.794012418842762,1778,0.5866384887837632,1.4160575472955537,2005,1.245404925997966,1.263626809834677
TOI-2076_b,NIRISS_SOSS,obs10,SOSS_HDU4_ordem_2,jw05959010001_04102_00001-seg005_nis_x1dints.fits,seg005,4,186,60783.195385498555,TDB-MID,743.2978036319173,4.794088612509909,1778,0.5866384887837632,1.4160575472955537,2006,1.2837538534404185,1.3025368316541721
TOI-2076_b,NIRISS_SOSS,obs10,SOSS_HDU4_ordem_2,jw05959010001_04102_00001-seg005_nis_x1dints.fits,seg005,4,187,60783.19546257156,TDB-MID,432.75303678304977,4.793763494945419,1778,0.5866384887837632,1.4160575472955537,2007,0.7474102248705042,0.758345802538183
TOI-2076_b,NIRISS_SOSS,obs10,SOSS_HDU4_ordem_2,jw05959010001_04102_00001-seg005_nis_x1dints.fits,seg005,4,188,60783.19553964456,TDB-MID,864.5727084650706,4.794284795120444,1778,0.5866384887837632,1.4160575472955537,2008,1.4932084295799668,1.515055998976724
TOI-2076_b,NIRISS_SOSS,obs10,SOSS_HDU4_ordem_2,jw05959010001_04102_00001-seg005_nis_x1dints.fits,seg005,4,189,60783.19561671757,TDB-MID,815.965949961488,4.7942154209223355,1778,0.5866384887837632,1.4160575472955537,2009,1.4092594212184109,1.4298787081131172
TOI-2076_b,NIRISS_SOSS,obs10,SOSS_HDU4_ordem_2,jw05959010001_04102_00001-seg005_nis_x1dints.fits,seg005,4,190,60783.19569379058,TDB-MID,856.3071825787646,4.794201217646458,1778,0.5866384887837632,1.4160575472955537,2010,1.47893299293074,1.5005716942373601
TOI-2076_b,NIRISS_SOSS,obs10,SOSS_HDU4_ordem_2,jw05959010001_04102_00001-seg005_nis_x1dints.fits,seg005,4,191,60783.19577086358,TDB-MID,707.1404374342342,4.794049887238951,1778,0.5866384887837632,1.4160575472955537,2011,1.221306261156777,1.2391755503777215
TOI-2076_b,NIRISS_SOSS,obs10,SOSS_HDU4_ordem_2,jw05959010001_04102_00001-seg005_nis_x1dints.fits,seg005,4,192,60783.195847936586,TDB-MID,753.1152533502407,4.794134790210253,1778,0.5866384887837632,1.4160575472955537,2012,1.30070962654411,1.3197406896348443
TOI-2076_b,NIRISS_SOSS,obs10,SOSS_HDU4_ordem_2,jw05959010001_04102_00001-seg005_nis_x1dints.fits,seg005,4,193,60783.19592500959,TDB-MID,524.0441423379066,4.793744056367309,1778,0.5866384887837632,1.4160575472955537,2013,0.9050796111760218,0.9183220957636024
TOI-2076_b,NIRISS_SOSS,obs10,SOSS_HDU4_ordem_2,jw05959010001_04102_00001-seg005_nis_x1dints.fits,seg005,4,194,60783.19600208259,TDB-MID,18.471050824174085,4.793217773830533,1778,0.5866384887837632,1.4160575472955537,2014,0.03190145666617585,0.03236821621197347
TOI-2076_b,NIRISS_SOSS,obs10,SOSS_HDU4_ordem_2,jw05959010001_04102_00001-seg005_nis_x1dints.fits,seg005,4,195,60783.1960791556,TDB-MID,477.8825357055641,4.793702764733088,1778,0.5866384887837632,1.4160575472955537,2015,0.8253536384828263,0.8374296290387407
TOI-2076_b,NIRISS_SOSS,obs10,SOSS_HDU4_ordem_2,jw05959010001_04102_00001-seg005_nis_x1dints.fits,seg005,4,196,60783.1961562286,TDB-MID,686.1826554219751,4.7940588273451,1778,0.5866384887837632,1.4160575472955537,2016,1.1851099569482353,1.202449647452459
TOI-2076_b,NIRISS_SOSS,obs10,SOSS_HDU4_ordem_2,jw05959010001_04102_00001-seg005_nis_x1dints.fits,seg005,4,197,60783.19623330161,TDB-MID,297.16857611936354,4.79354939366398,1778,0.5866384887837632,1.4160575472955537,2017,0.5132415336767907,0.520750920713573
TOI-2076_b,NIRISS_SOSS,obs10,SOSS_HDU4_ordem_2,jw05959010001_04102_00001-seg005_nis_x1dints.fits,seg005,4,198,60783.19631037462,TDB-MID,396.7149472730322,4.793603189191255,1778,0.5866384887837632,1.4160575472955537,2018,0.6851686360307964,0.6951935388023237
TOI-2076_b,NIRISS_SOSS,obs10,SOSS_HDU4_ordem_2,jw05959010001_04102_00001-seg005_nis_x1dints.fits,seg005,4,199,60783.19638744762,TDB-MID,884.0482497713479,4.794169942606748,1778,0.5866384887837632,1.4160575472955537,2019,1.5268447474563378,1.5491844596608222
TOI-2076_b,NIRISS_SOSS,obs10,SOSS_HDU4_ordem_2,jw05959010001_04102_00001-seg005_nis_x1dints.fits,seg005,4,200,60783.196464520624,TDB-MID,416.84632861572595,4.793690320815124,1778,0.5866384887837632,1.4160575472955537,2020,0.719937658954695,0.7304712774728922
TOI-2076_b,NIRISS_SOSS,obs10,SOSS_HDU4_ordem_2,jw05959010001_04102_00001-seg005_nis_x1dints.fits,seg005,4,201,60783.196541593636,TDB-MID,818.6277528071256,4.794185984240488,1778,0.5866384887837632,1.4160575472955537,2021,1.4138566360137315,1.4345431861031017
TOI-2076_b,NIRISS_SOSS,obs10,SOSS_HDU4_ordem_2,jw05959010001_04102_00001-seg005_nis_x1dints.fits,seg005,4,202,60783.19661866664,TDB-MID,443.4093722420333,4.794463571737897,1778,0.5866384887837632,1.4160575472955537,2022,0.765814842295956,0.7770197033057709
TOI-2076_b,NIRISS_SOSS,obs10,SOSS_HDU4_ordem_2,jw05959010001_04102_00001-seg005_nis_x1dints.fits,seg005,4,203,60783.19669573964,TDB-MID,351.97745614994756,4.793701409693673,1778,0.5866384887837632,1.4160575472955537,2023,0.6079022613127609,0.6167966571501942
TOI-2076_b,NIRISS_SOSS,obs10,SOSS_HDU4_ordem_2,jw05959010001_04102_00001-seg005_nis_x1dints.fits,seg005,4,204,60783.19677281265,TDB-MID,439.63614415548784,4.793701427017811,1778,0.5866384887837632,1.4160575472955537,2024,0.7592980786618593,0.7704075909963535
TOI-2076_b,NIRISS_SOSS,obs10,SOSS_HDU4_ordem_2,jw05959010001_04102_00001-seg005_nis_x1dints.fits,seg005,4,205,60783.19684988565,TDB-MID,549.2442345631124,4.793896331618523,1778,0.5866384887837632,1.4160575472955537,2025,0.9486028334203082,0.9624821190060053
TOI-2076_b,NIRISS_SOSS,obs10,SOSS_HDU4_ordem_2,jw05959010001_04102_00001-seg005_nis_x1dints.fits,seg005,4,206,60783.196926958655,TDB-MID,555.8339069765805,4.793880240075498,1778,0.5866384887837632,1.4160575472955537,2026,0.9599838940293461,0.9740296992425374
TOI-2076_b,NIRISS_SOSS,obs10,SOSS_HDU4_ordem_2,jw05959010001_04102_00001-seg005_nis_x1dints.fits,seg005,4,207,60783.19700403166,TDB-MID,895.0850079736506,4.794302728886181,1778,0.5866384887837632,1.4160575472955537,2027,1.5459063951599445,1.5685250039087901
TOI-2076_b,NIRISS_SOSS,obs10,SOSS_HDU4_ordem_2,jw05959010001_04102_00001-seg005_nis_x1dints.fits,seg005,4,208,60783.19708110466,TDB-MID,732.9460315814871,4.794117010168709,1778,0.5866384887837632,1.4160575472955537,2028,1.2658752492056917,1.284396640330197
TOI-2076_b,NIRISS_SOSS,obs10,SOSS_HDU4_ordem_2,jw05959010001_04102_00001-seg005_nis_x1dints.fits,seg005,4,209,60783.197158177674,TDB-MID,418.094004399509,4.793657793151936,1778,0.5866384887837632,1.4160575472955537,2029,0.7220925268790309,0.7326576739002724
TOI-2076_b,NIRISS_SOSS,obs10,SOSS_HDU4_ordem_2,jw05959010001_04102_00001-seg005_nis_x1dints.fits,seg005,4,210,60783.19723525068,TDB-MID,696.3652073438861,4.7939953863981275,1778,0.5866384887837632,1.4160575472955537,2030,1.2026963001389972,1.2202933015756292
TOI-2076_b,NIRISS_SOSS,obs10,SOSS_HDU4_ordem_2,jw05959010001_04102_00001-seg005_nis_x1dints.fits,seg005,4,211,60783.19731232368,TDB-MID,369.73159865556863,4.793682715700314,1778,0.5866384887837632,1.4160575472955537,2031,0.6385655415548858,0.6479085808166067
TOI-2076_b,NIRISS_SOSS,obs10,SOSS_HDU4_ordem_2,jw05959010001_04102_00001-seg005_nis_x1dints.fits,seg005,4,212,60783.197389396686,TDB-MID,561.8805712205015,4.793988767363148,1778,0.5866384887837632,1.4160575472955537,2032,0.9704271221482307,0.9846257252873737
TOI-2076_b,NIRISS_SOSS,obs10,SOSS_HDU4_ordem_2,jw05959010001_04102_00001-seg005_nis_x1dints.fits,seg005,4,213,60783.1974664697,TDB-MID,423.0898090981654,4.793733511423422,1778,0.5866384887837632,1.4160575472955537,2033,0.730720809515679,0.7414121994645284
TOI-2076_b,NIRISS_SOSS,obs10,SOSS_HDU4_ordem_2,jw05959010001_04102_00001-seg005_nis_x1dints.fits,seg005,4,214,60783.1975435427,TDB-MID,471.3951921391831,4.793754953418952,1778,0.5866384887837632,1.4160575472955537,2034,0.8141493106061121,0.8260613673628453
TOI-2076_b,NIRISS_SOSS,obs10,SOSS_HDU4_ordem_2,jw05959010001_04102_00001-seg005_nis_x1dints.fits,seg005,4,215,60783.197620615705,TDB-MID,539.2766126814463,4.793911321570807,1778,0.5866384887837632,1.4160575472955537,2035,0.9313876971213686,0.9450151030112944
TOI-2076_b,NIRISS_SOSS,obs10,SOSS_HDU4_ordem_2,jw05959010001_04102_00001-seg005_nis_x1dints.fits,seg005,4,216,60783.19769768871,TDB-MID,388.1031077048193,4.793678139187851,1778,0.5866384887837632,1.4160575472955537,2036,0.670295079056883,0.6801023624648126
TOI-2076_b,NIRISS_SOSS,obs10,SOSS_HDU4_ordem_2,jw05959010001_04102_00001-seg005_nis_x1dints.fits,seg005,4,217,60783.19777476172,TDB-MID,430.81200281426885,4.793757141406674,1778,0.5866384887837632,1.4160575472955537,2037,0.7440578540913823,0.7549443822413984
TOI-2076_b,NIRISS_SOSS,obs10,SOSS_HDU4_ordem_2,jw05959010001_04102_00001-seg005_nis_x1dints.fits,seg005,4,218,60783.19785183472,TDB-MID,680.7407735285938,4.793945929256616,1778,0.5866384887837632,1.4160575472955537,2038,1.1757112518579462,1.1929134271582427
TOI-2076_b,NIRISS_SOSS,obs10,SOSS_HDU4_ordem_2,jw05959010001_04102_00001-seg005_nis_x1dints.fits,seg005,4,219,60783.19792890772,TDB-MID,311.2673752300375,4.793569327595694,1778,0.5866384887837632,1.4160575472955537,2039,0.5375916496044477,0.5454573103114089
TOI-2076_b,NIRISS_SOSS,obs10,SOSS_HDU4_ordem_2,jw05959010001_04102_00001-seg005_nis_x1dints.fits,seg005,4,220,60783.198005980725,TDB-MID,421.9896994385795,4.793713382857205,1778,0.5866384887837632,1.4160575472955537,2040,0.7288208038815983,0.7394843942921365
TOI-2076_b,NIRISS_SOSS,obs10,SOSS_HDU4_ordem_2,jw05959010001_04102_00001-seg005_nis_x1dints.fits,seg005,4,221,60783.198083053736,TDB-MID,407.9089683665794,4.793721265294024,1778,0.5866384887837632,1.4160575472955537,2041,0.7045018933660364,0.7148096666819096
TOI-2076_b,NIRISS_SOSS,obs10,SOSS_HDU4_ordem_2,jw05959010001_04102_00001-seg005_nis_x1dints.fits,seg005,4,222,60783.19816012674,TDB-MID,305.11910842539226,4.793997058706635,1778,0.5866384887837632,1.4160575472955537,2042,0.5269729431265369,0.5346832384323362
TOI-2076_b,NIRISS_SOSS,obs10,SOSS_HDU4_ordem_2,jw05959010001_04102_00001-seg005_nis_x1dints.fits,seg005,4,223,60783.198237199744,TDB-MID,580.2985336916222,4.793805602791956,1778,0.5866384887837632,1.4160575472955537,2043,1.0022368896186735,1.0169009107721663
TOI-2076_b,NIRISS_SOSS,obs10,SOSS_HDU4_ordem_2,jw05959010001_04102_00001-seg005_nis_x1dints.fits,seg005,4,224,60783.19831427275,TDB-MID,615.0553008930137,4.793930280695904,1778,0.5866384887837632,1.4160575472955537,2044,1.06226549943011,1.0778078167361465
TOI-2076_b,NIRISS_SOSS,obs10,SOSS_HDU4_ordem_2,jw05959010001_04102_00001-seg005_nis_x1dints.fits,seg005,4,225,60783.19839134576,TDB-MID,855.5613362214208,4.794289261018249,1778,0.5866384887837632,1.4160575472955537,2045,1.4776448374557256,1.499264691382719
TOI-2076_b,NIRISS_SOSS,obs10,SOSS_HDU4_ordem_2,jw05959010001_04102_00001-seg005_nis_x1dints.fits,seg005,4,226,60783.19846841876,TDB-MID,486.9919436559934,4.793953401271496,1778,0.5866384887837632,1.4160575472955537,2046,0.8410865486324106,0.8533927319996547
TOI-2076_b,NIRISS_SOSS,obs10,SOSS_HDU4_ordem_2,jw05959010001_04102_00001-seg005_nis_x1dints.fits,seg005,4,227,60783.19854549177,TDB-MID,949.5481631575838,4.794358227708094,1778,0.5866384887837632,1.4160575472955537,2047,1.6399700194519393,1.6639649006077177
TOI-2076_b,NIRISS_SOSS,obs10,SOSS_HDU4_ordem_2,jw05959010001_04102_00001-seg005_nis_x1dints.fits,seg005,4,228,60783.19862256477,TDB-MID,612.3177872291991,4.794063075669673,1778,0.5866384887837632,1.4160575472955537,2048,1.0575375240512022,1.07301066496622
TOI-2076_b,NIRISS_SOSS,obs10,SOSS_HDU4_ordem_2,jw05959010001_04102_00001-seg005_nis_x1dints.fits,seg005,4,229,60783.198699637775,TDB-MID,436.20507947318765,4.794313943928889,1778,0.5866384887837632,1.4160575472955537,2049,0.753372267384355,0.764395077440351
TOI-2076_b,NIRISS_SOSS,obs10,SOSS_HDU4_ordem_2,jw05959010001_04102_00001-seg005_nis_x1dints.fits,seg005,4,230,60783.19877671078,TDB-MID,434.1553445994074,4.793762981185158,1778,0.5866384887837632,1.4160575472955537,2050,0.7498321586555396,0.7608031723450052
TOI-2076_b,NIRISS_SOSS,obs10,SOSS_HDU4_ordem_2,jw05959010001_04102_00001-seg005_nis_x1dints.fits,seg005,4,231,60783.19885378378,TDB-MID,385.3121269014268,4.793632649849584,1778,0.5866384887837632,1.4160575472955537,2051,0.665474760277887,0.6752115161914947
TOI-2076_b,NIRISS_SOSS,obs10,SOSS_HDU4_ordem_2,jw05959010001_04102_00001-seg005_nis_x1dints.fits,seg005,4,232,60783.198930856786,TDB-MID,823.6723051823042,4.79417377084621,1778,0.5866384887837632,1.4160575472955537,2052,1.4225691110390504,1.443383135899499
TOI-2076_b,NIRISS_SOSS,obs10,SOSS_HDU4_ordem_2,jw05959010001_04102_00001-seg005_nis_x1dints.fits,seg005,4,233,60783.1990079298,TDB-MID,717.9338725801331,4.794190380097381,1778,0.5866384887837632,1.4160575472955537,2053,1.2399476642292777,1.2580897012724361
TOI-2076_b,NIRISS_SOSS,obs10,SOSS_HDU4_ordem_2,jw05959010001_04102_00001-seg005_nis_x1dints.fits,seg005,4,234,60783.1990850028,TDB-MID,935.6811242272323,4.794563084582982,1778,0.5866384887837632,1.4160575472955537,2054,1.6160201778465113,1.6396646418628262
TOI-2076_b,NIRISS_SOSS,obs10,SOSS_HDU4_ordem_2,jw05959010001_04102_00001-seg005_nis_x1dints.fits,seg005,4,235,60783.199162075805,TDB-MID,731.4434517451392,4.794043953028509,1778,0.5866384887837632,1.4160575472955537,2055,1.26328013504608,1.281763556296071
TOI-2076_b,NIRISS_SOSS,obs10,SOSS_HDU4_ordem_2,jw05959010001_04102_00001-seg005_nis_x1dints.fits,seg005,4,236,60783.19923914881,TDB-MID,1072.1838523494841,4.794536861504625,1778,0.5866384887837632,1.4160575472955537,2056,1.8517748139773182,1.8788686730488993
TOI-2076_b,NIRISS_SOSS,obs10,SOSS_HDU4_ordem_2,jw05959010001_04102_00001-seg005_nis_x1dints.fits,seg005,4,237,60783.19931622182,TDB-MID,503.9281256580312,4.793771401153407,1778,0.5866384887837632,1.4160575472955537,2057,0.8703371246484417,0.8830712817511308
TOI-2076_b,NIRISS_SOSS,obs10,SOSS_HDU4_ordem_2,jw05959010001_04102_00001-seg005_nis_x1dints.fits,seg005,4,238,60783.199393294824,TDB-MID,703.3910004904942,4.794122273556936,1778,0.5866384887837632,1.4160575472955537,2058,1.2148305873403888,1.232605129083157
TOI-2076_b,NIRISS_SOSS,obs10,SOSS_HDU4_ordem_2,jw05959010001_04102_00001-seg005_nis_x1dints.fits,seg005,4,239,60783.19947036783,TDB-MID,569.8592477471377,4.793990562370802,1778,0.5866384887837632,1.4160575472955537,2059,0.9842071396410526,0.998607362247712
TOI-2076_b,NIRISS_SOSS,obs10,SOSS_HDU4_ordem_2,jw05959010001_04102_00001-seg005_nis_x1dints.fits,seg005,4,240,60783.19954744083,TDB-MID,543.8874400103182,4.793853836467869,1778,0.5866384887837632,1.4160575472955537,2060,0.9393510831586545,0.9530950036795162
TOI-2076_b,NIRISS_SOSS,obs10,SOSS_HDU4_ordem_2,jw05959010001_04102_00001-seg005_nis_x1dints.fits,seg005,4,241,60783.199624513836,TDB-MID,248.1427901712279,4.79364083188495,1778,0.5866384887837632,1.4160575472955537,2061,0.42856882063857105,0.43483933643844597
TOI-2076_b,NIRISS_SOSS,obs10,SOSS_HDU4_ordem_2,jw05959010001_04102_00001-seg005_nis_x1dints.fits,seg005,4,242,60783.19970158684,TDB-MID,280.8689555805176,4.793626009161472,1778,0.5866384887837632,1.4160575472955537,2062,0.4850903665751023,0.49218786564991607
TOI-2076_b,NIRISS_SOSS,obs10,SOSS_HDU4_ordem_2,jw05959010001_04102_00001-seg005_nis_x1dints.fits,seg005,4,243,60783.199778659844,TDB-MID,211.57466919633313,4.793525225897816,1778,0.5866384887837632,1.4160575472955537,2063,0.36541181144896295,0.37075825856972533
TOI-2076_b,NIRISS_SOSS,obs10,SOSS_HDU4_ordem_2,jw05959010001_04102_00001-seg005_nis_x1dints.fits,seg005,4,244,60783.19985573285,TDB-MID,1036.4841233478946,4.794454187807279,1778,0.5866384887837632,1.4160575472955537,2064,1.7901176094912625,1.8163093439651423
TOI-2076_b,NIRISS_SOSS,obs10,SOSS_HDU4_ordem_2,jw05959010001_04102_00001-seg005_nis_x1dints.fits,seg005,4,245,60783.19993280585,TDB-MID,737.7845912990955,4.794088969998483,1778,0.5866384887837632,1.4160575472955537,2065,1.2742319531435085,1.292875613648224
TOI-2076_b,NIRISS_SOSS,obs10,SOSS_HDU4_ordem_2,jw05959010001_04102_00001-seg005_nis_x1dints.fits,seg005,4,246,60783.20000987886,TDB-MID,398.6693395161968,4.793746401768205,1778,0.5866384887837632,1.4160575472955537,2066,0.6885440779613891,0.698618367811346
TOI-2076_b,NIRISS_SOSS,obs10,SOSS_HDU4_ordem_2,jw05959010001_04102_00001-seg005_nis_x1dints.fits,seg005,4,247,60783.20008695187,TDB-MID,783.6449284343888,4.794140601044931,1778,0.5866384887837632,1.4160575472955537,2067,1.3534376015792244,1.3732401430991652
TOI-2076_b,NIRISS_SOSS,obs10,SOSS_HDU4_ordem_2,jw05959010001_04102_00001-seg005_nis_x1dints.fits,seg005,4,248,60783.20016402487,TDB-MID,404.2739333403323,4.793660292388525,1778,0.5866384887837632,1.4160575472955537,2068,0.6982238037503613,0.7084397205003055
TOI-2076_b,NIRISS_SOSS,obs10,SOSS_HDU4_ordem_2,jw05959010001_04102_00001-seg005_nis_x1dints.fits,seg005,4,249,60783.200241097875,TDB-MID,330.6348419917373,4.793541567069033,1778,0.5866384887837632,1.4160575472955537,2069,0.5710413113217633,0.5793963838155791
TOI-2076_b,NIRISS_SOSS,obs10,SOSS_HDU4_ordem_2,jw05959010001_04102_00001-seg005_nis_x1dints.fits,seg005,4,250,60783.20031817088,TDB-MID,865.6419783352228,4.794309979580127,1778,0.5866384887837632,1.4160575472955537,2070,1.49505517163876,1.5169297612588752
TOI-2076_b,NIRISS_SOSS,obs10,SOSS_HDU4_ordem_2,jw05959010001_04102_00001-seg005_nis_x1dints.fits,seg005,4,251,60783.20039524389,TDB-MID,668.8587573398102,4.794048805436011,1778,0.5866384887837632,1.4160575472955537,2071,1.1551897542906724,1.1720916735561482
TOI-2076_b,NIRISS_SOSS,obs10,SOSS_HDU4_ordem_2,jw05959010001_04102_00001-seg005_nis_x1dints.fits,seg005,4,252,60783.200472316894,TDB-MID,875.3619054840326,4.794177128152327,1778,0.5866384887837632,1.4160575472955537,2072,1.5118425129593915,1.5339627230817916
TOI-2076_b,NIRISS_SOSS,obs10,SOSS_HDU4_ordem_2,jw05959010001_04102_00001-seg005_nis_x1dints.fits,seg005,4,253,60783.20054938989,TDB-MID,615.6509915051001,4.793990713215916,1778,0.5866384887837632,1.4160575472955537,2073,1.0632943200656446,1.0788516903473986
TOI-2076_b,NIRISS_SOSS,obs10,SOSS_HDU4_ordem_2,jw05959010001_04102_00001-seg005_nis_x1dints.fits,seg005,4,254,60783.200626462894,TDB-MID,646.8910941470883,4.794051860118521,1778,0.5866384887837632,1.4160575472955537,2074,1.117249278566217,1.1335960796312352
TOI-2076_b,NIRISS_SOSS,obs10,SOSS_HDU4_ordem_2,jw05959010001_04102_00001-seg005_nis_x1dints.fits,seg005,4,255,60783.200703535906,TDB-MID,325.9412453838314,4.793701342141285,1778,0.5866384887837632,1.4160575472955537,2075,0.5629349739931011,0.5711714402938142
TOI-2076_b,NIRISS_SOSS,obs10,SOSS_HDU4_ordem_2,jw05959010001_04102_00001-seg005_nis_x1dints.fits,seg005,4,256,60783.20078060891,TDB-MID,558.1397234307087,4.79390179508006,1778,0.5866384887837632,1.4160575472955537,2076,0.9639662827083517,0.9780703554154212
TOI-2076_b,NIRISS_SOSS,obs10,SOSS_HDU4_ordem_2,jw05959010001_04102_00001-seg005_nis_x1dints.fits,seg005,4,257,60783.20085768191,TDB-MID,485.2611015008144,4.793709972311328,1778,0.5866384887837632,1.4160575472955537,2077,0.8380972013269954,0.8503596466792294
TOI-2076_b,NIRISS_SOSS,obs10,SOSS_HDU4_ordem_2,jw05959010001_04102_00001-seg005_nis_x1dints.fits,seg005,4,258,60783.20093475492,TDB-MID,615.8561899684445,4.793973706657896,1778,0.5866384887837632,1.4160575472955537,2078,1.063648719495794,1.0792112750992962
TOI-2076_b,NIRISS_SOSS,obs10,SOSS_HDU4_ordem_2,jw05959010001_04102_00001-seg005_nis_x1dints.fits,seg005,4,259,60783.20101182792,TDB-MID,638.8930155536318,4.793990459825815,1778,0.5866384887837632,1.4160575472955537,2079,1.10343575165372,1.1195804429650993
TOI-2076_b,NIRISS_SOSS,obs10,SOSS_HDU4_ordem_2,jw05959010001_04102_00001-seg005_nis_x1dints.fits,seg005,4,260,60783.20108890093,TDB-MID,452.5518454943475,4.793815993750799,1778,0.5866384887837632,1.4160575472955537,2080,0.7816048597160078,0.7930407490903342
TOI-2076_b,NIRISS_SOSS,obs10,SOSS_HDU4_ordem_2,jw05959010001_04102_00001-seg005_nis_x1dints.fits,seg005,4,261,60783.20116597394,TDB-MID,219.26580838911883,4.793585896414346,1778,0.5866384887837632,1.4160575472955537,2081,0.3786952215812693,0.3842360221619655
TOI-2076_b,NIRISS_SOSS,obs10,SOSS_HDU4_ordem_2,jw05959010001_04102_00001-seg005_nis_x1dints.fits,seg005,4,262,60783.20124304694,TDB-MID,780.5058498688729,4.794081983768752,1778,0.5866384887837632,1.4160575472955537,2082,1.3480160811804789,1.3677392988493073
TOI-2076_b,NIRISS_SOSS,obs10,SOSS_HDU4_ordem_2,jw05959010001_04102_00001-seg005_nis_x1dints.fits,seg005,4,263,60783.201320119944,TDB-MID,1176.0612374798459,4.796626472955502,1778,0.5866384887837632,1.4160575472955537,2083,2.031182035140658,2.0609008537537203
TOI-2076_b,NIRISS_SOSS,obs10,SOSS_HDU4_ordem_2,jw05959010001_04102_00001-seg005_nis_x1dints.fits,seg005,4,264,60783.20139719295,TDB-MID,582.9633311070293,4.793884942409593,1778,0.5866384887837632,1.4160575472955537,2084,1.0068392763524314,1.0215706363727324
TOI-2076_b,NIRISS_SOSS,obs10,SOSS_HDU4_ordem_2,jw05959010001_04102_00001-seg005_nis_x1dints.fits,seg005,4,265,60783.20147426596,TDB-MID,568.45957902561,4.793848006145672,1778,0.5866384887837632,1.4160575472955537,2085,0.9817897638516697,0.9961546171259101
TOI-2076_b,NIRISS_SOSS,obs10,SOSS_HDU4_ordem_2,jw05959010001_04102_00001-seg005_nis_x1dints.fits,seg005,4,266,60783.201551338956,TDB-MID,284.2379292230992,4.793535131190247,1778,0.5866384887837632,1.4160575472955537,2086,0.49090894006566116,0.4980915723915381
TOI-2076_b,NIRISS_SOSS,obs10,SOSS_HDU4_ordem_2,jw05959010001_04102_00001-seg005_nis_x1dints.fits,seg005,4,267,60783.20162841196,TDB-MID,546.7159197527301,4.7938790675458955,1778,0.5866384887837632,1.4160575472955537,2087,0.9442361665679653,0.9580515621734029
TOI-2076_b,NIRISS_SOSS,obs10,SOSS_HDU4_ordem_2,jw05959010001_04102_00001-seg005_nis_x1dints.fits,seg005,4,268,60783.201705484964,TDB-MID,1100.0003616256454,4.794598287328999,1778,0.5866384887837632,1.4160575472955537,2088,1.8998168649534524,1.927613641328386
TOI-2076_b,NIRISS_SOSS,obs10,SOSS_HDU4_ordem_2,jw05959010001_04102_00001-seg005_nis_x1dints.fits,seg005,4,269,60783.20178255797,TDB-MID,532.1745773454747,4.793904080517175,1778,0.5866384887837632,1.4160575472955537,2089,0.9191217316021991,0.9325696705619968
TOI-2076_b,NIRISS_SOSS,obs10,SOSS_HDU4_ordem_2,jw05959010001_04102_00001-seg005_nis_x1dints.fits,seg005,4,270,60783.20185963098,TDB-MID,610.678428780646,4.793909961164607,1778,0.5866384887837632,1.4160575472955537,2090,1.054706178774495,1.070137893448411
TOI-2076_b,NIRISS_SOSS,obs10,SOSS_HDU4_ordem_2,jw05959010001_04102_00001-seg005_nis_x1dints.fits,seg005,4,271,60783.20193670398,TDB-MID,61.800837650296046,4.793492224107285,1778,0.5866384887837632,1.4160575472955537,2091,0.10673657730690823,0.10829827139709026
TOI-2076_b,NIRISS_SOSS,obs10,SOSS_HDU4_ordem_2,jw05959010001_04102_00001-seg005_nis_x1dints.fits,seg005,4,272,60783.20201377699,TDB-MID,325.2697217718899,4.79367283272114,1778,0.5866384887837632,1.4160575472955537,2092,0.56177518175331,0.5699946787944457
TOI-2076_b,NIRISS_SOSS,obs10,SOSS_HDU4_ordem_2,jw05959010001_04102_00001-seg005_nis_x1dints.fits,seg005,4,273,60783.20209084999,TDB-MID,685.5899104859935,4.794018902962754,1778,0.5866384887837632,1.4160575472955537,2093,1.184086223806612,1.2014109357717302
TOI-2076_b,NIRISS_SOSS,obs10,SOSS_HDU4_ordem_2,jw05959010001_04102_00001-seg005_nis_x1dints.fits,seg005,4,274,60783.202167922995,TDB-MID,554.1000098406494,4.793528394185438,1778,0.5866384887837632,1.4160575472955537,2094,0.9569892704493428,0.9709912604488068
TOI-2076_b,NIRISS_SOSS,obs10,SOSS_HDU4_ordem_2,jw05959010001_04102_00001-seg005_nis_x1dints.fits,seg005,4,275,60783.202244996006,TDB-MID,475.4379243736344,4.7937861182323935,1778,0.5866384887837632,1.4160575472955537,2095,0.8211315363829754,0.833145752127819
TOI-2076_b,NIRISS_SOSS,obs10,SOSS_HDU4_ordem_2,jw05959010001_04102_00001-seg005_nis_x1dints.fits,seg005,4,276,60783.20232206901,TDB-MID,638.6159298247499,4.793976452236939,1778,0.5866384887837632,1.4160575472955537,2096,1.1029571953194388,1.119094884733081
TOI-2076_b,NIRISS_SOSS,obs10,SOSS_HDU4_ordem_2,jw05959010001_04102_00001-seg005_nis_x1dints.fits,seg005,4,277,60783.202399142014,TDB-MID,553.4127061645877,4.793852353776037,1778,0.5866384887837632,1.4160575472955537,2097,0.955802224371288,0.9697868463522935
TOI-2076_b,NIRISS_SOSS,obs10,SOSS_HDU4_ordem_2,jw05959010001_04102_00001-seg005_nis_x1dints.fits,seg005,4,278,60783.20247621501,TDB-MID,464.23447154407415,4.793768346124976,1778,0.5866384887837632,1.4160575472955537,2098,0.8017819894429602,0.8135130963054849
TOI-2076_b,NIRISS_SOSS,obs10,SOSS_HDU4_ordem_2,jw05959010001_04102_00001-seg005_nis_x1dints.fits,seg005,4,279,60783.202553288014,TDB-MID,784.1004046449168,4.794233325645745,1778,0.5866384887837632,1.4160575472955537,2099,1.3542242571263803,1.3740383084337808
TOI-2076_b,NIRISS_SOSS,obs10,SOSS_HDU4_ordem_2,jw05959010001_04102_00001-seg005_nis_x1dints.fits,seg005,4,280,60783.202630361026,TDB-MID,432.03975026737965,4.793713277343214,1778,0.5866384887837632,1.4160575472955537,2100,0.7461783036827592,0.7570958567511203
TOI-2076_b,NIRISS_SOSS,obs10,SOSS_HDU4_ordem_2,jw05959010001_04102_00001-seg005_nis_x1dints.fits,seg005,4,281,60783.20270743403,TDB-MID,649.3763597589784,4.794260791888362,1778,0.5866384887837632,1.4160575472955537,2101,1.1215415949036223,1.1379511981047636
TOI-2076_b,NIRISS_SOSS,obs10,SOSS_HDU4_ordem_2,jw05959010001_04102_00001-seg005_nis_x1dints.fits,seg005,4,282,60783.20278450703,TDB-MID,456.1635421649803,4.793770661590959,1778,0.5866384887837632,1.4160575472955537,2102,0.787842641525301,0.7993697977102486
TOI-2076_b,NIRISS_SOSS,obs10,SOSS_HDU4_ordem_2,jw05959010001_04102_00001-seg005_nis_x1dints.fits,seg005,4,283,60783.20286158004,TDB-MID,520.7948471926495,4.7938262398487455,1778,0.5866384887837632,1.4160575472955537,2103,0.8994677350971377,0.9126281106839582
TOI-2076_b,NIRISS_SOSS,obs10,SOSS_HDU4_ordem_2,jw05959010001_04102_00001-seg005_nis_x1dints.fits,seg005,4,284,60783.20293865304,TDB-MID,862.8473816617462,4.795585027958184,1778,0.5866384887837632,1.4160575472955537,2104,1.4902286078700286,1.5120325786235502
TOI-2076_b,NIRISS_SOSS,obs10,SOSS_HDU4_ordem_2,jw05959010001_04102_00001-seg005_nis_x1dints.fits,seg005,4,285,60783.20301572605,TDB-MID,769.2341567606595,4.79405584109713,1778,0.5866384887837632,1.4160575472955537,2105,1.3285486760680694,1.347987060437177
TOI-2076_b,NIRISS_SOSS,obs10,SOSS_HDU4_ordem_2,jw05959010001_04102_00001-seg005_nis_x1dints.fits,seg005,4,286,60783.203092799056,TDB-MID,453.8963552424343,4.79366228121811,1778,0.5866384887837632,1.4160575472955537,2106,0.7839269701294396,0.7953968349805979
TOI-2076_b,NIRISS_SOSS,obs10,SOSS_HDU4_ordem_2,jw05959010001_04102_00001-seg005_nis_x1dints.fits,seg005,4,287,60783.20316987206,TDB-MID,151.63421508526216,4.793385306438262,1778,0.5866384887837632,1.4160575472955537,2107,0.26188831310675453,0.2657200776357085
TOI-2076_b,NIRISS_SOSS,obs10,SOSS_HDU4_ordem_2,jw05959010001_04102_00001-seg005_nis_x1dints.fits,seg005,4,288,60783.203246945064,TDB-MID,222.3959043272104,4.7935017895574585,1778,0.5866384887837632,1.4160575472955537,2108,0.38410122803323116,0.38972112547594534
TOI-2076_b,NIRISS_SOSS,obs10,SOSS_HDU4_ordem_2,jw05959010001_04102_00001-seg005_nis_x1dints.fits,seg005,4,289,60783.20332401807,TDB-MID,342.99222197089045,4.7938113070351,1778,0.5866384887837632,1.4160575472955537,2109,0.5923838123881612,0.6010511532591918
TOI-2076_b,NIRISS_SOSS,obs10,SOSS_HDU4_ordem_2,jw05959010001_04102_00001-seg005_nis_x1dints.fits,seg005,4,290,60783.203401091065,TDB-MID,732.5992183240246,4.794146382774698,1778,0.5866384887837632,1.4160575472955537,2110,1.265276266061229,1.2837888932881047
TOI-2076_b,NIRISS_SOSS,obs10,SOSS_HDU4_ordem_2,jw05959010001_04102_00001-seg005_nis_x1dints.fits,seg005,4,291,60783.203478164076,TDB-MID,391.3029628538459,4.793677784749936,1778,0.5866384887837632,1.4160575472955537,2111,0.6758215670378003,0.6857097101082469
TOI-2076_b,NIRISS_SOSS,obs10,SOSS_HDU4_ordem_2,jw05959010001_04102_00001-seg005_nis_x1dints.fits,seg005,4,292,60783.20355523708,TDB-MID,310.31962759927853,4.79358388773238,1778,0.5866384887837632,1.4160575472955537,2112,0.535954789294716,0.5437965006195942
TOI-2076_b,NIRISS_SOSS,obs10,SOSS_HDU4_ordem_2,jw05959010001_04102_00001-seg005_nis_x1dints.fits,seg005,4,293,60783.203632310084,TDB-MID,284.53814188451406,4.795499516494606,1778,0.5866384887837632,1.4160575472955537,2113,0.4914274390563212,0.4986176576926262
TOI-2076_b,NIRISS_SOSS,obs10,SOSS_HDU4_ordem_2,jw05959010001_04102_00001-seg005_nis_x1dints.fits,seg005,4,294,60783.20370938309,TDB-MID,748.934749596969,4.796574482641928,1778,0.5866384887837632,1.4160575472955537,2114,1.2934894547955034,1.3124148774409994
TOI-2076_b,NIRISS_SOSS,obs10,SOSS_HDU4_ordem_2,jw05959010001_04102_00001-seg005_nis_x1dints.fits,seg005,4,295,60783.20378645609,TDB-MID,777.7548302645612,4.794124608517221,1778,0.5866384887837632,1.4160575472955537,2115,1.3432647796151185,1.36291847960067
TOI-2076_b,NIRISS_SOSS,obs10,SOSS_HDU4_ordem_2,jw05959010001_04102_00001-seg005_nis_x1dints.fits,seg005,4,296,60783.2038635291,TDB-MID,381.95525707861964,4.7937430229227145,1778,0.5866384887837632,1.4160575472955537,2116,0.6596770913631266,0.6693290198866355
TOI-2076_b,NIRISS_SOSS,obs10,SOSS_HDU4_ordem_2,jw05959010001_04102_00001-seg005_nis_x1dints.fits,seg005,4,297,60783.20394060211,TDB-MID,278.3681426677604,4.793462767110771,1778,0.5866384887837632,1.4160575472955537,2117,0.4807711984061682,0.4878055024678561
TOI-2076_b,NIRISS_SOSS,obs10,SOSS_HDU4_ordem_2,jw05959010001_04102_00001-seg005_nis_x1dints.fits,seg005,4,298,60783.20401767511,TDB-MID,783.9578317501591,4.794115488594482,1778,0.5866384887837632,1.4160575472955537,2118,1.3539780186710169,1.373788467191536
TOI-2076_b,NIRISS_SOSS,obs10,SOSS_HDU4_ordem_2,jw05959010001_04102_00001-seg005_nis_x1dints.fits,seg005,4,299,60783.204094748115,TDB-MID,577.5011834918018,4.793787824264981,1778,0.5866384887837632,1.4160575472955537,2119,0.997405570218973,1.0119989029248437
TOI-2076_b,NIRISS_SOSS,obs10,SOSS_HDU4_ordem_2,jw05959010001_04102_00001-seg005_nis_x1dints.fits,seg005,4,300,60783.20417182112,TDB-MID,466.0995557532616,4.793740863706789,1778,0.5866384887837632,1.4160575472955537,2120,0.8050031869614194,0.8167814241072527
TOI-2076_b,NIRISS_SOSS,obs10,SOSS_HDU4_ordem_2,jw05959010001_04102_00001-seg005_nis_x1dints.fits,seg005,4,301,60783.20424889412,TDB-MID,506.6805160060575,4.7938765340149585,1778,0.5866384887837632,1.4160575472955537,2121,0.8750907936330479,0.8878945030574176
TOI-2076_b,NIRISS_SOSS,obs10,SOSS_HDU4_ordem_2,jw05959010001_04102_00001-seg005_nis_x1dints.fits,seg005,4,302,60783.204325967126,TDB-MID,731.6870324091267,4.794054388281928,1778,0.5866384887837632,1.4160575472955537,2122,1.2637008245927053,1.2821904010745329
TOI-2076_b,NIRISS_SOSS,obs10,SOSS_HDU4_ordem_2,jw05959010001_04102_00001-seg005_nis_x1dints.fits,seg005,4,303,60783.20440304013,TDB-MID,189.75508870195918,4.7935209351016415,1778,0.5866384887837632,1.4160575472955537,2123,0.32772709019290897,0.33252216113166666
TOI-2076_b,NIRISS_SOSS,obs10,SOSS_HDU4_ordem_2,jw05959010001_04102_00001-seg005_nis_x1dints.fits,seg005,4,304,60783.204480113134,TDB-MID,777.4023748257263,4.794175186588773,1778,0.5866384887837632,1.4160575472955537,2124,1.3426560518271988,1.3623008453383916
TOI-2076_b,NIRISS_SOSS,obs10,SOSS_HDU4_ordem_2,jw05959010001_04102_00001-seg005_nis_x1dints.fits,seg005,4,305,60783.20455718614,TDB-MID,489.5250470802228,4.793853805136518,1778,0.5866384887837632,1.4160575472955537,2125,0.8454614859268951,0.8578316802816571
TOI-2076_b,NIRISS_SOSS,obs10,SOSS_HDU4_ordem_2,jw05959010001_04102_00001-seg005_nis_x1dints.fits,seg005,4,306,60783.20463425914,TDB-MID,617.6532432787518,4.7939433443159105,1778,0.5866384887837632,1.4160575472955537,2126,1.0667524204628525,1.0823603872232443
TOI-2076_b,NIRISS_SOSS,obs10,SOSS_HDU4_ordem_2,jw05959010001_04102_00001-seg005_nis_x1dints.fits,seg005,4,307,60783.20471133215,TDB-MID,498.1186311735117,4.794227108540337,1778,0.5866384887837632,1.4160575472955537,2127,0.8603035137665024,0.8728908661728739
TOI-2076_b,NIRISS_SOSS,obs10,SOSS_HDU4_ordem_2,jw05959010001_04102_00001-seg005_nis_x1dints.fits,seg005,4,308,60783.20478840516,TDB-MID,989.5464408613678,4.794487313509699,1778,0.5866384887837632,1.4160575472955537,2128,1.709051271787565,1.7340569009571634
TOI-2076_b,NIRISS_SOSS,obs10,SOSS_HDU4_ordem_2,jw05959010001_04102_00001-seg005_nis_x1dints.fits,seg005,4,309,60783.20486547816,TDB-MID,591.9013383163856,4.793993855938829,1778,0.5866384887837632,1.4160575472955537,2129,1.0222761593097387,1.037233380880911
TOI-2076_b,NIRISS_SOSS,obs10,SOSS_HDU4_ordem_2,jw05959010001_04102_00001-seg005_nis_x1dints.fits,seg005,4,310,60783.204942551165,TDB-MID,504.46169807646515,4.794351144857075,1778,0.5866384887837632,1.4160575472955537,2130,0.8712586605993178,0.8840063009641153
TOI-2076_b,NIRISS_SOSS,obs10,SOSS_HDU4_ordem_2,jw05959010001_04102_00001-seg005_nis_x1dints.fits,seg005,4,311,60783.20501962417,TDB-MID,585.5484184333543,4.7940084579182125,1778,0.5866384887837632,1.4160575472955537,2131,1.011303995339134,1.026100679969159
TOI-2076_b,NIRISS_SOSS,obs10,SOSS_HDU4_ordem_2,jw05959010001_04102_00001-seg005_nis_x1dints.fits,seg005,4,312,60783.20509669717,TDB-MID,406.75650469312166,4.7936137745861,1778,0.5866384887837632,1.4160575472955537,2132,0.7025114668175891,0.7127901176202988
TOI-2076_b,NIRISS_SOSS,obs10,SOSS_HDU4_ordem_2,jw05959010001_04102_00001-seg005_nis_x1dints.fits,seg005,4,313,60783.205173770184,TDB-MID,737.5612470015444,4.794047983791496,1778,0.5866384887837632,1.4160575472955537,2133,1.273846213940158,1.2924842305817348
TOI-2076_b,NIRISS_SOSS,obs10,SOSS_HDU4_ordem_2,jw05959010001_04102_00001-seg005_nis_x1dints.fits,seg005,4,314,60783.20525084319,TDB-MID,499.59229060968175,4.793878285692586,1778,0.5866384887837632,1.4160575472955537,2134,0.8628486793388992,0.8754732708073921
TOI-2076_b,NIRISS_SOSS,obs10,SOSS_HDU4_ordem_2,jw05959010001_04102_00001-seg005_nis_x1dints.fits,seg005,4,315,60783.205327916185,TDB-MID,616.678143173229,4.79389089610952,1778,0.5866384887837632,1.4160575472955537,2135,1.0650683195387836,1.0806516457258428
TOI-2076_b,NIRISS_SOSS,obs10,SOSS_HDU4_ordem_2,jw05959010001_04102_00001-seg005_nis_x1dints.fits,seg005,4,316,60783.20540498919,TDB-MID,198.4192899623294,4.793453415484804,1778,0.5866384887837632,1.4160575472955537,2136,0.3426910813423993,0.34770509481363576
TOI-2076_b,NIRISS_SOSS,obs10,SOSS_HDU4_ordem_2,jw05959010001_04102_00001-seg005_nis_x1dints.fits,seg005,4,317,60783.20548206219,TDB-MID,498.0319393282288,4.793835773392999,1778,0.5866384887837632,1.4160575472955537,2137,0.8601537877887045,0.8727389495104901
TOI-2076_b,NIRISS_SOSS,obs10,SOSS_HDU4_ordem_2,jw05959010001_04102_00001-seg005_nis_x1dints.fits,seg005,4,318,60783.2055591352,TDB-MID,618.4728605940006,4.794502803150636,1778,0.5866384887837632,1.4160575472955537,2138,1.068167986177773,1.0837966644942878
TOI-2076_b,NIRISS_SOSS,obs10,SOSS_HDU4_ordem_2,jw05959010001_04102_00001-seg005_nis_x1dints.fits,seg005,4,319,60783.2056362082,TDB-MID,791.2295775540762,4.7940916741657364,1778,0.5866384887837632,1.4160575472955537,2139,1.366537092102156,1.386531296100417
TOI-2076_b,NIRISS_SOSS,obs10,SOSS_HDU4_ordem_2,jw05959010001_04102_00001-seg005_nis_x1dints.fits,seg005,4,320,60783.20571328121,TDB-MID,538.8400182987783,4.793864050794661,1778,0.5866384887837632,1.4160575472955537,2140,0.930633652486228,0.9442500257284885
TOI-2076_b,NIRISS_SOSS,obs10,SOSS_HDU4_ordem_2,jw05959010001_04102_00001-seg005_nis_x1dints.fits,seg005,4,321,60783.205790354215,TDB-MID,716.6620690679553,4.794059518221767,1778,0.5866384887837632,1.4160575472955537,2141,1.2377511251683526,1.2558610240058756
TOI-2076_b,NIRISS_SOSS,obs10,SOSS_HDU4_ordem_2,jw05959010001_04102_00001-seg005_nis_x1dints.fits,seg005,4,322,60783.20586742722,TDB-MID,468.12643448857244,4.793780072493022,1778,0.5866384887837632,1.4160575472955537,2142,0.8085038207238194,0.8203332766664007
TOI-2076_b,NIRISS_SOSS,obs10,SOSS_HDU4_ordem_2,jw05959010001_04102_00001-seg005_nis_x1dints.fits,seg005,4,323,60783.20594450022,TDB-MID,965.9205284459179,4.796231052343611,1778,0.5866384887837632,1.4160575472955537,2143,1.6682468244231556,1.6926554317853288
TOI-2076_b,NIRISS_SOSS,obs10,SOSS_HDU4_ordem_2,jw05959010001_04102_00001-seg005_nis_x1dints.fits,seg005,4,324,60783.20602157323,TDB-MID,698.7038318302282,4.794119934211861,1778,0.5866384887837632,1.4160575472955537,2144,1.2067353517565618,1.2243914497391037
TOI-2076_b,NIRISS_SOSS,obs10,SOSS_HDU4_ordem_2,jw05959010001_04102_00001-seg005_nis_x1dints.fits,seg005,4,325,60783.20609864623,TDB-MID,699.5957949129004,4.794075149088352,1778,0.5866384887837632,1.4160575472955537,2145,1.2082758662568225,1.2259545039577218
TOI-2076_b,NIRISS_SOSS,obs10,SOSS_HDU4_ordem_2,jw05959010001_04102_00001-seg005_nis_x1dints.fits,seg005,4,326,60783.206175719235,TDB-MID,738.9388568563782,4.794049459131505,1778,0.5866384887837632,1.4160575472955537,2146,1.2762254917357319,1.294898320286834
TOI-2076_b,NIRISS_SOSS,obs10,SOSS_HDU4_ordem_2,jw05959010001_04102_00001-seg005_nis_x1dints.fits,seg005,4,327,60783.20625279224,TDB-MID,717.1192401760349,4.794183734029135,1778,0.5866384887837632,1.4160575472955537,2147,1.238540707982685,1.2566621594373706
TOI-2076_b,NIRISS_SOSS,obs10,SOSS_HDU4_ordem_2,jw05959010001_04102_00001-seg005_nis_x1dints.fits,seg005,4,328,60783.20632986524,TDB-MID,736.6042919496315,4.79412444089423,1778,0.5866384887837632,1.4160575472955537,2148,1.2721934514411168,1.2908072860310262
TOI-2076_b,NIRISS_SOSS,obs10,SOSS_HDU4_ordem_2,jw05959010001_04102_00001-seg005_nis_x1dints.fits,seg005,4,329,60783.20640693825,TDB-MID,476.9839093625852,4.7936996239009915,1778,0.5866384887837632,1.4160575472955537,2149,0.8238016158278885,0.8358548982862679
TOI-2076_b,NIRISS_SOSS,obs10,SOSS_HDU4_ordem_2,jw05959010001_04102_00001-seg005_nis_x1dints.fits,seg005,4,330,60783.20648401125,TDB-MID,713.7090529773099,4.794049004990693,1778,0.5866384887837632,1.4160575472955537,2150,1.232650954325503,1.2506862310712825
TOI-2076_b,NIRISS_SOSS,obs10,SOSS_HDU4_ordem_2,jw05959010001_04102_00001-seg005_nis_x1dints.fits,seg005,4,331,60783.206561084255,TDB-MID,421.7318233489411,4.793781275113414,1778,0.5866384887837632,1.4160575472955537,2151,0.7283754246242322,0.7390324985605525
TOI-2076_b,NIRISS_SOSS,obs10,SOSS_HDU4_ordem_2,jw05959010001_04102_00001-seg005_nis_x1dints.fits,seg005,4,332,60783.20663815726,TDB-MID,575.1101429041598,4.793926604570976,1778,0.5866384887837632,1.4160575472955537,2152,0.9932759904554925,1.007808902071665
TOI-2076_b,NIRISS_SOSS,obs10,SOSS_HDU4_ordem_2,jw05959010001_04102_00001-seg005_nis_x1dints.fits,seg005,4,333,60783.20671523027,TDB-MID,510.07560264951917,4.793749200985194,1778,0.5866384887837632,1.4160575472955537,2153,0.8809544670355679,0.8938439695810075
TOI-2076_b,NIRISS_SOSS,obs10,SOSS_HDU4_ordem_2,jw05959010001_04102_00001-seg005_nis_x1dints.fits,seg005,4,334,60783.206792303274,TDB-MID,557.6265942984645,4.79389174311738,1778,0.5866384887837632,1.4160575472955537,2154,0.9630800544730302,0.9771711605155075
TOI-2076_b,NIRISS_SOSS,obs10,SOSS_HDU4_ordem_2,jw05959010001_04102_00001-seg005_nis_x1dints.fits,seg005,4,335,60783.20686937628,TDB-MID,560.3520526027582,4.793849608322561,1778,0.5866384887837632,1.4160575472955537,2155,0.9677872089721183,0.98194718676923
TOI-2076_b,NIRISS_SOSS,obs10,SOSS_HDU4_ordem_2,jw05959010001_04102_00001-seg005_nis_x1dints.fits,seg005,4,336,60783.20694644928,TDB-MID,951.281320532926,4.7942860499188225,1778,0.5866384887837632,1.4160575472955537,2156,1.642963365387233,1.667002043063145
TOI-2076_b,NIRISS_SOSS,obs10,SOSS_HDU4_ordem_2,jw05959010001_04102_00001-seg005_nis_x1dints.fits,seg005,4,337,60783.207023522285,TDB-MID,479.6845329177096,4.793815012282128,1778,0.5866384887837632,1.4160575472955537,2157,0.8284658780907966,0.8405874047349541
TOI-2076_b,NIRISS_SOSS,obs10,SOSS_HDU4_ordem_2,jw05959010001_04102_00001-seg005_nis_x1dints.fits,seg005,4,338,60783.20710059529,TDB-MID,576.8903070985493,4.793930952504536,1778,0.5866384887837632,1.4160575472955537,2158,0.9963505221346362,1.0109284181233127
TOI-2076_b,NIRISS_SOSS,obs10,SOSS_HDU4_ordem_2,jw05959010001_04102_00001-seg005_nis_x1dints.fits,seg005,4,339,60783.207177668286,TDB-MID,783.0453999383034,4.795658903188675,1778,0.5866384887837632,1.4160575472955537,2159,1.3524021525124623,1.372189544074169
TOI-2076_b,NIRISS_SOSS,obs10,SOSS_HDU4_ordem_2,jw05959010001_04102_00001-seg005_nis_x1dints.fits,seg005,4,340,60783.2072547413,TDB-MID,900.9829009513364,4.794359829484325,1778,0.5866384887837632,1.4160575472955537,2160,1.5560926795809231,1.5788603268373032
TOI-2076_b,NIRISS_SOSS,obs10,SOSS_HDU4_ordem_2,jw05959010001_04102_00001-seg005_nis_x1dints.fits,seg005,4,341,60783.2073318143,TDB-MID,751.41925132293,4.794153546174213,1778,0.5866384887837632,1.4160575472955537,2161,1.297780451821187,1.3167686572995703
TOI-2076_b,NIRISS_SOSS,obs10,SOSS_HDU4_ordem_2,jw05959010001_04102_00001-seg005_nis_x1dints.fits,seg005,4,342,60783.207408887305,TDB-MID,409.7388790468086,4.793632426983542,1778,0.5866384887837632,1.4160575472955537,2162,0.7076623424830895,0.7180163572546375
TOI-2076_b,NIRISS_SOSS,obs10,SOSS_HDU4_ordem_2,jw05959010001_04102_00001-seg005_nis_x1dints.fits,seg005,4,343,60783.20748596031,TDB-MID,747.020730375662,4.794103070515708,1778,0.5866384887837632,1.4160575472955537,2163,1.2901837413400001,1.309060797124786
TOI-2076_b,NIRISS_SOSS,obs10,SOSS_HDU4_ordem_2,jw05959010001_04102_00001-seg005_nis_x1dints.fits,seg005,4,344,60783.20756303331,TDB-MID,533.8058569478479,4.794128229714206,1778,0.5866384887837632,1.4160575472955537,2164,0.9219391238578372,0.9354282849080031
TOI-2076_b,NIRISS_SOSS,obs10,SOSS_HDU4_ordem_2,jw05959010001_04102_00001-seg005_nis_x1dints.fits,seg005,4,345,60783.20764010632,TDB-MID,748.6072630972595,4.794137627097952,1778,0.5866384887837632,1.4160575472955537,2165,1.292923851003998,1.3118409981349437
TOI-2076_b,NIRISS_SOSS,obs10,SOSS_HDU4_ordem_2,jw05959010001_04102_00001-seg005_nis_x1dints.fits,seg005,4,346,60783.20771717932,TDB-MID,925.7073671973371,4.794164279970401,1778,0.5866384887837632,1.4160575472955537,2166,1.59879444549826,1.6221868747849062
TOI-2076_b,NIRISS_SOSS,obs10,SOSS_HDU4_ordem_2,jw05959010001_04102_00001-seg005_nis_x1dints.fits,seg005,4,347,60783.20779425233,TDB-MID,445.4151881067262,4.794460519167552,1778,0.5866384887837632,1.4160575472955537,2167,0.7692790982550204,0.7805346458072995
TOI-2076_b,NIRISS_SOSS,obs10,SOSS_HDU4_ordem_2,jw05959010001_04102_00001-seg005_nis_x1dints.fits,seg005,4,348,60783.207871325336,TDB-MID,1008.8788389898431,4.7946221686536585,1778,0.5866384887837632,1.4160575472955537,2168,1.7424403662694914,1.7679345210490034
TOI-2076_b,NIRISS_SOSS,obs10,SOSS_HDU4_ordem_2,jw05959010001_04102_00001-seg005_nis_x1dints.fits,seg005,4,349,60783.20794839834,TDB-MID,15.208642546246296,4.793401669411291,1778,0.5866384887837632,1.4160575472955537,2169,0.026266932821464358,0.02665125200041403
TOI-2076_b,NIRISS_SOSS,obs10,SOSS_HDU4_ordem_2,jw05959010001_04102_00001-seg005_nis_x1dints.fits,seg005,4,350,60783.20802547134,TDB-MID,492.4599723320878,4.793784240883848,1778,0.5866384887837632,1.4160575472955537,2170,0.8505304119794561,0.862974771274294
TOI-2076_b,NIRISS_SOSS,obs10,SOSS_HDU4_ordem_2,jw05959010001_04102_00001-seg005_nis_x1dints.fits,seg005,4,351,60783.20810254434,TDB-MID,552.3122089181475,4.794004194124523,1778,0.5866384887837632,1.4160575472955537,2171,0.9539015493337525,0.9678583619822089
TOI-2076_b,NIRISS_SOSS,obs10,SOSS_HDU4_ordem_2,jw05959010001_04102_00001-seg005_nis_x1dints.fits,seg005,4,352,60783.208179617344,TDB-MID,634.985711254468,4.793870283207446,1778,0.5866384887837632,1.4160575472955537,2172,1.0966874242321853,1.1127333787907219
TOI-2076_b,NIRISS_SOSS,obs10,SOSS_HDU4_ordem_2,jw05959010001_04102_00001-seg005_nis_x1dints.fits,seg005,4,353,60783.20825669035,TDB-MID,517.0562316980538,4.793734757382113,1778,0.5866384887837632,1.4160575472955537,2173,0.8930107510669575,0.9060766526313317
TOI-2076_b,NIRISS_SOSS,obs10,SOSS_HDU4_ordem_2,jw05959010001_04102_00001-seg005_nis_x1dints.fits,seg005,4,354,60783.20833376336,TDB-MID,513.7370835019778,4.793861623825223,1778,0.5866384887837632,1.4160575472955537,2174,0.8872782313877222,0.9002602587795232
TOI-2076_b,NIRISS_SOSS,obs10,SOSS_HDU4_ordem_2,jw05959010001_04102_00001-seg005_nis_x1dints.fits,seg005,4,355,60783.20841083636,TDB-MID,261.1078525765605,4.793555546050736,1778,0.5866384887837632,1.4160575472955537,2175,0.4509608534706543,0.4575589936540662
TOI-2076_b,NIRISS_SOSS,obs10,SOSS_HDU4_ordem_2,jw05959010001_04102_00001-seg005_nis_x1dints.fits,seg005,4,356,60783.20848790937,TDB-MID,989.5586992772471,4.795980301976852,1778,0.5866384887837632,1.4160575472955537,2176,1.7090724433671731,1.7340783823043469
TOI-2076_b,NIRISS_SOSS,obs10,SOSS_HDU4_ordem_2,jw05959010001_04102_00001-seg005_nis_x1dints.fits,seg005,4,357,60783.20856498237,TDB-MID,510.2255043566819,4.793778685721259,1778,0.5866384887837632,1.4160575472955537,2177,0.881213363124413,0.8941066536542729
TOI-2076_b,NIRISS_SOSS,obs10,SOSS_HDU4_ordem_2,jw05959010001_04102_00001-seg005_nis_x1dints.fits,seg005,4,358,60783.208642055375,TDB-MID,350.9777830692814,4.793606381259296,1778,0.5866384887837632,1.4160575472955537,2178,0.6061757202639172,0.6150448545741358
TOI-2076_b,NIRISS_SOSS,obs10,SOSS_HDU4_ordem_2,jw05959010001_04102_00001-seg005_nis_x1dints.fits,seg005,4,359,60783.20871912838,TDB-MID,273.80453042278475,4.793503661909743,1778,0.5866384887837632,1.4160575472955537,2179,0.47288935780813446,0.47980834035406567
TOI-2076_b,NIRISS_SOSS,obs10,SOSS_HDU4_ordem_2,jw05959010001_04102_00001-seg005_nis_x1dints.fits,seg005,4,360,60783.20879620138,TDB-MID,927.7176767554339,4.794321703091433,1778,0.5866384887837632,1.4160575472955537,2180,1.6022664625406955,1.6257096919244873
TOI-2076_b,NIRISS_SOSS,obs10,SOSS_HDU4_ordem_2,jw05959010001_04102_00001-seg005_nis_x1dints.fits,seg005,4,361,60783.20887327439,TDB-MID,524.9744360594636,4.793869494449524,1778,0.5866384887837632,1.4160575472955537,2181,0.9066863267401535,0.9199523196532249
TOI-2076_b,NIRISS_SOSS,obs10,SOSS_HDU4_ordem_2,jw05959010001_04102_00001-seg005_nis_x1dints.fits,seg005,4,362,60783.2089503474,TDB-MID,334.883253293808,4.79364342178689,1778,0.5866384887837632,1.4160575472955537,2182,0.5783787665831459,0.5868411955315886
TOI-2076_b,NIRISS_SOSS,obs10,SOSS_HDU4_ordem_2,jw05959010001_04102_00001-seg005_nis_x1dints.fits,seg005,4,363,60783.209027420395,TDB-MID,412.1152047299087,4.793719832571545,1778,0.5866384887837632,1.4160575472955537,2183,0.7117665080514568,0.7221805720701793
TOI-2076_b,NIRISS_SOSS,obs10,SOSS_HDU4_ordem_2,jw05959010001_04102_00001-seg005_nis_x1dints.fits,seg005,4,364,60783.2091044934,TDB-MID,817.9840521656943,4.7937875961237255,1778,0.5866384887837632,1.4160575472955537,2184,1.4127448969841503,1.4334151808945206
TOI-2076_b,NIRISS_SOSS,obs10,SOSS_HDU4_ordem_2,jw05959010001_04102_00001-seg005_nis_x1dints.fits,seg005,4,365,60783.2091815664,TDB-MID,653.3569714674495,4.794002142131598,1778,0.5866384887837632,1.4160575472955537,2185,1.1284165319676505,1.1449267243843555
TOI-2076_b,NIRISS_SOSS,obs10,SOSS_HDU4_ordem_2,jw05959010001_04102_00001-seg005_nis_x1dints.fits,seg005,4,366,60783.20925863941,TDB-MID,454.98797029581795,4.793751791059462,1778,0.5866384887837632,1.4160575472955537,2186,0.7858123046809578,0.797309754413526
TOI-2076_b,NIRISS_SOSS,obs10,SOSS_HDU4_ordem_2,jw05959010001_04102_00001-seg005_nis_x1dints.fits,seg005,4,367,60783.20933571241,TDB-MID,155.05559528571047,4.7934485626326,1778,0.5866384887837632,1.4160575472955537,2187,0.26779739826071164,0.27171562034335667
TOI-2076_b,NIRISS_SOSS,obs10,SOSS_HDU4_ordem_2,jw05959010001_04102_00001-seg005_nis_x1dints.fits,seg005,4,368,60783.209412785414,TDB-MID,507.98447767895937,4.793792130081087,1778,0.5866384887837632,1.4160575472955537,2188,0.8773428732357953,0.8901795334957171
TOI-2076_b,NIRISS_SOSS,obs10,SOSS_HDU4_ordem_2,jw05959010001_04102_00001-seg005_nis_x1dints.fits,seg005,4,369,60783.20948985842,TDB-MID,516.3956585361902,4.793636049135476,1778,0.5866384887837632,1.4160575472955537,2189,0.8918698714116187,0.9049190804319719
TOI-2076_b,NIRISS_SOSS,obs10,SOSS_HDU4_ordem_2,jw05959010001_04102_00001-seg005_nis_x1dints.fits,seg005,4,370,60783.20956693142,TDB-MID,697.3253008790023,4.794050686910533,1778,0.5866384887837632,1.4160575472955537,2190,1.2043544831301833,1.2219757459272893
TOI-2076_b,NIRISS_SOSS,obs10,SOSS_HDU4_ordem_2,jw05959010001_04102_00001-seg005_nis_x1dints.fits,seg005,4,371,60783.20964400443,TDB-MID,658.4654339341514,4.796778460564226,1778,0.5866384887837632,1.4160575472955537,2191,1.1372393864746064,1.1538786686568792
TOI-2076_b,NIRISS_SOSS,obs10,SOSS_HDU4_ordem_2,jw05959010001_04102_00001-seg005_nis_x1dints.fits,seg005,4,372,60783.20972107744,TDB-MID,642.857662531515,4.794078438588411,1778,0.5866384887837632,1.4160575472955537,2192,1.1102831159409807,1.1265279930425598
TOI-2076_b,NIRISS_SOSS,obs10,SOSS_HDU4_ordem_2,jw05959010001_04102_00001-seg005_nis_x1dints.fits,seg005,4,373,60783.20979815044,TDB-MID,497.73742940497476,4.793790755468401,1778,0.5866384887837632,1.4160575472955537,2193,0.8596451380294742,0.8722228575478183
TOI-2076_b,NIRISS_SOSS,obs10,SOSS_HDU4_ordem_2,jw05959010001_04102_00001-seg005_nis_x1dints.fits,seg005,4,374,60783.209875223445,TDB-MID,442.1745368441551,4.79377217303188,1778,0.5866384887837632,1.4160575472955537,2194,0.7636821510749607,0.7748558080555662
TOI-2076_b,NIRISS_SOSS,obs10,SOSS_HDU4_ordem_2,jw05959010001_04102_00001-seg005_nis_x1dints.fits,seg005,4,375,60783.20995229644,TDB-MID,424.69368679524496,4.793841256017873,1778,0.5866384887837632,1.4160575472955537,2195,0.7334908757852312,0.7442227953841005
TOI-2076_b,NIRISS_SOSS,obs10,SOSS_HDU4_ordem_2,jw05959010001_04102_00001-seg005_nis_x1dints.fits,seg005,4,376,60783.210029369446,TDB-MID,301.08384636012534,4.793661972814371,1778,0.5866384887837632,1.4160575472955537,2196,0.5200036191212508,0.5276119442085343
TOI-2076_b,NIRISS_SOSS,obs10,SOSS_HDU4_ordem_2,jw05959010001_04102_00001-seg005_nis_x1dints.fits,seg005,4,377,60783.21010644245,TDB-MID,689.7103923188415,4.7941864342884095,1778,0.5866384887837632,1.4160575472955537,2197,1.1912027313559461,1.208631567025074
TOI-2076_b,NIRISS_SOSS,obs10,SOSS_HDU4_ordem_2,jw05959010001_04102_00001-seg005_nis_x1dints.fits,seg005,4,378,60783.21018351545,TDB-MID,697.7877312017654,4.794090059349325,1778,0.5866384887837632,1.4160575472955537,2198,1.2051531491640317,1.2227860974775422
TOI-2076_b,NIRISS_SOSS,obs10,SOSS_HDU4_ordem_2,jw05959010001_04102_00001-seg005_nis_x1dints.fits,seg005,4,379,60783.21026058846,TDB-MID,469.3523730263179,4.793760884706773,1778,0.5866384887837632,1.4160575472955537,2199,0.8106211461272067,0.8224815812772245
TOI-2076_b,NIRISS_SOSS,obs10,SOSS_HDU4_ordem_2,jw05959010001_04102_00001-seg005_nis_x1dints.fits,seg005,4,380,60783.21033766147,TDB-MID,913.5434522564659,4.794316269265096,1778,0.5866384887837632,1.4160575472955537,2200,1.5777860789970217,1.6008711287270325
TOI-2076_b,NIRISS_SOSS,obs10,SOSS_HDU4_ordem_2,jw05959010001_04102_00001-seg005_nis_x1dints.fits,seg005,4,381,60783.21041473447,TDB-MID,716.6578978057888,4.794031124769733,1778,0.5866384887837632,1.4160575472955537,2201,1.237743920957801,1.2558537143884119
TOI-2076_b,NIRISS_SOSS,obs10,SOSS_HDU4_ordem_2,jw05959010001_04102_00001-seg005_nis_x1dints.fits,seg005,4,382,60783.21049180748,TDB-MID,303.3488636189728,4.793535033008065,1778,0.5866384887837632,1.4160575472955537,2202,0.5239155432786299,0.53158110487276
TOI-2076_b,NIRISS_SOSS,obs10,SOSS_HDU4_ordem_2,jw05959010001_04102_00001-seg005_nis_x1dints.fits,seg005,4,383,60783.21056888048,TDB-MID,30.97357122982308,4.793289183068837,1778,0.5866384887837632,1.4160575472955537,2203,0.05349463058656784,0.054277326177445726
TOI-2076_b,NIRISS_SOSS,obs10,SOSS_HDU4_ordem_2,jw05959010001_04102_00001-seg005_nis_x1dints.fits,seg005,4,384,60783.210645953484,TDB-MID,679.3391891065289,4.793978106175836,1778,0.5866384887837632,1.4160575472955537,2204,1.173290567451298,1.190457325009828
TOI-2076_b,NIRISS_SOSS,obs10,SOSS_HDU4_ordem_2,jw05959010001_04102_00001-seg005_nis_x1dints.fits,seg005,4,385,60783.21072302649,TDB-MID,422.6569764605996,4.793680220300155,1778,0.5866384887837632,1.4160575472955537,2205,0.729973261811845,0.7406537141715318
TOI-2076_b,NIRISS_SOSS,obs10,SOSS_HDU4_ordem_2,jw05959010001_04102_00001-seg005_nis_x1dints.fits,seg005,4,386,60783.21080009949,TDB-MID,573.1750655887469,4.794427576263244,1778,0.5866384887837632,1.4160575472955537,2206,0.9899339074461948,1.0044179200680747
TOI-2076_b,NIRISS_SOSS,obs10,SOSS_HDU4_ordem_2,jw05959010001_04102_00001-seg005_nis_x1dints.fits,seg005,4,387,60783.21087717249,TDB-MID,498.27796264380527,4.793712623545904,1778,0.5866384887837632,1.4160575472955537,2207,0.8605786960527465,0.8731700747316574
TOI-2076_b,NIRISS_SOSS,obs10,SOSS_HDU4_ordem_2,jw05959010001_04102_00001-seg005_nis_x1dints.fits,seg005,4,388,60783.21095424549,TDB-MID,997.907446561551,4.794483836198673,1778,0.5866384887837632,1.4160575472955537,2208,1.7234916121650037,1.7487085221794318
TOI-2076_b,NIRISS_SOSS,obs10,SOSS_HDU4_ordem_2,jw05959010001_04102_00001-seg005_nis_x1dints.fits,seg005,4,389,60783.2110313185,TDB-MID,635.3597230896494,4.793955537850973,1778,0.5866384887837632,1.4160575472955537,2209,1.0973333821945261,1.1133887879529956
TOI-2076_b,NIRISS_SOSS,obs10,SOSS_HDU4_ordem_2,jw05959010001_04102_00001-seg005_nis_x1dints.fits,seg005,4,390,60783.21110839151,TDB-MID,592.1925216987167,4.793974876971173,1778,0.5866384887837632,1.4160575472955537,2210,1.0227790637812695,1.0377436434948981
TOI-2076_b,NIRISS_SOSS,obs10,SOSS_HDU4_ordem_2,jw05959010001_04102_00001-seg005_nis_x1dints.fits,seg005,4,391,60783.21118546451,TDB-MID,654.965266719494,4.7939750912564065,1778,0.5866384887837632,1.4160575472955537,2211,1.1311942278214437,1.147745061518848
TOI-2076_b,NIRISS_SOSS,obs10,SOSS_HDU4_ordem_2,jw05959010001_04102_00001-seg005_nis_x1dints.fits,seg005,4,392,60783.211262537516,TDB-MID,468.0233034979988,4.793856496811856,1778,0.5866384887837632,1.4160575472955537,2212,0.8083257026049294,0.8201525524492016
TOI-2076_b,NIRISS_SOSS,obs10,SOSS_HDU4_ordem_2,jw05959010001_04102_00001-seg005_nis_x1dints.fits,seg005,4,393,60783.21133961052,TDB-MID,442.01694292535694,4.79372811810419,1778,0.5866384887837632,1.4160575472955537,2213,0.7634099697237615,0.7745796443393863
TOI-2076_b,NIRISS_SOSS,obs10,SOSS_HDU4_ordem_2,jw05959010001_04102_00001-seg005_nis_x1dints.fits,seg005,4,394,60783.21141668352,TDB-MID,400.90941254429697,4.79363567225555,1778,0.5866384887837632,1.4160575472955537,2214,0.6924129207963338,0.7025438168177047
TOI-2076_b,NIRISS_SOSS,obs10,SOSS_HDU4_ordem_2,jw05959010001_04102_00001-seg005_nis_x1dints.fits,seg005,4,395,60783.21149375653,TDB-MID,704.8656135896715,4.794086864239888,1778,0.5866384887837632,1.4160575472955537,2215,1.2173773999895758,1.2351892048933277
TOI-2076_b,NIRISS_SOSS,obs10,SOSS_HDU4_ordem_2,jw05959010001_04102_00001-seg005_nis_x1dints.fits,seg005,4,396,60783.21157082953,TDB-MID,537.1213498325233,4.7939367157436505,1778,0.5866384887837632,1.4160575472955537,2216,0.9276653304280155,0.9412382732818091
TOI-2076_b,NIRISS_SOSS,obs10,SOSS_HDU4_ordem_2,jw05959010001_04102_00001-seg005_nis_x1dints.fits,seg005,4,397,60783.211647902535,TDB-MID,868.6984956695743,4.79424322130195,1778,0.5866384887837632,1.4160575472955537,2217,1.5003341000667851,1.5222859272331712
TOI-2076_b,NIRISS_SOSS,obs10,SOSS_HDU4_ordem_2,jw05959010001_04102_00001-seg005_nis_x1dints.fits,seg005,4,398,60783.21172497554,TDB-MID,637.6246166091856,4.7940002958505685,1778,0.5866384887837632,1.4160575472955537,2218,1.1012450926410389,1.1173577317794887
TOI-2076_b,NIRISS_SOSS,obs10,SOSS_HDU4_ordem_2,jw05959010001_04102_00001-seg005_nis_x1dints.fits,seg005,4,399,60783.211802048536,TDB-MID,601.585717029778,4.793970726809803,1778,0.5866384887837632,1.4160575472955537,2219,1.0390021047258917,1.0542040484979083
TOI-2076_b,NIRISS_SOSS,obs10,SOSS_HDU4_ordem_2,jw05959010001_04102_00001-seg005_nis_x1dints.fits,seg005,4,400,60783.21187912155,TDB-MID,496.7543541205499,4.793874602291986,1778,0.5866384887837632,1.4160575472955537,2220,0.8579472631286795,0.8705001405426078
TOI-2076_b,NIRISS_SOSS,obs10,SOSS_HDU4_ordem_2,jw05959010001_04102_00001-seg005_nis_x1dints.fits,seg005,4,401,60783.21195619455,TDB-MID,603.5376653138856,4.794139118304124,1778,0.5866384887837632,1.4160575472955537,2221,1.0423733256809322,1.05762459477305
TOI-2076_b,NIRISS_SOSS,obs10,SOSS_HDU4_ordem_2,jw05959010001_04102_00001-seg005_nis_x1dints.fits,seg005,4,402,60783.212033267555,TDB-MID,610.1743913616788,4.79395596456899,1778,0.5866384887837632,1.4160575472955537,2222,1.053835652888752,1.0692546306437467
TOI-2076_b,NIRISS_SOSS,obs10,SOSS_HDU4_ordem_2,jw05959010001_04102_00001-seg005_nis_x1dints.fits,seg005,4,403,60783.21211034056,TDB-MID,863.4779577478669,4.794318123757385,1778,0.5866384887837632,1.4160575472955537,2223,1.4913176794056762,1.513137584683462
TOI-2076_b,NIRISS_SOSS,obs10,SOSS_HDU4_ordem_2,jw05959010001_04102_00001-seg005_nis_x1dints.fits,seg005,4,404,60783.21218741356,TDB-MID,573.5264061839973,4.793878658166945,1778,0.5866384887837632,1.4160575472955537,2224,0.9905407097814352,1.0050336007058123
TOI-2076_b,NIRISS_SOSS,obs10,SOSS_HDU4_ordem_2,jw05959010001_04102_00001-seg005_nis_x1dints.fits,seg005,4,405,60783.21226448657,TDB-MID,698.7817888393052,4.797018986084554,1778,0.5866384887837632,1.4160575472955537,2225,1.206869991749195,1.2245280596888606
TOI-2076_b,NIRISS_SOSS,obs10,SOSS_HDU4_ordem_2,jw05959010001_04102_00001-seg005_nis_x1dints.fits,seg005,4,406,60783.21234155957,TDB-MID,435.80368931066664,4.793719420595615,1778,0.5866384887837632,1.4160575472955537,2226,0.7526790241575465,0.763691691169071
TOI-2076_b,NIRISS_SOSS,obs10,SOSS_HDU4_ordem_2,jw05959010001_04102_00001-seg005_nis_x1dints.fits,seg005,4,407,60783.212418632575,TDB-MID,495.1579754175701,4.793748343005075,1778,0.5866384887837632,1.4160575472955537,2227,0.8551901484143795,0.867702685676282
TOI-2076_b,NIRISS_SOSS,obs10,SOSS_HDU4_ordem_2,jw05959010001_04102_00001-seg005_nis_x1dints.fits,seg005,4,408,60783.21249570558,TDB-MID,649.4326024058878,4.793981026719109,1778,0.5866384887837632,1.4160575472955537,2228,1.1216387318981684,1.138049756339096
TOI-2076_b,NIRISS_SOSS,obs10,SOSS_HDU4_ordem_2,jw05959010001_04102_00001-seg005_nis_x1dints.fits,seg005,4,409,60783.21257277858,TDB-MID,764.9119872099703,4.794124551660292,1778,0.5866384887837632,1.4160575472955537,2229,1.3210838325170613,1.340412996576207
TOI-2076_b,NIRISS_SOSS,obs10,SOSS_HDU4_ordem_2,jw05959010001_04102_00001-seg005_nis_x1dints.fits,seg005,4,410,60783.212649851586,TDB-MID,551.1941978804452,4.793963994144005,1778,0.5866384887837632,1.4160575472955537,2230,0.9519706261279711,0.9658991868740793
TOI-2076_b,NIRISS_SOSS,obs10,SOSS_HDU4_ordem_2,jw05959010001_04102_00001-seg005_nis_x1dints.fits,seg005,4,411,60783.21272692459,TDB-MID,592.4168933057301,4.7939623521384895,1778,0.5866384887837632,1.4160575472955537,2231,1.0231665772566203,1.0381368267932805
TOI-2076_b,NIRISS_SOSS,obs10,SOSS_HDU4_ordem_2,jw05959010001_04102_00001-seg005_nis_x1dints.fits,seg005,4,412,60783.212803997594,TDB-MID,605.1120734557271,4.793969805257043,1778,0.5866384887837632,1.4160575472955537,2232,1.0450924949144498,1.0603835489671625
TOI-2076_b,NIRISS_SOSS,obs10,SOSS_HDU4_ordem_2,jw05959010001_04102_00001-seg005_nis_x1dints.fits,seg005,4,413,60783.2128810706,TDB-MID,619.3606637316503,4.793924774095412,1778,0.5866384887837632,1.4160575472955537,2233,1.069701316013386,1.0853524289273273
TOI-2076_b,NIRISS_SOSS,obs10,SOSS_HDU4_ordem_2,jw05959010001_04102_00001-seg005_nis_x1dints.fits,seg005,4,414,60783.2129581436,TDB-MID,527.5302321945911,4.794794714937373,1778,0.5866384887837632,1.4160575472955537,2234,0.9111004567443675,0.9244310340849595
TOI-2076_b,NIRISS_SOSS,obs10,SOSS_HDU4_ordem_2,jw05959010001_04102_00001-seg005_nis_x1dints.fits,seg005,4,415,60783.213035216606,TDB-MID,545.3158493811612,4.793825358847951,1778,0.5866384887837632,1.4160575472955537,2235,0.9418180970865178,0.955598113209925
TOI-2076_b,NIRISS_SOSS,obs10,SOSS_HDU4_ordem_2,jw05959010001_04102_00001-seg005_nis_x1dints.fits,seg005,4,416,60783.21311228961,TDB-MID,454.02325619140163,4.794179278311055,1778,0.5866384887837632,1.4160575472955537,2236,0.7841461414783203,0.7956192130896064
TOI-2076_b,NIRISS_SOSS,obs10,SOSS_HDU4_ordem_2,jw05959010001_04102_00001-seg005_nis_x1dints.fits,seg005,4,417,60783.213189362614,TDB-MID,790.9219013474851,4.794156838797743,1778,0.5866384887837632,1.4160575472955537,2237,1.366005702780281,1.3859921318659065
TOI-2076_b,NIRISS_SOSS,obs10,SOSS_HDU4_ordem_2,jw05959010001_04102_00001-seg005_nis_x1dints.fits,seg005,4,418,60783.21326643562,TDB-MID,413.56391900008356,4.793671734793345,1778,0.5866384887837632,1.4160575472955537,2238,0.7142685906861475,0.7247192634079249
TOI-2076_b,NIRISS_SOSS,obs10,SOSS_HDU4_ordem_2,jw05959010001_04102_00001-seg005_nis_x1dints.fits,seg005,4,419,60783.21334350862,TDB-MID,462.6884925635818,4.793799199907023,1778,0.5866384887837632,1.4160575472955537,2239,0.7991119203752898,0.8108039606761112
TOI-2076_b,NIRISS_SOSS,obs10,SOSS_HDU4_ordem_2,jw05959010001_04102_00001-seg005_nis_x1dints.fits,seg005,4,420,60783.213420581626,TDB-MID,781.2065860676489,4.794182892462582,1778,0.5866384887837632,1.4160575472955537,2240,1.3492263266447173,1.368967251769011
TOI-2076_b,NIRISS_SOSS,obs10,SOSS_HDU4_ordem_2,jw05959010001_04102_00001-seg005_nis_x1dints.fits,seg005,4,421,60783.21349765463,TDB-MID,607.7345737656912,4.797849661871396,1778,0.5866384887837632,1.4160575472955537,2241,1.049621830077442,1.0649791541580587
TOI-2076_b,NIRISS_SOSS,obs10,SOSS_HDU4_ordem_2,jw05959010001_04102_00001-seg005_nis_x1dints.fits,seg005,4,422,60783.21357472763,TDB-MID,498.88801013993,4.793732760788858,1778,0.5866384887837632,1.4160575472955537,2242,0.8616323125441516,0.8742391069942017
TOI-2076_b,NIRISS_SOSS,obs10,SOSS_HDU4_ordem_2,jw05959010001_04102_00001-seg005_nis_x1dints.fits,seg005,4,423,60783.21365180063,TDB-MID,456.90019451025415,4.793743676797654,1778,0.5866384887837632,1.4160575472955537,2243,0.7891149179699111,0.8006606892037458
TOI-2076_b,NIRISS_SOSS,obs10,SOSS_HDU4_ordem_2,jw05959010001_04102_00001-seg005_nis_x1dints.fits,seg005,4,424,60783.213728873634,TDB-MID,668.0302594080281,4.794015612604588,1778,0.5866384887837632,1.4160575472955537,2244,1.1537588508125567,1.170639834110609
TOI-2076_b,NIRISS_SOSS,obs10,SOSS_HDU4_ordem_2,jw05959010001_04102_00001-seg005_nis_x1dints.fits,seg005,4,425,60783.21380594664,TDB-MID,581.2960473341802,4.793920996451492,1778,0.5866384887837632,1.4160575472955537,2245,1.00395970108971,1.0186489292018732
TOI-2076_b,NIRISS_SOSS,obs10,SOSS_HDU4_ordem_2,jw05959010001_04102_00001-seg005_nis_x1dints.fits,seg005,4,426,60783.21388301965,TDB-MID,293.15694167259187,4.793613617876034,1778,0.5866384887837632,1.4160575472955537,2246,0.5063130170654491,0.5137210309486352
TOI-2076_b,NIRISS_SOSS,obs10,SOSS_HDU4_ordem_2,jw05959010001_04102_00001-seg005_nis_x1dints.fits,seg005,4,427,60783.21396009265,TDB-MID,471.71997003325964,4.7937753764411895,1778,0.5866384887837632,1.4160575472955537,2247,0.8147102363494625,0.8266305001748552
TOI-2076_b,NIRISS_SOSS,obs10,SOSS_HDU4_ordem_2,jw05959010001_04102_00001-seg005_nis_x1dints.fits,seg005,4,428,60783.21403716566,TDB-MID,556.7205778016141,4.793898602753352,1778,0.5866384887837632,1.4160575472955537,2248,0.9615152682414161,0.9755834794387337
TOI-2076_b,NIRISS_SOSS,obs10,SOSS_HDU4_ordem_2,jw05959010001_04102_00001-seg005_nis_x1dints.fits,seg005,4,429,60783.21411423866,TDB-MID,766.4321705692464,4.794113246168687,1778,0.5866384887837632,1.4160575472955537,2249,1.3237093498209886,1.343076928591948
TOI-2076_b,NIRISS_SOSS,obs10,SOSS_HDU4_ordem_2,jw05959010001_04102_00001-seg005_nis_x1dints.fits,seg005,4,430,60783.214191311665,TDB-MID,380.23077212114714,4.793662151820668,1778,0.5866384887837632,1.4160575472955537,2250,0.6566987236099351,0.6663070747634748
TOI-2076_b,NIRISS_SOSS,obs10,SOSS_HDU4_ordem_2,jw05959010001_04102_00001-seg005_nis_x1dints.fits,seg005,4,431,60783.21426838467,TDB-MID,447.5233332912194,4.793671132025363,1778,0.5866384887837632,1.4160575472955537,2251,0.7729200877628344,0.7842289076978359
TOI-2076_b,NIRISS_SOSS,obs10,SOSS_HDU4_ordem_2,jw05959010001_04102_00001-seg005_nis_x1dints.fits,seg005,4,432,60783.21434545767,TDB-MID,367.56338033756606,4.793658403761601,1778,0.5866384887837632,1.4160575472955537,2252,0.6348207993973881,0.6441090482410144
TOI-2076_b,NIRISS_SOSS,obs10,SOSS_HDU4_ordem_2,jw05959010001_04102_00001-seg005_nis_x1dints.fits,seg005,4,433,60783.21442253068,TDB-MID,509.7922231118075,4.794452886643025,1778,0.5866384887837632,1.4160575472955537,2253,0.8804650406283514,0.8933473822328369
TOI-2076_b,NIRISS_SOSS,obs10,SOSS_HDU4_ordem_2,jw05959010001_04102_00001-seg005_nis_x1dints.fits,seg005,4,434,60783.21449960368,TDB-MID,439.13640358877956,4.793860507110731,1778,0.5866384887837632,1.4160575472955537,2254,0.7584349738940294,0.7695318578901494
TOI-2076_b,NIRISS_SOSS,obs10,SOSS_HDU4_ordem_2,jw05959010001_04102_00001-seg005_nis_x1dints.fits,seg005,4,435,60783.214576676684,TDB-MID,711.256500470903,4.793980300239358,1778,0.5866384887837632,1.4160575472955537,2255,1.2284151369781617,1.2463884382410717
TOI-2076_b,NIRISS_SOSS,obs10,SOSS_HDU4_ordem_2,jw05959010001_04102_00001-seg005_nis_x1dints.fits,seg005,4,436,60783.21465374968,TDB-MID,554.9401014607552,4.793781773604844,1778,0.5866384887837632,1.4160575472955537,2256,0.9584401974523342,0.9724634163892725
TOI-2076_b,NIRISS_SOSS,obs10,SOSS_HDU4_ordem_2,jw05959010001_04102_00001-seg005_nis_x1dints.fits,seg005,4,437,60783.214730822685,TDB-MID,863.6009901518195,4.794323464361559,1778,0.5866384887837632,1.4160575472955537,2257,1.4915301693685152,1.5133531836491152
TOI-2076_b,NIRISS_SOSS,obs10,SOSS_HDU4_ordem_2,jw05959010001_04102_00001-seg005_nis_x1dints.fits,seg005,4,438,60783.21480789569,TDB-MID,504.8371930718539,4.793831612434109,1778,0.5866384887837632,1.4160575472955537,2258,0.8719071801360668,0.8846643091799419
TOI-2076_b,NIRISS_SOSS,obs10,SOSS_HDU4_ordem_2,jw05959010001_04102_00001-seg005_nis_x1dints.fits,seg005,4,439,60783.21488496869,TDB-MID,1031.9791944906726,4.7944132567235735,1778,0.5866384887837632,1.4160575472955537,2259,1.7823371213051336,1.8084150171800477
TOI-2076_b,NIRISS_SOSS,obs10,SOSS_HDU4_ordem_2,jw05959010001_04102_00001-seg005_nis_x1dints.fits,seg005,4,440,60783.2149620417,TDB-MID,563.0487943684312,4.793920597258456,1778,0.5866384887837632,1.4160575472955537,2260,0.9724447669744433,0.9866728908653349
TOI-2076_b,NIRISS_SOSS,obs10,SOSS_HDU4_ordem_2,jw05959010001_04102_00001-seg005_nis_x1dints.fits,seg005,4,441,60783.2150391147,TDB-MID,731.0613537120141,4.794057429060701,1778,0.5866384887837632,1.4160575472955537,2261,1.262620211365397,1.281093977078944
TOI-2076_b,NIRISS_SOSS,obs10,SOSS_HDU4_ordem_2,jw05959010001_04102_00001-seg005_nis_x1dints.fits,seg005,4,442,60783.215116187705,TDB-MID,858.8575744695431,4.7941606504635805,1778,0.5866384887837632,1.4160575472955537,2262,1.4833377892338802,1.5050409384039098
TOI-2076_b,NIRISS_SOSS,obs10,SOSS_HDU4_ordem_2,jw05959010001_04102_00001-seg005_nis_x1dints.fits,seg005,4,443,60783.215193260716,TDB-MID,369.45205934919875,4.7935901975060276,1778,0.5866384887837632,1.4160575472955537,2263,0.6380827476330055,0.6474187229956059
TOI-2076_b,NIRISS_SOSS,obs10,SOSS_HDU4_ordem_2,jw05959010001_04102_00001-seg005_nis_x1dints.fits,seg005,4,444,60783.21527033372,TDB-MID,651.3147783847435,4.794017445212383,1778,0.5866384887837632,1.4160575472955537,2264,1.1248894487089847,1.1413480353386238
TOI-2076_b,NIRISS_SOSS,obs10,SOSS_HDU4_ordem_2,jw05959010001_04102_00001-seg005_nis_x1dints.fits,seg005,4,445,60783.21534740672,TDB-MID,601.988519586431,4.793862544406837,1778,0.5866384887837632,1.4160575472955537,2265,1.0396977873066182,1.0549099098140071
TOI-2076_b,NIRISS_SOSS,obs10,SOSS_HDU4_ordem_2,jw05959010001_04102_00001-seg005_nis_x1dints.fits,seg005,4,446,60783.21542447973,TDB-MID,96.99270086755212,4.793227924013416,1778,0.5866384887837632,1.4160575472955537,2266,0.16751664391567853,0.16996762894265777
TOI-2076_b,NIRISS_SOSS,obs10,SOSS_HDU4_ordem_2,jw05959010001_04102_00001-seg005_nis_x1dints.fits,seg005,4,447,60783.215501552724,TDB-MID,190.45654637663037,4.793470667805935,1778,0.5866384887837632,1.4160575472955537,2267,0.3289385817222589,0.333751378348025
TOI-2076_b,NIRISS_SOSS,obs10,SOSS_HDU4_ordem_2,jw05959010001_04102_00001-seg005_nis_x1dints.fits,seg005,4,448,60783.21557862573,TDB-MID,359.91682332515495,4.795378921355062,1778,0.5866384887837632,1.4160575472955537,2268,0.6216143874017249,0.6307094093676819
TOI-2076_b,NIRISS_SOSS,obs10,SOSS_HDU4_ordem_2,jw05959010001_04102_00001-seg005_nis_x1dints.fits,seg005,4,449,60783.21565569873,TDB-MID,682.6612248833867,4.7939639520867185,1778,0.5866384887837632,1.4160575472955537,2269,1.1790280742876829,1.1962787789873417
TOI-2076_b,NIRISS_SOSS,obs10,SOSS_HDU4_ordem_2,jw05959010001_04102_00001-seg006_nis_x1dints.fits,seg006,4,0,60783.215732771736,TDB-MID,907.0285938321383,4.793963986580838,1778,0.5866384887837632,1.4160575472955537,2270,1.566534230053054,1.5899516690574784
TOI-2076_b,NIRISS_SOSS,obs10,SOSS_HDU4_ordem_2,jw05959010001_04102_00001-seg006_nis_x1dints.fits,seg006,4,1,60783.21580984474,TDB-MID,518.0095271061612,4.795239954877702,1778,0.5866384887837632,1.4160575472955537,2271,0.8946571929744206,0.908031034314382
TOI-2076_b,NIRISS_SOSS,obs10,SOSS_HDU4_ordem_2,jw05959010001_04102_00001-seg006_nis_x1dints.fits,seg006,4,2,60783.215886917744,TDB-MID,560.1559903710886,4.793454268437525,1778,0.5866384887837632,1.4160575472955537,2272,0.967448588779525,0.981910557042353
TOI-2076_b,NIRISS_SOSS,obs10,SOSS_HDU4_ordem_2,jw05959010001_04102_00001-seg006_nis_x1dints.fits,seg006,4,3,60783.21596399075,TDB-MID,448.48761551802386,4.793452987990153,1778,0.5866384887837632,1.4160575472955537,2273,0.7745855050671984,0.7861644469572892
TOI-2076_b,NIRISS_SOSS,obs10,SOSS_HDU4_ordem_2,jw05959010001_04102_00001-seg006_nis_x1dints.fits,seg006,4,4,60783.21604106375,TDB-MID,527.7806008674377,4.793471365516978,1778,0.5866384887837632,1.4160575472955537,2274,0.9115328698996021,0.9251589783956029
TOI-2076_b,NIRISS_SOSS,obs10,SOSS_HDU4_ordem_2,jw05959010001_04102_00001-seg006_nis_x1dints.fits,seg006,4,5,60783.216118136756,TDB-MID,445.2513665055266,4.793298672891106,1778,0.5866384887837632,1.4160575472955537,2275,0.7689961610382156,0.7804915502549192
TOI-2076_b,NIRISS_SOSS,obs10,SOSS_HDU4_ordem_2,jw05959010001_04102_00001-seg006_nis_x1dints.fits,seg006,4,6,60783.21619520976,TDB-MID,330.9552884363343,4.793295112711156,1778,0.5866384887837632,1.4160575472955537,2276,0.571594756194145,0.5801392776489823
TOI-2076_b,NIRISS_SOSS,obs10,SOSS_HDU4_ordem_2,jw05959010001_04102_00001-seg006_nis_x1dints.fits,seg006,4,7,60783.21627228276,TDB-MID,584.9043134316903,4.793529156589391,1778,0.5866384887837632,1.4160575472955537,2277,1.0101915579367011,1.0252924722588643
TOI-2076_b,NIRISS_SOSS,obs10,SOSS_HDU4_ordem_2,jw05959010001_04102_00001-seg006_nis_x1dints.fits,seg006,4,8,60783.21634935577,TDB-MID,618.7415146795929,4.793556136560123,1778,0.5866384887837632,1.4160575472955537,2278,1.0686319801730957,1.0846064949547058
TOI-2076_b,NIRISS_SOSS,obs10,SOSS_HDU4_ordem_2,jw05959010001_04102_00001-seg006_nis_x1dints.fits,seg006,4,9,60783.21642642877,TDB-MID,756.2767896302582,4.793720075971406,1778,0.5866384887837632,1.4160575472955537,2279,1.3061699337889758,1.3256953001468375
TOI-2076_b,NIRISS_SOSS,obs10,SOSS_HDU4_ordem_2,jw05959010001_04102_00001-seg006_nis_x1dints.fits,seg006,4,10,60783.21650350177,TDB-MID,157.65471648737287,4.792922687093328,1778,0.5866384887837632,1.4160575472955537,2280,0.27228635523312467,0.27635664555496003
TOI-2076_b,NIRISS_SOSS,obs10,SOSS_HDU4_ordem_2,jw05959010001_04102_00001-seg006_nis_x1dints.fits,seg006,4,11,60783.21658057477,TDB-MID,812.062550828156,4.793721845980245,1778,0.5866384887837632,1.4160575472955537,2281,1.4025178384309385,1.4234834677188228
TOI-2076_b,NIRISS_SOSS,obs10,SOSS_HDU4_ordem_2,jw05959010001_04102_00001-seg006_nis_x1dints.fits,seg006,4,12,60783.216657647776,TDB-MID,653.0410802579383,4.793576880214229,1778,0.5866384887837632,1.4160575472955537,2282,1.1278709544676278,1.144731006916155
TOI-2076_b,NIRISS_SOSS,obs10,SOSS_HDU4_ordem_2,jw05959010001_04102_00001-seg006_nis_x1dints.fits,seg006,4,13,60783.21673472078,TDB-MID,679.9238700952933,4.793493975363727,1778,0.5866384887837632,1.4160575472955537,2283,1.1743003733039346,1.1918544789450136
TOI-2076_b,NIRISS_SOSS,obs10,SOSS_HDU4_ordem_2,jw05959010001_04102_00001-seg006_nis_x1dints.fits,seg006,4,14,60783.21681179378,TDB-MID,856.461271401353,4.793797918689036,1778,0.5866384887837632,1.4160575472955537,2284,1.4791991206103905,1.5013110250410515
TOI-2076_b,NIRISS_SOSS,obs10,SOSS_HDU4_ordem_2,jw05959010001_04102_00001-seg006_nis_x1dints.fits,seg006,4,15,60783.21688886679,TDB-MID,639.2376718839316,4.793547318800102,1778,0.5866384887837632,1.4160575472955537,2285,1.1040310095570438,1.1205346890357997
TOI-2076_b,NIRISS_SOSS,obs10,SOSS_HDU4_ordem_2,jw05959010001_04102_00001-seg006_nis_x1dints.fits,seg006,4,16,60783.21696593979,TDB-MID,414.5430434495785,4.793252803943812,1778,0.5866384887837632,1.4160575472955537,2286,0.7159596420775212,0.7266622114349824
TOI-2076_b,NIRISS_SOSS,obs10,SOSS_HDU4_ordem_2,jw05959010001_04102_00001-seg006_nis_x1dints.fits,seg006,4,17,60783.217043012795,TDB-MID,600.6043790269958,4.794697116880864,1778,0.5866384887837632,1.4160575472955537,2287,1.0373072302940778,1.0528134850111788
TOI-2076_b,NIRISS_SOSS,obs10,SOSS_HDU4_ordem_2,jw05959010001_04102_00001-seg006_nis_x1dints.fits,seg006,4,18,60783.21712008581,TDB-MID,809.5023910606529,4.793957913484082,1778,0.5866384887837632,1.4160575472955537,2288,1.3980961719724934,1.418995703691233
TOI-2076_b,NIRISS_SOSS,obs10,SOSS_HDU4_ordem_2,jw05959010001_04102_00001-seg006_nis_x1dints.fits,seg006,4,19,60783.21719715881,TDB-MID,766.1271136681996,4.793652215659204,1778,0.5866384887837632,1.4160575472955537,2289,1.3231824843165785,1.3429621638944431
TOI-2076_b,NIRISS_SOSS,obs10,SOSS_HDU4_ordem_2,jw05959010001_04102_00001-seg006_nis_x1dints.fits,seg006,4,20,60783.217274231814,TDB-MID,445.00110030038684,4.793227841894898,1778,0.5866384887837632,1.4160575472955537,2290,0.7685639248555385,0.7800528527615034
TOI-2076_b,NIRISS_SOSS,obs10,SOSS_HDU4_ordem_2,jw05959010001_04102_00001-seg006_nis_x1dints.fits,seg006,4,21,60783.21735130482,TDB-MID,358.02491574504705,4.7931618516908285,1778,0.5866384887837632,1.4160575472955537,2291,0.618346863087178,0.6275902614580076
TOI-2076_b,NIRISS_SOSS,obs10,SOSS_HDU4_ordem_2,jw05959010001_04102_00001-seg006_nis_x1dints.fits,seg006,4,22,60783.217428377815,TDB-MID,498.98883629291356,4.793366952815366,1778,0.5866384887837632,1.4160575472955537,2292,0.8618064499649644,0.874689219832681
TOI-2076_b,NIRISS_SOSS,obs10,SOSS_HDU4_ordem_2,jw05959010001_04102_00001-seg006_nis_x1dints.fits,seg006,4,23,60783.21750545082,TDB-MID,174.66174357289222,4.797172108181935,1778,0.5866384887837632,1.4160575472955537,2293,0.30165928819474647,0.3061686617187322
TOI-2076_b,NIRISS_SOSS,obs10,SOSS_HDU4_ordem_2,jw05959010001_04102_00001-seg006_nis_x1dints.fits,seg006,4,24,60783.21758252382,TDB-MID,566.4343718263879,4.793470794837329,1778,0.5866384887837632,1.4160575472955537,2294,0.9782920170087311,0.9929160789649397
TOI-2076_b,NIRISS_SOSS,obs10,SOSS_HDU4_ordem_2,jw05959010001_04102_00001-seg006_nis_x1dints.fits,seg006,4,25,60783.21765959683,TDB-MID,495.2073890038655,4.793499048711493,1778,0.5866384887837632,1.4160575472955537,2295,0.8552754908995974,0.8680606323002051
TOI-2076_b,NIRISS_SOSS,obs10,SOSS_HDU4_ordem_2,jw05959010001_04102_00001-seg006_nis_x1dints.fits,seg006,4,26,60783.21773666983,TDB-MID,413.36970216196187,4.7931674407263944,1778,0.5866384887837632,1.4160575472955537,2296,0.7139331576832199,0.7246054340066787
TOI-2076_b,NIRISS_SOSS,obs10,SOSS_HDU4_ordem_2,jw05959010001_04102_00001-seg006_nis_x1dints.fits,seg006,4,27,60783.217813742835,TDB-MID,606.767314796714,4.793443553486596,1778,0.5866384887837632,1.4160575472955537,2297,1.0479512716247843,1.0636166394872226
TOI-2076_b,NIRISS_SOSS,obs10,SOSS_HDU4_ordem_2,jw05959010001_04102_00001-seg006_nis_x1dints.fits,seg006,4,28,60783.21789081584,TDB-MID,504.8649506149471,4.793977729956402,1778,0.5866384887837632,1.4160575472955537,2298,0.8719551203462138,0.8849895982743542
TOI-2076_b,NIRISS_SOSS,obs10,SOSS_HDU4_ordem_2,jw05959010001_04102_00001-seg006_nis_x1dints.fits,seg006,4,29,60783.21796788884,TDB-MID,864.1219819548808,4.793773171429057,1778,0.5866384887837632,1.4160575472955537,2299,1.4924299772672105,1.5147396640206534
TOI-2076_b,NIRISS_SOSS,obs10,SOSS_HDU4_ordem_2,jw05959010001_04102_00001-seg006_nis_x1dints.fits,seg006,4,30,60783.218044961846,TDB-MID,361.18797024798107,4.793224230605929,1778,0.5866384887837632,1.4160575472955537,2300,0.6238097924634558,0.6331348537900002
TOI-2076_b,NIRISS_SOSS,obs10,SOSS_HDU4_ordem_2,jw05959010001_04102_00001-seg006_nis_x1dints.fits,seg006,4,31,60783.21812203485,TDB-MID,465.63024313676317,4.792980903575152,1778,0.5866384887837632,1.4160575472955537,2301,0.804192634479017,0.8162141604721528
TOI-2076_b,NIRISS_SOSS,obs10,SOSS_HDU4_ordem_2,jw05959010001_04102_00001-seg006_nis_x1dints.fits,seg006,4,32,60783.218199107854,TDB-MID,552.4400699048098,4.793571027905536,1778,0.5866384887837632,1.4160575472955537,2302,0.9541223787691825,0.9683851393134107
TOI-2076_b,NIRISS_SOSS,obs10,SOSS_HDU4_ordem_2,jw05959010001_04102_00001-seg006_nis_x1dints.fits,seg006,4,33,60783.21827618086,TDB-MID,517.1146768634674,4.793644607819815,1778,0.5866384887837632,1.4160575472955537,2303,0.8931116920437073,0.9064624303623099
TOI-2076_b,NIRISS_SOSS,obs10,SOSS_HDU4_ordem_2,jw05959010001_04102_00001-seg006_nis_x1dints.fits,seg006,4,34,60783.218353253855,TDB-MID,498.7529468878568,4.793270150322358,1778,0.5866384887837632,1.4160575472955537,2304,0.8613990440352715,0.8742757237689038
TOI-2076_b,NIRISS_SOSS,obs10,SOSS_HDU4_ordem_2,jw05959010001_04102_00001-seg006_nis_x1dints.fits,seg006,4,35,60783.21843032686,TDB-MID,659.289284966872,4.795780662158308,1778,0.5866384887837632,1.4160575472955537,2305,1.1386622642669906,1.1556836313131542
TOI-2076_b,NIRISS_SOSS,obs10,SOSS_HDU4_ordem_2,jw05959010001_04102_00001-seg006_nis_x1dints.fits,seg006,4,36,60783.21850739986,TDB-MID,877.0872770433,4.793832154778684,1778,0.5866384887837632,1.4160575472955537,2306,1.5148224119675726,1.5374668334900978
TOI-2076_b,NIRISS_SOSS,obs10,SOSS_HDU4_ordem_2,jw05959010001_04102_00001-seg006_nis_x1dints.fits,seg006,4,37,60783.21858447287,TDB-MID,439.17530683901225,4.793231829984743,1778,0.5866384887837632,1.4160575472955537,2307,0.7585021639182075,0.7698406829352333
TOI-2076_b,NIRISS_SOSS,obs10,SOSS_HDU4_ordem_2,jw05959010001_04102_00001-seg006_nis_x1dints.fits,seg006,4,38,60783.21866154587,TDB-MID,640.7947244625184,4.7935720249212626,1778,0.5866384887837632,1.4160575472955537,2308,1.1067202038988047,1.123264082974391
TOI-2076_b,NIRISS_SOSS,obs10,SOSS_HDU4_ordem_2,jw05959010001_04102_00001-seg006_nis_x1dints.fits,seg006,4,39,60783.218738618874,TDB-MID,399.6354196164862,4.793329040755146,1778,0.5866384887837632,1.4160575472955537,2309,0.6902126003832484,0.7005302884104117
TOI-2076_b,NIRISS_SOSS,obs10,SOSS_HDU4_ordem_2,jw05959010001_04102_00001-seg006_nis_x1dints.fits,seg006,4,40,60783.21881569188,TDB-MID,243.4302612742976,4.793107384807386,1778,0.5866384887837632,1.4160575472955537,2310,0.4204297852461304,0.4267146072837
TOI-2076_b,NIRISS_SOSS,obs10,SOSS_HDU4_ordem_2,jw05959010001_04102_00001-seg006_nis_x1dints.fits,seg006,4,41,60783.21889276488,TDB-MID,688.0363020268421,4.7936320049451435,1778,0.5866384887837632,1.4160575472955537,2311,1.188311400515386,1.2060749509096145
TOI-2076_b,NIRISS_SOSS,obs10,SOSS_HDU4_ordem_2,jw05959010001_04102_00001-seg006_nis_x1dints.fits,seg006,4,42,60783.218969837886,TDB-MID,779.8475168706899,4.7936826148001375,1778,0.5866384887837632,1.4160575472955537,2312,1.3468790705245413,1.3670129800652708
TOI-2076_b,NIRISS_SOSS,obs10,SOSS_HDU4_ordem_2,jw05959010001_04102_00001-seg006_nis_x1dints.fits,seg006,4,43,60783.21904691089,TDB-MID,783.6482759812666,4.793775644102366,1778,0.5866384887837632,1.4160575472955537,2313,1.3534433831464279,1.373675419742079
TOI-2076_b,NIRISS_SOSS,obs10,SOSS_HDU4_ordem_2,jw05959010001_04102_00001-seg006_nis_x1dints.fits,seg006,4,44,60783.219123983894,TDB-MID,851.0289339618691,4.794997095080447,1778,0.5866384887837632,1.4160575472955537,2314,1.4698168998005745,1.4917885534921675
TOI-2076_b,NIRISS_SOSS,obs10,SOSS_HDU4_ordem_2,jw05959010001_04102_00001-seg006_nis_x1dints.fits,seg006,4,45,60783.2192010569,TDB-MID,578.1178001854632,4.7935050759705184,1778,0.5866384887837632,1.4160575472955537,2315,0.9984705324087113,1.013396234217094
TOI-2076_b,NIRISS_SOSS,obs10,SOSS_HDU4_ordem_2,jw05959010001_04102_00001-seg006_nis_x1dints.fits,seg006,4,46,60783.219278129895,TDB-MID,314.0241951524225,4.794175183150245,1778,0.5866384887837632,1.4160575472955537,2316,0.5423529689320582,0.5504603676247793
TOI-2076_b,NIRISS_SOSS,obs10,SOSS_HDU4_ordem_2,jw05959010001_04102_00001-seg006_nis_x1dints.fits,seg006,4,47,60783.2193552029,TDB-MID,348.96800032326473,4.793229574727396,1778,0.5866384887837632,1.4160575472955537,2317,0.602704613081614,0.6117141822590753
TOI-2076_b,NIRISS_SOSS,obs10,SOSS_HDU4_ordem_2,jw05959010001_04102_00001-seg006_nis_x1dints.fits,seg006,4,48,60783.2194322759,TDB-MID,544.1081938692354,4.7934326763312365,1778,0.5866384887837632,1.4160575472955537,2318,0.9397323484007446,0.9537799986384375
TOI-2076_b,NIRISS_SOSS,obs10,SOSS_HDU4_ordem_2,jw05959010001_04102_00001-seg006_nis_x1dints.fits,seg006,4,49,60783.219509348906,TDB-MID,612.5405051664311,4.7935461147537195,1778,0.5866384887837632,1.4160575472955537,2319,1.0579221814640922,1.0737366001219113
TOI-2076_b,NIRISS_SOSS,obs10,SOSS_HDU4_ordem_2,jw05959010001_04102_00001-seg006_nis_x1dints.fits,seg006,4,50,60783.21958642191,TDB-MID,376.26386874283247,4.793616682315278,1778,0.5866384887837632,1.4160575472955537,2320,0.6498474622806885,0.6595617494109625
TOI-2076_b,NIRISS_SOSS,obs10,SOSS_HDU4_ordem_2,jw05959010001_04102_00001-seg006_nis_x1dints.fits,seg006,4,51,60783.219663494914,TDB-MID,373.6957009031265,4.793225782867223,1778,0.5866384887837632,1.4160575472955537,2321,0.6454119650353113,0.655059947846021
TOI-2076_b,NIRISS_SOSS,obs10,SOSS_HDU4_ordem_2,jw05959010001_04102_00001-seg006_nis_x1dints.fits,seg006,4,52,60783.21974056792,TDB-MID,489.2883429585435,4.793394083780228,1778,0.5866384887837632,1.4160575472955537,2322,0.8450526728955013,0.8576849978351142
TOI-2076_b,NIRISS_SOSS,obs10,SOSS_HDU4_ordem_2,jw05959010001_04102_00001-seg006_nis_x1dints.fits,seg006,4,53,60783.21981764092,TDB-MID,335.31268971374,4.793213822698251,1778,0.5866384887837632,1.4160575472955537,2323,0.5791204486602375,0.5877774684192355
TOI-2076_b,NIRISS_SOSS,obs10,SOSS_HDU4_ordem_2,jw05959010001_04102_00001-seg006_nis_x1dints.fits,seg006,4,54,60783.219894713926,TDB-MID,633.2512088350362,4.793740907618523,1778,0.5866384887837632,1.4160575472955537,2324,1.093691755263614,1.1100408777259176
TOI-2076_b,NIRISS_SOSS,obs10,SOSS_HDU4_ordem_2,jw05959010001_04102_00001-seg006_nis_x1dints.fits,seg006,4,55,60783.21997178693,TDB-MID,408.0690805731453,4.7970712151558725,1778,0.5866384887837632,1.4160575472955537,2325,0.7047784240663256,0.7153138502578418
TOI-2076_b,NIRISS_SOSS,obs10,SOSS_HDU4_ordem_2,jw05959010001_04102_00001-seg006_nis_x1dints.fits,seg006,4,56,60783.220048859934,TDB-MID,608.9125169179628,4.793451442191163,1778,0.5866384887837632,1.4160575472955537,2326,1.051656262378296,1.067377014536409
TOI-2076_b,NIRISS_SOSS,obs10,SOSS_HDU4_ordem_2,jw05959010001_04102_00001-seg006_nis_x1dints.fits,seg006,4,57,60783.22012593294,TDB-MID,1115.128633415223,4.794308316372335,1778,0.5866384887837632,1.4160575472955537,2327,1.9259449889851246,1.9547351031366096
TOI-2076_b,NIRISS_SOSS,obs10,SOSS_HDU4_ordem_2,jw05959010001_04102_00001-seg006_nis_x1dints.fits,seg006,4,58,60783.22020300594,TDB-MID,119.06068522887159,4.7929698408956884,1778,0.5866384887837632,1.4160575472955537,2328,0.20563038489954907,0.2087042641059284
TOI-2076_b,NIRISS_SOSS,obs10,SOSS_HDU4_ordem_2,jw05959010001_04102_00001-seg006_nis_x1dints.fits,seg006,4,59,60783.22028007894,TDB-MID,448.22738088962785,4.793339193951961,1778,0.5866384887837632,1.4160575472955537,2329,0.7741360523641638,0.7857082755812396
TOI-2076_b,NIRISS_SOSS,obs10,SOSS_HDU4_ordem_2,jw05959010001_04102_00001-seg006_nis_x1dints.fits,seg006,4,60,60783.22035715194,TDB-MID,481.3192424543548,4.793294833688399,1778,0.5866384887837632,1.4160575472955537,2330,0.8312891942053742,0.8437157748870375
TOI-2076_b,NIRISS_SOSS,obs10,SOSS_HDU4_ordem_2,jw05959010001_04102_00001-seg006_nis_x1dints.fits,seg006,4,61,60783.220434224946,TDB-MID,766.6038269152831,4.793704399717106,1778,0.5866384887837632,1.4160575472955537,2331,1.3240058184700487,1.3437978057121502
TOI-2076_b,NIRISS_SOSS,obs10,SOSS_HDU4_ordem_2,jw05959010001_04102_00001-seg006_nis_x1dints.fits,seg006,4,62,60783.22051129795,TDB-MID,766.7490339478422,4.794437681792009,1778,0.5866384887837632,1.4160575472955537,2332,1.3242566063597527,1.3440523425209634
TOI-2076_b,NIRISS_SOSS,obs10,SOSS_HDU4_ordem_2,jw05959010001_04102_00001-seg006_nis_x1dints.fits,seg006,4,63,60783.220588370954,TDB-MID,764.4773808476884,4.793695238879775,1778,0.5866384887837632,1.4160575472955537,2333,1.3203332214032077,1.3400703085887702
TOI-2076_b,NIRISS_SOSS,obs10,SOSS_HDU4_ordem_2,jw05959010001_04102_00001-seg006_nis_x1dints.fits,seg006,4,64,60783.22066544396,TDB-MID,364.15553504544454,4.79331124320204,1778,0.5866384887837632,1.4160575472955537,2334,0.6289350904603868,0.6383367676379736
TOI-2076_b,NIRISS_SOSS,obs10,SOSS_HDU4_ordem_2,jw05959010001_04102_00001-seg006_nis_x1dints.fits,seg006,4,65,60783.22074251696,TDB-MID,517.3511036590461,4.793399620325953,1778,0.5866384887837632,1.4160575472955537,2335,0.8935200261036195,0.9068768684305213
TOI-2076_b,NIRISS_SOSS,obs10,SOSS_HDU4_ordem_2,jw05959010001_04102_00001-seg006_nis_x1dints.fits,seg006,4,66,60783.220819589966,TDB-MID,636.7509247231084,4.793574410515416,1778,0.5866384887837632,1.4160575472955537,2336,1.099736134428071,1.1161756116861317
TOI-2076_b,NIRISS_SOSS,obs10,SOSS_HDU4_ordem_2,jw05959010001_04102_00001-seg006_nis_x1dints.fits,seg006,4,67,60783.22089666297,TDB-MID,312.346550760474,4.793148023351153,1778,0.5866384887837632,1.4160575472955537,2337,0.5394554997853134,0.5475195854717118
TOI-2076_b,NIRISS_SOSS,obs10,SOSS_HDU4_ordem_2,jw05959010001_04102_00001-seg006_nis_x1dints.fits,seg006,4,68,60783.22097373597,TDB-MID,433.2082945621082,4.793206938319695,1778,0.5866384887837632,1.4160575472955537,2338,0.7481965031634299,0.7593809673392046
TOI-2076_b,NIRISS_SOSS,obs10,SOSS_HDU4_ordem_2,jw05959010001_04102_00001-seg006_nis_x1dints.fits,seg006,4,69,60783.22105080898,TDB-MID,242.05156322990635,4.793079157073085,1778,0.5866384887837632,1.4160575472955537,2339,0.4180486280321983,0.4242978551860127
TOI-2076_b,NIRISS_SOSS,obs10,SOSS_HDU4_ordem_2,jw05959010001_04102_00001-seg006_nis_x1dints.fits,seg006,4,70,60783.221127881974,TDB-MID,338.7370830427917,4.793222789955124,1778,0.5866384887837632,1.4160575472955537,2340,0.5850347378056993,0.5937801677013297
TOI-2076_b,NIRISS_SOSS,obs10,SOSS_HDU4_ordem_2,jw05959010001_04102_00001-seg006_nis_x1dints.fits,seg006,4,71,60783.22120495498,TDB-MID,364.31746902630556,4.793175849519673,1778,0.5866384887837632,1.4160575472955537,2341,0.6292147675573962,0.6386206255062898
TOI-2076_b,NIRISS_SOSS,obs10,SOSS_HDU4_ordem_2,jw05959010001_04102_00001-seg006_nis_x1dints.fits,seg006,4,72,60783.22128202798,TDB-MID,520.9654140045654,4.793479185632173,1778,0.5866384887837632,1.4160575472955537,2342,0.8997623220056369,0.9132124776995426
TOI-2076_b,NIRISS_SOSS,obs10,SOSS_HDU4_ordem_2,jw05959010001_04102_00001-seg006_nis_x1dints.fits,seg006,4,73,60783.221359100986,TDB-MID,442.2458462145165,4.793291972208013,1778,0.5866384887837632,1.4160575472955537,2343,0.7638053098930557,0.7752231033332094
TOI-2076_b,NIRISS_SOSS,obs10,SOSS_HDU4_ordem_2,jw05959010001_04102_00001-seg006_nis_x1dints.fits,seg006,4,74,60783.22143617399,TDB-MID,573.6814023857432,4.793851193127492,1778,0.5866384887837632,1.4160575472955537,2344,0.9908084046007763,1.0056195685924014
TOI-2076_b,NIRISS_SOSS,obs10,SOSS_HDU4_ordem_2,jw05959010001_04102_00001-seg006_nis_x1dints.fits,seg006,4,75,60783.221513246994,TDB-MID,606.6191200325802,4.793493153579188,1778,0.5866384887837632,1.4160575472955537,2345,1.0476953236069282,1.0633568654137453
TOI-2076_b,NIRISS_SOSS,obs10,SOSS_HDU4_ordem_2,jw05959010001_04102_00001-seg006_nis_x1dints.fits,seg006,4,76,60783.22159032,TDB-MID,468.7777226913536,4.794007942326253,1778,0.5866384887837632,1.4160575472955537,2346,0.8096286642736527,0.8217314511123545
TOI-2076_b,NIRISS_SOSS,obs10,SOSS_HDU4_ordem_2,jw05959010001_04102_00001-seg006_nis_x1dints.fits,seg006,4,77,60783.221667393,TDB-MID,819.3817274558999,4.793773354840376,1778,0.5866384887837632,1.4160575472955537,2347,1.415158829906988,1.4363134238795672
TOI-2076_b,NIRISS_SOSS,obs10,SOSS_HDU4_ordem_2,jw05959010001_04102_00001-seg006_nis_x1dints.fits,seg006,4,78,60783.221744466005,TDB-MID,944.6195890631435,4.793862310438186,1778,0.5866384887837632,1.4160575472955537,2348,1.6314578511732376,1.6558458051580318
TOI-2076_b,NIRISS_SOSS,obs10,SOSS_HDU4_ordem_2,jw05959010001_04102_00001-seg006_nis_x1dints.fits,seg006,4,79,60783.22182153901,TDB-MID,283.7448170393385,4.7931472103504005,1778,0.5866384887837632,1.4160575472955537,2349,0.49005728321562336,0.49738293644312237
TOI-2076_b,NIRISS_SOSS,obs10,SOSS_HDU4_ordem_2,jw05959010001_04102_00001-seg006_nis_x1dints.fits,seg006,4,80,60783.22189861201,TDB-MID,727.3928281865813,4.793783049176754,1778,0.5866384887837632,1.4160575472955537,2350,1.256284280118584,1.2750639275322877
TOI-2076_b,NIRISS_SOSS,obs10,SOSS_HDU4_ordem_2,jw05959010001_04102_00001-seg006_nis_x1dints.fits,seg006,4,81,60783.22197568502,TDB-MID,500.5505865658256,4.793375812923715,1778,0.5866384887837632,1.4160575472955537,2351,0.8645037577212447,0.8774268484696973
TOI-2076_b,NIRISS_SOSS,obs10,SOSS_HDU4_ordem_2,jw05959010001_04102_00001-seg006_nis_x1dints.fits,seg006,4,82,60783.22205275802,TDB-MID,677.1949435881028,4.793571264277965,1778,0.5866384887837632,1.4160575472955537,2352,1.1695872288519482,1.187070879746105
TOI-2076_b,NIRISS_SOSS,obs10,SOSS_HDU4_ordem_2,jw05959010001_04102_00001-seg006_nis_x1dints.fits,seg006,4,83,60783.22212983102,TDB-MID,329.7582478180628,4.793483409084636,1778,0.5866384887837632,1.4160575472955537,2353,0.5695273405514214,0.5780409571088223
TOI-2076_b,NIRISS_SOSS,obs10,SOSS_HDU4_ordem_2,jw05959010001_04102_00001-seg006_nis_x1dints.fits,seg006,4,84,60783.22220690402,TDB-MID,215.41931186361316,4.7930643474758705,1778,0.5866384887837632,1.4160575472955537,2354,0.3720519156105868,0.37761355791188217
TOI-2076_b,NIRISS_SOSS,obs10,SOSS_HDU4_ordem_2,jw05959010001_04102_00001-seg006_nis_x1dints.fits,seg006,4,85,60783.222283977026,TDB-MID,127.93847234275268,4.7928975602201165,1778,0.5866384887837632,1.4160575472955537,2355,0.2209632613883276,0.22426634509790258
TOI-2076_b,NIRISS_SOSS,obs10,SOSS_HDU4_ordem_2,jw05959010001_04102_00001-seg006_nis_x1dints.fits,seg006,4,86,60783.22236105003,TDB-MID,921.2202320544505,4.793894912386686,1778,0.5866384887837632,1.4160575472955537,2356,1.591044688937105,1.6148285241331202
TOI-2076_b,NIRISS_SOSS,obs10,SOSS_HDU4_ordem_2,jw05959010001_04102_00001-seg006_nis_x1dints.fits,seg006,4,87,60783.222438123026,TDB-MID,592.094185202056,4.793623343100334,1778,0.5866384887837632,1.4160575472955537,2357,1.0226092262600157,1.037895766906175
TOI-2076_b,NIRISS_SOSS,obs10,SOSS_HDU4_ordem_2,jw05959010001_04102_00001-seg006_nis_x1dints.fits,seg006,4,88,60783.22251519603,TDB-MID,380.95585103496944,4.793208408463582,1778,0.5866384887837632,1.4160575472955537,2358,0.6579510115154281,0.6677864350794188
TOI-2076_b,NIRISS_SOSS,obs10,SOSS_HDU4_ordem_2,jw05959010001_04102_00001-seg006_nis_x1dints.fits,seg006,4,89,60783.222592269034,TDB-MID,850.9826142406673,4.793782066083085,1778,0.5866384887837632,1.4160575472955537,2359,1.4697369007473113,1.4917073585678444
TOI-2076_b,NIRISS_SOSS,obs10,SOSS_HDU4_ordem_2,jw05959010001_04102_00001-seg006_nis_x1dints.fits,seg006,4,90,60783.22266934204,TDB-MID,835.0637282109318,4.793753036858826,1778,0.5866384887837632,1.4160575472955537,2360,1.4422433023762447,1.4638027703502012
TOI-2076_b,NIRISS_SOSS,obs10,SOSS_HDU4_ordem_2,jw05959010001_04102_00001-seg006_nis_x1dints.fits,seg006,4,91,60783.22274641504,TDB-MID,676.0799513275925,4.795099007127512,1778,0.5866384887837632,1.4160575472955537,2361,1.1676615193933808,1.185116383694228
TOI-2076_b,NIRISS_SOSS,obs10,SOSS_HDU4_ordem_2,jw05959010001_04102_00001-seg006_nis_x1dints.fits,seg006,4,92,60783.222823488046,TDB-MID,682.7170080006279,4.793608244983848,1778,0.5866384887837632,1.4160575472955537,2362,1.1791244176259321,1.196750635807866
TOI-2076_b,NIRISS_SOSS,obs10,SOSS_HDU4_ordem_2,jw05959010001_04102_00001-seg006_nis_x1dints.fits,seg006,4,93,60783.22290056105,TDB-MID,567.6788817894451,4.793490714566756,1778,0.5866384887837632,1.4160575472955537,2363,0.9804414172261317,0.9950976096315327
TOI-2076_b,NIRISS_SOSS,obs10,SOSS_HDU4_ordem_2,jw05959010001_04102_00001-seg006_nis_x1dints.fits,seg006,4,94,60783.22297763405,TDB-MID,490.5348426574784,4.793320311147874,1778,0.5866384887837632,1.4160575472955537,2364,0.847205509597024,0.8598700163563362
TOI-2076_b,NIRISS_SOSS,obs10,SOSS_HDU4_ordem_2,jw05959010001_04102_00001-seg006_nis_x1dints.fits,seg006,4,95,60783.22305470705,TDB-MID,518.0474903125269,4.793586613835798,1778,0.5866384887837632,1.4160575472955537,2365,0.8947227594435031,0.9080975809080996
TOI-2076_b,NIRISS_SOSS,obs10,SOSS_HDU4_ordem_2,jw05959010001_04102_00001-seg006_nis_x1dints.fits,seg006,4,96,60783.223131780054,TDB-MID,590.1471546644234,4.793449001230605,1778,0.5866384887837632,1.4160575472955537,2366,1.019246498772811,1.0344827714680314
TOI-2076_b,NIRISS_SOSS,obs10,SOSS_HDU4_ordem_2,jw05959010001_04102_00001-seg006_nis_x1dints.fits,seg006,4,97,60783.22320885306,TDB-MID,326.04150308558326,4.793235142034405,1778,0.5866384887837632,1.4160575472955537,2367,0.5631081296385667,0.5715257882033975
TOI-2076_b,NIRISS_SOSS,obs10,SOSS_HDU4_ordem_2,jw05959010001_04102_00001-seg006_nis_x1dints.fits,seg006,4,98,60783.22328592606,TDB-MID,432.91017902660997,4.793311586510642,1778,0.5866384887837632,1.4160575472955537,2368,0.7476816261308376,0.7588583936337442
TOI-2076_b,NIRISS_SOSS,obs10,SOSS_HDU4_ordem_2,jw05959010001_04102_00001-seg006_nis_x1dints.fits,seg006,4,99,60783.223362999066,TDB-MID,904.4474130507649,4.793855983551773,1778,0.5866384887837632,1.4160575472955537,2369,1.5620762580822996,1.585427056802263
TOI-2076_b,NIRISS_SOSS,obs10,SOSS_HDU4_ordem_2,jw05959010001_04102_00001-seg006_nis_x1dints.fits,seg006,4,100,60783.22344007207,TDB-MID,700.1977815445771,4.793606063028374,1778,0.5866384887837632,1.4160575472955537,2370,1.2093155607835095,1.227393093236018
TOI-2076_b,NIRISS_SOSS,obs10,SOSS_HDU4_ordem_2,jw05959010001_04102_00001-seg006_nis_x1dints.fits,seg006,4,101,60783.223517145074,TDB-MID,394.525415394547,4.793343807116762,1778,0.5866384887837632,1.4160575472955537,2371,0.6813870831020755,0.6915728423091406
TOI-2076_b,NIRISS_SOSS,obs10,SOSS_HDU4_ordem_2,jw05959010001_04102_00001-seg006_nis_x1dints.fits,seg006,4,102,60783.22359421808,TDB-MID,532.335152076751,4.793422628893902,1778,0.5866384887837632,1.4160575472955537,2372,0.9193990611315396,0.9331427578996873
TOI-2076_b,NIRISS_SOSS,obs10,SOSS_HDU4_ordem_2,jw05959010001_04102_00001-seg006_nis_x1dints.fits,seg006,4,103,60783.22367129108,TDB-MID,512.8845221674617,4.793387476485224,1778,0.5866384887837632,1.4160575472955537,2373,0.8858057678702309,0.8990472931053137
TOI-2076_b,NIRISS_SOSS,obs10,SOSS_HDU4_ordem_2,jw05959010001_04102_00001-seg006_nis_x1dints.fits,seg006,4,104,60783.223748364086,TDB-MID,192.02194477945002,4.793091063029779,1778,0.5866384887837632,1.4160575472955537,2374,0.3316421901843988,0.33659976507229245
TOI-2076_b,NIRISS_SOSS,obs10,SOSS_HDU4_ordem_2,jw05959010001_04102_00001-seg006_nis_x1dints.fits,seg006,4,105,60783.22382543709,TDB-MID,248.7518028643429,4.793142525085007,1778,0.5866384887837632,1.4160575472955537,2375,0.42962064991582755,0.4360428621927367
TOI-2076_b,NIRISS_SOSS,obs10,SOSS_HDU4_ordem_2,jw05959010001_04102_00001-seg006_nis_x1dints.fits,seg006,4,106,60783.22390251009,TDB-MID,476.48266770181294,4.793343619126864,1778,0.5866384887837632,1.4160575472955537,2376,0.8229359185119848,0.8352376297076933
TOI-2076_b,NIRISS_SOSS,obs10,SOSS_HDU4_ordem_2,jw05959010001_04102_00001-seg006_nis_x1dints.fits,seg006,4,107,60783.22397958309,TDB-MID,492.46188410450327,4.79363310913081,1778,0.5866384887837632,1.4160575472955537,2377,0.8505337138124406,0.8632479724493137
TOI-2076_b,NIRISS_SOSS,obs10,SOSS_HDU4_ordem_2,jw05959010001_04102_00001-seg006_nis_x1dints.fits,seg006,4,108,60783.224056656094,TDB-MID,261.46939962522526,4.793116899437663,1778,0.5866384887837632,1.4160575472955537,2378,0.45158528342948845,0.4583358354615673
TOI-2076_b,NIRISS_SOSS,obs10,SOSS_HDU4_ordem_2,jw05959010001_04102_00001-seg006_nis_x1dints.fits,seg006,4,109,60783.2241337291,TDB-MID,444.3566724062172,4.793285621698596,1778,0.5866384887837632,1.4160575472955537,2379,0.7674509297836274,0.7789232200102433
TOI-2076_b,NIRISS_SOSS,obs10,SOSS_HDU4_ordem_2,jw05959010001_04102_00001-seg006_nis_x1dints.fits,seg006,4,110,60783.2242108021,TDB-MID,810.8327671945821,4.7937457868342905,1778,0.5866384887837632,1.4160575472955537,2380,1.4003938721407323,1.421327751180142
TOI-2076_b,NIRISS_SOSS,obs10,SOSS_HDU4_ordem_2,jw05959010001_04102_00001-seg006_nis_x1dints.fits,seg006,4,111,60783.224287875106,TDB-MID,554.0930473192941,4.793559354986272,1778,0.5866384887837632,1.4160575472955537,2381,0.9569772454392111,0.9712826821438633
TOI-2076_b,NIRISS_SOSS,obs10,SOSS_HDU4_ordem_2,jw05959010001_04102_00001-seg006_nis_x1dints.fits,seg006,4,112,60783.2243649481,TDB-MID,678.1887237650262,4.793601032201468,1778,0.5866384887837632,1.4160575472955537,2382,1.1713035922333068,1.1888129002972985
TOI-2076_b,NIRISS_SOSS,obs10,SOSS_HDU4_ordem_2,jw05959010001_04102_00001-seg006_nis_x1dints.fits,seg006,4,113,60783.22444202111,TDB-MID,537.3126641529852,4.793391157148289,1778,0.5866384887837632,1.4160575472955537,2383,0.9279957504762267,0.941867955415155
TOI-2076_b,NIRISS_SOSS,obs10,SOSS_HDU4_ordem_2,jw05959010001_04102_00001-seg006_nis_x1dints.fits,seg006,4,114,60783.22451909411,TDB-MID,419.0139549957802,4.794047236634567,1778,0.5866384887837632,1.4160575472955537,2384,0.723681378772804,0.7344993770143592
TOI-2076_b,NIRISS_SOSS,obs10,SOSS_HDU4_ordem_2,jw05959010001_04102_00001-seg006_nis_x1dints.fits,seg006,4,115,60783.224596167114,TDB-MID,864.4396889744258,4.793868505227539,1778,0.5866384887837632,1.4160575472955537,2385,1.492978690863044,1.5152965800974254
TOI-2076_b,NIRISS_SOSS,obs10,SOSS_HDU4_ordem_2,jw05959010001_04102_00001-seg006_nis_x1dints.fits,seg006,4,116,60783.22467324012,TDB-MID,960.0045008446325,4.793841925211442,1778,0.5866384887837632,1.4160575472955537,2386,1.658029219590879,1.6828143774077038
TOI-2076_b,NIRISS_SOSS,obs10,SOSS_HDU4_ordem_2,jw05959010001_04102_00001-seg006_nis_x1dints.fits,seg006,4,117,60783.22475031312,TDB-MID,210.379531607403,4.793052447021848,1778,0.5866384887837632,1.4160575472955537,2387,0.36334768253901084,0.3687792090451173
TOI-2076_b,NIRISS_SOSS,obs10,SOSS_HDU4_ordem_2,jw05959010001_04102_00001-seg006_nis_x1dints.fits,seg006,4,118,60783.224827386126,TDB-MID,629.590249872768,4.793511463134678,1778,0.5866384887837632,1.4160575472955537,2388,1.0873688922709686,1.1036234970038645
TOI-2076_b,NIRISS_SOSS,obs10,SOSS_HDU4_ordem_2,jw05959010001_04102_00001-seg006_nis_x1dints.fits,seg006,4,119,60783.22490445912,TDB-MID,689.165151717951,4.793598454726734,1778,0.5866384887837632,1.4160575472955537,2389,1.1902610432209546,1.2080537379761949
TOI-2076_b,NIRISS_SOSS,obs10,SOSS_HDU4_ordem_2,jw05959010001_04102_00001-seg006_nis_x1dints.fits,seg006,4,120,60783.22498153213,TDB-MID,595.791789548591,4.7934419156768096,1778,0.5866384887837632,1.4160575472955537,2390,1.028995379703721,1.0443773841807187
TOI-2076_b,NIRISS_SOSS,obs10,SOSS_HDU4_ordem_2,jw05959010001_04102_00001-seg006_nis_x1dints.fits,seg006,4,121,60783.22505860513,TDB-MID,810.9497398558208,4.79383977187971,1778,0.5866384887837632,1.4160575472955537,2391,1.4005958962875529,1.421532795298084
TOI-2076_b,NIRISS_SOSS,obs10,SOSS_HDU4_ordem_2,jw05959010001_04102_00001-seg006_nis_x1dints.fits,seg006,4,122,60783.225135678134,TDB-MID,678.5497811007027,4.793803209967375,1778,0.5866384887837632,1.4160575472955537,2392,1.1719271764060608,1.189445806158688
TOI-2076_b,NIRISS_SOSS,obs10,SOSS_HDU4_ordem_2,jw05959010001_04102_00001-seg006_nis_x1dints.fits,seg006,4,123,60783.22521275114,TDB-MID,805.6726731470496,4.79379929195629,1778,0.5866384887837632,1.4160575472955537,2393,1.391481844437614,1.4122825014502465
TOI-2076_b,NIRISS_SOSS,obs10,SOSS_HDU4_ordem_2,jw05959010001_04102_00001-seg006_nis_x1dints.fits,seg006,4,124,60783.22528982414,TDB-MID,326.3232484392889,4.793179989099174,1778,0.5866384887837632,1.4160575472955537,2394,0.5635947336373155,0.5720196662337259
TOI-2076_b,NIRISS_SOSS,obs10,SOSS_HDU4_ordem_2,jw05959010001_04102_00001-seg006_nis_x1dints.fits,seg006,4,125,60783.225366897146,TDB-MID,371.27264244761625,4.793485734768819,1778,0.5866384887837632,1.4160575472955537,2395,0.6412270870305956,0.6508125119197888
TOI-2076_b,NIRISS_SOSS,obs10,SOSS_HDU4_ordem_2,jw05959010001_04102_00001-seg006_nis_x1dints.fits,seg006,4,126,60783.22544397015,TDB-MID,471.48181692142293,4.793402795971808,1778,0.5866384887837632,1.4160575472955537,2396,0.8142989207589477,0.8264715212310073
TOI-2076_b,NIRISS_SOSS,obs10,SOSS_HDU4_ordem_2,jw05959010001_04102_00001-seg006_nis_x1dints.fits,seg006,4,127,60783.225521043154,TDB-MID,603.8726726469497,4.79350667284243,1778,0.5866384887837632,1.4160575472955537,2397,1.0429519187463905,1.0585425534565966
TOI-2076_b,NIRISS_SOSS,obs10,SOSS_HDU4_ordem_2,jw05959010001_04102_00001-seg006_nis_x1dints.fits,seg006,4,128,60783.22559811616,TDB-MID,970.4942967826488,4.793924496928115,1778,0.5866384887837632,1.4160575472955537,2398,1.6761462056648762,1.701202186428428
TOI-2076_b,NIRISS_SOSS,obs10,SOSS_HDU4_ordem_2,jw05959010001_04102_00001-seg006_nis_x1dints.fits,seg006,4,129,60783.225675189155,TDB-MID,488.6815216534221,4.793961248974781,1778,0.5866384887837632,1.4160575472955537,2399,0.8440046283768805,0.856621286554722
TOI-2076_b,NIRISS_SOSS,obs10,SOSS_HDU4_ordem_2,jw05959010001_04102_00001-seg006_nis_x1dints.fits,seg006,4,130,60783.22575226216,TDB-MID,756.6422550399567,4.793661178357894,1778,0.5866384887837632,1.4160575472955537,2400,1.3068011311713805,1.3263359330244382
TOI-2076_b,NIRISS_SOSS,obs10,SOSS_HDU4_ordem_2,jw05959010001_04102_00001-seg006_nis_x1dints.fits,seg006,4,131,60783.22582933516,TDB-MID,547.3699072397512,4.793415397477792,1778,0.5866384887837632,1.4160575472955537,2401,0.9453656720669227,0.9594975324104749
TOI-2076_b,NIRISS_SOSS,obs10,SOSS_HDU4_ordem_2,jw05959010001_04102_00001-seg006_nis_x1dints.fits,seg006,4,132,60783.22590640816,TDB-MID,682.0581235013735,4.793794492530817,1778,0.5866384887837632,1.4160575472955537,2402,1.1779864544693657,1.1955956617349104
TOI-2076_b,NIRISS_SOSS,obs10,SOSS_HDU4_ordem_2,jw05959010001_04102_00001-seg006_nis_x1dints.fits,seg006,4,133,60783.22598348116,TDB-MID,595.4191989858926,4.793580281793832,1778,0.5866384887837632,1.4160575472955537,2403,1.0283518764291486,1.0437242614555193
TOI-2076_b,NIRISS_SOSS,obs10,SOSS_HDU4_ordem_2,jw05959010001_04102_00001-seg006_nis_x1dints.fits,seg006,4,134,60783.22606055417,TDB-MID,803.6668998286418,4.793774815880852,1778,0.5866384887837632,1.4160575472955537,2404,1.3880176619604798,1.4087665344156464
TOI-2076_b,NIRISS_SOSS,obs10,SOSS_HDU4_ordem_2,jw05959010001_04102_00001-seg006_nis_x1dints.fits,seg006,4,135,60783.22613762717,TDB-MID,534.6658798056244,4.7940556025593315,1778,0.5866384887837632,1.4160575472955537,2405,0.9234244742144812,0.9372283451323723
TOI-2076_b,NIRISS_SOSS,obs10,SOSS_HDU4_ordem_2,jw05959010001_04102_00001-seg006_nis_x1dints.fits,seg006,4,136,60783.226214700175,TDB-MID,469.42188333472427,4.793318698617703,1778,0.5866384887837632,1.4160575472955537,2406,0.8107411977751929,0.8228606153934288
TOI-2076_b,NIRISS_SOSS,obs10,SOSS_HDU4_ordem_2,jw05959010001_04102_00001-seg006_nis_x1dints.fits,seg006,4,137,60783.22629177318,TDB-MID,506.98505560900276,4.793364397355742,1778,0.5866384887837632,1.4160575472955537,2407,0.8756167657089721,0.8887059799813898
TOI-2076_b,NIRISS_SOSS,obs10,SOSS_HDU4_ordem_2,jw05959010001_04102_00001-seg006_nis_x1dints.fits,seg006,4,138,60783.22636884618,TDB-MID,636.3476812404167,4.793541755778223,1778,0.5866384887837632,1.4160575472955537,2408,1.0990396903214819,1.1154687567394388
TOI-2076_b,NIRISS_SOSS,obs10,SOSS_HDU4_ordem_2,jw05959010001_04102_00001-seg006_nis_x1dints.fits,seg006,4,139,60783.22644591919,TDB-MID,873.8900980426547,4.793838498637405,1778,0.5866384887837632,1.4160575472955537,2409,1.5093005459777067,1.5318624235267089
TOI-2076_b,NIRISS_SOSS,obs10,SOSS_HDU4_ordem_2,jw05959010001_04102_00001-seg006_nis_x1dints.fits,seg006,4,140,60783.22652299219,TDB-MID,494.1651400816927,4.7933142274072935,1778,0.5866384887837632,1.4160575472955537,2410,0.8534754168733515,0.8662336497500953
TOI-2076_b,NIRISS_SOSS,obs10,SOSS_HDU4_ordem_2,jw05959010001_04102_00001-seg006_nis_x1dints.fits,seg006,4,141,60783.226600065194,TDB-MID,349.7954861164589,4.793242321228983,1778,0.5866384887837632,1.4160575472955537,2411,0.6041337684894327,0.6131647014896233
TOI-2076_b,NIRISS_SOSS,obs10,SOSS_HDU4_ordem_2,jw05959010001_04102_00001-seg006_nis_x1dints.fits,seg006,4,142,60783.22667713819,TDB-MID,683.8779833447711,4.793561919127162,1778,0.5866384887837632,1.4160575472955537,2412,1.1811295447291077,1.198785736684186
TOI-2076_b,NIRISS_SOSS,obs10,SOSS_HDU4_ordem_2,jw05959010001_04102_00001-seg006_nis_x1dints.fits,seg006,4,143,60783.22675421119,TDB-MID,441.88625856190134,4.79323649226143,1778,0.5866384887837632,1.4160575472955537,2413,0.7631842640182546,0.7745927737136851
TOI-2076_b,NIRISS_SOSS,obs10,SOSS_HDU4_ordem_2,jw05959010001_04102_00001-seg006_nis_x1dints.fits,seg006,4,144,60783.22683128419,TDB-MID,498.7984392417353,4.793374978281146,1778,0.5866384887837632,1.4160575472955537,2414,0.8614776141377368,0.874355468381665
TOI-2076_b,NIRISS_SOSS,obs10,SOSS_HDU4_ordem_2,jw05959010001_04102_00001-seg006_nis_x1dints.fits,seg006,4,145,60783.226908357195,TDB-MID,888.976936792514,4.793857860933306,1778,0.5866384887837632,1.4160575472955537,2415,1.5353571107714286,1.5583084965769474
TOI-2076_b,NIRISS_SOSS,obs10,SOSS_HDU4_ordem_2,jw05959010001_04102_00001-seg006_nis_x1dints.fits,seg006,4,146,60783.2269854302,TDB-MID,415.9822662513387,4.793302235395241,1778,0.5866384887837632,1.4160575472955537,2416,0.718445331943267,0.7291850587976397
TOI-2076_b,NIRISS_SOSS,obs10,SOSS_HDU4_ordem_2,jw05959010001_04102_00001-seg006_nis_x1dints.fits,seg006,4,147,60783.2270625032,TDB-MID,874.9600228179506,4.793743489269894,1778,0.5866384887837632,1.4160575472955537,2417,1.511148419126889,1.5337379197280585
TOI-2076_b,NIRISS_SOSS,obs10,SOSS_HDU4_ordem_2,jw05959010001_04102_00001-seg006_nis_x1dints.fits,seg006,4,148,60783.22713957621,TDB-MID,700.9493671853202,4.79388876865627,1778,0.5866384887837632,1.4160575472955537,2418,1.2106136286074423,1.2287105653113914
TOI-2076_b,NIRISS_SOSS,obs10,SOSS_HDU4_ordem_2,jw05959010001_04102_00001-seg006_nis_x1dints.fits,seg006,4,149,60783.22721664921,TDB-MID,924.3524218628991,4.793951481066235,1778,0.5866384887837632,1.4160575472955537,2419,1.5964543117244392,1.620319013019151
TOI-2076_b,NIRISS_SOSS,obs10,SOSS_HDU4_ordem_2,jw05959010001_04102_00001-seg006_nis_x1dints.fits,seg006,4,150,60783.227293722215,TDB-MID,855.3248643223267,4.793847387641622,1778,0.5866384887837632,1.4160575472955537,2420,1.4772364254972763,1.4993189904521607
TOI-2076_b,NIRISS_SOSS,obs10,SOSS_HDU4_ordem_2,jw05959010001_04102_00001-seg006_nis_x1dints.fits,seg006,4,151,60783.22737079522,TDB-MID,685.9658117436148,4.793558633834244,1778,0.5866384887837632,1.4160575472955537,2421,1.1847354450011678,1.202445539991403
TOI-2076_b,NIRISS_SOSS,obs10,SOSS_HDU4_ordem_2,jw05959010001_04102_00001-seg006_nis_x1dints.fits,seg006,4,152,60783.22744786822,TDB-MID,498.74576502370684,4.7932975445561965,1778,0.5866384887837632,1.4160575472955537,2422,0.8613866401969548,0.8742631345110019
TOI-2076_b,NIRISS_SOSS,obs10,SOSS_HDU4_ordem_2,jw05959010001_04102_00001-seg006_nis_x1dints.fits,seg006,4,153,60783.22752494123,TDB-MID,156.84722631260183,4.793020166267997,1778,0.5866384887837632,1.4160575472955537,2423,0.2708917343713214,0.27494117711233856
TOI-2076_b,NIRISS_SOSS,obs10,SOSS_HDU4_ordem_2,jw05959010001_04102_00001-seg006_nis_x1dints.fits,seg006,4,154,60783.22760201422,TDB-MID,564.5459556696478,4.793414677462112,1778,0.5866384887837632,1.4160575472955537,2424,0.97503052275129,0.9896058300480907
TOI-2076_b,NIRISS_SOSS,obs10,SOSS_HDU4_ordem_2,jw05959010001_04102_00001-seg006_nis_x1dints.fits,seg006,4,155,60783.22767908723,TDB-MID,837.2767109164729,4.793766268592569,1778,0.5866384887837632,1.4160575472955537,2425,1.4460653573614122,1.467681959573338
TOI-2076_b,NIRISS_SOSS,obs10,SOSS_HDU4_ordem_2,jw05959010001_04102_00001-seg006_nis_x1dints.fits,seg006,4,156,60783.227756160224,TDB-MID,488.6763931662869,4.793369139980164,1778,0.5866384887837632,1.4160575472955537,2426,0.843995770937655,0.8566122967094891
TOI-2076_b,NIRISS_SOSS,obs10,SOSS_HDU4_ordem_2,jw05959010001_04102_00001-seg006_nis_x1dints.fits,seg006,4,157,60783.22783323323,TDB-MID,672.168659712019,4.7935696448858325,1778,0.5866384887837632,1.4160575472955537,2427,1.1609063054550546,1.1782601890002131
TOI-2076_b,NIRISS_SOSS,obs10,SOSS_HDU4_ordem_2,jw05959010001_04102_00001-seg006_nis_x1dints.fits,seg006,4,158,60783.22791030623,TDB-MID,482.3518406003527,4.793332843957303,1778,0.5866384887837632,1.4160575472955537,2428,0.8330726003213388,0.8455258403655233
TOI-2076_b,NIRISS_SOSS,obs10,SOSS_HDU4_ordem_2,jw05959010001_04102_00001-seg006_nis_x1dints.fits,seg006,4,159,60783.227987379236,TDB-MID,816.2962039013177,4.79380562835135,1778,0.5866384887837632,1.4160575472955537,2429,1.4098298046714477,1.4309047373630845
TOI-2076_b,NIRISS_SOSS,obs10,SOSS_HDU4_ordem_2,jw05959010001_04102_00001-seg006_nis_x1dints.fits,seg006,4,160,60783.22806445224,TDB-MID,683.3286089356814,4.793935338287738,1778,0.5866384887837632,1.4160575472955537,2430,1.1801807170705239,1.1978227254135276
TOI-2076_b,NIRISS_SOSS,obs10,SOSS_HDU4_ordem_2,jw05959010001_04102_00001-seg006_nis_x1dints.fits,seg006,4,161,60783.228141525244,TDB-MID,210.0681349550916,4.793046671950968,1778,0.5866384887837632,1.4160575472955537,2431,0.3628098676142258,0.3682333545588881
TOI-2076_b,NIRISS_SOSS,obs10,SOSS_HDU4_ordem_2,jw05959010001_04102_00001-seg006_nis_x1dints.fits,seg006,4,162,60783.22821859825,TDB-MID,837.6279220600204,4.793767285882278,1778,0.5866384887837632,1.4160575472955537,2432,1.4466719361198819,1.4682976058139
TOI-2076_b,NIRISS_SOSS,obs10,SOSS_HDU4_ordem_2,jw05959010001_04102_00001-seg006_nis_x1dints.fits,seg006,4,163,60783.22829567125,TDB-MID,926.5060536772316,4.793901763188712,1778,0.5866384887837632,1.4160575472955537,2433,1.600173861448698,1.6240941646748077
TOI-2076_b,NIRISS_SOSS,obs10,SOSS_HDU4_ordem_2,jw05959010001_04102_00001-seg006_nis_x1dints.fits,seg006,4,164,60783.228372744255,TDB-MID,512.0205825452429,4.793409361340183,1778,0.5866384887837632,1.4160575472955537,2434,0.8843136528474984,0.8975328731039461
TOI-2076_b,NIRISS_SOSS,obs10,SOSS_HDU4_ordem_2,jw05959010001_04102_00001-seg006_nis_x1dints.fits,seg006,4,165,60783.22844981725,TDB-MID,314.0592672423927,4.793077289019307,1778,0.5866384887837632,1.4160575472955537,2435,0.5424135421376125,0.5505218463128434
TOI-2076_b,NIRISS_SOSS,obs10,SOSS_HDU4_ordem_2,jw05959010001_04102_00001-seg006_nis_x1dints.fits,seg006,4,166,60783.228526890256,TDB-MID,194.00910464015746,4.792988972085495,1778,0.5866384887837632,1.4160575472955537,2436,0.33507422525314295,0.3400831041408737
TOI-2076_b,NIRISS_SOSS,obs10,SOSS_HDU4_ordem_2,jw05959010001_04102_00001-seg006_nis_x1dints.fits,seg006,4,167,60783.22860396325,TDB-MID,799.4873876340197,4.793865867095307,1778,0.5866384887837632,1.4160575472955537,2437,1.3807992027384417,1.4014401695856138
TOI-2076_b,NIRISS_SOSS,obs10,SOSS_HDU4_ordem_2,jw05959010001_04102_00001-seg006_nis_x1dints.fits,seg006,4,168,60783.22868103626,TDB-MID,677.1121165447137,4.793672220676047,1778,0.5866384887837632,1.4160575472955537,2438,1.1694441777954263,1.1869256902815444
TOI-2076_b,NIRISS_SOSS,obs10,SOSS_HDU4_ordem_2,jw05959010001_04102_00001-seg006_nis_x1dints.fits,seg006,4,169,60783.22875810926,TDB-MID,369.5276034873492,4.7934380880976155,1778,0.5866384887837632,1.4160575472955537,2439,0.6382132203425732,0.6477535922492141
TOI-2076_b,NIRISS_SOSS,obs10,SOSS_HDU4_ordem_2,jw05959010001_04102_00001-seg006_nis_x1dints.fits,seg006,4,170,60783.228835182264,TDB-MID,636.9812943033072,4.7944023386955115,1778,0.5866384887837632,1.4160575472955537,2440,1.1001340070369374,1.116579431919615
TOI-2076_b,NIRISS_SOSS,obs10,SOSS_HDU4_ordem_2,jw05959010001_04102_00001-seg006_nis_x1dints.fits,seg006,4,171,60783.22891225527,TDB-MID,846.7663117035096,4.793819151066946,1778,0.5866384887837632,1.4160575472955537,2441,1.4624549007159655,1.4843165030845764
TOI-2076_b,NIRISS_SOSS,obs10,SOSS_HDU4_ordem_2,jw05959010001_04102_00001-seg006_nis_x1dints.fits,seg006,4,172,60783.22898932827,TDB-MID,518.9935139421084,4.793710104057763,1778,0.5866384887837632,1.4160575472955537,2442,0.8963566422210208,0.9097558878887715
TOI-2076_b,NIRISS_SOSS,obs10,SOSS_HDU4_ordem_2,jw05959010001_04102_00001-seg006_nis_x1dints.fits,seg006,4,173,60783.229066401276,TDB-MID,672.8536012990775,4.793541087733799,1778,0.5866384887837632,1.4160575472955537,2443,1.1620892719557914,1.1794608391527617
TOI-2076_b,NIRISS_SOSS,obs10,SOSS_HDU4_ordem_2,jw05959010001_04102_00001-seg006_nis_x1dints.fits,seg006,4,174,60783.22914347428,TDB-MID,480.7289476542707,4.793377738546361,1778,0.5866384887837632,1.4160575472955537,2444,0.8302696927073595,0.8426810333044548
TOI-2076_b,NIRISS_SOSS,obs10,SOSS_HDU4_ordem_2,jw05959010001_04102_00001-seg006_nis_x1dints.fits,seg006,4,175,60783.22922054728,TDB-MID,328.02336378612165,4.793087965490336,1778,0.5866384887837632,1.4160575472955537,2445,0.5665310124977204,0.5749998382499868
TOI-2076_b,NIRISS_SOSS,obs10,SOSS_HDU4_ordem_2,jw05959010001_04102_00001-seg006_nis_x1dints.fits,seg006,4,176,60783.22929762028,TDB-MID,250.28102084954782,4.793078761602515,1778,0.5866384887837632,1.4160575472955537,2446,0.4322617709734506,0.43872346422057007
TOI-2076_b,NIRISS_SOSS,obs10,SOSS_HDU4_ordem_2,jw05959010001_04102_00001-seg006_nis_x1dints.fits,seg006,4,177,60783.229374693285,TDB-MID,276.9818559617483,4.79313005961708,1778,0.5866384887837632,1.4160575472955537,2447,0.4783769347716996,0.4855279835494594
TOI-2076_b,NIRISS_SOSS,obs10,SOSS_HDU4_ordem_2,jw05959010001_04102_00001-seg006_nis_x1dints.fits,seg006,4,178,60783.22945176629,TDB-MID,847.4604855775175,4.793862377301305,1778,0.5866384887837632,1.4160575472955537,2448,1.4636538123518683,1.4855333367291828
TOI-2076_b,NIRISS_SOSS,obs10,SOSS_HDU4_ordem_2,jw05959010001_04102_00001-seg006_nis_x1dints.fits,seg006,4,179,60783.22952883929,TDB-MID,834.949120120805,4.7937929887880735,1778,0.5866384887837632,1.4160575472955537,2449,1.442045362093606,1.4636018711443508
TOI-2076_b,NIRISS_SOSS,obs10,SOSS_HDU4_ordem_2,jw05959010001_04102_00001-seg006_nis_x1dints.fits,seg006,4,180,60783.22960591229,TDB-MID,794.7872817620387,4.79373832837299,1778,0.5866384887837632,1.4160575472955537,2450,1.3726816232228678,1.393201243903756
TOI-2076_b,NIRISS_SOSS,obs10,SOSS_HDU4_ordem_2,jw05959010001_04102_00001-seg006_nis_x1dints.fits,seg006,4,181,60783.22968298529,TDB-MID,666.4781087003565,4.7936538322694595,1778,0.5866384887837632,1.4160575472955537,2451,1.1510781225198623,1.1682850888320657
TOI-2076_b,NIRISS_SOSS,obs10,SOSS_HDU4_ordem_2,jw05959010001_04102_00001-seg006_nis_x1dints.fits,seg006,4,182,60783.2297600583,TDB-MID,433.36793487957505,4.7933198327383755,1778,0.5866384887837632,1.4160575472955537,2452,0.748472218861379,0.7596608045912286
TOI-2076_b,NIRISS_SOSS,obs10,SOSS_HDU4_ordem_2,jw05959010001_04102_00001-seg006_nis_x1dints.fits,seg006,4,183,60783.2298371313,TDB-MID,641.1861831442704,4.7936408512641915,1778,0.5866384887837632,1.4160575472955537,2453,1.107396294408835,1.1239502800674606
TOI-2076_b,NIRISS_SOSS,obs10,SOSS_HDU4_ordem_2,jw05959010001_04102_00001-seg006_nis_x1dints.fits,seg006,4,184,60783.2299142043,TDB-MID,678.9549236777274,4.7935410016921685,1778,0.5866384887837632,1.4160575472955537,2454,1.1726269004492462,1.190155990072323
TOI-2076_b,NIRISS_SOSS,obs10,SOSS_HDU4_ordem_2,jw05959010001_04102_00001-seg006_nis_x1dints.fits,seg006,4,185,60783.2299912773,TDB-MID,765.5925863635405,4.793671720354258,1778,0.5866384887837632,1.4160575472955537,2455,1.3222592991762856,1.3420251784609312
TOI-2076_b,NIRISS_SOSS,obs10,SOSS_HDU4_ordem_2,jw05959010001_04102_00001-seg006_nis_x1dints.fits,seg006,4,186,60783.230068350305,TDB-MID,667.3685512750617,4.793611900505712,1778,0.5866384887837632,1.4160575472955537,2456,1.1526160109421875,1.1698459664796719
TOI-2076_b,NIRISS_SOSS,obs10,SOSS_HDU4_ordem_2,jw05959010001_04102_00001-seg006_nis_x1dints.fits,seg006,4,187,60783.23014542331,TDB-MID,570.9111004009544,4.793440420099217,1778,0.5866384887837632,1.4160575472955537,2457,0.9860238003267033,1.0007634413495998
TOI-2076_b,NIRISS_SOSS,obs10,SOSS_HDU4_ordem_2,jw05959010001_04102_00001-seg006_nis_x1dints.fits,seg006,4,188,60783.23022249631,TDB-MID,528.7457348058097,4.793429263920491,1778,0.5866384887837632,1.4160575472955537,2458,0.9131997581998462,0.9268507842842082
TOI-2076_b,NIRISS_SOSS,obs10,SOSS_HDU4_ordem_2,jw05959010001_04102_00001-seg006_nis_x1dints.fits,seg006,4,189,60783.23029956932,TDB-MID,394.0271996793093,4.793294006684205,1778,0.5866384887837632,1.4160575472955537,2459,0.6805266119138711,0.6906995083113159
TOI-2076_b,NIRISS_SOSS,obs10,SOSS_HDU4_ordem_2,jw05959010001_04102_00001-seg006_nis_x1dints.fits,seg006,4,190,60783.23037664232,TDB-MID,574.839598822723,4.793459962763683,1778,0.5866384887837632,1.4160575472955537,2460,0.9928087322376249,1.0076497982572592
TOI-2076_b,NIRISS_SOSS,obs10,SOSS_HDU4_ordem_2,jw05959010001_04102_00001-seg006_nis_x1dints.fits,seg006,4,191,60783.230453715325,TDB-MID,482.10756453449426,4.7933682150626264,1778,0.5866384887837632,1.4160575472955537,2461,0.8326507097421971,0.8450976431275712
TOI-2076_b,NIRISS_SOSS,obs10,SOSS_HDU4_ordem_2,jw05959010001_04102_00001-seg006_nis_x1dints.fits,seg006,4,192,60783.230530788314,TDB-MID,654.4710741178546,4.793484414999922,1778,0.5866384887837632,1.4160575472955537,2462,1.1303407049755583,1.1472376766504684
TOI-2076_b,NIRISS_SOSS,obs10,SOSS_HDU4_ordem_2,jw05959010001_04102_00001-seg006_nis_x1dints.fits,seg006,4,193,60783.23060786132,TDB-MID,569.0855503390022,4.79346920967983,1778,0.5866384887837632,1.4160575472955537,2463,0.9828708824582146,0.9975633918829276
TOI-2076_b,NIRISS_SOSS,obs10,SOSS_HDU4_ordem_2,jw05959010001_04102_00001-seg006_nis_x1dints.fits,seg006,4,194,60783.23068493432,TDB-MID,327.0980530047331,4.79325722428352,1778,0.5866384887837632,1.4160575472955537,2464,0.5649329029978224,0.5733778393061059
TOI-2076_b,NIRISS_SOSS,obs10,SOSS_HDU4_ordem_2,jw05959010001_04102_00001-seg006_nis_x1dints.fits,seg006,4,195,60783.230762007326,TDB-MID,678.8021625223466,4.793509127151923,1778,0.5866384887837632,1.4160575472955537,2465,1.172363065791162,1.1898882114646623
TOI-2076_b,NIRISS_SOSS,obs10,SOSS_HDU4_ordem_2,jw05959010001_04102_00001-seg006_nis_x1dints.fits,seg006,4,196,60783.23083908033,TDB-MID,240.46621257388193,4.793053601880254,1778,0.5866384887837632,1.4160575472955537,2466,0.41531055992035776,0.4215188568846054
TOI-2076_b,NIRISS_SOSS,obs10,SOSS_HDU4_ordem_2,jw05959010001_04102_00001-seg006_nis_x1dints.fits,seg006,4,197,60783.230916153334,TDB-MID,426.96367351022604,4.793157338913031,1778,0.5866384887837632,1.4160575472955537,2467,0.7374113827184907,0.7484346248185971
TOI-2076_b,NIRISS_SOSS,obs10,SOSS_HDU4_ordem_2,jw05959010001_04102_00001-seg006_nis_x1dints.fits,seg006,4,198,60783.23099322634,TDB-MID,643.402049830044,4.793506785850727,1778,0.5866384887837632,1.4160575472955537,2468,1.1112233303326229,1.1278345246871033
TOI-2076_b,NIRISS_SOSS,obs10,SOSS_HDU4_ordem_2,jw05959010001_04102_00001-seg006_nis_x1dints.fits,seg006,4,199,60783.23107029934,TDB-MID,527.7957799152853,4.793450503383214,1778,0.5866384887837632,1.4160575472955537,2469,0.9115590857192517,0.9251855861041406
TOI-2076_b,NIRISS_SOSS,obs10,SOSS_HDU4_ordem_2,jw05959010001_04102_00001-seg006_nis_x1dints.fits,seg006,4,200,60783.23114737234,TDB-MID,149.90598676369171,4.792923248648096,1778,0.5866384887837632,1.4160575472955537,2470,0.2589034801681931,0.26277371571016817
TOI-2076_b,NIRISS_SOSS,obs10,SOSS_HDU4_ordem_2,jw05959010001_04102_00001-seg006_nis_x1dints.fits,seg006,4,201,60783.23122444534,TDB-MID,732.9992148102106,4.793740059943958,1778,0.5866384887837632,1.4160575472955537,2471,1.2659671022617327,1.284891493973121
TOI-2076_b,NIRISS_SOSS,obs10,SOSS_HDU4_ordem_2,jw05959010001_04102_00001-seg006_nis_x1dints.fits,seg006,4,202,60783.231301518346,TDB-MID,486.13088655934854,4.793221854669164,1778,0.5866384887837632,1.4160575472955537,2472,0.8395994120359497,0.8521502185502999
TOI-2076_b,NIRISS_SOSS,obs10,SOSS_HDU4_ordem_2,jw05959010001_04102_00001-seg006_nis_x1dints.fits,seg006,4,203,60783.23137859135,TDB-MID,589.7963536379118,4.7951759800185005,1778,0.5866384887837632,1.4160575472955537,2473,1.0186406283298006,1.0338678441312286
TOI-2076_b,NIRISS_SOSS,obs10,SOSS_HDU4_ordem_2,jw05959010001_04102_00001-seg006_nis_x1dints.fits,seg006,4,204,60783.23145566435,TDB-MID,843.6625643839948,4.794923194842856,1778,0.5866384887837632,1.4160575472955537,2474,1.4570944011126254,1.4788758717036559
TOI-2076_b,NIRISS_SOSS,obs10,SOSS_HDU4_ordem_2,jw05959010001_04102_00001-seg006_nis_x1dints.fits,seg006,4,205,60783.23153273735,TDB-MID,562.9190000945605,4.7934092599745295,1778,0.5866384887837632,1.4160575472955537,2475,0.9722205985477078,0.9867539015094726
TOI-2076_b,NIRISS_SOSS,obs10,SOSS_HDU4_ordem_2,jw05959010001_04102_00001-seg006_nis_x1dints.fits,seg006,4,206,60783.231609810355,TDB-MID,719.9750324276413,4.793594064051993,1778,0.5866384887837632,1.4160575472955537,2476,1.2434729629815717,1.2620610995863402
TOI-2076_b,NIRISS_SOSS,obs10,SOSS_HDU4_ordem_2,jw05959010001_04102_00001-seg006_nis_x1dints.fits,seg006,4,207,60783.23168688336,TDB-MID,623.6670592590237,4.793502613613535,1778,0.5866384887837632,1.4160575472955537,2477,1.077138916159238,1.0932405974277006
TOI-2076_b,NIRISS_SOSS,obs10,SOSS_HDU4_ordem_2,jw05959010001_04102_00001-seg006_nis_x1dints.fits,seg006,4,208,60783.231763956355,TDB-MID,225.91912364837938,4.793091060450575,1778,0.5866384887837632,1.4160575472955537,2478,0.3901862001103264,0.3960189239449931
TOI-2076_b,NIRISS_SOSS,obs10,SOSS_HDU4_ordem_2,jw05959010001_04102_00001-seg006_nis_x1dints.fits,seg006,4,209,60783.23184102936,TDB-MID,622.3645673620078,4.793602077628678,1778,0.5866384887837632,1.4160575472955537,2479,1.0748893750147615,1.0909574288708586
TOI-2076_b,NIRISS_SOSS,obs10,SOSS_HDU4_ordem_2,jw05959010001_04102_00001-seg006_nis_x1dints.fits,seg006,4,210,60783.23191810236,TDB-MID,544.3410081828937,4.793397876508658,1778,0.5866384887837632,1.4160575472955537,2480,0.9401344433226381,0.9541881043024691
TOI-2076_b,NIRISS_SOSS,obs10,SOSS_HDU4_ordem_2,jw05959010001_04102_00001-seg006_nis_x1dints.fits,seg006,4,211,60783.23199517537,TDB-MID,499.39411715181996,4.793376891891672,1778,0.5866384887837632,1.4160575472955537,2481,0.8625064128355723,0.8753996461438658
TOI-2076_b,NIRISS_SOSS,obs10,SOSS_HDU4_ordem_2,jw05959010001_04102_00001-seg006_nis_x1dints.fits,seg006,4,212,60783.23207224837,TDB-MID,603.175814591581,4.793439050672107,1778,0.5866384887837632,1.4160575472955537,2482,1.041748371245632,1.0573210146476066
TOI-2076_b,NIRISS_SOSS,obs10,SOSS_HDU4_ordem_2,jw05959010001_04102_00001-seg006_nis_x1dints.fits,seg006,4,213,60783.232149321375,TDB-MID,432.2152672954315,4.793383032776627,1778,0.5866384887837632,1.4160575472955537,2483,0.7464814401376295,0.7576402665820193
TOI-2076_b,NIRISS_SOSS,obs10,SOSS_HDU4_ordem_2,jw05959010001_04102_00001-seg006_nis_x1dints.fits,seg006,4,214,60783.23222639438,TDB-MID,-88.42185338980659,4.792589137804899,1778,0.5866384887837632,1.4160575472955537,2484,-0.15271388461376278,-0.1549967380678813
TOI-2076_b,NIRISS_SOSS,obs10,SOSS_HDU4_ordem_2,jw05959010001_04102_00001-seg006_nis_x1dints.fits,seg006,4,215,60783.232303467375,TDB-MID,326.63219808240444,4.793944702511483,1778,0.5866384887837632,1.4160575472955537,2485,0.5641283223186364,0.5725612313002152
TOI-2076_b,NIRISS_SOSS,obs10,SOSS_HDU4_ordem_2,jw05959010001_04102_00001-seg006_nis_x1dints.fits,seg006,4,216,60783.23238054037,TDB-MID,394.6332494396356,4.793317143751591,1778,0.5866384887837632,1.4160575472955537,2486,0.6815733238930992,0.6917618671327633
TOI-2076_b,NIRISS_SOSS,obs10,SOSS_HDU4_ordem_2,jw05959010001_04102_00001-seg006_nis_x1dints.fits,seg006,4,217,60783.232457613376,TDB-MID,366.58613894951856,4.793110236057727,1778,0.5866384887837632,1.4160575472955537,2487,0.6331330002521229,0.6425974301577434
TOI-2076_b,NIRISS_SOSS,obs10,SOSS_HDU4_ordem_2,jw05959010001_04102_00001-seg006_nis_x1dints.fits,seg006,4,218,60783.23253468638,TDB-MID,621.98785958346,4.79360344279973,1778,0.5866384887837632,1.4160575472955537,2488,1.0742387608733381,1.0902970889815518
TOI-2076_b,NIRISS_SOSS,obs10,SOSS_HDU4_ordem_2,jw05959010001_04102_00001-seg006_nis_x1dints.fits,seg006,4,219,60783.232611759384,TDB-MID,749.9354074292318,4.7936508473590145,1778,0.5866384887837632,1.4160575472955537,2489,1.295217696614416,1.314579342741288
TOI-2076_b,NIRISS_SOSS,obs10,SOSS_HDU4_ordem_2,jw05959010001_04102_00001-seg006_nis_x1dints.fits,seg006,4,220,60783.23268883239,TDB-MID,729.1632952421035,4.79367487202488,1778,0.5866384887837632,1.4160575472955537,2490,1.2593420638141772,1.2781674207066824
TOI-2076_b,NIRISS_SOSS,obs10,SOSS_HDU4_ordem_2,jw05959010001_04102_00001-seg006_nis_x1dints.fits,seg006,4,221,60783.23276590539,TDB-MID,697.7111452614171,4.7936467790305475,1778,0.5866384887837632,1.4160575472955537,2491,1.205020877151978,1.2230342102464031
TOI-2076_b,NIRISS_SOSS,obs10,SOSS_HDU4_ordem_2,jw05959010001_04102_00001-seg006_nis_x1dints.fits,seg006,4,222,60783.23284297839,TDB-MID,369.88071988095584,4.793306419609523,1778,0.5866384887837632,1.4160575472955537,2492,0.6388230896692286,0.6483725782472347
TOI-2076_b,NIRISS_SOSS,obs10,SOSS_HDU4_ordem_2,jw05959010001_04102_00001-seg006_nis_x1dints.fits,seg006,4,223,60783.23292005139,TDB-MID,270.9182033474817,4.793060683263371,1778,0.5866384887837632,1.4160575472955537,2493,0.46790436594201484,0.474898864842291
TOI-2076_b,NIRISS_SOSS,obs10,SOSS_HDU4_ordem_2,jw05959010001_04102_00001-seg006_nis_x1dints.fits,seg006,4,224,60783.232997124396,TDB-MID,369.3742853040336,4.793338889838487,1778,0.5866384887837632,1.4160575472955537,2494,0.6379484236383826,0.6474848372142382
TOI-2076_b,NIRISS_SOSS,obs10,SOSS_HDU4_ordem_2,jw05959010001_04102_00001-seg006_nis_x1dints.fits,seg006,4,225,60783.2330741974,TDB-MID,887.4578393890603,4.793823806225039,1778,0.5866384887837632,1.4160575472955537,2495,1.5327334690279626,1.5556456351539378
TOI-2076_b,NIRISS_SOSS,obs10,SOSS_HDU4_ordem_2,jw05959010001_04102_00001-seg006_nis_x1dints.fits,seg006,4,226,60783.233151270404,TDB-MID,606.84952377737,4.793608444388533,1778,0.5866384887837632,1.4160575472955537,2496,1.0480932552216533,1.0637607455351403
TOI-2076_b,NIRISS_SOSS,obs10,SOSS_HDU4_ordem_2,jw05959010001_04102_00001-seg006_nis_x1dints.fits,seg006,4,227,60783.23322834341,TDB-MID,910.1302627799084,4.793876988084548,1778,0.5866384887837632,1.4160575472955537,2497,1.5718911400887632,1.5953886572118823
TOI-2076_b,NIRISS_SOSS,obs10,SOSS_HDU4_ordem_2,jw05959010001_04102_00001-seg006_nis_x1dints.fits,seg006,4,228,60783.23330541641,TDB-MID,691.1769229661493,4.79364438598717,1778,0.5866384887837632,1.4160575472955537,2498,1.1937355847566566,1.2115802189224247
TOI-2076_b,NIRISS_SOSS,obs10,SOSS_HDU4_ordem_2,jw05959010001_04102_00001-seg006_nis_x1dints.fits,seg006,4,229,60783.2333824894,TDB-MID,310.289649099165,4.793152091461508,1778,0.5866384887837632,1.4160575472955537,2499,0.5359030132570994,0.5439139943671709
TOI-2076_b,NIRISS_SOSS,obs10,SOSS_HDU4_ordem_2,jw05959010001_04102_00001-seg006_nis_x1dints.fits,seg006,4,230,60783.233459562405,TDB-MID,500.69201107184057,4.793386576745712,1778,0.5866384887837632,1.4160575472955537,2500,0.8647480127878956,0.8776747547991264
TOI-2076_b,NIRISS_SOSS,obs10,SOSS_HDU4_ordem_2,jw05959010001_04102_00001-seg006_nis_x1dints.fits,seg006,4,231,60783.23353663541,TDB-MID,700.1904322963755,4.793556544779319,1778,0.5866384887837632,1.4160575472955537,2501,1.209302867855248,1.227380210566691
TOI-2076_b,NIRISS_SOSS,obs10,SOSS_HDU4_ordem_2,jw05959010001_04102_00001-seg006_nis_x1dints.fits,seg006,4,232,60783.23361370841,TDB-MID,825.6277848283218,4.794514537438553,1778,0.5866384887837632,1.4160575472955537,2502,1.4259464310292793,1.4472622841600942
TOI-2076_b,NIRISS_SOSS,obs10,SOSS_HDU4_ordem_2,jw05959010001_04102_00001-seg006_nis_x1dints.fits,seg006,4,233,60783.23369078142,TDB-MID,483.3934448964844,4.793517122609509,1778,0.5866384887837632,1.4160575472955537,2503,0.8348715610102921,0.8473516929355455
TOI-2076_b,NIRISS_SOSS,obs10,SOSS_HDU4_ordem_2,jw05959010001_04102_00001-seg006_nis_x1dints.fits,seg006,4,234,60783.23376785442,TDB-MID,540.2533114116561,4.793392184966636,1778,0.5866384887837632,1.4160575472955537,2504,0.9330745590392038,0.947022684878842
TOI-2076_b,NIRISS_SOSS,obs10,SOSS_HDU4_ordem_2,jw05959010001_04102_00001-seg006_nis_x1dints.fits,seg006,4,235,60783.23384492742,TDB-MID,814.0095678981899,4.79375380896521,1778,0.5866384887837632,1.4160575472955537,2505,1.405880542658177,1.4268964395492971
TOI-2076_b,NIRISS_SOSS,obs10,SOSS_HDU4_ordem_2,jw05959010001_04102_00001-seg006_nis_x1dints.fits,seg006,4,236,60783.23392200042,TDB-MID,382.0470684728088,4.793195579110001,1778,0.5866384887837632,1.4160575472955537,2506,0.659835659342884,0.6696992556877164
TOI-2076_b,NIRISS_SOSS,obs10,SOSS_HDU4_ordem_2,jw05959010001_04102_00001-seg006_nis_x1dints.fits,seg006,4,237,60783.233999073425,TDB-MID,846.4041140674356,4.794371961392037,1778,0.5866384887837632,1.4160575472955537,2507,1.461829347123926,1.4836815983639087
TOI-2076_b,NIRISS_SOSS,obs10,SOSS_HDU4_ordem_2,jw05959010001_04102_00001-seg006_nis_x1dints.fits,seg006,4,238,60783.23407614643,TDB-MID,640.5889188216514,4.7936188076952755,1778,0.5866384887837632,1.4160575472955537,2508,1.1063647558089114,1.122903321445567
TOI-2076_b,NIRISS_SOSS,obs10,SOSS_HDU4_ordem_2,jw05959010001_04102_00001-seg006_nis_x1dints.fits,seg006,4,239,60783.23415321943,TDB-MID,742.7673575327194,4.793601597784539,1778,0.5866384887837632,1.4160575472955537,2509,1.2828377169732306,1.3020143001678273
TOI-2076_b,NIRISS_SOSS,obs10,SOSS_HDU4_ordem_2,jw05959010001_04102_00001-seg006_nis_x1dints.fits,seg006,4,240,60783.23423029243,TDB-MID,689.3413794476787,4.793560541487146,1778,0.5866384887837632,1.4160575472955537,2510,1.1905654071327214,1.2083626516917272
TOI-2076_b,NIRISS_SOSS,obs10,SOSS_HDU4_ordem_2,jw05959010001_04102_00001-seg006_nis_x1dints.fits,seg006,4,241,60783.23430736543,TDB-MID,469.34383495423094,4.793354486294072,1778,0.5866384887837632,1.4160575472955537,2511,0.8106063999744683,0.8227238025589974
TOI-2076_b,NIRISS_SOSS,obs10,SOSS_HDU4_ordem_2,jw05959010001_04102_00001-seg006_nis_x1dints.fits,seg006,4,242,60783.23438443843,TDB-MID,847.6024351630882,4.793873678084021,1778,0.5866384887837632,1.4160575472955537,2512,1.4638989742863988,1.485782163482865
TOI-2076_b,NIRISS_SOSS,obs10,SOSS_HDU4_ordem_2,jw05959010001_04102_00001-seg006_nis_x1dints.fits,seg006,4,243,60783.234461511434,TDB-MID,1119.9412580207797,4.79415633712807,1778,0.5866384887837632,1.4160575472955537,2513,1.9342569002437848,1.9631712655422768
TOI-2076_b,NIRISS_SOSS,obs10,SOSS_HDU4_ordem_2,jw05959010001_04102_00001-seg006_nis_x1dints.fits,seg006,4,244,60783.23453858444,TDB-MID,245.42100395026597,4.793032292420205,1778,0.5866384887837632,1.4160575472955537,2514,0.42386800821543735,0.43020422675307873
TOI-2076_b,NIRISS_SOSS,obs10,SOSS_HDU4_ordem_2,jw05959010001_04102_00001-seg006_nis_x1dints.fits,seg006,4,245,60783.23461565744,TDB-MID,725.9372987500544,4.793645538037752,1778,0.5866384887837632,1.4160575472955537,2515,1.2537704269714238,1.2725124958875689
TOI-2076_b,NIRISS_SOSS,obs10,SOSS_HDU4_ordem_2,jw05959010001_04102_00001-seg006_nis_x1dints.fits,seg006,4,246,60783.234692730446,TDB-MID,767.9637214639623,4.793950254293358,1778,0.5866384887837632,1.4160575472955537,2516,1.3263545000598629,1.3461815967217365
TOI-2076_b,NIRISS_SOSS,obs10,SOSS_HDU4_ordem_2,jw05959010001_04102_00001-seg006_nis_x1dints.fits,seg006,4,247,60783.23476980344,TDB-MID,833.3497786403937,4.793760355388687,1778,0.5866384887837632,1.4160575472955537,2517,1.4392831303495957,1.4607983479991438
TOI-2076_b,NIRISS_SOSS,obs10,SOSS_HDU4_ordem_2,jw05959010001_04102_00001-seg006_nis_x1dints.fits,seg006,4,248,60783.23484687645,TDB-MID,769.0023616123024,4.793739078112101,1778,0.5866384887837632,1.4160575472955537,2518,1.3281483413523494,1.3480022533676603
TOI-2076_b,NIRISS_SOSS,obs10,SOSS_HDU4_ordem_2,jw05959010001_04102_00001-seg006_nis_x1dints.fits,seg006,4,249,60783.23492394945,TDB-MID,1056.6798815085085,4.7940775450685384,1778,0.5866384887837632,1.4160575472955537,2519,1.8249978179826059,1.852278916771215
TOI-2076_b,NIRISS_SOSS,obs10,SOSS_HDU4_ordem_2,jw05959010001_04102_00001-seg006_nis_x1dints.fits,seg006,4,250,60783.235001022455,TDB-MID,482.498347479161,4.793816777781876,1778,0.5866384887837632,1.4160575472955537,2520,0.8333256331828738,0.845782655705275
TOI-2076_b,NIRISS_SOSS,obs10,SOSS_HDU4_ordem_2,jw05959010001_04102_00001-seg006_nis_x1dints.fits,seg006,4,251,60783.23507809546,TDB-MID,415.63169628043823,4.793171561643243,1778,0.5866384887837632,1.4160575472955537,2521,0.7178398605577134,0.7285705364836301
TOI-2076_b,NIRISS_SOSS,obs10,SOSS_HDU4_ordem_2,jw05959010001_04102_00001-seg006_nis_x1dints.fits,seg006,4,252,60783.23515516846,TDB-MID,507.68559507391524,4.793345280785425,1778,0.5866384887837632,1.4160575472955537,2522,0.8768266713930387,0.8899339720194053
TOI-2076_b,NIRISS_SOSS,obs10,SOSS_HDU4_ordem_2,jw05959010001_04102_00001-seg006_nis_x1dints.fits,seg006,4,253,60783.23523224145,TDB-MID,400.0487815687706,4.793334405634066,1778,0.5866384887837632,1.4160575472955537,2523,0.690926520156074,0.7012548802594765
TOI-2076_b,NIRISS_SOSS,obs10,SOSS_HDU4_ordem_2,jw05959010001_04102_00001-seg006_nis_x1dints.fits,seg006,4,254,60783.235309314456,TDB-MID,0.3926290872400102,4.792743043483579,1778,0.5866384887837632,1.4160575472955537,2524,0.0006781119239883542,0.0006882487242660171
TOI-2076_b,NIRISS_SOSS,obs10,SOSS_HDU4_ordem_2,jw05959010001_04102_00001-seg006_nis_x1dints.fits,seg006,4,255,60783.23538638746,TDB-MID,645.3728448763461,4.793643892326475,1778,0.5866384887837632,1.4160575472955537,2525,1.1146271016375686,1.1312891774891716
TOI-2076_b,NIRISS_SOSS,obs10,SOSS_HDU4_ordem_2,jw05959010001_04102_00001-seg006_nis_x1dints.fits,seg006,4,256,60783.23546346046,TDB-MID,806.3326700755147,4.793674147916207,1778,0.5866384887837632,1.4160575472955537,2526,1.392621728876981,1.4134394255264238
TOI-2076_b,NIRISS_SOSS,obs10,SOSS_HDU4_ordem_2,jw05959010001_04102_00001-seg006_nis_x1dints.fits,seg006,4,257,60783.23554053347,TDB-MID,596.9795415107536,4.793575167778827,1778,0.5866384887837632,1.4160575472955537,2527,1.0310467528557836,1.0464594224180008
TOI-2076_b,NIRISS_SOSS,obs10,SOSS_HDU4_ordem_2,jw05959010001_04102_00001-seg006_nis_x1dints.fits,seg006,4,258,60783.23561760647,TDB-MID,725.2345220675534,4.79353114201067,1778,0.5866384887837632,1.4160575472955537,2528,1.2525566573761682,1.271280582178436
TOI-2076_b,NIRISS_SOSS,obs10,SOSS_HDU4_ordem_2,jw05959010001_04102_00001-seg006_nis_x1dints.fits,seg006,4,259,60783.23569467947,TDB-MID,258.23353221742735,4.793049538876068,1778,0.5866384887837632,1.4160575472955537,2529,0.44599659847214673,0.45266360768301384
TOI-2076_b,NIRISS_SOSS,obs10,SOSS_HDU4_ordem_2,jw05959010001_04102_00001-seg006_nis_x1dints.fits,seg006,4,260,60783.23577175247,TDB-MID,637.232823119003,4.793532183941709,1778,0.5866384887837632,1.4160575472955537,2530,1.1005684238814686,1.1170203426726508
TOI-2076_b,NIRISS_SOSS,obs10,SOSS_HDU4_ordem_2,jw05959010001_04102_00001-seg006_nis_x1dints.fits,seg006,4,261,60783.235848825476,TDB-MID,617.1870440400372,4.793529302837666,1778,0.5866384887837632,1.4160575472955537,2531,1.065947245112883,1.0818816269575235
TOI-2076_b,NIRISS_SOSS,obs10,SOSS_HDU4_ordem_2,jw05959010001_04102_00001-seg006_nis_x1dints.fits,seg006,4,262,60783.23592589848,TDB-MID,772.111189897023,4.793728234524439,1778,0.5866384887837632,1.4160575472955537,2532,1.3335176163195213,1.3534517912915103
TOI-2076_b,NIRISS_SOSS,obs10,SOSS_HDU4_ordem_2,jw05959010001_04102_00001-seg006_nis_x1dints.fits,seg006,4,263,60783.236002971484,TDB-MID,863.1260264667912,4.793815892343107,1778,0.5866384887837632,1.4160575472955537,2533,1.4907098568935961,1.5129938303155608
TOI-2076_b,NIRISS_SOSS,obs10,SOSS_HDU4_ordem_2,jw05959010001_04102_00001-seg006_nis_x1dints.fits,seg006,4,264,60783.23608004447,TDB-MID,1165.4891399693042,4.7942054470315,1778,0.5866384887837632,1.4160575472955537,2534,2.0129229055538493,2.0430132147581492
TOI-2076_b,NIRISS_SOSS,obs10,SOSS_HDU4_ordem_2,jw05959010001_04102_00001-seg006_nis_x1dints.fits,seg006,4,265,60783.23615711748,TDB-MID,565.983989224986,4.7934650171549436,1778,0.5866384887837632,1.4160575472955537,2535,0.9775141586627936,0.992126592752837
TOI-2076_b,NIRISS_SOSS,obs10,SOSS_HDU4_ordem_2,jw05959010001_04102_00001-seg006_nis_x1dints.fits,seg006,4,266,60783.23623419048,TDB-MID,529.8931281903473,4.793339298629187,1778,0.5866384887837632,1.4160575472955537,2536,0.9151814278235354,0.9288620770253814
TOI-2076_b,NIRISS_SOSS,obs10,SOSS_HDU4_ordem_2,jw05959010001_04102_00001-seg006_nis_x1dints.fits,seg006,4,267,60783.236311263485,TDB-MID,863.3876830042798,4.7939213803223355,1778,0.5866384887837632,1.4160575472955537,2537,1.4911617653838911,1.5134524941893666
TOI-2076_b,NIRISS_SOSS,obs10,SOSS_HDU4_ordem_2,jw05959010001_04102_00001-seg006_nis_x1dints.fits,seg006,4,268,60783.23638833649,TDB-MID,477.65306512621964,4.793219661522716,1778,0.5866384887837632,1.4160575472955537,2538,0.8249573185434356,0.8372892467692172
TOI-2076_b,NIRISS_SOSS,obs10,SOSS_HDU4_ordem_2,jw05959010001_04102_00001-seg006_nis_x1dints.fits,seg006,4,269,60783.23646540949,TDB-MID,678.6253922545343,4.793552417642181,1778,0.5866384887837632,1.4160575472955537,2539,1.1720577648587913,1.1895783467214127
TOI-2076_b,NIRISS_SOSS,obs10,SOSS_HDU4_ordem_2,jw05959010001_04102_00001-seg006_nis_x1dints.fits,seg006,4,270,60783.23654248249,TDB-MID,597.2582622482561,4.7933736424766185,1778,0.5866384887837632,1.4160575472955537,2540,1.031528133022729,1.046947998527736
TOI-2076_b,NIRISS_SOSS,obs10,SOSS_HDU4_ordem_2,jw05959010001_04102_00001-seg006_nis_x1dints.fits,seg006,4,271,60783.23661955549,TDB-MID,666.3179695858447,4.793558600400946,1778,0.5866384887837632,1.4160575472955537,2541,1.150801545346707,1.1680043772270172
TOI-2076_b,NIRISS_SOSS,obs10,SOSS_HDU4_ordem_2,jw05959010001_04102_00001-seg006_nis_x1dints.fits,seg006,4,272,60783.2366966285,TDB-MID,351.44115739295796,4.79319667023651,1778,0.5866384887837632,1.4160575472955537,2542,0.6069760166870986,0.6160494372196568
TOI-2076_b,NIRISS_SOSS,obs10,SOSS_HDU4_ordem_2,jw05959010001_04102_00001-seg006_nis_x1dints.fits,seg006,4,273,60783.2367737015,TDB-MID,467.0912396824765,4.7935685817403595,1778,0.5866384887837632,1.4160575472955537,2543,0.8067159299014685,0.8187751755406304
TOI-2076_b,NIRISS_SOSS,obs10,SOSS_HDU4_ordem_2,jw05959010001_04102_00001-seg006_nis_x1dints.fits,seg006,4,274,60783.236850774505,TDB-MID,164.58125629432212,4.793602634854786,1778,0.5866384887837632,1.4160575472955537,2544,0.2842492214285196,0.2884983394351092
TOI-2076_b,NIRISS_SOSS,obs10,SOSS_HDU4_ordem_2,jw05959010001_04102_00001-seg006_nis_x1dints.fits,seg006,4,275,60783.2369278475,TDB-MID,274.2623966168824,4.793084353256713,1778,0.5866384887837632,1.4160575472955537,2545,0.473680141109472,0.4807609795611556
TOI-2076_b,NIRISS_SOSS,obs10,SOSS_HDU4_ordem_2,jw05959010001_04102_00001-seg006_nis_x1dints.fits,seg006,4,276,60783.237004920506,TDB-MID,532.5880576086357,4.793458540465883,1778,0.5866384887837632,1.4160575472955537,2546,0.9198358557104109,0.93358608193078
TOI-2076_b,NIRISS_SOSS,obs10,SOSS_HDU4_ordem_2,jw05959010001_04102_00001-seg006_nis_x1dints.fits,seg006,4,277,60783.2370819935,TDB-MID,138.7643589375728,4.7929346797581065,1778,0.5866384887837632,1.4160575472955537,2547,0.23966071154235968,0.24324329530378194
TOI-2076_b,NIRISS_SOSS,obs10,SOSS_HDU4_ordem_2,jw05959010001_04102_00001-seg006_nis_x1dints.fits,seg006,4,278,60783.237159066506,TDB-MID,199.20518018404005,4.793042756127337,1778,0.5866384887837632,1.4160575472955537,2548,0.34404839680273364,0.3491914266785795
TOI-2076_b,NIRISS_SOSS,obs10,SOSS_HDU4_ordem_2,jw05959010001_04102_00001-seg006_nis_x1dints.fits,seg006,4,279,60783.23723613951,TDB-MID,314.3539449624376,4.79317904751547,1778,0.5866384887837632,1.4160575472955537,2549,0.5429224816996322,0.5510383937910657
TOI-2076_b,NIRISS_SOSS,obs10,SOSS_HDU4_ordem_2,jw05959010001_04102_00001-seg006_nis_x1dints.fits,seg006,4,280,60783.23731321251,TDB-MID,695.7264949649077,4.7936041712853035,1778,0.5866384887837632,1.4160575472955537,2550,1.2015931763657972,1.2195552702516905
TOI-2076_b,NIRISS_SOSS,obs10,SOSS_HDU4_ordem_2,jw05959010001_04102_00001-seg006_nis_x1dints.fits,seg006,4,281,60783.23739028551,TDB-MID,416.7543964243351,4.793300057775429,1778,0.5866384887837632,1.4160575472955537,2551,0.7197788823454052,0.7305385438648508
TOI-2076_b,NIRISS_SOSS,obs10,SOSS_HDU4_ordem_2,jw05959010001_04102_00001-seg006_nis_x1dints.fits,seg006,4,282,60783.237467358515,TDB-MID,751.818168323475,4.793732357299824,1778,0.5866384887837632,1.4160575472955537,2552,1.2984694236359162,1.3178796784160334
TOI-2076_b,NIRISS_SOSS,obs10,SOSS_HDU4_ordem_2,jw05959010001_04102_00001-seg006_nis_x1dints.fits,seg006,4,283,60783.23754443152,TDB-MID,538.8819769418858,4.793430858907057,1778,0.5866384887837632,1.4160575472955537,2553,0.9307061194967736,0.9446188405635977
TOI-2076_b,NIRISS_SOSS,obs10,SOSS_HDU4_ordem_2,jw05959010001_04102_00001-seg006_nis_x1dints.fits,seg006,4,284,60783.23762150452,TDB-MID,800.1733478643766,4.793788306501231,1778,0.5866384887837632,1.4160575472955537,2554,1.3819839285437983,1.402642605341862
TOI-2076_b,NIRISS_SOSS,obs10,SOSS_HDU4_ordem_2,jw05959010001_04102_00001-seg006_nis_x1dints.fits,seg006,4,285,60783.23769857752,TDB-MID,788.2201431401588,4.793737240425589,1778,0.5866384887837632,1.4160575472955537,2555,1.3613394808531178,1.381689552779802
TOI-2076_b,NIRISS_SOSS,obs10,SOSS_HDU4_ordem_2,jw05959010001_04102_00001-seg006_nis_x1dints.fits,seg006,4,286,60783.23777565052,TDB-MID,529.9311983248803,4.793331054796951,1778,0.5866384887837632,1.4160575472955537,2556,0.9152471789688622,0.9289288110559881
TOI-2076_b,NIRISS_SOSS,obs10,SOSS_HDU4_ordem_2,jw05959010001_04102_00001-seg006_nis_x1dints.fits,seg006,4,287,60783.23785272353,TDB-MID,460.03745878284576,4.793349871271079,1778,0.5866384887837632,1.4160575472955537,2557,0.7945333048930545,0.8064104377685275
TOI-2076_b,NIRISS_SOSS,obs10,SOSS_HDU4_ordem_2,jw05959010001_04102_00001-seg006_nis_x1dints.fits,seg006,4,288,60783.23792979653,TDB-MID,677.2031941808395,4.793557218519748,1778,0.5866384887837632,1.4160575472955537,2558,1.16960147849747,1.1870853424033814
TOI-2076_b,NIRISS_SOSS,obs10,SOSS_HDU4_ordem_2,jw05959010001_04102_00001-seg006_nis_x1dints.fits,seg006,4,289,60783.23800686953,TDB-MID,639.8481808460402,4.793581744538508,1778,0.5866384887837632,1.4160575472955537,2559,1.1050854230489677,1.121604864496507
TOI-2076_b,NIRISS_SOSS,obs10,SOSS_HDU4_ordem_2,jw05959010001_04102_00001-seg006_nis_x1dints.fits,seg006,4,290,60783.238083942524,TDB-MID,436.6098468052836,4.793382051704232,1778,0.5866384887837632,1.4160575472955537,2560,0.7540713433398952,0.7653436279468192
TOI-2076_b,NIRISS_SOSS,obs10,SOSS_HDU4_ordem_2,jw05959010001_04102_00001-seg006_nis_x1dints.fits,seg006,4,291,60783.23816101553,TDB-MID,584.6159347863463,4.796397919891283,1778,0.5866384887837632,1.4160575472955537,2561,1.0096934975423324,1.0247869665762397
TOI-2076_b,NIRISS_SOSS,obs10,SOSS_HDU4_ordem_2,jw05959010001_04102_00001-seg006_nis_x1dints.fits,seg006,4,292,60783.23823808853,TDB-MID,602.5303416198935,4.793837298355707,1778,0.5866384887837632,1.4160575472955537,2562,1.0406335712144108,1.0561895499554848
TOI-2076_b,NIRISS_SOSS,obs10,SOSS_HDU4_ordem_2,jw05959010001_04102_00001-seg006_nis_x1dints.fits,seg006,4,293,60783.238315161536,TDB-MID,874.110383133087,4.793758733740809,1778,0.5866384887837632,1.4160575472955537,2563,1.5096810016070872,1.5322485664218535
TOI-2076_b,NIRISS_SOSS,obs10,SOSS_HDU4_ordem_2,jw05959010001_04102_00001-seg006_nis_x1dints.fits,seg006,4,294,60783.23839223454,TDB-MID,768.2943431124602,4.7937275948270655,1778,0.5866384887837632,1.4160575472955537,2564,1.3269255185846265,1.346761151154122
TOI-2076_b,NIRISS_SOSS,obs10,SOSS_HDU4_ordem_2,jw05959010001_04102_00001-seg006_nis_x1dints.fits,seg006,4,295,60783.23846930754,TDB-MID,646.9114357172543,4.793537133699763,1778,0.5866384887837632,1.4160575472955537,2565,1.11728441060745,1.1339862094153241
TOI-2076_b,NIRISS_SOSS,obs10,SOSS_HDU4_ordem_2,jw05959010001_04102_00001-seg006_nis_x1dints.fits,seg006,4,296,60783.23854638054,TDB-MID,750.8573364444512,4.7936778737041,1778,0.5866384887837632,1.4160575472955537,2566,1.2968099654467784,1.3161954137080343
TOI-2076_b,NIRISS_SOSS,obs10,SOSS_HDU4_ordem_2,jw05959010001_04102_00001-seg006_nis_x1dints.fits,seg006,4,297,60783.238623453544,TDB-MID,677.4362403335246,4.793546525662378,1778,0.5866384887837632,1.4160575472955537,2567,1.1700039738298618,1.1874938544634737
TOI-2076_b,NIRISS_SOSS,obs10,SOSS_HDU4_ordem_2,jw05959010001_04102_00001-seg006_nis_x1dints.fits,seg006,4,298,60783.23870052655,TDB-MID,485.6258156009677,4.7933018793789754,1778,0.5866384887837632,1.4160575472955537,2568,0.8387271011184223,0.851264867836187
TOI-2076_b,NIRISS_SOSS,obs10,SOSS_HDU4_ordem_2,jw05959010001_04102_00001-seg006_nis_x1dints.fits,seg006,4,299,60783.238777599545,TDB-MID,667.8603486716956,4.793593119275394,1778,0.5866384887837632,1.4160575472955537,2569,1.1534653970159199,1.1707080496564688
TOI-2076_b,NIRISS_SOSS,obs10,SOSS_HDU4_ordem_2,jw05959010001_04102_00001-seg006_nis_x1dints.fits,seg006,4,300,60783.23885467255,TDB-MID,286.3021444757214,4.7932963391433585,1778,0.5866384887837632,1.4160575472955537,2570,0.49447405793892274,0.501865735611145
TOI-2076_b,NIRISS_SOSS,obs10,SOSS_HDU4_ordem_2,jw05959010001_04102_00001-seg006_nis_x1dints.fits,seg006,4,301,60783.238931745545,TDB-MID,504.93825652844146,4.793327575062425,1778,0.5866384887837632,1.4160575472955537,2571,0.8720817274052802,0.8851180979272921
TOI-2076_b,NIRISS_SOSS,obs10,SOSS_HDU4_ordem_2,jw05959010001_04102_00001-seg006_nis_x1dints.fits,seg006,4,302,60783.23900881855,TDB-MID,607.435280773434,4.7935535786879635,1778,0.5866384887837632,1.4160575472955537,2572,1.0491049194526016,1.0647875326947591
TOI-2076_b,NIRISS_SOSS,obs10,SOSS_HDU4_ordem_2,jw05959010001_04102_00001-seg006_nis_x1dints.fits,seg006,4,303,60783.23908589155,TDB-MID,973.0634107874093,4.794003052338975,1778,0.5866384887837632,1.4160575472955537,2573,1.680583337037287,1.7057056465482574
TOI-2076_b,NIRISS_SOSS,obs10,SOSS_HDU4_ordem_2,jw05959010001_04102_00001-seg006_nis_x1dints.fits,seg006,4,304,60783.23916296455,TDB-MID,495.17941531038275,4.793329832778376,1778,0.5866384887837632,1.4160575472955537,2574,0.8552271773748863,0.8680115965576221
TOI-2076_b,NIRISS_SOSS,obs10,SOSS_HDU4_ordem_2,jw05959010001_04102_00001-seg006_nis_x1dints.fits,seg006,4,305,60783.239240037554,TDB-MID,810.684176068876,4.793731437801356,1778,0.5866384887837632,1.4160575472955537,2575,1.4001372395645562,1.42106728231518
TOI-2076_b,NIRISS_SOSS,obs10,SOSS_HDU4_ordem_2,jw05959010001_04102_00001-seg006_nis_x1dints.fits,seg006,4,306,60783.23931711056,TDB-MID,591.4488444411205,4.7934868748662565,1778,0.5866384887837632,1.4160575472955537,2576,1.0214946545707346,1.0367645339693772
TOI-2076_b,NIRISS_SOSS,obs10,SOSS_HDU4_ordem_2,jw05959010001_04102_00001-seg006_nis_x1dints.fits,seg006,4,307,60783.23939418356,TDB-MID,652.0212494311595,4.793457372073194,1778,0.5866384887837632,1.4160575472955537,2577,1.1261095988611163,1.1429433215705997
TOI-2076_b,NIRISS_SOSS,obs10,SOSS_HDU4_ordem_2,jw05959010001_04102_00001-seg006_nis_x1dints.fits,seg006,4,308,60783.239471256566,TDB-MID,569.8236980701414,4.793519469976384,1778,0.5866384887837632,1.4160575472955537,2578,0.9841457415922361,0.9988573083317767
TOI-2076_b,NIRISS_SOSS,obs10,SOSS_HDU4_ordem_2,jw05959010001_04102_00001-seg006_nis_x1dints.fits,seg006,4,309,60783.23954832956,TDB-MID,714.8622686143729,4.794557924601084,1778,0.5866384887837632,1.4160575472955537,2579,1.2346426795945589,1.2530988161327854
TOI-2076_b,NIRISS_SOSS,obs10,SOSS_HDU4_ordem_2,jw05959010001_04102_00001-seg006_nis_x1dints.fits,seg006,4,310,60783.239625402566,TDB-MID,632.0804548539797,4.793552503287111,1778,0.5866384887837632,1.4160575472955537,2580,1.0916697394211508,1.10798863564789
TOI-2076_b,NIRISS_SOSS,obs10,SOSS_HDU4_ordem_2,jw05959010001_04102_00001-seg006_nis_x1dints.fits,seg006,4,311,60783.23970247557,TDB-MID,395.5021092074822,4.793217694934481,1778,0.5866384887837632,1.4160575472955537,2581,0.6830739365272578,0.693284911772655
TOI-2076_b,NIRISS_SOSS,obs10,SOSS_HDU4_ordem_2,jw05959010001_04102_00001-seg006_nis_x1dints.fits,seg006,4,312,60783.239779548574,TDB-MID,1066.133181101364,4.794112707023064,1778,0.5866384887837632,1.4160575472955537,2582,1.8413246653387492,1.8688498270688265
TOI-2076_b,NIRISS_SOSS,obs10,SOSS_HDU4_ordem_2,jw05959010001_04102_00001-seg006_nis_x1dints.fits,seg006,4,313,60783.23985662156,TDB-MID,477.624615223494,4.793337637004562,1778,0.5866384887837632,1.4160575472955537,2583,0.8249081825550395,0.8372393762682973
TOI-2076_b,NIRISS_SOSS,obs10,SOSS_HDU4_ordem_2,jw05959010001_04102_00001-seg006_nis_x1dints.fits,seg006,4,314,60783.23993369457,TDB-MID,766.4213552647998,4.794079280292529,1778,0.5866384887837632,1.4160575472955537,2584,1.3236906706473228,1.343477946881663
TOI-2076_b,NIRISS_SOSS,obs10,SOSS_HDU4_ordem_2,jw05959010001_04102_00001-seg006_nis_x1dints.fits,seg006,4,315,60783.24001076757,TDB-MID,672.7372515095046,4.793575895798316,1778,0.5866384887837632,1.4160575472955537,2585,1.1618883235741586,1.1792568868811533
TOI-2076_b,NIRISS_SOSS,obs10,SOSS_HDU4_ordem_2,jw05959010001_04102_00001-seg006_nis_x1dints.fits,seg006,4,316,60783.240087840575,TDB-MID,320.3855878105154,4.793145113963239,1778,0.5866384887837632,1.4160575472955537,2586,0.5533397662805385,0.5616114018292606
TOI-2076_b,NIRISS_SOSS,obs10,SOSS_HDU4_ordem_2,jw05959010001_04102_00001-seg006_nis_x1dints.fits,seg006,4,317,60783.24016491357,TDB-MID,937.693606356946,4.793901936109985,1778,0.5866384887837632,1.4160575472955537,2587,1.6194959471497117,1.6437050878328403
TOI-2076_b,NIRISS_SOSS,obs10,SOSS_HDU4_ordem_2,jw05959010001_04102_00001-seg006_nis_x1dints.fits,seg006,4,318,60783.240241986576,TDB-MID,449.9918329396112,4.793412951263115,1778,0.5866384887837632,1.4160575472955537,2588,0.7771834475095672,0.788801224911525
TOI-2076_b,NIRISS_SOSS,obs10,SOSS_HDU4_ordem_2,jw05959010001_04102_00001-seg006_nis_x1dints.fits,seg006,4,319,60783.24031905958,TDB-MID,405.6078753289921,4.793219505923404,1778,0.5866384887837632,1.4160575472955537,2589,0.700527662526535,0.7109995459322181
TOI-2076_b,NIRISS_SOSS,obs10,SOSS_HDU4_ordem_2,jw05959010001_04102_00001-seg006_nis_x1dints.fits,seg006,4,320,60783.24039613258,TDB-MID,361.8145637079754,4.793962117200851,1778,0.5866384887837632,1.4160575472955537,2590,0.6248919855829268,0.6342332241438271
TOI-2076_b,NIRISS_SOSS,obs10,SOSS_HDU4_ordem_2,jw05959010001_04102_00001-seg006_nis_x1dints.fits,seg006,4,321,60783.24047320559,TDB-MID,136.40110977567508,4.792974141150423,1778,0.5866384887837632,1.4160575472955537,2591,0.2355791305079451,0.23910070048934176
TOI-2076_b,NIRISS_SOSS,obs10,SOSS_HDU4_ordem_2,jw05959010001_04102_00001-seg006_nis_x1dints.fits,seg006,4,322,60783.240550278584,TDB-MID,675.79040793787,4.793519930719386,1778,0.5866384887837632,1.4160575472955537,2592,1.1671614473623884,1.1846088363038982
TOI-2076_b,NIRISS_SOSS,obs10,SOSS_HDU4_ordem_2,jw05959010001_04102_00001-seg006_nis_x1dints.fits,seg006,4,323,60783.24062735159,TDB-MID,731.8038077873131,4.793700599598795,1778,0.5866384887837632,1.4160575472955537,2593,1.263902508010847,1.2827960370005589
TOI-2076_b,NIRISS_SOSS,obs10,SOSS_HDU4_ordem_2,jw05959010001_04102_00001-seg006_nis_x1dints.fits,seg006,4,324,60783.24070442459,TDB-MID,737.0434488178244,4.793864454036847,1778,0.5866384887837632,1.4160575472955537,2594,1.2729519217595446,1.2919807265002872
TOI-2076_b,NIRISS_SOSS,obs10,SOSS_HDU4_ordem_2,jw05959010001_04102_00001-seg006_nis_x1dints.fits,seg006,4,325,60783.240781497596,TDB-MID,272.2791628523746,4.793047034246128,1778,0.5866384887837632,1.4160575472955537,2595,0.47025488682374716,0.4772845226385705
TOI-2076_b,NIRISS_SOSS,obs10,SOSS_HDU4_ordem_2,jw05959010001_04102_00001-seg006_nis_x1dints.fits,seg006,4,326,60783.240858570585,TDB-MID,523.3525272502626,4.793435051677344,1778,0.5866384887837632,1.4160575472955537,2596,0.9038851188345642,0.9173969044254853
TOI-2076_b,NIRISS_SOSS,obs10,SOSS_HDU4_ordem_2,jw05959010001_04102_00001-seg006_nis_x1dints.fits,seg006,4,327,60783.24093564359,TDB-MID,1037.296300872178,4.800296664403676,1778,0.5866384887837632,1.4160575472955537,2597,1.7915203259010004,1.8183009842180244
TOI-2076_b,NIRISS_SOSS,obs10,SOSS_HDU4_ordem_2,jw05959010001_04102_00001-seg006_nis_x1dints.fits,seg006,4,328,60783.24101271659,TDB-MID,908.1117006509262,4.793925133050186,1778,0.5866384887837632,1.4160575472955537,2598,1.5684048699843338,1.5918502723716514
TOI-2076_b,NIRISS_SOSS,obs10,SOSS_HDU4_ordem_2,jw05959010001_04102_00001-seg006_nis_x1dints.fits,seg006,4,329,60783.2410897896,TDB-MID,486.54662338725325,4.793277133344573,1778,0.5866384887837632,1.4160575472955537,2599,0.8403174334699322,0.8528789733744704
TOI-2076_b,NIRISS_SOSS,obs10,SOSS_HDU4_ordem_2,jw05959010001_04102_00001-seg006_nis_x1dints.fits,seg006,4,330,60783.241166862594,TDB-MID,69.72279249064533,4.792854842960782,1778,0.5866384887837632,1.4160575472955537,2600,0.12041863045355725,0.12221871619668652
TOI-2076_b,NIRISS_SOSS,obs10,SOSS_HDU4_ordem_2,jw05959010001_04102_00001-seg006_nis_x1dints.fits,seg006,4,331,60783.2412439356,TDB-MID,59.98768020919826,4.792836089922703,1778,0.5866384887837632,1.4160575472955537,2601,0.10360506280420145,0.10515380983584773
TOI-2076_b,NIRISS_SOSS,obs10,SOSS_HDU4_ordem_2,jw05959010001_04102_00001-seg006_nis_x1dints.fits,seg006,4,332,60783.2413210086,TDB-MID,636.9305257567526,4.793560641411686,1778,0.5866384887837632,1.4160575472955537,2602,1.100046324392169,1.1164904385451182
TOI-2076_b,NIRISS_SOSS,obs10,SOSS_HDU4_ordem_2,jw05959010001_04102_00001-seg006_nis_x1dints.fits,seg006,4,333,60783.241398081605,TDB-MID,618.1598191982829,4.793509885234773,1778,0.5866384887837632,1.4160575472955537,2603,1.0676273306073203,1.0835868273194391
TOI-2076_b,NIRISS_SOSS,obs10,SOSS_HDU4_ordem_2,jw05959010001_04102_00001-seg006_nis_x1dints.fits,seg006,4,334,60783.2414751546,TDB-MID,782.4857256896713,4.793735714517294,1778,0.5866384887837632,1.4160575472955537,2604,1.3514355359425732,1.3716375581034774
TOI-2076_b,NIRISS_SOSS,obs10,SOSS_HDU4_ordem_2,jw05959010001_04102_00001-seg006_nis_x1dints.fits,seg006,4,335,60783.241552227606,TDB-MID,282.3768170679542,4.7931591229683566,1778,0.5866384887837632,1.4160575472955537,2605,0.48769460270427256,0.4949849372482088
TOI-2076_b,NIRISS_SOSS,obs10,SOSS_HDU4_ordem_2,jw05959010001_04102_00001-seg006_nis_x1dints.fits,seg006,4,336,60783.24162930061,TDB-MID,916.3433373781979,4.79385522195233,1778,0.5866384887837632,1.4160575472955537,2606,1.5826217764747368,1.606279701215019
TOI-2076_b,NIRISS_SOSS,obs10,SOSS_HDU4_ordem_2,jw05959010001_04102_00001-seg006_nis_x1dints.fits,seg006,4,337,60783.24170637361,TDB-MID,371.75632867903596,4.7932059081934915,1778,0.5866384887837632,1.4160575472955537,2607,0.6420624642648711,0.6516603768450794
TOI-2076_b,NIRISS_SOSS,obs10,SOSS_HDU4_ordem_2,jw05959010001_04102_00001-seg006_nis_x1dints.fits,seg006,4,338,60783.2417834466,TDB-MID,608.3102248345015,4.793589741949888,1778,0.5866384887837632,1.4160575472955537,2608,1.0506160403040987,1.0663212426347608
TOI-2076_b,NIRISS_SOSS,obs10,SOSS_HDU4_ordem_2,jw05959010001_04102_00001-seg006_nis_x1dints.fits,seg006,4,339,60783.24186051961,TDB-MID,528.3567322644942,4.793427593047222,1778,0.5866384887837632,1.4160575472955537,2609,0.9125279097038979,0.9261688926172443
TOI-2076_b,NIRISS_SOSS,obs10,SOSS_HDU4_ordem_2,jw05959010001_04102_00001-seg006_nis_x1dints.fits,seg006,4,340,60783.24193759261,TDB-MID,459.2373969801616,4.793437149457795,1778,0.5866384887837632,1.4160575472955537,2610,0.7931515136148242,0.8050079906933448
TOI-2076_b,NIRISS_SOSS,obs10,SOSS_HDU4_ordem_2,jw05959010001_04102_00001-seg006_nis_x1dints.fits,seg006,4,341,60783.242014665615,TDB-MID,411.87458823953745,4.793276879379203,1778,0.5866384887837632,1.4160575472955537,2611,0.7113509379459001,0.7219846137893727
TOI-2076_b,NIRISS_SOSS,obs10,SOSS_HDU4_ordem_2,jw05959010001_04102_00001-seg006_nis_x1dints.fits,seg006,4,342,60783.24209173861,TDB-MID,496.46269189875187,4.79428729029083,1778,0.5866384887837632,1.4160575472955537,2612,0.8574435316507891,0.8702610821498232
TOI-2076_b,NIRISS_SOSS,obs10,SOSS_HDU4_ordem_2,jw05959010001_04102_00001-seg006_nis_x1dints.fits,seg006,4,343,60783.242168811616,TDB-MID,544.3294674592869,4.79348371401889,1778,0.5866384887837632,1.4160575472955537,2613,0.9401145112734253,0.9541678742977201
TOI-2076_b,NIRISS_SOSS,obs10,SOSS_HDU4_ordem_2,jw05959010001_04102_00001-seg006_nis_x1dints.fits,seg006,4,344,60783.24224588462,TDB-MID,823.1571356608581,4.793676569271251,1778,0.5866384887837632,1.4160575472955537,2614,1.421679358835963,1.442931425360078
TOI-2076_b,NIRISS_SOSS,obs10,SOSS_HDU4_ordem_2,jw05959010001_04102_00001-seg006_nis_x1dints.fits,seg006,4,345,60783.24232295762,TDB-MID,550.7337297929688,4.793428564884206,1778,0.5866384887837632,1.4160575472955537,2615,0.9511753490818184,0.9653940557607533
TOI-2076_b,NIRISS_SOSS,obs10,SOSS_HDU4_ordem_2,jw05959010001_04102_00001-seg006_nis_x1dints.fits,seg006,4,346,60783.24240003062,TDB-MID,469.8057438831662,4.793337813971139,1778,0.5866384887837632,1.4160575472955537,2616,0.8114041655060785,0.8235334935406348
TOI-2076_b,NIRISS_SOSS,obs10,SOSS_HDU4_ordem_2,jw05959010001_04102_00001-seg006_nis_x1dints.fits,seg006,4,347,60783.242477103624,TDB-MID,796.0462980549418,4.793805484635993,1778,0.5866384887837632,1.4160575472955537,2617,1.3748560774048406,1.395408203055743
TOI-2076_b,NIRISS_SOSS,obs10,SOSS_HDU4_ordem_2,jw05959010001_04102_00001-seg006_nis_x1dints.fits,seg006,4,348,60783.24255417663,TDB-MID,780.164656170986,4.793761095391374,1778,0.5866384887837632,1.4160575472955537,2618,1.3474268036092392,1.3675689009736725
TOI-2076_b,NIRISS_SOSS,obs10,SOSS_HDU4_ordem_2,jw05959010001_04102_00001-seg006_nis_x1dints.fits,seg006,4,349,60783.24263124963,TDB-MID,240.0852876560318,4.793049783604476,1778,0.5866384887837632,1.4160575472955537,2619,0.41465266233372133,0.42085112467303026
TOI-2076_b,NIRISS_SOSS,obs10,SOSS_HDU4_ordem_2,jw05959010001_04102_00001-seg006_nis_x1dints.fits,seg006,4,350,60783.24270832262,TDB-MID,813.7019719034108,4.793749484046983,1778,0.5866384887837632,1.4160575472955537,2620,1.4053492918705777,1.426357247324686
TOI-2076_b,NIRISS_SOSS,obs10,SOSS_HDU4_ordem_2,jw05959010001_04102_00001-seg006_nis_x1dints.fits,seg006,4,351,60783.242785395625,TDB-MID,902.0571223216548,4.793810771861821,1778,0.5866384887837632,1.4160575472955537,2621,1.5579479734037434,1.5812370601912138
TOI-2076_b,NIRISS_SOSS,obs10,SOSS_HDU4_ordem_2,jw05959010001_04102_00001-seg006_nis_x1dints.fits,seg006,4,352,60783.24286246863,TDB-MID,796.4725361811753,4.793804401640675,1778,0.5866384887837632,1.4160575472955537,2622,1.3755922356907415,1.3961553658517447
TOI-2076_b,NIRISS_SOSS,obs10,SOSS_HDU4_ordem_2,jw05959010001_04102_00001-seg006_nis_x1dints.fits,seg006,4,353,60783.24293954163,TDB-MID,703.6855082694926,4.793586131431057,1778,0.5866384887837632,1.4160575472955537,2623,1.2153392333962632,1.2335068111112915
TOI-2076_b,NIRISS_SOSS,obs10,SOSS_HDU4_ordem_2,jw05959010001_04102_00001-seg006_nis_x1dints.fits,seg006,4,354,60783.24301661463,TDB-MID,743.72011757061,4.793700590316988,1778,0.5866384887837632,1.4160575472955537,2624,1.2844832342397552,1.3036844155564231
TOI-2076_b,NIRISS_SOSS,obs10,SOSS_HDU4_ordem_2,jw05959010001_04102_00001-seg006_nis_x1dints.fits,seg006,4,355,60783.24309368763,TDB-MID,782.7136355065879,4.793678919121814,1778,0.5866384887837632,1.4160575472955537,2625,1.3518291602803205,1.372037066560284
TOI-2076_b,NIRISS_SOSS,obs10,SOSS_HDU4_ordem_2,jw05959010001_04102_00001-seg006_nis_x1dints.fits,seg006,4,356,60783.24317076064,TDB-MID,785.0022099770406,4.793693302193799,1778,0.5866384887837632,1.4160575472955537,2626,1.355781770231505,1.376048762358853
TOI-2076_b,NIRISS_SOSS,obs10,SOSS_HDU4_ordem_2,jw05959010001_04102_00001-seg006_nis_x1dints.fits,seg006,4,357,60783.24324783364,TDB-MID,673.3936282103348,4.793520932371541,1778,0.5866384887837632,1.4160575472955537,2627,1.1630219554978396,1.1804074649755067
TOI-2076_b,NIRISS_SOSS,obs10,SOSS_HDU4_ordem_2,jw05959010001_04102_00001-seg006_nis_x1dints.fits,seg006,4,358,60783.24332490664,TDB-MID,435.43141921697077,4.7933374703648814,1778,0.5866384887837632,1.4160575472955537,2628,0.7520360743668064,0.7632779346228795
TOI-2076_b,NIRISS_SOSS,obs10,SOSS_HDU4_ordem_2,jw05959010001_04102_00001-seg006_nis_x1dints.fits,seg006,4,359,60783.24340197964,TDB-MID,547.2143043864446,4.793479874670459,1778,0.5866384887837632,1.4160575472955537,2629,0.9450969294962294,0.9592247725239539
TOI-2076_b,NIRISS_SOSS,obs10,SOSS_HDU4_ordem_2,jw05959010001_04102_00001-seg006_nis_x1dints.fits,seg006,4,360,60783.243479052646,TDB-MID,488.3298255497079,4.79336219266695,1778,0.5866384887837632,1.4160575472955537,2630,0.8433972120409556,0.8560047902161237
TOI-2076_b,NIRISS_SOSS,obs10,SOSS_HDU4_ordem_2,jw05959010001_04102_00001-seg006_nis_x1dints.fits,seg006,4,361,60783.243556125635,TDB-MID,552.1385925198928,4.793668010159911,1778,0.5866384887837632,1.4160575472955537,2631,0.953601695467387,0.9678566725433537
TOI-2076_b,NIRISS_SOSS,obs10,SOSS_HDU4_ordem_2,jw05959010001_04102_00001-seg006_nis_x1dints.fits,seg006,4,362,60783.24363319864,TDB-MID,844.8287611291579,4.793785897477143,1778,0.5866384887837632,1.4160575472955537,2632,1.4591085461271238,1.4809201252961337
TOI-2076_b,NIRISS_SOSS,obs10,SOSS_HDU4_ordem_2,jw05959010001_04102_00001-seg006_nis_x1dints.fits,seg006,4,363,60783.24371027164,TDB-MID,713.3384790767366,4.793735188651199,1778,0.5866384887837632,1.4160575472955537,2633,1.2320109340395275,1.2504277297578552
TOI-2076_b,NIRISS_SOSS,obs10,SOSS_HDU4_ordem_2,jw05959010001_04102_00001-seg006_nis_x1dints.fits,seg006,4,364,60783.24378734465,TDB-MID,790.9444181322588,4.793880800800793,1778,0.5866384887837632,1.4160575472955537,2634,1.366044591647003,1.386464998228948
TOI-2076_b,NIRISS_SOSS,obs10,SOSS_HDU4_ordem_2,jw05959010001_04102_00001-seg006_nis_x1dints.fits,seg006,4,365,60783.24386441764,TDB-MID,1074.1349176186231,4.794045739373283,1778,0.5866384887837632,1.4160575472955537,2635,1.855144509872197,1.8828762584487053
TOI-2076_b,NIRISS_SOSS,obs10,SOSS_HDU4_ordem_2,jw05959010001_04102_00001-seg006_nis_x1dints.fits,seg006,4,366,60783.24394149065,TDB-MID,785.5129872304927,4.793741577436537,1778,0.5866384887837632,1.4160575472955537,2636,1.3566639365236222,1.3769441157712652
TOI-2076_b,NIRISS_SOSS,obs10,SOSS_HDU4_ordem_2,jw05959010001_04102_00001-seg006_nis_x1dints.fits,seg006,4,367,60783.24401856365,TDB-MID,381.1657000672423,4.793314689051706,1778,0.5866384887837632,1.4160575472955537,2637,0.6583134429695569,0.6681542843637536
TOI-2076_b,NIRISS_SOSS,obs10,SOSS_HDU4_ordem_2,jw05959010001_04102_00001-seg006_nis_x1dints.fits,seg006,4,368,60783.244095636655,TDB-MID,684.5516491875167,4.793543078440039,1778,0.5866384887837632,1.4160575472955537,2638,1.1822930368278737,1.1999666213203968
TOI-2076_b,NIRISS_SOSS,obs10,SOSS_HDU4_ordem_2,jw05959010001_04102_00001-seg006_nis_x1dints.fits,seg006,4,369,60783.24417270965,TDB-MID,397.5515109026468,4.793291937012656,1778,0.5866384887837632,1.4160575472955537,2639,0.6866134698213959,0.6968773560108564
TOI-2076_b,NIRISS_SOSS,obs10,SOSS_HDU4_ordem_2,jw05959010001_04102_00001-seg006_nis_x1dints.fits,seg006,4,370,60783.244249782656,TDB-MID,566.6036785081448,4.793525357192823,1778,0.5866384887837632,1.4160575472955537,2640,0.9785844275392838,0.9932128606133601
TOI-2076_b,NIRISS_SOSS,obs10,SOSS_HDU4_ordem_2,jw05959010001_04102_00001-seg006_nis_x1dints.fits,seg006,4,371,60783.24432685566,TDB-MID,492.78738564651485,4.793391108022682,1778,0.5866384887837632,1.4160575472955537,2641,0.851095889372245,0.863818551727102
TOI-2076_b,NIRISS_SOSS,obs10,SOSS_HDU4_ordem_2,jw05959010001_04102_00001-seg006_nis_x1dints.fits,seg006,4,372,60783.24440392866,TDB-MID,533.6517647321255,4.7935336866418155,1778,0.5866384887837632,1.4160575472955537,2642,0.9216729903178854,0.9354506790646315
TOI-2076_b,NIRISS_SOSS,obs10,SOSS_HDU4_ordem_2,jw05959010001_04102_00001-seg006_nis_x1dints.fits,seg006,4,373,60783.24448100166,TDB-MID,736.8953218344536,4.7937134037422915,1778,0.5866384887837632,1.4160575472955537,2643,1.2726960908062288,1.2917210712412972
TOI-2076_b,NIRISS_SOSS,obs10,SOSS_HDU4_ordem_2,jw05959010001_04102_00001-seg006_nis_x1dints.fits,seg006,4,374,60783.24455807466,TDB-MID,434.7180736810292,4.793367548901097,1778,0.5866384887837632,1.4160575472955537,2644,0.7508040512448156,0.762027494522978
TOI-2076_b,NIRISS_SOSS,obs10,SOSS_HDU4_ordem_2,jw05959010001_04102_00001-seg006_nis_x1dints.fits,seg006,4,375,60783.24463514766,TDB-MID,557.3575476769789,4.793472737129603,1778,0.5866384887837632,1.4160575472955537,2645,0.9626153825267395,0.9770051012909935
TOI-2076_b,NIRISS_SOSS,obs10,SOSS_HDU4_ordem_2,jw05959010001_04102_00001-seg006_nis_x1dints.fits,seg006,4,376,60783.24471222066,TDB-MID,598.33677915427,4.793579484972764,1778,0.5866384887837632,1.4160575472955537,2646,1.033390845689618,1.0488385560762896
TOI-2076_b,NIRISS_SOSS,obs10,SOSS_HDU4_ordem_2,jw05959010001_04102_00001-seg006_nis_x1dints.fits,seg006,4,377,60783.24478929366,TDB-MID,902.1063052146246,4.793589411406774,1778,0.5866384887837632,1.4160575472955537,2647,1.55803291745721,1.5813232740363983
TOI-2076_b,NIRISS_SOSS,obs10,SOSS_HDU4_ordem_2,jw05959010001_04102_00001-seg006_nis_x1dints.fits,seg006,4,378,60783.244866366666,TDB-MID,350.280717892812,4.793262734780956,1778,0.5866384887837632,1.4160575472955537,2648,0.6049718150431306,0.6140152756368316
TOI-2076_b,NIRISS_SOSS,obs10,SOSS_HDU4_ordem_2,jw05959010001_04102_00001-seg006_nis_x1dints.fits,seg006,4,379,60783.24494343967,TDB-MID,769.814521663438,4.7937974383869495,1778,0.5866384887837632,1.4160575472955537,2649,1.3295510275841145,1.3494259077459518
TOI-2076_b,NIRISS_SOSS,obs10,SOSS_HDU4_ordem_2,jw05959010001_04102_00001-seg006_nis_x1dints.fits,seg006,4,380,60783.245020512666,TDB-MID,852.2009163394713,4.793868661236824,1778,0.5866384887837632,1.4160575472955537,2650,1.4718410372136805,1.493842948855275
TOI-2076_b,NIRISS_SOSS,obs10,SOSS_HDU4_ordem_2,jw05959010001_04102_00001-seg006_nis_x1dints.fits,seg006,4,381,60783.24509758567,TDB-MID,485.75795652888996,4.793365179113114,1778,0.5866384887837632,1.4160575472955537,2651,0.8389553224646829,0.8514965007641118
TOI-2076_b,NIRISS_SOSS,obs10,SOSS_HDU4_ordem_2,jw05959010001_04102_00001-seg006_nis_x1dints.fits,seg006,4,382,60783.245174658674,TDB-MID,1003.4231641568658,4.794116120328535,1778,0.5866384887837632,1.4160575472955537,2652,1.7330178393149778,1.7589239693995808
TOI-2076_b,NIRISS_SOSS,obs10,SOSS_HDU4_ordem_2,jw05959010001_04102_00001-seg006_nis_x1dints.fits,seg006,4,383,60783.24525173167,TDB-MID,377.1498439634032,4.7932369313301955,1778,0.5866384887837632,1.4160575472955537,2653,0.6513776351103443,0.6611147961288598
TOI-2076_b,NIRISS_SOSS,obs10,SOSS_HDU4_ordem_2,jw05959010001_04102_00001-seg006_nis_x1dints.fits,seg006,4,384,60783.245328804675,TDB-MID,757.1838668068823,4.793791749524264,1778,0.5866384887837632,1.4160575472955537,2654,1.3077365519266444,1.327285336977809
TOI-2076_b,NIRISS_SOSS,obs10,SOSS_HDU4_ordem_2,jw05959010001_04102_00001-seg006_nis_x1dints.fits,seg006,4,385,60783.24540587768,TDB-MID,479.73029288133444,4.793429874851881,1778,0.5866384887837632,1.4160575472955537,2655,0.828544910383573,0.8409304679597241
TOI-2076_b,NIRISS_SOSS,obs10,SOSS_HDU4_ordem_2,jw05959010001_04102_00001-seg006_nis_x1dints.fits,seg006,4,386,60783.245482950675,TDB-MID,354.94448806840006,4.795246708937554,1778,0.5866384887837632,1.4160575472955537,2656,0.613026638971329,0.6221905076253272
TOI-2076_b,NIRISS_SOSS,obs10,SOSS_HDU4_ordem_2,jw05959010001_04102_00001-seg006_nis_x1dints.fits,seg006,4,387,60783.24556002367,TDB-MID,526.0329971052611,4.796895797971882,1778,0.5866384887837632,1.4160575472955537,2657,0.9085145735276514,0.922095562823681
TOI-2076_b,NIRISS_SOSS,obs10,SOSS_HDU4_ordem_2,jw05959010001_04102_00001-seg006_nis_x1dints.fits,seg006,4,388,60783.245637096676,TDB-MID,603.5888023776768,4.793552048888294,1778,0.5866384887837632,1.4160575472955537,2658,1.0424616447939106,1.0580449506119944
TOI-2076_b,NIRISS_SOSS,obs10,SOSS_HDU4_ordem_2,jw05959010001_04102_00001-seg006_nis_x1dints.fits,seg006,4,389,60783.24571416968,TDB-MID,726.5525091922483,4.79358999272952,1778,0.5866384887837632,1.4160575472955537,2659,1.254832960416275,1.2735909126828489
TOI-2076_b,NIRISS_SOSS,obs10,SOSS_HDU4_ordem_2,jw05959010001_04102_00001-seg006_nis_x1dints.fits,seg006,4,390,60783.245791242676,TDB-MID,509.33096308479435,4.793411945332026,1778,0.5866384887837632,1.4160575472955537,2660,0.879668395818932,0.8928181761480296
TOI-2076_b,NIRISS_SOSS,obs10,SOSS_HDU4_ordem_2,jw05959010001_04102_00001-seg006_nis_x1dints.fits,seg006,4,391,60783.24586831568,TDB-MID,552.9087139772728,4.793571086942087,1778,0.5866384887837632,1.4160575472955537,2661,0.9549317766053885,0.9692066364859071
TOI-2076_b,NIRISS_SOSS,obs10,SOSS_HDU4_ordem_2,jw05959010001_04102_00001-seg006_nis_x1dints.fits,seg006,4,392,60783.245945388684,TDB-MID,246.81180216392474,4.793122008577,1778,0.5866384887837632,1.4160575472955537,2662,0.42627006370035664,0.4326421895209186
TOI-2076_b,NIRISS_SOSS,obs10,SOSS_HDU4_ordem_2,jw05959010001_04102_00001-seg006_nis_x1dints.fits,seg006,4,393,60783.24602246168,TDB-MID,234.1722133721878,4.793075467770366,1778,0.5866384887837632,1.4160575472955537,2663,0.40444015819275225,0.41048595824852113
TOI-2076_b,NIRISS_SOSS,obs10,SOSS_HDU4_ordem_2,jw05959010001_04102_00001-seg006_nis_x1dints.fits,seg006,4,394,60783.246099534685,TDB-MID,113.33991591461027,4.792851514543508,1778,0.5866384887837632,1.4160575472955537,2664,0.19575001176250767,0.19867619356729893
TOI-2076_b,NIRISS_SOSS,obs10,SOSS_HDU4_ordem_2,jw05959010001_04102_00001-seg006_nis_x1dints.fits,seg006,4,395,60783.24617660769,TDB-MID,669.8747616180156,4.793528076903403,1778,0.5866384887837632,1.4160575472955537,2665,1.1569445010434343,1.1742391612972172
TOI-2076_b,NIRISS_SOSS,obs10,SOSS_HDU4_ordem_2,jw05959010001_04102_00001-seg006_nis_x1dints.fits,seg006,4,396,60783.24625368069,TDB-MID,1004.9763606038352,4.794006139244828,1778,0.5866384887837632,1.4160575472955537,2666,1.7357003737099461,1.761646603834731
TOI-2076_b,NIRISS_SOSS,obs10,SOSS_HDU4_ordem_2,jw05959010001_04102_00001-seg006_nis_x1dints.fits,seg006,4,397,60783.24633075369,TDB-MID,692.8555012712653,4.793685192583799,1778,0.5866384887837632,1.4160575472955537,2667,1.196634666870131,1.2145226381537604
TOI-2076_b,NIRISS_SOSS,obs10,SOSS_HDU4_ordem_2,jw05959010001_04102_00001-seg006_nis_x1dints.fits,seg006,4,398,60783.246407826686,TDB-MID,721.9181772296814,4.793769826257404,1778,0.5866384887837632,1.4160575472955537,2668,1.2468289793927907,1.2654672836275411
TOI-2076_b,NIRISS_SOSS,obs10,SOSS_HDU4_ordem_2,jw05959010001_04102_00001-seg006_nis_x1dints.fits,seg006,4,399,60783.24648489969,TDB-MID,490.0321576579274,4.7935007798682765,1778,0.5866384887837632,1.4160575472955537,2669,0.8463373194825274,0.8589888480453467
TOI-2076_b,NIRISS_SOSS,obs10,SOSS_HDU4_ordem_2,jw05959010001_04102_00001-seg006_nis_x1dints.fits,seg006,4,400,60783.246561972686,TDB-MID,585.2926005126319,4.793444741019395,1778,0.5866384887837632,1.4160575472955537,2670,1.010862170756979,1.0259731097785796
TOI-2076_b,NIRISS_SOSS,obs10,SOSS_HDU4_ordem_2,jw05959010001_04102_00001-seg006_nis_x1dints.fits,seg006,4,401,60783.24663904569,TDB-MID,556.5534371759916,4.7935224003651475,1778,0.5866384887837632,1.4160575472955537,2671,0.9612265987187013,0.9755955571577155
TOI-2076_b,NIRISS_SOSS,obs10,SOSS_HDU4_ordem_2,jw05959010001_04102_00001-seg006_nis_x1dints.fits,seg006,4,402,60783.246716118694,TDB-MID,259.2056969315018,4.793103047041793,1778,0.5866384887837632,1.4160575472955537,2672,0.4476756296649927,0.45436773798304214
TOI-2076_b,NIRISS_SOSS,obs10,SOSS_HDU4_ordem_2,jw05959010001_04102_00001-seg006_nis_x1dints.fits,seg006,4,403,60783.24679319169,TDB-MID,334.0426367357412,4.79324627939499,1778,0.5866384887837632,1.4160575472955537,2673,0.576926932956824,0.5855511628034125
TOI-2076_b,NIRISS_SOSS,obs10,SOSS_HDU4_ordem_2,jw05959010001_04102_00001-seg006_nis_x1dints.fits,seg006,4,404,60783.246870264695,TDB-MID,659.3348108071759,4.793722630307668,1778,0.5866384887837632,1.4160575472955537,2674,1.1387408922040514,1.155763434625055
TOI-2076_b,NIRISS_SOSS,obs10,SOSS_HDU4_ordem_2,jw05959010001_04102_00001-seg006_nis_x1dints.fits,seg006,4,405,60783.2469473377,TDB-MID,534.2691418993119,4.793463430587962,1778,0.5866384887837632,1.4160575472955537,2675,0.9227392659257629,0.936532893962906
TOI-2076_b,NIRISS_SOSS,obs10,SOSS_HDU4_ordem_2,jw05959010001_04102_00001-seg006_nis_x1dints.fits,seg006,4,406,60783.2470244107,TDB-MID,163.58248404174506,4.793068017647779,1778,0.5866384887837632,1.4160575472955537,2676,0.2825242362049791,0.2867475681575644
TOI-2076_b,NIRISS_SOSS,obs10,SOSS_HDU4_ordem_2,jw05959010001_04102_00001-seg006_nis_x1dints.fits,seg006,4,407,60783.2471014837,TDB-MID,1035.5943652090818,4.794121300968759,1778,0.5866384887837632,1.4160575472955537,2677,1.78858090316205,1.8153176213267448
TOI-2076_b,NIRISS_SOSS,obs10,SOSS_HDU4_ordem_2,jw05959010001_04102_00001-seg006_nis_x1dints.fits,seg006,4,408,60783.2471785567,TDB-MID,760.0565623317957,4.793971161378216,1778,0.5866384887837632,1.4160575472955537,2678,1.3126980006647533,1.3323209522556392
TOI-2076_b,NIRISS_SOSS,obs10,SOSS_HDU4_ordem_2,jw05959010001_04102_00001-seg006_nis_x1dints.fits,seg006,4,409,60783.24725562971,TDB-MID,664.8229207611341,4.793761317038489,1778,0.5866384887837632,1.4160575472955537,2679,1.1482194380400181,1.1653836711210188
TOI-2076_b,NIRISS_SOSS,obs10,SOSS_HDU4_ordem_2,jw05959010001_04102_00001-seg006_nis_x1dints.fits,seg006,4,410,60783.2473327027,TDB-MID,778.781831955537,4.793883817090723,1778,0.5866384887837632,1.4160575472955537,2680,1.3450385200618653,1.3651449160140834
TOI-2076_b,NIRISS_SOSS,obs10,SOSS_HDU4_ordem_2,jw05959010001_04102_00001-seg006_nis_x1dints.fits,seg006,4,411,60783.2474097757,TDB-MID,535.9386499980649,4.793407242468728,1778,0.5866384887837632,1.4160575472955537,2681,0.9256226828343719,0.9394594138170403
TOI-2076_b,NIRISS_SOSS,obs10,SOSS_HDU4_ordem_2,jw05959010001_04102_00001-seg006_nis_x1dints.fits,seg006,4,412,60783.247486848704,TDB-MID,442.54144794370154,4.79345526260951,1778,0.5866384887837632,1.4160575472955537,2682,0.7643158453165033,0.7757412705286981
TOI-2076_b,NIRISS_SOSS,obs10,SOSS_HDU4_ordem_2,jw05959010001_04102_00001-seg006_nis_x1dints.fits,seg006,4,413,60783.2475639217,TDB-MID,436.9181360737763,4.793753945203068,1778,0.5866384887837632,1.4160575472955537,2683,0.7546037914844586,0.7658840354271628
TOI-2076_b,NIRISS_SOSS,obs10,SOSS_HDU4_ordem_2,jw05959010001_04102_00001-seg006_nis_x1dints.fits,seg006,4,414,60783.247640994705,TDB-MID,326.7682239518502,4.797693750662472,1778,0.5866384887837632,1.4160575472955537,2684,0.5643632533694417,0.5727996742331403
TOI-2076_b,NIRISS_SOSS,obs10,SOSS_HDU4_ordem_2,jw05959010001_04102_00001-seg006_nis_x1dints.fits,seg006,4,415,60783.24771806771,TDB-MID,856.0242963689733,4.79400395456423,1778,0.5866384887837632,1.4160575472955537,2685,1.4784444185529735,1.500545041270757
TOI-2076_b,NIRISS_SOSS,obs10,SOSS_HDU4_ordem_2,jw05959010001_04102_00001-seg006_nis_x1dints.fits,seg006,4,416,60783.247795140705,TDB-MID,809.3611548008017,4.793769116006382,1778,0.5866384887837632,1.4160575472955537,2686,1.3978522420268598,1.4187481273429141
TOI-2076_b,NIRISS_SOSS,obs10,SOSS_HDU4_ordem_2,jw05959010001_04102_00001-seg006_nis_x1dints.fits,seg006,4,417,60783.24787221371,TDB-MID,418.66023087967886,4.79338113062385,1778,0.5866384887837632,1.4160575472955537,2687,0.7230704598451803,0.7338793257253419
TOI-2076_b,NIRISS_SOSS,obs10,SOSS_HDU4_ordem_2,jw05959010001_04102_00001-seg006_nis_x1dints.fits,seg006,4,418,60783.24794928671,TDB-MID,712.089881337735,4.793668233794904,1778,0.5866384887837632,1.4160575472955537,2688,1.2298544738011035,1.2482390335330542
TOI-2076_b,NIRISS_SOSS,obs10,SOSS_HDU4_ordem_2,jw05959010001_04102_00001-seg006_nis_x1dints.fits,seg006,4,419,60783.24802635971,TDB-MID,688.8555437178919,4.793583412943815,1778,0.5866384887837632,1.4160575472955537,2689,1.1897263174876216,1.2075110188603975
TOI-2076_b,NIRISS_SOSS,obs10,SOSS_HDU4_ordem_2,jw05959010001_04102_00001-seg006_nis_x1dints.fits,seg006,4,420,60783.248103432714,TDB-MID,524.6082734959772,4.793414856026421,1778,0.5866384887837632,1.4160575472955537,2690,0.9060539252994866,0.9195981314351556
TOI-2076_b,NIRISS_SOSS,obs10,SOSS_HDU4_ordem_2,jw05959010001_04102_00001-seg006_nis_x1dints.fits,seg006,4,421,60783.24818050572,TDB-MID,215.88474821819932,4.793033368275758,1778,0.5866384887837632,1.4160575472955537,2691,0.3728557733790501,0.3784294322005722
TOI-2076_b,NIRISS_SOSS,obs10,SOSS_HDU4_ordem_2,jw05959010001_04102_00001-seg006_nis_x1dints.fits,seg006,4,422,60783.248257578714,TDB-MID,470.92565294833395,4.793541382481904,1778,0.5866384887837632,1.4160575472955537,2692,0.8133383668058632,0.8254966083745708
TOI-2076_b,NIRISS_SOSS,obs10,SOSS_HDU4_ordem_2,jw05959010001_04102_00001-seg006_nis_x1dints.fits,seg006,4,423,60783.24833465171,TDB-MID,828.1791605577407,4.793799835899082,1778,0.5866384887837632,1.4160575472955537,2693,1.4303529265257169,1.4517346504415625
TOI-2076_b,NIRISS_SOSS,obs10,SOSS_HDU4_ordem_2,jw05959010001_04102_00001-seg006_nis_x1dints.fits,seg006,4,424,60783.248411724715,TDB-MID,400.45762352407684,4.7932837316739985,1778,0.5866384887837632,1.4160575472955537,2694,0.6916326334164765,0.7019715488999583
TOI-2076_b,NIRISS_SOSS,obs10,SOSS_HDU4_ordem_2,jw05959010001_04102_00001-seg006_nis_x1dints.fits,seg006,4,425,60783.24848879772,TDB-MID,278.6945201658947,4.793781068529953,1778,0.5866384887837632,1.4160575472955537,2695,0.4813348868347615,0.48853015275165934
TOI-2076_b,NIRISS_SOSS,obs10,SOSS_HDU4_ordem_2,jw05959010001_04102_00001-seg006_nis_x1dints.fits,seg006,4,426,60783.248565870716,TDB-MID,344.41388569499384,4.793241764481925,1778,0.5866384887837632,1.4160575472955537,2696,0.5948391758712718,0.603731168048127
TOI-2076_b,NIRISS_SOSS,obs10,SOSS_HDU4_ordem_2,jw05959010001_04102_00001-seg006_nis_x1dints.fits,seg006,4,427,60783.24864294372,TDB-MID,370.2814240833435,4.793277648604099,1778,0.5866384887837632,1.4160575472955537,2697,0.6395151481703993,0.6490749820300007
TOI-2076_b,NIRISS_SOSS,obs10,SOSS_HDU4_ordem_2,jw05959010001_04102_00001-seg006_nis_x1dints.fits,seg006,4,428,60783.24872001672,TDB-MID,517.5921586323608,4.793456377623502,1778,0.5866384887837632,1.4160575472955537,2698,0.8939363535155553,0.9072994193399001
TOI-2076_b,NIRISS_SOSS,obs10,SOSS_HDU4_ordem_2,jw05959010001_04102_00001-seg006_nis_x1dints.fits,seg006,4,429,60783.24879708972,TDB-MID,608.9598482699658,4.793639984433986,1778,0.5866384887837632,1.4160575472955537,2699,1.051738008624855,1.067459982772061
TOI-2076_b,NIRISS_SOSS,obs10,SOSS_HDU4_ordem_2,jw05959010001_04102_00001-seg006_nis_x1dints.fits,seg006,4,430,60783.248874162724,TDB-MID,570.0400511140144,4.793562448593594,1778,0.5866384887837632,1.4160575472955537,2700,0.9845194061616973,0.9992365586504003
TOI-2076_b,NIRISS_SOSS,obs10,SOSS_HDU4_ordem_2,jw05959010001_04102_00001-seg006_nis_x1dints.fits,seg006,4,431,60783.24895123573,TDB-MID,758.9432586933854,4.7936618046490755,1778,0.5866384887837632,1.4160575472955537,2701,1.3107752076349946,1.3303694162289967
TOI-2076_b,NIRISS_SOSS,obs10,SOSS_HDU4_ordem_2,jw05959010001_04102_00001-seg006_nis_x1dints.fits,seg006,4,432,60783.249028308725,TDB-MID,648.0783912930309,4.793602452062432,1778,0.5866384887837632,1.4160575472955537,2702,1.1192998662026057,1.1360317931797597
TOI-2076_b,NIRISS_SOSS,obs10,SOSS_HDU4_ordem_2,jw05959010001_04102_00001-seg006_nis_x1dints.fits,seg006,4,433,60783.24910538173,TDB-MID,628.9423726248966,4.7935761778326125,1778,0.5866384887837632,1.4160575472955537,2703,1.0862499398007106,1.1024878177997004
TOI-2076_b,NIRISS_SOSS,obs10,SOSS_HDU4_ordem_2,jw05959010001_04102_00001-seg006_nis_x1dints.fits,seg006,4,434,60783.249182454725,TDB-MID,788.0882467692682,4.793772621886624,1778,0.5866384887837632,1.4160575472955537,2704,1.361111681882694,1.3814583485416267
TOI-2076_b,NIRISS_SOSS,obs10,SOSS_HDU4_ordem_2,jw05959010001_04102_00001-seg006_nis_x1dints.fits,seg006,4,435,60783.24925952772,TDB-MID,408.92085188245846,4.793302067741074,1778,0.5866384887837632,1.4160575472955537,2705,0.706249523126807,0.7168069401384772
TOI-2076_b,NIRISS_SOSS,obs10,SOSS_HDU4_ordem_2,jw05959010001_04102_00001-seg006_nis_x1dints.fits,seg006,4,436,60783.249336600726,TDB-MID,939.3674968342373,4.793958684534271,1778,0.5866384887837632,1.4160575472955537,2706,1.6223869328891556,1.6466392896609705
TOI-2076_b,NIRISS_SOSS,obs10,SOSS_HDU4_ordem_2,jw05959010001_04102_00001-seg006_nis_x1dints.fits,seg006,4,437,60783.24941367373,TDB-MID,665.8271257265504,4.793588899861491,1778,0.5866384887837632,1.4160575472955537,2707,1.1499538061327235,1.1671439655281597
TOI-2076_b,NIRISS_SOSS,obs10,SOSS_HDU4_ordem_2,jw05959010001_04102_00001-seg006_nis_x1dints.fits,seg006,4,438,60783.249490746726,TDB-MID,535.1913937020493,4.793406503052546,1778,0.5866384887837632,1.4160575472955537,2708,0.9243320922462788,0.9381495307514535
TOI-2076_b,NIRISS_SOSS,obs10,SOSS_HDU4_ordem_2,jw05959010001_04102_00001-seg006_nis_x1dints.fits,seg006,4,439,60783.24956781973,TDB-MID,186.49160498490102,4.793438942495778,1778,0.5866384887837632,1.4160575472955537,2709,0.32209070895117436,0.3269055028995329
TOI-2076_b,NIRISS_SOSS,obs10,SOSS_HDU4_ordem_2,jw05959010001_04102_00001-seg006_nis_x1dints.fits,seg006,4,440,60783.249644892734,TDB-MID,806.0922300504444,4.793756901095014,1778,0.5866384887837632,1.4160575472955537,2710,1.3922064635456468,1.4130179525742277
TOI-2076_b,NIRISS_SOSS,obs10,SOSS_HDU4_ordem_2,jw05959010001_04102_00001-seg006_nis_x1dints.fits,seg006,4,441,60783.24972196573,TDB-MID,801.9644153183269,4.793786051007839,1778,0.5866384887837632,1.4160575472955537,2711,1.3850772913043845,1.4057822094372205
TOI-2076_b,NIRISS_SOSS,obs10,SOSS_HDU4_ordem_2,jw05959010001_04102_00001-seg006_nis_x1dints.fits,seg006,4,442,60783.249799038735,TDB-MID,739.3016002407998,4.794812684122857,1778,0.5866384887837632,1.4160575472955537,2712,1.2768519878928386,1.2959390930262809
TOI-2076_b,NIRISS_SOSS,obs10,SOSS_HDU4_ordem_2,jw05959010001_04102_00001-seg006_nis_x1dints.fits,seg006,4,443,60783.24987611174,TDB-MID,490.03471391793846,4.793307200343898,1778,0.5866384887837632,1.4160575472955537,2713,0.8463417344136944,0.8589933289733998
TOI-2076_b,NIRISS_SOSS,obs10,SOSS_HDU4_ordem_2,jw05959010001_04102_00001-seg006_nis_x1dints.fits,seg006,4,444,60783.249953184735,TDB-MID,269.2769947289457,4.793187334888401,1778,0.5866384887837632,1.4160575472955537,2714,0.4650698252262338,0.47202195180993756
TOI-2076_b,NIRISS_SOSS,obs10,SOSS_HDU4_ordem_2,jw05959010001_04102_00001-seg006_nis_x1dints.fits,seg006,4,445,60783.25003025774,TDB-MID,812.870101977498,4.7938060872075905,1778,0.5866384887837632,1.4160575472955537,2715,1.4039125646022692,1.4248990430451982
TOI-2076_b,NIRISS_SOSS,obs10,SOSS_HDU4_ordem_2,jw05959010001_04102_00001-seg006_nis_x1dints.fits,seg006,4,446,60783.25010733074,TDB-MID,317.4701942489261,4.793155076058791,1778,0.5866384887837632,1.4160575472955537,2716,0.5483045735210573,0.5565009401627498
TOI-2076_b,NIRISS_SOSS,obs10,SOSS_HDU4_ordem_2,jw05959010001_04102_00001-seg006_nis_x1dints.fits,seg006,4,447,60783.25018440373,TDB-MID,420.9073414333632,4.79331147466341,1778,0.5866384887837632,1.4160575472955537,2717,0.7269514572304859,0.7378183384529254
TOI-2076_b,NIRISS_SOSS,obs10,SOSS_HDU4_ordem_2,jw05959010001_04102_00001-seg006_nis_x1dints.fits,seg006,4,448,60783.250261476736,TDB-MID,696.3810492799378,4.793648022334663,1778,0.5866384887837632,1.4160575472955537,2718,1.2027236608366245,1.220702653843286
TOI-2076_b,NIRISS_SOSS,obs10,SOSS_HDU4_ordem_2,jw05959010001_04102_00001-seg006_nis_x1dints.fits,seg006,4,449,60783.25033854973,TDB-MID,628.0833956941148,4.793991927774406,1778,0.5866384887837632,1.4160575472955537,2719,1.0847663958705125,1.1009820970164024
TOI-2076_b,NIRISS_SOSS,obs10,SOSS_HDU4_ordem_2,jw05959010001_04102_00001-seg007_nis_x1dints.fits,seg007,4,0,60783.25041562274,TDB-MID,483.029603353438,4.795793712294783,1778,0.5866384887837632,1.4160575472955537,2720,0.8342431682171946,0.8339843689514481
TOI-2076_b,NIRISS_SOSS,obs10,SOSS_HDU4_ordem_2,jw05959010001_04102_00001-seg007_nis_x1dints.fits,seg007,4,1,60783.25049269574,TDB-MID,591.0141028794294,4.796011354380515,1778,0.5866384887837632,1.4160575472955537,2721,1.0207438099532142,1.0204271543801209
TOI-2076_b,NIRISS_SOSS,obs10,SOSS_HDU4_ordem_2,jw05959010001_04102_00001-seg007_nis_x1dints.fits,seg007,4,2,60783.25056976874,TDB-MID,508.703997580246,4.795873058539504,1778,0.5866384887837632,1.4160575472955537,2722,0.8785855601392012,0.8783130049580238
TOI-2076_b,NIRISS_SOSS,obs10,SOSS_HDU4_ordem_2,jw05959010001_04102_00001-seg007_nis_x1dints.fits,seg007,4,3,60783.25064684174,TDB-MID,531.5234416969178,4.795974557445664,1778,0.5866384887837632,1.4160575472955537,2723,0.9179971515296318,0.9177123700680336
TOI-2076_b,NIRISS_SOSS,obs10,SOSS_HDU4_ordem_2,jw05959010001_04102_00001-seg007_nis_x1dints.fits,seg007,4,4,60783.250723914745,TDB-MID,377.74609617872693,4.795675675179206,1778,0.5866384887837632,1.4160575472955537,2724,0.6524074256940163,0.6522050355886253
TOI-2076_b,NIRISS_SOSS,obs10,SOSS_HDU4_ordem_2,jw05959010001_04102_00001-seg007_nis_x1dints.fits,seg007,4,5,60783.25080098774,TDB-MID,506.062223695451,4.795972634804523,1778,0.5866384887837632,1.4160575472955537,2725,0.8740229374757778,0.8737517977133178
TOI-2076_b,NIRISS_SOSS,obs10,SOSS_HDU4_ordem_2,jw05959010001_04102_00001-seg007_nis_x1dints.fits,seg007,4,6,60783.250878060746,TDB-MID,836.5167765963117,4.796426728890031,1778,0.5866384887837632,1.4160575472955537,2726,1.4447528704858938,1.4443046786441005
TOI-2076_b,NIRISS_SOSS,obs10,SOSS_HDU4_ordem_2,jw05959010001_04102_00001-seg007_nis_x1dints.fits,seg007,4,7,60783.25095513375,TDB-MID,493.27812728269623,4.795831047540368,1778,0.5866384887837632,1.4160575472955537,2727,0.8519434520361103,0.8516791617808893
TOI-2076_b,NIRISS_SOSS,obs10,SOSS_HDU4_ordem_2,jw05959010001_04102_00001-seg007_nis_x1dints.fits,seg007,4,8,60783.25103220674,TDB-MID,809.5470980832101,4.796186298918157,1778,0.5866384887837632,1.4160575472955537,2728,1.3981733857247785,1.3977396437902954
TOI-2076_b,NIRISS_SOSS,obs10,SOSS_HDU4_ordem_2,jw05959010001_04102_00001-seg007_nis_x1dints.fits,seg007,4,9,60783.25110927974,TDB-MID,887.1556344421185,4.796367241944327,1778,0.5866384887837632,1.4160575472955537,2729,1.5322115291496667,1.5317362058460795
TOI-2076_b,NIRISS_SOSS,obs10,SOSS_HDU4_ordem_2,jw05959010001_04102_00001-seg007_nis_x1dints.fits,seg007,4,10,60783.25118635275,TDB-MID,855.999298174398,4.796290028792475,1778,0.5866384887837632,1.4160575472955537,2730,1.4784012440293055,1.4779426137749505
TOI-2076_b,NIRISS_SOSS,obs10,SOSS_HDU4_ordem_2,jw05959010001_04102_00001-seg007_nis_x1dints.fits,seg007,4,11,60783.251263425744,TDB-MID,410.1931368568182,4.795723819974954,1778,0.5866384887837632,1.4160575472955537,2731,0.7084468937237979,0.708227119031117
TOI-2076_b,NIRISS_SOSS,obs10,SOSS_HDU4_ordem_2,jw05959010001_04102_00001-seg007_nis_x1dints.fits,seg007,4,12,60783.25134049875,TDB-MID,860.5357439792153,4.796254570254251,1778,0.5866384887837632,1.4160575472955537,2732,1.4862361653144247,1.4857751045075005
TOI-2076_b,NIRISS_SOSS,obs10,SOSS_HDU4_ordem_2,jw05959010001_04102_00001-seg007_nis_x1dints.fits,seg007,4,13,60783.25141757175,TDB-MID,879.9678422578211,4.797284709908745,1778,0.5866384887837632,1.4160575472955537,2733,1.5197974524912483,1.5193259802877317
TOI-2076_b,NIRISS_SOSS,obs10,SOSS_HDU4_ordem_2,jw05959010001_04102_00001-seg007_nis_x1dints.fits,seg007,4,14,60783.25149464475,TDB-MID,485.9801202737116,4.795769629556446,1778,0.5866384887837632,1.4160575472955537,2734,0.839339022728717,0.8390786426248454
TOI-2076_b,NIRISS_SOSS,obs10,SOSS_HDU4_ordem_2,jw05959010001_04102_00001-seg007_nis_x1dints.fits,seg007,4,15,60783.25157171775,TDB-MID,465.3774966727705,4.7958419325305375,1778,0.5866384887837632,1.4160575472955537,2735,0.8037561146272044,0.803506773068017
TOI-2076_b,NIRISS_SOSS,obs10,SOSS_HDU4_ordem_2,jw05959010001_04102_00001-seg007_nis_x1dints.fits,seg007,4,16,60783.25164879075,TDB-MID,556.2820394539298,4.796010668571676,1778,0.5866384887837632,1.4160575472955537,2736,0.9607578661732674,0.9604598194648273
TOI-2076_b,NIRISS_SOSS,obs10,SOSS_HDU4_ordem_2,jw05959010001_04102_00001-seg007_nis_x1dints.fits,seg007,4,17,60783.25172586375,TDB-MID,505.7814447235045,4.795908615851953,1778,0.5866384887837632,1.4160575472955537,2737,0.8735380025204474,0.8732670131947128
TOI-2076_b,NIRISS_SOSS,obs10,SOSS_HDU4_ordem_2,jw05959010001_04102_00001-seg007_nis_x1dints.fits,seg007,4,18,60783.25180293676,TDB-MID,584.8744889865281,4.795972535840812,1778,0.5866384887837632,1.4160575472955537,2738,1.0101400479682652,1.0098266818986648
TOI-2076_b,NIRISS_SOSS,obs10,SOSS_HDU4_ordem_2,jw05959010001_04102_00001-seg007_nis_x1dints.fits,seg007,4,19,60783.25188000975,TDB-MID,546.0179089023177,4.795848544776878,1778,0.5866384887837632,1.4160575472955537,2739,0.9430306280683467,0.9427380807111511
TOI-2076_b,NIRISS_SOSS,obs10,SOSS_HDU4_ordem_2,jw05959010001_04102_00001-seg007_nis_x1dints.fits,seg007,4,20,60783.25195708276,TDB-MID,388.6067321464312,4.795726297300334,1778,0.5866384887837632,1.4160575472955537,2740,0.6711648916870926,0.6709566826327295
TOI-2076_b,NIRISS_SOSS,obs10,SOSS_HDU4_ordem_2,jw05959010001_04102_00001-seg007_nis_x1dints.fits,seg007,4,21,60783.252034155754,TDB-MID,783.6607761290577,4.796205660204716,1778,0.5866384887837632,1.4160575472955537,2741,1.3534649722225924,1.3530450997509085
TOI-2076_b,NIRISS_SOSS,obs10,SOSS_HDU4_ordem_2,jw05959010001_04102_00001-seg007_nis_x1dints.fits,seg007,4,22,60783.25211122875,TDB-MID,468.34991114797117,4.795823700704674,1778,0.5866384887837632,1.4160575472955537,2742,0.8088897885300679,0.808638854400408
TOI-2076_b,NIRISS_SOSS,obs10,SOSS_HDU4_ordem_2,jw05959010001_04102_00001-seg007_nis_x1dints.fits,seg007,4,23,60783.252188301754,TDB-MID,408.6813818215289,4.795721520281093,1778,0.5866384887837632,1.4160575472955537,2743,0.7058359330260427,0.7056169683066852
TOI-2076_b,NIRISS_SOSS,obs10,SOSS_HDU4_ordem_2,jw05959010001_04102_00001-seg007_nis_x1dints.fits,seg007,4,24,60783.25226537476,TDB-MID,869.8053423631687,4.79635035005625,1778,0.5866384887837632,1.4160575472955537,2744,1.5022457412705217,1.5017797139662257
TOI-2076_b,NIRISS_SOSS,obs10,SOSS_HDU4_ordem_2,jw05959010001_04102_00001-seg007_nis_x1dints.fits,seg007,4,25,60783.252342447755,TDB-MID,748.8472801790008,4.797074005386641,1778,0.5866384887837632,1.4160575472955537,2745,1.2933383858675094,1.2929371658906776
TOI-2076_b,NIRISS_SOSS,obs10,SOSS_HDU4_ordem_2,jw05959010001_04102_00001-seg007_nis_x1dints.fits,seg007,4,26,60783.25241952076,TDB-MID,696.6890736018436,4.796115118481625,1778,0.5866384887837632,1.4160575472955537,2746,1.2032556513904344,1.2028823769172967
TOI-2076_b,NIRISS_SOSS,obs10,SOSS_HDU4_ordem_2,jw05959010001_04102_00001-seg007_nis_x1dints.fits,seg007,4,27,60783.252496593755,TDB-MID,686.6398617649073,4.79604704890289,1778,0.5866384887837632,1.4160575472955537,2747,1.1858996006168816,1.1855317103450984
TOI-2076_b,NIRISS_SOSS,obs10,SOSS_HDU4_ordem_2,jw05959010001_04102_00001-seg007_nis_x1dints.fits,seg007,4,28,60783.25257366676,TDB-MID,406.41111502876333,4.7957750235653345,1778,0.5866384887837632,1.4160575472955537,2748,0.7019149423688528,0.7016971940208624
TOI-2076_b,NIRISS_SOSS,obs10,SOSS_HDU4_ordem_2,jw05959010001_04102_00001-seg007_nis_x1dints.fits,seg007,4,29,60783.25265073976,TDB-MID,691.0506490776614,4.796163097111281,1778,0.5866384887837632,1.4160575472955537,2749,1.1935174964074875,1.1931472429088752
TOI-2076_b,NIRISS_SOSS,obs10,SOSS_HDU4_ordem_2,jw05959010001_04102_00001-seg007_nis_x1dints.fits,seg007,4,30,60783.25272781276,TDB-MID,271.89426200008853,4.7956891498965,1778,0.5866384887837632,1.4160575472955537,2750,0.46959012237819064,0.46944444593335627
TOI-2076_b,NIRISS_SOSS,obs10,SOSS_HDU4_ordem_2,jw05959010001_04102_00001-seg007_nis_x1dints.fits,seg007,4,31,60783.252804885764,TDB-MID,778.821449547333,4.796190110309217,1778,0.5866384887837632,1.4160575472955537,2751,1.3451069438294099,1.3446896641888018
TOI-2076_b,NIRISS_SOSS,obs10,SOSS_HDU4_ordem_2,jw05959010001_04102_00001-seg007_nis_x1dints.fits,seg007,4,32,60783.25288195877,TDB-MID,516.0637610285586,4.795823286279921,1778,0.5866384887837632,1.4160575472955537,2752,0.891296649343307,0.8910201509227024
TOI-2076_b,NIRISS_SOSS,obs10,SOSS_HDU4_ordem_2,jw05959010001_04102_00001-seg007_nis_x1dints.fits,seg007,4,33,60783.25295903176,TDB-MID,446.4542274412179,4.795797898357864,1778,0.5866384887837632,1.4160575472955537,2753,0.771073628984174,0.7708344261993985
TOI-2076_b,NIRISS_SOSS,obs10,SOSS_HDU4_ordem_2,jw05959010001_04102_00001-seg007_nis_x1dints.fits,seg007,4,34,60783.25303610476,TDB-MID,520.234721132874,4.79577961195989,1778,0.5866384887837632,1.4160575472955537,2754,0.8985003382016596,0.8982216050496742
TOI-2076_b,NIRISS_SOSS,obs10,SOSS_HDU4_ordem_2,jw05959010001_04102_00001-seg007_nis_x1dints.fits,seg007,4,35,60783.25311317776,TDB-MID,287.45275572834544,4.795655854828031,1778,0.5866384887837632,1.4160575472955537,2755,0.4964612851608392,0.4963072727326095
TOI-2076_b,NIRISS_SOSS,obs10,SOSS_HDU4_ordem_2,jw05959010001_04102_00001-seg007_nis_x1dints.fits,seg007,4,36,60783.25319025076,TDB-MID,586.7486322785426,4.795973235148325,1778,0.5866384887837632,1.4160575472955537,2756,1.0133768914800676,1.0130625212755144
TOI-2076_b,NIRISS_SOSS,obs10,SOSS_HDU4_ordem_2,jw05959010001_04102_00001-seg007_nis_x1dints.fits,seg007,4,37,60783.253267323766,TDB-MID,784.0805881038345,4.796169550389164,1778,0.5866384887837632,1.4160575472955537,2757,1.3541900318658562,1.3537699344658656
TOI-2076_b,NIRISS_SOSS,obs10,SOSS_HDU4_ordem_2,jw05959010001_04102_00001-seg007_nis_x1dints.fits,seg007,4,38,60783.25334439676,TDB-MID,780.5671375316462,4.7962450084052755,1778,0.5866384887837632,1.4160575472955537,2758,1.3481219314505444,1.347703716499211
TOI-2076_b,NIRISS_SOSS,obs10,SOSS_HDU4_ordem_2,jw05959010001_04102_00001-seg007_nis_x1dints.fits,seg007,4,39,60783.253421469766,TDB-MID,483.87789201921447,4.795902387428572,1778,0.5866384887837632,1.4160575472955537,2759,0.8357082523842664,0.8354489986194948
TOI-2076_b,NIRISS_SOSS,obs10,SOSS_HDU4_ordem_2,jw05959010001_04102_00001-seg007_nis_x1dints.fits,seg007,4,40,60783.25349854277,TDB-MID,726.431945031039,4.796131096696369,1778,0.5866384887837632,1.4160575472955537,2760,1.2546247333694802,1.2542355231581732
TOI-2076_b,NIRISS_SOSS,obs10,SOSS_HDU4_ordem_2,jw05959010001_04102_00001-seg007_nis_x1dints.fits,seg007,4,41,60783.25357561577,TDB-MID,469.5610840912017,4.79581478166878,1778,0.5866384887837632,1.4160575472955537,2761,0.8109816121914021,0.810730029135328
TOI-2076_b,NIRISS_SOSS,obs10,SOSS_HDU4_ordem_2,jw05959010001_04102_00001-seg007_nis_x1dints.fits,seg007,4,42,60783.25365268877,TDB-MID,57.00584665397682,4.795347283889366,1778,0.5866384887837632,1.4160575472955537,2762,0.09845512115479887,0.09842457836579613
TOI-2076_b,NIRISS_SOSS,obs10,SOSS_HDU4_ordem_2,jw05959010001_04102_00001-seg007_nis_x1dints.fits,seg007,4,43,60783.25372976177,TDB-MID,518.02136307624,4.795938533436499,1778,0.5866384887837632,1.4160575472955537,2763,0.8946776349454902,0.8944000876741132
TOI-2076_b,NIRISS_SOSS,obs10,SOSS_HDU4_ordem_2,jw05959010001_04102_00001-seg007_nis_x1dints.fits,seg007,4,44,60783.25380683477,TDB-MID,812.1836743312319,4.796692339879056,1778,0.5866384887837632,1.4160575472955537,2764,1.4027270315202442,1.4022918769518515
TOI-2076_b,NIRISS_SOSS,obs10,SOSS_HDU4_ordem_2,jw05959010001_04102_00001-seg007_nis_x1dints.fits,seg007,4,45,60783.25388390777,TDB-MID,687.2949618556116,4.796153075233123,1778,0.5866384887837632,1.4160575472955537,2765,1.187031027699972,1.1866627864364043
TOI-2076_b,NIRISS_SOSS,obs10,SOSS_HDU4_ordem_2,jw05959010001_04102_00001-seg007_nis_x1dints.fits,seg007,4,46,60783.253960980765,TDB-MID,556.6238227745168,4.795896980204961,1778,0.5866384887837632,1.4160575472955537,2766,0.9613481620852173,0.9610499322549317
TOI-2076_b,NIRISS_SOSS,obs10,SOSS_HDU4_ordem_2,jw05959010001_04102_00001-seg007_nis_x1dints.fits,seg007,4,47,60783.25403805377,TDB-MID,541.3814518843261,4.795947084356461,1778,0.5866384887837632,1.4160575472955537,2767,0.935022976849583,0.9347329136293089
TOI-2076_b,NIRISS_SOSS,obs10,SOSS_HDU4_ordem_2,jw05959010001_04102_00001-seg007_nis_x1dints.fits,seg007,4,48,60783.25411512677,TDB-MID,489.71792184865257,4.795855283349156,1778,0.5866384887837632,1.4160575472955537,2768,0.845794601033644,0.8455322182775615
TOI-2076_b,NIRISS_SOSS,obs10,SOSS_HDU4_ordem_2,jw05959010001_04102_00001-seg007_nis_x1dints.fits,seg007,4,49,60783.25419219977,TDB-MID,390.77468119415784,4.795736043288171,1778,0.5866384887837632,1.4160575472955537,2769,0.6749091687863691,0.6746997981807928
TOI-2076_b,NIRISS_SOSS,obs10,SOSS_HDU4_ordem_2,jw05959010001_04102_00001-seg007_nis_x1dints.fits,seg007,4,50,60783.25426927277,TDB-MID,480.2047462485084,4.79579870190786,1778,0.5866384887837632,1.4160575472955537,2770,0.829364341485631,0.8291070557315606
TOI-2076_b,NIRISS_SOSS,obs10,SOSS_HDU4_ordem_2,jw05959010001_04102_00001-seg007_nis_x1dints.fits,seg007,4,51,60783.25434634577,TDB-MID,442.2325018336858,4.795711665653923,1778,0.5866384887837632,1.4160575472955537,2771,0.7637822627372192,0.7635453218831406
TOI-2076_b,NIRISS_SOSS,obs10,SOSS_HDU4_ordem_2,jw05959010001_04102_00001-seg007_nis_x1dints.fits,seg007,4,52,60783.25442341877,TDB-MID,490.56669524660884,4.79581286181428,1778,0.5866384887837632,1.4160575472955537,2772,0.8472605223844135,0.8469976848695944
TOI-2076_b,NIRISS_SOSS,obs10,SOSS_HDU4_ordem_2,jw05959010001_04102_00001-seg007_nis_x1dints.fits,seg007,4,53,60783.25450049178,TDB-MID,660.8771800618563,4.796048275247752,1778,0.5866384887837632,1.4160575472955537,2773,1.1414047268937937,1.1410506398404099
TOI-2076_b,NIRISS_SOSS,obs10,SOSS_HDU4_ordem_2,jw05959010001_04102_00001-seg007_nis_x1dints.fits,seg007,4,54,60783.254577564774,TDB-MID,509.7982276191296,4.795824240688684,1778,0.5866384887837632,1.4160575472955537,2774,0.8804754110470113,0.8802022695954923
TOI-2076_b,NIRISS_SOSS,obs10,SOSS_HDU4_ordem_2,jw05959010001_04102_00001-seg007_nis_x1dints.fits,seg007,4,55,60783.25465463778,TDB-MID,942.007424730348,4.797175590814011,1778,0.5866384887837632,1.4160575472955537,2775,1.62694636733505,1.626441655350204
TOI-2076_b,NIRISS_SOSS,obs10,SOSS_HDU4_ordem_2,jw05959010001_04102_00001-seg007_nis_x1dints.fits,seg007,4,56,60783.254731710775,TDB-MID,497.6182181594965,4.795948964297663,1778,0.5866384887837632,1.4160575472955537,2776,0.8594392476111138,0.8591726320070439
TOI-2076_b,NIRISS_SOSS,obs10,SOSS_HDU4_ordem_2,jw05959010001_04102_00001-seg007_nis_x1dints.fits,seg007,4,57,60783.25480878377,TDB-MID,781.534722938932,4.796894997549714,1778,0.5866384887837632,1.4160575472955537,2777,1.349793053696657,1.3493743203290791
TOI-2076_b,NIRISS_SOSS,obs10,SOSS_HDU4_ordem_2,jw05959010001_04102_00001-seg007_nis_x1dints.fits,seg007,4,58,60783.254885856775,TDB-MID,360.7838562680566,4.795727334313403,1778,0.5866384887837632,1.4160575472955537,2778,0.6231118449161575,0.6229185428981296
TOI-2076_b,NIRISS_SOSS,obs10,SOSS_HDU4_ordem_2,jw05959010001_04102_00001-seg007_nis_x1dints.fits,seg007,4,59,60783.25496292977,TDB-MID,366.8761982759404,4.79572024829709,1778,0.5866384887837632,1.4160575472955537,2779,0.6336339633603157,0.6334373971662886
TOI-2076_b,NIRISS_SOSS,obs10,SOSS_HDU4_ordem_2,jw05959010001_04102_00001-seg007_nis_x1dints.fits,seg007,4,60,60783.255040002776,TDB-MID,850.6406235329064,4.796381092570555,1778,0.5866384887837632,1.4160575472955537,2780,1.4691462466557967,1.468690487490611
TOI-2076_b,NIRISS_SOSS,obs10,SOSS_HDU4_ordem_2,jw05959010001_04102_00001-seg007_nis_x1dints.fits,seg007,4,61,60783.25511707577,TDB-MID,787.9276608589018,4.796414715489434,1778,0.5866384887837632,1.4160575472955537,2781,1.3608343330458836,1.3604121744479925
TOI-2076_b,NIRISS_SOSS,obs10,SOSS_HDU4_ordem_2,jw05959010001_04102_00001-seg007_nis_x1dints.fits,seg007,4,62,60783.255194148776,TDB-MID,741.7404154769541,4.796177128899324,1778,0.5866384887837632,1.4160575472955537,2782,1.2810640795227943,1.2806666672864278
TOI-2076_b,NIRISS_SOSS,obs10,SOSS_HDU4_ordem_2,jw05959010001_04102_00001-seg007_nis_x1dints.fits,seg007,4,63,60783.25527122178,TDB-MID,434.0539205715579,4.796052145781882,1778,0.5866384887837632,1.4160575472955537,2783,0.7496569886416542,0.7494244297360335
TOI-2076_b,NIRISS_SOSS,obs10,SOSS_HDU4_ordem_2,jw05959010001_04102_00001-seg007_nis_x1dints.fits,seg007,4,64,60783.25534829478,TDB-MID,572.3870048788168,4.795842973145634,1778,0.5866384887837632,1.4160575472955537,2784,0.9885728433233434,0.9882661678410188
TOI-2076_b,NIRISS_SOSS,obs10,SOSS_HDU4_ordem_2,jw05959010001_04102_00001-seg007_nis_x1dints.fits,seg007,4,65,60783.25542536778,TDB-MID,661.7478708524911,4.79614820075857,1778,0.5866384887837632,1.4160575472955537,2785,1.1429085018977974,1.1425539483427007
TOI-2076_b,NIRISS_SOSS,obs10,SOSS_HDU4_ordem_2,jw05959010001_04102_00001-seg007_nis_x1dints.fits,seg007,4,66,60783.25550244078,TDB-MID,527.2461626817499,4.796352582181801,1778,0.5866384887837632,1.4160575472955537,2786,0.9106098386771904,0.9103273489108854
TOI-2076_b,NIRISS_SOSS,obs10,SOSS_HDU4_ordem_2,jw05959010001_04102_00001-seg007_nis_x1dints.fits,seg007,4,67,60783.25557951378,TDB-MID,786.6256037824019,4.796577014600348,1778,0.5866384887837632,1.4160575472955537,2787,1.3585855428823868,1.358164081905124
TOI-2076_b,NIRISS_SOSS,obs10,SOSS_HDU4_ordem_2,jw05959010001_04102_00001-seg007_nis_x1dints.fits,seg007,4,68,60783.255656586785,TDB-MID,595.4905694432294,4.796072936735845,1778,0.5866384887837632,1.4160575472955537,2788,1.0284751407509052,1.0281560867611272
TOI-2076_b,NIRISS_SOSS,obs10,SOSS_HDU4_ordem_2,jw05959010001_04102_00001-seg007_nis_x1dints.fits,seg007,4,69,60783.25573365978,TDB-MID,828.8291718130425,4.7963893501122445,1778,0.5866384887837632,1.4160575472955537,2789,1.4314755646523145,1.4310314917019087
TOI-2076_b,NIRISS_SOSS,obs10,SOSS_HDU4_ordem_2,jw05959010001_04102_00001-seg007_nis_x1dints.fits,seg007,4,70,60783.25581073278,TDB-MID,694.6135151710903,4.796115229369166,1778,0.5866384887837632,1.4160575472955537,2790,1.199670942649872,1.199298780226584
TOI-2076_b,NIRISS_SOSS,obs10,SOSS_HDU4_ordem_2,jw05959010001_04102_00001-seg007_nis_x1dints.fits,seg007,4,71,60783.255887805775,TDB-MID,595.0886514196959,4.795979095063067,1778,0.5866384887837632,1.4160575472955537,2791,1.0277809858523475,1.0274621472035932
TOI-2076_b,NIRISS_SOSS,obs10,SOSS_HDU4_ordem_2,jw05959010001_04102_00001-seg007_nis_x1dints.fits,seg007,4,72,60783.25596487878,TDB-MID,451.1805976814003,4.795773476480916,1778,0.5866384887837632,1.4160575472955537,2792,0.7792365698390684,0.7789948347433552
TOI-2076_b,NIRISS_SOSS,obs10,SOSS_HDU4_ordem_2,jw05959010001_04102_00001-seg007_nis_x1dints.fits,seg007,4,73,60783.25604195178,TDB-MID,967.5647783436243,4.796987767917516,1778,0.5866384887837632,1.4160575472955537,2793,1.6710866177494452,1.6705682125575916
TOI-2076_b,NIRISS_SOSS,obs10,SOSS_HDU4_ordem_2,jw05959010001_04102_00001-seg007_nis_x1dints.fits,seg007,4,74,60783.25611902478,TDB-MID,149.5370641745642,4.795808911063357,1778,0.5866384887837632,1.4160575472955537,2794,0.25826631187158366,0.2581861923879297
TOI-2076_b,NIRISS_SOSS,obs10,SOSS_HDU4_ordem_2,jw05959010001_04102_00001-seg007_nis_x1dints.fits,seg007,4,75,60783.256196097784,TDB-MID,498.3229752994215,4.796076663417247,1778,0.5866384887837632,1.4160575472955537,2795,0.8606564376656217,0.8603894444643423
TOI-2076_b,NIRISS_SOSS,obs10,SOSS_HDU4_ordem_2,jw05959010001_04102_00001-seg007_nis_x1dints.fits,seg007,4,76,60783.25627317078,TDB-MID,450.9693867457342,4.795827617127073,1778,0.5866384887837632,1.4160575472955537,2796,0.7788717862338631,0.7786301643014729
TOI-2076_b,NIRISS_SOSS,obs10,SOSS_HDU4_ordem_2,jw05959010001_04102_00001-seg007_nis_x1dints.fits,seg007,4,77,60783.256350243784,TDB-MID,779.839725839772,4.796281902885893,1778,0.5866384887837632,1.4160575472955537,2797,1.3468656145908438,1.346447789374654
TOI-2076_b,NIRISS_SOSS,obs10,SOSS_HDU4_ordem_2,jw05959010001_04102_00001-seg007_nis_x1dints.fits,seg007,4,78,60783.25642731679,TDB-MID,550.3390953246851,4.796175411966896,1778,0.5866384887837632,1.4160575472955537,2798,0.9504937736528528,0.9501989110755019
TOI-2076_b,NIRISS_SOSS,obs10,SOSS_HDU4_ordem_2,jw05959010001_04102_00001-seg007_nis_x1dints.fits,seg007,4,79,60783.256504389785,TDB-MID,312.0264112125618,4.795817492343538,1778,0.5866384887837632,1.4160575472955537,2799,0.5389025849559371,0.5387354063698739
TOI-2076_b,NIRISS_SOSS,obs10,SOSS_HDU4_ordem_2,jw05959010001_04102_00001-seg007_nis_x1dints.fits,seg007,4,80,60783.25658146279,TDB-MID,276.2549517941959,4.795619857810617,1778,0.5866384887837632,1.4160575472955537,2800,0.4771214944601346,0.4769734816298923
TOI-2076_b,NIRISS_SOSS,obs10,SOSS_HDU4_ordem_2,jw05959010001_04102_00001-seg007_nis_x1dints.fits,seg007,4,81,60783.25665853578,TDB-MID,621.8518128335154,4.795996355408014,1778,0.5866384887837632,1.4160575472955537,2801,1.0740037937597047,1.0736706158520835
TOI-2076_b,NIRISS_SOSS,obs10,SOSS_HDU4_ordem_2,jw05959010001_04102_00001-seg007_nis_x1dints.fits,seg007,4,82,60783.25673560878,TDB-MID,605.3565313926167,4.796076856400108,1778,0.5866384887837632,1.4160575472955537,2802,1.0455146996040812,1.0451903595952048
TOI-2076_b,NIRISS_SOSS,obs10,SOSS_HDU4_ordem_2,jw05959010001_04102_00001-seg007_nis_x1dints.fits,seg007,4,83,60783.25681268178,TDB-MID,234.2097640134101,4.795529092118944,1778,0.5866384887837632,1.4160575472955537,2803,0.40450501211823514,0.40437952640361946
TOI-2076_b,NIRISS_SOSS,obs10,SOSS_HDU4_ordem_2,jw05959010001_04102_00001-seg007_nis_x1dints.fits,seg007,4,84,60783.25688975478,TDB-MID,837.9960338888876,4.796283790801879,1778,0.5866384887837632,1.4160575472955537,2804,1.4473077041478462,1.446858719744482
TOI-2076_b,NIRISS_SOSS,obs10,SOSS_HDU4_ordem_2,jw05959010001_04102_00001-seg007_nis_x1dints.fits,seg007,4,85,60783.25696682779,TDB-MID,818.9904713411381,4.796885449858927,1778,0.5866384887837632,1.4160575472955537,2805,1.4144830892515556,1.414044287714
TOI-2076_b,NIRISS_SOSS,obs10,SOSS_HDU4_ordem_2,jw05959010001_04102_00001-seg007_nis_x1dints.fits,seg007,4,86,60783.25704390078,TDB-MID,658.4105166784055,4.797403118933795,1778,0.5866384887837632,1.4160575472955537,2806,1.1371445385706578,1.1367917731146833
TOI-2076_b,NIRISS_SOSS,obs10,SOSS_HDU4_ordem_2,jw05959010001_04102_00001-seg007_nis_x1dints.fits,seg007,4,87,60783.25712097379,TDB-MID,423.08306933470044,4.795777673972521,1778,0.5866384887837632,1.4160575472955537,2807,0.7307091692319635,0.7304824883268317
TOI-2076_b,NIRISS_SOSS,obs10,SOSS_HDU4_ordem_2,jw05959010001_04102_00001-seg007_nis_x1dints.fits,seg007,4,88,60783.257198046784,TDB-MID,675.6207238882475,4.796123417150812,1778,0.5866384887837632,1.4160575472955537,2808,1.1668683850776542,1.1665063986775424
TOI-2076_b,NIRISS_SOSS,obs10,SOSS_HDU4_ordem_2,jw05959010001_04102_00001-seg007_nis_x1dints.fits,seg007,4,89,60783.25727511979,TDB-MID,660.3985939035197,4.796064567952751,1778,0.5866384887837632,1.4160575472955537,2809,1.140578158024673,1.1402243273898307
TOI-2076_b,NIRISS_SOSS,obs10,SOSS_HDU4_ordem_2,jw05959010001_04102_00001-seg007_nis_x1dints.fits,seg007,4,90,60783.257352192784,TDB-MID,678.8216796429356,4.7963929152667415,1778,0.5866384887837632,1.4160575472955537,2810,1.1723967739208532,1.1720330725016344
TOI-2076_b,NIRISS_SOSS,obs10,SOSS_HDU4_ordem_2,jw05959010001_04102_00001-seg007_nis_x1dints.fits,seg007,4,91,60783.25742926579,TDB-MID,673.3280694557632,4.796345066681101,1778,0.5866384887837632,1.4160575472955537,2811,1.162908728600899,1.1625479705670811
TOI-2076_b,NIRISS_SOSS,obs10,SOSS_HDU4_ordem_2,jw05959010001_04102_00001-seg007_nis_x1dints.fits,seg007,4,92,60783.25750633879,TDB-MID,271.98431498056993,4.7955589826509115,1778,0.5866384887837632,1.4160575472955537,2812,0.4697456533916578,0.46959992869792716
TOI-2076_b,NIRISS_SOSS,obs10,SOSS_HDU4_ordem_2,jw05959010001_04102_00001-seg007_nis_x1dints.fits,seg007,4,93,60783.25758341179,TDB-MID,617.0238562600528,4.796006237607002,1778,0.5866384887837632,1.4160575472955537,2813,1.0656654025722947,1.065334811403887
TOI-2076_b,NIRISS_SOSS,obs10,SOSS_HDU4_ordem_2,jw05959010001_04102_00001-seg007_nis_x1dints.fits,seg007,4,94,60783.257660484785,TDB-MID,439.29795376641187,4.795829832059366,1778,0.5866384887837632,1.4160575472955537,2814,0.7587139881223051,0.7584786195505047
TOI-2076_b,NIRISS_SOSS,obs10,SOSS_HDU4_ordem_2,jw05959010001_04102_00001-seg007_nis_x1dints.fits,seg007,4,95,60783.25773755778,TDB-MID,359.97069790767125,4.796459658459822,1778,0.5866384887837632,1.4160575472955537,2815,0.6217074344988237,0.621514568157585
TOI-2076_b,NIRISS_SOSS,obs10,SOSS_HDU4_ordem_2,jw05959010001_04102_00001-seg007_nis_x1dints.fits,seg007,4,96,60783.257814630786,TDB-MID,1000.4233234367066,4.799002650062967,1778,0.5866384887837632,1.4160575472955537,2816,1.727836797388855,1.7273007871324577
TOI-2076_b,NIRISS_SOSS,obs10,SOSS_HDU4_ordem_2,jw05959010001_04102_00001-seg007_nis_x1dints.fits,seg007,4,97,60783.25789170378,TDB-MID,533.8874050490743,4.795893730397734,1778,0.5866384887837632,1.4160575472955537,2817,0.9220799660460941,0.9217939180120632
TOI-2076_b,NIRISS_SOSS,obs10,SOSS_HDU4_ordem_2,jw05959010001_04102_00001-seg007_nis_x1dints.fits,seg007,4,98,60783.25796877679,TDB-MID,572.0187302111306,4.79683997082976,1778,0.5866384887837632,1.4160575472955537,2818,0.9879367940555309,0.9876303158886771
TOI-2076_b,NIRISS_SOSS,obs10,SOSS_HDU4_ordem_2,jw05959010001_04102_00001-seg007_nis_x1dints.fits,seg007,4,99,60783.25804584979,TDB-MID,523.8429986385964,4.795853924034941,1778,0.5866384887837632,1.4160575472955537,2819,0.904732214751839,0.9044515483444948
TOI-2076_b,NIRISS_SOSS,obs10,SOSS_HDU4_ordem_2,jw05959010001_04102_00001-seg007_nis_x1dints.fits,seg007,4,100,60783.25812292279,TDB-MID,806.7240153021055,4.796281888294563,1778,0.5866384887837632,1.4160575472955537,2820,1.3932976234379588,1.3928653940644986
TOI-2076_b,NIRISS_SOSS,obs10,SOSS_HDU4_ordem_2,jw05959010001_04102_00001-seg007_nis_x1dints.fits,seg007,4,101,60783.25819999579,TDB-MID,552.2360346346298,4.795988921390321,1778,0.5866384887837632,1.4160575472955537,2821,0.9537699882965464,0.9534741093705138
TOI-2076_b,NIRISS_SOSS,obs10,SOSS_HDU4_ordem_2,jw05959010001_04102_00001-seg007_nis_x1dints.fits,seg007,4,102,60783.25827706879,TDB-MID,765.6873499920628,4.796273635754459,1778,0.5866384887837632,1.4160575472955537,2822,1.3224229659767082,1.3220127233692291
TOI-2076_b,NIRISS_SOSS,obs10,SOSS_HDU4_ordem_2,jw05959010001_04102_00001-seg007_nis_x1dints.fits,seg007,4,103,60783.25835414179,TDB-MID,584.553336654633,4.795967555789967,1778,0.5866384887837632,1.4160575472955537,2823,1.0095853839539262,1.009272189952429
TOI-2076_b,NIRISS_SOSS,obs10,SOSS_HDU4_ordem_2,jw05959010001_04102_00001-seg007_nis_x1dints.fits,seg007,4,104,60783.25843121479,TDB-MID,783.5509343467158,4.802018160311334,1778,0.5866384887837632,1.4160575472955537,2824,1.3532752638571686,1.3528554502368935
TOI-2076_b,NIRISS_SOSS,obs10,SOSS_HDU4_ordem_2,jw05959010001_04102_00001-seg007_nis_x1dints.fits,seg007,4,105,60783.258508287785,TDB-MID,613.570265654139,4.796050186012801,1778,0.5866384887837632,1.4160575472955537,2825,1.059700686644326,1.0593719458525965
TOI-2076_b,NIRISS_SOSS,obs10,SOSS_HDU4_ordem_2,jw05959010001_04102_00001-seg007_nis_x1dints.fits,seg007,4,106,60783.25858536079,TDB-MID,698.3505060548657,4.798028168069123,1778,0.5866384887837632,1.4160575472955537,2826,1.206125120805488,1.205750956164344
TOI-2076_b,NIRISS_SOSS,obs10,SOSS_HDU4_ordem_2,jw05959010001_04102_00001-seg007_nis_x1dints.fits,seg007,4,107,60783.258662433786,TDB-MID,459.69191382734556,4.795871437118958,1778,0.5866384887837632,1.4160575472955537,2827,0.793936512240106,0.793690216922092
TOI-2076_b,NIRISS_SOSS,obs10,SOSS_HDU4_ordem_2,jw05959010001_04102_00001-seg007_nis_x1dints.fits,seg007,4,108,60783.25873950679,TDB-MID,969.9709330678363,4.796516985141613,1778,0.5866384887837632,1.4160575472955537,2828,1.6752423012239395,1.6747226068542143
TOI-2076_b,NIRISS_SOSS,obs10,SOSS_HDU4_ordem_2,jw05959010001_04102_00001-seg007_nis_x1dints.fits,seg007,4,109,60783.258816579786,TDB-MID,396.01777209416036,4.795714019777933,1778,0.5866384887837632,1.4160575472955537,2829,0.6839645408242364,0.6837523610573464
TOI-2076_b,NIRISS_SOSS,obs10,SOSS_HDU4_ordem_2,jw05959010001_04102_00001-seg007_nis_x1dints.fits,seg007,4,110,60783.25889365279,TDB-MID,1086.359600048714,4.796667493154984,1778,0.5866384887837632,1.4160575472955537,2830,1.8762578282488054,1.8756757747579276
TOI-2076_b,NIRISS_SOSS,obs10,SOSS_HDU4_ordem_2,jw05959010001_04102_00001-seg007_nis_x1dints.fits,seg007,4,111,60783.25897072579,TDB-MID,323.71758739347973,4.795619777925125,1778,0.5866384887837632,1.4160575472955537,2831,0.5590944816629756,0.5589210391382421
TOI-2076_b,NIRISS_SOSS,obs10,SOSS_HDU4_ordem_2,jw05959010001_04102_00001-seg007_nis_x1dints.fits,seg007,4,112,60783.25904779879,TDB-MID,506.1853862207356,4.795805140022553,1778,0.5866384887837632,1.4160575472955537,2832,0.8742356521719077,0.8739644464210053
TOI-2076_b,NIRISS_SOSS,obs10,SOSS_HDU4_ordem_2,jw05959010001_04102_00001-seg007_nis_x1dints.fits,seg007,4,113,60783.25912487179,TDB-MID,655.1954053905874,4.796139035791928,1778,0.5866384887837632,1.4160575472955537,2833,1.1315917016258843,1.1312406587733173
TOI-2076_b,NIRISS_SOSS,obs10,SOSS_HDU4_ordem_2,jw05959010001_04102_00001-seg007_nis_x1dints.fits,seg007,4,114,60783.25920194479,TDB-MID,503.5673046785176,4.795857498572071,1778,0.5866384887837632,1.4160575472955537,2834,0.8697139486877575,0.8694441456616077
TOI-2076_b,NIRISS_SOSS,obs10,SOSS_HDU4_ordem_2,jw05959010001_04102_00001-seg007_nis_x1dints.fits,seg007,4,115,60783.259279017795,TDB-MID,756.1521599799061,4.797253413171347,1778,0.5866384887837632,1.4160575472955537,2835,1.3059546852128188,1.3055495514023094
TOI-2076_b,NIRISS_SOSS,obs10,SOSS_HDU4_ordem_2,jw05959010001_04102_00001-seg007_nis_x1dints.fits,seg007,4,116,60783.25935609079,TDB-MID,788.7725217674849,4.796128627980937,1778,0.5866384887837632,1.4160575472955537,2836,1.3622934971140608,1.36187088585368
TOI-2076_b,NIRISS_SOSS,obs10,SOSS_HDU4_ordem_2,jw05959010001_04102_00001-seg007_nis_x1dints.fits,seg007,4,117,60783.259433163796,TDB-MID,620.0125687046741,4.796111895357542,1778,0.5866384887837632,1.4160575472955537,2837,1.0708272247906043,1.0704950323195417
TOI-2076_b,NIRISS_SOSS,obs10,SOSS_HDU4_ordem_2,jw05959010001_04102_00001-seg007_nis_x1dints.fits,seg007,4,118,60783.259510236785,TDB-MID,605.7105409708358,4.795937015259152,1778,0.5866384887837632,1.4160575472955537,2838,1.046126111554948,1.0458015818735995
TOI-2076_b,NIRISS_SOSS,obs10,SOSS_HDU4_ordem_2,jw05959010001_04102_00001-seg007_nis_x1dints.fits,seg007,4,119,60783.25958730979,TDB-MID,408.12375420915566,4.795734214656229,1778,0.5866384887837632,1.4160575472955537,2839,0.704872851213247,0.7046541852615337
TOI-2076_b,NIRISS_SOSS,obs10,SOSS_HDU4_ordem_2,jw05959010001_04102_00001-seg007_nis_x1dints.fits,seg007,4,120,60783.259664382786,TDB-MID,618.8630443739747,4.795992733437487,1778,0.5866384887837632,1.4160575472955537,2840,1.0688418747977102,1.0685102982227557
TOI-2076_b,NIRISS_SOSS,obs10,SOSS_HDU4_ordem_2,jw05959010001_04102_00001-seg007_nis_x1dints.fits,seg007,4,121,60783.25974145579,TDB-MID,293.1900149810691,4.795594235441455,1778,0.5866384887837632,1.4160575472955537,2841,0.5063701381641477,0.5062130518073809
TOI-2076_b,NIRISS_SOSS,obs10,SOSS_HDU4_ordem_2,jw05959010001_04102_00001-seg007_nis_x1dints.fits,seg007,4,122,60783.259818528786,TDB-MID,293.0908409217561,4.7956366591718895,1778,0.5866384887837632,1.4160575472955537,2842,0.5061988540836858,0.5060418208627384
TOI-2076_b,NIRISS_SOSS,obs10,SOSS_HDU4_ordem_2,jw05959010001_04102_00001-seg007_nis_x1dints.fits,seg007,4,123,60783.25989560179,TDB-MID,692.4214713902315,4.796165959054747,1778,0.5866384887837632,1.4160575472955537,2843,1.1958850514003116,1.1955140634377959
TOI-2076_b,NIRISS_SOSS,obs10,SOSS_HDU4_ordem_2,jw05959010001_04102_00001-seg007_nis_x1dints.fits,seg007,4,124,60783.259972674794,TDB-MID,729.8292829846675,4.796292497466181,1778,0.5866384887837632,1.4160575472955537,2844,1.2604922950225612,1.2601012645738157
TOI-2076_b,NIRISS_SOSS,obs10,SOSS_HDU4_ordem_2,jw05959010001_04102_00001-seg007_nis_x1dints.fits,seg007,4,125,60783.26004974779,TDB-MID,746.4890673159917,4.796109371080413,1778,0.5866384887837632,1.4160575472955537,2845,1.2892655030534768,1.2888655465680607
TOI-2076_b,NIRISS_SOSS,obs10,SOSS_HDU4_ordem_2,jw05959010001_04102_00001-seg007_nis_x1dints.fits,seg007,4,126,60783.260126820795,TDB-MID,800.7209332204201,4.796195329277899,1778,0.5866384887837632,1.4160575472955537,2846,1.3829296663187165,1.3825006532972648
TOI-2076_b,NIRISS_SOSS,obs10,SOSS_HDU4_ordem_2,jw05959010001_04102_00001-seg007_nis_x1dints.fits,seg007,4,127,60783.26020389379,TDB-MID,563.16350784378,4.795982605542754,1778,0.5866384887837632,1.4160575472955537,2847,0.972642889268497,0.9723411555832046
TOI-2076_b,NIRISS_SOSS,obs10,SOSS_HDU4_ordem_2,jw05959010001_04102_00001-seg007_nis_x1dints.fits,seg007,4,128,60783.260280966795,TDB-MID,549.59718705759,4.795902161152591,1778,0.5866384887837632,1.4160575472955537,2848,0.949212419675848,0.9489179546006655
TOI-2076_b,NIRISS_SOSS,obs10,SOSS_HDU4_ordem_2,jw05959010001_04102_00001-seg007_nis_x1dints.fits,seg007,4,129,60783.26035803979,TDB-MID,728.0880439206289,4.796145166189972,1778,0.5866384887837632,1.4160575472955537,2849,1.2574849911568722,1.2570948936351938
TOI-2076_b,NIRISS_SOSS,obs10,SOSS_HDU4_ordem_2,jw05959010001_04102_00001-seg007_nis_x1dints.fits,seg007,4,130,60783.26043511279,TDB-MID,442.15115338708193,4.795807332335443,1778,0.5866384887837632,1.4160575472955537,2850,0.7636417653735934,0.763404868104666
TOI-2076_b,NIRISS_SOSS,obs10,SOSS_HDU4_ordem_2,jw05959010001_04102_00001-seg007_nis_x1dints.fits,seg007,4,131,60783.260512185785,TDB-MID,525.4866684601811,4.796368440882735,1778,0.5866384887837632,1.4160575472955537,2851,0.9075710062253679,0.9072894591669415
TOI-2076_b,NIRISS_SOSS,obs10,SOSS_HDU4_ordem_2,jw05959010001_04102_00001-seg007_nis_x1dints.fits,seg007,4,132,60783.26058925879,TDB-MID,384.3065031892801,4.795775078995547,1778,0.5866384887837632,1.4160575472955537,2852,0.663737941859655,0.6635320367967841
TOI-2076_b,NIRISS_SOSS,obs10,SOSS_HDU4_ordem_2,jw05959010001_04102_00001-seg007_nis_x1dints.fits,seg007,4,133,60783.260666331786,TDB-MID,555.4238126725845,4.796023150227232,1778,0.5866384887837632,1.4160575472955537,2853,0.959275617830417,0.9589780309456799
TOI-2076_b,NIRISS_SOSS,obs10,SOSS_HDU4_ordem_2,jw05959010001_04102_00001-seg007_nis_x1dints.fits,seg007,4,134,60783.26074340479,TDB-MID,417.10649963689025,4.795778958924375,1778,0.5866384887837632,1.4160575472955537,2854,0.7203870018013188,0.7201635230432992
TOI-2076_b,NIRISS_SOSS,obs10,SOSS_HDU4_ordem_2,jw05959010001_04102_00001-seg007_nis_x1dints.fits,seg007,4,135,60783.260820477786,TDB-MID,326.45663102384367,4.795733876161858,1778,0.5866384887837632,1.4160575472955537,2855,0.5638250994557902,0.5636501893968197
TOI-2076_b,NIRISS_SOSS,obs10,SOSS_HDU4_ordem_2,jw05959010001_04102_00001-seg007_nis_x1dints.fits,seg007,4,136,60783.26089755079,TDB-MID,307.9088208057491,4.795599449501509,1778,0.5866384887837632,1.4160575472955537,2856,0.531791071204912,0.531626098755629
TOI-2076_b,NIRISS_SOSS,obs10,SOSS_HDU4_ordem_2,jw05959010001_04102_00001-seg007_nis_x1dints.fits,seg007,4,137,60783.260974623794,TDB-MID,5.420538719377419,4.795341210580413,1778,0.5866384887837632,1.4160575472955537,2857,0.009361843173385299,0.00935893893846722
TOI-2076_b,NIRISS_SOSS,obs10,SOSS_HDU4_ordem_2,jw05959010001_04102_00001-seg007_nis_x1dints.fits,seg007,4,138,60783.26105169679,TDB-MID,386.45298611314763,4.7972524740210964,1778,0.5866384887837632,1.4160575472955537,2858,0.6674451446946355,0.6672380895817454
TOI-2076_b,NIRISS_SOSS,obs10,SOSS_HDU4_ordem_2,jw05959010001_04102_00001-seg007_nis_x1dints.fits,seg007,4,139,60783.261128769795,TDB-MID,478.8837499712317,4.795800142541372,1778,0.5866384887837632,1.4160575472955537,2859,0.827082841321029,0.8268262633348973
TOI-2076_b,NIRISS_SOSS,obs10,SOSS_HDU4_ordem_2,jw05959010001_04102_00001-seg007_nis_x1dints.fits,seg007,4,140,60783.26120584279,TDB-MID,529.9844866647387,4.796126041754667,1778,0.5866384887837632,1.4160575472955537,2860,0.9153392135629408,0.915055256647974
TOI-2076_b,NIRISS_SOSS,obs10,SOSS_HDU4_ordem_2,jw05959010001_04102_00001-seg007_nis_x1dints.fits,seg007,4,141,60783.261282915795,TDB-MID,775.130587129197,4.7962619253029635,1778,0.5866384887837632,1.4160575472955537,2861,1.3387324344084903,1.3383171322708698
TOI-2076_b,NIRISS_SOSS,obs10,SOSS_HDU4_ordem_2,jw05959010001_04102_00001-seg007_nis_x1dints.fits,seg007,4,142,60783.26135998879,TDB-MID,453.6847487106656,4.795818765071812,1778,0.5866384887837632,1.4160575472955537,2862,0.783561503287961,0.7833184265095783
TOI-2076_b,NIRISS_SOSS,obs10,SOSS_HDU4_ordem_2,jw05959010001_04102_00001-seg007_nis_x1dints.fits,seg007,4,143,60783.26143706179,TDB-MID,348.91874464393885,4.7957599224929615,1778,0.5866384887837632,1.4160575472955537,2863,0.6026195433184189,0.6024325984307928
TOI-2076_b,NIRISS_SOSS,obs10,SOSS_HDU4_ordem_2,jw05959010001_04102_00001-seg007_nis_x1dints.fits,seg007,4,144,60783.261514134785,TDB-MID,591.7832090709171,4.805280372044462,1778,0.5866384887837632,1.4160575472955537,2864,1.0220721376197335,1.0217550699722737
TOI-2076_b,NIRISS_SOSS,obs10,SOSS_HDU4_ordem_2,jw05959010001_04102_00001-seg007_nis_x1dints.fits,seg007,4,145,60783.26159120779,TDB-MID,589.0634939694302,4.795959296187125,1778,0.5866384887837632,1.4160575472955537,2865,1.0173749022387946,1.0170592917696661
TOI-2076_b,NIRISS_SOSS,obs10,SOSS_HDU4_ordem_2,jw05959010001_04102_00001-seg007_nis_x1dints.fits,seg007,4,146,60783.261668280786,TDB-MID,842.1777347045477,4.79630505981874,1778,0.5866384887837632,1.4160575472955537,2866,1.454529943349695,1.4540787184602548
TOI-2076_b,NIRISS_SOSS,obs10,SOSS_HDU4_ordem_2,jw05959010001_04102_00001-seg007_nis_x1dints.fits,seg007,4,147,60783.26174535379,TDB-MID,479.0688425085799,4.795904218917299,1778,0.5866384887837632,1.4160575472955537,2867,0.8274025156923279,0.8271458385366786
TOI-2076_b,NIRISS_SOSS,obs10,SOSS_HDU4_ordem_2,jw05959010001_04102_00001-seg007_nis_x1dints.fits,seg007,4,148,60783.261822426786,TDB-MID,327.4439659636506,4.795722582769756,1778,0.5866384887837632,1.4160575472955537,2868,0.5655303312315606,0.565354892174873
TOI-2076_b,NIRISS_SOSS,obs10,SOSS_HDU4_ordem_2,jw05959010001_04102_00001-seg007_nis_x1dints.fits,seg007,4,149,60783.26189949979,TDB-MID,522.9942956478612,4.795900606332532,1778,0.5866384887837632,1.4160575472955537,2869,0.9032664150017804,0.9029862033154499
TOI-2076_b,NIRISS_SOSS,obs10,SOSS_HDU4_ordem_2,jw05959010001_04102_00001-seg007_nis_x1dints.fits,seg007,4,150,60783.26197657279,TDB-MID,674.0615453215136,4.796149092860297,1778,0.5866384887837632,1.4160575472955537,2870,1.1641755189297036,1.1638143679116584
TOI-2076_b,NIRISS_SOSS,obs10,SOSS_HDU4_ordem_2,jw05959010001_04102_00001-seg007_nis_x1dints.fits,seg007,4,151,60783.26205364579,TDB-MID,703.424920782491,4.796103808671708,1778,0.5866384887837632,1.4160575472955537,2871,1.214889171269129,1.2145122878405723
TOI-2076_b,NIRISS_SOSS,obs10,SOSS_HDU4_ordem_2,jw05959010001_04102_00001-seg007_nis_x1dints.fits,seg007,4,152,60783.26213071879,TDB-MID,583.9196480520285,4.795977192908883,1778,0.5866384887837632,1.4160575472955537,2872,1.008490936773402,1.0081780822917685
TOI-2076_b,NIRISS_SOSS,obs10,SOSS_HDU4_ordem_2,jw05959010001_04102_00001-seg007_nis_x1dints.fits,seg007,4,153,60783.26220779179,TDB-MID,1063.4616956058746,4.796535544893722,1778,0.5866384887837632,1.4160575472955537,2873,1.8367107275839392,1.836140942411226
TOI-2076_b,NIRISS_SOSS,obs10,SOSS_HDU4_ordem_2,jw05959010001_04102_00001-seg007_nis_x1dints.fits,seg007,4,154,60783.26228486479,TDB-MID,440.86050241690737,4.795760116778064,1778,0.5866384887837632,1.4160575472955537,2874,0.761412674761039,0.7611764690015369
TOI-2076_b,NIRISS_SOSS,obs10,SOSS_HDU4_ordem_2,jw05959010001_04102_00001-seg007_nis_x1dints.fits,seg007,4,155,60783.262361937785,TDB-MID,491.3621018896888,4.795854282220626,1778,0.5866384887837632,1.4160575472955537,2875,0.8486342737100823,0.8483710100295504
TOI-2076_b,NIRISS_SOSS,obs10,SOSS_HDU4_ordem_2,jw05959010001_04102_00001-seg007_nis_x1dints.fits,seg007,4,156,60783.26243901079,TDB-MID,154.21552104470337,4.795437944770656,1778,0.5866384887837632,1.4160575472955537,2876,0.2663465012732601,0.26626387514985894
TOI-2076_b,NIRISS_SOSS,obs10,SOSS_HDU4_ordem_2,jw05959010001_04102_00001-seg007_nis_x1dints.fits,seg007,4,157,60783.262516083785,TDB-MID,831.0262893616164,4.79625476864707,1778,0.5866384887837632,1.4160575472955537,2877,1.4352702188348794,1.4348249687052608
TOI-2076_b,NIRISS_SOSS,obs10,SOSS_HDU4_ordem_2,jw05959010001_04102_00001-seg007_nis_x1dints.fits,seg007,4,158,60783.26259315679,TDB-MID,352.9881500116769,4.795610600214425,1778,0.5866384887837632,1.4160575472955537,2878,0.6096478364151006,0.6094587112074404
TOI-2076_b,NIRISS_SOSS,obs10,SOSS_HDU4_ordem_2,jw05959010001_04102_00001-seg007_nis_x1dints.fits,seg007,4,159,60783.262670229786,TDB-MID,589.5905727130925,4.795950388902541,1778,0.5866384887837632,1.4160575472955537,2879,1.0182852229271335,1.017969330057939
TOI-2076_b,NIRISS_SOSS,obs10,SOSS_HDU4_ordem_2,jw05959010001_04102_00001-seg007_nis_x1dints.fits,seg007,4,160,60783.26274730279,TDB-MID,500.33541327621225,4.795951911411705,1778,0.5866384887837632,1.4160575472955537,2880,0.8641321307120582,0.8638640592798232
TOI-2076_b,NIRISS_SOSS,obs10,SOSS_HDU4_ordem_2,jw05959010001_04102_00001-seg007_nis_x1dints.fits,seg007,4,161,60783.262824375786,TDB-MID,620.4594657700013,4.796057090492779,1778,0.5866384887837632,1.4160575472955537,2881,1.0715990632474135,1.071266631336301
TOI-2076_b,NIRISS_SOSS,obs10,SOSS_HDU4_ordem_2,jw05959010001_04102_00001-seg007_nis_x1dints.fits,seg007,4,162,60783.26290144879,TDB-MID,658.1003281702394,4.796038106611997,1778,0.5866384887837632,1.4160575472955537,2882,1.13660881023848,1.1362562109763736
TOI-2076_b,NIRISS_SOSS,obs10,SOSS_HDU4_ordem_2,jw05959010001_04102_00001-seg007_nis_x1dints.fits,seg007,4,163,60783.26297852179,TDB-MID,-19.336618622882753,4.795214457951661,1778,0.5866384887837632,1.4160575472955537,2883,-0.033396383721760764,-0.033386023481587326
TOI-2076_b,NIRISS_SOSS,obs10,SOSS_HDU4_ordem_2,jw05959010001_04102_00001-seg007_nis_x1dints.fits,seg007,4,164,60783.26305559479,TDB-MID,845.5840575508537,4.796477039399205,1778,0.5866384887837632,1.4160575472955537,2884,1.4604130228618915,1.459959972921056
TOI-2076_b,NIRISS_SOSS,obs10,SOSS_HDU4_ordem_2,jw05959010001_04102_00001-seg007_nis_x1dints.fits,seg007,4,165,60783.26313266779,TDB-MID,334.5497112805115,4.79568064132086,1778,0.5866384887837632,1.4160575472955537,2885,0.577802704279771,0.5776234580823661
TOI-2076_b,NIRISS_SOSS,obs10,SOSS_HDU4_ordem_2,jw05959010001_04102_00001-seg007_nis_x1dints.fits,seg007,4,166,60783.26320974079,TDB-MID,448.9967834133232,4.7958923499870965,1778,0.5866384887837632,1.4160575472955537,2886,0.7754648918277199,0.7752243267835423
TOI-2076_b,NIRISS_SOSS,obs10,SOSS_HDU4_ordem_2,jw05959010001_04102_00001-seg007_nis_x1dints.fits,seg007,4,167,60783.26328681378,TDB-MID,40.36284223437741,4.795221344711977,1778,0.5866384887837632,1.4160575472955537,2887,0.06971089380461702,0.06968926806188579
TOI-2076_b,NIRISS_SOSS,obs10,SOSS_HDU4_ordem_2,jw05959010001_04102_00001-seg007_nis_x1dints.fits,seg007,4,168,60783.263363886785,TDB-MID,511.3384333893377,4.795894558079213,1778,0.5866384887837632,1.4160575472955537,2888,0.883135509170448,0.8828615425021726
TOI-2076_b,NIRISS_SOSS,obs10,SOSS_HDU4_ordem_2,jw05959010001_04102_00001-seg007_nis_x1dints.fits,seg007,4,169,60783.26344095978,TDB-MID,650.4794855784885,4.795988192793879,1778,0.5866384887837632,1.4160575472955537,2889,1.1234468097646189,1.1230982936238232
TOI-2076_b,NIRISS_SOSS,obs10,SOSS_HDU4_ordem_2,jw05959010001_04102_00001-seg007_nis_x1dints.fits,seg007,4,170,60783.263518032785,TDB-MID,602.2177785319075,4.796049175882067,1778,0.5866384887837632,1.4160575472955537,2890,1.040093741731955,1.0397710834149045
TOI-2076_b,NIRISS_SOSS,obs10,SOSS_HDU4_ordem_2,jw05959010001_04102_00001-seg007_nis_x1dints.fits,seg007,4,171,60783.26359510578,TDB-MID,902.7463642722196,4.796450011674898,1778,0.5866384887837632,1.4160575472955537,2891,1.5591383670866883,1.558654690528136
TOI-2076_b,NIRISS_SOSS,obs10,SOSS_HDU4_ordem_2,jw05959010001_04102_00001-seg007_nis_x1dints.fits,seg007,4,172,60783.263672178786,TDB-MID,857.9337252257293,4.7963354718569615,1778,0.5866384887837632,1.4160575472955537,2892,1.4817422039638188,1.481282537275471
TOI-2076_b,NIRISS_SOSS,obs10,SOSS_HDU4_ordem_2,jw05959010001_04102_00001-seg007_nis_x1dints.fits,seg007,4,173,60783.26374925178,TDB-MID,555.3595874902746,4.796087205377873,1778,0.5866384887837632,1.4160575472955537,2893,0.959164694153695,0.9588671416797475
TOI-2076_b,NIRISS_SOSS,obs10,SOSS_HDU4_ordem_2,jw05959010001_04102_00001-seg007_nis_x1dints.fits,seg007,4,174,60783.263826324786,TDB-MID,601.8081309303483,4.79618645837204,1778,0.5866384887837632,1.4160575472955537,2894,1.0393862370353384,1.039063798200692
TOI-2076_b,NIRISS_SOSS,obs10,SOSS_HDU4_ordem_2,jw05959010001_04102_00001-seg007_nis_x1dints.fits,seg007,4,175,60783.26390339778,TDB-MID,576.3276582569588,4.7959011298929015,1778,0.5866384887837632,1.4160575472955537,2895,0.9953787681283733,0.9950699813091995
TOI-2076_b,NIRISS_SOSS,obs10,SOSS_HDU4_ordem_2,jw05959010001_04102_00001-seg007_nis_x1dints.fits,seg007,4,176,60783.26398047079,TDB-MID,480.0091857527649,4.7958642262918305,1778,0.5866384887837632,1.4160575472955537,2896,0.8290265878440021,0.8287694068680083
TOI-2076_b,NIRISS_SOSS,obs10,SOSS_HDU4_ordem_2,jw05959010001_04102_00001-seg007_nis_x1dints.fits,seg007,4,177,60783.26405754378,TDB-MID,327.8158953156488,4.795744762286305,1778,0.5866384887837632,1.4160575472955537,2897,0.5661726925253815,0.5659970541951038
TOI-2076_b,NIRISS_SOSS,obs10,SOSS_HDU4_ordem_2,jw05959010001_04102_00001-seg007_nis_x1dints.fits,seg007,4,178,60783.26413461678,TDB-MID,689.5720325599659,4.796054101200606,1778,0.5866384887837632,1.4160575472955537,2898,1.190963769431466,1.1905943081511081
TOI-2076_b,NIRISS_SOSS,obs10,SOSS_HDU4_ordem_2,jw05959010001_04102_00001-seg007_nis_x1dints.fits,seg007,4,179,60783.26421168978,TDB-MID,653.8261413275262,4.79606374516164,1778,0.5866384887837632,1.4160575472955537,2899,1.129226837894627,1.1288765286710791
TOI-2076_b,NIRISS_SOSS,obs10,SOSS_HDU4_ordem_2,jw05959010001_04102_00001-seg007_nis_x1dints.fits,seg007,4,180,60783.26428876278,TDB-MID,810.7340172509803,4.79626012058272,1778,0.5866384887837632,1.4160575472955537,2900,1.4002233205529213,1.3997889426867958
TOI-2076_b,NIRISS_SOSS,obs10,SOSS_HDU4_ordem_2,jw05959010001_04102_00001-seg007_nis_x1dints.fits,seg007,4,181,60783.26436583578,TDB-MID,444.9843469979036,4.79585708070498,1778,0.5866384887837632,1.4160575472955537,2901,0.7685349901317768,0.7682965748846114
TOI-2076_b,NIRISS_SOSS,obs10,SOSS_HDU4_ordem_2,jw05959010001_04102_00001-seg007_nis_x1dints.fits,seg007,4,182,60783.26444290878,TDB-MID,1042.6953974827034,4.798227650598183,1778,0.5866384887837632,1.4160575472955537,2902,1.8008451362865443,1.800286477352615
TOI-2076_b,NIRISS_SOSS,obs10,SOSS_HDU4_ordem_2,jw05959010001_04102_00001-seg007_nis_x1dints.fits,seg007,4,183,60783.26451998178,TDB-MID,529.4453136139857,4.795847713053714,1778,0.5866384887837632,1.4160575472955537,2903,0.9144080047282135,0.9141243366932423
TOI-2076_b,NIRISS_SOSS,obs10,SOSS_HDU4_ordem_2,jw05959010001_04102_00001-seg007_nis_x1dints.fits,seg007,4,184,60783.26459705478,TDB-MID,566.1421461711269,4.79593852904951,1778,0.5866384887837632,1.4160575472955537,2904,0.9777873124217106,0.9774839828313087
TOI-2076_b,NIRISS_SOSS,obs10,SOSS_HDU4_ordem_2,jw05959010001_04102_00001-seg007_nis_x1dints.fits,seg007,4,185,60783.26467412778,TDB-MID,598.9457948059223,4.79590917215279,1778,0.5866384887837632,1.4160575472955537,2905,1.0344426800765811,1.034121774834249
TOI-2076_b,NIRISS_SOSS,obs10,SOSS_HDU4_ordem_2,jw05959010001_04102_00001-seg007_nis_x1dints.fits,seg007,4,186,60783.26475120078,TDB-MID,737.8913586074699,4.7961323746108695,1778,0.5866384887837632,1.4160575472955537,2906,1.2744163515675013,1.274021001592091
TOI-2076_b,NIRISS_SOSS,obs10,SOSS_HDU4_ordem_2,jw05959010001_04102_00001-seg007_nis_x1dints.fits,seg007,4,187,60783.26482827378,TDB-MID,349.1830511407775,4.795687629553059,1778,0.5866384887837632,1.4160575472955537,2907,0.6030760285685408,0.6028889420698688
TOI-2076_b,NIRISS_SOSS,obs10,SOSS_HDU4_ordem_2,jw05959010001_04102_00001-seg007_nis_x1dints.fits,seg007,4,188,60783.26490534678,TDB-MID,649.4807264248582,4.796059126440998,1778,0.5866384887837632,1.4160575472955537,2908,1.1217218471643435,1.1213738661421697
TOI-2076_b,NIRISS_SOSS,obs10,SOSS_HDU4_ordem_2,jw05959010001_04102_00001-seg007_nis_x1dints.fits,seg007,4,189,60783.26498241978,TDB-MID,321.0435778032696,4.795921668145624,1778,0.5866384887837632,1.4160575472955537,2909,0.5544761845298539,0.5543041746951952
TOI-2076_b,NIRISS_SOSS,obs10,SOSS_HDU4_ordem_2,jw05959010001_04102_00001-seg007_nis_x1dints.fits,seg007,4,190,60783.26505949278,TDB-MID,369.7950162744414,4.795749615382502,1778,0.5866384887837632,1.4160575472955537,2910,0.6386750704842142,0.6384769404358195
TOI-2076_b,NIRISS_SOSS,obs10,SOSS_HDU4_ordem_2,jw05959010001_04102_00001-seg007_nis_x1dints.fits,seg007,4,191,60783.26513656577,TDB-MID,289.09239309721215,4.7955552889085125,1778,0.5866384887837632,1.4160575472955537,2911,0.49929311216240246,0.49913822124361196
TOI-2076_b,NIRISS_SOSS,obs10,SOSS_HDU4_ordem_2,jw05959010001_04102_00001-seg007_nis_x1dints.fits,seg007,4,192,60783.26521363878,TDB-MID,731.8439257780295,4.796214816558839,1778,0.5866384887837632,1.4160575472955537,2912,1.263971796020206,1.2635796861592008
TOI-2076_b,NIRISS_SOSS,obs10,SOSS_HDU4_ordem_2,jw05959010001_04102_00001-seg007_nis_x1dints.fits,seg007,4,193,60783.26529071177,TDB-MID,485.69539220733543,4.795774272588053,1778,0.5866384887837632,1.4160575472955537,2913,0.8388472672699937,0.8385870397187069
TOI-2076_b,NIRISS_SOSS,obs10,SOSS_HDU4_ordem_2,jw05959010001_04102_00001-seg007_nis_x1dints.fits,seg007,4,194,60783.26536778478,TDB-MID,364.35431373627443,4.79575619310262,1778,0.5866384887837632,1.4160575472955537,2914,0.6292784022650065,0.6290831872549701
TOI-2076_b,NIRISS_SOSS,obs10,SOSS_HDU4_ordem_2,jw05959010001_04102_00001-seg007_nis_x1dints.fits,seg007,4,195,60783.265444857774,TDB-MID,452.8184216181811,4.796991002728889,1778,0.5866384887837632,1.4160575472955537,2915,0.7820652648517884,0.7818226522371212
TOI-2076_b,NIRISS_SOSS,obs10,SOSS_HDU4_ordem_2,jw05959010001_04102_00001-seg007_nis_x1dints.fits,seg007,4,196,60783.26552193078,TDB-MID,495.0898095031785,4.795892125091363,1778,0.5866384887837632,1.4160575472955537,2916,0.855072418676923,0.8548071577523576
TOI-2076_b,NIRISS_SOSS,obs10,SOSS_HDU4_ordem_2,jw05959010001_04102_00001-seg007_nis_x1dints.fits,seg007,4,197,60783.265599003775,TDB-MID,492.5901109307049,4.795959567284288,1778,0.5866384887837632,1.4160575472955537,2917,0.8507551750914144,0.8504912534639659
TOI-2076_b,NIRISS_SOSS,obs10,SOSS_HDU4_ordem_2,jw05959010001_04102_00001-seg007_nis_x1dints.fits,seg007,4,198,60783.26567607678,TDB-MID,746.7135969766393,4.796172793905559,1778,0.5866384887837632,1.4160575472955537,2918,1.289653289504156,1.2892532127194645
TOI-2076_b,NIRISS_SOSS,obs10,SOSS_HDU4_ordem_2,jw05959010001_04102_00001-seg007_nis_x1dints.fits,seg007,4,199,60783.265753149775,TDB-MID,570.1356375968539,4.796009170002789,1778,0.5866384887837632,1.4160575472955537,2919,0.9846844941184791,0.9843790248814768
TOI-2076_b,NIRISS_SOSS,obs10,SOSS_HDU4_ordem_2,jw05959010001_04102_00001-seg007_nis_x1dints.fits,seg007,4,200,60783.26583022278,TDB-MID,677.9124722447223,4.796048800930165,1778,0.5866384887837632,1.4160575472955537,2920,1.170826476665393,1.1704632623844478
TOI-2076_b,NIRISS_SOSS,obs10,SOSS_HDU4_ordem_2,jw05959010001_04102_00001-seg007_nis_x1dints.fits,seg007,4,201,60783.265907295776,TDB-MID,494.99792468747546,4.795910986853108,1778,0.5866384887837632,1.4160575472955537,2921,0.8549137238904524,0.8546485121962503
TOI-2076_b,NIRISS_SOSS,obs10,SOSS_HDU4_ordem_2,jw05959010001_04102_00001-seg007_nis_x1dints.fits,seg007,4,202,60783.26598436878,TDB-MID,730.2457781252481,4.796160871511843,1778,0.5866384887837632,1.4160575472955537,2922,1.261211626142668,1.2608203725427205
TOI-2076_b,NIRISS_SOSS,obs10,SOSS_HDU4_ordem_2,jw05959010001_04102_00001-seg007_nis_x1dints.fits,seg007,4,203,60783.26606144177,TDB-MID,837.8481741443603,4.796379965265498,1778,0.5866384887837632,1.4160575472955537,2923,1.447052334744253,1.4466034295616925
TOI-2076_b,NIRISS_SOSS,obs10,SOSS_HDU4_ordem_2,jw05959010001_04102_00001-seg007_nis_x1dints.fits,seg007,4,204,60783.266138514766,TDB-MID,514.3021986064367,4.795916675362583,1778,0.5866384887837632,1.4160575472955537,2924,0.8882542448905762,0.8879786902859577
TOI-2076_b,NIRISS_SOSS,obs10,SOSS_HDU4_ordem_2,jw05959010001_04102_00001-seg007_nis_x1dints.fits,seg007,4,205,60783.26621558777,TDB-MID,393.37501718934004,4.795745863513728,1778,0.5866384887837632,1.4160575472955537,2925,0.6794002238355619,0.6791894600130035
TOI-2076_b,NIRISS_SOSS,obs10,SOSS_HDU4_ordem_2,jw05959010001_04102_00001-seg007_nis_x1dints.fits,seg007,4,206,60783.266292660766,TDB-MID,689.3981973820948,4.796258748497974,1778,0.5866384887837632,1.4160575472955537,2926,1.190663537709584,1.1902941695672369
TOI-2076_b,NIRISS_SOSS,obs10,SOSS_HDU4_ordem_2,jw05959010001_04102_00001-seg007_nis_x1dints.fits,seg007,4,207,60783.26636973377,TDB-MID,220.25148387746262,4.7956415374169445,1778,0.5866384887837632,1.4160575472955537,2927,0.3803975873090035,0.3802795802098292
TOI-2076_b,NIRISS_SOSS,obs10,SOSS_HDU4_ordem_2,jw05959010001_04102_00001-seg007_nis_x1dints.fits,seg007,4,208,60783.26644680677,TDB-MID,317.88690144759676,4.795663030651732,1778,0.5866384887837632,1.4160575472955537,2928,0.5490242708878946,0.5488539523481738
TOI-2076_b,NIRISS_SOSS,obs10,SOSS_HDU4_ordem_2,jw05959010001_04102_00001-seg007_nis_x1dints.fits,seg007,4,209,60783.26652387977,TDB-MID,626.6438109228601,4.7963791167800744,1778,0.5866384887837632,1.4160575472955537,2929,1.0822800808451993,1.0819443354643252
TOI-2076_b,NIRISS_SOSS,obs10,SOSS_HDU4_ordem_2,jw05959010001_04102_00001-seg007_nis_x1dints.fits,seg007,4,210,60783.26660095277,TDB-MID,786.970579343961,4.796192537834184,1778,0.5866384887837632,1.4160575472955537,2930,1.3591813521318297,1.3587597063223713
TOI-2076_b,NIRISS_SOSS,obs10,SOSS_HDU4_ordem_2,jw05959010001_04102_00001-seg007_nis_x1dints.fits,seg007,4,211,60783.26667802577,TDB-MID,684.8237369175316,4.796163257887216,1778,0.5866384887837632,1.4160575472955537,2931,1.1827629610899577,1.1823960438678052
TOI-2076_b,NIRISS_SOSS,obs10,SOSS_HDU4_ordem_2,jw05959010001_04102_00001-seg007_nis_x1dints.fits,seg007,4,212,60783.26675509877,TDB-MID,852.6663237004116,4.796382257276236,1778,0.5866384887837632,1.4160575472955537,2932,1.4726448449070537,1.47218800040525
TOI-2076_b,NIRISS_SOSS,obs10,SOSS_HDU4_ordem_2,jw05959010001_04102_00001-seg007_nis_x1dints.fits,seg007,4,213,60783.26683217177,TDB-MID,378.7191794206463,4.795589975802081,1778,0.5866384887837632,1.4160575472955537,2933,0.654088043281514,0.6538851318142299
TOI-2076_b,NIRISS_SOSS,obs10,SOSS_HDU4_ordem_2,jw05959010001_04102_00001-seg007_nis_x1dints.fits,seg007,4,214,60783.26690924477,TDB-MID,287.8657304010673,4.7957652767899885,1778,0.5866384887837632,1.4160575472955537,2934,0.4971745360609354,0.49702030236771216
TOI-2076_b,NIRISS_SOSS,obs10,SOSS_HDU4_ordem_2,jw05959010001_04102_00001-seg007_nis_x1dints.fits,seg007,4,215,60783.266986317765,TDB-MID,403.08390570409244,4.7957045875988955,1778,0.5866384887837632,1.4160575472955537,2935,0.6961685002686897,0.6959525345843793
TOI-2076_b,NIRISS_SOSS,obs10,SOSS_HDU4_ordem_2,jw05959010001_04102_00001-seg007_nis_x1dints.fits,seg007,4,216,60783.26706339076,TDB-MID,559.2256349322865,4.796357462127091,1778,0.5866384887837632,1.4160575472955537,2936,0.9658417666231893,0.9655421427850182
TOI-2076_b,NIRISS_SOSS,obs10,SOSS_HDU4_ordem_2,jw05959010001_04102_00001-seg007_nis_x1dints.fits,seg007,4,217,60783.267140463766,TDB-MID,683.9695038325102,4.79608876076758,1778,0.5866384887837632,1.4160575472955537,2937,1.1812876102826848,1.1809211507444788
TOI-2076_b,NIRISS_SOSS,obs10,SOSS_HDU4_ordem_2,jw05959010001_04102_00001-seg007_nis_x1dints.fits,seg007,4,218,60783.26721753676,TDB-MID,383.68128154268277,4.795725228198141,1778,0.5866384887837632,1.4160575472955537,2938,0.6626581180068845,0.6624525479274224
TOI-2076_b,NIRISS_SOSS,obs10,SOSS_HDU4_ordem_2,jw05959010001_04102_00001-seg007_nis_x1dints.fits,seg007,4,219,60783.26729460977,TDB-MID,681.56669426421,4.796159875272217,1778,0.5866384887837632,1.4160575472955537,2939,1.1771377042459432,1.1767725320933293
TOI-2076_b,NIRISS_SOSS,obs10,SOSS_HDU4_ordem_2,jw05959010001_04102_00001-seg007_nis_x1dints.fits,seg007,4,220,60783.26737168276,TDB-MID,730.0779646549248,4.796157710678348,1778,0.5866384887837632,1.4160575472955537,2940,1.2609217945460536,1.2605306308577855
TOI-2076_b,NIRISS_SOSS,obs10,SOSS_HDU4_ordem_2,jw05959010001_04102_00001-seg007_nis_x1dints.fits,seg007,4,221,60783.26744875576,TDB-MID,430.0658536604865,4.795777494250226,1778,0.5866384887837632,1.4160575472955537,2941,0.7427691756549211,0.7425387534895356
TOI-2076_b,NIRISS_SOSS,obs10,SOSS_HDU4_ordem_2,jw05959010001_04102_00001-seg007_nis_x1dints.fits,seg007,4,222,60783.26752582876,TDB-MID,511.23238455758656,4.795851720106566,1778,0.5866384887837632,1.4160575472955537,2942,0.8829523516315071,0.8826784417824404
TOI-2076_b,NIRISS_SOSS,obs10,SOSS_HDU4_ordem_2,jw05959010001_04102_00001-seg007_nis_x1dints.fits,seg007,4,223,60783.26760290176,TDB-MID,910.6859991337141,4.796459922677112,1778,0.5866384887837632,1.4160575472955537,2943,1.5728509554981573,1.5723630250146734
TOI-2076_b,NIRISS_SOSS,obs10,SOSS_HDU4_ordem_2,jw05959010001_04102_00001-seg007_nis_x1dints.fits,seg007,4,224,60783.267679974764,TDB-MID,862.9822424096753,4.79638054243061,1778,0.5866384887837632,1.4160575472955537,2944,1.490461526632853,1.4899991550325673
TOI-2076_b,NIRISS_SOSS,obs10,SOSS_HDU4_ordem_2,jw05959010001_04102_00001-seg007_nis_x1dints.fits,seg007,4,225,60783.26775704776,TDB-MID,794.2102813756974,4.796212624955344,1778,0.5866384887837632,1.4160575472955537,2945,1.3716850825822486,1.3712595578602826
TOI-2076_b,NIRISS_SOSS,obs10,SOSS_HDU4_ordem_2,jw05959010001_04102_00001-seg007_nis_x1dints.fits,seg007,4,226,60783.267834120765,TDB-MID,772.9198902856878,4.81121772259817,1778,0.5866384887837632,1.4160575472955537,2946,1.334914327348606,1.3345002096657599
TOI-2076_b,NIRISS_SOSS,obs10,SOSS_HDU4_ordem_2,jw05959010001_04102_00001-seg007_nis_x1dints.fits,seg007,4,227,60783.267911193754,TDB-MID,408.26184902412075,4.795793864954,1778,0.5866384887837632,1.4160575472955537,2947,0.7051113555515961,0.7048926156109668
TOI-2076_b,NIRISS_SOSS,obs10,SOSS_HDU4_ordem_2,jw05959010001_04102_00001-seg007_nis_x1dints.fits,seg007,4,228,60783.26798826676,TDB-MID,498.9477608440842,4.795924028011613,1778,0.5866384887837632,1.4160575472955537,2948,0.8617355083242669,0.8614681803732349
TOI-2076_b,NIRISS_SOSS,obs10,SOSS_HDU4_ordem_2,jw05959010001_04102_00001-seg007_nis_x1dints.fits,seg007,4,229,60783.268065339755,TDB-MID,686.1522393827187,4.796135586548814,1778,0.5866384887837632,1.4160575472955537,2949,1.185057425234283,1.1846897962225003
TOI-2076_b,NIRISS_SOSS,obs10,SOSS_HDU4_ordem_2,jw05959010001_04102_00001-seg007_nis_x1dints.fits,seg007,4,230,60783.26814241276,TDB-MID,161.87650508955798,4.795715643513303,1778,0.5866384887837632,1.4160575472955537,2950,0.2795778302785021,0.27949109952666423
TOI-2076_b,NIRISS_SOSS,obs10,SOSS_HDU4_ordem_2,jw05959010001_04102_00001-seg007_nis_x1dints.fits,seg007,4,231,60783.268219485755,TDB-MID,496.9773815267831,4.7966618059098165,1778,0.5866384887837632,1.4160575472955537,2951,0.8583324550272372,0.8580661827728271
TOI-2076_b,NIRISS_SOSS,obs10,SOSS_HDU4_ordem_2,jw05959010001_04102_00001-seg007_nis_x1dints.fits,seg007,4,232,60783.26829655875,TDB-MID,553.3152974778274,4.7959413717771255,1778,0.5866384887837632,1.4160575472955537,2952,0.955633989275777,0.9553375320985784
TOI-2076_b,NIRISS_SOSS,obs10,SOSS_HDU4_ordem_2,jw05959010001_04102_00001-seg007_nis_x1dints.fits,seg007,4,233,60783.268373631756,TDB-MID,736.8715927665914,4.796246932536436,1778,0.5866384887837632,1.4160575472955537,2953,1.2726551081985071,1.272260304596754
TOI-2076_b,NIRISS_SOSS,obs10,SOSS_HDU4_ordem_2,jw05959010001_04102_00001-seg007_nis_x1dints.fits,seg007,4,234,60783.26845070475,TDB-MID,499.6126474838611,4.795770987732176,1778,0.5866384887837632,1.4160575472955537,2954,0.8628838378117806,0.862616153625493
TOI-2076_b,NIRISS_SOSS,obs10,SOSS_HDU4_ordem_2,jw05959010001_04102_00001-seg007_nis_x1dints.fits,seg007,4,235,60783.26852777776,TDB-MID,842.7920670204621,4.796337959301619,1778,0.5866384887837632,1.4160575472955537,2955,1.455590960177667,1.4551394061391412
TOI-2076_b,NIRISS_SOSS,obs10,SOSS_HDU4_ordem_2,jw05959010001_04102_00001-seg007_nis_x1dints.fits,seg007,4,236,60783.26860485075,TDB-MID,620.0115660659483,4.796035646464987,1778,0.5866384887837632,1.4160575472955537,2956,1.070825493127573,1.0704933011937074
TOI-2076_b,NIRISS_SOSS,obs10,SOSS_HDU4_ordem_2,jw05959010001_04102_00001-seg007_nis_x1dints.fits,seg007,4,237,60783.26868192376,TDB-MID,595.6729397379843,4.796057456172402,1778,0.5866384887837632,1.4160575472955537,2957,1.0287901135215776,1.0284709618208143
TOI-2076_b,NIRISS_SOSS,obs10,SOSS_HDU4_ordem_2,jw05959010001_04102_00001-seg007_nis_x1dints.fits,seg007,4,238,60783.26875899675,TDB-MID,557.8295986777905,4.796356110981941,1778,0.5866384887837632,1.4160575472955537,2958,0.9634306644882242,0.9631317886231692
TOI-2076_b,NIRISS_SOSS,obs10,SOSS_HDU4_ordem_2,jw05959010001_04102_00001-seg007_nis_x1dints.fits,seg007,4,239,60783.26883606976,TDB-MID,833.498186555543,4.7964599700230455,1778,0.5866384887837632,1.4160575472955537,2959,1.4395394465017801,1.439092871970563
TOI-2076_b,NIRISS_SOSS,obs10,SOSS_HDU4_ordem_2,jw05959010001_04102_00001-seg007_nis_x1dints.fits,seg007,4,240,60783.26891314275,TDB-MID,669.0855915952116,4.796175440235809,1778,0.5866384887837632,1.4160575472955537,2960,1.1555815210200249,1.1552230360356177
TOI-2076_b,NIRISS_SOSS,obs10,SOSS_HDU4_ordem_2,jw05959010001_04102_00001-seg007_nis_x1dints.fits,seg007,4,241,60783.26899021574,TDB-MID,628.1007083476152,4.797618807545098,1778,0.5866384887837632,1.4160575472955537,2961,1.0847962966525893,1.0844597706901913
TOI-2076_b,NIRISS_SOSS,obs10,SOSS_HDU4_ordem_2,jw05959010001_04102_00001-seg007_nis_x1dints.fits,seg007,4,242,60783.26906728875,TDB-MID,655.4784326050711,4.799879617347559,1778,0.5866384887837632,1.4160575472955537,2962,1.132080519533655,1.1317293250397915
TOI-2076_b,NIRISS_SOSS,obs10,SOSS_HDU4_ordem_2,jw05959010001_04102_00001-seg007_nis_x1dints.fits,seg007,4,243,60783.269144361744,TDB-MID,453.1114126227425,4.795878864563681,1778,0.5866384887837632,1.4160575472955537,2963,0.7825712912779277,0.7823285216835302
TOI-2076_b,NIRISS_SOSS,obs10,SOSS_HDU4_ordem_2,jw05959010001_04102_00001-seg007_nis_x1dints.fits,seg007,4,244,60783.26922143475,TDB-MID,517.9159677245734,4.795850371793101,1778,0.5866384887837632,1.4160575472955537,2964,0.8944956060357105,0.8942181152334183
TOI-2076_b,NIRISS_SOSS,obs10,SOSS_HDU4_ordem_2,jw05959010001_04102_00001-seg007_nis_x1dints.fits,seg007,4,245,60783.269298507745,TDB-MID,769.309669995972,4.796186417901645,1778,0.5866384887837632,1.4160575472955537,2965,1.32867909540517,1.3282669120185941
TOI-2076_b,NIRISS_SOSS,obs10,SOSS_HDU4_ordem_2,jw05959010001_04102_00001-seg007_nis_x1dints.fits,seg007,4,246,60783.26937558075,TDB-MID,564.7809865963198,4.795952485001459,1778,0.5866384887837632,1.4160575472955537,2966,0.9754364459980944,0.975133845694461
TOI-2076_b,NIRISS_SOSS,obs10,SOSS_HDU4_ordem_2,jw05959010001_04102_00001-seg007_nis_x1dints.fits,seg007,4,247,60783.269452653745,TDB-MID,846.4812491089795,4.7962774572777445,1778,0.5866384887837632,1.4160575472955537,2967,1.4619625674917698,1.4615090368505488
TOI-2076_b,NIRISS_SOSS,obs10,SOSS_HDU4_ordem_2,jw05959010001_04102_00001-seg007_nis_x1dints.fits,seg007,4,248,60783.26952972675,TDB-MID,419.53705618152975,4.79577170878173,1778,0.5866384887837632,1.4160575472955537,2968,0.7245848297983069,0.7243600487883244
TOI-2076_b,NIRISS_SOSS,obs10,SOSS_HDU4_ordem_2,jw05959010001_04102_00001-seg007_nis_x1dints.fits,seg007,4,249,60783.269606799746,TDB-MID,861.6205007248363,4.796319144927717,1778,0.5866384887837632,1.4160575472955537,2969,1.4881096548436983,1.4876480128420662
TOI-2076_b,NIRISS_SOSS,obs10,SOSS_HDU4_ordem_2,jw05959010001_04102_00001-seg007_nis_x1dints.fits,seg007,4,250,60783.26968387274,TDB-MID,989.1345967406038,4.796485463577606,1778,0.5866384887837632,1.4160575472955537,2970,1.708339973470169,1.7078100115266697
TOI-2076_b,NIRISS_SOSS,obs10,SOSS_HDU4_ordem_2,jw05959010001_04102_00001-seg007_nis_x1dints.fits,seg007,4,251,60783.26976094574,TDB-MID,759.4379234739333,4.796130854262505,1778,0.5866384887837632,1.4160575472955537,2971,1.3116295459837517,1.3112226517155525
TOI-2076_b,NIRISS_SOSS,obs10,SOSS_HDU4_ordem_2,jw05959010001_04102_00001-seg007_nis_x1dints.fits,seg007,4,252,60783.269838018736,TDB-MID,605.1727992399153,4.796000713721594,1778,0.5866384887837632,1.4160575472955537,2972,1.0451973747608234,1.0448731331925931
TOI-2076_b,NIRISS_SOSS,obs10,SOSS_HDU4_ordem_2,jw05959010001_04102_00001-seg007_nis_x1dints.fits,seg007,4,253,60783.26991509174,TDB-MID,875.9986653610781,4.79628859973936,1778,0.5866384887837632,1.4160575472955537,2973,1.5129422645554262,1.512472918971188
TOI-2076_b,NIRISS_SOSS,obs10,SOSS_HDU4_ordem_2,jw05959010001_04102_00001-seg007_nis_x1dints.fits,seg007,4,254,60783.269992164736,TDB-MID,747.9280717134728,4.796291094040989,1778,0.5866384887837632,1.4160575472955537,2974,1.291750815711953,1.2913500882318012
TOI-2076_b,NIRISS_SOSS,obs10,SOSS_HDU4_ordem_2,jw05959010001_04102_00001-seg007_nis_x1dints.fits,seg007,4,255,60783.27006923774,TDB-MID,495.44337878380463,4.796065787546558,1778,0.5866384887837632,1.4160575472955537,2975,0.855683070187319,0.8554176198261859
TOI-2076_b,NIRISS_SOSS,obs10,SOSS_HDU4_ordem_2,jw05959010001_04102_00001-seg007_nis_x1dints.fits,seg007,4,256,60783.27014631074,TDB-MID,736.9739319732573,4.796125120370948,1778,0.5866384887837632,1.4160575472955537,2976,1.2728318588229184,1.2724370003895122
TOI-2076_b,NIRISS_SOSS,obs10,SOSS_HDU4_ordem_2,jw05959010001_04102_00001-seg007_nis_x1dints.fits,seg007,4,257,60783.27022338373,TDB-MID,461.32153882502087,4.795825311123674,1778,0.5866384887837632,1.4160575472955537,2977,0.7967510468185837,0.7965038783744716
TOI-2076_b,NIRISS_SOSS,obs10,SOSS_HDU4_ordem_2,jw05959010001_04102_00001-seg007_nis_x1dints.fits,seg007,4,258,60783.27030045674,TDB-MID,709.6478978850565,4.796226840288454,1778,0.5866384887837632,1.4160575472955537,2978,1.2256369103264155,1.225256692729738
TOI-2076_b,NIRISS_SOSS,obs10,SOSS_HDU4_ordem_2,jw05959010001_04102_00001-seg007_nis_x1dints.fits,seg007,4,259,60783.270377529734,TDB-MID,544.8919870528616,4.795927842986885,1778,0.5866384887837632,1.4160575472955537,2979,0.9410860420547067,0.9407940979478002
TOI-2076_b,NIRISS_SOSS,obs10,SOSS_HDU4_ordem_2,jw05959010001_04102_00001-seg007_nis_x1dints.fits,seg007,4,260,60783.27045460274,TDB-MID,492.11022279815427,4.79674170013635,1778,0.5866384887837632,1.4160575472955537,2980,0.8499263575752426,0.8496626930639117
TOI-2076_b,NIRISS_SOSS,obs10,SOSS_HDU4_ordem_2,jw05959010001_04102_00001-seg007_nis_x1dints.fits,seg007,4,261,60783.270531675735,TDB-MID,871.5413721737793,4.796371663278339,1778,0.5866384887837632,1.4160575472955537,2981,1.5052440482050629,1.5047770907647313
TOI-2076_b,NIRISS_SOSS,obs10,SOSS_HDU4_ordem_2,jw05959010001_04102_00001-seg007_nis_x1dints.fits,seg007,4,262,60783.27060874874,TDB-MID,608.6396387830598,4.795996330736472,1778,0.5866384887837632,1.4160575472955537,2982,1.0511849730034455,1.0508588739599756
TOI-2076_b,NIRISS_SOSS,obs10,SOSS_HDU4_ordem_2,jw05959010001_04102_00001-seg007_nis_x1dints.fits,seg007,4,263,60783.270685821735,TDB-MID,520.1782743092158,4.795889008230385,1778,0.5866384887837632,1.4160575472955537,2983,0.8984028485722921,0.8981241456635805
TOI-2076_b,NIRISS_SOSS,obs10,SOSS_HDU4_ordem_2,jw05959010001_04102_00001-seg007_nis_x1dints.fits,seg007,4,264,60783.270762894725,TDB-MID,356.86872777886845,4.795739741451648,1778,0.5866384887837632,1.4160575472955537,2984,0.6163500042916443,0.6161587999346528
TOI-2076_b,NIRISS_SOSS,obs10,SOSS_HDU4_ordem_2,jw05959010001_04102_00001-seg007_nis_x1dints.fits,seg007,4,265,60783.27083996773,TDB-MID,480.0129837548185,4.795822065824056,1778,0.5866384887837632,1.4160575472955537,2985,0.8290331473948952,0.8287759643839947
TOI-2076_b,NIRISS_SOSS,obs10,SOSS_HDU4_ordem_2,jw05959010001_04102_00001-seg007_nis_x1dints.fits,seg007,4,266,60783.270917040725,TDB-MID,423.6822777922214,4.7958685724563415,1778,0.5866384887837632,1.4160575472955537,2986,0.7317440655583053,0.7315170636072008
TOI-2076_b,NIRISS_SOSS,obs10,SOSS_HDU4_ordem_2,jw05959010001_04102_00001-seg007_nis_x1dints.fits,seg007,4,267,60783.27099411373,TDB-MID,837.0248841168885,4.7962314050701025,1778,0.5866384887837632,1.4160575472955537,2987,1.4456304258672166,1.4451819617898245
TOI-2076_b,NIRISS_SOSS,obs10,SOSS_HDU4_ordem_2,jw05959010001_04102_00001-seg007_nis_x1dints.fits,seg007,4,268,60783.271071186726,TDB-MID,251.00234810321467,4.795565331357189,1778,0.5866384887837632,1.4160575472955537,2988,0.4335075793654057,0.4333730964622073
TOI-2076_b,NIRISS_SOSS,obs10,SOSS_HDU4_ordem_2,jw05959010001_04102_00001-seg007_nis_x1dints.fits,seg007,4,269,60783.27114825973,TDB-MID,489.5201715722891,4.795955432623998,1778,0.5866384887837632,1.4160575472955537,2989,0.8454530654094836,0.8451907886047257
TOI-2076_b,NIRISS_SOSS,obs10,SOSS_HDU4_ordem_2,jw05959010001_04102_00001-seg007_nis_x1dints.fits,seg007,4,270,60783.271225332726,TDB-MID,316.322694926459,4.795638687750498,1778,0.5866384887837632,1.4160575472955537,2990,0.5463227209313692,0.5461532404676097
TOI-2076_b,NIRISS_SOSS,obs10,SOSS_HDU4_ordem_2,jw05959010001_04102_00001-seg007_nis_x1dints.fits,seg007,4,271,60783.27130240572,TDB-MID,624.113940622832,4.796050605001686,1778,0.5866384887837632,1.4160575472955537,2991,1.077910727497865,1.07757633757962
TOI-2076_b,NIRISS_SOSS,obs10,SOSS_HDU4_ordem_2,jw05959010001_04102_00001-seg007_nis_x1dints.fits,seg007,4,272,60783.27137947873,TDB-MID,304.84652878180043,4.7957044936144975,1778,0.5866384887837632,1.4160575472955537,2992,0.5265021692777234,0.5263388375538158
TOI-2076_b,NIRISS_SOSS,obs10,SOSS_HDU4_ordem_2,jw05959010001_04102_00001-seg007_nis_x1dints.fits,seg007,4,273,60783.27145655172,TDB-MID,313.62864106209776,4.795714339096898,1778,0.5866384887837632,1.4160575472955537,2993,0.5416698052186484,0.541501768184354
TOI-2076_b,NIRISS_SOSS,obs10,SOSS_HDU4_ordem_2,jw05959010001_04102_00001-seg007_nis_x1dints.fits,seg007,4,274,60783.27153362473,TDB-MID,649.0854765197364,4.796055796503617,1778,0.5866384887837632,1.4160575472955537,2994,1.1210392088109236,1.1206914395571062
TOI-2076_b,NIRISS_SOSS,obs10,SOSS_HDU4_ordem_2,jw05959010001_04102_00001-seg007_nis_x1dints.fits,seg007,4,275,60783.27161069772,TDB-MID,435.00864627936903,4.7958850767818815,1778,0.5866384887837632,1.4160575472955537,2995,0.7513059008278499,0.7510728303959988
TOI-2076_b,NIRISS_SOSS,obs10,SOSS_HDU4_ordem_2,jw05959010001_04102_00001-seg007_nis_x1dints.fits,seg007,4,276,60783.27168777072,TDB-MID,619.21395102049,4.7960425497210295,1778,0.5866384887837632,1.4160575472955537,2996,1.069447927657628,1.0691161630727009
TOI-2076_b,NIRISS_SOSS,obs10,SOSS_HDU4_ordem_2,jw05959010001_04102_00001-seg007_nis_x1dints.fits,seg007,4,277,60783.27176484372,TDB-MID,663.4920260395452,4.7962784692363964,1778,0.5866384887837632,1.4160575472955537,2997,1.14592084221609,1.1455653541715156
TOI-2076_b,NIRISS_SOSS,obs10,SOSS_HDU4_ordem_2,jw05959010001_04102_00001-seg007_nis_x1dints.fits,seg007,4,278,60783.271841916714,TDB-MID,428.361140467782,4.795737967472858,1778,0.5866384887837632,1.4160575472955537,2998,0.7398249558288271,0.7395954470205518
TOI-2076_b,NIRISS_SOSS,obs10,SOSS_HDU4_ordem_2,jw05959010001_04102_00001-seg007_nis_x1dints.fits,seg007,4,279,60783.27191898972,TDB-MID,367.0611740206435,4.795713913646419,1778,0.5866384887837632,1.4160575472955537,2999,0.6339534360183746,0.6337567707174053
TOI-2076_b,NIRISS_SOSS,obs10,SOSS_HDU4_ordem_2,jw05959010001_04102_00001-seg007_nis_x1dints.fits,seg007,4,280,60783.271996062715,TDB-MID,818.9210323757916,4.796599844300508,1778,0.5866384887837632,1.4160575472955537,3000,1.414363160820573,1.4139243964872654
TOI-2076_b,NIRISS_SOSS,obs10,SOSS_HDU4_ordem_2,jw05959010001_04102_00001-seg007_nis_x1dints.fits,seg007,4,281,60783.27207313572,TDB-MID,625.1111253283202,4.795951957863237,1778,0.5866384887837632,1.4160575472955537,3001,1.0796329708598218,1.0792980466665183
TOI-2076_b,NIRISS_SOSS,obs10,SOSS_HDU4_ordem_2,jw05959010001_04102_00001-seg007_nis_x1dints.fits,seg007,4,282,60783.272150208715,TDB-MID,507.05449571280275,4.79586491602172,1778,0.5866384887837632,1.4160575472955537,3002,0.8757366961061843,0.8754650247008028
TOI-2076_b,NIRISS_SOSS,obs10,SOSS_HDU4_ordem_2,jw05959010001_04102_00001-seg007_nis_x1dints.fits,seg007,4,283,60783.27222728171,TDB-MID,436.248243109497,4.795782916698629,1778,0.5866384887837632,1.4160575472955537,3003,0.7534468155454956,0.7532130809581824
TOI-2076_b,NIRISS_SOSS,obs10,SOSS_HDU4_ordem_2,jw05959010001_04102_00001-seg007_nis_x1dints.fits,seg007,4,284,60783.272304354716,TDB-MID,709.3558973217259,4.796125085326921,1778,0.5866384887837632,1.4160575472955537,3004,1.2251325944969447,1.2247525333493354
TOI-2076_b,NIRISS_SOSS,obs10,SOSS_HDU4_ordem_2,jw05959010001_04102_00001-seg007_nis_x1dints.fits,seg007,4,285,60783.27238142771,TDB-MID,705.0482564743937,4.796580048055942,1778,0.5866384887837632,1.4160575472955537,3005,1.2176928435519272,1.2173150903669783
TOI-2076_b,NIRISS_SOSS,obs10,SOSS_HDU4_ordem_2,jw05959010001_04102_00001-seg007_nis_x1dints.fits,seg007,4,286,60783.272458500716,TDB-MID,359.93330729961184,4.795713171058144,1778,0.5866384887837632,1.4160575472955537,3006,0.6216428569675243,0.6214500106595545
TOI-2076_b,NIRISS_SOSS,obs10,SOSS_HDU4_ordem_2,jw05959010001_04102_00001-seg007_nis_x1dints.fits,seg007,4,287,60783.27253557371,TDB-MID,1080.1698924710554,4.79655247784565,1778,0.5866384887837632,1.4160575472955537,3007,1.8655675491767265,1.8649888120287088
TOI-2076_b,NIRISS_SOSS,obs10,SOSS_HDU4_ordem_2,jw05959010001_04102_00001-seg007_nis_x1dints.fits,seg007,4,288,60783.2726126467,TDB-MID,108.94762324444373,4.79538110968723,1778,0.5866384887837632,1.4160575472955537,3008,0.18816405817403636,0.18810568584094386
TOI-2076_b,NIRISS_SOSS,obs10,SOSS_HDU4_ordem_2,jw05959010001_04102_00001-seg007_nis_x1dints.fits,seg007,4,289,60783.272689719706,TDB-MID,342.43309427397554,4.795654083607786,1778,0.5866384887837632,1.4160575472955537,3009,0.5914181397708433,0.5912346697873265
TOI-2076_b,NIRISS_SOSS,obs10,SOSS_HDU4_ordem_2,jw05959010001_04102_00001-seg007_nis_x1dints.fits,seg007,4,290,60783.2727667927,TDB-MID,643.4308331651969,4.7961826962602085,1778,0.5866384887837632,1.4160575472955537,3010,1.1112730421940555,1.1109283026045444
TOI-2076_b,NIRISS_SOSS,obs10,SOSS_HDU4_ordem_2,jw05959010001_04102_00001-seg007_nis_x1dints.fits,seg007,4,291,60783.27284386571,TDB-MID,657.1186730524704,4.79613900391028,1778,0.5866384887837632,1.4160575472955537,3011,1.1349133881155733,1.1345613148080294
TOI-2076_b,NIRISS_SOSS,obs10,SOSS_HDU4_ordem_2,jw05959010001_04102_00001-seg007_nis_x1dints.fits,seg007,4,292,60783.2729209387,TDB-MID,615.3665570294821,4.79596256363943,1778,0.5866384887837632,1.4160575472955537,3012,1.0628030716691854,1.0624733684542715
TOI-2076_b,NIRISS_SOSS,obs10,SOSS_HDU4_ordem_2,jw05959010001_04102_00001-seg007_nis_x1dints.fits,seg007,4,293,60783.2729980117,TDB-MID,1027.46160766895,4.796593676249115,1778,0.5866384887837632,1.4160575472955537,3013,1.774534771476706,1.7739842745551895
TOI-2076_b,NIRISS_SOSS,obs10,SOSS_HDU4_ordem_2,jw05959010001_04102_00001-seg007_nis_x1dints.fits,seg007,4,294,60783.273075084704,TDB-MID,619.852476369055,4.796113941785111,1778,0.5866384887837632,1.4160575472955537,3014,1.07055072840954,1.0702186217133007
TOI-2076_b,NIRISS_SOSS,obs10,SOSS_HDU4_ordem_2,jw05959010001_04102_00001-seg007_nis_x1dints.fits,seg007,4,295,60783.2731521577,TDB-MID,668.4533534427753,4.796066855370889,1778,0.5866384887837632,1.4160575472955537,3015,1.154489578920215,1.1541314326785441
TOI-2076_b,NIRISS_SOSS,obs10,SOSS_HDU4_ordem_2,jw05959010001_04102_00001-seg007_nis_x1dints.fits,seg007,4,296,60783.273229230705,TDB-MID,658.026951288642,4.796157455491764,1778,0.5866384887837632,1.4160575472955537,3016,1.13648208061,1.1361295206620121
TOI-2076_b,NIRISS_SOSS,obs10,SOSS_HDU4_ordem_2,jw05959010001_04102_00001-seg007_nis_x1dints.fits,seg007,4,297,60783.2733063037,TDB-MID,434.649588234945,4.795736500554913,1778,0.5866384887837632,1.4160575472955537,3017,0.7506857696423602,0.7504528915878657
TOI-2076_b,NIRISS_SOSS,obs10,SOSS_HDU4_ordem_2,jw05959010001_04102_00001-seg007_nis_x1dints.fits,seg007,4,298,60783.2733833767,TDB-MID,601.7932708316067,4.796011949478165,1778,0.5866384887837632,1.4160575472955537,3018,1.0393605720744994,1.0390381412016478
TOI-2076_b,NIRISS_SOSS,obs10,SOSS_HDU4_ordem_2,jw05959010001_04102_00001-seg007_nis_x1dints.fits,seg007,4,299,60783.2734604497,TDB-MID,630.6367752478347,4.7967900527076415,1778,0.5866384887837632,1.4160575472955537,3019,1.0891763521832682,1.0888384674382054
TOI-2076_b,NIRISS_SOSS,obs10,SOSS_HDU4_ordem_2,jw05959010001_04102_00001-seg007_nis_x1dints.fits,seg007,4,300,60783.27353752269,TDB-MID,369.1769175158609,4.79758040431945,1778,0.5866384887837632,1.4160575472955537,3020,0.6376075486117463,0.6374097497304347
TOI-2076_b,NIRISS_SOSS,obs10,SOSS_HDU4_ordem_2,jw05959010001_04102_00001-seg007_nis_x1dints.fits,seg007,4,301,60783.273614595695,TDB-MID,641.8333302265255,4.7960804962374946,1778,0.5866384887837632,1.4160575472955537,3021,1.1085139858059145,1.108170102132034
TOI-2076_b,NIRISS_SOSS,obs10,SOSS_HDU4_ordem_2,jw05959010001_04102_00001-seg007_nis_x1dints.fits,seg007,4,302,60783.27369166869,TDB-MID,689.133091075732,4.797454017263341,1778,0.5866384887837632,1.4160575472955537,3022,1.1902056711038955,1.1898364450011187
TOI-2076_b,NIRISS_SOSS,obs10,SOSS_HDU4_ordem_2,jw05959010001_04102_00001-seg007_nis_x1dints.fits,seg007,4,303,60783.27376874169,TDB-MID,666.0886736650303,4.796213079981656,1778,0.5866384887837632,1.4160575472955537,3023,1.1504055270610545,1.1500486477756655
TOI-2076_b,NIRISS_SOSS,obs10,SOSS_HDU4_ordem_2,jw05959010001_04102_00001-seg007_nis_x1dints.fits,seg007,4,304,60783.27384581469,TDB-MID,674.8835419385575,4.7960771186813576,1778,0.5866384887837632,1.4160575472955537,3024,1.1655951939502527,1.1652336025200267
TOI-2076_b,NIRISS_SOSS,obs10,SOSS_HDU4_ordem_2,jw05959010001_04102_00001-seg007_nis_x1dints.fits,seg007,4,305,60783.27392288769,TDB-MID,611.956906767875,4.795997522807583,1778,0.5866384887837632,1.4160575472955537,3025,1.0569142453591458,1.0565863689784012
TOI-2076_b,NIRISS_SOSS,obs10,SOSS_HDU4_ordem_2,jw05959010001_04102_00001-seg007_nis_x1dints.fits,seg007,4,306,60783.27399996069,TDB-MID,668.393109145962,4.796093379719871,1778,0.5866384887837632,1.4160575472955537,3026,1.1543855306534179,1.154027416689644
TOI-2076_b,NIRISS_SOSS,obs10,SOSS_HDU4_ordem_2,jw05959010001_04102_00001-seg007_nis_x1dints.fits,seg007,4,307,60783.27407703369,TDB-MID,658.7336684014432,4.796538386617124,1778,0.5866384887837632,1.4160575472955537,3027,1.1377026557447816,1.137349717149463
TOI-2076_b,NIRISS_SOSS,obs10,SOSS_HDU4_ordem_2,jw05959010001_04102_00001-seg007_nis_x1dints.fits,seg007,4,308,60783.274154106686,TDB-MID,913.2345031196076,4.7963840460641745,1778,0.5866384887837632,1.4160575472955537,3028,1.5772524911900605,1.576763195260327
TOI-2076_b,NIRISS_SOSS,obs10,SOSS_HDU4_ordem_2,jw05959010001_04102_00001-seg007_nis_x1dints.fits,seg007,4,309,60783.27423117969,TDB-MID,1003.0593467176302,4.7972011719680125,1778,0.5866384887837632,1.4160575472955537,3029,1.7323894881517086,1.7318520655576721
TOI-2076_b,NIRISS_SOSS,obs10,SOSS_HDU4_ordem_2,jw05959010001_04102_00001-seg007_nis_x1dints.fits,seg007,4,310,60783.27430825269,TDB-MID,556.4070487242782,4.796006684077283,1778,0.5866384887837632,1.4160575472955537,3030,0.9609737703932737,0.9606756567069359
TOI-2076_b,NIRISS_SOSS,obs10,SOSS_HDU4_ordem_2,jw05959010001_04102_00001-seg007_nis_x1dints.fits,seg007,4,311,60783.27438532568,TDB-MID,635.39187515935,4.7959993039228666,1778,0.5866384887837632,1.4160575472955537,3031,1.0973889122165073,1.0970484797676245
TOI-2076_b,NIRISS_SOSS,obs10,SOSS_HDU4_ordem_2,jw05959010001_04102_00001-seg007_nis_x1dints.fits,seg007,4,312,60783.27446239868,TDB-MID,832.8446925504545,4.796257075809409,1778,0.5866384887837632,1.4160575472955537,3032,1.4384107932982682,1.4379645688983214
TOI-2076_b,NIRISS_SOSS,obs10,SOSS_HDU4_ordem_2,jw05959010001_04102_00001-seg007_nis_x1dints.fits,seg007,4,313,60783.27453947168,TDB-MID,672.406187863336,4.796088677114192,1778,0.5866384887837632,1.4160575472955537,3033,1.16131654167271,1.1609562775677893
TOI-2076_b,NIRISS_SOSS,obs10,SOSS_HDU4_ordem_2,jw05959010001_04102_00001-seg007_nis_x1dints.fits,seg007,4,314,60783.27461654468,TDB-MID,657.3660123411302,4.796108335581246,1778,0.5866384887837632,1.4160575472955537,3034,1.135340569204193,1.1349883633763524
TOI-2076_b,NIRISS_SOSS,obs10,SOSS_HDU4_ordem_2,jw05959010001_04102_00001-seg007_nis_x1dints.fits,seg007,4,315,60783.27469361768,TDB-MID,467.8883490276271,4.795787928292833,1778,0.5866384887837632,1.4160575472955537,3035,0.8080926219735429,0.8078419351412267
TOI-2076_b,NIRISS_SOSS,obs10,SOSS_HDU4_ordem_2,jw05959010001_04102_00001-seg007_nis_x1dints.fits,seg007,4,316,60783.274770690674,TDB-MID,836.4805615658883,4.796285589872121,1778,0.5866384887837632,1.4160575472955537,3036,1.4446903233013988,1.4442421508630192
TOI-2076_b,NIRISS_SOSS,obs10,SOSS_HDU4_ordem_2,jw05959010001_04102_00001-seg007_nis_x1dints.fits,seg007,4,317,60783.27484776368,TDB-MID,237.6967416071143,4.795565017704348,1778,0.5866384887837632,1.4160575472955537,3037,0.4105273909022237,0.41040003692273425
TOI-2076_b,NIRISS_SOSS,obs10,SOSS_HDU4_ordem_2,jw05959010001_04102_00001-seg007_nis_x1dints.fits,seg007,4,318,60783.274924836674,TDB-MID,890.6885709594941,4.7964661974315845,1778,0.5866384887837632,1.4160575472955537,3038,1.5383132838514568,1.5378360676589653
TOI-2076_b,NIRISS_SOSS,obs10,SOSS_HDU4_ordem_2,jw05959010001_04102_00001-seg007_nis_x1dints.fits,seg007,4,319,60783.27500190968,TDB-MID,345.11178760236476,4.795763442696284,1778,0.5866384887837632,1.4160575472955537,3039,0.5960445262147454,0.5958596210316843
TOI-2076_b,NIRISS_SOSS,obs10,SOSS_HDU4_ordem_2,jw05959010001_04102_00001-seg007_nis_x1dints.fits,seg007,4,320,60783.275078982675,TDB-MID,776.5028673332625,4.7962514075329326,1778,0.5866384887837632,1.4160575472955537,3040,1.3411025073339868,1.340686469951349
TOI-2076_b,NIRISS_SOSS,obs10,SOSS_HDU4_ordem_2,jw05959010001_04102_00001-seg007_nis_x1dints.fits,seg007,4,321,60783.27515605567,TDB-MID,433.5649645740641,4.7957538237933,1778,0.5866384887837632,1.4160575472955537,3041,0.7488125099644963,0.7485802130334052
TOI-2076_b,NIRISS_SOSS,obs10,SOSS_HDU4_ordem_2,jw05959010001_04102_00001-seg007_nis_x1dints.fits,seg007,4,322,60783.275233128676,TDB-MID,789.6785327725427,4.796916203700735,1778,0.5866384887837632,1.4160575472955537,3042,1.3638582738607687,1.3634351771746889
TOI-2076_b,NIRISS_SOSS,obs10,SOSS_HDU4_ordem_2,jw05959010001_04102_00001-seg007_nis_x1dints.fits,seg007,4,323,60783.27531020167,TDB-MID,361.1773265286701,4.795716694632006,1778,0.5866384887837632,1.4160575472955537,3043,0.6237914096354512,0.623597896802571
TOI-2076_b,NIRISS_SOSS,obs10,SOSS_HDU4_ordem_2,jw05959010001_04102_00001-seg007_nis_x1dints.fits,seg007,4,324,60783.27538727466,TDB-MID,392.56247011131916,4.795745609436283,1778,0.5866384887837632,1.4160575472955537,3044,0.6779968691674676,0.6777865406941833
TOI-2076_b,NIRISS_SOSS,obs10,SOSS_HDU4_ordem_2,jw05959010001_04102_00001-seg007_nis_x1dints.fits,seg007,4,325,60783.275464347666,TDB-MID,554.3542348579776,4.7959133756586185,1778,0.5866384887837632,1.4160575472955537,3045,0.9574283439190092,0.9571313300963601
TOI-2076_b,NIRISS_SOSS,obs10,SOSS_HDU4_ordem_2,jw05959010001_04102_00001-seg007_nis_x1dints.fits,seg007,4,326,60783.27554142066,TDB-MID,555.1372775957334,4.79598127219292,1778,0.5866384887837632,1.4160575472955537,3046,0.9587807414736511,0.9584833081096651
TOI-2076_b,NIRISS_SOSS,obs10,SOSS_HDU4_ordem_2,jw05959010001_04102_00001-seg007_nis_x1dints.fits,seg007,4,327,60783.275618493666,TDB-MID,375.8925258024345,4.795674672668167,1778,0.5866384887837632,1.4160575472955537,3047,0.6492061137816689,0.6490047167886029
TOI-2076_b,NIRISS_SOSS,obs10,SOSS_HDU4_ordem_2,jw05959010001_04102_00001-seg007_nis_x1dints.fits,seg007,4,328,60783.27569556666,TDB-MID,392.69912281806444,4.795740359809705,1778,0.5866384887837632,1.4160575472955537,3048,0.678232882832529,0.6780224811429866
TOI-2076_b,NIRISS_SOSS,obs10,SOSS_HDU4_ordem_2,jw05959010001_04102_00001-seg007_nis_x1dints.fits,seg007,4,329,60783.27577263966,TDB-MID,498.3811233324706,4.795813343284256,1778,0.5866384887837632,1.4160575472955537,3049,0.8607568654633793,0.8604898411073463
TOI-2076_b,NIRISS_SOSS,obs10,SOSS_HDU4_ordem_2,jw05959010001_04102_00001-seg007_nis_x1dints.fits,seg007,4,330,60783.27584971266,TDB-MID,718.9788923058436,4.796509090951576,1778,0.5866384887837632,1.4160575472955537,3050,1.2417525237260325,1.241367306737003
TOI-2076_b,NIRISS_SOSS,obs10,SOSS_HDU4_ordem_2,jw05959010001_04102_00001-seg007_nis_x1dints.fits,seg007,4,331,60783.27592678566,TDB-MID,277.9869646855807,4.795792450233902,1778,0.5866384887837632,1.4160575472955537,3051,0.4801128637506925,0.47996392293661355
TOI-2076_b,NIRISS_SOSS,obs10,SOSS_HDU4_ordem_2,jw05959010001_04102_00001-seg007_nis_x1dints.fits,seg007,4,332,60783.27600385866,TDB-MID,1114.2784405456707,4.798213896021883,1778,0.5866384887837632,1.4160575472955537,3052,1.924476616056909,1.9238796041134414
TOI-2076_b,NIRISS_SOSS,obs10,SOSS_HDU4_ordem_2,jw05959010001_04102_00001-seg007_nis_x1dints.fits,seg007,4,333,60783.27608093166,TDB-MID,769.6417270671152,4.796237755518169,1778,0.5866384887837632,1.4160575472955537,3053,1.3292525930565278,1.3288402317592698
TOI-2076_b,NIRISS_SOSS,obs10,SOSS_HDU4_ordem_2,jw05959010001_04102_00001-seg007_nis_x1dints.fits,seg007,4,334,60783.27615800466,TDB-MID,527.9299226914438,4.795886270043565,1778,0.5866384887837632,1.4160575472955537,3054,0.9117907644689578,0.9115079083553582
TOI-2076_b,NIRISS_SOSS,obs10,SOSS_HDU4_ordem_2,jw05959010001_04102_00001-seg007_nis_x1dints.fits,seg007,4,335,60783.276235077654,TDB-MID,452.15653400286016,4.795881181600129,1778,0.5866384887837632,1.4160575472955537,3055,0.7809221149964264,0.780679857010187
TOI-2076_b,NIRISS_SOSS,obs10,SOSS_HDU4_ordem_2,jw05959010001_04102_00001-seg007_nis_x1dints.fits,seg007,4,336,60783.27631215066,TDB-MID,460.89344083815837,4.795838972635333,1778,0.5866384887837632,1.4160575472955537,3056,0.7960116763568393,0.7957647372805422
TOI-2076_b,NIRISS_SOSS,obs10,SOSS_HDU4_ordem_2,jw05959010001_04102_00001-seg007_nis_x1dints.fits,seg007,4,337,60783.27638922365,TDB-MID,626.9695856713885,4.796026843597558,1778,0.5866384887837632,1.4160575472955537,3057,1.082842728261529,1.082506808335937
TOI-2076_b,NIRISS_SOSS,obs10,SOSS_HDU4_ordem_2,jw05959010001_04102_00001-seg007_nis_x1dints.fits,seg007,4,338,60783.27646629665,TDB-MID,573.6816404184698,4.79593633036827,1778,0.5866384887837632,1.4160575472955537,3058,0.9908088157084487,0.9905014465818325
TOI-2076_b,NIRISS_SOSS,obs10,SOSS_HDU4_ordem_2,jw05959010001_04102_00001-seg007_nis_x1dints.fits,seg007,4,339,60783.27654336965,TDB-MID,581.1166357946736,4.796041348012147,1778,0.5866384887837632,1.4160575472955537,3059,1.0036498384020123,1.003338485727947
TOI-2076_b,NIRISS_SOSS,obs10,SOSS_HDU4_ordem_2,jw05959010001_04102_00001-seg007_nis_x1dints.fits,seg007,4,340,60783.276620442644,TDB-MID,835.4336354601185,4.796239164121406,1778,0.5866384887837632,1.4160575472955537,3060,1.4428821712848283,1.4424345597721262
TOI-2076_b,NIRISS_SOSS,obs10,SOSS_HDU4_ordem_2,jw05959010001_04102_00001-seg007_nis_x1dints.fits,seg007,4,341,60783.27669751565,TDB-MID,588.4664509030147,4.795414045467941,1778,0.5866384887837632,1.4160575472955537,3061,1.0163437457717155,1.016028455188379
TOI-2076_b,NIRISS_SOSS,obs10,SOSS_HDU4_ordem_2,jw05959010001_04102_00001-seg007_nis_x1dints.fits,seg007,4,342,60783.276774588645,TDB-MID,621.4708725444807,4.796080861921011,1778,0.5866384887837632,1.4160575472955537,3062,1.0733458696254081,1.0730128958192882
TOI-2076_b,NIRISS_SOSS,obs10,SOSS_HDU4_ordem_2,jw05959010001_04102_00001-seg007_nis_x1dints.fits,seg007,4,343,60783.27685166164,TDB-MID,169.2128120811031,4.7954198610186465,1778,0.5866384887837632,1.4160575472955537,3063,0.29224840770305444,0.2921577462793706
TOI-2076_b,NIRISS_SOSS,obs10,SOSS_HDU4_ordem_2,jw05959010001_04102_00001-seg007_nis_x1dints.fits,seg007,4,344,60783.276928734645,TDB-MID,246.86438279965304,4.7969823229147694,1778,0.5866384887837632,1.4160575472955537,3064,0.42636087601461714,0.42622861016473146
TOI-2076_b,NIRISS_SOSS,obs10,SOSS_HDU4_ordem_2,jw05959010001_04102_00001-seg007_nis_x1dints.fits,seg007,4,345,60783.27700580764,TDB-MID,540.7189839207732,4.795870588616499,1778,0.5866384887837632,1.4160575472955537,3065,0.9338788246714972,0.9335891163905919
TOI-2076_b,NIRISS_SOSS,obs10,SOSS_HDU4_ordem_2,jw05959010001_04102_00001-seg007_nis_x1dints.fits,seg007,4,346,60783.27708288064,TDB-MID,1030.5713345269774,4.7966092078744715,1778,0.5866384887837632,1.4160575472955537,3066,1.7799055983749337,1.7793534353132427
TOI-2076_b,NIRISS_SOSS,obs10,SOSS_HDU4_ordem_2,jw05959010001_04102_00001-seg007_nis_x1dints.fits,seg007,4,347,60783.27715995364,TDB-MID,807.6220494263339,4.796254321924156,1778,0.5866384887837632,1.4160575472955537,3067,1.3948486232685329,1.3944159127432543
TOI-2076_b,NIRISS_SOSS,obs10,SOSS_HDU4_ordem_2,jw05959010001_04102_00001-seg007_nis_x1dints.fits,seg007,4,348,60783.27723702663,TDB-MID,795.9140701200503,4.796248332343637,1778,0.5866384887837632,1.4160575472955537,3068,1.3746277057883498,1.374201268204578
TOI-2076_b,NIRISS_SOSS,obs10,SOSS_HDU4_ordem_2,jw05959010001_04102_00001-seg007_nis_x1dints.fits,seg007,4,349,60783.27731409963,TDB-MID,664.1673502894107,4.796106711849406,1778,0.5866384887837632,1.4160575472955537,3069,1.147087198559201,1.1467313486870725
TOI-2076_b,NIRISS_SOSS,obs10,SOSS_HDU4_ordem_2,jw05959010001_04102_00001-seg007_nis_x1dints.fits,seg007,4,350,60783.27739117263,TDB-MID,638.679307972833,4.79623274700718,1778,0.5866384887837632,1.4160575472955537,3070,1.1030666560785425,1.102724462277576
TOI-2076_b,NIRISS_SOSS,obs10,SOSS_HDU4_ordem_2,jw05959010001_04102_00001-seg007_nis_x1dints.fits,seg007,4,351,60783.27746824563,TDB-MID,529.4222657321816,4.795895998654224,1778,0.5866384887837632,1.4160575472955537,3071,0.9143681986007971,0.9140845429144995
TOI-2076_b,NIRISS_SOSS,obs10,SOSS_HDU4_ordem_2,jw05959010001_04102_00001-seg007_nis_x1dints.fits,seg007,4,352,60783.277545318626,TDB-MID,299.2900634134267,4.795672238318437,1778,0.5866384887837632,1.4160575472955537,3072,0.5169055664177339,0.5167452117559929
TOI-2076_b,NIRISS_SOSS,obs10,SOSS_HDU4_ordem_2,jw05959010001_04102_00001-seg007_nis_x1dints.fits,seg007,4,353,60783.27762239163,TDB-MID,532.8703018786409,4.795911220486783,1778,0.5866384887837632,1.4160575472955537,3073,0.9203233213903311,0.9200378183033426
TOI-2076_b,NIRISS_SOSS,obs10,SOSS_HDU4_ordem_2,jw05959010001_04102_00001-seg007_nis_x1dints.fits,seg007,4,354,60783.27769946463,TDB-MID,492.2542670904423,4.795832074695884,1778,0.5866384887837632,1.4160575472955537,3074,0.8501751372896279,0.8499113956017498
TOI-2076_b,NIRISS_SOSS,obs10,SOSS_HDU4_ordem_2,jw05959010001_04102_00001-seg007_nis_x1dints.fits,seg007,4,355,60783.27777653763,TDB-MID,433.5336454386585,4.795844727907028,1778,0.5866384887837632,1.4160575472955537,3075,0.7487584185080612,0.7485261383572445
TOI-2076_b,NIRISS_SOSS,obs10,SOSS_HDU4_ordem_2,jw05959010001_04102_00001-seg007_nis_x1dints.fits,seg007,4,356,60783.27785361063,TDB-MID,181.43949880217386,4.79581947848613,1778,0.5866384887837632,1.4160575472955537,3076,0.3133651877019849,0.3132679754219478
TOI-2076_b,NIRISS_SOSS,obs10,SOSS_HDU4_ordem_2,jw05959010001_04102_00001-seg007_nis_x1dints.fits,seg007,4,357,60783.277930683624,TDB-MID,260.6453242443165,4.795548048889624,1778,0.5866384887837632,1.4160575472955537,3077,0.45016201816407553,0.45002236871388374
TOI-2076_b,NIRISS_SOSS,obs10,SOSS_HDU4_ordem_2,jw05959010001_04102_00001-seg007_nis_x1dints.fits,seg007,4,358,60783.27800775663,TDB-MID,636.4143000498325,4.796100374656292,1778,0.5866384887837632,1.4160575472955537,3078,1.0991547480451576,1.098813767797943
TOI-2076_b,NIRISS_SOSS,obs10,SOSS_HDU4_ordem_2,jw05959010001_04102_00001-seg007_nis_x1dints.fits,seg007,4,359,60783.278084829624,TDB-MID,276.02374638001385,4.795538994354426,1778,0.5866384887837632,1.4160575472955537,3079,0.47672217827765395,0.47657428932344537
TOI-2076_b,NIRISS_SOSS,obs10,SOSS_HDU4_ordem_2,jw05959010001_04102_00001-seg007_nis_x1dints.fits,seg007,4,360,60783.27816190262,TDB-MID,374.639143062981,4.795777248443616,1778,0.5866384887837632,1.4160575472955537,3080,0.6470413893418187,0.6468406638904768
TOI-2076_b,NIRISS_SOSS,obs10,SOSS_HDU4_ordem_2,jw05959010001_04102_00001-seg007_nis_x1dints.fits,seg007,4,361,60783.27823897562,TDB-MID,546.0512605173363,4.795968669967101,1778,0.5866384887837632,1.4160575472955537,3081,0.9430882298318518,0.942795664605413
TOI-2076_b,NIRISS_SOSS,obs10,SOSS_HDU4_ordem_2,jw05959010001_04102_00001-seg007_nis_x1dints.fits,seg007,4,362,60783.278316048614,TDB-MID,135.8605470529804,4.795480978209026,1778,0.5866384887837632,1.4160575472955537,3082,0.23464552156292368,0.23457272973075208
TOI-2076_b,NIRISS_SOSS,obs10,SOSS_HDU4_ordem_2,jw05959010001_04102_00001-seg007_nis_x1dints.fits,seg007,4,363,60783.27839312161,TDB-MID,683.390513974394,4.796280416018563,1778,0.5866384887837632,1.4160575472955537,3083,1.1802876336140768,1.1799214842890524
TOI-2076_b,NIRISS_SOSS,obs10,SOSS_HDU4_ordem_2,jw05959010001_04102_00001-seg007_nis_x1dints.fits,seg007,4,364,60783.278470194615,TDB-MID,366.0553800078485,4.795685482663179,1778,0.5866384887837632,1.4160575472955537,3084,0.6322163234729267,0.6320201970597403
TOI-2076_b,NIRISS_SOSS,obs10,SOSS_HDU4_ordem_2,jw05959010001_04102_00001-seg007_nis_x1dints.fits,seg007,4,365,60783.27854726761,TDB-MID,580.4840907945484,4.796018706492485,1778,0.5866384887837632,1.4160575472955537,3085,1.0025573663438176,1.002246352576893
TOI-2076_b,NIRISS_SOSS,obs10,SOSS_HDU4_ordem_2,jw05959010001_04102_00001-seg007_nis_x1dints.fits,seg007,4,366,60783.27862434061,TDB-MID,242.63068425253903,4.795523483883742,1778,0.5866384887837632,1.4160575472955537,3086,0.41904883123578696,0.41891883373150113
TOI-2076_b,NIRISS_SOSS,obs10,SOSS_HDU4_ordem_2,jw05959010001_04102_00001-seg007_nis_x1dints.fits,seg007,4,367,60783.27870141361,TDB-MID,430.96418832269546,4.7957266216454935,1778,0.5866384887837632,1.4160575472955537,3087,0.7443206945463463,0.7440897910681193
TOI-2076_b,NIRISS_SOSS,obs10,SOSS_HDU4_ordem_2,jw05959010001_04102_00001-seg007_nis_x1dints.fits,seg007,4,368,60783.27877848661,TDB-MID,511.5395618710311,4.795878884114061,1778,0.5866384887837632,1.4160575472955537,3088,0.8834828793121986,0.8832088048826121
TOI-2076_b,NIRISS_SOSS,obs10,SOSS_HDU4_ordem_2,jw05959010001_04102_00001-seg007_nis_x1dints.fits,seg007,4,369,60783.278855559605,TDB-MID,412.8648115370691,4.795767241076451,1778,0.5866384887837632,1.4160575472955537,3089,0.7130611582206827,0.7128399520889332
TOI-2076_b,NIRISS_SOSS,obs10,SOSS_HDU4_ordem_2,jw05959010001_04102_00001-seg007_nis_x1dints.fits,seg007,4,370,60783.27893263261,TDB-MID,711.2849511068598,4.796287256100455,1778,0.5866384887837632,1.4160575472955537,3090,1.2284642742329255,1.2280831795302303
TOI-2076_b,NIRISS_SOSS,obs10,SOSS_HDU4_ordem_2,jw05959010001_04102_00001-seg007_nis_x1dints.fits,seg007,4,371,60783.279009705606,TDB-MID,749.4259968170082,4.7961769254852875,1778,0.5866384887837632,1.4160575472955537,3091,1.2943378906561178,1.293936360612491
TOI-2076_b,NIRISS_SOSS,obs10,SOSS_HDU4_ordem_2,jw05959010001_04102_00001-seg007_nis_x1dints.fits,seg007,4,372,60783.279086778595,TDB-MID,529.6060689550902,4.7958865290791906,1778,0.5866384887837632,1.4160575472955537,3092,0.914685646189813,0.914401892024791
TOI-2076_b,NIRISS_SOSS,obs10,SOSS_HDU4_ordem_2,jw05959010001_04102_00001-seg007_nis_x1dints.fits,seg007,4,373,60783.2791638516,TDB-MID,463.9443745965062,4.795818969348925,1778,0.5866384887837632,1.4160575472955537,3093,0.8012809613590725,0.8010323876429706
TOI-2076_b,NIRISS_SOSS,obs10,SOSS_HDU4_ordem_2,jw05959010001_04102_00001-seg007_nis_x1dints.fits,seg007,4,374,60783.279240924596,TDB-MID,749.5396787607594,4.79614495095591,1778,0.5866384887837632,1.4160575472955537,3094,1.2945342313860972,1.2941326404335667
TOI-2076_b,NIRISS_SOSS,obs10,SOSS_HDU4_ordem_2,jw05959010001_04102_00001-seg007_nis_x1dints.fits,seg007,4,375,60783.27931799759,TDB-MID,737.4743941132069,4.796172059099662,1778,0.5866384887837632,1.4160575472955537,3095,1.273696209823987,1.2733010832512506
TOI-2076_b,NIRISS_SOSS,obs10,SOSS_HDU4_ordem_2,jw05959010001_04102_00001-seg007_nis_x1dints.fits,seg007,4,376,60783.2793950706,TDB-MID,224.44340716654892,4.7955842938123014,1778,0.5866384887837632,1.4160575472955537,3096,0.3876374818026997,0.3875172287404172
TOI-2076_b,NIRISS_SOSS,obs10,SOSS_HDU4_ordem_2,jw05959010001_04102_00001-seg007_nis_x1dints.fits,seg007,4,377,60783.27947214359,TDB-MID,330.09087003630555,4.795665724511662,1778,0.5866384887837632,1.4160575472955537,3097,0.5701018142715408,0.5699249570474662
TOI-2076_b,NIRISS_SOSS,obs10,SOSS_HDU4_ordem_2,jw05959010001_04102_00001-seg007_nis_x1dints.fits,seg007,4,378,60783.27954921659,TDB-MID,838.7104499739369,4.7963261049127945,1778,0.5866384887837632,1.4160575472955537,3098,1.4485415762212743,1.4480922090455977
TOI-2076_b,NIRISS_SOSS,obs10,SOSS_HDU4_ordem_2,jw05959010001_04102_00001-seg007_nis_x1dints.fits,seg007,4,379,60783.27962628959,TDB-MID,799.7260863496815,4.796232302322405,1778,0.5866384887837632,1.4160575472955537,3099,1.3812114606444181,1.380782980645452
TOI-2076_b,NIRISS_SOSS,obs10,SOSS_HDU4_ordem_2,jw05959010001_04102_00001-seg007_nis_x1dints.fits,seg007,4,380,60783.27970336259,TDB-MID,880.0497623533843,4.796447094864949,1778,0.5866384887837632,1.4160575472955537,3100,1.5199389371530347,1.519467421058087
TOI-2076_b,NIRISS_SOSS,obs10,SOSS_HDU4_ordem_2,jw05959010001_04102_00001-seg007_nis_x1dints.fits,seg007,4,381,60783.27978043559,TDB-MID,623.056365684921,4.796325037726363,1778,0.5866384887837632,1.4160575472955537,3101,1.0760841838228918,1.075750360535792
TOI-2076_b,NIRISS_SOSS,obs10,SOSS_HDU4_ordem_2,jw05959010001_04102_00001-seg007_nis_x1dints.fits,seg007,4,382,60783.27985750859,TDB-MID,480.134208401106,4.795803306370739,1778,0.5866384887837632,1.4160575472955537,3102,0.8292425151692154,0.8289852672081561
TOI-2076_b,NIRISS_SOSS,obs10,SOSS_HDU4_ordem_2,jw05959010001_04102_00001-seg007_nis_x1dints.fits,seg007,4,383,60783.27993458159,TDB-MID,784.8207052267057,4.796574130066686,1778,0.5866384887837632,1.4160575472955537,3103,1.3554682923475105,1.3550477984050169
TOI-2076_b,NIRISS_SOSS,obs10,SOSS_HDU4_ordem_2,jw05959010001_04102_00001-seg007_nis_x1dints.fits,seg007,4,384,60783.280011654584,TDB-MID,662.2164109535088,4.796107237223011,1778,0.5866384887837632,1.4160575472955537,3104,1.1437177201643303,1.1433629155732035
TOI-2076_b,NIRISS_SOSS,obs10,SOSS_HDU4_ordem_2,jw05959010001_04102_00001-seg007_nis_x1dints.fits,seg007,4,385,60783.28008872757,TDB-MID,296.4347610900477,4.795625455355204,1778,0.5866384887837632,1.4160575472955537,3105,0.5119741575766681,0.5118153327386473
TOI-2076_b,NIRISS_SOSS,obs10,SOSS_HDU4_ordem_2,jw05959010001_04102_00001-seg007_nis_x1dints.fits,seg007,4,386,60783.28016580058,TDB-MID,525.4353929083695,4.79632222226121,1778,0.5866384887837632,1.4160575472955537,3106,0.9074824479289437,0.9072009283431092
TOI-2076_b,NIRISS_SOSS,obs10,SOSS_HDU4_ordem_2,jw05959010001_04102_00001-seg007_nis_x1dints.fits,seg007,4,387,60783.280242873574,TDB-MID,507.39039421629184,4.7958689455901915,1778,0.5866384887837632,1.4160575472955537,3107,0.8763168283171393,0.8760449769428998
TOI-2076_b,NIRISS_SOSS,obs10,SOSS_HDU4_ordem_2,jw05959010001_04102_00001-seg007_nis_x1dints.fits,seg007,4,388,60783.28031994657,TDB-MID,822.6596976010266,4.796261237329705,1778,0.5866384887837632,1.4160575472955537,3108,1.4208202307408222,1.4203794632925744
TOI-2076_b,NIRISS_SOSS,obs10,SOSS_HDU4_ordem_2,jw05959010001_04102_00001-seg007_nis_x1dints.fits,seg007,4,389,60783.280397019575,TDB-MID,387.8569273552373,4.795714016610737,1778,0.5866384887837632,1.4160575472955537,3109,0.6698698995785192,0.6696620922571515
TOI-2076_b,NIRISS_SOSS,obs10,SOSS_HDU4_ordem_2,jw05959010001_04102_00001-seg007_nis_x1dints.fits,seg007,4,390,60783.28047409257,TDB-MID,766.2387415092389,4.799864325858178,1778,0.5866384887837632,1.4160575472955537,3110,1.3233752773941112,1.3229647393601847
TOI-2076_b,NIRISS_SOSS,obs10,SOSS_HDU4_ordem_2,jw05959010001_04102_00001-seg007_nis_x1dints.fits,seg007,4,391,60783.28055116557,TDB-MID,506.4196603420054,4.795940813626778,1778,0.5866384887837632,1.4160575472955537,3111,0.8746402683358084,0.8743689370647101
TOI-2076_b,NIRISS_SOSS,obs10,SOSS_HDU4_ordem_2,jw05959010001_04102_00001-seg007_nis_x1dints.fits,seg007,4,392,60783.28062823857,TDB-MID,795.5920350520099,4.796260908320441,1778,0.5866384887837632,1.4160575472955537,3112,1.3740715171954068,1.3736452521526936
TOI-2076_b,NIRISS_SOSS,obs10,SOSS_HDU4_ordem_2,jw05959010001_04102_00001-seg007_nis_x1dints.fits,seg007,4,393,60783.28070531157,TDB-MID,487.7239962686814,4.795897655645708,1778,0.5866384887837632,1.4160575472955537,3113,0.842350880852777,0.8420895664090142
TOI-2076_b,NIRISS_SOSS,obs10,SOSS_HDU4_ordem_2,jw05959010001_04102_00001-seg007_nis_x1dints.fits,seg007,4,394,60783.280782384565,TDB-MID,551.653147915328,4.795892383686726,1778,0.5866384887837632,1.4160575472955537,3114,0.9527632813368773,0.9524677147119002
TOI-2076_b,NIRISS_SOSS,obs10,SOSS_HDU4_ordem_2,jw05959010001_04102_00001-seg007_nis_x1dints.fits,seg007,4,395,60783.28085945757,TDB-MID,433.50372793788284,4.796005041429642,1778,0.5866384887837632,1.4160575472955537,3115,0.7487067478227473,0.7484744837012323
TOI-2076_b,NIRISS_SOSS,obs10,SOSS_HDU4_ordem_2,jw05959010001_04102_00001-seg007_nis_x1dints.fits,seg007,4,396,60783.280936530566,TDB-MID,626.6527160816917,4.796002894259455,1778,0.5866384887837632,1.4160575472955537,3116,1.082295460995537,1.0819597108434262
TOI-2076_b,NIRISS_SOSS,obs10,SOSS_HDU4_ordem_2,jw05959010001_04102_00001-seg007_nis_x1dints.fits,seg007,4,397,60783.281013603555,TDB-MID,308.46278235150083,4.795601510464913,1778,0.5866384887837632,1.4160575472955537,3117,0.5327478213332479,0.5325825520805386
TOI-2076_b,NIRISS_SOSS,obs10,SOSS_HDU4_ordem_2,jw05959010001_04102_00001-seg007_nis_x1dints.fits,seg007,4,398,60783.28109067656,TDB-MID,818.1673323421164,4.796978191135602,1778,0.5866384887837632,1.4160575472955537,3118,1.413061441216612,1.4126230807033064
TOI-2076_b,NIRISS_SOSS,obs10,SOSS_HDU4_ordem_2,jw05959010001_04102_00001-seg007_nis_x1dints.fits,seg007,4,399,60783.281167749556,TDB-MID,679.0919333881232,4.796043543707337,1778,0.5866384887837632,1.4160575472955537,3119,1.1728635306973378,1.172499684480636
TOI-2076_b,NIRISS_SOSS,obs10,SOSS_HDU4_ordem_2,jw05959010001_04102_00001-seg007_nis_x1dints.fits,seg007,4,400,60783.28124482255,TDB-MID,469.132216872033,4.795810751057758,1778,0.5866384887837632,1.4160575472955537,3120,0.8102409131841779,0.8099895599080607
TOI-2076_b,NIRISS_SOSS,obs10,SOSS_HDU4_ordem_2,jw05959010001_04102_00001-seg007_nis_x1dints.fits,seg007,4,401,60783.28132189555,TDB-MID,577.8819921591199,4.796036793507199,1778,0.5866384887837632,1.4160575472955537,3121,0.9980632670286561,0.9977536474231069
TOI-2076_b,NIRISS_SOSS,obs10,SOSS_HDU4_ordem_2,jw05959010001_04102_00001-seg007_nis_x1dints.fits,seg007,4,402,60783.28139896855,TDB-MID,644.0955355089495,4.796029057781942,1778,0.5866384887837632,1.4160575472955537,3122,1.1124210533828602,1.1120759576568362
TOI-2076_b,NIRISS_SOSS,obs10,SOSS_HDU4_ordem_2,jw05959010001_04102_00001-seg007_nis_x1dints.fits,seg007,4,403,60783.28147604155,TDB-MID,407.3393321331865,4.795715798231291,1778,0.5866384887837632,1.4160575472955537,3123,0.7035180713957516,0.7032998257244018
TOI-2076_b,NIRISS_SOSS,obs10,SOSS_HDU4_ordem_2,jw05959010001_04102_00001-seg007_nis_x1dints.fits,seg007,4,404,60783.281553114546,TDB-MID,535.9365096682179,4.795980992363147,1778,0.5866384887837632,1.4160575472955537,3124,0.925618986258551,0.9253318403481846
TOI-2076_b,NIRISS_SOSS,obs10,SOSS_HDU4_ordem_2,jw05959010001_04102_00001-seg007_nis_x1dints.fits,seg007,4,405,60783.28163018755,TDB-MID,1082.5524536378844,4.798316447017659,1778,0.5866384887837632,1.4160575472955537,3125,1.8696824840844164,1.8691024703995647
TOI-2076_b,NIRISS_SOSS,obs10,SOSS_HDU4_ordem_2,jw05959010001_04102_00001-seg007_nis_x1dints.fits,seg007,4,406,60783.28170726055,TDB-MID,807.2232456033687,4.7962435140199995,1778,0.5866384887837632,1.4160575472955537,3126,1.3941598469234437,1.393727350070652
TOI-2076_b,NIRISS_SOSS,obs10,SOSS_HDU4_ordem_2,jw05959010001_04102_00001-seg007_nis_x1dints.fits,seg007,4,407,60783.28178433354,TDB-MID,354.86550120432673,4.796028743245842,1778,0.5866384887837632,1.4160575472955537,3127,0.6128902203102892,0.6127000892489364
TOI-2076_b,NIRISS_SOSS,obs10,SOSS_HDU4_ordem_2,jw05959010001_04102_00001-seg007_nis_x1dints.fits,seg007,4,408,60783.28186140655,TDB-MID,581.3130188594075,4.796166283744387,1778,0.5866384887837632,1.4160575472955537,3128,1.0039890127072109,1.0036775548143506
TOI-2076_b,NIRISS_SOSS,obs10,SOSS_HDU4_ordem_2,jw05959010001_04102_00001-seg007_nis_x1dints.fits,seg007,4,409,60783.28193847954,TDB-MID,663.3863232877757,4.796064322728118,1778,0.5866384887837632,1.4160575472955537,3129,1.1457382823938487,1.145382850983059
TOI-2076_b,NIRISS_SOSS,obs10,SOSS_HDU4_ordem_2,jw05959010001_04102_00001-seg007_nis_x1dints.fits,seg007,4,410,60783.28201555253,TDB-MID,356.67949500664844,4.795810917235119,1778,0.5866384887837632,1.4160575472955537,3130,0.6160231792972105,0.6158320763280061
TOI-2076_b,NIRISS_SOSS,obs10,SOSS_HDU4_ordem_2,jw05959010001_04102_00001-seg007_nis_x1dints.fits,seg007,4,411,60783.28209262553,TDB-MID,901.6170026969412,4.796477315172608,1778,0.5866384887837632,1.4160575472955537,3131,1.5571878403030668,1.5567047688377518
TOI-2076_b,NIRISS_SOSS,obs10,SOSS_HDU4_ordem_2,jw05959010001_04102_00001-seg007_nis_x1dints.fits,seg007,4,412,60783.282169698534,TDB-MID,437.19629094089476,4.795779254020797,1778,0.5866384887837632,1.4160575472955537,3132,0.7550841943334536,0.7548499517978057
TOI-2076_b,NIRISS_SOSS,obs10,SOSS_HDU4_ordem_2,jw05959010001_04102_00001-seg007_nis_x1dints.fits,seg007,4,413,60783.28224677153,TDB-MID,717.9523278399352,4.796211249899908,1778,0.5866384887837632,1.4160575472955537,3133,1.23997953841318,1.2395948714403984
TOI-2076_b,NIRISS_SOSS,obs10,SOSS_HDU4_ordem_2,jw05959010001_04102_00001-seg007_nis_x1dints.fits,seg007,4,414,60783.28232384453,TDB-MID,429.9717021022102,4.795807079999243,1778,0.5866384887837632,1.4160575472955537,3134,0.7426065659644927,0.7423761942439537
TOI-2076_b,NIRISS_SOSS,obs10,SOSS_HDU4_ordem_2,jw05959010001_04102_00001-seg007_nis_x1dints.fits,seg007,4,415,60783.28240091753,TDB-MID,413.22097541979974,4.7957643336159155,1778,0.5866384887837632,1.4160575472955537,3135,0.7136762908830929,0.7134548939246307
TOI-2076_b,NIRISS_SOSS,obs10,SOSS_HDU4_ordem_2,jw05959010001_04102_00001-seg007_nis_x1dints.fits,seg007,4,416,60783.28247799053,TDB-MID,672.6469849506609,4.796122666232789,1778,0.5866384887837632,1.4160575472955537,3136,1.1617324236882902,1.161372030568276
TOI-2076_b,NIRISS_SOSS,obs10,SOSS_HDU4_ordem_2,jw05959010001_04102_00001-seg007_nis_x1dints.fits,seg007,4,417,60783.282555063524,TDB-MID,618.5232238263856,4.796022581477846,1778,0.5866384887837632,1.4160575472955537,3137,1.0682549688021399,1.0679235742974096
TOI-2076_b,NIRISS_SOSS,obs10,SOSS_HDU4_ordem_2,jw05959010001_04102_00001-seg007_nis_x1dints.fits,seg007,4,418,60783.28263213653,TDB-MID,401.28427281754887,4.795789348705202,1778,0.5866384887837632,1.4160575472955537,3138,0.6930603441008794,0.6928453426300797
TOI-2076_b,NIRISS_SOSS,obs10,SOSS_HDU4_ordem_2,jw05959010001_04102_00001-seg007_nis_x1dints.fits,seg007,4,419,60783.282709209525,TDB-MID,616.3821248426941,4.796114382567691,1778,0.5866384887837632,1.4160575472955537,3139,1.064557064600781,1.064226817261444
TOI-2076_b,NIRISS_SOSS,obs10,SOSS_HDU4_ordem_2,jw05959010001_04102_00001-seg007_nis_x1dints.fits,seg007,4,420,60783.28278628252,TDB-MID,430.8602689451749,4.795779157369215,1778,0.5866384887837632,1.4160575472955537,3140,0.7441412147998876,0.7439103669999428
TOI-2076_b,NIRISS_SOSS,obs10,SOSS_HDU4_ordem_2,jw05959010001_04102_00001-seg007_nis_x1dints.fits,seg007,4,421,60783.28286335551,TDB-MID,511.4575571625286,4.795909446657797,1778,0.5866384887837632,1.4160575472955537,3141,0.8833412485149247,0.8830672180221035
TOI-2076_b,NIRISS_SOSS,obs10,SOSS_HDU4_ordem_2,jw05959010001_04102_00001-seg007_nis_x1dints.fits,seg007,4,422,60783.282940428515,TDB-MID,507.26195325710484,4.795898690778618,1778,0.5866384887837632,1.4160575472955537,3142,0.8760949972078717,0.875823214650172
TOI-2076_b,NIRISS_SOSS,obs10,SOSS_HDU4_ordem_2,jw05959010001_04102_00001-seg007_nis_x1dints.fits,seg007,4,423,60783.28301750151,TDB-MID,609.0821333576796,4.7962307031731815,1778,0.5866384887837632,1.4160575472955537,3143,1.0519492078935784,1.05162287176884
TOI-2076_b,NIRISS_SOSS,obs10,SOSS_HDU4_ordem_2,jw05959010001_04102_00001-seg007_nis_x1dints.fits,seg007,4,424,60783.28309457451,TDB-MID,756.9871233821373,4.7961805911677615,1778,0.5866384887837632,1.4160575472955537,3144,1.3073967552416261,1.3069911740715474
TOI-2076_b,NIRISS_SOSS,obs10,SOSS_HDU4_ordem_2,jw05959010001_04102_00001-seg007_nis_x1dints.fits,seg007,4,425,60783.28317164751,TDB-MID,723.090808711602,4.796204633764143,1778,0.5866384887837632,1.4160575472955537,3145,1.2488542378776477,1.2484668177918736
TOI-2076_b,NIRISS_SOSS,obs10,SOSS_HDU4_ordem_2,jw05959010001_04102_00001-seg007_nis_x1dints.fits,seg007,4,426,60783.28324872051,TDB-MID,708.2942397545021,4.796086908047634,1778,0.5866384887837632,1.4160575472955537,3146,1.2232989996897243,1.2229195073606658
TOI-2076_b,NIRISS_SOSS,obs10,SOSS_HDU4_ordem_2,jw05959010001_04102_00001-seg007_nis_x1dints.fits,seg007,4,427,60783.283325793505,TDB-MID,751.3793254933937,4.796146826528923,1778,0.5866384887837632,1.4160575472955537,3147,1.2977114956944924,1.297308919089695
TOI-2076_b,NIRISS_SOSS,obs10,SOSS_HDU4_ordem_2,jw05959010001_04102_00001-seg007_nis_x1dints.fits,seg007,4,428,60783.2834028665,TDB-MID,611.3960288477922,4.796083950911785,1778,0.5866384887837632,1.4160575472955537,3148,1.0559455499214656,1.0556179740498262
TOI-2076_b,NIRISS_SOSS,obs10,SOSS_HDU4_ordem_2,jw05959010001_04102_00001-seg007_nis_x1dints.fits,seg007,4,429,60783.283479939506,TDB-MID,743.0684147226366,4.7964376726621305,1778,0.5866384887837632,1.4160575472955537,3149,1.283357674553858,1.2829595507974785
TOI-2076_b,NIRISS_SOSS,obs10,SOSS_HDU4_ordem_2,jw05959010001_04102_00001-seg007_nis_x1dints.fits,seg007,4,430,60783.2835570125,TDB-MID,428.2761768992626,4.795837661652413,1778,0.5866384887837632,1.4160575472955537,3150,0.7396782147676323,0.7394487514814305
TOI-2076_b,NIRISS_SOSS,obs10,SOSS_HDU4_ordem_2,jw05959010001_04102_00001-seg007_nis_x1dints.fits,seg007,4,431,60783.2836340855,TDB-MID,375.1459049298894,4.79571052759192,1778,0.5866384887837632,1.4160575472955537,3151,0.6479166206370566,0.6477156236710951
TOI-2076_b,NIRISS_SOSS,obs10,SOSS_HDU4_ordem_2,jw05959010001_04102_00001-seg007_nis_x1dints.fits,seg007,4,432,60783.2837111585,TDB-MID,619.9661885077478,4.796631001852573,1778,0.5866384887837632,1.4160575472955537,3152,1.0707471212893742,1.0704149536680536
TOI-2076_b,NIRISS_SOSS,obs10,SOSS_HDU4_ordem_2,jw05959010001_04102_00001-seg007_nis_x1dints.fits,seg007,4,433,60783.2837882315,TDB-MID,766.7463204427062,4.796321975943428,1778,0.5866384887837632,1.4160575472955537,3153,1.3242519198496383,1.3238411098633212
TOI-2076_b,NIRISS_SOSS,obs10,SOSS_HDU4_ordem_2,jw05959010001_04102_00001-seg007_nis_x1dints.fits,seg007,4,434,60783.28386530449,TDB-MID,539.3710552223731,4.795880262128384,1778,0.5866384887837632,1.4160575472955537,3154,0.9315508093695833,0.931261823286562
TOI-2076_b,NIRISS_SOSS,obs10,SOSS_HDU4_ordem_2,jw05959010001_04102_00001-seg007_nis_x1dints.fits,seg007,4,435,60783.283942377486,TDB-MID,765.5566441469705,4.796164646780577,1778,0.5866384887837632,1.4160575472955537,3155,1.3221972231701447,1.3217870505926936
TOI-2076_b,NIRISS_SOSS,obs10,SOSS_HDU4_ordem_2,jw05959010001_04102_00001-seg007_nis_x1dints.fits,seg007,4,436,60783.28401945049,TDB-MID,196.97459091020647,4.795534762469423,1778,0.5866384887837632,1.4160575472955537,3156,0.3401959334135848,0.34009039768835314
TOI-2076_b,NIRISS_SOSS,obs10,SOSS_HDU4_ordem_2,jw05959010001_04102_00001-seg007_nis_x1dints.fits,seg007,4,437,60783.28409652349,TDB-MID,666.2025993744259,4.796025391893281,1778,0.5866384887837632,1.4160575472955537,3157,1.150602288800061,1.150245348475163
TOI-2076_b,NIRISS_SOSS,obs10,SOSS_HDU4_ordem_2,jw05959010001_04102_00001-seg007_nis_x1dints.fits,seg007,4,438,60783.28417359648,TDB-MID,814.8948869426648,4.79643492699084,1778,0.5866384887837632,1.4160575472955537,3158,1.4074095822023753,1.406972975011145
TOI-2076_b,NIRISS_SOSS,obs10,SOSS_HDU4_ordem_2,jw05959010001_04102_00001-seg007_nis_x1dints.fits,seg007,4,439,60783.28425066948,TDB-MID,226.4854262344362,4.795496594146329,1778,0.5866384887837632,1.4160575472955537,3159,0.3911642645193849,0.39104291737708796
TOI-2076_b,NIRISS_SOSS,obs10,SOSS_HDU4_ordem_2,jw05959010001_04102_00001-seg007_nis_x1dints.fits,seg007,4,440,60783.28432774248,TDB-MID,443.31394337627404,4.7957964381787495,1778,0.5866384887837632,1.4160575472955537,3160,0.7656500265605275,0.7654125062879719
TOI-2076_b,NIRISS_SOSS,obs10,SOSS_HDU4_ordem_2,jw05959010001_04102_00001-seg007_nis_x1dints.fits,seg007,4,441,60783.28440481548,TDB-MID,670.749200856689,4.79612055612521,1778,0.5866384887837632,1.4160575472955537,3161,1.1584547500133107,1.1580953736945994
TOI-2076_b,NIRISS_SOSS,obs10,SOSS_HDU4_ordem_2,jw05959010001_04102_00001-seg007_nis_x1dints.fits,seg007,4,442,60783.28448188848,TDB-MID,652.1641576621223,4.796166364372232,1778,0.5866384887837632,1.4160575472955537,3162,1.126356416477542,1.1260069977173306
TOI-2076_b,NIRISS_SOSS,obs10,SOSS_HDU4_ordem_2,jw05959010001_04102_00001-seg007_nis_x1dints.fits,seg007,4,443,60783.28455896148,TDB-MID,618.9937964544281,4.7960837212719385,1778,0.5866384887837632,1.4160575472955537,3163,1.069067697457628,1.0687360508278732
TOI-2076_b,NIRISS_SOSS,obs10,SOSS_HDU4_ordem_2,jw05959010001_04102_00001-seg007_nis_x1dints.fits,seg007,4,444,60783.28463603448,TDB-MID,975.4198759614126,4.796424143717166,1778,0.5866384887837632,1.4160575472955537,3164,1.6846532014077227,1.684130587584593
TOI-2076_b,NIRISS_SOSS,obs10,SOSS_HDU4_ordem_2,jw05959010001_04102_00001-seg007_nis_x1dints.fits,seg007,4,445,60783.28471310747,TDB-MID,738.5872380670385,4.796196115656671,1778,0.5866384887837632,1.4160575472955537,3165,1.275618208929902,1.2752224861137962
TOI-2076_b,NIRISS_SOSS,obs10,SOSS_HDU4_ordem_2,jw05959010001_04102_00001-seg007_nis_x1dints.fits,seg007,4,446,60783.28479018046,TDB-MID,17.222254242626065,4.795264166508408,1778,0.5866384887837632,1.4160575472955537,3166,0.02974465300566164,0.029735425606923455
TOI-2076_b,NIRISS_SOSS,obs10,SOSS_HDU4_ordem_2,jw05959010001_04102_00001-seg007_nis_x1dints.fits,seg007,4,447,60783.28486725347,TDB-MID,501.88293885777364,4.795921537125415,1778,0.5866384887837632,1.4160575472955537,3167,0.8668048709232089,0.866535970352384
TOI-2076_b,NIRISS_SOSS,obs10,SOSS_HDU4_ordem_2,jw05959010001_04102_00001-seg007_nis_x1dints.fits,seg007,4,448,60783.284944326464,TDB-MID,618.828230846364,4.796051635170696,1778,0.5866384887837632,1.4160575472955537,3168,1.0687817481566737,1.068450190234231
TOI-2076_b,NIRISS_SOSS,obs10,SOSS_HDU4_ordem_2,jw05959010001_04102_00001-seg007_nis_x1dints.fits,seg007,4,449,60783.28502139946,TDB-MID,618.7675310483013,4.796286628949559,1778,0.5866384887837632,1.4160575472955537,3169,1.068676913191085,1.068345387790589
TOI-2076_b,NIRISS_SOSS,obs10,SOSS_HDU4_ordem_2,jw05959010001_04102_00001-seg008_nis_x1dints.fits,seg008,4,0,60783.28509847246,TDB-MID,736.667399164078,4.79485391170416,1778,0.5866384887837632,1.4160575472955537,3170,1.2723024442691997,1.2734569805748162
TOI-2076_b,NIRISS_SOSS,obs10,SOSS_HDU4_ordem_2,jw05959010001_04102_00001-seg008_nis_x1dints.fits,seg008,4,1,60783.28517554546,TDB-MID,661.3049551677685,4.7946800654688335,1778,0.5866384887837632,1.4160575472955537,3171,1.142143539706017,1.1431799648019172
TOI-2076_b,NIRISS_SOSS,obs10,SOSS_HDU4_ordem_2,jw05959010001_04102_00001-seg008_nis_x1dints.fits,seg008,4,2,60783.28525261846,TDB-MID,496.5292783396479,4.794590637625305,1778,0.5866384887837632,1.4160575472955537,3172,0.8575585334706107,0.8583367151565319
TOI-2076_b,NIRISS_SOSS,obs10,SOSS_HDU4_ordem_2,jw05959010001_04102_00001-seg008_nis_x1dints.fits,seg008,4,3,60783.285329691455,TDB-MID,730.4974125889055,4.794792769724698,1778,0.5866384887837632,1.4160575472955537,3173,1.2616462254523932,1.262791091894087
TOI-2076_b,NIRISS_SOSS,obs10,SOSS_HDU4_ordem_2,jw05959010001_04102_00001-seg008_nis_x1dints.fits,seg008,4,4,60783.28540676445,TDB-MID,205.49949546010956,4.794210833835207,1778,0.5866384887837632,1.4160575472955537,3174,0.354919344424186,0.35524141192515557
TOI-2076_b,NIRISS_SOSS,obs10,SOSS_HDU4_ordem_2,jw05959010001_04102_00001-seg008_nis_x1dints.fits,seg008,4,5,60783.285483837455,TDB-MID,383.09891142611446,4.794406132656498,1778,0.5866384887837632,1.4160575472955537,3175,0.6616523032747271,0.6622527120920381
TOI-2076_b,NIRISS_SOSS,obs10,SOSS_HDU4_ordem_2,jw05959010001_04102_00001-seg008_nis_x1dints.fits,seg008,4,6,60783.28556091045,TDB-MID,424.99593829667924,4.794424849070311,1778,0.5866384887837632,1.4160575472955537,3176,0.7340128960680552,0.7346789676779294
TOI-2076_b,NIRISS_SOSS,obs10,SOSS_HDU4_ordem_2,jw05959010001_04102_00001-seg008_nis_x1dints.fits,seg008,4,7,60783.28563798345,TDB-MID,433.62690761866247,4.7944088357012875,1778,0.5866384887837632,1.4160575472955537,3177,0.74891949214823,0.7495990905782759
TOI-2076_b,NIRISS_SOSS,obs10,SOSS_HDU4_ordem_2,jw05959010001_04102_00001-seg008_nis_x1dints.fits,seg008,4,8,60783.28571505644,TDB-MID,401.1162039006566,4.794459928891869,1778,0.5866384887837632,1.4160575472955537,3178,0.6927700713210464,0.6933987176011721
TOI-2076_b,NIRISS_SOSS,obs10,SOSS_HDU4_ordem_2,jw05959010001_04102_00001-seg008_nis_x1dints.fits,seg008,4,9,60783.28579212944,TDB-MID,907.6067467220962,4.794984187789676,1778,0.5866384887837632,1.4160575472955537,3179,1.5675327611892076,1.568955200870266
TOI-2076_b,NIRISS_SOSS,obs10,SOSS_HDU4_ordem_2,jw05959010001_04102_00001-seg008_nis_x1dints.fits,seg008,4,10,60783.28586920244,TDB-MID,432.73268156650386,4.794356174379236,1778,0.5866384887837632,1.4160575472955537,3180,0.7473750692605311,0.7480532662216864
TOI-2076_b,NIRISS_SOSS,obs10,SOSS_HDU4_ordem_2,jw05959010001_04102_00001-seg008_nis_x1dints.fits,seg008,4,11,60783.285946275435,TDB-MID,561.2296505760246,4.794591478561997,1778,0.5866384887837632,1.4160575472955537,3181,0.96930291341043,0.9701824962562484
TOI-2076_b,NIRISS_SOSS,obs10,SOSS_HDU4_ordem_2,jw05959010001_04102_00001-seg008_nis_x1dints.fits,seg008,4,12,60783.28602334843,TDB-MID,435.53546492894566,4.7944798625695535,1778,0.5866384887837632,1.4160575472955537,3182,0.752215772306218,0.7528983619080037
TOI-2076_b,NIRISS_SOSS,obs10,SOSS_HDU4_ordem_2,jw05959010001_04102_00001-seg008_nis_x1dints.fits,seg008,4,13,60783.286100421436,TDB-MID,444.4990430058354,4.794466157233338,1778,0.5866384887837632,1.4160575472955537,3183,0.7676968188539076,0.7683934565543737
TOI-2076_b,NIRISS_SOSS,obs10,SOSS_HDU4_ordem_2,jw05959010001_04102_00001-seg008_nis_x1dints.fits,seg008,4,14,60783.28617749443,TDB-MID,903.373363254408,4.795053806346499,1778,0.5866384887837632,1.4160575472955537,3184,1.5602212605858412,1.5616370655292764
TOI-2076_b,NIRISS_SOSS,obs10,SOSS_HDU4_ordem_2,jw05959010001_04102_00001-seg008_nis_x1dints.fits,seg008,4,15,60783.28625456743,TDB-MID,876.6684011732823,4.794941405607018,1778,0.5866384887837632,1.4160575472955537,3185,1.5140989690761488,1.5154729208735134
TOI-2076_b,NIRISS_SOSS,obs10,SOSS_HDU4_ordem_2,jw05959010001_04102_00001-seg008_nis_x1dints.fits,seg008,4,16,60783.28633164043,TDB-MID,659.9748745690736,4.794725891893737,1778,0.5866384887837632,1.4160575472955537,3186,1.1398463499583575,1.1408806904956872
TOI-2076_b,NIRISS_SOSS,obs10,SOSS_HDU4_ordem_2,jw05959010001_04102_00001-seg008_nis_x1dints.fits,seg008,4,17,60783.28640871343,TDB-MID,663.2676933678196,4.794738651174253,1778,0.5866384887837632,1.4160575472955537,3187,1.1455333959860956,1.1465728971683178
TOI-2076_b,NIRISS_SOSS,obs10,SOSS_HDU4_ordem_2,jw05959010001_04102_00001-seg008_nis_x1dints.fits,seg008,4,18,60783.286485786426,TDB-MID,506.4814524373,4.794515763770633,1778,0.5866384887837632,1.4160575472955537,3188,0.8747469898141433,0.8755407689682415
TOI-2076_b,NIRISS_SOSS,obs10,SOSS_HDU4_ordem_2,jw05959010001_04102_00001-seg008_nis_x1dints.fits,seg008,4,19,60783.286562859415,TDB-MID,605.2237415025128,4.79459707385967,1778,0.5866384887837632,1.4160575472955537,3189,1.045285357431555,1.0462338896774215
TOI-2076_b,NIRISS_SOSS,obs10,SOSS_HDU4_ordem_2,jw05959010001_04102_00001-seg008_nis_x1dints.fits,seg008,4,20,60783.28663993241,TDB-MID,408.09825901964757,4.794394328185123,1778,0.5866384887837632,1.4160575472955537,3190,0.7048288183268113,0.7054684071790284
TOI-2076_b,NIRISS_SOSS,obs10,SOSS_HDU4_ordem_2,jw05959010001_04102_00001-seg008_nis_x1dints.fits,seg008,4,21,60783.286717005416,TDB-MID,363.3529791005457,4.794370371882482,1778,0.5866384887837632,1.4160575472955537,3191,0.6275489915349882,0.6281184536919961
TOI-2076_b,NIRISS_SOSS,obs10,SOSS_HDU4_ordem_2,jw05959010001_04102_00001-seg008_nis_x1dints.fits,seg008,4,22,60783.28679407841,TDB-MID,388.85501507742384,4.794462964569376,1778,0.5866384887837632,1.4160575472955537,3192,0.6715937025457388,0.6722031325721487
TOI-2076_b,NIRISS_SOSS,obs10,SOSS_HDU4_ordem_2,jw05959010001_04102_00001-seg008_nis_x1dints.fits,seg008,4,23,60783.28687115141,TDB-MID,359.1262184254591,4.794327085104494,1778,0.5866384887837632,1.4160575472955537,3193,0.6202489291942956,0.6208117669932011
TOI-2076_b,NIRISS_SOSS,obs10,SOSS_HDU4_ordem_2,jw05959010001_04102_00001-seg008_nis_x1dints.fits,seg008,4,24,60783.286948224406,TDB-MID,833.9787191740184,4.798545268391748,1778,0.5866384887837632,1.4160575472955537,3194,1.4403693771132486,1.4416764238354065
TOI-2076_b,NIRISS_SOSS,obs10,SOSS_HDU4_ordem_2,jw05959010001_04102_00001-seg008_nis_x1dints.fits,seg008,4,25,60783.28702529741,TDB-MID,812.1178722857447,4.794965805857872,1778,0.5866384887837632,1.4160575472955537,3195,1.402613384434183,1.403886169912484
TOI-2076_b,NIRISS_SOSS,obs10,SOSS_HDU4_ordem_2,jw05959010001_04102_00001-seg008_nis_x1dints.fits,seg008,4,26,60783.28710237041,TDB-MID,187.58856670849647,4.794273685409612,1778,0.5866384887837632,1.4160575472955537,3196,0.3239852777671474,0.3242792745030275
TOI-2076_b,NIRISS_SOSS,obs10,SOSS_HDU4_ordem_2,jw05959010001_04102_00001-seg008_nis_x1dints.fits,seg008,4,27,60783.2871794434,TDB-MID,-10.024226763463759,4.793898189997109,1778,0.5866384887837632,1.4160575472955537,3197,-0.017312898911416335,-0.01732860930357877
TOI-2076_b,NIRISS_SOSS,obs10,SOSS_HDU4_ordem_2,jw05959010001_04102_00001-seg008_nis_x1dints.fits,seg008,4,28,60783.2872565164,TDB-MID,584.1555247137633,4.79553764904401,1778,0.5866384887837632,1.4160575472955537,3198,1.0088983206940312,1.0098138339394576
TOI-2076_b,NIRISS_SOSS,obs10,SOSS_HDU4_ordem_2,jw05959010001_04102_00001-seg008_nis_x1dints.fits,seg008,4,29,60783.287333589404,TDB-MID,519.8425541208451,4.794529788540234,1778,0.5866384887837632,1.4160575472955537,3199,0.8978230243303897,0.8986377435681596
TOI-2076_b,NIRISS_SOSS,obs10,SOSS_HDU4_ordem_2,jw05959010001_04102_00001-seg008_nis_x1dints.fits,seg008,4,30,60783.2874106624,TDB-MID,876.1866111257884,4.794903618680628,1778,0.5866384887837632,1.4160575472955537,3200,1.513266866751889,1.5146400634675132
TOI-2076_b,NIRISS_SOSS,obs10,SOSS_HDU4_ordem_2,jw05959010001_04102_00001-seg008_nis_x1dints.fits,seg008,4,31,60783.2874877354,TDB-MID,497.9897953547162,4.79686485141603,1778,0.5866384887837632,1.4160575472955537,3201,0.8600810006929648,0.8608614713629251
TOI-2076_b,NIRISS_SOSS,obs10,SOSS_HDU4_ordem_2,jw05959010001_04102_00001-seg008_nis_x1dints.fits,seg008,4,32,60783.28756480839,TDB-MID,611.5495325934147,4.794815432183747,1778,0.5866384887837632,1.4160575472955537,3202,1.0562106671113691,1.057169113404585
TOI-2076_b,NIRISS_SOSS,obs10,SOSS_HDU4_ordem_2,jw05959010001_04102_00001-seg008_nis_x1dints.fits,seg008,4,33,60783.28764188139,TDB-MID,504.6200103366414,4.794673023249229,1778,0.5866384887837632,1.4160575472955537,3203,0.8715320826019863,0.872322944425294
TOI-2076_b,NIRISS_SOSS,obs10,SOSS_HDU4_ordem_2,jw05959010001_04102_00001-seg008_nis_x1dints.fits,seg008,4,34,60783.28771895439,TDB-MID,412.6969774748302,4.794411766004784,1778,0.5866384887837632,1.4160575472955537,3204,0.7127712910596539,0.7134180872179385
TOI-2076_b,NIRISS_SOSS,obs10,SOSS_HDU4_ordem_2,jw05959010001_04102_00001-seg008_nis_x1dints.fits,seg008,4,35,60783.28779602738,TDB-MID,329.2328469108279,4.794280479707256,1778,0.5866384887837632,1.4160575472955537,3205,0.5686199176638947,0.5691359053066103
TOI-2076_b,NIRISS_SOSS,obs10,SOSS_HDU4_ordem_2,jw05959010001_04102_00001-seg008_nis_x1dints.fits,seg008,4,36,60783.28787310038,TDB-MID,519.3317285374202,4.794493853111665,1778,0.5866384887837632,1.4160575472955537,3206,0.8969407745673023,0.8977546932176123
TOI-2076_b,NIRISS_SOSS,obs10,SOSS_HDU4_ordem_2,jw05959010001_04102_00001-seg008_nis_x1dints.fits,seg008,4,37,60783.287950173384,TDB-MID,737.6769810084279,4.7949525906440735,1778,0.5866384887837632,1.4160575472955537,3207,1.2740460988000146,1.2752022173649982
TOI-2076_b,NIRISS_SOSS,obs10,SOSS_HDU4_ordem_2,jw05959010001_04102_00001-seg008_nis_x1dints.fits,seg008,4,38,60783.28802724638,TDB-MID,595.6464113994837,4.794641825202279,1778,0.5866384887837632,1.4160575472955537,3208,1.0287442962776556,1.0296778185267077
TOI-2076_b,NIRISS_SOSS,obs10,SOSS_HDU4_ordem_2,jw05959010001_04102_00001-seg008_nis_x1dints.fits,seg008,4,39,60783.28810431938,TDB-MID,137.71236500500362,4.7941424660142165,1778,0.5866384887837632,1.4160575472955537,3209,0.23784380685337395,0.23805963549641013
TOI-2076_b,NIRISS_SOSS,obs10,SOSS_HDU4_ordem_2,jw05959010001_04102_00001-seg008_nis_x1dints.fits,seg008,4,40,60783.288181392374,TDB-MID,678.5153699543891,4.7946726615941655,1778,0.5866384887837632,1.4160575472955537,3210,1.1718677447200454,1.1729311427059208
TOI-2076_b,NIRISS_SOSS,obs10,SOSS_HDU4_ordem_2,jw05959010001_04102_00001-seg008_nis_x1dints.fits,seg008,4,41,60783.28825846537,TDB-MID,691.5493742256601,4.794850403576876,1778,0.5866384887837632,1.4160575472955537,3211,1.1943788474399035,1.1954626728685513
TOI-2076_b,NIRISS_SOSS,obs10,SOSS_HDU4_ordem_2,jw05959010001_04102_00001-seg008_nis_x1dints.fits,seg008,4,42,60783.288335538375,TDB-MID,281.3090766042635,4.794234746737555,1778,0.5866384887837632,1.4160575472955537,3212,0.48585050209205555,0.48629138157499124
TOI-2076_b,NIRISS_SOSS,obs10,SOSS_HDU4_ordem_2,jw05959010001_04102_00001-seg008_nis_x1dints.fits,seg008,4,43,60783.28841261137,TDB-MID,746.7718552710751,4.794837254450603,1778,0.5866384887837632,1.4160575472955537,3213,1.2897539077349798,1.2909242801715792
TOI-2076_b,NIRISS_SOSS,obs10,SOSS_HDU4_ordem_2,jw05959010001_04102_00001-seg008_nis_x1dints.fits,seg008,4,44,60783.28848968436,TDB-MID,316.21981895286905,4.794340948421715,1778,0.5866384887837632,1.4160575472955537,3214,0.5461450432537583,0.5466406363286669
TOI-2076_b,NIRISS_SOSS,obs10,SOSS_HDU4_ordem_2,jw05959010001_04102_00001-seg008_nis_x1dints.fits,seg008,4,45,60783.28856675736,TDB-MID,892.660246519956,4.796200355004056,1778,0.5866384887837632,1.4160575472955537,3215,1.5417185758974035,1.5431175907911767
TOI-2076_b,NIRISS_SOSS,obs10,SOSS_HDU4_ordem_2,jw05959010001_04102_00001-seg008_nis_x1dints.fits,seg008,4,46,60783.28864383036,TDB-MID,674.1183900684251,4.794722000038117,1778,0.5866384887837632,1.4160575472955537,3216,1.1642736958145794,1.1653302026676053
TOI-2076_b,NIRISS_SOSS,obs10,SOSS_HDU4_ordem_2,jw05959010001_04102_00001-seg008_nis_x1dints.fits,seg008,4,47,60783.28872090336,TDB-MID,799.8678255788595,4.794848199470286,1778,0.5866384887837632,1.4160575472955537,3217,1.3814562592712294,1.3827098459582108
TOI-2076_b,NIRISS_SOSS,obs10,SOSS_HDU4_ordem_2,jw05959010001_04102_00001-seg008_nis_x1dints.fits,seg008,4,48,60783.288797976355,TDB-MID,514.7674704440418,4.794595364653126,1778,0.5866384887837632,1.4160575472955537,3218,0.8890578185208282,0.8898645838728071
TOI-2076_b,NIRISS_SOSS,obs10,SOSS_HDU4_ordem_2,jw05959010001_04102_00001-seg008_nis_x1dints.fits,seg008,4,49,60783.28887504935,TDB-MID,769.163268659865,4.794882847104453,1778,0.5866384887837632,1.4160575472955537,3219,1.3284262448270334,1.3296317100337496
TOI-2076_b,NIRISS_SOSS,obs10,SOSS_HDU4_ordem_2,jw05959010001_04102_00001-seg008_nis_x1dints.fits,seg008,4,50,60783.28895212235,TDB-MID,805.744071115105,4.7952304830877495,1778,0.5866384887837632,1.4160575472955537,3220,1.3916051562732887,1.3928679524608127
TOI-2076_b,NIRISS_SOSS,obs10,SOSS_HDU4_ordem_2,jw05959010001_04102_00001-seg008_nis_x1dints.fits,seg008,4,51,60783.28902919535,TDB-MID,192.60198690620098,4.794094299070513,1778,0.5866384887837632,1.4160575472955537,3221,0.3326439842321356,0.33294583821219415
TOI-2076_b,NIRISS_SOSS,obs10,SOSS_HDU4_ordem_2,jw05959010001_04102_00001-seg008_nis_x1dints.fits,seg008,4,52,60783.28910626835,TDB-MID,664.2804947957616,4.79473262166906,1778,0.5866384887837632,1.4160575472955537,3222,1.1472826110779974,1.1483236995654544
TOI-2076_b,NIRISS_SOSS,obs10,SOSS_HDU4_ordem_2,jw05959010001_04102_00001-seg008_nis_x1dints.fits,seg008,4,53,60783.289183341345,TDB-MID,595.8235363977285,4.7946044016926574,1778,0.5866384887837632,1.4160575472955537,3223,1.0290502098669687,1.0299840097138093
TOI-2076_b,NIRISS_SOSS,obs10,SOSS_HDU4_ordem_2,jw05959010001_04102_00001-seg008_nis_x1dints.fits,seg008,4,54,60783.28926041434,TDB-MID,645.5312926360142,4.796003814325002,1778,0.5866384887837632,1.4160575472955537,3224,1.1149007576621783,1.1159124616070053
TOI-2076_b,NIRISS_SOSS,obs10,SOSS_HDU4_ordem_2,jw05959010001_04102_00001-seg008_nis_x1dints.fits,seg008,4,55,60783.289337487346,TDB-MID,701.3358984253538,4.794816921181252,1778,0.5866384887837632,1.4160575472955537,3225,1.211281208904927,1.2123803721882254
TOI-2076_b,NIRISS_SOSS,obs10,SOSS_HDU4_ordem_2,jw05959010001_04102_00001-seg008_nis_x1dints.fits,seg008,4,56,60783.28941456034,TDB-MID,506.24360518620017,4.794565699279759,1778,0.5866384887837632,1.4160575472955537,3226,0.8743362024774424,0.8751296088672688
TOI-2076_b,NIRISS_SOSS,obs10,SOSS_HDU4_ordem_2,jw05959010001_04102_00001-seg008_nis_x1dints.fits,seg008,4,57,60783.28949163333,TDB-MID,799.3648203666146,4.811696896192594,1778,0.5866384887837632,1.4160575472955537,3227,1.3805875161155725,1.3818403144715103
TOI-2076_b,NIRISS_SOSS,obs10,SOSS_HDU4_ordem_2,jw05959010001_04102_00001-seg008_nis_x1dints.fits,seg008,4,58,60783.28956870633,TDB-MID,861.0672680869193,4.794931574623852,1778,0.5866384887837632,1.4160575472955537,3228,1.4871541636162189,1.488503664657954
TOI-2076_b,NIRISS_SOSS,obs10,SOSS_HDU4_ordem_2,jw05959010001_04102_00001-seg008_nis_x1dints.fits,seg008,4,59,60783.289645779325,TDB-MID,1147.7518192639116,4.7954940160781385,1778,0.5866384887837632,1.4160575472955537,3229,1.9822886783383302,1.9840874835341094
TOI-2076_b,NIRISS_SOSS,obs10,SOSS_HDU4_ordem_2,jw05959010001_04102_00001-seg008_nis_x1dints.fits,seg008,4,60,60783.28972285233,TDB-MID,399.2358685588523,4.794490464830541,1778,0.5866384887837632,1.4160575472955537,3230,0.6895225334849238,0.6901482328239722
TOI-2076_b,NIRISS_SOSS,obs10,SOSS_HDU4_ordem_2,jw05959010001_04102_00001-seg008_nis_x1dints.fits,seg008,4,61,60783.289799925325,TDB-MID,884.8833201446672,4.795235281109487,1778,0.5866384887837632,1.4160575472955537,3231,1.5282870022355184,1.529673828801348
TOI-2076_b,NIRISS_SOSS,obs10,SOSS_HDU4_ordem_2,jw05959010001_04102_00001-seg008_nis_x1dints.fits,seg008,4,62,60783.28987699832,TDB-MID,228.33462559040206,4.794089431473747,1778,0.5866384887837632,1.4160575472955537,3232,0.39435802721772895,0.39471588290045984
TOI-2076_b,NIRISS_SOSS,obs10,SOSS_HDU4_ordem_2,jw05959010001_04102_00001-seg008_nis_x1dints.fits,seg008,4,63,60783.28995407132,TDB-MID,541.6325698993894,4.794517739286745,1778,0.5866384887837632,1.4160575472955537,3233,0.9354566841980113,0.9363055536701269
TOI-2076_b,NIRISS_SOSS,obs10,SOSS_HDU4_ordem_2,jw05959010001_04102_00001-seg008_nis_x1dints.fits,seg008,4,64,60783.290031144315,TDB-MID,608.4325065948844,4.794623538239589,1778,0.5866384887837632,1.4160575472955537,3234,1.0508272338261704,1.0517807949844056
TOI-2076_b,NIRISS_SOSS,obs10,SOSS_HDU4_ordem_2,jw05959010001_04102_00001-seg008_nis_x1dints.fits,seg008,4,65,60783.29010821732,TDB-MID,262.49749338664185,4.79433304184056,1778,0.5866384887837632,1.4160575472955537,3235,0.45336090999728895,0.45377230717136247
TOI-2076_b,NIRISS_SOSS,obs10,SOSS_HDU4_ordem_2,jw05959010001_04102_00001-seg008_nis_x1dints.fits,seg008,4,66,60783.290185290316,TDB-MID,547.2048932175629,4.794530232033466,1778,0.5866384887837632,1.4160575472955537,3236,0.9450806754130635,0.945938278065967
TOI-2076_b,NIRISS_SOSS,obs10,SOSS_HDU4_ordem_2,jw05959010001_04102_00001-seg008_nis_x1dints.fits,seg008,4,67,60783.29026236331,TDB-MID,799.7992324254494,4.79493939641968,1778,0.5866384887837632,1.4160575472955537,3237,1.3813377916468403,1.3825912708317305
TOI-2076_b,NIRISS_SOSS,obs10,SOSS_HDU4_ordem_2,jw05959010001_04102_00001-seg008_nis_x1dints.fits,seg008,4,68,60783.2903394363,TDB-MID,622.1053798615972,4.794942378210433,1778,0.5866384887837632,1.4160575472955537,3238,1.0744417308124108,1.075416720675929
TOI-2076_b,NIRISS_SOSS,obs10,SOSS_HDU4_ordem_2,jw05959010001_04102_00001-seg008_nis_x1dints.fits,seg008,4,69,60783.2904165093,TDB-MID,435.18474589822847,4.7945472945188,1778,0.5866384887837632,1.4160575472955537,3239,0.7516100434786093,0.7522920834186962
TOI-2076_b,NIRISS_SOSS,obs10,SOSS_HDU4_ordem_2,jw05959010001_04102_00001-seg008_nis_x1dints.fits,seg008,4,70,60783.2904935823,TDB-MID,425.1605266277902,4.7943866364787775,1778,0.5866384887837632,1.4160575472955537,3240,0.7342971575084397,0.7349634870681078
TOI-2076_b,NIRISS_SOSS,obs10,SOSS_HDU4_ordem_2,jw05959010001_04102_00001-seg008_nis_x1dints.fits,seg008,4,71,60783.2905706553,TDB-MID,401.12948619922145,4.794423275640716,1778,0.5866384887837632,1.4160575472955537,3241,0.6927930112542493,0.693421678350955
TOI-2076_b,NIRISS_SOSS,obs10,SOSS_HDU4_ordem_2,jw05959010001_04102_00001-seg008_nis_x1dints.fits,seg008,4,72,60783.290647728296,TDB-MID,665.9492479145209,4.794709555272121,1778,0.5866384887837632,1.4160575472955537,3242,1.1501647240563764,1.1512084278843016
TOI-2076_b,NIRISS_SOSS,obs10,SOSS_HDU4_ordem_2,jw05959010001_04102_00001-seg008_nis_x1dints.fits,seg008,4,73,60783.29072480129,TDB-MID,687.8900842053421,4.794792577038548,1778,0.5866384887837632,1.4160575472955537,3243,1.188058866886368,1.1891369573209247
TOI-2076_b,NIRISS_SOSS,obs10,SOSS_HDU4_ordem_2,jw05959010001_04102_00001-seg008_nis_x1dints.fits,seg008,4,74,60783.29080187429,TDB-MID,600.5003221624744,4.796242306091245,1778,0.5866384887837632,1.4160575472955537,3244,1.03712751309304,1.0380686425963377
TOI-2076_b,NIRISS_SOSS,obs10,SOSS_HDU4_ordem_2,jw05959010001_04102_00001-seg008_nis_x1dints.fits,seg008,4,75,60783.29087894729,TDB-MID,391.9330257120114,4.794402654833508,1778,0.5866384887837632,1.4160575472955537,3245,0.6769097521745349,0.677524006189397
TOI-2076_b,NIRISS_SOSS,obs10,SOSS_HDU4_ordem_2,jw05959010001_04102_00001-seg008_nis_x1dints.fits,seg008,4,76,60783.29095602029,TDB-MID,597.9405179480133,4.7961505237362445,1778,0.5866384887837632,1.4160575472955537,3246,1.0327064607122707,1.0336435783821356
TOI-2076_b,NIRISS_SOSS,obs10,SOSS_HDU4_ordem_2,jw05959010001_04102_00001-seg008_nis_x1dints.fits,seg008,4,77,60783.29103309329,TDB-MID,505.50571918237114,4.79459443955381,1778,0.5866384887837632,1.4160575472955537,3247,0.8730617953741431,0.8738540453178152
TOI-2076_b,NIRISS_SOSS,obs10,SOSS_HDU4_ordem_2,jw05959010001_04102_00001-seg008_nis_x1dints.fits,seg008,4,78,60783.29111016628,TDB-MID,688.7135306765746,4.794813430965859,1778,0.5866384887837632,1.4160575472955537,3248,1.1894810459583112,1.1905604269330057
TOI-2076_b,NIRISS_SOSS,obs10,SOSS_HDU4_ordem_2,jw05959010001_04102_00001-seg008_nis_x1dints.fits,seg008,4,79,60783.29118723928,TDB-MID,416.8175696761252,4.797291231855916,1778,0.5866384887837632,1.4160575472955537,3249,0.7198879892269587,0.7205412433516234
TOI-2076_b,NIRISS_SOSS,obs10,SOSS_HDU4_ordem_2,jw05959010001_04102_00001-seg008_nis_x1dints.fits,seg008,4,80,60783.29126431228,TDB-MID,360.99932589093004,4.794807275442848,1778,0.5866384887837632,1.4160575472955537,3250,0.6234839837241986,0.6240497571363477
TOI-2076_b,NIRISS_SOSS,obs10,SOSS_HDU4_ordem_2,jw05959010001_04102_00001-seg008_nis_x1dints.fits,seg008,4,81,60783.29134138527,TDB-MID,517.943872007112,4.7945511048524505,1778,0.5866384887837632,1.4160575472955537,3251,0.8945437996803861,0.8953555432232418
TOI-2076_b,NIRISS_SOSS,obs10,SOSS_HDU4_ordem_2,jw05959010001_04102_00001-seg008_nis_x1dints.fits,seg008,4,82,60783.29141845827,TDB-MID,788.7252414648274,4.794899580062529,1778,0.5866384887837632,1.4160575472955537,3252,1.362211839035116,1.3634479625929936
TOI-2076_b,NIRISS_SOSS,obs10,SOSS_HDU4_ordem_2,jw05959010001_04102_00001-seg008_nis_x1dints.fits,seg008,4,83,60783.291495531266,TDB-MID,628.0379484435853,4.794624067245488,1778,0.5866384887837632,1.4160575472955537,3253,1.084687903666297,1.0856721913022178
TOI-2076_b,NIRISS_SOSS,obs10,SOSS_HDU4_ordem_2,jw05959010001_04102_00001-seg008_nis_x1dints.fits,seg008,4,84,60783.29157260426,TDB-MID,713.3482405148832,4.795486646240253,1778,0.5866384887837632,1.4160575472955537,3254,1.232027793074728,1.233145782608616
TOI-2076_b,NIRISS_SOSS,obs10,SOSS_HDU4_ordem_2,jw05959010001_04102_00001-seg008_nis_x1dints.fits,seg008,4,85,60783.29164967727,TDB-MID,652.7990088725729,4.794777376645669,1778,0.5866384887837632,1.4160575472955537,3255,1.1274528716046728,1.128475965821777
TOI-2076_b,NIRISS_SOSS,obs10,SOSS_HDU4_ordem_2,jw05959010001_04102_00001-seg008_nis_x1dints.fits,seg008,4,86,60783.29172675026,TDB-MID,348.28785823334454,4.794290290785885,1778,0.5866384887837632,1.4160575472955537,3256,0.6015299358196126,0.602075787282012
TOI-2076_b,NIRISS_SOSS,obs10,SOSS_HDU4_ordem_2,jw05959010001_04102_00001-seg008_nis_x1dints.fits,seg008,4,87,60783.29180382326,TDB-MID,774.4621649014659,4.795036636781225,1778,0.5866384887837632,1.4160575472955537,3257,1.3375779985869634,1.3387917684479884
TOI-2076_b,NIRISS_SOSS,obs10,SOSS_HDU4_ordem_2,jw05959010001_04102_00001-seg008_nis_x1dints.fits,seg008,4,88,60783.29188089626,TDB-MID,789.4867398889279,4.794847600174745,1778,0.5866384887837632,1.4160575472955537,3258,1.3635270272834212,1.364764344293837
TOI-2076_b,NIRISS_SOSS,obs10,SOSS_HDU4_ordem_2,jw05959010001_04102_00001-seg008_nis_x1dints.fits,seg008,4,89,60783.29195796925,TDB-MID,770.9023030341702,4.794989339185634,1778,0.5866384887837632,1.4160575472955537,3259,1.3314297409605766,1.3326379316555175
TOI-2076_b,NIRISS_SOSS,obs10,SOSS_HDU4_ordem_2,jw05959010001_04102_00001-seg008_nis_x1dints.fits,seg008,4,90,60783.29203504226,TDB-MID,392.8289635969492,4.794476061315595,1778,0.5866384887837632,1.4160575472955537,3260,0.6784571315783381,0.6790727897449476
TOI-2076_b,NIRISS_SOSS,obs10,SOSS_HDU4_ordem_2,jw05959010001_04102_00001-seg008_nis_x1dints.fits,seg008,4,91,60783.292112115254,TDB-MID,746.9006171888666,4.79548663770454,1778,0.5866384887837632,1.4160575472955537,3261,1.2899762931736742,1.2911468674113973
TOI-2076_b,NIRISS_SOSS,obs10,SOSS_HDU4_ordem_2,jw05959010001_04102_00001-seg008_nis_x1dints.fits,seg008,4,92,60783.29218918824,TDB-MID,346.6842124320792,4.794316690843127,1778,0.5866384887837632,1.4160575472955537,3262,0.5987602700586366,0.5993036082195097
TOI-2076_b,NIRISS_SOSS,obs10,SOSS_HDU4_ordem_2,jw05959010001_04102_00001-seg008_nis_x1dints.fits,seg008,4,93,60783.29226626124,TDB-MID,434.7838051224396,4.794541630696361,1778,0.5866384887837632,1.4160575472955537,3263,0.7509175763901753,0.7515989879589206
TOI-2076_b,NIRISS_SOSS,obs10,SOSS_HDU4_ordem_2,jw05959010001_04102_00001-seg008_nis_x1dints.fits,seg008,4,94,60783.29234333424,TDB-MID,780.4462124833342,4.794821590938337,1778,0.5866384887837632,1.4160575472955537,3264,1.3479130811135873,1.3491362294270803
TOI-2076_b,NIRISS_SOSS,obs10,SOSS_HDU4_ordem_2,jw05959010001_04102_00001-seg008_nis_x1dints.fits,seg008,4,95,60783.29242040723,TDB-MID,974.1737298181445,4.7952250644206265,1778,0.5866384887837632,1.4160575472955537,3265,1.682500975334198,1.684027741606642
TOI-2076_b,NIRISS_SOSS,obs10,SOSS_HDU4_ordem_2,jw05959010001_04102_00001-seg008_nis_x1dints.fits,seg008,4,96,60783.29249748024,TDB-MID,473.7387218454054,4.794549532679132,1778,0.5866384887837632,1.4160575472955537,3266,0.8181968340567596,0.818939297418607
TOI-2076_b,NIRISS_SOSS,obs10,SOSS_HDU4_ordem_2,jw05959010001_04102_00001-seg008_nis_x1dints.fits,seg008,4,97,60783.292574553234,TDB-MID,613.3949753178969,4.794667135415631,1778,0.5866384887837632,1.4160575472955537,3267,1.059397941710166,1.0603592802592736
TOI-2076_b,NIRISS_SOSS,obs10,SOSS_HDU4_ordem_2,jw05959010001_04102_00001-seg008_nis_x1dints.fits,seg008,4,98,60783.29265162623,TDB-MID,589.9402005682721,4.794555239673797,1778,0.5866384887837632,1.4160575472955537,3268,1.018889067179281,1.0198136464133716
TOI-2076_b,NIRISS_SOSS,obs10,SOSS_HDU4_ordem_2,jw05959010001_04102_00001-seg008_nis_x1dints.fits,seg008,4,99,60783.29272869923,TDB-MID,312.1553101256054,4.794194516683339,1778,0.5866384887837632,1.4160575472955537,3269,0.5391252069999085,0.5396144300046729
TOI-2076_b,NIRISS_SOSS,obs10,SOSS_HDU4_ordem_2,jw05959010001_04102_00001-seg008_nis_x1dints.fits,seg008,4,100,60783.292805772224,TDB-MID,914.132469157994,4.7948845331456775,1778,0.5866384887837632,1.4160575472955537,3270,1.5788033734291906,1.5802360404984588
TOI-2076_b,NIRISS_SOSS,obs10,SOSS_HDU4_ordem_2,jw05959010001_04102_00001-seg008_nis_x1dints.fits,seg008,4,101,60783.29288284523,TDB-MID,793.7571692731342,4.794763775986066,1778,0.5866384887837632,1.4160575472955537,3271,1.3709025100993706,1.3721465199073368
TOI-2076_b,NIRISS_SOSS,obs10,SOSS_HDU4_ordem_2,jw05959010001_04102_00001-seg008_nis_x1dints.fits,seg008,4,102,60783.292959918224,TDB-MID,718.5586588446781,4.794737368701849,1778,0.5866384887837632,1.4160575472955537,3272,1.2410267361312357,1.242152891653107
TOI-2076_b,NIRISS_SOSS,obs10,SOSS_HDU4_ordem_2,jw05959010001_04102_00001-seg008_nis_x1dints.fits,seg008,4,103,60783.29303699122,TDB-MID,742.5230968908154,4.7947752080688995,1778,0.5866384887837632,1.4160575472955537,3273,1.2824158530328882,1.283579566635651
TOI-2076_b,NIRISS_SOSS,obs10,SOSS_HDU4_ordem_2,jw05959010001_04102_00001-seg008_nis_x1dints.fits,seg008,4,104,60783.29311406422,TDB-MID,710.5736674463121,4.7947324387053065,1778,0.5866384887837632,1.4160575472955537,3274,1.2272358121876246,1.228349453293248
TOI-2076_b,NIRISS_SOSS,obs10,SOSS_HDU4_ordem_2,jw05959010001_04102_00001-seg008_nis_x1dints.fits,seg008,4,105,60783.29319113721,TDB-MID,953.5992684159454,4.795367426751925,1778,0.5866384887837632,1.4160575472955537,3275,1.646966706325899,1.6484612274322283
TOI-2076_b,NIRISS_SOSS,obs10,SOSS_HDU4_ordem_2,jw05959010001_04102_00001-seg008_nis_x1dints.fits,seg008,4,106,60783.293268210204,TDB-MID,853.0846673601884,4.795080644244706,1778,0.5866384887837632,1.4160575472955537,3276,1.4733673686151512,1.4747043589874
TOI-2076_b,NIRISS_SOSS,obs10,SOSS_HDU4_ordem_2,jw05959010001_04102_00001-seg008_nis_x1dints.fits,seg008,4,107,60783.29334528321,TDB-MID,698.0690009166956,4.79509075111311,1778,0.5866384887837632,1.4160575472955537,3277,1.2056389316843532,1.2067329749477014
TOI-2076_b,NIRISS_SOSS,obs10,SOSS_HDU4_ordem_2,jw05959010001_04102_00001-seg008_nis_x1dints.fits,seg008,4,108,60783.293422356204,TDB-MID,579.4014894856869,4.798426016429577,1778,0.5866384887837632,1.4160575472955537,3278,1.0006875994815994,1.0015956620019424
TOI-2076_b,NIRISS_SOSS,obs10,SOSS_HDU4_ordem_2,jw05959010001_04102_00001-seg008_nis_x1dints.fits,seg008,4,109,60783.2934994292,TDB-MID,299.44297583859725,4.794285679172349,1778,0.5866384887837632,1.4160575472955537,3279,0.5171696623347303,0.5176389620315266
TOI-2076_b,NIRISS_SOSS,obs10,SOSS_HDU4_ordem_2,jw05959010001_04102_00001-seg008_nis_x1dints.fits,seg008,4,110,60783.2935765022,TDB-MID,299.367015242923,4.794259439562561,1778,0.5866384887837632,1.4160575472955537,3280,0.5170384703590107,0.5175076510071488
TOI-2076_b,NIRISS_SOSS,obs10,SOSS_HDU4_ordem_2,jw05959010001_04102_00001-seg008_nis_x1dints.fits,seg008,4,111,60783.293653575194,TDB-MID,752.0328121157902,4.794859787855948,1778,0.5866384887837632,1.4160575472955537,3281,1.2988401361473152,1.300018753777996
TOI-2076_b,NIRISS_SOSS,obs10,SOSS_HDU4_ordem_2,jw05959010001_04102_00001-seg008_nis_x1dints.fits,seg008,4,112,60783.29373064819,TDB-MID,414.2206292323466,4.794418241171619,1778,0.5866384887837632,1.4160575472955537,3282,0.7154027986538585,0.7160519827436209
TOI-2076_b,NIRISS_SOSS,obs10,SOSS_HDU4_ordem_2,jw05959010001_04102_00001-seg008_nis_x1dints.fits,seg008,4,113,60783.293807721195,TDB-MID,960.5321084885529,4.795052718217716,1778,0.5866384887837632,1.4160575472955537,3283,1.6589404537458543,1.6604458402923727
TOI-2076_b,NIRISS_SOSS,obs10,SOSS_HDU4_ordem_2,jw05959010001_04102_00001-seg008_nis_x1dints.fits,seg008,4,114,60783.29388479419,TDB-MID,891.0551456063175,4.794999182021635,1778,0.5866384887837632,1.4160575472955537,3284,1.5389463970035928,1.5403428963153258
TOI-2076_b,NIRISS_SOSS,obs10,SOSS_HDU4_ordem_2,jw05959010001_04102_00001-seg008_nis_x1dints.fits,seg008,4,115,60783.29396186719,TDB-MID,530.8249024659062,4.794653121471717,1778,0.5866384887837632,1.4160575472955537,3285,0.9167907004608831,0.9176226316994822
TOI-2076_b,NIRISS_SOSS,obs10,SOSS_HDU4_ordem_2,jw05959010001_04102_00001-seg008_nis_x1dints.fits,seg008,4,116,60783.294038940185,TDB-MID,1121.7668243950368,4.795340609509756,1778,0.5866384887837632,1.4160575472955537,3286,1.937409846285348,1.9391679266981228
TOI-2076_b,NIRISS_SOSS,obs10,SOSS_HDU4_ordem_2,jw05959010001_04102_00001-seg008_nis_x1dints.fits,seg008,4,117,60783.294116013174,TDB-MID,436.92409541110067,4.794451814396191,1778,0.5866384887837632,1.4160575472955537,3287,0.7546140838897594,0.7552988498119695
TOI-2076_b,NIRISS_SOSS,obs10,SOSS_HDU4_ordem_2,jw05959010001_04102_00001-seg008_nis_x1dints.fits,seg008,4,118,60783.29419308617,TDB-MID,108.18017378241261,4.793978692368213,1778,0.5866384887837632,1.4160575472955537,3288,0.1868385918543604,0.18700813639823652
TOI-2076_b,NIRISS_SOSS,obs10,SOSS_HDU4_ordem_2,jw05959010001_04102_00001-seg008_nis_x1dints.fits,seg008,4,119,60783.294270159175,TDB-MID,580.9594149169029,4.794555536581732,1778,0.5866384887837632,1.4160575472955537,3289,1.0033783013320878,1.0042888054990597
TOI-2076_b,NIRISS_SOSS,obs10,SOSS_HDU4_ordem_2,jw05959010001_04102_00001-seg008_nis_x1dints.fits,seg008,4,120,60783.29434723217,TDB-MID,596.7110249102293,4.7946545681596175,1778,0.5866384887837632,1.4160575472955537,3290,1.030582996311702,1.031518187068076
TOI-2076_b,NIRISS_SOSS,obs10,SOSS_HDU4_ordem_2,jw05959010001_04102_00001-seg008_nis_x1dints.fits,seg008,4,121,60783.29442430517,TDB-MID,744.4935088495207,4.794682714060804,1778,0.5866384887837632,1.4160575472955537,3291,1.2858189627050722,1.2869857644207963
TOI-2076_b,NIRISS_SOSS,obs10,SOSS_HDU4_ordem_2,jw05959010001_04102_00001-seg008_nis_x1dints.fits,seg008,4,122,60783.294501378165,TDB-MID,671.7323233156982,4.794637023616081,1778,0.5866384887837632,1.4160575472955537,3292,1.1601527063895976,1.1612054736978892
TOI-2076_b,NIRISS_SOSS,obs10,SOSS_HDU4_ordem_2,jw05959010001_04102_00001-seg008_nis_x1dints.fits,seg008,4,123,60783.29457845116,TDB-MID,340.88578188618425,4.794650515838666,1778,0.5866384887837632,1.4160575472955537,3293,0.5887457677678625,0.5892800183831369
TOI-2076_b,NIRISS_SOSS,obs10,SOSS_HDU4_ordem_2,jw05959010001_04102_00001-seg008_nis_x1dints.fits,seg008,4,124,60783.29465552416,TDB-MID,532.0269970579975,4.794593568683667,1778,0.5866384887837632,1.4160575472955537,3294,0.9188668448504624,0.9197006600625494
TOI-2076_b,NIRISS_SOSS,obs10,SOSS_HDU4_ordem_2,jw05959010001_04102_00001-seg008_nis_x1dints.fits,seg008,4,125,60783.294732597155,TDB-MID,807.1667878467899,4.7948503257972614,1778,0.5866384887837632,1.4160575472955537,3295,1.3940623384117672,1.3953273643411275
TOI-2076_b,NIRISS_SOSS,obs10,SOSS_HDU4_ordem_2,jw05959010001_04102_00001-seg008_nis_x1dints.fits,seg008,4,126,60783.29480967016,TDB-MID,792.6793020154099,4.794858829511678,1778,0.5866384887837632,1.4160575472955537,3296,1.369040919443728,1.3702832399725393
TOI-2076_b,NIRISS_SOSS,obs10,SOSS_HDU4_ordem_2,jw05959010001_04102_00001-seg008_nis_x1dints.fits,seg008,4,127,60783.294886743155,TDB-MID,377.3410095292633,4.794425696400899,1778,0.5866384887837632,1.4160575472955537,3297,0.6517077982436388,0.6522991830335642
TOI-2076_b,NIRISS_SOSS,obs10,SOSS_HDU4_ordem_2,jw05959010001_04102_00001-seg008_nis_x1dints.fits,seg008,4,128,60783.29496381615,TDB-MID,846.487262355153,4.794908099539852,1778,0.5866384887837632,1.4160575472955537,3298,1.4619729530033496,1.4632996036434347
TOI-2076_b,NIRISS_SOSS,obs10,SOSS_HDU4_ordem_2,jw05959010001_04102_00001-seg008_nis_x1dints.fits,seg008,4,129,60783.29504088914,TDB-MID,622.3587075693567,4.794631879866939,1778,0.5866384887837632,1.4160575472955537,3299,1.0748792545336305,1.0758546414230472
TOI-2076_b,NIRISS_SOSS,obs10,SOSS_HDU4_ordem_2,jw05959010001_04102_00001-seg008_nis_x1dints.fits,seg008,4,130,60783.29511796214,TDB-MID,492.31632333191703,4.794510468050138,1778,0.5866384887837632,1.4160575472955537,3300,0.850282314976329,0.8510538939409734
TOI-2076_b,NIRISS_SOSS,obs10,SOSS_HDU4_ordem_2,jw05959010001_04102_00001-seg008_nis_x1dints.fits,seg008,4,131,60783.295195035134,TDB-MID,708.0498896194852,4.7947174906177175,1778,0.5866384887837632,1.4160575472955537,3301,1.2228769811853188,1.2239866669195878
TOI-2076_b,NIRISS_SOSS,obs10,SOSS_HDU4_ordem_2,jw05959010001_04102_00001-seg008_nis_x1dints.fits,seg008,4,132,60783.29527210814,TDB-MID,194.5176763557538,4.7942524668180155,1778,0.5866384887837632,1.4160575472955537,3302,0.3359525823483173,0.3362574386779061
TOI-2076_b,NIRISS_SOSS,obs10,SOSS_HDU4_ordem_2,jw05959010001_04102_00001-seg008_nis_x1dints.fits,seg008,4,133,60783.295349181135,TDB-MID,534.3398037935326,4.794529119127786,1778,0.5866384887837632,1.4160575472955537,3303,0.9228613064841422,0.9236987464247661
TOI-2076_b,NIRISS_SOSS,obs10,SOSS_HDU4_ordem_2,jw05959010001_04102_00001-seg008_nis_x1dints.fits,seg008,4,134,60783.29542625413,TDB-MID,455.1543635199022,4.794513169501939,1778,0.5866384887837632,1.4160575472955537,3304,0.7860996833622357,0.7868130205316824
TOI-2076_b,NIRISS_SOSS,obs10,SOSS_HDU4_ordem_2,jw05959010001_04102_00001-seg008_nis_x1dints.fits,seg008,4,135,60783.29550332713,TDB-MID,314.5849584130293,4.7942719799172195,1778,0.5866384887837632,1.4160575472955537,3305,0.5433214663407069,0.5438144971930302
TOI-2076_b,NIRISS_SOSS,obs10,SOSS_HDU4_ordem_2,jw05959010001_04102_00001-seg008_nis_x1dints.fits,seg008,4,136,60783.295580400125,TDB-MID,952.4461450560937,4.795034714923851,1778,0.5866384887837632,1.4160575472955537,3306,1.6449751404293382,1.6464678543119664
TOI-2076_b,NIRISS_SOSS,obs10,SOSS_HDU4_ordem_2,jw05959010001_04102_00001-seg008_nis_x1dints.fits,seg008,4,137,60783.29565747312,TDB-MID,159.20191591895235,4.794040826284324,1778,0.5866384887837632,1.4160575472955537,3307,0.2749585321487914,0.27520804012492917
TOI-2076_b,NIRISS_SOSS,obs10,SOSS_HDU4_ordem_2,jw05959010001_04102_00001-seg008_nis_x1dints.fits,seg008,4,138,60783.29573454612,TDB-MID,439.12748050074697,4.794424925408531,1778,0.5866384887837632,1.4160575472955537,3308,0.7584195627780669,0.7591077819385825
TOI-2076_b,NIRISS_SOSS,obs10,SOSS_HDU4_ordem_2,jw05959010001_04102_00001-seg008_nis_x1dints.fits,seg008,4,139,60783.29581161912,TDB-MID,174.96993219148737,4.794305618227107,1778,0.5866384887837632,1.4160575472955537,3309,0.3021915625063008,0.3024657827844555
TOI-2076_b,NIRISS_SOSS,obs10,SOSS_HDU4_ordem_2,jw05959010001_04102_00001-seg008_nis_x1dints.fits,seg008,4,140,60783.29588869212,TDB-MID,342.2619098974605,4.794360056567221,1778,0.5866384887837632,1.4160575472955537,3310,0.5911224862630217,0.5916588936043192
TOI-2076_b,NIRISS_SOSS,obs10,SOSS_HDU4_ordem_2,jw05959010001_04102_00001-seg008_nis_x1dints.fits,seg008,4,141,60783.29596576511,TDB-MID,650.6286629761942,4.794770906398767,1778,0.5866384887837632,1.4160575472955537,3311,1.1237044548944917,1.124724147653711
TOI-2076_b,NIRISS_SOSS,obs10,SOSS_HDU4_ordem_2,jw05959010001_04102_00001-seg008_nis_x1dints.fits,seg008,4,142,60783.296042838105,TDB-MID,433.77711301912416,4.794425439566703,1778,0.5866384887837632,1.4160575472955537,3312,0.7491789127474946,0.7498587465857971
TOI-2076_b,NIRISS_SOSS,obs10,SOSS_HDU4_ordem_2,jw05959010001_04102_00001-seg008_nis_x1dints.fits,seg008,4,143,60783.2961199111,TDB-MID,416.7762990699865,4.79459031677621,1778,0.5866384887837632,1.4160575472955537,3313,0.7198167105289652,0.7204698999725904
TOI-2076_b,NIRISS_SOSS,obs10,SOSS_HDU4_ordem_2,jw05959010001_04102_00001-seg008_nis_x1dints.fits,seg008,4,144,60783.2961969841,TDB-MID,555.098852879642,4.794595461589422,1778,0.5866384887837632,1.4160575472955537,3314,0.9587143779285031,0.9595843523288673
TOI-2076_b,NIRISS_SOSS,obs10,SOSS_HDU4_ordem_2,jw05959010001_04102_00001-seg008_nis_x1dints.fits,seg008,4,145,60783.296274057095,TDB-MID,514.6013435728235,4.794569554759411,1778,0.5866384887837632,1.4160575472955537,3315,0.888770899859096,0.8895774048500159
TOI-2076_b,NIRISS_SOSS,obs10,SOSS_HDU4_ordem_2,jw05959010001_04102_00001-seg008_nis_x1dints.fits,seg008,4,146,60783.2963511301,TDB-MID,757.7606562827499,4.79485786765233,1778,0.5866384887837632,1.4160575472955537,3316,1.3087327283025882,1.3099203228529088
TOI-2076_b,NIRISS_SOSS,obs10,SOSS_HDU4_ordem_2,jw05959010001_04102_00001-seg008_nis_x1dints.fits,seg008,4,147,60783.296428203095,TDB-MID,1034.9680748079004,4.79513300342835,1778,0.5866384887837632,1.4160575472955537,3317,1.7874992334571742,1.7891212791984077
TOI-2076_b,NIRISS_SOSS,obs10,SOSS_HDU4_ordem_2,jw05959010001_04102_00001-seg008_nis_x1dints.fits,seg008,4,148,60783.29650527609,TDB-MID,532.9925139777837,4.794552326933862,1778,0.5866384887837632,1.4160575472955537,3318,0.9205343946000796,0.9213697230111202
TOI-2076_b,NIRISS_SOSS,obs10,SOSS_HDU4_ordem_2,jw05959010001_04102_00001-seg008_nis_x1dints.fits,seg008,4,149,60783.29658234909,TDB-MID,637.4087950277731,4.794770204359524,1778,0.5866384887837632,1.4160575472955537,3319,1.1008723459634082,1.1018713199864392
TOI-2076_b,NIRISS_SOSS,obs10,SOSS_HDU4_ordem_2,jw05959010001_04102_00001-seg008_nis_x1dints.fits,seg008,4,150,60783.296659422085,TDB-MID,398.8897492455396,4.794446428231647,1778,0.5866384887837632,1.4160575472955537,3320,0.6889247488553389,0.6895499057415603
TOI-2076_b,NIRISS_SOSS,obs10,SOSS_HDU4_ordem_2,jw05959010001_04102_00001-seg008_nis_x1dints.fits,seg008,4,151,60783.29673649508,TDB-MID,518.3083174148153,4.794526550588394,1778,0.5866384887837632,1.4160575472955537,3321,0.8951732354115585,0.8959855501286714
TOI-2076_b,NIRISS_SOSS,obs10,SOSS_HDU4_ordem_2,jw05959010001_04102_00001-seg008_nis_x1dints.fits,seg008,4,152,60783.29681356808,TDB-MID,485.3432522208501,4.794546813815512,1778,0.5866384887837632,1.4160575472955537,3322,0.8382390843016166,0.8389997347742869
TOI-2076_b,NIRISS_SOSS,obs10,SOSS_HDU4_ordem_2,jw05959010001_04102_00001-seg008_nis_x1dints.fits,seg008,4,153,60783.296890641075,TDB-MID,147.6620095345903,4.794135500737051,1778,0.5866384887837632,1.4160575472955537,3323,0.25502789436555023,0.2552593165123174
TOI-2076_b,NIRISS_SOSS,obs10,SOSS_HDU4_ordem_2,jw05959010001_04102_00001-seg008_nis_x1dints.fits,seg008,4,154,60783.29696771407,TDB-MID,830.43039847507,4.794898675091488,1778,0.5866384887837632,1.4160575472955537,3324,1.4342410523041886,1.4355425379480693
TOI-2076_b,NIRISS_SOSS,obs10,SOSS_HDU4_ordem_2,jw05959010001_04102_00001-seg008_nis_x1dints.fits,seg008,4,155,60783.29704478707,TDB-MID,261.60771924107206,4.794226660629451,1778,0.5866384887837632,1.4160575472955537,3325,0.45182417602271563,0.4522341787051149
TOI-2076_b,NIRISS_SOSS,obs10,SOSS_HDU4_ordem_2,jw05959010001_04102_00001-seg008_nis_x1dints.fits,seg008,4,156,60783.297121860065,TDB-MID,616.061131228018,4.794763433193018,1778,0.5866384887837632,1.4160575472955537,3326,1.0640026747078515,1.0649681917692675
TOI-2076_b,NIRISS_SOSS,obs10,SOSS_HDU4_ordem_2,jw05959010001_04102_00001-seg008_nis_x1dints.fits,seg008,4,157,60783.29719893306,TDB-MID,490.6162804003494,4.794417278728276,1778,0.5866384887837632,1.4160575472955537,3327,0.8473461611847394,0.8481150757701974
TOI-2076_b,NIRISS_SOSS,obs10,SOSS_HDU4_ordem_2,jw05959010001_04102_00001-seg008_nis_x1dints.fits,seg008,4,158,60783.29727600606,TDB-MID,443.15330335032866,4.794442004484473,1778,0.5866384887837632,1.4160575472955537,3328,0.7653725842603936,0.7660671128607529
TOI-2076_b,NIRISS_SOSS,obs10,SOSS_HDU4_ordem_2,jw05959010001_04102_00001-seg008_nis_x1dints.fits,seg008,4,159,60783.297353079055,TDB-MID,1027.4286920170034,4.795270025447124,1778,0.5866384887837632,1.4160575472955537,3329,1.774477922667496,1.7760881523691383
TOI-2076_b,NIRISS_SOSS,obs10,SOSS_HDU4_ordem_2,jw05959010001_04102_00001-seg008_nis_x1dints.fits,seg008,4,160,60783.29743015205,TDB-MID,622.9060351220146,4.79461640475107,1778,0.5866384887837632,1.4160575472955537,3330,1.0758245470548589,1.0768007917391655
TOI-2076_b,NIRISS_SOSS,obs10,SOSS_HDU4_ordem_2,jw05959010001_04102_00001-seg008_nis_x1dints.fits,seg008,4,161,60783.29750722505,TDB-MID,382.73330042411686,4.794714639625509,1778,0.5866384887837632,1.4160575472955537,3331,0.6610208544390368,0.6616206902553217
TOI-2076_b,NIRISS_SOSS,obs10,SOSS_HDU4_ordem_2,jw05959010001_04102_00001-seg008_nis_x1dints.fits,seg008,4,162,60783.29758429805,TDB-MID,692.0044399293466,4.794788124837148,1778,0.5866384887837632,1.4160575472955537,3332,1.1951647939983645,1.1962493326252304
TOI-2076_b,NIRISS_SOSS,obs10,SOSS_HDU4_ordem_2,jw05959010001_04102_00001-seg008_nis_x1dints.fits,seg008,4,163,60783.29766137105,TDB-MID,234.91437011889832,4.794110148292561,1778,0.5866384887837632,1.4160575472955537,3333,0.4057219413203104,0.40609010905695936
TOI-2076_b,NIRISS_SOSS,obs10,SOSS_HDU4_ordem_2,jw05959010001_04102_00001-seg008_nis_x1dints.fits,seg008,4,164,60783.297738444046,TDB-MID,887.7240156281566,4.794927225089758,1778,0.5866384887837632,1.4160575472955537,3334,1.533193183520545,1.5345844621444849
TOI-2076_b,NIRISS_SOSS,obs10,SOSS_HDU4_ordem_2,jw05959010001_04102_00001-seg008_nis_x1dints.fits,seg008,4,165,60783.297815517035,TDB-MID,731.9843483620551,4.794820508858971,1778,0.5866384887837632,1.4160575472955537,3335,1.2642143206617051,1.2653615174920332
TOI-2076_b,NIRISS_SOSS,obs10,SOSS_HDU4_ordem_2,jw05959010001_04102_00001-seg008_nis_x1dints.fits,seg008,4,166,60783.29789259003,TDB-MID,649.0609783618584,4.7947033098699245,1778,0.5866384887837632,1.4160575472955537,3336,1.1209968979034723,1.1220141337210585
TOI-2076_b,NIRISS_SOSS,obs10,SOSS_HDU4_ordem_2,jw05959010001_04102_00001-seg008_nis_x1dints.fits,seg008,4,167,60783.29796966303,TDB-MID,814.3753942404295,4.794907529169785,1778,0.5866384887837632,1.4160575472955537,3337,1.4065123634092214,1.4077886869714125
TOI-2076_b,NIRISS_SOSS,obs10,SOSS_HDU4_ordem_2,jw05959010001_04102_00001-seg008_nis_x1dints.fits,seg008,4,168,60783.298046736025,TDB-MID,237.0407832532101,4.794568840345138,1778,0.5866384887837632,1.4160575472955537,3338,0.40939448150789165,0.40976598184914215
TOI-2076_b,NIRISS_SOSS,obs10,SOSS_HDU4_ordem_2,jw05959010001_04102_00001-seg008_nis_x1dints.fits,seg008,4,169,60783.29812380902,TDB-MID,878.7175121309288,4.794991615185637,1778,0.5866384887837632,1.4160575472955537,3339,1.51763800023587,1.5190151634865952
TOI-2076_b,NIRISS_SOSS,obs10,SOSS_HDU4_ordem_2,jw05959010001_04102_00001-seg008_nis_x1dints.fits,seg008,4,170,60783.298200882025,TDB-MID,465.16949054322504,4.794486755416083,1778,0.5866384887837632,1.4160575472955537,3340,0.803396866060831,0.8041258993609427
TOI-2076_b,NIRISS_SOSS,obs10,SOSS_HDU4_ordem_2,jw05959010001_04102_00001-seg008_nis_x1dints.fits,seg008,4,171,60783.29827795502,TDB-MID,672.7282600514185,4.794707890997959,1778,0.5866384887837632,1.4160575472955537,3341,1.1618727943758886,1.162927122558356
TOI-2076_b,NIRISS_SOSS,obs10,SOSS_HDU4_ordem_2,jw05959010001_04102_00001-seg008_nis_x1dints.fits,seg008,4,172,60783.29835502802,TDB-MID,440.4815258724285,4.794476689119354,1778,0.5866384887837632,1.4160575472955537,3342,0.7607581422211054,0.7614484834987976
TOI-2076_b,NIRISS_SOSS,obs10,SOSS_HDU4_ordem_2,jw05959010001_04102_00001-seg008_nis_x1dints.fits,seg008,4,173,60783.298432101015,TDB-MID,298.19874359357226,4.794273533699117,1778,0.5866384887837632,1.4160575472955537,3343,0.5150207417657188,0.5154880914491154
TOI-2076_b,NIRISS_SOSS,obs10,SOSS_HDU4_ordem_2,jw05959010001_04102_00001-seg008_nis_x1dints.fits,seg008,4,174,60783.29850917401,TDB-MID,684.9024578468448,4.79472661256356,1778,0.5866384887837632,1.4160575472955537,3344,1.1828989204535647,1.1839723285537296
TOI-2076_b,NIRISS_SOSS,obs10,SOSS_HDU4_ordem_2,jw05959010001_04102_00001-seg008_nis_x1dints.fits,seg008,4,175,60783.29858624701,TDB-MID,728.1106397568137,4.795020364195562,1778,0.5866384887837632,1.4160575472955537,3345,1.257524016553735,1.2586651423440967
TOI-2076_b,NIRISS_SOSS,obs10,SOSS_HDU4_ordem_2,jw05959010001_04102_00001-seg008_nis_x1dints.fits,seg008,4,176,60783.298663320005,TDB-MID,627.7366104078997,4.794667121832493,1778,0.5866384887837632,1.4160575472955537,3346,1.0841674610353498,1.0851512764015556
TOI-2076_b,NIRISS_SOSS,obs10,SOSS_HDU4_ordem_2,jw05959010001_04102_00001-seg008_nis_x1dints.fits,seg008,4,177,60783.298740393,TDB-MID,535.1021605572025,4.794659541426931,1778,0.5866384887837632,1.4160575472955537,3347,0.9241779771755873,0.9250166119139754
TOI-2076_b,NIRISS_SOSS,obs10,SOSS_HDU4_ordem_2,jw05959010001_04102_00001-seg008_nis_x1dints.fits,seg008,4,178,60783.29881746599,TDB-MID,667.6548227632944,4.794725234691908,1778,0.5866384887837632,1.4160575472955537,3348,1.1531104320535552,1.1541568089305214
TOI-2076_b,NIRISS_SOSS,obs10,SOSS_HDU4_ordem_2,jw05959010001_04102_00001-seg008_nis_x1dints.fits,seg008,4,179,60783.298894538995,TDB-MID,781.0607390970476,4.794935152727511,1778,0.5866384887837632,1.4160575472955537,3349,1.3489744335143903,1.350198544939984
TOI-2076_b,NIRISS_SOSS,obs10,SOSS_HDU4_ordem_2,jw05959010001_04102_00001-seg008_nis_x1dints.fits,seg008,4,180,60783.29897161199,TDB-MID,854.1739434185185,4.795586318894676,1778,0.5866384887837632,1.4160575472955537,3350,1.4752486634750432,1.476587361006802
TOI-2076_b,NIRISS_SOSS,obs10,SOSS_HDU4_ordem_2,jw05959010001_04102_00001-seg008_nis_x1dints.fits,seg008,4,181,60783.29904868499,TDB-MID,577.5553773753503,4.79466754881215,1778,0.5866384887837632,1.4160575472955537,3351,0.9974991687826958,0.9984043379980575
TOI-2076_b,NIRISS_SOSS,obs10,SOSS_HDU4_ordem_2,jw05959010001_04102_00001-seg008_nis_x1dints.fits,seg008,4,182,60783.299125757985,TDB-MID,935.397780258321,4.795107645269513,1778,0.5866384887837632,1.4160575472955537,3352,1.6155308128703716,1.616996807834621
TOI-2076_b,NIRISS_SOSS,obs10,SOSS_HDU4_ordem_2,jw05959010001_04102_00001-seg008_nis_x1dints.fits,seg008,4,183,60783.29920283098,TDB-MID,659.4844011200144,4.794877549790005,1778,0.5866384887837632,1.4160575472955537,3353,1.1389992504819924,1.140032822328588
TOI-2076_b,NIRISS_SOSS,obs10,SOSS_HDU4_ordem_2,jw05959010001_04102_00001-seg008_nis_x1dints.fits,seg008,4,184,60783.29927990398,TDB-MID,695.26526286134,4.794789246190453,1778,0.5866384887837632,1.4160575472955537,3354,1.200796579783119,1.2018862289096015
TOI-2076_b,NIRISS_SOSS,obs10,SOSS_HDU4_ordem_2,jw05959010001_04102_00001-seg008_nis_x1dints.fits,seg008,4,185,60783.299356976975,TDB-MID,602.541016157214,4.794680068844892,1778,0.5866384887837632,1.4160575472955537,3355,1.0406520072683747,1.0415963350336128
TOI-2076_b,NIRISS_SOSS,obs10,SOSS_HDU4_ordem_2,jw05959010001_04102_00001-seg008_nis_x1dints.fits,seg008,4,186,60783.29943404997,TDB-MID,252.82672792892984,4.79419398124299,1778,0.5866384887837632,1.4160575472955537,3356,0.4366584761122506,0.43705471685366987
TOI-2076_b,NIRISS_SOSS,obs10,SOSS_HDU4_ordem_2,jw05959010001_04102_00001-seg008_nis_x1dints.fits,seg008,4,187,60783.29951112297,TDB-MID,643.3062188089693,4.794614406598834,1778,0.5866384887837632,1.4160575472955537,3357,1.1110578200324677,1.1120660367474826
TOI-2076_b,NIRISS_SOSS,obs10,SOSS_HDU4_ordem_2,jw05959010001_04102_00001-seg008_nis_x1dints.fits,seg008,4,188,60783.299588195965,TDB-MID,893.7035039690641,4.794971879030819,1778,0.5866384887837632,1.4160575472955537,3358,1.5435203917562406,1.5449210416872132
TOI-2076_b,NIRISS_SOSS,obs10,SOSS_HDU4_ordem_2,jw05959010001_04102_00001-seg008_nis_x1dints.fits,seg008,4,189,60783.29966526896,TDB-MID,353.1405035629597,4.794324250962985,1778,0.5866384887837632,1.4160575472955537,3359,0.6099109670978349,0.6104644238312397
TOI-2076_b,NIRISS_SOSS,obs10,SOSS_HDU4_ordem_2,jw05959010001_04102_00001-seg008_nis_x1dints.fits,seg008,4,190,60783.29974234196,TDB-MID,928.3539032837768,4.79511411756753,1778,0.5866384887837632,1.4160575472955537,3360,1.6033652929871605,1.6048202484894918
TOI-2076_b,NIRISS_SOSS,obs10,SOSS_HDU4_ordem_2,jw05959010001_04102_00001-seg008_nis_x1dints.fits,seg008,4,191,60783.299819414955,TDB-MID,1020.1398392153615,4.795402142508125,1778,0.5866384887837632,1.4160575472955537,3361,1.7618893036435368,1.7634881099467834
TOI-2076_b,NIRISS_SOSS,obs10,SOSS_HDU4_ordem_2,jw05959010001_04102_00001-seg008_nis_x1dints.fits,seg008,4,192,60783.29989648795,TDB-MID,754.6525365913338,4.795515521855562,1778,0.5866384887837632,1.4160575472955537,3362,1.3033646771509326,1.3045474005246136
TOI-2076_b,NIRISS_SOSS,obs10,SOSS_HDU4_ordem_2,jw05959010001_04102_00001-seg008_nis_x1dints.fits,seg008,4,193,60783.29997356095,TDB-MID,793.4031446442598,4.794785223770404,1778,0.5866384887837632,1.4160575472955537,3363,1.3702910721544317,1.3715345271200259
TOI-2076_b,NIRISS_SOSS,obs10,SOSS_HDU4_ordem_2,jw05959010001_04102_00001-seg008_nis_x1dints.fits,seg008,4,194,60783.300050633945,TDB-MID,540.2161151580481,4.794567326149301,1778,0.5866384887837632,1.4160575472955537,3364,0.93301031717858,0.9338569667229154
TOI-2076_b,NIRISS_SOSS,obs10,SOSS_HDU4_ordem_2,jw05959010001_04102_00001-seg008_nis_x1dints.fits,seg008,4,195,60783.30012770694,TDB-MID,567.5133157256618,4.793692673003365,1778,0.5866384887837632,1.4160575472955537,3365,0.980155467138102,0.9810448980097131
TOI-2076_b,NIRISS_SOSS,obs10,SOSS_HDU4_ordem_2,jw05959010001_04102_00001-seg008_nis_x1dints.fits,seg008,4,196,60783.30020477994,TDB-MID,651.4796153498397,4.795451462122999,1778,0.5866384887837632,1.4160575472955537,3366,1.1251741395665356,1.1261951659743064
TOI-2076_b,NIRISS_SOSS,obs10,SOSS_HDU4_ordem_2,jw05959010001_04102_00001-seg008_nis_x1dints.fits,seg008,4,197,60783.300281852935,TDB-MID,679.1244267703561,4.794700458653803,1778,0.5866384887837632,1.4160575472955537,3367,1.1729196502021297,1.1739840027276074
TOI-2076_b,NIRISS_SOSS,obs10,SOSS_HDU4_ordem_2,jw05959010001_04102_00001-seg008_nis_x1dints.fits,seg008,4,198,60783.30035892593,TDB-MID,741.0834460996745,4.794936125016358,1778,0.5866384887837632,1.4160575472955537,3368,1.279929423984255,1.2810908813054072
TOI-2076_b,NIRISS_SOSS,obs10,SOSS_HDU4_ordem_2,jw05959010001_04102_00001-seg008_nis_x1dints.fits,seg008,4,199,60783.300435998935,TDB-MID,695.268025661087,4.794723570734644,1778,0.5866384887837632,1.4160575472955537,3369,1.2008013514302356,1.2018910048866946
TOI-2076_b,NIRISS_SOSS,obs10,SOSS_HDU4_ordem_2,jw05959010001_04102_00001-seg008_nis_x1dints.fits,seg008,4,200,60783.30051307193,TDB-MID,564.7192106681591,4.79483625516781,1778,0.5866384887837632,1.4160575472955537,3370,0.9753297524421083,0.9762148042740955
TOI-2076_b,NIRISS_SOSS,obs10,SOSS_HDU4_ordem_2,jw05959010001_04102_00001-seg008_nis_x1dints.fits,seg008,4,201,60783.30059014493,TDB-MID,588.6760098878375,4.794629191716975,1778,0.5866384887837632,1.4160575472955537,3371,1.0167056762832478,1.0176282742242346
TOI-2076_b,NIRISS_SOSS,obs10,SOSS_HDU4_ordem_2,jw05959010001_04102_00001-seg008_nis_x1dints.fits,seg008,4,202,60783.30066721792,TDB-MID,756.7164960395907,4.794807877574498,1778,0.5866384887837632,1.4160575472955537,3372,1.3069293532230235,1.3081153113212478
TOI-2076_b,NIRISS_SOSS,obs10,SOSS_HDU4_ordem_2,jw05959010001_04102_00001-seg008_nis_x1dints.fits,seg008,4,203,60783.300744290915,TDB-MID,466.0176252217258,4.794463489554671,1778,0.5866384887837632,1.4160575472955537,3373,0.8048616842756054,0.8055920468082574
TOI-2076_b,NIRISS_SOSS,obs10,SOSS_HDU4_ordem_2,jw05959010001_04102_00001-seg008_nis_x1dints.fits,seg008,4,204,60783.30082136391,TDB-MID,826.4616115289389,4.794918754318302,1778,0.5866384887837632,1.4160575472955537,3374,1.4273865378542807,1.4286818034473978
TOI-2076_b,NIRISS_SOSS,obs10,SOSS_HDU4_ordem_2,jw05959010001_04102_00001-seg008_nis_x1dints.fits,seg008,4,205,60783.30089843691,TDB-MID,474.9132329206734,4.794551611079105,1778,0.5866384887837632,1.4160575472955537,3375,0.8202253387979499,0.820969642903231
TOI-2076_b,NIRISS_SOSS,obs10,SOSS_HDU4_ordem_2,jw05959010001_04102_00001-seg008_nis_x1dints.fits,seg008,4,206,60783.300975509905,TDB-MID,134.79064498834597,4.79420403304212,1778,0.5866384887837632,1.4160575472955537,3376,0.23279768763745382,0.23300893723730454
TOI-2076_b,NIRISS_SOSS,obs10,SOSS_HDU4_ordem_2,jw05959010001_04102_00001-seg008_nis_x1dints.fits,seg008,4,207,60783.3010525829,TDB-MID,429.93558763792896,4.794421787946754,1778,0.5866384887837632,1.4160575472955537,3377,0.7425441924683523,0.7432180057055986
TOI-2076_b,NIRISS_SOSS,obs10,SOSS_HDU4_ordem_2,jw05959010001_04102_00001-seg008_nis_x1dints.fits,seg008,4,208,60783.3011296559,TDB-MID,489.7027077968879,4.7945395482966955,1778,0.5866384887837632,1.4160575472955537,3378,0.8457683247585308,0.8465358075543647
TOI-2076_b,NIRISS_SOSS,obs10,SOSS_HDU4_ordem_2,jw05959010001_04102_00001-seg008_nis_x1dints.fits,seg008,4,209,60783.301206728895,TDB-MID,479.01176168661027,4.79455173639396,1778,0.5866384887837632,1.4160575472955537,3379,0.8273039310808802,0.8280546585737921
TOI-2076_b,NIRISS_SOSS,obs10,SOSS_HDU4_ordem_2,jw05959010001_04102_00001-seg008_nis_x1dints.fits,seg008,4,210,60783.30128380189,TDB-MID,584.5942200023196,4.794625182430234,1778,0.5866384887837632,1.4160575472955537,3380,1.0096559938156502,1.0105721946028876
TOI-2076_b,NIRISS_SOSS,obs10,SOSS_HDU4_ordem_2,jw05959010001_04102_00001-seg008_nis_x1dints.fits,seg008,4,211,60783.301360874895,TDB-MID,208.1946407465608,4.794376098596894,1778,0.5866384887837632,1.4160575472955537,3381,0.3595741451381901,0.3599004365848449
TOI-2076_b,NIRISS_SOSS,obs10,SOSS_HDU4_ordem_2,jw05959010001_04102_00001-seg008_nis_x1dints.fits,seg008,4,212,60783.30143794789,TDB-MID,515.6506282882159,4.794533094833089,1778,0.5866384887837632,1.4160575472955537,3382,0.8905831254437262,0.8913912749180319
TOI-2076_b,NIRISS_SOSS,obs10,SOSS_HDU4_ordem_2,jw05959010001_04102_00001-seg008_nis_x1dints.fits,seg008,4,213,60783.30151502089,TDB-MID,571.0303468112753,4.794624934914887,1778,0.5866384887837632,1.4160575472955537,3383,0.986229751478463,0.9871246943899458
TOI-2076_b,NIRISS_SOSS,obs10,SOSS_HDU4_ordem_2,jw05959010001_04102_00001-seg008_nis_x1dints.fits,seg008,4,214,60783.30159209388,TDB-MID,699.0349689488696,4.7947031644033205,1778,0.5866384887837632,1.4160575472955537,3384,1.2073072605527346,1.208402817722039
TOI-2076_b,NIRISS_SOSS,obs10,SOSS_HDU4_ordem_2,jw05959010001_04102_00001-seg008_nis_x1dints.fits,seg008,4,215,60783.301669166874,TDB-MID,837.2742280416401,4.795201507572221,1778,0.5866384887837632,1.4160575472955537,3385,1.4460610691742029,1.4473732807572428
TOI-2076_b,NIRISS_SOSS,obs10,SOSS_HDU4_ordem_2,jw05959010001_04102_00001-seg008_nis_x1dints.fits,seg008,4,216,60783.30174623987,TDB-MID,540.3927224041201,4.79456360914108,1778,0.5866384887837632,1.4160575472955537,3386,0.9333153365551781,0.9341622628858592
TOI-2076_b,NIRISS_SOSS,obs10,SOSS_HDU4_ordem_2,jw05959010001_04102_00001-seg008_nis_x1dints.fits,seg008,4,217,60783.30182331287,TDB-MID,679.9437931198421,4.7946516097204945,1778,0.5866384887837632,1.4160575472955537,3387,1.1743347824726578,1.1754004191437337
TOI-2076_b,NIRISS_SOSS,obs10,SOSS_HDU4_ordem_2,jw05959010001_04102_00001-seg008_nis_x1dints.fits,seg008,4,218,60783.301900385864,TDB-MID,360.0283687842668,4.794386021956668,1778,0.5866384887837632,1.4160575472955537,3388,0.6218070381969633,0.6223712898840679
TOI-2076_b,NIRISS_SOSS,obs10,SOSS_HDU4_ordem_2,jw05959010001_04102_00001-seg008_nis_x1dints.fits,seg008,4,219,60783.30197745886,TDB-MID,7.048438028107938,4.793950311824223,1778,0.5866384887837632,1.4160575472955537,3389,0.012173397304696418,0.012184443914890614
TOI-2076_b,NIRISS_SOSS,obs10,SOSS_HDU4_ordem_2,jw05959010001_04102_00001-seg008_nis_x1dints.fits,seg008,4,220,60783.30205453186,TDB-MID,436.2415954457722,4.794497364296367,1778,0.5866384887837632,1.4160575472955537,3390,0.7534353343277638,0.7541190306071617
TOI-2076_b,NIRISS_SOSS,obs10,SOSS_HDU4_ordem_2,jw05959010001_04102_00001-seg008_nis_x1dints.fits,seg008,4,221,60783.302131604854,TDB-MID,688.6102871256835,4.794774946230115,1778,0.5866384887837632,1.4160575472955537,3391,1.1893027334358584,1.1903819526028931
TOI-2076_b,NIRISS_SOSS,obs10,SOSS_HDU4_ordem_2,jw05959010001_04102_00001-seg008_nis_x1dints.fits,seg008,4,222,60783.30220867785,TDB-MID,422.49628481198357,4.794468297939484,1778,0.5866384887837632,1.4160575472955537,3392,0.7296957303539038,0.7303578844011128
TOI-2076_b,NIRISS_SOSS,obs10,SOSS_HDU4_ordem_2,jw05959010001_04102_00001-seg008_nis_x1dints.fits,seg008,4,223,60783.30228575085,TDB-MID,568.6941389613426,4.79463651792729,1778,0.5866384887837632,1.4160575472955537,3393,0.9821948736473507,0.9830861551550801
TOI-2076_b,NIRISS_SOSS,obs10,SOSS_HDU4_ordem_2,jw05959010001_04102_00001-seg008_nis_x1dints.fits,seg008,4,224,60783.302362823844,TDB-MID,966.935422988239,4.795066061054463,1778,0.5866384887837632,1.4160575472955537,3394,1.6699996545447762,1.6715150766366091
TOI-2076_b,NIRISS_SOSS,obs10,SOSS_HDU4_ordem_2,jw05959010001_04102_00001-seg008_nis_x1dints.fits,seg008,4,225,60783.30243989685,TDB-MID,104.3845258170036,4.794122736494054,1778,0.5866384887837632,1.4160575472955537,3395,0.1802831067202888,0.18044670256413506
TOI-2076_b,NIRISS_SOSS,obs10,SOSS_HDU4_ordem_2,jw05959010001_04102_00001-seg008_nis_x1dints.fits,seg008,4,226,60783.30251696984,TDB-MID,249.95345788360743,4.7941998292361365,1778,0.5866384887837632,1.4160575472955537,3396,0.43169603511668414,0.4320877727477622
TOI-2076_b,NIRISS_SOSS,obs10,SOSS_HDU4_ordem_2,jw05959010001_04102_00001-seg008_nis_x1dints.fits,seg008,4,227,60783.302594042834,TDB-MID,540.5600600562829,4.794557963591397,1778,0.5866384887837632,1.4160575472955537,3397,0.933604346363548,0.9344515349528754
TOI-2076_b,NIRISS_SOSS,obs10,SOSS_HDU4_ordem_2,jw05959010001_04102_00001-seg008_nis_x1dints.fits,seg008,4,228,60783.30267111583,TDB-MID,771.8585313612839,4.794664584058558,1778,0.5866384887837632,1.4160575472955537,3398,1.3330812483290941,1.3342909376655132
TOI-2076_b,NIRISS_SOSS,obs10,SOSS_HDU4_ordem_2,jw05959010001_04102_00001-seg008_nis_x1dints.fits,seg008,4,229,60783.30274818883,TDB-MID,515.3394507376836,4.794577994888753,1778,0.5866384887837632,1.4160575472955537,3399,0.8900456889308668,0.890853350714554
TOI-2076_b,NIRISS_SOSS,obs10,SOSS_HDU4_ordem_2,jw05959010001_04102_00001-seg008_nis_x1dints.fits,seg008,4,230,60783.302825261824,TDB-MID,190.55262041075804,4.794130570954616,1778,0.5866384887837632,1.4160575472955537,3400,0.32910451173163646,0.3294031538578446
TOI-2076_b,NIRISS_SOSS,obs10,SOSS_HDU4_ordem_2,jw05959010001_04102_00001-seg008_nis_x1dints.fits,seg008,4,231,60783.30290233482,TDB-MID,792.7126463390194,4.794846518752164,1778,0.5866384887837632,1.4160575472955537,3401,1.3690985086141991,1.3703408814016445
TOI-2076_b,NIRISS_SOSS,obs10,SOSS_HDU4_ordem_2,jw05959010001_04102_00001-seg008_nis_x1dints.fits,seg008,4,232,60783.30297940782,TDB-MID,484.53869046655734,4.79452871839321,1778,0.5866384887837632,1.4160575472955537,3402,0.8368495211314346,0.8376089106608943
TOI-2076_b,NIRISS_SOSS,obs10,SOSS_HDU4_ordem_2,jw05959010001_04102_00001-seg008_nis_x1dints.fits,seg008,4,233,60783.303056480814,TDB-MID,563.2558726927616,4.794502996747071,1778,0.5866384887837632,1.4160575472955537,3403,0.9728024131231662,0.9736851715499859
TOI-2076_b,NIRISS_SOSS,obs10,SOSS_HDU4_ordem_2,jw05959010001_04102_00001-seg008_nis_x1dints.fits,seg008,4,234,60783.30313355381,TDB-MID,340.5915847034662,4.794207140611303,1778,0.5866384887837632,1.4160575472955537,3404,0.588237658144586,0.5887714476815925
TOI-2076_b,NIRISS_SOSS,obs10,SOSS_HDU4_ordem_2,jw05959010001_04102_00001-seg008_nis_x1dints.fits,seg008,4,235,60783.30321062681,TDB-MID,631.9507799937226,4.794667350882308,1778,0.5866384887837632,1.4160575472955537,3405,1.0914457772343449,1.0924361972253656
TOI-2076_b,NIRISS_SOSS,obs10,SOSS_HDU4_ordem_2,jw05959010001_04102_00001-seg008_nis_x1dints.fits,seg008,4,236,60783.303287699804,TDB-MID,287.01937771827824,4.7942748072933625,1778,0.5866384887837632,1.4160575472955537,3406,0.4957127955410641,0.4961626244494252
TOI-2076_b,NIRISS_SOSS,obs10,SOSS_HDU4_ordem_2,jw05959010001_04102_00001-seg008_nis_x1dints.fits,seg008,4,237,60783.3033647728,TDB-MID,869.6003753630043,4.7950149767698935,1778,0.5866384887837632,1.4160575472955537,3407,1.5018917416017437,1.503254616090113
TOI-2076_b,NIRISS_SOSS,obs10,SOSS_HDU4_ordem_2,jw05959010001_04102_00001-seg008_nis_x1dints.fits,seg008,4,238,60783.30344184579,TDB-MID,355.20745746335615,4.794314867661569,1778,0.5866384887837632,1.4160575472955537,3408,0.613480814905204,0.6140375110561841
TOI-2076_b,NIRISS_SOSS,obs10,SOSS_HDU4_ordem_2,jw05959010001_04102_00001-seg008_nis_x1dints.fits,seg008,4,239,60783.30351891879,TDB-MID,700.666060576883,4.794734420536586,1778,0.5866384887837632,1.4160575472955537,3409,1.2101243281567895,1.2112224416418806
TOI-2076_b,NIRISS_SOSS,obs10,SOSS_HDU4_ordem_2,jw05959010001_04102_00001-seg008_nis_x1dints.fits,seg008,4,240,60783.30359599178,TDB-MID,1101.9297258066476,4.795258141774749,1778,0.5866384887837632,1.4160575472955537,3410,1.9031490807758982,1.9048760716487472
TOI-2076_b,NIRISS_SOSS,obs10,SOSS_HDU4_ordem_2,jw05959010001_04102_00001-seg008_nis_x1dints.fits,seg008,4,241,60783.30367306479,TDB-MID,492.8393407861089,4.794540732459156,1778,0.5866384887837632,1.4160575472955537,3411,0.8511856213885834,0.8519580200483033
TOI-2076_b,NIRISS_SOSS,obs10,SOSS_HDU4_ordem_2,jw05959010001_04102_00001-seg008_nis_x1dints.fits,seg008,4,242,60783.303750137784,TDB-MID,695.2680681452116,4.794759091423959,1778,0.5866384887837632,1.4160575472955537,3412,1.2008014248048082,1.2018910783278502
TOI-2076_b,NIRISS_SOSS,obs10,SOSS_HDU4_ordem_2,jw05959010001_04102_00001-seg008_nis_x1dints.fits,seg008,4,243,60783.30382721078,TDB-MID,433.9658522345144,4.795014462057305,1778,0.5866384887837632,1.4160575472955537,3413,0.7495048853171277,0.7501850149555114
TOI-2076_b,NIRISS_SOSS,obs10,SOSS_HDU4_ordem_2,jw05959010001_04102_00001-seg008_nis_x1dints.fits,seg008,4,244,60783.30390428378,TDB-MID,518.0214640006028,4.794779721076739,1778,0.5866384887837632,1.4160575472955537,3414,0.8946778092525297,0.8954896744008395
TOI-2076_b,NIRISS_SOSS,obs10,SOSS_HDU4_ordem_2,jw05959010001_04102_00001-seg008_nis_x1dints.fits,seg008,4,245,60783.303981356774,TDB-MID,737.110067749472,4.794786462380048,1778,0.5866384887837632,1.4160575472955537,3415,1.273066979694328,1.2742222097688742
TOI-2076_b,NIRISS_SOSS,obs10,SOSS_HDU4_ordem_2,jw05959010001_04102_00001-seg008_nis_x1dints.fits,seg008,4,246,60783.30405842977,TDB-MID,844.8443858257789,4.794960394365904,1778,0.5866384887837632,1.4160575472955537,3416,1.459135531629298,1.4604596074838
TOI-2076_b,NIRISS_SOSS,obs10,SOSS_HDU4_ordem_2,jw05959010001_04102_00001-seg008_nis_x1dints.fits,seg008,4,247,60783.30413550277,TDB-MID,341.85267683603536,4.794311321973548,1778,0.5866384887837632,1.4160575472955537,3417,0.5904156975210224,0.5909514634949575
TOI-2076_b,NIRISS_SOSS,obs10,SOSS_HDU4_ordem_2,jw05959010001_04102_00001-seg008_nis_x1dints.fits,seg008,4,248,60783.304212575764,TDB-MID,360.7981699368353,4.794394105668392,1778,0.5866384887837632,1.4160575472955537,3418,0.6231365661347077,0.6237020242867376
TOI-2076_b,NIRISS_SOSS,obs10,SOSS_HDU4_ordem_2,jw05959010001_04102_00001-seg008_nis_x1dints.fits,seg008,4,249,60783.30428964876,TDB-MID,333.7989538757357,4.794348530313929,1778,0.5866384887837632,1.4160575472955537,3419,0.5765060669068761,0.5770292107455524
TOI-2076_b,NIRISS_SOSS,obs10,SOSS_HDU4_ordem_2,jw05959010001_04102_00001-seg008_nis_x1dints.fits,seg008,4,250,60783.30436672176,TDB-MID,700.0966702933911,4.794695741862907,1778,0.5866384887837632,1.4160575472955537,3420,1.2091409309679741,1.2102381520805305
TOI-2076_b,NIRISS_SOSS,obs10,SOSS_HDU4_ordem_2,jw05959010001_04102_00001-seg008_nis_x1dints.fits,seg008,4,251,60783.30444379475,TDB-MID,613.4938574418377,4.794727638435167,1778,0.5866384887837632,1.4160575472955537,3421,1.0595687215873906,1.0605302151087448
TOI-2076_b,NIRISS_SOSS,obs10,SOSS_HDU4_ordem_2,jw05959010001_04102_00001-seg008_nis_x1dints.fits,seg008,4,252,60783.30452086774,TDB-MID,608.4754057729468,4.7946181300382475,1778,0.5866384887837632,1.4160575472955537,3422,1.0509013252399724,1.051854953631614
TOI-2076_b,NIRISS_SOSS,obs10,SOSS_HDU4_ordem_2,jw05959010001_04102_00001-seg008_nis_x1dints.fits,seg008,4,253,60783.30459794074,TDB-MID,530.116865686332,4.79461003169303,1778,0.5866384887837632,1.4160575472955537,3423,0.9155678461221312,0.9163986676955427
TOI-2076_b,NIRISS_SOSS,obs10,SOSS_HDU4_ordem_2,jw05959010001_04102_00001-seg008_nis_x1dints.fits,seg008,4,254,60783.30467501374,TDB-MID,632.0073102338667,4.794848835584975,1778,0.5866384887837632,1.4160575472955537,3424,1.0915434109327984,1.0925339195204025
TOI-2076_b,NIRISS_SOSS,obs10,SOSS_HDU4_ordem_2,jw05959010001_04102_00001-seg008_nis_x1dints.fits,seg008,4,255,60783.30475208673,TDB-MID,533.2169356800476,4.794604451075436,1778,0.5866384887837632,1.4160575472955537,3425,0.920921994595222,0.9217576747294463
TOI-2076_b,NIRISS_SOSS,obs10,SOSS_HDU4_ordem_2,jw05959010001_04102_00001-seg008_nis_x1dints.fits,seg008,4,256,60783.30482915973,TDB-MID,742.7054677484907,4.794839234433701,1778,0.5866384887837632,1.4160575472955537,3426,1.2827308267757835,1.283894826197868
TOI-2076_b,NIRISS_SOSS,obs10,SOSS_HDU4_ordem_2,jw05959010001_04102_00001-seg008_nis_x1dints.fits,seg008,4,257,60783.304906232726,TDB-MID,388.88625447267844,4.7943458877455205,1778,0.5866384887837632,1.4160575472955537,3427,0.6716476562825067,0.6722571352686181
TOI-2076_b,NIRISS_SOSS,obs10,SOSS_HDU4_ordem_2,jw05959010001_04102_00001-seg008_nis_x1dints.fits,seg008,4,258,60783.30498330572,TDB-MID,1111.0675011596081,4.795538318344478,1778,0.5866384887837632,1.4160575472955537,3428,1.9189309844273248,1.9206722964081928
TOI-2076_b,NIRISS_SOSS,obs10,SOSS_HDU4_ordem_2,jw05959010001_04102_00001-seg008_nis_x1dints.fits,seg008,4,259,60783.30506037872,TDB-MID,754.7793696938265,4.794813942754067,1778,0.5866384887837632,1.4160575472955537,3429,1.303583731321782,1.3047666534736657
TOI-2076_b,NIRISS_SOSS,obs10,SOSS_HDU4_ordem_2,jw05959010001_04102_00001-seg008_nis_x1dints.fits,seg008,4,260,60783.305137451716,TDB-MID,360.3606087690605,4.794253253545243,1778,0.5866384887837632,1.4160575472955537,3430,0.6223808517595244,0.6229456241471855
TOI-2076_b,NIRISS_SOSS,obs10,SOSS_HDU4_ordem_2,jw05959010001_04102_00001-seg008_nis_x1dints.fits,seg008,4,261,60783.30521452471,TDB-MID,742.3335089860933,4.7947555250690685,1778,0.5866384887837632,1.4160575472955537,3431,1.2820884146870952,1.2832518311596752
TOI-2076_b,NIRISS_SOSS,obs10,SOSS_HDU4_ordem_2,jw05959010001_04102_00001-seg008_nis_x1dints.fits,seg008,4,262,60783.3052915977,TDB-MID,715.7566182566643,4.794743629547615,1778,0.5866384887837632,1.4160575472955537,3432,1.2361873159354773,1.2373090799808257
TOI-2076_b,NIRISS_SOSS,obs10,SOSS_HDU4_ordem_2,jw05959010001_04102_00001-seg008_nis_x1dints.fits,seg008,4,263,60783.3053686707,TDB-MID,449.4619481787029,4.79442969848688,1778,0.5866384887837632,1.4160575472955537,3433,0.7762682805329241,0.7769726963082851
TOI-2076_b,NIRISS_SOSS,obs10,SOSS_HDU4_ordem_2,jw05959010001_04102_00001-seg008_nis_x1dints.fits,seg008,4,264,60783.3054457437,TDB-MID,564.8868576699558,4.794567234504063,1778,0.5866384887837632,1.4160575472955537,3434,0.9756192965299861,0.9765046111054453
TOI-2076_b,NIRISS_SOSS,obs10,SOSS_HDU4_ordem_2,jw05959010001_04102_00001-seg008_nis_x1dints.fits,seg008,4,265,60783.3055228167,TDB-MID,286.270256114799,4.794315200063992,1778,0.5866384887837632,1.4160575472955537,3435,0.4944189833698685,0.4948676382231682
TOI-2076_b,NIRISS_SOSS,obs10,SOSS_HDU4_ordem_2,jw05959010001_04102_00001-seg008_nis_x1dints.fits,seg008,4,266,60783.305599889696,TDB-MID,421.77377573681997,4.794422306866631,1778,0.5866384887837632,1.4160575472955537,3436,0.728447880831337,0.7291089025317647
TOI-2076_b,NIRISS_SOSS,obs10,SOSS_HDU4_ordem_2,jw05959010001_04102_00001-seg008_nis_x1dints.fits,seg008,4,267,60783.30567696269,TDB-MID,377.72002766408684,4.795297303750369,1778,0.5866384887837632,1.4160575472955537,3437,0.6523624026144926,0.6529543814176696
TOI-2076_b,NIRISS_SOSS,obs10,SOSS_HDU4_ordem_2,jw05959010001_04102_00001-seg008_nis_x1dints.fits,seg008,4,268,60783.30575403569,TDB-MID,818.8249456308988,4.797093419061008,1778,0.5866384887837632,1.4160575472955537,3438,1.4141972088583608,1.4154805059456868
TOI-2076_b,NIRISS_SOSS,obs10,SOSS_HDU4_ordem_2,jw05959010001_04102_00001-seg008_nis_x1dints.fits,seg008,4,269,60783.305831108686,TDB-MID,659.1814060960281,4.7946937717326765,1778,0.5866384887837632,1.4160575472955537,3439,1.138475946057151,1.1395090430371295
TOI-2076_b,NIRISS_SOSS,obs10,SOSS_HDU4_ordem_2,jw05959010001_04102_00001-seg008_nis_x1dints.fits,seg008,4,270,60783.30590818168,TDB-MID,46.57521617685643,4.794018017467074,1778,0.5866384887837632,1.4160575472955537,3440,0.08044032008396548,0.08051331473267552
TOI-2076_b,NIRISS_SOSS,obs10,SOSS_HDU4_ordem_2,jw05959010001_04102_00001-seg008_nis_x1dints.fits,seg008,4,271,60783.30598525468,TDB-MID,334.7083046564927,4.794225301198907,1778,0.5866384887837632,1.4160575472955537,3441,0.578076611799141,0.5786011808108222
TOI-2076_b,NIRISS_SOSS,obs10,SOSS_HDU4_ordem_2,jw05959010001_04102_00001-seg008_nis_x1dints.fits,seg008,4,272,60783.306062327676,TDB-MID,118.97676664370745,4.793982194681281,1778,0.5866384887837632,1.4160575472955537,3442,0.20548544863503526,0.2056719140558899
TOI-2076_b,NIRISS_SOSS,obs10,SOSS_HDU4_ordem_2,jw05959010001_04102_00001-seg008_nis_x1dints.fits,seg008,4,273,60783.30613940067,TDB-MID,270.31688556591894,4.794900732150717,1778,0.5866384887837632,1.4160575472955537,3443,0.466865826590154,0.4672894786463752
TOI-2076_b,NIRISS_SOSS,obs10,SOSS_HDU4_ordem_2,jw05959010001_04102_00001-seg008_nis_x1dints.fits,seg008,4,274,60783.30621647367,TDB-MID,375.69660359269517,4.794382178197896,1778,0.5866384887837632,1.4160575472955537,3444,0.6488677354217459,0.6494565430291366
TOI-2076_b,NIRISS_SOSS,obs10,SOSS_HDU4_ordem_2,jw05959010001_04102_00001-seg008_nis_x1dints.fits,seg008,4,275,60783.30629354666,TDB-MID,700.4940654781296,4.7947230591651495,1778,0.5866384887837632,1.4160575472955537,3445,1.2098272744459906,1.2109251183730887
TOI-2076_b,NIRISS_SOSS,obs10,SOSS_HDU4_ordem_2,jw05959010001_04102_00001-seg008_nis_x1dints.fits,seg008,4,276,60783.306370619655,TDB-MID,349.71623960309466,4.794365878472652,1778,0.5866384887837632,1.4160575472955537,3446,0.6039969013866294,0.6045449914687256
TOI-2076_b,NIRISS_SOSS,obs10,SOSS_HDU4_ordem_2,jw05959010001_04102_00001-seg008_nis_x1dints.fits,seg008,4,277,60783.30644769265,TDB-MID,349.1140114576142,4.794331191883494,1778,0.5866384887837632,1.4160575472955537,3447,0.6029567897400818,0.6035039359847569
TOI-2076_b,NIRISS_SOSS,obs10,SOSS_HDU4_ordem_2,jw05959010001_04102_00001-seg008_nis_x1dints.fits,seg008,4,278,60783.30652476565,TDB-MID,487.4020119251054,4.794498355855402,1778,0.5866384887837632,1.4160575472955537,3448,0.841794779866344,0.8425586569142988
TOI-2076_b,NIRISS_SOSS,obs10,SOSS_HDU4_ordem_2,jw05959010001_04102_00001-seg008_nis_x1dints.fits,seg008,4,279,60783.306601838645,TDB-MID,725.5774237538021,4.794791657724794,1778,0.5866384887837632,1.4160575472955537,3449,1.253148884823797,1.2542860404508955
TOI-2076_b,NIRISS_SOSS,obs10,SOSS_HDU4_ordem_2,jw05959010001_04102_00001-seg008_nis_x1dints.fits,seg008,4,280,60783.30667891164,TDB-MID,1123.9733668954646,4.7953402871306405,1778,0.5866384887837632,1.4160575472955537,3450,1.9412207783557283,1.9429823169552363
TOI-2076_b,NIRISS_SOSS,obs10,SOSS_HDU4_ordem_2,jw05959010001_04102_00001-seg008_nis_x1dints.fits,seg008,4,281,60783.30675598464,TDB-MID,910.7120838139377,4.794950793590352,1778,0.5866384887837632,1.4160575472955537,3451,1.5728960064973523,1.5743233129940424
TOI-2076_b,NIRISS_SOSS,obs10,SOSS_HDU4_ordem_2,jw05959010001_04102_00001-seg008_nis_x1dints.fits,seg008,4,282,60783.306833057635,TDB-MID,680.1519570151156,4.794746926950316,1778,0.5866384887837632,1.4160575472955537,3452,1.1746943035171151,1.1757602664314522
TOI-2076_b,NIRISS_SOSS,obs10,SOSS_HDU4_ordem_2,jw05959010001_04102_00001-seg008_nis_x1dints.fits,seg008,4,283,60783.30691013063,TDB-MID,637.3944282839537,4.79474986033466,1778,0.5866384887837632,1.4160575472955537,3453,1.100847533078654,1.1018464845855167
TOI-2076_b,NIRISS_SOSS,obs10,SOSS_HDU4_ordem_2,jw05959010001_04102_00001-seg008_nis_x1dints.fits,seg008,4,284,60783.30698720363,TDB-MID,425.9321337925017,4.794537362097786,1778,0.5866384887837632,1.4160575472955537,3454,0.7356298046200019,0.7362973434750539
TOI-2076_b,NIRISS_SOSS,obs10,SOSS_HDU4_ordem_2,jw05959010001_04102_00001-seg008_nis_x1dints.fits,seg008,4,285,60783.307064276625,TDB-MID,781.1347055396714,4.794852156051022,1778,0.5866384887837632,1.4160575472955537,3455,1.3491021813770632,1.3503264087259943
TOI-2076_b,NIRISS_SOSS,obs10,SOSS_HDU4_ordem_2,jw05959010001_04102_00001-seg008_nis_x1dints.fits,seg008,4,286,60783.307141349615,TDB-MID,460.3373361097806,4.794423547553213,1778,0.5866384887837632,1.4160575472955537,3456,0.7950512247256316,0.7957726848689373
TOI-2076_b,NIRISS_SOSS,obs10,SOSS_HDU4_ordem_2,jw05959010001_04102_00001-seg008_nis_x1dints.fits,seg008,4,287,60783.30721842261,TDB-MID,618.6280881812063,4.794708836255505,1778,0.5866384887837632,1.4160575472955537,3457,1.0684360806242545,1.069405620729178
TOI-2076_b,NIRISS_SOSS,obs10,SOSS_HDU4_ordem_2,jw05959010001_04102_00001-seg008_nis_x1dints.fits,seg008,4,288,60783.30729549561,TDB-MID,368.95975420595175,4.794363965397035,1778,0.5866384887837632,1.4160575472955537,3458,0.6372324846272174,0.6378107339593114
TOI-2076_b,NIRISS_SOSS,obs10,SOSS_HDU4_ordem_2,jw05959010001_04102_00001-seg008_nis_x1dints.fits,seg008,4,289,60783.307372568604,TDB-MID,730.0023673143414,4.794811374855013,1778,0.5866384887837632,1.4160575472955537,3459,1.2607912299502622,1.2619353205360635
TOI-2076_b,NIRISS_SOSS,obs10,SOSS_HDU4_ordem_2,jw05959010001_04102_00001-seg008_nis_x1dints.fits,seg008,4,290,60783.3074496416,TDB-MID,383.4376588359816,4.794429133844256,1778,0.5866384887837632,1.4160575472955537,3460,0.6622373558480498,0.6628382955646289
TOI-2076_b,NIRISS_SOSS,obs10,SOSS_HDU4_ordem_2,jw05959010001_04102_00001-seg008_nis_x1dints.fits,seg008,4,291,60783.3075267146,TDB-MID,635.6303713385489,4.794663319285234,1778,0.5866384887837632,1.4160575472955537,3461,1.0978008203206095,1.0987970071228157
TOI-2076_b,NIRISS_SOSS,obs10,SOSS_HDU4_ordem_2,jw05959010001_04102_00001-seg008_nis_x1dints.fits,seg008,4,292,60783.307603787594,TDB-MID,721.7962974680286,4.7947686489668015,1778,0.5866384887837632,1.4160575472955537,3462,1.2466184801650064,1.2477497098510655
TOI-2076_b,NIRISS_SOSS,obs10,SOSS_HDU4_ordem_2,jw05959010001_04102_00001-seg008_nis_x1dints.fits,seg008,4,293,60783.30768086059,TDB-MID,361.3692345320888,4.79433732532062,1778,0.5866384887837632,1.4160575472955537,3463,0.624122855036865,0.6246892081854821
TOI-2076_b,NIRISS_SOSS,obs10,SOSS_HDU4_ordem_2,jw05959010001_04102_00001-seg008_nis_x1dints.fits,seg008,4,294,60783.30775793359,TDB-MID,364.6073913972251,4.794431034445511,1778,0.5866384887837632,1.4160575472955537,3464,0.6297154941289642,0.6302869222539794
TOI-2076_b,NIRISS_SOSS,obs10,SOSS_HDU4_ordem_2,jw05959010001_04102_00001-seg008_nis_x1dints.fits,seg008,4,295,60783.307835006584,TDB-MID,843.3631117406204,4.794985406167726,1778,0.5866384887837632,1.4160575472955537,3465,1.4565772147534348,1.4578989690925397
TOI-2076_b,NIRISS_SOSS,obs10,SOSS_HDU4_ordem_2,jw05959010001_04102_00001-seg008_nis_x1dints.fits,seg008,4,296,60783.30791207958,TDB-MID,784.4936728643089,4.795097563649802,1778,0.5866384887837632,1.4160575472955537,3466,1.3549034728991343,1.3561329645637255
TOI-2076_b,NIRISS_SOSS,obs10,SOSS_HDU4_ordem_2,jw05959010001_04102_00001-seg008_nis_x1dints.fits,seg008,4,297,60783.30798915258,TDB-MID,237.85231740807126,4.794255538338464,1778,0.5866384887837632,1.4160575472955537,3467,0.4107960867506504,0.41116885896255256
TOI-2076_b,NIRISS_SOSS,obs10,SOSS_HDU4_ordem_2,jw05959010001_04102_00001-seg008_nis_x1dints.fits,seg008,4,298,60783.308066225574,TDB-MID,748.9945850022233,4.7949050806657985,1778,0.5866384887837632,1.4160575472955537,3468,1.293592796863369,1.2947666528560142
TOI-2076_b,NIRISS_SOSS,obs10,SOSS_HDU4_ordem_2,jw05959010001_04102_00001-seg008_nis_x1dints.fits,seg008,4,299,60783.308143298564,TDB-MID,403.44668964073486,4.794546990996168,1778,0.5866384887837632,1.4160575472955537,3469,0.6967950664637671,0.6974273651797134
TOI-2076_b,NIRISS_SOSS,obs10,SOSS_HDU4_ordem_2,jw05959010001_04102_00001-seg008_nis_x1dints.fits,seg008,4,300,60783.30822037156,TDB-MID,644.127829028316,4.794790204152965,1778,0.5866384887837632,1.4160575472955537,3470,1.1124768277033616,1.1134863320806627
TOI-2076_b,NIRISS_SOSS,obs10,SOSS_HDU4_ordem_2,jw05959010001_04102_00001-seg008_nis_x1dints.fits,seg008,4,301,60783.30829744456,TDB-MID,474.61901634412845,4.794542436081216,1778,0.5866384887837632,1.4160575472955537,3471,0.8197171956794851,0.8204610386761034
TOI-2076_b,NIRISS_SOSS,obs10,SOSS_HDU4_ordem_2,jw05959010001_04102_00001-seg008_nis_x1dints.fits,seg008,4,302,60783.30837451755,TDB-MID,723.1104714556749,4.794834201085227,1778,0.5866384887837632,1.4160575472955537,3472,1.2488881975144843,1.2500214868296002
TOI-2076_b,NIRISS_SOSS,obs10,SOSS_HDU4_ordem_2,jw05959010001_04102_00001-seg008_nis_x1dints.fits,seg008,4,303,60783.30845159055,TDB-MID,652.0021113160019,4.794774813187379,1778,0.5866384887837632,1.4160575472955537,3473,1.1260765453138555,1.1270983905994039
TOI-2076_b,NIRISS_SOSS,obs10,SOSS_HDU4_ordem_2,jw05959010001_04102_00001-seg008_nis_x1dints.fits,seg008,4,304,60783.30852866355,TDB-MID,818.1795347983369,4.794967906223601,1778,0.5866384887837632,1.4160575472955537,3474,1.413082516147976,1.4143648017201473
TOI-2076_b,NIRISS_SOSS,obs10,SOSS_HDU4_ordem_2,jw05959010001_04102_00001-seg008_nis_x1dints.fits,seg008,4,305,60783.30860573654,TDB-MID,881.7236441804791,4.794989701430012,1778,0.5866384887837632,1.4160575472955537,3475,1.5228299079526755,1.5242117825406942
TOI-2076_b,NIRISS_SOSS,obs10,SOSS_HDU4_ordem_2,jw05959010001_04102_00001-seg008_nis_x1dints.fits,seg008,4,306,60783.30868280954,TDB-MID,423.4043598099078,4.795781774391297,1778,0.5866384887837632,1.4160575472955537,3476,0.7312640718344006,0.7319276490551538
TOI-2076_b,NIRISS_SOSS,obs10,SOSS_HDU4_ordem_2,jw05959010001_04102_00001-seg008_nis_x1dints.fits,seg008,4,307,60783.30875988254,TDB-MID,646.7283340896603,4.794687515479274,1778,0.5866384887837632,1.4160575472955537,3477,1.116968174747682,1.1179817547465045
TOI-2076_b,NIRISS_SOSS,obs10,SOSS_HDU4_ordem_2,jw05959010001_04102_00001-seg008_nis_x1dints.fits,seg008,4,308,60783.30883695553,TDB-MID,740.083980349508,4.79486456540696,1778,0.5866384887837632,1.4160575472955537,3478,1.2782032410170934,1.2793631319332492
TOI-2076_b,NIRISS_SOSS,obs10,SOSS_HDU4_ordem_2,jw05959010001_04102_00001-seg008_nis_x1dints.fits,seg008,4,309,60783.30891402853,TDB-MID,155.7361035408938,4.794051704805363,1778,0.5866384887837632,1.4160575472955537,3479,0.2689727079288164,0.26921678413720734
TOI-2076_b,NIRISS_SOSS,obs10,SOSS_HDU4_ordem_2,jw05959010001_04102_00001-seg008_nis_x1dints.fits,seg008,4,310,60783.30899110153,TDB-MID,824.8984306850286,4.794893776880148,1778,0.5866384887837632,1.4160575472955537,3480,1.4246867593507135,1.425979575060697
TOI-2076_b,NIRISS_SOSS,obs10,SOSS_HDU4_ordem_2,jw05959010001_04102_00001-seg008_nis_x1dints.fits,seg008,4,311,60783.309068174516,TDB-MID,790.3546014545534,4.794915204617994,1778,0.5866384887837632,1.4160575472955537,3481,1.365025915916861,1.366264593076629
TOI-2076_b,NIRISS_SOSS,obs10,SOSS_HDU4_ordem_2,jw05959010001_04102_00001-seg008_nis_x1dints.fits,seg008,4,312,60783.30914524751,TDB-MID,768.6495076821944,4.795015175625495,1778,0.5866384887837632,1.4160575472955537,3482,1.3275389253278915,1.3287435853466738
TOI-2076_b,NIRISS_SOSS,obs10,SOSS_HDU4_ordem_2,jw05959010001_04102_00001-seg008_nis_x1dints.fits,seg008,4,313,60783.30922232051,TDB-MID,489.7472734225696,4.7946798196473885,1778,0.5866384887837632,1.4160575472955537,3483,0.84584529430347,0.8466128469444374
TOI-2076_b,NIRISS_SOSS,obs10,SOSS_HDU4_ordem_2,jw05959010001_04102_00001-seg008_nis_x1dints.fits,seg008,4,314,60783.309299393506,TDB-MID,418.2804933536798,4.79446515277387,1778,0.5866384887837632,1.4160575472955537,3484,0.7224146130097461,0.723070159890273
TOI-2076_b,NIRISS_SOSS,obs10,SOSS_HDU4_ordem_2,jw05959010001_04102_00001-seg008_nis_x1dints.fits,seg008,4,315,60783.3093764665,TDB-MID,892.8613152111371,4.795064883296995,1778,0.5866384887837632,1.4160575472955537,3485,1.542065842774621,1.5434651727917514
TOI-2076_b,NIRISS_SOSS,obs10,SOSS_HDU4_ordem_2,jw05959010001_04102_00001-seg008_nis_x1dints.fits,seg008,4,316,60783.3094535395,TDB-MID,683.7699535799542,4.79472087794872,1778,0.5866384887837632,1.4160575472955537,3486,1.1809429659094308,1.182014599101009
TOI-2076_b,NIRISS_SOSS,obs10,SOSS_HDU4_ordem_2,jw05959010001_04102_00001-seg008_nis_x1dints.fits,seg008,4,317,60783.309530612496,TDB-MID,546.9936835168938,4.79454664131643,1778,0.5866384887837632,1.4160575472955537,3487,0.9447158939408284,0.9455731655769559
TOI-2076_b,NIRISS_SOSS,obs10,SOSS_HDU4_ordem_2,jw05959010001_04102_00001-seg008_nis_x1dints.fits,seg008,4,318,60783.30960768549,TDB-MID,585.2147280412265,4.7946216849464145,1778,0.5866384887837632,1.4160575472955537,3488,1.0107276767698379,1.0116448500435185
TOI-2076_b,NIRISS_SOSS,obs10,SOSS_HDU4_ordem_2,jw05959010001_04102_00001-seg008_nis_x1dints.fits,seg008,4,319,60783.30968475849,TDB-MID,561.1256364564647,4.7945714789554845,1778,0.5866384887837632,1.4160575472955537,3489,0.9691232700344576,0.9700026898649486
TOI-2076_b,NIRISS_SOSS,obs10,SOSS_HDU4_ordem_2,jw05959010001_04102_00001-seg008_nis_x1dints.fits,seg008,4,320,60783.309761831486,TDB-MID,498.36307294123367,4.794820305767005,1778,0.5866384887837632,1.4160575472955537,3490,0.8607256905302726,0.8615067462166545
TOI-2076_b,NIRISS_SOSS,obs10,SOSS_HDU4_ordem_2,jw05959010001_04102_00001-seg008_nis_x1dints.fits,seg008,4,321,60783.30983890448,TDB-MID,771.6256982858861,4.795809066802811,1778,0.5866384887837632,1.4160575472955537,3491,1.332679121003694,1.3338884454342694
TOI-2076_b,NIRISS_SOSS,obs10,SOSS_HDU4_ordem_2,jw05959010001_04102_00001-seg008_nis_x1dints.fits,seg008,4,322,60783.30991597748,TDB-MID,1077.4601521740856,4.795094834953223,1778,0.5866384887837632,1.4160575472955537,3492,1.8608875413372572,1.8625761824593585
TOI-2076_b,NIRISS_SOSS,obs10,SOSS_HDU4_ordem_2,jw05959010001_04102_00001-seg008_nis_x1dints.fits,seg008,4,323,60783.30999305047,TDB-MID,810.458486110826,4.795008572874963,1778,0.5866384887837632,1.4160575472955537,3493,1.399747449157651,1.401017633975754
TOI-2076_b,NIRISS_SOSS,obs10,SOSS_HDU4_ordem_2,jw05959010001_04102_00001-seg008_nis_x1dints.fits,seg008,4,324,60783.310070123465,TDB-MID,411.5526962141306,4.794390308199838,1778,0.5866384887837632,1.4160575472955537,3494,0.7107949964027007,0.7114399991949958
TOI-2076_b,NIRISS_SOSS,obs10,SOSS_HDU4_ordem_2,jw05959010001_04102_00001-seg008_nis_x1dints.fits,seg008,4,325,60783.31014719646,TDB-MID,855.5500835674184,4.794999597008943,1778,0.5866384887837632,1.4160575472955537,3495,1.4776254029331608,1.4789662572099656
TOI-2076_b,NIRISS_SOSS,obs10,SOSS_HDU4_ordem_2,jw05959010001_04102_00001-seg008_nis_x1dints.fits,seg008,4,326,60783.31022426946,TDB-MID,821.8999037164114,4.795030511559085,1778,0.5866384887837632,1.4160575472955537,3496,1.4195079864123321,1.4207961027040263
TOI-2076_b,NIRISS_SOSS,obs10,SOSS_HDU4_ordem_2,jw05959010001_04102_00001-seg008_nis_x1dints.fits,seg008,4,327,60783.310301342455,TDB-MID,551.5024823070497,4.794554331220648,1778,0.5866384887837632,1.4160575472955537,3497,0.9525030659100819,0.9533674039263746
TOI-2076_b,NIRISS_SOSS,obs10,SOSS_HDU4_ordem_2,jw05959010001_04102_00001-seg008_nis_x1dints.fits,seg008,4,328,60783.31037841545,TDB-MID,672.6689294411888,4.794691198074817,1778,0.5866384887837632,1.4160575472955537,3498,1.1617703241423736,1.162824559339399
TOI-2076_b,NIRISS_SOSS,obs10,SOSS_HDU4_ordem_2,jw05959010001_04102_00001-seg008_nis_x1dints.fits,seg008,4,329,60783.31045548845,TDB-MID,492.3435969784384,4.7945142588195795,1778,0.5866384887837632,1.4160575472955537,3499,0.8503294194459616,0.8511010411550184
TOI-2076_b,NIRISS_SOSS,obs10,SOSS_HDU4_ordem_2,jw05959010001_04102_00001-seg008_nis_x1dints.fits,seg008,4,330,60783.310532561445,TDB-MID,635.7563883438376,4.794714523385922,1778,0.5866384887837632,1.4160575472955537,3500,1.0980184650053482,1.0990148493067349
TOI-2076_b,NIRISS_SOSS,obs10,SOSS_HDU4_ordem_2,jw05959010001_04102_00001-seg008_nis_x1dints.fits,seg008,4,331,60783.31060963444,TDB-MID,478.75813975653534,4.794503598881794,1778,0.5866384887837632,1.4160575472955537,3501,0.8268658992066303,0.8276162292125264
TOI-2076_b,NIRISS_SOSS,obs10,SOSS_HDU4_ordem_2,jw05959010001_04102_00001-seg008_nis_x1dints.fits,seg008,4,332,60783.31068670744,TDB-MID,445.4955194031585,4.794510977668767,1778,0.5866384887837632,1.4160575472955537,3502,0.7694178388928145,0.7701160383132368
TOI-2076_b,NIRISS_SOSS,obs10,SOSS_HDU4_ordem_2,jw05959010001_04102_00001-seg008_nis_x1dints.fits,seg008,4,333,60783.310763780435,TDB-MID,848.1668363857353,4.794952181413114,1778,0.5866384887837632,1.4160575472955537,3503,1.4648737548399258,1.46620303777947
TOI-2076_b,NIRISS_SOSS,obs10,SOSS_HDU4_ordem_2,jw05959010001_04102_00001-seg008_nis_x1dints.fits,seg008,4,334,60783.31084085343,TDB-MID,431.2177010699632,4.7943686027563475,1778,0.5866384887837632,1.4160575472955537,3504,0.7447585378503505,0.7454343604699949
TOI-2076_b,NIRISS_SOSS,obs10,SOSS_HDU4_ordem_2,jw05959010001_04102_00001-seg008_nis_x1dints.fits,seg008,4,335,60783.31091792642,TDB-MID,286.80088372532026,4.794214176905275,1778,0.5866384887837632,1.4160575472955537,3505,0.49533543332629254,0.4957849198016266
TOI-2076_b,NIRISS_SOSS,obs10,SOSS_HDU4_ordem_2,jw05959010001_04102_00001-seg008_nis_x1dints.fits,seg008,4,336,60783.31099499942,TDB-MID,655.6131083698126,4.794726329973841,1778,0.5866384887837632,1.4160575472955537,3506,1.1323131188109663,1.133340623403826
TOI-2076_b,NIRISS_SOSS,obs10,SOSS_HDU4_ordem_2,jw05959010001_04102_00001-seg008_nis_x1dints.fits,seg008,4,337,60783.311072072414,TDB-MID,198.39878066497528,4.794179909814552,1778,0.5866384887837632,1.4160575472955537,3507,0.34265565961858807,0.34296659857900313
TOI-2076_b,NIRISS_SOSS,obs10,SOSS_HDU4_ordem_2,jw05959010001_04102_00001-seg008_nis_x1dints.fits,seg008,4,338,60783.31114914541,TDB-MID,591.606532289459,4.796178373157104,1778,0.5866384887837632,1.4160575472955537,3508,1.0217669981481756,1.022694188927818
TOI-2076_b,NIRISS_SOSS,obs10,SOSS_HDU4_ordem_2,jw05959010001_04102_00001-seg008_nis_x1dints.fits,seg008,4,339,60783.31122621841,TDB-MID,294.00871622885785,4.794239106988502,1778,0.5866384887837632,1.4160575472955537,3509,0.5077841217337611,0.5082449046290529
TOI-2076_b,NIRISS_SOSS,obs10,SOSS_HDU4_ordem_2,jw05959010001_04102_00001-seg008_nis_x1dints.fits,seg008,4,340,60783.311303291404,TDB-MID,290.8686435692593,4.7943598080414755,1778,0.5866384887837632,1.4160575472955537,3510,0.5023608844294857,0.5028167460700947
TOI-2076_b,NIRISS_SOSS,obs10,SOSS_HDU4_ordem_2,jw05959010001_04102_00001-seg008_nis_x1dints.fits,seg008,4,341,60783.3113803644,TDB-MID,663.6903162463043,4.794759309744614,1778,0.5866384887837632,1.4160575472955537,3511,1.1462633103570998,1.1473034738917722
TOI-2076_b,NIRISS_SOSS,obs10,SOSS_HDU4_ordem_2,jw05959010001_04102_00001-seg008_nis_x1dints.fits,seg008,4,342,60783.31145743739,TDB-MID,641.2025494782126,4.794649605499966,1778,0.5866384887837632,1.4160575472955537,3512,1.1074245607970339,1.1084294805524981
TOI-2076_b,NIRISS_SOSS,obs10,SOSS_HDU4_ordem_2,jw05959010001_04102_00001-seg008_nis_x1dints.fits,seg008,4,343,60783.31153451039,TDB-MID,695.2056453028974,4.794734909416932,1778,0.5866384887837632,1.4160575472955537,3513,1.2006936139597175,1.201783169651041
TOI-2076_b,NIRISS_SOSS,obs10,SOSS_HDU4_ordem_2,jw05959010001_04102_00001-seg008_nis_x1dints.fits,seg008,4,344,60783.31161158338,TDB-MID,494.9119052612049,4.794525915844408,1778,0.5866384887837632,1.4160575472955537,3514,0.8547651592513453,0.8555408061217705
TOI-2076_b,NIRISS_SOSS,obs10,SOSS_HDU4_ordem_2,jw05959010001_04102_00001-seg008_nis_x1dints.fits,seg008,4,345,60783.31168865638,TDB-MID,842.0442539740673,4.795040708048685,1778,0.5866384887837632,1.4160575472955537,3515,1.4542994080228355,1.455619095392267
TOI-2076_b,NIRISS_SOSS,obs10,SOSS_HDU4_ordem_2,jw05959010001_04102_00001-seg008_nis_x1dints.fits,seg008,4,346,60783.31176572938,TDB-MID,408.2211250243969,4.79434184557258,1778,0.5866384887837632,1.4160575472955537,3516,0.7050410209006426,0.7056808023136588
TOI-2076_b,NIRISS_SOSS,obs10,SOSS_HDU4_ordem_2,jw05959010001_04102_00001-seg008_nis_x1dints.fits,seg008,4,347,60783.31184280237,TDB-MID,382.37345985181423,4.794454285450748,1778,0.5866384887837632,1.4160575472955537,3517,0.6603993717452086,0.660998643604129
TOI-2076_b,NIRISS_SOSS,obs10,SOSS_HDU4_ordem_2,jw05959010001_04102_00001-seg008_nis_x1dints.fits,seg008,4,348,60783.31191987536,TDB-MID,698.2290251796713,4.795381749694904,1778,0.5866384887837632,1.4160575472955537,3518,1.205915310496769,1.2070096045569105
TOI-2076_b,NIRISS_SOSS,obs10,SOSS_HDU4_ordem_2,jw05959010001_04102_00001-seg008_nis_x1dints.fits,seg008,4,349,60783.31199694836,TDB-MID,738.3534459860939,4.794910500837605,1778,0.5866384887837632,1.4160575472955537,3519,1.2752144253005815,1.2763716040500894
TOI-2076_b,NIRISS_SOSS,obs10,SOSS_HDU4_ordem_2,jw05959010001_04102_00001-seg008_nis_x1dints.fits,seg008,4,350,60783.312074021356,TDB-MID,577.2930051764902,4.794620495051982,1778,0.5866384887837632,1.4160575472955537,3520,0.9970460242695861,0.9979507822841405
TOI-2076_b,NIRISS_SOSS,obs10,SOSS_HDU4_ordem_2,jw05959010001_04102_00001-seg008_nis_x1dints.fits,seg008,4,351,60783.31215109435,TDB-MID,451.17096167583236,4.794492616982237,1778,0.5866384887837632,1.4160575472955537,3521,0.7792199274391862,0.7799270216527835
TOI-2076_b,NIRISS_SOSS,obs10,SOSS_HDU4_ordem_2,jw05959010001_04102_00001-seg008_nis_x1dints.fits,seg008,4,352,60783.31222816735,TDB-MID,215.19484917841024,4.794179447327241,1778,0.5866384887837632,1.4160575472955537,3522,0.37166424483357813,0.372001507302964
TOI-2076_b,NIRISS_SOSS,obs10,SOSS_HDU4_ordem_2,jw05959010001_04102_00001-seg008_nis_x1dints.fits,seg008,4,353,60783.312305240346,TDB-MID,529.9104034086267,4.794513365792706,1778,0.5866384887837632,1.4160575472955537,3523,0.9152112639510295,0.916041761948027
TOI-2076_b,NIRISS_SOSS,obs10,SOSS_HDU4_ordem_2,jw05959010001_04102_00001-seg008_nis_x1dints.fits,seg008,4,354,60783.31238231334,TDB-MID,777.5574521395156,4.794808910831868,1778,0.5866384887837632,1.4160575472955537,3524,1.3429238867356104,1.3441425076617113
TOI-2076_b,NIRISS_SOSS,obs10,SOSS_HDU4_ordem_2,jw05959010001_04102_00001-seg008_nis_x1dints.fits,seg008,4,355,60783.31245938634,TDB-MID,440.93507586254157,4.79478511030223,1778,0.5866384887837632,1.4160575472955537,3525,0.7615414709820549,0.7622325230824747
TOI-2076_b,NIRISS_SOSS,obs10,SOSS_HDU4_ordem_2,jw05959010001_04102_00001-seg008_nis_x1dints.fits,seg008,4,356,60783.312536459336,TDB-MID,382.7731636120301,4.794444820589718,1778,0.5866384887837632,1.4160575472955537,3526,0.6610897023770287,0.6616896006685877
TOI-2076_b,NIRISS_SOSS,obs10,SOSS_HDU4_ordem_2,jw05959010001_04102_00001-seg008_nis_x1dints.fits,seg008,4,357,60783.31261353233,TDB-MID,783.0915643717965,4.794951971772237,1778,0.5866384887837632,1.4160575472955537,3527,1.3524818833674428,1.3537091775883017
TOI-2076_b,NIRISS_SOSS,obs10,SOSS_HDU4_ordem_2,jw05959010001_04102_00001-seg008_nis_x1dints.fits,seg008,4,358,60783.31269060533,TDB-MID,409.0877132526643,4.794558616377528,1778,0.5866384887837632,1.4160575472955537,3528,0.7065377103459073,0.7071788499126477
TOI-2076_b,NIRISS_SOSS,obs10,SOSS_HDU4_ordem_2,jw05959010001_04102_00001-seg008_nis_x1dints.fits,seg008,4,359,60783.31276767832,TDB-MID,820.7533244842996,4.7948586403289974,1778,0.5866384887837632,1.4160575472955537,3529,1.4175277229159164,1.418814042240143
TOI-2076_b,NIRISS_SOSS,obs10,SOSS_HDU4_ordem_2,jw05959010001_04102_00001-seg008_nis_x1dints.fits,seg008,4,360,60783.312844751315,TDB-MID,536.6273359249981,4.794555660694523,1778,0.5866384887837632,1.4160575472955537,3530,0.9268121162057484,0.927653141263481
TOI-2076_b,NIRISS_SOSS,obs10,SOSS_HDU4_ordem_2,jw05959010001_04102_00001-seg008_nis_x1dints.fits,seg008,4,361,60783.31292182431,TDB-MID,523.033732901735,4.79447743396301,1778,0.5866384887837632,1.4160575472955537,3531,0.9033345273066764,0.9041542478948039
TOI-2076_b,NIRISS_SOSS,obs10,SOSS_HDU4_ordem_2,jw05959010001_04102_00001-seg008_nis_x1dints.fits,seg008,4,362,60783.31299889731,TDB-MID,846.8188699195332,4.794908489034143,1778,0.5866384887837632,1.4160575472955537,3532,1.4625456743090268,1.4638728446585123
TOI-2076_b,NIRISS_SOSS,obs10,SOSS_HDU4_ordem_2,jw05959010001_04102_00001-seg008_nis_x1dints.fits,seg008,4,363,60783.313075970305,TDB-MID,854.4010741372338,4.796470356792811,1778,0.5866384887837632,1.4160575472955537,3533,1.475640942227867,1.4769799957284948
TOI-2076_b,NIRISS_SOSS,obs10,SOSS_HDU4_ordem_2,jw05959010001_04102_00001-seg008_nis_x1dints.fits,seg008,4,364,60783.3131530433,TDB-MID,585.8307695476766,4.794584705486501,1778,0.5866384887837632,1.4160575472955537,3534,1.0117916455504805,1.0127097843104658
TOI-2076_b,NIRISS_SOSS,obs10,SOSS_HDU4_ordem_2,jw05959010001_04102_00001-seg008_nis_x1dints.fits,seg008,4,365,60783.31323011629,TDB-MID,505.2639813675403,4.794506963783913,1778,0.5866384887837632,1.4160575472955537,3535,0.8726442886227508,0.873436159704695
TOI-2076_b,NIRISS_SOSS,obs10,SOSS_HDU4_ordem_2,jw05959010001_04102_00001-seg008_nis_x1dints.fits,seg008,4,366,60783.31330718929,TDB-MID,684.202551731308,4.794760282115302,1778,0.5866384887837632,1.4160575472955537,3536,1.1816901086307978,1.1827624198084956
TOI-2076_b,NIRISS_SOSS,obs10,SOSS_HDU4_ordem_2,jw05959010001_04102_00001-seg008_nis_x1dints.fits,seg008,4,367,60783.313384262285,TDB-MID,913.4507435566534,4.79500999456604,1778,0.5866384887837632,1.4160575472955537,3537,1.5776259612756316,1.5790575599157033
TOI-2076_b,NIRISS_SOSS,obs10,SOSS_HDU4_ordem_2,jw05959010001_04102_00001-seg008_nis_x1dints.fits,seg008,4,368,60783.31346133528,TDB-MID,522.8405663816569,4.794529942838708,1778,0.5866384887837632,1.4160575472955537,3538,0.9030009083140005,0.9038203261633877
TOI-2076_b,NIRISS_SOSS,obs10,SOSS_HDU4_ordem_2,jw05959010001_04102_00001-seg008_nis_x1dints.fits,seg008,4,369,60783.31353840828,TDB-MID,315.865795947054,4.794339119454602,1778,0.5866384887837632,1.4160575472955537,3539,0.5455336081120145,0.5460286463470946
TOI-2076_b,NIRISS_SOSS,obs10,SOSS_HDU4_ordem_2,jw05959010001_04102_00001-seg008_nis_x1dints.fits,seg008,4,370,60783.313615481275,TDB-MID,772.9654165084482,4.794979265945463,1778,0.5866384887837632,1.4160575472955537,3540,1.3349929559462095,1.3362043800398473
TOI-2076_b,NIRISS_SOSS,obs10,SOSS_HDU4_ordem_2,jw05959010001_04102_00001-seg008_nis_x1dints.fits,seg008,4,371,60783.31369255427,TDB-MID,834.4205473430203,4.794931760895549,1778,0.5866384887837632,1.4160575472955537,3541,1.4411324610504583,1.4424402002244099
TOI-2076_b,NIRISS_SOSS,obs10,SOSS_HDU4_ordem_2,jw05959010001_04102_00001-seg008_nis_x1dints.fits,seg008,4,372,60783.31376962726,TDB-MID,315.6569877748278,4.794237010584605,1778,0.5866384887837632,1.4160575472955537,3542,0.5451729743331772,0.5456676853152582
TOI-2076_b,NIRISS_SOSS,obs10,SOSS_HDU4_ordem_2,jw05959010001_04102_00001-seg008_nis_x1dints.fits,seg008,4,373,60783.31384670026,TDB-MID,481.07087754835885,4.794455803924677,1778,0.5866384887837632,1.4160575472955537,3543,0.8308602417672346,0.8316141963936163
TOI-2076_b,NIRISS_SOSS,obs10,SOSS_HDU4_ordem_2,jw05959010001_04102_00001-seg008_nis_x1dints.fits,seg008,4,374,60783.313923773254,TDB-MID,347.71094414242305,4.794402808721551,1778,0.5866384887837632,1.4160575472955537,3544,0.6005335442203024,0.6010784915185379
TOI-2076_b,NIRISS_SOSS,obs10,SOSS_HDU4_ordem_2,jw05959010001_04102_00001-seg008_nis_x1dints.fits,seg008,4,375,60783.31400084625,TDB-MID,771.346138929408,4.794805523329158,1778,0.5866384887837632,1.4160575472955537,3545,1.332196292453158,1.333405178746486
TOI-2076_b,NIRISS_SOSS,obs10,SOSS_HDU4_ordem_2,jw05959010001_04102_00001-seg008_nis_x1dints.fits,seg008,4,376,60783.31407791925,TDB-MID,476.53402288480265,4.794559454114766,1778,0.5866384887837632,1.4160575472955537,3546,0.8230246143398683,0.8237714586157332
TOI-2076_b,NIRISS_SOSS,obs10,SOSS_HDU4_ordem_2,jw05959010001_04102_00001-seg008_nis_x1dints.fits,seg008,4,377,60783.314154992244,TDB-MID,746.0005321725694,4.794787631048205,1778,0.5866384887837632,1.4160575472955537,3547,1.2884217512357732,1.2895909148221891
TOI-2076_b,NIRISS_SOSS,obs10,SOSS_HDU4_ordem_2,jw05959010001_04102_00001-seg008_nis_x1dints.fits,seg008,4,378,60783.31423206524,TDB-MID,343.2162081327905,4.794339641944213,1778,0.5866384887837632,1.4160575472955537,3548,0.5927706601590701,0.5933085631169245
TOI-2076_b,NIRISS_SOSS,obs10,SOSS_HDU4_ordem_2,jw05959010001_04102_00001-seg008_nis_x1dints.fits,seg008,4,379,60783.31430913824,TDB-MID,559.970694431234,4.796434702068523,1778,0.5866384887837632,1.4160575472955537,3549,0.9671285631106036,0.9680061728671039
TOI-2076_b,NIRISS_SOSS,obs10,SOSS_HDU4_ordem_2,jw05959010001_04102_00001-seg008_nis_x1dints.fits,seg008,4,380,60783.314386211234,TDB-MID,676.335474570096,4.794766790160256,1778,0.5866384887837632,1.4160575472955537,3550,1.1681028350351124,1.1691628165967418
TOI-2076_b,NIRISS_SOSS,obs10,SOSS_HDU4_ordem_2,jw05959010001_04102_00001-seg008_nis_x1dints.fits,seg008,4,381,60783.31446328422,TDB-MID,357.33699934048576,4.794317137255969,1778,0.5866384887837632,1.4160575472955537,3551,0.6171587587622556,0.6177187924213353
TOI-2076_b,NIRISS_SOSS,obs10,SOSS_HDU4_ordem_2,jw05959010001_04102_00001-seg008_nis_x1dints.fits,seg008,4,382,60783.31454035722,TDB-MID,443.7946224898674,4.794427523575969,1778,0.5866384887837632,1.4160575472955537,3552,0.7664802101845455,0.7671757438873852
TOI-2076_b,NIRISS_SOSS,obs10,SOSS_HDU4_ordem_2,jw05959010001_04102_00001-seg008_nis_x1dints.fits,seg008,4,383,60783.31461743021,TDB-MID,686.0217580146323,4.795639458059835,1778,0.5866384887837632,1.4160575472955537,3553,1.1848320701232296,1.1859072324379587
TOI-2076_b,NIRISS_SOSS,obs10,SOSS_HDU4_ordem_2,jw05959010001_04102_00001-seg008_nis_x1dints.fits,seg008,4,384,60783.314694503206,TDB-MID,764.6093197152456,4.794841134169223,1778,0.5866384887837632,1.4160575472955537,3554,1.3205610937698655,1.3217594218351847
TOI-2076_b,NIRISS_SOSS,obs10,SOSS_HDU4_ordem_2,jw05959010001_04102_00001-seg008_nis_x1dints.fits,seg008,4,385,60783.3147715762,TDB-MID,497.0552105822872,4.79446688504116,1778,0.5866384887837632,1.4160575472955537,3555,0.8584668740305287,0.859245879979705
TOI-2076_b,NIRISS_SOSS,obs10,SOSS_HDU4_ordem_2,jw05959010001_04102_00001-seg008_nis_x1dints.fits,seg008,4,386,60783.3148486492,TDB-MID,464.5890119686059,4.794522395219961,1778,0.5866384887837632,1.4160575472955537,3556,0.8023943182215052,0.8031224417710431
TOI-2076_b,NIRISS_SOSS,obs10,SOSS_HDU4_ordem_2,jw05959010001_04102_00001-seg008_nis_x1dints.fits,seg008,4,387,60783.314925722196,TDB-MID,614.3539834860702,4.794594824885684,1778,0.5866384887837632,1.4160575472955537,3557,1.061054250157948,1.0620170917052185
TOI-2076_b,NIRISS_SOSS,obs10,SOSS_HDU4_ordem_2,jw05959010001_04102_00001-seg008_nis_x1dints.fits,seg008,4,388,60783.31500279519,TDB-MID,717.7192299796438,4.845473604694176,1778,0.5866384887837632,1.4160575472955537,3558,1.2395769537762882,1.2407017937097382
TOI-2076_b,NIRISS_SOSS,obs10,SOSS_HDU4_ordem_2,jw05959010001_04102_00001-seg008_nis_x1dints.fits,seg008,4,389,60783.31507986819,TDB-MID,571.9512310438334,4.794590409370939,1778,0.5866384887837632,1.4160575472955537,3559,0.9878202158607639,0.9887166020209651
TOI-2076_b,NIRISS_SOSS,obs10,SOSS_HDU4_ordem_2,jw05959010001_04102_00001-seg008_nis_x1dints.fits,seg008,4,390,60783.315156941186,TDB-MID,864.4242569651178,4.794892573125821,1778,0.5866384887837632,1.4160575472955537,3560,1.4929520381522212,1.4943068004089115
TOI-2076_b,NIRISS_SOSS,obs10,SOSS_HDU4_ordem_2,jw05959010001_04102_00001-seg008_nis_x1dints.fits,seg008,4,391,60783.31523401418,TDB-MID,659.5196433380121,4.794697555966308,1778,0.5866384887837632,1.4160575472955537,3561,1.1390601175166282,1.1400937445963184
TOI-2076_b,NIRISS_SOSS,obs10,SOSS_HDU4_ordem_2,jw05959010001_04102_00001-seg008_nis_x1dints.fits,seg008,4,392,60783.31531108718,TDB-MID,734.9827307945766,4.794773619580695,1778,0.5866384887837632,1.4160575472955537,3562,1.2693928439709756,1.2705447399930696
TOI-2076_b,NIRISS_SOSS,obs10,SOSS_HDU4_ordem_2,jw05959010001_04102_00001-seg008_nis_x1dints.fits,seg008,4,393,60783.315388160176,TDB-MID,484.9370098619162,4.7943811675341514,1778,0.5866384887837632,1.4160575472955537,3563,0.8375374608188565,0.8382974746113196
TOI-2076_b,NIRISS_SOSS,obs10,SOSS_HDU4_ordem_2,jw05959010001_04102_00001-seg008_nis_x1dints.fits,seg008,4,394,60783.31546523317,TDB-MID,254.09821678041453,4.794264728739956,1778,0.5866384887837632,1.4160575472955537,3564,0.4388544717209075,0.43925270519343296
TOI-2076_b,NIRISS_SOSS,obs10,SOSS_HDU4_ordem_2,jw05959010001_04102_00001-seg008_nis_x1dints.fits,seg008,4,395,60783.31554230616,TDB-MID,527.6074813555529,4.794945737858681,1778,0.5866384887837632,1.4160575472955537,3565,0.9112338742085051,0.912060762968658
TOI-2076_b,NIRISS_SOSS,obs10,SOSS_HDU4_ordem_2,jw05959010001_04102_00001-seg008_nis_x1dints.fits,seg008,4,396,60783.31561937915,TDB-MID,870.5981651734719,4.795035408517726,1778,0.5866384887837632,1.4160575472955537,3566,1.5036150300439433,1.5049794683107056
TOI-2076_b,NIRISS_SOSS,obs10,SOSS_HDU4_ordem_2,jw05959010001_04102_00001-seg008_nis_x1dints.fits,seg008,4,397,60783.31569645215,TDB-MID,599.3885907096801,4.794573205445334,1778,0.5866384887837632,1.4160575472955537,3567,1.0352074353939777,1.0361468225447215
TOI-2076_b,NIRISS_SOSS,obs10,SOSS_HDU4_ordem_2,jw05959010001_04102_00001-seg008_nis_x1dints.fits,seg008,4,398,60783.315773525144,TDB-MID,964.8708883878169,4.795795558799092,1778,0.5866384887837632,1.4160575472955537,3568,1.6664339851241177,1.6679461715900046
TOI-2076_b,NIRISS_SOSS,obs10,SOSS_HDU4_ordem_2,jw05959010001_04102_00001-seg008_nis_x1dints.fits,seg008,4,399,60783.31585059814,TDB-MID,306.58627049885854,4.794290762775185,1778,0.5866384887837632,1.4160575472955537,3569,0.5295068870669479,0.5299873820372645
TOI-2076_b,NIRISS_SOSS,obs10,SOSS_HDU4_ordem_2,jw05959010001_04102_00001-seg008_nis_x1dints.fits,seg008,4,400,60783.31592767114,TDB-MID,381.38379787860697,4.794337706985945,1778,0.5866384887837632,1.4160575472955537,3570,0.658690120936851,0.6592878417556688
TOI-2076_b,NIRISS_SOSS,obs10,SOSS_HDU4_ordem_2,jw05959010001_04102_00001-seg008_nis_x1dints.fits,seg008,4,401,60783.316004744134,TDB-MID,423.8990693194903,4.794358338494618,1778,0.5866384887837632,1.4160575472955537,3571,0.732118487434927,0.7327828399853477
TOI-2076_b,NIRISS_SOSS,obs10,SOSS_HDU4_ordem_2,jw05959010001_04102_00001-seg008_nis_x1dints.fits,seg008,4,402,60783.31608181713,TDB-MID,309.42797732607886,4.794316511042163,1778,0.5866384887837632,1.4160575472955537,3572,0.5344148150494697,0.5348997636629169
TOI-2076_b,NIRISS_SOSS,obs10,SOSS_HDU4_ordem_2,jw05959010001_04102_00001-seg008_nis_x1dints.fits,seg008,4,403,60783.31615889013,TDB-MID,606.581917214042,4.795996801049335,1778,0.5866384887837632,1.4160575472955537,3573,1.0476310704079763,1.0485817312442625
TOI-2076_b,NIRISS_SOSS,obs10,SOSS_HDU4_ordem_2,jw05959010001_04102_00001-seg008_nis_x1dints.fits,seg008,4,404,60783.316235963124,TDB-MID,284.0033419267752,4.794306806470824,1778,0.5866384887837632,1.4160575472955537,3574,0.4905037830153476,0.49094888506485174
TOI-2076_b,NIRISS_SOSS,obs10,SOSS_HDU4_ordem_2,jw05959010001_04102_00001-seg008_nis_x1dints.fits,seg008,4,405,60783.31631303612,TDB-MID,486.36242288473665,4.7945780005018435,1778,0.5866384887837632,1.4160575472955537,3575,0.8399992997370516,0.8407615474970925
TOI-2076_b,NIRISS_SOSS,obs10,SOSS_HDU4_ordem_2,jw05959010001_04102_00001-seg008_nis_x1dints.fits,seg008,4,406,60783.31639010911,TDB-MID,826.3709399778468,4.794862921689036,1778,0.5866384887837632,1.4160575472955537,3576,1.4272299385040026,1.42852506199283
TOI-2076_b,NIRISS_SOSS,obs10,SOSS_HDU4_ordem_2,jw05959010001_04102_00001-seg008_nis_x1dints.fits,seg008,4,407,60783.31646718211,TDB-MID,334.0108576378216,4.7943437530333535,1778,0.5866384887837632,1.4160575472955537,3577,0.5768720470965216,0.5773955230397363
TOI-2076_b,NIRISS_SOSS,obs10,SOSS_HDU4_ordem_2,jw05959010001_04102_00001-seg008_nis_x1dints.fits,seg008,4,408,60783.316544255096,TDB-MID,769.5055269425945,4.79493482132953,1778,0.5866384887837632,1.4160575472955537,3578,1.329017361048794,1.330223362657167
TOI-2076_b,NIRISS_SOSS,obs10,SOSS_HDU4_ordem_2,jw05959010001_04102_00001-seg008_nis_x1dints.fits,seg008,4,409,60783.31662132809,TDB-MID,722.6938218333028,4.794821432202052,1778,0.5866384887837632,1.4160575472955537,3579,1.2481685995879988,1.2493012359122044
TOI-2076_b,NIRISS_SOSS,obs10,SOSS_HDU4_ordem_2,jw05959010001_04102_00001-seg008_nis_x1dints.fits,seg008,4,410,60783.31669840109,TDB-MID,663.4655464438256,4.794722972745003,1778,0.5866384887837632,1.4160575472955537,3580,1.1458751091561017,1.146914920422033
TOI-2076_b,NIRISS_SOSS,obs10,SOSS_HDU4_ordem_2,jw05959010001_04102_00001-seg008_nis_x1dints.fits,seg008,4,411,60783.316775474086,TDB-MID,264.8769572861353,4.794179621756322,1778,0.5866384887837632,1.4160575472955537,3581,0.45747049559699254,0.45788562196752974
TOI-2076_b,NIRISS_SOSS,obs10,SOSS_HDU4_ordem_2,jw05959010001_04102_00001-seg008_nis_x1dints.fits,seg008,4,412,60783.31685254708,TDB-MID,640.3508055761826,4.795295185012715,1778,0.5866384887837632,1.4160575472955537,3582,1.1059535090718267,1.1069570939382227
TOI-2076_b,NIRISS_SOSS,obs10,SOSS_HDU4_ordem_2,jw05959010001_04102_00001-seg008_nis_x1dints.fits,seg008,4,413,60783.31692962008,TDB-MID,431.559255490787,4.794356010628118,1778,0.5866384887837632,1.4160575472955537,3583,0.7453484384282207,0.7460247963463997
TOI-2076_b,NIRISS_SOSS,obs10,SOSS_HDU4_ordem_2,jw05959010001_04102_00001-seg008_nis_x1dints.fits,seg008,4,414,60783.317006693076,TDB-MID,319.28466350995086,4.794301107259471,1778,0.5866384887837632,1.4160575472955537,3584,0.5514383536754021,0.5519387501043292
TOI-2076_b,NIRISS_SOSS,obs10,SOSS_HDU4_ordem_2,jw05959010001_04102_00001-seg008_nis_x1dints.fits,seg008,4,415,60783.31708376607,TDB-MID,91.5872327847145,4.794066683426197,1778,0.5866384887837632,1.4160575472955537,3585,0.15818082932415806,0.1583243687090974
TOI-2076_b,NIRISS_SOSS,obs10,SOSS_HDU4_ordem_2,jw05959010001_04102_00001-seg008_nis_x1dints.fits,seg008,4,416,60783.31716083907,TDB-MID,749.0346979630235,4.794807518996384,1778,0.5866384887837632,1.4160575472955537,3586,1.293662076185531,1.294835995044905
TOI-2076_b,NIRISS_SOSS,obs10,SOSS_HDU4_ordem_2,jw05959010001_04102_00001-seg008_nis_x1dints.fits,seg008,4,417,60783.31723791206,TDB-MID,713.0817332009376,4.795110747917752,1778,0.5866384887837632,1.4160575472955537,3587,1.2315675067808953,1.232685078633249
TOI-2076_b,NIRISS_SOSS,obs10,SOSS_HDU4_ordem_2,jw05959010001_04102_00001-seg008_nis_x1dints.fits,seg008,4,418,60783.317314985055,TDB-MID,310.07145181011214,4.794302776304662,1778,0.5866384887837632,1.4160575472955537,3588,0.5355261634813256,0.5360121205752003
TOI-2076_b,NIRISS_SOSS,obs10,SOSS_HDU4_ordem_2,jw05959010001_04102_00001-seg008_nis_x1dints.fits,seg008,4,419,60783.31739205805,TDB-MID,226.64803161281466,4.794239802908566,1778,0.5866384887837632,1.4160575472955537,3589,0.3914451011908556,0.39180031357216966
TOI-2076_b,NIRISS_SOSS,obs10,SOSS_HDU4_ordem_2,jw05959010001_04102_00001-seg008_nis_x1dints.fits,seg008,4,420,60783.31746913104,TDB-MID,486.89077926194597,4.794508241731763,1778,0.5866384887837632,1.4160575472955537,3590,0.8409118270335376,0.84167490285604
TOI-2076_b,NIRISS_SOSS,obs10,SOSS_HDU4_ordem_2,jw05959010001_04102_00001-seg008_nis_x1dints.fits,seg008,4,421,60783.31754620404,TDB-MID,319.1263062726958,4.794230586124013,1778,0.5866384887837632,1.4160575472955537,3591,0.5511648539925655,0.5516650022373327
TOI-2076_b,NIRISS_SOSS,obs10,SOSS_HDU4_ordem_2,jw05959010001_04102_00001-seg008_nis_x1dints.fits,seg008,4,422,60783.317623277035,TDB-MID,334.78627296712125,4.794591016170506,1778,0.5866384887837632,1.4160575472955537,3592,0.578211271310748,0.5787359625176633
TOI-2076_b,NIRISS_SOSS,obs10,SOSS_HDU4_ordem_2,jw05959010001_04102_00001-seg008_nis_x1dints.fits,seg008,4,423,60783.31770035003,TDB-MID,874.3757551419335,4.795175064107805,1778,0.5866384887837632,1.4160575472955537,3593,1.5101393271090426,1.5115096857745782
TOI-2076_b,NIRISS_SOSS,obs10,SOSS_HDU4_ordem_2,jw05959010001_04102_00001-seg008_nis_x1dints.fits,seg008,4,424,60783.31777742303,TDB-MID,537.143662858256,4.794597193811403,1778,0.5866384887837632,1.4160575472955537,3594,0.9277038673813421,0.9285457016484827
TOI-2076_b,NIRISS_SOSS,obs10,SOSS_HDU4_ordem_2,jw05959010001_04102_00001-seg008_nis_x1dints.fits,seg008,4,425,60783.317854496025,TDB-MID,439.99807309927644,4.794569485874904,1778,0.5866384887837632,1.4160575472955537,3595,0.7599231681939284,0.7606127517839866
TOI-2076_b,NIRISS_SOSS,obs10,SOSS_HDU4_ordem_2,jw05959010001_04102_00001-seg008_nis_x1dints.fits,seg008,4,426,60783.31793156902,TDB-MID,-57.07532334249069,4.793844703931179,1778,0.5866384887837632,1.4160575472955537,3596,-0.09857511473767798,-0.09866456559844429
TOI-2076_b,NIRISS_SOSS,obs10,SOSS_HDU4_ordem_2,jw05959010001_04102_00001-seg008_nis_x1dints.fits,seg008,4,427,60783.31800864201,TDB-MID,560.068778090704,4.794621175567971,1778,0.5866384887837632,1.4160575472955537,3597,0.9672979639553104,0.9681757274326704
TOI-2076_b,NIRISS_SOSS,obs10,SOSS_HDU4_ordem_2,jw05959010001_04102_00001-seg008_nis_x1dints.fits,seg008,4,428,60783.31808571501,TDB-MID,369.16739830115444,4.794382382528902,1778,0.5866384887837632,1.4160575472955537,3598,0.6375911079220234,0.6381696826827259
TOI-2076_b,NIRISS_SOSS,obs10,SOSS_HDU4_ordem_2,jw05959010001_04102_00001-seg008_nis_x1dints.fits,seg008,4,429,60783.318162788004,TDB-MID,722.7890420667543,4.794767072284156,1778,0.5866384887837632,1.4160575472955537,3599,1.2483330549933849,1.2494658405507677
TOI-2076_b,NIRISS_SOSS,obs10,SOSS_HDU4_ordem_2,jw05959010001_04102_00001-seg008_nis_x1dints.fits,seg008,4,430,60783.318239861,TDB-MID,613.7752928652851,4.794678718244229,1778,0.5866384887837632,1.4160575472955537,3600,1.0600547903038322,1.0610167249026856
TOI-2076_b,NIRISS_SOSS,obs10,SOSS_HDU4_ordem_2,jw05959010001_04102_00001-seg008_nis_x1dints.fits,seg008,4,431,60783.318316934,TDB-MID,789.9391825953867,4.795333300653164,1778,0.5866384887837632,1.4160575472955537,3601,1.3643084436484898,1.3655464697462516
TOI-2076_b,NIRISS_SOSS,obs10,SOSS_HDU4_ordem_2,jw05959010001_04102_00001-seg008_nis_x1dints.fits,seg008,4,432,60783.31839400699,TDB-MID,522.3741204109299,4.794620170859801,1778,0.5866384887837632,1.4160575472955537,3602,0.9021953068317726,0.9030139936473061
TOI-2076_b,NIRISS_SOSS,obs10,SOSS_HDU4_ordem_2,jw05959010001_04102_00001-seg008_nis_x1dints.fits,seg008,4,433,60783.31847107998,TDB-MID,366.9890886367568,4.794438647302784,1778,0.5866384887837632,1.4160575472955537,3603,0.6338289369429178,0.6344040977645816
TOI-2076_b,NIRISS_SOSS,obs10,SOSS_HDU4_ordem_2,jw05959010001_04102_00001-seg008_nis_x1dints.fits,seg008,4,434,60783.31854815298,TDB-MID,629.9911053188446,4.794710563929428,1778,0.5866384887837632,1.4160575472955537,3604,1.0880612119859723,1.0890485606919573
TOI-2076_b,NIRISS_SOSS,obs10,SOSS_HDU4_ordem_2,jw05959010001_04102_00001-seg008_nis_x1dints.fits,seg008,4,435,60783.31862522598,TDB-MID,332.1280433696357,4.794369421419034,1778,0.5866384887837632,1.4160575472955537,3605,0.5736202278925822,0.5741407530096414
TOI-2076_b,NIRISS_SOSS,obs10,SOSS_HDU4_ordem_2,jw05959010001_04102_00001-seg008_nis_x1dints.fits,seg008,4,436,60783.318702298966,TDB-MID,516.7982906841389,4.795525418350581,1778,0.5866384887837632,1.4160575472955537,3606,0.8925652596785052,0.8933752078178587
TOI-2076_b,NIRISS_SOSS,obs10,SOSS_HDU4_ordem_2,jw05959010001_04102_00001-seg008_nis_x1dints.fits,seg008,4,437,60783.31877937196,TDB-MID,568.5885559018209,4.7945974489168135,1778,0.5866384887837632,1.4160575472955537,3607,0.9820125205462696,0.9829036365797627
TOI-2076_b,NIRISS_SOSS,obs10,SOSS_HDU4_ordem_2,jw05959010001_04102_00001-seg008_nis_x1dints.fits,seg008,4,438,60783.31885644496,TDB-MID,-137.5008683394927,4.793774611739239,1778,0.5866384887837632,1.4160575472955537,3608,-0.23747852976253261,-0.23769402693904926
TOI-2076_b,NIRISS_SOSS,obs10,SOSS_HDU4_ordem_2,jw05959010001_04102_00001-seg008_nis_x1dints.fits,seg008,4,439,60783.318933517956,TDB-MID,643.1843683776655,4.794679178630937,1778,0.5866384887837632,1.4160575472955537,3609,1.1108473714612956,1.111855397207161
TOI-2076_b,NIRISS_SOSS,obs10,SOSS_HDU4_ordem_2,jw05959010001_04102_00001-seg008_nis_x1dints.fits,seg008,4,440,60783.31901059095,TDB-MID,584.1666366676844,4.794640457681616,1778,0.5866384887837632,1.4160575472955537,3610,1.0089175122126874,1.0098330428732378
TOI-2076_b,NIRISS_SOSS,obs10,SOSS_HDU4_ordem_2,jw05959010001_04102_00001-seg008_nis_x1dints.fits,seg008,4,441,60783.31908766395,TDB-MID,530.0495981980364,4.794539544434879,1778,0.5866384887837632,1.4160575472955537,3611,0.915451668061482,0.9162823842104408
TOI-2076_b,NIRISS_SOSS,obs10,SOSS_HDU4_ordem_2,jw05959010001_04102_00001-seg008_nis_x1dints.fits,seg008,4,442,60783.319164736946,TDB-MID,300.8001449412304,4.794190634664644,1778,0.5866384887837632,1.4160575472955537,3612,0.5195136367912166,0.5199850635008326
TOI-2076_b,NIRISS_SOSS,obs10,SOSS_HDU4_ordem_2,jw05959010001_04102_00001-seg008_nis_x1dints.fits,seg008,4,443,60783.31924180994,TDB-MID,241.79506937696289,4.794349429677876,1778,0.5866384887837632,1.4160575472955537,3613,0.4176056360436695,0.41798458750321765
TOI-2076_b,NIRISS_SOSS,obs10,SOSS_HDU4_ordem_2,jw05959010001_04102_00001-seg008_nis_x1dints.fits,seg008,4,444,60783.31931888293,TDB-MID,834.5960042331567,4.795010305405083,1778,0.5866384887837632,1.4160575472955537,3614,1.4414354936407938,1.4427435077982047
TOI-2076_b,NIRISS_SOSS,obs10,SOSS_HDU4_ordem_2,jw05959010001_04102_00001-seg008_nis_x1dints.fits,seg008,4,445,60783.31939595592,TDB-MID,625.7479889982812,4.794490725534956,1778,0.5866384887837632,1.4160575472955537,3615,1.08073290171719,1.081713600431813
TOI-2076_b,NIRISS_SOSS,obs10,SOSS_HDU4_ordem_2,jw05959010001_04102_00001-seg008_nis_x1dints.fits,seg008,4,446,60783.31947302892,TDB-MID,860.5017151753791,4.7950071343041,1778,0.5866384887837632,1.4160575472955537,3616,1.486177393974271,1.487526008657563
TOI-2076_b,NIRISS_SOSS,obs10,SOSS_HDU4_ordem_2,jw05959010001_04102_00001-seg008_nis_x1dints.fits,seg008,4,447,60783.319550101915,TDB-MID,445.6832593487623,4.794475240691155,1778,0.5866384887837632,1.4160575472955537,3617,0.7697420856179304,0.7704405792723361
TOI-2076_b,NIRISS_SOSS,obs10,SOSS_HDU4_ordem_2,jw05959010001_04102_00001-seg008_nis_x1dints.fits,seg008,4,448,60783.31962717491,TDB-MID,840.9167577096727,4.79493837065456,1778,0.5866384887837632,1.4160575472955537,3618,1.4523521028282234,1.4536700231378212
TOI-2076_b,NIRISS_SOSS,obs10,SOSS_HDU4_ordem_2,jw05959010001_04102_00001-seg008_nis_x1dints.fits,seg008,4,449,60783.31970424791,TDB-MID,792.2001204729081,4.794957689580125,1778,0.5866384887837632,1.4160575472955537,3619,1.368213322283238,1.3694548918184686
