planeta,instrumento,obs,parte,arquivo,segmento,hdu,integration_index_segmento,time_value,time_column,white_flux,white_flux_error,n_pixels_validos,wavelength_min_um,wavelength_max_um,integration_index_global,white_flux_normalizado,white_flux_normalizado_por_segmento
TOI-2076_d,NIRISS_SOSS,obs14,SOSS_HDU4_ordem_2,jw05959014001_04102_00001-seg001_nis_x1dints.fits,seg001,4,0,60693.904324070994,TDB-MID,3519.31868046571,4.793933556251286,1778,0.5867402182434889,1.4160298518951635,0,0.9874903339203746,0.982821427129352
TOI-2076_d,NIRISS_SOSS,obs14,SOSS_HDU4_ordem_2,jw05959014001_04102_00001-seg001_nis_x1dints.fits,seg001,4,1,60693.904401149855,TDB-MID,3926.333447901535,4.794669687103676,1778,0.5867402182434889,1.4160298518951635,1,1.1016951516984963,1.0964862784582077
TOI-2076_d,NIRISS_SOSS,obs14,SOSS_HDU4_ordem_2,jw05959014001_04102_00001-seg001_nis_x1dints.fits,seg001,4,2,60693.90447822871,TDB-MID,3678.355262097781,4.7943865758748565,1778,0.5867402182434889,1.4160298518951635,2,1.0321146209942087,1.027234728201798
TOI-2076_d,NIRISS_SOSS,obs14,SOSS_HDU4_ordem_2,jw05959014001_04102_00001-seg001_nis_x1dints.fits,seg001,4,3,60693.90455530756,TDB-MID,3705.3622113544707,4.7943401307751845,1778,0.5867402182434889,1.4160298518951635,3,1.039692536994737,1.0347768154126546
TOI-2076_d,NIRISS_SOSS,obs14,SOSS_HDU4_ordem_2,jw05959014001_04102_00001-seg001_nis_x1dints.fits,seg001,4,4,60693.904632386424,TDB-MID,3374.581726092975,4.79377109731838,1778,0.5867402182434889,1.4160298518951635,4,0.9468783983779995,0.9424015069770392
TOI-2076_d,NIRISS_SOSS,obs14,SOSS_HDU4_ordem_2,jw05959014001_04102_00001-seg001_nis_x1dints.fits,seg001,4,5,60693.90470946528,TDB-MID,3882.628670810667,4.7945396491928225,1778,0.5867402182434889,1.4160298518951635,5,1.089431969860793,1.0842810775961098
TOI-2076_d,NIRISS_SOSS,obs14,SOSS_HDU4_ordem_2,jw05959014001_04102_00001-seg001_nis_x1dints.fits,seg001,4,6,60693.90478654413,TDB-MID,3720.4575711947487,4.794263188789911,1778,0.5867402182434889,1.4160298518951635,6,1.0439281641949858,1.0389924163423465
TOI-2076_d,NIRISS_SOSS,obs14,SOSS_HDU4_ordem_2,jw05959014001_04102_00001-seg001_nis_x1dints.fits,seg001,4,7,60693.904863622985,TDB-MID,3606.4156209678285,4.794097567211775,1778,0.5867402182434889,1.4160298518951635,7,1.0119289809054492,1.0071445268923906
TOI-2076_d,NIRISS_SOSS,obs14,SOSS_HDU4_ordem_2,jw05959014001_04102_00001-seg001_nis_x1dints.fits,seg001,4,8,60693.90494070185,TDB-MID,3594.347621025568,4.795340437005869,1778,0.5867402182434889,1.4160298518951635,8,1.0085428046665992,1.0037743606747977
TOI-2076_d,NIRISS_SOSS,obs14,SOSS_HDU4_ordem_2,jw05959014001_04102_00001-seg001_nis_x1dints.fits,seg001,4,9,60693.90501778071,TDB-MID,3123.05852587996,4.793563220844484,1778,0.5867402182434889,1.4160298518951635,9,0.8763031673408933,0.8721599593838599
TOI-2076_d,NIRISS_SOSS,obs14,SOSS_HDU4_ordem_2,jw05959014001_04102_00001-seg001_nis_x1dints.fits,seg001,4,10,60693.90509485956,TDB-MID,3554.9334342539532,4.794048146380828,1778,0.5867402182434889,1.4160298518951635,10,0.9974835253031425,0.9927673701720521
TOI-2076_d,NIRISS_SOSS,obs14,SOSS_HDU4_ordem_2,jw05959014001_04102_00001-seg001_nis_x1dints.fits,seg001,4,11,60693.905171938415,TDB-MID,4039.665398954157,4.794591672378533,1778,0.5867402182434889,1.4160298518951635,11,1.1334951153704398,1.1281358902115122
TOI-2076_d,NIRISS_SOSS,obs14,SOSS_HDU4_ordem_2,jw05959014001_04102_00001-seg001_nis_x1dints.fits,seg001,4,12,60693.905249017276,TDB-MID,3614.0117037696564,4.794068945084526,1778,0.5867402182434889,1.4160298518951635,12,1.0140603759348619,1.009265844572805
TOI-2076_d,NIRISS_SOSS,obs14,SOSS_HDU4_ordem_2,jw05959014001_04102_00001-seg001_nis_x1dints.fits,seg001,4,13,60693.90532609613,TDB-MID,3804.0674564120936,4.794348189562079,1778,0.5867402182434889,1.4160298518951635,13,1.0673883736754737,1.062341704705331
TOI-2076_d,NIRISS_SOSS,obs14,SOSS_HDU4_ordem_2,jw05959014001_04102_00001-seg001_nis_x1dints.fits,seg001,4,14,60693.905403174984,TDB-MID,3594.9817489443726,4.794038755461793,1778,0.5867402182434889,1.4160298518951635,14,1.0087207354671728,1.0039514502090878
TOI-2076_d,NIRISS_SOSS,obs14,SOSS_HDU4_ordem_2,jw05959014001_04102_00001-seg001_nis_x1dints.fits,seg001,4,15,60693.90548025384,TDB-MID,3661.9461694525294,4.794113019205109,1778,0.5867402182434889,1.4160298518951635,15,1.027510371749737,1.0226522480925029
TOI-2076_d,NIRISS_SOSS,obs14,SOSS_HDU4_ordem_2,jw05959014001_04102_00001-seg001_nis_x1dints.fits,seg001,4,16,60693.9055573327,TDB-MID,3284.1076958686135,4.793762046739497,1778,0.5867402182434889,1.4160298518951635,16,0.921492169272554,0.9171353053122657
TOI-2076_d,NIRISS_SOSS,obs14,SOSS_HDU4_ordem_2,jw05959014001_04102_00001-seg001_nis_x1dints.fits,seg001,4,17,60693.90563441155,TDB-MID,3116.4836477859108,4.793460605715164,1778,0.5867402182434889,1.4160298518951635,17,0.8744583135057983,0.8703238281157646
TOI-2076_d,NIRISS_SOSS,obs14,SOSS_HDU4_ordem_2,jw05959014001_04102_00001-seg001_nis_x1dints.fits,seg001,4,18,60693.90571149041,TDB-MID,3382.478034429646,4.7938137287893605,1778,0.5867402182434889,1.4160298518951635,18,0.9490940340916387,0.9446066670472473
TOI-2076_d,NIRISS_SOSS,obs14,SOSS_HDU4_ordem_2,jw05959014001_04102_00001-seg001_nis_x1dints.fits,seg001,4,19,60693.90578856927,TDB-MID,4054.4740586684466,4.798800257758122,1778,0.5867402182434889,1.4160298518951635,19,1.1376502969990163,1.132271425920471
TOI-2076_d,NIRISS_SOSS,obs14,SOSS_HDU4_ordem_2,jw05959014001_04102_00001-seg001_nis_x1dints.fits,seg001,4,20,60693.90586564812,TDB-MID,3517.5279228614713,4.793883125081892,1778,0.5867402182434889,1.4160298518951635,20,0.9869878628499383,0.9823213317688468
TOI-2076_d,NIRISS_SOSS,obs14,SOSS_HDU4_ordem_2,jw05959014001_04102_00001-seg001_nis_x1dints.fits,seg001,4,21,60693.905942726975,TDB-MID,3641.2456594249034,4.794095094674941,1778,0.5867402182434889,1.4160298518951635,21,1.0217019879642715,1.0168713266543328
TOI-2076_d,NIRISS_SOSS,obs14,SOSS_HDU4_ordem_2,jw05959014001_04102_00001-seg001_nis_x1dints.fits,seg001,4,22,60693.90601980583,TDB-MID,3306.1184681393293,4.7937115727344395,1778,0.5867402182434889,1.4160298518951635,22,0.9276682012926432,0.9232821367246633
TOI-2076_d,NIRISS_SOSS,obs14,SOSS_HDU4_ordem_2,jw05959014001_04102_00001-seg001_nis_x1dints.fits,seg001,4,23,60693.90609688469,TDB-MID,3426.7149625358647,4.793869803034674,1778,0.5867402182434889,1.4160298518951635,23,0.961506532894231,0.956960478895687
TOI-2076_d,NIRISS_SOSS,obs14,SOSS_HDU4_ordem_2,jw05959014001_04102_00001-seg001_nis_x1dints.fits,seg001,4,24,60693.90617396355,TDB-MID,3372.450244344571,4.794266097911712,1778,0.5867402182434889,1.4160298518951635,24,0.9462803230643998,0.9418062593953143
TOI-2076_d,NIRISS_SOSS,obs14,SOSS_HDU4_ordem_2,jw05959014001_04102_00001-seg001_nis_x1dints.fits,seg001,4,25,60693.906251042405,TDB-MID,3449.4579104850623,4.793994498598246,1778,0.5867402182434889,1.4160298518951635,25,0.9678880070668726,0.9633117811192188
TOI-2076_d,NIRISS_SOSS,obs14,SOSS_HDU4_ordem_2,jw05959014001_04102_00001-seg001_nis_x1dints.fits,seg001,4,26,60693.90632812126,TDB-MID,3730.7656199572516,4.794199787222522,1778,0.5867402182434889,1.4160298518951635,26,1.0468205133792332,1.0418710903459014
TOI-2076_d,NIRISS_SOSS,obs14,SOSS_HDU4_ordem_2,jw05959014001_04102_00001-seg001_nis_x1dints.fits,seg001,4,27,60693.90640520012,TDB-MID,3040.2269979729817,4.79336669323453,1778,0.5867402182434889,1.4160298518951635,27,0.8530613581787935,0.8490280387309487
TOI-2076_d,NIRISS_SOSS,obs14,SOSS_HDU4_ordem_2,jw05959014001_04102_00001-seg001_nis_x1dints.fits,seg001,4,28,60693.90648227897,TDB-MID,3586.7088213354855,4.794067571319039,1778,0.5867402182434889,1.4160298518951635,28,1.0063994236483982,1.0016411136759868
TOI-2076_d,NIRISS_SOSS,obs14,SOSS_HDU4_ordem_2,jw05959014001_04102_00001-seg001_nis_x1dints.fits,seg001,4,29,60693.90655935783,TDB-MID,3740.276937854655,4.794103988198414,1778,0.5867402182434889,1.4160298518951635,29,1.0494893067848041,1.0445272655543851
TOI-2076_d,NIRISS_SOSS,obs14,SOSS_HDU4_ordem_2,jw05959014001_04102_00001-seg001_nis_x1dints.fits,seg001,4,30,60693.90663643668,TDB-MID,3262.6633297203716,4.7936257722308655,1778,0.5867402182434889,1.4160298518951635,30,0.915475065903661,0.9111466511279535
TOI-2076_d,NIRISS_SOSS,obs14,SOSS_HDU4_ordem_2,jw05959014001_04102_00001-seg001_nis_x1dints.fits,seg001,4,31,60693.90671351554,TDB-MID,3262.3310245083353,4.793698875371251,1778,0.5867402182434889,1.4160298518951635,31,0.91538182393992,0.9110538500171734
TOI-2076_d,NIRISS_SOSS,obs14,SOSS_HDU4_ordem_2,jw05959014001_04102_00001-seg001_nis_x1dints.fits,seg001,4,32,60693.9067905944,TDB-MID,3747.6388583320986,4.794427269546863,1778,0.5867402182434889,1.4160298518951635,32,1.0515549978945402,1.046583189966748
TOI-2076_d,NIRISS_SOSS,obs14,SOSS_HDU4_ordem_2,jw05959014001_04102_00001-seg001_nis_x1dints.fits,seg001,4,33,60693.90686767326,TDB-MID,3470.4381413097844,4.793888374192537,1778,0.5867402182434889,1.4160298518951635,33,0.973774878084785,0.9691708186980288
TOI-2076_d,NIRISS_SOSS,obs14,SOSS_HDU4_ordem_2,jw05959014001_04102_00001-seg001_nis_x1dints.fits,seg001,4,34,60693.90694475211,TDB-MID,3558.8578871256846,4.793942947123427,1778,0.5867402182434889,1.4160298518951635,34,0.9985846927814591,0.9938633312719961
TOI-2076_d,NIRISS_SOSS,obs14,SOSS_HDU4_ordem_2,jw05959014001_04102_00001-seg001_nis_x1dints.fits,seg001,4,35,60693.90702183097,TDB-MID,3854.9541020298157,4.79435042873215,1778,0.5867402182434889,1.4160298518951635,35,1.0816667256053656,1.0765525478283007
TOI-2076_d,NIRISS_SOSS,obs14,SOSS_HDU4_ordem_2,jw05959014001_04102_00001-seg001_nis_x1dints.fits,seg001,4,36,60693.90709890982,TDB-MID,3566.669421728414,4.794065772383011,1778,0.5867402182434889,1.4160298518951635,36,1.0007765417197483,0.9960448170319923
TOI-2076_d,NIRISS_SOSS,obs14,SOSS_HDU4_ordem_2,jw05959014001_04102_00001-seg001_nis_x1dints.fits,seg001,4,37,60693.90717598868,TDB-MID,3360.7407044525644,4.7938134658114535,1778,0.5867402182434889,1.4160298518951635,37,0.9429947276103157,0.9385361984111902
TOI-2076_d,NIRISS_SOSS,obs14,SOSS_HDU4_ordem_2,jw05959014001_04102_00001-seg001_nis_x1dints.fits,seg001,4,38,60693.90725306753,TDB-MID,3485.062991610896,4.794223717947145,1778,0.5867402182434889,1.4160298518951635,38,0.9778784843843626,0.9732550229288857
TOI-2076_d,NIRISS_SOSS,obs14,SOSS_HDU4_ordem_2,jw05959014001_04102_00001-seg001_nis_x1dints.fits,seg001,4,39,60693.907330146394,TDB-MID,3649.72325988372,4.794031885938403,1778,0.5867402182434889,1.4160298518951635,39,1.0240807292116576,1.019238821086654
TOI-2076_d,NIRISS_SOSS,obs14,SOSS_HDU4_ordem_2,jw05959014001_04102_00001-seg001_nis_x1dints.fits,seg001,4,40,60693.90740722525,TDB-MID,3547.827462967034,4.795132449619297,1778,0.5867402182434889,1.4160298518951635,40,0.9954896513189827,0.9907829233300781
TOI-2076_d,NIRISS_SOSS,obs14,SOSS_HDU4_ordem_2,jw05959014001_04102_00001-seg001_nis_x1dints.fits,seg001,4,41,60693.9074843041,TDB-MID,3250.6607847508135,4.793737617785912,1778,0.5867402182434889,1.4160298518951635,41,0.9121072557631156,0.9077947641727759
TOI-2076_d,NIRISS_SOSS,obs14,SOSS_HDU4_ordem_2,jw05959014001_04102_00001-seg001_nis_x1dints.fits,seg001,4,42,60693.90756138296,TDB-MID,3926.319357291049,4.794527182748684,1778,0.5867402182434889,1.4160298518951635,42,1.1016911979952608,1.096482343448291
TOI-2076_d,NIRISS_SOSS,obs14,SOSS_HDU4_ordem_2,jw05959014001_04102_00001-seg001_nis_x1dints.fits,seg001,4,43,60693.90763846182,TDB-MID,3690.47766629561,4.794193556010124,1778,0.5867402182434889,1.4160298518951635,43,1.0355160625958677,1.030620087606753
TOI-2076_d,NIRISS_SOSS,obs14,SOSS_HDU4_ordem_2,jw05959014001_04102_00001-seg001_nis_x1dints.fits,seg001,4,44,60693.90771554067,TDB-MID,3632.0045437174895,4.794352787826959,1778,0.5867402182434889,1.4160298518951635,44,1.019109010952453,1.0142906093756616
TOI-2076_d,NIRISS_SOSS,obs14,SOSS_HDU4_ordem_2,jw05959014001_04102_00001-seg001_nis_x1dints.fits,seg001,4,45,60693.907792619524,TDB-MID,3403.342255648689,4.793943893630093,1778,0.5867402182434889,1.4160298518951635,45,0.9549483538191875,0.9504333072399248
TOI-2076_d,NIRISS_SOSS,obs14,SOSS_HDU4_ordem_2,jw05959014001_04102_00001-seg001_nis_x1dints.fits,seg001,4,46,60693.907869698385,TDB-MID,3564.016111984189,4.79402495654553,1778,0.5867402182434889,1.4160298518951635,46,1.0000320459911114,0.9953038413187358
TOI-2076_d,NIRISS_SOSS,obs14,SOSS_HDU4_ordem_2,jw05959014001_04102_00001-seg001_nis_x1dints.fits,seg001,4,47,60693.907946777246,TDB-MID,3604.665842046964,4.794003344165754,1778,0.5867402182434889,1.4160298518951635,47,1.0114380080985699,1.0066558754310408
TOI-2076_d,NIRISS_SOSS,obs14,SOSS_HDU4_ordem_2,jw05959014001_04102_00001-seg001_nis_x1dints.fits,seg001,4,48,60693.9080238561,TDB-MID,3719.088131382726,4.794263119414472,1778,0.5867402182434889,1.4160298518951635,48,1.0435439112471738,1.0386099801628976
TOI-2076_d,NIRISS_SOSS,obs14,SOSS_HDU4_ordem_2,jw05959014001_04102_00001-seg001_nis_x1dints.fits,seg001,4,49,60693.908100934954,TDB-MID,3434.595339348352,4.793800761935623,1778,0.5867402182434889,1.4160298518951635,49,0.9637176983601989,0.9591611898537923
TOI-2076_d,NIRISS_SOSS,obs14,SOSS_HDU4_ordem_2,jw05959014001_04102_00001-seg001_nis_x1dints.fits,seg001,4,50,60693.90817801381,TDB-MID,3557.2958435206915,4.793897185096347,1778,0.5867402182434889,1.4160298518951635,50,0.9981463968778643,0.9934271076547321
TOI-2076_d,NIRISS_SOSS,obs14,SOSS_HDU4_ordem_2,jw05959014001_04102_00001-seg001_nis_x1dints.fits,seg001,4,51,60693.90825509267,TDB-MID,3778.130436642384,4.794171557506648,1778,0.5867402182434889,1.4160298518951635,51,1.060110670620205,1.05509841101697
TOI-2076_d,NIRISS_SOSS,obs14,SOSS_HDU4_ordem_2,jw05959014001_04102_00001-seg001_nis_x1dints.fits,seg001,4,52,60693.90833217152,TDB-MID,3892.150456821579,4.797655010824899,1778,0.5867402182434889,1.4160298518951635,52,1.0921037005283296,1.0869401761790283
TOI-2076_d,NIRISS_SOSS,obs14,SOSS_HDU4_ordem_2,jw05959014001_04102_00001-seg001_nis_x1dints.fits,seg001,4,53,60693.908409250376,TDB-MID,3734.5412475978933,4.794317289721114,1778,0.5867402182434889,1.4160298518951635,53,1.0478799217869772,1.0429254898143785
TOI-2076_d,NIRISS_SOSS,obs14,SOSS_HDU4_ordem_2,jw05959014001_04102_00001-seg001_nis_x1dints.fits,seg001,4,54,60693.90848632924,TDB-MID,3437.6513968812133,4.793899605300226,1778,0.5867402182434889,1.4160298518951635,54,0.9645752016293276,0.9600146388018821
TOI-2076_d,NIRISS_SOSS,obs14,SOSS_HDU4_ordem_2,jw05959014001_04102_00001-seg001_nis_x1dints.fits,seg001,4,55,60693.90856340809,TDB-MID,3555.0075663737034,4.793911193123524,1778,0.5867402182434889,1.4160298518951635,55,0.9975043261337387,0.9927880726552155
TOI-2076_d,NIRISS_SOSS,obs14,SOSS_HDU4_ordem_2,jw05959014001_04102_00001-seg001_nis_x1dints.fits,seg001,4,56,60693.90864048695,TDB-MID,3656.697215918256,4.7940505120816965,1778,0.5867402182434889,1.4160298518951635,56,1.0260375608596455,1.0211864007305904
TOI-2076_d,NIRISS_SOSS,obs14,SOSS_HDU4_ordem_2,jw05959014001_04102_00001-seg001_nis_x1dints.fits,seg001,4,57,60693.908717565806,TDB-MID,3766.324573240337,4.794455405469114,1778,0.5867402182434889,1.4160298518951635,57,1.056798047623653,1.0518014502780355
TOI-2076_d,NIRISS_SOSS,obs14,SOSS_HDU4_ordem_2,jw05959014001_04102_00001-seg001_nis_x1dints.fits,seg001,4,58,60693.90879464466,TDB-MID,3420.669834842138,4.793927463007053,1778,0.5867402182434889,1.4160298518951635,58,0.9598103224322447,0.9552722882069308
TOI-2076_d,NIRISS_SOSS,obs14,SOSS_HDU4_ordem_2,jw05959014001_04102_00001-seg001_nis_x1dints.fits,seg001,4,59,60693.90887172351,TDB-MID,3737.050943752021,4.794187297294263,1778,0.5867402182434889,1.4160298518951635,59,1.0485841207863558,1.0436263593234547
TOI-2076_d,NIRISS_SOSS,obs14,SOSS_HDU4_ordem_2,jw05959014001_04102_00001-seg001_nis_x1dints.fits,seg001,4,60,60693.908948802375,TDB-MID,3646.6854551272936,4.794118381296586,1778,0.5867402182434889,1.4160298518951635,60,1.023228347513473,1.0183904694944486
TOI-2076_d,NIRISS_SOSS,obs14,SOSS_HDU4_ordem_2,jw05959014001_04102_00001-seg001_nis_x1dints.fits,seg001,4,61,60693.90902588123,TDB-MID,3275.640704883109,4.793655897337588,1778,0.5867402182434889,1.4160298518951635,61,0.9191164049514694,0.9147707737311803
TOI-2076_d,NIRISS_SOSS,obs14,SOSS_HDU4_ordem_2,jw05959014001_04102_00001-seg001_nis_x1dints.fits,seg001,4,62,60693.90910296009,TDB-MID,3775.2262090955887,4.794324691514151,1778,0.5867402182434889,1.4160298518951635,62,1.0592957695298648,1.054287362822303
TOI-2076_d,NIRISS_SOSS,obs14,SOSS_HDU4_ordem_2,jw05959014001_04102_00001-seg001_nis_x1dints.fits,seg001,4,63,60693.90918003894,TDB-MID,4001.9057604472277,4.794506486443221,1778,0.5867402182434889,1.4160298518951635,63,1.1229000879167208,1.1175909566107967
TOI-2076_d,NIRISS_SOSS,obs14,SOSS_HDU4_ordem_2,jw05959014001_04102_00001-seg001_nis_x1dints.fits,seg001,4,64,60693.9092571178,TDB-MID,3776.6390896058438,4.795140116719643,1778,0.5867402182434889,1.4160298518951635,64,1.0596922115612744,1.0546819304547141
TOI-2076_d,NIRISS_SOSS,obs14,SOSS_HDU4_ordem_2,jw05959014001_04102_00001-seg001_nis_x1dints.fits,seg001,4,65,60693.90933419665,TDB-MID,3439.6189041549273,4.793959747713242,1778,0.5867402182434889,1.4160298518951635,65,0.9651272671258384,0.9605640941033791
TOI-2076_d,NIRISS_SOSS,obs14,SOSS_HDU4_ordem_2,jw05959014001_04102_00001-seg001_nis_x1dints.fits,seg001,4,66,60693.90941127551,TDB-MID,3304.07021545266,4.793861264636972,1778,0.5867402182434889,1.4160298518951635,66,0.9270934793327538,0.9227101320807509
TOI-2076_d,NIRISS_SOSS,obs14,SOSS_HDU4_ordem_2,jw05959014001_04102_00001-seg001_nis_x1dints.fits,seg001,4,67,60693.909488354366,TDB-MID,3118.7427577542035,4.793592909280399,1778,0.5867402182434889,1.4160298518951635,67,0.8750922001922569,0.870954717752274
TOI-2076_d,NIRISS_SOSS,obs14,SOSS_HDU4_ordem_2,jw05959014001_04102_00001-seg001_nis_x1dints.fits,seg001,4,68,60693.90956543322,TDB-MID,3925.6400104412455,4.7950230775524325,1778,0.5867402182434889,1.4160298518951635,68,1.1015005791543802,1.096292625863423
TOI-2076_d,NIRISS_SOSS,obs14,SOSS_HDU4_ordem_2,jw05959014001_04102_00001-seg001_nis_x1dints.fits,seg001,4,69,60693.90964251208,TDB-MID,3762.322646396603,4.7942124909410975,1778,0.5867402182434889,1.4160298518951635,69,1.0556751416199486,1.0506838534336074
TOI-2076_d,NIRISS_SOSS,obs14,SOSS_HDU4_ordem_2,jw05959014001_04102_00001-seg001_nis_x1dints.fits,seg001,4,70,60693.90971959094,TDB-MID,3730.7972333787015,4.79425998422103,1778,0.5867402182434889,1.4160298518951635,70,1.0468293838314253,1.041879918858124
TOI-2076_d,NIRISS_SOSS,obs14,SOSS_HDU4_ordem_2,jw05959014001_04102_00001-seg001_nis_x1dints.fits,seg001,4,71,60693.909796669795,TDB-MID,3264.5735173980424,4.793673730599551,1778,0.5867402182434889,1.4160298518951635,71,0.916011048018081,0.9116800990904451
TOI-2076_d,NIRISS_SOSS,obs14,SOSS_HDU4_ordem_2,jw05959014001_04102_00001-seg001_nis_x1dints.fits,seg001,4,72,60693.90987374864,TDB-MID,3612.4272681929024,4.794124176632087,1778,0.5867402182434889,1.4160298518951635,72,1.0136157970379724,1.0088233676685727
TOI-2076_d,NIRISS_SOSS,obs14,SOSS_HDU4_ordem_2,jw05959014001_04102_00001-seg001_nis_x1dints.fits,seg001,4,73,60693.9099508275,TDB-MID,3383.8337468874442,4.793807369615224,1778,0.5867402182434889,1.4160298518951635,73,0.9494744352627751,0.9449852696614255
TOI-2076_d,NIRISS_SOSS,obs14,SOSS_HDU4_ordem_2,jw05959014001_04102_00001-seg001_nis_x1dints.fits,seg001,4,74,60693.910027906364,TDB-MID,3607.6081855811144,4.794839188059967,1778,0.5867402182434889,1.4160298518951635,74,1.0122636042047632,1.007477568074958
TOI-2076_d,NIRISS_SOSS,obs14,SOSS_HDU4_ordem_2,jw05959014001_04102_00001-seg001_nis_x1dints.fits,seg001,4,75,60693.91010498522,TDB-MID,3678.3350558189127,4.79439025563603,1778,0.5867402182434889,1.4160298518951635,75,1.032108951287405,1.0272290853016692
TOI-2076_d,NIRISS_SOSS,obs14,SOSS_HDU4_ordem_2,jw05959014001_04102_00001-seg001_nis_x1dints.fits,seg001,4,76,60693.91018206407,TDB-MID,3601.4490132703,4.794153023373695,1778,0.5867402182434889,1.4160298518951635,76,1.0105353938111896,1.0057575287519918
TOI-2076_d,NIRISS_SOSS,obs14,SOSS_HDU4_ordem_2,jw05959014001_04102_00001-seg001_nis_x1dints.fits,seg001,4,77,60693.91025914293,TDB-MID,3361.6254339370944,4.793781081807832,1778,0.5867402182434889,1.4160298518951635,77,0.9432429750392732,0.9387832721131074
TOI-2076_d,NIRISS_SOSS,obs14,SOSS_HDU4_ordem_2,jw05959014001_04102_00001-seg001_nis_x1dints.fits,seg001,4,78,60693.91033622179,TDB-MID,3391.9341542698203,4.793794670903324,1778,0.5867402182434889,1.4160298518951635,78,0.9517473394005314,0.9472474273875972
TOI-2076_d,NIRISS_SOSS,obs14,SOSS_HDU4_ordem_2,jw05959014001_04102_00001-seg001_nis_x1dints.fits,seg001,4,79,60693.91041330064,TDB-MID,3504.7663926787563,4.7938606117906915,1778,0.5867402182434889,1.4160298518951635,79,0.9834070880336615,0.9787574870462454
TOI-2076_d,NIRISS_SOSS,obs14,SOSS_HDU4_ordem_2,jw05959014001_04102_00001-seg001_nis_x1dints.fits,seg001,4,80,60693.910490379494,TDB-MID,3300.864083083714,4.793778455512598,1778,0.5867402182434889,1.4160298518951635,80,0.9261938663647163,0.9218147725306473
TOI-2076_d,NIRISS_SOSS,obs14,SOSS_HDU4_ordem_2,jw05959014001_04102_00001-seg001_nis_x1dints.fits,seg001,4,81,60693.910567458355,TDB-MID,3367.0997118722908,4.79378367668176,1778,0.5867402182434889,1.4160298518951635,81,0.9447790100042809,0.9403120446231492
TOI-2076_d,NIRISS_SOSS,obs14,SOSS_HDU4_ordem_2,jw05959014001_04102_00001-seg001_nis_x1dints.fits,seg001,4,82,60693.91064453721,TDB-MID,3258.846779719765,4.793619295396238,1778,0.5867402182434889,1.4160298518951635,82,0.9144041750362206,0.91008082348946
TOI-2076_d,NIRISS_SOSS,obs14,SOSS_HDU4_ordem_2,jw05959014001_04102_00001-seg001_nis_x1dints.fits,seg001,4,83,60693.91072161606,TDB-MID,3815.333377210908,4.7946627168973555,1778,0.5867402182434889,1.4160298518951635,83,1.0705494934550754,1.0654878785425783
TOI-2076_d,NIRISS_SOSS,obs14,SOSS_HDU4_ordem_2,jw05959014001_04102_00001-seg001_nis_x1dints.fits,seg001,4,84,60693.910798694924,TDB-MID,3474.105861184331,4.793919470533027,1778,0.5867402182434889,1.4160298518951635,84,0.9748040085081666,0.9701950833380629
TOI-2076_d,NIRISS_SOSS,obs14,SOSS_HDU4_ordem_2,jw05959014001_04102_00001-seg001_nis_x1dints.fits,seg001,4,85,60693.910875773785,TDB-MID,3187.468772945775,4.793505028875962,1778,0.5867402182434889,1.4160298518951635,85,0.8943761246823122,0.8901474668222603
TOI-2076_d,NIRISS_SOSS,obs14,SOSS_HDU4_ordem_2,jw05959014001_04102_00001-seg001_nis_x1dints.fits,seg001,4,86,60693.91095285263,TDB-MID,3747.934923575919,4.7940890223108585,1778,0.5867402182434889,1.4160298518951635,86,1.0516380712371463,1.0466658705341745
TOI-2076_d,NIRISS_SOSS,obs14,SOSS_HDU4_ordem_2,jw05959014001_04102_00001-seg001_nis_x1dints.fits,seg001,4,87,60693.911029931485,TDB-MID,3360.9367517235605,4.794129133168228,1778,0.5867402182434889,1.4160298518951635,87,0.9430497367762019,0.938590947490816
TOI-2076_d,NIRISS_SOSS,obs14,SOSS_HDU4_ordem_2,jw05959014001_04102_00001-seg001_nis_x1dints.fits,seg001,4,88,60693.911107010346,TDB-MID,3281.5623065665004,4.79375453755822,1778,0.5867402182434889,1.4160298518951635,88,0.92077795508506,0.916424467967416
TOI-2076_d,NIRISS_SOSS,obs14,SOSS_HDU4_ordem_2,jw05959014001_04102_00001-seg001_nis_x1dints.fits,seg001,4,89,60693.91118408921,TDB-MID,3884.177026958382,4.794380526640464,1778,0.5867402182434889,1.4160298518951635,89,1.0898664251824501,1.0847134787899115
TOI-2076_d,NIRISS_SOSS,obs14,SOSS_HDU4_ordem_2,jw05959014001_04102_00001-seg001_nis_x1dints.fits,seg001,4,90,60693.91126116806,TDB-MID,3540.9229847120614,4.794172301868154,1778,0.5867402182434889,1.4160298518951635,90,0.9935523145340551,0.9888547463764531
TOI-2076_d,NIRISS_SOSS,obs14,SOSS_HDU4_ordem_2,jw05959014001_04102_00001-seg001_nis_x1dints.fits,seg001,4,91,60693.911338246915,TDB-MID,3464.796213442677,4.793835254369146,1778,0.5867402182434889,1.4160298518951635,91,0.9721918020012326,0.9675952274823514
TOI-2076_d,NIRISS_SOSS,obs14,SOSS_HDU4_ordem_2,jw05959014001_04102_00001-seg001_nis_x1dints.fits,seg001,4,92,60693.911415325776,TDB-MID,3545.617159179448,4.794021654734882,1778,0.5867402182434889,1.4160298518951635,92,0.994869459224023,0.9901656635363111
TOI-2076_d,NIRISS_SOSS,obs14,SOSS_HDU4_ordem_2,jw05959014001_04102_00001-seg001_nis_x1dints.fits,seg001,4,93,60693.91149240463,TDB-MID,3515.7046625671082,4.794039366129767,1778,0.5867402182434889,1.4160298518951635,93,0.9864762718062235,0.9818121595547815
TOI-2076_d,NIRISS_SOSS,obs14,SOSS_HDU4_ordem_2,jw05959014001_04102_00001-seg001_nis_x1dints.fits,seg001,4,94,60693.91156948348,TDB-MID,3727.465523947197,4.794143676195148,1778,0.5867402182434889,1.4160298518951635,94,1.0458945350275066,1.0409494900690444
TOI-2076_d,NIRISS_SOSS,obs14,SOSS_HDU4_ordem_2,jw05959014001_04102_00001-seg001_nis_x1dints.fits,seg001,4,95,60693.91164656234,TDB-MID,3396.6390585804897,4.793796024931411,1778,0.5867402182434889,1.4160298518951635,95,0.9530674947915719,0.9485613410137731
TOI-2076_d,NIRISS_SOSS,obs14,SOSS_HDU4_ordem_2,jw05959014001_04102_00001-seg001_nis_x1dints.fits,seg001,4,96,60693.9117236412,TDB-MID,3327.361081927756,4.79374495830843,1778,0.5867402182434889,1.4160298518951635,96,0.9336286946971505,0.9292144485995107
TOI-2076_d,NIRISS_SOSS,obs14,SOSS_HDU4_ordem_2,jw05959014001_04102_00001-seg001_nis_x1dints.fits,seg001,4,97,60693.91180072005,TDB-MID,3860.040437644552,4.794653800969164,1778,0.5867402182434889,1.4160298518951635,97,1.0830939073159922,1.0779729817479344
TOI-2076_d,NIRISS_SOSS,obs14,SOSS_HDU4_ordem_2,jw05959014001_04102_00001-seg001_nis_x1dints.fits,seg001,4,98,60693.91187779891,TDB-MID,3839.8189992305684,4.794414827137338,1778,0.5867402182434889,1.4160298518951635,98,1.0774199468751229,1.0723258480936415
TOI-2076_d,NIRISS_SOSS,obs14,SOSS_HDU4_ordem_2,jw05959014001_04102_00001-seg001_nis_x1dints.fits,seg001,4,99,60693.91195487777,TDB-MID,3581.3027982717103,4.793946927860209,1778,0.5867402182434889,1.4160298518951635,99,1.0048825404090203,1.000131402341198
TOI-2076_d,NIRISS_SOSS,obs14,SOSS_HDU4_ordem_2,jw05959014001_04102_00001-seg001_nis_x1dints.fits,seg001,4,100,60693.91203195662,TDB-MID,3492.465266411103,4.79407308835983,1778,0.5867402182434889,1.4160298518951635,100,0.9799554985674771,0.975322216878534
TOI-2076_d,NIRISS_SOSS,obs14,SOSS_HDU4_ordem_2,jw05959014001_04102_00001-seg001_nis_x1dints.fits,seg001,4,101,60693.912109035475,TDB-MID,3421.471091681486,4.793436018526737,1778,0.5867402182434889,1.4160298518951635,101,0.9600351481600868,0.9554960509467806
TOI-2076_d,NIRISS_SOSS,obs14,SOSS_HDU4_ordem_2,jw05959014001_04102_00001-seg001_nis_x1dints.fits,seg001,4,102,60693.91218611433,TDB-MID,3308.92133645808,4.793673797079661,1778,0.5867402182434889,1.4160298518951635,102,0.9284546618616678,0.9240648788663115
TOI-2076_d,NIRISS_SOSS,obs14,SOSS_HDU4_ordem_2,jw05959014001_04102_00001-seg001_nis_x1dints.fits,seg001,4,103,60693.91226319319,TDB-MID,3563.4778685797955,4.794098867462201,1778,0.5867402182434889,1.4160298518951635,103,0.999881019554635,0.9951535289432794
TOI-2076_d,NIRISS_SOSS,obs14,SOSS_HDU4_ordem_2,jw05959014001_04102_00001-seg001_nis_x1dints.fits,seg001,4,104,60693.91234027205,TDB-MID,3764.676498852991,4.794342343343624,1778,0.5867402182434889,1.4160298518951635,104,1.0563356122278136,1.0513412013013295
TOI-2076_d,NIRISS_SOSS,obs14,SOSS_HDU4_ordem_2,jw05959014001_04102_00001-seg001_nis_x1dints.fits,seg001,4,105,60693.912417350904,TDB-MID,3500.191878188827,4.793910493134104,1778,0.5867402182434889,1.4160298518951635,105,0.9821235188967551,0.9774799866924494
TOI-2076_d,NIRISS_SOSS,obs14,SOSS_HDU4_ordem_2,jw05959014001_04102_00001-seg001_nis_x1dints.fits,seg001,4,106,60693.91249442976,TDB-MID,4033.833636365428,4.7946791471672014,1778,0.5867402182434889,1.4160298518951635,106,1.1318587733085363,1.126507284861861
TOI-2076_d,NIRISS_SOSS,obs14,SOSS_HDU4_ordem_2,jw05959014001_04102_00001-seg001_nis_x1dints.fits,seg001,4,107,60693.91257150861,TDB-MID,3491.6264632624047,4.793985049047809,1778,0.5867402182434889,1.4160298518951635,107,0.9797201376704946,0.9750879687803836
TOI-2076_d,NIRISS_SOSS,obs14,SOSS_HDU4_ordem_2,jw05959014001_04102_00001-seg001_nis_x1dints.fits,seg001,4,108,60693.91264858747,TDB-MID,3493.512988724061,4.793950511343824,1778,0.5867402182434889,1.4160298518951635,108,0.9802494803720864,0.9756148087215439
TOI-2076_d,NIRISS_SOSS,obs14,SOSS_HDU4_ordem_2,jw05959014001_04102_00001-seg001_nis_x1dints.fits,seg001,4,109,60693.91272566633,TDB-MID,3465.374552755581,4.793867176265531,1778,0.5867402182434889,1.4160298518951635,109,0.9723540790022865,0.967756737229118
TOI-2076_d,NIRISS_SOSS,obs14,SOSS_HDU4_ordem_2,jw05959014001_04102_00001-seg001_nis_x1dints.fits,seg001,4,110,60693.91280274518,TDB-MID,3454.624976078424,4.793915907324671,1778,0.5867402182434889,1.4160298518951635,110,0.9693378409101385,0.9647547600710047
TOI-2076_d,NIRISS_SOSS,obs14,SOSS_HDU4_ordem_2,jw05959014001_04102_00001-seg001_nis_x1dints.fits,seg001,4,111,60693.91287982404,TDB-MID,3560.1410165938073,4.793923156299936,1778,0.5867402182434889,1.4160298518951635,111,0.9989447277944782,0.9942216640203352
TOI-2076_d,NIRISS_SOSS,obs14,SOSS_HDU4_ordem_2,jw05959014001_04102_00001-seg001_nis_x1dints.fits,seg001,4,112,60693.9129569029,TDB-MID,3712.0980615302287,4.794170723770516,1778,0.5867402182434889,1.4160298518951635,112,1.04158255820146,1.036657900498644
TOI-2076_d,NIRISS_SOSS,obs14,SOSS_HDU4_ordem_2,jw05959014001_04102_00001-seg001_nis_x1dints.fits,seg001,4,113,60693.91303398176,TDB-MID,3730.9497621938604,4.794326007890554,1778,0.5867402182434889,1.4160298518951635,113,1.0468721820956035,1.041922514769834
TOI-2076_d,NIRISS_SOSS,obs14,SOSS_HDU4_ordem_2,jw05959014001_04102_00001-seg001_nis_x1dints.fits,seg001,4,114,60693.9131110606,TDB-MID,3500.0426914594073,4.793923987256465,1778,0.5867402182434889,1.4160298518951635,114,0.9820816583928829,0.9774383241072646
TOI-2076_d,NIRISS_SOSS,obs14,SOSS_HDU4_ordem_2,jw05959014001_04102_00001-seg001_nis_x1dints.fits,seg001,4,115,60693.913188139464,TDB-MID,3359.5237861945784,4.79413524233587,1778,0.5867402182434889,1.4160298518951635,115,0.9426532708892741,0.9381963561156765
TOI-2076_d,NIRISS_SOSS,obs14,SOSS_HDU4_ordem_2,jw05959014001_04102_00001-seg001_nis_x1dints.fits,seg001,4,116,60693.913265218325,TDB-MID,3461.199625482719,4.79389484153388,1778,0.5867402182434889,1.4160298518951635,116,0.9711826305768696,0.9665908274741275
TOI-2076_d,NIRISS_SOSS,obs14,SOSS_HDU4_ordem_2,jw05959014001_04102_00001-seg001_nis_x1dints.fits,seg001,4,117,60693.91334229718,TDB-MID,3439.472422477647,4.79391528233436,1778,0.5867402182434889,1.4160298518951635,117,0.9650861656361626,0.9605231869437313
TOI-2076_d,NIRISS_SOSS,obs14,SOSS_HDU4_ordem_2,jw05959014001_04102_00001-seg001_nis_x1dints.fits,seg001,4,118,60693.91341937603,TDB-MID,3261.2952958070955,4.793703972825214,1778,0.5867402182434889,1.4160298518951635,118,0.9150912074388582,0.910764607566377
TOI-2076_d,NIRISS_SOSS,obs14,SOSS_HDU4_ordem_2,jw05959014001_04102_00001-seg001_nis_x1dints.fits,seg001,4,119,60693.913496454894,TDB-MID,3760.4254007347877,4.7943497915316895,1778,0.5867402182434889,1.4160298518951635,119,1.055142790923061,1.050154019719113
TOI-2076_d,NIRISS_SOSS,obs14,SOSS_HDU4_ordem_2,jw05959014001_04102_00001-seg001_nis_x1dints.fits,seg001,4,120,60693.91357353375,TDB-MID,3489.9026590042295,4.793858955700528,1778,0.5867402182434889,1.4160298518951635,120,0.9792364531289476,0.9746065711250603
TOI-2076_d,NIRISS_SOSS,obs14,SOSS_HDU4_ordem_2,jw05959014001_04102_00001-seg001_nis_x1dints.fits,seg001,4,121,60693.9136506126,TDB-MID,3873.956688452172,4.7942881857174795,1778,0.5867402182434889,1.4160298518951635,121,1.0869986867362855,1.0818592991635614
TOI-2076_d,NIRISS_SOSS,obs14,SOSS_HDU4_ordem_2,jw05959014001_04102_00001-seg001_nis_x1dints.fits,seg001,4,122,60693.913727691455,TDB-MID,3766.843270986417,4.794853985635964,1778,0.5867402182434889,1.4160298518951635,122,1.0569435897177302,1.0519463042413555
TOI-2076_d,NIRISS_SOSS,obs14,SOSS_HDU4_ordem_2,jw05959014001_04102_00001-seg001_nis_x1dints.fits,seg001,4,123,60693.913804770316,TDB-MID,3568.188975817157,4.794034909980006,1778,0.5867402182434889,1.4160298518951635,123,1.0012029154331694,0.9964691748278317
TOI-2076_d,NIRISS_SOSS,obs14,SOSS_HDU4_ordem_2,jw05959014001_04102_00001-seg001_nis_x1dints.fits,seg001,4,124,60693.91388184917,TDB-MID,3270.471263480728,4.793743458127973,1778,0.5867402182434889,1.4160298518951635,124,0.9176659044767742,0.9133271312998341
TOI-2076_d,NIRISS_SOSS,obs14,SOSS_HDU4_ordem_2,jw05959014001_04102_00001-seg001_nis_x1dints.fits,seg001,4,125,60693.913958928024,TDB-MID,3597.5740076899538,4.793984998890418,1778,0.5867402182434889,1.4160298518951635,125,1.0094481008144742,1.0046753765343626
TOI-2076_d,NIRISS_SOSS,obs14,SOSS_HDU4_ordem_2,jw05959014001_04102_00001-seg001_nis_x1dints.fits,seg001,4,126,60693.914036006885,TDB-MID,3336.6167524339407,4.793774535216139,1778,0.5867402182434889,1.4160298518951635,126,0.936225755659416,0.9317992305194941
TOI-2076_d,NIRISS_SOSS,obs14,SOSS_HDU4_ordem_2,jw05959014001_04102_00001-seg001_nis_x1dints.fits,seg001,4,127,60693.91411308574,TDB-MID,3693.1578827886906,4.798043797090682,1778,0.5867402182434889,1.4160298518951635,127,1.0362681081251406,1.031368577424787
TOI-2076_d,NIRISS_SOSS,obs14,SOSS_HDU4_ordem_2,jw05959014001_04102_00001-seg001_nis_x1dints.fits,seg001,4,128,60693.91419016459,TDB-MID,3309.1947053836802,4.793735888213906,1778,0.5867402182434889,1.4160298518951635,128,0.9285313668139993,0.9241412211535509
TOI-2076_d,NIRISS_SOSS,obs14,SOSS_HDU4_ordem_2,jw05959014001_04102_00001-seg001_nis_x1dints.fits,seg001,4,129,60693.91426724345,TDB-MID,3951.317039325662,4.7945406363920515,1778,0.5867402182434889,1.4160298518951635,129,1.1087053310195338,1.1034633132787734
TOI-2076_d,NIRISS_SOSS,obs14,SOSS_HDU4_ordem_2,jw05959014001_04102_00001-seg001_nis_x1dints.fits,seg001,4,130,60693.91434432231,TDB-MID,3523.245793482679,4.793940872630498,1778,0.5867402182434889,1.4160298518951635,130,0.9885922478124001,0.9839181311139213
TOI-2076_d,NIRISS_SOSS,obs14,SOSS_HDU4_ordem_2,jw05959014001_04102_00001-seg001_nis_x1dints.fits,seg001,4,131,60693.91442140117,TDB-MID,3702.4427036374814,4.795255286691567,1778,0.5867402182434889,1.4160298518951635,131,1.0388733484210124,1.0339615000060525
TOI-2076_d,NIRISS_SOSS,obs14,SOSS_HDU4_ordem_2,jw05959014001_04102_00001-seg001_nis_x1dints.fits,seg001,4,132,60693.91449848002,TDB-MID,3879.8792401489463,4.798199861129458,1778,0.5867402182434889,1.4160298518951635,132,1.0886605034354013,1.0835132587049863
TOI-2076_d,NIRISS_SOSS,obs14,SOSS_HDU4_ordem_2,jw05959014001_04102_00001-seg001_nis_x1dints.fits,seg001,4,133,60693.914575558876,TDB-MID,3867.1928847436347,4.794398130227668,1778,0.5867402182434889,1.4160298518951635,133,1.0851008220104257,1.0799704076430108
TOI-2076_d,NIRISS_SOSS,obs14,SOSS_HDU4_ordem_2,jw05959014001_04102_00001-seg001_nis_x1dints.fits,seg001,4,134,60693.91465263773,TDB-MID,3485.2976213303673,4.794758020847652,1778,0.5867402182434889,1.4160298518951635,134,0.9779443194510516,0.9733205467238798
TOI-2076_d,NIRISS_SOSS,obs14,SOSS_HDU4_ordem_2,jw05959014001_04102_00001-seg001_nis_x1dints.fits,seg001,4,135,60693.91472971659,TDB-MID,3891.1350564879604,4.7944524376599755,1778,0.5867402182434889,1.4160298518951635,135,1.0918187879911179,1.0866566107234377
TOI-2076_d,NIRISS_SOSS,obs14,SOSS_HDU4_ordem_2,jw05959014001_04102_00001-seg001_nis_x1dints.fits,seg001,4,136,60693.914806795445,TDB-MID,3340.6632827975695,4.793772023422032,1778,0.5867402182434889,1.4160298518951635,136,0.937361177024403,0.9329292835519116
TOI-2076_d,NIRISS_SOSS,obs14,SOSS_HDU4_ordem_2,jw05959014001_04102_00001-seg001_nis_x1dints.fits,seg001,4,137,60693.9148838743,TDB-MID,3562.785838930121,4.793930240037562,1778,0.5867402182434889,1.4160298518951635,137,0.9996868420299815,0.9949602695002843
TOI-2076_d,NIRISS_SOSS,obs14,SOSS_HDU4_ordem_2,jw05959014001_04102_00001-seg001_nis_x1dints.fits,seg001,4,138,60693.91496095316,TDB-MID,3674.079951159445,4.794207352315993,1778,0.5867402182434889,1.4160298518951635,138,1.0309150057818823,1.0260407848339637
TOI-2076_d,NIRISS_SOSS,obs14,SOSS_HDU4_ordem_2,jw05959014001_04102_00001-seg001_nis_x1dints.fits,seg001,4,139,60693.91503803201,TDB-MID,3700.7288736500045,4.794159485630347,1778,0.5867402182434889,1.4160298518951635,139,1.0383924625734164,1.0334828878123064
TOI-2076_d,NIRISS_SOSS,obs14,SOSS_HDU4_ordem_2,jw05959014001_04102_00001-seg001_nis_x1dints.fits,seg001,4,140,60693.915115110874,TDB-MID,3267.655798003779,4.794595098448686,1778,0.5867402182434889,1.4160298518951635,140,0.9168759092542883,0.9125408712167541
TOI-2076_d,NIRISS_SOSS,obs14,SOSS_HDU4_ordem_2,jw05959014001_04102_00001-seg001_nis_x1dints.fits,seg001,4,141,60693.91519218972,TDB-MID,3467.907323580119,4.793921968347592,1778,0.5867402182434889,1.4160298518951635,141,0.9730647525542865,0.9684640506787868
TOI-2076_d,NIRISS_SOSS,obs14,SOSS_HDU4_ordem_2,jw05959014001_04102_00001-seg001_nis_x1dints.fits,seg001,4,142,60693.91526926858,TDB-MID,3452.741606561437,4.793882159284669,1778,0.5867402182434889,1.4160298518951635,142,0.968809383739281,0.9642288014737422
TOI-2076_d,NIRISS_SOSS,obs14,SOSS_HDU4_ordem_2,jw05959014001_04102_00001-seg001_nis_x1dints.fits,seg001,4,143,60693.915346347436,TDB-MID,3808.668317854612,4.794367826192542,1778,0.5867402182434889,1.4160298518951635,143,1.0686793355390332,1.0636265628325756
TOI-2076_d,NIRISS_SOSS,obs14,SOSS_HDU4_ordem_2,jw05959014001_04102_00001-seg001_nis_x1dints.fits,seg001,4,144,60693.91542342629,TDB-MID,3729.87003095672,4.794195249451338,1778,0.5867402182434889,1.4160298518951635,144,1.0465692188641613,1.041620983964655
TOI-2076_d,NIRISS_SOSS,obs14,SOSS_HDU4_ordem_2,jw05959014001_04102_00001-seg001_nis_x1dints.fits,seg001,4,145,60693.91550050515,TDB-MID,3605.1109064380826,4.79419108215062,1778,0.5867402182434889,1.4160298518951635,145,1.01156288931113,1.0067801661985896
TOI-2076_d,NIRISS_SOSS,obs14,SOSS_HDU4_ordem_2,jw05959014001_04102_00001-seg001_nis_x1dints.fits,seg001,4,146,60693.91557758401,TDB-MID,3424.3729165242185,4.793798130594316,1778,0.5867402182434889,1.4160298518951635,146,0.9608493750724815,0.9563064281510514
TOI-2076_d,NIRISS_SOSS,obs14,SOSS_HDU4_ordem_2,jw05959014001_04102_00001-seg001_nis_x1dints.fits,seg001,4,147,60693.91565466286,TDB-MID,3752.457131562149,4.794243679217234,1778,0.5867402182434889,1.4160298518951635,147,1.0529069636222452,1.0479287635286259
TOI-2076_d,NIRISS_SOSS,obs14,SOSS_HDU4_ordem_2,jw05959014001_04102_00001-seg001_nis_x1dints.fits,seg001,4,148,60693.91573174171,TDB-MID,3755.779916041505,4.794198125647434,1778,0.5867402182434889,1.4160298518951635,148,1.053839308161908,1.048856699893744
TOI-2076_d,NIRISS_SOSS,obs14,SOSS_HDU4_ordem_2,jw05959014001_04102_00001-seg001_nis_x1dints.fits,seg001,4,149,60693.91580882057,TDB-MID,3550.659913234961,4.79403885011563,1778,0.5867402182434889,1.4160298518951635,149,0.9962844123266781,0.9915739266654818
TOI-2076_d,NIRISS_SOSS,obs14,SOSS_HDU4_ordem_2,jw05959014001_04102_00001-seg001_nis_x1dints.fits,seg001,4,150,60693.915885899434,TDB-MID,3295.5917430566356,4.793695860938553,1778,0.5867402182434889,1.4160298518951635,150,0.9247144934273408,0.9203423941471589
TOI-2076_d,NIRISS_SOSS,obs14,SOSS_HDU4_ordem_2,jw05959014001_04102_00001-seg001_nis_x1dints.fits,seg001,4,151,60693.91596297829,TDB-MID,3620.991416745891,4.794111324042808,1778,0.5867402182434889,1.4160298518951635,151,1.016018822930818,1.0112150319272588
TOI-2076_d,NIRISS_SOSS,obs14,SOSS_HDU4_ordem_2,jw05959014001_04102_00001-seg001_nis_x1dints.fits,seg001,4,152,60693.91604005714,TDB-MID,3177.490920042678,4.793510609905743,1778,0.5867402182434889,1.4160298518951635,152,0.8915764255957311,0.8873610048617849
TOI-2076_d,NIRISS_SOSS,obs14,SOSS_HDU4_ordem_2,jw05959014001_04102_00001-seg001_nis_x1dints.fits,seg001,4,153,60693.916117136,TDB-MID,3540.677921531772,4.794023025995152,1778,0.5867402182434889,1.4160298518951635,153,0.9934835519286456,0.9887863088842971
TOI-2076_d,NIRISS_SOSS,obs14,SOSS_HDU4_ordem_2,jw05959014001_04102_00001-seg001_nis_x1dints.fits,seg001,4,154,60693.91619421486,TDB-MID,4092.767268837528,4.794663683689943,1778,0.5867402182434889,1.4160298518951635,154,1.1483950400388097,1.1429653672440114
TOI-2076_d,NIRISS_SOSS,obs14,SOSS_HDU4_ordem_2,jw05959014001_04102_00001-seg001_nis_x1dints.fits,seg001,4,155,60693.91627129371,TDB-MID,3473.6314657468583,4.7940080667443095,1778,0.5867402182434889,1.4160298518951635,155,0.9746708972580942,0.9700626014450566
TOI-2076_d,NIRISS_SOSS,obs14,SOSS_HDU4_ordem_2,jw05959014001_04102_00001-seg001_nis_x1dints.fits,seg001,4,156,60693.916348372564,TDB-MID,3772.8330531877637,4.794306224594949,1778,0.5867402182434889,1.4160298518951635,156,1.0586242707140119,1.0536190388885465
TOI-2076_d,NIRISS_SOSS,obs14,SOSS_HDU4_ordem_2,jw05959014001_04102_00001-seg001_nis_x1dints.fits,seg001,4,157,60693.916425451425,TDB-MID,3360.0855591055724,4.79387971184152,1778,0.5867402182434889,1.4160298518951635,157,0.9428108995014666,0.9383532394514115
TOI-2076_d,NIRISS_SOSS,obs14,SOSS_HDU4_ordem_2,jw05959014001_04102_00001-seg001_nis_x1dints.fits,seg001,4,158,60693.91650253028,TDB-MID,3679.1120143793482,4.796674885541742,1778,0.5867402182434889,1.4160298518951635,158,1.0323269591286799,1.027446062390282
TOI-2076_d,NIRISS_SOSS,obs14,SOSS_HDU4_ordem_2,jw05959014001_04102_00001-seg001_nis_x1dints.fits,seg001,4,159,60693.91657960914,TDB-MID,3412.088984997774,4.793801797613743,1778,0.5867402182434889,1.4160298518951635,159,0.9574026103017224,0.9528759598673487
TOI-2076_d,NIRISS_SOSS,obs14,SOSS_HDU4_ordem_2,jw05959014001_04102_00001-seg001_nis_x1dints.fits,seg001,4,160,60693.91665668799,TDB-MID,4038.3254854218258,4.794731269505419,1778,0.5867402182434889,1.4160298518951635,160,1.1331191472409237,1.1277616996792978
TOI-2076_d,NIRISS_SOSS,obs14,SOSS_HDU4_ordem_2,jw05959014001_04102_00001-seg001_nis_x1dints.fits,seg001,4,161,60693.91673376685,TDB-MID,3662.694342156905,4.7940719492220065,1778,0.5867402182434889,1.4160298518951635,161,1.0277203025291728,1.0228611863080546
TOI-2076_d,NIRISS_SOSS,obs14,SOSS_HDU4_ordem_2,jw05959014001_04102_00001-seg001_nis_x1dints.fits,seg001,4,162,60693.9168108457,TDB-MID,3555.171655967283,4.793955288635368,1778,0.5867402182434889,1.4160298518951635,162,0.9975503682521909,0.9928338970840841
TOI-2076_d,NIRISS_SOSS,obs14,SOSS_HDU4_ordem_2,jw05959014001_04102_00001-seg001_nis_x1dints.fits,seg001,4,163,60693.91688792456,TDB-MID,3690.387725114315,4.794165851128725,1778,0.5867402182434889,1.4160298518951635,163,1.0354908258795559,1.0305949702109773
TOI-2076_d,NIRISS_SOSS,obs14,SOSS_HDU4_ordem_2,jw05959014001_04102_00001-seg001_nis_x1dints.fits,seg001,4,164,60693.91696500342,TDB-MID,3631.700403046621,4.7940525355986,1778,0.5867402182434889,1.4160298518951635,164,1.0190236717149745,1.0142056736266345
TOI-2076_d,NIRISS_SOSS,obs14,SOSS_HDU4_ordem_2,jw05959014001_04102_00001-seg001_nis_x1dints.fits,seg001,4,165,60693.91704208228,TDB-MID,3388.624419598887,4.793745608967401,1778,0.5867402182434889,1.4160298518951635,165,0.9508186565240618,0.9463231353731338
TOI-2076_d,NIRISS_SOSS,obs14,SOSS_HDU4_ordem_2,jw05959014001_04102_00001-seg001_nis_x1dints.fits,seg001,4,166,60693.91711916113,TDB-MID,3675.4044200211515,4.794164646493152,1778,0.5867402182434889,1.4160298518951635,166,1.0312866402706182,1.0264106622150817
TOI-2076_d,NIRISS_SOSS,obs14,SOSS_HDU4_ordem_2,jw05959014001_04102_00001-seg001_nis_x1dints.fits,seg001,4,167,60693.91719623998,TDB-MID,4083.765908640809,4.794760834691436,1778,0.5867402182434889,1.4160298518951635,167,1.1458693363462928,1.1404516052128122
TOI-2076_d,NIRISS_SOSS,obs14,SOSS_HDU4_ordem_2,jw05959014001_04102_00001-seg001_nis_x1dints.fits,seg001,4,168,60693.91727331884,TDB-MID,3364.128023360545,4.7937634460827345,1778,0.5867402182434889,1.4160298518951635,168,0.9439451799515892,0.9394821569632708
TOI-2076_d,NIRISS_SOSS,obs14,SOSS_HDU4_ordem_2,jw05959014001_04102_00001-seg001_nis_x1dints.fits,seg001,4,169,60693.9173503977,TDB-MID,3328.2691698600147,4.793849707691412,1778,0.5867402182434889,1.4160298518951635,169,0.9338834963041867,0.9294680454910044
TOI-2076_d,NIRISS_SOSS,obs14,SOSS_HDU4_ordem_2,jw05959014001_04102_00001-seg001_nis_x1dints.fits,seg001,4,170,60693.917427476554,TDB-MID,3822.573335621395,4.794978899141047,1778,0.5867402182434889,1.4160298518951635,170,1.0725809630653795,1.0675097432565777
TOI-2076_d,NIRISS_SOSS,obs14,SOSS_HDU4_ordem_2,jw05959014001_04102_00001-seg001_nis_x1dints.fits,seg001,4,171,60693.91750455541,TDB-MID,3759.5578152024623,4.7944709476967216,1778,0.5867402182434889,1.4160298518951635,171,1.0548993539385745,1.0499117337176294
TOI-2076_d,NIRISS_SOSS,obs14,SOSS_HDU4_ordem_2,jw05959014001_04102_00001-seg001_nis_x1dints.fits,seg001,4,172,60693.91758163427,TDB-MID,3690.8793874977187,4.794225204602302,1778,0.5867402182434889,1.4160298518951635,172,1.0356287820850731,1.0307322741522216
TOI-2076_d,NIRISS_SOSS,obs14,SOSS_HDU4_ordem_2,jw05959014001_04102_00001-seg001_nis_x1dints.fits,seg001,4,173,60693.91765871312,TDB-MID,3922.69224331954,4.794408287805578,1778,0.5867402182434889,1.4160298518951635,173,1.1006734612365032,1.095469418603029
TOI-2076_d,NIRISS_SOSS,obs14,SOSS_HDU4_ordem_2,jw05959014001_04102_00001-seg001_nis_x1dints.fits,seg001,4,174,60693.917735791976,TDB-MID,3826.3686302802353,4.79427821808166,1778,0.5867402182434889,1.4160298518951635,174,1.073645889868055,1.0685696350287215
TOI-2076_d,NIRISS_SOSS,obs14,SOSS_HDU4_ordem_2,jw05959014001_04102_00001-seg001_nis_x1dints.fits,seg001,4,175,60693.91781287083,TDB-MID,3717.463525635182,4.79421233641231,1778,0.5867402182434889,1.4160298518951635,175,1.0430880609483546,1.0381562851485229
TOI-2076_d,NIRISS_SOSS,obs14,SOSS_HDU4_ordem_2,jw05959014001_04102_00001-seg001_nis_x1dints.fits,seg001,4,176,60693.91788994969,TDB-MID,3733.686853006311,4.794947826648469,1778,0.5867402182434889,1.4160298518951635,176,1.0476401860661901,1.042686887576823
TOI-2076_d,NIRISS_SOSS,obs14,SOSS_HDU4_ordem_2,jw05959014001_04102_00001-seg001_nis_x1dints.fits,seg001,4,177,60693.91796702855,TDB-MID,3990.0974054957705,4.794531201926142,1778,0.5867402182434889,1.4160298518951635,177,1.1195867658129885,1.1142933000700979
TOI-2076_d,NIRISS_SOSS,obs14,SOSS_HDU4_ordem_2,jw05959014001_04102_00001-seg001_nis_x1dints.fits,seg001,4,178,60693.918044107406,TDB-MID,3282.636383674443,4.79374343419069,1778,0.5867402182434889,1.4160298518951635,178,0.9210793318168308,0.9167244197739786
TOI-2076_d,NIRISS_SOSS,obs14,SOSS_HDU4_ordem_2,jw05959014001_04102_00001-seg001_nis_x1dints.fits,seg001,4,179,60693.91812118625,TDB-MID,3542.5042646103416,4.794048901015047,1778,0.5867402182434889,1.4160298518951635,179,0.9939960079749025,0.9892963420111267
TOI-2076_d,NIRISS_SOSS,obs14,SOSS_HDU4_ordem_2,jw05959014001_04102_00001-seg001_nis_x1dints.fits,seg001,4,180,60693.91819826511,TDB-MID,3507.813932097899,4.7938591393383385,1778,0.5867402182434889,1.4160298518951635,180,0.9842622011938731,0.9796085571859801
TOI-2076_d,NIRISS_SOSS,obs14,SOSS_HDU4_ordem_2,jw05959014001_04102_00001-seg001_nis_x1dints.fits,seg001,4,181,60693.91827534397,TDB-MID,3469.1020601653586,4.793994312430403,1778,0.5867402182434889,1.4160298518951635,181,0.9733999852901152,0.9687976984164204
TOI-2076_d,NIRISS_SOSS,obs14,SOSS_HDU4_ordem_2,jw05959014001_04102_00001-seg001_nis_x1dints.fits,seg001,4,182,60693.91835242283,TDB-MID,3938.5711792235425,4.794465550719966,1778,0.5867402182434889,1.4160298518951635,182,1.1051289530921224,1.0999038446563132
TOI-2076_d,NIRISS_SOSS,obs14,SOSS_HDU4_ordem_2,jw05959014001_04102_00001-seg001_nis_x1dints.fits,seg001,4,183,60693.91842950168,TDB-MID,3730.5130194750072,4.79420279658826,1778,0.5867402182434889,1.4160298518951635,183,1.0467496358721906,1.0418005479514798
TOI-2076_d,NIRISS_SOSS,obs14,SOSS_HDU4_ordem_2,jw05959014001_04102_00001-seg001_nis_x1dints.fits,seg001,4,184,60693.91850658054,TDB-MID,3879.831294141407,4.794362369912269,1778,0.5867402182434889,1.4160298518951635,184,1.0886470502010415,1.0834998690782336
TOI-2076_d,NIRISS_SOSS,obs14,SOSS_HDU4_ordem_2,jw05959014001_04102_00001-seg001_nis_x1dints.fits,seg001,4,185,60693.91858365939,TDB-MID,3497.5871355209365,4.79396896102495,1778,0.5867402182434889,1.4160298518951635,185,0.9813926506690016,0.9767525740485276
TOI-2076_d,NIRISS_SOSS,obs14,SOSS_HDU4_ordem_2,jw05959014001_04102_00001-seg001_nis_x1dints.fits,seg001,4,186,60693.91866073824,TDB-MID,3549.861618030381,4.793987773991709,1778,0.5867402182434889,1.4160298518951635,186,0.9960604176078953,0.9913509910056364
TOI-2076_d,NIRISS_SOSS,obs14,SOSS_HDU4_ordem_2,jw05959014001_04102_00001-seg001_nis_x1dints.fits,seg001,4,187,60693.918737817105,TDB-MID,3650.6511146930584,4.794550148433349,1778,0.5867402182434889,1.4160298518951635,187,1.024341077233162,1.0194979381688736
TOI-2076_d,NIRISS_SOSS,obs14,SOSS_HDU4_ordem_2,jw05959014001_04102_00001-seg001_nis_x1dints.fits,seg001,4,188,60693.918814895966,TDB-MID,3311.230507338097,4.793742149282861,1778,0.5867402182434889,1.4160298518951635,188,0.9291025952062791,0.9247097487476271
TOI-2076_d,NIRISS_SOSS,obs14,SOSS_HDU4_ordem_2,jw05959014001_04102_00001-seg001_nis_x1dints.fits,seg001,4,189,60693.91889197482,TDB-MID,3372.172139130873,4.793815985545086,1778,0.5867402182434889,1.4160298518951635,189,0.9462022891506585,0.9417285944300652
TOI-2076_d,NIRISS_SOSS,obs14,SOSS_HDU4_ordem_2,jw05959014001_04102_00001-seg001_nis_x1dints.fits,seg001,4,190,60693.91896905367,TDB-MID,3772.8694947227555,4.794419647805878,1778,0.5867402182434889,1.4160298518951635,190,1.058634495893038,1.0536292157223826
TOI-2076_d,NIRISS_SOSS,obs14,SOSS_HDU4_ordem_2,jw05959014001_04102_00001-seg001_nis_x1dints.fits,seg001,4,191,60693.919046132534,TDB-MID,3726.1819199562838,4.794252076940686,1778,0.5867402182434889,1.4160298518951635,191,1.0455343668675032,1.040591024803247
TOI-2076_d,NIRISS_SOSS,obs14,SOSS_HDU4_ordem_2,jw05959014001_04102_00001-seg001_nis_x1dints.fits,seg001,4,192,60693.91912321139,TDB-MID,3602.190537800503,4.794193648889029,1778,0.5867402182434889,1.4160298518951635,192,1.0107434591705458,1.005964610367269
TOI-2076_d,NIRISS_SOSS,obs14,SOSS_HDU4_ordem_2,jw05959014001_04102_00001-seg001_nis_x1dints.fits,seg001,4,193,60693.91920029024,TDB-MID,3534.0610639700317,4.793967219799792,1778,0.5867402182434889,1.4160298518951635,193,0.9916269190185841,0.9869384542333279
TOI-2076_d,NIRISS_SOSS,obs14,SOSS_HDU4_ordem_2,jw05959014001_04102_00001-seg001_nis_x1dints.fits,seg001,4,194,60693.919277369096,TDB-MID,3190.7433469220377,4.793530132902428,1778,0.5867402182434889,1.4160298518951635,194,0.8952949417724538,0.891061939696358
TOI-2076_d,NIRISS_SOSS,obs14,SOSS_HDU4_ordem_2,jw05959014001_04102_00001-seg001_nis_x1dints.fits,seg001,4,195,60693.91935444796,TDB-MID,3752.207555209387,4.7943185569244235,1778,0.5867402182434889,1.4160298518951635,195,1.0528369346597375,1.0478590656667752
TOI-2076_d,NIRISS_SOSS,obs14,SOSS_HDU4_ordem_2,jw05959014001_04102_00001-seg001_nis_x1dints.fits,seg001,4,196,60693.91943152682,TDB-MID,3148.4972226690807,4.793617061608747,1778,0.5867402182434889,1.4160298518951635,196,0.8834410452847752,0.8792640890613934
TOI-2076_d,NIRISS_SOSS,obs14,SOSS_HDU4_ordem_2,jw05959014001_04102_00001-seg001_nis_x1dints.fits,seg001,4,197,60693.91950860567,TDB-MID,3270.790904311538,4.793656427642773,1778,0.5867402182434889,1.4160298518951635,197,0.9177555929248546,0.9134163956961643
TOI-2076_d,NIRISS_SOSS,obs14,SOSS_HDU4_ordem_2,jw05959014001_04102_00001-seg001_nis_x1dints.fits,seg001,4,198,60693.91958568452,TDB-MID,3756.9557494646388,4.7943154159992565,1778,0.5867402182434889,1.4160298518951635,198,1.0541692368342075,1.049185068645743
TOI-2076_d,NIRISS_SOSS,obs14,SOSS_HDU4_ordem_2,jw05959014001_04102_00001-seg001_nis_x1dints.fits,seg001,4,199,60693.91966276338,TDB-MID,3585.6175408459626,4.794038380804858,1778,0.5867402182434889,1.4160298518951635,199,1.0060932197967887,1.0013363575724648
TOI-2076_d,NIRISS_SOSS,obs14,SOSS_HDU4_ordem_2,jw05959014001_04102_00001-seg001_nis_x1dints.fits,seg001,4,200,60693.91973984223,TDB-MID,3757.7667710230257,4.794586766689201,1778,0.5867402182434889,1.4160298518951635,200,1.0543968024576202,1.0494115583267913
TOI-2076_d,NIRISS_SOSS,obs14,SOSS_HDU4_ordem_2,jw05959014001_04102_00001-seg001_nis_x1dints.fits,seg001,4,201,60693.919816921094,TDB-MID,3914.0469231552934,4.794400063794259,1778,0.5867402182434889,1.4160298518951635,201,1.0982476592927273,1.093055085979792
TOI-2076_d,NIRISS_SOSS,obs14,SOSS_HDU4_ordem_2,jw05959014001_04102_00001-seg001_nis_x1dints.fits,seg001,4,202,60693.91989399995,TDB-MID,3819.9261726078166,4.794254506818654,1778,0.5867402182434889,1.4160298518951635,202,1.0718381920561129,1.0667704841081265
TOI-2076_d,NIRISS_SOSS,obs14,SOSS_HDU4_ordem_2,jw05959014001_04102_00001-seg001_nis_x1dints.fits,seg001,4,203,60693.91997107881,TDB-MID,3699.0636458059294,4.7941703460208505,1778,0.5867402182434889,1.4160298518951635,203,1.037925214066219,1.0330178484808887
TOI-2076_d,NIRISS_SOSS,obs14,SOSS_HDU4_ordem_2,jw05959014001_04102_00001-seg001_nis_x1dints.fits,seg001,4,204,60693.920048157655,TDB-MID,3365.466116341887,4.793815356182808,1778,0.5867402182434889,1.4160298518951635,204,0.9443206372502693,0.9398558390798845
TOI-2076_d,NIRISS_SOSS,obs14,SOSS_HDU4_ordem_2,jw05959014001_04102_00001-seg001_nis_x1dints.fits,seg001,4,205,60693.92012523651,TDB-MID,3437.6858052375915,4.793825432768764,1778,0.5867402182434889,1.4160298518951635,205,0.9645848563160482,0.9600242478407306
TOI-2076_d,NIRISS_SOSS,obs14,SOSS_HDU4_ordem_2,jw05959014001_04102_00001-seg001_nis_x1dints.fits,seg001,4,206,60693.92020231537,TDB-MID,3390.802201370496,4.793946629408801,1778,0.5867402182434889,1.4160298518951635,206,0.9514297232230762,0.9469313129163126
TOI-2076_d,NIRISS_SOSS,obs14,SOSS_HDU4_ordem_2,jw05959014001_04102_00001-seg001_nis_x1dints.fits,seg001,4,207,60693.92027939423,TDB-MID,3646.852088768551,4.794055187287647,1778,0.5867402182434889,1.4160298518951635,207,1.0232751034696643,1.0184370043859938
TOI-2076_d,NIRISS_SOSS,obs14,SOSS_HDU4_ordem_2,jw05959014001_04102_00001-seg001_nis_x1dints.fits,seg001,4,208,60693.920356473085,TDB-MID,3150.0301374967016,4.793593452784065,1778,0.5867402182434889,1.4160298518951635,208,0.8838711679057817,0.8796921780397836
TOI-2076_d,NIRISS_SOSS,obs14,SOSS_HDU4_ordem_2,jw05959014001_04102_00001-seg001_nis_x1dints.fits,seg001,4,209,60693.92043355194,TDB-MID,3530.280574190734,4.794088058207326,1778,0.5867402182434889,1.4160298518951635,209,0.9905661463368538,0.9858826969412247
TOI-2076_d,NIRISS_SOSS,obs14,SOSS_HDU4_ordem_2,jw05959014001_04102_00001-seg001_nis_x1dints.fits,seg001,4,210,60693.92051063079,TDB-MID,3624.935561003616,4.794028429598191,1778,0.5867402182434889,1.4160298518951635,210,1.017125515641458,1.0123164921359342
TOI-2076_d,NIRISS_SOSS,obs14,SOSS_HDU4_ordem_2,jw05959014001_04102_00001-seg001_nis_x1dints.fits,seg001,4,211,60693.920587709654,TDB-MID,3683.9561865166215,4.794132400237584,1778,0.5867402182434889,1.4160298518951635,211,1.03368619186539,1.0287988686023597
TOI-2076_d,NIRISS_SOSS,obs14,SOSS_HDU4_ordem_2,jw05959014001_04102_00001-seg001_nis_x1dints.fits,seg001,4,212,60693.92066478851,TDB-MID,3911.1265553460607,4.79442927125708,1778,0.5867402182434889,1.4160298518951635,212,1.0974282293845703,1.0922395303797994
TOI-2076_d,NIRISS_SOSS,obs14,SOSS_HDU4_ordem_2,jw05959014001_04102_00001-seg001_nis_x1dints.fits,seg001,4,213,60693.92074186736,TDB-MID,3689.640194526445,4.794143030177921,1778,0.5867402182434889,1.4160298518951635,213,1.0352810752724486,1.0303862113158904
TOI-2076_d,NIRISS_SOSS,obs14,SOSS_HDU4_ordem_2,jw05959014001_04102_00001-seg001_nis_x1dints.fits,seg001,4,214,60693.92081894622,TDB-MID,3377.6018202845953,4.793780819619693,1778,0.5867402182434889,1.4160298518951635,214,0.947725810645126,0.9432449126339206
TOI-2076_d,NIRISS_SOSS,obs14,SOSS_HDU4_ordem_2,jw05959014001_04102_00001-seg001_nis_x1dints.fits,seg001,4,215,60693.92089602508,TDB-MID,3686.4083797722337,4.79417420277902,1778,0.5867402182434889,1.4160298518951635,215,1.0343742560495919,1.0294836795825233
TOI-2076_d,NIRISS_SOSS,obs14,SOSS_HDU4_ordem_2,jw05959014001_04102_00001-seg001_nis_x1dints.fits,seg001,4,216,60693.92097310393,TDB-MID,3776.32303320934,4.794304765354782,1778,0.5867402182434889,1.4160298518951635,216,1.0596035288744083,1.054593667064306
TOI-2076_d,NIRISS_SOSS,obs14,SOSS_HDU4_ordem_2,jw05959014001_04102_00001-seg001_nis_x1dints.fits,seg001,4,217,60693.921050182784,TDB-MID,3718.014003471106,4.794154818855642,1778,0.5867402182434889,1.4160298518951635,217,1.0432425202603315,1.038310014168662
TOI-2076_d,NIRISS_SOSS,obs14,SOSS_HDU4_ordem_2,jw05959014001_04102_00001-seg001_nis_x1dints.fits,seg001,4,218,60693.921127261645,TDB-MID,3361.114738807635,4.793830784186124,1778,0.5867402182434889,1.4160298518951635,218,0.9430996784100931,0.9386406529980074
TOI-2076_d,NIRISS_SOSS,obs14,SOSS_HDU4_ordem_2,jw05959014001_04102_00001-seg001_nis_x1dints.fits,seg001,4,219,60693.9212043405,TDB-MID,3563.172994915869,4.794022455334623,1778,0.5867402182434889,1.4160298518951635,219,0.9997954746456544,0.9950683884951756
TOI-2076_d,NIRISS_SOSS,obs14,SOSS_HDU4_ordem_2,jw05959014001_04102_00001-seg001_nis_x1dints.fits,seg001,4,220,60693.92128141936,TDB-MID,3650.973446895502,4.794159116430887,1778,0.5867402182434889,1.4160298518951635,220,1.0244315208568076,1.0195879541702586
TOI-2076_d,NIRISS_SOSS,obs14,SOSS_HDU4_ordem_2,jw05959014001_04102_00001-seg001_nis_x1dints.fits,seg001,4,221,60693.92135849821,TDB-MID,3274.9285416564076,4.793612651124641,1778,0.5867402182434889,1.4160298518951635,221,0.9189165781195191,0.9145718916911137
TOI-2076_d,NIRISS_SOSS,obs14,SOSS_HDU4_ordem_2,jw05959014001_04102_00001-seg001_nis_x1dints.fits,seg001,4,222,60693.92143557707,TDB-MID,3829.0982177603014,4.794418432929227,1778,0.5867402182434889,1.4160298518951635,222,1.0744117884685758,1.0693319124199459
TOI-2076_d,NIRISS_SOSS,obs14,SOSS_HDU4_ordem_2,jw05959014001_04102_00001-seg001_nis_x1dints.fits,seg001,4,223,60693.92151265592,TDB-MID,3292.896268304129,4.793681110026573,1778,0.5867402182434889,1.4160298518951635,223,0.9239581665626551,0.9195896432360937
TOI-2076_d,NIRISS_SOSS,obs14,SOSS_HDU4_ordem_2,jw05959014001_04102_00001-seg001_nis_x1dints.fits,seg001,4,224,60693.92158973478,TDB-MID,3675.9917233524566,4.794119047546332,1778,0.5867402182434889,1.4160298518951635,224,1.0314514324975803,1.0265746752956348
TOI-2076_d,NIRISS_SOSS,obs14,SOSS_HDU4_ordem_2,jw05959014001_04102_00001-seg001_nis_x1dints.fits,seg001,4,225,60693.921666813636,TDB-MID,3656.863363112043,4.79409023650961,1778,0.5867402182434889,1.4160298518951635,225,1.0260841803228906,1.0212327997745354
TOI-2076_d,NIRISS_SOSS,obs14,SOSS_HDU4_ordem_2,jw05959014001_04102_00001-seg001_nis_x1dints.fits,seg001,4,226,60693.9217438925,TDB-MID,3657.58073497666,4.794102189910469,1778,0.5867402182434889,1.4160298518951635,226,1.0262854686535179,1.0214331364032354
TOI-2076_d,NIRISS_SOSS,obs14,SOSS_HDU4_ordem_2,jw05959014001_04102_00001-seg001_nis_x1dints.fits,seg001,4,227,60693.92182097135,TDB-MID,3500.7444457509714,4.793867547796015,1778,0.5867402182434889,1.4160298518951635,227,0.9822785645678063,0.9776342992993259
TOI-2076_d,NIRISS_SOSS,obs14,SOSS_HDU4_ordem_2,jw05959014001_04102_00001-seg001_nis_x1dints.fits,seg001,4,228,60693.9218980502,TDB-MID,3337.3935700305356,4.793789933541159,1778,0.5867402182434889,1.4160298518951635,228,0.9364437239474583,0.932016168241884
TOI-2076_d,NIRISS_SOSS,obs14,SOSS_HDU4_ordem_2,jw05959014001_04102_00001-seg001_nis_x1dints.fits,seg001,4,229,60693.92197512906,TDB-MID,3470.0748230704166,4.793983287777118,1778,0.5867402182434889,1.4160298518951635,229,0.9736729341342403,0.9690693567439013
TOI-2076_d,NIRISS_SOSS,obs14,SOSS_HDU4_ordem_2,jw05959014001_04102_00001-seg001_nis_x1dints.fits,seg001,4,230,60693.92205220792,TDB-MID,4049.419999659962,4.794605883391163,1778,0.5867402182434889,1.4160298518951635,230,1.1362321718244919,1.1308600057171554
TOI-2076_d,NIRISS_SOSS,obs14,SOSS_HDU4_ordem_2,jw05959014001_04102_00001-seg001_nis_x1dints.fits,seg001,4,231,60693.92212928677,TDB-MID,3205.1997087061072,4.793539139303532,1778,0.5867402182434889,1.4160298518951635,231,0.8993512716537635,0.8950990910343657
TOI-2076_d,NIRISS_SOSS,obs14,SOSS_HDU4_ordem_2,jw05959014001_04102_00001-seg001_nis_x1dints.fits,seg001,4,232,60693.92220636563,TDB-MID,3897.518556402187,4.794408839400902,1778,0.5867402182434889,1.4160298518951635,232,1.0936099427668617,1.088439296824189
TOI-2076_d,NIRISS_SOSS,obs14,SOSS_HDU4_ordem_2,jw05959014001_04102_00001-seg001_nis_x1dints.fits,seg001,4,233,60693.92228344449,TDB-MID,3342.6557149951236,4.793741639379737,1778,0.5867402182434889,1.4160298518951635,233,0.9379202362386189,0.9334856995044446
TOI-2076_d,NIRISS_SOSS,obs14,SOSS_HDU4_ordem_2,jw05959014001_04102_00001-seg001_nis_x1dints.fits,seg001,4,234,60693.92236052334,TDB-MID,3318.112049740451,4.793743216051841,1778,0.5867402182434889,1.4160298518951635,234,0.9310334963896548,0.9266315205275665
TOI-2076_d,NIRISS_SOSS,obs14,SOSS_HDU4_ordem_2,jw05959014001_04102_00001-seg001_nis_x1dints.fits,seg001,4,235,60693.922437602196,TDB-MID,3594.8626941311186,4.794023760107523,1778,0.5867402182434889,1.4160298518951635,235,1.0086873297179442,1.0039182024040174
TOI-2076_d,NIRISS_SOSS,obs14,SOSS_HDU4_ordem_2,jw05959014001_04102_00001-seg001_nis_x1dints.fits,seg001,4,236,60693.92251468105,TDB-MID,3359.7120012149667,4.793766114082255,1778,0.5867402182434889,1.4160298518951635,236,0.9427060823934904,0.9382489179242937
TOI-2076_d,NIRISS_SOSS,obs14,SOSS_HDU4_ordem_2,jw05959014001_04102_00001-seg001_nis_x1dints.fits,seg001,4,237,60693.92259175991,TDB-MID,3680.1184428794863,4.794175959621492,1778,0.5867402182434889,1.4160298518951635,237,1.0326093542471397,1.0277271223296105
TOI-2076_d,NIRISS_SOSS,obs14,SOSS_HDU4_ordem_2,jw05959014001_04102_00001-seg001_nis_x1dints.fits,seg001,4,238,60693.92266883877,TDB-MID,3347.283194649499,4.793793544401042,1778,0.5867402182434889,1.4160298518951635,238,0.9392186669418322,0.9347779911582722
TOI-2076_d,NIRISS_SOSS,obs14,SOSS_HDU4_ordem_2,jw05959014001_04102_00001-seg001_nis_x1dints.fits,seg001,4,239,60693.922745917625,TDB-MID,3328.278811718396,4.79378113025642,1778,0.5867402182434889,1.4160298518951635,239,0.9338862017261211,0.92947073812156
TOI-2076_d,NIRISS_SOSS,obs14,SOSS_HDU4_ordem_2,jw05959014001_04102_00001-seg001_nis_x1dints.fits,seg001,4,240,60693.92282299647,TDB-MID,3360.939165998354,4.793920595055965,1778,0.5867402182434889,1.4160298518951635,240,0.943050414200794,0.9385916217125087
TOI-2076_d,NIRISS_SOSS,obs14,SOSS_HDU4_ordem_2,jw05959014001_04102_00001-seg001_nis_x1dints.fits,seg001,4,241,60693.92290007533,TDB-MID,3339.5083078425023,4.793681780445283,1778,0.5867402182434889,1.4160298518951635,241,0.9370371010575462,0.9326067398334531
TOI-2076_d,NIRISS_SOSS,obs14,SOSS_HDU4_ordem_2,jw05959014001_04102_00001-seg001_nis_x1dints.fits,seg001,4,242,60693.92297715419,TDB-MID,3508.9232780203397,4.794606693885325,1778,0.5867402182434889,1.4160298518951635,242,0.9845734740494586,0.9799183583269581
TOI-2076_d,NIRISS_SOSS,obs14,SOSS_HDU4_ordem_2,jw05959014001_04102_00001-seg001_nis_x1dints.fits,seg001,4,243,60693.92305423305,TDB-MID,3423.2004625430045,4.793916315238993,1778,0.5867402182434889,1.4160298518951635,243,0.9605203946423085,0.9559790031578399
TOI-2076_d,NIRISS_SOSS,obs14,SOSS_HDU4_ordem_2,jw05959014001_04102_00001-seg001_nis_x1dints.fits,seg001,4,244,60693.9231313119,TDB-MID,3805.905320888753,4.794340950215786,1778,0.5867402182434889,1.4160298518951635,244,1.067904062526225,1.0628549553517834
TOI-2076_d,NIRISS_SOSS,obs14,SOSS_HDU4_ordem_2,jw05959014001_04102_00001-seg001_nis_x1dints.fits,seg001,4,245,60693.92320839076,TDB-MID,3640.8339088454477,4.794115163721129,1778,0.5867402182434889,1.4160298518951635,245,1.0215864543186668,1.0167563392579462
TOI-2076_d,NIRISS_SOSS,obs14,SOSS_HDU4_ordem_2,jw05959014001_04102_00001-seg001_nis_x1dints.fits,seg001,4,246,60693.92328546961,TDB-MID,3545.9543367082874,4.794221057959392,1778,0.5867402182434889,1.4160298518951635,246,0.9949640683176502,0.9902598253131144
TOI-2076_d,NIRISS_SOSS,obs14,SOSS_HDU4_ordem_2,jw05959014001_04102_00001-seg001_nis_x1dints.fits,seg001,4,247,60693.92336254846,TDB-MID,3365.971704962946,4.7938115957794745,1778,0.5867402182434889,1.4160298518951635,247,0.94446250103743,0.9399970321275184
TOI-2076_d,NIRISS_SOSS,obs14,SOSS_HDU4_ordem_2,jw05959014001_04102_00001-seg001_nis_x1dints.fits,seg001,4,248,60693.923439627324,TDB-MID,3856.613021368359,4.794413011889032,1778,0.5867402182434889,1.4160298518951635,248,1.0821322040005612,1.0770158254169004
TOI-2076_d,NIRISS_SOSS,obs14,SOSS_HDU4_ordem_2,jw05959014001_04102_00001-seg001_nis_x1dints.fits,seg001,4,249,60693.923516706185,TDB-MID,3609.2443860449735,4.79404480936183,1778,0.5867402182434889,1.4160298518951635,249,1.0127227078805359,1.0079345010841467
TOI-2076_d,NIRISS_SOSS,obs14,SOSS_HDU4_ordem_2,jw05959014001_04102_00001-seg001_nis_x1dints.fits,seg001,4,250,60693.92359378504,TDB-MID,3557.254900478107,4.794008745506356,1778,0.5867402182434889,1.4160298518951635,250,0.9981349086148043,0.9934156737087905
TOI-2076_d,NIRISS_SOSS,obs14,SOSS_HDU4_ordem_2,jw05959014001_04102_00001-seg001_nis_x1dints.fits,seg001,4,251,60693.923670863885,TDB-MID,3480.5994244692265,4.793938403535244,1778,0.5867402182434889,1.4160298518951635,251,0.9766260461122424,0.972008506251492
TOI-2076_d,NIRISS_SOSS,obs14,SOSS_HDU4_ordem_2,jw05959014001_04102_00001-seg001_nis_x1dints.fits,seg001,4,252,60693.92374794275,TDB-MID,3214.775371474776,4.793543769001276,1778,0.5867402182434889,1.4160298518951635,252,0.9020381196727927,0.8977732354931355
TOI-2076_d,NIRISS_SOSS,obs14,SOSS_HDU4_ordem_2,jw05959014001_04102_00001-seg001_nis_x1dints.fits,seg001,4,253,60693.92382502161,TDB-MID,3767.55132394585,4.797159764034433,1778,0.5867402182434889,1.4160298518951635,253,1.0571422632442924,1.052144038428923
TOI-2076_d,NIRISS_SOSS,obs14,SOSS_HDU4_ordem_2,jw05959014001_04102_00001-seg001_nis_x1dints.fits,seg001,4,254,60693.92390210046,TDB-MID,3237.325668799231,4.7936716598921185,1778,0.5867402182434889,1.4160298518951635,254,0.9083655377490617,0.9040707372003919
TOI-2076_d,NIRISS_SOSS,obs14,SOSS_HDU4_ordem_2,jw05959014001_04102_00001-seg001_nis_x1dints.fits,seg001,4,255,60693.923979179315,TDB-MID,3668.1095393450773,4.794218367963178,1778,0.5867402182434889,1.4160298518951635,255,1.0292397599483813,1.0243734596518148
TOI-2076_d,NIRISS_SOSS,obs14,SOSS_HDU4_ordem_2,jw05959014001_04102_00001-seg001_nis_x1dints.fits,seg001,4,256,60693.924056258176,TDB-MID,3701.839592698571,4.794169991352328,1778,0.5867402182434889,1.4160298518951635,256,1.0387041207162975,1.033793072418921
TOI-2076_d,NIRISS_SOSS,obs14,SOSS_HDU4_ordem_2,jw05959014001_04102_00001-seg001_nis_x1dints.fits,seg001,4,257,60693.92413333703,TDB-MID,3388.9230402353774,4.793768884101584,1778,0.5867402182434889,1.4160298518951635,257,0.9509024468877139,0.9464065295714924
TOI-2076_d,NIRISS_SOSS,obs14,SOSS_HDU4_ordem_2,jw05959014001_04102_00001-seg001_nis_x1dints.fits,seg001,4,258,60693.924210415884,TDB-MID,3561.518069641776,4.793930192304933,1778,0.5867402182434889,1.4160298518951635,258,0.999331116950343,0.9946062263077318
TOI-2076_d,NIRISS_SOSS,obs14,SOSS_HDU4_ordem_2,jw05959014001_04102_00001-seg001_nis_x1dints.fits,seg001,4,259,60693.92428749474,TDB-MID,3468.9023307912066,4.793616817044992,1778,0.5867402182434889,1.4160298518951635,259,0.9733439429579814,0.968741921055412
TOI-2076_d,NIRISS_SOSS,obs14,SOSS_HDU4_ordem_2,jw05959014001_04102_00001-seg001_nis_x1dints.fits,seg001,4,260,60693.9243645736,TDB-MID,3445.2726540992094,4.793837590371558,1778,0.5867402182434889,1.4160298518951635,260,0.9667136603818315,0.9621429868077296
TOI-2076_d,NIRISS_SOSS,obs14,SOSS_HDU4_ordem_2,jw05959014001_04102_00001-seg001_nis_x1dints.fits,seg001,4,261,60693.92444165245,TDB-MID,3654.1480337050803,4.794121166862046,1778,0.5867402182434889,1.4160298518951635,261,1.0253222824141652,1.0204745041596226
TOI-2076_d,NIRISS_SOSS,obs14,SOSS_HDU4_ordem_2,jw05959014001_04102_00001-seg001_nis_x1dints.fits,seg001,4,262,60693.92451873131,TDB-MID,3336.0475276998786,4.793778527577143,1778,0.5867402182434889,1.4160298518951635,262,0.9360660361302257,0.931640266152728
TOI-2076_d,NIRISS_SOSS,obs14,SOSS_HDU4_ordem_2,jw05959014001_04102_00001-seg001_nis_x1dints.fits,seg001,4,263,60693.92459581016,TDB-MID,3403.2248318827146,4.793768474172611,1778,0.5867402182434889,1.4160298518951635,263,0.9549154057276958,0.9504005149287612
TOI-2076_d,NIRISS_SOSS,obs14,SOSS_HDU4_ordem_2,jw05959014001_04102_00001-seg001_nis_x1dints.fits,seg001,4,264,60693.92467288902,TDB-MID,3916.084570343127,4.794511430744468,1778,0.5867402182434889,1.4160298518951635,264,1.0988194054415186,1.0936241288823996
TOI-2076_d,NIRISS_SOSS,obs14,SOSS_HDU4_ordem_2,jw05959014001_04102_00001-seg001_nis_x1dints.fits,seg001,4,265,60693.924749967875,TDB-MID,3706.5437612092533,4.794384666156977,1778,0.5867402182434889,1.4160298518951635,265,1.0400240696482357,1.0351067805621443
TOI-2076_d,NIRISS_SOSS,obs14,SOSS_HDU4_ordem_2,jw05959014001_04102_00001-seg001_nis_x1dints.fits,seg001,4,266,60693.924827046736,TDB-MID,3492.4943932763404,4.7940528018584905,1778,0.5867402182434889,1.4160298518951635,266,0.9799636713135369,0.9753303509834161
TOI-2076_d,NIRISS_SOSS,obs14,SOSS_HDU4_ordem_2,jw05959014001_04102_00001-seg001_nis_x1dints.fits,seg001,4,267,60693.92490412559,TDB-MID,3998.0237778445717,4.794570047970237,1778,0.5867402182434889,1.4160298518951635,267,1.1218108372279874,1.116506855957221
TOI-2076_d,NIRISS_SOSS,obs14,SOSS_HDU4_ordem_2,jw05959014001_04102_00001-seg001_nis_x1dints.fits,seg001,4,268,60693.92498120445,TDB-MID,3156.7309767335382,4.793515195035328,1778,0.5867402182434889,1.4160298518951635,268,0.8857513653463428,0.8815634858068997
TOI-2076_d,NIRISS_SOSS,obs14,SOSS_HDU4_ordem_2,jw05959014001_04102_00001-seg001_nis_x1dints.fits,seg001,4,269,60693.9250582833,TDB-MID,3489.2810873758735,4.793998904060107,1778,0.5867402182434889,1.4160298518951635,269,0.979062045514699,0.9744329881192829
TOI-2076_d,NIRISS_SOSS,obs14,SOSS_HDU4_ordem_2,jw05959014001_04102_00001-seg001_nis_x1dints.fits,seg001,4,270,60693.92513536215,TDB-MID,3603.1664972084936,4.794040054958689,1778,0.5867402182434889,1.4160298518951635,270,1.0110173049257025,1.0062371613651384
TOI-2076_d,NIRISS_SOSS,obs14,SOSS_HDU4_ordem_2,jw05959014001_04102_00001-seg001_nis_x1dints.fits,seg001,4,271,60693.92521244101,TDB-MID,3650.5368760902084,4.794118516828957,1778,0.5867402182434889,1.4160298518951635,271,1.0243090228708502,1.0194660353612905
TOI-2076_d,NIRISS_SOSS,obs14,SOSS_HDU4_ordem_2,jw05959014001_04102_00001-seg001_nis_x1dints.fits,seg001,4,272,60693.92528951987,TDB-MID,3540.384374378325,4.793968075554483,1778,0.5867402182434889,1.4160298518951635,272,0.993401185140384,0.9887043315305889
TOI-2076_d,NIRISS_SOSS,obs14,SOSS_HDU4_ordem_2,jw05959014001_04102_00001-seg001_nis_x1dints.fits,seg001,4,273,60693.92536659873,TDB-MID,3736.516533278138,4.794310210177143,1778,0.5867402182434889,1.4160298518951635,273,1.0484341698369761,1.0434771173501347
TOI-2076_d,NIRISS_SOSS,obs14,SOSS_HDU4_ordem_2,jw05959014001_04102_00001-seg001_nis_x1dints.fits,seg001,4,274,60693.925443677574,TDB-MID,3601.4110868665703,4.793973797236464,1778,0.5867402182434889,1.4160298518951635,274,1.010524751990859,1.0057469372467536
TOI-2076_d,NIRISS_SOSS,obs14,SOSS_HDU4_ordem_2,jw05959014001_04102_00001-seg001_nis_x1dints.fits,seg001,4,275,60693.925520756435,TDB-MID,3615.77087750784,4.794102926938253,1778,0.5867402182434889,1.4160298518951635,275,1.0145539848460938,1.009757119674866
TOI-2076_d,NIRISS_SOSS,obs14,SOSS_HDU4_ordem_2,jw05959014001_04102_00001-seg001_nis_x1dints.fits,seg001,4,276,60693.925597835296,TDB-MID,3535.6944855758134,4.794010895003963,1778,0.5867402182434889,1.4160298518951635,276,0.9920852429708534,0.9873946112055877
TOI-2076_d,NIRISS_SOSS,obs14,SOSS_HDU4_ordem_2,jw05959014001_04102_00001-seg001_nis_x1dints.fits,seg001,4,277,60693.92567491415,TDB-MID,3839.7674316622574,4.79432573077786,1778,0.5867402182434889,1.4160298518951635,277,1.077405477462184,1.0723114470928563
TOI-2076_d,NIRISS_SOSS,obs14,SOSS_HDU4_ordem_2,jw05959014001_04102_00001-seg001_nis_x1dints.fits,seg001,4,278,60693.925751993,TDB-MID,3728.2863696385916,4.795055389385137,1778,0.5867402182434889,1.4160298518951635,278,1.0461248572175348,1.0411787232835148
TOI-2076_d,NIRISS_SOSS,obs14,SOSS_HDU4_ordem_2,jw05959014001_04102_00001-seg001_nis_x1dints.fits,seg001,4,279,60693.925829071864,TDB-MID,3810.03515092454,4.794429793993594,1778,0.5867402182434889,1.4160298518951635,279,1.0690628570575955,1.0640082710410113
TOI-2076_d,NIRISS_SOSS,obs14,SOSS_HDU4_ordem_2,jw05959014001_04102_00001-seg001_nis_x1dints.fits,seg001,4,280,60693.92590615072,TDB-MID,3730.342875115155,4.794248259947267,1778,0.5867402182434889,1.4160298518951635,280,1.0467018948387747,1.0417530326402076
TOI-2076_d,NIRISS_SOSS,obs14,SOSS_HDU4_ordem_2,jw05959014001_04102_00001-seg001_nis_x1dints.fits,seg001,4,281,60693.92598322957,TDB-MID,3311.231560360189,4.79365539328005,1778,0.5867402182434889,1.4160298518951635,281,0.9291028906751558,0.9247100428195113
TOI-2076_d,NIRISS_SOSS,obs14,SOSS_HDU4_ordem_2,jw05959014001_04102_00001-seg001_nis_x1dints.fits,seg001,4,282,60693.926060308426,TDB-MID,3236.60150542366,4.793661520551827,1778,0.5867402182434889,1.4160298518951635,282,0.9081623437792956,0.903868503942516
TOI-2076_d,NIRISS_SOSS,obs14,SOSS_HDU4_ordem_2,jw05959014001_04102_00001-seg001_nis_x1dints.fits,seg001,4,283,60693.92613738729,TDB-MID,3613.0391048302145,4.794046330992564,1778,0.5867402182434889,1.4160298518951635,283,1.0137874730980683,1.0089942320351306
TOI-2076_d,NIRISS_SOSS,obs14,SOSS_HDU4_ordem_2,jw05959014001_04102_00001-seg001_nis_x1dints.fits,seg001,4,284,60693.92621446614,TDB-MID,3536.9548591978764,4.793986320524945,1778,0.5867402182434889,1.4160298518951635,284,0.9924388928906017,0.9877465890497164
TOI-2076_d,NIRISS_SOSS,obs14,SOSS_HDU4_ordem_2,jw05959014001_04102_00001-seg001_nis_x1dints.fits,seg001,4,285,60693.926291545,TDB-MID,3565.1634512388737,4.793909638714194,1778,0.5867402182434889,1.4160298518951635,285,1.0003539794465888,0.9956242526557226
TOI-2076_d,NIRISS_SOSS,obs14,SOSS_HDU4_ordem_2,jw05959014001_04102_00001-seg001_nis_x1dints.fits,seg001,4,286,60693.92636862385,TDB-MID,3530.6316433276997,4.7939646137674945,1778,0.5867402182434889,1.4160298518951635,286,0.9906646532953785,0.9859807381536129
TOI-2076_d,NIRISS_SOSS,obs14,SOSS_HDU4_ordem_2,jw05959014001_04102_00001-seg001_nis_x1dints.fits,seg001,4,287,60693.92644570271,TDB-MID,3148.7244196096963,4.793430492765364,1778,0.5867402182434889,1.4160298518951635,287,0.8835047947781074,0.8793275371437324
TOI-2076_d,NIRISS_SOSS,obs14,SOSS_HDU4_ordem_2,jw05959014001_04102_00001-seg001_nis_x1dints.fits,seg001,4,288,60693.92652278156,TDB-MID,3297.811940583915,4.79403683150388,1778,0.5867402182434889,1.4160298518951635,288,0.9253374616199491,0.9209624169130374
TOI-2076_d,NIRISS_SOSS,obs14,SOSS_HDU4_ordem_2,jw05959014001_04102_00001-seg001_nis_x1dints.fits,seg001,4,289,60693.92659986042,TDB-MID,3430.064238034719,4.793785395549897,1778,0.5867402182434889,1.4160298518951635,289,0.9624463105844735,0.957895813267054
TOI-2076_d,NIRISS_SOSS,obs14,SOSS_HDU4_ordem_2,jw05959014001_04102_00001-seg001_nis_x1dints.fits,seg001,4,290,60693.92667693928,TDB-MID,3761.8741530320162,4.794265595654859,1778,0.5867402182434889,1.4160298518951635,290,1.0555492982671386,1.0505586050748588
TOI-2076_d,NIRISS_SOSS,obs14,SOSS_HDU4_ordem_2,jw05959014001_04102_00001-seg001_nis_x1dints.fits,seg001,4,291,60693.92675401813,TDB-MID,3600.0766761255304,4.794278577166041,1778,0.5867402182434889,1.4160298518951635,291,1.0101503278969086,1.0053742834498225
TOI-2076_d,NIRISS_SOSS,obs14,SOSS_HDU4_ordem_2,jw05959014001_04102_00001-seg001_nis_x1dints.fits,seg001,4,292,60693.926831096986,TDB-MID,4027.8383308077796,4.794640651714436,1778,0.5867402182434889,1.4160298518951635,292,1.130176542506325,1.1248330077363053
TOI-2076_d,NIRISS_SOSS,obs14,SOSS_HDU4_ordem_2,jw05959014001_04102_00001-seg001_nis_x1dints.fits,seg001,4,293,60693.92690817584,TDB-MID,3893.3297514108867,4.794693872065037,1778,0.5867402182434889,1.4160298518951635,293,1.0924346003738734,1.0872695115125128
TOI-2076_d,NIRISS_SOSS,obs14,SOSS_HDU4_ordem_2,jw05959014001_04102_00001-seg001_nis_x1dints.fits,seg001,4,294,60693.9269852547,TDB-MID,3608.419582352554,4.794039785344812,1778,0.5867402182434889,1.4160298518951635,294,1.0124912751097082,1.0077041625397618
TOI-2076_d,NIRISS_SOSS,obs14,SOSS_HDU4_ordem_2,jw05959014001_04102_00001-seg001_nis_x1dints.fits,seg001,4,295,60693.92706233356,TDB-MID,3379.3012638695263,4.793952025298623,1778,0.5867402182434889,1.4160298518951635,295,0.9482026597927969,0.9437195072134734
TOI-2076_d,NIRISS_SOSS,obs14,SOSS_HDU4_ordem_2,jw05959014001_04102_00001-seg001_nis_x1dints.fits,seg001,4,296,60693.927139412415,TDB-MID,3706.0005537193792,4.794307411199423,1778,0.5867402182434889,1.4160298518951635,296,1.0398716503323775,1.0349550818929136
TOI-2076_d,NIRISS_SOSS,obs14,SOSS_HDU4_ordem_2,jw05959014001_04102_00001-seg001_nis_x1dints.fits,seg001,4,297,60693.92721649126,TDB-MID,3775.382419795546,4.79421624851081,1778,0.5867402182434889,1.4160298518951635,297,1.0593396008990212,1.0543309869544162
TOI-2076_d,NIRISS_SOSS,obs14,SOSS_HDU4_ordem_2,jw05959014001_04102_00001-seg001_nis_x1dints.fits,seg001,4,298,60693.92729357012,TDB-MID,3556.2897593263615,4.793986680733882,1778,0.5867402182434889,1.4160298518951635,298,0.9978640983686314,0.993146143867857
TOI-2076_d,NIRISS_SOSS,obs14,SOSS_HDU4_ordem_2,jw05959014001_04102_00001-seg001_nis_x1dints.fits,seg001,4,299,60693.927370648984,TDB-MID,3520.5603494818147,4.794414711010553,1778,0.5867402182434889,1.4160298518951635,299,0.9878387354897288,0.9831681814375663
TOI-2076_d,NIRISS_SOSS,obs14,SOSS_HDU4_ordem_2,jw05959014001_04102_00001-seg001_nis_x1dints.fits,seg001,4,300,60693.92744772784,TDB-MID,3626.610487481167,4.794082174522162,1778,0.5867402182434889,1.4160298518951635,300,1.0175954855011897,1.0127842399531868
TOI-2076_d,NIRISS_SOSS,obs14,SOSS_HDU4_ordem_2,jw05959014001_04102_00001-seg001_nis_x1dints.fits,seg001,4,301,60693.92752480669,TDB-MID,3436.29869776533,4.793918580022775,1778,0.5867402182434889,1.4160298518951635,301,0.9641956459758281,0.9596368777076885
TOI-2076_d,NIRISS_SOSS,obs14,SOSS_HDU4_ordem_2,jw05959014001_04102_00001-seg001_nis_x1dints.fits,seg001,4,302,60693.927601885545,TDB-MID,3560.467064155936,4.794064444578625,1778,0.5867402182434889,1.4160298518951635,302,0.9990362139158651,0.994312717590477
TOI-2076_d,NIRISS_SOSS,obs14,SOSS_HDU4_ordem_2,jw05959014001_04102_00001-seg001_nis_x1dints.fits,seg001,4,303,60693.9276789644,TDB-MID,3534.489558959649,4.794007213728613,1778,0.5867402182434889,1.4160298518951635,303,0.9917471510006235,0.987058117752165
TOI-2076_d,NIRISS_SOSS,obs14,SOSS_HDU4_ordem_2,jw05959014001_04102_00001-seg001_nis_x1dints.fits,seg001,4,304,60693.92775604326,TDB-MID,3419.9256778445424,4.793891291573828,1778,0.5867402182434889,1.4160298518951635,304,0.9596015184253432,0.9550644714364733
TOI-2076_d,NIRISS_SOSS,obs14,SOSS_HDU4_ordem_2,jw05959014001_04102_00001-seg001_nis_x1dints.fits,seg001,4,305,60693.927833122114,TDB-MID,3777.6244491754564,4.794356626091934,1778,0.5867402182434889,1.4160298518951635,305,1.0599686949203488,1.05495710658577
TOI-2076_d,NIRISS_SOSS,obs14,SOSS_HDU4_ordem_2,jw05959014001_04102_00001-seg001_nis_x1dints.fits,seg001,4,306,60693.927910200975,TDB-MID,3437.3110193384427,4.793925360810427,1778,0.5867402182434889,1.4160298518951635,306,0.9644796946395131,0.9599195833741923
TOI-2076_d,NIRISS_SOSS,obs14,SOSS_HDU4_ordem_2,jw05959014001_04102_00001-seg001_nis_x1dints.fits,seg001,4,307,60693.92798727983,TDB-MID,3416.498611629281,4.793840813865499,1778,0.5867402182434889,1.4160298518951635,307,0.9586399133339771,0.9541074128650955
TOI-2076_d,NIRISS_SOSS,obs14,SOSS_HDU4_ordem_2,jw05959014001_04102_00001-seg001_nis_x1dints.fits,seg001,4,308,60693.928064358675,TDB-MID,3949.8944404061594,4.794460236806298,1778,0.5867402182434889,1.4160298518951635,308,1.1083061620866799,1.1030660316378529
TOI-2076_d,NIRISS_SOSS,obs14,SOSS_HDU4_ordem_2,jw05959014001_04102_00001-seg001_nis_x1dints.fits,seg001,4,309,60693.92814143754,TDB-MID,3648.5676254303457,4.794161538292669,1778,0.5867402182434889,1.4160298518951635,309,1.023756468195289,1.0189160931936077
TOI-2076_d,NIRISS_SOSS,obs14,SOSS_HDU4_ordem_2,jw05959014001_04102_00001-seg001_nis_x1dints.fits,seg001,4,310,60693.9282185164,TDB-MID,3627.702239943851,4.794219565485657,1778,0.5867402182434889,1.4160298518951635,310,1.0179018217843794,1.0130891278621457
TOI-2076_d,NIRISS_SOSS,obs14,SOSS_HDU4_ordem_2,jw05959014001_04102_00001-seg001_nis_x1dints.fits,seg001,4,311,60693.92829559525,TDB-MID,3746.362894463682,4.794292370095089,1778,0.5867402182434889,1.4160298518951635,311,1.0511969734867233,1.0462268583173628
TOI-2076_d,NIRISS_SOSS,obs14,SOSS_HDU4_ordem_2,jw05959014001_04102_00001-seg001_nis_x1dints.fits,seg001,4,312,60693.928372674105,TDB-MID,3202.351444955379,4.7935759129540925,1778,0.5867402182434889,1.4160298518951635,312,0.8985520735197862,0.8943036715516489
TOI-2076_d,NIRISS_SOSS,obs14,SOSS_HDU4_ordem_2,jw05959014001_04102_00001-seg001_nis_x1dints.fits,seg001,4,313,60693.92844975296,TDB-MID,3520.1406700009284,4.79397758069838,1778,0.5867402182434889,1.4160298518951635,313,0.9877209770630707,0.9830509797790092
TOI-2076_d,NIRISS_SOSS,obs14,SOSS_HDU4_ordem_2,jw05959014001_04102_00001-seg001_nis_x1dints.fits,seg001,4,314,60693.92852683182,TDB-MID,3948.141335490061,4.7945234633524265,1778,0.5867402182434889,1.4160298518951635,314,1.107814256034351,1.1025764513434877
TOI-2076_d,NIRISS_SOSS,obs14,SOSS_HDU4_ordem_2,jw05959014001_04102_00001-seg001_nis_x1dints.fits,seg001,4,315,60693.928603910674,TDB-MID,3678.918093866732,4.794247281405027,1778,0.5867402182434889,1.4160298518951635,315,1.032272546712771,1.027391907239168
TOI-2076_d,NIRISS_SOSS,obs14,SOSS_HDU4_ordem_2,jw05959014001_04102_00001-seg001_nis_x1dints.fits,seg001,4,316,60693.92868098953,TDB-MID,3786.5016994094176,4.794252382363921,1778,0.5867402182434889,1.4160298518951635,316,1.062459574432479,1.0574362090871585
TOI-2076_d,NIRISS_SOSS,obs14,SOSS_HDU4_ordem_2,jw05959014001_04102_00001-seg001_nis_x1dints.fits,seg001,4,317,60693.92875806839,TDB-MID,3680.1886420335336,4.7942645206169905,1778,0.5867402182434889,1.4160298518951635,317,1.032629051521631,1.0277467264743407
TOI-2076_d,NIRISS_SOSS,obs14,SOSS_HDU4_ordem_2,jw05959014001_04102_00001-seg001_nis_x1dints.fits,seg001,4,318,60693.92883514724,TDB-MID,3690.86141118742,4.79426554471717,1778,0.5867402182434889,1.4160298518951635,318,1.035623738088132,1.0307272540035661
TOI-2076_d,NIRISS_SOSS,obs14,SOSS_HDU4_ordem_2,jw05959014001_04102_00001-seg001_nis_x1dints.fits,seg001,4,319,60693.928912226096,TDB-MID,3882.873589381469,4.794320213500923,1778,0.5867402182434889,1.4160298518951635,319,1.0895006918900334,1.0843494747039428
TOI-2076_d,NIRISS_SOSS,obs14,SOSS_HDU4_ordem_2,jw05959014001_04102_00001-seg001_nis_x1dints.fits,seg001,4,320,60693.92898930495,TDB-MID,3438.164131282516,4.793863056590618,1778,0.5867402182434889,1.4160298518951635,320,0.9647190704605207,0.9601578274135937
TOI-2076_d,NIRISS_SOSS,obs14,SOSS_HDU4_ordem_2,jw05959014001_04102_00001-seg001_nis_x1dints.fits,seg001,4,321,60693.92906638381,TDB-MID,3549.765300278214,4.793989314073248,1778,0.5867402182434889,1.4160298518951635,321,0.9960333916810369,0.9913240928587967
TOI-2076_d,NIRISS_SOSS,obs14,SOSS_HDU4_ordem_2,jw05959014001_04102_00001-seg001_nis_x1dints.fits,seg001,4,322,60693.929143462665,TDB-MID,3617.2927826311616,4.794354619425697,1778,0.5867402182434889,1.4160298518951635,322,1.0149810182394507,1.0101821340316393
TOI-2076_d,NIRISS_SOSS,obs14,SOSS_HDU4_ordem_2,jw05959014001_04102_00001-seg001_nis_x1dints.fits,seg001,4,323,60693.929220541526,TDB-MID,3542.5560741673808,4.794033244258224,1778,0.5867402182434889,1.4160298518951635,323,0.9940105452877821,0.9893108105908182
TOI-2076_d,NIRISS_SOSS,obs14,SOSS_HDU4_ordem_2,jw05959014001_04102_00001-seg001_nis_x1dints.fits,seg001,4,324,60693.92929762037,TDB-MID,3805.249603626395,4.794440382774,1778,0.5867402182434889,1.4160298518951635,324,1.0677200739428787,1.0626718366762393
TOI-2076_d,NIRISS_SOSS,obs14,SOSS_HDU4_ordem_2,jw05959014001_04102_00001-seg001_nis_x1dints.fits,seg001,4,325,60693.92937469923,TDB-MID,3554.1748758667695,4.795253411173494,1778,0.5867402182434889,1.4160298518951635,325,0.9972706803910817,0.9925555316020496
TOI-2076_d,NIRISS_SOSS,obs14,SOSS_HDU4_ordem_2,jw05959014001_04102_00001-seg001_nis_x1dints.fits,seg001,4,326,60693.92945177809,TDB-MID,3473.995869068905,4.79425844667367,1778,0.5867402182434889,1.4160298518951635,326,0.9747731456734385,0.970164366424458
TOI-2076_d,NIRISS_SOSS,obs14,SOSS_HDU4_ordem_2,jw05959014001_04102_00001-seg001_nis_x1dints.fits,seg001,4,327,60693.92952885695,TDB-MID,3434.31440445204,4.793781577444039,1778,0.5867402182434889,1.4160298518951635,327,0.9636388704620297,0.9590827346581159
TOI-2076_d,NIRISS_SOSS,obs14,SOSS_HDU4_ordem_2,jw05959014001_04102_00001-seg001_nis_x1dints.fits,seg001,4,328,60693.9296059358,TDB-MID,3891.531571727706,4.794365063434983,1778,0.5867402182434889,1.4160298518951635,328,1.0919300467323834,1.0867673434274603
TOI-2076_d,NIRISS_SOSS,obs14,SOSS_HDU4_ordem_2,jw05959014001_04102_00001-seg001_nis_x1dints.fits,seg001,4,329,60693.929683014656,TDB-MID,3652.8941283828685,4.794072711693446,1778,0.5867402182434889,1.4160298518951635,329,1.0249704474433203,1.0201243326832226
TOI-2076_d,NIRISS_SOSS,obs14,SOSS_HDU4_ordem_2,jw05959014001_04102_00001-seg001_nis_x1dints.fits,seg001,4,330,60693.92976009351,TDB-MID,3643.2660522134997,4.794708177374825,1778,0.5867402182434889,1.4160298518951635,330,1.0222688926781114,1.0174355510125508
TOI-2076_d,NIRISS_SOSS,obs14,SOSS_HDU4_ordem_2,jw05959014001_04102_00001-seg001_nis_x1dints.fits,seg001,4,331,60693.92983717236,TDB-MID,4038.6854675207483,4.794916265968607,1778,0.5867402182434889,1.4160298518951635,331,1.1332201550993604,1.1278622299672105
TOI-2076_d,NIRISS_SOSS,obs14,SOSS_HDU4_ordem_2,jw05959014001_04102_00001-seg001_nis_x1dints.fits,seg001,4,332,60693.929914251225,TDB-MID,3421.2656567748754,4.794026829711645,1778,0.5867402182434889,1.4160298518951635,332,0.9599775049049722,0.9554386802320403
TOI-2076_d,NIRISS_SOSS,obs14,SOSS_HDU4_ordem_2,jw05959014001_04102_00001-seg001_nis_x1dints.fits,seg001,4,333,60693.929991330086,TDB-MID,3806.059036105938,4.794292132018812,1778,0.5867402182434889,1.4160298518951635,333,1.067947193684534,1.062897882583683
TOI-2076_d,NIRISS_SOSS,obs14,SOSS_HDU4_ordem_2,jw05959014001_04102_00001-seg001_nis_x1dints.fits,seg001,4,334,60693.93006840894,TDB-MID,3666.11390584488,4.794156392746043,1778,0.5867402182434889,1.4160298518951635,334,1.0286798024763766,1.0238161496885037
TOI-2076_d,NIRISS_SOSS,obs14,SOSS_HDU4_ordem_2,jw05959014001_04102_00001-seg001_nis_x1dints.fits,seg001,4,335,60693.930145487786,TDB-MID,3601.7546061808926,4.794034188360073,1778,0.5867402182434889,1.4160298518951635,335,1.0106211405345538,1.00584287006029
TOI-2076_d,NIRISS_SOSS,obs14,SOSS_HDU4_ordem_2,jw05959014001_04102_00001-seg001_nis_x1dints.fits,seg001,4,336,60693.93022256665,TDB-MID,3505.401932950891,4.7939276747551025,1778,0.5867402182434889,1.4160298518951635,336,0.9835854151283442,0.9789349710009452
TOI-2076_d,NIRISS_SOSS,obs14,SOSS_HDU4_ordem_2,jw05959014001_04102_00001-seg001_nis_x1dints.fits,seg001,4,337,60693.93029964551,TDB-MID,3648.3484254029145,4.7942201552430594,1778,0.5867402182434889,1.4160298518951635,337,1.0236949625665193,1.0188548783667202
TOI-2076_d,NIRISS_SOSS,obs14,SOSS_HDU4_ordem_2,jw05959014001_04102_00001-seg001_nis_x1dints.fits,seg001,4,338,60693.93037672436,TDB-MID,3626.762210602362,4.794173201826875,1778,0.5867402182434889,1.4160298518951635,338,1.0176380576946211,1.0128266108630248
TOI-2076_d,NIRISS_SOSS,obs14,SOSS_HDU4_ordem_2,jw05959014001_04102_00001-seg001_nis_x1dints.fits,seg001,4,339,60693.930453803216,TDB-MID,3549.276559213511,4.794124519861207,1778,0.5867402182434889,1.4160298518951635,339,0.9958962551722396,0.9911876047387028
TOI-2076_d,NIRISS_SOSS,obs14,SOSS_HDU4_ordem_2,jw05959014001_04102_00001-seg001_nis_x1dints.fits,seg001,4,340,60693.93053088207,TDB-MID,3849.221496390983,4.794574109306684,1778,0.5867402182434889,1.4160298518951635,340,1.0800582061246076,1.0749516335131521
TOI-2076_d,NIRISS_SOSS,obs14,SOSS_HDU4_ordem_2,jw05959014001_04102_00001-seg001_nis_x1dints.fits,seg001,4,341,60693.93060796093,TDB-MID,3864.124182649531,4.795308827773376,1778,0.5867402182434889,1.4160298518951635,341,1.084239770786952,1.0791134275154928
TOI-2076_d,NIRISS_SOSS,obs14,SOSS_HDU4_ordem_2,jw05959014001_04102_00001-seg001_nis_x1dints.fits,seg001,4,342,60693.930685039784,TDB-MID,3472.653580106385,4.793979094893296,1778,0.5867402182434889,1.4160298518951635,342,0.9743965110187897,0.9697895125184772
TOI-2076_d,NIRISS_SOSS,obs14,SOSS_HDU4_ordem_2,jw05959014001_04102_00001-seg001_nis_x1dints.fits,seg001,4,343,60693.93076211864,TDB-MID,3624.363133954801,4.794074549278861,1778,0.5867402182434889,1.4160298518951635,343,1.0169648975704897,1.0121566334757435
TOI-2076_d,NIRISS_SOSS,obs14,SOSS_HDU4_ordem_2,jw05959014001_04102_00001-seg001_nis_x1dints.fits,seg001,4,344,60693.9308391975,TDB-MID,3631.7417434940544,4.794372143562547,1778,0.5867402182434889,1.4160298518951635,344,1.0190352714863924,1.0142172185537164
TOI-2076_d,NIRISS_SOSS,obs14,SOSS_HDU4_ordem_2,jw05959014001_04102_00001-seg001_nis_x1dints.fits,seg001,4,345,60693.930916276346,TDB-MID,3710.6571054708193,4.7942731564983205,1778,0.5867402182434889,1.4160298518951635,345,1.041178238414176,1.0362554923568068
TOI-2076_d,NIRISS_SOSS,obs14,SOSS_HDU4_ordem_2,jw05959014001_04102_00001-seg001_nis_x1dints.fits,seg001,4,346,60693.93099335521,TDB-MID,3304.0426956497604,4.7937990697395625,1778,0.5867402182434889,1.4160298518951635,346,0.927085757514464,0.9227024467716284
TOI-2076_d,NIRISS_SOSS,obs14,SOSS_HDU4_ordem_2,jw05959014001_04102_00001-seg001_nis_x1dints.fits,seg001,4,347,60693.93107043406,TDB-MID,3631.8756197763655,4.7944104397948495,1778,0.5867402182434889,1.4160298518951635,347,1.0190728360114403,1.014254605471693
TOI-2076_d,NIRISS_SOSS,obs14,SOSS_HDU4_ordem_2,jw05959014001_04102_00001-seg001_nis_x1dints.fits,seg001,4,348,60693.93114751292,TDB-MID,3687.8292620268085,4.794134331599315,1778,0.5867402182434889,1.4160298518951635,348,1.0347729433011386,1.0298804818195515
TOI-2076_d,NIRISS_SOSS,obs14,SOSS_HDU4_ordem_2,jw05959014001_04102_00001-seg001_nis_x1dints.fits,seg001,4,349,60693.931224591775,TDB-MID,3615.9165763070405,4.79409257900544,1778,0.5867402182434889,1.4160298518951635,349,1.0145948666669624,1.0097978082043124
TOI-2076_d,NIRISS_SOSS,obs14,SOSS_HDU4_ordem_2,jw05959014001_04102_00001-seg001_nis_x1dints.fits,seg001,4,350,60693.93130167062,TDB-MID,3468.5046727469057,4.793955271116068,1778,0.5867402182434889,1.4160298518951635,350,0.9732323635556578,0.9686308692064338
TOI-2076_d,NIRISS_SOSS,obs14,SOSS_HDU4_ordem_2,jw05959014001_04102_00001-seg001_nis_x1dints.fits,seg001,4,351,60693.93137874948,TDB-MID,3677.876502801709,4.79416256494814,1778,0.5867402182434889,1.4160298518951635,351,1.0319802852832174,1.027101027637189
TOI-2076_d,NIRISS_SOSS,obs14,SOSS_HDU4_ordem_2,jw05959014001_04102_00001-seg001_nis_x1dints.fits,seg001,4,352,60693.931455828344,TDB-MID,3695.174512201727,4.794150941290738,1778,0.5867402182434889,1.4160298518951635,352,1.0368339568684006,1.0319317508051098
TOI-2076_d,NIRISS_SOSS,obs14,SOSS_HDU4_ordem_2,jw05959014001_04102_00001-seg001_nis_x1dints.fits,seg001,4,353,60693.9315329072,TDB-MID,3548.4250687220992,4.793587860192798,1778,0.5867402182434889,1.4160298518951635,353,0.995657334316802,0.9909498135137702
TOI-2076_d,NIRISS_SOSS,obs14,SOSS_HDU4_ordem_2,jw05959014001_04102_00001-seg001_nis_x1dints.fits,seg001,4,354,60693.93160998605,TDB-MID,3548.775207032457,4.79397931651942,1778,0.5867402182434889,1.4160298518951635,354,0.9957555800934441,0.9910475947791578
TOI-2076_d,NIRISS_SOSS,obs14,SOSS_HDU4_ordem_2,jw05959014001_04102_00001-seg001_nis_x1dints.fits,seg001,4,355,60693.93168706491,TDB-MID,3720.7970458112536,4.79421514822258,1778,0.5867402182434889,1.4160298518951635,355,1.0440234178315122,1.039087219614616
TOI-2076_d,NIRISS_SOSS,obs14,SOSS_HDU4_ordem_2,jw05959014001_04102_00001-seg001_nis_x1dints.fits,seg001,4,356,60693.93176414377,TDB-MID,3568.3998525751545,4.793964793224432,1778,0.5867402182434889,1.4160298518951635,356,1.0012620856246406,0.9965280652594922
TOI-2076_d,NIRISS_SOSS,obs14,SOSS_HDU4_ordem_2,jw05959014001_04102_00001-seg001_nis_x1dints.fits,seg001,4,357,60693.93184122262,TDB-MID,3428.677349100448,4.793801480235073,1778,0.5867402182434889,1.4160298518951635,357,0.9620571615641202,0.957508504163955
TOI-2076_d,NIRISS_SOSS,obs14,SOSS_HDU4_ordem_2,jw05959014001_04102_00001-seg001_nis_x1dints.fits,seg001,4,358,60693.931918301474,TDB-MID,3535.363401153981,4.794315000210879,1778,0.5867402182434889,1.4160298518951635,358,0.9919923435502679,0.987302151018401
TOI-2076_d,NIRISS_SOSS,obs14,SOSS_HDU4_ordem_2,jw05959014001_04102_00001-seg001_nis_x1dints.fits,seg001,4,359,60693.931995380335,TDB-MID,3439.4472082957595,4.793903805029965,1778,0.5867402182434889,1.4160298518951635,359,0.9650790907551552,0.9605161455131374
TOI-2076_d,NIRISS_SOSS,obs14,SOSS_HDU4_ordem_2,jw05959014001_04102_00001-seg001_nis_x1dints.fits,seg001,4,360,60693.932072459196,TDB-MID,3209.5213160185854,4.793566043510528,1778,0.5867402182434889,1.4160298518951635,360,0.9005638772276091,0.8963059633445993
TOI-2076_d,NIRISS_SOSS,obs14,SOSS_HDU4_ordem_2,jw05959014001_04102_00001-seg001_nis_x1dints.fits,seg001,4,361,60693.93214953804,TDB-MID,3682.330728433197,4.79417786143264,1778,0.5867402182434889,1.4160298518951635,361,1.033230102408506,1.0283449355606724
TOI-2076_d,NIRISS_SOSS,obs14,SOSS_HDU4_ordem_2,jw05959014001_04102_00001-seg001_nis_x1dints.fits,seg001,4,362,60693.9322266169,TDB-MID,3585.47627252762,4.794039444710026,1778,0.5867402182434889,1.4160298518951635,362,1.0060535811304676,1.0012969063198651
TOI-2076_d,NIRISS_SOSS,obs14,SOSS_HDU4_ordem_2,jw05959014001_04102_00001-seg001_nis_x1dints.fits,seg001,4,363,60693.93230369576,TDB-MID,3360.466345856178,4.793740750711137,1778,0.5867402182434889,1.4160298518951635,363,0.9429177449649352,0.9384595797438492
TOI-2076_d,NIRISS_SOSS,obs14,SOSS_HDU4_ordem_2,jw05959014001_04102_00001-seg001_nis_x1dints.fits,seg001,4,364,60693.93238077461,TDB-MID,3630.1059395697303,4.794162467388481,1778,0.5867402182434889,1.4160298518951635,364,1.018576279076178,1.0137603962840165
TOI-2076_d,NIRISS_SOSS,obs14,SOSS_HDU4_ordem_2,jw05959014001_04102_00001-seg001_nis_x1dints.fits,seg001,4,365,60693.93245785347,TDB-MID,3797.972008412569,4.794260425010408,1778,0.5867402182434889,1.4160298518951635,365,1.065678043771605,1.060639461332164
TOI-2076_d,NIRISS_SOSS,obs14,SOSS_HDU4_ordem_2,jw05959014001_04102_00001-seg001_nis_x1dints.fits,seg001,4,366,60693.93253493232,TDB-MID,3797.9630748812906,4.79507515173832,1778,0.5867402182434889,1.4160298518951635,366,1.0656755371001192,1.0606369665123545
TOI-2076_d,NIRISS_SOSS,obs14,SOSS_HDU4_ordem_2,jw05959014001_04102_00001-seg001_nis_x1dints.fits,seg001,4,367,60693.93261201118,TDB-MID,3423.9022127449325,4.793873487556751,1778,0.5867402182434889,1.4160298518951635,367,0.9607172996697154,0.9561749772078103
TOI-2076_d,NIRISS_SOSS,obs14,SOSS_HDU4_ordem_2,jw05959014001_04102_00001-seg001_nis_x1dints.fits,seg001,4,368,60693.932689090034,TDB-MID,3414.7592314192425,4.793888931125724,1778,0.5867402182434889,1.4160298518951635,368,0.9581518583152716,0.9536216653964621
TOI-2076_d,NIRISS_SOSS,obs14,SOSS_HDU4_ordem_2,jw05959014001_04102_00001-seg001_nis_x1dints.fits,seg001,4,369,60693.932766168895,TDB-MID,3642.5945624791043,4.794751230762694,1778,0.5867402182434889,1.4160298518951635,369,1.0220804784757482,1.0172480276425517
TOI-2076_d,NIRISS_SOSS,obs14,SOSS_HDU4_ordem_2,jw05959014001_04102_00001-seg001_nis_x1dints.fits,seg001,4,370,60693.93284324775,TDB-MID,3271.339689896312,4.793725006406002,1778,0.5867402182434889,1.4160298518951635,370,0.9179095774058188,0.9135696521303172
TOI-2076_d,NIRISS_SOSS,obs14,SOSS_HDU4_ordem_2,jw05959014001_04102_00001-seg001_nis_x1dints.fits,seg001,4,371,60693.9329203266,TDB-MID,3556.59137658519,4.7940263317687535,1778,0.5867402182434889,1.4160298518951635,371,0.9979487295585519,0.9932303749170127
TOI-2076_d,NIRISS_SOSS,obs14,SOSS_HDU4_ordem_2,jw05959014001_04102_00001-seg001_nis_x1dints.fits,seg001,4,372,60693.932997405456,TDB-MID,3779.1986537826174,4.794363592842968,1778,0.5867402182434889,1.4160298518951635,372,1.0604104030958013,1.0553967263414887
TOI-2076_d,NIRISS_SOSS,obs14,SOSS_HDU4_ordem_2,jw05959014001_04102_00001-seg001_nis_x1dints.fits,seg001,4,373,60693.93307448431,TDB-MID,3423.0819540307893,4.793884173467362,1778,0.5867402182434889,1.4160298518951635,373,0.9604871421804189,0.9559459079153577
TOI-2076_d,NIRISS_SOSS,obs14,SOSS_HDU4_ordem_2,jw05959014001_04102_00001-seg001_nis_x1dints.fits,seg001,4,374,60693.93315156317,TDB-MID,3861.04510090875,4.794362301381371,1778,0.5867402182434889,1.4160298518951635,374,1.0833758071245396,1.078253548719202
TOI-2076_d,NIRISS_SOSS,obs14,SOSS_HDU4_ordem_2,jw05959014001_04102_00001-seg001_nis_x1dints.fits,seg001,4,375,60693.93322864203,TDB-MID,3384.5723263130267,4.793804393849713,1778,0.5867402182434889,1.4160298518951635,375,0.9496816742512882,0.9451915288129846
TOI-2076_d,NIRISS_SOSS,obs14,SOSS_HDU4_ordem_2,jw05959014001_04102_00001-seg001_nis_x1dints.fits,seg001,4,376,60693.93330572088,TDB-MID,3418.7954416984157,4.793838267644938,1778,0.5867402182434889,1.4160298518951635,376,0.9592843839539632,0.954748836393732
TOI-2076_d,NIRISS_SOSS,obs14,SOSS_HDU4_ordem_2,jw05959014001_04102_00001-seg001_nis_x1dints.fits,seg001,4,377,60693.93338279973,TDB-MID,3280.719871149553,4.793673115942253,1778,0.5867402182434889,1.4160298518951635,377,0.9205415750050732,0.9161892055050126
TOI-2076_d,NIRISS_SOSS,obs14,SOSS_HDU4_ordem_2,jw05959014001_04102_00001-seg001_nis_x1dints.fits,seg001,4,378,60693.93345987859,TDB-MID,3662.5405866505967,4.794197763792727,1778,0.5867402182434889,1.4160298518951635,378,1.027677160066085,1.0228182478248253
TOI-2076_d,NIRISS_SOSS,obs14,SOSS_HDU4_ordem_2,jw05959014001_04102_00001-seg001_nis_x1dints.fits,seg001,4,379,60693.933536957455,TDB-MID,4136.212553889038,4.7947804770712334,1778,0.5867402182434889,1.4160298518951635,379,1.1605854106582456,1.1550981011431525
TOI-2076_d,NIRISS_SOSS,obs14,SOSS_HDU4_ordem_2,jw05959014001_04102_00001-seg001_nis_x1dints.fits,seg001,4,380,60693.93361403631,TDB-MID,3393.3880906550135,4.793835208305006,1778,0.5867402182434889,1.4160298518951635,380,0.952155301354782,0.9476534604760419
TOI-2076_d,NIRISS_SOSS,obs14,SOSS_HDU4_ordem_2,jw05959014001_04102_00001-seg001_nis_x1dints.fits,seg001,4,381,60693.933691115155,TDB-MID,3548.9517766040635,4.79391270238441,1778,0.5867402182434889,1.4160298518951635,381,0.9958051239856167,0.9910969044251746
TOI-2076_d,NIRISS_SOSS,obs14,SOSS_HDU4_ordem_2,jw05959014001_04102_00001-seg001_nis_x1dints.fits,seg001,4,382,60693.933768194016,TDB-MID,3338.822249547757,4.793777380641279,1778,0.5867402182434889,1.4160298518951635,382,0.936844599043356,0.9324151479790189
TOI-2076_d,NIRISS_SOSS,obs14,SOSS_HDU4_ordem_2,jw05959014001_04102_00001-seg001_nis_x1dints.fits,seg001,4,383,60693.93384527288,TDB-MID,4012.8556097288224,4.794487202559703,1778,0.5867402182434889,1.4160298518951635,383,1.1259725207667146,1.1206488628349538
TOI-2076_d,NIRISS_SOSS,obs14,SOSS_HDU4_ordem_2,jw05959014001_04102_00001-seg001_nis_x1dints.fits,seg001,4,384,60693.93392235173,TDB-MID,3332.6540925422255,4.793767768069415,1778,0.5867402182434889,1.4160298518951635,384,0.9351138676222789,0.9306925995481016
TOI-2076_d,NIRISS_SOSS,obs14,SOSS_HDU4_ordem_2,jw05959014001_04102_00001-seg001_nis_x1dints.fits,seg001,4,385,60693.933999430585,TDB-MID,3776.3377705552516,4.79427841754094,1778,0.5867402182434889,1.4160298518951635,385,1.0596076640460017,1.0545977826845883
TOI-2076_d,NIRISS_SOSS,obs14,SOSS_HDU4_ordem_2,jw05959014001_04102_00001-seg001_nis_x1dints.fits,seg001,4,386,60693.93407650944,TDB-MID,3889.292305566783,4.794797425815708,1778,0.5867402182434889,1.4160298518951635,386,1.0913017280463662,1.0861419954655902
TOI-2076_d,NIRISS_SOSS,obs14,SOSS_HDU4_ordem_2,jw05959014001_04102_00001-seg001_nis_x1dints.fits,seg001,4,387,60693.93415358829,TDB-MID,3500.173176786194,4.794027498145355,1778,0.5867402182434889,1.4160298518951635,387,0.9821182714451863,0.9774747640511104
TOI-2076_d,NIRISS_SOSS,obs14,SOSS_HDU4_ordem_2,jw05959014001_04102_00001-seg001_nis_x1dints.fits,seg001,4,388,60693.93423066715,TDB-MID,3411.141561569968,4.793769866709514,1778,0.5867402182434889,1.4160298518951635,388,0.9571367714953986,0.9526113779610326
TOI-2076_d,NIRISS_SOSS,obs14,SOSS_HDU4_ordem_2,jw05959014001_04102_00001-seg001_nis_x1dints.fits,seg001,4,389,60693.93430774601,TDB-MID,3437.6662082340627,4.793812873837447,1778,0.5867402182434889,1.4160298518951635,389,0.9645793575666266,0.9600187750896886
TOI-2076_d,NIRISS_SOSS,obs14,SOSS_HDU4_ordem_2,jw05959014001_04102_00001-seg001_nis_x1dints.fits,seg001,4,390,60693.93438482487,TDB-MID,3457.3727273054774,4.79753530057867,1778,0.5867402182434889,1.4160298518951635,390,0.9701088361007116,0.9655221099553327
TOI-2076_d,NIRISS_SOSS,obs14,SOSS_HDU4_ordem_2,jw05959014001_04102_00001-seg001_nis_x1dints.fits,seg001,4,391,60693.934461903715,TDB-MID,3326.107155479577,4.7936559963604966,1778,0.5867402182434889,1.4160298518951635,391,0.9332768537985422,0.928864271223374
TOI-2076_d,NIRISS_SOSS,obs14,SOSS_HDU4_ordem_2,jw05959014001_04102_00001-seg001_nis_x1dints.fits,seg001,4,392,60693.93453898257,TDB-MID,3468.928122172336,4.794155919668242,1778,0.5867402182434889,1.4160298518951635,392,0.9733511797960959,0.9687491236773712
TOI-2076_d,NIRISS_SOSS,obs14,SOSS_HDU4_ordem_2,jw05959014001_04102_00001-seg001_nis_x1dints.fits,seg001,4,393,60693.93461606143,TDB-MID,3450.9350159728174,4.793920298910921,1778,0.5867402182434889,1.4160298518951635,393,0.9683024700705883,0.9637242845198213
TOI-2076_d,NIRISS_SOSS,obs14,SOSS_HDU4_ordem_2,jw05959014001_04102_00001-seg001_nis_x1dints.fits,seg001,4,394,60693.93469314029,TDB-MID,3659.6639543211422,4.79413019708838,1778,0.5867402182434889,1.4160298518951635,394,1.0268700019546737,1.022014905999871
TOI-2076_d,NIRISS_SOSS,obs14,SOSS_HDU4_ordem_2,jw05959014001_04102_00001-seg001_nis_x1dints.fits,seg001,4,395,60693.934770219144,TDB-MID,3337.4170566143184,4.793812509921478,1778,0.5867402182434889,1.4160298518951635,395,0.9364503140794038,0.9320227272153353
TOI-2076_d,NIRISS_SOSS,obs14,SOSS_HDU4_ordem_2,jw05959014001_04102_00001-seg001_nis_x1dints.fits,seg001,4,396,60693.93484729799,TDB-MID,3641.8471038414777,4.7941639309868105,1778,0.5867402182434889,1.4160298518951635,396,1.021870748057256,1.017039288840627
TOI-2076_d,NIRISS_SOSS,obs14,SOSS_HDU4_ordem_2,jw05959014001_04102_00001-seg001_nis_x1dints.fits,seg001,4,397,60693.93492437685,TDB-MID,3290.8590744988273,4.793620444768319,1778,0.5867402182434889,1.4160298518951635,397,0.9233865476290745,0.9190207269472168
TOI-2076_d,NIRISS_SOSS,obs14,SOSS_HDU4_ordem_2,jw05959014001_04102_00001-seg001_nis_x1dints.fits,seg001,4,398,60693.93500145571,TDB-MID,3770.8626534498335,4.79424333655377,1778,0.5867402182434889,1.4160298518951635,398,1.0580713936170996,1.0530687758239377
TOI-2076_d,NIRISS_SOSS,obs14,SOSS_HDU4_ordem_2,jw05959014001_04102_00001-seg001_nis_x1dints.fits,seg001,4,399,60693.93507853457,TDB-MID,3518.3523576160296,4.7938958306299675,1778,0.5867402182434889,1.4160298518951635,399,0.9872191920999983,0.9825515672819157
TOI-2076_d,NIRISS_SOSS,obs14,SOSS_HDU4_ordem_2,jw05959014001_04102_00001-seg001_nis_x1dints.fits,seg001,4,400,60693.93515561342,TDB-MID,3513.711958409409,4.794273221007332,1778,0.5867402182434889,1.4160298518951635,400,0.9859171362823469,0.9812556676533839
TOI-2076_d,NIRISS_SOSS,obs14,SOSS_HDU4_ordem_2,jw05959014001_04102_00001-seg001_nis_x1dints.fits,seg001,4,401,60693.935232692274,TDB-MID,3661.267057005409,4.794108745601051,1778,0.5867402182434889,1.4160298518951635,401,1.0273198186802184,1.0224625959680265
TOI-2076_d,NIRISS_SOSS,obs14,SOSS_HDU4_ordem_2,jw05959014001_04102_00001-seg001_nis_x1dints.fits,seg001,4,402,60693.935309771136,TDB-MID,3574.324737906176,4.794117508617204,1778,0.5867402182434889,1.4160298518951635,402,1.00292455712131,0.998182676502553
TOI-2076_d,NIRISS_SOSS,obs14,SOSS_HDU4_ordem_2,jw05959014001_04102_00001-seg001_nis_x1dints.fits,seg001,4,403,60693.93538684999,TDB-MID,3411.9419840240625,4.7939298609937,1778,0.5867402182434889,1.4160298518951635,403,0.9573613631019667,0.9528349076865462
TOI-2076_d,NIRISS_SOSS,obs14,SOSS_HDU4_ordem_2,jw05959014001_04102_00001-seg001_nis_x1dints.fits,seg001,4,404,60693.93546392884,TDB-MID,3992.8874657082897,4.794629534494982,1778,0.5867402182434889,1.4160298518951635,404,1.1203696325383612,1.115072465359978
TOI-2076_d,NIRISS_SOSS,obs14,SOSS_HDU4_ordem_2,jw05959014001_04102_00001-seg001_nis_x1dints.fits,seg001,4,405,60693.935541007704,TDB-MID,4009.7261960169253,4.794920660443631,1778,0.5867402182434889,1.4160298518951635,405,1.1250944343892322,1.1197749280965408
TOI-2076_d,NIRISS_SOSS,obs14,SOSS_HDU4_ordem_2,jw05959014001_04102_00001-seg001_nis_x1dints.fits,seg001,4,406,60693.93561808655,TDB-MID,3546.0020787835288,4.794122281199678,1778,0.5867402182434889,1.4160298518951635,406,0.9949774643303738,0.9902731579887778
TOI-2076_d,NIRISS_SOSS,obs14,SOSS_HDU4_ordem_2,jw05959014001_04102_00001-seg001_nis_x1dints.fits,seg001,4,407,60693.93569516541,TDB-MID,3602.475337305392,4.794076409111275,1778,0.5867402182434889,1.4160298518951635,407,1.0108233714444026,1.006044144811647
TOI-2076_d,NIRISS_SOSS,obs14,SOSS_HDU4_ordem_2,jw05959014001_04102_00001-seg001_nis_x1dints.fits,seg001,4,408,60693.935772244266,TDB-MID,3655.139756542968,4.794134855872741,1778,0.5867402182434889,1.4160298518951635,408,1.0256005512511928,1.0207514573267966
TOI-2076_d,NIRISS_SOSS,obs14,SOSS_HDU4_ordem_2,jw05959014001_04102_00001-seg001_nis_x1dints.fits,seg001,4,409,60693.93584932313,TDB-MID,3532.8536026039765,4.7941005585652015,1778,0.5867402182434889,1.4160298518951635,409,0.9912881158194934,0.9866012529137723
TOI-2076_d,NIRISS_SOSS,obs14,SOSS_HDU4_ordem_2,jw05959014001_04102_00001-seg001_nis_x1dints.fits,seg001,4,410,60693.93592640198,TDB-MID,3399.690464438376,4.793795301920775,1778,0.5867402182434889,1.4160298518951635,410,0.953923692841,0.9494134909133103
TOI-2076_d,NIRISS_SOSS,obs14,SOSS_HDU4_ordem_2,jw05959014001_04102_00001-seg001_nis_x1dints.fits,seg001,4,411,60693.93600348083,TDB-MID,3606.531245252017,4.796006281874163,1778,0.5867402182434889,1.4160298518951635,411,1.0119614240779407,1.007176816671838
TOI-2076_d,NIRISS_SOSS,obs14,SOSS_HDU4_ordem_2,jw05959014001_04102_00001-seg001_nis_x1dints.fits,seg001,4,412,60693.93608055969,TDB-MID,3537.8499446238125,4.794072879387742,1778,0.5867402182434889,1.4160298518951635,412,0.9926900461070044,0.9879965548003612
TOI-2076_d,NIRISS_SOSS,obs14,SOSS_HDU4_ordem_2,jw05959014001_04102_00001-seg001_nis_x1dints.fits,seg001,4,413,60693.93615763855,TDB-MID,3616.3178664305883,4.794090743219932,1778,0.5867402182434889,1.4160298518951635,413,1.014707465199258,1.0099098743647619
TOI-2076_d,NIRISS_SOSS,obs14,SOSS_HDU4_ordem_2,jw05959014001_04102_00001-seg001_nis_x1dints.fits,seg001,4,414,60693.9362347174,TDB-MID,3424.6344911710175,4.793808881941406,1778,0.5867402182434889,1.4160298518951635,414,0.9609227706523551,0.9563794767127218
TOI-2076_d,NIRISS_SOSS,obs14,SOSS_HDU4_ordem_2,jw05959014001_04102_00001-seg001_nis_x1dints.fits,seg001,4,415,60693.93631179626,TDB-MID,3604.0146461009763,4.793978495061635,1778,0.5867402182434889,1.4160298518951635,415,1.0112552881574288,1.0064740193994945
TOI-2076_d,NIRISS_SOSS,obs14,SOSS_HDU4_ordem_2,jw05959014001_04102_00001-seg001_nis_x1dints.fits,seg001,4,416,60693.93638887511,TDB-MID,3227.6491424372693,4.793665048533218,1778,0.5867402182434889,1.4160298518951635,416,0.9056503882795347,0.9013684251018866
TOI-2076_d,NIRISS_SOSS,obs14,SOSS_HDU4_ordem_2,jw05959014001_04102_00001-seg001_nis_x1dints.fits,seg001,4,417,60693.93646595397,TDB-MID,3354.956191903004,4.793955209933902,1778,0.5867402182434889,1.4160298518951635,417,0.9413716435000764,0.9369207883289028
TOI-2076_d,NIRISS_SOSS,obs14,SOSS_HDU4_ordem_2,jw05959014001_04102_00001-seg001_nis_x1dints.fits,seg001,4,418,60693.936543032825,TDB-MID,3881.7716296247413,4.794406356270489,1778,0.5867402182434889,1.4160298518951635,418,1.0891914915285605,1.0840417362582153
TOI-2076_d,NIRISS_SOSS,obs14,SOSS_HDU4_ordem_2,jw05959014001_04102_00001-seg001_nis_x1dints.fits,seg001,4,419,60693.93662011168,TDB-MID,3648.8301954286912,4.794360724505747,1778,0.5867402182434889,1.4160298518951635,419,1.023830143062184,1.0189894197218154
TOI-2076_d,NIRISS_SOSS,obs14,SOSS_HDU4_ordem_2,jw05959014001_04102_00001-seg001_nis_x1dints.fits,seg001,4,420,60693.93669719054,TDB-MID,3413.5432831035223,4.793744337356073,1778,0.5867402182434889,1.4160298518951635,420,0.9578106737516271,0.9532820939715709
TOI-2076_d,NIRISS_SOSS,obs14,SOSS_HDU4_ordem_2,jw05959014001_04102_00001-seg001_nis_x1dints.fits,seg001,4,421,60693.936774269394,TDB-MID,3667.1349963639736,4.794228396676055,1778,0.5867402182434889,1.4160298518951635,421,1.0289663116303387,1.0241013042119556
TOI-2076_d,NIRISS_SOSS,obs14,SOSS_HDU4_ordem_2,jw05959014001_04102_00001-seg001_nis_x1dints.fits,seg001,4,422,60693.93685134825,TDB-MID,3888.957136278648,4.794450519353638,1778,0.5867402182434889,1.4160298518951635,422,1.091207682447683,1.086048394519497
TOI-2076_d,NIRISS_SOSS,obs14,SOSS_HDU4_ordem_2,jw05959014001_04102_00001-seg001_nis_x1dints.fits,seg001,4,423,60693.9369284271,TDB-MID,3956.497044555744,4.7945140911481605,1778,0.5867402182434889,1.4160298518951635,423,1.1101587956127676,1.1049099058141483
TOI-2076_d,NIRISS_SOSS,obs14,SOSS_HDU4_ordem_2,jw05959014001_04102_00001-seg001_nis_x1dints.fits,seg001,4,424,60693.93700550596,TDB-MID,3892.747637946555,4.7943648961014365,1778,0.5867402182434889,1.4160298518951635,424,1.0922712643786245,1.0871069477785318
TOI-2076_d,NIRISS_SOSS,obs14,SOSS_HDU4_ordem_2,jw05959014001_04102_00001-seg001_nis_x1dints.fits,seg001,4,425,60693.93708258482,TDB-MID,3404.175383352308,4.793827395713285,1778,0.5867402182434889,1.4160298518951635,425,0.9551821222354471,0.9506659703866858
TOI-2076_d,NIRISS_SOSS,obs14,SOSS_HDU4_ordem_2,jw05959014001_04102_00001-seg001_nis_x1dints.fits,seg001,4,426,60693.93715966367,TDB-MID,3230.2554231652375,4.7935923059403285,1778,0.5867402182434889,1.4160298518951635,426,0.9063816880736218,0.9020962672716734
TOI-2076_d,NIRISS_SOSS,obs14,SOSS_HDU4_ordem_2,jw05959014001_04102_00001-seg001_nis_x1dints.fits,seg001,4,427,60693.937236742524,TDB-MID,3580.361738784667,4.794069399838189,1778,0.5867402182434889,1.4160298518951635,427,1.0046184872693436,0.9998685976588021
TOI-2076_d,NIRISS_SOSS,obs14,SOSS_HDU4_ordem_2,jw05959014001_04102_00001-seg001_nis_x1dints.fits,seg001,4,428,60693.937313821385,TDB-MID,3526.6885308409524,4.794000555440064,1778,0.5867402182434889,1.4160298518951635,428,0.9895582500907364,0.9848795660821358
TOI-2076_d,NIRISS_SOSS,obs14,SOSS_HDU4_ordem_2,jw05959014001_04102_00001-seg001_nis_x1dints.fits,seg001,4,429,60693.93739090024,TDB-MID,3788.108679688948,4.795136684913767,1778,0.5867402182434889,1.4160298518951635,429,1.0629104791776631,1.0578849819307385
TOI-2076_d,NIRISS_SOSS,obs14,SOSS_HDU4_ordem_2,jw05959014001_04102_00001-seg001_nis_x1dints.fits,seg001,4,430,60693.9374679791,TDB-MID,3717.1819791182606,4.794744242494649,1778,0.5867402182434889,1.4160298518951635,430,1.0430090614347407,1.0380776591488088
TOI-2076_d,NIRISS_SOSS,obs14,SOSS_HDU4_ordem_2,jw05959014001_04102_00001-seg001_nis_x1dints.fits,seg001,4,431,60693.93754505795,TDB-MID,3725.500705709358,4.794193132775322,1778,0.5867402182434889,1.4160298518951635,431,1.0453432240511673,1.0404007857203073
TOI-2076_d,NIRISS_SOSS,obs14,SOSS_HDU4_ordem_2,jw05959014001_04102_00001-seg001_nis_x1dints.fits,seg001,4,432,60693.93762213681,TDB-MID,3641.7811715174275,4.794127923656282,1778,0.5867402182434889,1.4160298518951635,432,1.0218522480182985,1.017020876270837
TOI-2076_d,NIRISS_SOSS,obs14,SOSS_HDU4_ordem_2,jw05959014001_04102_00001-seg001_nis_x1dints.fits,seg001,4,433,60693.93769921566,TDB-MID,3527.4946106299703,4.794292380261739,1778,0.5867402182434889,1.4160298518951635,433,0.9897844290964747,0.9851046757015118
TOI-2076_d,NIRISS_SOSS,obs14,SOSS_HDU4_ordem_2,jw05959014001_04102_00001-seg001_nis_x1dints.fits,seg001,4,434,60693.937776294515,TDB-MID,3480.320783500032,4.793943891772286,1778,0.5867402182434889,1.4160298518951635,434,0.97654786187015,0.9719306916686524
TOI-2076_d,NIRISS_SOSS,obs14,SOSS_HDU4_ordem_2,jw05959014001_04102_00001-seg001_nis_x1dints.fits,seg001,4,435,60693.937853373376,TDB-MID,3774.3108934567576,4.794232685168436,1778,0.5867402182434889,1.4160298518951635,435,1.059038939890978,1.054031747487601
TOI-2076_d,NIRISS_SOSS,obs14,SOSS_HDU4_ordem_2,jw05959014001_04102_00001-seg001_nis_x1dints.fits,seg001,4,436,60693.93793045223,TDB-MID,3522.9651083893136,4.79402795770947,1778,0.5867402182434889,1.4160298518951635,436,0.9885134900067736,0.9838397456793865
TOI-2076_d,NIRISS_SOSS,obs14,SOSS_HDU4_ordem_2,jw05959014001_04102_00001-seg001_nis_x1dints.fits,seg001,4,437,60693.938007531084,TDB-MID,3662.931652672714,4.7941430450203475,1778,0.5867402182434889,1.4160298518951635,437,1.0277868898040905,1.0229274587547967
TOI-2076_d,NIRISS_SOSS,obs14,SOSS_HDU4_ordem_2,jw05959014001_04102_00001-seg001_nis_x1dints.fits,seg001,4,438,60693.93808460994,TDB-MID,3453.8826211022415,4.793926374077538,1778,0.5867402182434889,1.4160298518951635,438,0.9691295425348346,0.9645474465414917
TOI-2076_d,NIRISS_SOSS,obs14,SOSS_HDU4_ordem_2,jw05959014001_04102_00001-seg001_nis_x1dints.fits,seg001,4,439,60693.9381616888,TDB-MID,3560.684874950974,4.793962458557133,1778,0.5867402182434889,1.4160298518951635,439,0.9990973297380603,0.9943735444538161
TOI-2076_d,NIRISS_SOSS,obs14,SOSS_HDU4_ordem_2,jw05959014001_04102_00001-seg001_nis_x1dints.fits,seg001,4,440,60693.93823876766,TDB-MID,3724.9973008806464,4.794572194087248,1778,0.5867402182434889,1.4160298518951635,440,1.0452019730172213,1.0402602025287582
TOI-2076_d,NIRISS_SOSS,obs14,SOSS_HDU4_ordem_2,jw05959014001_04102_00001-seg001_nis_x1dints.fits,seg001,4,441,60693.938315846506,TDB-MID,3295.179258192404,4.793750412904881,1778,0.5867402182434889,1.4160298518951635,441,0.9245987537477892,0.9202272016909647
TOI-2076_d,NIRISS_SOSS,obs14,SOSS_HDU4_ordem_2,jw05959014001_04102_00001-seg001_nis_x1dints.fits,seg001,4,442,60693.93839292536,TDB-MID,3760.071699828938,4.79423217792097,1778,0.5867402182434889,1.4160298518951635,442,1.0550435455129867,1.050055243546613
TOI-2076_d,NIRISS_SOSS,obs14,SOSS_HDU4_ordem_2,jw05959014001_04102_00001-seg001_nis_x1dints.fits,seg001,4,443,60693.93847000422,TDB-MID,3542.062224186639,4.794066426437885,1778,0.5867402182434889,1.4160298518951635,443,0.9938719752614028,0.9891728957308896
TOI-2076_d,NIRISS_SOSS,obs14,SOSS_HDU4_ordem_2,jw05959014001_04102_00001-seg001_nis_x1dints.fits,seg001,4,444,60693.93854708308,TDB-MID,3646.5607867473223,4.794213987065843,1778,0.5867402182434889,1.4160298518951635,444,1.0231933666460538,1.01835565401843
TOI-2076_d,NIRISS_SOSS,obs14,SOSS_HDU4_ordem_2,jw05959014001_04102_00001-seg001_nis_x1dints.fits,seg001,4,445,60693.93862416193,TDB-MID,3635.5854329317576,4.7942605923306925,1778,0.5867402182434889,1.4160298518951635,445,1.0201137774447735,1.0152906252785958
TOI-2076_d,NIRISS_SOSS,obs14,SOSS_HDU4_ordem_2,jw05959014001_04102_00001-seg001_nis_x1dints.fits,seg001,4,446,60693.93870124078,TDB-MID,3750.2021295603276,4.794303641528386,1778,0.5867402182434889,1.4160298518951635,446,1.0522742295955914,1.0472990211020843
TOI-2076_d,NIRISS_SOSS,obs14,SOSS_HDU4_ordem_2,jw05959014001_04102_00001-seg001_nis_x1dints.fits,seg001,4,447,60693.93877831964,TDB-MID,3592.1490546281016,4.794127728689296,1778,0.5867402182434889,1.4160298518951635,447,1.0079259059816261,1.0031603787195997
TOI-2076_d,NIRISS_SOSS,obs14,SOSS_HDU4_ordem_2,jw05959014001_04102_00001-seg001_nis_x1dints.fits,seg001,4,448,60693.9388553985,TDB-MID,3882.4364584422387,4.794470029091728,1778,0.5867402182434889,1.4160298518951635,448,1.0893780367353458,1.0842273994693465
TOI-2076_d,NIRISS_SOSS,obs14,SOSS_HDU4_ordem_2,jw05959014001_04102_00001-seg001_nis_x1dints.fits,seg001,4,449,60693.93893247736,TDB-MID,3806.9532295248373,4.794322710810601,1778,0.5867402182434889,1.4160298518951635,449,1.0681980966114895,1.0631475992282626
TOI-2076_d,NIRISS_SOSS,obs14,SOSS_HDU4_ordem_2,jw05959014001_04102_00001-seg001_nis_x1dints.fits,seg001,4,450,60693.939009556205,TDB-MID,3688.804446746917,4.794133814700995,1778,0.5867402182434889,1.4160298518951635,450,1.0350465716855868,1.0301528164744527
TOI-2076_d,NIRISS_SOSS,obs14,SOSS_HDU4_ordem_2,jw05959014001_04102_00001-seg001_nis_x1dints.fits,seg001,4,451,60693.939086635066,TDB-MID,3623.4000216727813,4.794104600842984,1778,0.5867402182434889,1.4160298518951635,451,1.0166946566075858,1.0118876702264776
TOI-2076_d,NIRISS_SOSS,obs14,SOSS_HDU4_ordem_2,jw05959014001_04102_00001-seg001_nis_x1dints.fits,seg001,4,452,60693.93916371392,TDB-MID,3578.1759594764085,4.794091694692173,1778,0.5867402182434889,1.4160298518951635,452,1.004005176530828,0.99925818668606
TOI-2076_d,NIRISS_SOSS,obs14,SOSS_HDU4_ordem_2,jw05959014001_04102_00001-seg001_nis_x1dints.fits,seg001,4,453,60693.93924079277,TDB-MID,3338.824254796792,4.794023101728619,1778,0.5867402182434889,1.4160298518951635,453,0.9368451616988638,0.9324157079742615
TOI-2076_d,NIRISS_SOSS,obs14,SOSS_HDU4_ordem_2,jw05959014001_04102_00001-seg001_nis_x1dints.fits,seg001,4,454,60693.939317871635,TDB-MID,3408.0400314429717,4.79390530028024,1778,0.5867402182434889,1.4160298518951635,454,0.9562665090102841,0.9517452301232084
TOI-2076_d,NIRISS_SOSS,obs14,SOSS_HDU4_ordem_2,jw05959014001_04102_00001-seg001_nis_x1dints.fits,seg001,4,455,60693.93939495049,TDB-MID,2985.1782594891383,4.79345799273861,1778,0.5867402182434889,1.4160298518951635,455,0.8376151590468318,0.83365487004956
TOI-2076_d,NIRISS_SOSS,obs14,SOSS_HDU4_ordem_2,jw05959014001_04102_00001-seg001_nis_x1dints.fits,seg001,4,456,60693.93947202934,TDB-MID,3171.226937634602,4.793592295275126,1778,0.5867402182434889,1.4160298518951635,456,0.8898188063968344,0.8856116957798907
TOI-2076_d,NIRISS_SOSS,obs14,SOSS_HDU4_ordem_2,jw05959014001_04102_00001-seg001_nis_x1dints.fits,seg001,4,457,60693.939549108196,TDB-MID,3977.008869097361,4.794540449009401,1778,0.5867402182434889,1.4160298518951635,457,1.115914235885439,1.1106381340592675
TOI-2076_d,NIRISS_SOSS,obs14,SOSS_HDU4_ordem_2,jw05959014001_04102_00001-seg001_nis_x1dints.fits,seg001,4,458,60693.93962618706,TDB-MID,3832.9460611535096,4.794291717251114,1778,0.5867402182434889,1.4160298518951635,458,1.0754914599908858,1.0704064791979062
TOI-2076_d,NIRISS_SOSS,obs14,SOSS_HDU4_ordem_2,jw05959014001_04102_00001-seg001_nis_x1dints.fits,seg001,4,459,60693.93970326592,TDB-MID,3792.764736759287,4.7942708531503255,1778,0.5867402182434889,1.4160298518951635,459,1.06421692845623,1.0591852542476692
TOI-2076_d,NIRISS_SOSS,obs14,SOSS_HDU4_ordem_2,jw05959014001_04102_00001-seg002_nis_x1dints.fits,seg002,4,0,60693.939780344765,TDB-MID,3235.8942209908073,4.793869721298063,1778,0.5867402182434889,1.4160298518951635,460,0.9079638858946343,0.9073208063240414
TOI-2076_d,NIRISS_SOSS,obs14,SOSS_HDU4_ordem_2,jw05959014001_04102_00001-seg002_nis_x1dints.fits,seg002,4,1,60693.93985742362,TDB-MID,3961.1654078310007,4.794766131503343,1778,0.5867402182434889,1.4160298518951635,461,1.111468697905826,1.1106814828809988
TOI-2076_d,NIRISS_SOSS,obs14,SOSS_HDU4_ordem_2,jw05959014001_04102_00001-seg002_nis_x1dints.fits,seg002,4,2,60693.93993450248,TDB-MID,3425.719178725699,4.794245928347102,1778,0.5867402182434889,1.4160298518951635,462,0.9612271245835625,0.9605463204941903
TOI-2076_d,NIRISS_SOSS,obs14,SOSS_HDU4_ordem_2,jw05959014001_04102_00001-seg002_nis_x1dints.fits,seg002,4,3,60693.94001158134,TDB-MID,3305.9295787843016,4.796785229902428,1778,0.5867402182434889,1.4160298518951635,463,0.9276152005759688,0.926958202655535
TOI-2076_d,NIRISS_SOSS,obs14,SOSS_HDU4_ordem_2,jw05959014001_04102_00001-seg002_nis_x1dints.fits,seg002,4,4,60693.94008866019,TDB-MID,3650.5704311051245,4.7956414347651455,1778,0.5867402182434889,1.4160298518951635,464,1.024318438117349,1.0235929486220416
TOI-2076_d,NIRISS_SOSS,obs14,SOSS_HDU4_ordem_2,jw05959014001_04102_00001-seg002_nis_x1dints.fits,seg002,4,5,60693.94016573904,TDB-MID,3703.411671084846,4.794519339456629,1778,0.5867402182434889,1.4160298518951635,465,1.0391452322925887,1.0384092414892676
TOI-2076_d,NIRISS_SOSS,obs14,SOSS_HDU4_ordem_2,jw05959014001_04102_00001-seg002_nis_x1dints.fits,seg002,4,6,60693.9402428179,TDB-MID,3529.2987311377856,4.794250277197007,1778,0.5867402182434889,1.4160298518951635,466,0.9902906496818918,0.9895892608979844
TOI-2076_d,NIRISS_SOSS,obs14,SOSS_HDU4_ordem_2,jw05959014001_04102_00001-seg002_nis_x1dints.fits,seg002,4,7,60693.940319896756,TDB-MID,3732.423679355063,4.794622479477322,1778,0.5867402182434889,1.4160298518951635,467,1.047285750482509,1.0465439940303296
TOI-2076_d,NIRISS_SOSS,obs14,SOSS_HDU4_ordem_2,jw05959014001_04102_00001-seg002_nis_x1dints.fits,seg002,4,8,60693.94039697562,TDB-MID,3415.1903018026605,4.794236145058392,1778,0.5867402182434889,1.4160298518951635,468,0.9582728129305008,0.9575941012783926
TOI-2076_d,NIRISS_SOSS,obs14,SOSS_HDU4_ordem_2,jw05959014001_04102_00001-seg002_nis_x1dints.fits,seg002,4,9,60693.94047405446,TDB-MID,3669.4085173276403,4.794468113700846,1778,0.5867402182434889,1.4160298518951635,469,1.0296042419172569,1.0288750086690421
TOI-2076_d,NIRISS_SOSS,obs14,SOSS_HDU4_ordem_2,jw05959014001_04102_00001-seg002_nis_x1dints.fits,seg002,4,10,60693.940551133324,TDB-MID,3255.750953692878,4.794148031404549,1778,0.5867402182434889,1.4160298518951635,470,0.9135355130721823,0.9128884873098208
TOI-2076_d,NIRISS_SOSS,obs14,SOSS_HDU4_ordem_2,jw05959014001_04102_00001-seg002_nis_x1dints.fits,seg002,4,11,60693.94062821218,TDB-MID,3692.6022304386483,4.794427273071583,1778,0.5867402182434889,1.4160298518951635,471,1.036112196889329,1.0353783542805945
TOI-2076_d,NIRISS_SOSS,obs14,SOSS_HDU4_ordem_2,jw05959014001_04102_00001-seg002_nis_x1dints.fits,seg002,4,12,60693.94070529104,TDB-MID,3641.9119160371038,4.794635564331686,1778,0.5867402182434889,1.4160298518951635,472,1.0218889337978814,1.0211651650368663
TOI-2076_d,NIRISS_SOSS,obs14,SOSS_HDU4_ordem_2,jw05959014001_04102_00001-seg002_nis_x1dints.fits,seg002,4,13,60693.94078236989,TDB-MID,3925.840164051462,4.794734110243468,1778,0.5867402182434889,1.4160298518951635,473,1.1015567405234785,1.1007765457969212
TOI-2076_d,NIRISS_SOSS,obs14,SOSS_HDU4_ordem_2,jw05959014001_04102_00001-seg002_nis_x1dints.fits,seg002,4,14,60693.94085944875,TDB-MID,3703.7726151347692,4.795205398167835,1778,0.5867402182434889,1.4160298518951635,474,1.039246510066143,1.0385104475312603
TOI-2076_d,NIRISS_SOSS,obs14,SOSS_HDU4_ordem_2,jw05959014001_04102_00001-seg002_nis_x1dints.fits,seg002,4,15,60693.9409365276,TDB-MID,3758.6751579550187,4.794848568097607,1778,0.5867402182434889,1.4160298518951635,475,1.0546516879613916,1.0539047144692124
TOI-2076_d,NIRISS_SOSS,obs14,SOSS_HDU4_ordem_2,jw05959014001_04102_00001-seg002_nis_x1dints.fits,seg002,4,16,60693.941013606454,TDB-MID,3467.245848214039,4.794163708047127,1778,0.5867402182434889,1.4160298518951635,476,0.9728791482969182,0.9721900914801825
TOI-2076_d,NIRISS_SOSS,obs14,SOSS_HDU4_ordem_2,jw05959014001_04102_00001-seg002_nis_x1dints.fits,seg002,4,17,60693.941090685315,TDB-MID,3494.8875479388266,4.794275329469991,1778,0.5867402182434889,1.4160298518951635,477,0.9806351697799586,0.9799406196401488
TOI-2076_d,NIRISS_SOSS,obs14,SOSS_HDU4_ordem_2,jw05959014001_04102_00001-seg002_nis_x1dints.fits,seg002,4,18,60693.94116776417,TDB-MID,3621.926819393963,4.794517927616028,1778,0.5867402182434889,1.4160298518951635,478,1.0162812888104844,1.015561491751413
TOI-2076_d,NIRISS_SOSS,obs14,SOSS_HDU4_ordem_2,jw05959014001_04102_00001-seg002_nis_x1dints.fits,seg002,4,19,60693.94124484302,TDB-MID,3340.9725324078113,4.794074597411839,1778,0.5867402182434889,1.4160298518951635,479,0.937447949786011,0.9367839876677296
TOI-2076_d,NIRISS_SOSS,obs14,SOSS_HDU4_ordem_2,jw05959014001_04102_00001-seg002_nis_x1dints.fits,seg002,4,20,60693.94132192188,TDB-MID,3530.4258768812397,4.794460405747687,1778,0.5867402182434889,1.4160298518951635,480,0.9906069170130541,0.9899053042278811
TOI-2076_d,NIRISS_SOSS,obs14,SOSS_HDU4_ordem_2,jw05959014001_04102_00001-seg002_nis_x1dints.fits,seg002,4,21,60693.94139900074,TDB-MID,3721.7878331897546,4.794474809022566,1778,0.5867402182434889,1.4160298518951635,481,1.0443014241867397,1.0435617814301625
TOI-2076_d,NIRISS_SOSS,obs14,SOSS_HDU4_ordem_2,jw05959014001_04102_00001-seg002_nis_x1dints.fits,seg002,4,22,60693.9414760796,TDB-MID,3541.1242067188514,4.794329902003862,1778,0.5867402182434889,1.4160298518951635,482,0.9936087756859764,0.9929050367876217
TOI-2076_d,NIRISS_SOSS,obs14,SOSS_HDU4_ordem_2,jw05959014001_04102_00001-seg002_nis_x1dints.fits,seg002,4,23,60693.941553158445,TDB-MID,3390.0920494800744,4.794119487814811,1778,0.5867402182434889,1.4160298518951635,483,0.9512304607546618,0.9505567369582201
TOI-2076_d,NIRISS_SOSS,obs14,SOSS_HDU4_ordem_2,jw05959014001_04102_00001-seg002_nis_x1dints.fits,seg002,4,24,60693.9416302373,TDB-MID,2998.9277849374703,4.7936107972539075,1778,0.5867402182434889,1.4160298518951635,484,0.8414731567756488,0.8408771703000507
TOI-2076_d,NIRISS_SOSS,obs14,SOSS_HDU4_ordem_2,jw05959014001_04102_00001-seg002_nis_x1dints.fits,seg002,4,25,60693.94170731616,TDB-MID,3234.764364024412,4.793960601675329,1778,0.5867402182434889,1.4160298518951635,485,0.907646857817802,0.9070040027872847
TOI-2076_d,NIRISS_SOSS,obs14,SOSS_HDU4_ordem_2,jw05959014001_04102_00001-seg002_nis_x1dints.fits,seg002,4,26,60693.94178439502,TDB-MID,3605.809172382698,4.794458706163493,1778,0.5867402182434889,1.4160298518951635,486,1.011758816686119,1.0110422227384015
TOI-2076_d,NIRISS_SOSS,obs14,SOSS_HDU4_ordem_2,jw05959014001_04102_00001-seg002_nis_x1dints.fits,seg002,4,27,60693.941861473875,TDB-MID,3504.16710993762,4.794227640096318,1778,0.5867402182434889,1.4160298518951635,487,0.9832389344880783,0.9825425401913407
TOI-2076_d,NIRISS_SOSS,obs14,SOSS_HDU4_ordem_2,jw05959014001_04102_00001-seg002_nis_x1dints.fits,seg002,4,28,60693.94193855272,TDB-MID,3666.7484205601186,4.794554518223279,1778,0.5867402182434889,1.4160298518951635,488,1.028857841808679,1.0281291372099717
TOI-2076_d,NIRISS_SOSS,obs14,SOSS_HDU4_ordem_2,jw05959014001_04102_00001-seg002_nis_x1dints.fits,seg002,4,29,60693.94201563158,TDB-MID,3246.8440544809914,4.79396834306026,1778,0.5867402182434889,1.4160298518951635,489,0.9110363143136951,0.9103910586477981
TOI-2076_d,NIRISS_SOSS,obs14,SOSS_HDU4_ordem_2,jw05959014001_04102_00001-seg002_nis_x1dints.fits,seg002,4,30,60693.94209271044,TDB-MID,3308.9961386553496,4.79411938859184,1778,0.5867402182434889,1.4160298518951635,490,0.9284756507102111,0.9278180433625617
TOI-2076_d,NIRISS_SOSS,obs14,SOSS_HDU4_ordem_2,jw05959014001_04102_00001-seg002_nis_x1dints.fits,seg002,4,31,60693.9421697893,TDB-MID,3460.479813555079,4.795160792546251,1778,0.5867402182434889,1.4160298518951635,491,0.9709806575856965,0.9702929454045904
TOI-2076_d,NIRISS_SOSS,obs14,SOSS_HDU4_ordem_2,jw05959014001_04102_00001-seg002_nis_x1dints.fits,seg002,4,32,60693.942246868144,TDB-MID,3487.794086492468,4.7942122666301,1778,0.5867402182434889,1.4160298518951635,492,0.9786448059486874,0.9779516655150761
TOI-2076_d,NIRISS_SOSS,obs14,SOSS_HDU4_ordem_2,jw05959014001_04102_00001-seg002_nis_x1dints.fits,seg002,4,33,60693.942323947005,TDB-MID,3574.482687257253,4.794364736464733,1778,0.5867402182434889,1.4160298518951635,493,1.0029688763409088,1.0022585080054107
TOI-2076_d,NIRISS_SOSS,obs14,SOSS_HDU4_ordem_2,jw05959014001_04102_00001-seg002_nis_x1dints.fits,seg002,4,34,60693.94240102586,TDB-MID,3227.5457698873042,4.794009851900906,1778,0.5867402182434889,1.4160298518951635,494,0.9056213828375297,0.9049799623812292
TOI-2076_d,NIRISS_SOSS,obs14,SOSS_HDU4_ordem_2,jw05959014001_04102_00001-seg002_nis_x1dints.fits,seg002,4,35,60693.94247810471,TDB-MID,3338.1923807555086,4.794088558243353,1778,0.5867402182434889,1.4160298518951635,495,0.9366678633167974,0.9360044537069137
TOI-2076_d,NIRISS_SOSS,obs14,SOSS_HDU4_ordem_2,jw05959014001_04102_00001-seg002_nis_x1dints.fits,seg002,4,36,60693.942555183574,TDB-MID,3757.1739808122325,4.7959482135398455,1778,0.5867402182434889,1.4160298518951635,496,1.0542304706598065,1.053483795501345
TOI-2076_d,NIRISS_SOSS,obs14,SOSS_HDU4_ordem_2,jw05959014001_04102_00001-seg002_nis_x1dints.fits,seg002,4,37,60693.94263226243,TDB-MID,3249.712133103219,4.794614363071561,1778,0.5867402182434889,1.4160298518951635,497,0.9118410723289592,0.9111952466806578
TOI-2076_d,NIRISS_SOSS,obs14,SOSS_HDU4_ordem_2,jw05959014001_04102_00001-seg002_nis_x1dints.fits,seg002,4,38,60693.94270934128,TDB-MID,3322.9058964822298,4.794048633483193,1778,0.5867402182434889,1.4160298518951635,498,0.9323786082563574,0.9317182365782078
TOI-2076_d,NIRISS_SOSS,obs14,SOSS_HDU4_ordem_2,jw05959014001_04102_00001-seg002_nis_x1dints.fits,seg002,4,39,60693.942786420135,TDB-MID,3578.874033736518,4.794405865796604,1778,0.5867402182434889,1.4160298518951635,499,1.0042010501208052,1.003489809079027
TOI-2076_d,NIRISS_SOSS,obs14,SOSS_HDU4_ordem_2,jw05959014001_04102_00001-seg002_nis_x1dints.fits,seg002,4,40,60693.942863498996,TDB-MID,3569.4521519289074,4.794300935810999,1778,0.5867402182434889,1.4160298518951635,500,1.0015573517072462,1.000847983106065
TOI-2076_d,NIRISS_SOSS,obs14,SOSS_HDU4_ordem_2,jw05959014001_04102_00001-seg002_nis_x1dints.fits,seg002,4,41,60693.94294057786,TDB-MID,3431.5627024410164,4.794124551584325,1778,0.5867402182434889,1.4160298518951635,501,0.9628667667157002,0.962184801324238
TOI-2076_d,NIRISS_SOSS,obs14,SOSS_HDU4_ordem_2,jw05959014001_04102_00001-seg002_nis_x1dints.fits,seg002,4,42,60693.943017656704,TDB-MID,3694.8475030293357,4.79448247662204,1778,0.5867402182434889,1.4160298518951635,502,1.0367422009275045,1.036007912108593
TOI-2076_d,NIRISS_SOSS,obs14,SOSS_HDU4_ordem_2,jw05959014001_04102_00001-seg002_nis_x1dints.fits,seg002,4,43,60693.94309473556,TDB-MID,3467.4976005445956,4.7941705120578195,1778,0.5867402182434889,1.4160298518951635,503,0.9729497878199448,0.9722606809716662
TOI-2076_d,NIRISS_SOSS,obs14,SOSS_HDU4_ordem_2,jw05959014001_04102_00001-seg002_nis_x1dints.fits,seg002,4,44,60693.94317181442,TDB-MID,3994.373400389957,4.794877827866498,1778,0.5867402182434889,1.4160298518951635,504,1.1207865729374016,1.1199927583823868
TOI-2076_d,NIRISS_SOSS,obs14,SOSS_HDU4_ordem_2,jw05959014001_04102_00001-seg002_nis_x1dints.fits,seg002,4,45,60693.94324889328,TDB-MID,3601.178872387839,4.7943417277621485,1778,0.5867402182434889,1.4160298518951635,505,1.0104595946197985,1.0097439208663548
TOI-2076_d,NIRISS_SOSS,obs14,SOSS_HDU4_ordem_2,jw05959014001_04102_00001-seg002_nis_x1dints.fits,seg002,4,46,60693.943325972126,TDB-MID,3102.411734134761,4.793826594966234,1778,0.5867402182434889,1.4160298518951635,506,0.870509856440116,0.8698933042695143
TOI-2076_d,NIRISS_SOSS,obs14,SOSS_HDU4_ordem_2,jw05959014001_04102_00001-seg002_nis_x1dints.fits,seg002,4,47,60693.94340305098,TDB-MID,3594.1736002104776,4.794465550758636,1778,0.5867402182434889,1.4160298518951635,507,1.0084939759334253,1.0077796943600457
TOI-2076_d,NIRISS_SOSS,obs14,SOSS_HDU4_ordem_2,jw05959014001_04102_00001-seg002_nis_x1dints.fits,seg002,4,48,60693.94348012984,TDB-MID,3639.419445590348,4.794530004692006,1778,0.5867402182434889,1.4160298518951635,508,1.0211895681827652,1.020466294758345
TOI-2076_d,NIRISS_SOSS,obs14,SOSS_HDU4_ordem_2,jw05959014001_04102_00001-seg002_nis_x1dints.fits,seg002,4,49,60693.943557208695,TDB-MID,3425.088910768505,4.794245090530282,1778,0.5867402182434889,1.4160298518951635,509,0.9610502768547781,0.9603695980205655
TOI-2076_d,NIRISS_SOSS,obs14,SOSS_HDU4_ordem_2,jw05959014001_04102_00001-seg002_nis_x1dints.fits,seg002,4,50,60693.943634287556,TDB-MID,3702.7560859431283,4.794404387989491,1778,0.5867402182434889,1.4160298518951635,510,1.0389612807811495,1.0382254202643526
TOI-2076_d,NIRISS_SOSS,obs14,SOSS_HDU4_ordem_2,jw05959014001_04102_00001-seg002_nis_x1dints.fits,seg002,4,51,60693.9437113664,TDB-MID,3438.2233285682237,4.7944543170284994,1778,0.5867402182434889,1.4160298518951635,511,0.964735680706065,0.9640523916271466
TOI-2076_d,NIRISS_SOSS,obs14,SOSS_HDU4_ordem_2,jw05959014001_04102_00001-seg002_nis_x1dints.fits,seg002,4,52,60693.94378844526,TDB-MID,3632.3034864990477,4.794437949342013,1778,0.5867402182434889,1.4160298518951635,512,1.0191928917072202,1.0184710324600272
TOI-2076_d,NIRISS_SOSS,obs14,SOSS_HDU4_ordem_2,jw05959014001_04102_00001-seg002_nis_x1dints.fits,seg002,4,53,60693.94386552412,TDB-MID,3319.877487505321,4.794039393069025,1778,0.5867402182434889,1.4160298518951635,513,0.9315288629325098,0.9308690930997271
TOI-2076_d,NIRISS_SOSS,obs14,SOSS_HDU4_ordem_2,jw05959014001_04102_00001-seg002_nis_x1dints.fits,seg002,4,54,60693.94394260297,TDB-MID,3689.011217390802,4.79453503784873,1778,0.5867402182434889,1.4160298518951635,514,1.035104589737009,1.0343714607817414
TOI-2076_d,NIRISS_SOSS,obs14,SOSS_HDU4_ordem_2,jw05959014001_04102_00001-seg002_nis_x1dints.fits,seg002,4,55,60693.944019681825,TDB-MID,3266.7120994164425,4.794002540473267,1778,0.5867402182434889,1.4160298518951635,515,0.916611115605932,0.91596191150015
TOI-2076_d,NIRISS_SOSS,obs14,SOSS_HDU4_ordem_2,jw05959014001_04102_00001-seg002_nis_x1dints.fits,seg002,4,56,60693.944096760686,TDB-MID,3893.2752114037885,4.794869826819013,1778,0.5867402182434889,1.4160298518951635,516,1.0924192969203612,1.0916455739306206
TOI-2076_d,NIRISS_SOSS,obs14,SOSS_HDU4_ordem_2,jw05959014001_04102_00001-seg002_nis_x1dints.fits,seg002,4,57,60693.94417383954,TDB-MID,3854.2923792307065,4.794698382582574,1778,0.5867402182434889,1.4160298518951635,517,1.0814810519204328,1.0807150761131594
TOI-2076_d,NIRISS_SOSS,obs14,SOSS_HDU4_ordem_2,jw05959014001_04102_00001-seg002_nis_x1dints.fits,seg002,4,58,60693.944250918394,TDB-MID,3843.759246356846,4.794671266704365,1778,0.5867402182434889,1.4160298518951635,518,1.0785255460844396,1.0777616635602287
TOI-2076_d,NIRISS_SOSS,obs14,SOSS_HDU4_ordem_2,jw05959014001_04102_00001-seg002_nis_x1dints.fits,seg002,4,59,60693.944327997255,TDB-MID,3787.108952961577,4.794547406556622,1778,0.5867402182434889,1.4160298518951635,519,1.0626299645185842,1.0618773402877115
TOI-2076_d,NIRISS_SOSS,obs14,SOSS_HDU4_ordem_2,jw05959014001_04102_00001-seg002_nis_x1dints.fits,seg002,4,60,60693.94440507611,TDB-MID,3749.6099874319693,4.79456207901947,1778,0.5867402182434889,1.4160298518951635,520,1.0521080796440947,1.0513629077021422
TOI-2076_d,NIRISS_SOSS,obs14,SOSS_HDU4_ordem_2,jw05959014001_04102_00001-seg002_nis_x1dints.fits,seg002,4,61,60693.94448215496,TDB-MID,3489.5326079977103,4.794190367526802,1778,0.5867402182434889,1.4160298518951635,521,0.979132620022266,0.9784391340867358
TOI-2076_d,NIRISS_SOSS,obs14,SOSS_HDU4_ordem_2,jw05959014001_04102_00001-seg002_nis_x1dints.fits,seg002,4,62,60693.944559233816,TDB-MID,3746.263192773446,4.794508859796048,1778,0.5867402182434889,1.4160298518951635,522,1.0511689980561576,1.0504244912333731
TOI-2076_d,NIRISS_SOSS,obs14,SOSS_HDU4_ordem_2,jw05959014001_04102_00001-seg002_nis_x1dints.fits,seg002,4,63,60693.94463631268,TDB-MID,3606.5072500236765,4.794826402012074,1778,0.5867402182434889,1.4160298518951635,523,1.0119546912247386,1.011237958545827
TOI-2076_d,NIRISS_SOSS,obs14,SOSS_HDU4_ordem_2,jw05959014001_04102_00001-seg002_nis_x1dints.fits,seg002,4,64,60693.94471339153,TDB-MID,3344.9589506743073,4.794314200952314,1778,0.5867402182434889,1.4160298518951635,524,0.9385665042172929,0.9379017498654058
TOI-2076_d,NIRISS_SOSS,obs14,SOSS_HDU4_ordem_2,jw05959014001_04102_00001-seg002_nis_x1dints.fits,seg002,4,65,60693.944790470385,TDB-MID,3725.0357632937967,4.7946905689653105,1778,0.5867402182434889,1.4160298518951635,525,1.0452127652371517,1.0444724770090748
TOI-2076_d,NIRISS_SOSS,obs14,SOSS_HDU4_ordem_2,jw05959014001_04102_00001-seg002_nis_x1dints.fits,seg002,4,66,60693.94486754924,TDB-MID,3809.812557591969,4.794617723191286,1778,0.5867402182434889,1.4160298518951635,526,1.0690003992967996,1.0682432631062275
TOI-2076_d,NIRISS_SOSS,obs14,SOSS_HDU4_ordem_2,jw05959014001_04102_00001-seg002_nis_x1dints.fits,seg002,4,67,60693.9449446281,TDB-MID,3790.9376601004547,4.794787322429744,1778,0.5867402182434889,1.4160298518951635,527,1.0637042665737062,1.0629508814516626
TOI-2076_d,NIRISS_SOSS,obs14,SOSS_HDU4_ordem_2,jw05959014001_04102_00001-seg002_nis_x1dints.fits,seg002,4,68,60693.94502170695,TDB-MID,3694.2199868023868,4.7950740985471745,1778,0.5867402182434889,1.4160298518951635,528,1.0365661253103886,1.0358319611997766
TOI-2076_d,NIRISS_SOSS,obs14,SOSS_HDU4_ordem_2,jw05959014001_04102_00001-seg002_nis_x1dints.fits,seg002,4,69,60693.94509878581,TDB-MID,3359.313558508922,4.794084186918405,1778,0.5867402182434889,1.4160298518951635,529,0.942594282821879,0.941926675733032
TOI-2076_d,NIRISS_SOSS,obs14,SOSS_HDU4_ordem_2,jw05959014001_04102_00001-seg002_nis_x1dints.fits,seg002,4,70,60693.94517586466,TDB-MID,3480.3089051465968,4.794289676368896,1778,0.5867402182434889,1.4160298518951635,530,0.976544528907078,0.9758528760274092
TOI-2076_d,NIRISS_SOSS,obs14,SOSS_HDU4_ordem_2,jw05959014001_04102_00001-seg002_nis_x1dints.fits,seg002,4,71,60693.94525294352,TDB-MID,3486.6691135124847,4.794210961367781,1778,0.5867402182434889,1.4160298518951635,531,0.9783291482761324,0.9776362314119864
TOI-2076_d,NIRISS_SOSS,obs14,SOSS_HDU4_ordem_2,jw05959014001_04102_00001-seg002_nis_x1dints.fits,seg002,4,72,60693.945330022376,TDB-MID,3648.86545312616,4.794473091238316,1778,0.5867402182434889,1.4160298518951635,532,1.0238400360666566,1.0231148854070566
TOI-2076_d,NIRISS_SOSS,obs14,SOSS_HDU4_ordem_2,jw05959014001_04102_00001-seg002_nis_x1dints.fits,seg002,4,73,60693.94540710123,TDB-MID,3396.942873150239,4.794162070676114,1778,0.5867402182434889,1.4160298518951635,533,0.9531527425279013,0.9524776572454395
TOI-2076_d,NIRISS_SOSS,obs14,SOSS_HDU4_ordem_2,jw05959014001_04102_00001-seg002_nis_x1dints.fits,seg002,4,74,60693.94548418008,TDB-MID,3370.823174518279,4.794258436621319,1778,0.5867402182434889,1.4160298518951635,534,0.94582378136643,0.9451538869349149
TOI-2076_d,NIRISS_SOSS,obs14,SOSS_HDU4_ordem_2,jw05959014001_04102_00001-seg002_nis_x1dints.fits,seg002,4,75,60693.945561258945,TDB-MID,3639.4540417659427,4.794710440148517,1778,0.5867402182434889,1.4160298518951635,535,1.0211992755699308,1.0204759952701024
TOI-2076_d,NIRISS_SOSS,obs14,SOSS_HDU4_ordem_2,jw05959014001_04102_00001-seg002_nis_x1dints.fits,seg002,4,76,60693.9456383378,TDB-MID,3327.6490042984583,4.79404522947673,1778,0.5867402182434889,1.4160298518951635,536,0.9337094832201013,0.9330481689290202
TOI-2076_d,NIRISS_SOSS,obs14,SOSS_HDU4_ordem_2,jw05959014001_04102_00001-seg002_nis_x1dints.fits,seg002,4,77,60693.945715416645,TDB-MID,3545.9211909357064,4.794323740156779,1778,0.5867402182434889,1.4160298518951635,537,0.9949547679010055,0.9942500756826903
TOI-2076_d,NIRISS_SOSS,obs14,SOSS_HDU4_ordem_2,jw05959014001_04102_00001-seg002_nis_x1dints.fits,seg002,4,78,60693.945792495506,TDB-MID,3683.849445222113,4.794468229891035,1778,0.5867402182434889,1.4160298518951635,538,1.0336562411828494,1.032924138043014
TOI-2076_d,NIRISS_SOSS,obs14,SOSS_HDU4_ordem_2,jw05959014001_04102_00001-seg002_nis_x1dints.fits,seg002,4,79,60693.94586957437,TDB-MID,3491.001617006882,4.794219185297192,1778,0.5867402182434889,1.4160298518951635,539,0.979544811224231,0.978851033347859
TOI-2076_d,NIRISS_SOSS,obs14,SOSS_HDU4_ordem_2,jw05959014001_04102_00001-seg002_nis_x1dints.fits,seg002,4,80,60693.94594665322,TDB-MID,3794.7673313195414,4.794632026115004,1778,0.5867402182434889,1.4160298518951635,540,1.064778839141383,1.0640246929365738
TOI-2076_d,NIRISS_SOSS,obs14,SOSS_HDU4_ordem_2,jw05959014001_04102_00001-seg002_nis_x1dints.fits,seg002,4,81,60693.946023732075,TDB-MID,3709.725477349142,4.794579116116434,1778,0.5867402182434889,1.4160298518951635,541,1.0409168316339172,1.0401795860677563
TOI-2076_d,NIRISS_SOSS,obs14,SOSS_HDU4_ordem_2,jw05959014001_04102_00001-seg002_nis_x1dints.fits,seg002,4,82,60693.94610081093,TDB-MID,3810.538988138631,4.794638943033054,1778,0.5867402182434889,1.4160298518951635,542,1.0692042294151332,1.0684469488587036
TOI-2076_d,NIRISS_SOSS,obs14,SOSS_HDU4_ordem_2,jw05959014001_04102_00001-seg002_nis_x1dints.fits,seg002,4,83,60693.94617788979,TDB-MID,3639.509101257631,4.794572958647409,1778,0.5867402182434889,1.4160298518951635,543,1.0212147247863188,1.020491433544342
TOI-2076_d,NIRISS_SOSS,obs14,SOSS_HDU4_ordem_2,jw05959014001_04102_00001-seg002_nis_x1dints.fits,seg002,4,84,60693.94625496864,TDB-MID,3353.3663183270073,4.7940472793583275,1778,0.5867402182434889,1.4160298518951635,544,0.9409255387477088,0.9402591135728556
TOI-2076_d,NIRISS_SOSS,obs14,SOSS_HDU4_ordem_2,jw05959014001_04102_00001-seg002_nis_x1dints.fits,seg002,4,85,60693.9463320475,TDB-MID,3845.2003614366376,4.794716811317862,1778,0.5867402182434889,1.4160298518951635,545,1.0789299104914654,1.0781657415698622
TOI-2076_d,NIRISS_SOSS,obs14,SOSS_HDU4_ordem_2,jw05959014001_04102_00001-seg002_nis_x1dints.fits,seg002,4,86,60693.94640912635,TDB-MID,3458.474513075152,4.7943123311973785,1778,0.5867402182434889,1.4160298518951635,546,0.9704179876429245,0.9697306739815733
TOI-2076_d,NIRISS_SOSS,obs14,SOSS_HDU4_ordem_2,jw05959014001_04102_00001-seg002_nis_x1dints.fits,seg002,4,87,60693.94648620521,TDB-MID,3383.1353715041596,4.794393097962378,1778,0.5867402182434889,1.4160298518951635,547,0.9492784771802435,0.9486061359065853
TOI-2076_d,NIRISS_SOSS,obs14,SOSS_HDU4_ordem_2,jw05959014001_04102_00001-seg002_nis_x1dints.fits,seg002,4,88,60693.946563284066,TDB-MID,3212.675716550726,4.793984821864381,1778,0.5867402182434889,1.4160298518951635,548,0.9014489746903913,0.900810509407178
TOI-2076_d,NIRISS_SOSS,obs14,SOSS_HDU4_ordem_2,jw05959014001_04102_00001-seg002_nis_x1dints.fits,seg002,4,89,60693.94664036292,TDB-MID,3609.566776483589,4.794459795552206,1778,0.5867402182434889,1.4160298518951635,549,1.0128131678447467,1.0120958271363918
TOI-2076_d,NIRISS_SOSS,obs14,SOSS_HDU4_ordem_2,jw05959014001_04102_00001-seg002_nis_x1dints.fits,seg002,4,90,60693.94671744178,TDB-MID,3764.650066315052,4.794553023177395,1778,0.5867402182434889,1.4160298518951635,550,1.0563281954866526,1.0555800345818944
TOI-2076_d,NIRISS_SOSS,obs14,SOSS_HDU4_ordem_2,jw05959014001_04102_00001-seg002_nis_x1dints.fits,seg002,4,91,60693.94679452063,TDB-MID,3561.396269161606,4.794364733856955,1778,0.5867402182434889,1.4160298518951635,551,0.9992969407907636,0.9985891731608372
TOI-2076_d,NIRISS_SOSS,obs14,SOSS_HDU4_ordem_2,jw05959014001_04102_00001-seg002_nis_x1dints.fits,seg002,4,92,60693.94687159949,TDB-MID,3520.066780269389,4.794373666951186,1778,0.5867402182434889,1.4160298518951635,552,0.9877002442445066,0.9870006901556154
TOI-2076_d,NIRISS_SOSS,obs14,SOSS_HDU4_ordem_2,jw05959014001_04102_00001-seg002_nis_x1dints.fits,seg002,4,93,60693.94694867834,TDB-MID,3555.131250283989,4.794299902337648,1778,0.5867402182434889,1.4160298518951635,553,0.9975390307674926,0.9968325082047329
TOI-2076_d,NIRISS_SOSS,obs14,SOSS_HDU4_ordem_2,jw05959014001_04102_00001-seg002_nis_x1dints.fits,seg002,4,94,60693.9470257572,TDB-MID,3597.7276352858494,4.7943934123146645,1778,0.5867402182434889,1.4160298518951635,554,1.0094912073870086,1.0087762195089125
TOI-2076_d,NIRISS_SOSS,obs14,SOSS_HDU4_ordem_2,jw05959014001_04102_00001-seg002_nis_x1dints.fits,seg002,4,95,60693.94710283605,TDB-MID,3583.756249655158,4.794382445511321,1778,0.5867402182434889,1.4160298518951635,555,1.0055709576129939,1.0048587463128877
TOI-2076_d,NIRISS_SOSS,obs14,SOSS_HDU4_ordem_2,jw05959014001_04102_00001-seg002_nis_x1dints.fits,seg002,4,96,60693.9471799149,TDB-MID,3781.3548682558894,4.79471351513055,1778,0.5867402182434889,1.4160298518951635,556,1.0610154181977396,1.0602639374944574
TOI-2076_d,NIRISS_SOSS,obs14,SOSS_HDU4_ordem_2,jw05959014001_04102_00001-seg002_nis_x1dints.fits,seg002,4,97,60693.947256993764,TDB-MID,3734.3387454889053,4.794909079585606,1778,0.5867402182434889,1.4160298518951635,557,1.0478231014494688,1.0470809644100936
TOI-2076_d,NIRISS_SOSS,obs14,SOSS_HDU4_ordem_2,jw05959014001_04102_00001-seg002_nis_x1dints.fits,seg002,4,98,60693.947334072625,TDB-MID,3633.499310310379,4.795373620854135,1778,0.5867402182434889,1.4160298518951635,558,1.0195284295092715,1.0188063326122017
TOI-2076_d,NIRISS_SOSS,obs14,SOSS_HDU4_ordem_2,jw05959014001_04102_00001-seg002_nis_x1dints.fits,seg002,4,99,60693.94741115147,TDB-MID,3467.7518900143314,4.794201614375089,1778,0.5867402182434889,1.4160298518951635,559,0.9730211392422458,0.9723319818582105
TOI-2076_d,NIRISS_SOSS,obs14,SOSS_HDU4_ordem_2,jw05959014001_04102_00001-seg002_nis_x1dints.fits,seg002,4,100,60693.947488230326,TDB-MID,3468.2670173791385,4.794244584212387,1778,0.5867402182434889,1.4160298518951635,560,0.973165679518268,0.9724764197613299
TOI-2076_d,NIRISS_SOSS,obs14,SOSS_HDU4_ordem_2,jw05959014001_04102_00001-seg002_nis_x1dints.fits,seg002,4,101,60693.94756530919,TDB-MID,3795.1091174645876,4.794664624943053,1778,0.5867402182434889,1.4160298518951635,561,1.0648747413727935,1.0641205272437344
TOI-2076_d,NIRISS_SOSS,obs14,SOSS_HDU4_ordem_2,jw05959014001_04102_00001-seg002_nis_x1dints.fits,seg002,4,102,60693.94764238805,TDB-MID,3967.8805547390784,4.794845477452814,1778,0.5867402182434889,1.4160298518951635,562,1.11335290995499,1.1125643604076183
TOI-2076_d,NIRISS_SOSS,obs14,SOSS_HDU4_ordem_2,jw05959014001_04102_00001-seg002_nis_x1dints.fits,seg002,4,103,60693.9477194669,TDB-MID,3584.96199834667,4.7942654938488936,1778,0.5867402182434889,1.4160298518951635,563,1.0059092802504446,1.0051968293280586
TOI-2076_d,NIRISS_SOSS,obs14,SOSS_HDU4_ordem_2,jw05959014001_04102_00001-seg002_nis_x1dints.fits,seg002,4,104,60693.94779654575,TDB-MID,3458.0133304499413,4.794224873348475,1778,0.5867402182434889,1.4160298518951635,564,0.9702885837935104,0.9696013617844519
TOI-2076_d,NIRISS_SOSS,obs14,SOSS_HDU4_ordem_2,jw05959014001_04102_00001-seg002_nis_x1dints.fits,seg002,4,105,60693.94787362461,TDB-MID,3430.715947882111,4.7941972765732235,1778,0.5867402182434889,1.4160298518951635,565,0.9626291747218965,0.9619473776086662
TOI-2076_d,NIRISS_SOSS,obs14,SOSS_HDU4_ordem_2,jw05959014001_04102_00001-seg002_nis_x1dints.fits,seg002,4,106,60693.94795070347,TDB-MID,3382.5094082994074,4.794079148730075,1778,0.5867402182434889,1.4160298518951635,566,0.9491028373277023,0.9484306204537065
TOI-2076_d,NIRISS_SOSS,obs14,SOSS_HDU4_ordem_2,jw05959014001_04102_00001-seg002_nis_x1dints.fits,seg002,4,107,60693.948027782324,TDB-MID,3786.126300103753,4.794957152407044,1778,0.5867402182434889,1.4160298518951635,567,1.0623542406393893,1.0616018116942505
TOI-2076_d,NIRISS_SOSS,obs14,SOSS_HDU4_ordem_2,jw05959014001_04102_00001-seg002_nis_x1dints.fits,seg002,4,108,60693.94810486117,TDB-MID,3588.4984611308937,4.7944213021881925,1778,0.5867402182434889,1.4160298518951635,568,1.0069015810713602,1.0061884273364552
TOI-2076_d,NIRISS_SOSS,obs14,SOSS_HDU4_ordem_2,jw05959014001_04102_00001-seg002_nis_x1dints.fits,seg002,4,109,60693.94818194003,TDB-MID,3469.934673376931,4.794295261653735,1778,0.5867402182434889,1.4160298518951635,569,0.9736336093443635,0.9729440181688345
TOI-2076_d,NIRISS_SOSS,obs14,SOSS_HDU4_ordem_2,jw05959014001_04102_00001-seg002_nis_x1dints.fits,seg002,4,110,60693.948259018885,TDB-MID,3543.4900910362917,4.794275745485481,1778,0.5867402182434889,1.4160298518951635,570,0.9942726223298208,0.9935684132517362
TOI-2076_d,NIRISS_SOSS,obs14,SOSS_HDU4_ordem_2,jw05959014001_04102_00001-seg002_nis_x1dints.fits,seg002,4,111,60693.94833609775,TDB-MID,3658.4928447727525,4.794479438616313,1778,0.5867402182434889,1.4160298518951635,571,1.0265413987607044,1.0258143348188822
TOI-2076_d,NIRISS_SOSS,obs14,SOSS_HDU4_ordem_2,jw05959014001_04102_00001-seg002_nis_x1dints.fits,seg002,4,112,60693.94841317659,TDB-MID,3307.5255909830694,4.794138740937119,1778,0.5867402182434889,1.4160298518951635,572,0.9280630277727072,0.927405712671683
TOI-2076_d,NIRISS_SOSS,obs14,SOSS_HDU4_ordem_2,jw05959014001_04102_00001-seg002_nis_x1dints.fits,seg002,4,113,60693.948490255454,TDB-MID,3617.747124327316,4.794385853730166,1778,0.5867402182434889,1.4160298518951635,573,1.0151085025834348,1.014389536168484
TOI-2076_d,NIRISS_SOSS,obs14,SOSS_HDU4_ordem_2,jw05959014001_04102_00001-seg002_nis_x1dints.fits,seg002,4,114,60693.94856733431,TDB-MID,3241.6924594997845,4.79390050544092,1778,0.5867402182434889,1.4160298518951635,574,0.909590821390178,0.9089465895171687
TOI-2076_d,NIRISS_SOSS,obs14,SOSS_HDU4_ordem_2,jw05959014001_04102_00001-seg002_nis_x1dints.fits,seg002,4,115,60693.94864441317,TDB-MID,3889.291167860862,4.79591321150719,1778,0.5867402182434889,1.4160298518951635,575,1.0913014088159405,1.0905284775878696
TOI-2076_d,NIRISS_SOSS,obs14,SOSS_HDU4_ordem_2,jw05959014001_04102_00001-seg002_nis_x1dints.fits,seg002,4,116,60693.94872149202,TDB-MID,3515.0274953582366,4.794287715824469,1778,0.5867402182434889,1.4160298518951635,576,0.986286264553706,0.9855877119379642
TOI-2076_d,NIRISS_SOSS,obs14,SOSS_HDU4_ordem_2,jw05959014001_04102_00001-seg002_nis_x1dints.fits,seg002,4,117,60693.94879857088,TDB-MID,3482.381028373678,4.794299844818462,1778,0.5867402182434889,1.4160298518951635,577,0.9771259487338168,0.9764338840544956
TOI-2076_d,NIRISS_SOSS,obs14,SOSS_HDU4_ordem_2,jw05959014001_04102_00001-seg002_nis_x1dints.fits,seg002,4,118,60693.94887564973,TDB-MID,3534.6408511558807,4.795351848527589,1778,0.5867402182434889,1.4160298518951635,578,0.9917896022802435,0.9910871518398007
TOI-2076_d,NIRISS_SOSS,obs14,SOSS_HDU4_ordem_2,jw05959014001_04102_00001-seg002_nis_x1dints.fits,seg002,4,119,60693.948952728584,TDB-MID,3574.3508419168943,4.794427267807061,1778,0.5867402182434889,1.4160298518951635,579,1.0029318816805788,1.0022215395471255
TOI-2076_d,NIRISS_SOSS,obs14,SOSS_HDU4_ordem_2,jw05959014001_04102_00001-seg002_nis_x1dints.fits,seg002,4,120,60693.949029807445,TDB-MID,3569.946944566215,4.794431990113706,1778,0.5867402182434889,1.4160298518951635,580,1.0016961862348914,1.0009867193019928
TOI-2076_d,NIRISS_SOSS,obs14,SOSS_HDU4_ordem_2,jw05959014001_04102_00001-seg002_nis_x1dints.fits,seg002,4,121,60693.9491068863,TDB-MID,3534.746536413474,4.794369116579667,1778,0.5867402182434889,1.4160298518951635,581,0.991819256647974,0.9911167852043632
TOI-2076_d,NIRISS_SOSS,obs14,SOSS_HDU4_ordem_2,jw05959014001_04102_00001-seg002_nis_x1dints.fits,seg002,4,122,60693.94918396515,TDB-MID,3217.793998108741,4.793968404469102,1778,0.5867402182434889,1.4160298518951635,582,0.9028851201559546,0.9022456377003364
TOI-2076_d,NIRISS_SOSS,obs14,SOSS_HDU4_ordem_2,jw05959014001_04102_00001-seg002_nis_x1dints.fits,seg002,4,123,60693.94926104401,TDB-MID,3498.809027059232,4.794331029956973,1778,0.5867402182434889,1.4160298518951635,583,0.9817355028494146,0.9810401733815624
TOI-2076_d,NIRISS_SOSS,obs14,SOSS_HDU4_ordem_2,jw05959014001_04102_00001-seg002_nis_x1dints.fits,seg002,4,124,60693.94933812287,TDB-MID,3608.923712916575,4.79445368534442,1778,0.5867402182434889,1.4160298518951635,584,1.012632729778695,1.011915516868412
TOI-2076_d,NIRISS_SOSS,obs14,SOSS_HDU4_ordem_2,jw05959014001_04102_00001-seg002_nis_x1dints.fits,seg002,4,125,60693.94941520172,TDB-MID,3972.412960920618,4.794909670038731,1778,0.5867402182434889,1.4160298518951635,585,1.114624663865346,1.11383521357845
TOI-2076_d,NIRISS_SOSS,obs14,SOSS_HDU4_ordem_2,jw05959014001_04102_00001-seg002_nis_x1dints.fits,seg002,4,126,60693.949492280575,TDB-MID,3542.3499473662173,4.794415806586125,1778,0.5867402182434889,1.4160298518951635,586,0.9939527078930498,0.99324872539935
TOI-2076_d,NIRISS_SOSS,obs14,SOSS_HDU4_ordem_2,jw05959014001_04102_00001-seg002_nis_x1dints.fits,seg002,4,127,60693.94956935943,TDB-MID,3952.672306835085,4.7947979550007105,1778,0.5867402182434889,1.4160298518951635,587,1.1090856073420106,1.10830008017821
TOI-2076_d,NIRISS_SOSS,obs14,SOSS_HDU4_ordem_2,jw05959014001_04102_00001-seg002_nis_x1dints.fits,seg002,4,128,60693.94964643829,TDB-MID,3429.360649408288,4.794179446667414,1778,0.5867402182434889,1.4160298518951635,588,0.9622488897110772,0.9615673619406317
TOI-2076_d,NIRISS_SOSS,obs14,SOSS_HDU4_ordem_2,jw05959014001_04102_00001-seg002_nis_x1dints.fits,seg002,4,129,60693.94972351715,TDB-MID,3514.3998608956344,4.794641525795925,1778,0.5867402182434889,1.4160298518951635,589,0.9861101557606903,0.9854117278767454
TOI-2076_d,NIRISS_SOSS,obs14,SOSS_HDU4_ordem_2,jw05959014001_04102_00001-seg002_nis_x1dints.fits,seg002,4,130,60693.949800596,TDB-MID,3464.6865890906142,4.794207009807216,1778,0.5867402182434889,1.4160298518951635,590,0.9721610423577183,0.971472494150704
TOI-2076_d,NIRISS_SOSS,obs14,SOSS_HDU4_ordem_2,jw05959014001_04102_00001-seg002_nis_x1dints.fits,seg002,4,131,60693.94987767485,TDB-MID,3457.05952918541,4.79417005441584,1778,0.5867402182434889,1.4160298518951635,591,0.9700209554214526,0.9693339229643589
TOI-2076_d,NIRISS_SOSS,obs14,SOSS_HDU4_ordem_2,jw05959014001_04102_00001-seg002_nis_x1dints.fits,seg002,4,132,60693.94995475371,TDB-MID,3577.5726846895845,4.794392363510435,1778,0.5867402182434889,1.4160298518951635,592,1.0038359028518078,1.0031249204312729
TOI-2076_d,NIRISS_SOSS,obs14,SOSS_HDU4_ordem_2,jw05959014001_04102_00001-seg002_nis_x1dints.fits,seg002,4,133,60693.950031832566,TDB-MID,4068.2394284833917,4.795007543153892,1778,0.5867402182434889,1.4160298518951635,593,1.1415127405198453,1.1407042463336736
TOI-2076_d,NIRISS_SOSS,obs14,SOSS_HDU4_ordem_2,jw05959014001_04102_00001-seg002_nis_x1dints.fits,seg002,4,134,60693.95010891142,TDB-MID,3890.9510652066137,4.79470551530047,1778,0.5867402182434889,1.4160298518951635,594,1.0917671616314863,1.0909939005267262
TOI-2076_d,NIRISS_SOSS,obs14,SOSS_HDU4_ordem_2,jw05959014001_04102_00001-seg002_nis_x1dints.fits,seg002,4,135,60693.950185990274,TDB-MID,3425.6174490029834,4.7942101681908404,1778,0.5867402182434889,1.4160298518951635,595,0.961198580104652,0.9605177962323518
TOI-2076_d,NIRISS_SOSS,obs14,SOSS_HDU4_ordem_2,jw05959014001_04102_00001-seg002_nis_x1dints.fits,seg002,4,136,60693.950263069135,TDB-MID,3613.479443056163,4.794827963683992,1778,0.5867402182434889,1.4160298518951635,596,1.0139110281896242,1.0131929099045724
TOI-2076_d,NIRISS_SOSS,obs14,SOSS_HDU4_ordem_2,jw05959014001_04102_00001-seg002_nis_x1dints.fits,seg002,4,137,60693.95034014799,TDB-MID,3469.5689106472096,4.79420024372673,1778,0.5867402182434889,1.4160298518951635,597,0.973530979491002,0.972841461004666
TOI-2076_d,NIRISS_SOSS,obs14,SOSS_HDU4_ordem_2,jw05959014001_04102_00001-seg002_nis_x1dints.fits,seg002,4,138,60693.950417226835,TDB-MID,3443.9226042286123,4.794238356326048,1778,0.5867402182434889,1.4160298518951635,598,0.9663348480836088,0.9656504263694762
TOI-2076_d,NIRISS_SOSS,obs14,SOSS_HDU4_ordem_2,jw05959014001_04102_00001-seg002_nis_x1dints.fits,seg002,4,139,60693.950494305696,TDB-MID,3535.8851211971637,4.794301173518042,1778,0.5867402182434889,1.4160298518951635,599,0.99213873367473,0.9914360359565367
TOI-2076_d,NIRISS_SOSS,obs14,SOSS_HDU4_ordem_2,jw05959014001_04102_00001-seg002_nis_x1dints.fits,seg002,4,140,60693.95057138456,TDB-MID,3617.358183147531,4.794463302008721,1778,0.5867402182434889,1.4160298518951635,600,1.01499936905778,1.0142804799383494
TOI-2076_d,NIRISS_SOSS,obs14,SOSS_HDU4_ordem_2,jw05959014001_04102_00001-seg002_nis_x1dints.fits,seg002,4,141,60693.95064846341,TDB-MID,3182.3205037117273,4.793981546733899,1778,0.5867402182434889,1.4160298518951635,601,0.8929315649346371,0.8922991322396063
TOI-2076_d,NIRISS_SOSS,obs14,SOSS_HDU4_ordem_2,jw05959014001_04102_00001-seg002_nis_x1dints.fits,seg002,4,142,60693.95072554226,TDB-MID,3369.8269437183144,4.794265285116567,1778,0.5867402182434889,1.4160298518951635,602,0.9455442476342961,0.9448745511869028
TOI-2076_d,NIRISS_SOSS,obs14,SOSS_HDU4_ordem_2,jw05959014001_04102_00001-seg002_nis_x1dints.fits,seg002,4,143,60693.95080262112,TDB-MID,3882.265882892476,4.794699872839973,1778,0.5867402182434889,1.4160298518951635,603,1.0893301747137765,1.0885586396429752
TOI-2076_d,NIRISS_SOSS,obs14,SOSS_HDU4_ordem_2,jw05959014001_04102_00001-seg002_nis_x1dints.fits,seg002,4,144,60693.95087969998,TDB-MID,3886.895137033666,4.794760955681036,1778,0.5867402182434889,1.4160298518951635,604,1.0906291033226176,1.0898566482653884
TOI-2076_d,NIRISS_SOSS,obs14,SOSS_HDU4_ordem_2,jw05959014001_04102_00001-seg002_nis_x1dints.fits,seg002,4,145,60693.950956778834,TDB-MID,3480.749927697532,4.794193587204851,1778,0.5867402182434889,1.4160298518951635,605,0.976668276014297,0.9759765354888111
TOI-2076_d,NIRISS_SOSS,obs14,SOSS_HDU4_ordem_2,jw05959014001_04102_00001-seg002_nis_x1dints.fits,seg002,4,146,60693.95103385768,TDB-MID,3474.079684380471,4.794526851167685,1778,0.5867402182434889,1.4160298518951635,606,0.9747966635237728,0.974106248596998
TOI-2076_d,NIRISS_SOSS,obs14,SOSS_HDU4_ordem_2,jw05959014001_04102_00001-seg002_nis_x1dints.fits,seg002,4,147,60693.95111093654,TDB-MID,3541.8620580344523,4.794301056227131,1778,0.5867402182434889,1.4160298518951635,607,0.9938158103731364,0.9931119248392383
TOI-2076_d,NIRISS_SOSS,obs14,SOSS_HDU4_ordem_2,jw05959014001_04102_00001-seg002_nis_x1dints.fits,seg002,4,148,60693.9511880154,TDB-MID,3666.475053265099,4.794510977909779,1778,0.5867402182434889,1.4160298518951635,608,1.0287811373138742,1.0280524870423209
TOI-2076_d,NIRISS_SOSS,obs14,SOSS_HDU4_ordem_2,jw05959014001_04102_00001-seg002_nis_x1dints.fits,seg002,4,149,60693.951265094256,TDB-MID,3673.177262781346,4.794607344967351,1778,0.5867402182434889,1.4160298518951635,609,1.0306617192429672,1.029931737019958
TOI-2076_d,NIRISS_SOSS,obs14,SOSS_HDU4_ordem_2,jw05959014001_04102_00001-seg002_nis_x1dints.fits,seg002,4,150,60693.95134217311,TDB-MID,3321.278607783159,4.793970865166577,1778,0.5867402182434889,1.4160298518951635,610,0.9319220051445819,0.9312619568627013
TOI-2076_d,NIRISS_SOSS,obs14,SOSS_HDU4_ordem_2,jw05959014001_04102_00001-seg002_nis_x1dints.fits,seg002,4,151,60693.951419251964,TDB-MID,3446.868101693337,4.794173784689192,1778,0.5867402182434889,1.4160298518951635,611,0.967161329155399,0.9664763220731686
TOI-2076_d,NIRISS_SOSS,obs14,SOSS_HDU4_ordem_2,jw05959014001_04102_00001-seg002_nis_x1dints.fits,seg002,4,152,60693.95149633082,TDB-MID,3384.191101211456,4.7941952470830085,1778,0.5867402182434889,1.4160298518951635,612,0.9495747057903363,0.9489021547081489
TOI-2076_d,NIRISS_SOSS,obs14,SOSS_HDU4_ordem_2,jw05959014001_04102_00001-seg002_nis_x1dints.fits,seg002,4,153,60693.95157340968,TDB-MID,3401.519237663741,4.794113394955602,1778,0.5867402182434889,1.4160298518951635,613,0.9544368307653954,0.9537608360074301
TOI-2076_d,NIRISS_SOSS,obs14,SOSS_HDU4_ordem_2,jw05959014001_04102_00001-seg002_nis_x1dints.fits,seg002,4,154,60693.95165048853,TDB-MID,3617.4419223161635,4.794368870470176,1778,0.5867402182434889,1.4160298518951635,614,1.0150228655430669,1.0143039597818844
TOI-2076_d,NIRISS_SOSS,obs14,SOSS_HDU4_ordem_2,jw05959014001_04102_00001-seg002_nis_x1dints.fits,seg002,4,155,60693.951727567386,TDB-MID,3590.2014559976988,4.794388041555742,1778,0.5867402182434889,1.4160298518951635,615,1.0073794266779603,1.0066659345014584
TOI-2076_d,NIRISS_SOSS,obs14,SOSS_HDU4_ordem_2,jw05959014001_04102_00001-seg002_nis_x1dints.fits,seg002,4,156,60693.95180464624,TDB-MID,3833.0598467424297,4.794674856556319,1778,0.5867402182434889,1.4160298518951635,616,1.0755233872414134,1.0747616310429846
TOI-2076_d,NIRISS_SOSS,obs14,SOSS_HDU4_ordem_2,jw05959014001_04102_00001-seg002_nis_x1dints.fits,seg002,4,157,60693.951881725094,TDB-MID,3373.5948472998043,4.79439688498014,1778,0.5867402182434889,1.4160298518951635,617,0.9466014887379557,0.9459310434830761
TOI-2076_d,NIRISS_SOSS,obs14,SOSS_HDU4_ordem_2,jw05959014001_04102_00001-seg002_nis_x1dints.fits,seg002,4,158,60693.951958803955,TDB-MID,3914.5628757404197,4.794722025055153,1778,0.5867402182434889,1.4160298518951635,618,1.0983924311184223,1.0976144775633092
TOI-2076_d,NIRISS_SOSS,obs14,SOSS_HDU4_ordem_2,jw05959014001_04102_00001-seg002_nis_x1dints.fits,seg002,4,159,60693.95203588281,TDB-MID,3128.2623052237795,4.793885825547136,1778,0.5867402182434889,1.4160298518951635,619,0.8777633027444869,0.8771416132075127
TOI-2076_d,NIRISS_SOSS,obs14,SOSS_HDU4_ordem_2,jw05959014001_04102_00001-seg002_nis_x1dints.fits,seg002,4,160,60693.95211296166,TDB-MID,3729.2198145229754,4.797160427571265,1778,0.5867402182434889,1.4160298518951635,620,1.0463867737656705,1.045645654027759
TOI-2076_d,NIRISS_SOSS,obs14,SOSS_HDU4_ordem_2,jw05959014001_04102_00001-seg002_nis_x1dints.fits,seg002,4,161,60693.952190040516,TDB-MID,3533.9073611427557,4.794232876976749,1778,0.5867402182434889,1.4160298518951635,621,0.9915837913367763,0.9908814866651414
TOI-2076_d,NIRISS_SOSS,obs14,SOSS_HDU4_ordem_2,jw05959014001_04102_00001-seg002_nis_x1dints.fits,seg002,4,162,60693.95226711938,TDB-MID,3767.769055345897,4.794797779361043,1778,0.5867402182434889,1.4160298518951635,622,1.0572033567889407,1.056454576037553
TOI-2076_d,NIRISS_SOSS,obs14,SOSS_HDU4_ordem_2,jw05959014001_04102_00001-seg002_nis_x1dints.fits,seg002,4,163,60693.95234419823,TDB-MID,3342.046764006286,4.794020784856108,1778,0.5867402182434889,1.4160298518951635,623,0.9377493698664867,0.9370851942627365
TOI-2076_d,NIRISS_SOSS,obs14,SOSS_HDU4_ordem_2,jw05959014001_04102_00001-seg002_nis_x1dints.fits,seg002,4,164,60693.952421277085,TDB-MID,3735.898204446918,4.794610621938189,1778,0.5867402182434889,1.4160298518951635,624,1.0482606721235115,1.047518225167888
TOI-2076_d,NIRISS_SOSS,obs14,SOSS_HDU4_ordem_2,jw05959014001_04102_00001-seg002_nis_x1dints.fits,seg002,4,165,60693.95249835594,TDB-MID,3334.3870631203845,4.794116014065052,1778,0.5867402182434889,1.4160298518951635,625,0.9356001241538057,0.9349374707868222
TOI-2076_d,NIRISS_SOSS,obs14,SOSS_HDU4_ordem_2,jw05959014001_04102_00001-seg002_nis_x1dints.fits,seg002,4,166,60693.9525754348,TDB-MID,3425.8639741248326,4.794214480408137,1778,0.5867402182434889,1.4160298518951635,626,0.9612677529181985,0.9605869200531751
TOI-2076_d,NIRISS_SOSS,obs14,SOSS_HDU4_ordem_2,jw05959014001_04102_00001-seg002_nis_x1dints.fits,seg002,4,167,60693.95265251365,TDB-MID,3611.572515397854,4.794434798020148,1778,0.5867402182434889,1.4160298518951635,627,1.0133759608083956,1.0126582214931545
TOI-2076_d,NIRISS_SOSS,obs14,SOSS_HDU4_ordem_2,jw05959014001_04102_00001-seg002_nis_x1dints.fits,seg002,4,168,60693.95272959251,TDB-MID,3128.0340686026993,4.794021125062947,1778,0.5867402182434889,1.4160298518951635,628,0.877699261525823,0.8770776173470399
TOI-2076_d,NIRISS_SOSS,obs14,SOSS_HDU4_ordem_2,jw05959014001_04102_00001-seg002_nis_x1dints.fits,seg002,4,169,60693.95280667136,TDB-MID,3459.2877740479007,4.794163400534637,1778,0.5867402182434889,1.4160298518951635,629,0.9706461816266071,0.969958706343311
TOI-2076_d,NIRISS_SOSS,obs14,SOSS_HDU4_ordem_2,jw05959014001_04102_00001-seg002_nis_x1dints.fits,seg002,4,170,60693.95288375022,TDB-MID,3387.939972288158,4.79413767246187,1778,0.5867402182434889,1.4160298518951635,630,0.9506266065380308,0.9499533104307475
TOI-2076_d,NIRISS_SOSS,obs14,SOSS_HDU4_ordem_2,jw05959014001_04102_00001-seg002_nis_x1dints.fits,seg002,4,171,60693.95296082907,TDB-MID,3548.1760005119722,4.794369135985893,1778,0.5867402182434889,1.4160298518951635,631,0.9955874479347155,0.9948823076109078
TOI-2076_d,NIRISS_SOSS,obs14,SOSS_HDU4_ordem_2,jw05959014001_04102_00001-seg002_nis_x1dints.fits,seg002,4,172,60693.95303790793,TDB-MID,3554.304782523449,4.79437964303438,1778,0.5867402182434889,1.4160298518951635,632,0.997307131073566,0.996600772757378
TOI-2076_d,NIRISS_SOSS,obs14,SOSS_HDU4_ordem_2,jw05959014001_04102_00001-seg002_nis_x1dints.fits,seg002,4,173,60693.95311498678,TDB-MID,3392.291759223726,4.794307340131174,1778,0.5867402182434889,1.4160298518951635,633,0.9518476802526695,0.9511735193009005
TOI-2076_d,NIRISS_SOSS,obs14,SOSS_HDU4_ordem_2,jw05959014001_04102_00001-seg002_nis_x1dints.fits,seg002,4,174,60693.953192065645,TDB-MID,3517.010447176114,4.79433996337886,1778,0.5867402182434889,1.4160298518951635,634,0.9868426636555132,0.9861437169614373
TOI-2076_d,NIRISS_SOSS,obs14,SOSS_HDU4_ordem_2,jw05959014001_04102_00001-seg002_nis_x1dints.fits,seg002,4,175,60693.95326914449,TDB-MID,3537.4333451463453,4.794346558175323,1778,0.5867402182434889,1.4160298518951635,635,0.9925731519026237,0.9918701465009512
TOI-2076_d,NIRISS_SOSS,obs14,SOSS_HDU4_ordem_2,jw05959014001_04102_00001-seg002_nis_x1dints.fits,seg002,4,176,60693.95334622335,TDB-MID,3453.8231193920847,4.794258740154678,1778,0.5867402182434889,1.4160298518951635,636,0.9691128468704272,0.9684264575953655
TOI-2076_d,NIRISS_SOSS,obs14,SOSS_HDU4_ordem_2,jw05959014001_04102_00001-seg002_nis_x1dints.fits,seg002,4,177,60693.953423302206,TDB-MID,3715.9636530143707,4.794508149967689,1778,0.5867402182434889,1.4160298518951635,637,1.0426672096843346,1.041928724385644
TOI-2076_d,NIRISS_SOSS,obs14,SOSS_HDU4_ordem_2,jw05959014001_04102_00001-seg002_nis_x1dints.fits,seg002,4,178,60693.95350038107,TDB-MID,3697.0199402397425,4.794580604737652,1778,0.5867402182434889,1.4160298518951635,638,1.0373517679889455,1.0366170474346639
TOI-2076_d,NIRISS_SOSS,obs14,SOSS_HDU4_ordem_2,jw05959014001_04102_00001-seg002_nis_x1dints.fits,seg002,4,179,60693.95357745992,TDB-MID,3576.1248697132887,4.794380027646378,1778,0.5867402182434889,1.4160298518951635,639,1.003429658511864,1.0027189638202134
TOI-2076_d,NIRISS_SOSS,obs14,SOSS_HDU4_ordem_2,jw05959014001_04102_00001-seg002_nis_x1dints.fits,seg002,4,180,60693.95365453877,TDB-MID,3374.8567357489637,4.794110486211095,1778,0.5867402182434889,1.4160298518951635,640,0.9469555637050644,0.9462848676710719
TOI-2076_d,NIRISS_SOSS,obs14,SOSS_HDU4_ordem_2,jw05959014001_04102_00001-seg002_nis_x1dints.fits,seg002,4,181,60693.95373161763,TDB-MID,3435.5668482358838,4.794197661232731,1778,0.5867402182434889,1.4160298518951635,641,0.9639902953378697,0.9633075341897535
TOI-2076_d,NIRISS_SOSS,obs14,SOSS_HDU4_ordem_2,jw05959014001_04102_00001-seg002_nis_x1dints.fits,seg002,4,182,60693.95380869649,TDB-MID,3667.7501686485903,4.794391989671802,1778,0.5867402182434889,1.4160298518951635,642,1.0291389236441715,1.0284100199648745
TOI-2076_d,NIRISS_SOSS,obs14,SOSS_HDU4_ordem_2,jw05959014001_04102_00001-seg002_nis_x1dints.fits,seg002,4,183,60693.95388577534,TDB-MID,3966.3455241331644,4.794672770972284,1778,0.5867402182434889,1.4160298518951635,643,1.1129221936649234,1.1121339491790758
TOI-2076_d,NIRISS_SOSS,obs14,SOSS_HDU4_ordem_2,jw05959014001_04102_00001-seg002_nis_x1dints.fits,seg002,4,184,60693.95396285419,TDB-MID,3441.3301558680337,4.794195483170104,1778,0.5867402182434889,1.4160298518951635,644,0.9656074295319815,0.9649235230233733
TOI-2076_d,NIRISS_SOSS,obs14,SOSS_HDU4_ordem_2,jw05959014001_04102_00001-seg002_nis_x1dints.fits,seg002,4,185,60693.95403993305,TDB-MID,3223.90230994548,4.793946807188839,1778,0.5867402182434889,1.4160298518951635,645,0.9045990595411064,0.9039583631612111
TOI-2076_d,NIRISS_SOSS,obs14,SOSS_HDU4_ordem_2,jw05959014001_04102_00001-seg002_nis_x1dints.fits,seg002,4,186,60693.95411701191,TDB-MID,3125.564509004082,4.7937528448046445,1778,0.5867402182434889,1.4160298518951635,646,0.8770063244962182,0.876385171100884
TOI-2076_d,NIRISS_SOSS,obs14,SOSS_HDU4_ordem_2,jw05959014001_04102_00001-seg002_nis_x1dints.fits,seg002,4,187,60693.954194090766,TDB-MID,3612.430757545113,4.794344195226733,1778,0.5867402182434889,1.4160298518951635,647,1.0136167761199744,1.0128988662435363
TOI-2076_d,NIRISS_SOSS,obs14,SOSS_HDU4_ordem_2,jw05959014001_04102_00001-seg002_nis_x1dints.fits,seg002,4,188,60693.95427116961,TDB-MID,3808.6453227401275,4.794919749686363,1778,0.5867402182434889,1.4160298518951635,648,1.0686728833091153,1.067915979086845
TOI-2076_d,NIRISS_SOSS,obs14,SOSS_HDU4_ordem_2,jw05959014001_04102_00001-seg002_nis_x1dints.fits,seg002,4,189,60693.95434824847,TDB-MID,3858.7404629634707,4.79475204278995,1778,0.5867402182434889,1.4160298518951635,649,1.0827291456821468,1.0819622858930182
TOI-2076_d,NIRISS_SOSS,obs14,SOSS_HDU4_ordem_2,jw05959014001_04102_00001-seg002_nis_x1dints.fits,seg002,4,190,60693.954425327334,TDB-MID,4123.916044759649,4.795030433542927,1778,0.5867402182434889,1.4160298518951635,650,1.15713511672106,1.156315557743507
TOI-2076_d,NIRISS_SOSS,obs14,SOSS_HDU4_ordem_2,jw05959014001_04102_00001-seg002_nis_x1dints.fits,seg002,4,191,60693.95450240619,TDB-MID,3705.137508147419,4.794716717383258,1778,0.5867402182434889,1.4160298518951635,651,1.0396294872214396,1.038893153437019
TOI-2076_d,NIRISS_SOSS,obs14,SOSS_HDU4_ordem_2,jw05959014001_04102_00001-seg002_nis_x1dints.fits,seg002,4,192,60693.954579485035,TDB-MID,3136.5980244806947,4.793859697247082,1778,0.5867402182434889,1.4160298518951635,652,0.8801022333557347,0.8794788872347086
TOI-2076_d,NIRISS_SOSS,obs14,SOSS_HDU4_ordem_2,jw05959014001_04102_00001-seg002_nis_x1dints.fits,seg002,4,193,60693.954656563896,TDB-MID,3484.5054171444554,4.794366651963948,1778,0.5867402182434889,1.4160298518951635,653,0.9777220338193408,0.9770295469534692
TOI-2076_d,NIRISS_SOSS,obs14,SOSS_HDU4_ordem_2,jw05959014001_04102_00001-seg002_nis_x1dints.fits,seg002,4,194,60693.95473364275,TDB-MID,3918.934974652488,4.794780235748943,1778,0.5867402182434889,1.4160298518951635,654,1.0996192041977046,1.0988403817614418
TOI-2076_d,NIRISS_SOSS,obs14,SOSS_HDU4_ordem_2,jw05959014001_04102_00001-seg002_nis_x1dints.fits,seg002,4,195,60693.95481072161,TDB-MID,3490.377759775552,4.794210023666012,1778,0.5867402182434889,1.4160298518951635,655,0.979369762289588,0.9786761083943516
TOI-2076_d,NIRISS_SOSS,obs14,SOSS_HDU4_ordem_2,jw05959014001_04102_00001-seg002_nis_x1dints.fits,seg002,4,196,60693.95488780046,TDB-MID,3359.820192914818,4.794116919927312,1778,0.5867402182434889,1.4160298518951635,656,0.9427364400472052,0.9420687322732881
TOI-2076_d,NIRISS_SOSS,obs14,SOSS_HDU4_ordem_2,jw05959014001_04102_00001-seg002_nis_x1dints.fits,seg002,4,197,60693.95496487932,TDB-MID,3517.122412431454,4.794250425392756,1778,0.5867402182434889,1.4160298518951635,657,0.9868740801362078,0.9861751111909199
TOI-2076_d,NIRISS_SOSS,obs14,SOSS_HDU4_ordem_2,jw05959014001_04102_00001-seg002_nis_x1dints.fits,seg002,4,198,60693.95504195817,TDB-MID,3643.4762557916893,4.794461134704396,1778,0.5867402182434889,1.4160298518951635,658,1.0223278739811603,1.0216037943339207
TOI-2076_d,NIRISS_SOSS,obs14,SOSS_HDU4_ordem_2,jw05959014001_04102_00001-seg002_nis_x1dints.fits,seg002,4,199,60693.955119037026,TDB-MID,3528.0576643343957,4.794317192477865,1778,0.5867402182434889,1.4160298518951635,659,0.9899424170882085,0.9892412749454619
TOI-2076_d,NIRISS_SOSS,obs14,SOSS_HDU4_ordem_2,jw05959014001_04102_00001-seg002_nis_x1dints.fits,seg002,4,200,60693.95519611588,TDB-MID,3743.106868854874,4.794544557549501,1778,0.5867402182434889,1.4160298518951635,660,1.050283360907805,1.0495394813513315
TOI-2076_d,NIRISS_SOSS,obs14,SOSS_HDU4_ordem_2,jw05959014001_04102_00001-seg002_nis_x1dints.fits,seg002,4,201,60693.95527319474,TDB-MID,3729.2889283680456,4.794531332170049,1778,0.5867402182434889,1.4160298518951635,661,1.0464061665118647,1.0456650330387385
TOI-2076_d,NIRISS_SOSS,obs14,SOSS_HDU4_ordem_2,jw05959014001_04102_00001-seg002_nis_x1dints.fits,seg002,4,202,60693.955350273594,TDB-MID,3997.978982552731,4.794986101571986,1778,0.5867402182434889,1.4160298518951635,662,1.1217982680571579,1.12100373695331
TOI-2076_d,NIRISS_SOSS,obs14,SOSS_HDU4_ordem_2,jw05959014001_04102_00001-seg002_nis_x1dints.fits,seg002,4,203,60693.95542735245,TDB-MID,3731.915438217711,4.795712360578683,1778,0.5867402182434889,1.4160298518951635,663,1.0471431424222555,1.046401486974457
TOI-2076_d,NIRISS_SOSS,obs14,SOSS_HDU4_ordem_2,jw05959014001_04102_00001-seg002_nis_x1dints.fits,seg002,4,204,60693.9555044313,TDB-MID,3714.6453015911843,4.796968334261477,1778,0.5867402182434889,1.4160298518951635,664,1.042297291695852,1.0415590683973412
TOI-2076_d,NIRISS_SOSS,obs14,SOSS_HDU4_ordem_2,jw05959014001_04102_00001-seg002_nis_x1dints.fits,seg002,4,205,60693.95558151016,TDB-MID,3595.266247941846,4.794380550564681,1778,0.5867402182434889,1.4160298518951635,665,1.008800563421252,1.0080860647025067
TOI-2076_d,NIRISS_SOSS,obs14,SOSS_HDU4_ordem_2,jw05959014001_04102_00001-seg002_nis_x1dints.fits,seg002,4,206,60693.95565858902,TDB-MID,3709.9497134290846,4.794446870743787,1778,0.5867402182434889,1.4160298518951635,666,1.0409797503353946,1.040242460206083
TOI-2076_d,NIRISS_SOSS,obs14,SOSS_HDU4_ordem_2,jw05959014001_04102_00001-seg002_nis_x1dints.fits,seg002,4,207,60693.95573566787,TDB-MID,3478.6017183093495,4.794237675532752,1778,0.5867402182434889,1.4160298518951635,667,0.9760655070698869,0.9753741934648986
TOI-2076_d,NIRISS_SOSS,obs14,SOSS_HDU4_ordem_2,jw05959014001_04102_00001-seg002_nis_x1dints.fits,seg002,4,208,60693.955812746724,TDB-MID,3867.744864917075,4.7946498650543905,1778,0.5867402182434889,1.4160298518951635,668,1.085255702865295,1.0844870536026712
TOI-2076_d,NIRISS_SOSS,obs14,SOSS_HDU4_ordem_2,jw05959014001_04102_00001-seg002_nis_x1dints.fits,seg002,4,209,60693.955889825585,TDB-MID,3386.5323818496618,4.794120949800906,1778,0.5867402182434889,1.4160298518951635,669,0.9502316488549288,0.9495586324825791
TOI-2076_d,NIRISS_SOSS,obs14,SOSS_HDU4_ordem_2,jw05959014001_04102_00001-seg002_nis_x1dints.fits,seg002,4,210,60693.95596690444,TDB-MID,3593.211734063269,4.794398176893363,1778,0.5867402182434889,1.4160298518951635,670,1.0082240846251542,1.0075099942064991
TOI-2076_d,NIRISS_SOSS,obs14,SOSS_HDU4_ordem_2,jw05959014001_04102_00001-seg002_nis_x1dints.fits,seg002,4,211,60693.95604398329,TDB-MID,3732.460079381328,4.794483767013864,1778,0.5867402182434889,1.4160298518951635,671,1.0472959640145458,1.0465542003284731
TOI-2076_d,NIRISS_SOSS,obs14,SOSS_HDU4_ordem_2,jw05959014001_04102_00001-seg002_nis_x1dints.fits,seg002,4,212,60693.95612106215,TDB-MID,3536.9990430054995,4.794321366706323,1778,0.5867402182434889,1.4160298518951635,672,0.992451290484257,0.9917483713928329
TOI-2076_d,NIRISS_SOSS,obs14,SOSS_HDU4_ordem_2,jw05959014001_04102_00001-seg002_nis_x1dints.fits,seg002,4,213,60693.956198141,TDB-MID,3716.186353726017,4.794508019887936,1778,0.5867402182434889,1.4160298518951635,673,1.0427296975747686,1.0419911680180562
TOI-2076_d,NIRISS_SOSS,obs14,SOSS_HDU4_ordem_2,jw05959014001_04102_00001-seg002_nis_x1dints.fits,seg002,4,214,60693.95627521986,TDB-MID,3665.2219507622326,4.794555241409519,1778,0.5867402182434889,1.4160298518951635,674,1.0284295276071829,1.027701126368683
TOI-2076_d,NIRISS_SOSS,obs14,SOSS_HDU4_ordem_2,jw05959014001_04102_00001-seg002_nis_x1dints.fits,seg002,4,215,60693.956352298716,TDB-MID,3722.188183199748,4.79456881088476,1778,0.5867402182434889,1.4160298518951635,675,1.044413758931316,1.0436740366119057
TOI-2076_d,NIRISS_SOSS,obs14,SOSS_HDU4_ordem_2,jw05959014001_04102_00001-seg002_nis_x1dints.fits,seg002,4,216,60693.95642937757,TDB-MID,3563.8915777232833,4.794373052808223,1778,0.5867402182434889,1.4160298518951635,676,0.99999710275634,0.9992888392257911
TOI-2076_d,NIRISS_SOSS,obs14,SOSS_HDU4_ordem_2,jw05959014001_04102_00001-seg002_nis_x1dints.fits,seg002,4,217,60693.95650645642,TDB-MID,3353.900367475094,4.794070407201217,1778,0.5867402182434889,1.4160298518951635,677,0.9410753883122001,0.9404088570040577
TOI-2076_d,NIRISS_SOSS,obs14,SOSS_HDU4_ordem_2,jw05959014001_04102_00001-seg002_nis_x1dints.fits,seg002,4,218,60693.95658353528,TDB-MID,3497.1959718262337,4.79428056662487,1778,0.5867402182434889,1.4160298518951635,678,0.9812828935249147,0.9805878846246694
TOI-2076_d,NIRISS_SOSS,obs14,SOSS_HDU4_ordem_2,jw05959014001_04102_00001-seg002_nis_x1dints.fits,seg002,4,219,60693.95666061414,TDB-MID,3639.7045010910697,4.794386557079217,1778,0.5867402182434889,1.4160298518951635,679,1.0212695522868351,1.0205462222124269
TOI-2076_d,NIRISS_SOSS,obs14,SOSS_HDU4_ordem_2,jw05959014001_04102_00001-seg002_nis_x1dints.fits,seg002,4,220,60693.95673769299,TDB-MID,3531.783385543215,4.794222643205941,1778,0.5867402182434889,1.4160298518951635,680,0.9909878221835221,0.9902859396163266
TOI-2076_d,NIRISS_SOSS,obs14,SOSS_HDU4_ordem_2,jw05959014001_04102_00001-seg002_nis_x1dints.fits,seg002,4,221,60693.956814771846,TDB-MID,4091.845440848512,4.7950282401829725,1778,0.5867402182434889,1.4160298518951635,681,1.1481363830908775,1.1473231976066414
TOI-2076_d,NIRISS_SOSS,obs14,SOSS_HDU4_ordem_2,jw05959014001_04102_00001-seg002_nis_x1dints.fits,seg002,4,222,60693.9568918507,TDB-MID,3286.192996366492,4.794022782416933,1778,0.5867402182434889,1.4160298518951635,682,0.9220772865273238,0.9214242109208098
TOI-2076_d,NIRISS_SOSS,obs14,SOSS_HDU4_ordem_2,jw05959014001_04102_00001-seg002_nis_x1dints.fits,seg002,4,223,60693.95696892956,TDB-MID,3670.705194644852,4.794476416868099,1778,0.5867402182434889,1.4160298518951635,683,1.0299680783393654,1.0292385873983352
TOI-2076_d,NIRISS_SOSS,obs14,SOSS_HDU4_ordem_2,jw05959014001_04102_00001-seg002_nis_x1dints.fits,seg002,4,224,60693.957046008414,TDB-MID,3519.7836623536623,4.794223030558514,1778,0.5867402182434889,1.4160298518951635,684,0.9876208038100012,0.9869213059860356
TOI-2076_d,NIRISS_SOSS,obs14,SOSS_HDU4_ordem_2,jw05959014001_04102_00001-seg002_nis_x1dints.fits,seg002,4,225,60693.95712308727,TDB-MID,3472.8820597335066,4.794310471665683,1778,0.5867402182434889,1.4160298518951635,685,0.9744606204228435,0.9737704435038312
TOI-2076_d,NIRISS_SOSS,obs14,SOSS_HDU4_ordem_2,jw05959014001_04102_00001-seg002_nis_x1dints.fits,seg002,4,226,60693.95720016612,TDB-MID,3602.49495521795,4.794438662194763,1778,0.5867402182434889,1.4160298518951635,686,1.0108288760607167,1.0101129407579383
TOI-2076_d,NIRISS_SOSS,obs14,SOSS_HDU4_ordem_2,jw05959014001_04102_00001-seg002_nis_x1dints.fits,seg002,4,227,60693.95727724498,TDB-MID,3826.711155869046,4.794677167498115,1778,0.5867402182434889,1.4160298518951635,687,1.0737419995809798,1.0729815050781202
TOI-2076_d,NIRISS_SOSS,obs14,SOSS_HDU4_ordem_2,jw05959014001_04102_00001-seg002_nis_x1dints.fits,seg002,4,228,60693.95735432384,TDB-MID,3260.093490817127,4.794439811176123,1778,0.5867402182434889,1.4160298518951635,688,0.9147539913698962,0.9141061026012932
TOI-2076_d,NIRISS_SOSS,obs14,SOSS_HDU4_ordem_2,jw05959014001_04102_00001-seg002_nis_x1dints.fits,seg002,4,229,60693.95743140269,TDB-MID,3514.7027988839263,4.794418833859529,1778,0.5867402182434889,1.4160298518951635,689,0.9861951575358565,0.9854966694480798
TOI-2076_d,NIRISS_SOSS,obs14,SOSS_HDU4_ordem_2,jw05959014001_04102_00001-seg002_nis_x1dints.fits,seg002,4,230,60693.957508481544,TDB-MID,3543.5462038398,4.794535491440691,1778,0.5867402182434889,1.4160298518951635,690,0.9942883670963807,0.9935841468668197
TOI-2076_d,NIRISS_SOSS,obs14,SOSS_HDU4_ordem_2,jw05959014001_04102_00001-seg002_nis_x1dints.fits,seg002,4,231,60693.957585560405,TDB-MID,3499.781601121577,4.794267015787006,1778,0.5867402182434889,1.4160298518951635,691,0.9820083987059104,0.9813128759553154
TOI-2076_d,NIRISS_SOSS,obs14,SOSS_HDU4_ordem_2,jw05959014001_04102_00001-seg002_nis_x1dints.fits,seg002,4,232,60693.95766263926,TDB-MID,3711.0019415109455,4.794426086821013,1778,0.5867402182434889,1.4160298518951635,692,1.0412749964197245,1.040537497177773
TOI-2076_d,NIRISS_SOSS,obs14,SOSS_HDU4_ordem_2,jw05959014001_04102_00001-seg002_nis_x1dints.fits,seg002,4,233,60693.95773971811,TDB-MID,3920.692020525431,4.795294715665018,1778,0.5867402182434889,1.4160298518951635,693,1.1001122160483838,1.0993330444287954
TOI-2076_d,NIRISS_SOSS,obs14,SOSS_HDU4_ordem_2,jw05959014001_04102_00001-seg002_nis_x1dints.fits,seg002,4,234,60693.95781679697,TDB-MID,3584.0853506731546,4.794702208695546,1778,0.5867402182434889,1.4160298518951635,694,1.0056633005076452,1.004951023804245
TOI-2076_d,NIRISS_SOSS,obs14,SOSS_HDU4_ordem_2,jw05959014001_04102_00001-seg002_nis_x1dints.fits,seg002,4,235,60693.95789387583,TDB-MID,3565.8818002988696,4.797312166923432,1778,0.5867402182434889,1.4160298518951635,695,1.0005555419697738,0.99984688291595
TOI-2076_d,NIRISS_SOSS,obs14,SOSS_HDU4_ordem_2,jw05959014001_04102_00001-seg002_nis_x1dints.fits,seg002,4,236,60693.957970954674,TDB-MID,3561.166332364058,4.794469001304216,1778,0.5867402182434889,1.4160298518951635,696,0.9992324225173114,0.9985247005834575
TOI-2076_d,NIRISS_SOSS,obs14,SOSS_HDU4_ordem_2,jw05959014001_04102_00001-seg002_nis_x1dints.fits,seg002,4,237,60693.958048033535,TDB-MID,3642.505897925431,4.79446760024706,1778,0.5867402182434889,1.4160298518951635,697,1.0220555999700875,1.021331713165159
TOI-2076_d,NIRISS_SOSS,obs14,SOSS_HDU4_ordem_2,jw05959014001_04102_00001-seg002_nis_x1dints.fits,seg002,4,238,60693.95812511239,TDB-MID,3447.01454537095,4.795285206177125,1778,0.5867402182434889,1.4160298518951635,698,0.9672024199826973,0.9665173837972483
TOI-2076_d,NIRISS_SOSS,obs14,SOSS_HDU4_ordem_2,jw05959014001_04102_00001-seg002_nis_x1dints.fits,seg002,4,239,60693.95820219124,TDB-MID,4029.1647312896057,4.795004483715755,1778,0.5867402182434889,1.4160298518951635,699,1.1305487189909331,1.1297479902438567
TOI-2076_d,NIRISS_SOSS,obs14,SOSS_HDU4_ordem_2,jw05959014001_04102_00001-seg002_nis_x1dints.fits,seg002,4,240,60693.9582792701,TDB-MID,3432.8167873827256,4.794562664838476,1778,0.5867402182434889,1.4160298518951635,700,0.9632186520862199,0.9625364374664608
TOI-2076_d,NIRISS_SOSS,obs14,SOSS_HDU4_ordem_2,jw05959014001_04102_00001-seg002_nis_x1dints.fits,seg002,4,241,60693.95835634895,TDB-MID,3711.8382270194506,4.7945636924159505,1778,0.5867402182434889,1.4160298518951635,701,1.0415096508886792,1.0407719854490436
TOI-2076_d,NIRISS_SOSS,obs14,SOSS_HDU4_ordem_2,jw05959014001_04102_00001-seg002_nis_x1dints.fits,seg002,4,242,60693.95843342781,TDB-MID,3463.5733866518494,4.794187694552565,1778,0.5867402182434889,1.4160298518951635,702,0.9718486873970612,0.9711603604203151
TOI-2076_d,NIRISS_SOSS,obs14,SOSS_HDU4_ordem_2,jw05959014001_04102_00001-seg002_nis_x1dints.fits,seg002,4,243,60693.958510506665,TDB-MID,3508.709092244067,4.794299828355186,1778,0.5867402182434889,1.4160298518951635,703,0.9845133753761255,0.9838160784367699
TOI-2076_d,NIRISS_SOSS,obs14,SOSS_HDU4_ordem_2,jw05959014001_04102_00001-seg002_nis_x1dints.fits,seg002,4,244,60693.95858758552,TDB-MID,3870.6945760696567,4.794777609661844,1778,0.5867402182434889,1.4160298518951635,704,1.0860833662613947,1.0853141307932734
TOI-2076_d,NIRISS_SOSS,obs14,SOSS_HDU4_ordem_2,jw05959014001_04102_00001-seg002_nis_x1dints.fits,seg002,4,245,60693.95866466437,TDB-MID,4079.709639920529,4.794916129352868,1778,0.5867402182434889,1.4160298518951635,705,1.1447311824827928,1.1439204087849493
TOI-2076_d,NIRISS_SOSS,obs14,SOSS_HDU4_ordem_2,jw05959014001_04102_00001-seg002_nis_x1dints.fits,seg002,4,246,60693.958741743234,TDB-MID,3614.473484696997,4.794463054408866,1778,0.5867402182434889,1.4160298518951635,706,1.0141899476626706,1.013471631828556
TOI-2076_d,NIRISS_SOSS,obs14,SOSS_HDU4_ordem_2,jw05959014001_04102_00001-seg002_nis_x1dints.fits,seg002,4,247,60693.95881882209,TDB-MID,3526.294148362267,4.7943267032731445,1778,0.5867402182434889,1.4160298518951635,707,0.9894475897837484,0.9887467981101508
TOI-2076_d,NIRISS_SOSS,obs14,SOSS_HDU4_ordem_2,jw05959014001_04102_00001-seg002_nis_x1dints.fits,seg002,4,248,60693.95889590094,TDB-MID,3807.251868171371,4.7945635859348075,1778,0.5867402182434889,1.4160298518951635,708,1.0682818920286035,1.0675252647320004
TOI-2076_d,NIRISS_SOSS,obs14,SOSS_HDU4_ordem_2,jw05959014001_04102_00001-seg002_nis_x1dints.fits,seg002,4,249,60693.958972979795,TDB-MID,3873.2605957016676,4.7947064532146255,1778,0.5867402182434889,1.4160298518951635,709,1.0868033691407377,1.0860336237193575
TOI-2076_d,NIRISS_SOSS,obs14,SOSS_HDU4_ordem_2,jw05959014001_04102_00001-seg002_nis_x1dints.fits,seg002,4,250,60693.95905005866,TDB-MID,3557.654022199258,4.794284735213476,1778,0.5867402182434889,1.4160298518951635,710,0.9982468987121722,0.9975398747909103
TOI-2076_d,NIRISS_SOSS,obs14,SOSS_HDU4_ordem_2,jw05959014001_04102_00001-seg002_nis_x1dints.fits,seg002,4,251,60693.95912713751,TDB-MID,4015.383543315704,4.794887057264986,1778,0.5867402182434889,1.4160298518951635,711,1.1266818370317333,1.1258838470640604
TOI-2076_d,NIRISS_SOSS,obs14,SOSS_HDU4_ordem_2,jw05959014001_04102_00001-seg002_nis_x1dints.fits,seg002,4,252,60693.959204216364,TDB-MID,3573.1035982051517,4.794372389062719,1778,0.5867402182434889,1.4160298518951635,712,1.002581915899922,1.0018718216351863
TOI-2076_d,NIRISS_SOSS,obs14,SOSS_HDU4_ordem_2,jw05959014001_04102_00001-seg002_nis_x1dints.fits,seg002,4,253,60693.95928129522,TDB-MID,3846.329974049199,4.794725853015712,1778,0.5867402182434889,1.4160298518951635,713,1.0792468700047286,1.0784824765916112
TOI-2076_d,NIRISS_SOSS,obs14,SOSS_HDU4_ordem_2,jw05959014001_04102_00001-seg002_nis_x1dints.fits,seg002,4,254,60693.95935837408,TDB-MID,3553.5182435804873,4.7941140444448145,1778,0.5867402182434889,1.4160298518951635,714,0.997086435059949,0.9963802330551518
TOI-2076_d,NIRISS_SOSS,obs14,SOSS_HDU4_ordem_2,jw05959014001_04102_00001-seg002_nis_x1dints.fits,seg002,4,255,60693.959435452925,TDB-MID,3847.946292336475,4.794683660972149,1778,0.5867402182434889,1.4160298518951635,715,1.0797003949139912,1.0789356802847896
TOI-2076_d,NIRISS_SOSS,obs14,SOSS_HDU4_ordem_2,jw05959014001_04102_00001-seg002_nis_x1dints.fits,seg002,4,256,60693.95951253179,TDB-MID,3580.873401964961,4.794319427918534,1778,0.5867402182434889,1.4160298518951635,716,1.0047620555252017,1.0040504171426041
TOI-2076_d,NIRISS_SOSS,obs14,SOSS_HDU4_ordem_2,jw05959014001_04102_00001-seg002_nis_x1dints.fits,seg002,4,257,60693.95958961064,TDB-MID,3416.621817501933,4.794114734645263,1778,0.5867402182434889,1.4160298518951635,717,0.9586744838345121,0.9579954876927271
TOI-2076_d,NIRISS_SOSS,obs14,SOSS_HDU4_ordem_2,jw05959014001_04102_00001-seg002_nis_x1dints.fits,seg002,4,258,60693.9596666895,TDB-MID,3787.487547558919,4.794699533827576,1778,0.5867402182434889,1.4160298518951635,718,1.0627361948828375,1.061983495412654
TOI-2076_d,NIRISS_SOSS,obs14,SOSS_HDU4_ordem_2,jw05959014001_04102_00001-seg002_nis_x1dints.fits,seg002,4,259,60693.95974376835,TDB-MID,3598.9226696710048,4.794457271542412,1778,0.5867402182434889,1.4160298518951635,719,1.0098265236829136,1.0091112983118258
TOI-2076_d,NIRISS_SOSS,obs14,SOSS_HDU4_ordem_2,jw05959014001_04102_00001-seg002_nis_x1dints.fits,seg002,4,260,60693.9598208472,TDB-MID,3915.5002134329075,4.7946879212335975,1778,0.5867402182434889,1.4160298518951635,720,1.0986554399547883,1.0978773001195685
TOI-2076_d,NIRISS_SOSS,obs14,SOSS_HDU4_ordem_2,jw05959014001_04102_00001-seg002_nis_x1dints.fits,seg002,4,261,60693.95989792606,TDB-MID,3896.620325486214,4.794802579004429,1778,0.5867402182434889,1.4160298518951635,721,1.093357906953204,1.0925835191782816
TOI-2076_d,NIRISS_SOSS,obs14,SOSS_HDU4_ordem_2,jw05959014001_04102_00001-seg002_nis_x1dints.fits,seg002,4,262,60693.959975004924,TDB-MID,3662.8310232551553,4.795131297596625,1778,0.5867402182434889,1.4160298518951635,722,1.027758654061275,1.0270307279794182
TOI-2076_d,NIRISS_SOSS,obs14,SOSS_HDU4_ordem_2,jw05959014001_04102_00001-seg002_nis_x1dints.fits,seg002,4,263,60693.96005208377,TDB-MID,3759.152589166605,4.794565563943212,1778,0.5867402182434889,1.4160298518951635,723,1.0547856510233815,1.0540385826497762
TOI-2076_d,NIRISS_SOSS,obs14,SOSS_HDU4_ordem_2,jw05959014001_04102_00001-seg002_nis_x1dints.fits,seg002,4,264,60693.960129162624,TDB-MID,3425.019833791828,4.794153063341173,1778,0.5867402182434889,1.4160298518951635,724,0.9610308944535357,0.9603502293472108
TOI-2076_d,NIRISS_SOSS,obs14,SOSS_HDU4_ordem_2,jw05959014001_04102_00001-seg002_nis_x1dints.fits,seg002,4,265,60693.960206241485,TDB-MID,3200.535134405759,4.793875157616995,1778,0.5867402182434889,1.4160298518951635,725,0.8980424325142407,0.8974063799676062
TOI-2076_d,NIRISS_SOSS,obs14,SOSS_HDU4_ordem_2,jw05959014001_04102_00001-seg002_nis_x1dints.fits,seg002,4,266,60693.960283320346,TDB-MID,3406.0503564684627,4.794077302610871,1778,0.5867402182434889,1.4160298518951635,726,0.9557082234489689,0.955031328207324
TOI-2076_d,NIRISS_SOSS,obs14,SOSS_HDU4_ordem_2,jw05959014001_04102_00001-seg002_nis_x1dints.fits,seg002,4,267,60693.96036039919,TDB-MID,3095.8985012736707,4.793806597481616,1778,0.5867402182434889,1.4160298518951635,727,0.8686822997233573,0.8680670419482783
TOI-2076_d,NIRISS_SOSS,obs14,SOSS_HDU4_ordem_2,jw05959014001_04102_00001-seg002_nis_x1dints.fits,seg002,4,268,60693.96043747805,TDB-MID,3359.5360005783978,4.794109428345607,1778,0.5867402182434889,1.4160298518951635,728,0.9426566981395607,0.9419890468440923
TOI-2076_d,NIRISS_SOSS,obs14,SOSS_HDU4_ordem_2,jw05959014001_04102_00001-seg002_nis_x1dints.fits,seg002,4,269,60693.96051455691,TDB-MID,3602.582491990506,4.794332875466644,1778,0.5867402182434889,1.4160298518951635,729,1.010853438120766,1.0101374854215255
TOI-2076_d,NIRISS_SOSS,obs14,SOSS_HDU4_ordem_2,jw05959014001_04102_00001-seg002_nis_x1dints.fits,seg002,4,270,60693.96059163576,TDB-MID,3686.428228727388,4.794517457382689,1778,0.5867402182434889,1.4160298518951635,730,1.034379825494457,1.0336472098647578
TOI-2076_d,NIRISS_SOSS,obs14,SOSS_HDU4_ordem_2,jw05959014001_04102_00001-seg002_nis_x1dints.fits,seg002,4,271,60693.960668714615,TDB-MID,3721.2074028891166,4.794514082680731,1778,0.5867402182434889,1.4160298518951635,731,1.0441385604726419,1.0433990330668281
TOI-2076_d,NIRISS_SOSS,obs14,SOSS_HDU4_ordem_2,jw05959014001_04102_00001-seg002_nis_x1dints.fits,seg002,4,272,60693.96074579347,TDB-MID,3623.056766390764,4.794406810497163,1778,0.5867402182434889,1.4160298518951635,732,1.0165983421490685,1.0158783205320299
TOI-2076_d,NIRISS_SOSS,obs14,SOSS_HDU4_ordem_2,jw05959014001_04102_00001-seg002_nis_x1dints.fits,seg002,4,273,60693.96082287233,TDB-MID,3883.3222190826355,4.79488737126111,1778,0.5867402182434889,1.4160298518951635,733,1.0896265734977066,1.0888548284978479
TOI-2076_d,NIRISS_SOSS,obs14,SOSS_HDU4_ordem_2,jw05959014001_04102_00001-seg002_nis_x1dints.fits,seg002,4,274,60693.96089995118,TDB-MID,3253.2339963415097,4.794022226070269,1778,0.5867402182434889,1.4160298518951635,734,0.9128292766437618,0.9121827510843556
TOI-2076_d,NIRISS_SOSS,obs14,SOSS_HDU4_ordem_2,jw05959014001_04102_00001-seg002_nis_x1dints.fits,seg002,4,275,60693.96097703004,TDB-MID,3493.2953244973432,4.794311301481295,1778,0.5867402182434889,1.4160298518951635,735,0.9801884056756921,0.979494171963521
TOI-2076_d,NIRISS_SOSS,obs14,SOSS_HDU4_ordem_2,jw05959014001_04102_00001-seg002_nis_x1dints.fits,seg002,4,276,60693.96105410889,TDB-MID,3147.7785400476278,4.793843604279918,1778,0.5867402182434889,1.4160298518951635,736,0.883239389167135,0.8826138211066206
TOI-2076_d,NIRISS_SOSS,obs14,SOSS_HDU4_ordem_2,jw05959014001_04102_00001-seg002_nis_x1dints.fits,seg002,4,277,60693.96113118775,TDB-MID,3233.17171028453,4.794695688719996,1778,0.5867402182434889,1.4160298518951635,737,0.9071999729755327,0.9065574344581685
TOI-2076_d,NIRISS_SOSS,obs14,SOSS_HDU4_ordem_2,jw05959014001_04102_00001-seg002_nis_x1dints.fits,seg002,4,278,60693.9612082666,TDB-MID,3894.2646436859504,4.794792072326483,1778,0.5867402182434889,1.4160298518951635,738,1.0926969230472952,1.091923003424524
TOI-2076_d,NIRISS_SOSS,obs14,SOSS_HDU4_ordem_2,jw05959014001_04102_00001-seg002_nis_x1dints.fits,seg002,4,279,60693.96128534546,TDB-MID,3639.2463441879872,4.793981371999993,1778,0.5867402182434889,1.4160298518951635,739,1.0211409974288383,1.0204177584054115
TOI-2076_d,NIRISS_SOSS,obs14,SOSS_HDU4_ordem_2,jw05959014001_04102_00001-seg002_nis_x1dints.fits,seg002,4,280,60693.961362424314,TDB-MID,3765.5565605137986,4.794582013337484,1778,0.5867402182434889,1.4160298518951635,740,1.0565825499058719,1.055834208850633
TOI-2076_d,NIRISS_SOSS,obs14,SOSS_HDU4_ordem_2,jw05959014001_04102_00001-seg002_nis_x1dints.fits,seg002,4,281,60693.961439503175,TDB-MID,3876.9776631311943,4.794621224630972,1778,0.5867402182434889,1.4160298518951635,741,1.0878463460605494,1.0870758619345136
TOI-2076_d,NIRISS_SOSS,obs14,SOSS_HDU4_ordem_2,jw05959014001_04102_00001-seg002_nis_x1dints.fits,seg002,4,282,60693.96151658202,TDB-MID,3586.8073548180732,4.794258743128965,1778,0.5867402182434889,1.4160298518951635,742,1.0064270712900178,1.0057142536340595
TOI-2076_d,NIRISS_SOSS,obs14,SOSS_HDU4_ordem_2,jw05959014001_04102_00001-seg002_nis_x1dints.fits,seg002,4,283,60693.961593660875,TDB-MID,3614.27849822498,4.794422908337317,1778,0.5867402182434889,1.4160298518951635,743,1.0141352361477882,1.0134169590639566
TOI-2076_d,NIRISS_SOSS,obs14,SOSS_HDU4_ordem_2,jw05959014001_04102_00001-seg002_nis_x1dints.fits,seg002,4,284,60693.961670739736,TDB-MID,3542.9857814610314,4.794303880456688,1778,0.5867402182434889,1.4160298518951635,744,0.994131117431831,0.9934270085767953
TOI-2076_d,NIRISS_SOSS,obs14,SOSS_HDU4_ordem_2,jw05959014001_04102_00001-seg002_nis_x1dints.fits,seg002,4,285,60693.9617478186,TDB-MID,3213.000080247913,4.793884807041142,1778,0.5867402182434889,1.4160298518951635,745,0.901539988333863,0.9009014585888183
TOI-2076_d,NIRISS_SOSS,obs14,SOSS_HDU4_ordem_2,jw05959014001_04102_00001-seg002_nis_x1dints.fits,seg002,4,286,60693.961824897444,TDB-MID,3428.536308971519,4.794481903427458,1778,0.5867402182434889,1.4160298518951635,746,0.9620175869257719,0.9613362229791282
TOI-2076_d,NIRISS_SOSS,obs14,SOSS_HDU4_ordem_2,jw05959014001_04102_00001-seg002_nis_x1dints.fits,seg002,4,287,60693.9619019763,TDB-MID,3446.6820467773186,4.794868697968734,1778,0.5867402182434889,1.4160298518951635,747,0.9671091237577559,0.9664241536508119
TOI-2076_d,NIRISS_SOSS,obs14,SOSS_HDU4_ordem_2,jw05959014001_04102_00001-seg002_nis_x1dints.fits,seg002,4,288,60693.96197905516,TDB-MID,3848.1471979576227,4.794980283246936,1778,0.5867402182434889,1.4160298518951635,748,1.079756767290842,1.0789920127350263
TOI-2076_d,NIRISS_SOSS,obs14,SOSS_HDU4_ordem_2,jw05959014001_04102_00001-seg002_nis_x1dints.fits,seg002,4,289,60693.96205613401,TDB-MID,3815.700800502599,4.794586240589671,1778,0.5867402182434889,1.4160298518951635,749,1.07065258924774,1.06989428286789
TOI-2076_d,NIRISS_SOSS,obs14,SOSS_HDU4_ordem_2,jw05959014001_04102_00001-seg002_nis_x1dints.fits,seg002,4,290,60693.962133212866,TDB-MID,3613.9757869873642,4.794405509756034,1778,0.5867402182434889,1.4160298518951635,750,1.0140502979968975,1.0133320810718345
TOI-2076_d,NIRISS_SOSS,obs14,SOSS_HDU4_ordem_2,jw05959014001_04102_00001-seg002_nis_x1dints.fits,seg002,4,291,60693.96221029172,TDB-MID,3484.900421127716,4.794244328550306,1778,0.5867402182434889,1.4160298518951635,751,0.9778328685151286,0.9771403031488567
TOI-2076_d,NIRISS_SOSS,obs14,SOSS_HDU4_ordem_2,jw05959014001_04102_00001-seg002_nis_x1dints.fits,seg002,4,292,60693.96228737058,TDB-MID,3452.7357116246512,4.794259520531397,1778,0.5867402182434889,1.4160298518951635,752,0.9688077296710867,0.968121556500036
TOI-2076_d,NIRISS_SOSS,obs14,SOSS_HDU4_ordem_2,jw05959014001_04102_00001-seg002_nis_x1dints.fits,seg002,4,293,60693.962364449435,TDB-MID,3782.3737262985605,4.794778574510928,1778,0.5867402182434889,1.4160298518951635,753,1.0613013009381573,1.0605496177539695
TOI-2076_d,NIRISS_SOSS,obs14,SOSS_HDU4_ordem_2,jw05959014001_04102_00001-seg002_nis_x1dints.fits,seg002,4,294,60693.96244152829,TDB-MID,3329.8510596270935,4.794743441168903,1778,0.5867402182434889,1.4160298518951635,754,0.9343273608689356,0.9336656089563816
TOI-2076_d,NIRISS_SOSS,obs14,SOSS_HDU4_ordem_2,jw05959014001_04102_00001-seg002_nis_x1dints.fits,seg002,4,295,60693.96251860714,TDB-MID,3895.496956984536,4.794783336833137,1778,0.5867402182434889,1.4160298518951635,755,1.093042699483362,1.092268534959042
TOI-2076_d,NIRISS_SOSS,obs14,SOSS_HDU4_ordem_2,jw05959014001_04102_00001-seg002_nis_x1dints.fits,seg002,4,296,60693.962595686,TDB-MID,3171.4424102344196,4.793969133296068,1778,0.5867402182434889,1.4160298518951635,756,0.8898792661417064,0.8892489952848585
TOI-2076_d,NIRISS_SOSS,obs14,SOSS_HDU4_ordem_2,jw05959014001_04102_00001-seg002_nis_x1dints.fits,seg002,4,297,60693.96267276485,TDB-MID,3804.983824213975,4.796841221868645,1778,0.5867402182434889,1.4160298518951635,757,1.0676454985421977,1.0668893219811977
TOI-2076_d,NIRISS_SOSS,obs14,SOSS_HDU4_ordem_2,jw05959014001_04102_00001-seg002_nis_x1dints.fits,seg002,4,298,60693.96274984371,TDB-MID,3449.7243149386472,4.794337282623024,1778,0.5867402182434889,1.4160298518951635,758,0.9679627578486898,0.967277183142099
TOI-2076_d,NIRISS_SOSS,obs14,SOSS_HDU4_ordem_2,jw05959014001_04102_00001-seg002_nis_x1dints.fits,seg002,4,299,60693.962826922565,TDB-MID,3639.4516680538804,4.794525585465187,1778,0.5867402182434889,1.4160298518951635,759,1.0211986095268895,1.0204753296987965
TOI-2076_d,NIRISS_SOSS,obs14,SOSS_HDU4_ordem_2,jw05959014001_04102_00001-seg002_nis_x1dints.fits,seg002,4,300,60693.962904001426,TDB-MID,3827.356802493322,4.794674698337037,1778,0.5867402182434889,1.4160298518951635,760,1.0739231624305223,1.0731625396162514
TOI-2076_d,NIRISS_SOSS,obs14,SOSS_HDU4_ordem_2,jw05959014001_04102_00001-seg002_nis_x1dints.fits,seg002,4,301,60693.96298108027,TDB-MID,3499.978893112358,4.794257338526565,1778,0.5867402182434889,1.4160298518951635,761,0.9820637571293852,0.9813681951703243
TOI-2076_d,NIRISS_SOSS,obs14,SOSS_HDU4_ordem_2,jw05959014001_04102_00001-seg002_nis_x1dints.fits,seg002,4,302,60693.96305815913,TDB-MID,3733.6471467829556,4.7946132256473675,1778,0.5867402182434889,1.4160298518951635,762,1.047629044843891,1.0468870452481307
TOI-2076_d,NIRISS_SOSS,obs14,SOSS_HDU4_ordem_2,jw05959014001_04102_00001-seg002_nis_x1dints.fits,seg002,4,303,60693.96313523799,TDB-MID,3678.8840794105336,4.794364604279052,1778,0.5867402182434889,1.4160298518951635,763,1.0322630025510287,1.0315318861941645
TOI-2076_d,NIRISS_SOSS,obs14,SOSS_HDU4_ordem_2,jw05959014001_04102_00001-seg002_nis_x1dints.fits,seg002,4,304,60693.96321231684,TDB-MID,3832.229222524473,4.7961851167267815,1778,0.5867402182434889,1.4160298518951635,764,1.075290321281543,1.074528730155712
TOI-2076_d,NIRISS_SOSS,obs14,SOSS_HDU4_ordem_2,jw05959014001_04102_00001-seg002_nis_x1dints.fits,seg002,4,305,60693.963289395695,TDB-MID,3579.7733769848924,4.794389184793602,1778,0.5867402182434889,1.4160298518951635,765,1.0044533980452985,1.0037419782741708
TOI-2076_d,NIRISS_SOSS,obs14,SOSS_HDU4_ordem_2,jw05959014001_04102_00001-seg002_nis_x1dints.fits,seg002,4,306,60693.96336647455,TDB-MID,3650.293862131345,4.795275878600234,1778,0.5867402182434889,1.4160298518951635,766,1.0242408352592203,1.0235154007273466
TOI-2076_d,NIRISS_SOSS,obs14,SOSS_HDU4_ordem_2,jw05959014001_04102_00001-seg002_nis_x1dints.fits,seg002,4,307,60693.96344355341,TDB-MID,3751.1820223228624,4.794564351202801,1778,0.5867402182434889,1.4160298518951635,767,1.0525491790159585,1.0518036946585025
TOI-2076_d,NIRISS_SOSS,obs14,SOSS_HDU4_ordem_2,jw05959014001_04102_00001-seg002_nis_x1dints.fits,seg002,4,308,60693.963520632264,TDB-MID,3149.104192076946,4.793956765284528,1778,0.5867402182434889,1.4160298518951635,768,0.8836113556424531,0.8829855241308863
TOI-2076_d,NIRISS_SOSS,obs14,SOSS_HDU4_ordem_2,jw05959014001_04102_00001-seg002_nis_x1dints.fits,seg002,4,309,60693.96359771112,TDB-MID,3616.938070541507,4.794361818945232,1778,0.5867402182434889,1.4160298518951635,769,1.0148814890999607,1.0141626834708468
TOI-2076_d,NIRISS_SOSS,obs14,SOSS_HDU4_ordem_2,jw05959014001_04102_00001-seg002_nis_x1dints.fits,seg002,4,310,60693.96367478997,TDB-MID,3555.9379344414297,4.794341006037495,1778,0.5867402182434889,1.4160298518951635,770,0.9977653793537746,0.9970586964761016
TOI-2076_d,NIRISS_SOSS,obs14,SOSS_HDU4_ordem_2,jw05959014001_04102_00001-seg002_nis_x1dints.fits,seg002,4,311,60693.96375186883,TDB-MID,3493.391598502974,4.794298692837397,1778,0.5867402182434889,1.4160298518951635,771,0.9802154193276514,0.9795211664826403
TOI-2076_d,NIRISS_SOSS,obs14,SOSS_HDU4_ordem_2,jw05959014001_04102_00001-seg002_nis_x1dints.fits,seg002,4,312,60693.963828947686,TDB-MID,3664.0436773198,4.7948822387076815,1778,0.5867402182434889,1.4160298518951635,772,1.0280989142866057,1.027370747210142
TOI-2076_d,NIRISS_SOSS,obs14,SOSS_HDU4_ordem_2,jw05959014001_04102_00001-seg002_nis_x1dints.fits,seg002,4,313,60693.96390602654,TDB-MID,3734.6053353360962,4.794534546704462,1778,0.5867402182434889,1.4160298518951635,773,1.0478979042511256,1.0471557142315007
TOI-2076_d,NIRISS_SOSS,obs14,SOSS_HDU4_ordem_2,jw05959014001_04102_00001-seg002_nis_x1dints.fits,seg002,4,314,60693.963983105394,TDB-MID,3230.153804106391,4.7938328556357135,1778,0.5867402182434889,1.4160298518951635,774,0.9063531746460342,0.9057112358867823
TOI-2076_d,NIRISS_SOSS,obs14,SOSS_HDU4_ordem_2,jw05959014001_04102_00001-seg002_nis_x1dints.fits,seg002,4,315,60693.964060184255,TDB-MID,3701.252870195982,4.794498006849183,1778,0.5867402182434889,1.4160298518951635,775,1.0385394914648414,1.0378039296869004
TOI-2076_d,NIRISS_SOSS,obs14,SOSS_HDU4_ordem_2,jw05959014001_04102_00001-seg002_nis_x1dints.fits,seg002,4,316,60693.9641372631,TDB-MID,3510.048375609053,4.794262687563633,1778,0.5867402182434889,1.4160298518951635,776,0.9848891666861438,0.9841916035867371
TOI-2076_d,NIRISS_SOSS,obs14,SOSS_HDU4_ordem_2,jw05959014001_04102_00001-seg002_nis_x1dints.fits,seg002,4,317,60693.96421434196,TDB-MID,3332.8153541227757,4.794128423171303,1778,0.5867402182434889,1.4160298518951635,777,0.9351591162247741,0.9344967752085284
TOI-2076_d,NIRISS_SOSS,obs14,SOSS_HDU4_ordem_2,jw05959014001_04102_00001-seg002_nis_x1dints.fits,seg002,4,318,60693.964291420816,TDB-MID,3390.0995305721294,4.794199990467403,1778,0.5867402182434889,1.4160298518951635,778,0.9512325598842839,0.9505588346011008
TOI-2076_d,NIRISS_SOSS,obs14,SOSS_HDU4_ordem_2,jw05959014001_04102_00001-seg002_nis_x1dints.fits,seg002,4,319,60693.96436849967,TDB-MID,3395.9803741902815,4.794115055268843,1778,0.5867402182434889,1.4160298518951635,779,0.952882673657855,0.9522077796558788
TOI-2076_d,NIRISS_SOSS,obs14,SOSS_HDU4_ordem_2,jw05959014001_04102_00001-seg002_nis_x1dints.fits,seg002,4,320,60693.964445578524,TDB-MID,3164.1438768509706,4.79390203445544,1778,0.5867402182434889,1.4160298518951635,780,0.8878313609014236,0.8872025405053736
TOI-2076_d,NIRISS_SOSS,obs14,SOSS_HDU4_ordem_2,jw05959014001_04102_00001-seg002_nis_x1dints.fits,seg002,4,321,60693.96452265738,TDB-MID,3463.508400332775,4.794233235511526,1778,0.5867402182434889,1.4160298518951635,781,0.9718304527989047,0.9711421387370969
TOI-2076_d,NIRISS_SOSS,obs14,SOSS_HDU4_ordem_2,jw05959014001_04102_00001-seg002_nis_x1dints.fits,seg002,4,322,60693.96459973624,TDB-MID,3534.736874315707,4.794364156516303,1778,0.5867402182434889,1.4160298518951635,782,0.9918165455470432,0.9911140760236119
TOI-2076_d,NIRISS_SOSS,obs14,SOSS_HDU4_ordem_2,jw05959014001_04102_00001-seg002_nis_x1dints.fits,seg002,4,323,60693.96467681509,TDB-MID,3776.7294140704644,4.794772818897161,1778,0.5867402182434889,1.4160298518951635,783,1.0597175558235672,1.0589669943515354
TOI-2076_d,NIRISS_SOSS,obs14,SOSS_HDU4_ordem_2,jw05959014001_04102_00001-seg002_nis_x1dints.fits,seg002,4,324,60693.964753893946,TDB-MID,3713.6986515884773,4.794624107940102,1778,0.5867402182434889,1.4160298518951635,784,1.042031669905911,1.0412936347381718
TOI-2076_d,NIRISS_SOSS,obs14,SOSS_HDU4_ordem_2,jw05959014001_04102_00001-seg002_nis_x1dints.fits,seg002,4,325,60693.9648309728,TDB-MID,3210.6908371568416,4.7940245570402436,1778,0.5867402182434889,1.4160298518951635,785,0.9008920347274553,0.9002539639056493
TOI-2076_d,NIRISS_SOSS,obs14,SOSS_HDU4_ordem_2,jw05959014001_04102_00001-seg002_nis_x1dints.fits,seg002,4,326,60693.96490805166,TDB-MID,3707.439869778328,4.794574897575781,1778,0.5867402182434889,1.4160298518951635,786,1.0402755099497396,1.0395387186096552
TOI-2076_d,NIRISS_SOSS,obs14,SOSS_HDU4_ordem_2,jw05959014001_04102_00001-seg002_nis_x1dints.fits,seg002,4,327,60693.964985130515,TDB-MID,3843.1091075342943,4.79488174058119,1778,0.5867402182434889,1.4160298518951635,787,1.078343122762977,1.0775793694429263
TOI-2076_d,NIRISS_SOSS,obs14,SOSS_HDU4_ordem_2,jw05959014001_04102_00001-seg002_nis_x1dints.fits,seg002,4,328,60693.96506220937,TDB-MID,3484.5548397750977,4.794194000882996,1778,0.5867402182434889,1.4160298518951635,788,0.9777359013813512,0.9770434046935629
TOI-2076_d,NIRISS_SOSS,obs14,SOSS_HDU4_ordem_2,jw05959014001_04102_00001-seg002_nis_x1dints.fits,seg002,4,329,60693.96513928822,TDB-MID,3448.9801369776706,4.794255171568954,1778,0.5867402182434889,1.4160298518951635,789,0.967753947959645,0.967068521145912
TOI-2076_d,NIRISS_SOSS,obs14,SOSS_HDU4_ordem_2,jw05959014001_04102_00001-seg002_nis_x1dints.fits,seg002,4,330,60693.965216367076,TDB-MID,3883.1077987717326,4.794637473577879,1778,0.5867402182434889,1.4160298518951635,790,1.089566409015988,1.088794706628561
TOI-2076_d,NIRISS_SOSS,obs14,SOSS_HDU4_ordem_2,jw05959014001_04102_00001-seg002_nis_x1dints.fits,seg002,4,331,60693.96529344594,TDB-MID,3938.5512410730585,4.794867380820938,1778,0.5867402182434889,1.4160298518951635,791,1.1051233586198206,1.1043406377804195
TOI-2076_d,NIRISS_SOSS,obs14,SOSS_HDU4_ordem_2,jw05959014001_04102_00001-seg002_nis_x1dints.fits,seg002,4,332,60693.96537052479,TDB-MID,3577.107760538142,4.794518227895525,1778,0.5867402182434889,1.4160298518951635,792,1.0037054491625457,1.002994559137869
TOI-2076_d,NIRISS_SOSS,obs14,SOSS_HDU4_ordem_2,jw05959014001_04102_00001-seg002_nis_x1dints.fits,seg002,4,333,60693.965447603645,TDB-MID,3919.729961637841,4.7947677226846395,1778,0.5867402182434889,1.4160298518951635,793,1.0998422706588313,1.0990632902322715
TOI-2076_d,NIRISS_SOSS,obs14,SOSS_HDU4_ordem_2,jw05959014001_04102_00001-seg002_nis_x1dints.fits,seg002,4,334,60693.9655246825,TDB-MID,3618.479676612269,4.794461585401458,1778,0.5867402182434889,1.4160298518951635,794,1.0153140504085003,1.0145949384110995
TOI-2076_d,NIRISS_SOSS,obs14,SOSS_HDU4_ordem_2,jw05959014001_04102_00001-seg002_nis_x1dints.fits,seg002,4,335,60693.96560176136,TDB-MID,3484.6117049266895,4.7942844215404055,1778,0.5867402182434889,1.4160298518951635,795,0.9777518572502658,0.9770593492614846
TOI-2076_d,NIRISS_SOSS,obs14,SOSS_HDU4_ordem_2,jw05959014001_04102_00001-seg002_nis_x1dints.fits,seg002,4,336,60693.96567884021,TDB-MID,3541.1347753946925,4.794290726205732,1778,0.5867402182434889,1.4160298518951635,796,0.9936117411648612,0.9929080001661598
TOI-2076_d,NIRISS_SOSS,obs14,SOSS_HDU4_ordem_2,jw05959014001_04102_00001-seg002_nis_x1dints.fits,seg002,4,337,60693.96575591907,TDB-MID,3451.7749080767126,4.794543803575748,1778,0.5867402182434889,1.4160298518951635,797,0.9685381365189655,0.9678521542914656
TOI-2076_d,NIRISS_SOSS,obs14,SOSS_HDU4_ordem_2,jw05959014001_04102_00001-seg002_nis_x1dints.fits,seg002,4,338,60693.96583299792,TDB-MID,3616.320421023275,4.794518135643762,1778,0.5867402182434889,1.4160298518951635,798,1.0147081819958355,1.013989499114179
TOI-2076_d,NIRISS_SOSS,obs14,SOSS_HDU4_ordem_2,jw05959014001_04102_00001-seg002_nis_x1dints.fits,seg002,4,339,60693.965910076775,TDB-MID,3533.1678209563984,4.794370675750204,1778,0.5867402182434889,1.4160298518951635,799,0.9913762827671129,0.9906741250666559
TOI-2076_d,NIRISS_SOSS,obs14,SOSS_HDU4_ordem_2,jw05959014001_04102_00001-seg002_nis_x1dints.fits,seg002,4,340,60693.965987155636,TDB-MID,3528.243021773804,4.79426884448074,1778,0.5867402182434889,1.4160298518951635,800,0.989994426779957,0.9892932478005357
TOI-2076_d,NIRISS_SOSS,obs14,SOSS_HDU4_ordem_2,jw05959014001_04102_00001-seg002_nis_x1dints.fits,seg002,4,341,60693.96606423448,TDB-MID,3577.364582975582,4.794360739073952,1778,0.5867402182434889,1.4160298518951635,801,1.0037775113136416,1.0030665702498234
TOI-2076_d,NIRISS_SOSS,obs14,SOSS_HDU4_ordem_2,jw05959014001_04102_00001-seg002_nis_x1dints.fits,seg002,4,342,60693.96614131334,TDB-MID,3312.4354492943794,4.794090195603957,1778,0.5867402182434889,1.4160298518951635,802,0.9294406914808133,0.9287824006280003
TOI-2076_d,NIRISS_SOSS,obs14,SOSS_HDU4_ordem_2,jw05959014001_04102_00001-seg002_nis_x1dints.fits,seg002,4,343,60693.9662183922,TDB-MID,3743.8214031979464,4.7946442666192395,1778,0.5867402182434889,1.4160298518951635,803,1.0504838530544682,1.0497398314963073
TOI-2076_d,NIRISS_SOSS,obs14,SOSS_HDU4_ordem_2,jw05959014001_04102_00001-seg002_nis_x1dints.fits,seg002,4,344,60693.96629547105,TDB-MID,3559.8758198804762,4.795216877020632,1778,0.5867402182434889,1.4160298518951635,804,0.9988703158941136,0.9981628504279181
TOI-2076_d,NIRISS_SOSS,obs14,SOSS_HDU4_ordem_2,jw05959014001_04102_00001-seg002_nis_x1dints.fits,seg002,4,345,60693.966372549905,TDB-MID,3759.2892617360512,4.7945556799754785,1778,0.5867402182434889,1.4160298518951635,805,1.0548240001623752,1.0540769046273946
TOI-2076_d,NIRISS_SOSS,obs14,SOSS_HDU4_ordem_2,jw05959014001_04102_00001-seg002_nis_x1dints.fits,seg002,4,346,60693.966449628766,TDB-MID,3536.1641947506428,4.794294578345141,1778,0.5867402182434889,1.4160298518951635,806,0.9922170392962252,0.9915142861168553
TOI-2076_d,NIRISS_SOSS,obs14,SOSS_HDU4_ordem_2,jw05959014001_04102_00001-seg002_nis_x1dints.fits,seg002,4,347,60693.96652670762,TDB-MID,3391.6823030484334,4.794247053909869,1778,0.5867402182434889,1.4160298518951635,807,0.9516766721295945,0.9510026322969933
TOI-2076_d,NIRISS_SOSS,obs14,SOSS_HDU4_ordem_2,jw05959014001_04102_00001-seg002_nis_x1dints.fits,seg002,4,348,60693.96660378647,TDB-MID,3401.248196581706,4.79408243574151,1778,0.5867402182434889,1.4160298518951635,808,0.9543607789858023,0.953684838092695
TOI-2076_d,NIRISS_SOSS,obs14,SOSS_HDU4_ordem_2,jw05959014001_04102_00001-seg002_nis_x1dints.fits,seg002,4,349,60693.96668086533,TDB-MID,3799.1855604366688,4.794646514891561,1778,0.5867402182434889,1.4160298518951635,809,1.0660185559565796,1.065263531703018
TOI-2076_d,NIRISS_SOSS,obs14,SOSS_HDU4_ordem_2,jw05959014001_04102_00001-seg002_nis_x1dints.fits,seg002,4,350,60693.96675794419,TDB-MID,3572.36045807383,4.794311815875296,1778,0.5867402182434889,1.4160298518951635,810,1.002373397216888,1.0016634506387585
TOI-2076_d,NIRISS_SOSS,obs14,SOSS_HDU4_ordem_2,jw05959014001_04102_00001-seg002_nis_x1dints.fits,seg002,4,351,60693.96683502304,TDB-MID,3554.186157819525,4.794328386784807,1778,0.5867402182434889,1.4160298518951635,811,0.9972738460092894,0.9965675112677669
TOI-2076_d,NIRISS_SOSS,obs14,SOSS_HDU4_ordem_2,jw05959014001_04102_00001-seg002_nis_x1dints.fits,seg002,4,352,60693.96691210189,TDB-MID,3852.0356397843725,4.794696373976794,1778,0.5867402182434889,1.4160298518951635,812,1.0808478303819,1.0800823030636484
TOI-2076_d,NIRISS_SOSS,obs14,SOSS_HDU4_ordem_2,jw05959014001_04102_00001-seg002_nis_x1dints.fits,seg002,4,353,60693.96698918075,TDB-MID,3715.84943505496,4.7944797398819725,1778,0.5867402182434889,1.4160298518951635,813,1.0426351611143927,1.0418966985146014
TOI-2076_d,NIRISS_SOSS,obs14,SOSS_HDU4_ordem_2,jw05959014001_04102_00001-seg002_nis_x1dints.fits,seg002,4,354,60693.96706625961,TDB-MID,3760.705443408277,4.794602577236987,1778,0.5867402182434889,1.4160298518951635,814,1.0552213684712357,1.0544739914939585
TOI-2076_d,NIRISS_SOSS,obs14,SOSS_HDU4_ordem_2,jw05959014001_04102_00001-seg002_nis_x1dints.fits,seg002,4,355,60693.967143338465,TDB-MID,3151.3392834973647,4.793873305120339,1778,0.5867402182434889,1.4160298518951635,815,0.8842385029324505,0.8836122272340431
TOI-2076_d,NIRISS_SOSS,obs14,SOSS_HDU4_ordem_2,jw05959014001_04102_00001-seg002_nis_x1dints.fits,seg002,4,356,60693.96722041731,TDB-MID,3385.391383958091,4.794090258986761,1778,0.5867402182434889,1.4160298518951635,816,0.949911494731006,0.9492387051128034
TOI-2076_d,NIRISS_SOSS,obs14,SOSS_HDU4_ordem_2,jw05959014001_04102_00001-seg002_nis_x1dints.fits,seg002,4,357,60693.96729749617,TDB-MID,3885.5220285892,4.794722412603111,1778,0.5867402182434889,1.4160298518951635,817,1.0902438209883236,1.0894716388133114
TOI-2076_d,NIRISS_SOSS,obs14,SOSS_HDU4_ordem_2,jw05959014001_04102_00001-seg002_nis_x1dints.fits,seg002,4,358,60693.967374575026,TDB-MID,3898.0623408746965,4.7947405670006935,1778,0.5867402182434889,1.4160298518951635,818,1.093762523979049,1.0929878496278131
TOI-2076_d,NIRISS_SOSS,obs14,SOSS_HDU4_ordem_2,jw05959014001_04102_00001-seg002_nis_x1dints.fits,seg002,4,359,60693.96745165388,TDB-MID,3748.8879644578346,4.79454890350022,1778,0.5867402182434889,1.4160298518951635,819,1.0519054862524293,1.0511604578004035
TOI-2076_d,NIRISS_SOSS,obs14,SOSS_HDU4_ordem_2,jw05959014001_04102_00001-seg002_nis_x1dints.fits,seg002,4,360,60693.96752873273,TDB-MID,3777.6289197656865,4.79458740103326,1778,0.5867402182434889,1.4160298518951635,820,1.0599699493292387,1.0592192090955737
TOI-2076_d,NIRISS_SOSS,obs14,SOSS_HDU4_ordem_2,jw05959014001_04102_00001-seg002_nis_x1dints.fits,seg002,4,361,60693.967605811595,TDB-MID,3430.4206462969096,4.794200603681258,1778,0.5867402182434889,1.4160298518951635,821,0.9625463156552834,0.9618645772282782
TOI-2076_d,NIRISS_SOSS,obs14,SOSS_HDU4_ordem_2,jw05959014001_04102_00001-seg002_nis_x1dints.fits,seg002,4,362,60693.96768289045,TDB-MID,3327.956868369277,4.793965860923081,1778,0.5867402182434889,1.4160298518951635,822,0.93379586721135,0.933134491737461
TOI-2076_d,NIRISS_SOSS,obs14,SOSS_HDU4_ordem_2,jw05959014001_04102_00001-seg002_nis_x1dints.fits,seg002,4,363,60693.967759969295,TDB-MID,3482.2634282880495,4.794265854347081,1778,0.5867402182434889,1.4160298518951635,823,0.9770929511685575,0.9764009098602762
TOI-2076_d,NIRISS_SOSS,obs14,SOSS_HDU4_ordem_2,jw05959014001_04102_00001-seg002_nis_x1dints.fits,seg002,4,364,60693.967837048156,TDB-MID,3435.601357811754,4.794191492896638,1778,0.5867402182434889,1.4160298518951635,824,0.9639999784259029,0.9633172104195886
TOI-2076_d,NIRISS_SOSS,obs14,SOSS_HDU4_ordem_2,jw05959014001_04102_00001-seg002_nis_x1dints.fits,seg002,4,365,60693.96791412702,TDB-MID,3554.4295895225046,4.794353960607123,1778,0.5867402182434889,1.4160298518951635,825,0.9973421508362994,0.9966357677168188
TOI-2076_d,NIRISS_SOSS,obs14,SOSS_HDU4_ordem_2,jw05959014001_04102_00001-seg002_nis_x1dints.fits,seg002,4,366,60693.96799120587,TDB-MID,3354.0199091954046,4.7941636392522025,1778,0.5867402182434889,1.4160298518951635,826,0.9411089306833307,0.9404423756182814
TOI-2076_d,NIRISS_SOSS,obs14,SOSS_HDU4_ordem_2,jw05959014001_04102_00001-seg002_nis_x1dints.fits,seg002,4,367,60693.96806828472,TDB-MID,3569.5484815957684,4.794285465636926,1778,0.5867402182434889,1.4160298518951635,827,1.0015843809772644,1.0008749932321819
TOI-2076_d,NIRISS_SOSS,obs14,SOSS_HDU4_ordem_2,jw05959014001_04102_00001-seg002_nis_x1dints.fits,seg002,4,368,60693.96814536358,TDB-MID,3329.4056968438445,4.794085204317746,1778,0.5867402182434889,1.4160298518951635,828,0.9342023959301288,0.9335407325259399
TOI-2076_d,NIRISS_SOSS,obs14,SOSS_HDU4_ordem_2,jw05959014001_04102_00001-seg002_nis_x1dints.fits,seg002,4,369,60693.96822244244,TDB-MID,3708.4368493051547,4.79536710617803,1778,0.5867402182434889,1.4160298518951635,829,1.0405552537681448,1.0398182642951417
TOI-2076_d,NIRISS_SOSS,obs14,SOSS_HDU4_ordem_2,jw05959014001_04102_00001-seg002_nis_x1dints.fits,seg002,4,370,60693.968299521286,TDB-MID,3861.686410576636,4.794560881981429,1778,0.5867402182434889,1.4160298518951635,830,1.08355575306169,1.082788307815004
TOI-2076_d,NIRISS_SOSS,obs14,SOSS_HDU4_ordem_2,jw05959014001_04102_00001-seg002_nis_x1dints.fits,seg002,4,371,60693.96837660014,TDB-MID,3485.0479243932764,4.794254105892717,1778,0.5867402182434889,1.4160298518951635,831,0.9778742566536257,0.9771816619735598
TOI-2076_d,NIRISS_SOSS,obs14,SOSS_HDU4_ordem_2,jw05959014001_04102_00001-seg002_nis_x1dints.fits,seg002,4,372,60693.968453679,TDB-MID,3490.684084729504,4.794291148361926,1778,0.5867402182434889,1.4160298518951635,832,0.9794557144179773,0.9787619996458066
TOI-2076_d,NIRISS_SOSS,obs14,SOSS_HDU4_ordem_2,jw05959014001_04102_00001-seg002_nis_x1dints.fits,seg002,4,373,60693.96853075786,TDB-MID,3625.0133396565316,4.794394767953963,1778,0.5867402182434889,1.4160298518951635,833,1.0171473396576707,1.0164269292045918
TOI-2076_d,NIRISS_SOSS,obs14,SOSS_HDU4_ordem_2,jw05959014001_04102_00001-seg002_nis_x1dints.fits,seg002,4,374,60693.96860783671,TDB-MID,3340.603723302395,4.794074581292875,1778,0.5867402182434889,1.4160298518951635,834,0.9373444651460202,0.9366805763223478
TOI-2076_d,NIRISS_SOSS,obs14,SOSS_HDU4_ordem_2,jw05959014001_04102_00001-seg002_nis_x1dints.fits,seg002,4,375,60693.96868491556,TDB-MID,3856.761772814416,4.794718177476589,1778,0.5867402182434889,1.4160298518951635,835,1.0821739423676928,1.081407475809963
TOI-2076_d,NIRISS_SOSS,obs14,SOSS_HDU4_ordem_2,jw05959014001_04102_00001-seg002_nis_x1dints.fits,seg002,4,376,60693.96876199442,TDB-MID,3421.2769190683903,4.794213467981376,1778,0.5867402182434889,1.4160298518951635,836,0.9599806650069673,0.9593007437420134
TOI-2076_d,NIRISS_SOSS,obs14,SOSS_HDU4_ordem_2,jw05959014001_04102_00001-seg002_nis_x1dints.fits,seg002,4,377,60693.96883907327,TDB-MID,3668.1185110796127,4.79446620137493,1778,0.5867402182434889,1.4160298518951635,837,1.0292422773393701,1.0285133004582079
TOI-2076_d,NIRISS_SOSS,obs14,SOSS_HDU4_ordem_2,jw05959014001_04102_00001-seg002_nis_x1dints.fits,seg002,4,378,60693.96891615213,TDB-MID,3776.435534954354,4.794613784031398,1778,0.5867402182434889,1.4160298518951635,838,1.059635095889458,1.0588845928209596
TOI-2076_d,NIRISS_SOSS,obs14,SOSS_HDU4_ordem_2,jw05959014001_04102_00001-seg002_nis_x1dints.fits,seg002,4,379,60693.968993230985,TDB-MID,3217.230294259252,4.793695603669868,1778,0.5867402182434889,1.4160298518951635,839,0.902726949739148,0.9020875793101922
TOI-2076_d,NIRISS_SOSS,obs14,SOSS_HDU4_ordem_2,jw05959014001_04102_00001-seg002_nis_x1dints.fits,seg002,4,380,60693.969070309846,TDB-MID,3420.4208173180114,4.79410978110631,1778,0.5867402182434889,1.4160298518951635,840,0.9597404502722109,0.9590606991430859
TOI-2076_d,NIRISS_SOSS,obs14,SOSS_HDU4_ordem_2,jw05959014001_04102_00001-seg002_nis_x1dints.fits,seg002,4,381,60693.96914738869,TDB-MID,4219.826398153427,4.795229112206108,1778,0.5867402182434889,1.4160298518951635,841,1.1840467310130371,1.18320811146531
TOI-2076_d,NIRISS_SOSS,obs14,SOSS_HDU4_ordem_2,jw05959014001_04102_00001-seg002_nis_x1dints.fits,seg002,4,382,60693.96922446755,TDB-MID,3798.5118861943192,4.79482423970141,1778,0.5867402182434889,1.4160298518951635,842,1.0658295288002089,1.0650746384280763
TOI-2076_d,NIRISS_SOSS,obs14,SOSS_HDU4_ordem_2,jw05959014001_04102_00001-seg002_nis_x1dints.fits,seg002,4,383,60693.96930154641,TDB-MID,3689.0908545242323,4.794455566199054,1778,0.5867402182434889,1.4160298518951635,843,1.035126935226754,1.034393790444945
TOI-2076_d,NIRISS_SOSS,obs14,SOSS_HDU4_ordem_2,jw05959014001_04102_00001-seg002_nis_x1dints.fits,seg002,4,384,60693.96937862526,TDB-MID,3474.9666627030592,4.794207732344306,1778,0.5867402182434889,1.4160298518951635,844,0.9750455419572078,0.9743549507584043
TOI-2076_d,NIRISS_SOSS,obs14,SOSS_HDU4_ordem_2,jw05959014001_04102_00001-seg002_nis_x1dints.fits,seg002,4,385,60693.969455704115,TDB-MID,3514.758007795652,4.794269260128971,1778,0.5867402182434889,1.4160298518951635,845,0.9862106486782125,0.9855121496185928
TOI-2076_d,NIRISS_SOSS,obs14,SOSS_HDU4_ordem_2,jw05959014001_04102_00001-seg002_nis_x1dints.fits,seg002,4,386,60693.96953278297,TDB-MID,3156.1796473372447,4.7938098694825895,1778,0.5867402182434889,1.4160298518951635,846,0.8855966670939032,0.8849694294545646
TOI-2076_d,NIRISS_SOSS,obs14,SOSS_HDU4_ordem_2,jw05959014001_04102_00001-seg002_nis_x1dints.fits,seg002,4,387,60693.96960986183,TDB-MID,3594.1359320672605,4.794303217062106,1778,0.5867402182434889,1.4160298518951635,847,1.0084834065787571,1.0077691324912876
TOI-2076_d,NIRISS_SOSS,obs14,SOSS_HDU4_ordem_2,jw05959014001_04102_00001-seg002_nis_x1dints.fits,seg002,4,388,60693.96968694068,TDB-MID,3535.238790360246,4.794358222494582,1778,0.5867402182434889,1.4160298518951635,848,0.9919573788410478,0.9912548095702415
TOI-2076_d,NIRISS_SOSS,obs14,SOSS_HDU4_ordem_2,jw05959014001_04102_00001-seg002_nis_x1dints.fits,seg002,4,389,60693.96976401954,TDB-MID,3805.610933732628,4.794597603575086,1778,0.5867402182434889,1.4160298518951635,849,1.067821460040489,1.067065158852016
TOI-2076_d,NIRISS_SOSS,obs14,SOSS_HDU4_ordem_2,jw05959014001_04102_00001-seg002_nis_x1dints.fits,seg002,4,390,60693.96984109839,TDB-MID,3516.2110474918236,4.7942938184174375,1778,0.5867402182434889,1.4160298518951635,850,0.9866183590292917,0.9859195712024627
TOI-2076_d,NIRISS_SOSS,obs14,SOSS_HDU4_ordem_2,jw05959014001_04102_00001-seg002_nis_x1dints.fits,seg002,4,391,60693.969918177245,TDB-MID,3590.3874814707333,4.794397909002652,1778,0.5867402182434889,1.4160298518951635,851,1.0074316238141572,1.0067180946682202
TOI-2076_d,NIRISS_SOSS,obs14,SOSS_HDU4_ordem_2,jw05959014001_04102_00001-seg002_nis_x1dints.fits,seg002,4,392,60693.969995256106,TDB-MID,3628.369023468513,4.794465535651203,1778,0.5867402182434889,1.4160298518951635,852,1.0180889154650614,1.0173678381262448
TOI-2076_d,NIRISS_SOSS,obs14,SOSS_HDU4_ordem_2,jw05959014001_04102_00001-seg002_nis_x1dints.fits,seg002,4,393,60693.97007233496,TDB-MID,3368.7907352026828,4.794118422882692,1778,0.5867402182434889,1.4160298518951635,853,0.9452534965014727,0.9445840059830998
TOI-2076_d,NIRISS_SOSS,obs14,SOSS_HDU4_ordem_2,jw05959014001_04102_00001-seg002_nis_x1dints.fits,seg002,4,394,60693.97014941381,TDB-MID,3700.8677010971574,4.794625355310725,1778,0.5867402182434889,1.4160298518951635,854,1.0384314163524269,1.0376959311203682
TOI-2076_d,NIRISS_SOSS,obs14,SOSS_HDU4_ordem_2,jw05959014001_04102_00001-seg002_nis_x1dints.fits,seg002,4,395,60693.97022649267,TDB-MID,3533.692146580008,4.794278522592855,1778,0.5867402182434889,1.4160298518951635,855,0.9915234039948707,0.9908211420935116
TOI-2076_d,NIRISS_SOSS,obs14,SOSS_HDU4_ordem_2,jw05959014001_04102_00001-seg002_nis_x1dints.fits,seg002,4,396,60693.97030357153,TDB-MID,3410.687029775534,4.794109716167709,1778,0.5867402182434889,1.4160298518951635,856,0.9570092338114842,0.9563314171089768
TOI-2076_d,NIRISS_SOSS,obs14,SOSS_HDU4_ordem_2,jw05959014001_04102_00001-seg002_nis_x1dints.fits,seg002,4,397,60693.97038065038,TDB-MID,3336.8762084117466,4.794188139815732,1778,0.5867402182434889,1.4160298518951635,857,0.9362985567591241,0.9356354087163645
TOI-2076_d,NIRISS_SOSS,obs14,SOSS_HDU4_ordem_2,jw05959014001_04102_00001-seg002_nis_x1dints.fits,seg002,4,398,60693.97045772923,TDB-MID,3486.530852720904,4.794200793187124,1778,0.5867402182434889,1.4160298518951635,858,0.9782903534957665,0.9775974641086282
TOI-2076_d,NIRISS_SOSS,obs14,SOSS_HDU4_ordem_2,jw05959014001_04102_00001-seg002_nis_x1dints.fits,seg002,4,399,60693.97053480809,TDB-MID,3484.0492573690635,4.794344901528958,1778,0.5867402182434889,1.4160298518951635,859,0.9775940393380728,0.9769016431262871
TOI-2076_d,NIRISS_SOSS,obs14,SOSS_HDU4_ordem_2,jw05959014001_04102_00001-seg002_nis_x1dints.fits,seg002,4,400,60693.97061188694,TDB-MID,3737.5586426001046,4.794611994765053,1778,0.5867402182434889,1.4160298518951635,860,1.0487265766849385,1.0479837997451495
TOI-2076_d,NIRISS_SOSS,obs14,SOSS_HDU4_ordem_2,jw05959014001_04102_00001-seg002_nis_x1dints.fits,seg002,4,401,60693.970688965805,TDB-MID,3549.7200611776407,4.7943943847161545,1778,0.5867402182434889,1.4160298518951635,861,0.9960206979813219,0.9953152508014175
TOI-2076_d,NIRISS_SOSS,obs14,SOSS_HDU4_ordem_2,jw05959014001_04102_00001-seg002_nis_x1dints.fits,seg002,4,402,60693.97076604465,TDB-MID,3564.9468140994322,4.796321952241563,1778,0.5867402182434889,1.4160298518951635,862,1.0002931929419865,0.9995847197009499
TOI-2076_d,NIRISS_SOSS,obs14,SOSS_HDU4_ordem_2,jw05959014001_04102_00001-seg002_nis_x1dints.fits,seg002,4,403,60693.97084312351,TDB-MID,3475.3597554228472,4.794611880859943,1778,0.5867402182434889,1.4160298518951635,863,0.9751558403690225,0.9744651710496501
TOI-2076_d,NIRISS_SOSS,obs14,SOSS_HDU4_ordem_2,jw05959014001_04102_00001-seg002_nis_x1dints.fits,seg002,4,404,60693.970920202366,TDB-MID,3666.016582028736,4.794925023544385,1778,0.5867402182434889,1.4160298518951635,864,1.028652494256682,1.0279239350985783
TOI-2076_d,NIRISS_SOSS,obs14,SOSS_HDU4_ordem_2,jw05959014001_04102_00001-seg002_nis_x1dints.fits,seg002,4,405,60693.97099728121,TDB-MID,3593.9908455827735,4.794377641856617,1778,0.5867402182434889,1.4160298518951635,865,1.0084426965680928,1.0077284513141227
TOI-2076_d,NIRISS_SOSS,obs14,SOSS_HDU4_ordem_2,jw05959014001_04102_00001-seg002_nis_x1dints.fits,seg002,4,406,60693.97107436007,TDB-MID,3473.8433320924264,4.794312415290252,1778,0.5867402182434889,1.4160298518951635,866,0.9747303451192648,0.9740399771635333
TOI-2076_d,NIRISS_SOSS,obs14,SOSS_HDU4_ordem_2,jw05959014001_04102_00001-seg002_nis_x1dints.fits,seg002,4,407,60693.971151438935,TDB-MID,3346.9984031575555,4.794170727066961,1778,0.5867402182434889,1.4160298518951635,867,0.9391387569163383,0.9384735972575599
TOI-2076_d,NIRISS_SOSS,obs14,SOSS_HDU4_ordem_2,jw05959014001_04102_00001-seg002_nis_x1dints.fits,seg002,4,408,60693.97122851779,TDB-MID,3263.026247182357,4.794010276634225,1778,0.5867402182434889,1.4160298518951635,868,0.9155768973995442,0.9149284257949227
TOI-2076_d,NIRISS_SOSS,obs14,SOSS_HDU4_ordem_2,jw05959014001_04102_00001-seg002_nis_x1dints.fits,seg002,4,409,60693.971305596635,TDB-MID,3559.100189527003,4.7947467957852385,1778,0.5867402182434889,1.4160298518951635,869,0.998652680736206,0.9979453694135024
TOI-2076_d,NIRISS_SOSS,obs14,SOSS_HDU4_ordem_2,jw05959014001_04102_00001-seg002_nis_x1dints.fits,seg002,4,410,60693.971382675496,TDB-MID,3740.020947748985,4.794716517950286,1778,0.5867402182434889,1.4160298518951635,870,1.0494174781787924,1.0486742118972543
TOI-2076_d,NIRISS_SOSS,obs14,SOSS_HDU4_ordem_2,jw05959014001_04102_00001-seg002_nis_x1dints.fits,seg002,4,411,60693.97145975436,TDB-MID,3456.38911237488,4.794437486535838,1778,0.5867402182434889,1.4160298518951635,871,0.9698328422722311,0.9691459430492066
TOI-2076_d,NIRISS_SOSS,obs14,SOSS_HDU4_ordem_2,jw05959014001_04102_00001-seg002_nis_x1dints.fits,seg002,4,412,60693.9715368332,TDB-MID,3877.7511865928473,4.79465907197993,1778,0.5867402182434889,1.4160298518951635,872,1.088063390042864,1.0872927521920457
TOI-2076_d,NIRISS_SOSS,obs14,SOSS_HDU4_ordem_2,jw05959014001_04102_00001-seg002_nis_x1dints.fits,seg002,4,413,60693.97161391206,TDB-MID,3596.9682959594493,4.794420522606192,1778,0.5867402182434889,1.4160298518951635,873,1.0092781433501687,1.0085633063779968
TOI-2076_d,NIRISS_SOSS,obs14,SOSS_HDU4_ordem_2,jw05959014001_04102_00001-seg002_nis_x1dints.fits,seg002,4,414,60693.97169099092,TDB-MID,3944.008152987299,4.792361849079705,1778,0.5867402182434889,1.4160298518951635,874,1.1066545208297898,1.105870715520894
TOI-2076_d,NIRISS_SOSS,obs14,SOSS_HDU4_ordem_2,jw05959014001_04102_00001-seg002_nis_x1dints.fits,seg002,4,415,60693.97176806978,TDB-MID,3473.620992115487,4.794227655550725,1778,0.5867402182434889,1.4160298518951635,875,0.9746679584478642,0.9739776346784649
TOI-2076_d,NIRISS_SOSS,obs14,SOSS_HDU4_ordem_2,jw05959014001_04102_00001-seg002_nis_x1dints.fits,seg002,4,416,60693.971845148626,TDB-MID,3348.8607409723195,4.794109795712945,1778,0.5867402182434889,1.4160298518951635,876,0.9396613127737495,0.9389957830066423
TOI-2076_d,NIRISS_SOSS,obs14,SOSS_HDU4_ordem_2,jw05959014001_04102_00001-seg002_nis_x1dints.fits,seg002,4,417,60693.97192222748,TDB-MID,3676.3339229221424,4.794423249545109,1778,0.5867402182434889,1.4160298518951635,877,1.0315474507323632,1.0308168411762249
TOI-2076_d,NIRISS_SOSS,obs14,SOSS_HDU4_ordem_2,jw05959014001_04102_00001-seg002_nis_x1dints.fits,seg002,4,418,60693.97199930634,TDB-MID,3426.2571084948163,4.794153060386108,1778,0.5867402182434889,1.4160298518951635,878,0.9613780630166973,0.9606971520228278
TOI-2076_d,NIRISS_SOSS,obs14,SOSS_HDU4_ordem_2,jw05959014001_04102_00001-seg002_nis_x1dints.fits,seg002,4,419,60693.97207638519,TDB-MID,3422.9082413907086,4.794222249027932,1778,0.5867402182434889,1.4160298518951635,879,0.9604383999184829,0.959758154455645
TOI-2076_d,NIRISS_SOSS,obs14,SOSS_HDU4_ordem_2,jw05959014001_04102_00001-seg002_nis_x1dints.fits,seg002,4,420,60693.97215346405,TDB-MID,3554.79857936998,4.794318537911044,1778,0.5867402182434889,1.4160298518951635,880,0.997445686190946,0.9967392297409372
TOI-2076_d,NIRISS_SOSS,obs14,SOSS_HDU4_ordem_2,jw05959014001_04102_00001-seg002_nis_x1dints.fits,seg002,4,421,60693.9722305429,TDB-MID,3704.4899786105107,4.798060063650149,1778,0.5867402182434889,1.4160298518951635,881,1.0394477960429243,1.038711590944112
TOI-2076_d,NIRISS_SOSS,obs14,SOSS_HDU4_ordem_2,jw05959014001_04102_00001-seg002_nis_x1dints.fits,seg002,4,422,60693.97230762176,TDB-MID,3532.0319005049555,4.794747882220236,1778,0.5867402182434889,1.4160298518951635,882,0.9910575533289041,0.9903556213735384
TOI-2076_d,NIRISS_SOSS,obs14,SOSS_HDU4_ordem_2,jw05959014001_04102_00001-seg002_nis_x1dints.fits,seg002,4,423,60693.97238470061,TDB-MID,3428.4244574370064,4.7941451106873325,1778,0.5867402182434889,1.4160298518951635,883,0.9619862023541562,0.9613048606361246
TOI-2076_d,NIRISS_SOSS,obs14,SOSS_HDU4_ordem_2,jw05959014001_04102_00001-seg002_nis_x1dints.fits,seg002,4,424,60693.97246177946,TDB-MID,3519.9615967046143,4.794379098612961,1778,0.5867402182434889,1.4160298518951635,884,0.987670730647435,0.9869711974620088
TOI-2076_d,NIRISS_SOSS,obs14,SOSS_HDU4_ordem_2,jw05959014001_04102_00001-seg002_nis_x1dints.fits,seg002,4,425,60693.972538858325,TDB-MID,3351.552093666342,4.794152518922415,1778,0.5867402182434889,1.4160298518951635,885,0.940416483024534,0.9397504183963291
TOI-2076_d,NIRISS_SOSS,obs14,SOSS_HDU4_ordem_2,jw05959014001_04102_00001-seg002_nis_x1dints.fits,seg002,4,426,60693.97261593718,TDB-MID,3540.27505440342,4.794351265931699,1778,0.5867402182434889,1.4160298518951635,886,0.9933705109024634,0.9926669407588544
TOI-2076_d,NIRISS_SOSS,obs14,SOSS_HDU4_ordem_2,jw05959014001_04102_00001-seg002_nis_x1dints.fits,seg002,4,427,60693.97269301603,TDB-MID,3891.4739445846712,4.794858292036194,1778,0.5867402182434889,1.4160298518951635,887,1.0919138770552712,1.0911405120370257
TOI-2076_d,NIRISS_SOSS,obs14,SOSS_HDU4_ordem_2,jw05959014001_04102_00001-seg002_nis_x1dints.fits,seg002,4,428,60693.972770094886,TDB-MID,3443.9683240369814,4.794213860631438,1778,0.5867402182434889,1.4160298518951635,888,0.966347676665767,0.9656632458655912
TOI-2076_d,NIRISS_SOSS,obs14,SOSS_HDU4_ordem_2,jw05959014001_04102_00001-seg002_nis_x1dints.fits,seg002,4,429,60693.97284717375,TDB-MID,3641.6357456926116,4.794370213676034,1778,0.5867402182434889,1.4160298518951635,889,1.0218114427916773,1.021087728914875
TOI-2076_d,NIRISS_SOSS,obs14,SOSS_HDU4_ordem_2,jw05959014001_04102_00001-seg002_nis_x1dints.fits,seg002,4,430,60693.9729242526,TDB-MID,3809.827352598325,4.79456094806239,1778,0.5867402182434889,1.4160298518951635,890,1.0690045506474142,1.0682474115165832
TOI-2076_d,NIRISS_SOSS,obs14,SOSS_HDU4_ordem_2,jw05959014001_04102_00001-seg002_nis_x1dints.fits,seg002,4,431,60693.973001331455,TDB-MID,3777.3179856300176,4.794618788726977,1778,0.5867402182434889,1.4160298518951635,891,1.059882703904389,1.0591320254636556
TOI-2076_d,NIRISS_SOSS,obs14,SOSS_HDU4_ordem_2,jw05959014001_04102_00001-seg002_nis_x1dints.fits,seg002,4,432,60693.97307841031,TDB-MID,3563.4384692023004,4.7944075019749715,1778,0.5867402182434889,1.4160298518951635,892,0.9998699644306264,0.9991617909477778
TOI-2076_d,NIRISS_SOSS,obs14,SOSS_HDU4_ordem_2,jw05959014001_04102_00001-seg002_nis_x1dints.fits,seg002,4,433,60693.97315548916,TDB-MID,3687.5363552533595,4.794674683270004,1778,0.5867402182434889,1.4160298518951635,893,1.0346907561979568,1.0339579203467417
TOI-2076_d,NIRISS_SOSS,obs14,SOSS_HDU4_ordem_2,jw05959014001_04102_00001-seg002_nis_x1dints.fits,seg002,4,434,60693.97323256802,TDB-MID,3550.267872502726,4.7942518825891645,1778,0.5867402182434889,1.4160298518951635,894,0.9961744090934573,0.9954688530452626
TOI-2076_d,NIRISS_SOSS,obs14,SOSS_HDU4_ordem_2,jw05959014001_04102_00001-seg002_nis_x1dints.fits,seg002,4,435,60693.97330964688,TDB-MID,3960.850954963721,4.7947695058152355,1778,0.5867402182434889,1.4160298518951635,895,1.111380465155369,1.110593312622762
TOI-2076_d,NIRISS_SOSS,obs14,SOSS_HDU4_ordem_2,jw05959014001_04102_00001-seg002_nis_x1dints.fits,seg002,4,436,60693.973386725724,TDB-MID,3723.5128374755354,4.794549590844888,1778,0.5867402182434889,1.4160298518951635,896,1.044785445445637,1.044045459873461
TOI-2076_d,NIRISS_SOSS,obs14,SOSS_HDU4_ordem_2,jw05959014001_04102_00001-seg002_nis_x1dints.fits,seg002,4,437,60693.973463804585,TDB-MID,3537.901532564993,4.794424093735145,1778,0.5867402182434889,1.4160298518951635,897,0.9927045212363939,0.9920014227903436
TOI-2076_d,NIRISS_SOSS,obs14,SOSS_HDU4_ordem_2,jw05959014001_04102_00001-seg002_nis_x1dints.fits,seg002,4,438,60693.973540883446,TDB-MID,3469.503906741836,4.794207659762275,1778,0.5867402182434889,1.4160298518951635,898,0.9735127399582824,0.9728232343903795
TOI-2076_d,NIRISS_SOSS,obs14,SOSS_HDU4_ordem_2,jw05959014001_04102_00001-seg002_nis_x1dints.fits,seg002,4,439,60693.9736179623,TDB-MID,3652.005363373899,4.794441161937344,1778,0.5867402182434889,1.4160298518951635,899,1.0247210676811649,1.0239952930171952
TOI-2076_d,NIRISS_SOSS,obs14,SOSS_HDU4_ordem_2,jw05959014001_04102_00001-seg002_nis_x1dints.fits,seg002,4,440,60693.973695041146,TDB-MID,3264.7234793466214,4.793983997849848,1778,0.5867402182434889,1.4160298518951635,900,0.9160531260417335,0.9154043171407554
TOI-2076_d,NIRISS_SOSS,obs14,SOSS_HDU4_ordem_2,jw05959014001_04102_00001-seg002_nis_x1dints.fits,seg002,4,441,60693.97377212001,TDB-MID,3558.3218156995886,4.794320824570588,1778,0.5867402182434889,1.4160298518951635,901,0.9984342757832774,0.997727119149285
TOI-2076_d,NIRISS_SOSS,obs14,SOSS_HDU4_ordem_2,jw05959014001_04102_00001-seg002_nis_x1dints.fits,seg002,4,442,60693.97384919886,TDB-MID,3652.3637614781746,4.7944511688094815,1778,0.5867402182434889,1.4160298518951635,902,1.0248216310844258,1.0240957851948587
TOI-2076_d,NIRISS_SOSS,obs14,SOSS_HDU4_ordem_2,jw05959014001_04102_00001-seg002_nis_x1dints.fits,seg002,4,443,60693.973926277715,TDB-MID,3590.6434293081406,4.794284758103788,1778,0.5867402182434889,1.4160298518951635,903,1.0075034405600605,1.0067898605487942
TOI-2076_d,NIRISS_SOSS,obs14,SOSS_HDU4_ordem_2,jw05959014001_04102_00001-seg002_nis_x1dints.fits,seg002,4,444,60693.97400335657,TDB-MID,3642.7462532920354,4.794379958422334,1778,0.5867402182434889,1.4160298518951635,904,1.0221230416037608,1.0213991070322443
TOI-2076_d,NIRISS_SOSS,obs14,SOSS_HDU4_ordem_2,jw05959014001_04102_00001-seg002_nis_x1dints.fits,seg002,4,445,60693.97408043543,TDB-MID,3706.729286241448,4.7945254487245865,1778,0.5867402182434889,1.4160298518951635,905,1.0400761263650684,1.0393394762415145
TOI-2076_d,NIRISS_SOSS,obs14,SOSS_HDU4_ordem_2,jw05959014001_04102_00001-seg002_nis_x1dints.fits,seg002,4,446,60693.97415751428,TDB-MID,3628.9022393386495,4.794400558533374,1778,0.5867402182434889,1.4160298518951635,906,1.0182385312189786,1.0175173479124726
TOI-2076_d,NIRISS_SOSS,obs14,SOSS_HDU4_ordem_2,jw05959014001_04102_00001-seg002_nis_x1dints.fits,seg002,4,447,60693.97423459313,TDB-MID,3784.4255843062897,4.794584622917031,1778,0.5867402182434889,1.4160298518951635,907,1.0618770345199031,1.0611249435634347
TOI-2076_d,NIRISS_SOSS,obs14,SOSS_HDU4_ordem_2,jw05959014001_04102_00001-seg002_nis_x1dints.fits,seg002,4,448,60693.97431167199,TDB-MID,3378.284137946298,4.794091128934264,1778,0.5867402182434889,1.4160298518951635,908,0.9479172630700895,0.947245885897536
TOI-2076_d,NIRISS_SOSS,obs14,SOSS_HDU4_ordem_2,jw05959014001_04102_00001-seg002_nis_x1dints.fits,seg002,4,449,60693.97438875085,TDB-MID,3373.488582484894,4.794117412563221,1778,0.5867402182434889,1.4160298518951635,909,0.9465716717514627,0.9459012476149284
TOI-2076_d,NIRISS_SOSS,obs14,SOSS_HDU4_ordem_2,jw05959014001_04102_00001-seg002_nis_x1dints.fits,seg002,4,450,60693.9744658297,TDB-MID,4040.5938477827617,4.79488366527636,1778,0.5867402182434889,1.4160298518951635,910,1.1337556300686045,1.1329526299767854
TOI-2076_d,NIRISS_SOSS,obs14,SOSS_HDU4_ordem_2,jw05959014001_04102_00001-seg002_nis_x1dints.fits,seg002,4,451,60693.97454290855,TDB-MID,3622.9622630073213,4.7944380121226615,1778,0.5867402182434889,1.4160298518951635,911,1.0165718253183562,1.0158518224822761
TOI-2076_d,NIRISS_SOSS,obs14,SOSS_HDU4_ordem_2,jw05959014001_04102_00001-seg002_nis_x1dints.fits,seg002,4,452,60693.97461998741,TDB-MID,3628.48549527085,4.794371534039733,1778,0.5867402182434889,1.4160298518951635,912,1.0181215964438033,1.0174004959581742
TOI-2076_d,NIRISS_SOSS,obs14,SOSS_HDU4_ordem_2,jw05959014001_04102_00001-seg002_nis_x1dints.fits,seg002,4,453,60693.97469706627,TDB-MID,4067.2766753078813,4.794971839519869,1778,0.5867402182434889,1.4160298518951635,913,1.1412426003191172,1.1404342974639519
TOI-2076_d,NIRISS_SOSS,obs14,SOSS_HDU4_ordem_2,jw05959014001_04102_00001-seg002_nis_x1dints.fits,seg002,4,454,60693.97477414512,TDB-MID,3463.9925011739765,4.794165435247521,1778,0.5867402182434889,1.4160298518951635,914,0.9719662873011856,0.9712778770324749
TOI-2076_d,NIRISS_SOSS,obs14,SOSS_HDU4_ordem_2,jw05959014001_04102_00001-seg002_nis_x1dints.fits,seg002,4,455,60693.974851223975,TDB-MID,3586.793821124347,4.794320866506102,1778,0.5867402182434889,1.4160298518951635,915,1.0064232738528005,1.0057104588864363
TOI-2076_d,NIRISS_SOSS,obs14,SOSS_HDU4_ordem_2,jw05959014001_04102_00001-seg002_nis_x1dints.fits,seg002,4,456,60693.974928302836,TDB-MID,3566.9739623741993,4.794344794078513,1778,0.5867402182434889,1.4160298518951635,916,1.0008619931867233,1.00015311708405
TOI-2076_d,NIRISS_SOSS,obs14,SOSS_HDU4_ordem_2,jw05959014001_04102_00001-seg002_nis_x1dints.fits,seg002,4,457,60693.97500538169,TDB-MID,3595.448169791221,4.79482882256393,1778,0.5867402182434889,1.4160298518951635,917,1.0088516091161999,1.0081370742435456
TOI-2076_d,NIRISS_SOSS,obs14,SOSS_HDU4_ordem_2,jw05959014001_04102_00001-seg002_nis_x1dints.fits,seg002,4,458,60693.97508246054,TDB-MID,3394.0752796885154,4.7940840951654105,1778,0.5867402182434889,1.4160298518951635,918,0.9523481206444717,0.9516736052479969
TOI-2076_d,NIRISS_SOSS,obs14,SOSS_HDU4_ordem_2,jw05959014001_04102_00001-seg002_nis_x1dints.fits,seg002,4,459,60693.9751595394,TDB-MID,3499.5635226298236,4.794254033544062,1778,0.5867402182434889,1.4160298518951635,919,0.981947207770336,0.9812517283591746
TOI-2076_d,NIRISS_SOSS,obs14,SOSS_HDU4_ordem_2,jw05959014001_04102_00001-seg003_nis_x1dints.fits,seg003,4,0,60693.97523661825,TDB-MID,3531.23662458728,4.795390002136063,1778,0.5867402182434889,1.4160298518951635,920,0.9908344057958708,0.9900250027458816
TOI-2076_d,NIRISS_SOSS,obs14,SOSS_HDU4_ordem_2,jw05959014001_04102_00001-seg003_nis_x1dints.fits,seg003,4,1,60693.975313697105,TDB-MID,3743.5536652478727,4.7955121915155035,1778,0.5867402182434889,1.4160298518951635,921,1.0504087281050882,1.049550659366972
TOI-2076_d,NIRISS_SOSS,obs14,SOSS_HDU4_ordem_2,jw05959014001_04102_00001-seg003_nis_x1dints.fits,seg003,4,2,60693.975390775966,TDB-MID,3580.9177147802066,4.7953096703270806,1778,0.5867402182434889,1.4160298518951635,922,1.004774489317278,1.0039536987477868
TOI-2076_d,NIRISS_SOSS,obs14,SOSS_HDU4_ordem_2,jw05959014001_04102_00001-seg003_nis_x1dints.fits,seg003,4,3,60693.97546785482,TDB-MID,3354.5664323129813,4.795148533913822,1778,0.5867402182434889,1.4160298518951635,923,0.9412622803355991,0.9404933722757993
TOI-2076_d,NIRISS_SOSS,obs14,SOSS_HDU4_ordem_2,jw05959014001_04102_00001-seg003_nis_x1dints.fits,seg003,4,4,60693.97554493367,TDB-MID,3761.393636881575,4.795603902936818,1778,0.5867402182434889,1.4160298518951635,924,1.0554144695980308,1.0545523117180677
TOI-2076_d,NIRISS_SOSS,obs14,SOSS_HDU4_ordem_2,jw05959014001_04102_00001-seg003_nis_x1dints.fits,seg003,4,5,60693.97562201253,TDB-MID,3621.642689197227,4.795461940459112,1778,0.5867402182434889,1.4160298518951635,925,1.016201564338697,1.0153714391020598
TOI-2076_d,NIRISS_SOSS,obs14,SOSS_HDU4_ordem_2,jw05959014001_04102_00001-seg003_nis_x1dints.fits,seg003,4,6,60693.97569909138,TDB-MID,3490.3143483449558,4.7952136229403575,1778,0.5867402182434889,1.4160298518951635,926,0.9793519695914952,0.9785519464326673
TOI-2076_d,NIRISS_SOSS,obs14,SOSS_HDU4_ordem_2,jw05959014001_04102_00001-seg003_nis_x1dints.fits,seg003,4,7,60693.975776170235,TDB-MID,3335.13216414994,4.795077266098269,1778,0.5867402182434889,1.4160298518951635,927,0.935809193047897,0.9350447395624002
TOI-2076_d,NIRISS_SOSS,obs14,SOSS_HDU4_ordem_2,jw05959014001_04102_00001-seg003_nis_x1dints.fits,seg003,4,8,60693.975853249096,TDB-MID,3722.831189491581,4.7955711163286185,1778,0.5867402182434889,1.4160298518951635,928,1.0445941809264483,1.0437408620357262
TOI-2076_d,NIRISS_SOSS,obs14,SOSS_HDU4_ordem_2,jw05959014001_04102_00001-seg003_nis_x1dints.fits,seg003,4,9,60693.97593032795,TDB-MID,3584.5408576604436,4.795373912889434,1778,0.5867402182434889,1.4160298518951635,929,1.0057911118222265,1.0049694907836364
TOI-2076_d,NIRISS_SOSS,obs14,SOSS_HDU4_ordem_2,jw05959014001_04102_00001-seg003_nis_x1dints.fits,seg003,4,10,60693.976007406796,TDB-MID,3796.951579076805,4.795725182549834,1778,0.5867402182434889,1.4160298518951635,930,1.0653917201399574,1.0645214119404538
TOI-2076_d,NIRISS_SOSS,obs14,SOSS_HDU4_ordem_2,jw05959014001_04102_00001-seg003_nis_x1dints.fits,seg003,4,11,60693.97608448566,TDB-MID,3668.641634377598,4.795526417016341,1778,0.5867402182434889,1.4160298518951635,931,1.0293890612049734,1.0285481632295994
TOI-2076_d,NIRISS_SOSS,obs14,SOSS_HDU4_ordem_2,jw05959014001_04102_00001-seg003_nis_x1dints.fits,seg003,4,12,60693.97616156452,TDB-MID,3964.390811349575,4.795896955884111,1778,0.5867402182434889,1.4160298518951635,932,1.1123737181915032,1.1114650308518577
TOI-2076_d,NIRISS_SOSS,obs14,SOSS_HDU4_ordem_2,jw05959014001_04102_00001-seg003_nis_x1dints.fits,seg003,4,13,60693.97623864337,TDB-MID,3336.0356990740397,4.795220507753883,1778,0.5867402182434889,1.4160298518951635,933,0.9360627171202865,0.9352980565334251
TOI-2076_d,NIRISS_SOSS,obs14,SOSS_HDU4_ordem_2,jw05959014001_04102_00001-seg003_nis_x1dints.fits,seg003,4,14,60693.97631572222,TDB-MID,3741.2561408884258,4.795863158207047,1778,0.5867402182434889,1.4160298518951635,934,1.0497640626732554,1.0489065205560997
TOI-2076_d,NIRISS_SOSS,obs14,SOSS_HDU4_ordem_2,jw05959014001_04102_00001-seg003_nis_x1dints.fits,seg003,4,15,60693.97639280108,TDB-MID,3750.8401510198105,4.795851500142867,1778,0.5867402182434889,1.4160298518951635,935,1.0524532528899495,1.051593513999296
TOI-2076_d,NIRISS_SOSS,obs14,SOSS_HDU4_ordem_2,jw05959014001_04102_00001-seg003_nis_x1dints.fits,seg003,4,16,60693.97646987994,TDB-MID,3666.3913200248735,4.795488060588252,1778,0.5867402182434889,1.4160298518951635,936,1.028757642492047,1.027917260316517
TOI-2076_d,NIRISS_SOSS,obs14,SOSS_HDU4_ordem_2,jw05959014001_04102_00001-seg003_nis_x1dints.fits,seg003,4,17,60693.97654695879,TDB-MID,3412.2958284725,4.795188133344822,1778,0.5867402182434889,1.4160298518951635,937,0.9574606487888478,0.9566785084384107
TOI-2076_d,NIRISS_SOSS,obs14,SOSS_HDU4_ordem_2,jw05959014001_04102_00001-seg003_nis_x1dints.fits,seg003,4,18,60693.97662403764,TDB-MID,3398.5506465105123,4.795537895115006,1778,0.5867402182434889,1.4160298518951635,938,0.9536038698046714,0.9528248800197119
TOI-2076_d,NIRISS_SOSS,obs14,SOSS_HDU4_ordem_2,jw05959014001_04102_00001-seg003_nis_x1dints.fits,seg003,4,19,60693.9767011165,TDB-MID,3319.6468696152947,4.795149363305342,1778,0.5867402182434889,1.4160298518951635,939,0.9314641535504087,0.9307032494856838
TOI-2076_d,NIRISS_SOSS,obs14,SOSS_HDU4_ordem_2,jw05959014001_04102_00001-seg003_nis_x1dints.fits,seg003,4,20,60693.97677819535,TDB-MID,3917.268407037169,4.795817112453895,1778,0.5867402182434889,1.4160298518951635,940,1.0991515797623028,1.098253693459752
TOI-2076_d,NIRISS_SOSS,obs14,SOSS_HDU4_ordem_2,jw05959014001_04102_00001-seg003_nis_x1dints.fits,seg003,4,21,60693.97685527421,TDB-MID,3697.021206532217,4.795608953197666,1778,0.5867402182434889,1.4160298518951635,941,1.0373521232996439,1.036504720375805
TOI-2076_d,NIRISS_SOSS,obs14,SOSS_HDU4_ordem_2,jw05959014001_04102_00001-seg003_nis_x1dints.fits,seg003,4,22,60693.97693235306,TDB-MID,3631.175146675604,4.795452710508166,1778,0.5867402182434889,1.4160298518951635,942,1.0188762893275571,1.018043979133927
TOI-2076_d,NIRISS_SOSS,obs14,SOSS_HDU4_ordem_2,jw05959014001_04102_00001-seg003_nis_x1dints.fits,seg003,4,23,60693.977009431925,TDB-MID,3704.84813090581,4.795621277662871,1778,0.5867402182434889,1.4160298518951635,943,1.039548290474316,1.0386990935227376
TOI-2076_d,NIRISS_SOSS,obs14,SOSS_HDU4_ordem_2,jw05959014001_04102_00001-seg003_nis_x1dints.fits,seg003,4,24,60693.97708651077,TDB-MID,3483.147320760788,4.795659848356744,1778,0.5867402182434889,1.4160298518951635,944,0.9773409637392574,0.9765425833516743
TOI-2076_d,NIRISS_SOSS,obs14,SOSS_HDU4_ordem_2,jw05959014001_04102_00001-seg003_nis_x1dints.fits,seg003,4,25,60693.97716358963,TDB-MID,3818.3637859976193,4.798122696366428,1778,0.5867402182434889,1.4160298518951635,945,1.0713997999082292,1.070524583766429
TOI-2076_d,NIRISS_SOSS,obs14,SOSS_HDU4_ordem_2,jw05959014001_04102_00001-seg003_nis_x1dints.fits,seg003,4,26,60693.977240668486,TDB-MID,3521.633838538284,4.795488979062362,1778,0.5867402182434889,1.4160298518951635,946,0.9881399472193505,0.9873327452465314
TOI-2076_d,NIRISS_SOSS,obs14,SOSS_HDU4_ordem_2,jw05959014001_04102_00001-seg003_nis_x1dints.fits,seg003,4,27,60693.97731774734,TDB-MID,3735.3333041747856,4.795670343329068,1778,0.5867402182434889,1.4160298518951635,947,1.048102166000876,1.0472459814710504
TOI-2076_d,NIRISS_SOSS,obs14,SOSS_HDU4_ordem_2,jw05959014001_04102_00001-seg003_nis_x1dints.fits,seg003,4,28,60693.97739482619,TDB-MID,3586.845691400923,4.795429876006143,1778,0.5867402182434889,1.4160298518951635,948,1.0064378282030562,1.0056156788681048
TOI-2076_d,NIRISS_SOSS,obs14,SOSS_HDU4_ordem_2,jw05959014001_04102_00001-seg003_nis_x1dints.fits,seg003,4,29,60693.97747190505,TDB-MID,3584.551885424936,4.795337830359899,1778,0.5867402182434889,1.4160298518951635,949,1.0057942061174097,1.0049725825511195
TOI-2076_d,NIRISS_SOSS,obs14,SOSS_HDU4_ordem_2,jw05959014001_04102_00001-seg003_nis_x1dints.fits,seg003,4,30,60693.9775489839,TDB-MID,3750.0479296721187,4.795648813374258,1778,0.5867402182434889,1.4160298518951635,950,1.0522309624427917,1.0513714051390564
TOI-2076_d,NIRISS_SOSS,obs14,SOSS_HDU4_ordem_2,jw05959014001_04102_00001-seg003_nis_x1dints.fits,seg003,4,31,60693.97762606276,TDB-MID,3478.0485501613416,4.795424268139637,1778,0.5867402182434889,1.4160298518951635,951,0.9759102928796454,0.9751130811932606
TOI-2076_d,NIRISS_SOSS,obs14,SOSS_HDU4_ordem_2,jw05959014001_04102_00001-seg003_nis_x1dints.fits,seg003,4,32,60693.977703141616,TDB-MID,3228.434759569744,4.794984728727369,1778,0.5867402182434889,1.4160298518951635,952,0.9058708256411147,0.9051308285186075
TOI-2076_d,NIRISS_SOSS,obs14,SOSS_HDU4_ordem_2,jw05959014001_04102_00001-seg003_nis_x1dints.fits,seg003,4,33,60693.97778022047,TDB-MID,3536.69441727893,4.7953590589380415,1778,0.5867402182434889,1.4160298518951635,953,0.9923658151443507,0.9915551611008654
TOI-2076_d,NIRISS_SOSS,obs14,SOSS_HDU4_ordem_2,jw05959014001_04102_00001-seg003_nis_x1dints.fits,seg003,4,34,60693.977857299324,TDB-MID,3628.9145037171475,4.795447170470419,1778,0.5867402182434889,1.4160298518951635,954,1.0182419724973388,1.017410180470997
TOI-2076_d,NIRISS_SOSS,obs14,SOSS_HDU4_ordem_2,jw05959014001_04102_00001-seg003_nis_x1dints.fits,seg003,4,35,60693.977934378185,TDB-MID,3232.84362070037,4.794917372114716,1778,0.5867402182434889,1.4160298518951635,955,0.9071079138804538,0.9063669061925199
TOI-2076_d,NIRISS_SOSS,obs14,SOSS_HDU4_ordem_2,jw05959014001_04102_00001-seg003_nis_x1dints.fits,seg003,4,36,60693.97801145704,TDB-MID,3258.312267405763,4.795084686862559,1778,0.5867402182434889,1.4160298518951635,956,0.914254195511386,0.9135073500950543
TOI-2076_d,NIRISS_SOSS,obs14,SOSS_HDU4_ordem_2,jw05959014001_04102_00001-seg003_nis_x1dints.fits,seg003,4,37,60693.978088535885,TDB-MID,3269.973247206938,4.798225351622312,1778,0.5867402182434889,1.4160298518951635,957,0.9175261654246583,0.9167766471677271
TOI-2076_d,NIRISS_SOSS,obs14,SOSS_HDU4_ordem_2,jw05959014001_04102_00001-seg003_nis_x1dints.fits,seg003,4,38,60693.978165614746,TDB-MID,4059.525573388908,4.796076933119517,1778,0.5867402182434889,1.4160298518951635,958,1.1390677082683622,1.1381372148662119
TOI-2076_d,NIRISS_SOSS,obs14,SOSS_HDU4_ordem_2,jw05959014001_04102_00001-seg003_nis_x1dints.fits,seg003,4,39,60693.97824269361,TDB-MID,3733.33085127672,4.795616480918961,1778,0.5867402182434889,1.4160298518951635,959,1.0475402950649058,1.0466845695220175
TOI-2076_d,NIRISS_SOSS,obs14,SOSS_HDU4_ordem_2,jw05959014001_04102_00001-seg003_nis_x1dints.fits,seg003,4,40,60693.978319772454,TDB-MID,3435.489953709044,4.795173690073894,1778,0.5867402182434889,1.4160298518951635,960,0.963968719399775,0.9631812626693543
TOI-2076_d,NIRISS_SOSS,obs14,SOSS_HDU4_ordem_2,jw05959014001_04102_00001-seg003_nis_x1dints.fits,seg003,4,41,60693.97839685131,TDB-MID,3381.7776456283113,4.795214139131477,1778,0.5867402182434889,1.4160298518951635,961,0.9488975110614446,0.948122365855457
TOI-2076_d,NIRISS_SOSS,obs14,SOSS_HDU4_ordem_2,jw05959014001_04102_00001-seg003_nis_x1dints.fits,seg003,4,42,60693.97847393017,TDB-MID,3629.6932778313453,4.795525188226817,1778,0.5867402182434889,1.4160298518951635,962,1.0184604897672713,1.0176285192362835
TOI-2076_d,NIRISS_SOSS,obs14,SOSS_HDU4_ordem_2,jw05959014001_04102_00001-seg003_nis_x1dints.fits,seg003,4,43,60693.978551009015,TDB-MID,3556.506365460629,4.795823788922839,1778,0.5867402182434889,1.4160298518951635,963,0.9979248761734503,0.9971096809867369
TOI-2076_d,NIRISS_SOSS,obs14,SOSS_HDU4_ordem_2,jw05959014001_04102_00001-seg003_nis_x1dints.fits,seg003,4,44,60693.978628087876,TDB-MID,3672.3899500457787,4.795516816102645,1778,0.5867402182434889,1.4160298518951635,964,1.0304408061098482,1.0295990489742262
TOI-2076_d,NIRISS_SOSS,obs14,SOSS_HDU4_ordem_2,jw05959014001_04102_00001-seg003_nis_x1dints.fits,seg003,4,45,60693.97870516673,TDB-MID,3498.1892765403536,4.795292018784596,1778,0.5867402182434889,1.4160298518951635,965,0.9815616062227092,0.9807597780330726
TOI-2076_d,NIRISS_SOSS,obs14,SOSS_HDU4_ordem_2,jw05959014001_04102_00001-seg003_nis_x1dints.fits,seg003,4,46,60693.97878224559,TDB-MID,3639.311924404427,4.7957814822007,1778,0.5867402182434889,1.4160298518951635,966,1.0211593986694505,1.0203252234258646
TOI-2076_d,NIRISS_SOSS,obs14,SOSS_HDU4_ordem_2,jw05959014001_04102_00001-seg003_nis_x1dints.fits,seg003,4,47,60693.97885932444,TDB-MID,3980.9622773135848,4.795865285787512,1778,0.5867402182434889,1.4160298518951635,967,1.1170235279825804,1.1161110422582554
TOI-2076_d,NIRISS_SOSS,obs14,SOSS_HDU4_ordem_2,jw05959014001_04102_00001-seg003_nis_x1dints.fits,seg003,4,48,60693.97893640329,TDB-MID,3582.558870722164,4.79548098983853,1778,0.5867402182434889,1.4160298518951635,968,1.0052349834572758,1.0044138167145722
TOI-2076_d,NIRISS_SOSS,obs14,SOSS_HDU4_ordem_2,jw05959014001_04102_00001-seg003_nis_x1dints.fits,seg003,4,49,60693.97901348215,TDB-MID,3253.689156552067,4.79560873947363,1778,0.5867402182434889,1.4160298518951635,969,0.9129569906557963,0.9122112049135741
TOI-2076_d,NIRISS_SOSS,obs14,SOSS_HDU4_ordem_2,jw05959014001_04102_00001-seg003_nis_x1dints.fits,seg003,4,50,60693.979090561006,TDB-MID,3561.135301470394,4.795365563729525,1778,0.5867402182434889,1.4160298518951635,970,0.9992237155173697,0.9984074593213491
TOI-2076_d,NIRISS_SOSS,obs14,SOSS_HDU4_ordem_2,jw05959014001_04102_00001-seg003_nis_x1dints.fits,seg003,4,51,60693.97916763986,TDB-MID,3436.642627242336,4.795150837760868,1778,0.5867402182434889,1.4160298518951635,971,0.9642921496076188,0.9635044286701872
TOI-2076_d,NIRISS_SOSS,obs14,SOSS_HDU4_ordem_2,jw05959014001_04102_00001-seg003_nis_x1dints.fits,seg003,4,52,60693.979244718714,TDB-MID,3414.760277794479,4.795213864298024,1778,0.5867402182434889,1.4160298518951635,972,0.9581521519190982,0.9573694466864372
TOI-2076_d,NIRISS_SOSS,obs14,SOSS_HDU4_ordem_2,jw05959014001_04102_00001-seg003_nis_x1dints.fits,seg003,4,53,60693.97932179757,TDB-MID,3669.2200867313663,4.795596498404038,1778,0.5867402182434889,1.4160298518951635,973,1.0295513699243146,1.0287103393605164
TOI-2076_d,NIRISS_SOSS,obs14,SOSS_HDU4_ordem_2,jw05959014001_04102_00001-seg003_nis_x1dints.fits,seg003,4,54,60693.97939887643,TDB-MID,4027.365202514864,4.796123013116569,1778,0.5867402182434889,1.4160298518951635,974,1.1300437868060382,1.129120664958117
TOI-2076_d,NIRISS_SOSS,obs14,SOSS_HDU4_ordem_2,jw05959014001_04102_00001-seg003_nis_x1dints.fits,seg003,4,55,60693.97947595528,TDB-MID,3693.642605755875,4.795540235672177,1778,0.5867402182434889,1.4160298518951635,975,1.0364041171905831,1.0355574886837726
TOI-2076_d,NIRISS_SOSS,obs14,SOSS_HDU4_ordem_2,jw05959014001_04102_00001-seg003_nis_x1dints.fits,seg003,4,56,60693.979553034136,TDB-MID,3677.9042521256215,4.795471637710353,1778,0.5867402182434889,1.4160298518951635,976,1.0319880715031151,1.031145050421347
TOI-2076_d,NIRISS_SOSS,obs14,SOSS_HDU4_ordem_2,jw05959014001_04102_00001-seg003_nis_x1dints.fits,seg003,4,57,60693.97963011299,TDB-MID,3800.620851790695,4.79566475080822,1778,0.5867402182434889,1.4160298518951635,977,1.0664212862766065,1.0655501370344762
TOI-2076_d,NIRISS_SOSS,obs14,SOSS_HDU4_ordem_2,jw05959014001_04102_00001-seg003_nis_x1dints.fits,seg003,4,58,60693.97970719185,TDB-MID,3627.9119172138594,4.7954658957046545,1778,0.5867402182434889,1.4160298518951635,978,1.0179606554099119,1.0171290931887798
TOI-2076_d,NIRISS_SOSS,obs14,SOSS_HDU4_ordem_2,jw05959014001_04102_00001-seg003_nis_x1dints.fits,seg003,4,59,60693.979784270705,TDB-MID,3663.6348301709604,4.795536717560892,1778,0.5867402182434889,1.4160298518951635,979,1.0279841953184796,1.0271444449644707
TOI-2076_d,NIRISS_SOSS,obs14,SOSS_HDU4_ordem_2,jw05959014001_04102_00001-seg003_nis_x1dints.fits,seg003,4,60,60693.97986134955,TDB-MID,3831.014162820744,4.795711039177606,1778,0.5867402182434889,1.4160298518951635,980,1.0749493860547252,1.0740712702903077
TOI-2076_d,NIRISS_SOSS,obs14,SOSS_HDU4_ordem_2,jw05959014001_04102_00001-seg003_nis_x1dints.fits,seg003,4,61,60693.97993842841,TDB-MID,3547.537085327259,4.79532056174216,1778,0.5867402182434889,1.4160298518951635,981,0.9954081738688,0.9945950345518761
TOI-2076_d,NIRISS_SOSS,obs14,SOSS_HDU4_ordem_2,jw05959014001_04102_00001-seg003_nis_x1dints.fits,seg003,4,62,60693.980015507266,TDB-MID,3454.99604327178,4.795271370287561,1778,0.5867402182434889,1.4160298518951635,982,0.9694419591500433,0.9686500313829678
TOI-2076_d,NIRISS_SOSS,obs14,SOSS_HDU4_ordem_2,jw05959014001_04102_00001-seg003_nis_x1dints.fits,seg003,4,63,60693.98009258612,TDB-MID,3754.438270938509,4.795564219668872,1778,0.5867402182434889,1.4160298518951635,983,1.0534628541686637,1.0526022905444832
TOI-2076_d,NIRISS_SOSS,obs14,SOSS_HDU4_ordem_2,jw05959014001_04102_00001-seg003_nis_x1dints.fits,seg003,4,64,60693.980169664974,TDB-MID,3750.8655413430524,4.795569571298977,1778,0.5867402182434889,1.4160298518951635,984,1.052460377194695,1.051600632484266
TOI-2076_d,NIRISS_SOSS,obs14,SOSS_HDU4_ordem_2,jw05959014001_04102_00001-seg003_nis_x1dints.fits,seg003,4,65,60693.980246743835,TDB-MID,3921.1295343622764,4.795801264704945,1778,0.5867402182434889,1.4160298518951635,985,1.1002349786408252,1.0993362073202013
TOI-2076_d,NIRISS_SOSS,obs14,SOSS_HDU4_ordem_2,jw05959014001_04102_00001-seg003_nis_x1dints.fits,seg003,4,66,60693.98032382268,TDB-MID,3940.7128581251936,4.795762233743218,1778,0.5867402182434889,1.4160298518951635,986,1.1057298896385854,1.104826629578274
TOI-2076_d,NIRISS_SOSS,obs14,SOSS_HDU4_ordem_2,jw05959014001_04102_00001-seg003_nis_x1dints.fits,seg003,4,67,60693.980400901535,TDB-MID,3166.310150109901,4.794883192246691,1778,0.5867402182434889,1.4160298518951635,987,0.8884391984114784,0.8877134410167838
TOI-2076_d,NIRISS_SOSS,obs14,SOSS_HDU4_ordem_2,jw05959014001_04102_00001-seg003_nis_x1dints.fits,seg003,4,68,60693.980477980396,TDB-MID,3253.3123542640265,4.795004813563325,1778,0.5867402182434889,1.4160298518951635,988,0.9128512631980061,0.9121055638235225
TOI-2076_d,NIRISS_SOSS,obs14,SOSS_HDU4_ordem_2,jw05959014001_04102_00001-seg003_nis_x1dints.fits,seg003,4,69,60693.98055505925,TDB-MID,3670.764161297734,4.795564930283442,1778,0.5867402182434889,1.4160298518951635,989,1.0299846238713366,1.0291432393865763
TOI-2076_d,NIRISS_SOSS,obs14,SOSS_HDU4_ordem_2,jw05959014001_04102_00001-seg003_nis_x1dints.fits,seg003,4,70,60693.980632138104,TDB-MID,3591.7321022427127,4.795401276656839,1778,0.5867402182434889,1.4160298518951635,990,1.00780891275434,1.0069856433936697
TOI-2076_d,NIRISS_SOSS,obs14,SOSS_HDU4_ordem_2,jw05959014001_04102_00001-seg003_nis_x1dints.fits,seg003,4,71,60693.98070921696,TDB-MID,3642.4387177983854,4.795457913844086,1778,0.5867402182434889,1.4160298518951635,991,1.022036749808419,1.0212018578651672
TOI-2076_d,NIRISS_SOSS,obs14,SOSS_HDU4_ordem_2,jw05959014001_04102_00001-seg003_nis_x1dints.fits,seg003,4,72,60693.98078629582,TDB-MID,3894.933428057108,4.795926555312078,1778,0.5867402182434889,1.4160298518951635,992,1.0928845781481704,1.0919918112986697
TOI-2076_d,NIRISS_SOSS,obs14,SOSS_HDU4_ordem_2,jw05959014001_04102_00001-seg003_nis_x1dints.fits,seg003,4,73,60693.98086337467,TDB-MID,3702.359750047782,4.795641189951771,1778,0.5867402182434889,1.4160298518951635,993,1.0388500723623688,1.038001445778418
TOI-2076_d,NIRISS_SOSS,obs14,SOSS_HDU4_ordem_2,jw05959014001_04102_00001-seg003_nis_x1dints.fits,seg003,4,74,60693.980940453526,TDB-MID,3506.722166448695,4.795273595724791,1778,0.5867402182434889,1.4160298518951635,994,0.98395586121066,0.9831520771772636
TOI-2076_d,NIRISS_SOSS,obs14,SOSS_HDU4_ordem_2,jw05959014001_04102_00001-seg003_nis_x1dints.fits,seg003,4,75,60693.98101753238,TDB-MID,3753.416767636531,4.795814276666422,1778,0.5867402182434889,1.4160298518951635,995,1.0531762291914004,1.0523158997083937
TOI-2076_d,NIRISS_SOSS,obs14,SOSS_HDU4_ordem_2,jw05959014001_04102_00001-seg003_nis_x1dints.fits,seg003,4,76,60693.981094611234,TDB-MID,3446.0422426571135,4.79527512503713,1778,0.5867402182434889,1.4160298518951635,996,0.9669296002642424,0.9661397248188595
TOI-2076_d,NIRISS_SOSS,obs14,SOSS_HDU4_ordem_2,jw05959014001_04102_00001-seg003_nis_x1dints.fits,seg003,4,77,60693.981171690095,TDB-MID,3489.856734445692,4.795288318963132,1778,0.5867402182434889,1.4160298518951635,997,0.9792235670956658,0.9784236488275958
TOI-2076_d,NIRISS_SOSS,obs14,SOSS_HDU4_ordem_2,jw05959014001_04102_00001-seg003_nis_x1dints.fits,seg003,4,78,60693.98124876895,TDB-MID,3582.4264929556407,4.795382266228693,1778,0.5867402182434889,1.4160298518951635,998,1.0051978394027765,1.004376703002692
TOI-2076_d,NIRISS_SOSS,obs14,SOSS_HDU4_ordem_2,jw05959014001_04102_00001-seg003_nis_x1dints.fits,seg003,4,79,60693.981325847795,TDB-MID,3680.1703123404154,4.795586715325563,1778,0.5867402182434889,1.4160298518951635,999,1.032623908368532,1.0317803678777737
TOI-2076_d,NIRISS_SOSS,obs14,SOSS_HDU4_ordem_2,jw05959014001_04102_00001-seg003_nis_x1dints.fits,seg003,4,80,60693.981402926656,TDB-MID,3198.056126118077,4.79493666625414,1778,0.5867402182434889,1.4160298518951635,1000,0.8973468442643382,0.896613810299836
TOI-2076_d,NIRISS_SOSS,obs14,SOSS_HDU4_ordem_2,jw05959014001_04102_00001-seg003_nis_x1dints.fits,seg003,4,81,60693.98148000552,TDB-MID,3579.8392863713875,4.7954512300461545,1778,0.5867402182434889,1.4160298518951635,1001,1.0044718916481767,1.003651348267797
TOI-2076_d,NIRISS_SOSS,obs14,SOSS_HDU4_ordem_2,jw05959014001_04102_00001-seg003_nis_x1dints.fits,seg003,4,82,60693.981557084364,TDB-MID,3794.214767996974,4.7955967136713875,1778,0.5867402182434889,1.4160298518951635,1002,1.0646237946599206,1.0637541137713198
TOI-2076_d,NIRISS_SOSS,obs14,SOSS_HDU4_ordem_2,jw05959014001_04102_00001-seg003_nis_x1dints.fits,seg003,4,83,60693.98163416322,TDB-MID,3526.0964786716327,4.793337284322645,1778,0.5867402182434889,1.4160298518951635,1003,0.9893921253809665,0.9885839005159092
TOI-2076_d,NIRISS_SOSS,obs14,SOSS_HDU4_ordem_2,jw05959014001_04102_00001-seg003_nis_x1dints.fits,seg003,4,84,60693.98171124208,TDB-MID,3592.670269280804,4.795425426469347,1778,0.5867402182434889,1.4160298518951635,1004,1.0080721542978979,1.0072486698977547
TOI-2076_d,NIRISS_SOSS,obs14,SOSS_HDU4_ordem_2,jw05959014001_04102_00001-seg003_nis_x1dints.fits,seg003,4,85,60693.98178832093,TDB-MID,3610.619500990738,4.795671923747777,1778,0.5867402182434889,1.4160298518951635,1005,1.0131085532217121,1.0122809546359635
TOI-2076_d,NIRISS_SOSS,obs14,SOSS_HDU4_ordem_2,jw05959014001_04102_00001-seg003_nis_x1dints.fits,seg003,4,86,60693.981865399786,TDB-MID,3838.848476601611,4.795796670775674,1778,0.5867402182434889,1.4160298518951635,1006,1.077147626633064,1.0762677151471634
TOI-2076_d,NIRISS_SOSS,obs14,SOSS_HDU4_ordem_2,jw05959014001_04102_00001-seg003_nis_x1dints.fits,seg003,4,87,60693.98194247864,TDB-MID,3853.241097631729,4.79584195058864,1778,0.5867402182434889,1.4160298518951635,1007,1.0811860714110004,1.080302860958591
TOI-2076_d,NIRISS_SOSS,obs14,SOSS_HDU4_ordem_2,jw05959014001_04102_00001-seg003_nis_x1dints.fits,seg003,4,88,60693.9820195575,TDB-MID,3636.997933978357,4.795530759940222,1778,0.5867402182434889,1.4160298518951635,1008,1.0205101130019685,1.0196764681535693
TOI-2076_d,NIRISS_SOSS,obs14,SOSS_HDU4_ordem_2,jw05959014001_04102_00001-seg003_nis_x1dints.fits,seg003,4,89,60693.98209663635,TDB-MID,3553.541200668158,4.795969455702507,1778,0.5867402182434889,1.4160298518951635,1009,0.9970928766198724,0.9962783610855533
TOI-2076_d,NIRISS_SOSS,obs14,SOSS_HDU4_ordem_2,jw05959014001_04102_00001-seg003_nis_x1dints.fits,seg003,4,90,60693.9821737152,TDB-MID,3720.045043147171,4.795618486187773,1778,0.5867402182434889,1.4160298518951635,1010,1.0438124123985613,1.0429597321269943
TOI-2076_d,NIRISS_SOSS,obs14,SOSS_HDU4_ordem_2,jw05959014001_04102_00001-seg003_nis_x1dints.fits,seg003,4,91,60693.98225079406,TDB-MID,3207.4292735480553,4.795309491760041,1778,0.5867402182434889,1.4160298518951635,1011,0.8999768682337189,0.8992416858280545
TOI-2076_d,NIRISS_SOSS,obs14,SOSS_HDU4_ordem_2,jw05959014001_04102_00001-seg003_nis_x1dints.fits,seg003,4,92,60693.982327872916,TDB-MID,3210.774372161662,4.795324112886145,1778,0.5867402182434889,1.4160298518951635,1012,0.9009154739261451,0.9001795247825619
TOI-2076_d,NIRISS_SOSS,obs14,SOSS_HDU4_ordem_2,jw05959014001_04102_00001-seg003_nis_x1dints.fits,seg003,4,93,60693.98240495177,TDB-MID,3483.34074009583,4.795248547795385,1778,0.5867402182434889,1.4160298518951635,1013,0.9773952355290807,0.976596810807397
TOI-2076_d,NIRISS_SOSS,obs14,SOSS_HDU4_ordem_2,jw05959014001_04102_00001-seg003_nis_x1dints.fits,seg003,4,94,60693.982482030624,TDB-MID,3206.343984384159,4.794950801863872,1778,0.5867402182434889,1.4160298518951635,1014,0.8996723454961774,0.8989374118521942
TOI-2076_d,NIRISS_SOSS,obs14,SOSS_HDU4_ordem_2,jw05959014001_04102_00001-seg003_nis_x1dints.fits,seg003,4,95,60693.98255910948,TDB-MID,3830.761546761295,4.795743978854164,1778,0.5867402182434889,1.4160298518951635,1015,1.074878504176854,1.0740004463151573
TOI-2076_d,NIRISS_SOSS,obs14,SOSS_HDU4_ordem_2,jw05959014001_04102_00001-seg003_nis_x1dints.fits,seg003,4,96,60693.98263618834,TDB-MID,3644.726748696511,4.79552999164783,1778,0.5867402182434889,1.4160298518951635,1016,1.0226787514572473,1.021843335069053
TOI-2076_d,NIRISS_SOSS,obs14,SOSS_HDU4_ordem_2,jw05959014001_04102_00001-seg003_nis_x1dints.fits,seg003,4,97,60693.98271326719,TDB-MID,3637.0318303300137,4.795449884958083,1778,0.5867402182434889,1.4160298518951635,1017,1.0205196240245997,1.019685971406738
TOI-2076_d,NIRISS_SOSS,obs14,SOSS_HDU4_ordem_2,jw05959014001_04102_00001-seg003_nis_x1dints.fits,seg003,4,98,60693.98279034604,TDB-MID,3214.74593267294,4.794921619189443,1778,0.5867402182434889,1.4160298518951635,1018,0.9020298594000254,0.9012929999257189
TOI-2076_d,NIRISS_SOSS,obs14,SOSS_HDU4_ordem_2,jw05959014001_04102_00001-seg003_nis_x1dints.fits,seg003,4,99,60693.9828674249,TDB-MID,3677.435561756557,4.795489824407477,1778,0.5867402182434889,1.4160298518951635,1019,1.031856561045815,1.0310136473936684
TOI-2076_d,NIRISS_SOSS,obs14,SOSS_HDU4_ordem_2,jw05959014001_04102_00001-seg003_nis_x1dints.fits,seg003,4,100,60693.98294450376,TDB-MID,3339.1659975313255,4.795121914337681,1778,0.5867402182434889,1.4160298518951635,1020,0.9369410517496605,0.9361756736597292
TOI-2076_d,NIRISS_SOSS,obs14,SOSS_HDU4_ordem_2,jw05959014001_04102_00001-seg003_nis_x1dints.fits,seg003,4,101,60693.98302158261,TDB-MID,3673.541652782263,4.795387149378818,1778,0.5867402182434889,1.4160298518951635,1021,1.030763963920518,1.0299219428004034
TOI-2076_d,NIRISS_SOSS,obs14,SOSS_HDU4_ordem_2,jw05959014001_04102_00001-seg003_nis_x1dints.fits,seg003,4,102,60693.98309866146,TDB-MID,3666.589755209087,4.795464073279967,1778,0.5867402182434889,1.4160298518951635,1022,1.0288133216856954,1.0279728940263704
TOI-2076_d,NIRISS_SOSS,obs14,SOSS_HDU4_ordem_2,jw05959014001_04102_00001-seg003_nis_x1dints.fits,seg003,4,103,60693.98317574032,TDB-MID,3464.7024473270967,4.7952078994375436,1778,0.5867402182434889,1.4160298518951635,1023,0.9721654920414956,0.9713713394467232
TOI-2076_d,NIRISS_SOSS,obs14,SOSS_HDU4_ordem_2,jw05959014001_04102_00001-seg003_nis_x1dints.fits,seg003,4,104,60693.98325281918,TDB-MID,3427.6789100773412,4.795266981066773,1778,0.5867402182434889,1.4160298518951635,1024,0.9617770082237026,0.9609913418809595
TOI-2076_d,NIRISS_SOSS,obs14,SOSS_HDU4_ordem_2,jw05959014001_04102_00001-seg003_nis_x1dints.fits,seg003,4,105,60693.98332989803,TDB-MID,3646.367449221841,4.79546555660544,1778,0.5867402182434889,1.4160298518951635,1025,1.0231391178112845,1.022303325354265
TOI-2076_d,NIRISS_SOSS,obs14,SOSS_HDU4_ordem_2,jw05959014001_04102_00001-seg003_nis_x1dints.fits,seg003,4,106,60693.983406976884,TDB-MID,4040.702013086882,4.795939130842196,1778,0.5867402182434889,1.4160298518951635,1026,1.1337859803159058,1.1328598015062736
TOI-2076_d,NIRISS_SOSS,obs14,SOSS_HDU4_ordem_2,jw05959014001_04102_00001-seg003_nis_x1dints.fits,seg003,4,107,60693.983484055745,TDB-MID,3704.106988393227,4.7955452725868914,1778,0.5867402182434889,1.4160298518951635,1027,1.0393403323057944,1.0384913052332339
TOI-2076_d,NIRISS_SOSS,obs14,SOSS_HDU4_ordem_2,jw05959014001_04102_00001-seg003_nis_x1dints.fits,seg003,4,108,60693.98356113459,TDB-MID,3986.826721763436,4.797358313828679,1778,0.5867402182434889,1.4160298518951635,1028,1.118669040291592,1.1177552103641653
TOI-2076_d,NIRISS_SOSS,obs14,SOSS_HDU4_ordem_2,jw05959014001_04102_00001-seg003_nis_x1dints.fits,seg003,4,109,60693.983638213445,TDB-MID,3864.7867955252536,4.795722374886576,1778,0.5867402182434889,1.4160298518951635,1029,1.084425694219672,1.0835398373507
TOI-2076_d,NIRISS_SOSS,obs14,SOSS_HDU4_ordem_2,jw05959014001_04102_00001-seg003_nis_x1dints.fits,seg003,4,110,60693.98371529231,TDB-MID,3455.2263077701564,4.795358140834164,1778,0.5867402182434889,1.4160298518951635,1030,0.969506569373509,0.9687145888269664
TOI-2076_d,NIRISS_SOSS,obs14,SOSS_HDU4_ordem_2,jw05959014001_04102_00001-seg003_nis_x1dints.fits,seg003,4,111,60693.98379237116,TDB-MID,3444.5346870028256,4.795304917644376,1778,0.5867402182434889,1.4160298518951635,1031,0.9665065932075869,0.9657170633125803
TOI-2076_d,NIRISS_SOSS,obs14,SOSS_HDU4_ordem_2,jw05959014001_04102_00001-seg003_nis_x1dints.fits,seg003,4,112,60693.983869450014,TDB-MID,3311.7290623873087,4.795209544413695,1778,0.5867402182434889,1.4160298518951635,1032,0.9292424854341111,0.9284833962285988
TOI-2076_d,NIRISS_SOSS,obs14,SOSS_HDU4_ordem_2,jw05959014001_04102_00001-seg003_nis_x1dints.fits,seg003,4,113,60693.98394652887,TDB-MID,3939.180003844609,4.797772782830919,1778,0.5867402182434889,1.4160298518951635,1033,1.1052997840065528,1.1043968752953754
TOI-2076_d,NIRISS_SOSS,obs14,SOSS_HDU4_ordem_2,jw05959014001_04102_00001-seg003_nis_x1dints.fits,seg003,4,114,60693.98402360772,TDB-MID,3487.9656098374594,4.795265149204637,1778,0.5867402182434889,1.4160298518951635,1034,0.9786929339133871,0.9778934491144352
TOI-2076_d,NIRISS_SOSS,obs14,SOSS_HDU4_ordem_2,jw05959014001_04102_00001-seg003_nis_x1dints.fits,seg003,4,115,60693.98410068658,TDB-MID,3619.5288169923765,4.7953667012307095,1778,0.5867402182434889,1.4160298518951635,1035,1.015608430110467,1.0147787893994487
TOI-2076_d,NIRISS_SOSS,obs14,SOSS_HDU4_ordem_2,jw05959014001_04102_00001-seg003_nis_x1dints.fits,seg003,4,116,60693.98417776544,TDB-MID,3521.688131123273,4.795286949100441,1778,0.5867402182434889,1.4160298518951635,1036,0.9881551812483622,0.9873479668310121
TOI-2076_d,NIRISS_SOSS,obs14,SOSS_HDU4_ordem_2,jw05959014001_04102_00001-seg003_nis_x1dints.fits,seg003,4,117,60693.98425484428,TDB-MID,3507.3554232370852,4.795458612162904,1778,0.5867402182434889,1.4160298518951635,1037,0.9841335475795858,0.9833296183959119
TOI-2076_d,NIRISS_SOSS,obs14,SOSS_HDU4_ordem_2,jw05959014001_04102_00001-seg003_nis_x1dints.fits,seg003,4,118,60693.984331923144,TDB-MID,3553.438405487883,4.795506795128923,1778,0.5867402182434889,1.4160298518951635,1038,0.9970640331828007,0.9962495412104065
TOI-2076_d,NIRISS_SOSS,obs14,SOSS_HDU4_ordem_2,jw05959014001_04102_00001-seg003_nis_x1dints.fits,seg003,4,119,60693.984409002005,TDB-MID,3600.7722805060876,4.795412396312386,1778,0.5867402182434889,1.4160298518951635,1039,1.0103455084600799,1.0095201669788931
TOI-2076_d,NIRISS_SOSS,obs14,SOSS_HDU4_ordem_2,jw05959014001_04102_00001-seg003_nis_x1dints.fits,seg003,4,120,60693.98448608085,TDB-MID,3847.8048666419154,4.79570035327245,1778,0.5867402182434889,1.4160298518951635,1040,1.079660712089267,1.0787787476881452
TOI-2076_d,NIRISS_SOSS,obs14,SOSS_HDU4_ordem_2,jw05959014001_04102_00001-seg003_nis_x1dints.fits,seg003,4,121,60693.984563159705,TDB-MID,3691.137772783854,4.795673989718165,1778,0.5867402182434889,1.4160298518951635,1041,1.035701282757974,1.0348552283898187
TOI-2076_d,NIRISS_SOSS,obs14,SOSS_HDU4_ordem_2,jw05959014001_04102_00001-seg003_nis_x1dints.fits,seg003,4,122,60693.98464023857,TDB-MID,3338.4472772922495,4.795434191933012,1778,0.5867402182434889,1.4160298518951635,1042,0.9367393850768411,0.9359741717264658
TOI-2076_d,NIRISS_SOSS,obs14,SOSS_HDU4_ordem_2,jw05959014001_04102_00001-seg003_nis_x1dints.fits,seg003,4,123,60693.98471731741,TDB-MID,3367.864682045919,4.795963258859185,1778,0.5867402182434889,1.4160298518951635,1043,0.9449936540080729,0.9442216978251826
TOI-2076_d,NIRISS_SOSS,obs14,SOSS_HDU4_ordem_2,jw05959014001_04102_00001-seg003_nis_x1dints.fits,seg003,4,124,60693.984794396274,TDB-MID,3515.6033597943483,4.795642304651761,1778,0.5867402182434889,1.4160298518951635,1044,0.9864478471257719,0.9856420274131656
TOI-2076_d,NIRISS_SOSS,obs14,SOSS_HDU4_ordem_2,jw05959014001_04102_00001-seg003_nis_x1dints.fits,seg003,4,125,60693.98487147513,TDB-MID,3485.2376508971493,4.795278770897443,1778,0.5867402182434889,1.4160298518951635,1045,0.9779274922670138,0.9771286327499451
TOI-2076_d,NIRISS_SOSS,obs14,SOSS_HDU4_ordem_2,jw05959014001_04102_00001-seg003_nis_x1dints.fits,seg003,4,126,60693.98494855399,TDB-MID,3277.038204056759,4.795122893634797,1778,0.5867402182434889,1.4160298518951635,1046,0.9195085311130758,0.9187573934807728
TOI-2076_d,NIRISS_SOSS,obs14,SOSS_HDU4_ordem_2,jw05959014001_04102_00001-seg003_nis_x1dints.fits,seg003,4,127,60693.985025632835,TDB-MID,3590.688835155117,4.795072442788521,1778,0.5867402182434889,1.4160298518951635,1047,1.0075161810473716,1.0066931508164036
TOI-2076_d,NIRISS_SOSS,obs14,SOSS_HDU4_ordem_2,jw05959014001_04102_00001-seg003_nis_x1dints.fits,seg003,4,128,60693.9851027117,TDB-MID,3389.5853058523385,4.795244810354782,1778,0.5867402182434889,1.4160298518951635,1048,0.9510882728826335,0.9503113380644872
TOI-2076_d,NIRISS_SOSS,obs14,SOSS_HDU4_ordem_2,jw05959014001_04102_00001-seg003_nis_x1dints.fits,seg003,4,129,60693.98517979055,TDB-MID,3493.0669261999133,4.795269083661723,1778,0.5867402182434889,1.4160298518951635,1049,0.9801243190920452,0.9793236650083748
TOI-2076_d,NIRISS_SOSS,obs14,SOSS_HDU4_ordem_2,jw05959014001_04102_00001-seg003_nis_x1dints.fits,seg003,4,130,60693.985256869404,TDB-MID,3281.139761116586,4.796003473030604,1778,0.5867402182434889,1.4160298518951635,1050,0.9206593924923206,0.9199073147324796
TOI-2076_d,NIRISS_SOSS,obs14,SOSS_HDU4_ordem_2,jw05959014001_04102_00001-seg003_nis_x1dints.fits,seg003,4,131,60693.98533394826,TDB-MID,3621.22760305921,4.795681979332616,1778,0.5867402182434889,1.4160298518951635,1051,1.016085094764256,1.0152550646704885
TOI-2076_d,NIRISS_SOSS,obs14,SOSS_HDU4_ordem_2,jw05959014001_04102_00001-seg003_nis_x1dints.fits,seg003,4,132,60693.98541102711,TDB-MID,3773.1911907145495,4.795617925540158,1778,0.5867402182434889,1.4160298518951635,1052,1.0587247610014867,1.0578598989764691
TOI-2076_d,NIRISS_SOSS,obs14,SOSS_HDU4_ordem_2,jw05959014001_04102_00001-seg003_nis_x1dints.fits,seg003,4,133,60693.985488105965,TDB-MID,3508.29979399304,4.796263457641967,1778,0.5867402182434889,1.4160298518951635,1053,0.9843985298326335,0.983594384187518
TOI-2076_d,NIRISS_SOSS,obs14,SOSS_HDU4_ordem_2,jw05959014001_04102_00001-seg003_nis_x1dints.fits,seg003,4,134,60693.98556518483,TDB-MID,3347.6462396034262,4.808604835711301,1778,0.5867402182434889,1.4160298518951635,1054,0.9393205342108498,0.938553212344693
TOI-2076_d,NIRISS_SOSS,obs14,SOSS_HDU4_ordem_2,jw05959014001_04102_00001-seg003_nis_x1dints.fits,seg003,4,135,60693.98564226368,TDB-MID,3383.1550438335244,4.795203370166024,1778,0.5867402182434889,1.4160298518951635,1055,0.9492839970654421,0.9485085361427731
TOI-2076_d,NIRISS_SOSS,obs14,SOSS_HDU4_ordem_2,jw05959014001_04102_00001-seg003_nis_x1dints.fits,seg003,4,136,60693.98571934253,TDB-MID,3598.554336397726,4.79539862970457,1778,0.5867402182434889,1.4160298518951635,1056,1.0097231725572986,1.008898339456296
TOI-2076_d,NIRISS_SOSS,obs14,SOSS_HDU4_ordem_2,jw05959014001_04102_00001-seg003_nis_x1dints.fits,seg003,4,137,60693.98579642139,TDB-MID,3260.4990825808172,4.795161822369167,1778,0.5867402182434889,1.4160298518951635,1057,0.9148677969051507,0.9141204502437709
TOI-2076_d,NIRISS_SOSS,obs14,SOSS_HDU4_ordem_2,jw05959014001_04102_00001-seg003_nis_x1dints.fits,seg003,4,138,60693.98587350025,TDB-MID,3476.8326020814047,4.795284548166005,1778,0.5867402182434889,1.4160298518951635,1058,0.9755691083821596,0.9747721754060934
TOI-2076_d,NIRISS_SOSS,obs14,SOSS_HDU4_ordem_2,jw05959014001_04102_00001-seg003_nis_x1dints.fits,seg003,4,139,60693.985950579096,TDB-MID,3459.282418261734,4.795282221347747,1778,0.5867402182434889,1.4160298518951635,1059,0.970644678839406,0.9698517685822401
TOI-2076_d,NIRISS_SOSS,obs14,SOSS_HDU4_ordem_2,jw05959014001_04102_00001-seg003_nis_x1dints.fits,seg003,4,140,60693.98602765795,TDB-MID,3795.0017139629254,4.795664509442298,1778,0.5867402182434889,1.4160298518951635,1060,1.0648446048806623,1.0639747436143263
TOI-2076_d,NIRISS_SOSS,obs14,SOSS_HDU4_ordem_2,jw05959014001_04102_00001-seg003_nis_x1dints.fits,seg003,4,141,60693.98610473681,TDB-MID,3225.438521147394,4.795156489255004,1778,0.5867402182434889,1.4160298518951635,1061,0.9050301070961831,0.90429079674853
TOI-2076_d,NIRISS_SOSS,obs14,SOSS_HDU4_ordem_2,jw05959014001_04102_00001-seg003_nis_x1dints.fits,seg003,4,142,60693.986181815664,TDB-MID,3934.3211402559486,4.795915625066451,1778,0.5867402182434889,1.4160298518951635,1062,1.1039364289758555,1.1030346339762265
TOI-2076_d,NIRISS_SOSS,obs14,SOSS_HDU4_ordem_2,jw05959014001_04102_00001-seg003_nis_x1dints.fits,seg003,4,143,60693.98625889452,TDB-MID,3475.3736981801712,4.795266578365336,1778,0.5867402182434889,1.4160298518951635,1063,0.9751597525859417,0.9743631540086691
TOI-2076_d,NIRISS_SOSS,obs14,SOSS_HDU4_ordem_2,jw05959014001_04102_00001-seg003_nis_x1dints.fits,seg003,4,144,60693.98633597337,TDB-MID,3454.9682031630928,4.7952161111227385,1778,0.5867402182434889,1.4160298518951635,1064,0.9694341474567242,0.9686422260709455
TOI-2076_d,NIRISS_SOSS,obs14,SOSS_HDU4_ordem_2,jw05959014001_04102_00001-seg003_nis_x1dints.fits,seg003,4,145,60693.986413052226,TDB-MID,3635.804408892688,4.795488356286101,1778,0.5867402182434889,1.4160298518951635,1065,1.0201752202024243,1.0193418489247161
TOI-2076_d,NIRISS_SOSS,obs14,SOSS_HDU4_ordem_2,jw05959014001_04102_00001-seg003_nis_x1dints.fits,seg003,4,146,60693.98649013108,TDB-MID,3483.443849386368,4.795311017116133,1778,0.5867402182434889,1.4160298518951635,1066,0.977424167102771,0.9766257187471645
TOI-2076_d,NIRISS_SOSS,obs14,SOSS_HDU4_ordem_2,jw05959014001_04102_00001-seg003_nis_x1dints.fits,seg003,4,147,60693.98656720994,TDB-MID,3375.046467814341,4.795166708408472,1778,0.5867402182434889,1.4160298518951635,1067,0.9470088008789626,0.9462351985420692
TOI-2076_d,NIRISS_SOSS,obs14,SOSS_HDU4_ordem_2,jw05959014001_04102_00001-seg003_nis_x1dints.fits,seg003,4,148,60693.98664428879,TDB-MID,3728.71962342168,4.795689645865592,1778,0.5867402182434889,1.4160298518951635,1068,1.0462464244757967,1.045391755883288
TOI-2076_d,NIRISS_SOSS,obs14,SOSS_HDU4_ordem_2,jw05959014001_04102_00001-seg003_nis_x1dints.fits,seg003,4,149,60693.98672136765,TDB-MID,3814.307271097767,4.796625843761201,1778,0.5867402182434889,1.4160298518951635,1069,1.070261576968874,1.0693872906303923
TOI-2076_d,NIRISS_SOSS,obs14,SOSS_HDU4_ordem_2,jw05959014001_04102_00001-seg003_nis_x1dints.fits,seg003,4,150,60693.9867984465,TDB-MID,3826.063423115459,4.798522073602899,1778,0.5867402182434889,1.4160298518951635,1070,1.073560251381625,1.0726832703878963
TOI-2076_d,NIRISS_SOSS,obs14,SOSS_HDU4_ordem_2,jw05959014001_04102_00001-seg003_nis_x1dints.fits,seg003,4,151,60693.98687552535,TDB-MID,3372.671742406431,4.795164964860078,1778,0.5867402182434889,1.4160298518951635,1071,0.9463424735017225,0.9455694154812238
TOI-2076_d,NIRISS_SOSS,obs14,SOSS_HDU4_ordem_2,jw05959014001_04102_00001-seg003_nis_x1dints.fits,seg003,4,152,60693.98695260421,TDB-MID,3354.922318875416,4.795042819046005,1778,0.5867402182434889,1.4160298518951635,1072,0.9413621390219769,0.9405931493885813
TOI-2076_d,NIRISS_SOSS,obs14,SOSS_HDU4_ordem_2,jw05959014001_04102_00001-seg003_nis_x1dints.fits,seg003,4,153,60693.98702968307,TDB-MID,3735.76874439125,4.795587578034468,1778,0.5867402182434889,1.4160298518951635,1073,1.0482243467534023,1.0473680624153008
TOI-2076_d,NIRISS_SOSS,obs14,SOSS_HDU4_ordem_2,jw05959014001_04102_00001-seg003_nis_x1dints.fits,seg003,4,154,60693.98710676192,TDB-MID,3789.3368725808787,4.795758175785652,1778,0.5867402182434889,1.4160298518951635,1074,1.0632550994633176,1.062386536648595
TOI-2076_d,NIRISS_SOSS,obs14,SOSS_HDU4_ordem_2,jw05959014001_04102_00001-seg003_nis_x1dints.fits,seg003,4,155,60693.98718384077,TDB-MID,3483.253346362175,4.795263500890996,1778,0.5867402182434889,1.4160298518951635,1075,0.977370713604508,0.9765723089145476
TOI-2076_d,NIRISS_SOSS,obs14,SOSS_HDU4_ordem_2,jw05959014001_04102_00001-seg003_nis_x1dints.fits,seg003,4,156,60693.98726091963,TDB-MID,3566.7744872676635,4.795379105282101,1778,0.5867402182434889,1.4160298518951635,1076,1.00080602219988,0.999988473432823
TOI-2076_d,NIRISS_SOSS,obs14,SOSS_HDU4_ordem_2,jw05959014001_04102_00001-seg003_nis_x1dints.fits,seg003,4,157,60693.98733799849,TDB-MID,3408.361144210011,4.795176196001451,1778,0.5867402182434889,1.4160298518951635,1077,0.956356610470919,0.9555753719987137
TOI-2076_d,NIRISS_SOSS,obs14,SOSS_HDU4_ordem_2,jw05959014001_04102_00001-seg003_nis_x1dints.fits,seg003,4,158,60693.98741507734,TDB-MID,3851.487307418448,4.79591993840098,1778,0.5867402182434889,1.4160298518951635,1078,1.0806939730702187,1.0798111646081878
TOI-2076_d,NIRISS_SOSS,obs14,SOSS_HDU4_ordem_2,jw05959014001_04102_00001-seg003_nis_x1dints.fits,seg003,4,159,60693.98749215619,TDB-MID,3248.59283684214,4.79502058064243,1778,0.5867402182434889,1.4160298518951635,1079,0.9115270074945514,0.9107823898917533
TOI-2076_d,NIRISS_SOSS,obs14,SOSS_HDU4_ordem_2,jw05959014001_04102_00001-seg003_nis_x1dints.fits,seg003,4,160,60693.987569235054,TDB-MID,3517.703386988482,4.795300822173417,1778,0.5867402182434889,1.4160298518951635,1080,0.9870370965639338,0.9862307954991564
TOI-2076_d,NIRISS_SOSS,obs14,SOSS_HDU4_ordem_2,jw05959014001_04102_00001-seg003_nis_x1dints.fits,seg003,4,161,60693.98764631391,TDB-MID,3674.274900476469,4.79551467816256,1778,0.5867402182434889,1.4160298518951635,1081,1.0309697068713957,1.030127517681853
TOI-2076_d,NIRISS_SOSS,obs14,SOSS_HDU4_ordem_2,jw05959014001_04102_00001-seg003_nis_x1dints.fits,seg003,4,162,60693.98772339276,TDB-MID,2951.0036650636866,4.794670708768021,1778,0.5867402182434889,1.4160298518951635,1082,0.8280260639051787,0.8273496574161883
TOI-2076_d,NIRISS_SOSS,obs14,SOSS_HDU4_ordem_2,jw05959014001_04102_00001-seg003_nis_x1dints.fits,seg003,4,163,60693.987800471616,TDB-MID,3584.658017360837,4.795376701555873,1778,0.5867402182434889,1.4160298518951635,1083,1.0058239858192037,1.0050023379261632
TOI-2076_d,NIRISS_SOSS,obs14,SOSS_HDU4_ordem_2,jw05959014001_04102_00001-seg003_nis_x1dints.fits,seg003,4,164,60693.98787755047,TDB-MID,3723.7342132856047,4.796863631073288,1778,0.5867402182434889,1.4160298518951635,1084,1.0448475615801662,1.0439940357052373
TOI-2076_d,NIRISS_SOSS,obs14,SOSS_HDU4_ordem_2,jw05959014001_04102_00001-seg003_nis_x1dints.fits,seg003,4,165,60693.98795462932,TDB-MID,3763.57159987423,4.797818245039082,1778,0.5867402182434889,1.4160298518951635,1085,1.0560255871461006,1.055162930050119
TOI-2076_d,NIRISS_SOSS,obs14,SOSS_HDU4_ordem_2,jw05959014001_04102_00001-seg003_nis_x1dints.fits,seg003,4,166,60693.988031708184,TDB-MID,3076.5728624321614,4.794769237209424,1778,0.5867402182434889,1.4160298518951635,1086,0.8632596928822226,0.8625545043822428
TOI-2076_d,NIRISS_SOSS,obs14,SOSS_HDU4_ordem_2,jw05959014001_04102_00001-seg003_nis_x1dints.fits,seg003,4,167,60693.98810878703,TDB-MID,3655.458162227049,4.795529160880006,1778,0.5867402182434889,1.4160298518951635,1087,1.025689893127801,1.0248520169670778
TOI-2076_d,NIRISS_SOSS,obs14,SOSS_HDU4_ordem_2,jw05959014001_04102_00001-seg003_nis_x1dints.fits,seg003,4,168,60693.98818586589,TDB-MID,3721.9181202400546,4.796671036682121,1778,0.5867402182434889,1.4160298518951635,1088,1.0443379816043785,1.0434848720004068
TOI-2076_d,NIRISS_SOSS,obs14,SOSS_HDU4_ordem_2,jw05959014001_04102_00001-seg003_nis_x1dints.fits,seg003,4,169,60693.988262944746,TDB-MID,3738.2822647666835,4.795543774391166,1778,0.5867402182434889,1.4160298518951635,1089,1.0489296187961499,1.048072758328133
TOI-2076_d,NIRISS_SOSS,obs14,SOSS_HDU4_ordem_2,jw05959014001_04102_00001-seg003_nis_x1dints.fits,seg003,4,170,60693.98834002359,TDB-MID,3500.2988980115456,4.795253677572422,1778,0.5867402182434889,1.4160298518951635,1090,0.9821535477318984,0.981351235990964
TOI-2076_d,NIRISS_SOSS,obs14,SOSS_HDU4_ordem_2,jw05959014001_04102_00001-seg003_nis_x1dints.fits,seg003,4,171,60693.98841710245,TDB-MID,3538.429892842297,4.795299759210025,1778,0.5867402182434889,1.4160298518951635,1091,0.9928527745530261,0.9920417227171062
TOI-2076_d,NIRISS_SOSS,obs14,SOSS_HDU4_ordem_2,jw05959014001_04102_00001-seg003_nis_x1dints.fits,seg003,4,172,60693.988494181314,TDB-MID,3496.643580723426,4.795280619799293,1778,0.5867402182434889,1.4160298518951635,1092,0.9811278973668248,0.980326423469761
TOI-2076_d,NIRISS_SOSS,obs14,SOSS_HDU4_ordem_2,jw05959014001_04102_00001-seg003_nis_x1dints.fits,seg003,4,173,60693.98857126016,TDB-MID,3890.3274581482547,4.795823502546057,1778,0.5867402182434889,1.4160298518951635,1093,1.0915921828932118,1.0907004717889044
TOI-2076_d,NIRISS_SOSS,obs14,SOSS_HDU4_ordem_2,jw05959014001_04102_00001-seg003_nis_x1dints.fits,seg003,4,174,60693.988648339015,TDB-MID,3704.656696262863,4.795612343148874,1778,0.5867402182434889,1.4160298518951635,1094,1.0394945755719012,1.0386454224995074
TOI-2076_d,NIRISS_SOSS,obs14,SOSS_HDU4_ordem_2,jw05959014001_04102_00001-seg003_nis_x1dints.fits,seg003,4,175,60693.988725417876,TDB-MID,3460.308128037717,4.795401623208938,1778,0.5867402182434889,1.4160298518951635,1095,0.9709324841168344,0.970139338754319
TOI-2076_d,NIRISS_SOSS,obs14,SOSS_HDU4_ordem_2,jw05959014001_04102_00001-seg003_nis_x1dints.fits,seg003,4,176,60693.98880249673,TDB-MID,3789.6188790018155,4.795757895917454,1778,0.5867402182434889,1.4160298518951635,1096,1.063334228022014,1.0624656005679365
TOI-2076_d,NIRISS_SOSS,obs14,SOSS_HDU4_ordem_2,jw05959014001_04102_00001-seg003_nis_x1dints.fits,seg003,4,177,60693.98887957558,TDB-MID,3608.7037192575503,4.795443290386876,1778,0.5867402182434889,1.4160298518951635,1097,1.0125710014637752,1.0117438419988625
TOI-2076_d,NIRISS_SOSS,obs14,SOSS_HDU4_ordem_2,jw05959014001_04102_00001-seg003_nis_x1dints.fits,seg003,4,178,60693.98895665444,TDB-MID,3582.708607342202,4.795524294548676,1778,0.5867402182434889,1.4160298518951635,1098,1.005276998255692,1.0044557971915054
TOI-2076_d,NIRISS_SOSS,obs14,SOSS_HDU4_ordem_2,jw05959014001_04102_00001-seg003_nis_x1dints.fits,seg003,4,179,60693.98903373329,TDB-MID,3397.444976306883,4.795192767384439,1778,0.5867402182434889,1.4160298518951635,1099,0.9532936283239416,0.9525148919722494
TOI-2076_d,NIRISS_SOSS,obs14,SOSS_HDU4_ordem_2,jw05959014001_04102_00001-seg003_nis_x1dints.fits,seg003,4,180,60693.98911081215,TDB-MID,3872.1234234399035,4.795859401634646,1778,0.5867402182434889,1.4160298518951635,1100,1.0864842884553971,1.0855967499406898
TOI-2076_d,NIRISS_SOSS,obs14,SOSS_HDU4_ordem_2,jw05959014001_04102_00001-seg003_nis_x1dints.fits,seg003,4,181,60693.989187891006,TDB-MID,3348.2096338553315,4.795189161507029,1778,0.5867402182434889,1.4160298518951635,1101,0.9394786177572564,0.9387111667541783
TOI-2076_d,NIRISS_SOSS,obs14,SOSS_HDU4_ordem_2,jw05959014001_04102_00001-seg003_nis_x1dints.fits,seg003,4,182,60693.98926496985,TDB-MID,3784.985013047827,4.79565942308317,1778,0.5867402182434889,1.4160298518951635,1102,1.0620340053784536,1.0611664400636873
TOI-2076_d,NIRISS_SOSS,obs14,SOSS_HDU4_ordem_2,jw05959014001_04102_00001-seg003_nis_x1dints.fits,seg003,4,183,60693.98934204871,TDB-MID,3729.110845397903,4.795648180693556,1778,0.5867402182434889,1.4160298518951635,1103,1.0463561979731735,1.0455014397077556
TOI-2076_d,NIRISS_SOSS,obs14,SOSS_HDU4_ordem_2,jw05959014001_04102_00001-seg003_nis_x1dints.fits,seg003,4,184,60693.98941912757,TDB-MID,3827.3467310313254,4.795757834887177,1778,0.5867402182434889,1.4160298518951635,1104,1.073920336465535,1.0730430613217814
TOI-2076_d,NIRISS_SOSS,obs14,SOSS_HDU4_ordem_2,jw05959014001_04102_00001-seg003_nis_x1dints.fits,seg003,4,185,60693.98949620642,TDB-MID,3543.019299752685,4.795370661694831,1778,0.5867402182434889,1.4160298518951635,1105,0.9941405223741004,0.9933284185894311
TOI-2076_d,NIRISS_SOSS,obs14,SOSS_HDU4_ordem_2,jw05959014001_04102_00001-seg003_nis_x1dints.fits,seg003,4,186,60693.989573285275,TDB-MID,3443.367920694015,4.7951854350424465,1778,0.5867402182434889,1.4160298518951635,1106,0.9661792086890181,0.9653899462312607
TOI-2076_d,NIRISS_SOSS,obs14,SOSS_HDU4_ordem_2,jw05959014001_04102_00001-seg003_nis_x1dints.fits,seg003,4,187,60693.989650364136,TDB-MID,3346.015287471037,4.795133290652103,1778,0.5867402182434889,1.4160298518951635,1107,0.9388629031714215,0.9380959551396378
TOI-2076_d,NIRISS_SOSS,obs14,SOSS_HDU4_ordem_2,jw05959014001_04102_00001-seg003_nis_x1dints.fits,seg003,4,188,60693.98972744298,TDB-MID,3402.911690477812,4.795168664710067,1778,0.5867402182434889,1.4160298518951635,1108,0.9548275409622207,0.9540475515721191
TOI-2076_d,NIRISS_SOSS,obs14,SOSS_HDU4_ordem_2,jw05959014001_04102_00001-seg003_nis_x1dints.fits,seg003,4,189,60693.98980452184,TDB-MID,2970.8537954493063,4.794701625948989,1778,0.5867402182434889,1.4160298518951635,1109,0.8335958385299265,0.8329148821458752
TOI-2076_d,NIRISS_SOSS,obs14,SOSS_HDU4_ordem_2,jw05959014001_04102_00001-seg003_nis_x1dints.fits,seg003,4,190,60693.9898816007,TDB-MID,3523.3954031295993,4.795402482357085,1778,0.5867402182434889,1.4160298518951635,1110,0.9886342269832592,0.9878266212380781
TOI-2076_d,NIRISS_SOSS,obs14,SOSS_HDU4_ordem_2,jw05959014001_04102_00001-seg003_nis_x1dints.fits,seg003,4,191,60693.98995867955,TDB-MID,3795.8857458706134,4.795778888326107,1778,0.5867402182434889,1.4160298518951635,1111,1.0650926565756011,1.064222592678233
TOI-2076_d,NIRISS_SOSS,obs14,SOSS_HDU4_ordem_2,jw05959014001_04102_00001-seg003_nis_x1dints.fits,seg003,4,192,60693.990035758405,TDB-MID,3530.652015201627,4.796020549280618,1778,0.5867402182434889,1.4160298518951635,1112,0.990670369466721,0.9898611004164238
TOI-2076_d,NIRISS_SOSS,obs14,SOSS_HDU4_ordem_2,jw05959014001_04102_00001-seg003_nis_x1dints.fits,seg003,4,193,60693.99011283726,TDB-MID,3118.4428622885107,4.794818578961152,1778,0.5867402182434889,1.4160298518951635,1113,0.8750080521225746,0.8742932665014755
TOI-2076_d,NIRISS_SOSS,obs14,SOSS_HDU4_ordem_2,jw05959014001_04102_00001-seg003_nis_x1dints.fits,seg003,4,194,60693.99018991611,TDB-MID,3581.4507419605793,4.7956988695064435,1778,0.5867402182434889,1.4160298518951635,1114,1.0049240521264822,1.0041031393805777
TOI-2076_d,NIRISS_SOSS,obs14,SOSS_HDU4_ordem_2,jw05959014001_04102_00001-seg003_nis_x1dints.fits,seg003,4,195,60693.99026699497,TDB-MID,4109.806445695092,4.796112795277476,1778,0.5867402182434889,1.4160298518951635,1115,1.153176085454844,1.1522340670557232
TOI-2076_d,NIRISS_SOSS,obs14,SOSS_HDU4_ordem_2,jw05959014001_04102_00001-seg003_nis_x1dints.fits,seg003,4,196,60693.99034407383,TDB-MID,3648.4496132634235,4.795420509254024,1778,0.5867402182434889,1.4160298518951635,1116,1.023723355003589,1.0228870852888534
TOI-2076_d,NIRISS_SOSS,obs14,SOSS_HDU4_ordem_2,jw05959014001_04102_00001-seg003_nis_x1dints.fits,seg003,4,197,60693.990421152674,TDB-MID,3742.4978601930625,4.795554262699888,1778,0.5867402182434889,1.4160298518951635,1117,1.050112478353136,1.0492546516185788
TOI-2076_d,NIRISS_SOSS,obs14,SOSS_HDU4_ordem_2,jw05959014001_04102_00001-seg003_nis_x1dints.fits,seg003,4,198,60693.990498231535,TDB-MID,3352.4762077489677,4.795109003549726,1778,0.5867402182434889,1.4160298518951635,1118,0.9406757814305288,0.9399073524760163
TOI-2076_d,NIRISS_SOSS,obs14,SOSS_HDU4_ordem_2,jw05959014001_04102_00001-seg003_nis_x1dints.fits,seg003,4,199,60693.990575310396,TDB-MID,3215.679106264849,4.795080630789327,1778,0.5867402182434889,1.4160298518951635,1119,0.9022916998258428,0.9015546264566229
TOI-2076_d,NIRISS_SOSS,obs14,SOSS_HDU4_ordem_2,jw05959014001_04102_00001-seg003_nis_x1dints.fits,seg003,4,200,60693.99065238924,TDB-MID,3360.1239060801963,4.795116039567886,1778,0.5867402182434889,1.4160298518951635,1120,0.9428216593303466,0.9420514774289169
TOI-2076_d,NIRISS_SOSS,obs14,SOSS_HDU4_ordem_2,jw05959014001_04102_00001-seg003_nis_x1dints.fits,seg003,4,201,60693.990729468096,TDB-MID,3384.3530448833476,4.794873875225864,1778,0.5867402182434889,1.4160298518951635,1121,0.9496201457817528,0.9488444102624463
TOI-2076_d,NIRISS_SOSS,obs14,SOSS_HDU4_ordem_2,jw05959014001_04102_00001-seg003_nis_x1dints.fits,seg003,4,202,60693.99080654696,TDB-MID,3728.169886575106,4.795555791823181,1778,0.5867402182434889,1.4160298518951635,1122,1.0460921730790123,1.0452376304929787
TOI-2076_d,NIRISS_SOSS,obs14,SOSS_HDU4_ordem_2,jw05959014001_04102_00001-seg003_nis_x1dints.fits,seg003,4,203,60693.99088362581,TDB-MID,3219.187149719337,4.794969270250474,1778,0.5867402182434889,1.4160298518951635,1123,0.9032760264290309,0.9025381489729222
TOI-2076_d,NIRISS_SOSS,obs14,SOSS_HDU4_ordem_2,jw05959014001_04102_00001-seg003_nis_x1dints.fits,seg003,4,204,60693.990960704665,TDB-MID,4076.921243906565,4.79603004479094,1778,0.5867402182434889,1.4160298518951635,1124,1.143948782717118,1.1430143020124246
TOI-2076_d,NIRISS_SOSS,obs14,SOSS_HDU4_ordem_2,jw05959014001_04102_00001-seg003_nis_x1dints.fits,seg003,4,205,60693.99103778352,TDB-MID,3857.0006165364775,4.795330043610007,1778,0.5867402182434889,1.4160298518951635,1125,1.0822409598470026,1.081356887666425
TOI-2076_d,NIRISS_SOSS,obs14,SOSS_HDU4_ordem_2,jw05959014001_04102_00001-seg003_nis_x1dints.fits,seg003,4,206,60693.99111486237,TDB-MID,3422.2052213054185,4.79528821559527,1778,0.5867402182434889,1.4160298518951635,1126,0.9602411385728056,0.9594567268671366
TOI-2076_d,NIRISS_SOSS,obs14,SOSS_HDU4_ordem_2,jw05959014001_04102_00001-seg003_nis_x1dints.fits,seg003,4,207,60693.991191941226,TDB-MID,3295.1548447802857,4.795086092844155,1778,0.5867402182434889,1.4160298518951635,1127,0.9245919035558419,0.9238366133657195
TOI-2076_d,NIRISS_SOSS,obs14,SOSS_HDU4_ordem_2,jw05959014001_04102_00001-seg003_nis_x1dints.fits,seg003,4,208,60693.99126902009,TDB-MID,3467.0458292626795,4.79524620204437,1778,0.5867402182434889,1.4160298518951635,1128,0.9728230247119286,0.9720283349850726
TOI-2076_d,NIRISS_SOSS,obs14,SOSS_HDU4_ordem_2,jw05959014001_04102_00001-seg003_nis_x1dints.fits,seg003,4,209,60693.991346098934,TDB-MID,3354.6318360771083,4.7951495782143505,1778,0.5867402182434889,1.4160298518951635,1129,0.9412806320652211,0.9405117090140707
TOI-2076_d,NIRISS_SOSS,obs14,SOSS_HDU4_ordem_2,jw05959014001_04102_00001-seg003_nis_x1dints.fits,seg003,4,210,60693.991423177795,TDB-MID,3678.2591873815445,4.79554899266934,1778,0.5867402182434889,1.4160298518951635,1130,1.0320876632611269,1.0312445608238143
TOI-2076_d,NIRISS_SOSS,obs14,SOSS_HDU4_ordem_2,jw05959014001_04102_00001-seg003_nis_x1dints.fits,seg003,4,211,60693.99150025665,TDB-MID,3695.9335947101076,4.795481520909312,1778,0.5867402182434889,1.4160298518951635,1131,1.037046948844329,1.0361997952145534
TOI-2076_d,NIRISS_SOSS,obs14,SOSS_HDU4_ordem_2,jw05959014001_04102_00001-seg003_nis_x1dints.fits,seg003,4,212,60693.991577335495,TDB-MID,3637.971570026846,4.795511199314259,1778,0.5867402182434889,1.4160298518951635,1132,1.0207833068425765,1.019949438824769
TOI-2076_d,NIRISS_SOSS,obs14,SOSS_HDU4_ordem_2,jw05959014001_04102_00001-seg003_nis_x1dints.fits,seg003,4,213,60693.991654414356,TDB-MID,3405.870389486778,4.795238668373835,1778,0.5867402182434889,1.4160298518951635,1133,0.9556577262729602,0.9548770587125016
TOI-2076_d,NIRISS_SOSS,obs14,SOSS_HDU4_ordem_2,jw05959014001_04102_00001-seg003_nis_x1dints.fits,seg003,4,214,60693.99173149322,TDB-MID,4104.626165609962,4.79595200014712,1778,0.5867402182434889,1.4160298518951635,1134,1.151722543739665,1.150781712724723
TOI-2076_d,NIRISS_SOSS,obs14,SOSS_HDU4_ordem_2,jw05959014001_04102_00001-seg003_nis_x1dints.fits,seg003,4,215,60693.991808572064,TDB-MID,3451.684195495403,4.795251111394152,1778,0.5867402182434889,1.4160298518951635,1135,0.968512683354492,0.9677215147038328
TOI-2076_d,NIRISS_SOSS,obs14,SOSS_HDU4_ordem_2,jw05959014001_04102_00001-seg003_nis_x1dints.fits,seg003,4,216,60693.99188565092,TDB-MID,3635.8611462486388,4.795674202093364,1778,0.5867402182434889,1.4160298518951635,1136,1.0201911402129888,1.0193577559303781
TOI-2076_d,NIRISS_SOSS,obs14,SOSS_HDU4_ordem_2,jw05959014001_04102_00001-seg003_nis_x1dints.fits,seg003,4,217,60693.99196272978,TDB-MID,3902.824477436853,4.795771242554486,1778,0.5867402182434889,1.4160298518951635,1137,1.0950987382440545,1.0942041626685706
TOI-2076_d,NIRISS_SOSS,obs14,SOSS_HDU4_ordem_2,jw05959014001_04102_00001-seg003_nis_x1dints.fits,seg003,4,218,60693.99203980863,TDB-MID,3220.2825506035224,4.794988100844387,1778,0.5867402182434889,1.4160298518951635,1138,0.9035833864276878,0.9028452578921666
TOI-2076_d,NIRISS_SOSS,obs14,SOSS_HDU4_ordem_2,jw05959014001_04102_00001-seg003_nis_x1dints.fits,seg003,4,219,60693.992116887486,TDB-MID,3429.365281542161,4.795259914850041,1778,0.5867402182434889,1.4160298518951635,1139,0.9622501894477139,0.961464136567802
TOI-2076_d,NIRISS_SOSS,obs14,SOSS_HDU4_ordem_2,jw05959014001_04102_00001-seg003_nis_x1dints.fits,seg003,4,220,60693.99219396634,TDB-MID,3556.694928763542,4.795393362890808,1778,0.5867402182434889,1.4160298518951635,1140,0.997977785402726,0.9971625469949745
TOI-2076_d,NIRISS_SOSS,obs14,SOSS_HDU4_ordem_2,jw05959014001_04102_00001-seg003_nis_x1dints.fits,seg003,4,221,60693.992271045194,TDB-MID,3467.546751073542,4.795264095318016,1778,0.5867402182434889,1.4160298518951635,1141,0.9729635790325767,0.9721687744882545
TOI-2076_d,NIRISS_SOSS,obs14,SOSS_HDU4_ordem_2,jw05959014001_04102_00001-seg003_nis_x1dints.fits,seg003,4,222,60693.992348124055,TDB-MID,3606.109198576033,4.795354958623081,1778,0.5867402182434889,1.4160298518951635,1142,1.0118430014368451,1.0110164366681185
TOI-2076_d,NIRISS_SOSS,obs14,SOSS_HDU4_ordem_2,jw05959014001_04102_00001-seg003_nis_x1dints.fits,seg003,4,223,60693.99242520291,TDB-MID,3334.643900411472,4.795107632488173,1778,0.5867402182434889,1.4160298518951635,1143,0.9356721904727062,0.9349078489032889
TOI-2076_d,NIRISS_SOSS,obs14,SOSS_HDU4_ordem_2,jw05959014001_04102_00001-seg003_nis_x1dints.fits,seg003,4,224,60693.992502281755,TDB-MID,3429.4976378583287,4.795216473264963,1778,0.5867402182434889,1.4160298518951635,1144,0.9622873274834294,0.961501244265815
TOI-2076_d,NIRISS_SOSS,obs14,SOSS_HDU4_ordem_2,jw05959014001_04102_00001-seg003_nis_x1dints.fits,seg003,4,225,60693.992579360616,TDB-MID,3861.7566426624053,4.79587117110188,1778,0.5867402182434889,1.4160298518951635,1145,1.083575459576537,1.0826902972560277
TOI-2076_d,NIRISS_SOSS,obs14,SOSS_HDU4_ordem_2,jw05959014001_04102_00001-seg003_nis_x1dints.fits,seg003,4,226,60693.99265643947,TDB-MID,3949.079219096153,4.79592899079721,1778,0.5867402182434889,1.4160298518951635,1146,1.1080774180493451,1.1071722403157633
TOI-2076_d,NIRISS_SOSS,obs14,SOSS_HDU4_ordem_2,jw05959014001_04102_00001-seg003_nis_x1dints.fits,seg003,4,227,60693.992733518324,TDB-MID,3273.876859125431,4.794961384656595,1778,0.5867402182434889,1.4160298518951635,1147,0.9186214851120411,0.9178710720990432
TOI-2076_d,NIRISS_SOSS,obs14,SOSS_HDU4_ordem_2,jw05959014001_04102_00001-seg003_nis_x1dints.fits,seg003,4,228,60693.99281059718,TDB-MID,3230.659998210472,4.7949965067922085,1778,0.5867402182434889,1.4160298518951635,1148,0.9064952083264856,0.9057547011517971
TOI-2076_d,NIRISS_SOSS,obs14,SOSS_HDU4_ordem_2,jw05959014001_04102_00001-seg003_nis_x1dints.fits,seg003,4,229,60693.99288767604,TDB-MID,3408.5373876501,4.7952455998509445,1778,0.5867402182434889,1.4160298518951635,1149,0.956406062853413,0.9556247839840344
TOI-2076_d,NIRISS_SOSS,obs14,SOSS_HDU4_ordem_2,jw05959014001_04102_00001-seg003_nis_x1dints.fits,seg003,4,230,60693.992964754885,TDB-MID,3683.6734784823034,4.7955585756638275,1778,0.5867402182434889,1.4160298518951635,1150,1.0336068664400566,1.0327625229803499
TOI-2076_d,NIRISS_SOSS,obs14,SOSS_HDU4_ordem_2,jw05959014001_04102_00001-seg003_nis_x1dints.fits,seg003,4,231,60693.993041833746,TDB-MID,3525.9836654283636,4.795121496425104,1778,0.5867402182434889,1.4160298518951635,1151,0.9893604709622051,0.9885522719553365
TOI-2076_d,NIRISS_SOSS,obs14,SOSS_HDU4_ordem_2,jw05959014001_04102_00001-seg003_nis_x1dints.fits,seg003,4,232,60693.9931189126,TDB-MID,3187.9917291309457,4.7949668316117044,1778,0.5867402182434889,1.4160298518951635,1152,0.8945228616575075,0.8937921345771039
TOI-2076_d,NIRISS_SOSS,obs14,SOSS_HDU4_ordem_2,jw05959014001_04102_00001-seg003_nis_x1dints.fits,seg003,4,233,60693.993195991454,TDB-MID,3653.3394253046195,4.795430339857937,1778,0.5867402182434889,1.4160298518951635,1153,1.0250953939019614,1.0242580033819102
TOI-2076_d,NIRISS_SOSS,obs14,SOSS_HDU4_ordem_2,jw05959014001_04102_00001-seg003_nis_x1dints.fits,seg003,4,234,60693.99327307031,TDB-MID,3574.951386374762,4.7953704546429226,1778,0.5867402182434889,1.4160298518951635,1154,1.0031003892529466,1.0022809662396182
TOI-2076_d,NIRISS_SOSS,obs14,SOSS_HDU4_ordem_2,jw05959014001_04102_00001-seg003_nis_x1dints.fits,seg003,4,235,60693.99335014916,TDB-MID,3887.39432611612,4.795758155675318,1778,0.5867402182434889,1.4160298518951635,1155,1.0907691714546848,1.0898781326604672
TOI-2076_d,NIRISS_SOSS,obs14,SOSS_HDU4_ordem_2,jw05959014001_04102_00001-seg003_nis_x1dints.fits,seg003,4,236,60693.993427228015,TDB-MID,3975.477523512227,4.7961864174573,1778,0.5867402182434889,1.4160298518951635,1156,1.1154845535802802,1.1145733250292706
TOI-2076_d,NIRISS_SOSS,obs14,SOSS_HDU4_ordem_2,jw05959014001_04102_00001-seg003_nis_x1dints.fits,seg003,4,237,60693.993504306876,TDB-MID,3645.952163899491,4.7953544664356365,1778,0.5867402182434889,1.4160298518951635,1157,1.0230225923474452,1.0221868950789508
TOI-2076_d,NIRISS_SOSS,obs14,SOSS_HDU4_ordem_2,jw05959014001_04102_00001-seg003_nis_x1dints.fits,seg003,4,238,60693.99358138572,TDB-MID,4047.704311548319,4.7967847202459595,1778,0.5867402182434889,1.4160298518951635,1158,1.1357507646033518,1.1348229807804242
TOI-2076_d,NIRISS_SOSS,obs14,SOSS_HDU4_ordem_2,jw05959014001_04102_00001-seg003_nis_x1dints.fits,seg003,4,239,60693.99365846458,TDB-MID,3152.7918678748683,4.794922945618947,1778,0.5867402182434889,1.4160298518951635,1159,0.8846460855250559,0.883923426687619
TOI-2076_d,NIRISS_SOSS,obs14,SOSS_HDU4_ordem_2,jw05959014001_04102_00001-seg003_nis_x1dints.fits,seg003,4,240,60693.99373554344,TDB-MID,3443.56331627313,4.795179188466474,1778,0.5867402182434889,1.4160298518951635,1160,0.9662340349958081,0.9654447277509706
TOI-2076_d,NIRISS_SOSS,obs14,SOSS_HDU4_ordem_2,jw05959014001_04102_00001-seg003_nis_x1dints.fits,seg003,4,241,60693.99381262229,TDB-MID,3448.7013106811874,4.795259974032214,1778,0.5867402182434889,1.4160298518951635,1161,0.9676757117163209,0.9668852267797038
TOI-2076_d,NIRISS_SOSS,obs14,SOSS_HDU4_ordem_2,jw05959014001_04102_00001-seg003_nis_x1dints.fits,seg003,4,242,60693.993889701145,TDB-MID,3307.363313835866,4.795103838563739,1778,0.5867402182434889,1.4160298518951635,1162,0.9280174942110071,0.9272594056889857
TOI-2076_d,NIRISS_SOSS,obs14,SOSS_HDU4_ordem_2,jw05959014001_04102_00001-seg003_nis_x1dints.fits,seg003,4,243,60693.99396678,TDB-MID,3594.3031963473145,4.7954310526325985,1778,0.5867402182434889,1.4160298518951635,1163,1.0085303394867318,1.0077064807995362
TOI-2076_d,NIRISS_SOSS,obs14,SOSS_HDU4_ordem_2,jw05959014001_04102_00001-seg003_nis_x1dints.fits,seg003,4,244,60693.99404385885,TDB-MID,3500.5073360192782,4.795328908758707,1778,0.5867402182434889,1.4160298518951635,1164,0.982212033631172,0.9814096741136717
TOI-2076_d,NIRISS_SOSS,obs14,SOSS_HDU4_ordem_2,jw05959014001_04102_00001-seg003_nis_x1dints.fits,seg003,4,245,60693.994120937714,TDB-MID,3279.1852841611667,4.795045130663806,1778,0.5867402182434889,1.4160298518951635,1165,0.9201109831902419,0.9193593534206594
TOI-2076_d,NIRISS_SOSS,obs14,SOSS_HDU4_ordem_2,jw05959014001_04102_00001-seg003_nis_x1dints.fits,seg003,4,246,60693.99419801657,TDB-MID,3502.8620668017884,4.795325255048364,1778,0.5867402182434889,1.4160298518951635,1166,0.982872750689738,0.9820698514388582
TOI-2076_d,NIRISS_SOSS,obs14,SOSS_HDU4_ordem_2,jw05959014001_04102_00001-seg003_nis_x1dints.fits,seg003,4,247,60693.994275095414,TDB-MID,3662.4682867489632,4.7954749175011075,1778,0.5867402182434889,1.4160298518951635,1167,1.02765687334002,1.0268173903721716
TOI-2076_d,NIRISS_SOSS,obs14,SOSS_HDU4_ordem_2,jw05959014001_04102_00001-seg003_nis_x1dints.fits,seg003,4,248,60693.994352174275,TDB-MID,3563.9122287076707,4.795303150808207,1778,0.5867402182434889,1.4160298518951635,1168,1.0000028972436599,0.9991860045416177
TOI-2076_d,NIRISS_SOSS,obs14,SOSS_HDU4_ordem_2,jw05959014001_04102_00001-seg003_nis_x1dints.fits,seg003,4,249,60693.99442925313,TDB-MID,3437.4805860007828,4.795261624697097,1778,0.5867402182434889,1.4160298518951635,1169,0.9645272735760116,0.9637393605680826
TOI-2076_d,NIRISS_SOSS,obs14,SOSS_HDU4_ordem_2,jw05959014001_04102_00001-seg003_nis_x1dints.fits,seg003,4,250,60693.99450633198,TDB-MID,3408.8196027172025,4.795300154847986,1778,0.5867402182434889,1.4160298518951635,1170,0.9564852499564162,0.9557039063998584
TOI-2076_d,NIRISS_SOSS,obs14,SOSS_HDU4_ordem_2,jw05959014001_04102_00001-seg003_nis_x1dints.fits,seg003,4,251,60693.99458341084,TDB-MID,2946.23440279611,4.794675428191481,1778,0.5867402182434889,1.4160298518951635,1171,0.8266878502289623,0.8260125369137905
TOI-2076_d,NIRISS_SOSS,obs14,SOSS_HDU4_ordem_2,jw05959014001_04102_00001-seg003_nis_x1dints.fits,seg003,4,252,60693.9946604897,TDB-MID,3222.3720508403317,4.795015535936315,1778,0.5867402182434889,1.4160298518951635,1172,0.9041696820928193,0.9034310746180357
TOI-2076_d,NIRISS_SOSS,obs14,SOSS_HDU4_ordem_2,jw05959014001_04102_00001-seg003_nis_x1dints.fits,seg003,4,253,60693.994737568544,TDB-MID,3761.2591480541646,4.795614319611226,1778,0.5867402182434889,1.4160298518951635,1173,1.0553767331981345,1.054514606144672
TOI-2076_d,NIRISS_SOSS,obs14,SOSS_HDU4_ordem_2,jw05959014001_04102_00001-seg003_nis_x1dints.fits,seg003,4,254,60693.9948146474,TDB-MID,3557.7523197248324,4.795384018468944,1778,0.5867402182434889,1.4160298518951635,1174,0.998274480146298,0.997458999371478
TOI-2076_d,NIRISS_SOSS,obs14,SOSS_HDU4_ordem_2,jw05959014001_04102_00001-seg003_nis_x1dints.fits,seg003,4,255,60693.99489172626,TDB-MID,4143.921696565824,4.796231773419931,1778,0.5867402182434889,1.4160298518951635,1175,1.1627485293091353,1.1617986912731446
TOI-2076_d,NIRISS_SOSS,obs14,SOSS_HDU4_ordem_2,jw05959014001_04102_00001-seg003_nis_x1dints.fits,seg003,4,256,60693.99496880511,TDB-MID,3973.39057383989,4.795895270103819,1778,0.5867402182434889,1.4160298518951635,1176,1.1148989735814439,1.1139882233850762
TOI-2076_d,NIRISS_SOSS,obs14,SOSS_HDU4_ordem_2,jw05959014001_04102_00001-seg003_nis_x1dints.fits,seg003,4,257,60693.99504588397,TDB-MID,3770.0302709063985,4.7957116603643755,1778,0.5867402182434889,1.4160298518951635,1177,1.0578378342863324,1.0569736967831767
TOI-2076_d,NIRISS_SOSS,obs14,SOSS_HDU4_ordem_2,jw05959014001_04102_00001-seg003_nis_x1dints.fits,seg003,4,258,60693.99512296282,TDB-MID,3763.285783059758,4.79558295238802,1778,0.5867402182434889,1.4160298518951635,1178,1.0559453894239879,1.0550827978407502
TOI-2076_d,NIRISS_SOSS,obs14,SOSS_HDU4_ordem_2,jw05959014001_04102_00001-seg003_nis_x1dints.fits,seg003,4,259,60693.995200041674,TDB-MID,3575.8194618037064,4.795641009260511,1778,0.5867402182434889,1.4160298518951635,1179,1.0033439636981807,1.0025243417112422
TOI-2076_d,NIRISS_SOSS,obs14,SOSS_HDU4_ordem_2,jw05959014001_04102_00001-seg003_nis_x1dints.fits,seg003,4,260,60693.995277120535,TDB-MID,2946.630201355627,4.794821937851489,1778,0.5867402182434889,1.4160298518951635,1180,0.8267989078759643,0.826123503838874
TOI-2076_d,NIRISS_SOSS,obs14,SOSS_HDU4_ordem_2,jw05959014001_04102_00001-seg003_nis_x1dints.fits,seg003,4,261,60693.99535419939,TDB-MID,3717.191388261329,4.79596608006986,1778,0.5867402182434889,1.4160298518951635,1181,1.0430117015587743,1.0421596753801539
TOI-2076_d,NIRISS_SOSS,obs14,SOSS_HDU4_ordem_2,jw05959014001_04102_00001-seg003_nis_x1dints.fits,seg003,4,262,60693.995431278236,TDB-MID,3615.024601148276,4.795523543499638,1778,0.5867402182434889,1.4160298518951635,1182,1.014344586164584,1.01351597787547
TOI-2076_d,NIRISS_SOSS,obs14,SOSS_HDU4_ordem_2,jw05959014001_04102_00001-seg003_nis_x1dints.fits,seg003,4,263,60693.9955083571,TDB-MID,3281.1795070027133,4.795102589600373,1778,0.5867402182434889,1.4160298518951635,1183,0.9206705448436497,0.9199184579735606
TOI-2076_d,NIRISS_SOSS,obs14,SOSS_HDU4_ordem_2,jw05959014001_04102_00001-seg003_nis_x1dints.fits,seg003,4,264,60693.99558543596,TDB-MID,3620.8211056435703,4.7954980482800265,1778,0.5867402182434889,1.4160298518951635,1184,1.01597103511091,1.015141098191371
TOI-2076_d,NIRISS_SOSS,obs14,SOSS_HDU4_ordem_2,jw05959014001_04102_00001-seg003_nis_x1dints.fits,seg003,4,265,60693.995662514804,TDB-MID,3220.848972929617,4.795069216938889,1778,0.5867402182434889,1.4160298518951635,1185,0.9037423196254797,0.9030040612589653
TOI-2076_d,NIRISS_SOSS,obs14,SOSS_HDU4_ordem_2,jw05959014001_04102_00001-seg003_nis_x1dints.fits,seg003,4,266,60693.99573959366,TDB-MID,3680.9459399027937,4.795531058503152,1778,0.5867402182434889,1.4160298518951635,1186,1.0328415427432824,1.0319978244691068
TOI-2076_d,NIRISS_SOSS,obs14,SOSS_HDU4_ordem_2,jw05959014001_04102_00001-seg003_nis_x1dints.fits,seg003,4,267,60693.99581667252,TDB-MID,3548.3960343695276,4.795445253975814,1778,0.5867402182434889,1.4160298518951635,1187,0.9956491875289947,0.9948358513303411
TOI-2076_d,NIRISS_SOSS,obs14,SOSS_HDU4_ordem_2,jw05959014001_04102_00001-seg003_nis_x1dints.fits,seg003,4,268,60693.995893751366,TDB-MID,3720.8359552517727,4.7956360365223425,1778,0.5867402182434889,1.4160298518951635,1188,1.0440343354834498,1.0431814739250596
TOI-2076_d,NIRISS_SOSS,obs14,SOSS_HDU4_ordem_2,jw05959014001_04102_00001-seg003_nis_x1dints.fits,seg003,4,269,60693.99597083023,TDB-MID,3809.1435471852533,4.795708985834524,1778,0.5867402182434889,1.4160298518951635,1189,1.0688126807723048,1.0679395780231231
TOI-2076_d,NIRISS_SOSS,obs14,SOSS_HDU4_ordem_2,jw05959014001_04102_00001-seg003_nis_x1dints.fits,seg003,4,270,60693.99604790907,TDB-MID,3599.0732975936,4.795442748468453,1778,0.5867402182434889,1.4160298518951635,1190,1.0098687885731057,1.0090438365197874
TOI-2076_d,NIRISS_SOSS,obs14,SOSS_HDU4_ordem_2,jw05959014001_04102_00001-seg003_nis_x1dints.fits,seg003,4,271,60693.996124987934,TDB-MID,3741.1581707151527,4.795606785376681,1778,0.5867402182434889,1.4160298518951635,1191,1.0497365730913493,1.0488790534301675
TOI-2076_d,NIRISS_SOSS,obs14,SOSS_HDU4_ordem_2,jw05959014001_04102_00001-seg003_nis_x1dints.fits,seg003,4,272,60693.99620206679,TDB-MID,4113.971374916273,4.796051113902212,1778,0.5867402182434889,1.4160298518951635,1192,1.1543447285135722,1.1534017554612312
TOI-2076_d,NIRISS_SOSS,obs14,SOSS_HDU4_ordem_2,jw05959014001_04102_00001-seg003_nis_x1dints.fits,seg003,4,273,60693.996279145635,TDB-MID,3338.6731973183123,4.795061398186861,1778,0.5867402182434889,1.4160298518951635,1193,0.9368027762790117,0.936037511144976
TOI-2076_d,NIRISS_SOSS,obs14,SOSS_HDU4_ordem_2,jw05959014001_04102_00001-seg003_nis_x1dints.fits,seg003,4,274,60693.996356224496,TDB-MID,3195.8360027315402,4.794945356471836,1778,0.5867402182434889,1.4160298518951635,1194,0.89672389687498,0.8959913717901796
TOI-2076_d,NIRISS_SOSS,obs14,SOSS_HDU4_ordem_2,jw05959014001_04102_00001-seg003_nis_x1dints.fits,seg003,4,275,60693.99643330336,TDB-MID,3455.4793199866417,4.7951986607769115,1778,0.5867402182434889,1.4160298518951635,1195,0.9695775624096127,0.9687855238695451
TOI-2076_d,NIRISS_SOSS,obs14,SOSS_HDU4_ordem_2,jw05959014001_04102_00001-seg003_nis_x1dints.fits,seg003,4,276,60693.9965103822,TDB-MID,3276.5322622288318,4.795034705752626,1778,0.5867402182434889,1.4160298518951635,1196,0.919366568219128,0.9186155465549409
TOI-2076_d,NIRISS_SOSS,obs14,SOSS_HDU4_ordem_2,jw05959014001_04102_00001-seg003_nis_x1dints.fits,seg003,4,277,60693.99658746106,TDB-MID,3692.5763726015675,4.795501295921964,1778,0.5867402182434889,1.4160298518951635,1197,1.0361049414042502,1.0352585572912483
TOI-2076_d,NIRISS_SOSS,obs14,SOSS_HDU4_ordem_2,jw05959014001_04102_00001-seg003_nis_x1dints.fits,seg003,4,278,60693.99666453992,TDB-MID,3659.559474314523,4.795828869587749,1778,0.5867402182434889,1.4160298518951635,1198,1.0268406857699255,1.026001869537815
TOI-2076_d,NIRISS_SOSS,obs14,SOSS_HDU4_ordem_2,jw05959014001_04102_00001-seg003_nis_x1dints.fits,seg003,4,279,60693.99674161877,TDB-MID,3717.1803233575542,4.795509697467405,1778,0.5867402182434889,1.4160298518951635,1199,1.0430085968426304,1.0421565732002223
TOI-2076_d,NIRISS_SOSS,obs14,SOSS_HDU4_ordem_2,jw05959014001_04102_00001-seg003_nis_x1dints.fits,seg003,4,280,60693.996818697626,TDB-MID,3418.0812240219857,4.7951766612800055,1778,0.5867402182434889,1.4160298518951635,1200,0.9590839806612166,0.9583005142266621
TOI-2076_d,NIRISS_SOSS,obs14,SOSS_HDU4_ordem_2,jw05959014001_04102_00001-seg003_nis_x1dints.fits,seg003,4,281,60693.99689577648,TDB-MID,3454.487772916941,4.795285204537698,1778,0.5867402182434889,1.4160298518951635,1201,0.9692993428916159,0.9685075316263836
TOI-2076_d,NIRISS_SOSS,obs14,SOSS_HDU4_ordem_2,jw05959014001_04102_00001-seg003_nis_x1dints.fits,seg003,4,282,60693.99697285533,TDB-MID,3484.0632656537027,4.795252567595115,1778,0.5867402182434889,1.4160298518951635,1202,0.9775979699413889,0.9767993796079233
TOI-2076_d,NIRISS_SOSS,obs14,SOSS_HDU4_ordem_2,jw05959014001_04102_00001-seg003_nis_x1dints.fits,seg003,4,283,60693.997049934194,TDB-MID,3443.580518655928,4.795235285010222,1778,0.5867402182434889,1.4160298518951635,1203,0.966238861835397,0.9654495506475609
TOI-2076_d,NIRISS_SOSS,obs14,SOSS_HDU4_ordem_2,jw05959014001_04102_00001-seg003_nis_x1dints.fits,seg003,4,284,60693.99712701305,TDB-MID,3383.783600498447,4.7953317349648135,1778,0.5867402182434889,1.4160298518951635,1204,0.94946036462044,0.9486847596248199
TOI-2076_d,NIRISS_SOSS,obs14,SOSS_HDU4_ordem_2,jw05959014001_04102_00001-seg003_nis_x1dints.fits,seg003,4,285,60693.997204091895,TDB-MID,3421.45809705782,4.801116146681227,1778,0.5867402182434889,1.4160298518951635,1205,0.9600315019812584,0.959247261525695
TOI-2076_d,NIRISS_SOSS,obs14,SOSS_HDU4_ordem_2,jw05959014001_04102_00001-seg003_nis_x1dints.fits,seg003,4,286,60693.997281170756,TDB-MID,3558.743674521917,4.79532459717204,1778,0.5867402182434889,1.4160298518951635,1206,0.9985526457142645,0.9977369377086803
TOI-2076_d,NIRISS_SOSS,obs14,SOSS_HDU4_ordem_2,jw05959014001_04102_00001-seg003_nis_x1dints.fits,seg003,4,287,60693.99735824961,TDB-MID,3377.886961830339,4.79511034773195,1778,0.5867402182434889,1.4160298518951635,1207,0.9478058188926836,0.9470315654794778
TOI-2076_d,NIRISS_SOSS,obs14,SOSS_HDU4_ordem_2,jw05959014001_04102_00001-seg003_nis_x1dints.fits,seg003,4,288,60693.99743532846,TDB-MID,3303.5085338628014,4.794991788025207,1778,0.5867402182434889,1.4160298518951635,1208,0.9269358763444808,0.9261786713856413
TOI-2076_d,NIRISS_SOSS,obs14,SOSS_HDU4_ordem_2,jw05959014001_04102_00001-seg003_nis_x1dints.fits,seg003,4,289,60693.99751240732,TDB-MID,3505.807905425498,4.795342760823961,1778,0.5867402182434889,1.4160298518951635,1209,0.983699327487784,0.9828957530143064
TOI-2076_d,NIRISS_SOSS,obs14,SOSS_HDU4_ordem_2,jw05959014001_04102_00001-seg003_nis_x1dints.fits,seg003,4,290,60693.99758948618,TDB-MID,3615.468248461591,4.795450605758412,1778,0.5867402182434889,1.4160298518951635,1210,1.0144690697573884,1.0136403597788308
TOI-2076_d,NIRISS_SOSS,obs14,SOSS_HDU4_ordem_2,jw05959014001_04102_00001-seg003_nis_x1dints.fits,seg003,4,291,60693.997666565025,TDB-MID,3355.5679236493997,4.79537779607415,1778,0.5867402182434889,1.4160298518951635,1211,0.9415432901286899,0.940774152514706
TOI-2076_d,NIRISS_SOSS,obs14,SOSS_HDU4_ordem_2,jw05959014001_04102_00001-seg003_nis_x1dints.fits,seg003,4,292,60693.997743643886,TDB-MID,3420.022317204695,4.795612646508146,1778,0.5867402182434889,1.4160298518951635,1212,0.9596286345926164,0.958844723235529
TOI-2076_d,NIRISS_SOSS,obs14,SOSS_HDU4_ordem_2,jw05959014001_04102_00001-seg003_nis_x1dints.fits,seg003,4,293,60693.99782072273,TDB-MID,3465.5952092711896,4.795226732931489,1778,0.5867402182434889,1.4160298518951635,1213,0.9724159933090213,0.9716216360821844
TOI-2076_d,NIRISS_SOSS,obs14,SOSS_HDU4_ordem_2,jw05959014001_04102_00001-seg003_nis_x1dints.fits,seg003,4,294,60693.99789780159,TDB-MID,3604.89506215357,4.795448273262009,1778,0.5867402182434889,1.4160298518951635,1214,1.0115023252747524,1.0106760388010898
TOI-2076_d,NIRISS_SOSS,obs14,SOSS_HDU4_ordem_2,jw05959014001_04102_00001-seg003_nis_x1dints.fits,seg003,4,295,60693.99797488045,TDB-MID,3726.380847530353,4.795591338539888,1778,0.5867402182434889,1.4160298518951635,1215,1.0455901842214799,1.0447360517052924
TOI-2076_d,NIRISS_SOSS,obs14,SOSS_HDU4_ordem_2,jw05959014001_04102_00001-seg003_nis_x1dints.fits,seg003,4,296,60693.998051959294,TDB-MID,3544.315615047096,4.795577786793214,1778,0.5867402182434889,1.4160298518951635,1216,0.9945042572157472,0.9936918562996012
TOI-2076_d,NIRISS_SOSS,obs14,SOSS_HDU4_ordem_2,jw05959014001_04102_00001-seg003_nis_x1dints.fits,seg003,4,297,60693.998129038155,TDB-MID,3925.307347160712,4.795893923291483,1778,0.5867402182434889,1.4160298518951635,1217,1.1014072367197207,1.100507507792802
TOI-2076_d,NIRISS_SOSS,obs14,SOSS_HDU4_ordem_2,jw05959014001_04102_00001-seg003_nis_x1dints.fits,seg003,4,298,60693.998206117016,TDB-MID,3377.155111376094,4.7951647005946025,1778,0.5867402182434889,1.4160298518951635,1218,0.9476004679952348,0.9468263823311924
TOI-2076_d,NIRISS_SOSS,obs14,SOSS_HDU4_ordem_2,jw05959014001_04102_00001-seg003_nis_x1dints.fits,seg003,4,299,60693.99828319586,TDB-MID,3618.4029829897513,4.795467015591713,1778,0.5867402182434889,1.4160298518951635,1219,1.0152925308424179,1.0144631481864583
TOI-2076_d,NIRISS_SOSS,obs14,SOSS_HDU4_ordem_2,jw05959014001_04102_00001-seg003_nis_x1dints.fits,seg003,4,300,60693.998360274716,TDB-MID,3376.244474657604,4.795114252526751,1778,0.5867402182434889,1.4160298518951635,1220,0.9473449512208622,0.9465710742860033
TOI-2076_d,NIRISS_SOSS,obs14,SOSS_HDU4_ordem_2,jw05959014001_04102_00001-seg003_nis_x1dints.fits,seg003,4,301,60693.99843735358,TDB-MID,3690.104731739145,4.795536036314147,1778,0.5867402182434889,1.4160298518951635,1221,1.0354114203900515,1.0345656028076633
TOI-2076_d,NIRISS_SOSS,obs14,SOSS_HDU4_ordem_2,jw05959014001_04102_00001-seg003_nis_x1dints.fits,seg003,4,302,60693.99851443243,TDB-MID,3408.6932007974365,4.795171686996044,1778,0.5867402182434889,1.4160298518951635,1222,0.9564497826727482,0.9556684680890716
TOI-2076_d,NIRISS_SOSS,obs14,SOSS_HDU4_ordem_2,jw05959014001_04102_00001-seg003_nis_x1dints.fits,seg003,4,303,60693.998591511285,TDB-MID,3253.6838809584488,4.795087977352395,1778,0.5867402182434889,1.4160298518951635,1223,0.9129555103699295,0.9122097258369385
TOI-2076_d,NIRISS_SOSS,obs14,SOSS_HDU4_ordem_2,jw05959014001_04102_00001-seg003_nis_x1dints.fits,seg003,4,304,60693.99866859014,TDB-MID,3185.9052332641095,4.794976217705835,1778,0.5867402182434889,1.4160298518951635,1224,0.8939374089925636,0.8932071601627838
TOI-2076_d,NIRISS_SOSS,obs14,SOSS_HDU4_ordem_2,jw05959014001_04102_00001-seg003_nis_x1dints.fits,seg003,4,305,60693.99874566899,TDB-MID,3725.0748914122846,4.7956757085079325,1778,0.5867402182434889,1.4160298518951635,1225,1.045223744248233,1.0443699110733182
TOI-2076_d,NIRISS_SOSS,obs14,SOSS_HDU4_ordem_2,jw05959014001_04102_00001-seg003_nis_x1dints.fits,seg003,4,306,60693.99882274785,TDB-MID,3730.13365875778,4.795535409289647,1778,0.5867402182434889,1.4160298518951635,1226,1.046643190541334,1.045788197834461
TOI-2076_d,NIRISS_SOSS,obs14,SOSS_HDU4_ordem_2,jw05959014001_04102_00001-seg003_nis_x1dints.fits,seg003,4,307,60693.99889982671,TDB-MID,3918.0539615230637,4.795849360924546,1778,0.5867402182434889,1.4160298518951635,1227,1.0993719995457951,1.0984739331844537
TOI-2076_d,NIRISS_SOSS,obs14,SOSS_HDU4_ordem_2,jw05959014001_04102_00001-seg003_nis_x1dints.fits,seg003,4,308,60693.998976905554,TDB-MID,3544.9410096716024,4.796268593187763,1778,0.5867402182434889,1.4160298518951635,1228,0.9946797375295972,0.9938671932652786
TOI-2076_d,NIRISS_SOSS,obs14,SOSS_HDU4_ordem_2,jw05959014001_04102_00001-seg003_nis_x1dints.fits,seg003,4,309,60693.999053984415,TDB-MID,3587.7875626354094,4.79538541435946,1778,0.5867402182434889,1.4160298518951635,1229,1.006702109112033,1.0058797438885614
TOI-2076_d,NIRISS_SOSS,obs14,SOSS_HDU4_ordem_2,jw05959014001_04102_00001-seg003_nis_x1dints.fits,seg003,4,310,60693.99913106326,TDB-MID,3443.714202533144,4.7952721583379745,1778,0.5867402182434889,1.4160298518951635,1230,0.966276372373242,0.96548703054341
TOI-2076_d,NIRISS_SOSS,obs14,SOSS_HDU4_ordem_2,jw05959014001_04102_00001-seg003_nis_x1dints.fits,seg003,4,311,60693.99920814212,TDB-MID,3843.7466292477106,4.795794447366962,1778,0.5867402182434889,1.4160298518951635,1231,1.0785220058329181,1.077640971629932
TOI-2076_d,NIRISS_SOSS,obs14,SOSS_HDU4_ordem_2,jw05959014001_04102_00001-seg003_nis_x1dints.fits,seg003,4,312,60693.999285220976,TDB-MID,3536.4733603329237,4.7952566817858475,1778,0.5867402182434889,1.4160298518951635,1232,0.9923037884803153,0.9914931851058123
TOI-2076_d,NIRISS_SOSS,obs14,SOSS_HDU4_ordem_2,jw05959014001_04102_00001-seg003_nis_x1dints.fits,seg003,4,313,60693.99936229983,TDB-MID,3970.3242817340156,4.7958507850117975,1778,0.5867402182434889,1.4160298518951635,1233,1.1140385985797898,1.1131285512154456
TOI-2076_d,NIRISS_SOSS,obs14,SOSS_HDU4_ordem_2,jw05959014001_04102_00001-seg003_nis_x1dints.fits,seg003,4,314,60693.999439378684,TDB-MID,3595.7960035306573,4.7955097567763305,1778,0.5867402182434889,1.4160298518951635,1234,1.0089492082502058,1.0081250073931658
TOI-2076_d,NIRISS_SOSS,obs14,SOSS_HDU4_ordem_2,jw05959014001_04102_00001-seg003_nis_x1dints.fits,seg003,4,315,60693.99951645754,TDB-MID,3442.7641296193133,4.795337611847652,1778,0.5867402182434889,1.4160298518951635,1235,0.966009790144092,0.9652206660827067
TOI-2076_d,NIRISS_SOSS,obs14,SOSS_HDU4_ordem_2,jw05959014001_04102_00001-seg003_nis_x1dints.fits,seg003,4,316,60693.99959353639,TDB-MID,3893.864963046226,4.795777180666634,1778,0.5867402182434889,1.4160298518951635,1236,1.0925847761222174,1.0916922541780942
TOI-2076_d,NIRISS_SOSS,obs14,SOSS_HDU4_ordem_2,jw05959014001_04102_00001-seg003_nis_x1dints.fits,seg003,4,317,60693.99967061525,TDB-MID,3738.4617250990405,4.79648621437777,1778,0.5867402182434889,1.4160298518951635,1237,1.0489799738107464,1.0481230722082047
TOI-2076_d,NIRISS_SOSS,obs14,SOSS_HDU4_ordem_2,jw05959014001_04102_00001-seg003_nis_x1dints.fits,seg003,4,318,60693.999747694106,TDB-MID,3231.5164309416336,4.795017087904505,1778,0.5867402182434889,1.4160298518951635,1238,0.9067355159315823,0.9059948124519338
TOI-2076_d,NIRISS_SOSS,obs14,SOSS_HDU4_ordem_2,jw05959014001_04102_00001-seg003_nis_x1dints.fits,seg003,4,319,60693.99982477295,TDB-MID,3740.7336248670276,4.795666720597565,1778,0.5867402182434889,1.4160298518951635,1239,1.0496174492042014,1.0487600268541717
TOI-2076_d,NIRISS_SOSS,obs14,SOSS_HDU4_ordem_2,jw05959014001_04102_00001-seg003_nis_x1dints.fits,seg003,4,320,60693.999901851814,TDB-MID,3723.547991232718,4.796358221253669,1778,0.5867402182434889,1.4160298518951635,1240,1.0447953092853657,1.0439418260948312
TOI-2076_d,NIRISS_SOSS,obs14,SOSS_HDU4_ordem_2,jw05959014001_04102_00001-seg003_nis_x1dints.fits,seg003,4,321,60693.999978930675,TDB-MID,3858.766586337637,4.795700770589467,1778,0.5867402182434889,1.4160298518951635,1241,1.0827364756746314,1.0818519987119632
TOI-2076_d,NIRISS_SOSS,obs14,SOSS_HDU4_ordem_2,jw05959014001_04102_00001-seg003_nis_x1dints.fits,seg003,4,322,60694.00005600952,TDB-MID,3760.9468269476233,4.79572275139701,1778,0.5867402182434889,1.4160298518951635,1242,1.0552890986012733,1.054427043135666
TOI-2076_d,NIRISS_SOSS,obs14,SOSS_HDU4_ordem_2,jw05959014001_04102_00001-seg003_nis_x1dints.fits,seg003,4,323,60694.000133088375,TDB-MID,3556.294883315264,4.795414519960395,1778,0.5867402182434889,1.4160298518951635,1243,0.9978655361155284,0.9970503894031348
TOI-2076_d,NIRISS_SOSS,obs14,SOSS_HDU4_ordem_2,jw05959014001_04102_00001-seg003_nis_x1dints.fits,seg003,4,324,60694.00021016723,TDB-MID,3483.7341257974367,4.795273209907074,1778,0.5867402182434889,1.4160298518951635,1244,0.9775056161490556,0.9767071012585103
TOI-2076_d,NIRISS_SOSS,obs14,SOSS_HDU4_ordem_2,jw05959014001_04102_00001-seg003_nis_x1dints.fits,seg003,4,325,60694.00028724609,TDB-MID,3467.960562574053,4.795356358210795,1778,0.5867402182434889,1.4160298518951635,1245,0.9730796909547755,0.9722847915597463
TOI-2076_d,NIRISS_SOSS,obs14,SOSS_HDU4_ordem_2,jw05959014001_04102_00001-seg003_nis_x1dints.fits,seg003,4,326,60694.000364324944,TDB-MID,3468.1833623157822,4.795215262209291,1778,0.5867402182434889,1.4160298518951635,1246,0.9731422066321932,0.9723472561687112
TOI-2076_d,NIRISS_SOSS,obs14,SOSS_HDU4_ordem_2,jw05959014001_04102_00001-seg003_nis_x1dints.fits,seg003,4,327,60694.00044140379,TDB-MID,3622.6789443345847,4.800585057503402,1778,0.5867402182434889,1.4160298518951635,1247,1.0164923285531728,1.015661965794059
TOI-2076_d,NIRISS_SOSS,obs14,SOSS_HDU4_ordem_2,jw05959014001_04102_00001-seg003_nis_x1dints.fits,seg003,4,328,60694.00051848265,TDB-MID,3508.794014818828,4.79535338007938,1778,0.5867402182434889,1.4160298518951635,1248,0.9845372039149202,0.9837329449882871
TOI-2076_d,NIRISS_SOSS,obs14,SOSS_HDU4_ordem_2,jw05959014001_04102_00001-seg003_nis_x1dints.fits,seg003,4,329,60694.000595561505,TDB-MID,3762.6864646808785,4.795585668929674,1778,0.5867402182434889,1.4160298518951635,1249,1.0557772258787625,1.0549147716666998
TOI-2076_d,NIRISS_SOSS,obs14,SOSS_HDU4_ordem_2,jw05959014001_04102_00001-seg003_nis_x1dints.fits,seg003,4,330,60694.00067264036,TDB-MID,3410.5205557315126,4.795190590604695,1778,0.5867402182434889,1.4160298518951635,1250,0.9569625226368946,0.9561807892008968
TOI-2076_d,NIRISS_SOSS,obs14,SOSS_HDU4_ordem_2,jw05959014001_04102_00001-seg003_nis_x1dints.fits,seg003,4,331,60694.00074971921,TDB-MID,3735.927785175142,4.795588957495859,1778,0.5867402182434889,1.4160298518951635,1251,1.0482689722195937,1.0474126514273803
TOI-2076_d,NIRISS_SOSS,obs14,SOSS_HDU4_ordem_2,jw05959014001_04102_00001-seg003_nis_x1dints.fits,seg003,4,332,60694.000826798074,TDB-MID,3704.814115685381,4.795285587256836,1778,0.5867402182434889,1.4160298518951635,1252,1.039538746098137,1.0386895569432673
TOI-2076_d,NIRISS_SOSS,obs14,SOSS_HDU4_ordem_2,jw05959014001_04102_00001-seg003_nis_x1dints.fits,seg003,4,333,60694.00090387692,TDB-MID,3585.7515681709606,4.795456852036765,1778,0.5867402182434889,1.4160298518951635,1253,1.006130826703106,1.0053089281547127
TOI-2076_d,NIRISS_SOSS,obs14,SOSS_HDU4_ordem_2,jw05959014001_04102_00001-seg003_nis_x1dints.fits,seg003,4,334,60694.00098095578,TDB-MID,3514.9452649153063,4.795299488956902,1778,0.5867402182434889,1.4160298518951635,1254,0.9862631914037813,0.9854575225346497
TOI-2076_d,NIRISS_SOSS,obs14,SOSS_HDU4_ordem_2,jw05959014001_04102_00001-seg003_nis_x1dints.fits,seg003,4,335,60694.001058034635,TDB-MID,3566.768608070272,4.795416145226164,1778,0.5867402182434889,1.4160298518951635,1255,1.0008043725480233,0.9999868251285511
TOI-2076_d,NIRISS_SOSS,obs14,SOSS_HDU4_ordem_2,jw05959014001_04102_00001-seg003_nis_x1dints.fits,seg003,4,336,60694.00113511349,TDB-MID,3664.5197043064672,4.795441096150205,1778,0.5867402182434889,1.4160298518951635,1256,1.028232483335248,1.0273925301571578
TOI-2076_d,NIRISS_SOSS,obs14,SOSS_HDU4_ordem_2,jw05959014001_04102_00001-seg003_nis_x1dints.fits,seg003,4,337,60694.00121219234,TDB-MID,3671.328763101274,4.795514392502768,1778,0.5867402182434889,1.4160298518951635,1257,1.0301430462462708,1.0293015323478036
TOI-2076_d,NIRISS_SOSS,obs14,SOSS_HDU4_ordem_2,jw05959014001_04102_00001-seg003_nis_x1dints.fits,seg003,4,338,60694.00128927119,TDB-MID,3725.655959098176,4.795635234551041,1778,0.5867402182434889,1.4160298518951635,1258,1.0453867868071114,1.0445328204443058
TOI-2076_d,NIRISS_SOSS,obs14,SOSS_HDU4_ordem_2,jw05959014001_04102_00001-seg003_nis_x1dints.fits,seg003,4,339,60694.00136635005,TDB-MID,3698.796648220872,4.7956516238420654,1778,0.5867402182434889,1.4160298518951635,1259,1.037850296856849,1.0370024869798462
TOI-2076_d,NIRISS_SOSS,obs14,SOSS_HDU4_ordem_2,jw05959014001_04102_00001-seg003_nis_x1dints.fits,seg003,4,340,60694.00144342891,TDB-MID,3724.217115892908,4.795603906347619,1778,0.5867402182434889,1.4160298518951635,1260,1.0449830598683958,1.0441294233062246
TOI-2076_d,NIRISS_SOSS,obs14,SOSS_HDU4_ordem_2,jw05959014001_04102_00001-seg003_nis_x1dints.fits,seg003,4,341,60694.00152050776,TDB-MID,3450.504508990007,4.795183894744238,1778,0.5867402182434889,1.4160298518951635,1261,0.968181673540689,0.9673907752887474
TOI-2076_d,NIRISS_SOSS,obs14,SOSS_HDU4_ordem_2,jw05959014001_04102_00001-seg003_nis_x1dints.fits,seg003,4,342,60694.00159758661,TDB-MID,3355.2723931607957,4.7951388444178225,1778,0.5867402182434889,1.4160298518951635,1262,0.9414603668337649,0.9406912969590192
TOI-2076_d,NIRISS_SOSS,obs14,SOSS_HDU4_ordem_2,jw05959014001_04102_00001-seg003_nis_x1dints.fits,seg003,4,343,60694.00167466547,TDB-MID,3839.9391003492865,4.79573579487154,1778,0.5867402182434889,1.4160298518951635,1263,1.0774536462086004,1.0765734847382662
TOI-2076_d,NIRISS_SOSS,obs14,SOSS_HDU4_ordem_2,jw05959014001_04102_00001-seg003_nis_x1dints.fits,seg003,4,344,60694.00175174433,TDB-MID,3539.6676010688525,4.7953627839742365,1778,0.5867402182434889,1.4160298518951635,1264,0.9932000647591451,0.9923887292252123
TOI-2076_d,NIRISS_SOSS,obs14,SOSS_HDU4_ordem_2,jw05959014001_04102_00001-seg003_nis_x1dints.fits,seg003,4,345,60694.00182882318,TDB-MID,3779.3016061736794,4.7957713509916085,1778,0.5867402182434889,1.4160298518951635,1265,1.0604392906448579,1.0595730280371451
TOI-2076_d,NIRISS_SOSS,obs14,SOSS_HDU4_ordem_2,jw05959014001_04102_00001-seg003_nis_x1dints.fits,seg003,4,346,60694.001905902034,TDB-MID,3987.8100866660498,4.7958959634903,1778,0.5867402182434889,1.4160298518951635,1266,1.1189449639643863,1.118030908637578
TOI-2076_d,NIRISS_SOSS,obs14,SOSS_HDU4_ordem_2,jw05959014001_04102_00001-seg003_nis_x1dints.fits,seg003,4,347,60694.00198298089,TDB-MID,3531.6201374675416,4.795385660659495,1778,0.5867402182434889,1.4160298518951635,1267,0.9909420161877044,0.9901325252318262
TOI-2076_d,NIRISS_SOSS,obs14,SOSS_HDU4_ordem_2,jw05959014001_04102_00001-seg003_nis_x1dints.fits,seg003,4,348,60694.00206005975,TDB-MID,3385.422323382509,4.795141456172297,1778,0.5867402182434889,1.4160298518951635,1268,0.9499201760654699,0.9491441954543243
TOI-2076_d,NIRISS_SOSS,obs14,SOSS_HDU4_ordem_2,jw05959014001_04102_00001-seg003_nis_x1dints.fits,seg003,4,349,60694.002137138596,TDB-MID,3487.0824699787217,4.795240433085543,1778,0.5867402182434889,1.4160298518951635,1269,0.978445132519656,0.9776458501472678
TOI-2076_d,NIRISS_SOSS,obs14,SOSS_HDU4_ordem_2,jw05959014001_04102_00001-seg003_nis_x1dints.fits,seg003,4,350,60694.00221421745,TDB-MID,3693.3562506302164,4.7958322904642685,1778,0.5867402182434889,1.4160298518951635,1270,1.0363237684230144,1.0354772055523358
TOI-2076_d,NIRISS_SOSS,obs14,SOSS_HDU4_ordem_2,jw05959014001_04102_00001-seg003_nis_x1dints.fits,seg003,4,351,60694.00229129631,TDB-MID,3806.9938575286214,4.7955914739510295,1778,0.5867402182434889,1.4160298518951635,1271,1.0682094964773914,1.0673368864636306
TOI-2076_d,NIRISS_SOSS,obs14,SOSS_HDU4_ordem_2,jw05959014001_04102_00001-seg003_nis_x1dints.fits,seg003,4,352,60694.00236837516,TDB-MID,3421.4574426459917,4.795211161660645,1778,0.5867402182434889,1.4160298518951635,1272,0.9600313183589686,0.9592470780534045
TOI-2076_d,NIRISS_SOSS,obs14,SOSS_HDU4_ordem_2,jw05959014001_04102_00001-seg003_nis_x1dints.fits,seg003,4,353,60694.00244545402,TDB-MID,3183.6489944089562,4.794974710968286,1778,0.5867402182434889,1.4160298518951635,1273,0.8933043279155795,0.8925745962436129
TOI-2076_d,NIRISS_SOSS,obs14,SOSS_HDU4_ordem_2,jw05959014001_04102_00001-seg003_nis_x1dints.fits,seg003,4,354,60694.00252253287,TDB-MID,3734.8478308243234,4.795541687465486,1778,0.5867402182434889,1.4160298518951635,1274,1.0479659463843864,1.047109873131049
TOI-2076_d,NIRISS_SOSS,obs14,SOSS_HDU4_ordem_2,jw05959014001_04102_00001-seg003_nis_x1dints.fits,seg003,4,355,60694.002599611726,TDB-MID,3941.409645289041,4.795784497898553,1778,0.5867402182434889,1.4160298518951635,1275,1.1059254020805014,1.1050219823079659
TOI-2076_d,NIRISS_SOSS,obs14,SOSS_HDU4_ordem_2,jw05959014001_04102_00001-seg003_nis_x1dints.fits,seg003,4,356,60694.00267669058,TDB-MID,3237.2652050809047,4.794990649395765,1778,0.5867402182434889,1.4160298518951635,1276,0.9083485721534958,0.9076065509838093
TOI-2076_d,NIRISS_SOSS,obs14,SOSS_HDU4_ordem_2,jw05959014001_04102_00001-seg003_nis_x1dints.fits,seg003,4,357,60694.00275376943,TDB-MID,3819.373031064797,4.795666107906247,1778,0.5867402182434889,1.4160298518951635,1277,1.0716829853310006,1.0708075378577655
TOI-2076_d,NIRISS_SOSS,obs14,SOSS_HDU4_ordem_2,jw05959014001_04102_00001-seg003_nis_x1dints.fits,seg003,4,358,60694.00283084829,TDB-MID,3575.0481163103495,4.795468042035028,1778,0.5867402182434889,1.4160298518951635,1278,1.0031275308349021,1.0023080856498778
TOI-2076_d,NIRISS_SOSS,obs14,SOSS_HDU4_ordem_2,jw05959014001_04102_00001-seg003_nis_x1dints.fits,seg003,4,359,60694.00290792715,TDB-MID,3346.9718063194523,4.795107063741912,1778,0.5867402182434889,1.4160298518951635,1279,0.9391312940739747,0.9383641267962567
TOI-2076_d,NIRISS_SOSS,obs14,SOSS_HDU4_ordem_2,jw05959014001_04102_00001-seg003_nis_x1dints.fits,seg003,4,360,60694.002985005995,TDB-MID,3367.1978791630363,4.795174229168894,1778,0.5867402182434889,1.4160298518951635,1280,0.9448065548956419,0.9440347515522084
TOI-2076_d,NIRISS_SOSS,obs14,SOSS_HDU4_ordem_2,jw05959014001_04102_00001-seg003_nis_x1dints.fits,seg003,4,361,60694.00306208485,TDB-MID,3371.0697154642694,4.7952538991391895,1778,0.5867402182434889,1.4160298518951635,1281,0.9458929586200935,0.9451202678039571
TOI-2076_d,NIRISS_SOSS,obs14,SOSS_HDU4_ordem_2,jw05959014001_04102_00001-seg003_nis_x1dints.fits,seg003,4,362,60694.00313916371,TDB-MID,3725.7193996451506,4.795577903790117,1778,0.5867402182434889,1.4160298518951635,1282,1.0454045876750075,1.0445506067708452
TOI-2076_d,NIRISS_SOSS,obs14,SOSS_HDU4_ordem_2,jw05959014001_04102_00001-seg003_nis_x1dints.fits,seg003,4,363,60694.00321624256,TDB-MID,3277.690307455791,4.795709059103808,1778,0.5867402182434889,1.4160298518951635,1283,0.9196915056776799,0.9189402185752233
TOI-2076_d,NIRISS_SOSS,obs14,SOSS_HDU4_ordem_2,jw05959014001_04102_00001-seg003_nis_x1dints.fits,seg003,4,364,60694.00329332142,TDB-MID,3157.015965811852,4.7948878978910185,1778,0.5867402182434889,1.4160298518951635,1284,0.8858313308128604,0.8851077037600029
TOI-2076_d,NIRISS_SOSS,obs14,SOSS_HDU4_ordem_2,jw05959014001_04102_00001-seg003_nis_x1dints.fits,seg003,4,365,60694.00337040027,TDB-MID,3454.2049037261086,4.795198521113665,1778,0.5867402182434889,1.4160298518951635,1285,0.9692199722471609,0.968428225819041
TOI-2076_d,NIRISS_SOSS,obs14,SOSS_HDU4_ordem_2,jw05959014001_04102_00001-seg003_nis_x1dints.fits,seg003,4,366,60694.003447479125,TDB-MID,3338.27996425099,4.796131799285553,1778,0.5867402182434889,1.4160298518951635,1286,0.9366924384868947,0.9359272634867349
TOI-2076_d,NIRISS_SOSS,obs14,SOSS_HDU4_ordem_2,jw05959014001_04102_00001-seg003_nis_x1dints.fits,seg003,4,367,60694.003524557986,TDB-MID,3636.6363143105955,4.7955264836255695,1778,0.5867402182434889,1.4160298518951635,1287,1.0204086456559018,1.0195750836951967
TOI-2076_d,NIRISS_SOSS,obs14,SOSS_HDU4_ordem_2,jw05959014001_04102_00001-seg003_nis_x1dints.fits,seg003,4,368,60694.00360163684,TDB-MID,3445.955623040508,4.795286718554896,1778,0.5867402182434889,1.4160298518951635,1288,0.9669052955502075,0.9661154399591106
TOI-2076_d,NIRISS_SOSS,obs14,SOSS_HDU4_ordem_2,jw05959014001_04102_00001-seg003_nis_x1dints.fits,seg003,4,369,60694.003678715686,TDB-MID,3387.6408734947863,4.795294345993816,1778,0.5867402182434889,1.4160298518951635,1289,0.9505426820077001,0.9497661928774666
TOI-2076_d,NIRISS_SOSS,obs14,SOSS_HDU4_ordem_2,jw05959014001_04102_00001-seg003_nis_x1dints.fits,seg003,4,370,60694.00375579455,TDB-MID,3383.4264814454496,4.795272356406419,1778,0.5867402182434889,1.4160298518951635,1290,0.9493601601078873,0.948584636968365
TOI-2076_d,NIRISS_SOSS,obs14,SOSS_HDU4_ordem_2,jw05959014001_04102_00001-seg003_nis_x1dints.fits,seg003,4,371,60694.00383287339,TDB-MID,3683.7000944957526,4.79547011005462,1778,0.5867402182434889,1.4160298518951635,1291,1.0336143346628563,1.0327699851024303
TOI-2076_d,NIRISS_SOSS,obs14,SOSS_HDU4_ordem_2,jw05959014001_04102_00001-seg003_nis_x1dints.fits,seg003,4,372,60694.003909952255,TDB-MID,3623.436026539675,4.7963422903539055,1778,0.5867402182434889,1.4160298518951635,1292,1.0167047592613265,1.0158742229696203
TOI-2076_d,NIRISS_SOSS,obs14,SOSS_HDU4_ordem_2,jw05959014001_04102_00001-seg003_nis_x1dints.fits,seg003,4,373,60694.00398703111,TDB-MID,3846.2130438791355,4.799029488193769,1778,0.5867402182434889,1.4160298518951635,1293,1.0792140604119735,1.0783324608762903
TOI-2076_d,NIRISS_SOSS,obs14,SOSS_HDU4_ordem_2,jw05959014001_04102_00001-seg003_nis_x1dints.fits,seg003,4,374,60694.00406410996,TDB-MID,3762.8864636305484,4.7962692332194266,1778,0.5867402182434889,1.4160298518951635,1294,1.0558333438514513,1.054970843797159
TOI-2076_d,NIRISS_SOSS,obs14,SOSS_HDU4_ordem_2,jw05959014001_04102_00001-seg003_nis_x1dints.fits,seg003,4,375,60694.004141188816,TDB-MID,3324.425924377546,4.7950240431684525,1778,0.5867402182434889,1.4160298518951635,1295,0.9328051149157984,0.9320431154326942
TOI-2076_d,NIRISS_SOSS,obs14,SOSS_HDU4_ordem_2,jw05959014001_04102_00001-seg003_nis_x1dints.fits,seg003,4,376,60694.00421826767,TDB-MID,3236.9476739275065,4.79498531777411,1778,0.5867402182434889,1.4160298518951635,1296,0.9082594756626211,0.9075175272749968
TOI-2076_d,NIRISS_SOSS,obs14,SOSS_HDU4_ordem_2,jw05959014001_04102_00001-seg003_nis_x1dints.fits,seg003,4,377,60694.00429534652,TDB-MID,3636.9202668215685,4.795408447070067,1778,0.5867402182434889,1.4160298518951635,1297,1.0204883202706034,1.0196546932244757
TOI-2076_d,NIRISS_SOSS,obs14,SOSS_HDU4_ordem_2,jw05959014001_04102_00001-seg003_nis_x1dints.fits,seg003,4,378,60694.004372425385,TDB-MID,3511.894756987069,4.795379591185684,1778,0.5867402182434889,1.4160298518951635,1298,0.9854072453056338,0.9846022756505973
TOI-2076_d,NIRISS_SOSS,obs14,SOSS_HDU4_ordem_2,jw05959014001_04102_00001-seg003_nis_x1dints.fits,seg003,4,379,60694.00444950424,TDB-MID,3747.6957282130784,4.795779472318372,1778,0.5867402182434889,1.4160298518951635,1299,1.05157095509048,1.050711936940372
TOI-2076_d,NIRISS_SOSS,obs14,SOSS_HDU4_ordem_2,jw05959014001_04102_00001-seg003_nis_x1dints.fits,seg003,4,380,60694.004526583085,TDB-MID,3465.607804020036,4.795171209962311,1778,0.5867402182434889,1.4160298518951635,1300,0.9724195272864394,0.9716251671727306
TOI-2076_d,NIRISS_SOSS,obs14,SOSS_HDU4_ordem_2,jw05959014001_04102_00001-seg003_nis_x1dints.fits,seg003,4,381,60694.004603661946,TDB-MID,3025.7265805076745,4.794785025923736,1778,0.5867402182434889,1.4160298518951635,1301,0.8489926666549823,0.8482991327508412
TOI-2076_d,NIRISS_SOSS,obs14,SOSS_HDU4_ordem_2,jw05959014001_04102_00001-seg003_nis_x1dints.fits,seg003,4,382,60694.0046807408,TDB-MID,3868.7287654709594,4.796349800642495,1778,0.5867402182434889,1.4160298518951635,1302,1.0855317768371955,1.0846450164200232
TOI-2076_d,NIRISS_SOSS,obs14,SOSS_HDU4_ordem_2,jw05959014001_04102_00001-seg003_nis_x1dints.fits,seg003,4,383,60694.00475781965,TDB-MID,3482.2410437704284,4.795415012261294,1778,0.5867402182434889,1.4160298518951635,1303,0.9770866702668299,0.9762884976091268
TOI-2076_d,NIRISS_SOSS,obs14,SOSS_HDU4_ordem_2,jw05959014001_04102_00001-seg003_nis_x1dints.fits,seg003,4,384,60694.00483489851,TDB-MID,3741.2013524163926,4.795818464799003,1778,0.5867402182434889,1.4160298518951635,1304,1.0497486895026347,1.0488911599436737
TOI-2076_d,NIRISS_SOSS,obs14,SOSS_HDU4_ordem_2,jw05959014001_04102_00001-seg003_nis_x1dints.fits,seg003,4,385,60694.00491197736,TDB-MID,3351.372293295632,4.795146881563897,1778,0.5867402182434889,1.4160298518951635,1305,0.9403660325981213,0.9395978566744364
TOI-2076_d,NIRISS_SOSS,obs14,SOSS_HDU4_ordem_2,jw05959014001_04102_00001-seg003_nis_x1dints.fits,seg003,4,386,60694.00498905622,TDB-MID,3057.367962852529,4.794835112157849,1778,0.5867402182434889,1.4160298518951635,1306,0.8578709644320077,0.8571701779322186
TOI-2076_d,NIRISS_SOSS,obs14,SOSS_HDU4_ordem_2,jw05959014001_04102_00001-seg003_nis_x1dints.fits,seg003,4,387,60694.005066135076,TDB-MID,3683.2799858355447,4.79543641085355,1778,0.5867402182434889,1.4160298518951635,1307,1.0334964558121986,1.0326522025458664
TOI-2076_d,NIRISS_SOSS,obs14,SOSS_HDU4_ordem_2,jw05959014001_04102_00001-seg003_nis_x1dints.fits,seg003,4,388,60694.00514321392,TDB-MID,3843.656119773733,4.795749019219179,1778,0.5867402182434889,1.4160298518951635,1308,1.0784966096586026,1.0776155962015057
TOI-2076_d,NIRISS_SOSS,obs14,SOSS_HDU4_ordem_2,jw05959014001_04102_00001-seg003_nis_x1dints.fits,seg003,4,389,60694.00522029278,TDB-MID,3486.497876411357,4.795320978280031,1778,0.5867402182434889,1.4160298518951635,1309,0.978281100628981,0.977481952252659
TOI-2076_d,NIRISS_SOSS,obs14,SOSS_HDU4_ordem_2,jw05959014001_04102_00001-seg003_nis_x1dints.fits,seg003,4,390,60694.00529737163,TDB-MID,3760.3411943711494,4.795637915855824,1778,0.5867402182434889,1.4160298518951635,1310,1.055119163346903,1.0542572466997626
TOI-2076_d,NIRISS_SOSS,obs14,SOSS_HDU4_ordem_2,jw05959014001_04102_00001-seg003_nis_x1dints.fits,seg003,4,391,60694.00537445049,TDB-MID,3352.7968354032782,4.795141781107256,1778,0.5867402182434889,1.4160298518951635,1311,0.9407657467727346,0.9399972443264034
TOI-2076_d,NIRISS_SOSS,obs14,SOSS_HDU4_ordem_2,jw05959014001_04102_00001-seg003_nis_x1dints.fits,seg003,4,392,60694.005451529345,TDB-MID,3619.465046909388,4.795410663235042,1778,0.5867402182434889,1.4160298518951635,1312,1.0155905367776201,1.0147609106834923
TOI-2076_d,NIRISS_SOSS,obs14,SOSS_HDU4_ordem_2,jw05959014001_04102_00001-seg003_nis_x1dints.fits,seg003,4,393,60694.0055286082,TDB-MID,3478.8149886492697,4.795282874032589,1778,0.5867402182434889,1.4160298518951635,1313,0.9761253488797099,0.9753279615161572
TOI-2076_d,NIRISS_SOSS,obs14,SOSS_HDU4_ordem_2,jw05959014001_04102_00001-seg003_nis_x1dints.fits,seg003,4,394,60694.00560568705,TDB-MID,3558.7055838781225,4.795357420352622,1778,0.5867402182434889,1.4160298518951635,1314,0.9985419578095945,0.9977262585348565
TOI-2076_d,NIRISS_SOSS,obs14,SOSS_HDU4_ordem_2,jw05959014001_04102_00001-seg003_nis_x1dints.fits,seg003,4,395,60694.005682765914,TDB-MID,3678.821849587465,4.795572602264856,1778,0.5867402182434889,1.4160298518951635,1315,1.0322455414017717,1.0314023099953318
TOI-2076_d,NIRISS_SOSS,obs14,SOSS_HDU4_ordem_2,jw05959014001_04102_00001-seg003_nis_x1dints.fits,seg003,4,396,60694.00575984476,TDB-MID,3812.9749043825714,4.795658912932992,1778,0.5867402182434889,1.4160298518951635,1316,1.0698877264108677,1.0690137454672939
TOI-2076_d,NIRISS_SOSS,obs14,SOSS_HDU4_ordem_2,jw05959014001_04102_00001-seg003_nis_x1dints.fits,seg003,4,397,60694.00583692362,TDB-MID,3877.522005468026,4.795705899314665,1778,0.5867402182434889,1.4160298518951635,1317,1.0879990838046327,1.0871103078682445
TOI-2076_d,NIRISS_SOSS,obs14,SOSS_HDU4_ordem_2,jw05959014001_04102_00001-seg003_nis_x1dints.fits,seg003,4,398,60694.005914002475,TDB-MID,3715.6342217901383,4.79554921395606,1778,0.5867402182434889,1.4160298518951635,1318,1.042574774136674,1.0417231048798417
TOI-2076_d,NIRISS_SOSS,obs14,SOSS_HDU4_ordem_2,jw05959014001_04102_00001-seg003_nis_x1dints.fits,seg003,4,399,60694.00599108132,TDB-MID,3938.5183314260403,4.795833614620563,1778,0.5867402182434889,1.4160298518951635,1319,1.1051141244579632,1.1042113674102767
TOI-2076_d,NIRISS_SOSS,obs14,SOSS_HDU4_ordem_2,jw05959014001_04102_00001-seg003_nis_x1dints.fits,seg003,4,400,60694.00606816018,TDB-MID,3546.123257685852,4.79532386998878,1778,0.5867402182434889,1.4160298518951635,1320,0.9950114660805943,0.9941986508304286
TOI-2076_d,NIRISS_SOSS,obs14,SOSS_HDU4_ordem_2,jw05959014001_04102_00001-seg003_nis_x1dints.fits,seg003,4,401,60694.00614523904,TDB-MID,3458.685159925947,4.7957351645900586,1778,0.5867402182434889,1.4160298518951635,1321,0.9704770933244263,0.969684319966248
TOI-2076_d,NIRISS_SOSS,obs14,SOSS_HDU4_ordem_2,jw05959014001_04102_00001-seg003_nis_x1dints.fits,seg003,4,402,60694.00622231789,TDB-MID,3685.4888676633177,4.795491608161497,1778,0.5867402182434889,1.4160298518951635,1322,1.0341162489175533,1.0332714893482235
TOI-2076_d,NIRISS_SOSS,obs14,SOSS_HDU4_ordem_2,jw05959014001_04102_00001-seg003_nis_x1dints.fits,seg003,4,403,60694.006299396744,TDB-MID,3770.7901351493892,4.7955963918823015,1778,0.5867402182434889,1.4160298518951635,1323,1.0580510456102201,1.0571867339367946
TOI-2076_d,NIRISS_SOSS,obs14,SOSS_HDU4_ordem_2,jw05959014001_04102_00001-seg003_nis_x1dints.fits,seg003,4,404,60694.0063764756,TDB-MID,3848.361553656199,4.795754613151653,1778,0.5867402182434889,1.4160298518951635,1324,1.0798169136429014,1.0789348216422403
TOI-2076_d,NIRISS_SOSS,obs14,SOSS_HDU4_ordem_2,jw05959014001_04102_00001-seg003_nis_x1dints.fits,seg003,4,405,60694.00645355446,TDB-MID,3717.561052363058,4.795612603435181,1778,0.5867402182434889,1.4160298518951635,1325,1.0431154261033235,1.042263315193125
TOI-2076_d,NIRISS_SOSS,obs14,SOSS_HDU4_ordem_2,jw05959014001_04102_00001-seg003_nis_x1dints.fits,seg003,4,406,60694.00653063331,TDB-MID,3387.7202511882097,4.795152839647508,1778,0.5867402182434889,1.4160298518951635,1326,0.9505649547008266,0.9497884473762453
TOI-2076_d,NIRISS_SOSS,obs14,SOSS_HDU4_ordem_2,jw05959014001_04102_00001-seg003_nis_x1dints.fits,seg003,4,407,60694.00660771216,TDB-MID,3919.4445738115232,4.795829696116394,1778,0.5867402182434889,1.4160298518951635,1327,1.0997621933070783,1.0988638082002242
TOI-2076_d,NIRISS_SOSS,obs14,SOSS_HDU4_ordem_2,jw05959014001_04102_00001-seg003_nis_x1dints.fits,seg003,4,408,60694.00668479102,TDB-MID,3576.0565302964387,4.795268440193972,1778,0.5867402182434889,1.4160298518951635,1328,1.0034104830635195,1.0025908067375544
TOI-2076_d,NIRISS_SOSS,obs14,SOSS_HDU4_ordem_2,jw05959014001_04102_00001-seg003_nis_x1dints.fits,seg003,4,409,60694.006761869874,TDB-MID,3420.2471289173127,4.795208502005073,1778,0.5867402182434889,1.4160298518951635,1329,0.9596917148116355,0.958907751924927
TOI-2076_d,NIRISS_SOSS,obs14,SOSS_HDU4_ordem_2,jw05959014001_04102_00001-seg003_nis_x1dints.fits,seg003,4,410,60694.00683894873,TDB-MID,3883.9638689256362,4.795774898802588,1778,0.5867402182434889,1.4160298518951635,1330,1.0898066148850472,1.0889163623939886
TOI-2076_d,NIRISS_SOSS,obs14,SOSS_HDU4_ordem_2,jw05959014001_04102_00001-seg003_nis_x1dints.fits,seg003,4,411,60694.00691602758,TDB-MID,3471.8500799619346,4.795278822497844,1778,0.5867402182434889,1.4160298518951635,1331,0.9741710558389697,0.9733752649185142
TOI-2076_d,NIRISS_SOSS,obs14,SOSS_HDU4_ordem_2,jw05959014001_04102_00001-seg003_nis_x1dints.fits,seg003,4,412,60694.006993106435,TDB-MID,3414.1410978538484,4.795364618642562,1778,0.5867402182434889,1.4160298518951635,1332,0.9579784153917061,0.9571958520827353
TOI-2076_d,NIRISS_SOSS,obs14,SOSS_HDU4_ordem_2,jw05959014001_04102_00001-seg003_nis_x1dints.fits,seg003,4,413,60694.00707018529,TDB-MID,3432.7821768844237,4.795216137464751,1778,0.5867402182434889,1.4160298518951635,1333,0.9632089406802268,0.9624221046056991
TOI-2076_d,NIRISS_SOSS,obs14,SOSS_HDU4_ordem_2,jw05959014001_04102_00001-seg003_nis_x1dints.fits,seg003,4,414,60694.00714726415,TDB-MID,3385.080702492218,4.795138478086017,1778,0.5867402182434889,1.4160298518951635,1334,0.9498243202031121,0.9490484178956939
TOI-2076_d,NIRISS_SOSS,obs14,SOSS_HDU4_ordem_2,jw05959014001_04102_00001-seg003_nis_x1dints.fits,seg003,4,415,60694.007224343,TDB-MID,3648.5069290697993,4.795452331226613,1778,0.5867402182434889,1.4160298518951635,1335,1.0237394373223316,1.0229031544701055
TOI-2076_d,NIRISS_SOSS,obs14,SOSS_HDU4_ordem_2,jw05959014001_04102_00001-seg003_nis_x1dints.fits,seg003,4,416,60694.00730142186,TDB-MID,3351.1485301272905,4.7951018588667855,1778,0.5867402182434889,1.4160298518951635,1336,0.9403032465915425,0.9395351219571395
TOI-2076_d,NIRISS_SOSS,obs14,SOSS_HDU4_ordem_2,jw05959014001_04102_00001-seg003_nis_x1dints.fits,seg003,4,417,60694.007378500704,TDB-MID,3704.6854248878776,4.795466679645034,1778,0.5867402182434889,1.4160298518951635,1337,1.0395026365752045,1.038653476917855
TOI-2076_d,NIRISS_SOSS,obs14,SOSS_HDU4_ordem_2,jw05959014001_04102_00001-seg003_nis_x1dints.fits,seg003,4,418,60694.00745557956,TDB-MID,3609.250312733532,4.7954027579034735,1778,0.5867402182434889,1.4160298518951635,1338,1.0127243708580027,1.011897086107114
TOI-2076_d,NIRISS_SOSS,obs14,SOSS_HDU4_ordem_2,jw05959014001_04102_00001-seg003_nis_x1dints.fits,seg003,4,419,60694.00753265842,TDB-MID,3551.8785993787087,4.795674297057344,1778,0.5867402182434889,1.4160298518951635,1339,0.9966263651011493,0.9958122306555811
TOI-2076_d,NIRISS_SOSS,obs14,SOSS_HDU4_ordem_2,jw05959014001_04102_00001-seg003_nis_x1dints.fits,seg003,4,420,60694.00760973727,TDB-MID,3501.3433969036664,4.7953696952126625,1778,0.5867402182434889,1.4160298518951635,1340,0.9824466250725453,0.9816440739195638
TOI-2076_d,NIRISS_SOSS,obs14,SOSS_HDU4_ordem_2,jw05959014001_04102_00001-seg003_nis_x1dints.fits,seg003,4,421,60694.00768681613,TDB-MID,3723.661646494167,4.795622678325292,1778,0.5867402182434889,1.4160298518951635,1341,1.0448271999671341,1.04397369072541
TOI-2076_d,NIRISS_SOSS,obs14,SOSS_HDU4_ordem_2,jw05959014001_04102_00001-seg003_nis_x1dints.fits,seg003,4,422,60694.00776389498,TDB-MID,3640.6693088051393,4.795452286474556,1778,0.5867402182434889,1.4160298518951635,1342,1.0215402689732846,1.0207057826004284
TOI-2076_d,NIRISS_SOSS,obs14,SOSS_HDU4_ordem_2,jw05959014001_04102_00001-seg003_nis_x1dints.fits,seg003,4,423,60694.007840973834,TDB-MID,3488.2263776320165,4.795187054746698,1778,0.5867402182434889,1.4160298518951635,1343,0.9787661030975113,0.9779665585273601
TOI-2076_d,NIRISS_SOSS,obs14,SOSS_HDU4_ordem_2,jw05959014001_04102_00001-seg003_nis_x1dints.fits,seg003,4,424,60694.007918052695,TDB-MID,3564.719561476338,4.795600657797171,1778,0.5867402182434889,1.4160298518951635,1344,1.0002294278246333,0.9994123500719488
TOI-2076_d,NIRISS_SOSS,obs14,SOSS_HDU4_ordem_2,jw05959014001_04102_00001-seg003_nis_x1dints.fits,seg003,4,425,60694.00799513154,TDB-MID,3241.1082242790208,4.794970399371469,1778,0.5867402182434889,1.4160298518951635,1345,0.9094268900484549,0.9086839880113016
TOI-2076_d,NIRISS_SOSS,obs14,SOSS_HDU4_ordem_2,jw05959014001_04102_00001-seg003_nis_x1dints.fits,seg003,4,426,60694.008072210396,TDB-MID,3402.872782279153,4.795177812488024,1778,0.5867402182434889,1.4160298518951635,1346,0.9548166236587382,0.9540366431868763
TOI-2076_d,NIRISS_SOSS,obs14,SOSS_HDU4_ordem_2,jw05959014001_04102_00001-seg003_nis_x1dints.fits,seg003,4,427,60694.00814928926,TDB-MID,3380.5222647228975,4.795203608737953,1778,0.5867402182434889,1.4160298518951635,1347,0.9485452620547361,0.9477704045975578
TOI-2076_d,NIRISS_SOSS,obs14,SOSS_HDU4_ordem_2,jw05959014001_04102_00001-seg003_nis_x1dints.fits,seg003,4,428,60694.00822636811,TDB-MID,3807.5706636937944,4.795631864069425,1778,0.5867402182434889,1.4160298518951635,1348,1.0683713432904736,1.0674986010656153
TOI-2076_d,NIRISS_SOSS,obs14,SOSS_HDU4_ordem_2,jw05959014001_04102_00001-seg003_nis_x1dints.fits,seg003,4,429,60694.008303446964,TDB-MID,3363.1073279872267,4.795037945373253,1778,0.5867402182434889,1.4160298518951635,1349,0.9436587816721087,0.9428879159335286
TOI-2076_d,NIRISS_SOSS,obs14,SOSS_HDU4_ordem_2,jw05959014001_04102_00001-seg003_nis_x1dints.fits,seg003,4,430,60694.00838052582,TDB-MID,3570.275793295375,4.795305296272383,1778,0.5867402182434889,1.4160298518951635,1350,1.001788458339481,1.0009701070298365
TOI-2076_d,NIRISS_SOSS,obs14,SOSS_HDU4_ordem_2,jw05959014001_04102_00001-seg003_nis_x1dints.fits,seg003,4,431,60694.00845760467,TDB-MID,3448.4524949663246,4.795197427067657,1778,0.5867402182434889,1.4160298518951635,1351,0.9676058961822182,0.9668154682772361
TOI-2076_d,NIRISS_SOSS,obs14,SOSS_HDU4_ordem_2,jw05959014001_04102_00001-seg003_nis_x1dints.fits,seg003,4,432,60694.008534683526,TDB-MID,3305.4004954994175,4.794974041748916,1778,0.5867402182434889,1.4160298518951635,1352,0.9274667443896729,0.9267091057698578
TOI-2076_d,NIRISS_SOSS,obs14,SOSS_HDU4_ordem_2,jw05959014001_04102_00001-seg003_nis_x1dints.fits,seg003,4,433,60694.00861176238,TDB-MID,3423.6098995173948,4.795210442832253,1778,0.5867402182434889,1.4160298518951635,1353,0.9606352791103745,0.9598505454351096
TOI-2076_d,NIRISS_SOSS,obs14,SOSS_HDU4_ordem_2,jw05959014001_04102_00001-seg003_nis_x1dints.fits,seg003,4,434,60694.00868884123,TDB-MID,3472.880580158878,4.795247720064252,1778,0.5867402182434889,1.4160298518951635,1354,0.9744602052670203,0.9736641781431916
TOI-2076_d,NIRISS_SOSS,obs14,SOSS_HDU4_ordem_2,jw05959014001_04102_00001-seg003_nis_x1dints.fits,seg003,4,435,60694.008765920094,TDB-MID,3691.430294792392,4.795490314848734,1778,0.5867402182434889,1.4160298518951635,1355,1.0357833618994547,1.0349372404816422
TOI-2076_d,NIRISS_SOSS,obs14,SOSS_HDU4_ordem_2,jw05959014001_04102_00001-seg003_nis_x1dints.fits,seg003,4,436,60694.00884299894,TDB-MID,3449.120834288421,4.795183962027365,1778,0.5867402182434889,1.4160298518951635,1356,0.9677934264061824,0.9670028453095728
TOI-2076_d,NIRISS_SOSS,obs14,SOSS_HDU4_ordem_2,jw05959014001_04102_00001-seg003_nis_x1dints.fits,seg003,4,437,60694.0089200778,TDB-MID,3272.5997393543266,4.794978481056698,1778,0.5867402182434889,1.4160298518951635,1357,0.9182631363679434,0.9175130160865712
TOI-2076_d,NIRISS_SOSS,obs14,SOSS_HDU4_ordem_2,jw05959014001_04102_00001-seg003_nis_x1dints.fits,seg003,4,438,60694.008997156656,TDB-MID,3603.8030186173573,4.7953499706609675,1778,0.5867402182434889,1.4160298518951635,1358,1.011195907318852,1.0103698711550562
TOI-2076_d,NIRISS_SOSS,obs14,SOSS_HDU4_ordem_2,jw05959014001_04102_00001-seg003_nis_x1dints.fits,seg003,4,439,60694.00907423551,TDB-MID,3340.8757373141493,4.795101688573456,1778,0.5867402182434889,1.4160298518951635,1359,0.9374207899212642,0.936655019937857
TOI-2076_d,NIRISS_SOSS,obs14,SOSS_HDU4_ordem_2,jw05959014001_04102_00001-seg003_nis_x1dints.fits,seg003,4,440,60694.00915131436,TDB-MID,3219.5702251827265,4.794913744821207,1778,0.5867402182434889,1.4160298518951635,1360,0.9033835140854797,0.9026455488237431
TOI-2076_d,NIRISS_SOSS,obs14,SOSS_HDU4_ordem_2,jw05959014001_04102_00001-seg003_nis_x1dints.fits,seg003,4,441,60694.00922839321,TDB-MID,3676.442910226773,4.795409648828289,1778,0.5867402182434889,1.4160298518951635,1361,1.0315780316258867,1.0307353455017314
TOI-2076_d,NIRISS_SOSS,obs14,SOSS_HDU4_ordem_2,jw05959014001_04102_00001-seg003_nis_x1dints.fits,seg003,4,442,60694.00930547207,TDB-MID,3377.990942874268,4.795563315491974,1778,0.5867402182434889,1.4160298518951635,1362,0.9478349950728235,0.9470607178258782
TOI-2076_d,NIRISS_SOSS,obs14,SOSS_HDU4_ordem_2,jw05959014001_04102_00001-seg003_nis_x1dints.fits,seg003,4,443,60694.00938255093,TDB-MID,3334.1777139220144,4.795151826910225,1778,0.5867402182434889,1.4160298518951635,1363,0.9355413825823328,0.9347771478686169
TOI-2076_d,NIRISS_SOSS,obs14,SOSS_HDU4_ordem_2,jw05959014001_04102_00001-seg003_nis_x1dints.fits,seg003,4,444,60694.00945962978,TDB-MID,3707.319723085403,4.795563825078511,1778,0.5867402182434889,1.4160298518951635,1364,1.0402417978285343,1.0393920343575007
TOI-2076_d,NIRISS_SOSS,obs14,SOSS_HDU4_ordem_2,jw05959014001_04102_00001-seg003_nis_x1dints.fits,seg003,4,445,60694.00953670863,TDB-MID,3642.492975536891,4.795403118282635,1778,0.5867402182434889,1.4160298518951635,1365,1.0220519740598097,1.0212170696800138
TOI-2076_d,NIRISS_SOSS,obs14,SOSS_HDU4_ordem_2,jw05959014001_04102_00001-seg003_nis_x1dints.fits,seg003,4,446,60694.00961378749,TDB-MID,3566.856713546915,4.795413221924243,1778,0.5867402182434889,1.4160298518951635,1366,1.0008290941815128,1.000011526567177
TOI-2076_d,NIRISS_SOSS,obs14,SOSS_HDU4_ordem_2,jw05959014001_04102_00001-seg003_nis_x1dints.fits,seg003,4,447,60694.00969086635,TDB-MID,3724.1546309025875,4.7955125724379135,1778,0.5867402182434889,1.4160298518951635,1367,1.0449655271214184,1.044111904881579
TOI-2076_d,NIRISS_SOSS,obs14,SOSS_HDU4_ordem_2,jw05959014001_04102_00001-seg003_nis_x1dints.fits,seg003,4,448,60694.0097679452,TDB-MID,4517.861347544911,4.796533601058599,1778,0.5867402182434889,1.4160298518951635,1368,1.2676727559388596,1.266637206316195
TOI-2076_d,NIRISS_SOSS,obs14,SOSS_HDU4_ordem_2,jw05959014001_04102_00001-seg003_nis_x1dints.fits,seg003,4,449,60694.00984502405,TDB-MID,3556.2086959338294,4.79523663985918,1778,0.5867402182434889,1.4160298518951635,1369,0.9978413526829382,0.9970262257257569
TOI-2076_d,NIRISS_SOSS,obs14,SOSS_HDU4_ordem_2,jw05959014001_04102_00001-seg004_nis_x1dints.fits,seg004,4,0,60694.00992210291,TDB-MID,3692.250390834696,4.7914138118191865,1778,0.5867402182434889,1.4160298518951635,1370,1.0360134737444424,1.0392926764466235
TOI-2076_d,NIRISS_SOSS,obs14,SOSS_HDU4_ordem_2,jw05959014001_04102_00001-seg004_nis_x1dints.fits,seg004,4,1,60694.00999918177,TDB-MID,3693.7870665687374,4.791525037268558,1778,0.5867402182434889,1.4160298518951635,1371,1.0364446516432098,1.0397252191150261
TOI-2076_d,NIRISS_SOSS,obs14,SOSS_HDU4_ordem_2,jw05959014001_04102_00001-seg004_nis_x1dints.fits,seg004,4,2,60694.010076260616,TDB-MID,3525.943308848499,4.791301141541591,1778,0.5867402182434889,1.4160298518951635,1372,0.9893491472555037,0.9924806474524606
TOI-2076_d,NIRISS_SOSS,obs14,SOSS_HDU4_ordem_2,jw05959014001_04102_00001-seg004_nis_x1dints.fits,seg004,4,3,60694.01015333947,TDB-MID,3283.2578625476976,4.790955132557491,1778,0.5867402182434889,1.4160298518951635,1373,0.9212537134048016,0.9241696770895909
TOI-2076_d,NIRISS_SOSS,obs14,SOSS_HDU4_ordem_2,jw05959014001_04102_00001-seg004_nis_x1dints.fits,seg004,4,4,60694.010230418324,TDB-MID,3482.850307325186,4.791294783209035,1778,0.5867402182434889,1.4160298518951635,1374,0.9772576243422515,0.9803508523008491
TOI-2076_d,NIRISS_SOSS,obs14,SOSS_HDU4_ordem_2,jw05959014001_04102_00001-seg004_nis_x1dints.fits,seg004,4,5,60694.01030749718,TDB-MID,3615.582277241987,4.79152056445004,1778,0.5867402182434889,1.4160298518951635,1375,1.0145010652453375,1.0177121766052064
TOI-2076_d,NIRISS_SOSS,obs14,SOSS_HDU4_ordem_2,jw05959014001_04102_00001-seg004_nis_x1dints.fits,seg004,4,6,60694.01038457604,TDB-MID,3774.312197849207,4.791528407794299,1778,0.5867402182434889,1.4160298518951635,1376,1.0590393058921994,1.062391390244004
TOI-2076_d,NIRISS_SOSS,obs14,SOSS_HDU4_ordem_2,jw05959014001_04102_00001-seg004_nis_x1dints.fits,seg004,4,7,60694.010461654885,TDB-MID,3445.931747910985,4.791238197880902,1778,0.5867402182434889,1.4160298518951635,1377,0.9668985963956934,0.9699590358304974
TOI-2076_d,NIRISS_SOSS,obs14,SOSS_HDU4_ordem_2,jw05959014001_04102_00001-seg004_nis_x1dints.fits,seg004,4,8,60694.010538733746,TDB-MID,3674.2057102524736,4.7915240129404815,1778,0.5867402182434889,1.4160298518951635,1378,1.0309502926939367,1.0342134693526315
TOI-2076_d,NIRISS_SOSS,obs14,SOSS_HDU4_ordem_2,jw05959014001_04102_00001-seg004_nis_x1dints.fits,seg004,4,9,60694.0106158126,TDB-MID,3604.1253191220794,4.7914176316120995,1778,0.5867402182434889,1.4160298518951635,1379,1.0112863420483913,1.0144872781265082
TOI-2076_d,NIRISS_SOSS,obs14,SOSS_HDU4_ordem_2,jw05959014001_04102_00001-seg004_nis_x1dints.fits,seg004,4,10,60694.01069289145,TDB-MID,3420.037226992961,4.7911331586455805,1778,0.5867402182434889,1.4160298518951635,1380,0.9596328181500405,0.9626702598533861
TOI-2076_d,NIRISS_SOSS,obs14,SOSS_HDU4_ordem_2,jw05959014001_04102_00001-seg004_nis_x1dints.fits,seg004,4,11,60694.01076997031,TDB-MID,3860.530480034318,4.791591564487314,1778,0.5867402182434889,1.4160298518951635,1381,1.0832314089653288,1.0866600664619614
TOI-2076_d,NIRISS_SOSS,obs14,SOSS_HDU4_ordem_2,jw05959014001_04102_00001-seg004_nis_x1dints.fits,seg004,4,12,60694.01084704916,TDB-MID,3660.7387280011308,4.791364092159641,1778,0.5867402182434889,1.4160298518951635,1382,1.0271715741385261,1.0304227903503622
TOI-2076_d,NIRISS_SOSS,obs14,SOSS_HDU4_ordem_2,jw05959014001_04102_00001-seg004_nis_x1dints.fits,seg004,4,13,60694.010924128015,TDB-MID,3602.5522726701247,4.791528941145768,1778,0.5867402182434889,1.4160298518951635,1383,1.0108449588412565,1.0140444978477694
TOI-2076_d,NIRISS_SOSS,obs14,SOSS_HDU4_ordem_2,jw05959014001_04102_00001-seg004_nis_x1dints.fits,seg004,4,14,60694.01100120687,TDB-MID,3474.6589704104285,4.791278563421843,1778,0.5867402182434889,1.4160298518951635,1384,0.9749592061654305,0.9780451591422955
TOI-2076_d,NIRISS_SOSS,obs14,SOSS_HDU4_ordem_2,jw05959014001_04102_00001-seg004_nis_x1dints.fits,seg004,4,15,60694.01107828572,TDB-MID,3535.910833242977,4.791256305626656,1778,0.5867402182434889,1.4160298518951635,1385,0.992145948252042,0.9952863009182166
TOI-2076_d,NIRISS_SOSS,obs14,SOSS_HDU4_ordem_2,jw05959014001_04102_00001-seg004_nis_x1dints.fits,seg004,4,16,60694.011155364584,TDB-MID,3514.9649395072765,4.791168105188308,1778,0.5867402182434889,1.4160298518951635,1386,0.9862687119238474,0.9893904618886697
TOI-2076_d,NIRISS_SOSS,obs14,SOSS_HDU4_ordem_2,jw05959014001_04102_00001-seg004_nis_x1dints.fits,seg004,4,17,60694.01123244343,TDB-MID,3323.0899657003242,4.7940582928295665,1778,0.5867402182434889,1.4160298518951635,1387,0.9324302564843652,0.935381596301991
TOI-2076_d,NIRISS_SOSS,obs14,SOSS_HDU4_ordem_2,jw05959014001_04102_00001-seg004_nis_x1dints.fits,seg004,4,18,60694.011309522284,TDB-MID,3332.2254757841106,4.791034180774219,1778,0.5867402182434889,1.4160298518951635,1388,0.9349936014730541,0.9379530548220447
TOI-2076_d,NIRISS_SOSS,obs14,SOSS_HDU4_ordem_2,jw05959014001_04102_00001-seg004_nis_x1dints.fits,seg004,4,19,60694.011386601145,TDB-MID,3734.52557367326,4.7915206603830525,1778,0.5867402182434889,1.4160298518951635,1389,1.047875523819508,1.0511922724297738
TOI-2076_d,NIRISS_SOSS,obs14,SOSS_HDU4_ordem_2,jw05959014001_04102_00001-seg004_nis_x1dints.fits,seg004,4,20,60694.01146368,TDB-MID,3608.1282396660104,4.791207349427889,1778,0.5867402182434889,1.4160298518951635,1390,1.0124095268757625,1.0156140180724316
TOI-2076_d,NIRISS_SOSS,obs14,SOSS_HDU4_ordem_2,jw05959014001_04102_00001-seg004_nis_x1dints.fits,seg004,4,21,60694.01154075885,TDB-MID,3199.5807343438405,4.79084746885754,1778,0.5867402182434889,1.4160298518951635,1391,0.8977746361248234,0.9006162835428726
TOI-2076_d,NIRISS_SOSS,obs14,SOSS_HDU4_ordem_2,jw05959014001_04102_00001-seg004_nis_x1dints.fits,seg004,4,22,60694.01161783771,TDB-MID,3089.728653433408,4.790801062208311,1778,0.5867402182434889,1.4160298518951635,1392,0.8669510938687024,0.8696951782283371
TOI-2076_d,NIRISS_SOSS,obs14,SOSS_HDU4_ordem_2,jw05959014001_04102_00001-seg004_nis_x1dints.fits,seg004,4,23,60694.01169491656,TDB-MID,3619.3569013529045,4.791255343043173,1778,0.5867402182434889,1.4160298518951635,1393,1.0155601920713346,1.018774655792575
TOI-2076_d,NIRISS_SOSS,obs14,SOSS_HDU4_ordem_2,jw05959014001_04102_00001-seg004_nis_x1dints.fits,seg004,4,24,60694.011771995414,TDB-MID,3522.238241565764,4.791205374275098,1778,0.5867402182434889,1.4160298518951635,1394,0.9883095374729246,0.991437747084098
TOI-2076_d,NIRISS_SOSS,obs14,SOSS_HDU4_ordem_2,jw05959014001_04102_00001-seg004_nis_x1dints.fits,seg004,4,25,60694.01184907427,TDB-MID,3456.604492236666,4.791098729737907,1778,0.5867402182434889,1.4160298518951635,1395,0.9698932759956149,0.9729631942274473
TOI-2076_d,NIRISS_SOSS,obs14,SOSS_HDU4_ordem_2,jw05959014001_04102_00001-seg004_nis_x1dints.fits,seg004,4,26,60694.01192615312,TDB-MID,3601.5822408130553,4.791235951913873,1778,0.5867402182434889,1.4160298518951635,1396,1.0105727763055379,1.0137714537965115
TOI-2076_d,NIRISS_SOSS,obs14,SOSS_HDU4_ordem_2,jw05959014001_04102_00001-seg004_nis_x1dints.fits,seg004,4,27,60694.01200323198,TDB-MID,3596.185237378975,4.791321759469868,1778,0.5867402182434889,1.4160298518951635,1397,1.0090584238961153,1.0122523081400523
TOI-2076_d,NIRISS_SOSS,obs14,SOSS_HDU4_ordem_2,jw05959014001_04102_00001-seg004_nis_x1dints.fits,seg004,4,28,60694.01208031083,TDB-MID,3534.173108327563,4.791316842659067,1778,0.5867402182434889,1.4160298518951635,1398,0.9916583576946685,0.9947971670331606
TOI-2076_d,NIRISS_SOSS,obs14,SOSS_HDU4_ordem_2,jw05959014001_04102_00001-seg004_nis_x1dints.fits,seg004,4,29,60694.01215738968,TDB-MID,3309.030089810957,4.7910386552651465,1778,0.5867402182434889,1.4160298518951635,1399,0.928485177110356,0.9314240299137959
TOI-2076_d,NIRISS_SOSS,obs14,SOSS_HDU4_ordem_2,jw05959014001_04102_00001-seg004_nis_x1dints.fits,seg004,4,30,60694.01223446854,TDB-MID,3330.0664370907343,4.7910684192355255,1778,0.5867402182434889,1.4160298518951635,1400,0.9343877939194207,0.9373453297588256
TOI-2076_d,NIRISS_SOSS,obs14,SOSS_HDU4_ordem_2,jw05959014001_04102_00001-seg004_nis_x1dints.fits,seg004,4,31,60694.0123115474,TDB-MID,3526.18014674622,4.791271903540637,1778,0.5867402182434889,1.4160298518951635,1401,0.9894156019178802,0.992547312457959
TOI-2076_d,NIRISS_SOSS,obs14,SOSS_HDU4_ordem_2,jw05959014001_04102_00001-seg004_nis_x1dints.fits,seg004,4,32,60694.01238862625,TDB-MID,3558.200196482645,4.7912342337908775,1778,0.5867402182434889,1.4160298518951635,1402,0.9984001504845889,1.0015602990292733
TOI-2076_d,NIRISS_SOSS,obs14,SOSS_HDU4_ordem_2,jw05959014001_04102_00001-seg004_nis_x1dints.fits,seg004,4,33,60694.0124657051,TDB-MID,3387.579792397358,4.7911078387339545,1778,0.5867402182434889,1.4160298518951635,1403,0.9505255431809065,0.9535341584245146
TOI-2076_d,NIRISS_SOSS,obs14,SOSS_HDU4_ordem_2,jw05959014001_04102_00001-seg004_nis_x1dints.fits,seg004,4,34,60694.01254278396,TDB-MID,3592.2276589578946,4.791244302628523,1778,0.5867402182434889,1.4160298518951635,1404,1.0079479616756177,1.0111383310707553
TOI-2076_d,NIRISS_SOSS,obs14,SOSS_HDU4_ordem_2,jw05959014001_04102_00001-seg004_nis_x1dints.fits,seg004,4,35,60694.01261986282,TDB-MID,3757.9070509909884,4.791485311158706,1778,0.5867402182434889,1.4160298518951635,1405,1.0544361638013866,1.0577736782307288
TOI-2076_d,NIRISS_SOSS,obs14,SOSS_HDU4_ordem_2,jw05959014001_04102_00001-seg004_nis_x1dints.fits,seg004,4,36,60694.01269694167,TDB-MID,3285.90077516687,4.790918324296835,1778,0.5867402182434889,1.4160298518951635,1406,0.9219952917902189,0.9249136027281154
TOI-2076_d,NIRISS_SOSS,obs14,SOSS_HDU4_ordem_2,jw05959014001_04102_00001-seg004_nis_x1dints.fits,seg004,4,37,60694.01277402052,TDB-MID,3534.2390779650336,4.79122156492209,1778,0.5867402182434889,1.4160298518951635,1407,0.9916768682034485,0.9948157361316327
TOI-2076_d,NIRISS_SOSS,obs14,SOSS_HDU4_ordem_2,jw05959014001_04102_00001-seg004_nis_x1dints.fits,seg004,4,38,60694.012851099375,TDB-MID,3706.0585065783525,4.791488147938301,1778,0.5867402182434889,1.4160298518951635,1408,1.0398879114025605,1.043179377522892
TOI-2076_d,NIRISS_SOSS,obs14,SOSS_HDU4_ordem_2,jw05959014001_04102_00001-seg004_nis_x1dints.fits,seg004,4,39,60694.012928178236,TDB-MID,3387.551195776978,4.790905854477902,1778,0.5867402182434889,1.4160298518951635,1409,0.9505175192169601,0.953526109063018
TOI-2076_d,NIRISS_SOSS,obs14,SOSS_HDU4_ordem_2,jw05959014001_04102_00001-seg004_nis_x1dints.fits,seg004,4,40,60694.01300525709,TDB-MID,3968.3603167045526,4.791714710366805,1778,0.5867402182434889,1.4160298518951635,1410,1.1134875270063296,1.1170119515432102
TOI-2076_d,NIRISS_SOSS,obs14,SOSS_HDU4_ordem_2,jw05959014001_04102_00001-seg004_nis_x1dints.fits,seg004,4,41,60694.013082335936,TDB-MID,3482.7367692282614,4.791178534401106,1778,0.5867402182434889,1.4160298518951635,1411,0.9772257665358338,0.9803188936577072
TOI-2076_d,NIRISS_SOSS,obs14,SOSS_HDU4_ordem_2,jw05959014001_04102_00001-seg004_nis_x1dints.fits,seg004,4,42,60694.0131594148,TDB-MID,3446.7577908550434,4.791041590271068,1778,0.5867402182434889,1.4160298518951635,1412,0.9671303768897954,0.9701915499590953
TOI-2076_d,NIRISS_SOSS,obs14,SOSS_HDU4_ordem_2,jw05959014001_04102_00001-seg004_nis_x1dints.fits,seg004,4,43,60694.01323649364,TDB-MID,3828.5585451369207,4.791566094658708,1778,0.5867402182434889,1.4160298518951635,1413,1.074260361005633,1.0776606232299488
TOI-2076_d,NIRISS_SOSS,obs14,SOSS_HDU4_ordem_2,jw05959014001_04102_00001-seg004_nis_x1dints.fits,seg004,4,44,60694.013313572505,TDB-MID,3536.850777426899,4.791275017707347,1778,0.5867402182434889,1.4160298518951635,1414,0.9924096884473247,0.9955508759072379
TOI-2076_d,NIRISS_SOSS,obs14,SOSS_HDU4_ordem_2,jw05959014001_04102_00001-seg004_nis_x1dints.fits,seg004,4,45,60694.01339065136,TDB-MID,3706.3165972996103,4.791433970412132,1778,0.5867402182434889,1.4160298518951635,1415,1.0399603294231083,1.0432520247618569
TOI-2076_d,NIRISS_SOSS,obs14,SOSS_HDU4_ordem_2,jw05959014001_04102_00001-seg004_nis_x1dints.fits,seg004,4,46,60694.01346773021,TDB-MID,4115.344125521429,4.792149188226729,1778,0.5867402182434889,1.4160298518951635,1416,1.1547299104412558,1.1583848758819295
TOI-2076_d,NIRISS_SOSS,obs14,SOSS_HDU4_ordem_2,jw05959014001_04102_00001-seg004_nis_x1dints.fits,seg004,4,47,60694.013544809066,TDB-MID,3702.2104331173014,4.791505171064027,1778,0.5867402182434889,1.4160298518951635,1417,1.0388081753252068,1.0420962238515086
TOI-2076_d,NIRISS_SOSS,obs14,SOSS_HDU4_ordem_2,jw05959014001_04102_00001-seg004_nis_x1dints.fits,seg004,4,48,60694.01362188792,TDB-MID,3472.2337029945415,4.791308901319298,1778,0.5867402182434889,1.4160298518951635,1418,0.9742786971385972,0.9773624961598465
TOI-2076_d,NIRISS_SOSS,obs14,SOSS_HDU4_ordem_2,jw05959014001_04102_00001-seg004_nis_x1dints.fits,seg004,4,49,60694.01369896677,TDB-MID,3283.9717339940466,4.790966509896066,1778,0.5867402182434889,1.4160298518951635,1419,0.9214540195483867,0.9243706172446672
TOI-2076_d,NIRISS_SOSS,obs14,SOSS_HDU4_ordem_2,jw05959014001_04102_00001-seg004_nis_x1dints.fits,seg004,4,50,60694.013776045635,TDB-MID,3629.8451092007263,4.792040729500893,1778,0.5867402182434889,1.4160298518951635,1420,1.0185030923342062,1.0217268709598748
TOI-2076_d,NIRISS_SOSS,obs14,SOSS_HDU4_ordem_2,jw05959014001_04102_00001-seg004_nis_x1dints.fits,seg004,4,51,60694.01385312448,TDB-MID,3300.014401793758,4.7909133831507145,1778,0.5867402182434889,1.4160298518951635,1421,0.9259554531555343,0.9288862988453229
TOI-2076_d,NIRISS_SOSS,obs14,SOSS_HDU4_ordem_2,jw05959014001_04102_00001-seg004_nis_x1dints.fits,seg004,4,52,60694.013930203335,TDB-MID,3666.277340203028,4.791436287222845,1778,0.5867402182434889,1.4160298518951635,1422,1.028725660741443,1.0319817959674782
TOI-2076_d,NIRISS_SOSS,obs14,SOSS_HDU4_ordem_2,jw05959014001_04102_00001-seg004_nis_x1dints.fits,seg004,4,53,60694.014007282196,TDB-MID,3677.757993319097,4.791388852734833,1778,0.5867402182434889,1.4160298518951635,1423,1.0319470325490427,1.0352133641010945
TOI-2076_d,NIRISS_SOSS,obs14,SOSS_HDU4_ordem_2,jw05959014001_04102_00001-seg004_nis_x1dints.fits,seg004,4,54,60694.01408436105,TDB-MID,3330.526335987787,4.790973607342462,1778,0.5867402182434889,1.4160298518951635,1424,0.9345168375658347,0.9374747818557905
TOI-2076_d,NIRISS_SOSS,obs14,SOSS_HDU4_ordem_2,jw05959014001_04102_00001-seg004_nis_x1dints.fits,seg004,4,55,60694.0141614399,TDB-MID,3320.6500257267794,4.791009960300565,1778,0.5867402182434889,1.4160298518951635,1425,0.9317456304649611,0.9346948032958153
TOI-2076_d,NIRISS_SOSS,obs14,SOSS_HDU4_ordem_2,jw05959014001_04102_00001-seg004_nis_x1dints.fits,seg004,4,56,60694.01423851875,TDB-MID,3766.5192389123868,4.7914694214223355,1778,0.5867402182434889,1.4160298518951635,1426,1.0568526691248437,1.06019783230682
TOI-2076_d,NIRISS_SOSS,obs14,SOSS_HDU4_ordem_2,jw05959014001_04102_00001-seg004_nis_x1dints.fits,seg004,4,57,60694.01431559761,TDB-MID,3554.780163248114,4.791251692371775,1778,0.5867402182434889,1.4160298518951635,1427,0.9974405187866892,1.000597629893216
TOI-2076_d,NIRISS_SOSS,obs14,SOSS_HDU4_ordem_2,jw05959014001_04102_00001-seg004_nis_x1dints.fits,seg004,4,58,60694.01439267647,TDB-MID,3419.580407603888,4.791157598239235,1778,0.5867402182434889,1.4160298518951635,1428,0.9595046385868878,0.9625416745746895
TOI-2076_d,NIRISS_SOSS,obs14,SOSS_HDU4_ordem_2,jw05959014001_04102_00001-seg004_nis_x1dints.fits,seg004,4,59,60694.01446975532,TDB-MID,3609.752893832797,4.791295730547339,1778,0.5867402182434889,1.4160298518951635,1429,1.012865390760602,1.016071324863296
TOI-2076_d,NIRISS_SOSS,obs14,SOSS_HDU4_ordem_2,jw05959014001_04102_00001-seg004_nis_x1dints.fits,seg004,4,60,60694.01454683417,TDB-MID,3201.3987142658843,4.790803011747003,1778,0.5867402182434889,1.4160298518951635,1430,0.8982847455418093,0.9011280075645146
TOI-2076_d,NIRISS_SOSS,obs14,SOSS_HDU4_ordem_2,jw05959014001_04102_00001-seg004_nis_x1dints.fits,seg004,4,61,60694.014623913026,TDB-MID,3585.7650303877244,4.791279549034072,1778,0.5867402182434889,1.4160298518951635,1431,1.006134604084507,1.0093192338176966
TOI-2076_d,NIRISS_SOSS,obs14,SOSS_HDU4_ordem_2,jw05959014001_04102_00001-seg004_nis_x1dints.fits,seg004,4,62,60694.01470099189,TDB-MID,3766.41456635789,4.791505358849186,1778,0.5867402182434889,1.4160298518951635,1432,1.056823298912829,1.060168369131846
TOI-2076_d,NIRISS_SOSS,obs14,SOSS_HDU4_ordem_2,jw05959014001_04102_00001-seg004_nis_x1dints.fits,seg004,4,63,60694.01477807074,TDB-MID,3629.867523014947,4.791413989004416,1778,0.5867402182434889,1.4160298518951635,1433,1.018509381456306,1.0217331799883818
TOI-2076_d,NIRISS_SOSS,obs14,SOSS_HDU4_ordem_2,jw05959014001_04102_00001-seg004_nis_x1dints.fits,seg004,4,64,60694.01485514959,TDB-MID,3422.6375266800287,4.791085085190261,1778,0.5867402182434889,1.4160298518951635,1434,0.9603624397158647,0.9634021908264435
TOI-2076_d,NIRISS_SOSS,obs14,SOSS_HDU4_ordem_2,jw05959014001_04102_00001-seg004_nis_x1dints.fits,seg004,4,65,60694.01493222845,TDB-MID,3566.40842559901,4.791019373466253,1778,0.5867402182434889,1.4160298518951635,1435,1.000703308466844,1.003870746995752
TOI-2076_d,NIRISS_SOSS,obs14,SOSS_HDU4_ordem_2,jw05959014001_04102_00001-seg004_nis_x1dints.fits,seg004,4,66,60694.015009307295,TDB-MID,3398.3196866908593,4.791259255066264,1778,0.5867402182434889,1.4160298518951635,1436,0.9535390644800791,0.9565572181586958
TOI-2076_d,NIRISS_SOSS,obs14,SOSS_HDU4_ordem_2,jw05959014001_04102_00001-seg004_nis_x1dints.fits,seg004,4,67,60694.015086386156,TDB-MID,3773.681432024116,4.792633919508952,1778,0.5867402182434889,1.4160298518951635,1437,1.0588623184659962,1.0622138426150034
TOI-2076_d,NIRISS_SOSS,obs14,SOSS_HDU4_ordem_2,jw05959014001_04102_00001-seg004_nis_x1dints.fits,seg004,4,68,60694.01516346501,TDB-MID,3363.474122878547,4.791107762684879,1778,0.5867402182434889,1.4160298518951635,1438,0.9437617011410732,0.9467489073879295
TOI-2076_d,NIRISS_SOSS,obs14,SOSS_HDU4_ordem_2,jw05959014001_04102_00001-seg004_nis_x1dints.fits,seg004,4,69,60694.015240543864,TDB-MID,3488.669644285011,4.791150177077294,1778,0.5867402182434889,1.4160298518951635,1439,0.9788904798803276,0.9819888761735351
TOI-2076_d,NIRISS_SOSS,obs14,SOSS_HDU4_ordem_2,jw05959014001_04102_00001-seg004_nis_x1dints.fits,seg004,4,70,60694.01531762272,TDB-MID,3862.033547444842,4.791604803954272,1778,0.5867402182434889,1.4160298518951635,1440,1.0836531566596657,1.0870831490773336
TOI-2076_d,NIRISS_SOSS,obs14,SOSS_HDU4_ordem_2,jw05959014001_04102_00001-seg004_nis_x1dints.fits,seg004,4,71,60694.015394701564,TDB-MID,3434.476098840477,4.791276005544292,1778,0.5867402182434889,1.4160298518951635,1441,0.9636842405066683,0.966734505822328
TOI-2076_d,NIRISS_SOSS,obs14,SOSS_HDU4_ordem_2,jw05959014001_04102_00001-seg004_nis_x1dints.fits,seg004,4,72,60694.015471780425,TDB-MID,3833.855461563686,4.7917873148562915,1778,0.5867402182434889,1.4160298518951635,1442,1.0757466298678555,1.0791515964488163
TOI-2076_d,NIRISS_SOSS,obs14,SOSS_HDU4_ordem_2,jw05959014001_04102_00001-seg004_nis_x1dints.fits,seg004,4,73,60694.015548859286,TDB-MID,3271.115253092956,4.790921761653978,1778,0.5867402182434889,1.4160298518951635,1443,0.9178466023830907,0.920751781837798
TOI-2076_d,NIRISS_SOSS,obs14,SOSS_HDU4_ordem_2,jw05959014001_04102_00001-seg004_nis_x1dints.fits,seg004,4,74,60694.01562593813,TDB-MID,3647.440576229918,4.7914353542558805,1778,0.5867402182434889,1.4160298518951635,1444,1.0234402279532637,1.0266796336618549
TOI-2076_d,NIRISS_SOSS,obs14,SOSS_HDU4_ordem_2,jw05959014001_04102_00001-seg004_nis_x1dints.fits,seg004,4,75,60694.01570301699,TDB-MID,3691.7809045527715,4.791443780878965,1778,0.5867402182434889,1.4160298518951635,1445,1.0358817399608888,1.0391605256976635
TOI-2076_d,NIRISS_SOSS,obs14,SOSS_HDU4_ordem_2,jw05959014001_04102_00001-seg004_nis_x1dints.fits,seg004,4,76,60694.01578009585,TDB-MID,3448.4764440471827,4.791214356968041,1778,0.5867402182434889,1.4160298518951635,1446,0.9676126160868364,0.9706753155456265
TOI-2076_d,NIRISS_SOSS,obs14,SOSS_HDU4_ordem_2,jw05959014001_04102_00001-seg004_nis_x1dints.fits,seg004,4,77,60694.0158571747,TDB-MID,3649.5100132138296,4.791674380480511,1778,0.5867402182434889,1.4160298518951635,1447,1.0240208940434399,1.0272621376835447
TOI-2076_d,NIRISS_SOSS,obs14,SOSS_HDU4_ordem_2,jw05959014001_04102_00001-seg004_nis_x1dints.fits,seg004,4,78,60694.015934253555,TDB-MID,3547.96030848055,4.791185619979986,1778,0.5867402182434889,1.4160298518951635,1448,0.995526926619236,0.9986779808000903
TOI-2076_d,NIRISS_SOSS,obs14,SOSS_HDU4_ordem_2,jw05959014001_04102_00001-seg004_nis_x1dints.fits,seg004,4,79,60694.0160113324,TDB-MID,3302.0070050714185,4.7909528882001915,1778,0.5867402182434889,1.4160298518951635,1449,0.9265145603733459,0.9294471757562379
TOI-2076_d,NIRISS_SOSS,obs14,SOSS_HDU4_ordem_2,jw05959014001_04102_00001-seg004_nis_x1dints.fits,seg004,4,80,60694.01608841126,TDB-MID,3687.1984734218836,4.79145415991562,1778,0.5867402182434889,1.4160298518951635,1450,1.0345959494831112,1.0378706654199112
TOI-2076_d,NIRISS_SOSS,obs14,SOSS_HDU4_ordem_2,jw05959014001_04102_00001-seg004_nis_x1dints.fits,seg004,4,81,60694.016165490124,TDB-MID,3572.6105390326907,4.7913614079981235,1778,0.5867402182434889,1.4160298518951635,1451,1.0024435677674957,1.0056165145867355
TOI-2076_d,NIRISS_SOSS,obs14,SOSS_HDU4_ordem_2,jw05959014001_04102_00001-seg004_nis_x1dints.fits,seg004,4,82,60694.01624256897,TDB-MID,3621.927291818024,4.791372740200524,1778,0.5867402182434889,1.4160298518951635,1452,1.0162814213685833,1.0194981679337445
TOI-2076_d,NIRISS_SOSS,obs14,SOSS_HDU4_ordem_2,jw05959014001_04102_00001-seg004_nis_x1dints.fits,seg004,4,83,60694.016319647824,TDB-MID,3382.5063419180383,4.791102488575915,1778,0.5867402182434889,1.4160298518951635,1453,0.9491019769276542,0.9521060862816935
TOI-2076_d,NIRISS_SOSS,obs14,SOSS_HDU4_ordem_2,jw05959014001_04102_00001-seg004_nis_x1dints.fits,seg004,4,84,60694.01639672668,TDB-MID,3523.9278542263846,4.791219852761884,1778,0.5867402182434889,1.4160298518951635,1454,0.9887836281483993,0.9919133383572613
TOI-2076_d,NIRISS_SOSS,obs14,SOSS_HDU4_ordem_2,jw05959014001_04102_00001-seg004_nis_x1dints.fits,seg004,4,85,60694.01647380553,TDB-MID,3810.9499110272795,4.791576241392005,1778,0.5867402182434889,1.4160298518951635,1455,1.0693195308178678,1.0727041542651665
TOI-2076_d,NIRISS_SOSS,obs14,SOSS_HDU4_ordem_2,jw05959014001_04102_00001-seg004_nis_x1dints.fits,seg004,4,86,60694.01655088439,TDB-MID,3455.98021917606,4.791133777888591,1778,0.5867402182434889,1.4160298518951635,1456,0.9697181103828795,0.9727874741783409
TOI-2076_d,NIRISS_SOSS,obs14,SOSS_HDU4_ordem_2,jw05959014001_04102_00001-seg004_nis_x1dints.fits,seg004,4,87,60694.01662796324,TDB-MID,3766.8841931623842,4.791474185110985,1778,0.5867402182434889,1.4160298518951635,1457,1.0569550721257983,1.0603005594350239
TOI-2076_d,NIRISS_SOSS,obs14,SOSS_HDU4_ordem_2,jw05959014001_04102_00001-seg004_nis_x1dints.fits,seg004,4,88,60694.0167050421,TDB-MID,3287.905934225519,4.7909937068279635,1778,0.5867402182434889,1.4160298518951635,1458,0.9225579220514053,0.9254780138335859
TOI-2076_d,NIRISS_SOSS,obs14,SOSS_HDU4_ordem_2,jw05959014001_04102_00001-seg004_nis_x1dints.fits,seg004,4,89,60694.01678212095,TDB-MID,3730.8643404603517,4.791650436933251,1778,0.5867402182434889,1.4160298518951635,1459,1.0468482134971884,1.0501617104520746
TOI-2076_d,NIRISS_SOSS,obs14,SOSS_HDU4_ordem_2,jw05959014001_04102_00001-seg004_nis_x1dints.fits,seg004,4,90,60694.01685919981,TDB-MID,3724.96750696818,4.791475317432017,1778,0.5867402182434889,1.4160298518951635,1460,1.0451936131034874,1.0485018728966768
TOI-2076_d,NIRISS_SOSS,obs14,SOSS_HDU4_ordem_2,jw05959014001_04102_00001-seg004_nis_x1dints.fits,seg004,4,91,60694.01693627866,TDB-MID,3706.1919926309756,4.791485980506984,1778,0.5867402182434889,1.4160298518951635,1461,1.0399253664325383,1.0432169511059952
TOI-2076_d,NIRISS_SOSS,obs14,SOSS_HDU4_ordem_2,jw05959014001_04102_00001-seg004_nis_x1dints.fits,seg004,4,92,60694.017013357516,TDB-MID,3726.0394959760715,4.791404339063015,1778,0.5867402182434889,1.4160298518951635,1462,1.0454944039324732,1.0488036157925267
TOI-2076_d,NIRISS_SOSS,obs14,SOSS_HDU4_ordem_2,jw05959014001_04102_00001-seg004_nis_x1dints.fits,seg004,4,93,60694.01709043637,TDB-MID,3720.947912469851,4.791442708239974,1778,0.5867402182434889,1.4160298518951635,1463,1.0440657497089585,1.0473704395749368
TOI-2076_d,NIRISS_SOSS,obs14,SOSS_HDU4_ordem_2,jw05959014001_04102_00001-seg004_nis_x1dints.fits,seg004,4,94,60694.017167515216,TDB-MID,3269.5823052313526,4.790926955970958,1778,0.5867402182434889,1.4160298518951635,1464,0.9174164704930349,0.9203202884889466
TOI-2076_d,NIRISS_SOSS,obs14,SOSS_HDU4_ordem_2,jw05959014001_04102_00001-seg004_nis_x1dints.fits,seg004,4,95,60694.01724459408,TDB-MID,3633.8820159570087,4.791649771307369,1778,0.5867402182434889,1.4160298518951635,1465,1.019635813398341,1.022863177326777
TOI-2076_d,NIRISS_SOSS,obs14,SOSS_HDU4_ordem_2,jw05959014001_04102_00001-seg004_nis_x1dints.fits,seg004,4,96,60694.01732167294,TDB-MID,3598.096353163269,4.791311414432264,1778,0.5867402182434889,1.4160298518951635,1466,1.0095946664292137,1.01279024799467
TOI-2076_d,NIRISS_SOSS,obs14,SOSS_HDU4_ordem_2,jw05959014001_04102_00001-seg004_nis_x1dints.fits,seg004,4,97,60694.017398751785,TDB-MID,3195.751852374886,4.792306055862992,1778,0.5867402182434889,1.4160298518951635,1467,0.8967002850138963,0.8995385318824785
TOI-2076_d,NIRISS_SOSS,obs14,SOSS_HDU4_ordem_2,jw05959014001_04102_00001-seg004_nis_x1dints.fits,seg004,4,98,60694.01747583064,TDB-MID,3237.5924856807783,4.790970485699569,1778,0.5867402182434889,1.4160298518951635,1468,0.9084404042545922,0.911315811094269
TOI-2076_d,NIRISS_SOSS,obs14,SOSS_HDU4_ordem_2,jw05959014001_04102_00001-seg004_nis_x1dints.fits,seg004,4,99,60694.01755290949,TDB-MID,3010.9144793728283,4.790616571147152,1778,0.5867402182434889,1.4160298518951635,1469,0.8448365193936107,0.8475106064277144
TOI-2076_d,NIRISS_SOSS,obs14,SOSS_HDU4_ordem_2,jw05959014001_04102_00001-seg004_nis_x1dints.fits,seg004,4,100,60694.01762998835,TDB-MID,3170.016103170667,4.790767081329965,1778,0.5867402182434889,1.4160298518951635,1470,0.8894790567356996,0.8922944468829329
TOI-2076_d,NIRISS_SOSS,obs14,SOSS_HDU4_ordem_2,jw05959014001_04102_00001-seg004_nis_x1dints.fits,seg004,4,101,60694.01770706721,TDB-MID,3385.233616656256,4.791028738108344,1778,0.5867402182434889,1.4160298518951635,1471,0.9498672265928475,0.9528737581246225
TOI-2076_d,NIRISS_SOSS,obs14,SOSS_HDU4_ordem_2,jw05959014001_04102_00001-seg004_nis_x1dints.fits,seg004,4,102,60694.01778414605,TDB-MID,3429.458281334468,4.791139147220005,1778,0.5867402182434889,1.4160298518951635,1472,0.9622762843837792,0.9653220932192484
TOI-2076_d,NIRISS_SOSS,obs14,SOSS_HDU4_ordem_2,jw05959014001_04102_00001-seg004_nis_x1dints.fits,seg004,4,103,60694.017861224915,TDB-MID,3744.400367198484,4.791449020154443,1778,0.5867402182434889,1.4160298518951635,1473,1.0506463053374604,1.053971824059767
TOI-2076_d,NIRISS_SOSS,obs14,SOSS_HDU4_ordem_2,jw05959014001_04102_00001-seg004_nis_x1dints.fits,seg004,4,104,60694.01793830377,TDB-MID,3448.2810389040674,4.791061194471789,1778,0.5867402182434889,1.4160298518951635,1474,0.9675577870964708,0.9706203130098602
TOI-2076_d,NIRISS_SOSS,obs14,SOSS_HDU4_ordem_2,jw05959014001_04102_00001-seg004_nis_x1dints.fits,seg004,4,105,60694.01801538262,TDB-MID,3258.24442656999,4.790975145570273,1778,0.5867402182434889,1.4160298518951635,1475,0.9142351599605725,0.9171289084329124
TOI-2076_d,NIRISS_SOSS,obs14,SOSS_HDU4_ordem_2,jw05959014001_04102_00001-seg004_nis_x1dints.fits,seg004,4,106,60694.018092461476,TDB-MID,3266.084946143883,4.790906325411455,1778,0.5867402182434889,1.4160298518951635,1476,0.9164351418306735,0.9193358537129266
TOI-2076_d,NIRISS_SOSS,obs14,SOSS_HDU4_ordem_2,jw05959014001_04102_00001-seg004_nis_x1dints.fits,seg004,4,107,60694.01816954033,TDB-MID,3160.4509514770903,4.790681740393154,1778,0.5867402182434889,1.4160298518951635,1477,0.8867951580332839,0.889602053071042
TOI-2076_d,NIRISS_SOSS,obs14,SOSS_HDU4_ordem_2,jw05959014001_04102_00001-seg004_nis_x1dints.fits,seg004,4,108,60694.01824661918,TDB-MID,3695.3337758227062,4.791728805389095,1778,0.5867402182434889,1.4160298518951635,1478,1.0368786448607485,1.040160586013282
TOI-2076_d,NIRISS_SOSS,obs14,SOSS_HDU4_ordem_2,jw05959014001_04102_00001-seg004_nis_x1dints.fits,seg004,4,109,60694.01832369804,TDB-MID,3420.159157641776,4.791101806079789,1778,0.5867402182434889,1.4160298518951635,1479,0.9596670308338141,0.9627045808275707
TOI-2076_d,NIRISS_SOSS,obs14,SOSS_HDU4_ordem_2,jw05959014001_04102_00001-seg004_nis_x1dints.fits,seg004,4,110,60694.01840077689,TDB-MID,3534.226416631965,4.79136091768801,1778,0.5867402182434889,1.4160298518951635,1480,0.9916733155430744,0.9948121722263339
TOI-2076_d,NIRISS_SOSS,obs14,SOSS_HDU4_ordem_2,jw05959014001_04102_00001-seg004_nis_x1dints.fits,seg004,4,111,60694.01847785575,TDB-MID,3526.5817918715356,4.791215650492527,1778,0.5867402182434889,1.4160298518951635,1481,0.9895283000605966,0.9926603673142351
TOI-2076_d,NIRISS_SOSS,obs14,SOSS_HDU4_ordem_2,jw05959014001_04102_00001-seg004_nis_x1dints.fits,seg004,4,112,60694.0185549346,TDB-MID,3647.246996352924,4.791643988132555,1778,0.5867402182434889,1.4160298518951635,1482,1.0233859111167594,1.0266251449010257
TOI-2076_d,NIRISS_SOSS,obs14,SOSS_HDU4_ordem_2,jw05959014001_04102_00001-seg004_nis_x1dints.fits,seg004,4,113,60694.01863201345,TDB-MID,3368.9887554791057,4.791368680350364,1778,0.5867402182434889,1.4160298518951635,1483,0.9453090592755895,0.9483011632396132
TOI-2076_d,NIRISS_SOSS,obs14,SOSS_HDU4_ordem_2,jw05959014001_04102_00001-seg004_nis_x1dints.fits,seg004,4,114,60694.01870909231,TDB-MID,3658.8359867895942,4.791431285465728,1778,0.5867402182434889,1.4160298518951635,1484,1.0266376814379947,1.0298872077660306
TOI-2076_d,NIRISS_SOSS,obs14,SOSS_HDU4_ordem_2,jw05959014001_04102_00001-seg004_nis_x1dints.fits,seg004,4,115,60694.01878617117,TDB-MID,3686.8489810580995,4.7914916659173405,1778,0.5867402182434889,1.4160298518951635,1485,1.0344978849534818,1.037772290495216
TOI-2076_d,NIRISS_SOSS,obs14,SOSS_HDU4_ordem_2,jw05959014001_04102_00001-seg004_nis_x1dints.fits,seg004,4,116,60694.01886325002,TDB-MID,3388.010778737288,4.791131187786165,1778,0.5867402182434889,1.4160298518951635,1486,0.9506464742142611,0.9536554722302765
TOI-2076_d,NIRISS_SOSS,obs14,SOSS_HDU4_ordem_2,jw05959014001_04102_00001-seg004_nis_x1dints.fits,seg004,4,117,60694.01894032887,TDB-MID,3718.695099124496,4.791436195462816,1778,0.5867402182434889,1.4160298518951635,1487,1.0434336298003488,1.0467363188725487
TOI-2076_d,NIRISS_SOSS,obs14,SOSS_HDU4_ordem_2,jw05959014001_04102_00001-seg004_nis_x1dints.fits,seg004,4,118,60694.01901740773,TDB-MID,3509.0811042651194,4.7911800399279905,1778,0.5867402182434889,1.4160298518951635,1488,0.9846177587264968,0.9877342830737735
TOI-2076_d,NIRISS_SOSS,obs14,SOSS_HDU4_ordem_2,jw05959014001_04102_00001-seg004_nis_x1dints.fits,seg004,4,119,60694.01909448658,TDB-MID,3577.7269210301,4.791269977885466,1778,0.5867402182434889,1.4160298518951635,1489,1.0038791802328089,1.0070566710704374
TOI-2076_d,NIRISS_SOSS,obs14,SOSS_HDU4_ordem_2,jw05959014001_04102_00001-seg004_nis_x1dints.fits,seg004,4,120,60694.01917156544,TDB-MID,3416.610079706447,4.7912575722317285,1778,0.5867402182434889,1.4160298518951635,1490,0.9586711903107832,0.9617055882577598
TOI-2076_d,NIRISS_SOSS,obs14,SOSS_HDU4_ordem_2,jw05959014001_04102_00001-seg004_nis_x1dints.fits,seg004,4,121,60694.01924864429,TDB-MID,3862.300453092464,4.791627254685926,1778,0.5867402182434889,1.4160298518951635,1491,1.0837280480721878,1.087158277537084
TOI-2076_d,NIRISS_SOSS,obs14,SOSS_HDU4_ordem_2,jw05959014001_04102_00001-seg004_nis_x1dints.fits,seg004,4,122,60694.019325723144,TDB-MID,3024.8481814391494,4.7906034104051045,1778,0.5867402182434889,1.4160298518951635,1492,0.8487461954859155,0.8514326574752986
TOI-2076_d,NIRISS_SOSS,obs14,SOSS_HDU4_ordem_2,jw05959014001_04102_00001-seg004_nis_x1dints.fits,seg004,4,123,60694.019402802005,TDB-MID,3600.0481677708412,4.791310847091263,1778,0.5867402182434889,1.4160298518951635,1493,1.0101423286995503,1.0133396437324202
TOI-2076_d,NIRISS_SOSS,obs14,SOSS_HDU4_ordem_2,jw05959014001_04102_00001-seg004_nis_x1dints.fits,seg004,4,124,60694.01947988085,TDB-MID,3677.5404159637683,4.791442564681242,1778,0.5867402182434889,1.4160298518951635,1494,1.0318859822280075,1.035152120542826
TOI-2076_d,NIRISS_SOSS,obs14,SOSS_HDU4_ordem_2,jw05959014001_04102_00001-seg004_nis_x1dints.fits,seg004,4,125,60694.019556959705,TDB-MID,3172.6968473959582,4.790893488882987,1778,0.5867402182434889,1.4160298518951635,1495,0.8902312503420591,0.8930490213418287
TOI-2076_d,NIRISS_SOSS,obs14,SOSS_HDU4_ordem_2,jw05959014001_04102_00001-seg004_nis_x1dints.fits,seg004,4,126,60694.01963403857,TDB-MID,3854.2294227082043,4.791585106316693,1778,0.5867402182434889,1.4160298518951635,1496,1.0814633868656103,1.084886448196755
TOI-2076_d,NIRISS_SOSS,obs14,SOSS_HDU4_ordem_2,jw05959014001_04102_00001-seg004_nis_x1dints.fits,seg004,4,127,60694.01971111741,TDB-MID,3662.711419302432,4.791411918144124,1778,0.5867402182434889,1.4160298518951635,1497,1.0277250942282687,1.030978062448761
TOI-2076_d,NIRISS_SOSS,obs14,SOSS_HDU4_ordem_2,jw05959014001_04102_00001-seg004_nis_x1dints.fits,seg004,4,128,60694.019788196274,TDB-MID,3576.4333151002934,4.791272079310246,1778,0.5867402182434889,1.4160298518951635,1498,1.0035162056153988,1.0066925475612643
TOI-2076_d,NIRISS_SOSS,obs14,SOSS_HDU4_ordem_2,jw05959014001_04102_00001-seg004_nis_x1dints.fits,seg004,4,129,60694.01986527512,TDB-MID,3432.6085739966775,4.791140108222929,1778,0.5867402182434889,1.4160298518951635,1499,0.963160229213845,0.9662088359224585
TOI-2076_d,NIRISS_SOSS,obs14,SOSS_HDU4_ordem_2,jw05959014001_04102_00001-seg004_nis_x1dints.fits,seg004,4,130,60694.01994235398,TDB-MID,3149.405190797791,4.790765427993215,1778,0.5867402182434889,1.4160298518951635,1500,0.8836958132759736,0.8864928982292485
TOI-2076_d,NIRISS_SOSS,obs14,SOSS_HDU4_ordem_2,jw05959014001_04102_00001-seg004_nis_x1dints.fits,seg004,4,131,60694.020019432835,TDB-MID,3334.355877317571,4.790963911192545,1778,0.5867402182434889,1.4160298518951635,1501,0.9355913736876984,0.9385527191127201
TOI-2076_d,NIRISS_SOSS,obs14,SOSS_HDU4_ordem_2,jw05959014001_04102_00001-seg004_nis_x1dints.fits,seg004,4,132,60694.02009651168,TDB-MID,3542.719575691711,4.791230025020298,1778,0.5867402182434889,1.4160298518951635,1502,0.9940564223990973,0.9972028221217476
TOI-2076_d,NIRISS_SOSS,obs14,SOSS_HDU4_ordem_2,jw05959014001_04102_00001-seg004_nis_x1dints.fits,seg004,4,133,60694.02017359054,TDB-MID,3393.3845474417994,4.7910767437242585,1778,0.5867402182434889,1.4160298518951635,1503,0.952154307159849,0.9551680777874132
TOI-2076_d,NIRISS_SOSS,obs14,SOSS_HDU4_ordem_2,jw05959014001_04102_00001-seg004_nis_x1dints.fits,seg004,4,134,60694.0202506694,TDB-MID,3694.2678450247377,4.791504828673804,1778,0.5867402182434889,1.4160298518951635,1504,1.0365795539129852,1.0398605483791397
TOI-2076_d,NIRISS_SOSS,obs14,SOSS_HDU4_ordem_2,jw05959014001_04102_00001-seg004_nis_x1dints.fits,seg004,4,135,60694.02032774825,TDB-MID,3916.7670763720803,4.791689339296282,1778,0.5867402182434889,1.4160298518951635,1505,1.099010910720701,1.1024895136920851
TOI-2076_d,NIRISS_SOSS,obs14,SOSS_HDU4_ordem_2,jw05959014001_04102_00001-seg004_nis_x1dints.fits,seg004,4,136,60694.0204048271,TDB-MID,3577.358490832616,4.791271702670062,1778,0.5867402182434889,1.4160298518951635,1506,1.0037758019111014,1.0069529655343834
TOI-2076_d,NIRISS_SOSS,obs14,SOSS_HDU4_ordem_2,jw05959014001_04102_00001-seg004_nis_x1dints.fits,seg004,4,137,60694.02048190596,TDB-MID,4031.1102600657086,4.792178969398399,1778,0.5867402182434889,1.4160298518951635,1507,1.1310946175114136,1.1346747722296338
TOI-2076_d,NIRISS_SOSS,obs14,SOSS_HDU4_ordem_2,jw05959014001_04102_00001-seg004_nis_x1dints.fits,seg004,4,138,60694.02055898482,TDB-MID,3330.507555212715,4.7909247852682135,1778,0.5867402182434889,1.4160298518951635,1508,0.9345115678430471,0.9374694954532109
TOI-2076_d,NIRISS_SOSS,obs14,SOSS_HDU4_ordem_2,jw05959014001_04102_00001-seg004_nis_x1dints.fits,seg004,4,139,60694.020636063666,TDB-MID,3871.4387154214883,4.791666421385979,1778,0.5867402182434889,1.4160298518951635,1509,1.0862921653170479,1.0897305107576636
TOI-2076_d,NIRISS_SOSS,obs14,SOSS_HDU4_ordem_2,jw05959014001_04102_00001-seg004_nis_x1dints.fits,seg004,4,140,60694.02071314252,TDB-MID,3940.686328500286,4.792046740720734,1778,0.5867402182434889,1.4160298518951635,1510,1.105722445655662,1.1092222920607009
TOI-2076_d,NIRISS_SOSS,obs14,SOSS_HDU4_ordem_2,jw05959014001_04102_00001-seg004_nis_x1dints.fits,seg004,4,141,60694.02079022137,TDB-MID,3282.813221093046,4.7910016572310825,1778,0.5867402182434889,1.4160298518951635,1511,0.9211289508645503,0.9240445196493992
TOI-2076_d,NIRISS_SOSS,obs14,SOSS_HDU4_ordem_2,jw05959014001_04102_00001-seg004_nis_x1dints.fits,seg004,4,142,60694.020867300234,TDB-MID,3432.5545643428068,4.791201963439944,1778,0.5867402182434889,1.4160298518951635,1512,0.9631450745728539,0.9661936333138098
TOI-2076_d,NIRISS_SOSS,obs14,SOSS_HDU4_ordem_2,jw05959014001_04102_00001-seg004_nis_x1dints.fits,seg004,4,143,60694.02094437909,TDB-MID,3386.096628483925,4.791030338268021,1778,0.5867402182434889,1.4160298518951635,1513,0.9501093802354297,0.9531166782349189
TOI-2076_d,NIRISS_SOSS,obs14,SOSS_HDU4_ordem_2,jw05959014001_04102_00001-seg004_nis_x1dints.fits,seg004,4,144,60694.021021457935,TDB-MID,3127.258591826396,4.790754986204395,1778,0.5867402182434889,1.4160298518951635,1514,0.8774816694603389,0.8802590853285021
TOI-2076_d,NIRISS_SOSS,obs14,SOSS_HDU4_ordem_2,jw05959014001_04102_00001-seg004_nis_x1dints.fits,seg004,4,145,60694.021098536796,TDB-MID,3512.421571426776,4.791190816870778,1778,0.5867402182434889,1.4160298518951635,1515,0.9855550648736281,0.988674555993952
TOI-2076_d,NIRISS_SOSS,obs14,SOSS_HDU4_ordem_2,jw05959014001_04102_00001-seg004_nis_x1dints.fits,seg004,4,146,60694.02117561564,TDB-MID,3391.3010211052547,4.791065198633091,1778,0.5867402182434889,1.4160298518951635,1516,0.9515696877193798,0.954581607902237
TOI-2076_d,NIRISS_SOSS,obs14,SOSS_HDU4_ordem_2,jw05959014001_04102_00001-seg004_nis_x1dints.fits,seg004,4,147,60694.0212526945,TDB-MID,3808.5843766498483,4.791596403022629,1778,0.5867402182434889,1.4160298518951635,1517,1.0686557823641583,1.0720383049066153
TOI-2076_d,NIRISS_SOSS,obs14,SOSS_HDU4_ordem_2,jw05959014001_04102_00001-seg004_nis_x1dints.fits,seg004,4,148,60694.02132977336,TDB-MID,3772.024249950857,4.791560023904496,1778,0.5867402182434889,1.4160298518951635,1518,1.0583973275323895,1.061747379886324
TOI-2076_d,NIRISS_SOSS,obs14,SOSS_HDU4_ordem_2,jw05959014001_04102_00001-seg004_nis_x1dints.fits,seg004,4,149,60694.02140685221,TDB-MID,3116.2538124624266,4.790700806063438,1778,0.5867402182434889,1.4160298518951635,1519,0.8743938237050894,0.8771614658855534
TOI-2076_d,NIRISS_SOSS,obs14,SOSS_HDU4_ordem_2,jw05959014001_04102_00001-seg004_nis_x1dints.fits,seg004,4,150,60694.021483931065,TDB-MID,3448.185049272968,4.791469145313728,1778,0.5867402182434889,1.4160298518951635,1520,0.9675308532375414,0.9705932938995464
TOI-2076_d,NIRISS_SOSS,obs14,SOSS_HDU4_ordem_2,jw05959014001_04102_00001-seg004_nis_x1dints.fits,seg004,4,151,60694.02156100992,TDB-MID,3654.509827526123,4.791370450928901,1778,0.5867402182434889,1.4160298518951635,1521,1.025423798626134,1.0286694827572316
TOI-2076_d,NIRISS_SOSS,obs14,SOSS_HDU4_ordem_2,jw05959014001_04102_00001-seg004_nis_x1dints.fits,seg004,4,152,60694.02163808877,TDB-MID,3896.148183166885,4.79165394462503,1778,0.5867402182434889,1.4160298518951635,1522,1.0932254279085638,1.0966857185979637
TOI-2076_d,NIRISS_SOSS,obs14,SOSS_HDU4_ordem_2,jw05959014001_04102_00001-seg004_nis_x1dints.fits,seg004,4,153,60694.02171516763,TDB-MID,3802.272560480119,4.791545754299798,1778,0.5867402182434889,1.4160298518951635,1523,1.066884741426125,1.0702616582478297
TOI-2076_d,NIRISS_SOSS,obs14,SOSS_HDU4_ordem_2,jw05959014001_04102_00001-seg004_nis_x1dints.fits,seg004,4,154,60694.02179224648,TDB-MID,3525.8798441312915,4.791190164118695,1778,0.5867402182434889,1.4160298518951635,1524,0.9893313396056495,0.9924627834376121
TOI-2076_d,NIRISS_SOSS,obs14,SOSS_HDU4_ordem_2,jw05959014001_04102_00001-seg004_nis_x1dints.fits,seg004,4,155,60694.021869325334,TDB-MID,3465.314537273644,4.791168369657307,1778,0.5867402182434889,1.4160298518951635,1525,0.9723372391779684,0.9754148930723907
TOI-2076_d,NIRISS_SOSS,obs14,SOSS_HDU4_ordem_2,jw05959014001_04102_00001-seg004_nis_x1dints.fits,seg004,4,156,60694.02194640419,TDB-MID,3630.577727246788,4.791355698413887,1778,0.5867402182434889,1.4160298518951635,1526,1.0187086586112692,1.0219330878978687
TOI-2076_d,NIRISS_SOSS,obs14,SOSS_HDU4_ordem_2,jw05959014001_04102_00001-seg004_nis_x1dints.fits,seg004,4,157,60694.02202348305,TDB-MID,3766.2650234228613,4.791481328899188,1778,0.5867402182434889,1.4160298518951635,1527,1.0567813384607487,1.060126275866022
TOI-2076_d,NIRISS_SOSS,obs14,SOSS_HDU4_ordem_2,jw05959014001_04102_00001-seg004_nis_x1dints.fits,seg004,4,158,60694.0221005619,TDB-MID,3698.4439412876145,4.791430618826855,1778,0.5867402182434889,1.4160298518951635,1528,1.0377513303468733,1.0410360337343358
TOI-2076_d,NIRISS_SOSS,obs14,SOSS_HDU4_ordem_2,jw05959014001_04102_00001-seg004_nis_x1dints.fits,seg004,4,159,60694.02217764075,TDB-MID,3622.606413692326,4.791379589755455,1778,0.5867402182434889,1.4160298518951635,1529,1.0164719770832873,1.0196893267977611
TOI-2076_d,NIRISS_SOSS,obs14,SOSS_HDU4_ordem_2,jw05959014001_04102_00001-seg004_nis_x1dints.fits,seg004,4,160,60694.02225471961,TDB-MID,3211.9609426608627,4.790834240884022,1778,0.5867402182434889,1.4160298518951635,1530,0.9012484153289739,0.9041010579960634
TOI-2076_d,NIRISS_SOSS,obs14,SOSS_HDU4_ordem_2,jw05959014001_04102_00001-seg004_nis_x1dints.fits,seg004,4,161,60694.022331798464,TDB-MID,4048.4421274617516,4.792353631057681,1778,0.5867402182434889,1.4160298518951635,1531,1.1359577893569701,1.1395533370470592
TOI-2076_d,NIRISS_SOSS,obs14,SOSS_HDU4_ordem_2,jw05959014001_04102_00001-seg004_nis_x1dints.fits,seg004,4,162,60694.02240887732,TDB-MID,3888.2407892454025,4.792522825970822,1778,0.5867402182434889,1.4160298518951635,1532,1.0910066816758608,1.0944599495621543
TOI-2076_d,NIRISS_SOSS,obs14,SOSS_HDU4_ordem_2,jw05959014001_04102_00001-seg004_nis_x1dints.fits,seg004,4,163,60694.022485956164,TDB-MID,3459.515749270628,4.791105077446011,1778,0.5867402182434889,1.4160298518951635,1533,0.9707101494991576,0.9737826533091393
TOI-2076_d,NIRISS_SOSS,obs14,SOSS_HDU4_ordem_2,jw05959014001_04102_00001-seg004_nis_x1dints.fits,seg004,4,164,60694.022563035025,TDB-MID,3727.1862511005506,4.791462927005481,1778,0.5867402182434889,1.4160298518951635,1534,1.0458161734860751,1.0491264038151125
TOI-2076_d,NIRISS_SOSS,obs14,SOSS_HDU4_ordem_2,jw05959014001_04102_00001-seg004_nis_x1dints.fits,seg004,4,165,60694.022640113886,TDB-MID,3333.6272392137976,4.791025136553878,1778,0.5867402182434889,1.4160298518951635,1535,0.9353869241479633,0.938347622446765
TOI-2076_d,NIRISS_SOSS,obs14,SOSS_HDU4_ordem_2,jw05959014001_04102_00001-seg004_nis_x1dints.fits,seg004,4,166,60694.02271719273,TDB-MID,3742.7211949038547,4.791558148857341,1778,0.5867402182434889,1.4160298518951635,1536,1.050175144138238,1.0534991715352706
TOI-2076_d,NIRISS_SOSS,obs14,SOSS_HDU4_ordem_2,jw05959014001_04102_00001-seg004_nis_x1dints.fits,seg004,4,167,60694.02279427159,TDB-MID,3880.9346739402054,4.791774193432022,1778,0.5867402182434889,1.4160298518951635,1537,1.0889566490140177,1.0924034281114925
TOI-2076_d,NIRISS_SOSS,obs14,SOSS_HDU4_ordem_2,jw05959014001_04102_00001-seg004_nis_x1dints.fits,seg004,4,168,60694.02287135044,TDB-MID,3636.5830175457686,4.791429675354959,1778,0.5867402182434889,1.4160298518951635,1538,1.0203936910454006,1.0236234538175688
TOI-2076_d,NIRISS_SOSS,obs14,SOSS_HDU4_ordem_2,jw05959014001_04102_00001-seg004_nis_x1dints.fits,seg004,4,169,60694.022948429294,TDB-MID,3382.7357003685147,4.791100303971675,1778,0.5867402182434889,1.4160298518951635,1539,0.9491663329219281,0.9521706459763591
TOI-2076_d,NIRISS_SOSS,obs14,SOSS_HDU4_ordem_2,jw05959014001_04102_00001-seg004_nis_x1dints.fits,seg004,4,170,60694.023025508155,TDB-MID,3372.102283744313,4.791028554259368,1778,0.5867402182434889,1.4160298518951635,1540,0.9461826883343462,0.9491775575199068
TOI-2076_d,NIRISS_SOSS,obs14,SOSS_HDU4_ordem_2,jw05959014001_04102_00001-seg004_nis_x1dints.fits,seg004,4,171,60694.023102587,TDB-MID,3268.145127972983,4.790982970763057,1778,0.5867402182434889,1.4160298518951635,1541,0.9170132110045869,0.9199157525985621
TOI-2076_d,NIRISS_SOSS,obs14,SOSS_HDU4_ordem_2,jw05959014001_04102_00001-seg004_nis_x1dints.fits,seg004,4,172,60694.02317966586,TDB-MID,3571.6647267162243,4.7912297963138775,1778,0.5867402182434889,1.4160298518951635,1542,1.0021781810250567,1.0053502878388865
TOI-2076_d,NIRISS_SOSS,obs14,SOSS_HDU4_ordem_2,jw05959014001_04102_00001-seg004_nis_x1dints.fits,seg004,4,173,60694.02325674471,TDB-MID,4065.48667000885,4.794504630807896,1778,0.5867402182434889,1.4160298518951635,1543,1.1407403403390048,1.144351025818805
TOI-2076_d,NIRISS_SOSS,obs14,SOSS_HDU4_ordem_2,jw05959014001_04102_00001-seg004_nis_x1dints.fits,seg004,4,174,60694.02333382356,TDB-MID,3620.0749996116774,4.79183326508841,1778,0.5867402182434889,1.4160298518951635,1544,1.015761684221869,1.0189767857085645
TOI-2076_d,NIRISS_SOSS,obs14,SOSS_HDU4_ordem_2,jw05959014001_04102_00001-seg004_nis_x1dints.fits,seg004,4,175,60694.023410902424,TDB-MID,3689.9253402673485,4.791625564521122,1778,0.5867402182434889,1.4160298518951635,1545,1.0353610846971317,1.0386382224494053
TOI-2076_d,NIRISS_SOSS,obs14,SOSS_HDU4_ordem_2,jw05959014001_04102_00001-seg004_nis_x1dints.fits,seg004,4,176,60694.02348798128,TDB-MID,3579.881953862198,4.791333649488,1778,0.5867402182434889,1.4160298518951635,1546,1.0044838637764701,1.0076632685659541
TOI-2076_d,NIRISS_SOSS,obs14,SOSS_HDU4_ordem_2,jw05959014001_04102_00001-seg004_nis_x1dints.fits,seg004,4,177,60694.02356506013,TDB-MID,3857.2948662995545,4.791574607379358,1778,0.5867402182434889,1.4160298518951635,1547,1.0823235237814397,1.085749307628623
TOI-2076_d,NIRISS_SOSS,obs14,SOSS_HDU4_ordem_2,jw05959014001_04102_00001-seg004_nis_x1dints.fits,seg004,4,178,60694.02364213898,TDB-MID,3545.01550332879,4.791262085305514,1778,0.5867402182434889,1.4160298518951635,1548,0.9947006398044663,0.9978490786120416
TOI-2076_d,NIRISS_SOSS,obs14,SOSS_HDU4_ordem_2,jw05959014001_04102_00001-seg004_nis_x1dints.fits,seg004,4,179,60694.02371921784,TDB-MID,3812.254875099537,4.791509345071381,1778,0.5867402182434889,1.4160298518951635,1549,1.069685692431654,1.0730714748582362
TOI-2076_d,NIRISS_SOSS,obs14,SOSS_HDU4_ordem_2,jw05959014001_04102_00001-seg004_nis_x1dints.fits,seg004,4,180,60694.02379629669,TDB-MID,3566.8704493663913,4.791241317080894,1778,0.5867402182434889,1.4160298518951635,1550,1.0008329483334646,1.0040007972000868
TOI-2076_d,NIRISS_SOSS,obs14,SOSS_HDU4_ordem_2,jw05959014001_04102_00001-seg004_nis_x1dints.fits,seg004,4,181,60694.02387337555,TDB-MID,3641.5108447339503,4.791358273315051,1778,0.5867402182434889,1.4160298518951635,1551,1.0217763966646927,1.025010535993844
TOI-2076_d,NIRISS_SOSS,obs14,SOSS_HDU4_ordem_2,jw05959014001_04102_00001-seg004_nis_x1dints.fits,seg004,4,182,60694.0239504544,TDB-MID,3443.37296239585,4.7911148831344095,1778,0.5867402182434889,1.4160298518951635,1552,0.9661806233468768,0.9692387902444779
TOI-2076_d,NIRISS_SOSS,obs14,SOSS_HDU4_ordem_2,jw05959014001_04102_00001-seg004_nis_x1dints.fits,seg004,4,183,60694.024027533254,TDB-MID,3670.074356553933,4.791398860082694,1778,0.5867402182434889,1.4160298518951635,1553,1.0297910706359967,1.03305057811065
TOI-2076_d,NIRISS_SOSS,obs14,SOSS_HDU4_ordem_2,jw05959014001_04102_00001-seg004_nis_x1dints.fits,seg004,4,184,60694.024104612115,TDB-MID,3715.6711228024947,4.79143505860099,1778,0.5867402182434889,1.4160298518951635,1554,1.042585128241068,1.0458851316256044
TOI-2076_d,NIRISS_SOSS,obs14,SOSS_HDU4_ordem_2,jw05959014001_04102_00001-seg004_nis_x1dints.fits,seg004,4,185,60694.02418169096,TDB-MID,3796.398483758888,4.791545188943695,1778,0.5867402182434889,1.4160298518951635,1555,1.0652365263852084,1.068608226256214
TOI-2076_d,NIRISS_SOSS,obs14,SOSS_HDU4_ordem_2,jw05959014001_04102_00001-seg004_nis_x1dints.fits,seg004,4,186,60694.024258769816,TDB-MID,3433.635327454506,4.791026997129742,1778,0.5867402182434889,1.4160298518951635,1556,0.963448327339358,0.9664978459397332
TOI-2076_d,NIRISS_SOSS,obs14,SOSS_HDU4_ordem_2,jw05959014001_04102_00001-seg004_nis_x1dints.fits,seg004,4,187,60694.02433584868,TDB-MID,4091.5360963940407,4.792142518413544,1778,0.5867402182434889,1.4160298518951635,1557,1.1480495837168003,1.1516834045044346
TOI-2076_d,NIRISS_SOSS,obs14,SOSS_HDU4_ordem_2,jw05959014001_04102_00001-seg004_nis_x1dints.fits,seg004,4,188,60694.02441292752,TDB-MID,3815.3839775737997,4.791466180516231,1778,0.5867402182434889,1.4160298518951635,1558,1.0705636914785523,1.0739522529586123
TOI-2076_d,NIRISS_SOSS,obs14,SOSS_HDU4_ordem_2,jw05959014001_04102_00001-seg004_nis_x1dints.fits,seg004,4,189,60694.024490006384,TDB-MID,3960.1693388040353,4.791718678607599,1778,0.5867402182434889,1.4160298518951635,1559,1.1111892095657943,1.1147063594397941
TOI-2076_d,NIRISS_SOSS,obs14,SOSS_HDU4_ordem_2,jw05959014001_04102_00001-seg004_nis_x1dints.fits,seg004,4,190,60694.02456708523,TDB-MID,4010.9762558384386,4.791802555157231,1778,0.5867402182434889,1.4160298518951635,1560,1.1254451903458946,1.1290074634271512
TOI-2076_d,NIRISS_SOSS,obs14,SOSS_HDU4_ordem_2,jw05959014001_04102_00001-seg004_nis_x1dints.fits,seg004,4,191,60694.02464416409,TDB-MID,3444.8670008307704,4.791250244340648,1778,0.5867402182434889,1.4160298518951635,1561,0.9665998375888772,0.9696593313885988
TOI-2076_d,NIRISS_SOSS,obs14,SOSS_HDU4_ordem_2,jw05959014001_04102_00001-seg004_nis_x1dints.fits,seg004,4,192,60694.02472124294,TDB-MID,3204.777583563541,4.790829440541251,1778,0.5867402182434889,1.4160298518951635,1562,0.8992328269956249,0.9020790898975118
TOI-2076_d,NIRISS_SOSS,obs14,SOSS_HDU4_ordem_2,jw05959014001_04102_00001-seg004_nis_x1dints.fits,seg004,4,193,60694.02479832179,TDB-MID,3449.702319589467,4.791102405202846,1778,0.5867402182434889,1.4160298518951635,1563,0.9679565861442553,0.9710203743413391
TOI-2076_d,NIRISS_SOSS,obs14,SOSS_HDU4_ordem_2,jw05959014001_04102_00001-seg004_nis_x1dints.fits,seg004,4,194,60694.02487540065,TDB-MID,3436.1803695166705,4.7911372595754536,1778,0.5867402182434889,1.4160298518951635,1564,0.9641624440943305,0.9672142230259194
TOI-2076_d,NIRISS_SOSS,obs14,SOSS_HDU4_ordem_2,jw05959014001_04102_00001-seg004_nis_x1dints.fits,seg004,4,195,60694.02495247951,TDB-MID,3638.6262300379994,4.791297585511378,1778,0.5867402182434889,1.4160298518951635,1565,1.0209669987703935,1.0241985761832868
TOI-2076_d,NIRISS_SOSS,obs14,SOSS_HDU4_ordem_2,jw05959014001_04102_00001-seg004_nis_x1dints.fits,seg004,4,196,60694.02502955836,TDB-MID,3644.6615344971983,4.7917044797144985,1778,0.5867402182434889,1.4160298518951635,1566,1.02266045291787,1.0258973904728435
TOI-2076_d,NIRISS_SOSS,obs14,SOSS_HDU4_ordem_2,jw05959014001_04102_00001-seg004_nis_x1dints.fits,seg004,4,197,60694.02510663721,TDB-MID,3581.8014368656045,4.791388105908179,1778,0.5867402182434889,1.4160298518951635,1567,1.0050224540787662,1.008203563620958
TOI-2076_d,NIRISS_SOSS,obs14,SOSS_HDU4_ordem_2,jw05959014001_04102_00001-seg004_nis_x1dints.fits,seg004,4,198,60694.02518371607,TDB-MID,3159.670818288334,4.790834415622989,1778,0.5867402182434889,1.4160298518951635,1568,0.886576259418804,0.8893824615959514
TOI-2076_d,NIRISS_SOSS,obs14,SOSS_HDU4_ordem_2,jw05959014001_04102_00001-seg004_nis_x1dints.fits,seg004,4,199,60694.02526079493,TDB-MID,3455.52330644049,4.791088329955523,1778,0.5867402182434889,1.4160298518951635,1569,0.9695899046275085,0.9726588626245222
TOI-2076_d,NIRISS_SOSS,obs14,SOSS_HDU4_ordem_2,jw05959014001_04102_00001-seg004_nis_x1dints.fits,seg004,4,200,60694.025337873776,TDB-MID,3568.892108426139,4.791289450280961,1778,0.5867402182434889,1.4160298518951635,1570,1.00140020835202,1.0045698527170919
TOI-2076_d,NIRISS_SOSS,obs14,SOSS_HDU4_ordem_2,jw05959014001_04102_00001-seg004_nis_x1dints.fits,seg004,4,201,60694.02541495263,TDB-MID,3726.501251889871,4.791498145310946,1778,0.5867402182434889,1.4160298518951635,1571,1.045623968641699,1.048933590601578
TOI-2076_d,NIRISS_SOSS,obs14,SOSS_HDU4_ordem_2,jw05959014001_04102_00001-seg004_nis_x1dints.fits,seg004,4,202,60694.025492031484,TDB-MID,3540.524389563567,4.79120799462573,1778,0.5867402182434889,1.4160298518951635,1572,0.993440472188413,0.9965849222978136
TOI-2076_d,NIRISS_SOSS,obs14,SOSS_HDU4_ordem_2,jw05959014001_04102_00001-seg004_nis_x1dints.fits,seg004,4,203,60694.025569110345,TDB-MID,3531.695973301814,4.7912519149496635,1778,0.5867402182434889,1.4160298518951635,1573,0.9909632950658361,0.9940999043834711
TOI-2076_d,NIRISS_SOSS,obs14,SOSS_HDU4_ordem_2,jw05959014001_04102_00001-seg004_nis_x1dints.fits,seg004,4,204,60694.02564618919,TDB-MID,3599.973432198052,4.791347630222864,1778,0.5867402182434889,1.4160298518951635,1574,1.010121358545259,1.0133186072031364
TOI-2076_d,NIRISS_SOSS,obs14,SOSS_HDU4_ordem_2,jw05959014001_04102_00001-seg004_nis_x1dints.fits,seg004,4,205,60694.025723268045,TDB-MID,4047.496194896557,4.792217075597527,1778,0.5867402182434889,1.4160298518951635,1575,1.1356923688737797,1.1392870764516618
TOI-2076_d,NIRISS_SOSS,obs14,SOSS_HDU4_ordem_2,jw05959014001_04102_00001-seg004_nis_x1dints.fits,seg004,4,206,60694.025800346906,TDB-MID,3592.196643346099,4.791440775477457,1778,0.5867402182434889,1.4160298518951635,1576,1.0079392589636358,1.0111296008128414
TOI-2076_d,NIRISS_SOSS,obs14,SOSS_HDU4_ordem_2,jw05959014001_04102_00001-seg004_nis_x1dints.fits,seg004,4,207,60694.02587742576,TDB-MID,3908.35289855729,4.791704612547162,1778,0.5867402182434889,1.4160298518951635,1577,1.0966499653177988,1.1001210953954987
TOI-2076_d,NIRISS_SOSS,obs14,SOSS_HDU4_ordem_2,jw05959014001_04102_00001-seg004_nis_x1dints.fits,seg004,4,208,60694.025954504614,TDB-MID,3461.2517532129546,4.79178913190514,1778,0.5867402182434889,1.4160298518951635,1578,0.9711972571663917,0.9742713027756059
TOI-2076_d,NIRISS_SOSS,obs14,SOSS_HDU4_ordem_2,jw05959014001_04102_00001-seg004_nis_x1dints.fits,seg004,4,209,60694.02603158346,TDB-MID,3100.2022490823783,4.790758203517344,1778,0.5867402182434889,1.4160298518951635,1579,0.8698898940751617,0.8726432803616752
TOI-2076_d,NIRISS_SOSS,obs14,SOSS_HDU4_ordem_2,jw05959014001_04102_00001-seg004_nis_x1dints.fits,seg004,4,210,60694.02610866232,TDB-MID,3373.2018218448397,4.791117457954706,1778,0.5867402182434889,1.4160298518951635,1580,0.9464912092000678,0.9494870549197008
TOI-2076_d,NIRISS_SOSS,obs14,SOSS_HDU4_ordem_2,jw05959014001_04102_00001-seg004_nis_x1dints.fits,seg004,4,211,60694.026185741175,TDB-MID,3588.8793951936113,4.791211702251293,1778,0.5867402182434889,1.4160298518951635,1581,1.0070084678693314,1.0101958635670159
TOI-2076_d,NIRISS_SOSS,obs14,SOSS_HDU4_ordem_2,jw05959014001_04102_00001-seg004_nis_x1dints.fits,seg004,4,212,60694.02626282003,TDB-MID,3447.5874976568302,4.791134932234585,1778,0.5867402182434889,1.4160298518951635,1582,0.967363185430636,0.9704250953884181
TOI-2076_d,NIRISS_SOSS,obs14,SOSS_HDU4_ordem_2,jw05959014001_04102_00001-seg004_nis_x1dints.fits,seg004,4,213,60694.02633989888,TDB-MID,3737.2035487364,4.79142112448194,1778,0.5867402182434889,1.4160298518951635,1583,1.0486269404229573,1.0519460674263799
TOI-2076_d,NIRISS_SOSS,obs14,SOSS_HDU4_ordem_2,jw05959014001_04102_00001-seg004_nis_x1dints.fits,seg004,4,214,60694.02641697774,TDB-MID,3226.181937164027,4.790890499501993,1778,0.5867402182434889,1.4160298518951635,1584,0.9052387031902458,0.9081039759659862
TOI-2076_d,NIRISS_SOSS,obs14,SOSS_HDU4_ordem_2,jw05959014001_04102_00001-seg004_nis_x1dints.fits,seg004,4,215,60694.02649405659,TDB-MID,3854.235156701404,4.791616272685174,1778,0.5867402182434889,1.4160298518951635,1585,1.0814649957744287,1.0848880621981114
TOI-2076_d,NIRISS_SOSS,obs14,SOSS_HDU4_ordem_2,jw05959014001_04102_00001-seg004_nis_x1dints.fits,seg004,4,216,60694.02657113544,TDB-MID,3345.9977943861054,4.791040663127871,1778,0.5867402182434889,1.4160298518951635,1586,0.9388579947633321,0.9418296797379153
TOI-2076_d,NIRISS_SOSS,obs14,SOSS_HDU4_ordem_2,jw05959014001_04102_00001-seg004_nis_x1dints.fits,seg004,4,217,60694.0266482143,TDB-MID,3533.504719618274,4.791257856463748,1778,0.5867402182434889,1.4160298518951635,1587,0.9914708136130859,0.9946090293347238
TOI-2076_d,NIRISS_SOSS,obs14,SOSS_HDU4_ordem_2,jw05959014001_04102_00001-seg004_nis_x1dints.fits,seg004,4,218,60694.02672529316,TDB-MID,3331.2757920968024,4.790953032243229,1778,0.5867402182434889,1.4160298518951635,1588,0.9347271284574945,0.9376857383627898
TOI-2076_d,NIRISS_SOSS,obs14,SOSS_HDU4_ordem_2,jw05959014001_04102_00001-seg004_nis_x1dints.fits,seg004,4,219,60694.026802372005,TDB-MID,3605.0015259287666,4.791277194998409,1778,0.5867402182434889,1.4160298518951635,1589,1.0115321980877778,1.0147339123524812
TOI-2076_d,NIRISS_SOSS,obs14,SOSS_HDU4_ordem_2,jw05959014001_04102_00001-seg004_nis_x1dints.fits,seg004,4,220,60694.02687945086,TDB-MID,3802.858499027703,4.791487045983146,1778,0.5867402182434889,1.4160298518951635,1590,1.067049150706598,1.0704265879185972
TOI-2076_d,NIRISS_SOSS,obs14,SOSS_HDU4_ordem_2,jw05959014001_04102_00001-seg004_nis_x1dints.fits,seg004,4,221,60694.02695652971,TDB-MID,3373.491673731382,4.791063242075303,1778,0.5867402182434889,1.4160298518951635,1591,0.9465725391284479,0.9495686422745794
TOI-2076_d,NIRISS_SOSS,obs14,SOSS_HDU4_ordem_2,jw05959014001_04102_00001-seg004_nis_x1dints.fits,seg004,4,222,60694.027033608574,TDB-MID,3651.1755873413863,4.791369428258358,1778,0.5867402182434889,1.4160298518951635,1592,1.0244882397147823,1.027730962603205
TOI-2076_d,NIRISS_SOSS,obs14,SOSS_HDU4_ordem_2,jw05959014001_04102_00001-seg004_nis_x1dints.fits,seg004,4,223,60694.02711068742,TDB-MID,3385.2501633114316,4.791078814469087,1778,0.5867402182434889,1.4160298518951635,1593,0.9498718694409463,0.9528784156683218
TOI-2076_d,NIRISS_SOSS,obs14,SOSS_HDU4_ordem_2,jw05959014001_04102_00001-seg004_nis_x1dints.fits,seg004,4,224,60694.027187766274,TDB-MID,3326.0146484307456,4.791022121700508,1778,0.5867402182434889,1.4160298518951635,1594,0.9332508971220277,0.9362048344415825
TOI-2076_d,NIRISS_SOSS,obs14,SOSS_HDU4_ordem_2,jw05959014001_04102_00001-seg004_nis_x1dints.fits,seg004,4,225,60694.027264845136,TDB-MID,3678.7456907193896,4.791403377793986,1778,0.5867402182434889,1.4160298518951635,1595,1.0322241718831533,1.0354913806400645
TOI-2076_d,NIRISS_SOSS,obs14,SOSS_HDU4_ordem_2,jw05959014001_04102_00001-seg004_nis_x1dints.fits,seg004,4,226,60694.02734192399,TDB-MID,3699.617987117581,4.791400990024904,1778,0.5867402182434889,1.4160298518951635,1596,1.0380807574360158,1.0413665035301887
TOI-2076_d,NIRISS_SOSS,obs14,SOSS_HDU4_ordem_2,jw05959014001_04102_00001-seg004_nis_x1dints.fits,seg004,4,227,60694.02741900284,TDB-MID,3793.11271785957,4.7917003357197725,1778,0.5867402182434889,1.4160298518951635,1597,1.064314568938413,1.0676833506182681
TOI-2076_d,NIRISS_SOSS,obs14,SOSS_HDU4_ordem_2,jw05959014001_04102_00001-seg004_nis_x1dints.fits,seg004,4,228,60694.02749608169,TDB-MID,3901.530885389545,4.791801499711125,1778,0.5867402182434889,1.4160298518951635,1598,1.0947357675219531,1.098200838757038
TOI-2076_d,NIRISS_SOSS,obs14,SOSS_HDU4_ordem_2,jw05959014001_04102_00001-seg004_nis_x1dints.fits,seg004,4,229,60694.02757316055,TDB-MID,3696.258681259779,4.791448505857166,1778,0.5867402182434889,1.4160298518951635,1599,1.0371381653139458,1.0404209279038379
TOI-2076_d,NIRISS_SOSS,obs14,SOSS_HDU4_ordem_2,jw05959014001_04102_00001-seg004_nis_x1dints.fits,seg004,4,230,60694.0276502394,TDB-MID,3626.200696234024,4.7913470575755035,1778,0.5867402182434889,1.4160298518951635,1600,1.0174805016272581,1.0207010435361326
TOI-2076_d,NIRISS_SOSS,obs14,SOSS_HDU4_ordem_2,jw05959014001_04102_00001-seg004_nis_x1dints.fits,seg004,4,231,60694.02772731826,TDB-MID,3621.8506855690352,4.791358651248304,1778,0.5867402182434889,1.4160298518951635,1601,1.0162599263187562,1.019476604847519
TOI-2076_d,NIRISS_SOSS,obs14,SOSS_HDU4_ordem_2,jw05959014001_04102_00001-seg004_nis_x1dints.fits,seg004,4,232,60694.02780439711,TDB-MID,3434.380621974544,4.791145907470931,1778,0.5867402182434889,1.4160298518951635,1602,0.9636574505252026,0.9667076310448804
TOI-2076_d,NIRISS_SOSS,obs14,SOSS_HDU4_ordem_2,jw05959014001_04102_00001-seg004_nis_x1dints.fits,seg004,4,233,60694.027881475966,TDB-MID,3635.0670562914565,4.791318840813712,1778,0.5867402182434889,1.4160298518951635,1603,1.019968325450196,1.0231967418499042
TOI-2076_d,NIRISS_SOSS,obs14,SOSS_HDU4_ordem_2,jw05959014001_04102_00001-seg004_nis_x1dints.fits,seg004,4,234,60694.02795855482,TDB-MID,3178.5679524567477,4.790793514341047,1778,0.5867402182434889,1.4160298518951635,1604,0.8918786315607993,0.8947016168720435
TOI-2076_d,NIRISS_SOSS,obs14,SOSS_HDU4_ordem_2,jw05959014001_04102_00001-seg004_nis_x1dints.fits,seg004,4,235,60694.028035633666,TDB-MID,3067.18227168344,4.7906455179349985,1778,0.5867402182434889,1.4160298518951635,1605,0.8606247744687139,0.8633488346836854
TOI-2076_d,NIRISS_SOSS,obs14,SOSS_HDU4_ordem_2,jw05959014001_04102_00001-seg004_nis_x1dints.fits,seg004,4,236,60694.02811271253,TDB-MID,3577.8069451641386,4.791190073291343,1778,0.5867402182434889,1.4160298518951635,1606,1.0039016343115719,1.007079196221129
TOI-2076_d,NIRISS_SOSS,obs14,SOSS_HDU4_ordem_2,jw05959014001_04102_00001-seg004_nis_x1dints.fits,seg004,4,237,60694.02818979139,TDB-MID,3226.946473010973,4.790908934178171,1778,0.5867402182434889,1.4160298518951635,1607,0.9054532253257332,0.9083191771095989
TOI-2076_d,NIRISS_SOSS,obs14,SOSS_HDU4_ordem_2,jw05959014001_04102_00001-seg004_nis_x1dints.fits,seg004,4,238,60694.028266870235,TDB-MID,3343.5643967021556,4.791024317981859,1778,0.5867402182434889,1.4160298518951635,1608,0.9381752044537126,0.9411447282519356
TOI-2076_d,NIRISS_SOSS,obs14,SOSS_HDU4_ordem_2,jw05959014001_04102_00001-seg004_nis_x1dints.fits,seg004,4,239,60694.02834394909,TDB-MID,3513.970027967086,4.791212296946967,1778,0.5867402182434889,1.4160298518951635,1609,0.9859895483645774,0.9891104147174381
TOI-2076_d,NIRISS_SOSS,obs14,SOSS_HDU4_ordem_2,jw05959014001_04102_00001-seg004_nis_x1dints.fits,seg004,4,240,60694.02842102794,TDB-MID,3379.217397802056,4.790980057069788,1778,0.5867402182434889,1.4160298518951635,1610,0.9481791277007955,0.9511803160410112
TOI-2076_d,NIRISS_SOSS,obs14,SOSS_HDU4_ordem_2,jw05959014001_04102_00001-seg004_nis_x1dints.fits,seg004,4,241,60694.0284981068,TDB-MID,3467.4275437486,4.791226235169786,1778,0.5867402182434889,1.4160298518951635,1611,0.9729301304898896,0.9760096610112492
TOI-2076_d,NIRISS_SOSS,obs14,SOSS_HDU4_ordem_2,jw05959014001_04102_00001-seg004_nis_x1dints.fits,seg004,4,242,60694.02857518565,TDB-MID,3414.67201498273,4.791020820351482,1778,0.5867402182434889,1.4160298518951635,1612,0.9581273861387413,0.9611600628300048
TOI-2076_d,NIRISS_SOSS,obs14,SOSS_HDU4_ordem_2,jw05959014001_04102_00001-seg004_nis_x1dints.fits,seg004,4,243,60694.028652264504,TDB-MID,3689.0413537276736,4.7914870485593255,1778,0.5867402182434889,1.4160298518951635,1613,1.0351130457320645,1.0383893983883279
TOI-2076_d,NIRISS_SOSS,obs14,SOSS_HDU4_ordem_2,jw05959014001_04102_00001-seg004_nis_x1dints.fits,seg004,4,244,60694.028729343365,TDB-MID,3364.7336153359875,4.791164902800993,1778,0.5867402182434889,1.4160298518951635,1614,0.9441151038136619,0.9471034286550427
TOI-2076_d,NIRISS_SOSS,obs14,SOSS_HDU4_ordem_2,jw05959014001_04102_00001-seg004_nis_x1dints.fits,seg004,4,245,60694.02880642222,TDB-MID,3520.81929236515,4.791352353669688,1778,0.5867402182434889,1.4160298518951635,1615,0.9879113926195734,0.9910383420177167
TOI-2076_d,NIRISS_SOSS,obs14,SOSS_HDU4_ordem_2,jw05959014001_04102_00001-seg004_nis_x1dints.fits,seg004,4,246,60694.02888350107,TDB-MID,3275.3351431677647,4.790932323744262,1778,0.5867402182434889,1.4160298518951635,1616,0.9190306669812216,0.921939594251887
TOI-2076_d,NIRISS_SOSS,obs14,SOSS_HDU4_ordem_2,jw05959014001_04102_00001-seg004_nis_x1dints.fits,seg004,4,247,60694.02896057992,TDB-MID,3609.078176488546,4.792035515047333,1778,0.5867402182434889,1.4160298518951635,1617,1.0126760709188738,1.0158814057840557
TOI-2076_d,NIRISS_SOSS,obs14,SOSS_HDU4_ordem_2,jw05959014001_04102_00001-seg004_nis_x1dints.fits,seg004,4,248,60694.02903765878,TDB-MID,3518.9101103568673,4.791195492016559,1778,0.5867402182434889,1.4160298518951635,1618,0.9873756926872717,0.9905009464813421
TOI-2076_d,NIRISS_SOSS,obs14,SOSS_HDU4_ordem_2,jw05959014001_04102_00001-seg004_nis_x1dints.fits,seg004,4,249,60694.02911473763,TDB-MID,3590.8636147608213,4.791312582905986,1778,0.5867402182434889,1.4160298518951635,1619,1.0075652226906184,1.0107543806355717
TOI-2076_d,NIRISS_SOSS,obs14,SOSS_HDU4_ordem_2,jw05959014001_04102_00001-seg004_nis_x1dints.fits,seg004,4,250,60694.02919181649,TDB-MID,3209.086811962955,4.790971864607857,1778,0.5867402182434889,1.4160298518951635,1620,0.900441959153703,0.9032920492156999
TOI-2076_d,NIRISS_SOSS,obs14,SOSS_HDU4_ordem_2,jw05959014001_04102_00001-seg004_nis_x1dints.fits,seg004,4,251,60694.02926889534,TDB-MID,3283.8907606135954,4.790164258791368,1778,0.5867402182434889,1.4160298518951635,1621,0.9214312991193035,0.9243478249006
TOI-2076_d,NIRISS_SOSS,obs14,SOSS_HDU4_ordem_2,jw05959014001_04102_00001-seg004_nis_x1dints.fits,seg004,4,252,60694.029345974195,TDB-MID,3388.758918322634,4.7912632668556725,1778,0.5867402182434889,1.4160298518951635,1622,0.9508563957007844,0.9538660581628937
TOI-2076_d,NIRISS_SOSS,obs14,SOSS_HDU4_ordem_2,jw05959014001_04102_00001-seg004_nis_x1dints.fits,seg004,4,253,60694.02942305305,TDB-MID,3729.9108628132985,4.791543496052738,1778,0.5867402182434889,1.4160298518951635,1623,1.0465806759293914,1.0498933260710483
TOI-2076_d,NIRISS_SOSS,obs14,SOSS_HDU4_ordem_2,jw05959014001_04102_00001-seg004_nis_x1dints.fits,seg004,4,254,60694.0295001319,TDB-MID,3660.3273010338744,4.791436304793996,1778,0.5867402182434889,1.4160298518951635,1624,1.0270561312957012,1.0303069821064188
TOI-2076_d,NIRISS_SOSS,obs14,SOSS_HDU4_ordem_2,jw05959014001_04102_00001-seg004_nis_x1dints.fits,seg004,4,255,60694.02957721076,TDB-MID,3693.3276087831077,4.79150225848989,1778,0.5867402182434889,1.4160298518951635,1625,1.0363157317688398,1.0395958911818701
TOI-2076_d,NIRISS_SOSS,obs14,SOSS_HDU4_ordem_2,jw05959014001_04102_00001-seg004_nis_x1dints.fits,seg004,4,256,60694.02965428961,TDB-MID,3372.803494738709,4.791004209850794,1778,0.5867402182434889,1.4160298518951635,1626,0.9463794420647907,0.9493749340177003
TOI-2076_d,NIRISS_SOSS,obs14,SOSS_HDU4_ordem_2,jw05959014001_04102_00001-seg004_nis_x1dints.fits,seg004,4,257,60694.029731368464,TDB-MID,3841.495486073868,4.791564413402427,1778,0.5867402182434889,1.4160298518951635,1627,1.077890354559966,1.081302106484922
TOI-2076_d,NIRISS_SOSS,obs14,SOSS_HDU4_ordem_2,jw05959014001_04102_00001-seg004_nis_x1dints.fits,seg004,4,258,60694.02980844732,TDB-MID,3669.476822167249,4.7916597811115675,1778,0.5867402182434889,1.4160298518951635,1628,1.0296234076635271,1.0328823844492594
TOI-2076_d,NIRISS_SOSS,obs14,SOSS_HDU4_ordem_2,jw05959014001_04102_00001-seg004_nis_x1dints.fits,seg004,4,259,60694.02988552617,TDB-MID,3705.291755376376,4.791634250619112,1778,0.5867402182434889,1.4160298518951635,1629,1.039672767657643,1.0429635528023233
TOI-2076_d,NIRISS_SOSS,obs14,SOSS_HDU4_ordem_2,jw05959014001_04102_00001-seg004_nis_x1dints.fits,seg004,4,260,60694.02996260503,TDB-MID,3716.2420421217516,4.791615709071847,1778,0.5867402182434889,1.4160298518951635,1630,1.0427453232561839,1.0460458336919698
TOI-2076_d,NIRISS_SOSS,obs14,SOSS_HDU4_ordem_2,jw05959014001_04102_00001-seg004_nis_x1dints.fits,seg004,4,261,60694.03003968388,TDB-MID,3824.015999056579,4.791595171186543,1778,0.5867402182434889,1.4160298518951635,1631,1.072985761927515,1.0763819897750133
TOI-2076_d,NIRISS_SOSS,obs14,SOSS_HDU4_ordem_2,jw05959014001_04102_00001-seg004_nis_x1dints.fits,seg004,4,262,60694.03011676273,TDB-MID,3806.985961283232,4.791681677334926,1778,0.5867402182434889,1.4160298518951635,1632,1.0682072808593401,1.0715883837992692
TOI-2076_d,NIRISS_SOSS,obs14,SOSS_HDU4_ordem_2,jw05959014001_04102_00001-seg004_nis_x1dints.fits,seg004,4,263,60694.03019384159,TDB-MID,3519.9364221338183,4.791229157073425,1778,0.5867402182434889,1.4160298518951635,1633,0.9876636668809566,0.9907898321745182
TOI-2076_d,NIRISS_SOSS,obs14,SOSS_HDU4_ordem_2,jw05959014001_04102_00001-seg004_nis_x1dints.fits,seg004,4,264,60694.03027092045,TDB-MID,3758.9508115343933,4.791503387836735,1778,0.5867402182434889,1.4160298518951635,1634,1.0547290339677802,1.058067475393407
TOI-2076_d,NIRISS_SOSS,obs14,SOSS_HDU4_ordem_2,jw05959014001_04102_00001-seg004_nis_x1dints.fits,seg004,4,265,60694.0303479993,TDB-MID,3176.9348383636675,4.791138846852966,1778,0.5867402182434889,1.4160298518951635,1635,0.89142039389393,0.8942419287856251
TOI-2076_d,NIRISS_SOSS,obs14,SOSS_HDU4_ordem_2,jw05959014001_04102_00001-seg004_nis_x1dints.fits,seg004,4,266,60694.03042507815,TDB-MID,3148.6779217919416,4.790711686085434,1778,0.5867402182434889,1.4160298518951635,1636,0.8834917478932555,0.8862881869362489
TOI-2076_d,NIRISS_SOSS,obs14,SOSS_HDU4_ordem_2,jw05959014001_04102_00001-seg004_nis_x1dints.fits,seg004,4,267,60694.03050215701,TDB-MID,3452.992201440697,4.791105233681177,1778,0.5867402182434889,1.4160298518951635,1637,0.9688796984915008,0.9719464085352404
TOI-2076_d,NIRISS_SOSS,obs14,SOSS_HDU4_ordem_2,jw05959014001_04102_00001-seg004_nis_x1dints.fits,seg004,4,268,60694.03057923586,TDB-MID,3464.8531766093743,4.791159087754469,1778,0.5867402182434889,1.4160298518951635,1638,0.9722077853723365,0.975285029517967
TOI-2076_d,NIRISS_SOSS,obs14,SOSS_HDU4_ordem_2,jw05959014001_04102_00001-seg004_nis_x1dints.fits,seg004,4,269,60694.03065631472,TDB-MID,3368.5509110025087,4.78646880563928,1778,0.5867402182434889,1.4160298518951635,1639,0.9451862039084982,0.9481779190091896
TOI-2076_d,NIRISS_SOSS,obs14,SOSS_HDU4_ordem_2,jw05959014001_04102_00001-seg004_nis_x1dints.fits,seg004,4,270,60694.03073339356,TDB-MID,3650.2764895305763,4.791410638459771,1778,0.5867402182434889,1.4160298518951635,1640,1.0242359606579432,1.027477885029565
TOI-2076_d,NIRISS_SOSS,obs14,SOSS_HDU4_ordem_2,jw05959014001_04102_00001-seg004_nis_x1dints.fits,seg004,4,271,60694.030810472424,TDB-MID,3950.9725947715083,4.79182442403067,1778,0.5867402182434889,1.4160298518951635,1641,1.1086086828615576,1.1121176648204136
TOI-2076_d,NIRISS_SOSS,obs14,SOSS_HDU4_ordem_2,jw05959014001_04102_00001-seg004_nis_x1dints.fits,seg004,4,272,60694.03088755128,TDB-MID,3616.468273603125,4.791246868267029,1778,0.5867402182434889,1.4160298518951635,1642,1.0147496681488963,1.01796156638976
TOI-2076_d,NIRISS_SOSS,obs14,SOSS_HDU4_ordem_2,jw05959014001_04102_00001-seg004_nis_x1dints.fits,seg004,4,273,60694.03096463013,TDB-MID,3746.336466624598,4.791484409770236,1778,0.5867402182434889,1.4160298518951635,1643,1.0511895580640203,1.0545167962965978
TOI-2076_d,NIRISS_SOSS,obs14,SOSS_HDU4_ordem_2,jw05959014001_04102_00001-seg004_nis_x1dints.fits,seg004,4,274,60694.031041708986,TDB-MID,3824.920923824574,4.7916576185125,1778,0.5867402182434889,1.4160298518951635,1644,1.0732396759780611,1.076636707517463
TOI-2076_d,NIRISS_SOSS,obs14,SOSS_HDU4_ordem_2,jw05959014001_04102_00001-seg004_nis_x1dints.fits,seg004,4,275,60694.03111878784,TDB-MID,4079.077250295094,4.793163991305748,1778,0.5867402182434889,1.4160298518951635,1645,1.14455373943228,1.1481764951302078
TOI-2076_d,NIRISS_SOSS,obs14,SOSS_HDU4_ordem_2,jw05959014001_04102_00001-seg004_nis_x1dints.fits,seg004,4,276,60694.03119586669,TDB-MID,3706.7046999473896,4.791472144125384,1778,0.5867402182434889,1.4160298518951635,1646,1.0400692276639463,1.043361267688758
TOI-2076_d,NIRISS_SOSS,obs14,SOSS_HDU4_ordem_2,jw05959014001_04102_00001-seg004_nis_x1dints.fits,seg004,4,277,60694.03127294554,TDB-MID,3542.801929118508,4.791279483374482,1778,0.5867402182434889,1.4160298518951635,1647,0.9940795300572297,0.9972260029205262
TOI-2076_d,NIRISS_SOSS,obs14,SOSS_HDU4_ordem_2,jw05959014001_04102_00001-seg004_nis_x1dints.fits,seg004,4,278,60694.0313500244,TDB-MID,3626.093461629762,4.791322642475638,1778,0.5867402182434889,1.4160298518951635,1648,1.0174504125262744,1.020670859196753
TOI-2076_d,NIRISS_SOSS,obs14,SOSS_HDU4_ordem_2,jw05959014001_04102_00001-seg004_nis_x1dints.fits,seg004,4,279,60694.03142710326,TDB-MID,3281.278557205157,4.790991254491784,1778,0.5867402182434889,1.4160298518951635,1649,0.9206983374723846,0.9236125432743815
TOI-2076_d,NIRISS_SOSS,obs14,SOSS_HDU4_ordem_2,jw05959014001_04102_00001-seg004_nis_x1dints.fits,seg004,4,280,60694.03150418211,TDB-MID,3338.109299351746,4.791009443618451,1778,0.5867402182434889,1.4160298518951635,1650,0.9366445513946349,0.9396092303508026
TOI-2076_d,NIRISS_SOSS,obs14,SOSS_HDU4_ordem_2,jw05959014001_04102_00001-seg004_nis_x1dints.fits,seg004,4,281,60694.03158126096,TDB-MID,3482.325116438314,4.7911391652472854,1778,0.5867402182434889,1.4160298518951635,1651,0.9771102603291181,0.9802030218493127
TOI-2076_d,NIRISS_SOSS,obs14,SOSS_HDU4_ordem_2,jw05959014001_04102_00001-seg004_nis_x1dints.fits,seg004,4,282,60694.031658339816,TDB-MID,3652.8181207979387,4.79142328594599,1778,0.5867402182434889,1.4160298518951635,1652,1.024949120373442,1.0281933020470442
TOI-2076_d,NIRISS_SOSS,obs14,SOSS_HDU4_ordem_2,jw05959014001_04102_00001-seg004_nis_x1dints.fits,seg004,4,283,60694.03173541868,TDB-MID,3567.317873759216,4.791765793236667,1778,0.5867402182434889,1.4160298518951635,1653,1.0009584917420586,1.0041267379802357
TOI-2076_d,NIRISS_SOSS,obs14,SOSS_HDU4_ordem_2,jw05959014001_04102_00001-seg004_nis_x1dints.fits,seg004,4,284,60694.031812497524,TDB-MID,3670.125643488148,4.791342081677732,1778,0.5867402182434889,1.4160298518951635,1654,1.0298054613054395,1.033065014329618
TOI-2076_d,NIRISS_SOSS,obs14,SOSS_HDU4_ordem_2,jw05959014001_04102_00001-seg004_nis_x1dints.fits,seg004,4,285,60694.03188957638,TDB-MID,3504.229354625487,4.791221810452114,1778,0.5867402182434889,1.4160298518951635,1655,0.9832563998082687,0.9863686151654054
TOI-2076_d,NIRISS_SOSS,obs14,SOSS_HDU4_ordem_2,jw05959014001_04102_00001-seg004_nis_x1dints.fits,seg004,4,286,60694.03196665523,TDB-MID,3155.177388671879,4.7907990271974805,1778,0.5867402182434889,1.4160298518951635,1656,0.8853154419949572,0.88811765341715
TOI-2076_d,NIRISS_SOSS,obs14,SOSS_HDU4_ordem_2,jw05959014001_04102_00001-seg004_nis_x1dints.fits,seg004,4,287,60694.03204373409,TDB-MID,3706.621775975839,4.791464093649173,1778,0.5867402182434889,1.4160298518951635,1657,1.0400459599158987,1.0433379262933455
TOI-2076_d,NIRISS_SOSS,obs14,SOSS_HDU4_ordem_2,jw05959014001_04102_00001-seg004_nis_x1dints.fits,seg004,4,288,60694.032120812946,TDB-MID,3685.6743079872494,4.792520690767692,1778,0.5867402182434889,1.4160298518951635,1658,1.034168281865981,1.0374416441439327
TOI-2076_d,NIRISS_SOSS,obs14,SOSS_HDU4_ordem_2,jw05959014001_04102_00001-seg004_nis_x1dints.fits,seg004,4,289,60694.03219789179,TDB-MID,3478.265338457911,4.791217299905026,1778,0.5867402182434889,1.4160298518951635,1659,0.9759711217976282,0.9790602777024083
TOI-2076_d,NIRISS_SOSS,obs14,SOSS_HDU4_ordem_2,jw05959014001_04102_00001-seg004_nis_x1dints.fits,seg004,4,290,60694.032274970654,TDB-MID,3602.7284585766092,4.7913798019160225,1778,0.5867402182434889,1.4160298518951635,1660,1.0108943950803195,1.0140940905630298
TOI-2076_d,NIRISS_SOSS,obs14,SOSS_HDU4_ordem_2,jw05959014001_04102_00001-seg004_nis_x1dints.fits,seg004,4,291,60694.0323520495,TDB-MID,3633.7695794060282,4.791346486628234,1778,0.5867402182434889,1.4160298518951635,1661,1.0196042646761725,1.0228315287462015
TOI-2076_d,NIRISS_SOSS,obs14,SOSS_HDU4_ordem_2,jw05959014001_04102_00001-seg004_nis_x1dints.fits,seg004,4,292,60694.03242912836,TDB-MID,3371.0495067848155,4.79095829605288,1778,0.5867402182434889,1.4160298518951635,1662,0.9458872882397062,0.948881222421222
TOI-2076_d,NIRISS_SOSS,obs14,SOSS_HDU4_ordem_2,jw05959014001_04102_00001-seg004_nis_x1dints.fits,seg004,4,293,60694.03250620721,TDB-MID,3339.5391540074143,4.791021277495591,1778,0.5867402182434889,1.4160298518951635,1663,0.9370457562242006,0.9400117050788731
TOI-2076_d,NIRISS_SOSS,obs14,SOSS_HDU4_ordem_2,jw05959014001_04102_00001-seg004_nis_x1dints.fits,seg004,4,294,60694.03258328607,TDB-MID,3835.5048697200677,4.791792313855331,1778,0.5867402182434889,1.4160298518951635,1664,1.076209439507732,1.0796158709795074
TOI-2076_d,NIRISS_SOSS,obs14,SOSS_HDU4_ordem_2,jw05959014001_04102_00001-seg004_nis_x1dints.fits,seg004,4,295,60694.03266036492,TDB-MID,3333.098525210756,4.790978701789627,1778,0.5867402182434889,1.4160298518951635,1665,0.9352385715789534,0.9381988003103628
TOI-2076_d,NIRISS_SOSS,obs14,SOSS_HDU4_ordem_2,jw05959014001_04102_00001-seg004_nis_x1dints.fits,seg004,4,296,60694.03273744377,TDB-MID,3367.9259194654996,4.791114138649101,1778,0.5867402182434889,1.4160298518951635,1666,0.9450108366975082,0.9480019967237273
TOI-2076_d,NIRISS_SOSS,obs14,SOSS_HDU4_ordem_2,jw05959014001_04102_00001-seg004_nis_x1dints.fits,seg004,4,297,60694.03281452263,TDB-MID,3660.93765501835,4.791329488588364,1778,0.5867402182434889,1.4160298518951635,1667,1.0272273913362553,1.0304787842213783
TOI-2076_d,NIRISS_SOSS,obs14,SOSS_HDU4_ordem_2,jw05959014001_04102_00001-seg004_nis_x1dints.fits,seg004,4,298,60694.032891601484,TDB-MID,3228.1679068457406,4.790807600447746,1778,0.5867402182434889,1.4160298518951635,1668,0.9057959490785015,0.9086629856558419
TOI-2076_d,NIRISS_SOSS,obs14,SOSS_HDU4_ordem_2,jw05959014001_04102_00001-seg004_nis_x1dints.fits,seg004,4,299,60694.03296868034,TDB-MID,3802.9475319763965,4.79148620100942,1778,0.5867402182434889,1.4160298518951635,1669,1.06707413258071,1.070451648865647
TOI-2076_d,NIRISS_SOSS,obs14,SOSS_HDU4_ordem_2,jw05959014001_04102_00001-seg004_nis_x1dints.fits,seg004,4,300,60694.033045759184,TDB-MID,3447.5791158438715,4.791092171307389,1778,0.5867402182434889,1.4160298518951635,1670,0.9673608335665314,0.970422736080164
TOI-2076_d,NIRISS_SOSS,obs14,SOSS_HDU4_ordem_2,jw05959014001_04102_00001-seg004_nis_x1dints.fits,seg004,4,301,60694.033122838046,TDB-MID,3541.4973591313665,4.791234112649789,1778,0.5867402182434889,1.4160298518951635,1671,0.993713479020313,0.9968587932543255
TOI-2076_d,NIRISS_SOSS,obs14,SOSS_HDU4_ordem_2,jw05959014001_04102_00001-seg004_nis_x1dints.fits,seg004,4,302,60694.03319991691,TDB-MID,3270.6637417092966,4.790969676603314,1778,0.5867402182434889,1.4160298518951635,1672,0.9177199122002739,0.9206246906536425
TOI-2076_d,NIRISS_SOSS,obs14,SOSS_HDU4_ordem_2,jw05959014001_04102_00001-seg004_nis_x1dints.fits,seg004,4,303,60694.03327699575,TDB-MID,3432.467929182623,4.791063402593274,1778,0.5867402182434889,1.4160298518951635,1673,0.9631207654974258,0.9661692472949944
TOI-2076_d,NIRISS_SOSS,obs14,SOSS_HDU4_ordem_2,jw05959014001_04102_00001-seg004_nis_x1dints.fits,seg004,4,304,60694.03335407461,TDB-MID,3627.5162719318864,4.791307161803377,1778,0.5867402182434889,1.4160298518951635,1674,1.017849640771261,1.0210713510839344
TOI-2076_d,NIRISS_SOSS,obs14,SOSS_HDU4_ordem_2,jw05959014001_04102_00001-seg004_nis_x1dints.fits,seg004,4,305,60694.03343115346,TDB-MID,3709.2069229579406,4.792064671381763,1778,0.5867402182434889,1.4160298518951635,1675,1.0407713297639771,1.0440655920910675
TOI-2076_d,NIRISS_SOSS,obs14,SOSS_HDU4_ordem_2,jw05959014001_04102_00001-seg004_nis_x1dints.fits,seg004,4,306,60694.03350823232,TDB-MID,3541.1725116676976,4.791268576352405,1778,0.5867402182434889,1.4160298518951635,1676,0.9936223296361575,0.9967673553630082
TOI-2076_d,NIRISS_SOSS,obs14,SOSS_HDU4_ordem_2,jw05959014001_04102_00001-seg004_nis_x1dints.fits,seg004,4,307,60694.03358531117,TDB-MID,3725.7792951551883,4.796405225061154,1778,0.5867402182434889,1.4160298518951635,1677,1.04542139383625,1.0487303746038412
TOI-2076_d,NIRISS_SOSS,obs14,SOSS_HDU4_ordem_2,jw05959014001_04102_00001-seg004_nis_x1dints.fits,seg004,4,308,60694.03366239002,TDB-MID,3446.9724534685142,4.791084910843891,1778,0.5867402182434889,1.4160298518951635,1678,0.9671906093595155,0.970251973077376
TOI-2076_d,NIRISS_SOSS,obs14,SOSS_HDU4_ordem_2,jw05959014001_04102_00001-seg004_nis_x1dints.fits,seg004,4,309,60694.033739468876,TDB-MID,3329.5288759889913,4.79107896982051,1778,0.5867402182434889,1.4160298518951635,1679,0.9342369589311574,0.9371940173457858
TOI-2076_d,NIRISS_SOSS,obs14,SOSS_HDU4_ordem_2,jw05959014001_04102_00001-seg004_nis_x1dints.fits,seg004,4,310,60694.03381654774,TDB-MID,3695.54178624206,4.792140477416749,1778,0.5867402182434889,1.4160298518951635,1680,1.0369370107824272,1.0402191366755003
TOI-2076_d,NIRISS_SOSS,obs14,SOSS_HDU4_ordem_2,jw05959014001_04102_00001-seg004_nis_x1dints.fits,seg004,4,311,60694.03389362659,TDB-MID,3278.323331289055,4.790875865567636,1778,0.5867402182434889,1.4160298518951635,1681,0.9198691266814154,0.9227807078551277
TOI-2076_d,NIRISS_SOSS,obs14,SOSS_HDU4_ordem_2,jw05959014001_04102_00001-seg004_nis_x1dints.fits,seg004,4,312,60694.03397070544,TDB-MID,3531.5829797433953,4.7912561482188964,1778,0.5867402182434889,1.4160298518951635,1682,0.9909315900522059,0.9940680990167382
TOI-2076_d,NIRISS_SOSS,obs14,SOSS_HDU4_ordem_2,jw05959014001_04102_00001-seg004_nis_x1dints.fits,seg004,4,313,60694.0340477843,TDB-MID,3582.56974227644,4.791316296564424,1778,0.5867402182434889,1.4160298518951635,1683,1.0052380339212257,1.0084198258194097
TOI-2076_d,NIRISS_SOSS,obs14,SOSS_HDU4_ordem_2,jw05959014001_04102_00001-seg004_nis_x1dints.fits,seg004,4,314,60694.034124863145,TDB-MID,3336.5740124390522,4.790943962688964,1778,0.5867402182434889,1.4160298518951635,1684,0.9362137631871064,0.9391770786070943
TOI-2076_d,NIRISS_SOSS,obs14,SOSS_HDU4_ordem_2,jw05959014001_04102_00001-seg004_nis_x1dints.fits,seg004,4,315,60694.034201942006,TDB-MID,3493.27036063599,4.791187610871242,1778,0.5867402182434889,1.4160298518951635,1685,0.9801814010324581,0.9832838833653144
TOI-2076_d,NIRISS_SOSS,obs14,SOSS_HDU4_ordem_2,jw05959014001_04102_00001-seg004_nis_x1dints.fits,seg004,4,316,60694.03427902085,TDB-MID,3437.938873304395,4.7911274454743,1778,0.5867402182434889,1.4160298518951635,1686,0.9646558650232675,0.9677092057369031
TOI-2076_d,NIRISS_SOSS,obs14,SOSS_HDU4_ordem_2,jw05959014001_04102_00001-seg004_nis_x1dints.fits,seg004,4,317,60694.03435609971,TDB-MID,3560.39332780084,4.791288284895918,1778,0.5867402182434889,1.4160298518951635,1687,0.9990155241334023,1.0021776204663957
TOI-2076_d,NIRISS_SOSS,obs14,SOSS_HDU4_ordem_2,jw05959014001_04102_00001-seg004_nis_x1dints.fits,seg004,4,318,60694.03443317856,TDB-MID,3499.293633251668,4.791178913954,1778,0.5867402182434889,1.4160298518951635,1688,0.9818714791488741,0.9849793109379553
TOI-2076_d,NIRISS_SOSS,obs14,SOSS_HDU4_ordem_2,jw05959014001_04102_00001-seg004_nis_x1dints.fits,seg004,4,319,60694.034510257414,TDB-MID,3558.443018563403,4.794073110193878,1778,0.5867402182434889,1.4160298518951635,1689,0.9984682842568846,1.0016286484594306
TOI-2076_d,NIRISS_SOSS,obs14,SOSS_HDU4_ordem_2,jw05959014001_04102_00001-seg004_nis_x1dints.fits,seg004,4,320,60694.034587336275,TDB-MID,3708.4102863692087,4.791635582467352,1778,0.5867402182434889,1.4160298518951635,1690,1.0405478004384328,1.0438413552477284
TOI-2076_d,NIRISS_SOSS,obs14,SOSS_HDU4_ordem_2,jw05959014001_04102_00001-seg004_nis_x1dints.fits,seg004,4,321,60694.03466441513,TDB-MID,3894.7405913051916,4.79776153917233,1778,0.5867402182434889,1.4160298518951635,1691,1.0928304698261253,1.0962895103893018
TOI-2076_d,NIRISS_SOSS,obs14,SOSS_HDU4_ordem_2,jw05959014001_04102_00001-seg004_nis_x1dints.fits,seg004,4,322,60694.03474149398,TDB-MID,3543.3477353801813,4.79122248758541,1778,0.5867402182434889,1.4160298518951635,1692,0.9942326785659418,0.9973796361767984
TOI-2076_d,NIRISS_SOSS,obs14,SOSS_HDU4_ordem_2,jw05959014001_04102_00001-seg004_nis_x1dints.fits,seg004,4,323,60694.03481857283,TDB-MID,3653.910983349321,4.791921248143751,1778,0.5867402182434889,1.4160298518951635,1693,1.0252557681379038,1.028500920416815
TOI-2076_d,NIRISS_SOSS,obs14,SOSS_HDU4_ordem_2,jw05959014001_04102_00001-seg004_nis_x1dints.fits,seg004,4,324,60694.03489565169,TDB-MID,3743.7880707277136,4.7915081138444116,1778,0.5867402182434889,1.4160298518951635,1694,1.0504745002520797,1.053799475174798
TOI-2076_d,NIRISS_SOSS,obs14,SOSS_HDU4_ordem_2,jw05959014001_04102_00001-seg004_nis_x1dints.fits,seg004,4,325,60694.034972730544,TDB-MID,3689.8491562450645,4.791415604306429,1778,0.5867402182434889,1.4160298518951635,1695,1.0353397081204603,1.0386167782113278
TOI-2076_d,NIRISS_SOSS,obs14,SOSS_HDU4_ordem_2,jw05959014001_04102_00001-seg004_nis_x1dints.fits,seg004,4,326,60694.0350498094,TDB-MID,3975.2802204542495,4.791533823944051,1778,0.5867402182434889,1.4160298518951635,1696,1.1154291920514459,1.11895976237062
TOI-2076_d,NIRISS_SOSS,obs14,SOSS_HDU4_ordem_2,jw05959014001_04102_00001-seg004_nis_x1dints.fits,seg004,4,327,60694.03512688825,TDB-MID,3455.826399898056,4.7911364423169935,1778,0.5867402182434889,1.4160298518951635,1697,0.9696749500260062,0.9727441772097705
TOI-2076_d,NIRISS_SOSS,obs14,SOSS_HDU4_ordem_2,jw05959014001_04102_00001-seg004_nis_x1dints.fits,seg004,4,328,60694.035203967105,TDB-MID,3676.708196329591,4.791296764053012,1778,0.5867402182434889,1.4160298518951635,1698,1.031652468608167,1.0349178678027782
TOI-2076_d,NIRISS_SOSS,obs14,SOSS_HDU4_ordem_2,jw05959014001_04102_00001-seg004_nis_x1dints.fits,seg004,4,329,60694.035281045966,TDB-MID,3515.3981643149823,4.791179304185313,1778,0.5867402182434889,1.4160298518951635,1699,0.9863902710518679,0.9895124057771507
TOI-2076_d,NIRISS_SOSS,obs14,SOSS_HDU4_ordem_2,jw05959014001_04102_00001-seg004_nis_x1dints.fits,seg004,4,330,60694.03535812481,TDB-MID,3852.7475977968734,4.791575944337704,1778,0.5867402182434889,1.4160298518951635,1700,1.0810475996325235,1.0844693449087588
TOI-2076_d,NIRISS_SOSS,obs14,SOSS_HDU4_ordem_2,jw05959014001_04102_00001-seg004_nis_x1dints.fits,seg004,4,331,60694.03543520367,TDB-MID,3066.80337621977,4.790652811329348,1778,0.5867402182434889,1.4160298518951635,1701,0.8605184596839752,0.863242183390071
TOI-2076_d,NIRISS_SOSS,obs14,SOSS_HDU4_ordem_2,jw05959014001_04102_00001-seg004_nis_x1dints.fits,seg004,4,332,60694.03551228252,TDB-MID,3614.5657506664816,4.791327759399055,1778,0.5867402182434889,1.4160298518951635,1702,1.014215836694409,1.0174260452453292
TOI-2076_d,NIRISS_SOSS,obs14,SOSS_HDU4_ordem_2,jw05959014001_04102_00001-seg004_nis_x1dints.fits,seg004,4,333,60694.035589361374,TDB-MID,3577.4860857880035,4.791361113314576,1778,0.5867402182434889,1.4160298518951635,1703,1.0038116039502294,1.00698888089457
TOI-2076_d,NIRISS_SOSS,obs14,SOSS_HDU4_ordem_2,jw05959014001_04102_00001-seg004_nis_x1dints.fits,seg004,4,334,60694.03566644023,TDB-MID,3310.5852187851124,4.791088144809257,1778,0.5867402182434889,1.4160298518951635,1704,0.9289215328284391,0.9318617667904122
TOI-2076_d,NIRISS_SOSS,obs14,SOSS_HDU4_ordem_2,jw05959014001_04102_00001-seg004_nis_x1dints.fits,seg004,4,335,60694.03574351908,TDB-MID,3614.758191838268,4.791278676445399,1778,0.5867402182434889,1.4160298518951635,1705,1.0142698340200966,1.0174802134840222
TOI-2076_d,NIRISS_SOSS,obs14,SOSS_HDU4_ordem_2,jw05959014001_04102_00001-seg004_nis_x1dints.fits,seg004,4,336,60694.03582059794,TDB-MID,3285.406187200203,4.790952166165362,1778,0.5867402182434889,1.4160298518951635,1706,0.9218565146913821,0.9247743863702834
TOI-2076_d,NIRISS_SOSS,obs14,SOSS_HDU4_ordem_2,jw05959014001_04102_00001-seg004_nis_x1dints.fits,seg004,4,337,60694.03589767679,TDB-MID,3779.7597272654234,4.791689421791482,1778,0.5867402182434889,1.4160298518951635,1707,1.0605678354545034,1.063924757927045
TOI-2076_d,NIRISS_SOSS,obs14,SOSS_HDU4_ordem_2,jw05959014001_04102_00001-seg004_nis_x1dints.fits,seg004,4,338,60694.03597475564,TDB-MID,3925.877738016035,4.791875011937203,1778,0.5867402182434889,1.4160298518951635,1708,1.1015672834524348,1.1050539778865096
TOI-2076_d,NIRISS_SOSS,obs14,SOSS_HDU4_ordem_2,jw05959014001_04102_00001-seg004_nis_x1dints.fits,seg004,4,339,60694.0360518345,TDB-MID,3425.411006973991,4.791053052151061,1778,0.5867402182434889,1.4160298518951635,1709,0.9611406542597217,0.9641828685846311
TOI-2076_d,NIRISS_SOSS,obs14,SOSS_HDU4_ordem_2,jw05959014001_04102_00001-seg004_nis_x1dints.fits,seg004,4,340,60694.03612891336,TDB-MID,3543.0512686772286,4.791160171310292,1778,0.5867402182434889,1.4160298518951635,1710,0.9941494925773809,0.9972961868869143
TOI-2076_d,NIRISS_SOSS,obs14,SOSS_HDU4_ordem_2,jw05959014001_04102_00001-seg004_nis_x1dints.fits,seg004,4,341,60694.036205992204,TDB-MID,2926.7963322065143,4.79050848183361,1778,0.5867402182434889,1.4160298518951635,1711,0.8212336960133095,0.8238330750979808
TOI-2076_d,NIRISS_SOSS,obs14,SOSS_HDU4_ordem_2,jw05959014001_04102_00001-seg004_nis_x1dints.fits,seg004,4,342,60694.03628307106,TDB-MID,3512.7242404034423,4.791783130167597,1778,0.5867402182434889,1.4160298518951635,1712,0.9856399911664627,0.9887597510965425
TOI-2076_d,NIRISS_SOSS,obs14,SOSS_HDU4_ordem_2,jw05959014001_04102_00001-seg004_nis_x1dints.fits,seg004,4,343,60694.03636014991,TDB-MID,3170.494517033358,4.791200783309873,1778,0.5867402182434889,1.4160298518951635,1713,0.8896132955210768,0.8924291105625792
TOI-2076_d,NIRISS_SOSS,obs14,SOSS_HDU4_ordem_2,jw05959014001_04102_00001-seg004_nis_x1dints.fits,seg004,4,344,60694.03643722877,TDB-MID,3177.166972635211,4.790765695922207,1778,0.5867402182434889,1.4160298518951635,1714,0.8914855287595486,0.8943072698169285
TOI-2076_d,NIRISS_SOSS,obs14,SOSS_HDU4_ordem_2,jw05959014001_04102_00001-seg004_nis_x1dints.fits,seg004,4,345,60694.03651430763,TDB-MID,3699.371530326016,4.791515069987021,1778,0.5867402182434889,1.4160298518951635,1715,1.0380116037953553,1.0412971310035666
TOI-2076_d,NIRISS_SOSS,obs14,SOSS_HDU4_ordem_2,jw05959014001_04102_00001-seg004_nis_x1dints.fits,seg004,4,346,60694.03659138647,TDB-MID,3323.629920410728,4.790998790416447,1778,0.5867402182434889,1.4160298518951635,1716,0.9325817630984828,0.9355335824667236
TOI-2076_d,NIRISS_SOSS,obs14,SOSS_HDU4_ordem_2,jw05959014001_04102_00001-seg004_nis_x1dints.fits,seg004,4,347,60694.036668465335,TDB-MID,3685.6464444000526,4.791451134747641,1778,0.5867402182434889,1.4160298518951635,1717,1.0341604635847954,1.0374338011162265
TOI-2076_d,NIRISS_SOSS,obs14,SOSS_HDU4_ordem_2,jw05959014001_04102_00001-seg004_nis_x1dints.fits,seg004,4,348,60694.03674554419,TDB-MID,3622.794895098575,4.7912698210856925,1778,0.5867402182434889,1.4160298518951635,1718,1.0165248633330684,1.0197423804437562
TOI-2076_d,NIRISS_SOSS,obs14,SOSS_HDU4_ordem_2,jw05959014001_04102_00001-seg004_nis_x1dints.fits,seg004,4,349,60694.03682262304,TDB-MID,3545.821347917122,4.7911833235662336,1778,0.5867402182434889,1.4160298518951635,1719,0.9949267528149295,0.9980759073182113
TOI-2076_d,NIRISS_SOSS,obs14,SOSS_HDU4_ordem_2,jw05959014001_04102_00001-seg004_nis_x1dints.fits,seg004,4,350,60694.03689970189,TDB-MID,3714.707092221004,4.79141187473779,1778,0.5867402182434889,1.4160298518951635,1720,1.042314629611288,1.0456137768102047
TOI-2076_d,NIRISS_SOSS,obs14,SOSS_HDU4_ordem_2,jw05959014001_04102_00001-seg004_nis_x1dints.fits,seg004,4,351,60694.03697678075,TDB-MID,3438.810840197502,4.791042967668862,1778,0.5867402182434889,1.4160298518951635,1721,0.9649005313796338,0.9679546465142566
TOI-2076_d,NIRISS_SOSS,obs14,SOSS_HDU4_ordem_2,jw05959014001_04102_00001-seg004_nis_x1dints.fits,seg004,4,352,60694.037053859596,TDB-MID,3156.105324969482,4.790679161135539,1778,0.5867402182434889,1.4160298518951635,1722,0.8855758128813628,0.8883788484327161
TOI-2076_d,NIRISS_SOSS,obs14,SOSS_HDU4_ordem_2,jw05959014001_04102_00001-seg004_nis_x1dints.fits,seg004,4,353,60694.03713093846,TDB-MID,3571.006191487375,4.791287327330407,1778,0.5867402182434889,1.4160298518951635,1723,1.001993401744725,1.0051649236928837
TOI-2076_d,NIRISS_SOSS,obs14,SOSS_HDU4_ordem_2,jw05959014001_04102_00001-seg004_nis_x1dints.fits,seg004,4,354,60694.03720801731,TDB-MID,3591.5522454488532,4.791273845254446,1778,0.5867402182434889,1.4160298518951635,1724,1.0077584464960803,1.0109482160354202
TOI-2076_d,NIRISS_SOSS,obs14,SOSS_HDU4_ordem_2,jw05959014001_04102_00001-seg004_nis_x1dints.fits,seg004,4,355,60694.037285096165,TDB-MID,3424.201605507743,4.791595332927169,1778,0.5867402182434889,1.4160298518951635,1725,0.9608013066853238,0.9638424469030801
TOI-2076_d,NIRISS_SOSS,obs14,SOSS_HDU4_ordem_2,jw05959014001_04102_00001-seg004_nis_x1dints.fits,seg004,4,356,60694.03736217502,TDB-MID,3806.982047566593,4.792700624056273,1778,0.5867402182434889,1.4160298518951635,1726,1.0682061827043556,1.071587282168391
TOI-2076_d,NIRISS_SOSS,obs14,SOSS_HDU4_ordem_2,jw05959014001_04102_00001-seg004_nis_x1dints.fits,seg004,4,357,60694.03743925387,TDB-MID,3965.470125190911,4.791697395395842,1778,0.5867402182434889,1.4160298518951635,1727,1.1126765643052985,1.1161984219729753
TOI-2076_d,NIRISS_SOSS,obs14,SOSS_HDU4_ordem_2,jw05959014001_04102_00001-seg004_nis_x1dints.fits,seg004,4,358,60694.037516332726,TDB-MID,3371.887651616193,4.791061322887751,1778,0.5867402182434889,1.4160298518951635,1728,0.9461224644185515,0.9491171429826266
TOI-2076_d,NIRISS_SOSS,obs14,SOSS_HDU4_ordem_2,jw05959014001_04102_00001-seg004_nis_x1dints.fits,seg004,4,359,60694.03759341158,TDB-MID,3336.130384833635,4.790961472045673,1778,0.5867402182434889,1.4160298518951635,1729,0.9360892851241673,0.9390522065446459
TOI-2076_d,NIRISS_SOSS,obs14,SOSS_HDU4_ordem_2,jw05959014001_04102_00001-seg004_nis_x1dints.fits,seg004,4,360,60694.037670490434,TDB-MID,3425.612462290954,4.791093567292513,1778,0.5867402182434889,1.4160298518951635,1730,0.9611971808764564,0.9642395741201145
TOI-2076_d,NIRISS_SOSS,obs14,SOSS_HDU4_ordem_2,jw05959014001_04102_00001-seg004_nis_x1dints.fits,seg004,4,361,60694.03774756928,TDB-MID,3589.4612519090183,4.791126821229477,1778,0.5867402182434889,1.4160298518951635,1731,1.0071717318230562,1.010359644285833
TOI-2076_d,NIRISS_SOSS,obs14,SOSS_HDU4_ordem_2,jw05959014001_04102_00001-seg004_nis_x1dints.fits,seg004,4,362,60694.03782464814,TDB-MID,3677.220976043377,4.791351368960534,1778,0.5867402182434889,1.4160298518951635,1732,1.0317963501536502,1.0350622047639146
TOI-2076_d,NIRISS_SOSS,obs14,SOSS_HDU4_ordem_2,jw05959014001_04102_00001-seg004_nis_x1dints.fits,seg004,4,363,60694.037901727,TDB-MID,3659.723846453961,4.791349977574486,1778,0.5867402182434889,1.4160298518951635,1733,1.0268868071682977,1.0301371220321862
TOI-2076_d,NIRISS_SOSS,obs14,SOSS_HDU4_ordem_2,jw05959014001_04102_00001-seg004_nis_x1dints.fits,seg004,4,364,60694.03797880585,TDB-MID,3058.0597979350305,4.790639260444721,1778,0.5867402182434889,1.4160298518951635,1734,0.8580650873627981,0.8607810456243807
TOI-2076_d,NIRISS_SOSS,obs14,SOSS_HDU4_ordem_2,jw05959014001_04102_00001-seg004_nis_x1dints.fits,seg004,4,365,60694.0380558847,TDB-MID,3592.2302903576,4.791258268101108,1778,0.5867402182434889,1.4160298518951635,1735,1.0079487000235794,1.0111390717557451
TOI-2076_d,NIRISS_SOSS,obs14,SOSS_HDU4_ordem_2,jw05959014001_04102_00001-seg004_nis_x1dints.fits,seg004,4,366,60694.03813296356,TDB-MID,3768.743737886847,4.791506857025525,1778,0.5867402182434889,1.4160298518951635,1736,1.0574768442662674,1.0608239830951465
TOI-2076_d,NIRISS_SOSS,obs14,SOSS_HDU4_ordem_2,jw05959014001_04102_00001-seg004_nis_x1dints.fits,seg004,4,367,60694.03821004242,TDB-MID,3266.541821719735,4.791036759955528,1778,0.5867402182434889,1.4160298518951635,1737,0.9165633371593496,0.9194644548070476
TOI-2076_d,NIRISS_SOSS,obs14,SOSS_HDU4_ordem_2,jw05959014001_04102_00001-seg004_nis_x1dints.fits,seg004,4,368,60694.038287121264,TDB-MID,3480.9878988588134,4.791487930164011,1778,0.5867402182434889,1.4160298518951635,1738,0.9767350486606111,0.9798266225561769
TOI-2076_d,NIRISS_SOSS,obs14,SOSS_HDU4_ordem_2,jw05959014001_04102_00001-seg004_nis_x1dints.fits,seg004,4,369,60694.03836420012,TDB-MID,3410.629772838889,4.791075229023287,1778,0.5867402182434889,1.4160298518951635,1739,0.9569931680110778,0.9600222546610501
TOI-2076_d,NIRISS_SOSS,obs14,SOSS_HDU4_ordem_2,jw05959014001_04102_00001-seg004_nis_x1dints.fits,seg004,4,370,60694.03844127897,TDB-MID,3441.397163686618,4.79109998850089,1778,0.5867402182434889,1.4160298518951635,1740,0.9656262313453884,0.9686826434745474
TOI-2076_d,NIRISS_SOSS,obs14,SOSS_HDU4_ordem_2,jw05959014001_04102_00001-seg004_nis_x1dints.fits,seg004,4,371,60694.03851835783,TDB-MID,3472.4959617767445,4.791316767985447,1778,0.5867402182434889,1.4160298518951635,1741,0.9743522846809384,0.9774363166223898
TOI-2076_d,NIRISS_SOSS,obs14,SOSS_HDU4_ordem_2,jw05959014001_04102_00001-seg004_nis_x1dints.fits,seg004,4,372,60694.03859543668,TDB-MID,3427.549019816707,4.791123737866864,1778,0.5867402182434889,1.4160298518951635,1742,0.9617405621418066,0.9647846753025882
TOI-2076_d,NIRISS_SOSS,obs14,SOSS_HDU4_ordem_2,jw05959014001_04102_00001-seg004_nis_x1dints.fits,seg004,4,373,60694.03867251553,TDB-MID,3177.4373016595987,4.790786147049826,1778,0.5867402182434889,1.4160298518951635,1743,0.8915613807419345,0.8943833618869502
TOI-2076_d,NIRISS_SOSS,obs14,SOSS_HDU4_ordem_2,jw05959014001_04102_00001-seg004_nis_x1dints.fits,seg004,4,374,60694.038749594394,TDB-MID,3338.8004193709794,4.790949947671918,1778,0.5867402182434889,1.4160298518951635,1744,0.9368384736848668,0.9398037664462738
TOI-2076_d,NIRISS_SOSS,obs14,SOSS_HDU4_ordem_2,jw05959014001_04102_00001-seg004_nis_x1dints.fits,seg004,4,375,60694.03882667324,TDB-MID,3214.868592386888,4.790918206821398,1778,0.5867402182434889,1.4160298518951635,1745,0.9020642766531596,0.9049195016946359
TOI-2076_d,NIRISS_SOSS,obs14,SOSS_HDU4_ordem_2,jw05959014001_04102_00001-seg004_nis_x1dints.fits,seg004,4,376,60694.0389037521,TDB-MID,3410.338710518467,4.7911007798241725,1778,0.5867402182434889,1.4160298518951635,1746,0.956911498445437,0.9599403265938867
TOI-2076_d,NIRISS_SOSS,obs14,SOSS_HDU4_ordem_2,jw05959014001_04102_00001-seg004_nis_x1dints.fits,seg004,4,377,60694.03898083095,TDB-MID,3550.5338152138993,4.791287765111153,1778,0.5867402182434889,1.4160298518951635,1747,0.9962490303143539,0.9994023701067839
TOI-2076_d,NIRISS_SOSS,obs14,SOSS_HDU4_ordem_2,jw05959014001_04102_00001-seg004_nis_x1dints.fits,seg004,4,378,60694.03905790981,TDB-MID,3544.296905037527,4.791285186985473,1778,0.5867402182434889,1.4160298518951635,1748,0.9944990073491468,0.9976468079471726
TOI-2076_d,NIRISS_SOSS,obs14,SOSS_HDU4_ordem_2,jw05959014001_04102_00001-seg004_nis_x1dints.fits,seg004,4,379,60694.039134988656,TDB-MID,3670.0169241869075,4.791440956135945,1778,0.5867402182434889,1.4160298518951635,1749,1.0297749556113456,1.0330344120785226
TOI-2076_d,NIRISS_SOSS,obs14,SOSS_HDU4_ordem_2,jw05959014001_04102_00001-seg004_nis_x1dints.fits,seg004,4,380,60694.03921206751,TDB-MID,3731.206122865522,4.791383799582159,1778,0.5867402182434889,1.4160298518951635,1750,1.046944114679222,1.0502579151817195
TOI-2076_d,NIRISS_SOSS,obs14,SOSS_HDU4_ordem_2,jw05959014001_04102_00001-seg004_nis_x1dints.fits,seg004,4,381,60694.03928914636,TDB-MID,3270.1449137573513,4.790918190886449,1778,0.5867402182434889,1.4160298518951635,1751,0.9175743335715588,0.9204786512376455
TOI-2076_d,NIRISS_SOSS,obs14,SOSS_HDU4_ordem_2,jw05959014001_04102_00001-seg004_nis_x1dints.fits,seg004,4,382,60694.039366225225,TDB-MID,3644.670588642678,4.79141529459012,1778,0.5867402182434889,1.4160298518951635,1752,1.0226629934326557,1.0258999390288979
TOI-2076_d,NIRISS_SOSS,obs14,SOSS_HDU4_ordem_2,jw05959014001_04102_00001-seg004_nis_x1dints.fits,seg004,4,383,60694.03944330408,TDB-MID,3884.4191623328297,4.791763459217974,1778,0.5867402182434889,1.4160298518951635,1753,1.089934366270904,1.0933842400511722
TOI-2076_d,NIRISS_SOSS,obs14,SOSS_HDU4_ordem_2,jw05959014001_04102_00001-seg004_nis_x1dints.fits,seg004,4,384,60694.039520382925,TDB-MID,3426.063660197154,4.79132101691073,1778,0.5867402182434889,1.4160298518951635,1754,0.9613237831002137,0.9643665770668014
TOI-2076_d,NIRISS_SOSS,obs14,SOSS_HDU4_ordem_2,jw05959014001_04102_00001-seg004_nis_x1dints.fits,seg004,4,385,60694.039597461786,TDB-MID,3526.1259362646506,4.791219804055816,1778,0.5867402182434889,1.4160298518951635,1755,0.9894003909263767,0.9925320533204364
TOI-2076_d,NIRISS_SOSS,obs14,SOSS_HDU4_ordem_2,jw05959014001_04102_00001-seg004_nis_x1dints.fits,seg004,4,386,60694.03967454064,TDB-MID,3921.362241603898,4.791744613911252,1778,0.5867402182434889,1.4160298518951635,1756,1.100300274276884,1.1037829583577952
TOI-2076_d,NIRISS_SOSS,obs14,SOSS_HDU4_ordem_2,jw05959014001_04102_00001-seg004_nis_x1dints.fits,seg004,4,387,60694.03975161949,TDB-MID,3567.500576701851,4.791239500763817,1778,0.5867402182434889,1.4160298518951635,1757,1.0010097566050085,1.0041781651073658
TOI-2076_d,NIRISS_SOSS,obs14,SOSS_HDU4_ordem_2,jw05959014001_04102_00001-seg004_nis_x1dints.fits,seg004,4,388,60694.03982869834,TDB-MID,3549.5751632569513,4.7912394613596225,1778,0.5867402182434889,1.4160298518951635,1758,0.9959800408800255,0.9991325292637603
TOI-2076_d,NIRISS_SOSS,obs14,SOSS_HDU4_ordem_2,jw05959014001_04102_00001-seg004_nis_x1dints.fits,seg004,4,389,60694.0399057772,TDB-MID,3261.511879519639,4.790912239474699,1778,0.5867402182434889,1.4160298518951635,1759,0.9151519789523356,0.9180486293515244
TOI-2076_d,NIRISS_SOSS,obs14,SOSS_HDU4_ordem_2,jw05959014001_04102_00001-seg004_nis_x1dints.fits,seg004,4,390,60694.039982856055,TDB-MID,3424.992039170712,4.791045559703927,1778,0.5867402182434889,1.4160298518951635,1760,0.961023095523635,0.9640649377501742
TOI-2076_d,NIRISS_SOSS,obs14,SOSS_HDU4_ordem_2,jw05959014001_04102_00001-seg004_nis_x1dints.fits,seg004,4,391,60694.04005993491,TDB-MID,4032.7186689853966,4.7918918412132685,1778,0.5867402182434889,1.4160298518951635,1761,1.1315459231206495,1.135127506316984
TOI-2076_d,NIRISS_SOSS,obs14,SOSS_HDU4_ordem_2,jw05959014001_04102_00001-seg004_nis_x1dints.fits,seg004,4,392,60694.040137013755,TDB-MID,3463.6175898238107,4.791201335708976,1778,0.5867402182434889,1.4160298518951635,1762,0.9718610904241819,0.9749372372066606
TOI-2076_d,NIRISS_SOSS,obs14,SOSS_HDU4_ordem_2,jw05959014001_04102_00001-seg004_nis_x1dints.fits,seg004,4,393,60694.040214092616,TDB-MID,3289.1619057170387,4.790922307955888,1778,0.5867402182434889,1.4160298518951635,1763,0.9229103367714587,0.925831544021084
TOI-2076_d,NIRISS_SOSS,obs14,SOSS_HDU4_ordem_2,jw05959014001_04102_00001-seg004_nis_x1dints.fits,seg004,4,394,60694.04029117147,TDB-MID,3474.321753187928,4.791088219362748,1778,0.5867402182434889,1.4160298518951635,1764,0.974864585934106,0.9779502394178408
TOI-2076_d,NIRISS_SOSS,obs14,SOSS_HDU4_ordem_2,jw05959014001_04102_00001-seg004_nis_x1dints.fits,seg004,4,395,60694.040368250324,TDB-MID,3528.7109821837143,4.7912146876378845,1778,0.5867402182434889,1.4160298518951635,1765,0.990125732417042,0.9932596906709883
TOI-2076_d,NIRISS_SOSS,obs14,SOSS_HDU4_ordem_2,jw05959014001_04102_00001-seg004_nis_x1dints.fits,seg004,4,396,60694.04044532918,TDB-MID,3499.4657670240167,4.791222810364506,1778,0.5867402182434889,1.4160298518951635,1766,0.9819197783942022,0.9850277630606541
TOI-2076_d,NIRISS_SOSS,obs14,SOSS_HDU4_ordem_2,jw05959014001_04102_00001-seg004_nis_x1dints.fits,seg004,4,397,60694.04052240803,TDB-MID,3462.5195942367664,4.791166262155668,1778,0.5867402182434889,1.4160298518951635,1767,0.9715530023743807,0.9746281739927414
TOI-2076_d,NIRISS_SOSS,obs14,SOSS_HDU4_ordem_2,jw05959014001_04102_00001-seg004_nis_x1dints.fits,seg004,4,398,60694.040599486885,TDB-MID,3737.5282620152007,4.791570292904678,1778,0.5867402182434889,1.4160298518951635,1768,1.0487180521560013,1.0520374675474118
TOI-2076_d,NIRISS_SOSS,obs14,SOSS_HDU4_ordem_2,jw05959014001_04102_00001-seg004_nis_x1dints.fits,seg004,4,399,60694.04067656573,TDB-MID,3545.1207716167924,4.791358088639521,1778,0.5867402182434889,1.4160298518951635,1769,0.9947301771741417,0.9978787094737661
TOI-2076_d,NIRISS_SOSS,obs14,SOSS_HDU4_ordem_2,jw05959014001_04102_00001-seg004_nis_x1dints.fits,seg004,4,400,60694.04075364459,TDB-MID,3503.766504980089,4.79113015053426,1778,0.5867402182434889,1.4160298518951635,1770,0.9831265282074314,0.9862383324933657
TOI-2076_d,NIRISS_SOSS,obs14,SOSS_HDU4_ordem_2,jw05959014001_04102_00001-seg004_nis_x1dints.fits,seg004,4,401,60694.04083072345,TDB-MID,3814.516402815003,4.7915212680664965,1778,0.5867402182434889,1.4160298518951635,1771,1.0703202575170245,1.0737080484768886
TOI-2076_d,NIRISS_SOSS,obs14,SOSS_HDU4_ordem_2,jw05959014001_04102_00001-seg004_nis_x1dints.fits,seg004,4,402,60694.0409078023,TDB-MID,3722.3624165540386,4.791528376254759,1778,0.5867402182434889,1.4160298518951635,1772,1.0444626473011485,1.0477685934323104
TOI-2076_d,NIRISS_SOSS,obs14,SOSS_HDU4_ordem_2,jw05959014001_04102_00001-seg004_nis_x1dints.fits,seg004,4,403,60694.04098488115,TDB-MID,3396.5877851428068,4.79103956041535,1778,0.5867402182434889,1.4160298518951635,1773,0.9530531079091392,0.9560697234319877
TOI-2076_d,NIRISS_SOSS,obs14,SOSS_HDU4_ordem_2,jw05959014001_04102_00001-seg004_nis_x1dints.fits,seg004,4,404,60694.04106196001,TDB-MID,3581.3368400049426,4.79134515401428,1778,0.5867402182434889,1.4160298518951635,1774,1.004892092224462,1.008072789143695
TOI-2076_d,NIRISS_SOSS,obs14,SOSS_HDU4_ordem_2,jw05959014001_04102_00001-seg004_nis_x1dints.fits,seg004,4,405,60694.04113903887,TDB-MID,3488.038346058468,4.7915301698203265,1778,0.5867402182434889,1.4160298518951635,1775,0.9787133430668891,0.9818111786844568
TOI-2076_d,NIRISS_SOSS,obs14,SOSS_HDU4_ordem_2,jw05959014001_04102_00001-seg004_nis_x1dints.fits,seg004,4,406,60694.041216117716,TDB-MID,3782.154110971753,4.791561553923576,1778,0.5867402182434889,1.4160298518951635,1776,1.0612396787799803,1.064598727779352
TOI-2076_d,NIRISS_SOSS,obs14,SOSS_HDU4_ordem_2,jw05959014001_04102_00001-seg004_nis_x1dints.fits,seg004,4,407,60694.04129319657,TDB-MID,3748.7965197863114,4.791476872896018,1778,0.5867402182434889,1.4160298518951635,1777,1.051879827669784,1.0552092507522828
TOI-2076_d,NIRISS_SOSS,obs14,SOSS_HDU4_ordem_2,jw05959014001_04102_00001-seg004_nis_x1dints.fits,seg004,4,408,60694.04137027542,TDB-MID,3506.152689810485,4.791271729296279,1778,0.5867402182434889,1.4160298518951635,1778,0.983796070999348,0.986909994530435
TOI-2076_d,NIRISS_SOSS,obs14,SOSS_HDU4_ordem_2,jw05959014001_04102_00001-seg004_nis_x1dints.fits,seg004,4,409,60694.041447354284,TDB-MID,4122.80925792728,4.791949096198395,1778,0.5867402182434889,1.4160298518951635,1779,1.1568245619239792,1.1604861573815168
TOI-2076_d,NIRISS_SOSS,obs14,SOSS_HDU4_ordem_2,jw05959014001_04102_00001-seg004_nis_x1dints.fits,seg004,4,410,60694.04152443313,TDB-MID,3478.816431323788,4.791146688993876,1778,0.5867402182434889,1.4160298518951635,1780,0.9761257536816819,0.9792153990292202
TOI-2076_d,NIRISS_SOSS,obs14,SOSS_HDU4_ordem_2,jw05959014001_04102_00001-seg004_nis_x1dints.fits,seg004,4,411,60694.041601511984,TDB-MID,3774.559701728863,4.792715239377256,1778,0.5867402182434889,1.4160298518951635,1781,1.0591087533367074,1.0624610575044253
TOI-2076_d,NIRISS_SOSS,obs14,SOSS_HDU4_ordem_2,jw05959014001_04102_00001-seg004_nis_x1dints.fits,seg004,4,412,60694.04167859084,TDB-MID,3727.422928840122,4.79141167166825,1778,0.5867402182434889,1.4160298518951635,1782,1.0458825832094623,1.04919302373938
TOI-2076_d,NIRISS_SOSS,obs14,SOSS_HDU4_ordem_2,jw05959014001_04102_00001-seg004_nis_x1dints.fits,seg004,4,413,60694.0417556697,TDB-MID,3543.90374503208,4.791299415029596,1778,0.5867402182434889,1.4160298518951635,1783,0.9943886900575591,0.9975361414779249
TOI-2076_d,NIRISS_SOSS,obs14,SOSS_HDU4_ordem_2,jw05959014001_04102_00001-seg004_nis_x1dints.fits,seg004,4,414,60694.041832748546,TDB-MID,3695.103387916337,4.7913712984493,1778,0.5867402182434889,1.4160298518951635,1784,1.0368140000100692,1.040095736547919
TOI-2076_d,NIRISS_SOSS,obs14,SOSS_HDU4_ordem_2,jw05959014001_04102_00001-seg004_nis_x1dints.fits,seg004,4,415,60694.0419098274,TDB-MID,3312.309577439137,4.790997024921635,1778,0.5867402182434889,1.4160298518951635,1785,0.9294053729286587,0.9323471383473205
TOI-2076_d,NIRISS_SOSS,obs14,SOSS_HDU4_ordem_2,jw05959014001_04102_00001-seg004_nis_x1dints.fits,seg004,4,416,60694.04198690625,TDB-MID,3531.9629273211353,4.791122176196351,1778,0.5867402182434889,1.4160298518951635,1786,0.9910382000510382,0.9941750464588616
TOI-2076_d,NIRISS_SOSS,obs14,SOSS_HDU4_ordem_2,jw05959014001_04102_00001-seg004_nis_x1dints.fits,seg004,4,417,60694.04206398511,TDB-MID,3492.5162140278994,4.7911936012607,1778,0.5867402182434889,1.4160298518951635,1787,0.9799697940273915,0.9830716065791296
TOI-2076_d,NIRISS_SOSS,obs14,SOSS_HDU4_ordem_2,jw05959014001_04102_00001-seg004_nis_x1dints.fits,seg004,4,418,60694.04214106397,TDB-MID,3440.278158379704,4.7911731349452165,1778,0.5867402182434889,1.4160298518951635,1788,0.9653122481501988,0.9683676664558524
TOI-2076_d,NIRISS_SOSS,obs14,SOSS_HDU4_ordem_2,jw05959014001_04102_00001-seg004_nis_x1dints.fits,seg004,4,419,60694.042218142815,TDB-MID,3256.108170850448,4.7909342163103785,1778,0.5867402182434889,1.4160298518951635,1789,0.9136357451120283,0.9165275963090519
TOI-2076_d,NIRISS_SOSS,obs14,SOSS_HDU4_ordem_2,jw05959014001_04102_00001-seg004_nis_x1dints.fits,seg004,4,420,60694.042295221676,TDB-MID,3514.572334312617,4.7912908522305395,1778,0.5867402182434889,1.4160298518951635,1790,0.9861585503073602,0.9892799515872672
TOI-2076_d,NIRISS_SOSS,obs14,SOSS_HDU4_ordem_2,jw05959014001_04102_00001-seg004_nis_x1dints.fits,seg004,4,421,60694.04237230052,TDB-MID,3499.186745800871,4.791138100257274,1778,0.5867402182434889,1.4160298518951635,1791,0.9818414874561453,0.9849492243151485
TOI-2076_d,NIRISS_SOSS,obs14,SOSS_HDU4_ordem_2,jw05959014001_04102_00001-seg004_nis_x1dints.fits,seg004,4,422,60694.042449379376,TDB-MID,3496.49832064245,4.791556946233156,1778,0.5867402182434889,1.4160298518951635,1792,0.9810871386464893,0.9841924878312801
TOI-2076_d,NIRISS_SOSS,obs14,SOSS_HDU4_ordem_2,jw05959014001_04102_00001-seg004_nis_x1dints.fits,seg004,4,423,60694.04252645823,TDB-MID,3712.5661747001814,4.791516765869927,1778,0.5867402182434889,1.4160298518951635,1793,1.0417139067016896,1.0450111524849992
TOI-2076_d,NIRISS_SOSS,obs14,SOSS_HDU4_ordem_2,jw05959014001_04102_00001-seg004_nis_x1dints.fits,seg004,4,424,60694.04260353709,TDB-MID,3562.6833466889966,4.791213880063958,1778,0.5867402182434889,1.4160298518951635,1794,0.9996580835950112,1.0028222137651854
TOI-2076_d,NIRISS_SOSS,obs14,SOSS_HDU4_ordem_2,jw05959014001_04102_00001-seg004_nis_x1dints.fits,seg004,4,425,60694.04268061594,TDB-MID,3727.647737750049,4.791522495367921,1778,0.5867402182434889,1.4160298518951635,1795,1.0459456626420707,1.0492563028317914
TOI-2076_d,NIRISS_SOSS,obs14,SOSS_HDU4_ordem_2,jw05959014001_04102_00001-seg004_nis_x1dints.fits,seg004,4,426,60694.04275769479,TDB-MID,3497.885034547618,4.791182939571947,1778,0.5867402182434889,1.4160298518951635,1796,0.9814762385551925,0.9845828193238424
TOI-2076_d,NIRISS_SOSS,obs14,SOSS_HDU4_ordem_2,jw05959014001_04102_00001-seg004_nis_x1dints.fits,seg004,4,427,60694.042834773645,TDB-MID,3646.4565322016824,4.792675711542441,1778,0.5867402182434889,1.4160298518951635,1797,1.023164113723703,1.0264026454721087
TOI-2076_d,NIRISS_SOSS,obs14,SOSS_HDU4_ordem_2,jw05959014001_04102_00001-seg004_nis_x1dints.fits,seg004,4,428,60694.042911852506,TDB-MID,3231.2126832647054,4.790887457318852,1778,0.5867402182434889,1.4160298518951635,1798,0.906650286964799,0.9095200277030179
TOI-2076_d,NIRISS_SOSS,obs14,SOSS_HDU4_ordem_2,jw05959014001_04102_00001-seg004_nis_x1dints.fits,seg004,4,429,60694.04298893136,TDB-MID,3300.6846027729553,4.790931311734282,1778,0.5867402182434889,1.4160298518951635,1799,0.9261435057443534,0.9290749466605296
TOI-2076_d,NIRISS_SOSS,obs14,SOSS_HDU4_ordem_2,jw05959014001_04102_00001-seg004_nis_x1dints.fits,seg004,4,430,60694.04306601021,TDB-MID,3638.8197388782646,4.791391465178202,1778,0.5867402182434889,1.4160298518951635,1800,1.0210212956746072,1.0242530449487353
TOI-2076_d,NIRISS_SOSS,obs14,SOSS_HDU4_ordem_2,jw05959014001_04102_00001-seg004_nis_x1dints.fits,seg004,4,431,60694.04314308907,TDB-MID,3736.707159862319,4.791664108079176,1778,0.5867402182434889,1.4160298518951635,1801,1.0484876580051012,1.0518063441500867
TOI-2076_d,NIRISS_SOSS,obs14,SOSS_HDU4_ordem_2,jw05959014001_04102_00001-seg004_nis_x1dints.fits,seg004,4,432,60694.04322016792,TDB-MID,3798.5032898443606,4.793133843068356,1778,0.5867402182434889,1.4160298518951635,1802,1.0658271167388804,1.0692006859538017
TOI-2076_d,NIRISS_SOSS,obs14,SOSS_HDU4_ordem_2,jw05959014001_04102_00001-seg004_nis_x1dints.fits,seg004,4,433,60694.043297246775,TDB-MID,3696.1383057112293,4.791420957456652,1778,0.5867402182434889,1.4160298518951635,1803,1.0371043889778346,1.0403870446584487
TOI-2076_d,NIRISS_SOSS,obs14,SOSS_HDU4_ordem_2,jw05959014001_04102_00001-seg004_nis_x1dints.fits,seg004,4,434,60694.04337432562,TDB-MID,3713.7647430495463,4.791454962391372,1778,0.5867402182434889,1.4160298518951635,1804,1.0420502145973372,1.045348524866571
TOI-2076_d,NIRISS_SOSS,obs14,SOSS_HDU4_ordem_2,jw05959014001_04102_00001-seg004_nis_x1dints.fits,seg004,4,435,60694.04345140448,TDB-MID,3566.697687004886,4.791246412361096,1778,0.5867402182434889,1.4160298518951635,1805,1.0007844727114645,1.0039521681424468
TOI-2076_d,NIRISS_SOSS,obs14,SOSS_HDU4_ordem_2,jw05959014001_04102_00001-seg004_nis_x1dints.fits,seg004,4,436,60694.04352848333,TDB-MID,3578.832072339994,4.7913151064045865,1778,0.5867402182434889,1.4160298518951635,1806,1.0041892761164515,1.0073677484734187
TOI-2076_d,NIRISS_SOSS,obs14,SOSS_HDU4_ordem_2,jw05959014001_04102_00001-seg004_nis_x1dints.fits,seg004,4,437,60694.04360556219,TDB-MID,3557.3018943540696,4.791259970050073,1778,0.5867402182434889,1.4160298518951635,1807,0.9981480946892919,1.0013074454238455
TOI-2076_d,NIRISS_SOSS,obs14,SOSS_HDU4_ordem_2,jw05959014001_04102_00001-seg004_nis_x1dints.fits,seg004,4,438,60694.04368264104,TDB-MID,3538.6763855240106,4.791191710668718,1778,0.5867402182434889,1.4160298518951635,1808,0.9929219382641516,0.9960647471035411
TOI-2076_d,NIRISS_SOSS,obs14,SOSS_HDU4_ordem_2,jw05959014001_04102_00001-seg004_nis_x1dints.fits,seg004,4,439,60694.0437597199,TDB-MID,3307.2092735791894,4.791015531296032,1778,0.5867402182434889,1.4160298518951635,1809,0.9279742718494326,0.9309115075292012
TOI-2076_d,NIRISS_SOSS,obs14,SOSS_HDU4_ordem_2,jw05959014001_04102_00001-seg004_nis_x1dints.fits,seg004,4,440,60694.043836798744,TDB-MID,3597.7203505682837,4.791333437331163,1778,0.5867402182434889,1.4160298518951635,1810,1.009489163358367,1.0126844109841944
TOI-2076_d,NIRISS_SOSS,obs14,SOSS_HDU4_ordem_2,jw05959014001_04102_00001-seg004_nis_x1dints.fits,seg004,4,441,60694.0439138776,TDB-MID,3740.2073972623502,4.791504105754019,1778,0.5867402182434889,1.4160298518951635,1811,1.0494697942970328,1.0527915891119959
TOI-2076_d,NIRISS_SOSS,obs14,SOSS_HDU4_ordem_2,jw05959014001_04102_00001-seg004_nis_x1dints.fits,seg004,4,442,60694.04399095646,TDB-MID,3791.6458536893724,4.791539561190589,1778,0.5867402182434889,1.4160298518951635,1812,1.0639029795596835,1.06727045847173
TOI-2076_d,NIRISS_SOSS,obs14,SOSS_HDU4_ordem_2,jw05959014001_04102_00001-seg004_nis_x1dints.fits,seg004,4,443,60694.04406803531,TDB-MID,3663.015448125985,4.791374779474182,1778,0.5867402182434889,1.4160298518951635,1813,1.0278104020823593,1.03106364032033
TOI-2076_d,NIRISS_SOSS,obs14,SOSS_HDU4_ordem_2,jw05959014001_04102_00001-seg004_nis_x1dints.fits,seg004,4,444,60694.04414511417,TDB-MID,3358.132999780912,4.791005127316802,1778,0.5867402182434889,1.4160298518951635,1814,0.9422630282699664,0.9452454908988552
TOI-2076_d,NIRISS_SOSS,obs14,SOSS_HDU4_ordem_2,jw05959014001_04102_00001-seg004_nis_x1dints.fits,seg004,4,445,60694.04422219301,TDB-MID,3406.1476408491053,4.791051191149353,1778,0.5867402182434889,1.4160298518951635,1815,0.9557355206034037,0.9587606265321961
TOI-2076_d,NIRISS_SOSS,obs14,SOSS_HDU4_ordem_2,jw05959014001_04102_00001-seg004_nis_x1dints.fits,seg004,4,446,60694.044299271874,TDB-MID,3588.0852700138466,4.7912856690791195,1778,0.5867402182434889,1.4160298518951635,1816,1.0067856432233868,1.0099723336337372
TOI-2076_d,NIRISS_SOSS,obs14,SOSS_HDU4_ordem_2,jw05959014001_04102_00001-seg004_nis_x1dints.fits,seg004,4,447,60694.04437635073,TDB-MID,3353.240175850513,4.791024786444446,1778,0.5867402182434889,1.4160298518951635,1817,0.9408901442615754,0.9438682614209658
TOI-2076_d,NIRISS_SOSS,obs14,SOSS_HDU4_ordem_2,jw05959014001_04102_00001-seg004_nis_x1dints.fits,seg004,4,448,60694.04445342958,TDB-MID,3622.9208905526593,4.7913314920472,1778,0.5867402182434889,1.4160298518951635,1818,1.0165602165659873,1.0197778455771667
TOI-2076_d,NIRISS_SOSS,obs14,SOSS_HDU4_ordem_2,jw05959014001_04102_00001-seg004_nis_x1dints.fits,seg004,4,449,60694.04453050843,TDB-MID,3674.9597512076116,4.791502334154056,1778,0.5867402182434889,1.4160298518951635,1819,1.0311618700537,1.0344257163996793
TOI-2076_d,NIRISS_SOSS,obs14,SOSS_HDU4_ordem_2,jw05959014001_04102_00001-seg005_nis_x1dints.fits,seg005,4,0,60694.04460758729,TDB-MID,3616.2137256220044,4.792255401079384,1778,0.5867402182434889,1.4160298518951635,1820,1.0146782441905402,1.0150104109015798
TOI-2076_d,NIRISS_SOSS,obs14,SOSS_HDU4_ordem_2,jw05959014001_04102_00001-seg005_nis_x1dints.fits,seg005,4,1,60694.04468466614,TDB-MID,3528.9191806374183,4.792067577491999,1778,0.5867402182434889,1.4160298518951635,1821,0.9901841510995305,0.990508299384642
TOI-2076_d,NIRISS_SOSS,obs14,SOSS_HDU4_ordem_2,jw05959014001_04102_00001-seg005_nis_x1dints.fits,seg005,4,2,60694.044761745,TDB-MID,3389.845629372256,4.791929877132191,1778,0.5867402182434889,1.4160298518951635,1822,0.9511613174071426,0.9514726911143057
TOI-2076_d,NIRISS_SOSS,obs14,SOSS_HDU4_ordem_2,jw05959014001_04102_00001-seg005_nis_x1dints.fits,seg005,4,3,60694.044838823844,TDB-MID,3652.9681463603565,4.792347488147547,1778,0.5867402182434889,1.4160298518951635,1823,1.0249912162465866,1.0253267590288375
TOI-2076_d,NIRISS_SOSS,obs14,SOSS_HDU4_ordem_2,jw05959014001_04102_00001-seg005_nis_x1dints.fits,seg005,4,4,60694.044915902705,TDB-MID,3583.9597980980075,4.792098150722442,1778,0.5867402182434889,1.4160298518951635,1824,1.0056280715427195,1.0059572755746045
TOI-2076_d,NIRISS_SOSS,obs14,SOSS_HDU4_ordem_2,jw05959014001_04102_00001-seg005_nis_x1dints.fits,seg005,4,5,60694.04499298155,TDB-MID,4045.379498602291,4.792799787476184,1778,0.5867402182434889,1.4160298518951635,1825,1.1350984422305248,1.1354700298923484
TOI-2076_d,NIRISS_SOSS,obs14,SOSS_HDU4_ordem_2,jw05959014001_04102_00001-seg005_nis_x1dints.fits,seg005,4,6,60694.04507006041,TDB-MID,3681.2952825782922,4.792301292851473,1778,0.5867402182434889,1.4160298518951635,1826,1.0329395652716757,1.0332777100383181
TOI-2076_d,NIRISS_SOSS,obs14,SOSS_HDU4_ordem_2,jw05959014001_04102_00001-seg005_nis_x1dints.fits,seg005,4,7,60694.045147139266,TDB-MID,3772.1479708250563,4.79313367858116,1778,0.5867402182434889,1.4160298518951635,1827,1.0584320425378972,1.058778532563126
TOI-2076_d,NIRISS_SOSS,obs14,SOSS_HDU4_ordem_2,jw05959014001_04102_00001-seg005_nis_x1dints.fits,seg005,4,8,60694.04522421812,TDB-MID,3572.5736396053567,4.792206842450669,1778,0.5867402182434889,1.4160298518951635,1828,1.0024332141078451,1.0027613722660331
TOI-2076_d,NIRISS_SOSS,obs14,SOSS_HDU4_ordem_2,jw05959014001_04102_00001-seg005_nis_x1dints.fits,seg005,4,9,60694.045301296974,TDB-MID,3846.334520738256,4.7924990493374535,1778,0.5867402182434889,1.4160298518951635,1829,1.0792481457662901,1.0796014501847373
TOI-2076_d,NIRISS_SOSS,obs14,SOSS_HDU4_ordem_2,jw05959014001_04102_00001-seg005_nis_x1dints.fits,seg005,4,10,60694.04537837583,TDB-MID,3790.4896298744843,4.792483271435991,1778,0.5867402182434889,1.4160298518951635,1830,1.0635785531735797,1.0639267279688538
TOI-2076_d,NIRISS_SOSS,obs14,SOSS_HDU4_ordem_2,jw05959014001_04102_00001-seg005_nis_x1dints.fits,seg005,4,11,60694.04545545468,TDB-MID,3734.5514367239707,4.7923871577483075,1778,0.5867402182434889,1.4160298518951635,1831,1.0478827807674862,1.0482258173693209
TOI-2076_d,NIRISS_SOSS,obs14,SOSS_HDU4_ordem_2,jw05959014001_04102_00001-seg005_nis_x1dints.fits,seg005,4,12,60694.045532533535,TDB-MID,3753.740669013652,4.7924001162355845,1778,0.5867402182434889,1.4160298518951635,1832,1.0532671131118665,1.0536119123374454
TOI-2076_d,NIRISS_SOSS,obs14,SOSS_HDU4_ordem_2,jw05959014001_04102_00001-seg005_nis_x1dints.fits,seg005,4,13,60694.04560961239,TDB-MID,3273.234451889272,4.79186603539687,1778,0.5867402182434889,1.4160298518951635,1833,0.9184412312067415,0.9187418936135684
TOI-2076_d,NIRISS_SOSS,obs14,SOSS_HDU4_ordem_2,jw05959014001_04102_00001-seg005_nis_x1dints.fits,seg005,4,14,60694.045686691235,TDB-MID,3776.7962204466244,4.792420542111818,1778,0.5867402182434889,1.4160298518951635,1834,1.0597363011139747,1.0600832181034006
TOI-2076_d,NIRISS_SOSS,obs14,SOSS_HDU4_ordem_2,jw05959014001_04102_00001-seg005_nis_x1dints.fits,seg005,4,15,60694.0457637701,TDB-MID,3294.5188984137794,4.791784591767477,1778,0.5867402182434889,1.4160298518951635,1835,0.9244134625145964,0.924716080000723
TOI-2076_d,NIRISS_SOSS,obs14,SOSS_HDU4_ordem_2,jw05959014001_04102_00001-seg005_nis_x1dints.fits,seg005,4,16,60694.04584084895,TDB-MID,3425.892531306413,4.792007884683416,1778,0.5867402182434889,1.4160298518951635,1836,0.9612757658159594,0.9615904506053115
TOI-2076_d,NIRISS_SOSS,obs14,SOSS_HDU4_ordem_2,jw05959014001_04102_00001-seg005_nis_x1dints.fits,seg005,4,17,60694.045917927804,TDB-MID,3532.716731625586,4.792529363167173,1778,0.5867402182434889,1.4160298518951635,1837,0.9912497110086687,0.9915742081171954
TOI-2076_d,NIRISS_SOSS,obs14,SOSS_HDU4_ordem_2,jw05959014001_04102_00001-seg005_nis_x1dints.fits,seg005,4,18,60694.04599500665,TDB-MID,3625.337324988392,4.7922230529535215,1778,0.5867402182434889,1.4160298518951635,1838,1.0172382471351094,1.0175712518928532
TOI-2076_d,NIRISS_SOSS,obs14,SOSS_HDU4_ordem_2,jw05959014001_04102_00001-seg005_nis_x1dints.fits,seg005,4,19,60694.04607208551,TDB-MID,3411.0662428290616,4.792132098296771,1778,0.5867402182434889,1.4160298518951635,1839,0.9571156377091856,0.9574289606322726
TOI-2076_d,NIRISS_SOSS,obs14,SOSS_HDU4_ordem_2,jw05959014001_04102_00001-seg005_nis_x1dints.fits,seg005,4,20,60694.046149164365,TDB-MID,3798.553138639965,4.792483263101244,1778,0.5867402182434889,1.4160298518951635,1840,1.0658411038790876,1.0661900193466196
TOI-2076_d,NIRISS_SOSS,obs14,SOSS_HDU4_ordem_2,jw05959014001_04102_00001-seg005_nis_x1dints.fits,seg005,4,21,60694.04622624322,TDB-MID,3530.349175279176,4.792141099258384,1778,0.5867402182434889,1.4160298518951635,1841,0.9905853952079802,0.990909674845012
TOI-2076_d,NIRISS_SOSS,obs14,SOSS_HDU4_ordem_2,jw05959014001_04102_00001-seg005_nis_x1dints.fits,seg005,4,22,60694.04630332207,TDB-MID,3591.5340143792514,4.792231694474149,1778,0.5867402182434889,1.4160298518951635,1842,1.0077533310158857,1.008083230776149
TOI-2076_d,NIRISS_SOSS,obs14,SOSS_HDU4_ordem_2,jw05959014001_04102_00001-seg005_nis_x1dints.fits,seg005,4,23,60694.04638040093,TDB-MID,3752.653153248046,4.792455771028964,1778,0.5867402182434889,1.4160298518951635,1843,1.0529619656091742,1.053306664941173
TOI-2076_d,NIRISS_SOSS,obs14,SOSS_HDU4_ordem_2,jw05959014001_04102_00001-seg005_nis_x1dints.fits,seg005,4,24,60694.04645747979,TDB-MID,3578.9044359028594,4.793660862874111,1778,0.5867402182434889,1.4160298518951635,1844,1.0042095807053069,1.0045383203777374
TOI-2076_d,NIRISS_SOSS,obs14,SOSS_HDU4_ordem_2,jw05959014001_04102_00001-seg005_nis_x1dints.fits,seg005,4,25,60694.046534558634,TDB-MID,3554.6236342685015,4.792175840952491,1778,0.5867402182434889,1.4160298518951635,1845,0.9973965981110187,0.9977231074744484
TOI-2076_d,NIRISS_SOSS,obs14,SOSS_HDU4_ordem_2,jw05959014001_04102_00001-seg005_nis_x1dints.fits,seg005,4,26,60694.04661163749,TDB-MID,3564.6780817143726,4.792180574402483,1778,0.5867402182434889,1.4160298518951635,1846,1.0002177889627646,1.0005452218757942
TOI-2076_d,NIRISS_SOSS,obs14,SOSS_HDU4_ordem_2,jw05959014001_04102_00001-seg005_nis_x1dints.fits,seg005,4,27,60694.04668871634,TDB-MID,3370.9798885887726,4.7921773675913695,1778,0.5867402182434889,1.4160298518951635,1847,0.9458677539769983,0.9461773947746757
TOI-2076_d,NIRISS_SOSS,obs14,SOSS_HDU4_ordem_2,jw05959014001_04102_00001-seg005_nis_x1dints.fits,seg005,4,28,60694.046765795196,TDB-MID,3887.784567793416,4.792590548608581,1778,0.5867402182434889,1.4160298518951635,1848,1.0908786698886748,1.0912357816943086
TOI-2076_d,NIRISS_SOSS,obs14,SOSS_HDU4_ordem_2,jw05959014001_04102_00001-seg005_nis_x1dints.fits,seg005,4,29,60694.04684287405,TDB-MID,3553.224976360237,4.7921980039190375,1778,0.5867402182434889,1.4160298518951635,1849,0.9970041468185175,0.9973305277084574
TOI-2076_d,NIRISS_SOSS,obs14,SOSS_HDU4_ordem_2,jw05959014001_04102_00001-seg005_nis_x1dints.fits,seg005,4,30,60694.0469199529,TDB-MID,3449.8800664171204,4.795672734433549,1778,0.5867402182434889,1.4160298518951635,1850,0.968006460364276,0.9683233485246808
TOI-2076_d,NIRISS_SOSS,obs14,SOSS_HDU4_ordem_2,jw05959014001_04102_00001-seg005_nis_x1dints.fits,seg005,4,31,60694.04699703176,TDB-MID,3360.174557263564,4.792065389848981,1778,0.5867402182434889,1.4160298518951635,1851,0.9428358716136089,0.9431445198893724
TOI-2076_d,NIRISS_SOSS,obs14,SOSS_HDU4_ordem_2,jw05959014001_04102_00001-seg005_nis_x1dints.fits,seg005,4,32,60694.04707411061,TDB-MID,3756.314115235705,4.792460129103367,1778,0.5867402182434889,1.4160298518951635,1852,1.0539891998280386,1.0543342354370928
TOI-2076_d,NIRISS_SOSS,obs14,SOSS_HDU4_ordem_2,jw05959014001_04102_00001-seg005_nis_x1dints.fits,seg005,4,33,60694.04715118946,TDB-MID,3326.532250803388,4.791862166227521,1778,0.5867402182434889,1.4160298518951635,1853,0.9333961318638074,0.9337016899310997
TOI-2076_d,NIRISS_SOSS,obs14,SOSS_HDU4_ordem_2,jw05959014001_04102_00001-seg005_nis_x1dints.fits,seg005,4,34,60694.04722826832,TDB-MID,3693.900403228417,4.792345927011761,1778,0.5867402182434889,1.4160298518951635,1854,1.0364764529280817,1.0368157555359876
TOI-2076_d,NIRISS_SOSS,obs14,SOSS_HDU4_ordem_2,jw05959014001_04102_00001-seg005_nis_x1dints.fits,seg005,4,35,60694.04730534717,TDB-MID,3435.181496221313,4.792122759847643,1778,0.5867402182434889,1.4160298518951635,1855,0.9638821689008814,0.9641977069265626
TOI-2076_d,NIRISS_SOSS,obs14,SOSS_HDU4_ordem_2,jw05959014001_04102_00001-seg005_nis_x1dints.fits,seg005,4,36,60694.047382426026,TDB-MID,3499.5356547725423,4.792125584833579,1778,0.5867402182434889,1.4160298518951635,1856,0.9819393882910017,0.9822608375572262
TOI-2076_d,NIRISS_SOSS,obs14,SOSS_HDU4_ordem_2,jw05959014001_04102_00001-seg005_nis_x1dints.fits,seg005,4,37,60694.04745950487,TDB-MID,3280.552542669398,4.7918504794251096,1778,0.5867402182434889,1.4160298518951635,1857,0.9204946240831064,0.9207959586919462
TOI-2076_d,NIRISS_SOSS,obs14,SOSS_HDU4_ordem_2,jw05959014001_04102_00001-seg005_nis_x1dints.fits,seg005,4,38,60694.047536583734,TDB-MID,3267.1925274014034,4.791913838833711,1778,0.5867402182434889,1.4160298518951635,1858,0.9167459195365697,0.9170460269634264
TOI-2076_d,NIRISS_SOSS,obs14,SOSS_HDU4_ordem_2,jw05959014001_04102_00001-seg005_nis_x1dints.fits,seg005,4,39,60694.047613662595,TDB-MID,3573.8047332531423,4.79223207776108,1778,0.5867402182434889,1.4160298518951635,1859,1.0027786483204633,1.0031069195605538
TOI-2076_d,NIRISS_SOSS,obs14,SOSS_HDU4_ordem_2,jw05959014001_04102_00001-seg005_nis_x1dints.fits,seg005,4,40,60694.04769074144,TDB-MID,3679.0864455467986,4.792313541250585,1778,0.5867402182434889,1.4160298518951635,1860,1.032319784735769,1.032657726610053
TOI-2076_d,NIRISS_SOSS,obs14,SOSS_HDU4_ordem_2,jw05959014001_04102_00001-seg005_nis_x1dints.fits,seg005,4,41,60694.047767820295,TDB-MID,3849.006062089943,4.792656127307818,1778,0.5867402182434889,1.4160298518951635,1861,1.0799977571260408,1.0803513069384751
TOI-2076_d,NIRISS_SOSS,obs14,SOSS_HDU4_ordem_2,jw05959014001_04102_00001-seg005_nis_x1dints.fits,seg005,4,42,60694.04784489915,TDB-MID,3511.566353541397,4.792243443064716,1778,0.5867402182434889,1.4160298518951635,1862,0.9853150981437336,0.985637652487795
TOI-2076_d,NIRISS_SOSS,obs14,SOSS_HDU4_ordem_2,jw05959014001_04102_00001-seg005_nis_x1dints.fits,seg005,4,43,60694.04792197801,TDB-MID,3554.5060675779196,4.7921191647468975,1778,0.5867402182434889,1.4160298518951635,1863,0.9973636099161203,0.9976901084804812
TOI-2076_d,NIRISS_SOSS,obs14,SOSS_HDU4_ordem_2,jw05959014001_04102_00001-seg005_nis_x1dints.fits,seg005,4,44,60694.04799905686,TDB-MID,3393.538049068969,4.793136936052634,1778,0.5867402182434889,1.4160298518951635,1864,0.9521973783866499,0.9525090912604107
TOI-2076_d,NIRISS_SOSS,obs14,SOSS_HDU4_ordem_2,jw05959014001_04102_00001-seg005_nis_x1dints.fits,seg005,4,45,60694.04807613571,TDB-MID,3487.7120178659993,4.792051850897484,1778,0.5867402182434889,1.4160298518951635,1865,0.9786217782030598,0.9789421414110804
TOI-2076_d,NIRISS_SOSS,obs14,SOSS_HDU4_ordem_2,jw05959014001_04102_00001-seg005_nis_x1dints.fits,seg005,4,46,60694.048153214564,TDB-MID,4045.4012226834852,4.792828600232813,1778,0.5867402182434889,1.4160298518951635,1866,1.1351045378195126,1.135476127476798
TOI-2076_d,NIRISS_SOSS,obs14,SOSS_HDU4_ordem_2,jw05959014001_04102_00001-seg005_nis_x1dints.fits,seg005,4,47,60694.04823029342,TDB-MID,3544.3443080891816,4.792304601980977,1778,0.5867402182434889,1.4160298518951635,1867,0.994512308234789,0.9948378733924201
TOI-2076_d,NIRISS_SOSS,obs14,SOSS_HDU4_ordem_2,jw05959014001_04102_00001-seg005_nis_x1dints.fits,seg005,4,48,60694.04830737227,TDB-MID,3584.869143363351,4.792400165420864,1778,0.5867402182434889,1.4160298518951635,1868,1.005883225946527,1.0062125135061704
TOI-2076_d,NIRISS_SOSS,obs14,SOSS_HDU4_ordem_2,jw05959014001_04102_00001-seg005_nis_x1dints.fits,seg005,4,49,60694.048384451125,TDB-MID,3476.4773191850554,4.792064378765353,1778,0.5867402182434889,1.4160298518951635,1869,0.9754694190792558,0.9757887503258953
TOI-2076_d,NIRISS_SOSS,obs14,SOSS_HDU4_ordem_2,jw05959014001_04102_00001-seg005_nis_x1dints.fits,seg005,4,50,60694.04846152998,TDB-MID,3358.159554990673,4.791947914786007,1778,0.5867402182434889,1.4160298518951635,1870,0.9422704794317778,0.9425789426198422
TOI-2076_d,NIRISS_SOSS,obs14,SOSS_HDU4_ordem_2,jw05959014001_04102_00001-seg005_nis_x1dints.fits,seg005,4,51,60694.04853860883,TDB-MID,3718.9378236489974,4.792406527764914,1778,0.5867402182434889,1.4160298518951635,1871,1.0435017361992038,1.0438433386152033
TOI-2076_d,NIRISS_SOSS,obs14,SOSS_HDU4_ordem_2,jw05959014001_04102_00001-seg005_nis_x1dints.fits,seg005,4,52,60694.04861568768,TDB-MID,3799.493638536642,4.792479757158477,1778,0.5867402182434889,1.4160298518951635,1872,1.066105000002555,1.066454001859549
TOI-2076_d,NIRISS_SOSS,obs14,SOSS_HDU4_ordem_2,jw05959014001_04102_00001-seg005_nis_x1dints.fits,seg005,4,53,60694.04869276654,TDB-MID,3587.420023733978,4.792495644801215,1778,0.5867402182434889,1.4160298518951635,1873,1.0065989808802767,1.0069285027506127
TOI-2076_d,NIRISS_SOSS,obs14,SOSS_HDU4_ordem_2,jw05959014001_04102_00001-seg005_nis_x1dints.fits,seg005,4,54,60694.048769845394,TDB-MID,3933.714061778503,4.792646165559392,1778,0.5867402182434889,1.4160298518951635,1874,1.1037660880141984,1.1041274186658723
TOI-2076_d,NIRISS_SOSS,obs14,SOSS_HDU4_ordem_2,jw05959014001_04102_00001-seg005_nis_x1dints.fits,seg005,4,55,60694.04884692425,TDB-MID,3446.3760388889295,4.792087900933936,1778,0.5867402182434889,1.4160298518951635,1875,0.9670232605952168,0.9673398268937552
TOI-2076_d,NIRISS_SOSS,obs14,SOSS_HDU4_ordem_2,jw05959014001_04102_00001-seg005_nis_x1dints.fits,seg005,4,56,60694.048924003095,TDB-MID,3809.7731001899,4.792575554215074,1778,0.5867402182434889,1.4160298518951635,1876,1.068989327891598,1.0693392739668346
TOI-2076_d,NIRISS_SOSS,obs14,SOSS_HDU4_ordem_2,jw05959014001_04102_00001-seg005_nis_x1dints.fits,seg005,4,57,60694.049001081956,TDB-MID,3204.523547362782,4.7917579245045605,1778,0.5867402182434889,1.4160298518951635,1877,0.8991615466384046,0.8994558976165106
TOI-2076_d,NIRISS_SOSS,obs14,SOSS_HDU4_ordem_2,jw05959014001_04102_00001-seg005_nis_x1dints.fits,seg005,4,58,60694.04907816082,TDB-MID,3565.550684594323,4.792197611374542,1778,0.5867402182434889,1.4160298518951635,1878,1.0004626337715294,1.0007901468373517
TOI-2076_d,NIRISS_SOSS,obs14,SOSS_HDU4_ordem_2,jw05959014001_04102_00001-seg005_nis_x1dints.fits,seg005,4,59,60694.04915523966,TDB-MID,3581.514795183465,4.792184652997132,1778,0.5867402182434889,1.4160298518951635,1879,1.0049420249059318,1.0052710043524802
TOI-2076_d,NIRISS_SOSS,obs14,SOSS_HDU4_ordem_2,jw05959014001_04102_00001-seg005_nis_x1dints.fits,seg005,4,60,60694.04923231852,TDB-MID,3329.6135881845594,4.791867646179811,1778,0.5867402182434889,1.4160298518951635,1880,0.934260728439373,0.9345665695423986
TOI-2076_d,NIRISS_SOSS,obs14,SOSS_HDU4_ordem_2,jw05959014001_04102_00001-seg005_nis_x1dints.fits,seg005,4,61,60694.04930939737,TDB-MID,3301.1303493777764,4.791836652538223,1778,0.5867402182434889,1.4160298518951635,1881,0.9262685783801684,0.926571803160025
TOI-2076_d,NIRISS_SOSS,obs14,SOSS_HDU4_ordem_2,jw05959014001_04102_00001-seg005_nis_x1dints.fits,seg005,4,62,60694.04938647623,TDB-MID,3515.175987529306,4.792059827027521,1778,0.5867402182434889,1.4160298518951635,1882,0.9863279301705221,0.9866508160769137
TOI-2076_d,NIRISS_SOSS,obs14,SOSS_HDU4_ordem_2,jw05959014001_04102_00001-seg005_nis_x1dints.fits,seg005,4,63,60694.04946355508,TDB-MID,3638.103882533238,4.792286892953906,1778,0.5867402182434889,1.4160298518951635,1883,1.0208204325856483,1.0211546100134146
TOI-2076_d,NIRISS_SOSS,obs14,SOSS_HDU4_ordem_2,jw05959014001_04102_00001-seg005_nis_x1dints.fits,seg005,4,64,60694.04954063393,TDB-MID,3758.1677727872175,4.792406946026377,1778,0.5867402182434889,1.4160298518951635,1884,1.0545093200787785,1.054854525955239
TOI-2076_d,NIRISS_SOSS,obs14,SOSS_HDU4_ordem_2,jw05959014001_04102_00001-seg005_nis_x1dints.fits,seg005,4,65,60694.049617712786,TDB-MID,3515.923097837792,4.79234987156178,1778,0.5867402182434889,1.4160298518951635,1885,0.986537562850875,0.98686051738296
TOI-2076_d,NIRISS_SOSS,obs14,SOSS_HDU4_ordem_2,jw05959014001_04102_00001-seg005_nis_x1dints.fits,seg005,4,66,60694.04969479165,TDB-MID,3713.9131683943033,4.792324512950852,1778,0.5867402182434889,1.4160298518951635,1886,1.0420918614632688,1.0424330023403945
TOI-2076_d,NIRISS_SOSS,obs14,SOSS_HDU4_ordem_2,jw05959014001_04102_00001-seg005_nis_x1dints.fits,seg005,4,67,60694.049771870494,TDB-MID,3747.767555176332,4.792062470468668,1778,0.5867402182434889,1.4160298518951635,1887,1.0515911091141328,1.0519353596803322
TOI-2076_d,NIRISS_SOSS,obs14,SOSS_HDU4_ordem_2,jw05959014001_04102_00001-seg005_nis_x1dints.fits,seg005,4,68,60694.04984894935,TDB-MID,3599.7469619360727,4.792190653055655,1778,0.5867402182434889,1.4160298518951635,1888,1.010057812951657,1.0103884671108538
TOI-2076_d,NIRISS_SOSS,obs14,SOSS_HDU4_ordem_2,jw05959014001_04102_00001-seg005_nis_x1dints.fits,seg005,4,69,60694.0499260282,TDB-MID,3604.1598150616337,4.793408952752011,1778,0.5867402182434889,1.4160298518951635,1889,1.0112960213101923,1.0116270808112797
TOI-2076_d,NIRISS_SOSS,obs14,SOSS_HDU4_ordem_2,jw05959014001_04102_00001-seg005_nis_x1dints.fits,seg005,4,70,60694.050003107055,TDB-MID,3747.2816371043823,4.792341920542398,1778,0.5867402182434889,1.4160298518951635,1890,1.0514547647126464,1.0517989706449222
TOI-2076_d,NIRISS_SOSS,obs14,SOSS_HDU4_ordem_2,jw05959014001_04102_00001-seg005_nis_x1dints.fits,seg005,4,71,60694.05008018591,TDB-MID,3383.9821881671414,4.791979963785443,1778,0.5867402182434889,1.4160298518951635,1891,0.9495160865999129,0.9498269217216582
TOI-2076_d,NIRISS_SOSS,obs14,SOSS_HDU4_ordem_2,jw05959014001_04102_00001-seg005_nis_x1dints.fits,seg005,4,72,60694.05015726476,TDB-MID,3362.853299073443,4.791977623004751,1778,0.5867402182434889,1.4160298518951635,1892,0.9435875033595507,0.9438963976906981
TOI-2076_d,NIRISS_SOSS,obs14,SOSS_HDU4_ordem_2,jw05959014001_04102_00001-seg005_nis_x1dints.fits,seg005,4,73,60694.05023434362,TDB-MID,3251.4515844668413,4.7919335302966575,1778,0.5867402182434889,1.4160298518951635,1893,0.912329147312744,0.9126278088579023
TOI-2076_d,NIRISS_SOSS,obs14,SOSS_HDU4_ordem_2,jw05959014001_04102_00001-seg005_nis_x1dints.fits,seg005,4,74,60694.05031142247,TDB-MID,3174.5763092068137,4.791695541757046,1778,0.5867402182434889,1.4160298518951635,1894,0.8907586110444285,0.8910502112239485
TOI-2076_d,NIRISS_SOSS,obs14,SOSS_HDU4_ordem_2,jw05959014001_04102_00001-seg005_nis_x1dints.fits,seg005,4,75,60694.05038850132,TDB-MID,3548.297251057116,4.792211336636731,1778,0.5867402182434889,1.4160298518951635,1895,0.9956214697872907,0.9959473980418415
TOI-2076_d,NIRISS_SOSS,obs14,SOSS_HDU4_ordem_2,jw05959014001_04102_00001-seg005_nis_x1dints.fits,seg005,4,76,60694.05046558018,TDB-MID,3064.4917368791903,4.7916519817037475,1778,0.5867402182434889,1.4160298518951635,1896,0.8598698337107142,0.8601513220901303
TOI-2076_d,NIRISS_SOSS,obs14,SOSS_HDU4_ordem_2,jw05959014001_04102_00001-seg005_nis_x1dints.fits,seg005,4,77,60694.05054265903,TDB-MID,3760.9113326515367,4.7923845450724905,1778,0.5867402182434889,1.4160298518951635,1897,1.0552791392092782,1.0556245970949742
TOI-2076_d,NIRISS_SOSS,obs14,SOSS_HDU4_ordem_2,jw05959014001_04102_00001-seg005_nis_x1dints.fits,seg005,4,78,60694.050619737885,TDB-MID,3685.637343566391,4.7923917844944475,1778,0.5867402182434889,1.4160298518951635,1898,1.0341579099697105,1.0344964535756438
TOI-2076_d,NIRISS_SOSS,obs14,SOSS_HDU4_ordem_2,jw05959014001_04102_00001-seg005_nis_x1dints.fits,seg005,4,79,60694.05069681674,TDB-MID,4003.360993094219,4.792648914680948,1778,0.5867402182434889,1.4160298518951635,1899,1.1233084135908025,1.1236761416497827
TOI-2076_d,NIRISS_SOSS,obs14,SOSS_HDU4_ordem_2,jw05959014001_04102_00001-seg005_nis_x1dints.fits,seg005,4,80,60694.05077389559,TDB-MID,3853.7812766862444,4.79249972116625,1778,0.5867402182434889,1.4160298518951635,1900,1.0813376409741324,1.0816916294131103
TOI-2076_d,NIRISS_SOSS,obs14,SOSS_HDU4_ordem_2,jw05959014001_04102_00001-seg005_nis_x1dints.fits,seg005,4,81,60694.050850974454,TDB-MID,3701.3973742656394,4.792955582546218,1778,0.5867402182434889,1.4160298518951635,1901,1.0385800380549501,1.0389200292958853
TOI-2076_d,NIRISS_SOSS,obs14,SOSS_HDU4_ordem_2,jw05959014001_04102_00001-seg005_nis_x1dints.fits,seg005,4,82,60694.0509280533,TDB-MID,3272.5357499385864,4.7919478640822115,1778,0.5867402182434889,1.4160298518951635,1902,0.9182451814922263,0.9185457797199016
TOI-2076_d,NIRISS_SOSS,obs14,SOSS_HDU4_ordem_2,jw05959014001_04102_00001-seg005_nis_x1dints.fits,seg005,4,83,60694.051005132154,TDB-MID,3563.732484857987,4.7930305865198,1778,0.5867402182434889,1.4160298518951635,1903,0.9999524626765577,1.000279808731945
TOI-2076_d,NIRISS_SOSS,obs14,SOSS_HDU4_ordem_2,jw05959014001_04102_00001-seg005_nis_x1dints.fits,seg005,4,84,60694.05108221101,TDB-MID,3638.472433272045,4.792243019849334,1778,0.5867402182434889,1.4160298518951635,1904,1.0209238447302065,1.0212580560111397
TOI-2076_d,NIRISS_SOSS,obs14,SOSS_HDU4_ordem_2,jw05959014001_04102_00001-seg005_nis_x1dints.fits,seg005,4,85,60694.05115928987,TDB-MID,3278.6950594097307,4.791895855793832,1778,0.5867402182434889,1.4160298518951635,1905,0.9199734303718005,0.920274594361824
TOI-2076_d,NIRISS_SOSS,obs14,SOSS_HDU4_ordem_2,jw05959014001_04102_00001-seg005_nis_x1dints.fits,seg005,4,86,60694.051236368716,TDB-MID,3365.9123772825624,4.7919746736079585,1778,0.5867402182434889,1.4160298518951635,1906,0.9444458542042693,0.9447550295265374
TOI-2076_d,NIRISS_SOSS,obs14,SOSS_HDU4_ordem_2,jw05959014001_04102_00001-seg005_nis_x1dints.fits,seg005,4,87,60694.05131344757,TDB-MID,3188.6479024768087,4.791703334698942,1778,0.5867402182434889,1.4160298518951635,1907,0.8947069782139343,0.8949998709373164
TOI-2076_d,NIRISS_SOSS,obs14,SOSS_HDU4_ordem_2,jw05959014001_04102_00001-seg005_nis_x1dints.fits,seg005,4,88,60694.05139052642,TDB-MID,3441.7854308455035,4.792050057499345,1778,0.5867402182434889,1.4160298518951635,1908,0.9657351757466176,0.9660513203756167
TOI-2076_d,NIRISS_SOSS,obs14,SOSS_HDU4_ordem_2,jw05959014001_04102_00001-seg005_nis_x1dints.fits,seg005,4,89,60694.05146760528,TDB-MID,3750.0596745385783,4.7923714212386885,1778,0.5867402182434889,1.4160298518951635,1909,1.0522342579505748,1.0525787190590175
TOI-2076_d,NIRISS_SOSS,obs14,SOSS_HDU4_ordem_2,jw05959014001_04102_00001-seg005_nis_x1dints.fits,seg005,4,90,60694.05154468413,TDB-MID,3302.8422150599754,4.791862747727926,1778,0.5867402182434889,1.4160298518951635,1910,0.9267489130607203,0.9270522950837147
TOI-2076_d,NIRISS_SOSS,obs14,SOSS_HDU4_ordem_2,jw05959014001_04102_00001-seg005_nis_x1dints.fits,seg005,4,91,60694.051621762985,TDB-MID,3363.290169428919,4.792280233783479,1778,0.5867402182434889,1.4160298518951635,1911,0.9437100853966942,0.9440190198564956
TOI-2076_d,NIRISS_SOSS,obs14,SOSS_HDU4_ordem_2,jw05959014001_04102_00001-seg005_nis_x1dints.fits,seg005,4,92,60694.05169884184,TDB-MID,3569.911594692242,4.792203283108523,1778,0.5867402182434889,1.4160298518951635,1912,1.0016862673664904,1.0020141810029852
TOI-2076_d,NIRISS_SOSS,obs14,SOSS_HDU4_ordem_2,jw05959014001_04102_00001-seg005_nis_x1dints.fits,seg005,4,93,60694.05177592069,TDB-MID,3833.8224490723733,4.792571800970377,1778,0.5867402182434889,1.4160298518951635,1913,1.0757373668487802,1.0760895219729631
TOI-2076_d,NIRISS_SOSS,obs14,SOSS_HDU4_ordem_2,jw05959014001_04102_00001-seg005_nis_x1dints.fits,seg005,4,94,60694.05185299954,TDB-MID,3613.2619223597344,4.792169023496215,1778,0.5867402182434889,1.4160298518951635,1914,1.0138499937665857,1.014181889340227
TOI-2076_d,NIRISS_SOSS,obs14,SOSS_HDU4_ordem_2,jw05959014001_04102_00001-seg005_nis_x1dints.fits,seg005,4,95,60694.0519300784,TDB-MID,3906.720776211357,4.792688915532756,1778,0.5867402182434889,1.4160298518951635,1915,1.0961920059265877,1.0965508571145
TOI-2076_d,NIRISS_SOSS,obs14,SOSS_HDU4_ordem_2,jw05959014001_04102_00001-seg005_nis_x1dints.fits,seg005,4,96,60694.052007157254,TDB-MID,3989.053032419749,4.792687524718102,1778,0.5867402182434889,1.4160298518951635,1916,1.1192937237752492,1.1196601375788784
TOI-2076_d,NIRISS_SOSS,obs14,SOSS_HDU4_ordem_2,jw05959014001_04102_00001-seg005_nis_x1dints.fits,seg005,4,97,60694.05208423611,TDB-MID,4001.3856516772903,4.7926575043508794,1778,0.5867402182434889,1.4160298518951635,1917,1.1227541499015727,1.1231216965158954
TOI-2076_d,NIRISS_SOSS,obs14,SOSS_HDU4_ordem_2,jw05959014001_04102_00001-seg005_nis_x1dints.fits,seg005,4,98,60694.052161314954,TDB-MID,4045.052021496809,4.792762875707188,1778,0.5867402182434889,1.4160298518951635,1918,1.1350065549916573,1.1353781125731257
TOI-2076_d,NIRISS_SOSS,obs14,SOSS_HDU4_ordem_2,jw05959014001_04102_00001-seg005_nis_x1dints.fits,seg005,4,99,60694.052238393815,TDB-MID,3520.7784683156074,4.792626206995622,1778,0.5867402182434889,1.4160298518951635,1919,0.98789993774493,0.9882233382662636
TOI-2076_d,NIRISS_SOSS,obs14,SOSS_HDU4_ordem_2,jw05959014001_04102_00001-seg005_nis_x1dints.fits,seg005,4,100,60694.05231547267,TDB-MID,3436.404867697931,4.792049048102423,1778,0.5867402182434889,1.4160298518951635,1920,0.964225436339167,0.964541086737432
TOI-2076_d,NIRISS_SOSS,obs14,SOSS_HDU4_ordem_2,jw05959014001_04102_00001-seg005_nis_x1dints.fits,seg005,4,101,60694.05239255152,TDB-MID,3139.225364080531,4.791660983245475,1778,0.5867402182434889,1.4160298518951635,1921,0.8808394420868353,0.8811277951111631
TOI-2076_d,NIRISS_SOSS,obs14,SOSS_HDU4_ordem_2,jw05959014001_04102_00001-seg005_nis_x1dints.fits,seg005,4,102,60694.05246963037,TDB-MID,3677.511921286964,4.792375336520259,1778,0.5867402182434889,1.4160298518951635,1922,1.0318779868685455,1.0322157841151651
TOI-2076_d,NIRISS_SOSS,obs14,SOSS_HDU4_ordem_2,jw05959014001_04102_00001-seg005_nis_x1dints.fits,seg005,4,103,60694.05254670923,TDB-MID,3334.700473836265,4.791858255983189,1778,0.5867402182434889,1.4160298518951635,1923,0.9356880644856082,0.9359943728436702
TOI-2076_d,NIRISS_SOSS,obs14,SOSS_HDU4_ordem_2,jw05959014001_04102_00001-seg005_nis_x1dints.fits,seg005,4,104,60694.052623788084,TDB-MID,3628.3524425727946,4.792283550109418,1778,0.5867402182434889,1.4160298518951635,1924,1.018084263009363,1.0184175447202315
TOI-2076_d,NIRISS_SOSS,obs14,SOSS_HDU4_ordem_2,jw05959014001_04102_00001-seg005_nis_x1dints.fits,seg005,4,105,60694.05270086694,TDB-MID,3313.508224265111,4.7919194050217175,1778,0.5867402182434889,1.4160298518951635,1925,0.929741702844163,0.9300460645916612
TOI-2076_d,NIRISS_SOSS,obs14,SOSS_HDU4_ordem_2,jw05959014001_04102_00001-seg005_nis_x1dints.fits,seg005,4,106,60694.052777945784,TDB-MID,3441.48592546893,4.791981634249401,1778,0.5867402182434889,1.4160298518951635,1926,0.9656511371325628,0.9659672542505453
TOI-2076_d,NIRISS_SOSS,obs14,SOSS_HDU4_ordem_2,jw05959014001_04102_00001-seg005_nis_x1dints.fits,seg005,4,107,60694.052855024645,TDB-MID,3509.2752290760122,4.793103497160312,1778,0.5867402182434889,1.4160298518951635,1927,0.9846722284667323,0.9849945723599365
TOI-2076_d,NIRISS_SOSS,obs14,SOSS_HDU4_ordem_2,jw05959014001_04102_00001-seg005_nis_x1dints.fits,seg005,4,108,60694.0529321035,TDB-MID,3451.5765953478844,4.792088818059703,1778,0.5867402182434889,1.4160298518951635,1928,0.9684824916852373,0.9687995356800252
TOI-2076_d,NIRISS_SOSS,obs14,SOSS_HDU4_ordem_2,jw05959014001_04102_00001-seg005_nis_x1dints.fits,seg005,4,109,60694.05300918235,TDB-MID,3630.4058225050894,4.792311386149222,1778,0.5867402182434889,1.4160298518951635,1929,1.0186604236299575,1.0189938939536987
TOI-2076_d,NIRISS_SOSS,obs14,SOSS_HDU4_ordem_2,jw05959014001_04102_00001-seg005_nis_x1dints.fits,seg005,4,110,60694.05308626121,TDB-MID,3436.9797047532575,4.792009051035439,1778,0.5867402182434889,1.4160298518951635,1930,0.9643867306370847,0.9647024338369119
TOI-2076_d,NIRISS_SOSS,obs14,SOSS_HDU4_ordem_2,jw05959014001_04102_00001-seg005_nis_x1dints.fits,seg005,4,111,60694.05316334006,TDB-MID,3376.5519745261918,4.792040415459709,1778,0.5867402182434889,1.4160298518951635,1931,0.94743123302012,0.9477413856408256
TOI-2076_d,NIRISS_SOSS,obs14,SOSS_HDU4_ordem_2,jw05959014001_04102_00001-seg005_nis_x1dints.fits,seg005,4,112,60694.053240418914,TDB-MID,3633.82829218584,4.792409264841888,1778,0.5867402182434889,1.4160298518951635,1932,1.0196207389735596,1.0199545236676848
TOI-2076_d,NIRISS_SOSS,obs14,SOSS_HDU4_ordem_2,jw05959014001_04102_00001-seg005_nis_x1dints.fits,seg005,4,113,60694.05331749777,TDB-MID,3746.2559834224626,4.792319626897161,1778,0.5867402182434889,1.4160298518951635,1933,1.0511669751747261,1.0515110868957533
TOI-2076_d,NIRISS_SOSS,obs14,SOSS_HDU4_ordem_2,jw05959014001_04102_00001-seg005_nis_x1dints.fits,seg005,4,114,60694.05339457662,TDB-MID,3654.026818038662,4.792296173978661,1778,0.5867402182434889,1.4160298518951635,1934,1.0252882703482582,1.0256239103746203
TOI-2076_d,NIRISS_SOSS,obs14,SOSS_HDU4_ordem_2,jw05959014001_04102_00001-seg005_nis_x1dints.fits,seg005,4,115,60694.053471655476,TDB-MID,3547.1781839074374,4.792107196157136,1778,0.5867402182434889,1.4160298518951635,1935,0.9953074692395572,0.9956332947023808
TOI-2076_d,NIRISS_SOSS,obs14,SOSS_HDU4_ordem_2,jw05959014001_04102_00001-seg005_nis_x1dints.fits,seg005,4,116,60694.05354873433,TDB-MID,3434.5737389680726,4.792053419301514,1778,0.5867402182434889,1.4160298518951635,1936,0.9637116374806164,0.9640271196808561
TOI-2076_d,NIRISS_SOSS,obs14,SOSS_HDU4_ordem_2,jw05959014001_04102_00001-seg005_nis_x1dints.fits,seg005,4,117,60694.053625813176,TDB-MID,3464.4387092224542,4.7920574943315595,1778,0.5867402182434889,1.4160298518951635,1937,0.9720914894140932,0.9724097148562144
TOI-2076_d,NIRISS_SOSS,obs14,SOSS_HDU4_ordem_2,jw05959014001_04102_00001-seg005_nis_x1dints.fits,seg005,4,118,60694.05370289204,TDB-MID,3407.6845154914317,4.7919360155957635,1778,0.5867402182434889,1.4160298518951635,1938,0.9561667543141127,0.9564797666091969
TOI-2076_d,NIRISS_SOSS,obs14,SOSS_HDU4_ordem_2,jw05959014001_04102_00001-seg005_nis_x1dints.fits,seg005,4,119,60694.05377997089,TDB-MID,3405.7653408412,4.791976021586881,1778,0.5867402182434889,1.4160298518951635,1939,0.9556282505330462,0.9559410865426617
TOI-2076_d,NIRISS_SOSS,obs14,SOSS_HDU4_ordem_2,jw05959014001_04102_00001-seg005_nis_x1dints.fits,seg005,4,120,60694.053857049745,TDB-MID,3636.7550629768425,4.7923267906102724,1778,0.5867402182434889,1.4160298518951635,1940,1.0204419655029322,1.0207760190351023
TOI-2076_d,NIRISS_SOSS,obs14,SOSS_HDU4_ordem_2,jw05959014001_04102_00001-seg005_nis_x1dints.fits,seg005,4,121,60694.05393412859,TDB-MID,3648.221061494961,4.792326005389291,1778,0.5867402182434889,1.4160298518951635,1941,1.0236592253572996,1.0239943320968588
TOI-2076_d,NIRISS_SOSS,obs14,SOSS_HDU4_ordem_2,jw05959014001_04102_00001-seg005_nis_x1dints.fits,seg005,4,122,60694.05401120745,TDB-MID,3510.704794044882,4.792165406057221,1778,0.5867402182434889,1.4160298518951635,1942,0.9850733520126919,0.9853958272183487
TOI-2076_d,NIRISS_SOSS,obs14,SOSS_HDU4_ordem_2,jw05959014001_04102_00001-seg005_nis_x1dints.fits,seg005,4,123,60694.054088286306,TDB-MID,3928.241510969166,4.792659160075183,1778,0.5867402182434889,1.4160298518951635,1943,1.1022305376657446,1.1025913656371733
TOI-2076_d,NIRISS_SOSS,obs14,SOSS_HDU4_ordem_2,jw05959014001_04102_00001-seg005_nis_x1dints.fits,seg005,4,124,60694.05416536516,TDB-MID,3663.3024256427066,4.792302767265354,1778,0.5867402182434889,1.4160298518951635,1944,1.0278909254874684,1.028227417523226
TOI-2076_d,NIRISS_SOSS,obs14,SOSS_HDU4_ordem_2,jw05959014001_04102_00001-seg005_nis_x1dints.fits,seg005,4,125,60694.05424244401,TDB-MID,3302.720608660621,4.7918057680341155,1778,0.5867402182434889,1.4160298518951635,1945,0.9267147913585363,0.9270181622113951
TOI-2076_d,NIRISS_SOSS,obs14,SOSS_HDU4_ordem_2,jw05959014001_04102_00001-seg005_nis_x1dints.fits,seg005,4,126,60694.05431952287,TDB-MID,3299.2288443397933,4.791950955487478,1778,0.5867402182434889,1.4160298518951635,1946,0.9257350325392272,0.9260380826566544
TOI-2076_d,NIRISS_SOSS,obs14,SOSS_HDU4_ordem_2,jw05959014001_04102_00001-seg005_nis_x1dints.fits,seg005,4,127,60694.05439660172,TDB-MID,3377.756133188057,4.791917530890293,1778,0.5867402182434889,1.4160298518951635,1947,0.9477691095090264,0.9480793727375257
TOI-2076_d,NIRISS_SOSS,obs14,SOSS_HDU4_ordem_2,jw05959014001_04102_00001-seg005_nis_x1dints.fits,seg005,4,128,60694.054473680575,TDB-MID,3224.9967260387593,4.79186453352872,1778,0.5867402182434889,1.4160298518951635,1948,0.9049061432159663,0.9052023747544985
TOI-2076_d,NIRISS_SOSS,obs14,SOSS_HDU4_ordem_2,jw05959014001_04102_00001-seg005_nis_x1dints.fits,seg005,4,129,60694.05455075942,TDB-MID,3402.563089408955,4.792007737174968,1778,0.5867402182434889,1.4160298518951635,1949,0.9547297265222265,0.9550422683895686
TOI-2076_d,NIRISS_SOSS,obs14,SOSS_HDU4_ordem_2,jw05959014001_04102_00001-seg005_nis_x1dints.fits,seg005,4,130,60694.05462783828,TDB-MID,3431.6304408209894,4.79197651063232,1778,0.5867402182434889,1.4160298518951635,1950,0.9628857735183037,0.9632009853623811
TOI-2076_d,NIRISS_SOSS,obs14,SOSS_HDU4_ordem_2,jw05959014001_04102_00001-seg005_nis_x1dints.fits,seg005,4,131,60694.05470491713,TDB-MID,3554.4806404810593,4.79224342834845,1778,0.5867402182434889,1.4160298518951635,1951,0.997356475293016,0.9976829715217751
TOI-2076_d,NIRISS_SOSS,obs14,SOSS_HDU4_ordem_2,jw05959014001_04102_00001-seg005_nis_x1dints.fits,seg005,4,132,60694.05478199599,TDB-MID,3700.5229384258873,4.792319650054577,1778,0.5867402182434889,1.4160298518951635,1952,1.0383346789335437,1.0386745898533198
TOI-2076_d,NIRISS_SOSS,obs14,SOSS_HDU4_ordem_2,jw05959014001_04102_00001-seg005_nis_x1dints.fits,seg005,4,133,60694.05485907484,TDB-MID,3605.7324312451206,4.7922734226777175,1778,0.5867402182434889,1.4160298518951635,1953,1.0117372837877223,1.012068487741208
TOI-2076_d,NIRISS_SOSS,obs14,SOSS_HDU4_ordem_2,jw05959014001_04102_00001-seg005_nis_x1dints.fits,seg005,4,134,60694.0549361537,TDB-MID,3806.9735703743436,4.792481944271965,1778,0.5867402182434889,1.4160298518951635,1954,1.0682038040776485,1.0685534930025387
TOI-2076_d,NIRISS_SOSS,obs14,SOSS_HDU4_ordem_2,jw05959014001_04102_00001-seg005_nis_x1dints.fits,seg005,4,135,60694.055013232544,TDB-MID,3760.173328755211,4.792363373104539,1778,0.5867402182434889,1.4160298518951635,1955,1.0550720617092886,1.0554174518057595
TOI-2076_d,NIRISS_SOSS,obs14,SOSS_HDU4_ordem_2,jw05959014001_04102_00001-seg005_nis_x1dints.fits,seg005,4,136,60694.0550903114,TDB-MID,3863.2727051762113,4.793326217580856,1778,0.5867402182434889,1.4160298518951635,1956,1.0840008535842784,1.0843557138568434
TOI-2076_d,NIRISS_SOSS,obs14,SOSS_HDU4_ordem_2,jw05959014001_04102_00001-seg005_nis_x1dints.fits,seg005,4,137,60694.05516739025,TDB-MID,3710.4015863468867,4.792285637974664,1778,0.5867402182434889,1.4160298518951635,1957,1.0411065419615597,1.0414473602828997
TOI-2076_d,NIRISS_SOSS,obs14,SOSS_HDU4_ordem_2,jw05959014001_04102_00001-seg005_nis_x1dints.fits,seg005,4,138,60694.05524446911,TDB-MID,3588.332340242033,4.79220254303398,1778,0.5867402182434889,1.4160298518951635,1958,1.0068549689890494,1.0071845746600665
TOI-2076_d,NIRISS_SOSS,obs14,SOSS_HDU4_ordem_2,jw05959014001_04102_00001-seg005_nis_x1dints.fits,seg005,4,139,60694.05532154796,TDB-MID,3478.4923933406435,4.792381204353366,1778,0.5867402182434889,1.4160298518951635,1959,0.976034831430749,0.9763543477716903
TOI-2076_d,NIRISS_SOSS,obs14,SOSS_HDU4_ordem_2,jw05959014001_04102_00001-seg005_nis_x1dints.fits,seg005,4,140,60694.05539862681,TDB-MID,3355.6671457102952,4.791955993613197,1778,0.5867402182434889,1.4160298518951635,1960,0.9415711309794175,0.9418793652276416
TOI-2076_d,NIRISS_SOSS,obs14,SOSS_HDU4_ordem_2,jw05959014001_04102_00001-seg005_nis_x1dints.fits,seg005,4,141,60694.05547570567,TDB-MID,3824.593530970723,4.792521541217386,1778,0.5867402182434889,1.4160298518951635,1961,1.073147812379471,1.073499119782915
TOI-2076_d,NIRISS_SOSS,obs14,SOSS_HDU4_ordem_2,jw05959014001_04102_00001-seg005_nis_x1dints.fits,seg005,4,142,60694.05555278453,TDB-MID,3753.5054806641665,4.792391015632599,1778,0.5867402182434889,1.4160298518951635,1962,1.053201121298435,1.053545898920827
TOI-2076_d,NIRISS_SOSS,obs14,SOSS_HDU4_ordem_2,jw05959014001_04102_00001-seg005_nis_x1dints.fits,seg005,4,143,60694.055629863375,TDB-MID,3446.028424538395,4.792042421858907,1778,0.5867402182434889,1.4160298518951635,1963,0.9669257230198361,0.967242257388316
TOI-2076_d,NIRISS_SOSS,obs14,SOSS_HDU4_ordem_2,jw05959014001_04102_00001-seg005_nis_x1dints.fits,seg005,4,144,60694.05570694223,TDB-MID,3704.4313373977366,4.794657235177003,1778,0.5867402182434889,1.4160298518951635,1964,1.039431341826628,1.0397716117517426
TOI-2076_d,NIRISS_SOSS,obs14,SOSS_HDU4_ordem_2,jw05959014001_04102_00001-seg005_nis_x1dints.fits,seg005,4,145,60694.05578402108,TDB-MID,3398.5025919849304,4.791990185140165,1778,0.5867402182434889,1.4160298518951635,1965,0.9535903861210889,0.9539025550121146
TOI-2076_d,NIRISS_SOSS,obs14,SOSS_HDU4_ordem_2,jw05959014001_04102_00001-seg005_nis_x1dints.fits,seg005,4,146,60694.05586109994,TDB-MID,3680.8847189734283,4.792297580499095,1778,0.5867402182434889,1.4160298518951635,1966,1.0328243646808588,1.0331624717352494
TOI-2076_d,NIRISS_SOSS,obs14,SOSS_HDU4_ordem_2,jw05959014001_04102_00001-seg005_nis_x1dints.fits,seg005,4,147,60694.05593817879,TDB-MID,3442.3406046249343,4.792024269882003,1778,0.5867402182434889,1.4160298518951635,1967,0.9658909526996616,0.966207148324056
TOI-2076_d,NIRISS_SOSS,obs14,SOSS_HDU4_ordem_2,jw05959014001_04102_00001-seg005_nis_x1dints.fits,seg005,4,148,60694.05601525764,TDB-MID,3876.269037450931,4.7926085525968825,1778,0.5867402182434889,1.4160298518951635,1968,1.0876475118334838,1.088003565881991
TOI-2076_d,NIRISS_SOSS,obs14,SOSS_HDU4_ordem_2,jw05959014001_04102_00001-seg005_nis_x1dints.fits,seg005,4,149,60694.0560923365,TDB-MID,3551.4193493780076,4.792159795666979,1778,0.5867402182434889,1.4160298518951635,1969,0.9964975035294301,0.9968237185638036
TOI-2076_d,NIRISS_SOSS,obs14,SOSS_HDU4_ordem_2,jw05959014001_04102_00001-seg005_nis_x1dints.fits,seg005,4,150,60694.05616941535,TDB-MID,3347.754061130301,4.792018274495795,1778,0.5867402182434889,1.4160298518951635,1970,0.9393507879972343,0.9396582953903887
TOI-2076_d,NIRISS_SOSS,obs14,SOSS_HDU4_ordem_2,jw05959014001_04102_00001-seg005_nis_x1dints.fits,seg005,4,151,60694.056246494205,TDB-MID,3806.8041756120065,4.792438957703818,1778,0.5867402182434889,1.4160298518951635,1971,1.0681562733748016,1.068505946739964
TOI-2076_d,NIRISS_SOSS,obs14,SOSS_HDU4_ordem_2,jw05959014001_04102_00001-seg005_nis_x1dints.fits,seg005,4,152,60694.05632357306,TDB-MID,3486.15953895133,4.792074122900907,1778,0.5867402182434889,1.4160298518951635,1972,0.9781861660687111,0.9785063866740388
TOI-2076_d,NIRISS_SOSS,obs14,SOSS_HDU4_ordem_2,jw05959014001_04102_00001-seg005_nis_x1dints.fits,seg005,4,153,60694.05640065192,TDB-MID,3560.441123120204,4.792202302803309,1778,0.5867402182434889,1.4160298518951635,1973,0.9990289350859656,0.9993559788138674
TOI-2076_d,NIRISS_SOSS,obs14,SOSS_HDU4_ordem_2,jw05959014001_04102_00001-seg005_nis_x1dints.fits,seg005,4,154,60694.056477730766,TDB-MID,3781.3179552303013,4.7928118614763555,1778,0.5867402182434889,1.4160298518951635,1974,1.0610050607225368,1.0613523930551598
TOI-2076_d,NIRISS_SOSS,obs14,SOSS_HDU4_ordem_2,jw05959014001_04102_00001-seg005_nis_x1dints.fits,seg005,4,155,60694.05655480962,TDB-MID,3604.2048931063664,4.792299164267801,1778,0.5867402182434889,1.4160298518951635,1975,1.0113086698190337,1.0116397334607574
TOI-2076_d,NIRISS_SOSS,obs14,SOSS_HDU4_ordem_2,jw05959014001_04102_00001-seg005_nis_x1dints.fits,seg005,4,156,60694.056631888474,TDB-MID,3361.0591913221515,4.791825477801253,1778,0.5867402182434889,1.4160298518951635,1976,0.9430840922668736,0.9433928218005516
TOI-2076_d,NIRISS_SOSS,obs14,SOSS_HDU4_ordem_2,jw05959014001_04102_00001-seg005_nis_x1dints.fits,seg005,4,157,60694.056708967335,TDB-MID,3612.740697078949,4.792275160901815,1778,0.5867402182434889,1.4160298518951635,1977,1.013703742468166,1.014035590164746
TOI-2076_d,NIRISS_SOSS,obs14,SOSS_HDU4_ordem_2,jw05959014001_04102_00001-seg005_nis_x1dints.fits,seg005,4,158,60694.05678604618,TDB-MID,3039.0767190391207,4.79156988985354,1778,0.5867402182434889,1.4160298518951635,1978,0.8527385998748056,0.8530177537619799
TOI-2076_d,NIRISS_SOSS,obs14,SOSS_HDU4_ordem_2,jw05959014001_04102_00001-seg005_nis_x1dints.fits,seg005,4,159,60694.056863125035,TDB-MID,3537.299342949004,4.792198104120435,1778,0.5867402182434889,1.4160298518951635,1979,0.9925355520469092,0.9928604700904378
TOI-2076_d,NIRISS_SOSS,obs14,SOSS_HDU4_ordem_2,jw05959014001_04102_00001-seg005_nis_x1dints.fits,seg005,4,160,60694.05694020389,TDB-MID,3718.1071957892927,4.792499927803083,1778,0.5867402182434889,1.4160298518951635,1980,1.0432686692174906,1.043610195336306
TOI-2076_d,NIRISS_SOSS,obs14,SOSS_HDU4_ordem_2,jw05959014001_04102_00001-seg005_nis_x1dints.fits,seg005,4,161,60694.05701728275,TDB-MID,3140.3189228600477,4.79182238273286,1778,0.5867402182434889,1.4160298518951635,1981,0.8811462852068802,0.881434738679868
TOI-2076_d,NIRISS_SOSS,obs14,SOSS_HDU4_ordem_2,jw05959014001_04102_00001-seg005_nis_x1dints.fits,seg005,4,162,60694.0570943616,TDB-MID,3764.2174320633458,4.7924635935428785,1778,0.5867402182434889,1.4160298518951635,1982,1.0562068020635296,1.056552563630438
TOI-2076_d,NIRISS_SOSS,obs14,SOSS_HDU4_ordem_2,jw05959014001_04102_00001-seg005_nis_x1dints.fits,seg005,4,163,60694.05717144045,TDB-MID,3756.981367833612,4.792480986482228,1778,0.5867402182434889,1.4160298518951635,1983,1.0541764251266097,1.0545215220260402
TOI-2076_d,NIRISS_SOSS,obs14,SOSS_HDU4_ordem_2,jw05959014001_04102_00001-seg005_nis_x1dints.fits,seg005,4,164,60694.057248519304,TDB-MID,3793.470415775564,4.792543592229519,1778,0.5867402182434889,1.4160298518951635,1984,1.064414935874908,1.0647633844697757
TOI-2076_d,NIRISS_SOSS,obs14,SOSS_HDU4_ordem_2,jw05959014001_04102_00001-seg005_nis_x1dints.fits,seg005,4,165,60694.057325598165,TDB-MID,3578.447704291826,4.792234250909967,1778,0.5867402182434889,1.4160298518951635,1985,1.0040814257719117,1.0044101234913358
TOI-2076_d,NIRISS_SOSS,obs14,SOSS_HDU4_ordem_2,jw05959014001_04102_00001-seg005_nis_x1dints.fits,seg005,4,166,60694.05740267701,TDB-MID,3636.6224769547493,4.792408910631158,1778,0.5867402182434889,1.4160298518951635,1986,1.020404763013724,1.0207388043672272
TOI-2076_d,NIRISS_SOSS,obs14,SOSS_HDU4_ordem_2,jw05959014001_04102_00001-seg005_nis_x1dints.fits,seg005,4,167,60694.057479755866,TDB-MID,3171.6460892524137,4.791658167928731,1778,0.5867402182434889,1.4160298518951635,1987,0.8899364167096866,0.8902277477343393
TOI-2076_d,NIRISS_SOSS,obs14,SOSS_HDU4_ordem_2,jw05959014001_04102_00001-seg005_nis_x1dints.fits,seg005,4,168,60694.05755683472,TDB-MID,3624.3359555563275,4.792292863365124,1778,0.5867402182434889,1.4160298518951635,1988,1.0169572715473243,1.0172901843244453
TOI-2076_d,NIRISS_SOSS,obs14,SOSS_HDU4_ordem_2,jw05959014001_04102_00001-seg005_nis_x1dints.fits,seg005,4,169,60694.05763391357,TDB-MID,3826.2376368222567,4.792431585920494,1778,0.5867402182434889,1.4160298518951635,1989,1.073609134238541,1.0739605926610547
TOI-2076_d,NIRISS_SOSS,obs14,SOSS_HDU4_ordem_2,jw05959014001_04102_00001-seg005_nis_x1dints.fits,seg005,4,170,60694.05771099243,TDB-MID,4014.3051395382176,4.792972245382847,1778,0.5867402182434889,1.4160298518951635,1990,1.1263792462739703,1.1267479796057043
TOI-2076_d,NIRISS_SOSS,obs14,SOSS_HDU4_ordem_2,jw05959014001_04102_00001-seg005_nis_x1dints.fits,seg005,4,171,60694.05778807128,TDB-MID,3905.2498157940545,4.794763389279325,1778,0.5867402182434889,1.4160298518951635,1991,1.0957792671764062,1.0961379832494937
TOI-2076_d,NIRISS_SOSS,obs14,SOSS_HDU4_ordem_2,jw05959014001_04102_00001-seg005_nis_x1dints.fits,seg005,4,172,60694.057865150135,TDB-MID,3830.447002144101,4.792503754171625,1778,0.5867402182434889,1.4160298518951635,1992,1.0747902456821659,1.075142090755232
TOI-2076_d,NIRISS_SOSS,obs14,SOSS_HDU4_ordem_2,jw05959014001_04102_00001-seg005_nis_x1dints.fits,seg005,4,173,60694.05794222899,TDB-MID,3056.8101765722627,4.792466559097755,1778,0.5867402182434889,1.4160298518951635,1993,0.8577144544338613,0.8579952372248314
TOI-2076_d,NIRISS_SOSS,obs14,SOSS_HDU4_ordem_2,jw05959014001_04102_00001-seg005_nis_x1dints.fits,seg005,4,174,60694.05801930784,TDB-MID,3582.7944058646526,4.792216627186065,1778,0.5867402182434889,1.4160298518951635,1994,1.00530107257782,1.005630169562795
TOI-2076_d,NIRISS_SOSS,obs14,SOSS_HDU4_ordem_2,jw05959014001_04102_00001-seg005_nis_x1dints.fits,seg005,4,175,60694.058096386696,TDB-MID,3269.0657375428746,4.791891051585754,1778,0.5867402182434889,1.4160298518951635,1995,0.9172715260746681,0.9175718055649311
TOI-2076_d,NIRISS_SOSS,obs14,SOSS_HDU4_ordem_2,jw05959014001_04102_00001-seg005_nis_x1dints.fits,seg005,4,176,60694.05817346555,TDB-MID,3449.092813685377,4.79218617365561,1778,0.5867402182434889,1.4160298518951635,1996,0.9677855640677104,0.9681023799151464
TOI-2076_d,NIRISS_SOSS,obs14,SOSS_HDU4_ordem_2,jw05959014001_04102_00001-seg005_nis_x1dints.fits,seg005,4,177,60694.0582505444,TDB-MID,3626.286771879717,4.792258628876614,1778,0.5867402182434889,1.4160298518951635,1997,1.0175046537077674,1.0178377456767977
TOI-2076_d,NIRISS_SOSS,obs14,SOSS_HDU4_ordem_2,jw05959014001_04102_00001-seg005_nis_x1dints.fits,seg005,4,178,60694.05832762325,TDB-MID,3478.87949436289,4.792078428786571,1778,0.5867402182434889,1.4160298518951635,1998,0.9761434486241395,0.9764630005221809
TOI-2076_d,NIRISS_SOSS,obs14,SOSS_HDU4_ordem_2,jw05959014001_04102_00001-seg005_nis_x1dints.fits,seg005,4,179,60694.05840470211,TDB-MID,3501.1637107210586,4.792148027422356,1778,0.5867402182434889,1.4160298518951635,1999,0.982396206686325,0.9827178054973581
TOI-2076_d,NIRISS_SOSS,obs14,SOSS_HDU4_ordem_2,jw05959014001_04102_00001-seg005_nis_x1dints.fits,seg005,4,180,60694.058481780965,TDB-MID,3659.4048257246886,4.792306837775695,1778,0.5867402182434889,1.4160298518951635,2000,1.026797292715337,1.0271334267377017
TOI-2076_d,NIRISS_SOSS,obs14,SOSS_HDU4_ordem_2,jw05959014001_04102_00001-seg005_nis_x1dints.fits,seg005,4,181,60694.05855885982,TDB-MID,3335.7803988939468,4.791877533737826,1778,0.5867402182434889,1.4160298518951635,2001,0.935991082101415,0.9362974896558138
TOI-2076_d,NIRISS_SOSS,obs14,SOSS_HDU4_ordem_2,jw05959014001_04102_00001-seg005_nis_x1dints.fits,seg005,4,182,60694.058635938665,TDB-MID,3208.978788892535,4.791777365772476,1778,0.5867402182434889,1.4160298518951635,2002,0.9004116488159458,0.9007064090295223
TOI-2076_d,NIRISS_SOSS,obs14,SOSS_HDU4_ordem_2,jw05959014001_04102_00001-seg005_nis_x1dints.fits,seg005,4,183,60694.058713017526,TDB-MID,3488.2213929837103,4.792108280236441,1778,0.5867402182434889,1.4160298518951635,2003,0.9787647044483786,0.9790851144449659
TOI-2076_d,NIRISS_SOSS,obs14,SOSS_HDU4_ordem_2,jw05959014001_04102_00001-seg005_nis_x1dints.fits,seg005,4,184,60694.05879009638,TDB-MID,3493.3776196327613,4.792241138013311,1778,0.5867402182434889,1.4160298518951635,2004,0.9802114969777685,0.9805323805986982
TOI-2076_d,NIRISS_SOSS,obs14,SOSS_HDU4_ordem_2,jw05959014001_04102_00001-seg005_nis_x1dints.fits,seg005,4,185,60694.058867175234,TDB-MID,3788.087458159415,4.792798678484086,1778,0.5867402182434889,1.4160298518951635,2005,1.062904524600318,1.0632524787445081
TOI-2076_d,NIRISS_SOSS,obs14,SOSS_HDU4_ordem_2,jw05959014001_04102_00001-seg005_nis_x1dints.fits,seg005,4,186,60694.05894425408,TDB-MID,3275.705970438965,4.791866473757251,1778,0.5867402182434889,1.4160298518951635,2006,0.9191347179010478,0.9194356073288005
TOI-2076_d,NIRISS_SOSS,obs14,SOSS_HDU4_ordem_2,jw05959014001_04102_00001-seg005_nis_x1dints.fits,seg005,4,187,60694.05902133294,TDB-MID,3519.3229595944267,4.792187782040668,1778,0.5867402182434889,1.4160298518951635,2007,0.9874915346068225,0.9878148014326442
TOI-2076_d,NIRISS_SOSS,obs14,SOSS_HDU4_ordem_2,jw05959014001_04102_00001-seg005_nis_x1dints.fits,seg005,4,188,60694.059098411795,TDB-MID,3413.7491082335646,4.791956650977434,1778,0.5867402182434889,1.4160298518951635,2008,0.9578684265000562,0.9581819958572992
TOI-2076_d,NIRISS_SOSS,obs14,SOSS_HDU4_ordem_2,jw05959014001_04102_00001-seg005_nis_x1dints.fits,seg005,4,189,60694.05917549065,TDB-MID,3268.4928280042277,4.79180683621157,1778,0.5867402182434889,1.4160298518951635,2009,0.9171107726212326,0.9174109994869852
TOI-2076_d,NIRISS_SOSS,obs14,SOSS_HDU4_ordem_2,jw05959014001_04102_00001-seg005_nis_x1dints.fits,seg005,4,190,60694.059252569496,TDB-MID,3725.2718792828705,4.792387761473432,1778,0.5867402182434889,1.4160298518951635,2010,1.0452790173382156,1.045621201567843
TOI-2076_d,NIRISS_SOSS,obs14,SOSS_HDU4_ordem_2,jw05959014001_04102_00001-seg005_nis_x1dints.fits,seg005,4,191,60694.05932964836,TDB-MID,3608.3895710779166,4.792167007659397,1778,0.5867402182434889,1.4160298518951635,2011,1.0124828542060322,1.012814302230656
TOI-2076_d,NIRISS_SOSS,obs14,SOSS_HDU4_ordem_2,jw05959014001_04102_00001-seg005_nis_x1dints.fits,seg005,4,192,60694.0594067272,TDB-MID,3489.6779912141087,4.792193789586365,1778,0.5867402182434889,1.4160298518951635,2012,0.9791734132933342,0.97949395708551
TOI-2076_d,NIRISS_SOSS,obs14,SOSS_HDU4_ordem_2,jw05959014001_04102_00001-seg005_nis_x1dints.fits,seg005,4,193,60694.059483806064,TDB-MID,3921.307471007092,4.792790277558824,1778,0.5867402182434889,1.4160298518951635,2013,1.100284906121897,1.1006450971682369
TOI-2076_d,NIRISS_SOSS,obs14,SOSS_HDU4_ordem_2,jw05959014001_04102_00001-seg005_nis_x1dints.fits,seg005,4,194,60694.05956088491,TDB-MID,3728.32679431272,4.792375317999477,1778,0.5867402182434889,1.4160298518951635,2014,1.0461362000308967,1.0464786648692368
TOI-2076_d,NIRISS_SOSS,obs14,SOSS_HDU4_ordem_2,jw05959014001_04102_00001-seg005_nis_x1dints.fits,seg005,4,195,60694.05963796377,TDB-MID,3365.7522282636924,4.7919534361911795,1778,0.5867402182434889,1.4160298518951635,2015,0.9444009177769436,0.9447100783887502
TOI-2076_d,NIRISS_SOSS,obs14,SOSS_HDU4_ordem_2,jw05959014001_04102_00001-seg005_nis_x1dints.fits,seg005,4,196,60694.05971504262,TDB-MID,3745.0228274039864,4.792397024647866,1778,0.5867402182434889,1.4160298518951635,2016,1.0508209622787585,1.0511649607284446
TOI-2076_d,NIRISS_SOSS,obs14,SOSS_HDU4_ordem_2,jw05959014001_04102_00001-seg005_nis_x1dints.fits,seg005,4,197,60694.05979212147,TDB-MID,3621.4210253485203,4.792241082310962,1778,0.5867402182434889,1.4160298518951635,2017,1.0161393673830212,1.0164720124097122
TOI-2076_d,NIRISS_SOSS,obs14,SOSS_HDU4_ordem_2,jw05959014001_04102_00001-seg005_nis_x1dints.fits,seg005,4,198,60694.059869200326,TDB-MID,3590.8806034997524,4.793122076933388,1778,0.5867402182434889,1.4160298518951635,2018,1.0075699895835895,1.0078998293249049
TOI-2076_d,NIRISS_SOSS,obs14,SOSS_HDU4_ordem_2,jw05959014001_04102_00001-seg005_nis_x1dints.fits,seg005,4,199,60694.05994627919,TDB-MID,3353.5188606989086,4.791946031439464,1778,0.5867402182434889,1.4160298518951635,2019,0.9409683408157914,0.9412763777336526
TOI-2076_d,NIRISS_SOSS,obs14,SOSS_HDU4_ordem_2,jw05959014001_04102_00001-seg005_nis_x1dints.fits,seg005,4,200,60694.06002335803,TDB-MID,3598.964206019453,4.792180795558153,1778,0.5867402182434889,1.4160298518951635,2020,1.0098381784224593,1.0101687606817413
TOI-2076_d,NIRISS_SOSS,obs14,SOSS_HDU4_ordem_2,jw05959014001_04102_00001-seg005_nis_x1dints.fits,seg005,4,201,60694.06010043689,TDB-MID,3246.0314522087497,4.791773636419426,1778,0.5867402182434889,1.4160298518951635,2021,0.9108083051556685,0.9111064688354786
TOI-2076_d,NIRISS_SOSS,obs14,SOSS_HDU4_ordem_2,jw05959014001_04102_00001-seg005_nis_x1dints.fits,seg005,4,202,60694.06017751574,TDB-MID,3597.160055005738,4.792230848146586,1778,0.5867402182434889,1.4160298518951635,2022,1.0093319492773507,1.0096623658166413
TOI-2076_d,NIRISS_SOSS,obs14,SOSS_HDU4_ordem_2,jw05959014001_04102_00001-seg005_nis_x1dints.fits,seg005,4,203,60694.0602545946,TDB-MID,3600.5945675102807,4.7922081852605665,1778,0.5867402182434889,1.4160298518951635,2023,1.0102956437329822,1.0106263757488483
TOI-2076_d,NIRISS_SOSS,obs14,SOSS_HDU4_ordem_2,jw05959014001_04102_00001-seg005_nis_x1dints.fits,seg005,4,204,60694.06033167345,TDB-MID,3579.7003647906718,4.792234985614621,1778,0.5867402182434889,1.4160298518951635,2024,1.004432911456104,1.0047617242384501
TOI-2076_d,NIRISS_SOSS,obs14,SOSS_HDU4_ordem_2,jw05959014001_04102_00001-seg005_nis_x1dints.fits,seg005,4,205,60694.0604087523,TDB-MID,3430.280810530027,4.792831821367913,1778,0.5867402182434889,1.4160298518951635,2025,0.9625070789504917,0.962822166824503
TOI-2076_d,NIRISS_SOSS,obs14,SOSS_HDU4_ordem_2,jw05959014001_04102_00001-seg005_nis_x1dints.fits,seg005,4,206,60694.060485831156,TDB-MID,3812.698184577099,4.7928340576693085,1778,0.5867402182434889,1.4160298518951635,2026,1.0698100812306728,1.0701602959890497
TOI-2076_d,NIRISS_SOSS,obs14,SOSS_HDU4_ordem_2,jw05959014001_04102_00001-seg005_nis_x1dints.fits,seg005,4,207,60694.06056291002,TDB-MID,3425.010195047205,4.791958407254222,1778,0.5867402182434889,1.4160298518951635,2027,0.9610281899052948,0.9613427936477963
TOI-2076_d,NIRISS_SOSS,obs14,SOSS_HDU4_ordem_2,jw05959014001_04102_00001-seg005_nis_x1dints.fits,seg005,4,208,60694.060639988864,TDB-MID,3397.6601845673486,4.791951625898601,1778,0.5867402182434889,1.4160298518951635,2028,0.9533540138974815,0.9536661054093138
TOI-2076_d,NIRISS_SOSS,obs14,SOSS_HDU4_ordem_2,jw05959014001_04102_00001-seg005_nis_x1dints.fits,seg005,4,209,60694.06071706772,TDB-MID,3909.2975096127684,4.792705577771996,1778,0.5867402182434889,1.4160298518951635,2029,1.096915014996811,1.097274102870142
TOI-2076_d,NIRISS_SOSS,obs14,SOSS_HDU4_ordem_2,jw05959014001_04102_00001-seg005_nis_x1dints.fits,seg005,4,210,60694.06079414657,TDB-MID,3814.8399077519275,4.792469196312593,1778,0.5867402182434889,1.4160298518951635,2030,1.0704110301998058,1.0707614416858091
TOI-2076_d,NIRISS_SOSS,obs14,SOSS_HDU4_ordem_2,jw05959014001_04102_00001-seg005_nis_x1dints.fits,seg005,4,211,60694.060871225425,TDB-MID,3463.257060886293,4.792054931812346,1778,0.5867402182434889,1.4160298518951635,2031,0.9717599291275726,0.9720780460295823
TOI-2076_d,NIRISS_SOSS,obs14,SOSS_HDU4_ordem_2,jw05959014001_04102_00001-seg005_nis_x1dints.fits,seg005,4,212,60694.06094830428,TDB-MID,3698.3610313631266,4.792372902493037,1778,0.5867402182434889,1.4160298518951635,2032,1.0377280665403097,1.0380677788784718
TOI-2076_d,NIRISS_SOSS,obs14,SOSS_HDU4_ordem_2,jw05959014001_04102_00001-seg005_nis_x1dints.fits,seg005,4,213,60694.06102538313,TDB-MID,3495.4074350788155,4.791982109167995,1778,0.5867402182434889,1.4160298518951635,2033,0.980781045607663,0.9811021156769532
TOI-2076_d,NIRISS_SOSS,obs14,SOSS_HDU4_ordem_2,jw05959014001_04102_00001-seg005_nis_x1dints.fits,seg005,4,214,60694.06110246199,TDB-MID,4054.119118423289,4.792809680141816,1778,0.5867402182434889,1.4160298518951635,2034,1.1375507038410684,1.1379230942792187
TOI-2076_d,NIRISS_SOSS,obs14,SOSS_HDU4_ordem_2,jw05959014001_04102_00001-seg005_nis_x1dints.fits,seg005,4,215,60694.06117954084,TDB-MID,3717.8052687751224,4.792432997395651,1778,0.5867402182434889,1.4160298518951635,2035,1.0431839511129049,1.0435254494982644
TOI-2076_d,NIRISS_SOSS,obs14,SOSS_HDU4_ordem_2,jw05959014001_04102_00001-seg005_nis_x1dints.fits,seg005,4,216,60694.061256619694,TDB-MID,3486.8797359813425,4.792090461911853,1778,0.5867402182434889,1.4160298518951635,2036,0.9783882471162738,0.9787085338751801
TOI-2076_d,NIRISS_SOSS,obs14,SOSS_HDU4_ordem_2,jw05959014001_04102_00001-seg005_nis_x1dints.fits,seg005,4,217,60694.06133369855,TDB-MID,3717.343000456612,4.79259382050037,1778,0.5867402182434889,1.4160298518951635,2037,1.0430542426273561,1.0433956985511361
TOI-2076_d,NIRISS_SOSS,obs14,SOSS_HDU4_ordem_2,jw05959014001_04102_00001-seg005_nis_x1dints.fits,seg005,4,218,60694.0614107774,TDB-MID,3451.9259600091646,4.792006574146,1778,0.5867402182434889,1.4160298518951635,2038,0.9685805203826503,0.9688975964682712
TOI-2076_d,NIRISS_SOSS,obs14,SOSS_HDU4_ordem_2,jw05959014001_04102_00001-seg005_nis_x1dints.fits,seg005,4,219,60694.061487856256,TDB-MID,3495.18310767366,4.792118901056358,1778,0.5867402182434889,1.4160298518951635,2039,0.980718101281122,0.9810391507448558
TOI-2076_d,NIRISS_SOSS,obs14,SOSS_HDU4_ordem_2,jw05959014001_04102_00001-seg005_nis_x1dints.fits,seg005,4,220,60694.0615649351,TDB-MID,4185.023924397105,4.7930579290506,1778,0.5867402182434889,1.4160298518951635,2040,1.1742814583704533,1.1746658730478106
TOI-2076_d,NIRISS_SOSS,obs14,SOSS_HDU4_ordem_2,jw05959014001_04102_00001-seg005_nis_x1dints.fits,seg005,4,221,60694.06164201396,TDB-MID,4174.867917407756,4.792907935765717,1778,0.5867402182434889,1.4160298518951635,2041,1.171431770790617,1.1718152525896393
TOI-2076_d,NIRISS_SOSS,obs14,SOSS_HDU4_ordem_2,jw05959014001_04102_00001-seg005_nis_x1dints.fits,seg005,4,222,60694.06171909282,TDB-MID,3029.349095055131,4.791515147238896,1778,0.5867402182434889,1.4160298518951635,2042,0.8500091128551956,0.8502873732130849
TOI-2076_d,NIRISS_SOSS,obs14,SOSS_HDU4_ordem_2,jw05959014001_04102_00001-seg005_nis_x1dints.fits,seg005,4,223,60694.06179617167,TDB-MID,3538.7435896629686,4.792113583974294,1778,0.5867402182434889,1.4160298518951635,2043,0.9929407951633547,0.9932658458679252
TOI-2076_d,NIRISS_SOSS,obs14,SOSS_HDU4_ordem_2,jw05959014001_04102_00001-seg005_nis_x1dints.fits,seg005,4,224,60694.06187325052,TDB-MID,3733.0591080791046,4.792383648659636,1778,0.5867402182434889,1.4160298518951635,2044,1.0474640462777631,1.047806945801998
TOI-2076_d,NIRISS_SOSS,obs14,SOSS_HDU4_ordem_2,jw05959014001_04102_00001-seg005_nis_x1dints.fits,seg005,4,225,60694.06195032938,TDB-MID,3561.7387157968205,4.792196371233996,1778,0.5867402182434889,1.4160298518951635,2045,0.9993930283499933,0.999720191268055
TOI-2076_d,NIRISS_SOSS,obs14,SOSS_HDU4_ordem_2,jw05959014001_04102_00001-seg005_nis_x1dints.fits,seg005,4,226,60694.06202740823,TDB-MID,3402.700041712228,4.791928534265729,1778,0.5867402182434889,1.4160298518951635,2046,0.9547681541521087,0.9550807085991818
TOI-2076_d,NIRISS_SOSS,obs14,SOSS_HDU4_ordem_2,jw05959014001_04102_00001-seg005_nis_x1dints.fits,seg005,4,227,60694.06210448708,TDB-MID,3725.4379906703994,4.792280911435603,1778,0.5867402182434889,1.4160298518951635,2047,1.0453256267545352,1.0456678262422965
TOI-2076_d,NIRISS_SOSS,obs14,SOSS_HDU4_ordem_2,jw05959014001_04102_00001-seg005_nis_x1dints.fits,seg005,4,228,60694.06218156593,TDB-MID,3450.353707004348,4.792036118087977,1778,0.5867402182434889,1.4160298518951635,2048,0.968139359809909,0.9684562914764913
TOI-2076_d,NIRISS_SOSS,obs14,SOSS_HDU4_ordem_2,jw05959014001_04102_00001-seg005_nis_x1dints.fits,seg005,4,229,60694.062258644786,TDB-MID,3337.1994670878876,4.79190280561032,1778,0.5867402182434889,1.4160298518951635,2049,0.936389260343263,0.936695798245935
TOI-2076_d,NIRISS_SOSS,obs14,SOSS_HDU4_ordem_2,jw05959014001_04102_00001-seg005_nis_x1dints.fits,seg005,4,230,60694.06233572365,TDB-MID,3505.9133139151527,4.793446667817162,1778,0.5867402182434889,1.4160298518951635,2050,0.9837289041968285,0.984050939281874
TOI-2076_d,NIRISS_SOSS,obs14,SOSS_HDU4_ordem_2,jw05959014001_04102_00001-seg005_nis_x1dints.fits,seg005,4,231,60694.062412802494,TDB-MID,3616.6919404781015,4.792303843756743,1778,0.5867402182434889,1.4160298518951635,2051,1.014812427136391,1.015144637773777
TOI-2076_d,NIRISS_SOSS,obs14,SOSS_HDU4_ordem_2,jw05959014001_04102_00001-seg005_nis_x1dints.fits,seg005,4,232,60694.06248988135,TDB-MID,3905.1595364966965,4.792558627699638,1778,0.5867402182434889,1.4160298518951635,2052,1.095753935587656,1.0961126433681538
TOI-2076_d,NIRISS_SOSS,obs14,SOSS_HDU4_ordem_2,jw05959014001_04102_00001-seg005_nis_x1dints.fits,seg005,4,233,60694.0625669602,TDB-MID,3406.2731835786753,4.791977517720508,1778,0.5867402182434889,1.4160298518951635,2053,0.9557707468057458,0.9560836294631716
TOI-2076_d,NIRISS_SOSS,obs14,SOSS_HDU4_ordem_2,jw05959014001_04102_00001-seg005_nis_x1dints.fits,seg005,4,234,60694.062644039055,TDB-MID,3835.5083654206755,4.7925282974409695,1778,0.5867402182434889,1.4160298518951635,2054,1.0762104203710394,1.0765627303547884
TOI-2076_d,NIRISS_SOSS,obs14,SOSS_HDU4_ordem_2,jw05959014001_04102_00001-seg005_nis_x1dints.fits,seg005,4,235,60694.06272111791,TDB-MID,3406.683443325714,4.793756082043674,1778,0.5867402182434889,1.4160298518951635,2055,0.9558858621366894,0.9561987824784559
TOI-2076_d,NIRISS_SOSS,obs14,SOSS_HDU4_ordem_2,jw05959014001_04102_00001-seg005_nis_x1dints.fits,seg005,4,236,60694.06279819676,TDB-MID,3580.1270634861417,4.792195225193506,1778,0.5867402182434889,1.4160298518951635,2056,1.0045526394135669,1.0048814913902508
TOI-2076_d,NIRISS_SOSS,obs14,SOSS_HDU4_ordem_2,jw05959014001_04102_00001-seg005_nis_x1dints.fits,seg005,4,237,60694.06287527562,TDB-MID,3701.6824788260465,4.792113803414125,1778,0.5867402182434889,1.4160298518951635,2057,1.0386600359247429,1.0390000533539099
TOI-2076_d,NIRISS_SOSS,obs14,SOSS_HDU4_ordem_2,jw05959014001_04102_00001-seg005_nis_x1dints.fits,seg005,4,238,60694.06295235447,TDB-MID,3314.467513754432,4.791971897642654,1778,0.5867402182434889,1.4160298518951635,2058,0.9300108711645524,0.9303153210274272
TOI-2076_d,NIRISS_SOSS,obs14,SOSS_HDU4_ordem_2,jw05959014001_04102_00001-seg005_nis_x1dints.fits,seg005,4,239,60694.06302943332,TDB-MID,3715.709676829144,4.793403055653291,1778,0.5867402182434889,1.4160298518951635,2059,1.0425959461669527,1.0429372520620623
TOI-2076_d,NIRISS_SOSS,obs14,SOSS_HDU4_ordem_2,jw05959014001_04102_00001-seg005_nis_x1dints.fits,seg005,4,240,60694.06310651218,TDB-MID,3722.6823400203357,4.7923740120137115,1778,0.5867402182434889,1.4160298518951635,2060,1.044552415054298,1.0448943614222266
TOI-2076_d,NIRISS_SOSS,obs14,SOSS_HDU4_ordem_2,jw05959014001_04102_00001-seg005_nis_x1dints.fits,seg005,4,241,60694.06318359103,TDB-MID,3861.603079342799,4.7925936645608544,1778,0.5867402182434889,1.4160298518951635,2061,1.0835323710393727,1.0838870779487342
TOI-2076_d,NIRISS_SOSS,obs14,SOSS_HDU4_ordem_2,jw05959014001_04102_00001-seg005_nis_x1dints.fits,seg005,4,242,60694.063260669885,TDB-MID,3661.4960815793916,4.793136774075128,1778,0.5867402182434889,1.4160298518951635,2062,1.0273840809916406,1.0277204071059645
TOI-2076_d,NIRISS_SOSS,obs14,SOSS_HDU4_ordem_2,jw05959014001_04102_00001-seg005_nis_x1dints.fits,seg005,4,243,60694.06333774873,TDB-MID,3670.7901739215818,4.792306691906106,1778,0.5867402182434889,1.4160298518951635,2063,1.0299919227882413,1.0303291026098733
TOI-2076_d,NIRISS_SOSS,obs14,SOSS_HDU4_ordem_2,jw05959014001_04102_00001-seg005_nis_x1dints.fits,seg005,4,244,60694.06341482759,TDB-MID,3711.8222898494887,4.792311250022799,1778,0.5867402182434889,1.4160298518951635,2064,1.0415051790568515,1.0418461278766755
TOI-2076_d,NIRISS_SOSS,obs14,SOSS_HDU4_ordem_2,jw05959014001_04102_00001-seg005_nis_x1dints.fits,seg005,4,245,60694.06349190645,TDB-MID,3783.17214884209,4.793039310298048,1778,0.5867402182434889,1.4160298518951635,2065,1.061525331387146,1.0618728340364154
TOI-2076_d,NIRISS_SOSS,obs14,SOSS_HDU4_ordem_2,jw05959014001_04102_00001-seg005_nis_x1dints.fits,seg005,4,246,60694.0635689853,TDB-MID,3466.812374050219,4.792046101152287,1778,0.5867402182434889,1.4160298518951635,2066,0.9727575192017321,0.9730759626764419
TOI-2076_d,NIRISS_SOSS,obs14,SOSS_HDU4_ordem_2,jw05959014001_04102_00001-seg005_nis_x1dints.fits,seg005,4,247,60694.06364606415,TDB-MID,3480.7610600826956,4.792199648179378,1778,0.5867402182434889,1.4160298518951635,2067,0.9766713996651343,0.9769911243940823
TOI-2076_d,NIRISS_SOSS,obs14,SOSS_HDU4_ordem_2,jw05959014001_04102_00001-seg005_nis_x1dints.fits,seg005,4,248,60694.06372314301,TDB-MID,3352.417690622619,4.792016973310337,1778,0.5867402182434889,1.4160298518951635,2068,0.9406593620318086,0.9409672978018753
TOI-2076_d,NIRISS_SOSS,obs14,SOSS_HDU4_ordem_2,jw05959014001_04102_00001-seg005_nis_x1dints.fits,seg005,4,249,60694.06380022186,TDB-MID,3729.463878574741,4.792328889390197,1778,0.5867402182434889,1.4160298518951635,2069,1.0464552560242717,1.0467978253092978
TOI-2076_d,NIRISS_SOSS,obs14,SOSS_HDU4_ordem_2,jw05959014001_04102_00001-seg005_nis_x1dints.fits,seg005,4,250,60694.063877300716,TDB-MID,3257.049720357972,4.79720382573091,1778,0.5867402182434889,1.4160298518951635,2070,0.9138999357472067,0.9141991115082073
TOI-2076_d,NIRISS_SOSS,obs14,SOSS_HDU4_ordem_2,jw05959014001_04102_00001-seg005_nis_x1dints.fits,seg005,4,251,60694.06395437956,TDB-MID,3555.5523133751667,4.79211612079812,1778,0.5867402182434889,1.4160298518951635,2071,0.9976571774232121,0.9979837720903071
TOI-2076_d,NIRISS_SOSS,obs14,SOSS_HDU4_ordem_2,jw05959014001_04102_00001-seg005_nis_x1dints.fits,seg005,4,252,60694.06403145842,TDB-MID,3265.797665557408,4.791846177153618,1778,0.5867402182434889,1.4160298518951635,2072,0.9163545333868172,0.9166545126888709
TOI-2076_d,NIRISS_SOSS,obs14,SOSS_HDU4_ordem_2,jw05959014001_04102_00001-seg005_nis_x1dints.fits,seg005,4,253,60694.06410853727,TDB-MID,3786.048543772592,4.792445484940129,1778,0.5867402182434889,1.4160298518951635,2073,1.062332422886468,1.0626801897465157
TOI-2076_d,NIRISS_SOSS,obs14,SOSS_HDU4_ordem_2,jw05959014001_04102_00001-seg005_nis_x1dints.fits,seg005,4,254,60694.06418561613,TDB-MID,3342.4564412302693,4.79195012444468,1778,0.5867402182434889,1.4160298518951635,2074,0.9378643217465071,0.9381713425276658
TOI-2076_d,NIRISS_SOSS,obs14,SOSS_HDU4_ordem_2,jw05959014001_04102_00001-seg005_nis_x1dints.fits,seg005,4,255,60694.06426269498,TDB-MID,3548.7608805759373,4.792138537361599,1778,0.5867402182434889,1.4160298518951635,2075,0.9957515602138547,0.996077531055018
TOI-2076_d,NIRISS_SOSS,obs14,SOSS_HDU4_ordem_2,jw05959014001_04102_00001-seg005_nis_x1dints.fits,seg005,4,256,60694.06433977384,TDB-MID,3528.73098072266,4.792263604458532,1778,0.5867402182434889,1.4160298518951635,2076,0.9901313438338232,0.9904554748318628
TOI-2076_d,NIRISS_SOSS,obs14,SOSS_HDU4_ordem_2,jw05959014001_04102_00001-seg005_nis_x1dints.fits,seg005,4,257,60694.064416852685,TDB-MID,3431.0962287503417,4.792051398207441,1778,0.5867402182434889,1.4160298518951635,2077,0.9627358782391532,0.9630510410132695
TOI-2076_d,NIRISS_SOSS,obs14,SOSS_HDU4_ordem_2,jw05959014001_04102_00001-seg005_nis_x1dints.fits,seg005,4,258,60694.06449393154,TDB-MID,3806.3055851840954,4.792540018183931,1778,0.5867402182434889,1.4160298518951635,2078,1.068016373220013,1.0683660007872346
TOI-2076_d,NIRISS_SOSS,obs14,SOSS_HDU4_ordem_2,jw05959014001_04102_00001-seg005_nis_x1dints.fits,seg005,4,259,60694.06457101039,TDB-MID,3481.507917612991,4.7920879226852255,1778,0.5867402182434889,1.4160298518951635,2079,0.9768809614181168,0.9772007547495392
TOI-2076_d,NIRISS_SOSS,obs14,SOSS_HDU4_ordem_2,jw05959014001_04102_00001-seg005_nis_x1dints.fits,seg005,4,260,60694.064648089254,TDB-MID,3691.6838713198304,4.792384305674426,1778,0.5867402182434889,1.4160298518951635,2080,1.0358545132763233,1.036193612285059
TOI-2076_d,NIRISS_SOSS,obs14,SOSS_HDU4_ordem_2,jw05959014001_04102_00001-seg005_nis_x1dints.fits,seg005,4,261,60694.0647251681,TDB-MID,3761.856534440478,4.792378780314458,1778,0.5867402182434889,1.4160298518951635,2081,1.0555443546429826,1.055889899350032
TOI-2076_d,NIRISS_SOSS,obs14,SOSS_HDU4_ordem_2,jw05959014001_04102_00001-seg005_nis_x1dints.fits,seg005,4,262,60694.064802246954,TDB-MID,3473.7156532416093,4.791984877954064,1778,0.5867402182434889,1.4160298518951635,2082,0.9746945195398059,0.975013597114079
TOI-2076_d,NIRISS_SOSS,obs14,SOSS_HDU4_ordem_2,jw05959014001_04102_00001-seg005_nis_x1dints.fits,seg005,4,263,60694.06487932581,TDB-MID,3543.2998661612405,4.792203065946378,1778,0.5867402182434889,1.4160298518951635,2083,0.9942192468777975,0.9945447160983889
TOI-2076_d,NIRISS_SOSS,obs14,SOSS_HDU4_ordem_2,jw05959014001_04102_00001-seg005_nis_x1dints.fits,seg005,4,264,60694.06495640467,TDB-MID,3466.8149202762406,4.792020411462194,1778,0.5867402182434889,1.4160298518951635,2084,0.9727582336506959,0.9730766773592887
TOI-2076_d,NIRISS_SOSS,obs14,SOSS_HDU4_ordem_2,jw05959014001_04102_00001-seg005_nis_x1dints.fits,seg005,4,265,60694.065033483515,TDB-MID,3489.15429435463,4.792052908856523,1778,0.5867402182434889,1.4160298518951635,2085,0.9790264684913446,0.9793469641794323
TOI-2076_d,NIRISS_SOSS,obs14,SOSS_HDU4_ordem_2,jw05959014001_04102_00001-seg005_nis_x1dints.fits,seg005,4,266,60694.06511056237,TDB-MID,3415.607852686575,4.791975131561029,1778,0.5867402182434889,1.4160298518951635,2086,0.9583899740912886,0.9587037141831944
TOI-2076_d,NIRISS_SOSS,obs14,SOSS_HDU4_ordem_2,jw05959014001_04102_00001-seg005_nis_x1dints.fits,seg005,4,267,60694.06518764122,TDB-MID,3528.906386509827,4.792159018061366,1778,0.5867402182434889,1.4160298518951635,2087,0.9901805611781638,0.9905047082880728
TOI-2076_d,NIRISS_SOSS,obs14,SOSS_HDU4_ordem_2,jw05959014001_04102_00001-seg005_nis_x1dints.fits,seg005,4,268,60694.065264720084,TDB-MID,3182.939879848546,4.792067123201539,1778,0.5867402182434889,1.4160298518951635,2088,0.8931053565129798,0.8933977249268916
TOI-2076_d,NIRISS_SOSS,obs14,SOSS_HDU4_ordem_2,jw05959014001_04102_00001-seg005_nis_x1dints.fits,seg005,4,269,60694.06534179893,TDB-MID,3593.8508444817567,4.792180973748711,1778,0.5867402182434889,1.4160298518951635,2089,1.0084034134719755,1.008733526044283
TOI-2076_d,NIRISS_SOSS,obs14,SOSS_HDU4_ordem_2,jw05959014001_04102_00001-seg005_nis_x1dints.fits,seg005,4,270,60694.065418877784,TDB-MID,3362.5135394595463,4.791881938953403,1778,0.5867402182434889,1.4160298518951635,2090,0.943492169755225,0.9438010328778096
TOI-2076_d,NIRISS_SOSS,obs14,SOSS_HDU4_ordem_2,jw05959014001_04102_00001-seg005_nis_x1dints.fits,seg005,4,271,60694.06549595664,TDB-MID,3647.499506751792,4.792422135622168,1778,0.5867402182434889,1.4160298518951635,2091,1.0234567633471872,1.0237918038084552
TOI-2076_d,NIRISS_SOSS,obs14,SOSS_HDU4_ordem_2,jw05959014001_04102_00001-seg005_nis_x1dints.fits,seg005,4,272,60694.065573035485,TDB-MID,3331.2426495187674,4.792433564441672,1778,0.5867402182434889,1.4160298518951635,2092,0.9347178289372117,0.9350238196773955
TOI-2076_d,NIRISS_SOSS,obs14,SOSS_HDU4_ordem_2,jw05959014001_04102_00001-seg005_nis_x1dints.fits,seg005,4,273,60694.065650114346,TDB-MID,3658.2703443346545,4.79226813453111,1778,0.5867402182434889,1.4160298518951635,2093,1.026478967065293,1.026814996880058
TOI-2076_d,NIRISS_SOSS,obs14,SOSS_HDU4_ordem_2,jw05959014001_04102_00001-seg005_nis_x1dints.fits,seg005,4,274,60694.06572719319,TDB-MID,3614.032806671018,4.792302264431306,1778,0.5867402182434889,1.4160298518951635,2094,1.0140662972261698,1.0143982636092614
TOI-2076_d,NIRISS_SOSS,obs14,SOSS_HDU4_ordem_2,jw05959014001_04102_00001-seg005_nis_x1dints.fits,seg005,4,275,60694.06580427205,TDB-MID,3073.4592487714613,4.791499093224464,1778,0.5867402182434889,1.4160298518951635,2095,0.8623860398622304,0.8626683519509617
TOI-2076_d,NIRISS_SOSS,obs14,SOSS_HDU4_ordem_2,jw05959014001_04102_00001-seg005_nis_x1dints.fits,seg005,4,276,60694.0658813509,TDB-MID,3314.5765872064712,4.792050049239279,1778,0.5867402182434889,1.4160298518951635,2096,0.9300414762302925,0.9303459361120912
TOI-2076_d,NIRISS_SOSS,obs14,SOSS_HDU4_ordem_2,jw05959014001_04102_00001-seg005_nis_x1dints.fits,seg005,4,277,60694.06595842976,TDB-MID,3293.3370505484763,4.791856299426018,1778,0.5867402182434889,1.4160298518951635,2097,0.9240818462419272,0.9243843551696145
TOI-2076_d,NIRISS_SOSS,obs14,SOSS_HDU4_ordem_2,jw05959014001_04102_00001-seg005_nis_x1dints.fits,seg005,4,278,60694.06603550861,TDB-MID,3620.15070388345,4.792255140312679,1778,0.5867402182434889,1.4160298518951635,2098,1.0157829261847033,1.0161154545262272
TOI-2076_d,NIRISS_SOSS,obs14,SOSS_HDU4_ordem_2,jw05959014001_04102_00001-seg005_nis_x1dints.fits,seg005,4,279,60694.06611258747,TDB-MID,3751.696493921696,4.792559750301815,1778,0.5867402182434889,1.4160298518951635,2099,1.0526935352897295,1.0530381467479448
TOI-2076_d,NIRISS_SOSS,obs14,SOSS_HDU4_ordem_2,jw05959014001_04102_00001-seg005_nis_x1dints.fits,seg005,4,280,60694.066189666315,TDB-MID,3524.885342861274,4.792267957424503,1778,0.5867402182434889,1.4160298518951635,2100,0.9890522911646359,0.9893760689222486
TOI-2076_d,NIRISS_SOSS,obs14,SOSS_HDU4_ordem_2,jw05959014001_04102_00001-seg005_nis_x1dints.fits,seg005,4,281,60694.06626674517,TDB-MID,3475.1134024640733,4.791990013512145,1778,0.5867402182434889,1.4160298518951635,2101,0.9750867158629435,0.9754059218272392
TOI-2076_d,NIRISS_SOSS,obs14,SOSS_HDU4_ordem_2,jw05959014001_04102_00001-seg005_nis_x1dints.fits,seg005,4,282,60694.06634382402,TDB-MID,3522.971293660639,4.792146430279874,1778,0.5867402182434889,1.4160298518951635,2102,0.9885152255403244,0.9888388274832658
TOI-2076_d,NIRISS_SOSS,obs14,SOSS_HDU4_ordem_2,jw05959014001_04102_00001-seg005_nis_x1dints.fits,seg005,4,283,60694.066420902884,TDB-MID,3447.8766243963973,4.792071465851263,1778,0.5867402182434889,1.4160298518951635,2103,0.9674443118890569,0.9677610160236277
TOI-2076_d,NIRISS_SOSS,obs14,SOSS_HDU4_ordem_2,jw05959014001_04102_00001-seg005_nis_x1dints.fits,seg005,4,284,60694.06649798173,TDB-MID,3636.847016566158,4.792345259166739,1778,0.5867402182434889,1.4160298518951635,2104,1.0204677668835014,1.020801828862053
TOI-2076_d,NIRISS_SOSS,obs14,SOSS_HDU4_ordem_2,jw05959014001_04102_00001-seg005_nis_x1dints.fits,seg005,4,285,60694.066575060584,TDB-MID,3379.0966025993835,4.79197980912231,1778,0.5867402182434889,1.4160298518951635,2105,0.9481452336133731,0.9484556199704676
TOI-2076_d,NIRISS_SOSS,obs14,SOSS_HDU4_ordem_2,jw05959014001_04102_00001-seg005_nis_x1dints.fits,seg005,4,286,60694.06665213944,TDB-MID,3618.6880564469257,4.792333348677551,1778,0.5867402182434889,1.4160298518951635,2106,1.0153725199849128,1.0157049139751995
TOI-2076_d,NIRISS_SOSS,obs14,SOSS_HDU4_ordem_2,jw05959014001_04102_00001-seg005_nis_x1dints.fits,seg005,4,287,60694.0667292183,TDB-MID,3798.486667069027,4.792557064207837,1778,0.5867402182434889,1.4160298518951635,2107,1.065822452532125,1.066171361893922
TOI-2076_d,NIRISS_SOSS,obs14,SOSS_HDU4_ordem_2,jw05959014001_04102_00001-seg005_nis_x1dints.fits,seg005,4,288,60694.066806297145,TDB-MID,3716.2276563210708,4.7923365995896345,1778,0.5867402182434889,1.4160298518951635,2108,1.0427412867251369,1.0430826401991666
TOI-2076_d,NIRISS_SOSS,obs14,SOSS_HDU4_ordem_2,jw05959014001_04102_00001-seg005_nis_x1dints.fits,seg005,4,289,60694.066883376,TDB-MID,3520.5657414315683,4.792062028644433,1778,0.5867402182434889,1.4160298518951635,2109,0.9878402484241193,0.9881636294054602
TOI-2076_d,NIRISS_SOSS,obs14,SOSS_HDU4_ordem_2,jw05959014001_04102_00001-seg005_nis_x1dints.fits,seg005,4,290,60694.06696045485,TDB-MID,3119.939753984665,4.791767387225876,1778,0.5867402182434889,1.4160298518951635,2110,0.8754280669649595,0.8757146485127757
TOI-2076_d,NIRISS_SOSS,obs14,SOSS_HDU4_ordem_2,jw05959014001_04102_00001-seg005_nis_x1dints.fits,seg005,4,291,60694.067037533714,TDB-MID,3692.656147394743,4.79237363608038,1778,0.5867402182434889,1.4160298518951635,2111,1.036127325520127,1.03646651383712
TOI-2076_d,NIRISS_SOSS,obs14,SOSS_HDU4_ordem_2,jw05959014001_04102_00001-seg005_nis_x1dints.fits,seg005,4,292,60694.06711461256,TDB-MID,3339.58824971811,4.792029711696227,1778,0.5867402182434889,1.4160298518951635,2112,0.9370595320553062,0.93736628937921
TOI-2076_d,NIRISS_SOSS,obs14,SOSS_HDU4_ordem_2,jw05959014001_04102_00001-seg005_nis_x1dints.fits,seg005,4,293,60694.067191691414,TDB-MID,3575.4865394647472,4.792599079118732,1778,0.5867402182434889,1.4160298518951635,2113,1.0032505485739711,1.003578974296092
TOI-2076_d,NIRISS_SOSS,obs14,SOSS_HDU4_ordem_2,jw05959014001_04102_00001-seg005_nis_x1dints.fits,seg005,4,294,60694.06726877027,TDB-MID,3831.4677333513937,4.7931112293531255,1778,0.5867402182434889,1.4160298518951635,2114,1.0750766540163492,1.0754285928485108
TOI-2076_d,NIRISS_SOSS,obs14,SOSS_HDU4_ordem_2,jw05959014001_04102_00001-seg005_nis_x1dints.fits,seg005,4,295,60694.06734584912,TDB-MID,3293.4781353351123,4.791867337947577,1778,0.5867402182434889,1.4160298518951635,2115,0.9241214334108414,0.9244239552978483
TOI-2076_d,NIRISS_SOSS,obs14,SOSS_HDU4_ordem_2,jw05959014001_04102_00001-seg005_nis_x1dints.fits,seg005,4,296,60694.067422927976,TDB-MID,3468.015146724224,4.7920050177204105,1778,0.5867402182434889,1.4160298518951635,2116,0.9730950067944517,0.9734135607496456
TOI-2076_d,NIRISS_SOSS,obs14,SOSS_HDU4_ordem_2,jw05959014001_04102_00001-seg005_nis_x1dints.fits,seg005,4,297,60694.06750000683,TDB-MID,3653.864228934911,4.79281426307955,1778,0.5867402182434889,1.4160298518951635,2117,1.0252426492542532,1.0255782743460202
TOI-2076_d,NIRISS_SOSS,obs14,SOSS_HDU4_ordem_2,jw05959014001_04102_00001-seg005_nis_x1dints.fits,seg005,4,298,60694.06757708568,TDB-MID,3489.7793829886314,4.7921684896433625,1778,0.5867402182434889,1.4160298518951635,2118,0.9792018629469095,0.97952241605241
TOI-2076_d,NIRISS_SOSS,obs14,SOSS_HDU4_ordem_2,jw05959014001_04102_00001-seg005_nis_x1dints.fits,seg005,4,299,60694.06765416453,TDB-MID,3718.7678791151457,4.804588719210775,1778,0.5867402182434889,1.4160298518951635,2119,1.0434540512352326,1.0437956380410052
TOI-2076_d,NIRISS_SOSS,obs14,SOSS_HDU4_ordem_2,jw05959014001_04102_00001-seg005_nis_x1dints.fits,seg005,4,300,60694.06773124338,TDB-MID,3577.1710405787703,4.792277881104574,1778,0.5867402182434889,1.4160298518951635,2120,1.0037232049937517,1.0040517854454427
TOI-2076_d,NIRISS_SOSS,obs14,SOSS_HDU4_ordem_2,jw05959014001_04102_00001-seg005_nis_x1dints.fits,seg005,4,301,60694.06780832224,TDB-MID,3508.2945057244187,4.792134414685776,1778,0.5867402182434889,1.4160298518951635,2121,0.9843970459902706,0.9847192997992942
TOI-2076_d,NIRISS_SOSS,obs14,SOSS_HDU4_ordem_2,jw05959014001_04102_00001-seg005_nis_x1dints.fits,seg005,4,302,60694.0678854011,TDB-MID,3472.8129625020606,4.792036373930054,1778,0.5867402182434889,1.4160298518951635,2122,0.9744412323382884,0.9747602269960535
TOI-2076_d,NIRISS_SOSS,obs14,SOSS_HDU4_ordem_2,jw05959014001_04102_00001-seg005_nis_x1dints.fits,seg005,4,303,60694.067962479945,TDB-MID,3809.1111380416132,4.79251928337511,1778,0.5867402182434889,1.4160298518951635,2123,1.0688035870473596,1.0691534723181728
TOI-2076_d,NIRISS_SOSS,obs14,SOSS_HDU4_ordem_2,jw05959014001_04102_00001-seg005_nis_x1dints.fits,seg005,4,304,60694.0680395588,TDB-MID,3674.933467799261,4.792293538357691,1778,0.5867402182434889,1.4160298518951635,2124,1.0311544951570097,1.0314920555602125
TOI-2076_d,NIRISS_SOSS,obs14,SOSS_HDU4_ordem_2,jw05959014001_04102_00001-seg005_nis_x1dints.fits,seg005,4,305,60694.06811663765,TDB-MID,3772.648805506937,4.79246558428009,1778,0.5867402182434889,1.4160298518951635,2125,1.0585725724109076,1.0589191084402232
TOI-2076_d,NIRISS_SOSS,obs14,SOSS_HDU4_ordem_2,jw05959014001_04102_00001-seg005_nis_x1dints.fits,seg005,4,306,60694.06819371651,TDB-MID,3684.372233088321,4.792337532690722,1778,0.5867402182434889,1.4160298518951635,2126,1.0338029309292018,1.0341413583286223
TOI-2076_d,NIRISS_SOSS,obs14,SOSS_HDU4_ordem_2,jw05959014001_04102_00001-seg005_nis_x1dints.fits,seg005,4,307,60694.06827079536,TDB-MID,3526.378591405011,4.792151894154953,1778,0.5867402182434889,1.4160298518951635,2127,0.989471283770013,0.9897951986897227
TOI-2076_d,NIRISS_SOSS,obs14,SOSS_HDU4_ordem_2,jw05959014001_04102_00001-seg005_nis_x1dints.fits,seg005,4,308,60694.068347874214,TDB-MID,3454.8495857345315,4.792020870552788,1778,0.5867402182434889,1.4160298518951635,2128,0.9694008644338514,0.9697182090686276
TOI-2076_d,NIRISS_SOSS,obs14,SOSS_HDU4_ordem_2,jw05959014001_04102_00001-seg005_nis_x1dints.fits,seg005,4,309,60694.06842495307,TDB-MID,3456.7311609993417,4.792057221297613,1778,0.5867402182434889,1.4160298518951635,2129,0.9699288181530916,0.9702463356196512
TOI-2076_d,NIRISS_SOSS,obs14,SOSS_HDU4_ordem_2,jw05959014001_04102_00001-seg005_nis_x1dints.fits,seg005,4,310,60694.06850203193,TDB-MID,3215.1338781565137,4.7918356751615185,1778,0.5867402182434889,1.4160298518951635,2130,0.9021387135419489,0.9024340391302272
TOI-2076_d,NIRISS_SOSS,obs14,SOSS_HDU4_ordem_2,jw05959014001_04102_00001-seg005_nis_x1dints.fits,seg005,4,311,60694.068579110775,TDB-MID,3668.8266704165853,4.79227798618722,1778,0.5867402182434889,1.4160298518951635,2131,1.0294409807145481,1.0297779801788918
TOI-2076_d,NIRISS_SOSS,obs14,SOSS_HDU4_ordem_2,jw05959014001_04102_00001-seg005_nis_x1dints.fits,seg005,4,312,60694.06865618963,TDB-MID,3517.845806684286,4.792074618866344,1778,0.5867402182434889,1.4160298518951635,2132,0.987077058296796,0.9874001894389827
TOI-2076_d,NIRISS_SOSS,obs14,SOSS_HDU4_ordem_2,jw05959014001_04102_00001-seg005_nis_x1dints.fits,seg005,4,313,60694.06873326848,TDB-MID,3527.156770270458,4.792073600579099,1778,0.5867402182434889,1.4160298518951635,2133,0.9896896340183027,0.9900136204175027
TOI-2076_d,NIRISS_SOSS,obs14,SOSS_HDU4_ordem_2,jw05959014001_04102_00001-seg005_nis_x1dints.fits,seg005,4,314,60694.06881034734,TDB-MID,3115.7063987913675,4.791983633260672,1778,0.5867402182434889,1.4160298518951635,2134,0.8742402241712288,0.874526416864907
TOI-2076_d,NIRISS_SOSS,obs14,SOSS_HDU4_ordem_2,jw05959014001_04102_00001-seg005_nis_x1dints.fits,seg005,4,315,60694.06888742619,TDB-MID,3618.0299762079767,4.792302491606117,1778,0.5867402182434889,1.4160298518951635,2135,1.0151878683708055,1.015520201913241
TOI-2076_d,NIRISS_SOSS,obs14,SOSS_HDU4_ordem_2,jw05959014001_04102_00001-seg005_nis_x1dints.fits,seg005,4,316,60694.068964505044,TDB-MID,3572.1954998959795,4.792169131618303,1778,0.5867402182434889,1.4160298518951635,2136,1.0023271113812138,1.0026552348054418
TOI-2076_d,NIRISS_SOSS,obs14,SOSS_HDU4_ordem_2,jw05959014001_04102_00001-seg005_nis_x1dints.fits,seg005,4,317,60694.0690415839,TDB-MID,3374.8444483957974,4.791917985046148,1778,0.5867402182434889,1.4160298518951635,2137,0.9469521159802111,0.9472621117563875
TOI-2076_d,NIRISS_SOSS,obs14,SOSS_HDU4_ordem_2,jw05959014001_04102_00001-seg005_nis_x1dints.fits,seg005,4,318,60694.06911866275,TDB-MID,3548.7524469636455,4.792275418723274,1778,0.5867402182434889,1.4160298518951635,2138,0.9957491938153059,0.9960751638818011
TOI-2076_d,NIRISS_SOSS,obs14,SOSS_HDU4_ordem_2,jw05959014001_04102_00001-seg005_nis_x1dints.fits,seg005,4,319,60694.069195741606,TDB-MID,3765.133730560695,4.792449026419259,1778,0.5867402182434889,1.4160298518951635,2139,1.056463907484002,1.0568097532173568
TOI-2076_d,NIRISS_SOSS,obs14,SOSS_HDU4_ordem_2,jw05959014001_04102_00001-seg005_nis_x1dints.fits,seg005,4,320,60694.06927282046,TDB-MID,3228.6441090770168,4.791785083874783,1778,0.5867402182434889,1.4160298518951635,2140,0.905929567299263,0.9062261338675581
TOI-2076_d,NIRISS_SOSS,obs14,SOSS_HDU4_ordem_2,jw05959014001_04102_00001-seg005_nis_x1dints.fits,seg005,4,321,60694.06934989931,TDB-MID,3395.0235515422123,4.792080484071494,1778,0.5867402182434889,1.4160298518951635,2141,0.9526141975117506,0.9529260468360944
TOI-2076_d,NIRISS_SOSS,obs14,SOSS_HDU4_ordem_2,jw05959014001_04102_00001-seg005_nis_x1dints.fits,seg005,4,322,60694.06942697816,TDB-MID,3501.481675288425,4.792129950466366,1778,0.5867402182434889,1.4160298518951635,2142,0.9824854247894045,0.9828070528070201
TOI-2076_d,NIRISS_SOSS,obs14,SOSS_HDU4_ordem_2,jw05959014001_04102_00001-seg005_nis_x1dints.fits,seg005,4,323,60694.06950405701,TDB-MID,3527.030081015221,4.792094849098483,1778,0.5867402182434889,1.4160298518951635,2143,0.9896540861107909,0.9899780608729705
TOI-2076_d,NIRISS_SOSS,obs14,SOSS_HDU4_ordem_2,jw05959014001_04102_00001-seg005_nis_x1dints.fits,seg005,4,324,60694.06958113587,TDB-MID,3759.440002621113,4.792442852469597,1778,0.5867402182434889,1.4160298518951635,2144,1.054866296748857,1.0552116194857775
TOI-2076_d,NIRISS_SOSS,obs14,SOSS_HDU4_ordem_2,jw05959014001_04102_00001-seg005_nis_x1dints.fits,seg005,4,325,60694.06965821473,TDB-MID,3756.0510862476663,4.792439009406711,1778,0.5867402182434889,1.4160298518951635,2145,1.0539153961726122,1.0542604076211823
TOI-2076_d,NIRISS_SOSS,obs14,SOSS_HDU4_ordem_2,jw05959014001_04102_00001-seg005_nis_x1dints.fits,seg005,4,326,60694.069735293575,TDB-MID,3534.075848702819,4.79209764632759,1778,0.5867402182434889,1.4160298518951635,2146,0.9916310674865242,0.9919556894365242
TOI-2076_d,NIRISS_SOSS,obs14,SOSS_HDU4_ordem_2,jw05959014001_04102_00001-seg005_nis_x1dints.fits,seg005,4,327,60694.06981237243,TDB-MID,3421.3364281841905,4.791878958012191,1778,0.5867402182434889,1.4160298518951635,2147,0.9599973627493341,0.9603116290385908
TOI-2076_d,NIRISS_SOSS,obs14,SOSS_HDU4_ordem_2,jw05959014001_04102_00001-seg005_nis_x1dints.fits,seg005,4,328,60694.06988945128,TDB-MID,3340.6512780639155,4.791918772867956,1778,0.5867402182434889,1.4160298518951635,2148,0.9373578086001365,0.9376646635683323
TOI-2076_d,NIRISS_SOSS,obs14,SOSS_HDU4_ordem_2,jw05959014001_04102_00001-seg005_nis_x1dints.fits,seg005,4,329,60694.06996653014,TDB-MID,3579.2203748331685,4.792152411389272,1778,0.5867402182434889,1.4160298518951635,2149,1.0042982304321761,1.0046269991251247
TOI-2076_d,NIRISS_SOSS,obs14,SOSS_HDU4_ordem_2,jw05959014001_04102_00001-seg005_nis_x1dints.fits,seg005,4,330,60694.07004360899,TDB-MID,3593.2814638439086,4.792217329474963,1778,0.5867402182434889,1.4160298518951635,2150,1.0082436501975334,1.008573710469477
TOI-2076_d,NIRISS_SOSS,obs14,SOSS_HDU4_ordem_2,jw05959014001_04102_00001-seg005_nis_x1dints.fits,seg005,4,331,60694.070120687844,TDB-MID,3538.3642929730777,4.792172228738819,1778,0.5867402182434889,1.4160298518951635,2151,0.9928343677980142,0.9931593836623503
TOI-2076_d,NIRISS_SOSS,obs14,SOSS_HDU4_ordem_2,jw05959014001_04102_00001-seg005_nis_x1dints.fits,seg005,4,332,60694.0701977667,TDB-MID,3580.69845728373,4.792215907852768,1778,0.5867402182434889,1.4160298518951635,2152,1.004712967563192,1.0050418720251584
TOI-2076_d,NIRISS_SOSS,obs14,SOSS_HDU4_ordem_2,jw05959014001_04102_00001-seg005_nis_x1dints.fits,seg005,4,333,60694.07027484556,TDB-MID,3812.972693190737,4.792406612405802,1778,0.5867402182434889,1.4160298518951635,2153,1.0698871059695947,1.0702373459429146
TOI-2076_d,NIRISS_SOSS,obs14,SOSS_HDU4_ordem_2,jw05959014001_04102_00001-seg005_nis_x1dints.fits,seg005,4,334,60694.070351924405,TDB-MID,3727.4953838998613,4.792325093371755,1778,0.5867402182434889,1.4160298518951635,2154,1.0459029134715476,1.0462453019408224
TOI-2076_d,NIRISS_SOSS,obs14,SOSS_HDU4_ordem_2,jw05959014001_04102_00001-seg005_nis_x1dints.fits,seg005,4,335,60694.07042900326,TDB-MID,3873.7118869856313,4.792523044074542,1778,0.5867402182434889,1.4160298518951635,2155,1.0869299975654865,1.0872858167273625
TOI-2076_d,NIRISS_SOSS,obs14,SOSS_HDU4_ordem_2,jw05959014001_04102_00001-seg005_nis_x1dints.fits,seg005,4,336,60694.07050608211,TDB-MID,3424.2326856317736,4.792006761694033,1778,0.5867402182434889,1.4160298518951635,2156,0.9608100274988801,0.9611245598233835
TOI-2076_d,NIRISS_SOSS,obs14,SOSS_HDU4_ordem_2,jw05959014001_04102_00001-seg005_nis_x1dints.fits,seg005,4,337,60694.07058316097,TDB-MID,3643.8236262117907,4.792212048770681,1778,0.5867402182434889,1.4160298518951635,2157,1.0224253431117747,1.0227600459256465
TOI-2076_d,NIRISS_SOSS,obs14,SOSS_HDU4_ordem_2,jw05959014001_04102_00001-seg005_nis_x1dints.fits,seg005,4,338,60694.07066023982,TDB-MID,3453.201689117193,4.792075506007869,1778,0.5867402182434889,1.4160298518951635,2158,0.9689384789187361,0.9692556721862423
TOI-2076_d,NIRISS_SOSS,obs14,SOSS_HDU4_ordem_2,jw05959014001_04102_00001-seg005_nis_x1dints.fits,seg005,4,339,60694.070737318674,TDB-MID,4004.604858214573,4.792916882528141,1778,0.5867402182434889,1.4160298518951635,2159,1.1236574313679841,1.1240252736819885
TOI-2076_d,NIRISS_SOSS,obs14,SOSS_HDU4_ordem_2,jw05959014001_04102_00001-seg005_nis_x1dints.fits,seg005,4,340,60694.07081439753,TDB-MID,3642.1633290750915,4.792295380873556,1778,0.5867402182434889,1.4160298518951635,2160,1.0219594781183523,1.0222940284259063
TOI-2076_d,NIRISS_SOSS,obs14,SOSS_HDU4_ordem_2,jw05959014001_04102_00001-seg005_nis_x1dints.fits,seg005,4,341,60694.070891476375,TDB-MID,3754.7863898483242,4.79244277459957,1778,0.5867402182434889,1.4160298518951635,2161,1.0535605333190077,1.0539054285991
TOI-2076_d,NIRISS_SOSS,obs14,SOSS_HDU4_ordem_2,jw05959014001_04102_00001-seg005_nis_x1dints.fits,seg005,4,342,60694.07096855523,TDB-MID,3255.6238115936517,4.7918249967241024,1778,0.5867402182434889,1.4160298518951635,2162,0.91349983810057,0.913798882884958
TOI-2076_d,NIRISS_SOSS,obs14,SOSS_HDU4_ordem_2,jw05959014001_04102_00001-seg005_nis_x1dints.fits,seg005,4,343,60694.07104563408,TDB-MID,3400.757648352089,4.796224203572947,1778,0.5867402182434889,1.4160298518951635,2163,0.9542231354021855,0.9545355114310393
TOI-2076_d,NIRISS_SOSS,obs14,SOSS_HDU4_ordem_2,jw05959014001_04102_00001-seg005_nis_x1dints.fits,seg005,4,344,60694.07112271294,TDB-MID,3277.004177745278,4.791802387605379,1778,0.5867402182434889,1.4160298518951635,2164,0.919498983624844,0.919799992299213
TOI-2076_d,NIRISS_SOSS,obs14,SOSS_HDU4_ordem_2,jw05959014001_04102_00001-seg005_nis_x1dints.fits,seg005,4,345,60694.07119979179,TDB-MID,3605.471630203924,4.792223048979058,1778,0.5867402182434889,1.4160298518951635,2165,1.0116641052748792,1.0119952852725287
TOI-2076_d,NIRISS_SOSS,obs14,SOSS_HDU4_ordem_2,jw05959014001_04102_00001-seg005_nis_x1dints.fits,seg005,4,346,60694.07127687064,TDB-MID,3513.3399235355932,4.792232768216005,1778,0.5867402182434889,1.4160298518951635,2166,0.9858127465196882,0.9861354637747266
TOI-2076_d,NIRISS_SOSS,obs14,SOSS_HDU4_ordem_2,jw05959014001_04102_00001-seg005_nis_x1dints.fits,seg005,4,347,60694.0713539495,TDB-MID,3910.709079349655,4.792565313589485,1778,0.5867402182434889,1.4160298518951635,2167,1.0973110892365687,1.0976703067694031
TOI-2076_d,NIRISS_SOSS,obs14,SOSS_HDU4_ordem_2,jw05959014001_04102_00001-seg005_nis_x1dints.fits,seg005,4,348,60694.07143102836,TDB-MID,3532.1510846023934,4.792141916445022,1778,0.5867402182434889,1.4160298518951635,2168,0.9910909953541547,0.9914154405052681
TOI-2076_d,NIRISS_SOSS,obs14,SOSS_HDU4_ordem_2,jw05959014001_04102_00001-seg005_nis_x1dints.fits,seg005,4,349,60694.071508107205,TDB-MID,3770.368322093025,4.792804797461488,1778,0.5867402182434889,1.4160298518951635,2169,1.0579326885207663,1.0582790150766566
TOI-2076_d,NIRISS_SOSS,obs14,SOSS_HDU4_ordem_2,jw05959014001_04102_00001-seg005_nis_x1dints.fits,seg005,4,350,60694.07158518606,TDB-MID,3806.130278020946,4.79249559797726,1778,0.5867402182434889,1.4160298518951635,2170,1.0679671835487172,1.0683167950131285
TOI-2076_d,NIRISS_SOSS,obs14,SOSS_HDU4_ordem_2,jw05959014001_04102_00001-seg005_nis_x1dints.fits,seg005,4,351,60694.07166226491,TDB-MID,3430.5416148807763,4.792040743302055,1778,0.5867402182434889,1.4160298518951635,2171,0.9625802583919668,0.9628953702221184
TOI-2076_d,NIRISS_SOSS,obs14,SOSS_HDU4_ordem_2,jw05959014001_04102_00001-seg005_nis_x1dints.fits,seg005,4,352,60694.07173934377,TDB-MID,3596.186337770943,4.792246868075413,1778,0.5867402182434889,1.4160298518951635,2172,1.0090587326565688,1.0093890597552244
TOI-2076_d,NIRISS_SOSS,obs14,SOSS_HDU4_ordem_2,jw05959014001_04102_00001-seg005_nis_x1dints.fits,seg005,4,353,60694.07181642262,TDB-MID,3564.5505728564235,4.792212782556211,1778,0.5867402182434889,1.4160298518951635,2173,1.0001820110818318,1.0005094322825565
TOI-2076_d,NIRISS_SOSS,obs14,SOSS_HDU4_ordem_2,jw05959014001_04102_00001-seg005_nis_x1dints.fits,seg005,4,354,60694.071893501474,TDB-MID,3762.1977884866924,4.792564040799396,1778,0.5867402182434889,1.4160298518951635,2174,1.0556401075720703,1.0559856836249535
TOI-2076_d,NIRISS_SOSS,obs14,SOSS_HDU4_ordem_2,jw05959014001_04102_00001-seg005_nis_x1dints.fits,seg005,4,355,60694.07197058033,TDB-MID,3149.286395467812,4.791704819123313,1778,0.5867402182434889,1.4160298518951635,2175,0.8836624803355041,0.8839517575141986
TOI-2076_d,NIRISS_SOSS,obs14,SOSS_HDU4_ordem_2,jw05959014001_04102_00001-seg005_nis_x1dints.fits,seg005,4,356,60694.07204765918,TDB-MID,3504.9963062236416,4.792130496310206,1778,0.5867402182434889,1.4160298518951635,2176,0.9834715997826178,0.9837935506360742
TOI-2076_d,NIRISS_SOSS,obs14,SOSS_HDU4_ordem_2,jw05959014001_04102_00001-seg005_nis_x1dints.fits,seg005,4,357,60694.072124738035,TDB-MID,3318.2856189277973,4.791946581980068,1778,0.5867402182434889,1.4160298518951635,2177,0.9310821983999963,0.9313869989742876
TOI-2076_d,NIRISS_SOSS,obs14,SOSS_HDU4_ordem_2,jw05959014001_04102_00001-seg005_nis_x1dints.fits,seg005,4,358,60694.07220181688,TDB-MID,3920.025399992162,4.79308997693516,1778,0.5867402182434889,1.4160298518951635,2178,1.0999251681016746,1.1002852413835944
TOI-2076_d,NIRISS_SOSS,obs14,SOSS_HDU4_ordem_2,jw05959014001_04102_00001-seg005_nis_x1dints.fits,seg005,4,359,60694.07227889574,TDB-MID,3306.918101173252,4.7920299495718846,1778,0.5867402182434889,1.4160298518951635,2179,0.9278925713947499,0.9281963278075862
TOI-2076_d,NIRISS_SOSS,obs14,SOSS_HDU4_ordem_2,jw05959014001_04102_00001-seg005_nis_x1dints.fits,seg005,4,360,60694.07235597459,TDB-MID,3291.1130802084726,4.792047145510329,1778,0.5867402182434889,1.4160298518951635,2180,0.9234578194307523,0.9237601240760135
TOI-2076_d,NIRISS_SOSS,obs14,SOSS_HDU4_ordem_2,jw05959014001_04102_00001-seg005_nis_x1dints.fits,seg005,4,361,60694.07243305344,TDB-MID,3742.9718094567143,4.7936002950688605,1778,0.5867402182434889,1.4160298518951635,2181,1.0502454644106995,1.0505892744644727
TOI-2076_d,NIRISS_SOSS,obs14,SOSS_HDU4_ordem_2,jw05959014001_04102_00001-seg005_nis_x1dints.fits,seg005,4,362,60694.0725101323,TDB-MID,3468.31963389605,4.792051802278452,1778,0.5867402182434889,1.4160298518951635,2182,0.9731804432570972,0.9734990251809096
TOI-2076_d,NIRISS_SOSS,obs14,SOSS_HDU4_ordem_2,jw05959014001_04102_00001-seg005_nis_x1dints.fits,seg005,4,363,60694.07258721116,TDB-MID,3229.3085466337343,4.791795901612029,1778,0.5867402182434889,1.4160298518951635,2183,0.9061160027216628,0.9064126303217593
TOI-2076_d,NIRISS_SOSS,obs14,SOSS_HDU4_ordem_2,jw05959014001_04102_00001-seg005_nis_x1dints.fits,seg005,4,364,60694.072664290004,TDB-MID,3826.168717447605,4.792465556109825,1778,0.5867402182434889,1.4160298518951635,2184,1.0735897960590615,1.0739412481509976
TOI-2076_d,NIRISS_SOSS,obs14,SOSS_HDU4_ordem_2,jw05959014001_04102_00001-seg005_nis_x1dints.fits,seg005,4,365,60694.07274136886,TDB-MID,3462.2576212789986,4.7920389592242385,1778,0.5867402182434889,1.4160298518951635,2185,0.9714794950318999,0.9717975201305504
TOI-2076_d,NIRISS_SOSS,obs14,SOSS_HDU4_ordem_2,jw05959014001_04102_00001-seg005_nis_x1dints.fits,seg005,4,366,60694.07281844771,TDB-MID,3085.201331349445,4.791755583983233,1778,0.5867402182434889,1.4160298518951635,2186,0.8656807665120828,0.8659641571678587
TOI-2076_d,NIRISS_SOSS,obs14,SOSS_HDU4_ordem_2,jw05959014001_04102_00001-seg005_nis_x1dints.fits,seg005,4,367,60694.07289552657,TDB-MID,3439.5298309701716,4.792091115323865,1778,0.5867402182434889,1.4160298518951635,2187,0.9651022739618359,0.9654182114030831
TOI-2076_d,NIRISS_SOSS,obs14,SOSS_HDU4_ordem_2,jw05959014001_04102_00001-seg005_nis_x1dints.fits,seg005,4,368,60694.07297260542,TDB-MID,3610.809185398516,4.792262746986273,1778,0.5867402182434889,1.4160298518951635,2188,1.0131617770233008,1.013493447301196
TOI-2076_d,NIRISS_SOSS,obs14,SOSS_HDU4_ordem_2,jw05959014001_04102_00001-seg005_nis_x1dints.fits,seg005,4,369,60694.07304968427,TDB-MID,3636.326130052619,4.792376398441892,1778,0.5867402182434889,1.4160298518951635,2189,1.0203216106402364,1.020655624772844
TOI-2076_d,NIRISS_SOSS,obs14,SOSS_HDU4_ordem_2,jw05959014001_04102_00001-seg005_nis_x1dints.fits,seg005,4,370,60694.07312676313,TDB-MID,3656.5366230688314,4.792278654465699,1778,0.5867402182434889,1.4160298518951635,2190,1.025992499897311,1.026328370461397
TOI-2076_d,NIRISS_SOSS,obs14,SOSS_HDU4_ordem_2,jw05959014001_04102_00001-seg005_nis_x1dints.fits,seg005,4,371,60694.07320384199,TDB-MID,3928.625602899632,4.7926472694410425,1778,0.5867402182434889,1.4160298518951635,2191,1.1023383105340494,1.1026991737861784
TOI-2076_d,NIRISS_SOSS,obs14,SOSS_HDU4_ordem_2,jw05959014001_04102_00001-seg005_nis_x1dints.fits,seg005,4,372,60694.073280920835,TDB-MID,3674.4056029019152,4.792284635874604,1778,0.5867402182434889,1.4160298518951635,2192,1.031006380839702,1.0313438927559624
TOI-2076_d,NIRISS_SOSS,obs14,SOSS_HDU4_ordem_2,jw05959014001_04102_00001-seg005_nis_x1dints.fits,seg005,4,373,60694.07335799968,TDB-MID,3180.2228787365275,4.791925156364227,1778,0.5867402182434889,1.4160298518951635,2193,0.8923429895382977,0.8926351083825237
TOI-2076_d,NIRISS_SOSS,obs14,SOSS_HDU4_ordem_2,jw05959014001_04102_00001-seg005_nis_x1dints.fits,seg005,4,374,60694.07343507854,TDB-MID,3341.2836042183176,4.791907676213848,1778,0.5867402182434889,1.4160298518951635,2194,0.9375352338412274,0.937842146891637
TOI-2076_d,NIRISS_SOSS,obs14,SOSS_HDU4_ordem_2,jw05959014001_04102_00001-seg005_nis_x1dints.fits,seg005,4,375,60694.07351215739,TDB-MID,3170.840416452931,4.791786129148729,1778,0.5867402182434889,1.4160298518951635,2195,0.8897103519016861,0.8900016089213978
TOI-2076_d,NIRISS_SOSS,obs14,SOSS_HDU4_ordem_2,jw05959014001_04102_00001-seg005_nis_x1dints.fits,seg005,4,376,60694.07358923625,TDB-MID,3628.861284669217,4.792265837709003,1778,0.5867402182434889,1.4160298518951635,2196,1.0182270396935256,1.0185603681440005
TOI-2076_d,NIRISS_SOSS,obs14,SOSS_HDU4_ordem_2,jw05959014001_04102_00001-seg005_nis_x1dints.fits,seg005,4,377,60694.0736663151,TDB-MID,3417.72336025268,4.792026594295298,1778,0.5867402182434889,1.4160298518951635,2197,0.9589835671877193,0.9592975015992212
TOI-2076_d,NIRISS_SOSS,obs14,SOSS_HDU4_ordem_2,jw05959014001_04102_00001-seg005_nis_x1dints.fits,seg005,4,378,60694.07374339396,TDB-MID,3730.3530419744875,4.792386977821438,1778,0.5867402182434889,1.4160298518951635,2198,1.046704747571428,1.0470473985304103
TOI-2076_d,NIRISS_SOSS,obs14,SOSS_HDU4_ordem_2,jw05959014001_04102_00001-seg005_nis_x1dints.fits,seg005,4,379,60694.073820472804,TDB-MID,3481.269848847398,4.792063863857688,1778,0.5867402182434889,1.4160298518951635,2199,0.9768141613848783,0.9771339328485338
TOI-2076_d,NIRISS_SOSS,obs14,SOSS_HDU4_ordem_2,jw05959014001_04102_00001-seg005_nis_x1dints.fits,seg005,4,380,60694.073897551665,TDB-MID,3859.883487104196,4.792438928145405,1778,0.5867402182434889,1.4160298518951635,2200,1.083049868354029,1.083404417310531
TOI-2076_d,NIRISS_SOSS,obs14,SOSS_HDU4_ordem_2,jw05959014001_04102_00001-seg005_nis_x1dints.fits,seg005,4,381,60694.07397463051,TDB-MID,3741.2737073741664,4.792396145374636,1778,0.5867402182434889,1.4160298518951635,2201,1.049768991676976,1.0501126457518644
TOI-2076_d,NIRISS_SOSS,obs14,SOSS_HDU4_ordem_2,jw05959014001_04102_00001-seg005_nis_x1dints.fits,seg005,4,382,60694.07405170937,TDB-MID,3633.6111223389057,4.7922502594538905,1778,0.5867402182434889,1.4160298518951635,2202,1.0195598029958497,1.0198935677418748
TOI-2076_d,NIRISS_SOSS,obs14,SOSS_HDU4_ordem_2,jw05959014001_04102_00001-seg005_nis_x1dints.fits,seg005,4,383,60694.07412878822,TDB-MID,3591.214842734651,4.792179271142067,1778,0.5867402182434889,1.4160298518951635,2203,1.007663774217391,1.007993644660196
TOI-2076_d,NIRISS_SOSS,obs14,SOSS_HDU4_ordem_2,jw05959014001_04102_00001-seg005_nis_x1dints.fits,seg005,4,384,60694.07420586707,TDB-MID,3896.7805817724948,4.792620788001483,1778,0.5867402182434889,1.4160298518951635,2204,1.093402873478836,1.0937608116118394
TOI-2076_d,NIRISS_SOSS,obs14,SOSS_HDU4_ordem_2,jw05959014001_04102_00001-seg005_nis_x1dints.fits,seg005,4,385,60694.07428294593,TDB-MID,3168.534113405011,4.791784159095222,1778,0.5867402182434889,1.4160298518951635,2205,0.8890632232459172,0.8893542684205454
TOI-2076_d,NIRISS_SOSS,obs14,SOSS_HDU4_ordem_2,jw05959014001_04102_00001-seg005_nis_x1dints.fits,seg005,4,386,60694.07436002478,TDB-MID,3534.5379802327166,4.792190307190554,1778,0.5867402182434889,1.4160298518951635,2206,0.9917607375903733,0.9920854019893882
TOI-2076_d,NIRISS_SOSS,obs14,SOSS_HDU4_ordem_2,jw05959014001_04102_00001-seg005_nis_x1dints.fits,seg005,4,387,60694.074437103634,TDB-MID,3761.7691885630097,4.792652826154869,1778,0.5867402182434889,1.4160298518951635,2207,1.0555198461464412,1.0558653828303497
TOI-2076_d,NIRISS_SOSS,obs14,SOSS_HDU4_ordem_2,jw05959014001_04102_00001-seg005_nis_x1dints.fits,seg005,4,388,60694.07451418248,TDB-MID,4142.48991278269,4.792826948523209,1778,0.5867402182434889,1.4160298518951635,2208,1.162346783183115,1.1627272909059008
TOI-2076_d,NIRISS_SOSS,obs14,SOSS_HDU4_ordem_2,jw05959014001_04102_00001-seg005_nis_x1dints.fits,seg005,4,389,60694.07459126134,TDB-MID,3575.127042478697,4.7922117866036285,1778,0.5867402182434889,1.4160298518951635,2209,1.0031496768340038,1.0034780695345888
TOI-2076_d,NIRISS_SOSS,obs14,SOSS_HDU4_ordem_2,jw05959014001_04102_00001-seg005_nis_x1dints.fits,seg005,4,390,60694.074668340196,TDB-MID,3948.796708808249,4.792739268227527,1778,0.5867402182434889,1.4160298518951635,2210,1.1079981481099428,1.1083608641756542
TOI-2076_d,NIRISS_SOSS,obs14,SOSS_HDU4_ordem_2,jw05959014001_04102_00001-seg005_nis_x1dints.fits,seg005,4,391,60694.07474541905,TDB-MID,3440.822052864976,4.792067125808364,1778,0.5867402182434889,1.4160298518951635,2211,0.9654648602310142,0.9657809163690889
TOI-2076_d,NIRISS_SOSS,obs14,SOSS_HDU4_ordem_2,jw05959014001_04102_00001-seg005_nis_x1dints.fits,seg005,4,392,60694.074822497896,TDB-MID,3781.1353186393403,4.792413330878323,1778,0.5867402182434889,1.4160298518951635,2212,1.0609538144772919,1.0613011300338613
TOI-2076_d,NIRISS_SOSS,obs14,SOSS_HDU4_ordem_2,jw05959014001_04102_00001-seg005_nis_x1dints.fits,seg005,4,393,60694.07489957676,TDB-MID,3512.7361026442045,4.7922085342420075,1778,0.5867402182434889,1.4160298518951635,2213,0.9856433196084581,0.9859659813996289
TOI-2076_d,NIRISS_SOSS,obs14,SOSS_HDU4_ordem_2,jw05959014001_04102_00001-seg005_nis_x1dints.fits,seg005,4,394,60694.07497665561,TDB-MID,3782.642031404472,4.792795674099068,1778,0.5867402182434889,1.4160298518951635,2214,1.061376585026552,1.0617240389819722
TOI-2076_d,NIRISS_SOSS,obs14,SOSS_HDU4_ordem_2,jw05959014001_04102_00001-seg005_nis_x1dints.fits,seg005,4,395,60694.075053734465,TDB-MID,3674.520329165428,4.792245786573908,1778,0.5867402182434889,1.4160298518951635,2215,1.0310385720353714,1.0313760944897936
TOI-2076_d,NIRISS_SOSS,obs14,SOSS_HDU4_ordem_2,jw05959014001_04102_00001-seg005_nis_x1dints.fits,seg005,4,396,60694.07513081331,TDB-MID,3216.4895927778557,4.791806416006694,1778,0.5867402182434889,1.4160298518951635,2216,0.9025191153201569,0.9028145654373766
TOI-2076_d,NIRISS_SOSS,obs14,SOSS_HDU4_ordem_2,jw05959014001_04102_00001-seg005_nis_x1dints.fits,seg005,4,397,60694.07520789217,TDB-MID,3613.909438504379,4.79226681731463,1778,0.5867402182434889,1.4160298518951635,2217,1.014031681187348,1.0143636362384771
TOI-2076_d,NIRISS_SOSS,obs14,SOSS_HDU4_ordem_2,jw05959014001_04102_00001-seg005_nis_x1dints.fits,seg005,4,398,60694.07528497102,TDB-MID,3330.727579349619,4.79193816046592,1778,0.5867402182434889,1.4160298518951635,2218,0.9345733047097958,0.9348792481382947
TOI-2076_d,NIRISS_SOSS,obs14,SOSS_HDU4_ordem_2,jw05959014001_04102_00001-seg005_nis_x1dints.fits,seg005,4,399,60694.07536204987,TDB-MID,3700.4801385029073,4.792530546391023,1778,0.5867402182434889,1.4160298518951635,2219,1.0383226696459307,1.0386625766343272
TOI-2076_d,NIRISS_SOSS,obs14,SOSS_HDU4_ordem_2,jw05959014001_04102_00001-seg005_nis_x1dints.fits,seg005,4,400,60694.07543912873,TDB-MID,3283.849726856939,4.791844645097262,1778,0.5867402182434889,1.4160298518951635,2220,0.9214197854026608,0.9217214228738063
TOI-2076_d,NIRISS_SOSS,obs14,SOSS_HDU4_ordem_2,jw05959014001_04102_00001-seg005_nis_x1dints.fits,seg005,4,401,60694.07551620758,TDB-MID,3615.3879423598655,4.796999473404822,1778,0.5867402182434889,1.4160298518951635,2221,1.0144465365609352,1.0147786274197903
TOI-2076_d,NIRISS_SOSS,obs14,SOSS_HDU4_ordem_2,jw05959014001_04102_00001-seg005_nis_x1dints.fits,seg005,4,402,60694.075593286434,TDB-MID,3646.6878160414,4.792604598103346,1778,0.5867402182434889,1.4160298518951635,2222,1.0232290099655186,1.0235639758690713
TOI-2076_d,NIRISS_SOSS,obs14,SOSS_HDU4_ordem_2,jw05959014001_04102_00001-seg005_nis_x1dints.fits,seg005,4,403,60694.07567036528,TDB-MID,3580.855728676922,4.792209804301019,1778,0.5867402182434889,1.4160298518951635,2223,1.0047570965536814,1.0050860154617853
TOI-2076_d,NIRISS_SOSS,obs14,SOSS_HDU4_ordem_2,jw05959014001_04102_00001-seg005_nis_x1dints.fits,seg005,4,404,60694.07574744414,TDB-MID,3404.989423907723,4.791944157864002,1778,0.5867402182434889,1.4160298518951635,2224,0.9554105349632722,0.9557232997011667
TOI-2076_d,NIRISS_SOSS,obs14,SOSS_HDU4_ordem_2,jw05959014001_04102_00001-seg005_nis_x1dints.fits,seg005,4,405,60694.075824522995,TDB-MID,3282.036327376656,4.791865241221229,1778,0.5867402182434889,1.4160298518951635,2225,0.9209109612179528,0.9212124321195904
TOI-2076_d,NIRISS_SOSS,obs14,SOSS_HDU4_ordem_2,jw05959014001_04102_00001-seg005_nis_x1dints.fits,seg005,4,406,60694.07590160185,TDB-MID,3600.748722949578,4.79219947653199,1778,0.5867402182434889,1.4160298518951635,2226,1.0103388984138022,1.0106696445895904
TOI-2076_d,NIRISS_SOSS,obs14,SOSS_HDU4_ordem_2,jw05959014001_04102_00001-seg005_nis_x1dints.fits,seg005,4,407,60694.075978680696,TDB-MID,3453.4330649001295,4.79207430661717,1778,0.5867402182434889,1.4160298518951635,2227,0.9690034009590223,0.9693206154795125
TOI-2076_d,NIRISS_SOSS,obs14,SOSS_HDU4_ordem_2,jw05959014001_04102_00001-seg005_nis_x1dints.fits,seg005,4,408,60694.07605575956,TDB-MID,3641.1486830185977,4.792400333895837,1778,0.5867402182434889,1.4160298518951635,2228,1.0216747772247676,1.0220092343321767
TOI-2076_d,NIRISS_SOSS,obs14,SOSS_HDU4_ordem_2,jw05959014001_04102_00001-seg005_nis_x1dints.fits,seg005,4,409,60694.07613283841,TDB-MID,3614.8107732043914,4.792281859131628,1778,0.5867402182434889,1.4160298518951635,2229,1.014284587895919,1.0146166257389975
TOI-2076_d,NIRISS_SOSS,obs14,SOSS_HDU4_ordem_2,jw05959014001_04102_00001-seg005_nis_x1dints.fits,seg005,4,410,60694.076209917264,TDB-MID,3783.0257143316703,4.792743583133672,1778,0.5867402182434889,1.4160298518951635,2230,1.0614842431320828,1.0618317323306345
TOI-2076_d,NIRISS_SOSS,obs14,SOSS_HDU4_ordem_2,jw05959014001_04102_00001-seg005_nis_x1dints.fits,seg005,4,411,60694.07628699611,TDB-MID,3653.866779009151,4.7926761851560515,1778,0.5867402182434889,1.4160298518951635,2231,1.0252433647829937,1.0255789901089973
TOI-2076_d,NIRISS_SOSS,obs14,SOSS_HDU4_ordem_2,jw05959014001_04102_00001-seg005_nis_x1dints.fits,seg005,4,412,60694.076364074965,TDB-MID,3128.081875137977,4.791682922973742,1778,0.5867402182434889,1.4160298518951635,2232,0.8777126756254745,0.8780000050664767
TOI-2076_d,NIRISS_SOSS,obs14,SOSS_HDU4_ordem_2,jw05959014001_04102_00001-seg005_nis_x1dints.fits,seg005,4,413,60694.076441153826,TDB-MID,3483.3398898858454,4.792087876468579,1778,0.5867402182434889,1.4160298518951635,2233,0.9773949969675244,0.9777149585744556
TOI-2076_d,NIRISS_SOSS,obs14,SOSS_HDU4_ordem_2,jw05959014001_04102_00001-seg005_nis_x1dints.fits,seg005,4,414,60694.07651823267,TDB-MID,3383.6996072030097,4.792037223616163,1778,0.5867402182434889,1.4160298518951635,2234,0.9494367968293733,0.949747605994691
TOI-2076_d,NIRISS_SOSS,obs14,SOSS_HDU4_ordem_2,jw05959014001_04102_00001-seg005_nis_x1dints.fits,seg005,4,415,60694.076595311526,TDB-MID,3499.004692773646,4.792051333771915,1778,0.5867402182434889,1.4160298518951635,2235,0.9817904049538293,0.9821118054486275
TOI-2076_d,NIRISS_SOSS,obs14,SOSS_HDU4_ordem_2,jw05959014001_04102_00001-seg005_nis_x1dints.fits,seg005,4,416,60694.07667239038,TDB-MID,3488.726612239057,4.79212892021433,1778,0.5867402182434889,1.4160298518951635,2236,0.9789064645947201,0.9792269209981382
TOI-2076_d,NIRISS_SOSS,obs14,SOSS_HDU4_ordem_2,jw05959014001_04102_00001-seg005_nis_x1dints.fits,seg005,4,417,60694.07674946923,TDB-MID,3624.298861559149,4.7923941989341845,1778,0.5867402182434889,1.4160298518951635,2237,1.0169468632930607,1.0172797726629188
TOI-2076_d,NIRISS_SOSS,obs14,SOSS_HDU4_ordem_2,jw05959014001_04102_00001-seg005_nis_x1dints.fits,seg005,4,418,60694.07682654809,TDB-MID,3383.4254592228326,4.793588881742632,1778,0.5867402182434889,1.4160298518951635,2238,0.9493598732810765,0.949670657264577
TOI-2076_d,NIRISS_SOSS,obs14,SOSS_HDU4_ordem_2,jw05959014001_04102_00001-seg005_nis_x1dints.fits,seg005,4,419,60694.07690362694,TDB-MID,3731.5437997101344,4.79322226542258,1778,0.5867402182434889,1.4160298518951635,2239,1.0470388638765296,1.047381624212366
TOI-2076_d,NIRISS_SOSS,obs14,SOSS_HDU4_ordem_2,jw05959014001_04102_00001-seg005_nis_x1dints.fits,seg005,4,420,60694.076980705795,TDB-MID,3124.3712539783733,4.791699987885379,1778,0.5867402182434889,1.4160298518951635,2240,0.8766715074731591,0.8769584960756712
TOI-2076_d,NIRISS_SOSS,obs14,SOSS_HDU4_ordem_2,jw05959014001_04102_00001-seg005_nis_x1dints.fits,seg005,4,421,60694.07705778465,TDB-MID,3940.763316545398,4.7925283900338265,1778,0.5867402182434889,1.4160298518951635,2241,1.105744047834174,1.1061060259939737
TOI-2076_d,NIRISS_SOSS,obs14,SOSS_HDU4_ordem_2,jw05959014001_04102_00001-seg005_nis_x1dints.fits,seg005,4,422,60694.0771348635,TDB-MID,3774.1691129250903,4.792429668116329,1778,0.5867402182434889,1.4160298518951635,2242,1.0589991575020352,1.059345833178936
TOI-2076_d,NIRISS_SOSS,obs14,SOSS_HDU4_ordem_2,jw05959014001_04102_00001-seg005_nis_x1dints.fits,seg005,4,423,60694.07721194235,TDB-MID,3002.2040511572145,4.791512616088893,1778,0.5867402182434889,1.4160298518951635,2243,0.8423924486946515,0.8426682156490428
TOI-2076_d,NIRISS_SOSS,obs14,SOSS_HDU4_ordem_2,jw05959014001_04102_00001-seg005_nis_x1dints.fits,seg005,4,424,60694.07728902121,TDB-MID,3802.3465656568596,4.792487129138651,1778,0.5867402182434889,1.4160298518951635,2244,1.0669055066376125,1.067254770549753
TOI-2076_d,NIRISS_SOSS,obs14,SOSS_HDU4_ordem_2,jw05959014001_04102_00001-seg005_nis_x1dints.fits,seg005,4,425,60694.07736610006,TDB-MID,3474.244366786006,4.792035592206823,1778,0.5867402182434889,1.4160298518951635,2245,0.9748428719801242,0.975161998119292
TOI-2076_d,NIRISS_SOSS,obs14,SOSS_HDU4_ordem_2,jw05959014001_04102_00001-seg005_nis_x1dints.fits,seg005,4,426,60694.07744317891,TDB-MID,3471.1221468182844,4.792094050855827,1778,0.5867402182434889,1.4160298518951635,2246,0.9739668041049381,0.9742856434531094
TOI-2076_d,NIRISS_SOSS,obs14,SOSS_HDU4_ordem_2,jw05959014001_04102_00001-seg005_nis_x1dints.fits,seg005,4,427,60694.077520257764,TDB-MID,3452.184431124924,4.792063992876076,1778,0.5867402182434889,1.4160298518951635,2247,0.9686530451386,0.9689701449660423
TOI-2076_d,NIRISS_SOSS,obs14,SOSS_HDU4_ordem_2,jw05959014001_04102_00001-seg005_nis_x1dints.fits,seg005,4,428,60694.077597336625,TDB-MID,3466.732396521861,4.792400846051636,1778,0.5867402182434889,1.4160298518951635,2248,0.9727350782001193,0.9730535143285064
TOI-2076_d,NIRISS_SOSS,obs14,SOSS_HDU4_ordem_2,jw05959014001_04102_00001-seg005_nis_x1dints.fits,seg005,4,429,60694.07767441547,TDB-MID,2911.4343742653714,4.791440005040873,1778,0.5867402182434889,1.4160298518951635,2249,0.8169232636954944,0.8171906930162935
TOI-2076_d,NIRISS_SOSS,obs14,SOSS_HDU4_ordem_2,jw05959014001_04102_00001-seg005_nis_x1dints.fits,seg005,4,430,60694.077751494326,TDB-MID,3417.829784893128,4.791958804752582,1778,0.5867402182434889,1.4160298518951635,2250,0.9590134290198735,0.9593273732069931
TOI-2076_d,NIRISS_SOSS,obs14,SOSS_HDU4_ordem_2,jw05959014001_04102_00001-seg005_nis_x1dints.fits,seg005,4,431,60694.07782857318,TDB-MID,3519.2650197142107,4.792125881348291,1778,0.5867402182434889,1.4160298518951635,2251,0.9874752771783664,0.9877985386821301
TOI-2076_d,NIRISS_SOSS,obs14,SOSS_HDU4_ordem_2,jw05959014001_04102_00001-seg005_nis_x1dints.fits,seg005,4,432,60694.07790565204,TDB-MID,3469.332832134569,4.792063738642417,1778,0.5867402182434889,1.4160298518951635,2252,0.9734647379055006,0.9737834128964689
TOI-2076_d,NIRISS_SOSS,obs14,SOSS_HDU4_ordem_2,jw05959014001_04102_00001-seg005_nis_x1dints.fits,seg005,4,433,60694.07798273089,TDB-MID,3706.5945214757962,4.792641945966823,1778,0.5867402182434889,1.4160298518951635,2253,1.040038312539292,1.040378781163321
TOI-2076_d,NIRISS_SOSS,obs14,SOSS_HDU4_ordem_2,jw05959014001_04102_00001-seg005_nis_x1dints.fits,seg005,4,434,60694.07805980973,TDB-MID,3821.385764958906,4.792421519443056,1778,0.5867402182434889,1.4160298518951635,2254,1.0722477410253963,1.0725987537800261
TOI-2076_d,NIRISS_SOSS,obs14,SOSS_HDU4_ordem_2,jw05959014001_04102_00001-seg005_nis_x1dints.fits,seg005,4,435,60694.078136888595,TDB-MID,3488.212115355763,4.792190282607675,1778,0.5867402182434889,1.4160298518951635,2255,0.9787621012263487,0.979082510370741
TOI-2076_d,NIRISS_SOSS,obs14,SOSS_HDU4_ordem_2,jw05959014001_04102_00001-seg005_nis_x1dints.fits,seg005,4,436,60694.07821396745,TDB-MID,3605.515810119498,4.792269848742762,1778,0.5867402182434889,1.4160298518951635,2256,1.0116765017764588,1.0120076858322473
TOI-2076_d,NIRISS_SOSS,obs14,SOSS_HDU4_ordem_2,jw05959014001_04102_00001-seg005_nis_x1dints.fits,seg005,4,437,60694.0782910463,TDB-MID,3787.521005654847,4.79279185844249,1778,0.5867402182434889,1.4160298518951635,2257,1.0627455829347079,1.0630934850474973
TOI-2076_d,NIRISS_SOSS,obs14,SOSS_HDU4_ordem_2,jw05959014001_04102_00001-seg005_nis_x1dints.fits,seg005,4,438,60694.07836812515,TDB-MID,3426.7338280897766,4.792048077733005,1778,0.5867402182434889,1.4160298518951635,2258,0.9615118264052267,0.9618265884717551
TOI-2076_d,NIRISS_SOSS,obs14,SOSS_HDU4_ordem_2,jw05959014001_04102_00001-seg005_nis_x1dints.fits,seg005,4,439,60694.07844520401,TDB-MID,3574.8159815995396,4.792340380761582,1778,0.5867402182434889,1.4160298518951635,2259,1.0030623958460292,1.0033907599741687
TOI-2076_d,NIRISS_SOSS,obs14,SOSS_HDU4_ordem_2,jw05959014001_04102_00001-seg005_nis_x1dints.fits,seg005,4,440,60694.078522282856,TDB-MID,3504.8645519243655,4.7921694613978385,1778,0.5867402182434889,1.4160298518951635,2260,0.983434630667627,0.9837565694188141
TOI-2076_d,NIRISS_SOSS,obs14,SOSS_HDU4_ordem_2,jw05959014001_04102_00001-seg005_nis_x1dints.fits,seg005,4,441,60694.07859936172,TDB-MID,3600.8144260924264,4.792171549971557,1778,0.5867402182434889,1.4160298518951635,2261,1.0103573341464998,1.0106880863574395
TOI-2076_d,NIRISS_SOSS,obs14,SOSS_HDU4_ordem_2,jw05959014001_04102_00001-seg005_nis_x1dints.fits,seg005,4,442,60694.078676440564,TDB-MID,3346.421313367692,4.791961740369748,1778,0.5867402182434889,1.4160298518951635,2262,0.9389768305206251,0.9392842154944552
TOI-2076_d,NIRISS_SOSS,obs14,SOSS_HDU4_ordem_2,jw05959014001_04102_00001-seg005_nis_x1dints.fits,seg005,4,443,60694.078753519425,TDB-MID,4207.402995236947,4.79299416433622,1778,0.5867402182434889,1.4160298518951635,2263,1.1805608317784733,1.1809473020816648
TOI-2076_d,NIRISS_SOSS,obs14,SOSS_HDU4_ordem_2,jw05959014001_04102_00001-seg005_nis_x1dints.fits,seg005,4,444,60694.07883059827,TDB-MID,3821.0630352549415,4.792541318251772,1778,0.5867402182434889,1.4160298518951635,2264,1.0721571858662677,1.072508168976614
TOI-2076_d,NIRISS_SOSS,obs14,SOSS_HDU4_ordem_2,jw05959014001_04102_00001-seg005_nis_x1dints.fits,seg005,4,445,60694.07890767712,TDB-MID,3710.121923336634,4.792504155391058,1778,0.5867402182434889,1.4160298518951635,2265,1.0410280709436004,1.041368863576541
TOI-2076_d,NIRISS_SOSS,obs14,SOSS_HDU4_ordem_2,jw05959014001_04102_00001-seg005_nis_x1dints.fits,seg005,4,446,60694.07898475598,TDB-MID,3486.0834087946646,4.792023883667852,1778,0.5867402182434889,1.4160298518951635,2266,0.9781648046062654,0.9784850182186703
TOI-2076_d,NIRISS_SOSS,obs14,SOSS_HDU4_ordem_2,jw05959014001_04102_00001-seg005_nis_x1dints.fits,seg005,4,447,60694.07906183483,TDB-MID,2950.1289696946405,4.791449300325788,1778,0.5867402182434889,1.4160298518951635,2267,0.8277806319621006,0.8280516155685349
TOI-2076_d,NIRISS_SOSS,obs14,SOSS_HDU4_ordem_2,jw05959014001_04102_00001-seg005_nis_x1dints.fits,seg005,4,448,60694.07913891369,TDB-MID,3190.6058637232472,4.791783705259657,1778,0.5867402182434889,1.4160298518951635,2268,0.8952563651778886,0.8955494377494758
TOI-2076_d,NIRISS_SOSS,obs14,SOSS_HDU4_ordem_2,jw05959014001_04102_00001-seg005_nis_x1dints.fits,seg005,4,449,60694.07921599253,TDB-MID,3855.581510809355,4.792523161988222,1778,0.5867402182434889,1.4160298518951635,2269,1.081842771073669,1.0821969248728533
TOI-2076_d,NIRISS_SOSS,obs14,SOSS_HDU4_ordem_2,jw05959014001_04102_00001-seg006_nis_x1dints.fits,seg006,4,0,60694.079293071394,TDB-MID,3540.3104231202587,4.791369280705084,1778,0.5867402182434889,1.4160298518951635,2270,0.9933804350580095,0.9922357436067533
TOI-2076_d,NIRISS_SOSS,obs14,SOSS_HDU4_ordem_2,jw05959014001_04102_00001-seg006_nis_x1dints.fits,seg006,4,1,60694.07937015025,TDB-MID,3425.38757179142,4.791255758725751,1778,0.5867402182434889,1.4160298518951635,2271,0.9611340785505111,0.9600265451983331
TOI-2076_d,NIRISS_SOSS,obs14,SOSS_HDU4_ordem_2,jw05959014001_04102_00001-seg006_nis_x1dints.fits,seg006,4,2,60694.0794472291,TDB-MID,3168.0179407047044,4.791003607352744,1778,0.5867402182434889,1.4160298518951635,2272,0.8889183896578096,0.8878940718379741
TOI-2076_d,NIRISS_SOSS,obs14,SOSS_HDU4_ordem_2,jw05959014001_04102_00001-seg006_nis_x1dints.fits,seg006,4,3,60694.07952430795,TDB-MID,3422.603747342387,4.79131430136872,1778,0.5867402182434889,1.4160298518951635,2273,0.9603529615263524,0.9592463282703998
TOI-2076_d,NIRISS_SOSS,obs14,SOSS_HDU4_ordem_2,jw05959014001_04102_00001-seg006_nis_x1dints.fits,seg006,4,4,60694.07960138681,TDB-MID,3549.635541100039,4.791543063709065,1778,0.5867402182434889,1.4160298518951635,2274,0.9959969823797433,0.9948492758304991
TOI-2076_d,NIRISS_SOSS,obs14,SOSS_HDU4_ordem_2,jw05959014001_04102_00001-seg006_nis_x1dints.fits,seg006,4,5,60694.07967846566,TDB-MID,3686.22370599622,4.79150322079492,1778,0.5867402182434889,1.4160298518951635,2275,1.0343224381878693,1.0331305684760734
TOI-2076_d,NIRISS_SOSS,obs14,SOSS_HDU4_ordem_2,jw05959014001_04102_00001-seg006_nis_x1dints.fits,seg006,4,6,60694.07975554451,TDB-MID,3428.5881251262385,4.791164838044085,1778,0.5867402182434889,1.4160298518951635,2276,0.9620321260899034,0.9609235579002101
TOI-2076_d,NIRISS_SOSS,obs14,SOSS_HDU4_ordem_2,jw05959014001_04102_00001-seg006_nis_x1dints.fits,seg006,4,7,60694.07983262336,TDB-MID,3416.0323396254703,4.7913805336745074,1778,0.5867402182434889,1.4160298518951635,2277,0.958509081449017,0.9574045729316712
TOI-2076_d,NIRISS_SOSS,obs14,SOSS_HDU4_ordem_2,jw05959014001_04102_00001-seg006_nis_x1dints.fits,seg006,4,8,60694.07990970222,TDB-MID,3174.3531351632982,4.790956470404462,1778,0.5867402182434889,1.4160298518951635,2278,0.8906959903411723,0.8896696241577552
TOI-2076_d,NIRISS_SOSS,obs14,SOSS_HDU4_ordem_2,jw05959014001_04102_00001-seg006_nis_x1dints.fits,seg006,4,9,60694.07998678107,TDB-MID,3308.843848982407,4.791102936964398,1778,0.5867402182434889,1.4160298518951635,2279,0.9284329195472671,0.9273630683718626
TOI-2076_d,NIRISS_SOSS,obs14,SOSS_HDU4_ordem_2,jw05959014001_04102_00001-seg006_nis_x1dints.fits,seg006,4,10,60694.080063859925,TDB-MID,3355.3278172453347,4.791230628783024,1778,0.5867402182434889,1.4160298518951635,2280,0.9414759183517483,0.9403910374770429
TOI-2076_d,NIRISS_SOSS,obs14,SOSS_HDU4_ordem_2,jw05959014001_04102_00001-seg006_nis_x1dints.fits,seg006,4,11,60694.08014093878,TDB-MID,3452.23326483347,4.79135291348948,1778,0.5867402182434889,1.4160298518951635,2281,0.9686667474541721,0.9675505340622079
TOI-2076_d,NIRISS_SOSS,obs14,SOSS_HDU4_ordem_2,jw05959014001_04102_00001-seg006_nis_x1dints.fits,seg006,4,12,60694.08021801763,TDB-MID,2833.7149064727546,4.790792843999399,1778,0.5867402182434889,1.4160298518951635,2282,0.7951158543157649,0.7941996269681422
TOI-2076_d,NIRISS_SOSS,obs14,SOSS_HDU4_ordem_2,jw05959014001_04102_00001-seg006_nis_x1dints.fits,seg006,4,13,60694.080295096486,TDB-MID,3303.2156684052134,4.79120422883068,1778,0.5867402182434889,1.4160298518951635,2283,0.9268537008341718,0.9257856694229752
TOI-2076_d,NIRISS_SOSS,obs14,SOSS_HDU4_ordem_2,jw05959014001_04102_00001-seg006_nis_x1dints.fits,seg006,4,14,60694.08037217533,TDB-MID,3386.7753352008276,4.791188454095002,1778,0.5867402182434889,1.4160298518951635,2284,0.9502998194605639,0.9492047706342767
TOI-2076_d,NIRISS_SOSS,obs14,SOSS_HDU4_ordem_2,jw05959014001_04102_00001-seg006_nis_x1dints.fits,seg006,4,15,60694.08044925419,TDB-MID,3780.3577769876615,4.7917038320787,1778,0.5867402182434889,1.4160298518951635,2285,1.0607356430256654,1.0595133368680618
TOI-2076_d,NIRISS_SOSS,obs14,SOSS_HDU4_ordem_2,jw05959014001_04102_00001-seg006_nis_x1dints.fits,seg006,4,16,60694.08052633305,TDB-MID,3766.4614144814127,4.791767538729211,1778,0.5867402182434889,1.4160298518951635,2286,1.0568364440904447,1.0556186310550433
TOI-2076_d,NIRISS_SOSS,obs14,SOSS_HDU4_ordem_2,jw05959014001_04102_00001-seg006_nis_x1dints.fits,seg006,4,17,60694.080603411894,TDB-MID,3469.266806108715,4.791300390874617,1778,0.5867402182434889,1.4160298518951635,2287,0.9734462115746287,0.972324490713897
TOI-2076_d,NIRISS_SOSS,obs14,SOSS_HDU4_ordem_2,jw05959014001_04102_00001-seg006_nis_x1dints.fits,seg006,4,18,60694.08068049075,TDB-MID,3444.548083974326,4.791399047443223,1778,0.5867402182434889,1.4160298518951635,2288,0.966510352281732,0.9653966237455515
TOI-2076_d,NIRISS_SOSS,obs14,SOSS_HDU4_ordem_2,jw05959014001_04102_00001-seg006_nis_x1dints.fits,seg006,4,19,60694.0807575696,TDB-MID,3797.2075181683103,4.791693646507246,1778,0.5867402182434889,1.4160298518951635,2289,1.0654635344318364,1.0642357802336995
TOI-2076_d,NIRISS_SOSS,obs14,SOSS_HDU4_ordem_2,jw05959014001_04102_00001-seg006_nis_x1dints.fits,seg006,4,20,60694.08083464846,TDB-MID,3466.2248526196718,4.7915841983822745,1778,0.5867402182434889,1.4160298518951635,2290,0.9725926657780122,0.9714719284745785
TOI-2076_d,NIRISS_SOSS,obs14,SOSS_HDU4_ordem_2,jw05959014001_04102_00001-seg006_nis_x1dints.fits,seg006,4,21,60694.08091172731,TDB-MID,3471.497097269173,4.791580551307806,1778,0.5867402182434889,1.4160298518951635,2291,0.9740720119532659,0.9729495699706776
TOI-2076_d,NIRISS_SOSS,obs14,SOSS_HDU4_ordem_2,jw05959014001_04102_00001-seg006_nis_x1dints.fits,seg006,4,22,60694.08098880616,TDB-MID,3810.562577501223,4.791752511793398,1778,0.5867402182434889,1.4160298518951635,2292,1.0692108483859222,1.067978776085579
TOI-2076_d,NIRISS_SOSS,obs14,SOSS_HDU4_ordem_2,jw05959014001_04102_00001-seg006_nis_x1dints.fits,seg006,4,23,60694.08106588502,TDB-MID,3900.706411463944,4.791929610317601,1778,0.5867402182434889,1.4160298518951635,2293,1.094504427280838,1.0932432087012738
TOI-2076_d,NIRISS_SOSS,obs14,SOSS_HDU4_ordem_2,jw05959014001_04102_00001-seg006_nis_x1dints.fits,seg006,4,24,60694.08114296388,TDB-MID,3826.4805652311516,4.791747304128324,1778,0.5867402182434889,1.4160298518951635,2294,1.0736772978455909,1.072440078769316
TOI-2076_d,NIRISS_SOSS,obs14,SOSS_HDU4_ordem_2,jw05959014001_04102_00001-seg006_nis_x1dints.fits,seg006,4,25,60694.081220042724,TDB-MID,3455.088864616524,4.791380450160299,1778,0.5867402182434889,1.4160298518951635,2295,0.9694680040152682,0.9683508673199014
TOI-2076_d,NIRISS_SOSS,obs14,SOSS_HDU4_ordem_2,jw05959014001_04102_00001-seg006_nis_x1dints.fits,seg006,4,26,60694.08129712157,TDB-MID,3795.5172711185087,4.791777454675229,1778,0.5867402182434889,1.4160298518951635,2296,1.0649892657522533,1.0637620580630711
TOI-2076_d,NIRISS_SOSS,obs14,SOSS_HDU4_ordem_2,jw05959014001_04102_00001-seg006_nis_x1dints.fits,seg006,4,27,60694.08137420043,TDB-MID,3288.0344593484215,4.791051864869147,1778,0.5867402182434889,1.4160298518951635,2297,0.92259398508748,0.9215308622289666
TOI-2076_d,NIRISS_SOSS,obs14,SOSS_HDU4_ordem_2,jw05959014001_04102_00001-seg006_nis_x1dints.fits,seg006,4,28,60694.08145127928,TDB-MID,3550.994996469519,4.7913751746275475,1778,0.5867402182434889,1.4160298518951635,2298,0.9963784337794727,0.9952302876764171
TOI-2076_d,NIRISS_SOSS,obs14,SOSS_HDU4_ordem_2,jw05959014001_04102_00001-seg006_nis_x1dints.fits,seg006,4,29,60694.08152835814,TDB-MID,3607.4001650632895,4.7915347390816345,1778,0.5867402182434889,1.4160298518951635,2299,1.012205235449541,1.011038851817405
TOI-2076_d,NIRISS_SOSS,obs14,SOSS_HDU4_ordem_2,jw05959014001_04102_00001-seg006_nis_x1dints.fits,seg006,4,30,60694.081605436986,TDB-MID,3652.6786796597594,4.791573052918596,1778,0.5867402182434889,1.4160298518951635,2300,1.0249099943980458,1.0237289708269242
TOI-2076_d,NIRISS_SOSS,obs14,SOSS_HDU4_ordem_2,jw05959014001_04102_00001-seg006_nis_x1dints.fits,seg006,4,31,60694.08168251585,TDB-MID,4037.3578248591098,4.792062586969778,1778,0.5867402182434889,1.4160298518951635,2301,1.132847630069858,1.1315422278775538
TOI-2076_d,NIRISS_SOSS,obs14,SOSS_HDU4_ordem_2,jw05959014001_04102_00001-seg006_nis_x1dints.fits,seg006,4,32,60694.081759594694,TDB-MID,3641.2378450896413,4.791469423055645,1778,0.5867402182434889,1.4160298518951635,2302,1.0216997953294924,1.0205224709327263
TOI-2076_d,NIRISS_SOSS,obs14,SOSS_HDU4_ordem_2,jw05959014001_04102_00001-seg006_nis_x1dints.fits,seg006,4,33,60694.081836673555,TDB-MID,3791.7078906683996,4.791703521121276,1778,0.5867402182434889,1.4160298518951635,2303,1.0639203865985727,1.0626944105994727
TOI-2076_d,NIRISS_SOSS,obs14,SOSS_HDU4_ordem_2,jw05959014001_04102_00001-seg006_nis_x1dints.fits,seg006,4,34,60694.0819137524,TDB-MID,3553.062180953166,4.791363149058926,1778,0.5867402182434889,1.4160298518951635,2304,0.996958467837588,0.9958096533500904
TOI-2076_d,NIRISS_SOSS,obs14,SOSS_HDU4_ordem_2,jw05959014001_04102_00001-seg006_nis_x1dints.fits,seg006,4,35,60694.081990831255,TDB-MID,3781.350108271321,4.7916897072937195,1778,0.5867402182434889,1.4160298518951635,2305,1.0610140825873053,1.05979145557842
TOI-2076_d,NIRISS_SOSS,obs14,SOSS_HDU4_ordem_2,jw05959014001_04102_00001-seg006_nis_x1dints.fits,seg006,4,36,60694.08206791011,TDB-MID,3356.2220209897037,4.791208813462581,1778,0.5867402182434889,1.4160298518951635,2306,0.9417268241759412,0.9406416541776113
TOI-2076_d,NIRISS_SOSS,obs14,SOSS_HDU4_ordem_2,jw05959014001_04102_00001-seg006_nis_x1dints.fits,seg006,4,37,60694.082144988955,TDB-MID,3760.728380507894,4.79168590457046,1778,0.5867402182434889,1.4160298518951635,2307,1.0552278044226844,1.054011845053825
TOI-2076_d,NIRISS_SOSS,obs14,SOSS_HDU4_ordem_2,jw05959014001_04102_00001-seg006_nis_x1dints.fits,seg006,4,38,60694.08222206782,TDB-MID,3417.310795942289,4.791178691880252,1778,0.5867402182434889,1.4160298518951635,2308,0.9588678052162636,0.9577628833345961
TOI-2076_d,NIRISS_SOSS,obs14,SOSS_HDU4_ordem_2,jw05959014001_04102_00001-seg006_nis_x1dints.fits,seg006,4,39,60694.08229914667,TDB-MID,3566.1059153577053,4.791435352909338,1778,0.5867402182434889,1.4160298518951635,2309,1.0006184267137768,0.9994653947850154
TOI-2076_d,NIRISS_SOSS,obs14,SOSS_HDU4_ordem_2,jw05959014001_04102_00001-seg006_nis_x1dints.fits,seg006,4,40,60694.082376225524,TDB-MID,3181.2710881272114,4.790988982453964,1778,0.5867402182434889,1.4160298518951635,2310,0.8926371080126974,0.8916085050419165
TOI-2076_d,NIRISS_SOSS,obs14,SOSS_HDU4_ordem_2,jw05959014001_04102_00001-seg006_nis_x1dints.fits,seg006,4,41,60694.08245330437,TDB-MID,3256.703512154506,4.791041461502046,1778,0.5867402182434889,1.4160298518951635,2311,0.9138027927245119,0.9127498001266611
TOI-2076_d,NIRISS_SOSS,obs14,SOSS_HDU4_ordem_2,jw05959014001_04102_00001-seg006_nis_x1dints.fits,seg006,4,42,60694.08253038323,TDB-MID,3392.726877759846,4.795842263020735,1778,0.5867402182434889,1.4160298518951635,2312,0.9519697707444779,0.95087279760109
TOI-2076_d,NIRISS_SOSS,obs14,SOSS_HDU4_ordem_2,jw05959014001_04102_00001-seg006_nis_x1dints.fits,seg006,4,43,60694.082607462085,TDB-MID,3750.7683329040165,4.791666632375181,1778,0.5867402182434889,1.4160298518951635,2313,1.052433101348817,1.0512203623702578
TOI-2076_d,NIRISS_SOSS,obs14,SOSS_HDU4_ordem_2,jw05959014001_04102_00001-seg006_nis_x1dints.fits,seg006,4,44,60694.08268454093,TDB-MID,3945.918832875381,4.791968623506259,1778,0.5867402182434889,1.4160298518951635,2314,1.107190641054187,1.1059148039056008
TOI-2076_d,NIRISS_SOSS,obs14,SOSS_HDU4_ordem_2,jw05959014001_04102_00001-seg006_nis_x1dints.fits,seg006,4,45,60694.082761619786,TDB-MID,3542.8622813108227,4.791401719276704,1778,0.5867402182434889,1.4160298518951635,2315,0.9940964643595629,0.9929509478139203
TOI-2076_d,NIRISS_SOSS,obs14,SOSS_HDU4_ordem_2,jw05959014001_04102_00001-seg006_nis_x1dints.fits,seg006,4,46,60694.08283869864,TDB-MID,3664.0810642056426,4.791585832431872,1778,0.5867402182434889,1.4160298518951635,2316,1.0281094047228911,1.0269246944094916
TOI-2076_d,NIRISS_SOSS,obs14,SOSS_HDU4_ordem_2,jw05959014001_04102_00001-seg006_nis_x1dints.fits,seg006,4,47,60694.0829157775,TDB-MID,3531.7772123103896,4.791774514747294,1778,0.5867402182434889,1.4160298518951635,2317,0.9909860900278699,0.9898441576266116
TOI-2076_d,NIRISS_SOSS,obs14,SOSS_HDU4_ordem_2,jw05959014001_04102_00001-seg006_nis_x1dints.fits,seg006,4,48,60694.08299285635,TDB-MID,3433.8818689789296,4.791320972869323,1778,0.5867402182434889,1.4160298518951635,2318,0.9635175047553248,0.962407224935122
TOI-2076_d,NIRISS_SOSS,obs14,SOSS_HDU4_ordem_2,jw05959014001_04102_00001-seg006_nis_x1dints.fits,seg006,4,49,60694.0830699352,TDB-MID,3943.1868584557988,4.792030222977407,1778,0.5867402182434889,1.4160298518951635,2319,1.106424072699116,1.105149118882043
TOI-2076_d,NIRISS_SOSS,obs14,SOSS_HDU4_ordem_2,jw05959014001_04102_00001-seg006_nis_x1dints.fits,seg006,4,50,60694.083147014055,TDB-MID,3703.852097263177,4.792318385890201,1778,0.5867402182434889,1.4160298518951635,2320,1.0392688120628213,1.038071242548926
TOI-2076_d,NIRISS_SOSS,obs14,SOSS_HDU4_ordem_2,jw05959014001_04102_00001-seg006_nis_x1dints.fits,seg006,4,51,60694.0832240929,TDB-MID,3168.5059133195014,4.791011340947768,1778,0.5867402182434889,1.4160298518951635,2321,0.8890553105462202,0.8880308349498021
TOI-2076_d,NIRISS_SOSS,obs14,SOSS_HDU4_ordem_2,jw05959014001_04102_00001-seg006_nis_x1dints.fits,seg006,4,52,60694.08330117176,TDB-MID,3785.6853163485844,4.791671598560139,1778,0.5867402182434889,1.4160298518951635,2322,1.0622305044179265,1.0610064757026842
TOI-2076_d,NIRISS_SOSS,obs14,SOSS_HDU4_ordem_2,jw05959014001_04102_00001-seg006_nis_x1dints.fits,seg006,4,53,60694.08337825061,TDB-MID,3647.6479316754567,4.7915233394819,1778,0.5867402182434889,1.4160298518951635,2323,1.023498410094964,1.0223190131196835
TOI-2076_d,NIRISS_SOSS,obs14,SOSS_HDU4_ordem_2,jw05959014001_04102_00001-seg006_nis_x1dints.fits,seg006,4,54,60694.08345532947,TDB-MID,3886.3822539004477,4.794445004443933,1778,0.5867402182434889,1.4160298518951635,2324,1.0904851927585375,1.0892286056204996
TOI-2076_d,NIRISS_SOSS,obs14,SOSS_HDU4_ordem_2,jw05959014001_04102_00001-seg006_nis_x1dints.fits,seg006,4,55,60694.08353240832,TDB-MID,3716.544469108296,4.791744186619328,1778,0.5867402182434889,1.4160298518951635,2325,1.0428301816486867,1.04162850829987
TOI-2076_d,NIRISS_SOSS,obs14,SOSS_HDU4_ordem_2,jw05959014001_04102_00001-seg006_nis_x1dints.fits,seg006,4,56,60694.08360948717,TDB-MID,3939.311288818446,4.7917791801273735,1778,0.5867402182434889,1.4160298518951635,2326,1.1053366214328912,1.1040629207069041
TOI-2076_d,NIRISS_SOSS,obs14,SOSS_HDU4_ordem_2,jw05959014001_04102_00001-seg006_nis_x1dints.fits,seg006,4,57,60694.083686566024,TDB-MID,3463.0116200202,4.791529216528566,1778,0.5867402182434889,1.4160298518951635,2327,0.9716910605467984,0.970571362180477
TOI-2076_d,NIRISS_SOSS,obs14,SOSS_HDU4_ordem_2,jw05959014001_04102_00001-seg006_nis_x1dints.fits,seg006,4,58,60694.083763644885,TDB-MID,3349.611895884674,4.791157023048257,1778,0.5867402182434889,1.4160298518951635,2328,0.9398720803349097,0.9387890475937112
TOI-2076_d,NIRISS_SOSS,obs14,SOSS_HDU4_ordem_2,jw05959014001_04102_00001-seg006_nis_x1dints.fits,seg006,4,59,60694.08384072373,TDB-MID,3473.054240504211,4.791439791919979,1778,0.5867402182434889,1.4160298518951635,2329,0.9745089328555031,0.973385987400525
TOI-2076_d,NIRISS_SOSS,obs14,SOSS_HDU4_ordem_2,jw05959014001_04102_00001-seg006_nis_x1dints.fits,seg006,4,60,60694.08391780258,TDB-MID,3437.0945933505286,4.791303316324214,1778,0.5867402182434889,1.4160298518951635,2330,0.9644189673822002,0.9633076487892109
TOI-2076_d,NIRISS_SOSS,obs14,SOSS_HDU4_ordem_2,jw05959014001_04102_00001-seg006_nis_x1dints.fits,seg006,4,61,60694.08399488144,TDB-MID,3387.903494348157,4.791215308600214,1778,0.5867402182434889,1.4160298518951635,2331,0.9506163711440744,0.9495209575491717
TOI-2076_d,NIRISS_SOSS,obs14,SOSS_HDU4_ordem_2,jw05959014001_04102_00001-seg006_nis_x1dints.fits,seg006,4,62,60694.08407196029,TDB-MID,3487.313599145566,4.791391677528588,1778,0.5867402182434889,1.4160298518951635,2332,0.9785099853616032,0.977382429416587
TOI-2076_d,NIRISS_SOSS,obs14,SOSS_HDU4_ordem_2,jw05959014001_04102_00001-seg006_nis_x1dints.fits,seg006,4,63,60694.08414903915,TDB-MID,3544.630687432924,4.791389572480856,1778,0.5867402182434889,1.4160298518951635,2333,0.994592663797742,0.9934465754719084
TOI-2076_d,NIRISS_SOSS,obs14,SOSS_HDU4_ordem_2,jw05959014001_04102_00001-seg006_nis_x1dints.fits,seg006,4,64,60694.08422611799,TDB-MID,3555.668905244647,4.791384094649609,1778,0.5867402182434889,1.4160298518951635,2334,0.9976898920917543,0.9965402347699694
TOI-2076_d,NIRISS_SOSS,obs14,SOSS_HDU4_ordem_2,jw05959014001_04102_00001-seg006_nis_x1dints.fits,seg006,4,65,60694.084303196854,TDB-MID,3482.641075017865,4.791302349326384,1778,0.5867402182434889,1.4160298518951635,2335,0.9771989155693945,0.9760728703954085
TOI-2076_d,NIRISS_SOSS,obs14,SOSS_HDU4_ordem_2,jw05959014001_04102_00001-seg006_nis_x1dints.fits,seg006,4,66,60694.08438027571,TDB-MID,3539.9632701665314,4.791407832593964,1778,0.5867402182434889,1.4160298518951635,2336,0.9932830269465758,0.9921384477405667
TOI-2076_d,NIRISS_SOSS,obs14,SOSS_HDU4_ordem_2,jw05959014001_04102_00001-seg006_nis_x1dints.fits,seg006,4,67,60694.08445735456,TDB-MID,3297.858544310139,4.791405562043506,1778,0.5867402182434889,1.4160298518951635,2337,0.9253505382218,0.9242842389338983
TOI-2076_d,NIRISS_SOSS,obs14,SOSS_HDU4_ordem_2,jw05959014001_04102_00001-seg006_nis_x1dints.fits,seg006,4,68,60694.08453443341,TDB-MID,3706.7687893036978,4.79163686959321,1778,0.5867402182434889,1.4160298518951635,2338,1.040087210582121,1.0388886980118137
TOI-2076_d,NIRISS_SOSS,obs14,SOSS_HDU4_ordem_2,jw05959014001_04102_00001-seg006_nis_x1dints.fits,seg006,4,69,60694.08461151226,TDB-MID,3689.906109096553,4.792686725633801,1778,0.5867402182434889,1.4160298518951635,2339,1.035355688597206,1.034162628251018
TOI-2076_d,NIRISS_SOSS,obs14,SOSS_HDU4_ordem_2,jw05959014001_04102_00001-seg006_nis_x1dints.fits,seg006,4,70,60694.084688591116,TDB-MID,3601.720154806013,4.792040952412434,1778,0.5867402182434889,1.4160298518951635,2340,1.0106114737772145,1.0094469266674189
TOI-2076_d,NIRISS_SOSS,obs14,SOSS_HDU4_ordem_2,jw05959014001_04102_00001-seg006_nis_x1dints.fits,seg006,4,71,60694.08476566997,TDB-MID,3432.8290905336225,4.791244058282978,1778,0.5867402182434889,1.4160298518951635,2341,0.9632221042437795,0.9621121648192885
TOI-2076_d,NIRISS_SOSS,obs14,SOSS_HDU4_ordem_2,jw05959014001_04102_00001-seg006_nis_x1dints.fits,seg006,4,72,60694.08484274882,TDB-MID,3625.16131788609,4.791534537486702,1778,0.5867402182434889,1.4160298518951635,2342,1.0171888610669508,1.0160167347068134
TOI-2076_d,NIRISS_SOSS,obs14,SOSS_HDU4_ordem_2,jw05959014001_04102_00001-seg006_nis_x1dints.fits,seg006,4,73,60694.08491982768,TDB-MID,3506.7984380748176,4.791360995945409,1778,0.5867402182434889,1.4160298518951635,2343,0.9839772623682098,0.9828434063743602
TOI-2076_d,NIRISS_SOSS,obs14,SOSS_HDU4_ordem_2,jw05959014001_04102_00001-seg006_nis_x1dints.fits,seg006,4,74,60694.08499690653,TDB-MID,3675.872103082871,4.791585986319355,1778,0.5867402182434889,1.4160298518951635,2344,1.0314178680862036,1.030229345366605
TOI-2076_d,NIRISS_SOSS,obs14,SOSS_HDU4_ordem_2,jw05959014001_04102_00001-seg006_nis_x1dints.fits,seg006,4,75,60694.085073985385,TDB-MID,3497.512452353887,4.791568555930249,1778,0.5867402182434889,1.4160298518951635,2345,0.981371695219307,0.9802408416707802
TOI-2076_d,NIRISS_SOSS,obs14,SOSS_HDU4_ordem_2,jw05959014001_04102_00001-seg006_nis_x1dints.fits,seg006,4,76,60694.08515106423,TDB-MID,3588.587307205099,4.791455927504853,1778,0.5867402182434889,1.4160298518951635,2346,1.0069265105101097,1.0057662096546203
TOI-2076_d,NIRISS_SOSS,obs14,SOSS_HDU4_ordem_2,jw05959014001_04102_00001-seg006_nis_x1dints.fits,seg006,4,77,60694.08522814309,TDB-MID,3352.248887085323,4.791098956216502,1778,0.5867402182434889,1.4160298518951635,2347,0.9406119972215865,0.9395281118598763
TOI-2076_d,NIRISS_SOSS,obs14,SOSS_HDU4_ordem_2,jw05959014001_04102_00001-seg006_nis_x1dints.fits,seg006,4,78,60694.08530522194,TDB-MID,3565.3027461764823,4.791449017242215,1778,0.5867402182434889,1.4160298518951635,2348,1.0003930643993713,0.999240292159955
TOI-2076_d,NIRISS_SOSS,obs14,SOSS_HDU4_ordem_2,jw05959014001_04102_00001-seg006_nis_x1dints.fits,seg006,4,79,60694.08538230079,TDB-MID,3560.388920362229,4.791516490354689,1778,0.5867402182434889,1.4160298518951635,2349,0.9990142874443096,0.9978631039961944
TOI-2076_d,NIRISS_SOSS,obs14,SOSS_HDU4_ordem_2,jw05959014001_04102_00001-seg006_nis_x1dints.fits,seg006,4,80,60694.08545937965,TDB-MID,3698.794309180812,4.7921752526660315,1778,0.5867402182434889,1.4160298518951635,2350,1.0378496405424713,1.036653706367314
TOI-2076_d,NIRISS_SOSS,obs14,SOSS_HDU4_ordem_2,jw05959014001_04102_00001-seg006_nis_x1dints.fits,seg006,4,81,60694.08553645851,TDB-MID,3761.0672575173394,4.791602337973476,1778,0.5867402182434889,1.4160298518951635,2351,1.055322890375847,1.0541068214376081
TOI-2076_d,NIRISS_SOSS,obs14,SOSS_HDU4_ordem_2,jw05959014001_04102_00001-seg006_nis_x1dints.fits,seg006,4,82,60694.085613537354,TDB-MID,3789.2253392982507,4.791717042577178,1778,0.5867402182434889,1.4160298518951635,2352,1.0632238041904236,1.0619986308766791
TOI-2076_d,NIRISS_SOSS,obs14,SOSS_HDU4_ordem_2,jw05959014001_04102_00001-seg006_nis_x1dints.fits,seg006,4,83,60694.08569061621,TDB-MID,3489.868876425874,4.791619723255537,1778,0.5867402182434889,1.4160298518951635,2353,0.9792269740301192,0.9780985918852197
TOI-2076_d,NIRISS_SOSS,obs14,SOSS_HDU4_ordem_2,jw05959014001_04102_00001-seg006_nis_x1dints.fits,seg006,4,84,60694.08576769506,TDB-MID,3530.0486642897836,4.791320545696625,1778,0.5867402182434889,1.4160298518951635,2354,0.99050107442768,0.9893597009192604
TOI-2076_d,NIRISS_SOSS,obs14,SOSS_HDU4_ordem_2,jw05959014001_04102_00001-seg006_nis_x1dints.fits,seg006,4,85,60694.085844773916,TDB-MID,3776.4225166885462,4.79164205386383,1778,0.5867402182434889,1.4160298518951635,2355,1.0596314430768494,1.058410409310162
TOI-2076_d,NIRISS_SOSS,obs14,SOSS_HDU4_ordem_2,jw05959014001_04102_00001-seg006_nis_x1dints.fits,seg006,4,86,60694.08592185277,TDB-MID,3057.0281732523595,4.790974654211498,1778,0.5867402182434889,1.4160298518951635,2356,0.8577756224137937,0.8567871910058248
TOI-2076_d,NIRISS_SOSS,obs14,SOSS_HDU4_ordem_2,jw05959014001_04102_00001-seg006_nis_x1dints.fits,seg006,4,87,60694.085998931616,TDB-MID,3927.3055805371296,4.791963652750239,1778,0.5867402182434889,1.4160298518951635,2357,1.1019679236944702,1.1006981047839155
TOI-2076_d,NIRISS_SOSS,obs14,SOSS_HDU4_ordem_2,jw05959014001_04102_00001-seg006_nis_x1dints.fits,seg006,4,88,60694.08607601048,TDB-MID,3469.7133336658667,4.791373416035376,1778,0.5867402182434889,1.4160298518951635,2358,0.9735715033389022,0.972449638102052
TOI-2076_d,NIRISS_SOSS,obs14,SOSS_HDU4_ordem_2,jw05959014001_04102_00001-seg006_nis_x1dints.fits,seg006,4,89,60694.08615308933,TDB-MID,3994.831917265334,4.791907426323365,1778,0.5867402182434889,1.4160298518951635,2359,1.1209152288005058,1.119623576544524
TOI-2076_d,NIRISS_SOSS,obs14,SOSS_HDU4_ordem_2,jw05959014001_04102_00001-seg006_nis_x1dints.fits,seg006,4,90,60694.086230168185,TDB-MID,3553.0149601229864,4.792868126126224,1778,0.5867402182434889,1.4160298518951635,2360,0.9969452180817132,0.9957964188621651
TOI-2076_d,NIRISS_SOSS,obs14,SOSS_HDU4_ordem_2,jw05959014001_04102_00001-seg006_nis_x1dints.fits,seg006,4,91,60694.08630724703,TDB-MID,3762.1183262389995,4.791806959028121,1778,0.5867402182434889,1.4160298518951635,2361,1.0556178111537482,1.0544014023726038
TOI-2076_d,NIRISS_SOSS,obs14,SOSS_HDU4_ordem_2,jw05959014001_04102_00001-seg006_nis_x1dints.fits,seg006,4,92,60694.086384325885,TDB-MID,3462.4621820769603,4.791561794107961,1778,0.5867402182434889,1.4160298518951635,2362,0.9715368930197,0.9704173723035961
TOI-2076_d,NIRISS_SOSS,obs14,SOSS_HDU4_ordem_2,jw05959014001_04102_00001-seg006_nis_x1dints.fits,seg006,4,93,60694.08646140474,TDB-MID,3434.249761033739,4.791410378366394,1778,0.5867402182434889,1.4160298518951635,2363,0.9636207320788597,0.9625103333078192
TOI-2076_d,NIRISS_SOSS,obs14,SOSS_HDU4_ordem_2,jw05959014001_04102_00001-seg006_nis_x1dints.fits,seg006,4,94,60694.08653848359,TDB-MID,3432.482903978726,4.791243127387267,1778,0.5867402182434889,1.4160298518951635,2364,0.9631249672954858,0.9620151398037754
TOI-2076_d,NIRISS_SOSS,obs14,SOSS_HDU4_ordem_2,jw05959014001_04102_00001-seg006_nis_x1dints.fits,seg006,4,95,60694.086615562446,TDB-MID,3650.1901569543274,4.791497968616971,1778,0.5867402182434889,1.4160298518951635,2365,1.024211736484946,1.0230315175298965
TOI-2076_d,NIRISS_SOSS,obs14,SOSS_HDU4_ordem_2,jw05959014001_04102_00001-seg006_nis_x1dints.fits,seg006,4,96,60694.0866926413,TDB-MID,2994.5831046585195,4.791194295807883,1778,0.5867402182434889,1.4160298518951635,2366,0.8402540771272918,0.8392858361341876
TOI-2076_d,NIRISS_SOSS,obs14,SOSS_HDU4_ordem_2,jw05959014001_04102_00001-seg006_nis_x1dints.fits,seg006,4,97,60694.086769720154,TDB-MID,3449.802197074273,4.791271745283171,1778,0.5867402182434889,1.4160298518951635,2367,0.9679846109012542,0.9668691835484077
TOI-2076_d,NIRISS_SOSS,obs14,SOSS_HDU4_ordem_2,jw05959014001_04102_00001-seg006_nis_x1dints.fits,seg006,4,98,60694.086846799,TDB-MID,3930.195369068823,4.791842298636556,1778,0.5867402182434889,1.4160298518951635,2368,1.1027787733222576,1.1015080200540244
TOI-2076_d,NIRISS_SOSS,obs14,SOSS_HDU4_ordem_2,jw05959014001_04102_00001-seg006_nis_x1dints.fits,seg006,4,99,60694.086923877854,TDB-MID,3231.966251163684,4.7910763786873645,1778,0.5867402182434889,1.4160298518951635,2369,0.9068617315891021,0.9058167373099859
TOI-2076_d,NIRISS_SOSS,obs14,SOSS_HDU4_ordem_2,jw05959014001_04102_00001-seg006_nis_x1dints.fits,seg006,4,100,60694.087000956715,TDB-MID,3882.5921120554312,4.791805095341941,1778,0.5867402182434889,1.4160298518951635,2370,1.089421711790782,1.0881663501223926
TOI-2076_d,NIRISS_SOSS,obs14,SOSS_HDU4_ordem_2,jw05959014001_04102_00001-seg006_nis_x1dints.fits,seg006,4,101,60694.08707803556,TDB-MID,4201.224247614064,4.792175962891621,1778,0.5867402182434889,1.4160298518951635,2371,1.1788271287219134,1.177468743465737
TOI-2076_d,NIRISS_SOSS,obs14,SOSS_HDU4_ordem_2,jw05959014001_04102_00001-seg006_nis_x1dints.fits,seg006,4,102,60694.087155114416,TDB-MID,3473.6001873283044,4.791348744961071,1778,0.5867402182434889,1.4160298518951635,2372,0.9746621208048125,0.9735389988284033
TOI-2076_d,NIRISS_SOSS,obs14,SOSS_HDU4_ordem_2,jw05959014001_04102_00001-seg006_nis_x1dints.fits,seg006,4,103,60694.08723219327,TDB-MID,3751.973476944657,4.791631723956,1778,0.5867402182434889,1.4160298518951635,2373,1.0527712543264716,1.0515581256877085
TOI-2076_d,NIRISS_SOSS,obs14,SOSS_HDU4_ordem_2,jw05959014001_04102_00001-seg006_nis_x1dints.fits,seg006,4,104,60694.08730927213,TDB-MID,3649.537255319041,4.79145684948179,1778,0.5867402182434889,1.4160298518951635,2374,1.024028537942164,1.022848530090332
TOI-2076_d,NIRISS_SOSS,obs14,SOSS_HDU4_ordem_2,jw05959014001_04102_00001-seg006_nis_x1dints.fits,seg006,4,105,60694.08738635098,TDB-MID,3275.6413643318447,4.791091372911604,1778,0.5867402182434889,1.4160298518951635,2375,0.9191165899870719,0.9180574741980594
TOI-2076_d,NIRISS_SOSS,obs14,SOSS_HDU4_ordem_2,jw05959014001_04102_00001-seg006_nis_x1dints.fits,seg006,4,106,60694.08746342982,TDB-MID,3715.291890591599,4.791623696231611,1778,0.5867402182434889,1.4160298518951635,2376,1.0424787189679752,1.0412774506163898
TOI-2076_d,NIRISS_SOSS,obs14,SOSS_HDU4_ordem_2,jw05959014001_04102_00001-seg006_nis_x1dints.fits,seg006,4,107,60694.087540508684,TDB-MID,3673.0750096315683,4.791652877587026,1778,0.5867402182434889,1.4160298518951635,2377,1.0306330278949574,1.0294454095618615
TOI-2076_d,NIRISS_SOSS,obs14,SOSS_HDU4_ordem_2,jw05959014001_04102_00001-seg006_nis_x1dints.fits,seg006,4,108,60694.08761758754,TDB-MID,3000.7971040749817,4.790801356727167,1778,0.5867402182434889,1.4160298518951635,2378,0.8419976715317438,0.8410274213611495
TOI-2076_d,NIRISS_SOSS,obs14,SOSS_HDU4_ordem_2,jw05959014001_04102_00001-seg006_nis_x1dints.fits,seg006,4,109,60694.08769466639,TDB-MID,3694.6061104184705,4.791577358774304,1778,0.5867402182434889,1.4160298518951635,2379,1.0366744682520772,1.0354798882506355
TOI-2076_d,NIRISS_SOSS,obs14,SOSS_HDU4_ordem_2,jw05959014001_04102_00001-seg006_nis_x1dints.fits,seg006,4,110,60694.08777174524,TDB-MID,3334.2646150789883,4.7911430141835325,1778,0.5867402182434889,1.4160298518951635,2380,0.9355657662941559,0.9344876958017544
TOI-2076_d,NIRISS_SOSS,obs14,SOSS_HDU4_ordem_2,jw05959014001_04102_00001-seg006_nis_x1dints.fits,seg006,4,111,60694.0878488241,TDB-MID,3901.6190597161344,4.7919165819425285,1778,0.5867402182434889,1.4160298518951635,2381,1.094760508474141,1.0934989948072746
TOI-2076_d,NIRISS_SOSS,obs14,SOSS_HDU4_ordem_2,jw05959014001_04102_00001-seg006_nis_x1dints.fits,seg006,4,112,60694.087925902946,TDB-MID,3465.255165254163,4.791393914606707,1778,0.5867402182434889,1.4160298518951635,2382,0.9723205799036412,0.9712001561300128
TOI-2076_d,NIRISS_SOSS,obs14,SOSS_HDU4_ordem_2,jw05959014001_04102_00001-seg006_nis_x1dints.fits,seg006,4,113,60694.08800298181,TDB-MID,3805.6903052865405,4.791773689962556,1778,0.5867402182434889,1.4160298518951635,2383,1.067843731010922,1.0666132340663204
TOI-2076_d,NIRISS_SOSS,obs14,SOSS_HDU4_ordem_2,jw05959014001_04102_00001-seg006_nis_x1dints.fits,seg006,4,114,60694.088080060654,TDB-MID,3696.427050494869,4.7921871482849605,1778,0.5867402182434889,1.4160298518951635,2384,1.0371854082627312,1.035990239495252
TOI-2076_d,NIRISS_SOSS,obs14,SOSS_HDU4_ordem_2,jw05959014001_04102_00001-seg006_nis_x1dints.fits,seg006,4,115,60694.08815713951,TDB-MID,3007.455784291982,4.790889178570681,1778,0.5867402182434889,1.4160298518951635,2385,0.843866039516562,0.8428936363894723
TOI-2076_d,NIRISS_SOSS,obs14,SOSS_HDU4_ordem_2,jw05959014001_04102_00001-seg006_nis_x1dints.fits,seg006,4,116,60694.08823421836,TDB-MID,3758.0178725809674,4.791636333487373,1778,0.5867402182434889,1.4160298518951635,2386,1.0544672593794886,1.0532521764013636
TOI-2076_d,NIRISS_SOSS,obs14,SOSS_HDU4_ordem_2,jw05959014001_04102_00001-seg006_nis_x1dints.fits,seg006,4,117,60694.08831129721,TDB-MID,3558.2599103306893,4.791462247900803,1778,0.5867402182434889,1.4160298518951635,2387,0.9984169056730497,0.9972664105994811
TOI-2076_d,NIRISS_SOSS,obs14,SOSS_HDU4_ordem_2,jw05959014001_04102_00001-seg006_nis_x1dints.fits,seg006,4,118,60694.08838837607,TDB-MID,3727.188265889992,4.791513575174599,1778,0.5867402182434889,1.4160298518951635,2388,1.0458167388185384,1.044611624002243
TOI-2076_d,NIRISS_SOSS,obs14,SOSS_HDU4_ordem_2,jw05959014001_04102_00001-seg006_nis_x1dints.fits,seg006,4,119,60694.08846545492,TDB-MID,3410.9756533137192,4.791311868901808,1778,0.5867402182434889,1.4160298518951635,2389,0.9570902190759565,0.9559873455411125
TOI-2076_d,NIRISS_SOSS,obs14,SOSS_HDU4_ordem_2,jw05959014001_04102_00001-seg006_nis_x1dints.fits,seg006,4,120,60694.08854253378,TDB-MID,3487.9580663469364,4.791305313639519,1778,0.5867402182434889,1.4160298518951635,2390,0.9786908172752956,0.9775630529541746
TOI-2076_d,NIRISS_SOSS,obs14,SOSS_HDU4_ordem_2,jw05959014001_04102_00001-seg006_nis_x1dints.fits,seg006,4,121,60694.08861961262,TDB-MID,3680.008117030886,4.793455962176319,1778,0.5867402182434889,1.4160298518951635,2391,1.0325783977697742,1.0313885377494185
TOI-2076_d,NIRISS_SOSS,obs14,SOSS_HDU4_ordem_2,jw05959014001_04102_00001-seg006_nis_x1dints.fits,seg006,4,122,60694.08869669148,TDB-MID,3615.249258982498,4.7914896569375625,1778,0.5867402182434889,1.4160298518951635,2392,1.0144076232066583,1.0132387017205953
TOI-2076_d,NIRISS_SOSS,obs14,SOSS_HDU4_ordem_2,jw05959014001_04102_00001-seg006_nis_x1dints.fits,seg006,4,123,60694.08877377034,TDB-MID,3599.0234081470617,4.791451044980643,1778,0.5867402182434889,1.4160298518951635,2393,1.0098547900265988,1.008691114858096
TOI-2076_d,NIRISS_SOSS,obs14,SOSS_HDU4_ordem_2,jw05959014001_04102_00001-seg006_nis_x1dints.fits,seg006,4,124,60694.088850849184,TDB-MID,3557.829093958629,4.791550433155801,1778,0.5867402182434889,1.4160298518951635,2394,0.9982960223312071,0.9971456665538467
TOI-2076_d,NIRISS_SOSS,obs14,SOSS_HDU4_ordem_2,jw05959014001_04102_00001-seg006_nis_x1dints.fits,seg006,4,125,60694.08892792804,TDB-MID,3552.1529807104043,4.7920924249815435,1778,0.5867402182434889,1.4160298518951635,2395,0.9967033541258606,0.9955548336108178
TOI-2076_d,NIRISS_SOSS,obs14,SOSS_HDU4_ordem_2,jw05959014001_04102_00001-seg006_nis_x1dints.fits,seg006,4,126,60694.08900500689,TDB-MID,3711.1884757474368,4.791705323866349,1778,0.5867402182434889,1.4160298518951635,2396,1.04132733631054,1.040127394719417
TOI-2076_d,NIRISS_SOSS,obs14,SOSS_HDU4_ordem_2,jw05959014001_04102_00001-seg006_nis_x1dints.fits,seg006,4,127,60694.08908208575,TDB-MID,3527.608342447732,4.791411906354023,1778,0.5867402182434889,1.4160298518951635,2397,0.9898163412592811,0.9886757567821094
TOI-2076_d,NIRISS_SOSS,obs14,SOSS_HDU4_ordem_2,jw05959014001_04102_00001-seg006_nis_x1dints.fits,seg006,4,128,60694.0891591646,TDB-MID,3229.6599283546043,4.791138723393903,1778,0.5867402182434889,1.4160298518951635,2398,0.906214597388523,0.9051703488146383
TOI-2076_d,NIRISS_SOSS,obs14,SOSS_HDU4_ordem_2,jw05959014001_04102_00001-seg006_nis_x1dints.fits,seg006,4,129,60694.089236243446,TDB-MID,3274.1046705620893,4.791215914364363,1778,0.5867402182434889,1.4160298518951635,2399,0.9186854070276395,0.9176267880990745
TOI-2076_d,NIRISS_SOSS,obs14,SOSS_HDU4_ordem_2,jw05959014001_04102_00001-seg006_nis_x1dints.fits,seg006,4,130,60694.08931332231,TDB-MID,3584.9045189035032,4.791492739572327,1778,0.5867402182434889,1.4160298518951635,2400,1.0058931520166356,1.004734041920086
TOI-2076_d,NIRISS_SOSS,obs14,SOSS_HDU4_ordem_2,jw05959014001_04102_00001-seg006_nis_x1dints.fits,seg006,4,131,60694.089390401154,TDB-MID,3291.5208788527216,4.79105176714224,1778,0.5867402182434889,1.4160298518951635,2401,0.9235722441975736,0.9225079940722035
TOI-2076_d,NIRISS_SOSS,obs14,SOSS_HDU4_ordem_2,jw05959014001_04102_00001-seg006_nis_x1dints.fits,seg006,4,132,60694.089467480015,TDB-MID,3483.2294676183865,4.791428817358977,1778,0.5867402182434889,1.4160298518951635,2402,0.9773640134358622,0.9762377780164176
TOI-2076_d,NIRISS_SOSS,obs14,SOSS_HDU4_ordem_2,jw05959014001_04102_00001-seg006_nis_x1dints.fits,seg006,4,133,60694.08954455886,TDB-MID,3738.5994827988566,4.7917364905782796,1778,0.5867402182434889,1.4160298518951635,2403,1.0490186274279214,1.047809823013573
TOI-2076_d,NIRISS_SOSS,obs14,SOSS_HDU4_ordem_2,jw05959014001_04102_00001-seg006_nis_x1dints.fits,seg006,4,134,60694.089621637715,TDB-MID,3564.546907047075,4.79146572938357,1778,0.5867402182434889,1.4160298518951635,2404,1.0001809824874854,0.9990284546341502
TOI-2076_d,NIRISS_SOSS,obs14,SOSS_HDU4_ordem_2,jw05959014001_04102_00001-seg006_nis_x1dints.fits,seg006,4,135,60694.08969871657,TDB-MID,3705.6704953227163,4.7916564863157385,1778,0.5867402182434889,1.4160298518951635,2405,1.039779038805566,1.0385808813475457
TOI-2076_d,NIRISS_SOSS,obs14,SOSS_HDU4_ordem_2,jw05959014001_04102_00001-seg006_nis_x1dints.fits,seg006,4,136,60694.08977579542,TDB-MID,3402.6413410610426,4.791334997992484,1778,0.5867402182434889,1.4160298518951635,2406,0.9547516832579092,0.9536515044630307
TOI-2076_d,NIRISS_SOSS,obs14,SOSS_HDU4_ordem_2,jw05959014001_04102_00001-seg006_nis_x1dints.fits,seg006,4,137,60694.08985287428,TDB-MID,3546.8412116310856,4.791441385433734,1778,0.5867402182434889,1.4160298518951635,2407,0.9952129177379998,0.9940661146815777
TOI-2076_d,NIRISS_SOSS,obs14,SOSS_HDU4_ordem_2,jw05959014001_04102_00001-seg006_nis_x1dints.fits,seg006,4,138,60694.08992995313,TDB-MID,3493.25618221709,4.791342179720335,1778,0.5867402182434889,1.4160298518951635,2408,0.9801774226909422,0.9790479453257038
TOI-2076_d,NIRISS_SOSS,obs14,SOSS_HDU4_ordem_2,jw05959014001_04102_00001-seg006_nis_x1dints.fits,seg006,4,139,60694.090007031984,TDB-MID,3369.2210156963183,4.79114378909862,1778,0.5867402182434889,1.4160298518951635,2409,0.9453742294804718,0.9442848565066009
TOI-2076_d,NIRISS_SOSS,obs14,SOSS_HDU4_ordem_2,jw05959014001_04102_00001-seg006_nis_x1dints.fits,seg006,4,140,60694.09008411083,TDB-MID,3354.3094284549547,4.791137822149977,1778,0.5867402182434889,1.4160298518951635,2410,0.9411901672794584,0.9401056156812296
TOI-2076_d,NIRISS_SOSS,obs14,SOSS_HDU4_ordem_2,jw05959014001_04102_00001-seg006_nis_x1dints.fits,seg006,4,141,60694.090161189684,TDB-MID,3318.3600816894173,4.791170356882718,1778,0.5867402182434889,1.4160298518951635,2411,0.9311030920058369,0.930030163939164
TOI-2076_d,NIRISS_SOSS,obs14,SOSS_HDU4_ordem_2,jw05959014001_04102_00001-seg006_nis_x1dints.fits,seg006,4,142,60694.090238268545,TDB-MID,3594.6293392306147,4.791544793520524,1778,0.5867402182434889,1.4160298518951635,2412,1.0086218523544137,1.0074595979237906
TOI-2076_d,NIRISS_SOSS,obs14,SOSS_HDU4_ordem_2,jw05959014001_04102_00001-seg006_nis_x1dints.fits,seg006,4,143,60694.09031534739,TDB-MID,3557.431846216224,4.791454411523108,1778,0.5867402182434889,1.4160298518951635,2413,0.998184558056041,0.9970343307211166
TOI-2076_d,NIRISS_SOSS,obs14,SOSS_HDU4_ordem_2,jw05959014001_04102_00001-seg006_nis_x1dints.fits,seg006,4,144,60694.090392426246,TDB-MID,3701.7196838416226,4.791607358533268,1778,0.5867402182434889,1.4160298518951635,2414,1.0386704753298068,1.037473595290879
TOI-2076_d,NIRISS_SOSS,obs14,SOSS_HDU4_ordem_2,jw05959014001_04102_00001-seg006_nis_x1dints.fits,seg006,4,145,60694.0904695051,TDB-MID,3264.0460033846216,4.791170772609884,1778,0.5867402182434889,1.4160298518951635,2415,0.915863032155763,0.9148076655042454
TOI-2076_d,NIRISS_SOSS,obs14,SOSS_HDU4_ordem_2,jw05959014001_04102_00001-seg006_nis_x1dints.fits,seg006,4,146,60694.09054658396,TDB-MID,3716.7466667706,4.791620830624464,1778,0.5867402182434889,1.4160298518951635,2416,1.042886916561093,1.0416851778355414
TOI-2076_d,NIRISS_SOSS,obs14,SOSS_HDU4_ordem_2,jw05959014001_04102_00001-seg006_nis_x1dints.fits,seg006,4,147,60694.09062366281,TDB-MID,3451.3936240526245,4.7912896148356,1778,0.5867402182434889,1.4160298518951635,2417,0.9684311515248656,0.9673152096146386
TOI-2076_d,NIRISS_SOSS,obs14,SOSS_HDU4_ordem_2,jw05959014001_04102_00001-seg006_nis_x1dints.fits,seg006,4,148,60694.09070074165,TDB-MID,3335.7879255718376,4.791366925871053,1778,0.5867402182434889,1.4160298518951635,2418,0.9359931940220276,0.9349146309964045
TOI-2076_d,NIRISS_SOSS,obs14,SOSS_HDU4_ordem_2,jw05959014001_04102_00001-seg006_nis_x1dints.fits,seg006,4,149,60694.090777820515,TDB-MID,3692.876932288533,4.791630183426762,1778,0.5867402182434889,1.4160298518951635,2419,1.0361892758486675,1.0349952549437982
TOI-2076_d,NIRISS_SOSS,obs14,SOSS_HDU4_ordem_2,jw05959014001_04102_00001-seg006_nis_x1dints.fits,seg006,4,150,60694.09085489937,TDB-MID,3510.0396148741243,4.7912954754937385,1778,0.5867402182434889,1.4160298518951635,2420,0.984886708499817,0.9837518045336342
TOI-2076_d,NIRISS_SOSS,obs14,SOSS_HDU4_ordem_2,jw05959014001_04102_00001-seg006_nis_x1dints.fits,seg006,4,151,60694.09093197822,TDB-MID,3883.1584822972823,4.791741067218683,1778,0.5867402182434889,1.4160298518951635,2421,1.0895806303741864,1.0883250855808455
TOI-2076_d,NIRISS_SOSS,obs14,SOSS_HDU4_ordem_2,jw05959014001_04102_00001-seg006_nis_x1dints.fits,seg006,4,152,60694.09100905707,TDB-MID,3310.0800626451633,4.79141811567349,1778,0.5867402182434889,1.4160298518951635,2422,0.9287797903917314,0.9277095395103568
TOI-2076_d,NIRISS_SOSS,obs14,SOSS_HDU4_ordem_2,jw05959014001_04102_00001-seg006_nis_x1dints.fits,seg006,4,153,60694.09108613593,TDB-MID,3782.000815071682,4.791727532730137,1778,0.5867402182434889,1.4160298518951635,2423,1.061196665278421,1.059973827875976
TOI-2076_d,NIRISS_SOSS,obs14,SOSS_HDU4_ordem_2,jw05959014001_04102_00001-seg006_nis_x1dints.fits,seg006,4,154,60694.091163214776,TDB-MID,3396.5576838370484,4.791237678737921,1778,0.5867402182434889,1.4160298518951635,2424,0.9530446617435108,0.9519464499824752
TOI-2076_d,NIRISS_SOSS,obs14,SOSS_HDU4_ordem_2,jw05959014001_04102_00001-seg006_nis_x1dints.fits,seg006,4,155,60694.09124029363,TDB-MID,3788.557101827981,4.7920141967605625,1778,0.5867402182434889,1.4160298518951635,2425,1.0630363025451999,1.0618113452932205
TOI-2076_d,NIRISS_SOSS,obs14,SOSS_HDU4_ordem_2,jw05959014001_04102_00001-seg006_nis_x1dints.fits,seg006,4,156,60694.091317372484,TDB-MID,3545.763168349077,4.791343057548948,1778,0.5867402182434889,1.4160298518951635,2426,0.9949104281321451,0.993763973640335
TOI-2076_d,NIRISS_SOSS,obs14,SOSS_HDU4_ordem_2,jw05959014001_04102_00001-seg006_nis_x1dints.fits,seg006,4,157,60694.09139445134,TDB-MID,3793.988931241568,4.792191648674914,1778,0.5867402182434889,1.4160298518951635,2427,1.0645604268227749,1.0633337132929694
TOI-2076_d,NIRISS_SOSS,obs14,SOSS_HDU4_ordem_2,jw05959014001_04102_00001-seg006_nis_x1dints.fits,seg006,4,158,60694.09147153019,TDB-MID,3709.4082250267097,4.791605774376044,1778,0.5867402182434889,1.4160298518951635,2428,1.0408278133805962,1.0396284473993878
TOI-2076_d,NIRISS_SOSS,obs14,SOSS_HDU4_ordem_2,jw05959014001_04102_00001-seg006_nis_x1dints.fits,seg006,4,159,60694.09154860904,TDB-MID,3564.8578160777747,4.791464204700319,1778,0.5867402182434889,1.4160298518951635,2429,1.0002682208680984,0.9991155924882932
TOI-2076_d,NIRISS_SOSS,obs14,SOSS_HDU4_ordem_2,jw05959014001_04102_00001-seg006_nis_x1dints.fits,seg006,4,160,60694.0916256879,TDB-MID,3615.1980616789224,4.791592594373277,1778,0.5867402182434889,1.4160298518951635,2430,1.0143932576867967,1.0132243527543996
TOI-2076_d,NIRISS_SOSS,obs14,SOSS_HDU4_ordem_2,jw05959014001_04102_00001-seg006_nis_x1dints.fits,seg006,4,161,60694.09170276675,TDB-MID,3400.1764718486575,4.791256620392814,1778,0.5867402182434889,1.4160298518951635,2431,0.9540600623100483,0.9529606804833389
TOI-2076_d,NIRISS_SOSS,obs14,SOSS_HDU4_ordem_2,jw05959014001_04102_00001-seg006_nis_x1dints.fits,seg006,4,162,60694.0917798456,TDB-MID,3180.366108835595,4.791002208346791,1778,0.5867402182434889,1.4160298518951635,2432,0.8923831786632952,0.8913548683002054
TOI-2076_d,NIRISS_SOSS,obs14,SOSS_HDU4_ordem_2,jw05959014001_04102_00001-seg006_nis_x1dints.fits,seg006,4,163,60694.09185692445,TDB-MID,3600.166042260866,4.7914029421546305,1778,0.5867402182434889,1.4160298518951635,2433,1.0101754032603059,1.0090113586429847
TOI-2076_d,NIRISS_SOSS,obs14,SOSS_HDU4_ordem_2,jw05959014001_04102_00001-seg006_nis_x1dints.fits,seg006,4,164,60694.09193400331,TDB-MID,3808.6327365178586,4.792085412435041,1778,0.5867402182434889,1.4160298518951635,2434,1.068669351724181,1.067437903400894
TOI-2076_d,NIRISS_SOSS,obs14,SOSS_HDU4_ordem_2,jw05959014001_04102_00001-seg006_nis_x1dints.fits,seg006,4,165,60694.09201108217,TDB-MID,3298.865635756968,4.791089643041909,1778,0.5867402182434889,1.4160298518951635,2435,0.9256331193573583,0.9245664944457591
TOI-2076_d,NIRISS_SOSS,obs14,SOSS_HDU4_ordem_2,jw05959014001_04102_00001-seg006_nis_x1dints.fits,seg006,4,166,60694.092088161015,TDB-MID,3943.817526548895,4.791930105833465,1778,0.5867402182434889,1.4160298518951635,2436,1.1066010327025682,1.1053258749710673
TOI-2076_d,NIRISS_SOSS,obs14,SOSS_HDU4_ordem_2,jw05959014001_04102_00001-seg006_nis_x1dints.fits,seg006,4,167,60694.09216523986,TDB-MID,3371.710328139919,4.791192587203693,1778,0.5867402182434889,1.4160298518951635,2437,0.9460727089872603,0.9449825311419705
TOI-2076_d,NIRISS_SOSS,obs14,SOSS_HDU4_ordem_2,jw05959014001_04102_00001-seg006_nis_x1dints.fits,seg006,4,168,60694.09224231872,TDB-MID,3351.0411444843003,4.791174425289072,1778,0.5867402182434889,1.4160298518951635,2438,0.9402731151104001,0.9391896202490884
TOI-2076_d,NIRISS_SOSS,obs14,SOSS_HDU4_ordem_2,jw05959014001_04102_00001-seg006_nis_x1dints.fits,seg006,4,169,60694.092319397576,TDB-MID,3625.6551978767534,4.796435164133369,1778,0.5867402182434889,1.4160298518951635,2439,1.0173274395138543,1.0161551534670972
TOI-2076_d,NIRISS_SOSS,obs14,SOSS_HDU4_ordem_2,jw05959014001_04102_00001-seg006_nis_x1dints.fits,seg006,4,170,60694.09239647643,TDB-MID,4024.989312361963,4.792164762700879,1778,0.5867402182434889,1.4160298518951635,2440,1.129377132611444,1.1280757295403545
TOI-2076_d,NIRISS_SOSS,obs14,SOSS_HDU4_ordem_2,jw05959014001_04102_00001-seg006_nis_x1dints.fits,seg006,4,171,60694.092473555276,TDB-MID,3647.9096967072933,4.79150626743127,1778,0.5867402182434889,1.4160298518951635,2441,1.0235718590952296,1.0223923774832486
TOI-2076_d,NIRISS_SOSS,obs14,SOSS_HDU4_ordem_2,jw05959014001_04102_00001-seg006_nis_x1dints.fits,seg006,4,172,60694.09255063414,TDB-MID,3732.3930748821303,4.79160971238578,1778,0.5867402182434889,1.4160298518951635,2442,1.0472771631325304,1.0460703654411063
TOI-2076_d,NIRISS_SOSS,obs14,SOSS_HDU4_ordem_2,jw05959014001_04102_00001-seg006_nis_x1dints.fits,seg006,4,173,60694.092627712984,TDB-MID,3565.6596586043947,4.791406329035544,1778,0.5867402182434889,1.4160298518951635,2443,1.000493210934715,0.999340323294513
TOI-2076_d,NIRISS_SOSS,obs14,SOSS_HDU4_ordem_2,jw05959014001_04102_00001-seg006_nis_x1dints.fits,seg006,4,174,60694.09270479184,TDB-MID,3737.4998231449813,4.791703484144314,1778,0.5867402182434889,1.4160298518951635,2444,1.0487100724553833,1.0475016235948862
TOI-2076_d,NIRISS_SOSS,obs14,SOSS_HDU4_ordem_2,jw05959014001_04102_00001-seg006_nis_x1dints.fits,seg006,4,175,60694.09278187069,TDB-MID,3610.5383113531675,4.791461304583309,1778,0.5867402182434889,1.4160298518951635,2445,1.0130857721127546,1.0119183738212238
TOI-2076_d,NIRISS_SOSS,obs14,SOSS_HDU4_ordem_2,jw05959014001_04102_00001-seg006_nis_x1dints.fits,seg006,4,176,60694.092858949545,TDB-MID,3721.659093856941,4.791616048239977,1778,0.5867402182434889,1.4160298518951635,2446,1.0442653010452196,1.043061973980619
TOI-2076_d,NIRISS_SOSS,obs14,SOSS_HDU4_ordem_2,jw05959014001_04102_00001-seg006_nis_x1dints.fits,seg006,4,177,60694.0929360284,TDB-MID,3709.196711133709,4.791656222233966,1778,0.5867402182434889,1.4160298518951635,2447,1.0407684644145625,1.0395691668223135
TOI-2076_d,NIRISS_SOSS,obs14,SOSS_HDU4_ordem_2,jw05959014001_04102_00001-seg006_nis_x1dints.fits,seg006,4,178,60694.093013107245,TDB-MID,3416.3321375376295,4.79124186129648,1778,0.5867402182434889,1.4160298518951635,2448,0.958593202146023,0.9574885966947742
TOI-2076_d,NIRISS_SOSS,obs14,SOSS_HDU4_ordem_2,jw05959014001_04102_00001-seg006_nis_x1dints.fits,seg006,4,179,60694.0930901861,TDB-MID,3364.923760864564,4.791205825539777,1778,0.5867402182434889,1.4160298518951635,2449,0.9441684570017519,0.9430804734627841
TOI-2076_d,NIRISS_SOSS,obs14,SOSS_HDU4_ordem_2,jw05959014001_04102_00001-seg006_nis_x1dints.fits,seg006,4,180,60694.09316726496,TDB-MID,3681.939766819667,4.79234442762887,1778,0.5867402182434889,1.4160298518951635,2450,1.0331204019666456,1.0319299173843912
TOI-2076_d,NIRISS_SOSS,obs14,SOSS_HDU4_ordem_2,jw05959014001_04102_00001-seg006_nis_x1dints.fits,seg006,4,181,60694.09324434381,TDB-MID,3330.757603609815,4.791149148099912,1778,0.5867402182434889,1.4160298518951635,2451,0.9345817292571069,0.9335047926895788
TOI-2076_d,NIRISS_SOSS,obs14,SOSS_HDU4_ordem_2,jw05959014001_04102_00001-seg006_nis_x1dints.fits,seg006,4,182,60694.09332142266,TDB-MID,3479.7680982612937,4.791284760873503,1778,0.5867402182434889,1.4160298518951635,2452,0.976392783180066,0.9752676669279935
TOI-2076_d,NIRISS_SOSS,obs14,SOSS_HDU4_ordem_2,jw05959014001_04102_00001-seg006_nis_x1dints.fits,seg006,4,183,60694.093398501514,TDB-MID,3814.9449301920263,4.791701010297027,1778,0.5867402182434889,1.4160298518951635,2453,1.0704404985866893,1.069207009336683
TOI-2076_d,NIRISS_SOSS,obs14,SOSS_HDU4_ordem_2,jw05959014001_04102_00001-seg006_nis_x1dints.fits,seg006,4,184,60694.093475580376,TDB-MID,3940.756998254402,4.7918134173305456,1778,0.5867402182434889,1.4160298518951635,2454,1.1057422749764558,1.1044681068080597
TOI-2076_d,NIRISS_SOSS,obs14,SOSS_HDU4_ordem_2,jw05959014001_04102_00001-seg006_nis_x1dints.fits,seg006,4,185,60694.09355265922,TDB-MID,3722.5039872402353,4.791820125647599,1778,0.5867402182434889,1.4160298518951635,2455,1.04450237080927,1.043298770564604
TOI-2076_d,NIRISS_SOSS,obs14,SOSS_HDU4_ordem_2,jw05959014001_04102_00001-seg006_nis_x1dints.fits,seg006,4,186,60694.09362973807,TDB-MID,3375.855295358226,4.791137277323338,1778,0.5867402182434889,1.4160298518951635,2456,0.9472357508809127,0.9461442328399978
TOI-2076_d,NIRISS_SOSS,obs14,SOSS_HDU4_ordem_2,jw05959014001_04102_00001-seg006_nis_x1dints.fits,seg006,4,187,60694.09370681693,TDB-MID,3842.7528673945344,4.791787204699785,1778,0.5867402182434889,1.4160298518951635,2457,1.0782431648658646,1.0770006844528843
TOI-2076_d,NIRISS_SOSS,obs14,SOSS_HDU4_ordem_2,jw05959014001_04102_00001-seg006_nis_x1dints.fits,seg006,4,188,60694.09378389578,TDB-MID,3449.1956004033855,4.7921718635631,1778,0.5867402182434889,1.4160298518951635,2458,0.9678144051303433,0.9666991739088923
TOI-2076_d,NIRISS_SOSS,obs14,SOSS_HDU4_ordem_2,jw05959014001_04102_00001-seg006_nis_x1dints.fits,seg006,4,189,60694.09386097464,TDB-MID,3871.6502943690625,4.791817269465467,1778,0.5867402182434889,1.4160298518951635,2459,1.0863515325368311,1.0850997086952618
TOI-2076_d,NIRISS_SOSS,obs14,SOSS_HDU4_ordem_2,jw05959014001_04102_00001-seg006_nis_x1dints.fits,seg006,4,190,60694.093938053484,TDB-MID,3173.532002457429,4.790992409288557,1778,0.5867402182434889,1.4160298518951635,2460,0.8904655876173688,0.8894394869314579
TOI-2076_d,NIRISS_SOSS,obs14,SOSS_HDU4_ordem_2,jw05959014001_04102_00001-seg006_nis_x1dints.fits,seg006,4,191,60694.09401513234,TDB-MID,3419.3815590048193,4.791275709823982,1778,0.5867402182434889,1.4160298518951635,2461,0.9594488433926124,0.9583432519694381
TOI-2076_d,NIRISS_SOSS,obs14,SOSS_HDU4_ordem_2,jw05959014001_04102_00001-seg006_nis_x1dints.fits,seg006,4,192,60694.0940922112,TDB-MID,3633.106688355892,4.792047704447495,1778,0.5867402182434889,1.4160298518951635,2462,1.019418263190122,1.0182435678468822
TOI-2076_d,NIRISS_SOSS,obs14,SOSS_HDU4_ordem_2,jw05959014001_04102_00001-seg006_nis_x1dints.fits,seg006,4,193,60694.094169290045,TDB-MID,3612.242502152014,4.791542018686421,1778,0.5867402182434889,1.4160298518951635,2463,1.0135639532875251,1.012396003978596
TOI-2076_d,NIRISS_SOSS,obs14,SOSS_HDU4_ordem_2,jw05959014001_04102_00001-seg006_nis_x1dints.fits,seg006,4,194,60694.0942463689,TDB-MID,3369.0824541103525,4.79125680888266,1778,0.5867402182434889,1.4160298518951635,2464,0.9453353502998072,0.9442460221271667
TOI-2076_d,NIRISS_SOSS,obs14,SOSS_HDU4_ordem_2,jw05959014001_04102_00001-seg006_nis_x1dints.fits,seg006,4,195,60694.09432344775,TDB-MID,3877.850856748287,4.792119636630166,1778,0.5867402182434889,1.4160298518951635,2465,1.088091356625039,1.0868375279505877
TOI-2076_d,NIRISS_SOSS,obs14,SOSS_HDU4_ordem_2,jw05959014001_04102_00001-seg006_nis_x1dints.fits,seg006,4,196,60694.09440052661,TDB-MID,3604.040212295982,4.791555628894282,1778,0.5867402182434889,1.4160298518951635,2466,1.011262461810268,1.0100971645543952
TOI-2076_d,NIRISS_SOSS,obs14,SOSS_HDU4_ordem_2,jw05959014001_04102_00001-seg006_nis_x1dints.fits,seg006,4,197,60694.09447760546,TDB-MID,3783.358317017023,4.7916901651924855,1778,0.5867402182434889,1.4160298518951635,2467,1.0615775685642597,1.0603542922396056
TOI-2076_d,NIRISS_SOSS,obs14,SOSS_HDU4_ordem_2,jw05959014001_04102_00001-seg006_nis_x1dints.fits,seg006,4,198,60694.09455468431,TDB-MID,3707.6199129974325,4.791608403891025,1778,0.5867402182434889,1.4160298518951635,2468,1.040326028517308,1.0391272407524839
TOI-2076_d,NIRISS_SOSS,obs14,SOSS_HDU4_ordem_2,jw05959014001_04102_00001-seg006_nis_x1dints.fits,seg006,4,199,60694.09463176317,TDB-MID,3699.827852365456,4.791566842114437,1778,0.5867402182434889,1.4160298518951635,2469,1.0381396438065094,1.0369433754549928
TOI-2076_d,NIRISS_SOSS,obs14,SOSS_HDU4_ordem_2,jw05959014001_04102_00001-seg006_nis_x1dints.fits,seg006,4,200,60694.094708842014,TDB-MID,3561.0400998303653,4.791540013304778,1778,0.5867402182434889,1.4160298518951635,2470,0.9991970027619084,0.9980456087674054
TOI-2076_d,NIRISS_SOSS,obs14,SOSS_HDU4_ordem_2,jw05959014001_04102_00001-seg006_nis_x1dints.fits,seg006,4,201,60694.09478592087,TDB-MID,3436.593684013048,4.79135753023705,1778,0.5867402182434889,1.4160298518951635,2471,0.9642784165614752,0.9631672599279097
TOI-2076_d,NIRISS_SOSS,obs14,SOSS_HDU4_ordem_2,jw05959014001_04102_00001-seg006_nis_x1dints.fits,seg006,4,202,60694.09486299972,TDB-MID,3285.2447275053964,4.791238241170712,1778,0.5867402182434889,1.4160298518951635,2472,0.9218112104997429,0.9207489896474975
TOI-2076_d,NIRISS_SOSS,obs14,SOSS_HDU4_ordem_2,jw05959014001_04102_00001-seg006_nis_x1dints.fits,seg006,4,203,60694.094940078576,TDB-MID,3612.939392226511,4.791537892703537,1778,0.5867402182434889,1.4160298518951635,2473,1.0137594946052781,1.0125913199703138
TOI-2076_d,NIRISS_SOSS,obs14,SOSS_HDU4_ordem_2,jw05959014001_04102_00001-seg006_nis_x1dints.fits,seg006,4,204,60694.09501715743,TDB-MID,3574.8587188495544,4.791386420928329,1778,0.5867402182434889,1.4160298518951635,2474,1.003074387548151,1.001918525568311
TOI-2076_d,NIRISS_SOSS,obs14,SOSS_HDU4_ordem_2,jw05959014001_04102_00001-seg006_nis_x1dints.fits,seg006,4,205,60694.095094236276,TDB-MID,3203.3624435914735,4.7912459821166635,1778,0.5867402182434889,1.4160298518951635,2475,0.8988357509788044,0.8978000051920768
TOI-2076_d,NIRISS_SOSS,obs14,SOSS_HDU4_ordem_2,jw05959014001_04102_00001-seg006_nis_x1dints.fits,seg006,4,206,60694.09517131514,TDB-MID,3505.7963319841197,4.7913342475599,1778,0.5867402182434889,1.4160298518951635,2476,0.9836960800803938,0.9825625480983223
TOI-2076_d,NIRISS_SOSS,obs14,SOSS_HDU4_ordem_2,jw05959014001_04102_00001-seg006_nis_x1dints.fits,seg006,4,207,60694.09524839399,TDB-MID,3526.0388819064483,4.791375832293352,1778,0.5867402182434889,1.4160298518951635,2477,0.989375964227616,0.9882358872053988
TOI-2076_d,NIRISS_SOSS,obs14,SOSS_HDU4_ordem_2,jw05959014001_04102_00001-seg006_nis_x1dints.fits,seg006,4,208,60694.095325472845,TDB-MID,3828.4787825280423,4.791726092761257,1778,0.5867402182434889,1.4160298518951635,2478,1.0742379803085642,1.0730001151470643
TOI-2076_d,NIRISS_SOSS,obs14,SOSS_HDU4_ordem_2,jw05959014001_04102_00001-seg006_nis_x1dints.fits,seg006,4,209,60694.09540255169,TDB-MID,3593.22945220829,4.79140722432761,1778,0.5867402182434889,1.4160298518951635,2479,1.0082290561831548,1.0070672543791424
TOI-2076_d,NIRISS_SOSS,obs14,SOSS_HDU4_ordem_2,jw05959014001_04102_00001-seg006_nis_x1dints.fits,seg006,4,210,60694.095479630545,TDB-MID,3594.204247670795,4.7914796854849,1778,0.5867402182434889,1.4160298518951635,2480,1.0085025753452916,1.0073404583598689
TOI-2076_d,NIRISS_SOSS,obs14,SOSS_HDU4_ordem_2,jw05959014001_04102_00001-seg006_nis_x1dints.fits,seg006,4,211,60694.095556709406,TDB-MID,3722.5874880054967,4.792831870513694,1778,0.5867402182434889,1.4160298518951635,2481,1.0445258004006361,1.0433221731575997
TOI-2076_d,NIRISS_SOSS,obs14,SOSS_HDU4_ordem_2,jw05959014001_04102_00001-seg006_nis_x1dints.fits,seg006,4,212,60694.09563378825,TDB-MID,3784.885055240087,4.791762476511557,1778,0.5867402182434889,1.4160298518951635,2482,1.062005958083535,1.0607821881173685
TOI-2076_d,NIRISS_SOSS,obs14,SOSS_HDU4_ordem_2,jw05959014001_04102_00001-seg006_nis_x1dints.fits,seg006,4,213,60694.09571086711,TDB-MID,3857.3550568667156,4.791989497644337,1778,0.5867402182434889,1.4160298518951635,2483,1.0823404127331548,1.081093210982365
TOI-2076_d,NIRISS_SOSS,obs14,SOSS_HDU4_ordem_2,jw05959014001_04102_00001-seg006_nis_x1dints.fits,seg006,4,214,60694.09578794596,TDB-MID,2974.3197931510617,4.7907648570278365,1778,0.5867402182434889,1.4160298518951635,2484,0.8345683674591398,0.8336066782190416
TOI-2076_d,NIRISS_SOSS,obs14,SOSS_HDU4_ordem_2,jw05959014001_04102_00001-seg006_nis_x1dints.fits,seg006,4,215,60694.09586502481,TDB-MID,3723.102654816462,4.791753159829291,1778,0.5867402182434889,1.4160298518951635,2485,1.0446703517449087,1.043466557932568
TOI-2076_d,NIRISS_SOSS,obs14,SOSS_HDU4_ordem_2,jw05959014001_04102_00001-seg006_nis_x1dints.fits,seg006,4,216,60694.09594210367,TDB-MID,3559.985710488627,4.791416837982804,1778,0.5867402182434889,1.4160298518951635,2486,0.9989011502467796,0.9977500971688409
TOI-2076_d,NIRISS_SOSS,obs14,SOSS_HDU4_ordem_2,jw05959014001_04102_00001-seg006_nis_x1dints.fits,seg006,4,217,60694.096019182514,TDB-MID,3799.5541808051908,4.791765822435182,1778,0.5867402182434889,1.4160298518951635,2487,1.0661219876386328,1.0648934746921552
TOI-2076_d,NIRISS_SOSS,obs14,SOSS_HDU4_ordem_2,jw05959014001_04102_00001-seg006_nis_x1dints.fits,seg006,4,218,60694.096096261375,TDB-MID,3744.8347551317274,4.791650860114333,1778,0.5867402182434889,1.4160298518951635,2488,1.0507681908284305,1.049557370358403
TOI-2076_d,NIRISS_SOSS,obs14,SOSS_HDU4_ordem_2,jw05959014001_04102_00001-seg006_nis_x1dints.fits,seg006,4,219,60694.09617334022,TDB-MID,3399.7176902914475,4.791336518847165,1778,0.5867402182434889,1.4160298518951635,2489,0.9539313321795146,0.9528320986910197
TOI-2076_d,NIRISS_SOSS,obs14,SOSS_HDU4_ordem_2,jw05959014001_04102_00001-seg006_nis_x1dints.fits,seg006,4,220,60694.09625041907,TDB-MID,3311.822472195374,4.791131410908608,1778,0.5867402182434889,1.4160298518951635,2490,0.929268695417046,0.9281978811609732
TOI-2076_d,NIRISS_SOSS,obs14,SOSS_HDU4_ordem_2,jw05959014001_04102_00001-seg006_nis_x1dints.fits,seg006,4,221,60694.09632749793,TDB-MID,3486.9934902195564,4.791370856856959,1778,0.5867402182434889,1.4160298518951635,2491,0.978420165570065,0.9772927131261284
TOI-2076_d,NIRISS_SOSS,obs14,SOSS_HDU4_ordem_2,jw05959014001_04102_00001-seg006_nis_x1dints.fits,seg006,4,222,60694.09640457678,TDB-MID,3726.829792695224,4.79163105081303,1778,0.5867402182434889,1.4160298518951635,2492,1.0457161543455358,1.0445111554346702
TOI-2076_d,NIRISS_SOSS,obs14,SOSS_HDU4_ordem_2,jw05959014001_04102_00001-seg006_nis_x1dints.fits,seg006,4,223,60694.09648165564,TDB-MID,3887.1576790109557,4.80536343857603,1778,0.5867402182434889,1.4160298518951635,2493,1.0907027703270469,1.0894459324701768
TOI-2076_d,NIRISS_SOSS,obs14,SOSS_HDU4_ordem_2,jw05959014001_04102_00001-seg006_nis_x1dints.fits,seg006,4,224,60694.09655873448,TDB-MID,3669.884679716719,4.791644210963119,1778,0.5867402182434889,1.4160298518951635,2494,1.0297378489586428,1.0285512621575155
TOI-2076_d,NIRISS_SOSS,obs14,SOSS_HDU4_ordem_2,jw05959014001_04102_00001-seg006_nis_x1dints.fits,seg006,4,225,60694.09663581334,TDB-MID,3283.224378705241,4.791109843828356,1778,0.5867402182434889,1.4160298518951635,2495,0.9212443181286784,0.9201827505174552
TOI-2076_d,NIRISS_SOSS,obs14,SOSS_HDU4_ordem_2,jw05959014001_04102_00001-seg006_nis_x1dints.fits,seg006,4,226,60694.0967128922,TDB-MID,3791.7949938899324,4.791760192129826,1778,0.5867402182434889,1.4160298518951635,2496,1.0639448270079606,1.0627188228457052
TOI-2076_d,NIRISS_SOSS,obs14,SOSS_HDU4_ordem_2,jw05959014001_04102_00001-seg006_nis_x1dints.fits,seg006,4,227,60694.096789971045,TDB-MID,3518.594485486049,4.7914087633939,1778,0.5867402182434889,1.4160298518951635,2497,0.9872871310827748,0.9861494610633126
TOI-2076_d,NIRISS_SOSS,obs14,SOSS_HDU4_ordem_2,jw05959014001_04102_00001-seg006_nis_x1dints.fits,seg006,4,228,60694.0968670499,TDB-MID,3499.5654985213923,4.7914062086672216,1778,0.5867402182434889,1.4160298518951635,2498,0.981947762188393,0.9808162448267774
TOI-2076_d,NIRISS_SOSS,obs14,SOSS_HDU4_ordem_2,jw05959014001_04102_00001-seg006_nis_x1dints.fits,seg006,4,229,60694.09694412875,TDB-MID,3773.7994787252273,4.791721333707287,1778,0.5867402182434889,1.4160298518951635,2499,1.0588954413476908,1.0576752556900033
TOI-2076_d,NIRISS_SOSS,obs14,SOSS_HDU4_ordem_2,jw05959014001_04102_00001-seg006_nis_x1dints.fits,seg006,4,230,60694.09702120761,TDB-MID,3732.63556317861,4.791723279679897,1778,0.5867402182434889,1.4160298518951635,2500,1.0473452032478492,1.046138327152487
TOI-2076_d,NIRISS_SOSS,obs14,SOSS_HDU4_ordem_2,jw05959014001_04102_00001-seg006_nis_x1dints.fits,seg006,4,231,60694.09709828646,TDB-MID,3708.799857487618,4.792912801531076,1778,0.5867402182434889,1.4160298518951635,2501,1.040657110719408,1.0394579414421714
TOI-2076_d,NIRISS_SOSS,obs14,SOSS_HDU4_ordem_2,jw05959014001_04102_00001-seg006_nis_x1dints.fits,seg006,4,232,60694.09717536531,TDB-MID,3725.048643415494,4.791678415026246,1778,0.5867402182434889,1.4160298518951635,2502,1.0452163792877196,1.044011956277301
TOI-2076_d,NIRISS_SOSS,obs14,SOSS_HDU4_ordem_2,jw05959014001_04102_00001-seg006_nis_x1dints.fits,seg006,4,233,60694.09725244417,TDB-MID,3524.802751335181,4.7913643336907565,1778,0.5867402182434889,1.4160298518951635,2503,0.9890291166979036,0.9878894393547903
TOI-2076_d,NIRISS_SOSS,obs14,SOSS_HDU4_ordem_2,jw05959014001_04102_00001-seg006_nis_x1dints.fits,seg006,4,234,60694.097329523014,TDB-MID,3610.107334285383,4.79148108565449,1778,0.5867402182434889,1.4160298518951635,2504,1.0129648436810839,1.0117975847377192
TOI-2076_d,NIRISS_SOSS,obs14,SOSS_HDU4_ordem_2,jw05959014001_04102_00001-seg006_nis_x1dints.fits,seg006,4,235,60694.097406601875,TDB-MID,3394.7233986110186,4.791158878857303,1778,0.5867402182434889,1.4160298518951635,2505,0.9525299771994792,0.9514323585193791
TOI-2076_d,NIRISS_SOSS,obs14,SOSS_HDU4_ordem_2,jw05959014001_04102_00001-seg006_nis_x1dints.fits,seg006,4,236,60694.09748368072,TDB-MID,3391.674299620861,4.7912190618690165,1778,0.5867402182434889,1.4160298518951635,2506,0.9516744264371513,0.95057779362471
TOI-2076_d,NIRISS_SOSS,obs14,SOSS_HDU4_ordem_2,jw05959014001_04102_00001-seg006_nis_x1dints.fits,seg006,4,237,60694.097560759576,TDB-MID,3919.272554067761,4.792047326049822,1778,0.5867402182434889,1.4160298518951635,2507,1.0997139260571835,1.0984467044716169
TOI-2076_d,NIRISS_SOSS,obs14,SOSS_HDU4_ordem_2,jw05959014001_04102_00001-seg006_nis_x1dints.fits,seg006,4,238,60694.09763783843,TDB-MID,3306.7391907021406,4.791165284697019,1778,0.5867402182434889,1.4160298518951635,2508,0.9278423706664555,0.9267731999919261
TOI-2076_d,NIRISS_SOSS,obs14,SOSS_HDU4_ordem_2,jw05959014001_04102_00001-seg006_nis_x1dints.fits,seg006,4,239,60694.09771491728,TDB-MID,3728.6018912559057,4.792373112093254,1778,0.5867402182434889,1.4160298518951635,2509,1.046213389849993,1.0450078179650573
TOI-2076_d,NIRISS_SOSS,obs14,SOSS_HDU4_ordem_2,jw05959014001_04102_00001-seg006_nis_x1dints.fits,seg006,4,240,60694.09779199614,TDB-MID,3898.244016378751,4.791883031483302,1778,0.5867402182434889,1.4160298518951635,2510,1.0938135005516338,1.0925530781402772
TOI-2076_d,NIRISS_SOSS,obs14,SOSS_HDU4_ordem_2,jw05959014001_04102_00001-seg006_nis_x1dints.fits,seg006,4,241,60694.09786907499,TDB-MID,3472.2003382767557,4.791341317453268,1778,0.5867402182434889,1.4160298518951635,2511,0.9742693352878246,0.9731466659257488
TOI-2076_d,NIRISS_SOSS,obs14,SOSS_HDU4_ordem_2,jw05959014001_04102_00001-seg006_nis_x1dints.fits,seg006,4,242,60694.09794615384,TDB-MID,3349.7862681480196,4.791158305660952,1778,0.5867402182434889,1.4160298518951635,2512,0.9399210076814194,0.9388379185602951
TOI-2076_d,NIRISS_SOSS,obs14,SOSS_HDU4_ordem_2,jw05959014001_04102_00001-seg006_nis_x1dints.fits,seg006,4,243,60694.09802323269,TDB-MID,3360.478763494971,4.791200617186116,1778,0.5867402182434889,1.4160298518951635,2513,0.9429212292468067,0.941834682912457
TOI-2076_d,NIRISS_SOSS,obs14,SOSS_HDU4_ordem_2,jw05959014001_04102_00001-seg006_nis_x1dints.fits,seg006,4,244,60694.098100311545,TDB-MID,3315.929560095201,4.791400957140422,1778,0.5867402182434889,1.4160298518951635,2514,0.9304211087020811,0.929348966497934
TOI-2076_d,NIRISS_SOSS,obs14,SOSS_HDU4_ordem_2,jw05959014001_04102_00001-seg006_nis_x1dints.fits,seg006,4,245,60694.098177390406,TDB-MID,3290.361763947997,4.791165142202061,1778,0.5867402182434889,1.4160298518951635,2515,0.9232470065967073,0.922183131248903
TOI-2076_d,NIRISS_SOSS,obs14,SOSS_HDU4_ordem_2,jw05959014001_04102_00001-seg006_nis_x1dints.fits,seg006,4,246,60694.09825446925,TDB-MID,3958.3715717903206,4.791863053953515,1778,0.5867402182434889,1.4160298518951635,2516,1.1106847717157813,1.109404908212984
TOI-2076_d,NIRISS_SOSS,obs14,SOSS_HDU4_ordem_2,jw05959014001_04102_00001-seg006_nis_x1dints.fits,seg006,4,247,60694.0983315481,TDB-MID,3241.6120276145125,4.79107741189486,1778,0.5867402182434889,1.4160298518951635,2517,0.9095682528999512,0.9085201398440826
TOI-2076_d,NIRISS_SOSS,obs14,SOSS_HDU4_ordem_2,jw05959014001_04102_00001-seg006_nis_x1dints.fits,seg006,4,248,60694.09840862696,TDB-MID,3233.5708528808764,4.791069649010376,1778,0.5867402182434889,1.4160298518951635,2518,0.9073119689302995,0.9062664558340039
TOI-2076_d,NIRISS_SOSS,obs14,SOSS_HDU4_ordem_2,jw05959014001_04102_00001-seg006_nis_x1dints.fits,seg006,4,249,60694.098485705814,TDB-MID,3882.824066734941,4.79180173405056,1778,0.5867402182434889,1.4160298518951635,2519,1.0894867962644317,1.088231359597947
TOI-2076_d,NIRISS_SOSS,obs14,SOSS_HDU4_ordem_2,jw05959014001_04102_00001-seg006_nis_x1dints.fits,seg006,4,250,60694.09856278467,TDB-MID,3838.85370139224,4.79185968106445,1778,0.5867402182434889,1.4160298518951635,2520,1.0771490926640523,1.0759078729715896
TOI-2076_d,NIRISS_SOSS,obs14,SOSS_HDU4_ordem_2,jw05959014001_04102_00001-seg006_nis_x1dints.fits,seg006,4,251,60694.098639863514,TDB-MID,3569.0837369127507,4.791415063784164,1778,0.5867402182434889,1.4160298518951635,2521,1.0014539776452878,1.0002999828950587
TOI-2076_d,NIRISS_SOSS,obs14,SOSS_HDU4_ordem_2,jw05959014001_04102_00001-seg006_nis_x1dints.fits,seg006,4,252,60694.09871694237,TDB-MID,3520.5140573293293,4.791378810707314,1778,0.5867402182434889,1.4160298518951635,2522,0.9878257463127698,0.9866874556365808
TOI-2076_d,NIRISS_SOSS,obs14,SOSS_HDU4_ordem_2,jw05959014001_04102_00001-seg006_nis_x1dints.fits,seg006,4,253,60694.09879402123,TDB-MID,3445.1996075116613,4.791364592782107,1778,0.5867402182434889,1.4160298518951635,2523,0.9666931641421672,0.9655792249483509
TOI-2076_d,NIRISS_SOSS,obs14,SOSS_HDU4_ordem_2,jw05959014001_04102_00001-seg006_nis_x1dints.fits,seg006,4,254,60694.098871100075,TDB-MID,3617.1052481678735,4.791670187569773,1778,0.5867402182434889,1.4160298518951635,2524,1.0149283976936612,1.0137588761091039
TOI-2076_d,NIRISS_SOSS,obs14,SOSS_HDU4_ordem_2,jw05959014001_04102_00001-seg006_nis_x1dints.fits,seg006,4,255,60694.09894817893,TDB-MID,3329.581616946137,4.791220896630722,1778,0.5867402182434889,1.4160298518951635,2525,0.9342517575868381,0.9331752012520353
TOI-2076_d,NIRISS_SOSS,obs14,SOSS_HDU4_ordem_2,jw05959014001_04102_00001-seg006_nis_x1dints.fits,seg006,4,256,60694.09902525778,TDB-MID,3488.4698249501257,4.791374994371882,1778,0.5867402182434889,1.4160298518951635,2526,0.9788344123059914,0.9777064825175447
TOI-2076_d,NIRISS_SOSS,obs14,SOSS_HDU4_ordem_2,jw05959014001_04102_00001-seg006_nis_x1dints.fits,seg006,4,257,60694.09910233663,TDB-MID,4007.245201843341,4.792012286636707,1778,0.5867402182434889,1.4160298518951635,2527,1.1243982889169493,1.123102623063559
TOI-2076_d,NIRISS_SOSS,obs14,SOSS_HDU4_ordem_2,jw05959014001_04102_00001-seg006_nis_x1dints.fits,seg006,4,258,60694.09917941549,TDB-MID,3505.6476452269335,4.791413174486601,1778,0.5867402182434889,1.4160298518951635,2528,0.9836543598643991,0.9825208759573378
TOI-2076_d,NIRISS_SOSS,obs14,SOSS_HDU4_ordem_2,jw05959014001_04102_00001-seg006_nis_x1dints.fits,seg006,4,259,60694.09925649434,TDB-MID,3405.7703983161255,4.791302576634618,1778,0.5867402182434889,1.4160298518951635,2529,0.9556296696166975,0.9545284791011894
TOI-2076_d,NIRISS_SOSS,obs14,SOSS_HDU4_ordem_2,jw05959014001_04102_00001-seg006_nis_x1dints.fits,seg006,4,260,60694.0993335732,TDB-MID,3629.2833342080303,4.7915943798936445,1778,0.5867402182434889,1.4160298518951635,2530,1.0183454631379063,1.0171720040028756
TOI-2076_d,NIRISS_SOSS,obs14,SOSS_HDU4_ordem_2,jw05959014001_04102_00001-seg006_nis_x1dints.fits,seg006,4,261,60694.099410652045,TDB-MID,3483.027751686645,4.791335989795243,1778,0.5867402182434889,1.4160298518951635,2531,0.9773074136928784,0.9761812434944103
TOI-2076_d,NIRISS_SOSS,obs14,SOSS_HDU4_ordem_2,jw05959014001_04102_00001-seg006_nis_x1dints.fits,seg006,4,262,60694.09948773089,TDB-MID,3385.155899813106,4.792046846915875,1778,0.5867402182434889,1.4160298518951635,2532,0.9498454199199198,0.9487508947069948
TOI-2076_d,NIRISS_SOSS,obs14,SOSS_HDU4_ordem_2,jw05959014001_04102_00001-seg006_nis_x1dints.fits,seg006,4,263,60694.09956480975,TDB-MID,3567.055331856458,4.791450268713684,1778,0.5867402182434889,1.4160298518951635,2533,1.0008848247585422,0.9997314858541714
TOI-2076_d,NIRISS_SOSS,obs14,SOSS_HDU4_ordem_2,jw05959014001_04102_00001-seg006_nis_x1dints.fits,seg006,4,264,60694.099641888606,TDB-MID,3243.7614474509837,4.791047286187765,1778,0.5867402182434889,1.4160298518951635,2534,0.9101713614856651,0.909122553456131
TOI-2076_d,NIRISS_SOSS,obs14,SOSS_HDU4_ordem_2,jw05959014001_04102_00001-seg006_nis_x1dints.fits,seg006,4,265,60694.09971896746,TDB-MID,3431.753563875889,4.791302784570108,1778,0.5867402182434889,1.4160298518951635,2535,0.962920320780895,0.9618107291073137
TOI-2076_d,NIRISS_SOSS,obs14,SOSS_HDU4_ordem_2,jw05959014001_04102_00001-seg006_nis_x1dints.fits,seg006,4,266,60694.09979604631,TDB-MID,3686.814146223145,4.792062559460567,1778,0.5867402182434889,1.4160298518951635,2536,1.0344881106005674,1.0332960499812522
TOI-2076_d,NIRISS_SOSS,obs14,SOSS_HDU4_ordem_2,jw05959014001_04102_00001-seg006_nis_x1dints.fits,seg006,4,267,60694.09987312516,TDB-MID,3509.910380017776,4.791381270359273,1778,0.5867402182434889,1.4160298518951635,2537,0.9848504463186857,0.9837155841381142
TOI-2076_d,NIRISS_SOSS,obs14,SOSS_HDU4_ordem_2,jw05959014001_04102_00001-seg006_nis_x1dints.fits,seg006,4,268,60694.09995020402,TDB-MID,3754.4624696436467,4.791578853549166,1778,0.5867402182434889,1.4160298518951635,2538,1.0534696441156923,1.0522557107088935
TOI-2076_d,NIRISS_SOSS,obs14,SOSS_HDU4_ordem_2,jw05959014001_04102_00001-seg006_nis_x1dints.fits,seg006,4,269,60694.10002728287,TDB-MID,3253.3317704749265,4.791103300033911,1778,0.5867402182434889,1.4160298518951635,2539,0.9128567112185824,0.9118048088087137
TOI-2076_d,NIRISS_SOSS,obs14,SOSS_HDU4_ordem_2,jw05959014001_04102_00001-seg006_nis_x1dints.fits,seg006,4,270,60694.10010436172,TDB-MID,3358.5162801095994,4.791251545220699,1778,0.5867402182434889,1.4160298518951635,2540,0.9423705734098429,0.9412846616068439
TOI-2076_d,NIRISS_SOSS,obs14,SOSS_HDU4_ordem_2,jw05959014001_04102_00001-seg006_nis_x1dints.fits,seg006,4,271,60694.100181440575,TDB-MID,3174.7385834331108,4.79103575837311,1778,0.5867402182434889,1.4160298518951635,2541,0.8908041437865477,0.8897776529758277
TOI-2076_d,NIRISS_SOSS,obs14,SOSS_HDU4_ordem_2,jw05959014001_04102_00001-seg006_nis_x1dints.fits,seg006,4,272,60694.10025851943,TDB-MID,3053.796022636615,4.790850574516092,1778,0.5867402182434889,1.4160298518951635,2542,0.8568687089511002,0.8558813225970213
TOI-2076_d,NIRISS_SOSS,obs14,SOSS_HDU4_ordem_2,jw05959014001_04102_00001-seg006_nis_x1dints.fits,seg006,4,273,60694.10033559828,TDB-MID,3501.818346767705,4.791389708088271,1778,0.5867402182434889,1.4160298518951635,2543,0.9825798918899091,0.9814476461130361
TOI-2076_d,NIRISS_SOSS,obs14,SOSS_HDU4_ordem_2,jw05959014001_04102_00001-seg006_nis_x1dints.fits,seg006,4,274,60694.10041267713,TDB-MID,3517.7324742058145,4.791309968427498,1778,0.5867402182434889,1.4160298518951635,2544,0.987045258185135,0.9859078668804818
TOI-2076_d,NIRISS_SOSS,obs14,SOSS_HDU4_ordem_2,jw05959014001_04102_00001-seg006_nis_x1dints.fits,seg006,4,275,60694.10048975599,TDB-MID,2973.679548843653,4.790814241629017,1778,0.5867402182434889,1.4160298518951635,2545,0.8343887204529101,0.8334272382235249
TOI-2076_d,NIRISS_SOSS,obs14,SOSS_HDU4_ordem_2,jw05959014001_04102_00001-seg006_nis_x1dints.fits,seg006,4,276,60694.10056683484,TDB-MID,3646.8303060330363,4.791587958661273,1778,0.5867402182434889,1.4160298518951635,2546,1.0232689914227826,1.0220898588110667
TOI-2076_d,NIRISS_SOSS,obs14,SOSS_HDU4_ordem_2,jw05959014001_04102_00001-seg006_nis_x1dints.fits,seg006,4,277,60694.10064391369,TDB-MID,3405.930283284633,4.791245023701447,1778,0.5867402182434889,1.4160298518951635,2547,0.9556745319537789,0.9545732897425339
TOI-2076_d,NIRISS_SOSS,obs14,SOSS_HDU4_ordem_2,jw05959014001_04102_00001-seg006_nis_x1dints.fits,seg006,4,278,60694.100720992545,TDB-MID,3865.3980388247514,4.791771229833405,1778,0.5867402182434889,1.4160298518951635,2548,1.0845972037943172,1.083347401499623
TOI-2076_d,NIRISS_SOSS,obs14,SOSS_HDU4_ordem_2,jw05959014001_04102_00001-seg006_nis_x1dints.fits,seg006,4,279,60694.1007980714,TDB-MID,3759.4161409614767,4.791738423380603,1778,0.5867402182434889,1.4160298518951635,2549,1.0548596013738762,1.0536440662924975
TOI-2076_d,NIRISS_SOSS,obs14,SOSS_HDU4_ordem_2,jw05959014001_04102_00001-seg006_nis_x1dints.fits,seg006,4,280,60694.10087515025,TDB-MID,3750.9122093443907,4.7919524247409795,1778,0.5867402182434889,1.4160298518951635,2550,1.0524734718315862,1.0512606863333402
TOI-2076_d,NIRISS_SOSS,obs14,SOSS_HDU4_ordem_2,jw05959014001_04102_00001-seg006_nis_x1dints.fits,seg006,4,281,60694.1009522291,TDB-MID,3854.37167183778,4.791824180256607,1778,0.5867402182434889,1.4160298518951635,2551,1.0815033007390666,1.0802570636085869
TOI-2076_d,NIRISS_SOSS,obs14,SOSS_HDU4_ordem_2,jw05959014001_04102_00001-seg006_nis_x1dints.fits,seg006,4,282,60694.10102930795,TDB-MID,3452.3426170365506,4.791343892317285,1778,0.5867402182434889,1.4160298518951635,2552,0.9686974307350397,0.9675811819861385
TOI-2076_d,NIRISS_SOSS,obs14,SOSS_HDU4_ordem_2,jw05959014001_04102_00001-seg006_nis_x1dints.fits,seg006,4,283,60694.10110638681,TDB-MID,3639.5654424050085,4.791641284758762,1778,0.5867402182434889,1.4160298518951635,2553,1.0212305336241903,1.0200537499667455
TOI-2076_d,NIRISS_SOSS,obs14,SOSS_HDU4_ordem_2,jw05959014001_04102_00001-seg006_nis_x1dints.fits,seg006,4,284,60694.10118346566,TDB-MID,3629.0332345117067,4.791658822146177,1778,0.5867402182434889,1.4160298518951635,2554,1.0182752873297287,1.0171019090596365
TOI-2076_d,NIRISS_SOSS,obs14,SOSS_HDU4_ordem_2,jw05959014001_04102_00001-seg006_nis_x1dints.fits,seg006,4,285,60694.101260544514,TDB-MID,3735.979490013583,4.791658086535724,1778,0.5867402182434889,1.4160298518951635,2555,1.048283480149342,1.0470755228593938
TOI-2076_d,NIRISS_SOSS,obs14,SOSS_HDU4_ordem_2,jw05959014001_04102_00001-seg006_nis_x1dints.fits,seg006,4,286,60694.10133762337,TDB-MID,3681.127468997374,4.791579754345066,1778,0.5867402182434889,1.4160298518951635,2556,1.0328924782346371,1.031702256293299
TOI-2076_d,NIRISS_SOSS,obs14,SOSS_HDU4_ordem_2,jw05959014001_04102_00001-seg006_nis_x1dints.fits,seg006,4,287,60694.10141470222,TDB-MID,3372.846400465824,4.791249522535805,1778,0.5867402182434889,1.4160298518951635,2557,0.9463914810401274,0.9453009358676475
TOI-2076_d,NIRISS_SOSS,obs14,SOSS_HDU4_ordem_2,jw05959014001_04102_00001-seg006_nis_x1dints.fits,seg006,4,288,60694.101491781075,TDB-MID,3655.716570501855,4.791601446306229,1778,0.5867402182434889,1.4160298518951635,2558,1.0257624002511236,1.0245803944362828
TOI-2076_d,NIRISS_SOSS,obs14,SOSS_HDU4_ordem_2,jw05959014001_04102_00001-seg006_nis_x1dints.fits,seg006,4,289,60694.10156885992,TDB-MID,3540.1033807761305,4.791364327817029,1778,0.5867402182434889,1.4160298518951635,2559,0.9933223407698527,0.9921777162617661
TOI-2076_d,NIRISS_SOSS,obs14,SOSS_HDU4_ordem_2,jw05959014001_04102_00001-seg006_nis_x1dints.fits,seg006,4,290,60694.10164593878,TDB-MID,3831.123706334939,4.791765585743652,1778,0.5867402182434889,1.4160298518951635,2560,1.0749801230158342,1.0737414026689664
TOI-2076_d,NIRISS_SOSS,obs14,SOSS_HDU4_ordem_2,jw05959014001_04102_00001-seg006_nis_x1dints.fits,seg006,4,291,60694.10172301764,TDB-MID,3538.5456231238827,4.791582482621297,1778,0.5867402182434889,1.4160298518951635,2561,0.992885247467469,0.9917411266304322
TOI-2076_d,NIRISS_SOSS,obs14,SOSS_HDU4_ordem_2,jw05959014001_04102_00001-seg006_nis_x1dints.fits,seg006,4,292,60694.10180009648,TDB-MID,3525.5103162463784,4.791712771183727,1778,0.5867402182434889,1.4160298518951635,2562,0.9892276532823587,0.9880877471617067
TOI-2076_d,NIRISS_SOSS,obs14,SOSS_HDU4_ordem_2,jw05959014001_04102_00001-seg006_nis_x1dints.fits,seg006,4,293,60694.10187717534,TDB-MID,3674.2090754185174,4.7915456364701425,1778,0.5867402182434889,1.4160298518951635,2563,1.0309512369303762,1.029763251918866
TOI-2076_d,NIRISS_SOSS,obs14,SOSS_HDU4_ordem_2,jw05959014001_04102_00001-seg006_nis_x1dints.fits,seg006,4,294,60694.10195425419,TDB-MID,3401.2487309959424,4.792460785219219,1778,0.5867402182434889,1.4160298518951635,2564,0.9543609289378074,0.9532612004166751
TOI-2076_d,NIRISS_SOSS,obs14,SOSS_HDU4_ordem_2,jw05959014001_04102_00001-seg006_nis_x1dints.fits,seg006,4,295,60694.10203133305,TDB-MID,3385.204538221784,4.791229227045453,1778,0.5867402182434889,1.4160298518951635,2565,0.9498590674360408,0.9487645264968196
TOI-2076_d,NIRISS_SOSS,obs14,SOSS_HDU4_ordem_2,jw05959014001_04102_00001-seg006_nis_x1dints.fits,seg006,4,296,60694.1021084119,TDB-MID,3397.9345192953733,4.791251801575274,1778,0.5867402182434889,1.4160298518951635,2566,0.9534309898456066,0.9523323329112414
TOI-2076_d,NIRISS_SOSS,obs14,SOSS_HDU4_ordem_2,jw05959014001_04102_00001-seg006_nis_x1dints.fits,seg006,4,297,60694.102185490745,TDB-MID,3589.782187530948,4.791505204196586,1778,0.5867402182434889,1.4160298518951635,2567,1.007261783578308,1.00610109638119
TOI-2076_d,NIRISS_SOSS,obs14,SOSS_HDU4_ordem_2,jw05959014001_04102_00001-seg006_nis_x1dints.fits,seg006,4,298,60694.102262569606,TDB-MID,3668.0881309342894,4.7916214147665706,1778,0.5867402182434889,1.4160298518951635,2568,1.0292337529337752,1.0280477470122282
TOI-2076_d,NIRISS_SOSS,obs14,SOSS_HDU4_ordem_2,jw05959014001_04102_00001-seg006_nis_x1dints.fits,seg006,4,299,60694.10233964845,TDB-MID,3667.700552189225,4.791612883314789,1778,0.5867402182434889,1.4160298518951635,2569,1.0291250016955005,1.0279391210901048
TOI-2076_d,NIRISS_SOSS,obs14,SOSS_HDU4_ordem_2,jw05959014001_04102_00001-seg006_nis_x1dints.fits,seg006,4,300,60694.10241672731,TDB-MID,3628.604909463166,4.791478375018806,1778,0.5867402182434889,1.4160298518951635,2570,1.0181551030316833,1.0169818632522776
TOI-2076_d,NIRISS_SOSS,obs14,SOSS_HDU4_ordem_2,jw05959014001_04102_00001-seg006_nis_x1dints.fits,seg006,4,301,60694.10249380616,TDB-MID,3293.4191432944917,4.791097753265024,1778,0.5867402182434889,1.4160298518951635,2571,0.9241048807552906,0.9230400168625333
TOI-2076_d,NIRISS_SOSS,obs14,SOSS_HDU4_ordem_2,jw05959014001_04102_00001-seg006_nis_x1dints.fits,seg006,4,302,60694.102570885014,TDB-MID,3546.06019028948,4.791382786020586,1778,0.5867402182434889,1.4160298518951635,2572,0.9949937699155245,0.9938472193873685
TOI-2076_d,NIRISS_SOSS,obs14,SOSS_HDU4_ordem_2,jw05959014001_04102_00001-seg006_nis_x1dints.fits,seg006,4,303,60694.10264796387,TDB-MID,3470.990053702106,4.791520028131358,1778,0.5867402182434889,1.4160298518951635,2573,0.9739297399208595,0.9728074618810806
TOI-2076_d,NIRISS_SOSS,obs14,SOSS_HDU4_ordem_2,jw05959014001_04102_00001-seg006_nis_x1dints.fits,seg006,4,304,60694.102725042714,TDB-MID,3761.6469900643774,4.791661480358426,1778,0.5867402182434889,1.4160298518951635,2574,1.0554855583063294,1.054269301922694
TOI-2076_d,NIRISS_SOSS,obs14,SOSS_HDU4_ordem_2,jw05959014001_04102_00001-seg006_nis_x1dints.fits,seg006,4,305,60694.102802121575,TDB-MID,3499.516995623305,4.791235531669017,1778,0.5867402182434889,1.4160298518951635,2575,0.9819341526953697,0.9808026510162358
TOI-2076_d,NIRISS_SOSS,obs14,SOSS_HDU4_ordem_2,jw05959014001_04102_00001-seg006_nis_x1dints.fits,seg006,4,306,60694.10287920043,TDB-MID,3785.116961073656,4.791690412039352,1778,0.5867402182434889,1.4160298518951635,2576,1.062071028851437,1.0608471839029685
TOI-2076_d,NIRISS_SOSS,obs14,SOSS_HDU4_ordem_2,jw05959014001_04102_00001-seg006_nis_x1dints.fits,seg006,4,307,60694.102956279276,TDB-MID,3645.857592564264,4.791531901714789,1778,0.5867402182434889,1.4160298518951635,2577,1.0229960564500509,1.021817238346573
TOI-2076_d,NIRISS_SOSS,obs14,SOSS_HDU4_ordem_2,jw05959014001_04102_00001-seg006_nis_x1dints.fits,seg006,4,308,60694.10303335813,TDB-MID,3466.800755946625,4.791547142366742,1778,0.5867402182434889,1.4160298518951635,2578,0.9727542592625111,0.971633335751786
TOI-2076_d,NIRISS_SOSS,obs14,SOSS_HDU4_ordem_2,jw05959014001_04102_00001-seg006_nis_x1dints.fits,seg006,4,309,60694.10311043698,TDB-MID,3496.334395713016,4.7913318353723495,1778,0.5867402182434889,1.4160298518951635,2579,0.98104114273137,0.979910670084856
TOI-2076_d,NIRISS_SOSS,obs14,SOSS_HDU4_ordem_2,jw05959014001_04102_00001-seg006_nis_x1dints.fits,seg006,4,310,60694.103187515844,TDB-MID,3698.1326568169084,4.79158039268254,1778,0.5867402182434889,1.4160298518951635,2580,1.0376639866210469,1.0364682663784872
TOI-2076_d,NIRISS_SOSS,obs14,SOSS_HDU4_ordem_2,jw05959014001_04102_00001-seg006_nis_x1dints.fits,seg006,4,311,60694.10326459469,TDB-MID,3681.103903889867,4.791548315170898,1778,0.5867402182434889,1.4160298518951635,2581,1.032885866069615,1.0316956517476021
TOI-2076_d,NIRISS_SOSS,obs14,SOSS_HDU4_ordem_2,jw05959014001_04102_00001-seg006_nis_x1dints.fits,seg006,4,312,60694.10334167354,TDB-MID,3704.827031250951,4.7916171205278735,1778,0.5867402182434889,1.4160298518951635,2582,1.0395423700939486,1.0383444853538533
TOI-2076_d,NIRISS_SOSS,obs14,SOSS_HDU4_ordem_2,jw05959014001_04102_00001-seg006_nis_x1dints.fits,seg006,4,313,60694.1034187524,TDB-MID,3196.816280545369,4.790969638870747,1778,0.5867402182434889,1.4160298518951635,2583,0.8969989543374046,0.8959653251269039
TOI-2076_d,NIRISS_SOSS,obs14,SOSS_HDU4_ordem_2,jw05959014001_04102_00001-seg006_nis_x1dints.fits,seg006,4,314,60694.10349583125,TDB-MID,3413.205985029048,4.791193706706449,1778,0.5867402182434889,1.4160298518951635,2584,0.9577160308339391,0.956612436164126
TOI-2076_d,NIRISS_SOSS,obs14,SOSS_HDU4_ordem_2,jw05959014001_04102_00001-seg006_nis_x1dints.fits,seg006,4,315,60694.103572910106,TDB-MID,3552.0854386331384,4.791401968880708,1778,0.5867402182434889,1.4160298518951635,2585,0.9966844024040961,0.995535903727488
TOI-2076_d,NIRISS_SOSS,obs14,SOSS_HDU4_ordem_2,jw05959014001_04102_00001-seg006_nis_x1dints.fits,seg006,4,316,60694.10364998895,TDB-MID,3701.2320099860513,4.791658237055093,1778,0.5867402182434889,1.4160298518951635,2586,1.0385336382706467,1.0373369159117036
TOI-2076_d,NIRISS_SOSS,obs14,SOSS_HDU4_ordem_2,jw05959014001_04102_00001-seg006_nis_x1dints.fits,seg006,4,317,60694.103727067806,TDB-MID,3280.562232604884,4.790813318948578,1778,0.5867402182434889,1.4160298518951635,2587,0.9204973429950599,0.9194366361377027
TOI-2076_d,NIRISS_SOSS,obs14,SOSS_HDU4_ordem_2,jw05959014001_04102_00001-seg006_nis_x1dints.fits,seg006,4,318,60694.10380414666,TDB-MID,3075.2119584759794,4.790838563305703,1778,0.5867402182434889,1.4160298518951635,2588,0.8628778350216136,0.8618835242355651
TOI-2076_d,NIRISS_SOSS,obs14,SOSS_HDU4_ordem_2,jw05959014001_04102_00001-seg006_nis_x1dints.fits,seg006,4,319,60694.103881225514,TDB-MID,3409.325399044292,4.791353413924195,1778,0.5867402182434889,1.4160298518951635,2589,0.9566271720240895,0.955524832067302
TOI-2076_d,NIRISS_SOSS,obs14,SOSS_HDU4_ordem_2,jw05959014001_04102_00001-seg006_nis_x1dints.fits,seg006,4,320,60694.10395830436,TDB-MID,3615.693424169589,4.791555905479598,1778,0.5867402182434889,1.4160298518951635,2590,1.014532252110358,1.0133631870120035
TOI-2076_d,NIRISS_SOSS,obs14,SOSS_HDU4_ordem_2,jw05959014001_04102_00001-seg006_nis_x1dints.fits,seg006,4,321,60694.10403538322,TDB-MID,3912.985391189951,4.791880614378397,1778,0.5867402182434889,1.4160298518951635,2591,1.0979498026192918,1.0966846138672166
TOI-2076_d,NIRISS_SOSS,obs14,SOSS_HDU4_ordem_2,jw05959014001_04102_00001-seg006_nis_x1dints.fits,seg006,4,322,60694.10411246207,TDB-MID,3217.1632711245306,4.791086461488041,1778,0.5867402182434889,1.4160298518951635,2592,0.9027081436281659,0.9016679356086369
TOI-2076_d,NIRISS_SOSS,obs14,SOSS_HDU4_ordem_2,jw05959014001_04102_00001-seg006_nis_x1dints.fits,seg006,4,323,60694.10418954092,TDB-MID,3598.6481305033662,4.791524351200998,1778,0.5867402182434889,1.4160298518951635,2593,1.009749490370804,1.0085859365411272
TOI-2076_d,NIRISS_SOSS,obs14,SOSS_HDU4_ordem_2,jw05959014001_04102_00001-seg006_nis_x1dints.fits,seg006,4,324,60694.104266619775,TDB-MID,3583.403896243277,4.791489936481092,1778,0.5867402182434889,1.4160298518951635,2594,1.0054720902980536,1.0043134653990502
TOI-2076_d,NIRISS_SOSS,obs14,SOSS_HDU4_ordem_2,jw05959014001_04102_00001-seg006_nis_x1dints.fits,seg006,4,325,60694.10434369863,TDB-MID,3612.836960191101,4.7914476783399795,1778,0.5867402182434889,1.4160298518951635,2595,1.0137307530635096,1.0125626115479787
TOI-2076_d,NIRISS_SOSS,obs14,SOSS_HDU4_ordem_2,jw05959014001_04102_00001-seg006_nis_x1dints.fits,seg006,4,326,60694.10442077748,TDB-MID,3548.9447080694727,4.791586089991668,1778,0.5867402182434889,1.4160298518951635,2596,0.9958031406160451,0.9946556574344071
TOI-2076_d,NIRISS_SOSS,obs14,SOSS_HDU4_ordem_2,jw05959014001_04102_00001-seg006_nis_x1dints.fits,seg006,4,327,60694.10449785633,TDB-MID,3694.3326825847344,4.791942114383367,1778,0.5867402182434889,1.4160298518951635,2597,1.036597746770633,1.0354032551768355
TOI-2076_d,NIRISS_SOSS,obs14,SOSS_HDU4_ordem_2,jw05959014001_04102_00001-seg006_nis_x1dints.fits,seg006,4,328,60694.10457493519,TDB-MID,3680.547752839972,4.79166920661786,1778,0.5867402182434889,1.4160298518951635,2598,1.0327298149029447,1.0315397804017037
TOI-2076_d,NIRISS_SOSS,obs14,SOSS_HDU4_ordem_2,jw05959014001_04102_00001-seg006_nis_x1dints.fits,seg006,4,329,60694.104652014044,TDB-MID,3877.1387090339604,4.791875436392193,1778,0.5867402182434889,1.4160298518951635,2599,1.0878915341457267,1.0866379357305758
TOI-2076_d,NIRISS_SOSS,obs14,SOSS_HDU4_ordem_2,jw05959014001_04102_00001-seg006_nis_x1dints.fits,seg006,4,330,60694.10472909289,TDB-MID,3637.8702141574313,4.791505820212167,1778,0.5867402182434889,1.4160298518951635,2600,1.0207548672636633,1.019578631725748
TOI-2076_d,NIRISS_SOSS,obs14,SOSS_HDU4_ordem_2,jw05959014001_04102_00001-seg006_nis_x1dints.fits,seg006,4,331,60694.104806171745,TDB-MID,3505.412171150123,4.791333716125989,1778,0.5867402182434889,1.4160298518951635,2601,0.9835882878783553,0.982454880107319
TOI-2076_d,NIRISS_SOSS,obs14,SOSS_HDU4_ordem_2,jw05959014001_04102_00001-seg006_nis_x1dints.fits,seg006,4,332,60694.1048832506,TDB-MID,3882.5331448480265,4.792808393108384,1778,0.5867402182434889,1.4160298518951635,2602,1.0894051661032167,1.0881498235007423
TOI-2076_d,NIRISS_SOSS,obs14,SOSS_HDU4_ordem_2,jw05959014001_04102_00001-seg006_nis_x1dints.fits,seg006,4,333,60694.10496032946,TDB-MID,3821.389792708863,4.791715597186856,1778,0.5867402182434889,1.4160298518951635,2603,1.0722488711771418,1.0710132981044913
TOI-2076_d,NIRISS_SOSS,obs14,SOSS_HDU4_ordem_2,jw05959014001_04102_00001-seg006_nis_x1dints.fits,seg006,4,334,60694.105037408306,TDB-MID,3104.6067872279746,4.790883169957127,1778,0.5867402182434889,1.4160298518951635,2604,0.8711257693223513,0.8701219542823923
TOI-2076_d,NIRISS_SOSS,obs14,SOSS_HDU4_ordem_2,jw05959014001_04102_00001-seg006_nis_x1dints.fits,seg006,4,335,60694.10511448715,TDB-MID,3595.7596267151102,4.791386961534199,1778,0.5867402182434889,1.4160298518951635,2605,1.0089390012308952,1.0077763813434997
TOI-2076_d,NIRISS_SOSS,obs14,SOSS_HDU4_ordem_2,jw05959014001_04102_00001-seg006_nis_x1dints.fits,seg006,4,336,60694.105191566014,TDB-MID,3775.088988759061,4.791806919433968,1778,0.5867402182434889,1.4160298518951635,2606,1.0592572666921736,1.0580366640961572
TOI-2076_d,NIRISS_SOSS,obs14,SOSS_HDU4_ordem_2,jw05959014001_04102_00001-seg006_nis_x1dints.fits,seg006,4,337,60694.10526864486,TDB-MID,3528.5929885367877,4.791452215547105,1778,0.5867402182434889,1.4160298518951635,2607,0.9900926244218922,0.9889517215782988
TOI-2076_d,NIRISS_SOSS,obs14,SOSS_HDU4_ordem_2,jw05959014001_04102_00001-seg006_nis_x1dints.fits,seg006,4,338,60694.105345723714,TDB-MID,3774.961286656897,4.791734137891132,1778,0.5867402182434889,1.4160298518951635,2608,1.059221434588588,1.0580008732825963
TOI-2076_d,NIRISS_SOSS,obs14,SOSS_HDU4_ordem_2,jw05959014001_04102_00001-seg006_nis_x1dints.fits,seg006,4,339,60694.10542280257,TDB-MID,3544.741794862139,4.7913434664599075,1778,0.5867402182434889,1.4160298518951635,2609,0.9946238395798574,0.9934777153295683
TOI-2076_d,NIRISS_SOSS,obs14,SOSS_HDU4_ordem_2,jw05959014001_04102_00001-seg006_nis_x1dints.fits,seg006,4,340,60694.10549988142,TDB-MID,3773.3572189721503,4.791736112443143,1778,0.5867402182434889,1.4160298518951635,2610,1.0587713470922686,1.0575513044307874
TOI-2076_d,NIRISS_SOSS,obs14,SOSS_HDU4_ordem_2,jw05959014001_04102_00001-seg006_nis_x1dints.fits,seg006,4,341,60694.105576960275,TDB-MID,3548.707548758058,4.7914217478848515,1778,0.5867402182434889,1.4160298518951635,2611,0.9957365957677706,0.9945891892670458
TOI-2076_d,NIRISS_SOSS,obs14,SOSS_HDU4_ordem_2,jw05959014001_04102_00001-seg006_nis_x1dints.fits,seg006,4,342,60694.10565403913,TDB-MID,3490.6252010767103,4.793524734892837,1778,0.5867402182434889,1.4160298518951635,2612,0.9794391921751118,0.9783105654871473
TOI-2076_d,NIRISS_SOSS,obs14,SOSS_HDU4_ordem_2,jw05959014001_04102_00001-seg006_nis_x1dints.fits,seg006,4,343,60694.105731117976,TDB-MID,3605.315250455827,4.7914318895467485,1778,0.5867402182434889,1.4160298518951635,2613,1.0116202264722791,1.0104545169572803
TOI-2076_d,NIRISS_SOSS,obs14,SOSS_HDU4_ordem_2,jw05959014001_04102_00001-seg006_nis_x1dints.fits,seg006,4,344,60694.10580819684,TDB-MID,4177.977186001971,4.7921349766112,1778,0.5867402182434889,1.4160298518951635,2614,1.1723042046225947,1.1709533358577744
TOI-2076_d,NIRISS_SOSS,obs14,SOSS_HDU4_ordem_2,jw05959014001_04102_00001-seg006_nis_x1dints.fits,seg006,4,345,60694.10588527568,TDB-MID,3334.975469657887,4.791204133541879,1778,0.5867402182434889,1.4160298518951635,2615,0.9357652259308696,0.9346869255972785
TOI-2076_d,NIRISS_SOSS,obs14,SOSS_HDU4_ordem_2,jw05959014001_04102_00001-seg006_nis_x1dints.fits,seg006,4,346,60694.10596235454,TDB-MID,3736.6703330092682,4.7916559569206,1778,0.5867402182434889,1.4160298518951635,2616,1.0484773247091659,1.0472691440483897
TOI-2076_d,NIRISS_SOSS,obs14,SOSS_HDU4_ordem_2,jw05959014001_04102_00001-seg006_nis_x1dints.fits,seg006,4,347,60694.10603943339,TDB-MID,3587.9056611831356,4.79144702077072,1778,0.5867402182434889,1.4160298518951635,2617,1.0067352465414388,1.0055751660831125
TOI-2076_d,NIRISS_SOSS,obs14,SOSS_HDU4_ordem_2,jw05959014001_04102_00001-seg006_nis_x1dints.fits,seg006,4,348,60694.106116512245,TDB-MID,3559.648246197988,4.792143625695618,1778,0.5867402182434889,1.4160298518951635,2618,0.9988064606902757,0.9976555167249409
TOI-2076_d,NIRISS_SOSS,obs14,SOSS_HDU4_ordem_2,jw05959014001_04102_00001-seg006_nis_x1dints.fits,seg006,4,349,60694.1061935911,TDB-MID,3343.4686541089113,4.791392616196296,1778,0.5867402182434889,1.4160298518951635,2619,0.9381483399114653,0.9370672934696314
TOI-2076_d,NIRISS_SOSS,obs14,SOSS_HDU4_ordem_2,jw05959014001_04102_00001-seg006_nis_x1dints.fits,seg006,4,350,60694.106270669945,TDB-MID,4005.8419471229395,4.792007000407171,1778,0.5867402182434889,1.4160298518951635,2620,1.1240045477987846,1.1227093356608855
TOI-2076_d,NIRISS_SOSS,obs14,SOSS_HDU4_ordem_2,jw05959014001_04102_00001-seg006_nis_x1dints.fits,seg006,4,351,60694.1063477488,TDB-MID,3075.053844283252,4.790653352293873,1778,0.5867402182434889,1.4160298518951635,2621,0.8628334695488759,0.861839209886018
TOI-2076_d,NIRISS_SOSS,obs14,SOSS_HDU4_ordem_2,jw05959014001_04102_00001-seg006_nis_x1dints.fits,seg006,4,352,60694.10642482766,TDB-MID,3568.971455994007,4.791434243298663,1778,0.5867402182434889,1.4160298518951635,2622,1.0014224725921765,1.0002685141458285
TOI-2076_d,NIRISS_SOSS,obs14,SOSS_HDU4_ordem_2,jw05959014001_04102_00001-seg006_nis_x1dints.fits,seg006,4,353,60694.106501906506,TDB-MID,3462.2931367261313,4.7912580450030235,1778,0.5867402182434889,1.4160298518951635,2623,0.9714894603586954,0.9703699943001624
TOI-2076_d,NIRISS_SOSS,obs14,SOSS_HDU4_ordem_2,jw05959014001_04102_00001-seg006_nis_x1dints.fits,seg006,4,354,60694.10657898536,TDB-MID,3459.574579615256,4.7913558128098295,1778,0.5867402182434889,1.4160298518951635,2624,0.9707266567842137,0.9696080697189644
TOI-2076_d,NIRISS_SOSS,obs14,SOSS_HDU4_ordem_2,jw05959014001_04102_00001-seg006_nis_x1dints.fits,seg006,4,355,60694.106656064214,TDB-MID,3604.810608762671,4.791651955975761,1778,0.5867402182434889,1.4160298518951635,2625,1.011478628384885,1.0103130820360955
TOI-2076_d,NIRISS_SOSS,obs14,SOSS_HDU4_ordem_2,jw05959014001_04102_00001-seg006_nis_x1dints.fits,seg006,4,356,60694.10673314307,TDB-MID,3783.2722270495815,4.791638866945656,1778,0.5867402182434889,1.4160298518951635,2626,1.0615534124651917,1.0603301639760772
TOI-2076_d,NIRISS_SOSS,obs14,SOSS_HDU4_ordem_2,jw05959014001_04102_00001-seg006_nis_x1dints.fits,seg006,4,357,60694.10681022192,TDB-MID,3682.5466294514777,4.791615895318827,1778,0.5867402182434889,1.4160298518951635,2627,1.0332906823638874,1.0321000015642443
TOI-2076_d,NIRISS_SOSS,obs14,SOSS_HDU4_ordem_2,jw05959014001_04102_00001-seg006_nis_x1dints.fits,seg006,4,358,60694.10688730077,TDB-MID,3581.8849483162703,4.791445919733533,1778,0.5867402182434889,1.4160298518951635,2628,1.0050458866683643,1.003887752892031
TOI-2076_d,NIRISS_SOSS,obs14,SOSS_HDU4_ordem_2,jw05959014001_04102_00001-seg006_nis_x1dints.fits,seg006,4,359,60694.10696437963,TDB-MID,3830.264952460424,4.79172824642568,1778,0.5867402182434889,1.4160298518951635,2629,1.0747391641180204,1.073500721432742
TOI-2076_d,NIRISS_SOSS,obs14,SOSS_HDU4_ordem_2,jw05959014001_04102_00001-seg006_nis_x1dints.fits,seg006,4,360,60694.107041458476,TDB-MID,3780.5545271567607,4.791708288216434,1778,0.5867402182434889,1.4160298518951635,2630,1.06079084941867,1.0595684796456741
TOI-2076_d,NIRISS_SOSS,obs14,SOSS_HDU4_ordem_2,jw05959014001_04102_00001-seg006_nis_x1dints.fits,seg006,4,361,60694.10711853733,TDB-MID,3306.143255403763,4.791237401906896,1778,0.5867402182434889,1.4160298518951635,2631,0.9276751563843114,0.9266061783940273
TOI-2076_d,NIRISS_SOSS,obs14,SOSS_HDU4_ordem_2,jw05959014001_04102_00001-seg006_nis_x1dints.fits,seg006,4,362,60694.10719561618,TDB-MID,3851.3683857258766,4.79183647162051,1778,0.5867402182434889,1.4160298518951635,2632,1.0806606046735006,1.0794153385979641
TOI-2076_d,NIRISS_SOSS,obs14,SOSS_HDU4_ordem_2,jw05959014001_04102_00001-seg006_nis_x1dints.fits,seg006,4,363,60694.10727269504,TDB-MID,4029.42336942743,4.79205076604031,1778,0.5867402182434889,1.4160298518951635,2633,1.1306212906118271,1.129318453873457
TOI-2076_d,NIRISS_SOSS,obs14,SOSS_HDU4_ordem_2,jw05959014001_04102_00001-seg006_nis_x1dints.fits,seg006,4,364,60694.10734977388,TDB-MID,3496.220039189114,4.791326598204883,1778,0.5867402182434889,1.4160298518951635,2634,0.9810090552814323,0.9798786196099063
TOI-2076_d,NIRISS_SOSS,obs14,SOSS_HDU4_ordem_2,jw05959014001_04102_00001-seg006_nis_x1dints.fits,seg006,4,365,60694.10742685274,TDB-MID,3901.8138785752694,4.797139990014419,1778,0.5867402182434889,1.4160298518951635,2635,1.0948151729583007,1.093553596300494
TOI-2076_d,NIRISS_SOSS,obs14,SOSS_HDU4_ordem_2,jw05959014001_04102_00001-seg006_nis_x1dints.fits,seg006,4,366,60694.10750393159,TDB-MID,3576.156932301452,4.791464469381588,1778,0.5867402182434889,1.4160298518951635,2636,1.0034386549963448,1.0022823732640926
TOI-2076_d,NIRISS_SOSS,obs14,SOSS_HDU4_ordem_2,jw05959014001_04102_00001-seg006_nis_x1dints.fits,seg006,4,367,60694.10758101045,TDB-MID,3929.080137865533,4.791811814890499,1778,0.5867402182434889,1.4160298518951635,2637,1.1024658491078498,1.1011954564282296
TOI-2076_d,NIRISS_SOSS,obs14,SOSS_HDU4_ordem_2,jw05959014001_04102_00001-seg006_nis_x1dints.fits,seg006,4,368,60694.1076580893,TDB-MID,3570.315372915632,4.791525131499714,1778,0.5867402182434889,1.4160298518951635,2638,1.0017995640380473,1.0006451710619468
TOI-2076_d,NIRISS_SOSS,obs14,SOSS_HDU4_ordem_2,jw05959014001_04102_00001-seg006_nis_x1dints.fits,seg006,4,369,60694.107735168145,TDB-MID,3556.391343871246,4.791476560997224,1778,0.5867402182434889,1.4160298518951635,2639,0.9978926021119003,0.9967427112034462
TOI-2076_d,NIRISS_SOSS,obs14,SOSS_HDU4_ordem_2,jw05959014001_04102_00001-seg006_nis_x1dints.fits,seg006,4,370,60694.107812247006,TDB-MID,3515.852588924515,4.79132747035013,1778,0.5867402182434889,1.4160298518951635,2640,0.9865177786606275,0.9853809951808128
TOI-2076_d,NIRISS_SOSS,obs14,SOSS_HDU4_ordem_2,jw05959014001_04102_00001-seg006_nis_x1dints.fits,seg006,4,371,60694.10788932586,TDB-MID,3746.540015984913,4.791718857585785,1778,0.5867402182434889,1.4160298518951635,2641,1.0512466722511788,1.0500353004177712
TOI-2076_d,NIRISS_SOSS,obs14,SOSS_HDU4_ordem_2,jw05959014001_04102_00001-seg006_nis_x1dints.fits,seg006,4,372,60694.107966404714,TDB-MID,3692.285492718486,4.791625301703356,1778,0.5867402182434889,1.4160298518951635,2642,1.0360233230289466,1.034829493354715
TOI-2076_d,NIRISS_SOSS,obs14,SOSS_HDU4_ordem_2,jw05959014001_04102_00001-seg006_nis_x1dints.fits,seg006,4,373,60694.10804348356,TDB-MID,3479.103702566167,4.791382352421065,1778,0.5867402182434889,1.4160298518951635,2643,0.976206359503666,0.9750814580711945
TOI-2076_d,NIRISS_SOSS,obs14,SOSS_HDU4_ordem_2,jw05959014001_04102_00001-seg006_nis_x1dints.fits,seg006,4,374,60694.108120562414,TDB-MID,3819.5351142177224,4.793911507287471,1778,0.5867402182434889,1.4160298518951635,2644,1.0717284644595868,1.0704934910616426
TOI-2076_d,NIRISS_SOSS,obs14,SOSS_HDU4_ordem_2,jw05959014001_04102_00001-seg006_nis_x1dints.fits,seg006,4,375,60694.108197641275,TDB-MID,3473.4988390893764,4.791361136493001,1778,0.5867402182434889,1.4160298518951635,2645,0.974633683366948,0.9735105941595473
TOI-2076_d,NIRISS_SOSS,obs14,SOSS_HDU4_ordem_2,jw05959014001_04102_00001-seg006_nis_x1dints.fits,seg006,4,376,60694.10827472012,TDB-MID,3421.124822048267,4.791316061198549,1778,0.5867402182434889,1.4160298518951635,2646,0.9599379879007356,0.9588318328269023
TOI-2076_d,NIRISS_SOSS,obs14,SOSS_HDU4_ordem_2,jw05959014001_04102_00001-seg006_nis_x1dints.fits,seg006,4,377,60694.10835179897,TDB-MID,3451.0383159073817,4.791348649709538,1778,0.5867402182434889,1.4160298518951635,2647,0.968331455137341,0.9672156281091858
TOI-2076_d,NIRISS_SOSS,obs14,SOSS_HDU4_ordem_2,jw05959014001_04102_00001-seg006_nis_x1dints.fits,seg006,4,378,60694.10842887783,TDB-MID,3440.5028085655176,4.791309885540643,1778,0.5867402182434889,1.4160298518951635,2648,0.965375283046196,0.9642628624722065
TOI-2076_d,NIRISS_SOSS,obs14,SOSS_HDU4_ordem_2,jw05959014001_04102_00001-seg006_nis_x1dints.fits,seg006,4,379,60694.108505956676,TDB-MID,3804.6046353936895,4.791714738846418,1778,0.5867402182434889,1.4160298518951635,2649,1.067539101444134,1.0663089555300629
TOI-2076_d,NIRISS_SOSS,obs14,SOSS_HDU4_ordem_2,jw05959014001_04102_00001-seg006_nis_x1dints.fits,seg006,4,380,60694.10858303554,TDB-MID,3574.267771424467,4.791761014844405,1778,0.5867402182434889,1.4160298518951635,2650,1.0029085728200424,1.0017529019117144
TOI-2076_d,NIRISS_SOSS,obs14,SOSS_HDU4_ordem_2,jw05959014001_04102_00001-seg006_nis_x1dints.fits,seg006,4,381,60694.10866011438,TDB-MID,3757.9579712228915,4.791653606048268,1778,0.5867402182434889,1.4160298518951635,2651,1.0544504515773372,1.0532353879671672
TOI-2076_d,NIRISS_SOSS,obs14,SOSS_HDU4_ordem_2,jw05959014001_04102_00001-seg006_nis_x1dints.fits,seg006,4,382,60694.10873719324,TDB-MID,3173.3381035808457,4.790990616732984,1778,0.5867402182434889,1.4160298518951635,2652,0.8904111812723434,0.889385143279914
TOI-2076_d,NIRISS_SOSS,obs14,SOSS_HDU4_ordem_2,jw05959014001_04102_00001-seg006_nis_x1dints.fits,seg006,4,383,60694.10881427209,TDB-MID,3838.6459128553074,4.791747910222135,1778,0.5867402182434889,1.4160298518951635,2653,1.0770907890006587,1.075849636492633
TOI-2076_d,NIRISS_SOSS,obs14,SOSS_HDU4_ordem_2,jw05959014001_04102_00001-seg006_nis_x1dints.fits,seg006,4,384,60694.10889135094,TDB-MID,3857.244280695341,4.791812639498828,1778,0.5867402182434889,1.4160298518951635,2654,1.08230932989912,1.0810621639656797
TOI-2076_d,NIRISS_SOSS,obs14,SOSS_HDU4_ordem_2,jw05959014001_04102_00001-seg006_nis_x1dints.fits,seg006,4,385,60694.10896842979,TDB-MID,3640.0390042313356,4.7915681942871595,1778,0.5867402182434889,1.4160298518951635,2655,1.0213634109701968,1.0201864741956213
TOI-2076_d,NIRISS_SOSS,obs14,SOSS_HDU4_ordem_2,jw05959014001_04102_00001-seg006_nis_x1dints.fits,seg006,4,386,60694.10904550865,TDB-MID,3473.1814050866074,4.791486590747601,1778,0.5867402182434889,1.4160298518951635,2656,0.9745446141356982,0.9734216275644921
TOI-2076_d,NIRISS_SOSS,obs14,SOSS_HDU4_ordem_2,jw05959014001_04102_00001-seg006_nis_x1dints.fits,seg006,4,387,60694.1091225875,TDB-MID,3773.9301833043273,4.791616364653432,1778,0.5867402182434889,1.4160298518951635,2657,1.0589321159202938,1.0577118880017886
TOI-2076_d,NIRISS_SOSS,obs14,SOSS_HDU4_ordem_2,jw05959014001_04102_00001-seg006_nis_x1dints.fits,seg006,4,388,60694.10919966635,TDB-MID,3284.392694461971,4.791127252073749,1778,0.5867402182434889,1.4160298518951635,2658,0.9215721374089105,0.9205101920452026
TOI-2076_d,NIRISS_SOSS,obs14,SOSS_HDU4_ordem_2,jw05959014001_04102_00001-seg006_nis_x1dints.fits,seg006,4,389,60694.10927674521,TDB-MID,3697.21142010171,4.79152949758546,1778,0.5867402182434889,1.4160298518951635,2659,1.0374054955794256,1.0362100732010828
TOI-2076_d,NIRISS_SOSS,obs14,SOSS_HDU4_ordem_2,jw05959014001_04102_00001-seg006_nis_x1dints.fits,seg006,4,390,60694.10935382406,TDB-MID,3263.2773689602036,4.791140398419563,1778,0.5867402182434889,1.4160298518951635,2660,0.9156473599949428,0.9145922418666192
TOI-2076_d,NIRISS_SOSS,obs14,SOSS_HDU4_ordem_2,jw05959014001_04102_00001-seg006_nis_x1dints.fits,seg006,4,391,60694.109430902914,TDB-MID,3205.6032576758857,4.7909855065737,1778,0.5867402182434889,1.4160298518951635,2661,0.8994645039987431,0.8984280336877734
TOI-2076_d,NIRISS_SOSS,obs14,SOSS_HDU4_ordem_2,jw05959014001_04102_00001-seg006_nis_x1dints.fits,seg006,4,392,60694.10950798176,TDB-MID,3206.3899186423964,4.791052723580466,1778,0.5867402182434889,1.4160298518951635,2662,0.8996852342511109,0.8986485095884105
TOI-2076_d,NIRISS_SOSS,obs14,SOSS_HDU4_ordem_2,jw05959014001_04102_00001-seg006_nis_x1dints.fits,seg006,4,393,60694.10958506062,TDB-MID,3220.1032124781523,4.790945119927972,1778,0.5867402182434889,1.4160298518951635,2663,0.9035330657033132,0.9024919071101528
TOI-2076_d,NIRISS_SOSS,obs14,SOSS_HDU4_ordem_2,jw05959014001_04102_00001-seg006_nis_x1dints.fits,seg006,4,394,60694.109662139475,TDB-MID,3978.8202526725017,4.791852069309511,1778,0.5867402182434889,1.4160298518951635,2664,1.116422494424628,1.1151360192331938
TOI-2076_d,NIRISS_SOSS,obs14,SOSS_HDU4_ordem_2,jw05959014001_04102_00001-seg006_nis_x1dints.fits,seg006,4,395,60694.10973921832,TDB-MID,3740.8202827516807,4.791680325470662,1778,0.5867402182434889,1.4160298518951635,2665,1.0496417646559189,1.0484322421885137
TOI-2076_d,NIRISS_SOSS,obs14,SOSS_HDU4_ordem_2,jw05959014001_04102_00001-seg006_nis_x1dints.fits,seg006,4,396,60694.109816297176,TDB-MID,3631.7560051605406,4.79151784735962,1778,0.5867402182434889,1.4160298518951635,2666,1.01903927318646,1.017865014560717
TOI-2076_d,NIRISS_SOSS,obs14,SOSS_HDU4_ordem_2,jw05959014001_04102_00001-seg006_nis_x1dints.fits,seg006,4,397,60694.10989337603,TDB-MID,3767.8849389913967,4.791725107769222,1778,0.5867402182434889,1.4160298518951635,2667,1.0572358727359692,1.056017599431229
TOI-2076_d,NIRISS_SOSS,obs14,SOSS_HDU4_ordem_2,jw05959014001_04102_00001-seg006_nis_x1dints.fits,seg006,4,398,60694.10997045488,TDB-MID,3400.791190086066,4.791259530890668,1778,0.5867402182434889,1.4160298518951635,2668,0.9542325469221679,0.9531329663381104
TOI-2076_d,NIRISS_SOSS,obs14,SOSS_HDU4_ordem_2,jw05959014001_04102_00001-seg006_nis_x1dints.fits,seg006,4,399,60694.11004753374,TDB-MID,3547.0718047498167,4.791444103358873,1778,0.5867402182434889,1.4160298518951635,2669,0.9952776201694902,0.9941307425552072
TOI-2076_d,NIRISS_SOSS,obs14,SOSS_HDU4_ordem_2,jw05959014001_04102_00001-seg006_nis_x1dints.fits,seg006,4,400,60694.11012461258,TDB-MID,4179.851792746549,4.793000143922361,1778,0.5867402182434889,1.4160298518951635,2670,1.172830203035426,1.171478728152481
TOI-2076_d,NIRISS_SOSS,obs14,SOSS_HDU4_ordem_2,jw05959014001_04102_00001-seg006_nis_x1dints.fits,seg006,4,401,60694.110201691445,TDB-MID,3475.8643922337433,4.791246399742475,1778,0.5867402182434889,1.4160298518951635,2671,0.975297437086497,0.9741735830228724
TOI-2076_d,NIRISS_SOSS,obs14,SOSS_HDU4_ordem_2,jw05959014001_04102_00001-seg006_nis_x1dints.fits,seg006,4,402,60694.11027877029,TDB-MID,3733.9288497953053,4.792953697825912,1778,0.5867402182434889,1.4160298518951635,2672,1.0477080882687664,1.0465007940139894
TOI-2076_d,NIRISS_SOSS,obs14,SOSS_HDU4_ordem_2,jw05959014001_04102_00001-seg006_nis_x1dints.fits,seg006,4,403,60694.110355849145,TDB-MID,3591.8132778617482,4.791921569064175,1778,0.5867402182434889,1.4160298518951635,2673,1.0078316899298179,1.0066703460186097
TOI-2076_d,NIRISS_SOSS,obs14,SOSS_HDU4_ordem_2,jw05959014001_04102_00001-seg006_nis_x1dints.fits,seg006,4,404,60694.110432928,TDB-MID,3563.4648174503577,4.791594263806277,1778,0.5867402182434889,1.4160298518951635,2674,0.9998773575207767,0.9987251795403517
TOI-2076_d,NIRISS_SOSS,obs14,SOSS_HDU4_ordem_2,jw05959014001_04102_00001-seg006_nis_x1dints.fits,seg006,4,405,60694.11051000685,TDB-MID,3528.8792994281966,4.791464625641165,1778,0.5867402182434889,1.4160298518951635,2675,0.9901729607777134,0.9890319653609865
TOI-2076_d,NIRISS_SOSS,obs14,SOSS_HDU4_ordem_2,jw05959014001_04102_00001-seg006_nis_x1dints.fits,seg006,4,406,60694.1105870857,TDB-MID,3988.713968472758,4.792036225277909,1778,0.5867402182434889,1.4160298518951635,2676,1.1191985853690307,1.1179089112344125
TOI-2076_d,NIRISS_SOSS,obs14,SOSS_HDU4_ordem_2,jw05959014001_04102_00001-seg006_nis_x1dints.fits,seg006,4,407,60694.11066416455,TDB-MID,3769.0372446594097,4.791651250757426,1778,0.5867402182434889,1.4160298518951635,2677,1.0575591997240026,1.0563405538433328
TOI-2076_d,NIRISS_SOSS,obs14,SOSS_HDU4_ordem_2,jw05959014001_04102_00001-seg006_nis_x1dints.fits,seg006,4,408,60694.11074124341,TDB-MID,3435.9906443976593,4.8004232170254815,1778,0.5867402182434889,1.4160298518951635,2678,0.9641092088695226,0.9629982472172468
TOI-2076_d,NIRISS_SOSS,obs14,SOSS_HDU4_ordem_2,jw05959014001_04102_00001-seg006_nis_x1dints.fits,seg006,4,409,60694.11081832227,TDB-MID,3414.774780346461,4.791240601181411,1778,0.5867402182434889,1.4160298518951635,2679,0.9581562212095489,0.9570521192998686
TOI-2076_d,NIRISS_SOSS,obs14,SOSS_HDU4_ordem_2,jw05959014001_04102_00001-seg006_nis_x1dints.fits,seg006,4,410,60694.110895401114,TDB-MID,3910.1533791814795,4.79240572751813,1778,0.5867402182434889,1.4160298518951635,2680,1.097155164583403,1.095890891508076
TOI-2076_d,NIRISS_SOSS,obs14,SOSS_HDU4_ordem_2,jw05959014001_04102_00001-seg006_nis_x1dints.fits,seg006,4,411,60694.11097247996,TDB-MID,3755.938925374192,4.792136460326616,1778,0.5867402182434889,1.4160298518951635,2681,1.0538839248031637,1.0526695140127316
TOI-2076_d,NIRISS_SOSS,obs14,SOSS_HDU4_ordem_2,jw05959014001_04102_00001-seg006_nis_x1dints.fits,seg006,4,412,60694.11104955882,TDB-MID,3730.503531761493,4.791716563415543,1778,0.5867402182434889,1.4160298518951635,2682,1.0467469737019703,1.0455407869580617
TOI-2076_d,NIRISS_SOSS,obs14,SOSS_HDU4_ordem_2,jw05959014001_04102_00001-seg006_nis_x1dints.fits,seg006,4,413,60694.111126637676,TDB-MID,3546.1056430379085,4.791442567607119,1778,0.5867402182434889,1.4160298518951635,2683,0.9950065235629768,0.9938599583385467
TOI-2076_d,NIRISS_SOSS,obs14,SOSS_HDU4_ordem_2,jw05959014001_04102_00001-seg006_nis_x1dints.fits,seg006,4,414,60694.11120371652,TDB-MID,3804.110436197466,4.791730005206263,1778,0.5867402182434889,1.4160298518951635,2684,1.0674004334309157,1.0661704473066729
TOI-2076_d,NIRISS_SOSS,obs14,SOSS_HDU4_ordem_2,jw05959014001_04102_00001-seg006_nis_x1dints.fits,seg006,4,415,60694.111280795376,TDB-MID,3450.4665241701846,4.791295602603687,1778,0.5867402182434889,1.4160298518951635,2685,0.9681710153293088,0.9670553731790416
TOI-2076_d,NIRISS_SOSS,obs14,SOSS_HDU4_ordem_2,jw05959014001_04102_00001-seg006_nis_x1dints.fits,seg006,4,416,60694.11135787423,TDB-MID,3928.939206587174,4.792026314484781,1778,0.5867402182434889,1.4160298518951635,2686,1.1024263050120284,1.101155957899833
TOI-2076_d,NIRISS_SOSS,obs14,SOSS_HDU4_ordem_2,jw05959014001_04102_00001-seg006_nis_x1dints.fits,seg006,4,417,60694.11143495309,TDB-MID,4158.332240594818,4.792212476234444,1778,0.5867402182434889,1.4160298518951635,2687,1.1667920031252896,1.1654474861766608
TOI-2076_d,NIRISS_SOSS,obs14,SOSS_HDU4_ordem_2,jw05959014001_04102_00001-seg006_nis_x1dints.fits,seg006,4,418,60694.11151203194,TDB-MID,3387.430474574735,4.791283928600363,1778,0.5867402182434889,1.4160298518951635,2688,0.9504836458934172,0.9493883852403829
TOI-2076_d,NIRISS_SOSS,obs14,SOSS_HDU4_ordem_2,jw05959014001_04102_00001-seg006_nis_x1dints.fits,seg006,4,419,60694.111589110784,TDB-MID,3683.9831363090893,4.791558545098995,1778,0.5867402182434889,1.4160298518951635,2689,1.0336937537436905,1.0325026084771156
TOI-2076_d,NIRISS_SOSS,obs14,SOSS_HDU4_ordem_2,jw05959014001_04102_00001-seg006_nis_x1dints.fits,seg006,4,420,60694.111666189645,TDB-MID,3376.2557122770063,4.791210173665407,1778,0.5867402182434889,1.4160298518951635,2690,0.9473481043995151,0.9462564568914719
TOI-2076_d,NIRISS_SOSS,obs14,SOSS_HDU4_ordem_2,jw05959014001_04102_00001-seg006_nis_x1dints.fits,seg006,4,421,60694.11174326849,TDB-MID,3820.3414614361523,4.792131823600436,1778,0.5867402182434889,1.4160298518951635,2691,1.0719547185037015,1.0707194843888546
TOI-2076_d,NIRISS_SOSS,obs14,SOSS_HDU4_ordem_2,jw05959014001_04102_00001-seg006_nis_x1dints.fits,seg006,4,422,60694.111820347345,TDB-MID,3683.05303899535,4.7921251093064186,1778,0.5867402182434889,1.4160298518951635,2692,1.0334327764948779,1.0322419319574248
TOI-2076_d,NIRISS_SOSS,obs14,SOSS_HDU4_ordem_2,jw05959014001_04102_00001-seg006_nis_x1dints.fits,seg006,4,423,60694.1118974262,TDB-MID,3797.795185381682,4.792185432704652,1778,0.5867402182434889,1.4160298518951635,2693,1.0656284287609539,1.0644004845518986
TOI-2076_d,NIRISS_SOSS,obs14,SOSS_HDU4_ordem_2,jw05959014001_04102_00001-seg006_nis_x1dints.fits,seg006,4,424,60694.11197450505,TDB-MID,3354.4195220836104,4.791227767299387,1778,0.5867402182434889,1.4160298518951635,2694,0.9412210585979193,0.940136471403028
TOI-2076_d,NIRISS_SOSS,obs14,SOSS_HDU4_ordem_2,jw05959014001_04102_00001-seg006_nis_x1dints.fits,seg006,4,425,60694.1120515839,TDB-MID,3648.7938619791685,4.791616853577386,1778,0.5867402182434889,1.4160298518951635,2695,1.023819948211004,1.0226401807211456
TOI-2076_d,NIRISS_SOSS,obs14,SOSS_HDU4_ordem_2,jw05959014001_04102_00001-seg006_nis_x1dints.fits,seg006,4,426,60694.11212866275,TDB-MID,3725.722530418478,4.791619435341296,1778,0.5867402182434889,1.4160298518951635,2696,1.0454054661428815,1.0442008252440294
TOI-2076_d,NIRISS_SOSS,obs14,SOSS_HDU4_ordem_2,jw05959014001_04102_00001-seg006_nis_x1dints.fits,seg006,4,427,60694.11220574161,TDB-MID,3898.6703590955153,4.7920726092857695,1778,0.5867402182434889,1.4160298518951635,2697,1.0939331286245557,1.0926725683634615
TOI-2076_d,NIRISS_SOSS,obs14,SOSS_HDU4_ordem_2,jw05959014001_04102_00001-seg006_nis_x1dints.fits,seg006,4,428,60694.11228282047,TDB-MID,3633.659304932299,4.791600941371885,1778,0.5867402182434889,1.4160298518951635,2698,1.0195733226141508,1.0183984485929432
TOI-2076_d,NIRISS_SOSS,obs14,SOSS_HDU4_ordem_2,jw05959014001_04102_00001-seg006_nis_x1dints.fits,seg006,4,429,60694.112359899314,TDB-MID,3814.380550338101,4.7917930097846595,1778,0.5867402182434889,1.4160298518951635,2699,1.0702821384888943,1.0690488317202855
TOI-2076_d,NIRISS_SOSS,obs14,SOSS_HDU4_ordem_2,jw05959014001_04102_00001-seg006_nis_x1dints.fits,seg006,4,430,60694.11243697816,TDB-MID,3632.4861548320505,4.791486947077534,1778,0.5867402182434889,1.4160298518951635,2700,1.019244146859007,1.0180696521533765
TOI-2076_d,NIRISS_SOSS,obs14,SOSS_HDU4_ordem_2,jw05959014001_04102_00001-seg006_nis_x1dints.fits,seg006,4,431,60694.11251405702,TDB-MID,3845.7365522182004,4.791759703065979,1778,0.5867402182434889,1.4160298518951635,2701,1.0790803609797572,1.0778369158495338
TOI-2076_d,NIRISS_SOSS,obs14,SOSS_HDU4_ordem_2,jw05959014001_04102_00001-seg006_nis_x1dints.fits,seg006,4,432,60694.112591135876,TDB-MID,3548.849937471962,4.796706249274095,1778,0.5867402182434889,1.4160298518951635,2702,0.9957765488073804,0.9946290962679968
TOI-2076_d,NIRISS_SOSS,obs14,SOSS_HDU4_ordem_2,jw05959014001_04102_00001-seg006_nis_x1dints.fits,seg006,4,433,60694.11266821472,TDB-MID,3455.052445496706,4.791353992556066,1778,0.5867402182434889,1.4160298518951635,2703,0.9694577851257457,0.9683406602058025
TOI-2076_d,NIRISS_SOSS,obs14,SOSS_HDU4_ordem_2,jw05959014001_04102_00001-seg006_nis_x1dints.fits,seg006,4,434,60694.112745293576,TDB-MID,3700.2994792992154,4.79170158780753,1778,0.5867402182434889,1.4160298518951635,2704,1.0382719782384233,1.0370755573953865
TOI-2076_d,NIRISS_SOSS,obs14,SOSS_HDU4_ordem_2,jw05959014001_04102_00001-seg006_nis_x1dints.fits,seg006,4,435,60694.11282237243,TDB-MID,3464.127050603944,4.791451419980069,1778,0.5867402182434889,1.4160298518951635,2705,0.9720040407056343,0.9708839816862342
TOI-2076_d,NIRISS_SOSS,obs14,SOSS_HDU4_ordem_2,jw05959014001_04102_00001-seg006_nis_x1dints.fits,seg006,4,436,60694.11289945129,TDB-MID,3839.1212135840524,4.7918139793445205,1778,0.5867402182434889,1.4160298518951635,2706,1.0772241542676197,1.0759828480802225
TOI-2076_d,NIRISS_SOSS,obs14,SOSS_HDU4_ordem_2,jw05959014001_04102_00001-seg006_nis_x1dints.fits,seg006,4,437,60694.11297653014,TDB-MID,3812.7383874373963,4.791737479405263,1778,0.5867402182434889,1.4160298518951635,2707,1.0698213618049954,1.0685885859982542
TOI-2076_d,NIRISS_SOSS,obs14,SOSS_HDU4_ordem_2,jw05959014001_04102_00001-seg006_nis_x1dints.fits,seg006,4,438,60694.113053608984,TDB-MID,3424.1635577155434,4.791257814262638,1778,0.5867402182434889,1.4160298518951635,2708,0.9607906308044403,0.9596834932137299
TOI-2076_d,NIRISS_SOSS,obs14,SOSS_HDU4_ordem_2,jw05959014001_04102_00001-seg006_nis_x1dints.fits,seg006,4,439,60694.113130687845,TDB-MID,3960.046843689849,4.791841594412919,1778,0.5867402182434889,1.4160298518951635,2709,1.1111548384979273,1.109874433328103
TOI-2076_d,NIRISS_SOSS,obs14,SOSS_HDU4_ordem_2,jw05959014001_04102_00001-seg006_nis_x1dints.fits,seg006,4,440,60694.11320776669,TDB-MID,3514.033779927299,4.791380245685729,1778,0.5867402182434889,1.4160298518951635,2710,0.9860074366123306,0.9848712412095095
TOI-2076_d,NIRISS_SOSS,obs14,SOSS_HDU4_ordem_2,jw05959014001_04102_00001-seg006_nis_x1dints.fits,seg006,4,441,60694.113284845545,TDB-MID,3363.4455908403543,4.791169674528923,1778,0.5867402182434889,1.4160298518951635,2711,0.9437536952983291,0.9426661896972786
TOI-2076_d,NIRISS_SOSS,obs14,SOSS_HDU4_ordem_2,jw05959014001_04102_00001-seg006_nis_x1dints.fits,seg006,4,442,60694.1133619244,TDB-MID,3623.7397765369187,4.79150277249721,1778,0.5867402182434889,1.4160298518951635,2712,1.0167899888791703,1.0156183221471544
TOI-2076_d,NIRISS_SOSS,obs14,SOSS_HDU4_ordem_2,jw05959014001_04102_00001-seg006_nis_x1dints.fits,seg006,4,443,60694.11343900325,TDB-MID,3600.820314017346,4.791473352077388,1778,0.5867402182434889,1.4160298518951635,2713,1.0103589862472253,1.0091947300836843
TOI-2076_d,NIRISS_SOSS,obs14,SOSS_HDU4_ordem_2,jw05959014001_04102_00001-seg006_nis_x1dints.fits,seg006,4,444,60694.11351608211,TDB-MID,3693.6125159397884,4.792570276349113,1778,0.5867402182434889,1.4160298518951635,2714,1.036395674248857,1.0352014155071267
TOI-2076_d,NIRISS_SOSS,obs14,SOSS_HDU4_ordem_2,jw05959014001_04102_00001-seg006_nis_x1dints.fits,seg006,4,445,60694.11359316096,TDB-MID,3564.125341869511,4.79142281405618,1778,0.5867402182434889,1.4160298518951635,2715,1.0000626949506755,0.9989103034023523
TOI-2076_d,NIRISS_SOSS,obs14,SOSS_HDU4_ordem_2,jw05959014001_04102_00001-seg006_nis_x1dints.fits,seg006,4,446,60694.11367023981,TDB-MID,3547.240366658271,4.7915409461772756,1778,0.5867402182434889,1.4160298518951635,2716,0.9953249171807526,0.9941779850652105
TOI-2076_d,NIRISS_SOSS,obs14,SOSS_HDU4_ordem_2,jw05959014001_04102_00001-seg006_nis_x1dints.fits,seg006,4,447,60694.11374731867,TDB-MID,3307.260019256169,4.791293112293253,1778,0.5867402182434889,1.4160298518951635,2717,0.9279885106467839,0.9269191715723342
TOI-2076_d,NIRISS_SOSS,obs14,SOSS_HDU4_ordem_2,jw05959014001_04102_00001-seg006_nis_x1dints.fits,seg006,4,448,60694.113824397515,TDB-MID,3357.721161861001,4.791423431803341,1778,0.5867402182434889,1.4160298518951635,2718,0.9421474701173866,0.9410618154006183
TOI-2076_d,NIRISS_SOSS,obs14,SOSS_HDU4_ordem_2,jw05959014001_04102_00001-seg006_nis_x1dints.fits,seg006,4,449,60694.11390147636,TDB-MID,3540.876372531567,4.791415331323985,1778,0.5867402182434889,1.4160298518951635,2719,0.9935392355600092,0.9923943611198691
TOI-2076_d,NIRISS_SOSS,obs14,SOSS_HDU4_ordem_2,jw05959014001_04102_00001-seg007_nis_x1dints.fits,seg007,4,0,60694.11397855522,TDB-MID,3476.2502781319436,4.7931717413076935,1778,0.5867402182434889,1.4160298518951635,2720,0.9754057133266067,0.9765920811614118
TOI-2076_d,NIRISS_SOSS,obs14,SOSS_HDU4_ordem_2,jw05959014001_04102_00001-seg007_nis_x1dints.fits,seg007,4,1,60694.114055634076,TDB-MID,3950.3032164139718,4.793942156827352,1778,0.5867402182434889,1.4160298518951635,2721,1.10842086109325,1.1097690127793247
TOI-2076_d,NIRISS_SOSS,obs14,SOSS_HDU4_ordem_2,jw05959014001_04102_00001-seg007_nis_x1dints.fits,seg007,4,2,60694.11413271292,TDB-MID,3426.251791301339,4.793225030970154,1778,0.5867402182434889,1.4160298518951635,2722,0.9613765710582703,0.9625458755081582
TOI-2076_d,NIRISS_SOSS,obs14,SOSS_HDU4_ordem_2,jw05959014001_04102_00001-seg007_nis_x1dints.fits,seg007,4,3,60694.11420979178,TDB-MID,3559.172717312582,4.793417469520645,1778,0.5867402182434889,1.4160298518951635,2723,0.9986730314045321,0.9998876988457397
TOI-2076_d,NIRISS_SOSS,obs14,SOSS_HDU4_ordem_2,jw05959014001_04102_00001-seg007_nis_x1dints.fits,seg007,4,4,60694.11428687063,TDB-MID,3808.8792416242322,4.793878153261658,1778,0.5867402182434889,1.4160298518951635,2724,1.0687385189215584,1.0700384057126062
TOI-2076_d,NIRISS_SOSS,obs14,SOSS_HDU4_ordem_2,jw05959014001_04102_00001-seg007_nis_x1dints.fits,seg007,4,5,60694.11436394949,TDB-MID,3668.5536580646312,4.793552510666753,1778,0.5867402182434889,1.4160298518951635,2725,1.0293643758136928,1.0306163725665052
TOI-2076_d,NIRISS_SOSS,obs14,SOSS_HDU4_ordem_2,jw05959014001_04102_00001-seg007_nis_x1dints.fits,seg007,4,6,60694.11444102834,TDB-MID,3846.4660504093467,4.793734149733151,1778,0.5867402182434889,1.4160298518951635,2726,1.079285051852558,1.0805977661955335
TOI-2076_d,NIRISS_SOSS,obs14,SOSS_HDU4_ordem_2,jw05959014001_04102_00001-seg007_nis_x1dints.fits,seg007,4,7,60694.114518107184,TDB-MID,3702.0228394165415,4.7936722404609835,1778,0.5867402182434889,1.4160298518951635,2727,1.0387555381578957,1.040018957206871
TOI-2076_d,NIRISS_SOSS,obs14,SOSS_HDU4_ordem_2,jw05959014001_04102_00001-seg007_nis_x1dints.fits,seg007,4,8,60694.114595186045,TDB-MID,3332.6475418160626,4.793278526742486,1778,0.5867402182434889,1.4160298518951635,2728,0.9351120295452665,0.9362493889216108
TOI-2076_d,NIRISS_SOSS,obs14,SOSS_HDU4_ordem_2,jw05959014001_04102_00001-seg007_nis_x1dints.fits,seg007,4,9,60694.1146722649,TDB-MID,3476.288796963799,4.793318170473126,1778,0.5867402182434889,1.4160298518951635,2729,0.9754165213771372,0.9766029023575732
TOI-2076_d,NIRISS_SOSS,obs14,SOSS_HDU4_ordem_2,jw05959014001_04102_00001-seg007_nis_x1dints.fits,seg007,4,10,60694.114749343746,TDB-MID,3543.058870720982,4.793414046549818,1778,0.5867402182434889,1.4160298518951635,2730,0.9941516256450018,0.995360793784444
TOI-2076_d,NIRISS_SOSS,obs14,SOSS_HDU4_ordem_2,jw05959014001_04102_00001-seg007_nis_x1dints.fits,seg007,4,11,60694.1148264226,TDB-MID,3760.0655137013628,4.793583953635016,1778,0.5867402182434889,1.4160298518951635,2731,1.0550418097391794,1.056325037477492
TOI-2076_d,NIRISS_SOSS,obs14,SOSS_HDU4_ordem_2,jw05959014001_04102_00001-seg007_nis_x1dints.fits,seg007,4,12,60694.11490350145,TDB-MID,3275.322166417275,4.79307892889971,1778,0.5867402182434889,1.4160298518951635,2732,0.9190270258174517,0.9201448213028072
TOI-2076_d,NIRISS_SOSS,obs14,SOSS_HDU4_ordem_2,jw05959014001_04102_00001-seg007_nis_x1dints.fits,seg007,4,13,60694.1149805803,TDB-MID,3275.794004981698,4.793196809182534,1778,0.5867402182434889,1.4160298518951635,2733,0.9191594196310965,0.9202773761445862
TOI-2076_d,NIRISS_SOSS,obs14,SOSS_HDU4_ordem_2,jw05959014001_04102_00001-seg007_nis_x1dints.fits,seg007,4,14,60694.11505765916,TDB-MID,3571.5771446245385,4.793487325319962,1778,0.5867402182434889,1.4160298518951635,2734,1.0021536062488523,1.0033725070485338
TOI-2076_d,NIRISS_SOSS,obs14,SOSS_HDU4_ordem_2,jw05959014001_04102_00001-seg007_nis_x1dints.fits,seg007,4,15,60694.11513473801,TDB-MID,3664.755606664712,4.793498772842976,1778,0.5867402182434889,1.4160298518951635,2735,1.0282986754933523,1.0295493760546781
TOI-2076_d,NIRISS_SOSS,obs14,SOSS_HDU4_ordem_2,jw05959014001_04102_00001-seg007_nis_x1dints.fits,seg007,4,16,60694.11521181687,TDB-MID,3681.6149641852207,4.7937546178688,1778,0.5867402182434889,1.4160298518951635,2736,1.0330292651611817,1.0342857194507715
TOI-2076_d,NIRISS_SOSS,obs14,SOSS_HDU4_ordem_2,jw05959014001_04102_00001-seg007_nis_x1dints.fits,seg007,4,17,60694.115288895715,TDB-MID,3558.2243375164767,4.7934395241844,1778,0.5867402182434889,1.4160298518951635,2737,0.9984069242495486,0.9996212680295709
TOI-2076_d,NIRISS_SOSS,obs14,SOSS_HDU4_ordem_2,jw05959014001_04102_00001-seg007_nis_x1dints.fits,seg007,4,18,60694.11536597456,TDB-MID,3426.4529721608833,4.793345399964904,1778,0.5867402182434889,1.4160298518951635,2738,0.961433020664631,0.9626023937731255
TOI-2076_d,NIRISS_SOSS,obs14,SOSS_HDU4_ordem_2,jw05959014001_04102_00001-seg007_nis_x1dints.fits,seg007,4,19,60694.11544305342,TDB-MID,3490.748012836128,4.793390001092794,1778,0.5867402182434889,1.4160298518951635,2739,0.9794736520908875,0.9806649676839824
TOI-2076_d,NIRISS_SOSS,obs14,SOSS_HDU4_ordem_2,jw05959014001_04102_00001-seg007_nis_x1dints.fits,seg007,4,20,60694.115520132276,TDB-MID,3273.793455433358,4.793023291697771,1778,0.5867402182434889,1.4160298518951635,2740,0.9185980827585706,0.9197153565284583
TOI-2076_d,NIRISS_SOSS,obs14,SOSS_HDU4_ordem_2,jw05959014001_04102_00001-seg007_nis_x1dints.fits,seg007,4,21,60694.11559721112,TDB-MID,3609.109462681116,4.794053342272636,1778,0.5867402182434889,1.4160298518951635,2741,1.012684849553477,1.0139165593085977
TOI-2076_d,NIRISS_SOSS,obs14,SOSS_HDU4_ordem_2,jw05959014001_04102_00001-seg007_nis_x1dints.fits,seg007,4,22,60694.11567428998,TDB-MID,3169.9379413310958,4.793022627836061,1778,0.5867402182434889,1.4160298518951635,2742,0.889457125200631,0.8905389553656169
TOI-2076_d,NIRISS_SOSS,obs14,SOSS_HDU4_ordem_2,jw05959014001_04102_00001-seg007_nis_x1dints.fits,seg007,4,23,60694.11575136883,TDB-MID,3706.488282445601,4.79360414623458,1778,0.5867402182434889,1.4160298518951635,2743,1.0400085027877668,1.041273445794327
TOI-2076_d,NIRISS_SOSS,obs14,SOSS_HDU4_ordem_2,jw05959014001_04102_00001-seg007_nis_x1dints.fits,seg007,4,24,60694.115828447684,TDB-MID,3508.5379589294553,4.793404628739123,1778,0.5867402182434889,1.4160298518951635,2744,0.9844653568505715,0.9856627437613619
TOI-2076_d,NIRISS_SOSS,obs14,SOSS_HDU4_ordem_2,jw05959014001_04102_00001-seg007_nis_x1dints.fits,seg007,4,25,60694.11590552654,TDB-MID,3619.147326702719,4.793541538293391,1778,0.5867402182434889,1.4160298518951635,2745,1.0155013872400354,1.0167365226975802
TOI-2076_d,NIRISS_SOSS,obs14,SOSS_HDU4_ordem_2,jw05959014001_04102_00001-seg007_nis_x1dints.fits,seg007,4,26,60694.115982605384,TDB-MID,3230.3176199703084,4.793122744273091,1778,0.5867402182434889,1.4160298518951635,2746,0.9063991399583144,0.9075015763808716
TOI-2076_d,NIRISS_SOSS,obs14,SOSS_HDU4_ordem_2,jw05959014001_04102_00001-seg007_nis_x1dints.fits,seg007,4,27,60694.116059684246,TDB-MID,3652.252349867157,4.793582927134793,1778,0.5867402182434889,1.4160298518951635,2747,1.024790369951532,1.026036803426052
TOI-2076_d,NIRISS_SOSS,obs14,SOSS_HDU4_ordem_2,jw05959014001_04102_00001-seg007_nis_x1dints.fits,seg007,4,28,60694.1161367631,TDB-MID,3507.9470658326995,4.793557653392561,1778,0.5867402182434889,1.4160298518951635,2748,0.9842995573665221,0.9854967426184825
TOI-2076_d,NIRISS_SOSS,obs14,SOSS_HDU4_ordem_2,jw05959014001_04102_00001-seg007_nis_x1dints.fits,seg007,4,29,60694.116213841946,TDB-MID,3222.8791726616773,4.79305378176978,1778,0.5867402182434889,1.4160298518951635,2749,0.9043119760826983,0.9054118739266371
TOI-2076_d,NIRISS_SOSS,obs14,SOSS_HDU4_ordem_2,jw05959014001_04102_00001-seg007_nis_x1dints.fits,seg007,4,30,60694.1162909208,TDB-MID,3776.6096923636896,4.793704461068986,1778,0.5867402182434889,1.4160298518951635,2750,1.059683962949794,1.0609728368527516
TOI-2076_d,NIRISS_SOSS,obs14,SOSS_HDU4_ordem_2,jw05959014001_04102_00001-seg007_nis_x1dints.fits,seg007,4,31,60694.11636799965,TDB-MID,3703.665328227865,4.7935704818245375,1778,0.5867402182434889,1.4160298518951635,2751,1.0392164062894909,1.0404803858838063
TOI-2076_d,NIRISS_SOSS,obs14,SOSS_HDU4_ordem_2,jw05959014001_04102_00001-seg007_nis_x1dints.fits,seg007,4,32,60694.1164450785,TDB-MID,3774.4782062335175,4.794687709695811,1778,0.5867402182434889,1.4160298518951635,2752,1.059085886406708,1.0603740328802855
TOI-2076_d,NIRISS_SOSS,obs14,SOSS_HDU4_ordem_2,jw05959014001_04102_00001-seg007_nis_x1dints.fits,seg007,4,33,60694.11652215736,TDB-MID,3369.5548234633297,4.793276669213431,1778,0.5867402182434889,1.4160298518951635,2753,0.9454678930481222,0.9466178480687134
TOI-2076_d,NIRISS_SOSS,obs14,SOSS_HDU4_ordem_2,jw05959014001_04102_00001-seg007_nis_x1dints.fits,seg007,4,34,60694.11659923621,TDB-MID,3662.1348948216287,4.793504726309675,1778,0.5867402182434889,1.4160298518951635,2754,1.0275633264533803,1.0288131326233403
TOI-2076_d,NIRISS_SOSS,obs14,SOSS_HDU4_ordem_2,jw05959014001_04102_00001-seg007_nis_x1dints.fits,seg007,4,35,60694.11667631506,TDB-MID,3243.527643358185,4.792997110897506,1778,0.5867402182434889,1.4160298518951635,2755,0.9101057580826679,0.9112127027959379
TOI-2076_d,NIRISS_SOSS,obs14,SOSS_HDU4_ordem_2,jw05959014001_04102_00001-seg007_nis_x1dints.fits,seg007,4,36,60694.116753393915,TDB-MID,3688.273220140984,4.793574363036944,1778,0.5867402182434889,1.4160298518951635,2756,1.034897514101972,1.036156240708015
TOI-2076_d,NIRISS_SOSS,obs14,SOSS_HDU4_ordem_2,jw05959014001_04102_00001-seg007_nis_x1dints.fits,seg007,4,37,60694.11683047276,TDB-MID,3335.6716782617677,4.793167789054318,1778,0.5867402182434889,1.4160298518951635,2757,0.9359605760338712,0.9370989674815339
TOI-2076_d,NIRISS_SOSS,obs14,SOSS_HDU4_ordem_2,jw05959014001_04102_00001-seg007_nis_x1dints.fits,seg007,4,38,60694.11690755162,TDB-MID,3473.951576523502,4.793375288322106,1778,0.5867402182434889,1.4160298518951635,2758,0.9747607175689043,0.9759463009073608
TOI-2076_d,NIRISS_SOSS,obs14,SOSS_HDU4_ordem_2,jw05959014001_04102_00001-seg007_nis_x1dints.fits,seg007,4,39,60694.11698463048,TDB-MID,3152.1802074140933,4.792966570501332,1778,0.5867402182434889,1.4160298518951635,2759,0.8844744588985701,0.8855502287391683
TOI-2076_d,NIRISS_SOSS,obs14,SOSS_HDU4_ordem_2,jw05959014001_04102_00001-seg007_nis_x1dints.fits,seg007,4,40,60694.11706170932,TDB-MID,3630.5186540954323,4.793559875890576,1778,0.5867402182434889,1.4160298518951635,2760,1.018692083196749,1.0199310994384658
TOI-2076_d,NIRISS_SOSS,obs14,SOSS_HDU4_ordem_2,jw05959014001_04102_00001-seg007_nis_x1dints.fits,seg007,4,41,60694.11713878818,TDB-MID,3988.6182702586884,4.793944052440915,1778,0.5867402182434889,1.4160298518951635,2761,1.1191717332791953,1.1205329610512342
TOI-2076_d,NIRISS_SOSS,obs14,SOSS_HDU4_ordem_2,jw05959014001_04102_00001-seg007_nis_x1dints.fits,seg007,4,42,60694.11721586703,TDB-MID,3023.3240934365517,4.792799341039317,1778,0.5867402182434889,1.4160298518951635,2762,0.8483185495955439,0.8493503436758516
TOI-2076_d,NIRISS_SOSS,obs14,SOSS_HDU4_ordem_2,jw05959014001_04102_00001-seg007_nis_x1dints.fits,seg007,4,43,60694.117292945884,TDB-MID,3462.115285584618,4.793355520370603,1778,0.5867402182434889,1.4160298518951635,2763,0.9714395568691092,0.9726211007415522
TOI-2076_d,NIRISS_SOSS,obs14,SOSS_HDU4_ordem_2,jw05959014001_04102_00001-seg007_nis_x1dints.fits,seg007,4,44,60694.11737002474,TDB-MID,3455.580872082286,4.793274048666209,1778,0.5867402182434889,1.4160298518951635,2764,0.9696060570479059,0.970785370868604
TOI-2076_d,NIRISS_SOSS,obs14,SOSS_HDU4_ordem_2,jw05959014001_04102_00001-seg007_nis_x1dints.fits,seg007,4,45,60694.117447103585,TDB-MID,3538.581087911498,4.793451745120524,1778,0.5867402182434889,1.4160298518951635,2765,0.9928951985796428,0.9941028385502044
TOI-2076_d,NIRISS_SOSS,obs14,SOSS_HDU4_ordem_2,jw05959014001_04102_00001-seg007_nis_x1dints.fits,seg007,4,46,60694.11752418244,TDB-MID,3497.536871081023,4.793398468108471,1778,0.5867402182434889,1.4160298518951635,2766,0.9813785469026022,0.9825721793838414
TOI-2076_d,NIRISS_SOSS,obs14,SOSS_HDU4_ordem_2,jw05959014001_04102_00001-seg007_nis_x1dints.fits,seg007,4,47,60694.1176012613,TDB-MID,3853.2608454103834,4.7938810966073335,1778,0.5867402182434889,1.4160298518951635,2767,1.081191612466616,1.0825066457238204
TOI-2076_d,NIRISS_SOSS,obs14,SOSS_HDU4_ordem_2,jw05959014001_04102_00001-seg007_nis_x1dints.fits,seg007,4,48,60694.117678340146,TDB-MID,3743.5213405099694,4.7937510608989875,1778,0.5867402182434889,1.4160298518951635,2768,1.0503996580636614,1.0516772396391958
TOI-2076_d,NIRISS_SOSS,obs14,SOSS_HDU4_ordem_2,jw05959014001_04102_00001-seg007_nis_x1dints.fits,seg007,4,49,60694.11775541899,TDB-MID,3266.1430867251465,4.79312581022427,1778,0.5867402182434889,1.4160298518951635,2769,0.9164514555741049,0.9175661184412572
TOI-2076_d,NIRISS_SOSS,obs14,SOSS_HDU4_ordem_2,jw05959014001_04102_00001-seg007_nis_x1dints.fits,seg007,4,50,60694.117832497854,TDB-MID,3397.3339322905385,4.7933463697934755,1778,0.5867402182434889,1.4160298518951635,2770,0.9532624703349284,0.9544219057549602
TOI-2076_d,NIRISS_SOSS,obs14,SOSS_HDU4_ordem_2,jw05959014001_04102_00001-seg007_nis_x1dints.fits,seg007,4,51,60694.11790957671,TDB-MID,3289.987326634202,4.793233484309525,1778,0.5867402182434889,1.4160298518951635,2771,0.9231419427302027,0.9242647431124964
TOI-2076_d,NIRISS_SOSS,obs14,SOSS_HDU4_ordem_2,jw05959014001_04102_00001-seg007_nis_x1dints.fits,seg007,4,52,60694.11798665556,TDB-MID,3397.712124070209,4.7932365788195685,1778,0.5867402182434889,1.4160298518951635,2772,0.9533685876720328,0.9545281521606088
TOI-2076_d,NIRISS_SOSS,obs14,SOSS_HDU4_ordem_2,jw05959014001_04102_00001-seg007_nis_x1dints.fits,seg007,4,53,60694.11806373441,TDB-MID,3586.5313286355367,4.793461885187594,1778,0.5867402182434889,1.4160298518951635,2773,1.0063496207344098,1.0075736250684997
TOI-2076_d,NIRISS_SOSS,obs14,SOSS_HDU4_ordem_2,jw05959014001_04102_00001-seg007_nis_x1dints.fits,seg007,4,54,60694.11814081326,TDB-MID,3422.498891686082,4.793211942045195,1778,0.5867402182434889,1.4160298518951635,2774,0.9603235399375566,0.9614915636052698
TOI-2076_d,NIRISS_SOSS,obs14,SOSS_HDU4_ordem_2,jw05959014001_04102_00001-seg007_nis_x1dints.fits,seg007,4,55,60694.118217892115,TDB-MID,3617.4493452654897,4.793565821925595,1778,0.5867402182434889,1.4160298518951635,2775,1.015024948358343,1.0162595043321339
TOI-2076_d,NIRISS_SOSS,obs14,SOSS_HDU4_ordem_2,jw05959014001_04102_00001-seg007_nis_x1dints.fits,seg007,4,56,60694.11829497097,TDB-MID,3307.1721331728077,4.79314171419878,1778,0.5867402182434889,1.4160298518951635,2776,0.9279638505731489,0.9290925157523052
TOI-2076_d,NIRISS_SOSS,obs14,SOSS_HDU4_ordem_2,jw05959014001_04102_00001-seg007_nis_x1dints.fits,seg007,4,57,60694.118372049816,TDB-MID,3463.3458186437733,4.793349039341633,1778,0.5867402182434889,1.4160298518951635,2777,0.9717848337854141,0.9729667976117511
TOI-2076_d,NIRISS_SOSS,obs14,SOSS_HDU4_ordem_2,jw05959014001_04102_00001-seg007_nis_x1dints.fits,seg007,4,58,60694.11844912868,TDB-MID,3696.1395891426214,4.793633762101689,1778,0.5867402182434889,1.4160298518951635,2778,1.037104749097565,1.038366160322497
TOI-2076_d,NIRISS_SOSS,obs14,SOSS_HDU4_ordem_2,jw05959014001_04102_00001-seg007_nis_x1dints.fits,seg007,4,59,60694.11852620752,TDB-MID,3200.4018068069286,4.792993720962001,1778,0.5867402182434889,1.4160298518951635,2779,0.8980050219450244,0.8990972487579018
TOI-2076_d,NIRISS_SOSS,obs14,SOSS_HDU4_ordem_2,jw05959014001_04102_00001-seg007_nis_x1dints.fits,seg007,4,60,60694.11860328637,TDB-MID,3613.129234580557,4.7934659405248325,1778,0.5867402182434889,1.4160298518951635,2780,1.0138127627252214,1.0150458443401629
TOI-2076_d,NIRISS_SOSS,obs14,SOSS_HDU4_ordem_2,jw05959014001_04102_00001-seg007_nis_x1dints.fits,seg007,4,61,60694.11868036523,TDB-MID,3428.141269311373,4.793335182587625,1778,0.5867402182434889,1.4160298518951635,2781,0.961906742219359,0.9630766915065734
TOI-2076_d,NIRISS_SOSS,obs14,SOSS_HDU4_ordem_2,jw05959014001_04102_00001-seg007_nis_x1dints.fits,seg007,4,62,60694.118757444085,TDB-MID,3421.065178271864,4.793334173143554,1778,0.5867402182434889,1.4160298518951635,2782,0.9599212523737704,0.9610887867465988
TOI-2076_d,NIRISS_SOSS,obs14,SOSS_HDU4_ordem_2,jw05959014001_04102_00001-seg007_nis_x1dints.fits,seg007,4,63,60694.11883452293,TDB-MID,3740.446895545624,4.793648049710483,1778,0.5867402182434889,1.4160298518951635,2783,1.0495369954405485,1.0508135277755726
TOI-2076_d,NIRISS_SOSS,obs14,SOSS_HDU4_ordem_2,jw05959014001_04102_00001-seg007_nis_x1dints.fits,seg007,4,64,60694.118911601785,TDB-MID,3125.9053012428985,4.792891624699557,1778,0.5867402182434889,1.4160298518951635,2784,0.8771019478461507,0.8781687506386223
TOI-2076_d,NIRISS_SOSS,obs14,SOSS_HDU4_ordem_2,jw05959014001_04102_00001-seg007_nis_x1dints.fits,seg007,4,65,60694.11898868064,TDB-MID,3575.47838031621,4.793414558057929,1778,0.5867402182434889,1.4160298518951635,2785,1.0032482591875742,1.0044684913932738
TOI-2076_d,NIRISS_SOSS,obs14,SOSS_HDU4_ordem_2,jw05959014001_04102_00001-seg007_nis_x1dints.fits,seg007,4,66,60694.11906575949,TDB-MID,3395.2839091950696,4.793252047904167,1778,0.5867402182434889,1.4160298518951635,2786,0.952687251613667,0.9538459874058622
TOI-2076_d,NIRISS_SOSS,obs14,SOSS_HDU4_ordem_2,jw05959014001_04102_00001-seg007_nis_x1dints.fits,seg007,4,67,60694.119142838346,TDB-MID,3683.111636555774,4.793587256189552,1778,0.5867402182434889,1.4160298518951635,2787,1.0334492184627029,1.0347061835336857
TOI-2076_d,NIRISS_SOSS,obs14,SOSS_HDU4_ordem_2,jw05959014001_04102_00001-seg007_nis_x1dints.fits,seg007,4,68,60694.11921991719,TDB-MID,3458.762266604124,4.793245680978802,1778,0.5867402182434889,1.4160298518951635,2788,0.9704987287903485,0.9716791283510906
TOI-2076_d,NIRISS_SOSS,obs14,SOSS_HDU4_ordem_2,jw05959014001_04102_00001-seg007_nis_x1dints.fits,seg007,4,69,60694.119296996054,TDB-MID,3121.281732198837,4.792939142673475,1778,0.5867402182434889,1.4160298518951635,2789,0.8758046144263139,0.8768698392962664
TOI-2076_d,NIRISS_SOSS,obs14,SOSS_HDU4_ordem_2,jw05959014001_04102_00001-seg007_nis_x1dints.fits,seg007,4,70,60694.11937407491,TDB-MID,3679.7459927567015,4.793590144262599,1778,0.5867402182434889,1.4160298518951635,2790,1.0325048479692176,1.0337606644199266
TOI-2076_d,NIRISS_SOSS,obs14,SOSS_HDU4_ordem_2,jw05959014001_04102_00001-seg007_nis_x1dints.fits,seg007,4,71,60694.119451153754,TDB-MID,3081.778352361576,4.792817145910241,1778,0.5867402182434889,1.4160298518951635,2791,0.8647203082613154,0.865772051495754
TOI-2076_d,NIRISS_SOSS,obs14,SOSS_HDU4_ordem_2,jw05959014001_04102_00001-seg007_nis_x1dints.fits,seg007,4,72,60694.11952823261,TDB-MID,3188.533435642966,4.79299979486392,1778,0.5867402182434889,1.4160298518951635,2792,0.894674859811983,0.8957630362105709
TOI-2076_d,NIRISS_SOSS,obs14,SOSS_HDU4_ordem_2,jw05959014001_04102_00001-seg007_nis_x1dints.fits,seg007,4,73,60694.11960531146,TDB-MID,3594.83656145006,4.793537808607084,1778,0.5867402182434889,1.4160298518951635,2793,1.0086799971140261,1.0099068358415813
TOI-2076_d,NIRISS_SOSS,obs14,SOSS_HDU4_ordem_2,jw05959014001_04102_00001-seg007_nis_x1dints.fits,seg007,4,74,60694.11968239031,TDB-MID,3530.9477737317375,4.793752340960619,1778,0.5867402182434889,1.4160298518951635,2794,0.9907533567481173,0.9919583916362793
TOI-2076_d,NIRISS_SOSS,obs14,SOSS_HDU4_ordem_2,jw05959014001_04102_00001-seg007_nis_x1dints.fits,seg007,4,75,60694.11975946917,TDB-MID,3540.9795058730942,4.7935015146825295,1778,0.5867402182434889,1.4160298518951635,2795,0.9935681738821988,0.9947766323801093
TOI-2076_d,NIRISS_SOSS,obs14,SOSS_HDU4_ordem_2,jw05959014001_04102_00001-seg007_nis_x1dints.fits,seg007,4,76,60694.119836548016,TDB-MID,3754.266382091497,4.793648552279031,1778,0.5867402182434889,1.4160298518951635,2796,1.0534146236472632,1.054695872269384
TOI-2076_d,NIRISS_SOSS,obs14,SOSS_HDU4_ordem_2,jw05959014001_04102_00001-seg007_nis_x1dints.fits,seg007,4,77,60694.11991362687,TDB-MID,3676.1658406673464,4.793730248112289,1778,0.5867402182434889,1.4160298518951635,2797,1.031500288307762,1.0327548829312312
TOI-2076_d,NIRISS_SOSS,obs14,SOSS_HDU4_ordem_2,jw05959014001_04102_00001-seg007_nis_x1dints.fits,seg007,4,78,60694.11999070572,TDB-MID,3330.40685349853,4.793182340538544,1778,0.5867402182434889,1.4160298518951635,2798,0.9344833118144246,0.9356199064930818
TOI-2076_d,NIRISS_SOSS,obs14,SOSS_HDU4_ordem_2,jw05959014001_04102_00001-seg007_nis_x1dints.fits,seg007,4,79,60694.12006778457,TDB-MID,3620.073130405231,4.793588385895178,1778,0.5867402182434889,1.4160298518951635,2799,1.015761159738733,1.0169966111527386
TOI-2076_d,NIRISS_SOSS,obs14,SOSS_HDU4_ordem_2,jw05959014001_04102_00001-seg007_nis_x1dints.fits,seg007,4,80,60694.120144863424,TDB-MID,3711.753056602796,4.793667668181076,1778,0.5867402182434889,1.4160298518951635,2800,1.0414857528075963,1.042752492565891
TOI-2076_d,NIRISS_SOSS,obs14,SOSS_HDU4_ordem_2,jw05959014001_04102_00001-seg007_nis_x1dints.fits,seg007,4,81,60694.120221942285,TDB-MID,3199.3138842451926,4.793233198568169,1778,0.5867402182434889,1.4160298518951635,2801,0.8976997602988622,0.8987916158276746
TOI-2076_d,NIRISS_SOSS,obs14,SOSS_HDU4_ordem_2,jw05959014001_04102_00001-seg007_nis_x1dints.fits,seg007,4,82,60694.12029902113,TDB-MID,3268.1331790374334,4.793093346126676,1778,0.5867402182434889,1.4160298518951635,2802,0.9170098582367852,0.9181252002787146
TOI-2076_d,NIRISS_SOSS,obs14,SOSS_HDU4_ordem_2,jw05959014001_04102_00001-seg007_nis_x1dints.fits,seg007,4,83,60694.12037609998,TDB-MID,3362.1730789777507,4.793176981346498,1778,0.5867402182434889,1.4160298518951635,2803,0.9433966394934385,0.944544075286839
TOI-2076_d,NIRISS_SOSS,obs14,SOSS_HDU4_ordem_2,jw05959014001_04102_00001-seg007_nis_x1dints.fits,seg007,4,84,60694.12045317884,TDB-MID,3751.5600827468,4.793705268840705,1778,0.5867402182434889,1.4160298518951635,2804,1.0526552594957823,1.0539355845174034
TOI-2076_d,NIRISS_SOSS,obs14,SOSS_HDU4_ordem_2,jw05959014001_04102_00001-seg007_nis_x1dints.fits,seg007,4,85,60694.12053025769,TDB-MID,3265.0159175904564,4.793988644623965,1778,0.5867402182434889,1.4160298518951635,2805,0.9161351816795644,0.9172494598686589
TOI-2076_d,NIRISS_SOSS,obs14,SOSS_HDU4_ordem_2,jw05959014001_04102_00001-seg007_nis_x1dints.fits,seg007,4,86,60694.12060733655,TDB-MID,3934.0625974115937,4.793910685183451,1778,0.5867402182434889,1.4160298518951635,2806,1.1038638840934833,1.1052064932131545
TOI-2076_d,NIRISS_SOSS,obs14,SOSS_HDU4_ordem_2,jw05959014001_04102_00001-seg007_nis_x1dints.fits,seg007,4,87,60694.12068441539,TDB-MID,3528.9328568251444,4.79338918852235,1778,0.5867402182434889,1.4160298518951635,2807,0.9901879885193299,0.9913923357606264
TOI-2076_d,NIRISS_SOSS,obs14,SOSS_HDU4_ordem_2,jw05959014001_04102_00001-seg007_nis_x1dints.fits,seg007,4,88,60694.12076149425,TDB-MID,3534.446456327609,4.794030376668126,1778,0.5867402182434889,1.4160298518951635,2808,0.9917350567754707,0.9929412856871247
TOI-2076_d,NIRISS_SOSS,obs14,SOSS_HDU4_ordem_2,jw05959014001_04102_00001-seg007_nis_x1dints.fits,seg007,4,89,60694.12083857311,TDB-MID,3428.5710432351707,4.793569533607986,1778,0.5867402182434889,1.4160298518951635,2809,0.96202733305925,0.963197429018861
TOI-2076_d,NIRISS_SOSS,obs14,SOSS_HDU4_ordem_2,jw05959014001_04102_00001-seg007_nis_x1dints.fits,seg007,4,90,60694.120915651954,TDB-MID,3736.9983643970704,4.793691284050838,1778,0.5867402182434889,1.4160298518951635,2810,1.048569367474851,1.0498447229019703
TOI-2076_d,NIRISS_SOSS,obs14,SOSS_HDU4_ordem_2,jw05959014001_04102_00001-seg007_nis_x1dints.fits,seg007,4,91,60694.1209927308,TDB-MID,3410.8333792983403,4.793175468535499,1778,0.5867402182434889,1.4160298518951635,2811,0.9570502982197594,0.9582143407044259
TOI-2076_d,NIRISS_SOSS,obs14,SOSS_HDU4_ordem_2,jw05959014001_04102_00001-seg007_nis_x1dints.fits,seg007,4,92,60694.12106980966,TDB-MID,3331.6014211242505,4.793160210382111,1778,0.5867402182434889,1.4160298518951635,2812,0.9348184971416759,0.9359554995000149
TOI-2076_d,NIRISS_SOSS,obs14,SOSS_HDU4_ordem_2,jw05959014001_04102_00001-seg007_nis_x1dints.fits,seg007,4,93,60694.12114688851,TDB-MID,3558.34304409867,4.79373090611496,1778,0.5867402182434889,1.4160298518951635,2813,0.9984402322881581,0.9996546165801287
TOI-2076_d,NIRISS_SOSS,obs14,SOSS_HDU4_ordem_2,jw05959014001_04102_00001-seg007_nis_x1dints.fits,seg007,4,94,60694.12122396736,TDB-MID,3579.743279993263,4.793462385839694,1778,0.5867402182434889,1.4160298518951635,2814,1.0044449530901771,1.005666640812422
TOI-2076_d,NIRISS_SOSS,obs14,SOSS_HDU4_ordem_2,jw05959014001_04102_00001-seg007_nis_x1dints.fits,seg007,4,95,60694.121301046216,TDB-MID,3607.5486821855557,4.793536843584433,1778,0.5867402182434889,1.4160298518951635,2815,1.0122469080674468,1.01347808516248
TOI-2076_d,NIRISS_SOSS,obs14,SOSS_HDU4_ordem_2,jw05959014001_04102_00001-seg007_nis_x1dints.fits,seg007,4,96,60694.12137812507,TDB-MID,3599.547951128739,4.793496933409404,1778,0.5867402182434889,1.4160298518951635,2816,1.0100019722431475,1.0112304188644745
TOI-2076_d,NIRISS_SOSS,obs14,SOSS_HDU4_ordem_2,jw05959014001_04102_00001-seg007_nis_x1dints.fits,seg007,4,97,60694.12145520392,TDB-MID,3711.6787170038915,4.793722467007574,1778,0.5867402182434889,1.4160298518951635,2817,1.0414648937601467,1.04273160814797
TOI-2076_d,NIRISS_SOSS,obs14,SOSS_HDU4_ordem_2,jw05959014001_04102_00001-seg007_nis_x1dints.fits,seg007,4,98,60694.12153228278,TDB-MID,3518.1675042125125,4.793446771871705,1778,0.5867402182434889,1.4160298518951635,2818,0.9871673238363544,0.9883679970993559
TOI-2076_d,NIRISS_SOSS,obs14,SOSS_HDU4_ordem_2,jw05959014001_04102_00001-seg007_nis_x1dints.fits,seg007,4,99,60694.121609361624,TDB-MID,3555.213783112133,4.793458768452831,1778,0.5867402182434889,1.4160298518951635,2819,0.9975621887640889,0.9987755051080451
TOI-2076_d,NIRISS_SOSS,obs14,SOSS_HDU4_ordem_2,jw05959014001_04102_00001-seg007_nis_x1dints.fits,seg007,4,100,60694.12168644048,TDB-MID,3720.870835721119,4.793678738706825,1778,0.5867402182434889,1.4160298518951635,2820,1.0440441226409793,1.0453139740969384
TOI-2076_d,NIRISS_SOSS,obs14,SOSS_HDU4_ordem_2,jw05959014001_04102_00001-seg007_nis_x1dints.fits,seg007,4,101,60694.12176351933,TDB-MID,3602.5080421267135,4.793507364459501,1778,0.5867402182434889,1.4160298518951635,2821,1.010832548133944,1.0120620049692852
TOI-2076_d,NIRISS_SOSS,obs14,SOSS_HDU4_ordem_2,jw05959014001_04102_00001-seg007_nis_x1dints.fits,seg007,4,102,60694.12184059818,TDB-MID,3792.6060523403685,4.793726742407507,1778,0.5867402182434889,1.4160298518951635,2822,1.0641724029829627,1.0654667360920858
TOI-2076_d,NIRISS_SOSS,obs14,SOSS_HDU4_ordem_2,jw05959014001_04102_00001-seg007_nis_x1dints.fits,seg007,4,103,60694.12191767703,TDB-MID,3780.2442746389916,4.793763324135824,1778,0.5867402182434889,1.4160298518951635,2823,1.060703795249898,1.061993909555922
TOI-2076_d,NIRISS_SOSS,obs14,SOSS_HDU4_ordem_2,jw05959014001_04102_00001-seg007_nis_x1dints.fits,seg007,4,104,60694.12199475589,TDB-MID,3736.1812265596186,4.793648388248468,1778,0.5867402182434889,1.4160298518951635,2824,1.048340085676518,1.0496151622324486
TOI-2076_d,NIRISS_SOSS,obs14,SOSS_HDU4_ordem_2,jw05959014001_04102_00001-seg007_nis_x1dints.fits,seg007,4,105,60694.12207183474,TDB-MID,3173.089343723041,4.792983133628653,1778,0.5867402182434889,1.4160298518951635,2825,0.8903413814112473,0.8914242870806224
TOI-2076_d,NIRISS_SOSS,obs14,SOSS_HDU4_ordem_2,jw05959014001_04102_00001-seg007_nis_x1dints.fits,seg007,4,106,60694.12214891359,TDB-MID,3126.1842066066088,4.793028461157846,1778,0.5867402182434889,1.4160298518951635,2826,0.8771802062750538,0.8782471042517975
TOI-2076_d,NIRISS_SOSS,obs14,SOSS_HDU4_ordem_2,jw05959014001_04102_00001-seg007_nis_x1dints.fits,seg007,4,107,60694.12222599245,TDB-MID,3146.6589028646704,4.792978174975161,1778,0.5867402182434889,1.4160298518951635,2827,0.8829252286730015,0.8839991142136789
TOI-2076_d,NIRISS_SOSS,obs14,SOSS_HDU4_ordem_2,jw05959014001_04102_00001-seg007_nis_x1dints.fits,seg007,4,108,60694.1223030713,TDB-MID,3582.8460770673305,4.793597846826073,1778,0.5867402182434889,1.4160298518951635,2828,1.0053155710696642,1.0065383177083713
TOI-2076_d,NIRISS_SOSS,obs14,SOSS_HDU4_ordem_2,jw05959014001_04102_00001-seg007_nis_x1dints.fits,seg007,4,109,60694.122380150155,TDB-MID,3702.5943127021737,4.793628394425335,1778,0.5867402182434889,1.4160298518951635,2829,1.0389158886111773,1.040179502691428
TOI-2076_d,NIRISS_SOSS,obs14,SOSS_HDU4_ordem_2,jw05959014001_04102_00001-seg007_nis_x1dints.fits,seg007,4,110,60694.122457229,TDB-MID,3631.228496327343,4.793477577351371,1778,0.5867402182434889,1.4160298518951635,2830,1.0188912587776677,1.0201305172729407
TOI-2076_d,NIRISS_SOSS,obs14,SOSS_HDU4_ordem_2,jw05959014001_04102_00001-seg007_nis_x1dints.fits,seg007,4,111,60694.122534307855,TDB-MID,4210.2929523678495,4.7941705371652725,1778,0.5867402182434889,1.4160298518951635,2831,1.1813717287137382,1.182808609183829
TOI-2076_d,NIRISS_SOSS,obs14,SOSS_HDU4_ordem_2,jw05959014001_04102_00001-seg007_nis_x1dints.fits,seg007,4,112,60694.122611386716,TDB-MID,3799.6140459009403,4.793705446275323,1778,0.5867402182434889,1.4160298518951635,2832,1.0661387852658895,1.067435510049225
TOI-2076_d,NIRISS_SOSS,obs14,SOSS_HDU4_ordem_2,jw05959014001_04102_00001-seg007_nis_x1dints.fits,seg007,4,113,60694.12268846556,TDB-MID,3995.3114470189757,4.793947902445342,1778,0.5867402182434889,1.4160298518951635,2833,1.1210497806952167,1.1224132927014119
TOI-2076_d,NIRISS_SOSS,obs14,SOSS_HDU4_ordem_2,jw05959014001_04102_00001-seg007_nis_x1dints.fits,seg007,4,114,60694.12276554441,TDB-MID,3695.9139298200166,4.794566656287873,1778,0.5867402182434889,1.4160298518951635,2834,1.0370414310465261,1.0383027652588899
TOI-2076_d,NIRISS_SOSS,obs14,SOSS_HDU4_ordem_2,jw05959014001_04102_00001-seg007_nis_x1dints.fits,seg007,4,115,60694.12284262327,TDB-MID,3342.8769838079515,4.793194959142019,1778,0.5867402182434889,1.4160298518951635,2835,0.9379823223506492,0.9391231728107695
TOI-2076_d,NIRISS_SOSS,obs14,SOSS_HDU4_ordem_2,jw05959014001_04102_00001-seg007_nis_x1dints.fits,seg007,4,116,60694.12291970212,TDB-MID,3332.9637437695696,4.793230870728166,1778,0.5867402182434889,1.4160298518951635,2836,0.9352007530741666,0.9363382203632896
TOI-2076_d,NIRISS_SOSS,obs14,SOSS_HDU4_ordem_2,jw05959014001_04102_00001-seg007_nis_x1dints.fits,seg007,4,117,60694.12299678097,TDB-MID,4045.5765642864903,4.79404565152328,1778,0.5867402182434889,1.4160298518951635,2837,1.1351537371543334,1.1365344035405553
TOI-2076_d,NIRISS_SOSS,obs14,SOSS_HDU4_ordem_2,jw05959014001_04102_00001-seg007_nis_x1dints.fits,seg007,4,118,60694.123073859824,TDB-MID,3419.2606964279757,4.793262684495973,1778,0.5867402182434889,1.4160298518951635,2838,0.9594149304005812,0.960581848943407
TOI-2076_d,NIRISS_SOSS,obs14,SOSS_HDU4_ordem_2,jw05959014001_04102_00001-seg007_nis_x1dints.fits,seg007,4,119,60694.12315093868,TDB-MID,3707.9700049363037,4.7936997377064055,1778,0.5867402182434889,1.4160298518951635,2839,1.0404242612825128,1.0416897099684004
TOI-2076_d,NIRISS_SOSS,obs14,SOSS_HDU4_ordem_2,jw05959014001_04102_00001-seg007_nis_x1dints.fits,seg007,4,120,60694.123228017525,TDB-MID,3333.2488444444057,4.793749188405422,1778,0.5867402182434889,1.4160298518951635,2840,0.9352807498537016,0.9364183144414203
TOI-2076_d,NIRISS_SOSS,obs14,SOSS_HDU4_ordem_2,jw05959014001_04102_00001-seg007_nis_x1dints.fits,seg007,4,121,60694.12330509638,TDB-MID,3622.67787182555,4.793621130664152,1778,0.5867402182434889,1.4160298518951635,2841,1.0164920276164289,1.017728367971446
TOI-2076_d,NIRISS_SOSS,obs14,SOSS_HDU4_ordem_2,jw05959014001_04102_00001-seg007_nis_x1dints.fits,seg007,4,122,60694.12338217523,TDB-MID,3464.961576924677,4.793339135555183,1778,0.5867402182434889,1.4160298518951635,2842,0.9722382015617398,0.9734207168108744
TOI-2076_d,NIRISS_SOSS,obs14,SOSS_HDU4_ordem_2,jw05959014001_04102_00001-seg007_nis_x1dints.fits,seg007,4,123,60694.123459254086,TDB-MID,3623.4010254235745,4.79352898354152,1778,0.5867402182434889,1.4160298518951635,2843,1.016694938251363,1.017931525402813
TOI-2076_d,NIRISS_SOSS,obs14,SOSS_HDU4_ordem_2,jw05959014001_04102_00001-seg007_nis_x1dints.fits,seg007,4,124,60694.12353633294,TDB-MID,3522.6420856811555,4.79355957252391,1778,0.5867402182434889,1.4160298518951635,2844,0.9884228526332065,0.9896250529725413
TOI-2076_d,NIRISS_SOSS,obs14,SOSS_HDU4_ordem_2,jw05959014001_04102_00001-seg007_nis_x1dints.fits,seg007,4,125,60694.123613411786,TDB-MID,3324.7185579830457,4.79320895828607,1778,0.5867402182434889,1.4160298518951635,2845,0.93288722537042,0.9340218787588092
TOI-2076_d,NIRISS_SOSS,obs14,SOSS_HDU4_ordem_2,jw05959014001_04102_00001-seg007_nis_x1dints.fits,seg007,4,126,60694.12369049064,TDB-MID,3710.942942864558,4.793627994036099,1778,0.5867402182434889,1.4160298518951635,2846,1.041258441910653,1.04252490519493
TOI-2076_d,NIRISS_SOSS,obs14,SOSS_HDU4_ordem_2,jw05959014001_04102_00001-seg007_nis_x1dints.fits,seg007,4,127,60694.1237675695,TDB-MID,3541.111166158703,4.7932975084414995,1778,0.5867402182434889,1.4160298518951635,2847,0.993605116617769,0.9948136200484419
TOI-2076_d,NIRISS_SOSS,obs14,SOSS_HDU4_ordem_2,jw05959014001_04102_00001-seg007_nis_x1dints.fits,seg007,4,128,60694.12384464835,TDB-MID,3139.866417129284,4.792946444022803,1778,0.5867402182434889,1.4160298518951635,2848,0.88101931601888,0.8820908834334301
TOI-2076_d,NIRISS_SOSS,obs14,SOSS_HDU4_ordem_2,jw05959014001_04102_00001-seg007_nis_x1dints.fits,seg007,4,129,60694.123921727194,TDB-MID,3489.7526720927835,4.793455900116107,1778,0.5867402182434889,1.4160298518951635,2849,0.9791943681009307,0.9803853440061009
TOI-2076_d,NIRISS_SOSS,obs14,SOSS_HDU4_ordem_2,jw05959014001_04102_00001-seg007_nis_x1dints.fits,seg007,4,130,60694.123998806055,TDB-MID,3810.088622596767,4.793739756791516,1778,0.5867402182434889,1.4160298518951635,2850,1.069077860745598,1.0703781602717974
TOI-2076_d,NIRISS_SOSS,obs14,SOSS_HDU4_ordem_2,jw05959014001_04102_00001-seg007_nis_x1dints.fits,seg007,4,131,60694.12407588491,TDB-MID,3871.021601422712,4.793785753076125,1778,0.5867402182434889,1.4160298518951635,2851,1.086175126742445,1.0874962213554118
TOI-2076_d,NIRISS_SOSS,obs14,SOSS_HDU4_ordem_2,jw05959014001_04102_00001-seg007_nis_x1dints.fits,seg007,4,132,60694.124152963755,TDB-MID,3507.72200760735,4.793357537604009,1778,0.5867402182434889,1.4160298518951635,2852,0.9842364079781658,0.9854335164226993
TOI-2076_d,NIRISS_SOSS,obs14,SOSS_HDU4_ordem_2,jw05959014001_04102_00001-seg007_nis_x1dints.fits,seg007,4,133,60694.12423004261,TDB-MID,3624.9376099237234,4.793573400483353,1778,0.5867402182434889,1.4160298518951635,2853,1.0171260905506905,1.0183632021046665
TOI-2076_d,NIRISS_SOSS,obs14,SOSS_HDU4_ordem_2,jw05959014001_04102_00001-seg007_nis_x1dints.fits,seg007,4,134,60694.12430712146,TDB-MID,3323.8493586271306,4.793369934117303,1778,0.5867402182434889,1.4160298518951635,2854,0.9326433355610146,0.9337776923107628
TOI-2076_d,NIRISS_SOSS,obs14,SOSS_HDU4_ordem_2,jw05959014001_04102_00001-seg007_nis_x1dints.fits,seg007,4,135,60694.12438420031,TDB-MID,3803.2284932630077,4.793886982807961,1778,0.5867402182434889,1.4160298518951635,2855,1.0671529678837686,1.068450926198567
TOI-2076_d,NIRISS_SOSS,obs14,SOSS_HDU4_ordem_2,jw05959014001_04102_00001-seg007_nis_x1dints.fits,seg007,4,136,60694.12446127917,TDB-MID,3530.691501800568,4.793378882504986,1778,0.5867402182434889,1.4160298518951635,2856,0.990681449064312,0.9918863964924951
TOI-2076_d,NIRISS_SOSS,obs14,SOSS_HDU4_ordem_2,jw05959014001_04102_00001-seg007_nis_x1dints.fits,seg007,4,137,60694.12453835802,TDB-MID,3433.148523290635,4.793280405922654,1778,0.5867402182434889,1.4160298518951635,2857,0.9633117343081548,0.9644833924611258
TOI-2076_d,NIRISS_SOSS,obs14,SOSS_HDU4_ordem_2,jw05959014001_04102_00001-seg007_nis_x1dints.fits,seg007,4,138,60694.12461543688,TDB-MID,3543.1487549196677,4.793563406828759,1778,0.5867402182434889,1.4160298518951635,2858,0.9941768463724872,0.9953860451874313
TOI-2076_d,NIRISS_SOSS,obs14,SOSS_HDU4_ordem_2,jw05959014001_04102_00001-seg007_nis_x1dints.fits,seg007,4,139,60694.124692515725,TDB-MID,3669.036900148568,4.793642780832162,1778,0.5867402182434889,1.4160298518951635,2859,1.0294999693561246,1.030752131028842
TOI-2076_d,NIRISS_SOSS,obs14,SOSS_HDU4_ordem_2,jw05959014001_04102_00001-seg007_nis_x1dints.fits,seg007,4,140,60694.12476959457,TDB-MID,3691.468203931811,4.793945176585244,1778,0.5867402182434889,1.4160298518951635,2860,1.0357939988755693,1.0370538158593752
TOI-2076_d,NIRISS_SOSS,obs14,SOSS_HDU4_ordem_2,jw05959014001_04102_00001-seg007_nis_x1dints.fits,seg007,4,141,60694.12484667343,TDB-MID,3756.9413384286872,4.793696964654275,1778,0.5867402182434889,1.4160298518951635,2861,1.0541651932223621,1.0554473547483028
TOI-2076_d,NIRISS_SOSS,obs14,SOSS_HDU4_ordem_2,jw05959014001_04102_00001-seg007_nis_x1dints.fits,seg007,4,142,60694.124923752286,TDB-MID,4037.558344053432,4.7940415322228205,1778,0.5867402182434889,1.4160298518951635,2862,1.1329038940186893,1.1342818239625334
TOI-2076_d,NIRISS_SOSS,obs14,SOSS_HDU4_ordem_2,jw05959014001_04102_00001-seg007_nis_x1dints.fits,seg007,4,143,60694.12500083113,TDB-MID,3698.1905972701365,4.793751325895028,1778,0.5867402182434889,1.4160298518951635,2863,1.0376802442102853,1.0389423553992236
TOI-2076_d,NIRISS_SOSS,obs14,SOSS_HDU4_ordem_2,jw05959014001_04102_00001-seg007_nis_x1dints.fits,seg007,4,144,60694.12507790999,TDB-MID,3566.994213485199,4.794497904190302,1778,0.5867402182434889,1.4160298518951635,2864,1.0008676754730348,1.002085012219021
TOI-2076_d,NIRISS_SOSS,obs14,SOSS_HDU4_ordem_2,jw05959014001_04102_00001-seg007_nis_x1dints.fits,seg007,4,145,60694.12515498884,TDB-MID,3431.9415646275597,4.793350951519164,1778,0.5867402182434889,1.4160298518951635,2865,0.9629730721631653,0.9641443184076656
TOI-2076_d,NIRISS_SOSS,obs14,SOSS_HDU4_ordem_2,jw05959014001_04102_00001-seg007_nis_x1dints.fits,seg007,4,146,60694.125232067694,TDB-MID,3658.330780960475,4.793563969017444,1778,0.5867402182434889,1.4160298518951635,2866,1.0264959250589363,1.0277444329684249
TOI-2076_d,NIRISS_SOSS,obs14,SOSS_HDU4_ordem_2,jw05959014001_04102_00001-seg007_nis_x1dints.fits,seg007,4,147,60694.12530914655,TDB-MID,3864.1810271542054,4.793861325004683,1778,0.5867402182434889,1.4160298518951635,2867,1.0842557208625203,1.0855744809378
TOI-2076_d,NIRISS_SOSS,obs14,SOSS_HDU4_ordem_2,jw05959014001_04102_00001-seg007_nis_x1dints.fits,seg007,4,148,60694.125386225394,TDB-MID,3740.1994830539115,4.793767107212984,1778,0.5867402182434889,1.4160298518951635,2868,1.0494675736387056,1.0507440215372827
TOI-2076_d,NIRISS_SOSS,obs14,SOSS_HDU4_ordem_2,jw05959014001_04102_00001-seg007_nis_x1dints.fits,seg007,4,149,60694.12546330425,TDB-MID,3580.8681064094544,4.793853972908606,1778,0.5867402182434889,1.4160298518951635,2869,1.0047605696382018,1.0059826412389863
TOI-2076_d,NIRISS_SOSS,obs14,SOSS_HDU4_ordem_2,jw05959014001_04102_00001-seg007_nis_x1dints.fits,seg007,4,150,60694.12554038311,TDB-MID,3080.7332228646765,4.792980235126404,1778,0.5867402182434889,1.4160298518951635,2870,0.8644270539784306,0.8654784405331369
TOI-2076_d,NIRISS_SOSS,obs14,SOSS_HDU4_ordem_2,jw05959014001_04102_00001-seg007_nis_x1dints.fits,seg007,4,151,60694.125617461956,TDB-MID,3453.923012934855,4.79349885349387,1778,0.5867402182434889,1.4160298518951635,2871,0.9691408761331519,0.9703196241629517
TOI-2076_d,NIRISS_SOSS,obs14,SOSS_HDU4_ordem_2,jw05959014001_04102_00001-seg007_nis_x1dints.fits,seg007,4,152,60694.1256945408,TDB-MID,3377.9394366757956,4.794372773419001,1778,0.5867402182434889,1.4160298518951635,2872,0.9478205428797298,0.9489733593845717
TOI-2076_d,NIRISS_SOSS,obs14,SOSS_HDU4_ordem_2,jw05959014001_04102_00001-seg007_nis_x1dints.fits,seg007,4,153,60694.12577161966,TDB-MID,3448.8368775182453,4.7932491046810135,1778,0.5867402182434889,1.4160298518951635,2873,0.9677137505963854,0.9688907628399274
TOI-2076_d,NIRISS_SOSS,obs14,SOSS_HDU4_ordem_2,jw05959014001_04102_00001-seg007_nis_x1dints.fits,seg007,4,154,60694.12584869851,TDB-MID,3149.0063780951855,4.792961211231211,1778,0.5867402182434889,1.4160298518951635,2874,0.8835839098865325,0.884658596568924
TOI-2076_d,NIRISS_SOSS,obs14,SOSS_HDU4_ordem_2,jw05959014001_04102_00001-seg007_nis_x1dints.fits,seg007,4,155,60694.12592577736,TDB-MID,3345.4153700222087,4.793214957844758,1778,0.5867402182434889,1.4160298518951635,2875,0.9386945715323584,0.9398362882879165
TOI-2076_d,NIRISS_SOSS,obs14,SOSS_HDU4_ordem_2,jw05959014001_04102_00001-seg007_nis_x1dints.fits,seg007,4,156,60694.12600285622,TDB-MID,4050.354332497766,4.804481006420541,1778,0.5867402182434889,1.4160298518951635,2876,1.136494337524665,1.1378766344581932
TOI-2076_d,NIRISS_SOSS,obs14,SOSS_HDU4_ordem_2,jw05959014001_04102_00001-seg007_nis_x1dints.fits,seg007,4,157,60694.12607993507,TDB-MID,3608.270689955468,4.79333466746845,1778,0.5867402182434889,1.4160298518951635,2877,1.012449497192939,1.013680920693359
TOI-2076_d,NIRISS_SOSS,obs14,SOSS_HDU4_ordem_2,jw05959014001_04102_00001-seg007_nis_x1dints.fits,seg007,4,158,60694.12615701392,TDB-MID,3325.4071102930543,4.7931647185005115,1778,0.5867402182434889,1.4160298518951635,2878,0.9330804271836876,0.9342153155598502
TOI-2076_d,NIRISS_SOSS,obs14,SOSS_HDU4_ordem_2,jw05959014001_04102_00001-seg007_nis_x1dints.fits,seg007,4,159,60694.12623409278,TDB-MID,3635.483654988514,4.793555468189284,1778,0.5867402182434889,1.4160298518951635,2879,1.0200852194356005,1.0213259301230242
TOI-2076_d,NIRISS_SOSS,obs14,SOSS_HDU4_ordem_2,jw05959014001_04102_00001-seg007_nis_x1dints.fits,seg007,4,160,60694.126311171625,TDB-MID,3211.6186329363522,4.793134778026643,1778,0.5867402182434889,1.4160298518951635,2880,0.9011523661857016,0.9022484210548648
TOI-2076_d,NIRISS_SOSS,obs14,SOSS_HDU4_ordem_2,jw05959014001_04102_00001-seg007_nis_x1dints.fits,seg007,4,161,60694.12638825048,TDB-MID,3524.8897678413573,4.793416823023073,1778,0.5867402182434889,1.4160298518951635,2881,0.9890535327757137,0.9902565001995806
TOI-2076_d,NIRISS_SOSS,obs14,SOSS_HDU4_ordem_2,jw05959014001_04102_00001-seg007_nis_x1dints.fits,seg007,4,162,60694.12646532933,TDB-MID,3436.5198554307076,4.793308216374353,1778,0.5867402182434889,1.4160298518951635,2882,0.9642577009008466,0.9654305096153973
TOI-2076_d,NIRISS_SOSS,obs14,SOSS_HDU4_ordem_2,jw05959014001_04102_00001-seg007_nis_x1dints.fits,seg007,4,163,60694.12654240818,TDB-MID,3711.229287704398,4.793587442420299,1778,0.5867402182434889,1.4160298518951635,2883,1.0413387877921099,1.0426053487995885
TOI-2076_d,NIRISS_SOSS,obs14,SOSS_HDU4_ordem_2,jw05959014001_04102_00001-seg007_nis_x1dints.fits,seg007,4,164,60694.12661948703,TDB-MID,3414.5504465503623,4.794256994954536,1778,0.5867402182434889,1.4160298518951635,2884,0.9580932750897648,0.9592585861278077
TOI-2076_d,NIRISS_SOSS,obs14,SOSS_HDU4_ordem_2,jw05959014001_04102_00001-seg007_nis_x1dints.fits,seg007,4,165,60694.126696565894,TDB-MID,3815.4090406437344,4.793756855094524,1778,0.5867402182434889,1.4160298518951635,2885,1.070570723958855,1.0718728392268262
TOI-2076_d,NIRISS_SOSS,obs14,SOSS_HDU4_ordem_2,jw05959014001_04102_00001-seg007_nis_x1dints.fits,seg007,4,166,60694.12677364474,TDB-MID,3414.5971151447593,4.793298087408591,1778,0.5867402182434889,1.4160298518951635,2886,0.9581063698930631,0.9592716968580718
TOI-2076_d,NIRISS_SOSS,obs14,SOSS_HDU4_ordem_2,jw05959014001_04102_00001-seg007_nis_x1dints.fits,seg007,4,167,60694.12685072359,TDB-MID,3663.040594338501,4.793603150642632,1778,0.5867402182434889,1.4160298518951635,2887,1.0278174578917498,1.0290675731570536
TOI-2076_d,NIRISS_SOSS,obs14,SOSS_HDU4_ordem_2,jw05959014001_04102_00001-seg007_nis_x1dints.fits,seg007,4,168,60694.12692780245,TDB-MID,3598.9908647878906,4.793901836388499,1778,0.5867402182434889,1.4160298518951635,2888,1.0098456586419382,1.0110739151419381
TOI-2076_d,NIRISS_SOSS,obs14,SOSS_HDU4_ordem_2,jw05959014001_04102_00001-seg007_nis_x1dints.fits,seg007,4,169,60694.1270048813,TDB-MID,3499.2360302444845,4.793486095127759,1778,0.5867402182434889,1.4160298518951635,2889,0.9818553162440726,0.9830495286109981
TOI-2076_d,NIRISS_SOSS,obs14,SOSS_HDU4_ordem_2,jw05959014001_04102_00001-seg007_nis_x1dints.fits,seg007,4,170,60694.12708196015,TDB-MID,3413.375136700767,4.79333543366192,1778,0.5867402182434889,1.4160298518951635,2890,0.9577634933276644,0.9589284032582813
TOI-2076_d,NIRISS_SOSS,obs14,SOSS_HDU4_ordem_2,jw05959014001_04102_00001-seg007_nis_x1dints.fits,seg007,4,171,60694.127159039,TDB-MID,3067.706440909501,4.793946260495682,1778,0.5867402182434889,1.4160298518951635,2891,0.8607718518126745,0.8618187926129426
TOI-2076_d,NIRISS_SOSS,obs14,SOSS_HDU4_ordem_2,jw05959014001_04102_00001-seg007_nis_x1dints.fits,seg007,4,172,60694.127236117856,TDB-MID,3643.389834508699,4.793582476561983,1778,0.5867402182434889,1.4160298518951635,2892,1.02230362491782,1.023547033810588
TOI-2076_d,NIRISS_SOSS,obs14,SOSS_HDU4_ordem_2,jw05959014001_04102_00001-seg007_nis_x1dints.fits,seg007,4,173,60694.12731319671,TDB-MID,3535.2764687974086,4.793420014645852,1778,0.5867402182434889,1.4160298518951635,2893,0.9919679510841077,0.9931744632607794
TOI-2076_d,NIRISS_SOSS,obs14,SOSS_HDU4_ordem_2,jw05959014001_04102_00001-seg007_nis_x1dints.fits,seg007,4,174,60694.127390275564,TDB-MID,3379.924039128977,4.79349065841032,1778,0.5867402182434889,1.4160298518951635,2894,0.9483774051355036,0.9495308989415543
TOI-2076_d,NIRISS_SOSS,obs14,SOSS_HDU4_ordem_2,jw05959014001_04102_00001-seg007_nis_x1dints.fits,seg007,4,175,60694.12746735441,TDB-MID,3670.874738964717,4.793813536051531,1778,0.5867402182434889,1.4160298518951635,2895,1.030015651006759,1.0312684398934806
TOI-2076_d,NIRISS_SOSS,obs14,SOSS_HDU4_ordem_2,jw05959014001_04102_00001-seg007_nis_x1dints.fits,seg007,4,176,60694.127544433264,TDB-MID,3556.056225409161,4.793557756792165,1778,0.5867402182434889,1.4160298518951635,2896,0.9977985707745667,0.9990121746255677
TOI-2076_d,NIRISS_SOSS,obs14,SOSS_HDU4_ordem_2,jw05959014001_04102_00001-seg007_nis_x1dints.fits,seg007,4,177,60694.12762151212,TDB-MID,3649.434136307205,4.793873323152745,1778,0.5867402182434889,1.4160298518951635,2897,1.0239996036407617,1.0252450753209197
TOI-2076_d,NIRISS_SOSS,obs14,SOSS_HDU4_ordem_2,jw05959014001_04102_00001-seg007_nis_x1dints.fits,seg007,4,178,60694.12769859097,TDB-MID,3432.5203864489245,4.793245474197799,1778,0.5867402182434889,1.4160298518951635,2898,0.9631354845519133,0.9643069283355825
TOI-2076_d,NIRISS_SOSS,obs14,SOSS_HDU4_ordem_2,jw05959014001_04102_00001-seg007_nis_x1dints.fits,seg007,4,179,60694.12777566982,TDB-MID,3661.4210855819765,4.7935261611883035,1778,0.5867402182434889,1.4160298518951635,2899,1.0273630377644554,1.0286126003270066
TOI-2076_d,NIRISS_SOSS,obs14,SOSS_HDU4_ordem_2,jw05959014001_04102_00001-seg007_nis_x1dints.fits,seg007,4,180,60694.12785274868,TDB-MID,3038.712992521416,4.79286521057832,1778,0.5867402182434889,1.4160298518951635,2900,0.8526365413648963,0.8536735873383149
TOI-2076_d,NIRISS_SOSS,obs14,SOSS_HDU4_ordem_2,jw05959014001_04102_00001-seg007_nis_x1dints.fits,seg007,4,181,60694.127929827526,TDB-MID,3756.746752940164,4.793756438460017,1778,0.5867402182434889,1.4160298518951635,2901,1.0541105942199742,1.0553926893381635
TOI-2076_d,NIRISS_SOSS,obs14,SOSS_HDU4_ordem_2,jw05959014001_04102_00001-seg007_nis_x1dints.fits,seg007,4,182,60694.12800690637,TDB-MID,3906.1978358526867,4.79386064981463,1778,0.5867402182434889,1.4160298518951635,2902,1.0960452733921713,1.0973783728810065
TOI-2076_d,NIRISS_SOSS,obs14,SOSS_HDU4_ordem_2,jw05959014001_04102_00001-seg007_nis_x1dints.fits,seg007,4,183,60694.12808398523,TDB-MID,3741.5010081766354,4.794344366830036,1778,0.5867402182434889,1.4160298518951635,2903,1.0498327703130443,1.051109662393547
TOI-2076_d,NIRISS_SOSS,obs14,SOSS_HDU4_ordem_2,jw05959014001_04102_00001-seg007_nis_x1dints.fits,seg007,4,184,60694.12816106409,TDB-MID,3224.6241141066953,4.793313494679023,1778,0.5867402182434889,1.4160298518951635,2904,0.9048015915357621,0.9059020848898739
TOI-2076_d,NIRISS_SOSS,obs14,SOSS_HDU4_ordem_2,jw05959014001_04102_00001-seg007_nis_x1dints.fits,seg007,4,185,60694.128238142934,TDB-MID,3779.054820562022,4.793797743428134,1778,0.5867402182434889,1.4160298518951635,2905,1.0603700447401279,1.0616597531116119
TOI-2076_d,NIRISS_SOSS,obs14,SOSS_HDU4_ordem_2,jw05959014001_04102_00001-seg007_nis_x1dints.fits,seg007,4,186,60694.12831522179,TDB-MID,3488.6344213372504,4.793405493119826,1778,0.5867402182434889,1.4160298518951635,2906,0.978880596626322,0.9800711908970811
TOI-2076_d,NIRISS_SOSS,obs14,SOSS_HDU4_ordem_2,jw05959014001_04102_00001-seg007_nis_x1dints.fits,seg007,4,187,60694.12839230064,TDB-MID,3695.2681859464874,4.793903967626146,1778,0.5867402182434889,1.4160298518951635,2907,1.0368602409096859,1.0381213547438548
TOI-2076_d,NIRISS_SOSS,obs14,SOSS_HDU4_ordem_2,jw05959014001_04102_00001-seg007_nis_x1dints.fits,seg007,4,188,60694.128469379495,TDB-MID,3272.851644802162,4.793151194717922,1778,0.5867402182434889,1.4160298518951635,2908,0.918333818854352,0.919450771204966
TOI-2076_d,NIRISS_SOSS,obs14,SOSS_HDU4_ordem_2,jw05959014001_04102_00001-seg007_nis_x1dints.fits,seg007,4,189,60694.12854645835,TDB-MID,3667.5030645211164,4.793598946411204,1778,0.5867402182434889,1.4160298518951635,2909,1.0290695883666625,1.030321226574984
TOI-2076_d,NIRISS_SOSS,obs14,SOSS_HDU4_ordem_2,jw05959014001_04102_00001-seg007_nis_x1dints.fits,seg007,4,190,60694.128623537195,TDB-MID,3669.0470433958762,4.793647806108275,1778,0.5867402182434889,1.4160298518951635,2910,1.0295028154634485,1.030754980597833
TOI-2076_d,NIRISS_SOSS,obs14,SOSS_HDU4_ordem_2,jw05959014001_04102_00001-seg007_nis_x1dints.fits,seg007,4,191,60694.12870061605,TDB-MID,3630.570023891406,4.793529245292724,1778,0.5867402182434889,1.4160298518951635,2911,1.0187064971164832,1.0199455308895828
TOI-2076_d,NIRISS_SOSS,obs14,SOSS_HDU4_ordem_2,jw05959014001_04102_00001-seg007_nis_x1dints.fits,seg007,4,192,60694.12877769491,TDB-MID,3798.934022922195,4.793704953254104,1778,0.5867402182434889,1.4160298518951635,2912,1.065947976709085,1.0672444694155203
TOI-2076_d,NIRISS_SOSS,obs14,SOSS_HDU4_ordem_2,jw05959014001_04102_00001-seg007_nis_x1dints.fits,seg007,4,193,60694.12885477376,TDB-MID,3400.719267788322,4.793411338327102,1778,0.5867402182434889,1.4160298518951635,2913,0.954212366148483,0.9553729569091328
TOI-2076_d,NIRISS_SOSS,obs14,SOSS_HDU4_ordem_2,jw05959014001_04102_00001-seg007_nis_x1dints.fits,seg007,4,194,60694.1289318526,TDB-MID,3443.887273183921,4.793278279162727,1778,0.5867402182434889,1.4160298518951635,2914,0.9663249344985408,0.9675002575508833
TOI-2076_d,NIRISS_SOSS,obs14,SOSS_HDU4_ordem_2,jw05959014001_04102_00001-seg007_nis_x1dints.fits,seg007,4,195,60694.129008931464,TDB-MID,3503.5169472573234,4.7933717284940895,1778,0.5867402182434889,1.4160298518951635,2915,0.983056504472339,0.9842521778221747
TOI-2076_d,NIRISS_SOSS,obs14,SOSS_HDU4_ordem_2,jw05959014001_04102_00001-seg007_nis_x1dints.fits,seg007,4,196,60694.12908601031,TDB-MID,3501.9751302223276,4.7934324969160595,1778,0.5867402182434889,1.4160298518951635,2916,0.982623883969063,0.9838190311306235
TOI-2076_d,NIRISS_SOSS,obs14,SOSS_HDU4_ordem_2,jw05959014001_04102_00001-seg007_nis_x1dints.fits,seg007,4,197,60694.129163089165,TDB-MID,3772.443327983965,4.793731898160371,1778,0.5867402182434889,1.4160298518951635,2917,1.058514917198011,1.0598023692123553
TOI-2076_d,NIRISS_SOSS,obs14,SOSS_HDU4_ordem_2,jw05959014001_04102_00001-seg007_nis_x1dints.fits,seg007,4,198,60694.12924016802,TDB-MID,3474.8610738933603,4.7934087119688416,1778,0.5867402182434889,1.4160298518951635,2918,0.975015914651921,0.9762018083818451
TOI-2076_d,NIRISS_SOSS,obs14,SOSS_HDU4_ordem_2,jw05959014001_04102_00001-seg007_nis_x1dints.fits,seg007,4,199,60694.12931724687,TDB-MID,3443.7277061393434,4.79712706848701,1778,0.5867402182434889,1.4160298518951635,2919,0.96628016136816,0.9674554299637762
TOI-2076_d,NIRISS_SOSS,obs14,SOSS_HDU4_ordem_2,jw05959014001_04102_00001-seg007_nis_x1dints.fits,seg007,4,200,60694.12939432572,TDB-MID,3591.8365832398217,4.793517665848232,1778,0.5867402182434889,1.4160298518951635,2920,1.007838229217011,1.0090640441179226
TOI-2076_d,NIRISS_SOSS,obs14,SOSS_HDU4_ordem_2,jw05959014001_04102_00001-seg007_nis_x1dints.fits,seg007,4,201,60694.12947140458,TDB-MID,3902.5447227154527,4.793912274034828,1778,0.5867402182434889,1.4160298518951635,2921,1.0950202414927415,1.0963520942543346
TOI-2076_d,NIRISS_SOSS,obs14,SOSS_HDU4_ordem_2,jw05959014001_04102_00001-seg007_nis_x1dints.fits,seg007,4,202,60694.129548483426,TDB-MID,3620.95989473284,4.793626546932784,1778,0.5867402182434889,1.4160298518951635,2922,1.0160099781270306,1.017245732174216
TOI-2076_d,NIRISS_SOSS,obs14,SOSS_HDU4_ordem_2,jw05959014001_04102_00001-seg007_nis_x1dints.fits,seg007,4,203,60694.12962556228,TDB-MID,3742.52945966898,4.794523431849914,1778,0.5867402182434889,1.4160298518951635,2923,1.0501213448923326,1.0513985879607308
TOI-2076_d,NIRISS_SOSS,obs14,SOSS_HDU4_ordem_2,jw05959014001_04102_00001-seg007_nis_x1dints.fits,seg007,4,204,60694.129702641134,TDB-MID,3306.07940458548,4.793356341716012,1778,0.5867402182434889,1.4160298518951635,2924,0.9276572403978403,0.9287855326527407
TOI-2076_d,NIRISS_SOSS,obs14,SOSS_HDU4_ordem_2,jw05959014001_04102_00001-seg007_nis_x1dints.fits,seg007,4,205,60694.12977971998,TDB-MID,3631.5429058457557,4.793564672159449,1778,0.5867402182434889,1.4160298518951635,2925,1.0189794793648081,1.0202188451611414
TOI-2076_d,NIRISS_SOSS,obs14,SOSS_HDU4_ordem_2,jw05959014001_04102_00001-seg007_nis_x1dints.fits,seg007,4,206,60694.129856798834,TDB-MID,3387.981788161923,4.793794136737426,1778,0.5867402182434889,1.4160298518951635,2926,0.9506383397099587,0.951794583448698
TOI-2076_d,NIRISS_SOSS,obs14,SOSS_HDU4_ordem_2,jw05959014001_04102_00001-seg007_nis_x1dints.fits,seg007,4,207,60694.129933877695,TDB-MID,3378.413166165447,4.793198698842664,1778,0.5867402182434889,1.4160298518951635,2927,0.9479534672706127,0.94910644544892
TOI-2076_d,NIRISS_SOSS,obs14,SOSS_HDU4_ordem_2,jw05959014001_04102_00001-seg007_nis_x1dints.fits,seg007,4,208,60694.13001095654,TDB-MID,3487.7271344012893,4.793381925152867,1778,0.5867402182434889,1.4160298518951635,2928,0.9786260197719078,0.9798163044055719
TOI-2076_d,NIRISS_SOSS,obs14,SOSS_HDU4_ordem_2,jw05959014001_04102_00001-seg007_nis_x1dints.fits,seg007,4,209,60694.13008803539,TDB-MID,3404.7529551173734,4.793260738094969,1778,0.5867402182434889,1.4160298518951635,2929,0.9553441838692266,0.956506151238728
TOI-2076_d,NIRISS_SOSS,obs14,SOSS_HDU4_ordem_2,jw05959014001_04102_00001-seg007_nis_x1dints.fits,seg007,4,210,60694.13016511425,TDB-MID,4212.054879919704,4.79430027138455,1778,0.5867402182434889,1.4160298518951635,2930,1.1818661103212298,1.1833035920984787
TOI-2076_d,NIRISS_SOSS,obs14,SOSS_HDU4_ordem_2,jw05959014001_04102_00001-seg007_nis_x1dints.fits,seg007,4,211,60694.1302421931,TDB-MID,3734.3420355251214,4.7937883478388095,1778,0.5867402182434889,1.4160298518951635,2931,1.0478240246051294,1.0490984734855733
TOI-2076_d,NIRISS_SOSS,obs14,SOSS_HDU4_ordem_2,jw05959014001_04102_00001-seg007_nis_x1dints.fits,seg007,4,212,60694.13031927195,TDB-MID,3535.400039253512,4.793546557679855,1778,0.5867402182434889,1.4160298518951635,2932,0.9920026238836009,0.993209178232154
TOI-2076_d,NIRISS_SOSS,obs14,SOSS_HDU4_ordem_2,jw05959014001_04102_00001-seg007_nis_x1dints.fits,seg007,4,213,60694.1303963508,TDB-MID,3364.788291505506,4.793753698846057,1778,0.5867402182434889,1.4160298518951635,2933,0.9441304454731698,0.9452787737811409
TOI-2076_d,NIRISS_SOSS,obs14,SOSS_HDU4_ordem_2,jw05959014001_04102_00001-seg007_nis_x1dints.fits,seg007,4,214,60694.13047342966,TDB-MID,3521.279286490484,4.793467063978559,1778,0.5867402182434889,1.4160298518951635,2934,0.9880404629862182,0.9892421982321347
TOI-2076_d,NIRISS_SOSS,obs14,SOSS_HDU4_ordem_2,jw05959014001_04102_00001-seg007_nis_x1dints.fits,seg007,4,215,60694.13055050851,TDB-MID,3476.1483989374465,4.7938736497392975,1778,0.5867402182434889,1.4160298518951635,2935,0.9753771269072091,0.9765634599728839
TOI-2076_d,NIRISS_SOSS,obs14,SOSS_HDU4_ordem_2,jw05959014001_04102_00001-seg007_nis_x1dints.fits,seg007,4,216,60694.13062758736,TDB-MID,3717.212981866573,4.79365404033009,1778,0.5867402182434889,1.4160298518951635,2936,1.0430177605373407,1.0442863636481547
TOI-2076_d,NIRISS_SOSS,obs14,SOSS_HDU4_ordem_2,jw05959014001_04102_00001-seg007_nis_x1dints.fits,seg007,4,217,60694.13070466621,TDB-MID,3549.7183266431307,4.793484204886252,1778,0.5867402182434889,1.4160298518951635,2937,0.9960202112859646,0.997231652151382
TOI-2076_d,NIRISS_SOSS,obs14,SOSS_HDU4_ordem_2,jw05959014001_04102_00001-seg007_nis_x1dints.fits,seg007,4,218,60694.130781745065,TDB-MID,3689.7424151285377,4.793586890822623,1778,0.5867402182434889,1.4160298518951635,2938,1.0353097574878598,1.0365689854978688
TOI-2076_d,NIRISS_SOSS,obs14,SOSS_HDU4_ordem_2,jw05959014001_04102_00001-seg007_nis_x1dints.fits,seg007,4,219,60694.13085882391,TDB-MID,3814.2174796581644,4.793910068461198,1778,0.5867402182434889,1.4160298518951635,2939,1.0702363822687835,1.0715380908831729
TOI-2076_d,NIRISS_SOSS,obs14,SOSS_HDU4_ordem_2,jw05959014001_04102_00001-seg007_nis_x1dints.fits,seg007,4,220,60694.13093590277,TDB-MID,3148.610513618918,4.793298225515755,1778,0.5867402182434889,1.4160298518951635,2940,0.8834728337438613,0.8845473853264056
TOI-2076_d,NIRISS_SOSS,obs14,SOSS_HDU4_ordem_2,jw05959014001_04102_00001-seg007_nis_x1dints.fits,seg007,4,221,60694.13101298162,TDB-MID,3225.8834834376426,4.793092361119746,1778,0.5867402182434889,1.4160298518951635,2941,0.9051549596601235,0.9062558828093152
TOI-2076_d,NIRISS_SOSS,obs14,SOSS_HDU4_ordem_2,jw05959014001_04102_00001-seg007_nis_x1dints.fits,seg007,4,222,60694.13109006047,TDB-MID,3418.0706139538574,4.793302287176399,1778,0.5867402182434889,1.4160298518951635,2942,0.9590810035680147,0.9602475159618423
TOI-2076_d,NIRISS_SOSS,obs14,SOSS_HDU4_ordem_2,jw05959014001_04102_00001-seg007_nis_x1dints.fits,seg007,4,223,60694.13116713933,TDB-MID,3313.026780678341,4.793204409010448,1778,0.5867402182434889,1.4160298518951635,2943,0.9296066139444558,0.9307372771861591
TOI-2076_d,NIRISS_SOSS,obs14,SOSS_HDU4_ordem_2,jw05959014001_04102_00001-seg007_nis_x1dints.fits,seg007,4,224,60694.13124421817,TDB-MID,3825.8566537341967,4.799346676224712,1778,0.5867402182434889,1.4160298518951635,2944,1.0735022336844835,1.0748079144932325
TOI-2076_d,NIRISS_SOSS,obs14,SOSS_HDU4_ordem_2,jw05959014001_04102_00001-seg007_nis_x1dints.fits,seg007,4,225,60694.13132129703,TDB-MID,3553.6527901309328,4.7934596678565,1778,0.5867402182434889,1.4160298518951635,2945,0.9971241876564287,0.9983369712677809
TOI-2076_d,NIRISS_SOSS,obs14,SOSS_HDU4_ordem_2,jw05959014001_04102_00001-seg007_nis_x1dints.fits,seg007,4,226,60694.13139837589,TDB-MID,3271.9303385621897,4.793219652985416,1778,0.5867402182434889,1.4160298518951635,2946,0.9180753083046813,0.91919194623372
TOI-2076_d,NIRISS_SOSS,obs14,SOSS_HDU4_ordem_2,jw05959014001_04102_00001-seg007_nis_x1dints.fits,seg007,4,227,60694.131475454735,TDB-MID,3843.4710180233174,4.793904069951409,1778,0.5867402182434889,1.4160298518951635,2947,1.0784446717109704,1.0797563639152035
TOI-2076_d,NIRISS_SOSS,obs14,SOSS_HDU4_ordem_2,jw05959014001_04102_00001-seg007_nis_x1dints.fits,seg007,4,228,60694.13155253358,TDB-MID,3227.792543626856,4.793110464348066,1778,0.5867402182434889,1.4160298518951635,2948,0.9056906254110498,0.9067922000805355
TOI-2076_d,NIRISS_SOSS,obs14,SOSS_HDU4_ordem_2,jw05959014001_04102_00001-seg007_nis_x1dints.fits,seg007,4,229,60694.13162961244,TDB-MID,3521.9517726350887,4.7952702274914305,1778,0.5867402182434889,1.4160298518951635,2949,0.9882291567726543,0.989431121523315
TOI-2076_d,NIRISS_SOSS,obs14,SOSS_HDU4_ordem_2,jw05959014001_04102_00001-seg007_nis_x1dints.fits,seg007,4,230,60694.131706691296,TDB-MID,3808.129141335039,4.793774998710709,1778,0.5867402182434889,1.4160298518951635,2950,1.0685280472785212,1.0698276780768226
TOI-2076_d,NIRISS_SOSS,obs14,SOSS_HDU4_ordem_2,jw05959014001_04102_00001-seg007_nis_x1dints.fits,seg007,4,231,60694.13178377014,TDB-MID,3374.938423329617,4.793230982427358,1778,0.5867402182434889,1.4160298518951635,2951,0.9469784845325371,0.9481302768574665
TOI-2076_d,NIRISS_SOSS,obs14,SOSS_HDU4_ordem_2,jw05959014001_04102_00001-seg007_nis_x1dints.fits,seg007,4,232,60694.131860849,TDB-MID,3644.50985261113,4.793561919639675,1778,0.5867402182434889,1.4160298518951635,2952,1.0226178922946576,1.0238616834249936
TOI-2076_d,NIRISS_SOSS,obs14,SOSS_HDU4_ordem_2,jw05959014001_04102_00001-seg007_nis_x1dints.fits,seg007,4,233,60694.13193792785,TDB-MID,3630.474395845569,4.7936000594998145,1778,0.5867402182434889,1.4160298518951635,2953,1.0186796647152458,1.0199186658525947
TOI-2076_d,NIRISS_SOSS,obs14,SOSS_HDU4_ordem_2,jw05959014001_04102_00001-seg007_nis_x1dints.fits,seg007,4,234,60694.132015006704,TDB-MID,3633.1971887550935,4.793644289548609,1778,0.5867402182434889,1.4160298518951635,2954,1.019443656818134,1.0206835871848738
TOI-2076_d,NIRISS_SOSS,obs14,SOSS_HDU4_ordem_2,jw05959014001_04102_00001-seg007_nis_x1dints.fits,seg007,4,235,60694.13209208556,TDB-MID,3887.466427559821,4.793883352526197,1778,0.5867402182434889,1.4160298518951635,2955,1.0907894024951734,1.0921161093659515
TOI-2076_d,NIRISS_SOSS,obs14,SOSS_HDU4_ordem_2,jw05959014001_04102_00001-seg007_nis_x1dints.fits,seg007,4,236,60694.132169164404,TDB-MID,3903.8451022794834,4.794092514711046,1778,0.5867402182434889,1.4160298518951635,2956,1.095385116733235,1.0967174132857993
TOI-2076_d,NIRISS_SOSS,obs14,SOSS_HDU4_ordem_2,jw05959014001_04102_00001-seg007_nis_x1dints.fits,seg007,4,237,60694.13224624326,TDB-MID,3559.97220550476,4.793438634186902,1778,0.5867402182434889,1.4160298518951635,2957,0.9988973608653001,1.00011230115426
TOI-2076_d,NIRISS_SOSS,obs14,SOSS_HDU4_ordem_2,jw05959014001_04102_00001-seg007_nis_x1dints.fits,seg007,4,238,60694.13232332211,TDB-MID,3192.093850502344,4.7930282583339165,1778,0.5867402182434889,1.4160298518951635,2958,0.8956738813776904,0.8967632728676352
TOI-2076_d,NIRISS_SOSS,obs14,SOSS_HDU4_ordem_2,jw05959014001_04102_00001-seg007_nis_x1dints.fits,seg007,4,239,60694.132400400966,TDB-MID,3507.249612526715,4.793401779464018,1778,0.5867402182434889,1.4160298518951635,2959,0.984103858010893,0.9853008052373655
TOI-2076_d,NIRISS_SOSS,obs14,SOSS_HDU4_ordem_2,jw05959014001_04102_00001-seg007_nis_x1dints.fits,seg007,4,240,60694.13247747981,TDB-MID,3718.1505175718135,4.793704891286783,1778,0.5867402182434889,1.4160298518951635,2960,1.04328082493437,1.0445497480055193
TOI-2076_d,NIRISS_SOSS,obs14,SOSS_HDU4_ordem_2,jw05959014001_04102_00001-seg007_nis_x1dints.fits,seg007,4,241,60694.13255455867,TDB-MID,3497.53696560971,4.794372935530933,1778,0.5867402182434889,1.4160298518951635,2961,0.9813785734265328,0.9825722059400327
TOI-2076_d,NIRISS_SOSS,obs14,SOSS_HDU4_ordem_2,jw05959014001_04102_00001-seg007_nis_x1dints.fits,seg007,4,242,60694.13263163752,TDB-MID,3128.0779806774326,4.7929342735232545,1778,0.5867402182434889,1.4160298518951635,2962,0.8777115828735834,0.8787791271538048
TOI-2076_d,NIRISS_SOSS,obs14,SOSS_HDU4_ordem_2,jw05959014001_04102_00001-seg007_nis_x1dints.fits,seg007,4,243,60694.132708716366,TDB-MID,3538.747522847919,4.793411830173647,1778,0.5867402182434889,1.4160298518951635,2963,0.9929418987809785,0.9941495955521268
TOI-2076_d,NIRISS_SOSS,obs14,SOSS_HDU4_ordem_2,jw05959014001_04102_00001-seg007_nis_x1dints.fits,seg007,4,244,60694.13278579523,TDB-MID,3267.7424993495997,4.793200563453767,1778,0.5867402182434889,1.4160298518951635,2964,0.9169002369008328,0.9180154456123694
TOI-2076_d,NIRISS_SOSS,obs14,SOSS_HDU4_ordem_2,jw05959014001_04102_00001-seg007_nis_x1dints.fits,seg007,4,245,60694.13286287408,TDB-MID,3334.116001797348,4.793205021055415,1778,0.5867402182434889,1.4160298518951635,2965,0.9355240666947628,0.9366619272242317
TOI-2076_d,NIRISS_SOSS,obs14,SOSS_HDU4_ordem_2,jw05959014001_04102_00001-seg007_nis_x1dints.fits,seg007,4,246,60694.13293995293,TDB-MID,4049.8048138599434,4.79411456188293,1778,0.5867402182434889,1.4160298518951635,2966,1.1363401473553656,1.1377222567502578
TOI-2076_d,NIRISS_SOSS,obs14,SOSS_HDU4_ordem_2,jw05959014001_04102_00001-seg007_nis_x1dints.fits,seg007,4,247,60694.13301703178,TDB-MID,3427.84546042291,4.793353985935421,1778,0.5867402182434889,1.4160298518951635,2967,0.9618237408078455,0.9629935891419861
TOI-2076_d,NIRISS_SOSS,obs14,SOSS_HDU4_ordem_2,jw05959014001_04102_00001-seg007_nis_x1dints.fits,seg007,4,248,60694.133094110635,TDB-MID,3661.9371068395485,4.793638828798823,1778,0.5867402182434889,1.4160298518951635,2968,1.0275078288590438,1.0287575675283114
TOI-2076_d,NIRISS_SOSS,obs14,SOSS_HDU4_ordem_2,jw05959014001_04102_00001-seg007_nis_x1dints.fits,seg007,4,249,60694.13317118949,TDB-MID,3480.1674484203586,4.793337138624031,1778,0.5867402182434889,1.4160298518951635,2969,0.9765048373751336,0.9776925420540846
TOI-2076_d,NIRISS_SOSS,obs14,SOSS_HDU4_ordem_2,jw05959014001_04102_00001-seg007_nis_x1dints.fits,seg007,4,250,60694.133248268336,TDB-MID,3291.3895351461133,4.793795610403046,1778,0.5867402182434889,1.4160298518951635,2970,0.9235353902913284,0.9246586692165759
TOI-2076_d,NIRISS_SOSS,obs14,SOSS_HDU4_ordem_2,jw05959014001_04102_00001-seg007_nis_x1dints.fits,seg007,4,251,60694.13332534719,TDB-MID,3719.631724895751,4.793640756762922,1778,0.5867402182434889,1.4160298518951635,2971,1.0436964388777843,1.0449658674524462
TOI-2076_d,NIRISS_SOSS,obs14,SOSS_HDU4_ordem_2,jw05959014001_04102_00001-seg007_nis_x1dints.fits,seg007,4,252,60694.13340242604,TDB-MID,3699.364736343622,4.793633399565152,1778,0.5867402182434889,1.4160298518951635,2972,1.0380096974627517,1.0392722093595559
TOI-2076_d,NIRISS_SOSS,obs14,SOSS_HDU4_ordem_2,jw05959014001_04102_00001-seg007_nis_x1dints.fits,seg007,4,253,60694.1334795049,TDB-MID,3153.8917051751628,4.793073460962001,1778,0.5867402182434889,1.4160298518951635,2973,0.8849546903436403,0.8860310442808169
TOI-2076_d,NIRISS_SOSS,obs14,SOSS_HDU4_ordem_2,jw05959014001_04102_00001-seg007_nis_x1dints.fits,seg007,4,254,60694.13355658375,TDB-MID,3359.1805868746055,4.793290764135271,1778,0.5867402182434889,1.4160298518951635,2974,0.9425569721332215,0.9437033866548226
TOI-2076_d,NIRISS_SOSS,obs14,SOSS_HDU4_ordem_2,jw05959014001_04102_00001-seg007_nis_x1dints.fits,seg007,4,255,60694.1336336626,TDB-MID,3753.296857835083,4.793799220535087,1778,0.5867402182434889,1.4160298518951635,2975,1.0531425835398913,1.0544235012846872
TOI-2076_d,NIRISS_SOSS,obs14,SOSS_HDU4_ordem_2,jw05959014001_04102_00001-seg007_nis_x1dints.fits,seg007,4,256,60694.13371074145,TDB-MID,3481.5299544824716,4.793396424783908,1778,0.5867402182434889,1.4160298518951635,2976,0.9768871447727878,0.9780753144451187
TOI-2076_d,NIRISS_SOSS,obs14,SOSS_HDU4_ordem_2,jw05959014001_04102_00001-seg007_nis_x1dints.fits,seg007,4,257,60694.133787820305,TDB-MID,3707.101034319711,4.793797128145941,1778,0.5867402182434889,1.4160298518951635,2977,1.0401804356553794,1.0414455877806899
TOI-2076_d,NIRISS_SOSS,obs14,SOSS_HDU4_ordem_2,jw05959014001_04102_00001-seg007_nis_x1dints.fits,seg007,4,258,60694.13386489916,TDB-MID,3339.7190859598923,4.793269169127325,1778,0.5867402182434889,1.4160298518951635,2978,0.9370962435713174,0.938236016310292
TOI-2076_d,NIRISS_SOSS,obs14,SOSS_HDU4_ordem_2,jw05959014001_04102_00001-seg007_nis_x1dints.fits,seg007,4,259,60694.133941978005,TDB-MID,3950.450353649738,4.793955677275226,1778,0.5867402182434889,1.4160298518951635,2979,1.108462146526958,1.109810348427738
TOI-2076_d,NIRISS_SOSS,obs14,SOSS_HDU4_ordem_2,jw05959014001_04102_00001-seg007_nis_x1dints.fits,seg007,4,260,60694.134019056866,TDB-MID,3177.371087607604,4.793026177796547,1778,0.5867402182434889,1.4160298518951635,2980,0.8915428016525563,0.8926271685870346
TOI-2076_d,NIRISS_SOSS,obs14,SOSS_HDU4_ordem_2,jw05959014001_04102_00001-seg007_nis_x1dints.fits,seg007,4,261,60694.13409613571,TDB-MID,3384.7601546970927,4.793192057390958,1778,0.5867402182434889,1.4160298518951635,2981,0.9497343772687019,0.95088952153473
TOI-2076_d,NIRISS_SOSS,obs14,SOSS_HDU4_ordem_2,jw05959014001_04102_00001-seg007_nis_x1dints.fits,seg007,4,262,60694.13417321457,TDB-MID,3657.248716851326,4.793611463254174,1778,0.5867402182434889,1.4160298518951635,2982,1.0261923072438184,1.027440445868603
TOI-2076_d,NIRISS_SOSS,obs14,SOSS_HDU4_ordem_2,jw05959014001_04102_00001-seg007_nis_x1dints.fits,seg007,4,263,60694.13425029342,TDB-MID,3688.860933439718,4.793717037110144,1778,0.5867402182434889,1.4160298518951635,2983,1.035062421362243,1.0363213485419207
TOI-2076_d,NIRISS_SOSS,obs14,SOSS_HDU4_ordem_2,jw05959014001_04102_00001-seg007_nis_x1dints.fits,seg007,4,264,60694.134327372274,TDB-MID,3900.870700999436,4.793878686731234,1778,0.5867402182434889,1.4160298518951635,2984,1.0945505255012586,1.0958818069560239
TOI-2076_d,NIRISS_SOSS,obs14,SOSS_HDU4_ordem_2,jw05959014001_04102_00001-seg007_nis_x1dints.fits,seg007,4,265,60694.13440445112,TDB-MID,3318.5232457883285,4.793195698641442,1778,0.5867402182434889,1.4160298518951635,2985,0.9311488744385026,0.9322814135029718
TOI-2076_d,NIRISS_SOSS,obs14,SOSS_HDU4_ordem_2,jw05959014001_04102_00001-seg007_nis_x1dints.fits,seg007,4,266,60694.134481529974,TDB-MID,3935.122915939489,4.793994579925909,1778,0.5867402182434889,1.4160298518951635,2986,1.1041614002868831,1.105504371269969
TOI-2076_d,NIRISS_SOSS,obs14,SOSS_HDU4_ordem_2,jw05959014001_04102_00001-seg007_nis_x1dints.fits,seg007,4,267,60694.13455860883,TDB-MID,3372.2686486511107,4.793342969301386,1778,0.5867402182434889,1.4160298518951635,2987,0.9462293688859763,0.9473802500754721
TOI-2076_d,NIRISS_SOSS,obs14,SOSS_HDU4_ordem_2,jw05959014001_04102_00001-seg007_nis_x1dints.fits,seg007,4,268,60694.13463568768,TDB-MID,3353.1667971876386,4.793493709628419,1778,0.5867402182434889,1.4160298518951635,2988,0.9408695548444513,0.9420139169917757
TOI-2076_d,NIRISS_SOSS,obs14,SOSS_HDU4_ordem_2,jw05959014001_04102_00001-seg007_nis_x1dints.fits,seg007,4,269,60694.134712766536,TDB-MID,4235.185565222622,4.794352516199339,1778,0.5867402182434889,1.4160298518951635,2989,1.188356380236361,1.1898017560082434
TOI-2076_d,NIRISS_SOSS,obs14,SOSS_HDU4_ordem_2,jw05959014001_04102_00001-seg007_nis_x1dints.fits,seg007,4,270,60694.13478984538,TDB-MID,3614.118930790457,4.7935186160174625,1778,0.5867402182434889,1.4160298518951635,2990,1.014090462907992,1.0153238822845032
TOI-2076_d,NIRISS_SOSS,obs14,SOSS_HDU4_ordem_2,jw05959014001_04102_00001-seg007_nis_x1dints.fits,seg007,4,271,60694.134866924236,TDB-MID,3045.721517724136,4.792848490909951,1778,0.5867402182434889,1.4160298518951635,2991,0.8546030728220043,0.8556425106510732
TOI-2076_d,NIRISS_SOSS,obs14,SOSS_HDU4_ordem_2,jw05959014001_04102_00001-seg007_nis_x1dints.fits,seg007,4,272,60694.13494400309,TDB-MID,3562.8368264324454,4.793624579338117,1778,0.5867402182434889,1.4160298518951635,2992,0.9997011486814296,1.0009170666025669
TOI-2076_d,NIRISS_SOSS,obs14,SOSS_HDU4_ordem_2,jw05959014001_04102_00001-seg007_nis_x1dints.fits,seg007,4,273,60694.135021081944,TDB-MID,3602.1234879846043,4.793571150985063,1778,0.5867402182434889,1.4160298518951635,2993,1.0107246455730565,1.0119539711685188
TOI-2076_d,NIRISS_SOSS,obs14,SOSS_HDU4_ordem_2,jw05959014001_04102_00001-seg007_nis_x1dints.fits,seg007,4,274,60694.13509816079,TDB-MID,3833.8809498123082,4.796005328240792,1778,0.5867402182434889,1.4160298518951635,2994,1.0757537816496145,1.0770622009742938
TOI-2076_d,NIRISS_SOSS,obs14,SOSS_HDU4_ordem_2,jw05959014001_04102_00001-seg007_nis_x1dints.fits,seg007,4,275,60694.135175239644,TDB-MID,3748.9014178504326,4.793746320494367,1778,0.5867402182434889,1.4160298518951635,2995,1.0519092611578458,1.0531886788355578
TOI-2076_d,NIRISS_SOSS,obs14,SOSS_HDU4_ordem_2,jw05959014001_04102_00001-seg007_nis_x1dints.fits,seg007,4,276,60694.135252318505,TDB-MID,3733.227007601281,4.7937002004481295,1778,0.5867402182434889,1.4160298518951635,2996,1.0475111574291742,1.0487852257750885
TOI-2076_d,NIRISS_SOSS,obs14,SOSS_HDU4_ordem_2,jw05959014001_04102_00001-seg007_nis_x1dints.fits,seg007,4,277,60694.13532939735,TDB-MID,3943.1271098915963,4.794252442893189,1778,0.5867402182434889,1.4160298518951635,2997,1.106407307769602,1.107753010408204
TOI-2076_d,NIRISS_SOSS,obs14,SOSS_HDU4_ordem_2,jw05959014001_04102_00001-seg007_nis_x1dints.fits,seg007,4,278,60694.1354064762,TDB-MID,3359.2991084489277,4.793697323202902,1778,0.5867402182434889,1.4160298518951635,2998,0.9425902282602252,0.9437366832306352
TOI-2076_d,NIRISS_SOSS,obs14,SOSS_HDU4_ordem_2,jw05959014001_04102_00001-seg007_nis_x1dints.fits,seg007,4,279,60694.13548355506,TDB-MID,3690.3818204224262,4.794089037438834,1778,0.5867402182434889,1.4160298518951635,2999,1.035489169074164,1.0367486152991499
TOI-2076_d,NIRISS_SOSS,obs14,SOSS_HDU4_ordem_2,jw05959014001_04102_00001-seg007_nis_x1dints.fits,seg007,4,280,60694.135560633906,TDB-MID,3392.895443683144,4.793427970848114,1778,0.5867402182434889,1.4160298518951635,3000,0.9520170688822707,0.9531749895436695
TOI-2076_d,NIRISS_SOSS,obs14,SOSS_HDU4_ordem_2,jw05959014001_04102_00001-seg007_nis_x1dints.fits,seg007,4,281,60694.13563771276,TDB-MID,3668.8403860658555,4.7935409409226315,1778,0.5867402182434889,1.4160298518951635,3001,1.029444829206915,1.0306969238136938
TOI-2076_d,NIRISS_SOSS,obs14,SOSS_HDU4_ordem_2,jw05959014001_04102_00001-seg007_nis_x1dints.fits,seg007,4,282,60694.13571479161,TDB-MID,3623.4968925394355,4.79356957830013,1778,0.5867402182434889,1.4160298518951635,3002,1.0167218377335778,1.017958457602368
TOI-2076_d,NIRISS_SOSS,obs14,SOSS_HDU4_ordem_2,jw05959014001_04102_00001-seg007_nis_x1dints.fits,seg007,4,283,60694.13579187047,TDB-MID,3484.663904885573,4.79341479509893,1778,0.5867402182434889,1.4160298518951635,3003,0.9777665041065209,0.9789557433272609
TOI-2076_d,NIRISS_SOSS,obs14,SOSS_HDU4_ordem_2,jw05959014001_04102_00001-seg007_nis_x1dints.fits,seg007,4,284,60694.13586894931,TDB-MID,3251.422135766239,4.793188072797832,1778,0.5867402182434889,1.4160298518951635,3004,0.9123208842624687,0.9134305231925285
TOI-2076_d,NIRISS_SOSS,obs14,SOSS_HDU4_ordem_2,jw05959014001_04102_00001-seg007_nis_x1dints.fits,seg007,4,285,60694.13594602817,TDB-MID,3577.9986711201386,4.793489405428796,1778,0.5867402182434889,1.4160298518951635,3005,1.0039554309539056,1.0051765232794772
TOI-2076_d,NIRISS_SOSS,obs14,SOSS_HDU4_ordem_2,jw05959014001_04102_00001-seg007_nis_x1dints.fits,seg007,4,286,60694.13602310702,TDB-MID,3565.5056358296974,4.793509123629119,1778,0.5867402182434889,1.4160298518951635,3006,1.0004499934784326,1.0016668222055742
TOI-2076_d,NIRISS_SOSS,obs14,SOSS_HDU4_ordem_2,jw05959014001_04102_00001-seg007_nis_x1dints.fits,seg007,4,287,60694.136100185875,TDB-MID,3374.9448348054166,4.793270224500596,1778,0.5867402182434889,1.4160298518951635,3007,0.9469802835371038,0.9481320780501291
TOI-2076_d,NIRISS_SOSS,obs14,SOSS_HDU4_ordem_2,jw05959014001_04102_00001-seg007_nis_x1dints.fits,seg007,4,288,60694.13617726472,TDB-MID,3781.2686273112604,4.793703783746656,1778,0.5867402182434889,1.4160298518951635,3008,1.0609912197357811,1.0622816836308635
TOI-2076_d,NIRISS_SOSS,obs14,SOSS_HDU4_ordem_2,jw05959014001_04102_00001-seg007_nis_x1dints.fits,seg007,4,289,60694.136254343575,TDB-MID,3590.615561052886,4.79349868577863,1778,0.5867402182434889,1.4160298518951635,3009,1.0074956209690584,1.0087210191619276
TOI-2076_d,NIRISS_SOSS,obs14,SOSS_HDU4_ordem_2,jw05959014001_04102_00001-seg007_nis_x1dints.fits,seg007,4,290,60694.13633142243,TDB-MID,3646.1261971820604,4.793558878997786,1778,0.5867402182434889,1.4160298518951635,3010,1.023071424578886,1.024315767332107
TOI-2076_d,NIRISS_SOSS,obs14,SOSS_HDU4_ordem_2,jw05959014001_04102_00001-seg007_nis_x1dints.fits,seg007,4,291,60694.13640850128,TDB-MID,3546.9729382954433,4.793385438770505,1778,0.5867402182434889,1.4160298518951635,3011,0.995249879098872,0.996460383023572
TOI-2076_d,NIRISS_SOSS,obs14,SOSS_HDU4_ordem_2,jw05959014001_04102_00001-seg007_nis_x1dints.fits,seg007,4,292,60694.13648558014,TDB-MID,4181.8341950480535,4.7943201631296795,1778,0.5867402182434889,1.4160298518951635,3012,1.1733864479476992,1.1748136160692533
TOI-2076_d,NIRISS_SOSS,obs14,SOSS_HDU4_ordem_2,jw05959014001_04102_00001-seg007_nis_x1dints.fits,seg007,4,293,60694.13656265898,TDB-MID,3330.0066657751777,4.794025701866447,1778,0.5867402182434889,1.4160298518951635,3013,0.9343710226060737,0.9355074807094544
TOI-2076_d,NIRISS_SOSS,obs14,SOSS_HDU4_ordem_2,jw05959014001_04102_00001-seg007_nis_x1dints.fits,seg007,4,294,60694.13663973784,TDB-MID,3098.1083539910837,4.792975584674666,1778,0.5867402182434889,1.4160298518951635,3014,0.8693023652519342,0.8703596815571029
TOI-2076_d,NIRISS_SOSS,obs14,SOSS_HDU4_ordem_2,jw05959014001_04102_00001-seg007_nis_x1dints.fits,seg007,4,295,60694.1367168167,TDB-MID,3707.9085589644656,4.793692807793891,1778,0.5867402182434889,1.4160298518951635,3015,1.0404070200751208,1.0416724477908483
TOI-2076_d,NIRISS_SOSS,obs14,SOSS_HDU4_ordem_2,jw05959014001_04102_00001-seg007_nis_x1dints.fits,seg007,4,296,60694.136793895545,TDB-MID,3153.292783485621,4.7930683481661465,1778,0.5867402182434889,1.4160298518951635,3016,0.8847866381060068,0.8858627876443711
TOI-2076_d,NIRISS_SOSS,obs14,SOSS_HDU4_ordem_2,jw05959014001_04102_00001-seg007_nis_x1dints.fits,seg007,4,297,60694.13687097439,TDB-MID,3415.146016571159,4.793277896300336,1778,0.5867402182434889,1.4160298518951635,3017,0.9582603868781839,0.9594259011711883
TOI-2076_d,NIRISS_SOSS,obs14,SOSS_HDU4_ordem_2,jw05959014001_04102_00001-seg007_nis_x1dints.fits,seg007,4,298,60694.13694805325,TDB-MID,3387.543940417865,4.793258040579839,1778,0.5867402182434889,1.4160298518951635,3018,0.9505154834260462,0.9516715777369714
TOI-2076_d,NIRISS_SOSS,obs14,SOSS_HDU4_ordem_2,jw05959014001_04102_00001-seg007_nis_x1dints.fits,seg007,4,299,60694.1370251321,TDB-MID,3721.408148610063,4.793765900623451,1778,0.5867402182434889,1.4160298518951635,3019,1.0441948879828815,1.045464922811923
TOI-2076_d,NIRISS_SOSS,obs14,SOSS_HDU4_ordem_2,jw05959014001_04102_00001-seg007_nis_x1dints.fits,seg007,4,300,60694.13710221095,TDB-MID,3492.160327090632,4.793390012053964,1778,0.5867402182434889,1.4160298518951635,3020,0.9798699352358388,0.9810617328207553
TOI-2076_d,NIRISS_SOSS,obs14,SOSS_HDU4_ordem_2,jw05959014001_04102_00001-seg007_nis_x1dints.fits,seg007,4,301,60694.137179289806,TDB-MID,3385.696361377045,4.793261767031214,1778,0.5867402182434889,1.4160298518951635,3021,0.9499970687527486,0.9511525325255449
TOI-2076_d,NIRISS_SOSS,obs14,SOSS_HDU4_ordem_2,jw05959014001_04102_00001-seg007_nis_x1dints.fits,seg007,4,302,60694.13725636866,TDB-MID,3416.5204504318826,4.793353436784136,1778,0.5867402182434889,1.4160298518951635,3022,0.9586460411127978,0.9598120244698778
TOI-2076_d,NIRISS_SOSS,obs14,SOSS_HDU4_ordem_2,jw05959014001_04102_00001-seg007_nis_x1dints.fits,seg007,4,303,60694.13733344751,TDB-MID,3815.6288307509953,4.793767469221887,1778,0.5867402182434889,1.4160298518951635,3023,1.0706323951589132,1.0719345854364184
TOI-2076_d,NIRISS_SOSS,obs14,SOSS_HDU4_ordem_2,jw05959014001_04102_00001-seg007_nis_x1dints.fits,seg007,4,304,60694.13741052636,TDB-MID,3260.783421845732,4.793170393325127,1778,0.5867402182434889,1.4160298518951635,3024,0.9149475800396579,0.9160604137709573
TOI-2076_d,NIRISS_SOSS,obs14,SOSS_HDU4_ordem_2,jw05959014001_04102_00001-seg007_nis_x1dints.fits,seg007,4,305,60694.137487605214,TDB-MID,3849.337758852051,4.793783980741561,1778,0.5867402182434889,1.4160298518951635,3025,1.080090828364003,1.0814045227579685
TOI-2076_d,NIRISS_SOSS,obs14,SOSS_HDU4_ordem_2,jw05959014001_04102_00001-seg007_nis_x1dints.fits,seg007,4,306,60694.13756468407,TDB-MID,3345.59863232839,4.793288616566727,1778,0.5867402182434889,1.4160298518951635,3026,0.9387459933478736,0.93988777264683
TOI-2076_d,NIRISS_SOSS,obs14,SOSS_HDU4_ordem_2,jw05959014001_04102_00001-seg007_nis_x1dints.fits,seg007,4,307,60694.137641762914,TDB-MID,3590.8052978958276,4.7934931997769015,1778,0.5867402182434889,1.4160298518951635,3027,1.0075488594834996,1.0087743224293841
TOI-2076_d,NIRISS_SOSS,obs14,SOSS_HDU4_ordem_2,jw05959014001_04102_00001-seg007_nis_x1dints.fits,seg007,4,308,60694.13771884177,TDB-MID,3517.185372507183,4.793419921149014,1778,0.5867402182434889,1.4160298518951635,3028,0.9868917461880349,0.9880920842710661
TOI-2076_d,NIRISS_SOSS,obs14,SOSS_HDU4_ordem_2,jw05959014001_04102_00001-seg007_nis_x1dints.fits,seg007,4,309,60694.13779592062,TDB-MID,3579.9770092715976,4.793453389984256,1778,0.5867402182434889,1.4160298518951635,3029,1.0045105355008837,1.0057323029897953
TOI-2076_d,NIRISS_SOSS,obs14,SOSS_HDU4_ordem_2,jw05959014001_04102_00001-seg007_nis_x1dints.fits,seg007,4,310,60694.137872999476,TDB-MID,3501.215042854397,4.793499272240487,1778,0.5867402182434889,1.4160298518951635,3030,0.98241061003825,0.9836054977986936
TOI-2076_d,NIRISS_SOSS,obs14,SOSS_HDU4_ordem_2,jw05959014001_04102_00001-seg007_nis_x1dints.fits,seg007,4,311,60694.13795007833,TDB-MID,3586.246281141912,4.79350587926564,1778,0.5867402182434889,1.4160298518951635,3031,1.006269638877062,1.0074935459307055
TOI-2076_d,NIRISS_SOSS,obs14,SOSS_HDU4_ordem_2,jw05959014001_04102_00001-seg007_nis_x1dints.fits,seg007,4,312,60694.138027157176,TDB-MID,3919.9997403920465,4.793822349451909,1778,0.5867402182434889,1.4160298518951635,3032,1.0999179682401712,1.1012557780157506
TOI-2076_d,NIRISS_SOSS,obs14,SOSS_HDU4_ordem_2,jw05959014001_04102_00001-seg007_nis_x1dints.fits,seg007,4,313,60694.13810423603,TDB-MID,3790.538254104533,4.793603570807105,1778,0.5867402182434889,1.4160298518951635,3033,1.0635921967113002,1.064885824126322
TOI-2076_d,NIRISS_SOSS,obs14,SOSS_HDU4_ordem_2,jw05959014001_04102_00001-seg007_nis_x1dints.fits,seg007,4,314,60694.13818131489,TDB-MID,3402.2797919345467,4.79334196717218,1778,0.5867402182434889,1.4160298518951635,3034,0.9546502357051104,0.9558113590383612
TOI-2076_d,NIRISS_SOSS,obs14,SOSS_HDU4_ordem_2,jw05959014001_04102_00001-seg007_nis_x1dints.fits,seg007,4,315,60694.13825839374,TDB-MID,3446.4415434233447,4.793462552045981,1778,0.5867402182434889,1.4160298518951635,3035,0.9670416406001087,0.9682178353687578
TOI-2076_d,NIRISS_SOSS,obs14,SOSS_HDU4_ordem_2,jw05959014001_04102_00001-seg007_nis_x1dints.fits,seg007,4,316,60694.138335472584,TDB-MID,3927.043902124252,4.793891629830914,1778,0.5867402182434889,1.4160298518951635,3036,1.1018944989987338,1.103234712791928
TOI-2076_d,NIRISS_SOSS,obs14,SOSS_HDU4_ordem_2,jw05959014001_04102_00001-seg007_nis_x1dints.fits,seg007,4,317,60694.13841255144,TDB-MID,3335.799842420662,4.793255406630325,1778,0.5867402182434889,1.4160298518951635,3037,0.9359965377865723,0.9371349729738462
TOI-2076_d,NIRISS_SOSS,obs14,SOSS_HDU4_ordem_2,jw05959014001_04102_00001-seg007_nis_x1dints.fits,seg007,4,318,60694.1384896303,TDB-MID,3796.3421848643857,4.794036480277978,1778,0.5867402182434889,1.4160298518951635,3038,1.0652207294031277,1.0665163375721856
TOI-2076_d,NIRISS_SOSS,obs14,SOSS_HDU4_ordem_2,jw05959014001_04102_00001-seg007_nis_x1dints.fits,seg007,4,319,60694.138566709145,TDB-MID,3486.7355226978966,4.793648839454273,1778,0.5867402182434889,1.4160298518951635,3039,0.9783477821182569,0.9795377283366357
TOI-2076_d,NIRISS_SOSS,obs14,SOSS_HDU4_ordem_2,jw05959014001_04102_00001-seg007_nis_x1dints.fits,seg007,4,320,60694.13864378799,TDB-MID,3796.0431989418457,4.793875986670034,1778,0.5867402182434889,1.4160298518951635,3040,1.0651368365433747,1.0664323426751068
TOI-2076_d,NIRISS_SOSS,obs14,SOSS_HDU4_ordem_2,jw05959014001_04102_00001-seg007_nis_x1dints.fits,seg007,4,321,60694.13872086685,TDB-MID,3722.144668996097,4.79368389128204,1778,0.5867402182434889,1.4160298518951635,3041,1.0444015492227348,1.04567183541
TOI-2076_d,NIRISS_SOSS,obs14,SOSS_HDU4_ordem_2,jw05959014001_04102_00001-seg007_nis_x1dints.fits,seg007,4,322,60694.1387979457,TDB-MID,3177.810121256575,4.792968748107789,1778,0.5867402182434889,1.4160298518951635,3042,0.891665990691114,0.8927505074581297
TOI-2076_d,NIRISS_SOSS,obs14,SOSS_HDU4_ordem_2,jw05959014001_04102_00001-seg007_nis_x1dints.fits,seg007,4,323,60694.13887502455,TDB-MID,4021.74048676223,4.7940750886759025,1778,0.5867402182434889,1.4160298518951635,3043,1.1284655402926986,1.1298380719494217
TOI-2076_d,NIRISS_SOSS,obs14,SOSS_HDU4_ordem_2,jw05959014001_04102_00001-seg007_nis_x1dints.fits,seg007,4,324,60694.13895210341,TDB-MID,3473.169779255308,4.793355262308449,1778,0.5867402182434889,1.4160298518951635,3044,0.9745413520281501,0.9757266685563777
TOI-2076_d,NIRISS_SOSS,obs14,SOSS_HDU4_ordem_2,jw05959014001_04102_00001-seg007_nis_x1dints.fits,seg007,4,325,60694.13902918226,TDB-MID,3623.9702061491494,4.793588954223076,1778,0.5867402182434889,1.4160298518951635,3045,1.016854645432153,1.0180914268324779
TOI-2076_d,NIRISS_SOSS,obs14,SOSS_HDU4_ordem_2,jw05959014001_04102_00001-seg007_nis_x1dints.fits,seg007,4,326,60694.13910626111,TDB-MID,3610.5068797460053,4.793650576014371,1778,0.5867402182434889,1.4160298518951635,3046,1.0130769526760766,1.0143091393389354
TOI-2076_d,NIRISS_SOSS,obs14,SOSS_HDU4_ordem_2,jw05959014001_04102_00001-seg007_nis_x1dints.fits,seg007,4,327,60694.13918333996,TDB-MID,3604.6689489400833,4.793545752514625,1778,0.5867402182434889,1.4160298518951635,3047,1.011438879865864,1.012669074171218
TOI-2076_d,NIRISS_SOSS,obs14,SOSS_HDU4_ordem_2,jw05959014001_04102_00001-seg007_nis_x1dints.fits,seg007,4,328,60694.139260418815,TDB-MID,3758.1392200361997,4.793752218327866,1778,0.5867402182434889,1.4160298518951635,3048,1.0545013084241952,1.055783878760807
TOI-2076_d,NIRISS_SOSS,obs14,SOSS_HDU4_ordem_2,jw05959014001_04102_00001-seg007_nis_x1dints.fits,seg007,4,329,60694.13933749767,TDB-MID,3878.726417566509,4.793862592264591,1778,0.5867402182434889,1.4160298518951635,3049,1.0883370314056586,1.089660755503074
TOI-2076_d,NIRISS_SOSS,obs14,SOSS_HDU4_ordem_2,jw05959014001_04102_00001-seg007_nis_x1dints.fits,seg007,4,330,60694.139414576515,TDB-MID,3219.3223862420937,4.793099470792889,1778,0.5867402182434889,1.4160298518951635,3050,0.9033139726257641,0.9044126566166527
TOI-2076_d,NIRISS_SOSS,obs14,SOSS_HDU4_ordem_2,jw05959014001_04102_00001-seg007_nis_x1dints.fits,seg007,4,331,60694.13949165537,TDB-MID,2993.1148354473153,4.792940809623037,1778,0.5867402182434889,1.4160298518951635,3051,0.8398420935062276,0.8408635778305844
TOI-2076_d,NIRISS_SOSS,obs14,SOSS_HDU4_ordem_2,jw05959014001_04102_00001-seg007_nis_x1dints.fits,seg007,4,332,60694.13956873422,TDB-MID,3331.7739180637095,4.793239573140159,1778,0.5867402182434889,1.4160298518951635,3052,0.934866898288549,0.9360039595163032
TOI-2076_d,NIRISS_SOSS,obs14,SOSS_HDU4_ordem_2,jw05959014001_04102_00001-seg007_nis_x1dints.fits,seg007,4,333,60694.13964581308,TDB-MID,3878.1892702702403,4.793901068599364,1778,0.5867402182434889,1.4160298518951635,3053,1.0881863125276265,1.0895098533084726
TOI-2076_d,NIRISS_SOSS,obs14,SOSS_HDU4_ordem_2,jw05959014001_04102_00001-seg007_nis_x1dints.fits,seg007,4,334,60694.13972289193,TDB-MID,3773.892589829861,4.793711478658957,1778,0.5867402182434889,1.4160298518951635,3054,1.0589215675170305,1.0602095141325973
TOI-2076_d,NIRISS_SOSS,obs14,SOSS_HDU4_ordem_2,jw05959014001_04102_00001-seg007_nis_x1dints.fits,seg007,4,335,60694.13979997078,TDB-MID,3475.286672871293,4.793373071577298,1778,0.5867402182434889,1.4160298518951635,3055,0.9751353340381698,0.9763213730156731
TOI-2076_d,NIRISS_SOSS,obs14,SOSS_HDU4_ordem_2,jw05959014001_04102_00001-seg007_nis_x1dints.fits,seg007,4,336,60694.13987704963,TDB-MID,4222.924490907473,4.794288137024359,1778,0.5867402182434889,1.4160298518951635,3056,1.1849160290010796,1.186357220337716
TOI-2076_d,NIRISS_SOSS,obs14,SOSS_HDU4_ordem_2,jw05959014001_04102_00001-seg007_nis_x1dints.fits,seg007,4,337,60694.13995412849,TDB-MID,3458.5799090584683,4.793397465372616,1778,0.5867402182434889,1.4160298518951635,3057,0.9704475608427988,0.9716278981689177
TOI-2076_d,NIRISS_SOSS,obs14,SOSS_HDU4_ordem_2,jw05959014001_04102_00001-seg007_nis_x1dints.fits,seg007,4,338,60694.14003120734,TDB-MID,3756.27702500005,4.793907879111769,1778,0.5867402182434889,1.4160298518951635,3058,1.0539787926292263,1.055260727439591
TOI-2076_d,NIRISS_SOSS,obs14,SOSS_HDU4_ordem_2,jw05959014001_04102_00001-seg007_nis_x1dints.fits,seg007,4,339,60694.140108286185,TDB-MID,3474.0511917127214,4.79352468392485,1778,0.5867402182434889,1.4160298518951635,3059,0.974788668728034,0.9759742860629658
TOI-2076_d,NIRISS_SOSS,obs14,SOSS_HDU4_ordem_2,jw05959014001_04102_00001-seg007_nis_x1dints.fits,seg007,4,340,60694.14018536504,TDB-MID,3697.2820081909595,4.793698675002124,1778,0.5867402182434889,1.4160298518951635,3060,1.037425301985765,1.0386871030932154
TOI-2076_d,NIRISS_SOSS,obs14,SOSS_HDU4_ordem_2,jw05959014001_04102_00001-seg007_nis_x1dints.fits,seg007,4,341,60694.14026244389,TDB-MID,3759.5711936807265,4.793707460094423,1778,0.5867402182434889,1.4160298518951635,3061,1.0549031078236777,1.056186166861429
TOI-2076_d,NIRISS_SOSS,obs14,SOSS_HDU4_ordem_2,jw05959014001_04102_00001-seg007_nis_x1dints.fits,seg007,4,342,60694.140339522746,TDB-MID,3705.102568115448,4.793639413559881,1778,0.5867402182434889,1.4160298518951635,3062,1.0396196833511535,1.0408841534438618
TOI-2076_d,NIRISS_SOSS,obs14,SOSS_HDU4_ordem_2,jw05959014001_04102_00001-seg007_nis_x1dints.fits,seg007,4,343,60694.14041660159,TDB-MID,3514.4957024454875,4.7934066183656485,1778,0.5867402182434889,1.4160298518951635,3063,0.9861370480693048,0.9873364682270451
TOI-2076_d,NIRISS_SOSS,obs14,SOSS_HDU4_ordem_2,jw05959014001_04102_00001-seg007_nis_x1dints.fits,seg007,4,344,60694.140493680454,TDB-MID,3499.8030793178787,4.793313378978183,1778,0.5867402182434889,1.4160298518951635,3064,0.9820144253017272,0.9832088311900414
TOI-2076_d,NIRISS_SOSS,obs14,SOSS_HDU4_ordem_2,jw05959014001_04102_00001-seg007_nis_x1dints.fits,seg007,4,345,60694.1405707593,TDB-MID,3785.150168532935,4.793764724179989,1778,0.5867402182434889,1.4160298518951635,3065,1.0620803465768347,1.0633721351566456
TOI-2076_d,NIRISS_SOSS,obs14,SOSS_HDU4_ordem_2,jw05959014001_04102_00001-seg007_nis_x1dints.fits,seg007,4,346,60694.14064783815,TDB-MID,3384.1986899394565,4.793242161988009,1778,0.5867402182434889,1.4160298518951635,3066,0.9495768351216721,0.9507317877721158
TOI-2076_d,NIRISS_SOSS,obs14,SOSS_HDU4_ordem_2,jw05959014001_04102_00001-seg007_nis_x1dints.fits,seg007,4,347,60694.14072491701,TDB-MID,3532.691036627556,4.793414651862241,1778,0.5867402182434889,1.4160298518951635,3067,0.991242501214817,0.9924481310402999
TOI-2076_d,NIRISS_SOSS,obs14,SOSS_HDU4_ordem_2,jw05959014001_04102_00001-seg007_nis_x1dints.fits,seg007,4,348,60694.14080199586,TDB-MID,3906.635270392761,4.793836818300899,1778,0.5867402182434889,1.4160298518951635,3068,1.0961680137346255,1.0975012625102574
TOI-2076_d,NIRISS_SOSS,obs14,SOSS_HDU4_ordem_2,jw05959014001_04102_00001-seg007_nis_x1dints.fits,seg007,4,349,60694.14087907471,TDB-MID,3573.248652278389,4.793408702734659,1778,0.5867402182434889,1.4160298518951635,3069,1.0026226168162706,1.0038420880647856
TOI-2076_d,NIRISS_SOSS,obs14,SOSS_HDU4_ordem_2,jw05959014001_04102_00001-seg007_nis_x1dints.fits,seg007,4,350,60694.140956153555,TDB-MID,3571.09078731495,4.793482808219475,1778,0.5867402182434889,1.4160298518951635,3070,1.0020171386010897,1.0032358734177083
TOI-2076_d,NIRISS_SOSS,obs14,SOSS_HDU4_ordem_2,jw05959014001_04102_00001-seg007_nis_x1dints.fits,seg007,4,351,60694.141033232416,TDB-MID,3118.897112264625,4.7929397180597855,1778,0.5867402182434889,1.4160298518951635,3071,0.8751355107307097,0.876199921782277
TOI-2076_d,NIRISS_SOSS,obs14,SOSS_HDU4_ordem_2,jw05959014001_04102_00001-seg007_nis_x1dints.fits,seg007,4,352,60694.14111031127,TDB-MID,3932.260329176931,4.7940311385414365,1778,0.5867402182434889,1.4160298518951635,3072,1.1033581832398665,1.1047001772849911
TOI-2076_d,NIRISS_SOSS,obs14,SOSS_HDU4_ordem_2,jw05959014001_04102_00001-seg007_nis_x1dints.fits,seg007,4,353,60694.141187390116,TDB-MID,3500.6358007344984,4.793400561796573,1778,0.5867402182434889,1.4160298518951635,3073,0.9822480797173745,0.9834427697952104
TOI-2076_d,NIRISS_SOSS,obs14,SOSS_HDU4_ordem_2,jw05959014001_04102_00001-seg007_nis_x1dints.fits,seg007,4,354,60694.14126446897,TDB-MID,3378.531596592749,4.793213018755848,1778,0.5867402182434889,1.4160298518951635,3074,0.9479866978225522,0.949139716418562
TOI-2076_d,NIRISS_SOSS,obs14,SOSS_HDU4_ordem_2,jw05959014001_04102_00001-seg007_nis_x1dints.fits,seg007,4,355,60694.141341547824,TDB-MID,3882.5441761989086,4.793869874514746,1778,0.5867402182434889,1.4160298518951635,3075,1.0894082614047096,1.0907332884192569
TOI-2076_d,NIRISS_SOSS,obs14,SOSS_HDU4_ordem_2,jw05959014001_04102_00001-seg007_nis_x1dints.fits,seg007,4,356,60694.14141862668,TDB-MID,3609.794686322283,4.793527192068587,1778,0.5867402182434889,1.4160298518951635,3076,1.0128771173711038,1.0141090609779964
TOI-2076_d,NIRISS_SOSS,obs14,SOSS_HDU4_ordem_2,jw05959014001_04102_00001-seg007_nis_x1dints.fits,seg007,4,357,60694.14149570553,TDB-MID,3620.1612526514373,4.7936418776115906,1778,0.5867402182434889,1.4160298518951635,3077,1.0157858860776166,1.0170213675658084
TOI-2076_d,NIRISS_SOSS,obs14,SOSS_HDU4_ordem_2,jw05959014001_04102_00001-seg007_nis_x1dints.fits,seg007,4,358,60694.14157278438,TDB-MID,3499.6604550569205,4.793390661210932,1778,0.5867402182434889,1.4160298518951635,3078,0.9819744061696548,0.9831687633834427
TOI-2076_d,NIRISS_SOSS,obs14,SOSS_HDU4_ordem_2,jw05959014001_04102_00001-seg007_nis_x1dints.fits,seg007,4,359,60694.14164986323,TDB-MID,3738.6782189247865,4.793653720196106,1778,0.5867402182434889,1.4160298518951635,3079,1.0490407201027672,1.0503166488273246
TOI-2076_d,NIRISS_SOSS,obs14,SOSS_HDU4_ordem_2,jw05959014001_04102_00001-seg007_nis_x1dints.fits,seg007,4,360,60694.14172694208,TDB-MID,3635.3608622267834,4.793501884131256,1778,0.5867402182434889,1.4160298518951635,3080,1.0200507648504111,1.0212914336313637
TOI-2076_d,NIRISS_SOSS,obs14,SOSS_HDU4_ordem_2,jw05959014001_04102_00001-seg007_nis_x1dints.fits,seg007,4,361,60694.14180402094,TDB-MID,3456.340205639845,4.793417852739384,1778,0.5867402182434889,1.4160298518951635,3081,0.9698191194660588,0.9709986924306149
TOI-2076_d,NIRISS_SOSS,obs14,SOSS_HDU4_ordem_2,jw05959014001_04102_00001-seg007_nis_x1dints.fits,seg007,4,362,60694.141881099786,TDB-MID,3568.623491627556,4.793515310519605,1778,0.5867402182434889,1.4160298518951635,3082,1.001324836805362,1.0025427295881773
TOI-2076_d,NIRISS_SOSS,obs14,SOSS_HDU4_ordem_2,jw05959014001_04102_00001-seg007_nis_x1dints.fits,seg007,4,363,60694.14195817864,TDB-MID,3532.4257605233897,4.794426433797573,1778,0.5867402182434889,1.4160298518951635,3083,0.9911680670380718,0.9923736063306495
TOI-2076_d,NIRISS_SOSS,obs14,SOSS_HDU4_ordem_2,jw05959014001_04102_00001-seg007_nis_x1dints.fits,seg007,4,364,60694.14203525749,TDB-MID,3818.073112418419,4.793836454007542,1778,0.5867402182434889,1.4160298518951635,3084,1.0713182394200076,1.0726212638771366
TOI-2076_d,NIRISS_SOSS,obs14,SOSS_HDU4_ordem_2,jw05959014001_04102_00001-seg007_nis_x1dints.fits,seg007,4,365,60694.14211233635,TDB-MID,3447.101392477209,4.7933619245829,1778,0.5867402182434889,1.4160298518951635,3085,0.9672267885283581,0.9684032084889901
TOI-2076_d,NIRISS_SOSS,obs14,SOSS_HDU4_ordem_2,jw05959014001_04102_00001-seg007_nis_x1dints.fits,seg007,4,366,60694.14218941519,TDB-MID,3549.3900503524223,4.793451018713606,1778,0.5867402182434889,1.4160298518951635,3086,0.9959280998026456,0.9971394286345784
TOI-2076_d,NIRISS_SOSS,obs14,SOSS_HDU4_ordem_2,jw05959014001_04102_00001-seg007_nis_x1dints.fits,seg007,4,367,60694.142266494055,TDB-MID,3844.2767280874978,4.793765114671668,1778,0.5867402182434889,1.4160298518951635,3087,1.078670746975122,1.0799827141504958
TOI-2076_d,NIRISS_SOSS,obs14,SOSS_HDU4_ordem_2,jw05959014001_04102_00001-seg007_nis_x1dints.fits,seg007,4,368,60694.1423435729,TDB-MID,3540.5325817199428,4.7934731302304785,1778,0.5867402182434889,1.4160298518951635,3088,0.9934427708365234,0.9946510768090409
TOI-2076_d,NIRISS_SOSS,obs14,SOSS_HDU4_ordem_2,jw05959014001_04102_00001-seg007_nis_x1dints.fits,seg007,4,369,60694.14242065175,TDB-MID,3509.2605717336774,4.793404654991369,1778,0.5867402182434889,1.4160298518951635,3089,0.9846681157434495,0.9858657492661118
TOI-2076_d,NIRISS_SOSS,obs14,SOSS_HDU4_ordem_2,jw05959014001_04102_00001-seg007_nis_x1dints.fits,seg007,4,370,60694.1424977306,TDB-MID,3968.1298929484374,4.794020156143189,1778,0.5867402182434889,1.4160298518951635,3090,1.113422872096522,1.1147771076355848
TOI-2076_d,NIRISS_SOSS,obs14,SOSS_HDU4_ordem_2,jw05959014001_04102_00001-seg007_nis_x1dints.fits,seg007,4,371,60694.14257480946,TDB-MID,3695.7802872308166,4.793630725594161,1778,0.5867402182434889,1.4160298518951635,3091,1.037003932093741,1.0382652206968255
TOI-2076_d,NIRISS_SOSS,obs14,SOSS_HDU4_ordem_2,jw05959014001_04102_00001-seg007_nis_x1dints.fits,seg007,4,372,60694.14265188831,TDB-MID,3734.1476551561173,4.793749274421154,1778,0.5867402182434889,1.4160298518951635,3092,1.0477694831575017,1.0490438657001968
TOI-2076_d,NIRISS_SOSS,obs14,SOSS_HDU4_ordem_2,jw05959014001_04102_00001-seg007_nis_x1dints.fits,seg007,4,373,60694.142728967156,TDB-MID,3750.623397689679,4.79372231383802,1778,0.5867402182434889,1.4160298518951635,3093,1.0523924337832462,1.0536724391348395
TOI-2076_d,NIRISS_SOSS,obs14,SOSS_HDU4_ordem_2,jw05959014001_04102_00001-seg007_nis_x1dints.fits,seg007,4,374,60694.14280604602,TDB-MID,3711.4493750336565,4.793668994726781,1778,0.5867402182434889,1.4160298518951635,3094,1.0414005423900856,1.042667178508534
TOI-2076_d,NIRISS_SOSS,obs14,SOSS_HDU4_ordem_2,jw05959014001_04102_00001-seg007_nis_x1dints.fits,seg007,4,375,60694.14288312487,TDB-MID,3915.7240126135493,4.793986595389686,1778,0.5867402182434889,1.4160298518951635,3095,1.0987182360661067,1.1000545866297478
TOI-2076_d,NIRISS_SOSS,obs14,SOSS_HDU4_ordem_2,jw05959014001_04102_00001-seg007_nis_x1dints.fits,seg007,4,376,60694.14296020372,TDB-MID,3796.437358959074,4.793630422834194,1778,0.5867402182434889,1.4160298518951635,3096,1.0652474344296052,1.0665430750794902
TOI-2076_d,NIRISS_SOSS,obs14,SOSS_HDU4_ordem_2,jw05959014001_04102_00001-seg007_nis_x1dints.fits,seg007,4,377,60694.14303728257,TDB-MID,3268.8669252108343,4.793073223640207,1778,0.5867402182434889,1.4160298518951635,3097,0.9172157410566066,0.9183313335099821
TOI-2076_d,NIRISS_SOSS,obs14,SOSS_HDU4_ordem_2,jw05959014001_04102_00001-seg007_nis_x1dints.fits,seg007,4,378,60694.143114361425,TDB-MID,3377.0119066740945,4.793216861894054,1778,0.5867402182434889,1.4160298518951635,3098,0.9475602859964345,0.9487127859556679
TOI-2076_d,NIRISS_SOSS,obs14,SOSS_HDU4_ordem_2,jw05959014001_04102_00001-seg007_nis_x1dints.fits,seg007,4,379,60694.14319144028,TDB-MID,3706.6925745479057,4.7939945040325505,1778,0.5867402182434889,1.4160298518951635,3099,1.0400658253818933,1.041330838108859
TOI-2076_d,NIRISS_SOSS,obs14,SOSS_HDU4_ordem_2,jw05959014001_04102_00001-seg007_nis_x1dints.fits,seg007,4,380,60694.143268519125,TDB-MID,3428.3707524583674,4.79336444528913,1778,0.5867402182434889,1.4160298518951635,3100,0.9619711332023958,0.9631411608071656
TOI-2076_d,NIRISS_SOSS,obs14,SOSS_HDU4_ordem_2,jw05959014001_04102_00001-seg007_nis_x1dints.fits,seg007,4,381,60694.14334559798,TDB-MID,3397.752727948233,4.793261063123327,1778,0.5867402182434889,1.4160298518951635,3101,0.9533799807684553,0.9545395591142427
TOI-2076_d,NIRISS_SOSS,obs14,SOSS_HDU4_ordem_2,jw05959014001_04102_00001-seg007_nis_x1dints.fits,seg007,4,382,60694.14342267683,TDB-MID,3862.4219251734053,4.793856249292042,1778,0.5867402182434889,1.4160298518951635,3102,1.0837621320857886,1.0850802918182156
TOI-2076_d,NIRISS_SOSS,obs14,SOSS_HDU4_ordem_2,jw05959014001_04102_00001-seg007_nis_x1dints.fits,seg007,4,383,60694.14349975568,TDB-MID,3846.9260975337547,4.793854846954534,1778,0.5867402182434889,1.4160298518951635,3103,1.0794141370902839,1.080727008437234
TOI-2076_d,NIRISS_SOSS,obs14,SOSS_HDU4_ordem_2,jw05959014001_04102_00001-seg007_nis_x1dints.fits,seg007,4,384,60694.14357683454,TDB-MID,3599.9330172405134,4.793674785335192,1778,0.5867402182434889,1.4160298518951635,3104,1.010110018458288,1.0113385964942176
TOI-2076_d,NIRISS_SOSS,obs14,SOSS_HDU4_ordem_2,jw05959014001_04102_00001-seg007_nis_x1dints.fits,seg007,4,385,60694.14365391339,TDB-MID,3740.4678811788,4.79378002948811,1778,0.5867402182434889,1.4160298518951635,3105,1.0495428838274192,1.0508194233243788
TOI-2076_d,NIRISS_SOSS,obs14,SOSS_HDU4_ordem_2,jw05959014001_04102_00001-seg007_nis_x1dints.fits,seg007,4,386,60694.14373099224,TDB-MID,3539.877411152465,4.793622733674348,1778,0.5867402182434889,1.4160298518951635,3106,0.9932589356510244,0.9944670180282235
TOI-2076_d,NIRISS_SOSS,obs14,SOSS_HDU4_ordem_2,jw05959014001_04102_00001-seg007_nis_x1dints.fits,seg007,4,387,60694.14380807109,TDB-MID,3607.826134547254,4.793465856118637,1778,0.5867402182434889,1.4160298518951635,3107,1.0123247587965727,1.0135560305800002
TOI-2076_d,NIRISS_SOSS,obs14,SOSS_HDU4_ordem_2,jw05959014001_04102_00001-seg007_nis_x1dints.fits,seg007,4,388,60694.14388514994,TDB-MID,2890.7119015197686,4.792740582660092,1778,0.5867402182434889,1.4160298518951635,3108,0.8111087173616275,0.8120952538147779
TOI-2076_d,NIRISS_SOSS,obs14,SOSS_HDU4_ordem_2,jw05959014001_04102_00001-seg007_nis_x1dints.fits,seg007,4,389,60694.143962228794,TDB-MID,3365.0519956228354,4.793227187243722,1778,0.5867402182434889,1.4160298518951635,3109,0.9442044385640266,0.9453528568684184
TOI-2076_d,NIRISS_SOSS,obs14,SOSS_HDU4_ordem_2,jw05959014001_04102_00001-seg007_nis_x1dints.fits,seg007,4,390,60694.14403930765,TDB-MID,3816.1903005951585,4.793840110130391,1778,0.5867402182434889,1.4160298518951635,3110,1.0707899387331785,1.072092320628004
TOI-2076_d,NIRISS_SOSS,obs14,SOSS_HDU4_ordem_2,jw05959014001_04102_00001-seg007_nis_x1dints.fits,seg007,4,391,60694.1441163865,TDB-MID,3740.970554225566,4.793699401126707,1778,0.5867402182434889,1.4160298518951635,3111,1.049683929529691,1.050960640577916
TOI-2076_d,NIRISS_SOSS,obs14,SOSS_HDU4_ordem_2,jw05959014001_04102_00001-seg007_nis_x1dints.fits,seg007,4,392,60694.14419346535,TDB-MID,3451.8628188414737,4.793322151675689,1778,0.5867402182434889,1.4160298518951635,3112,0.9685628035179875,0.9697408484488128
TOI-2076_d,NIRISS_SOSS,obs14,SOSS_HDU4_ordem_2,jw05959014001_04102_00001-seg007_nis_x1dints.fits,seg007,4,393,60694.1442705442,TDB-MID,3662.4976849292448,4.793624018462017,1778,0.5867402182434889,1.4160298518951635,3113,1.0276651222147308,1.0289150521969825
TOI-2076_d,NIRISS_SOSS,obs14,SOSS_HDU4_ordem_2,jw05959014001_04102_00001-seg007_nis_x1dints.fits,seg007,4,394,60694.14434762306,TDB-MID,3658.0081168762845,4.793655708735949,1778,0.5867402182434889,1.4160298518951635,3114,1.0264053883121478,1.0276537861034745
TOI-2076_d,NIRISS_SOSS,obs14,SOSS_HDU4_ordem_2,jw05959014001_04102_00001-seg007_nis_x1dints.fits,seg007,4,395,60694.14442470191,TDB-MID,3659.03877646606,4.79361606949978,1778,0.5867402182434889,1.4160298518951635,3115,1.0266945824644464,1.0279433319972437
TOI-2076_d,NIRISS_SOSS,obs14,SOSS_HDU4_ordem_2,jw05959014001_04102_00001-seg007_nis_x1dints.fits,seg007,4,396,60694.14450178076,TDB-MID,3891.3325420484234,4.793957448947396,1778,0.5867402182434889,1.4160298518951635,3116,1.0918742007285687,1.0932022270192698
TOI-2076_d,NIRISS_SOSS,obs14,SOSS_HDU4_ordem_2,jw05959014001_04102_00001-seg007_nis_x1dints.fits,seg007,4,397,60694.14457885961,TDB-MID,3893.047146888749,4.7942384102904745,1778,0.5867402182434889,1.4160298518951635,3117,1.0923553039931615,1.0936839154408189
TOI-2076_d,NIRISS_SOSS,obs14,SOSS_HDU4_ordem_2,jw05959014001_04102_00001-seg007_nis_x1dints.fits,seg007,4,398,60694.14465593847,TDB-MID,3535.8958937839343,4.793569697750989,1778,0.5867402182434889,1.4160298518951635,3118,0.9921417563692551,0.9933484799420639
TOI-2076_d,NIRISS_SOSS,obs14,SOSS_HDU4_ordem_2,jw05959014001_04102_00001-seg007_nis_x1dints.fits,seg007,4,399,60694.14473301732,TDB-MID,3646.892984167966,4.793662519840193,1778,0.5867402182434889,1.4160298518951635,3119,1.0232865783644638,1.0245311828052346
TOI-2076_d,NIRISS_SOSS,obs14,SOSS_HDU4_ordem_2,jw05959014001_04102_00001-seg007_nis_x1dints.fits,seg007,4,400,60694.144810096164,TDB-MID,3609.8762948323556,4.793554539431124,1778,0.5867402182434889,1.4160298518951635,3120,1.0129000160120567,1.0141319874701404
TOI-2076_d,NIRISS_SOSS,obs14,SOSS_HDU4_ordem_2,jw05959014001_04102_00001-seg007_nis_x1dints.fits,seg007,4,401,60694.144887175025,TDB-MID,3646.3214669419367,4.793487079163759,1778,0.5867402182434889,1.4160298518951635,3121,1.0231262155818874,1.024370624976387
TOI-2076_d,NIRISS_SOSS,obs14,SOSS_HDU4_ordem_2,jw05959014001_04102_00001-seg007_nis_x1dints.fits,seg007,4,402,60694.14496425387,TDB-MID,3729.583068791962,4.793712418558368,1778,0.5867402182434889,1.4160298518951635,3122,1.0464886997666802,1.047761524516349
TOI-2076_d,NIRISS_SOSS,obs14,SOSS_HDU4_ordem_2,jw05959014001_04102_00001-seg007_nis_x1dints.fits,seg007,4,403,60694.145041332726,TDB-MID,3732.3589040840125,4.7937312747943475,1778,0.5867402182434889,1.4160298518951635,3123,1.0472675751025997,1.048541347183859
TOI-2076_d,NIRISS_SOSS,obs14,SOSS_HDU4_ordem_2,jw05959014001_04102_00001-seg007_nis_x1dints.fits,seg007,4,404,60694.14511841157,TDB-MID,3467.724993285597,4.793368085326671,1778,0.5867402182434889,1.4160298518951635,3124,0.973013592253169,0.9741970505955858
TOI-2076_d,NIRISS_SOSS,obs14,SOSS_HDU4_ordem_2,jw05959014001_04102_00001-seg007_nis_x1dints.fits,seg007,4,405,60694.14519549043,TDB-MID,3361.9093258776447,4.793213633463921,1778,0.5867402182434889,1.4160298518951635,3125,0.943322632658439,0.944469978438702
TOI-2076_d,NIRISS_SOSS,obs14,SOSS_HDU4_ordem_2,jw05959014001_04102_00001-seg007_nis_x1dints.fits,seg007,4,406,60694.14527256928,TDB-MID,3461.0708666753135,4.793810910919758,1778,0.5867402182434889,1.4160298518951635,3126,0.9711465019709477,0.9723276894061663
TOI-2076_d,NIRISS_SOSS,obs14,SOSS_HDU4_ordem_2,jw05959014001_04102_00001-seg007_nis_x1dints.fits,seg007,4,407,60694.14534964813,TDB-MID,3494.1139793708567,4.7935828872850195,1778,0.5867402182434889,1.4160298518951635,3127,0.980418113141202,0.9816105774647134
TOI-2076_d,NIRISS_SOSS,obs14,SOSS_HDU4_ordem_2,jw05959014001_04102_00001-seg007_nis_x1dints.fits,seg007,4,408,60694.14542672699,TDB-MID,3714.3779367085044,4.79425117737794,1778,0.5867402182434889,1.4160298518951635,3128,1.042222271425951,1.0434899069981485
TOI-2076_d,NIRISS_SOSS,obs14,SOSS_HDU4_ordem_2,jw05959014001_04102_00001-seg007_nis_x1dints.fits,seg007,4,409,60694.14550380584,TDB-MID,3649.304206534901,4.793757877017613,1778,0.5867402182434889,1.4160298518951635,3129,1.0239631464722334,1.0252085738102152
TOI-2076_d,NIRISS_SOSS,obs14,SOSS_HDU4_ordem_2,jw05959014001_04102_00001-seg007_nis_x1dints.fits,seg007,4,410,60694.14558088469,TDB-MID,3556.354388355831,4.79351719979218,1778,0.5867402182434889,1.4160298518951635,3130,0.99788223271442,0.9990959383218829
TOI-2076_d,NIRISS_SOSS,obs14,SOSS_HDU4_ordem_2,jw05959014001_04102_00001-seg007_nis_x1dints.fits,seg007,4,411,60694.145657963534,TDB-MID,3527.227680454309,4.793385212115274,1778,0.5867402182434889,1.4160298518951635,3131,0.9897095308015972,0.9909132961036669
TOI-2076_d,NIRISS_SOSS,obs14,SOSS_HDU4_ordem_2,jw05959014001_04102_00001-seg007_nis_x1dints.fits,seg007,4,412,60694.145735042395,TDB-MID,3275.7255016717972,4.793210295720935,1778,0.5867402182434889,1.4160298518951635,3132,0.9191401981957817,0.920258131330597
TOI-2076_d,NIRISS_SOSS,obs14,SOSS_HDU4_ordem_2,jw05959014001_04102_00001-seg007_nis_x1dints.fits,seg007,4,413,60694.14581212125,TDB-MID,3603.262243784846,4.793453264453963,1778,0.5867402182434889,1.4160298518951635,3133,1.0110441705855755,1.01227388481337
TOI-2076_d,NIRISS_SOSS,obs14,SOSS_HDU4_ordem_2,jw05959014001_04102_00001-seg007_nis_x1dints.fits,seg007,4,414,60694.145889200096,TDB-MID,3839.626291027362,4.793801641117449,1778,0.5867402182434889,1.4160298518951635,3134,1.0773658746227321,1.0786762547061233
TOI-2076_d,NIRISS_SOSS,obs14,SOSS_HDU4_ordem_2,jw05959014001_04102_00001-seg007_nis_x1dints.fits,seg007,4,415,60694.14596627895,TDB-MID,3495.7333113769478,4.79336220526262,1778,0.5867402182434889,1.4160298518951635,3135,0.9808724836738562,0.9820655006397988
TOI-2076_d,NIRISS_SOSS,obs14,SOSS_HDU4_ordem_2,jw05959014001_04102_00001-seg007_nis_x1dints.fits,seg007,4,416,60694.1460433578,TDB-MID,3953.4110561317098,4.793865024581496,1778,0.5867402182434889,1.4160298518951635,3136,1.1092928939948667,1.1106421063183471
TOI-2076_d,NIRISS_SOSS,obs14,SOSS_HDU4_ordem_2,jw05959014001_04102_00001-seg007_nis_x1dints.fits,seg007,4,417,60694.14612043666,TDB-MID,3404.6361949697684,4.793221365786799,1778,0.5867402182434889,1.4160298518951635,3137,0.9553114219833005,0.9564733495051291
TOI-2076_d,NIRISS_SOSS,obs14,SOSS_HDU4_ordem_2,jw05959014001_04102_00001-seg007_nis_x1dints.fits,seg007,4,418,60694.1461975155,TDB-MID,3708.4536409502007,4.7936776010323205,1778,0.5867402182434889,1.4160298518951635,3138,1.0405599653582789,1.041825579098511
TOI-2076_d,NIRISS_SOSS,obs14,SOSS_HDU4_ordem_2,jw05959014001_04102_00001-seg007_nis_x1dints.fits,seg007,4,419,60694.14627459436,TDB-MID,3402.2144053926563,4.793266883968107,1778,0.5867402182434889,1.4160298518951635,3139,0.9546318888078988,0.9557929898261597
TOI-2076_d,NIRISS_SOSS,obs14,SOSS_HDU4_ordem_2,jw05959014001_04102_00001-seg007_nis_x1dints.fits,seg007,4,420,60694.14635167321,TDB-MID,3811.096714171118,4.7937539575494315,1778,0.5867402182434889,1.4160298518951635,3140,1.0693607225082749,1.0706613660739774
TOI-2076_d,NIRISS_SOSS,obs14,SOSS_HDU4_ordem_2,jw05959014001_04102_00001-seg007_nis_x1dints.fits,seg007,4,421,60694.146428752065,TDB-MID,3473.5940798117404,4.793310127875522,1778,0.5867402182434889,1.4160298518951635,3141,0.9746604070885739,0.9758458684212582
TOI-2076_d,NIRISS_SOSS,obs14,SOSS_HDU4_ordem_2,jw05959014001_04102_00001-seg007_nis_x1dints.fits,seg007,4,422,60694.14650583092,TDB-MID,3576.419892678772,4.793571181099767,1778,0.5867402182434889,1.4160298518951635,3142,1.0035124394001982,1.0047329929233788
TOI-2076_d,NIRISS_SOSS,obs14,SOSS_HDU4_ordem_2,jw05959014001_04102_00001-seg007_nis_x1dints.fits,seg007,4,423,60694.146582909765,TDB-MID,3574.3902737014437,4.7935098517092065,1778,0.5867402182434889,1.4160298518951635,3143,1.0029429458977261,1.0041628067565476
TOI-2076_d,NIRISS_SOSS,obs14,SOSS_HDU4_ordem_2,jw05959014001_04102_00001-seg007_nis_x1dints.fits,seg007,4,424,60694.14665998862,TDB-MID,3561.546111131621,4.793514140524,1778,0.5867402182434889,1.4160298518951635,3144,0.9993389851494704,1.0005544625778369
TOI-2076_d,NIRISS_SOSS,obs14,SOSS_HDU4_ordem_2,jw05959014001_04102_00001-seg007_nis_x1dints.fits,seg007,4,425,60694.146737067465,TDB-MID,4105.63684168608,4.794300387052299,1778,0.5867402182434889,1.4160298518951635,3145,1.152006130691148,1.1534072943303162
TOI-2076_d,NIRISS_SOSS,obs14,SOSS_HDU4_ordem_2,jw05959014001_04102_00001-seg007_nis_x1dints.fits,seg007,4,426,60694.14681414633,TDB-MID,3539.1074191621015,4.793479216795114,1778,0.5867402182434889,1.4160298518951635,3146,0.9930428825689604,0.9942507021648126
TOI-2076_d,NIRISS_SOSS,obs14,SOSS_HDU4_ordem_2,jw05959014001_04102_00001-seg007_nis_x1dints.fits,seg007,4,427,60694.14689122517,TDB-MID,4081.873448946779,4.794333151955267,1778,0.5867402182434889,1.4160298518951635,3147,1.1453383285505052,1.1467313822658947
TOI-2076_d,NIRISS_SOSS,obs14,SOSS_HDU4_ordem_2,jw05959014001_04102_00001-seg007_nis_x1dints.fits,seg007,4,428,60694.14696830403,TDB-MID,3303.552680509589,4.793233718965063,1778,0.5867402182434889,1.4160298518951635,3148,0.9269482635111276,0.9280756934506218
TOI-2076_d,NIRISS_SOSS,obs14,SOSS_HDU4_ordem_2,jw05959014001_04102_00001-seg007_nis_x1dints.fits,seg007,4,429,60694.14704538288,TDB-MID,3899.9288593115216,4.793909807881447,1778,0.5867402182434889,1.4160298518951635,3149,1.094286252882794,1.0956172129076864
TOI-2076_d,NIRISS_SOSS,obs14,SOSS_HDU4_ordem_2,jw05959014001_04102_00001-seg007_nis_x1dints.fits,seg007,4,430,60694.14712246173,TDB-MID,3382.992024412941,4.7932621899017285,1778,0.5867402182434889,1.4160298518951635,3150,0.9492382552282619,0.9503927960702758
TOI-2076_d,NIRISS_SOSS,obs14,SOSS_HDU4_ordem_2,jw05959014001_04102_00001-seg007_nis_x1dints.fits,seg007,4,431,60694.14719954058,TDB-MID,3337.5447783715,4.793237204008543,1778,0.5867402182434889,1.4160298518951635,3151,0.9364861516980167,0.9376251823935885
TOI-2076_d,NIRISS_SOSS,obs14,SOSS_HDU4_ordem_2,jw05959014001_04102_00001-seg007_nis_x1dints.fits,seg007,4,432,60694.147276619435,TDB-MID,3541.2211970166436,4.7934692450697005,1778,0.5867402182434889,1.4160298518951635,3152,0.9936359903233111,0.994844531305098
TOI-2076_d,NIRISS_SOSS,obs14,SOSS_HDU4_ordem_2,jw05959014001_04102_00001-seg007_nis_x1dints.fits,seg007,4,433,60694.14735369829,TDB-MID,3374.701887560757,4.7932960879392486,1778,0.5867402182434889,1.4160298518951635,3153,0.9469121146449017,0.9480638262453707
TOI-2076_d,NIRISS_SOSS,obs14,SOSS_HDU4_ordem_2,jw05959014001_04102_00001-seg007_nis_x1dints.fits,seg007,4,434,60694.147430777135,TDB-MID,3435.414494597475,4.793320504111495,1778,0.5867402182434889,1.4160298518951635,3154,0.9639475462267701,0.9651199777059569
TOI-2076_d,NIRISS_SOSS,obs14,SOSS_HDU4_ordem_2,jw05959014001_04102_00001-seg007_nis_x1dints.fits,seg007,4,435,60694.14750785599,TDB-MID,3143.7347142113113,4.792959518084897,1778,0.5867402182434889,1.4160298518951635,3155,0.8821047266690825,0.883177614248427
TOI-2076_d,NIRISS_SOSS,obs14,SOSS_HDU4_ordem_2,jw05959014001_04102_00001-seg007_nis_x1dints.fits,seg007,4,436,60694.14758493485,TDB-MID,3235.7712813796743,4.79332891792093,1778,0.5867402182434889,1.4160298518951635,3156,0.9079293901047748,0.9090336877421354
TOI-2076_d,NIRISS_SOSS,obs14,SOSS_HDU4_ordem_2,jw05959014001_04102_00001-seg007_nis_x1dints.fits,seg007,4,437,60694.1476620137,TDB-MID,3467.2017073457678,4.793411775594925,1778,0.5867402182434889,1.4160298518951635,3157,0.9728667627516732,0.974050042508097
TOI-2076_d,NIRISS_SOSS,obs14,SOSS_HDU4_ordem_2,jw05959014001_04102_00001-seg007_nis_x1dints.fits,seg007,4,438,60694.14773909254,TDB-MID,3526.4831018184377,4.793393418493506,1778,0.5867402182434889,1.4160298518951635,3158,0.9895006084866481,0.9907041196803903
TOI-2076_d,NIRISS_SOSS,obs14,SOSS_HDU4_ordem_2,jw05959014001_04102_00001-seg007_nis_x1dints.fits,seg007,4,439,60694.1478161714,TDB-MID,3315.2255575867903,4.793318657958105,1778,0.5867402182434889,1.4160298518951635,3159,0.9302235716969869,0.9313549853329345
TOI-2076_d,NIRISS_SOSS,obs14,SOSS_HDU4_ordem_2,jw05959014001_04102_00001-seg007_nis_x1dints.fits,seg007,4,440,60694.14789325026,TDB-MID,3869.4891783793637,4.793960884557271,1778,0.5867402182434889,1.4160298518951635,3160,1.0857451421118451,1.0870657137424997
TOI-2076_d,NIRISS_SOSS,obs14,SOSS_HDU4_ordem_2,jw05959014001_04102_00001-seg007_nis_x1dints.fits,seg007,4,441,60694.147970329104,TDB-MID,3589.7392333096905,4.793499606731731,1778,0.5867402182434889,1.4160298518951635,3161,1.0072497309959352,1.0084748301174016
TOI-2076_d,NIRISS_SOSS,obs14,SOSS_HDU4_ordem_2,jw05959014001_04102_00001-seg007_nis_x1dints.fits,seg007,4,442,60694.14804740795,TDB-MID,3499.6523143687614,4.793439101790176,1778,0.5867402182434889,1.4160298518951635,3162,0.98197212196308,0.98316647639863
TOI-2076_d,NIRISS_SOSS,obs14,SOSS_HDU4_ordem_2,jw05959014001_04102_00001-seg007_nis_x1dints.fits,seg007,4,443,60694.14812448681,TDB-MID,3567.4584881133787,4.793481337845666,1778,0.5867402182434889,1.4160298518951635,3163,1.000997946911696,1.0022154421044112
TOI-2076_d,NIRISS_SOSS,obs14,SOSS_HDU4_ordem_2,jw05959014001_04102_00001-seg007_nis_x1dints.fits,seg007,4,444,60694.14820156566,TDB-MID,3576.00848666019,4.793409172762354,1778,0.5867402182434889,1.4160298518951635,3164,1.0033970024353898,1.0046174155547363
TOI-2076_d,NIRISS_SOSS,obs14,SOSS_HDU4_ordem_2,jw05959014001_04102_00001-seg007_nis_x1dints.fits,seg007,4,445,60694.14827864451,TDB-MID,3808.9627958650344,4.793734951894452,1778,0.5867402182434889,1.4160298518951635,3165,1.0687619635176981,1.0700618788239724
TOI-2076_d,NIRISS_SOSS,obs14,SOSS_HDU4_ordem_2,jw05959014001_04102_00001-seg007_nis_x1dints.fits,seg007,4,446,60694.14835572336,TDB-MID,3190.165822115159,4.792967791853397,1778,0.5867402182434889,1.4160298518951635,3166,0.8951328933147344,0.8962216268109562
TOI-2076_d,NIRISS_SOSS,obs14,SOSS_HDU4_ordem_2,jw05959014001_04102_00001-seg007_nis_x1dints.fits,seg007,4,447,60694.14843280222,TDB-MID,3567.977046688549,4.7935436694799805,1778,0.5867402182434889,1.4160298518951635,3167,1.0011434499556218,1.002361122120984
TOI-2076_d,NIRISS_SOSS,obs14,SOSS_HDU4_ordem_2,jw05959014001_04102_00001-seg007_nis_x1dints.fits,seg007,4,448,60694.148509881066,TDB-MID,3162.5380602087102,4.792970531546774,1778,0.5867402182434889,1.4160298518951635,3168,0.887380782662777,0.8884600874109364
TOI-2076_d,NIRISS_SOSS,obs14,SOSS_HDU4_ordem_2,jw05959014001_04102_00001-seg007_nis_x1dints.fits,seg007,4,449,60694.14858695991,TDB-MID,3262.116665731848,4.793124969501122,1778,0.5867402182434889,1.4160298518951635,3169,0.9153216767242253,0.9164349654623669
TOI-2076_d,NIRISS_SOSS,obs14,SOSS_HDU4_ordem_2,jw05959014001_04102_00001-seg008_nis_x1dints.fits,seg008,4,0,60694.148664038774,TDB-MID,3897.437204083818,4.794197770836779,1778,0.5867402182434889,1.4160298518951635,3170,1.0935871160110815,1.097908017515696
TOI-2076_d,NIRISS_SOSS,obs14,SOSS_HDU4_ordem_2,jw05959014001_04102_00001-seg008_nis_x1dints.fits,seg008,4,1,60694.14874111763,TDB-MID,3919.863012822024,4.7950227309233915,1778,0.5867402182434889,1.4160298518951635,3171,1.0998796036684921,1.1042253675905482
TOI-2076_d,NIRISS_SOSS,obs14,SOSS_HDU4_ordem_2,jw05959014001_04102_00001-seg008_nis_x1dints.fits,seg008,4,2,60694.148818196474,TDB-MID,3263.299458209083,4.793340414616968,1778,0.5867402182434889,1.4160298518951635,3172,0.9156535580468194,0.9192714214787714
TOI-2076_d,NIRISS_SOSS,obs14,SOSS_HDU4_ordem_2,jw05959014001_04102_00001-seg008_nis_x1dints.fits,seg008,4,3,60694.14889527532,TDB-MID,3702.1371111748153,4.7939118051764735,1778,0.5867402182434889,1.4160298518951635,3173,1.0387876018233324,1.0428919834916768
TOI-2076_d,NIRISS_SOSS,obs14,SOSS_HDU4_ordem_2,jw05959014001_04102_00001-seg008_nis_x1dints.fits,seg008,4,4,60694.14897235418,TDB-MID,3678.8211109284944,4.79389638048705,1778,0.5867402182434889,1.4160298518951635,3174,1.0322453341404636,1.0363238664787815
TOI-2076_d,NIRISS_SOSS,obs14,SOSS_HDU4_ordem_2,jw05959014001_04102_00001-seg008_nis_x1dints.fits,seg008,4,5,60694.149049433036,TDB-MID,3516.506996434591,4.793772671358806,1778,0.5867402182434889,1.4160298518951635,3175,0.98670139973883,0.9905999822114253
TOI-2076_d,NIRISS_SOSS,obs14,SOSS_HDU4_ordem_2,jw05959014001_04102_00001-seg008_nis_x1dints.fits,seg008,4,6,60694.14912651188,TDB-MID,3450.985442827416,4.7937074166640725,1778,0.5867402182434889,1.4160298518951635,3176,0.9683166194091415,0.9721425612810701
TOI-2076_d,NIRISS_SOSS,obs14,SOSS_HDU4_ordem_2,jw05959014001_04102_00001-seg008_nis_x1dints.fits,seg008,4,7,60694.149203590736,TDB-MID,3272.8079574673275,4.793439875517284,1778,0.5867402182434889,1.4160298518951635,3177,0.9183215605666603,0.9219499656152182
TOI-2076_d,NIRISS_SOSS,obs14,SOSS_HDU4_ordem_2,jw05959014001_04102_00001-seg008_nis_x1dints.fits,seg008,4,8,60694.14928066959,TDB-MID,3633.967170567535,4.793933678142522,1778,0.5867402182434889,1.4160298518951635,3178,1.0196597070443614,1.023688511972526
TOI-2076_d,NIRISS_SOSS,obs14,SOSS_HDU4_ordem_2,jw05959014001_04102_00001-seg008_nis_x1dints.fits,seg008,4,9,60694.14935774844,TDB-MID,3714.661200562251,4.794033726652906,1778,0.5867402182434889,1.4160298518951635,3179,1.0423017528094007,1.0464200193343431
TOI-2076_d,NIRISS_SOSS,obs14,SOSS_HDU4_ordem_2,jw05959014001_04102_00001-seg008_nis_x1dints.fits,seg008,4,10,60694.14943482729,TDB-MID,3668.2973085161766,4.793927560542598,1778,0.5867402182434889,1.4160298518951635,3180,1.0292924463511497,1.0333593114550013
TOI-2076_d,NIRISS_SOSS,obs14,SOSS_HDU4_ordem_2,jw05959014001_04102_00001-seg008_nis_x1dints.fits,seg008,4,11,60694.149511906144,TDB-MID,3585.1999191273103,4.793757908647789,1778,0.5867402182434889,1.4160298518951635,3181,1.005976038760387,1.009950777778291
TOI-2076_d,NIRISS_SOSS,obs14,SOSS_HDU4_ordem_2,jw05959014001_04102_00001-seg008_nis_x1dints.fits,seg008,4,12,60694.149588985,TDB-MID,3506.8037779923097,4.793672364635976,1778,0.5867402182434889,1.4160298518951635,3182,0.9839787607027984,0.9878665856829774
TOI-2076_d,NIRISS_SOSS,obs14,SOSS_HDU4_ordem_2,jw05959014001_04102_00001-seg008_nis_x1dints.fits,seg008,4,13,60694.149666063844,TDB-MID,3767.269336935826,4.793969454801865,1778,0.5867402182434889,1.4160298518951635,3183,1.0570631401321298,1.0612397307720505
TOI-2076_d,NIRISS_SOSS,obs14,SOSS_HDU4_ordem_2,jw05959014001_04102_00001-seg008_nis_x1dints.fits,seg008,4,14,60694.149743142705,TDB-MID,3609.396361616255,4.793815241483603,1778,0.5867402182434889,1.4160298518951635,3184,1.0127653509092749,1.0167669153612477
TOI-2076_d,NIRISS_SOSS,obs14,SOSS_HDU4_ordem_2,jw05959014001_04102_00001-seg008_nis_x1dints.fits,seg008,4,15,60694.14982022155,TDB-MID,3802.7833497635693,4.794073385925409,1778,0.5867402182434889,1.4160298518951635,3185,1.0670280644740993,1.071244027794945
TOI-2076_d,NIRISS_SOSS,obs14,SOSS_HDU4_ordem_2,jw05959014001_04102_00001-seg008_nis_x1dints.fits,seg008,4,16,60694.149897300405,TDB-MID,3110.0523859730356,4.7932818576744,1778,0.5867402182434889,1.4160298518951635,3186,0.8726537571550546,0.876101722915709
TOI-2076_d,NIRISS_SOSS,obs14,SOSS_HDU4_ordem_2,jw05959014001_04102_00001-seg008_nis_x1dints.fits,seg008,4,17,60694.14997437925,TDB-MID,3363.6898901626582,4.793529159318487,1778,0.5867402182434889,1.4160298518951635,3187,0.9438222435718052,0.947551405055724
TOI-2076_d,NIRISS_SOSS,obs14,SOSS_HDU4_ordem_2,jw05959014001_04102_00001-seg008_nis_x1dints.fits,seg008,4,18,60694.15005145811,TDB-MID,3632.3932355058823,4.7938404461688915,1778,0.5867402182434889,1.4160298518951635,3188,1.0192180745010433,1.023245134482973
TOI-2076_d,NIRISS_SOSS,obs14,SOSS_HDU4_ordem_2,jw05959014001_04102_00001-seg008_nis_x1dints.fits,seg008,4,19,60694.15012853696,TDB-MID,3691.2350007087894,4.794295264761433,1778,0.5867402182434889,1.4160298518951635,3189,1.0357285640714262,1.0398208590933287
TOI-2076_d,NIRISS_SOSS,obs14,SOSS_HDU4_ordem_2,jw05959014001_04102_00001-seg008_nis_x1dints.fits,seg008,4,20,60694.15020561581,TDB-MID,3592.1669558228186,4.793810977987117,1778,0.5867402182434889,1.4160298518951635,3190,1.007930928901786,1.011913391938773
TOI-2076_d,NIRISS_SOSS,obs14,SOSS_HDU4_ordem_2,jw05959014001_04102_00001-seg008_nis_x1dints.fits,seg008,4,21,60694.15028269466,TDB-MID,3739.850514191071,4.794100306642148,1778,0.5867402182434889,1.4160298518951635,3191,1.0493696559989059,1.0535158487064804
TOI-2076_d,NIRISS_SOSS,obs14,SOSS_HDU4_ordem_2,jw05959014001_04102_00001-seg008_nis_x1dints.fits,seg008,4,22,60694.15035977351,TDB-MID,3938.375881266512,4.7943467027457345,1778,0.5867402182434889,1.4160298518951635,3192,1.1050741541772435,1.1094404424277051
TOI-2076_d,NIRISS_SOSS,obs14,SOSS_HDU4_ordem_2,jw05959014001_04102_00001-seg008_nis_x1dints.fits,seg008,4,23,60694.15043685237,TDB-MID,3853.0094288655946,4.7942544758510035,1778,0.5867402182434889,1.4160298518951635,3193,1.081121067162167,1.0853927137254613
TOI-2076_d,NIRISS_SOSS,obs14,SOSS_HDU4_ordem_2,jw05959014001_04102_00001-seg008_nis_x1dints.fits,seg008,4,24,60694.15051393122,TDB-MID,3618.2105333656527,4.793926666199705,1778,0.5867402182434889,1.4160298518951635,3194,1.0152385311450847,1.0192498674460906
TOI-2076_d,NIRISS_SOSS,obs14,SOSS_HDU4_ordem_2,jw05959014001_04102_00001-seg008_nis_x1dints.fits,seg008,4,25,60694.150591010075,TDB-MID,3177.4225622726167,4.793360033292679,1778,0.5867402182434889,1.4160298518951635,3195,0.8915572449976344,0.8950799008381788
TOI-2076_d,NIRISS_SOSS,obs14,SOSS_HDU4_ordem_2,jw05959014001_04102_00001-seg008_nis_x1dints.fits,seg008,4,26,60694.15066808892,TDB-MID,3532.418760464577,4.793705705587754,1778,0.5867402182434889,1.4160298518951635,3196,0.9911661028822105,0.9950823259636311
TOI-2076_d,NIRISS_SOSS,obs14,SOSS_HDU4_ordem_2,jw05959014001_04102_00001-seg008_nis_x1dints.fits,seg008,4,27,60694.150745167775,TDB-MID,3565.581568497908,4.793773943277953,1778,0.5867402182434889,1.4160298518951635,3197,1.0004712995273286,1.0044242886218049
TOI-2076_d,NIRISS_SOSS,obs14,SOSS_HDU4_ordem_2,jw05959014001_04102_00001-seg008_nis_x1dints.fits,seg008,4,28,60694.15082224663,TDB-MID,3648.440760519898,4.793848099213631,1778,0.5867402182434889,1.4160298518951635,3198,1.0237208710004468,1.0277657221028864
TOI-2076_d,NIRISS_SOSS,obs14,SOSS_HDU4_ordem_2,jw05959014001_04102_00001-seg008_nis_x1dints.fits,seg008,4,29,60694.15089932548,TDB-MID,3545.3066399002864,4.793894783973398,1778,0.5867402182434889,1.4160298518951635,3199,0.9947823302043153,0.9987128414588942
TOI-2076_d,NIRISS_SOSS,obs14,SOSS_HDU4_ordem_2,jw05959014001_04102_00001-seg008_nis_x1dints.fits,seg008,4,30,60694.15097640433,TDB-MID,3748.4257303936643,4.794051989055075,1778,0.5867402182434889,1.4160298518951635,3200,1.0517757873783515,1.0559314870164171
TOI-2076_d,NIRISS_SOSS,obs14,SOSS_HDU4_ordem_2,jw05959014001_04102_00001-seg008_nis_x1dints.fits,seg008,4,31,60694.15105348318,TDB-MID,3695.954834845305,4.793911835308814,1778,0.5867402182434889,1.4160298518951635,3201,1.0370529086422624,1.0411504363176634
TOI-2076_d,NIRISS_SOSS,obs14,SOSS_HDU4_ordem_2,jw05959014001_04102_00001-seg008_nis_x1dints.fits,seg008,4,32,60694.151130562044,TDB-MID,3725.456645746516,4.794006737858856,1778,0.5867402182434889,1.4160298518951635,3202,1.045330861207285,1.0494610961239927
TOI-2076_d,NIRISS_SOSS,obs14,SOSS_HDU4_ordem_2,jw05959014001_04102_00001-seg008_nis_x1dints.fits,seg008,4,33,60694.15120764089,TDB-MID,3237.74652019061,4.7933509068061415,1778,0.5867402182434889,1.4160298518951635,3203,0.9084836250036518,0.912073159120069
TOI-2076_d,NIRISS_SOSS,obs14,SOSS_HDU4_ordem_2,jw05959014001_04102_00001-seg008_nis_x1dints.fits,seg008,4,34,60694.15128471974,TDB-MID,3463.6274148742673,4.793734417468953,1778,0.5867402182434889,1.4160298518951635,3204,0.9718638472482257,0.975703804667597
TOI-2076_d,NIRISS_SOSS,obs14,SOSS_HDU4_ordem_2,jw05959014001_04102_00001-seg008_nis_x1dints.fits,seg008,4,35,60694.15136179859,TDB-MID,3409.6859818737166,4.793696606094623,1778,0.5867402182434889,1.4160298518951635,3205,0.956728348442301,0.9605085035847378
TOI-2076_d,NIRISS_SOSS,obs14,SOSS_HDU4_ordem_2,jw05959014001_04102_00001-seg008_nis_x1dints.fits,seg008,4,36,60694.151438877445,TDB-MID,3309.323703601739,4.793548742983352,1778,0.5867402182434889,1.4160298518951635,3206,0.9285675625964764,0.9322364508995816
TOI-2076_d,NIRISS_SOSS,obs14,SOSS_HDU4_ordem_2,jw05959014001_04102_00001-seg008_nis_x1dints.fits,seg008,4,37,60694.1515159563,TDB-MID,3558.0108820074324,4.793830270905582,1778,0.5867402182434889,1.4160298518951635,3207,0.9983470304828734,1.002291626320721
TOI-2076_d,NIRISS_SOSS,obs14,SOSS_HDU4_ordem_2,jw05959014001_04102_00001-seg008_nis_x1dints.fits,seg008,4,38,60694.151593035145,TDB-MID,3537.6374781428585,4.793723980393044,1778,0.5867402182434889,1.4160298518951635,3208,0.9926304298530434,0.9965524386761933
TOI-2076_d,NIRISS_SOSS,obs14,SOSS_HDU4_ordem_2,jw05959014001_04102_00001-seg008_nis_x1dints.fits,seg008,4,39,60694.151670114,TDB-MID,3412.8048259854654,4.7936001366391885,1778,0.5867402182434889,1.4160298518951635,3209,0.9576034690815461,0.9613870819367079
TOI-2076_d,NIRISS_SOSS,obs14,SOSS_HDU4_ordem_2,jw05959014001_04102_00001-seg008_nis_x1dints.fits,seg008,4,40,60694.15174719285,TDB-MID,3500.535617566095,4.793733560836449,1778,0.5867402182434889,1.4160298518951635,3210,0.9822199691882061,0.986100844959867
TOI-2076_d,NIRISS_SOSS,obs14,SOSS_HDU4_ordem_2,jw05959014001_04102_00001-seg008_nis_x1dints.fits,seg008,4,41,60694.1518242717,TDB-MID,3153.6409901869106,4.793231960896208,1778,0.5867402182434889,1.4160298518951635,3211,0.8848843418898779,0.8883806322432504
TOI-2076_d,NIRISS_SOSS,obs14,SOSS_HDU4_ordem_2,jw05959014001_04102_00001-seg008_nis_x1dints.fits,seg008,4,42,60694.15190135055,TDB-MID,3517.4395628675657,4.793787375046767,1778,0.5867402182434889,1.4160298518951635,3212,0.98696306980111,0.9908626861653353
TOI-2076_d,NIRISS_SOSS,obs14,SOSS_HDU4_ordem_2,jw05959014001_04102_00001-seg008_nis_x1dints.fits,seg008,4,43,60694.151978429414,TDB-MID,3265.206755092167,4.793456509135916,1778,0.5867402182434889,1.4160298518951635,3213,0.9161887290293212,0.9198087069897545
TOI-2076_d,NIRISS_SOSS,obs14,SOSS_HDU4_ordem_2,jw05959014001_04102_00001-seg008_nis_x1dints.fits,seg008,4,44,60694.15205550826,TDB-MID,3838.9116809308193,4.794083128741586,1778,0.5867402182434889,1.4160298518951635,3214,1.0771653612203016,1.081421378287321
TOI-2076_d,NIRISS_SOSS,obs14,SOSS_HDU4_ordem_2,jw05959014001_04102_00001-seg008_nis_x1dints.fits,seg008,4,45,60694.15213258711,TDB-MID,3368.7690432415075,4.793541728289887,1778,0.5867402182434889,1.4160298518951635,3215,0.9452474099250842,0.9489822024221614
TOI-2076_d,NIRISS_SOSS,obs14,SOSS_HDU4_ordem_2,jw05959014001_04102_00001-seg008_nis_x1dints.fits,seg008,4,46,60694.15220966596,TDB-MID,4149.748414847025,4.794558940060058,1778,0.5867402182434889,1.4160298518951635,3216,1.164383455982045,1.16898408281208
TOI-2076_d,NIRISS_SOSS,obs14,SOSS_HDU4_ordem_2,jw05959014001_04102_00001-seg008_nis_x1dints.fits,seg008,4,47,60694.15228674482,TDB-MID,3197.429086536118,4.793375284157046,1778,0.5867402182434889,1.4160298518951635,3217,0.8971709023896773,0.9007157385031204
TOI-2076_d,NIRISS_SOSS,obs14,SOSS_HDU4_ordem_2,jw05959014001_04102_00001-seg008_nis_x1dints.fits,seg008,4,48,60694.15236382367,TDB-MID,3346.7618921400253,4.793931761255678,1778,0.5867402182434889,1.4160298518951635,3218,0.9390723939737117,0.9427827881989689
TOI-2076_d,NIRISS_SOSS,obs14,SOSS_HDU4_ordem_2,jw05959014001_04102_00001-seg008_nis_x1dints.fits,seg008,4,49,60694.152440902515,TDB-MID,3578.078956832338,4.794203745626589,1778,0.5867402182434889,1.4160298518951635,3219,1.0039779584292345,1.0079448027781333
TOI-2076_d,NIRISS_SOSS,obs14,SOSS_HDU4_ordem_2,jw05959014001_04102_00001-seg008_nis_x1dints.fits,seg008,4,50,60694.15251798137,TDB-MID,3811.199864062713,4.79509452493832,1778,0.5867402182434889,1.4160298518951635,3220,1.06938966547427,1.073614959780426
TOI-2076_d,NIRISS_SOSS,obs14,SOSS_HDU4_ordem_2,jw05959014001_04102_00001-seg008_nis_x1dints.fits,seg008,4,51,60694.15259506023,TDB-MID,3106.1954492928344,4.793291975167662,1778,0.5867402182434889,1.4160298518951635,3221,0.8715715341351894,0.8750152238953254
TOI-2076_d,NIRISS_SOSS,obs14,SOSS_HDU4_ordem_2,jw05959014001_04102_00001-seg008_nis_x1dints.fits,seg008,4,52,60694.15267213908,TDB-MID,3344.5595605065205,4.79366513686109,1778,0.5867402182434889,1.4160298518951635,3222,0.9384544387961246,0.9421623914020378
TOI-2076_d,NIRISS_SOSS,obs14,SOSS_HDU4_ordem_2,jw05959014001_04102_00001-seg008_nis_x1dints.fits,seg008,4,53,60694.15274921792,TDB-MID,3405.552928794554,4.793557704338689,1778,0.5867402182434889,1.4160298518951635,3223,0.9555686495528806,0.9593442225778044
TOI-2076_d,NIRISS_SOSS,obs14,SOSS_HDU4_ordem_2,jw05959014001_04102_00001-seg008_nis_x1dints.fits,seg008,4,54,60694.152826296784,TDB-MID,3183.7645336805463,4.793361771051463,1778,0.5867402182434889,1.4160298518951635,3224,0.8933367472342723,0.8968664341140261
TOI-2076_d,NIRISS_SOSS,obs14,SOSS_HDU4_ordem_2,jw05959014001_04102_00001-seg008_nis_x1dints.fits,seg008,4,55,60694.15290337563,TDB-MID,3411.725028424502,4.793584524060635,1778,0.5867402182434889,1.4160298518951635,3225,0.957300487240214,0.961082902975663
TOI-2076_d,NIRISS_SOSS,obs14,SOSS_HDU4_ordem_2,jw05959014001_04102_00001-seg008_nis_x1dints.fits,seg008,4,56,60694.152980454484,TDB-MID,3512.1121627822477,4.793800886105429,1778,0.5867402182434889,1.4160298518951635,3226,0.985468247488377,0.9893619576199066
TOI-2076_d,NIRISS_SOSS,obs14,SOSS_HDU4_ordem_2,jw05959014001_04102_00001-seg008_nis_x1dints.fits,seg008,4,57,60694.15305753333,TDB-MID,3594.6732524247545,4.793864975923186,1778,0.5867402182434889,1.4160298518951635,3227,1.0086341740162699,1.0126194156639672
TOI-2076_d,NIRISS_SOSS,obs14,SOSS_HDU4_ordem_2,jw05959014001_04102_00001-seg008_nis_x1dints.fits,seg008,4,58,60694.15313461219,TDB-MID,3970.8098385964995,4.794283276050394,1778,0.5867402182434889,1.4160298518951635,3228,1.1141748416290291,1.1185770878507648
TOI-2076_d,NIRISS_SOSS,obs14,SOSS_HDU4_ordem_2,jw05959014001_04102_00001-seg008_nis_x1dints.fits,seg008,4,59,60694.15321169104,TDB-MID,3588.173383077502,4.794018569870544,1778,0.5867402182434889,1.4160298518951635,3229,1.006810366985726,1.0107884025403497
TOI-2076_d,NIRISS_SOSS,obs14,SOSS_HDU4_ordem_2,jw05959014001_04102_00001-seg008_nis_x1dints.fits,seg008,4,60,60694.15328876989,TDB-MID,3244.834761278053,4.793412035451588,1778,0.5867402182434889,1.4160298518951635,3230,0.9104725240474351,0.9140699165564257
TOI-2076_d,NIRISS_SOSS,obs14,SOSS_HDU4_ordem_2,jw05959014001_04102_00001-seg008_nis_x1dints.fits,seg008,4,61,60694.15336584874,TDB-MID,3256.699045296945,4.79342141749627,1778,0.5867402182434889,1.4160298518951635,3231,0.9138015393629766,0.9174120852340316
TOI-2076_d,NIRISS_SOSS,obs14,SOSS_HDU4_ordem_2,jw05959014001_04102_00001-seg008_nis_x1dints.fits,seg008,4,62,60694.1534429276,TDB-MID,3752.7597146447392,4.794302755400333,1778,0.5867402182434889,1.4160298518951635,3232,1.0529918658139463,1.057152370332268
TOI-2076_d,NIRISS_SOSS,obs14,SOSS_HDU4_ordem_2,jw05959014001_04102_00001-seg008_nis_x1dints.fits,seg008,4,63,60694.153520006446,TDB-MID,3281.978145073585,4.793415872928521,1778,0.5867402182434889,1.4160298518951635,3233,0.9208946357677437,0.9245332073630221
TOI-2076_d,NIRISS_SOSS,obs14,SOSS_HDU4_ordem_2,jw05959014001_04102_00001-seg008_nis_x1dints.fits,seg008,4,64,60694.15359708529,TDB-MID,3650.2983131648734,4.794076837954782,1778,0.5867402182434889,1.4160298518951635,3234,1.0242420841806692,1.0282889946625415
TOI-2076_d,NIRISS_SOSS,obs14,SOSS_HDU4_ordem_2,jw05959014001_04102_00001-seg008_nis_x1dints.fits,seg008,4,65,60694.153674164154,TDB-MID,3758.8307469659217,4.794003710819478,1778,0.5867402182434889,1.4160298518951635,3235,1.054695344889985,1.0588625800703593
TOI-2076_d,NIRISS_SOSS,obs14,SOSS_HDU4_ordem_2,jw05959014001_04102_00001-seg008_nis_x1dints.fits,seg008,4,66,60694.15375124301,TDB-MID,3878.0606107019344,4.794163972661388,1778,0.5867402182434889,1.4160298518951635,3236,1.0881502117673363,1.0924496313731766
TOI-2076_d,NIRISS_SOSS,obs14,SOSS_HDU4_ordem_2,jw05959014001_04102_00001-seg008_nis_x1dints.fits,seg008,4,67,60694.153828321854,TDB-MID,3474.6844857503556,4.793667766014589,1778,0.5867402182434889,1.4160298518951635,3237,0.974966365548775,0.978818581411755
TOI-2076_d,NIRISS_SOSS,obs14,SOSS_HDU4_ordem_2,jw05959014001_04102_00001-seg008_nis_x1dints.fits,seg008,4,68,60694.1539054007,TDB-MID,3726.5841655569266,4.794048237669797,1778,0.5867402182434889,1.4160298518951635,3238,1.0456472334983946,1.0497787184421816
TOI-2076_d,NIRISS_SOSS,obs14,SOSS_HDU4_ordem_2,jw05959014001_04102_00001-seg008_nis_x1dints.fits,seg008,4,69,60694.15398247956,TDB-MID,3403.2420040567595,4.793546784379228,1778,0.5867402182434889,1.4160298518951635,3239,0.9549202240909704,0.9586932351045895
TOI-2076_d,NIRISS_SOSS,obs14,SOSS_HDU4_ordem_2,jw05959014001_04102_00001-seg008_nis_x1dints.fits,seg008,4,70,60694.154059558416,TDB-MID,3393.3116646951576,4.793520223039179,1778,0.5867402182434889,1.4160298518951635,3240,0.9521338568925236,0.9558958586156674
TOI-2076_d,NIRISS_SOSS,obs14,SOSS_HDU4_ordem_2,jw05959014001_04102_00001-seg008_nis_x1dints.fits,seg008,4,71,60694.15413663726,TDB-MID,3475.4168020807915,4.793658632903741,1778,0.5867402182434889,1.4160298518951635,3241,0.9751718471670471,0.9790248749139827
TOI-2076_d,NIRISS_SOSS,obs14,SOSS_HDU4_ordem_2,jw05959014001_04102_00001-seg008_nis_x1dints.fits,seg008,4,72,60694.15421371611,TDB-MID,3512.992297986678,4.793650364212012,1778,0.5867402182434889,1.4160298518951635,3242,0.9857152058021388,0.9896098916973125
TOI-2076_d,NIRISS_SOSS,obs14,SOSS_HDU4_ordem_2,jw05959014001_04102_00001-seg008_nis_x1dints.fits,seg008,4,73,60694.15429079497,TDB-MID,3561.528833689073,4.793748066228555,1778,0.5867402182434889,1.4160298518951635,3243,0.9993341372487657,1.0032826332707392
TOI-2076_d,NIRISS_SOSS,obs14,SOSS_HDU4_ordem_2,jw05959014001_04102_00001-seg008_nis_x1dints.fits,seg008,4,74,60694.15436787382,TDB-MID,3766.64733516433,4.794067621730849,1778,0.5867402182434889,1.4160298518951635,3244,1.0568886118234424,1.0610645128798626
TOI-2076_d,NIRISS_SOSS,obs14,SOSS_HDU4_ordem_2,jw05959014001_04102_00001-seg008_nis_x1dints.fits,seg008,4,75,60694.15444495267,TDB-MID,3399.892592939368,4.793704677093782,1778,0.5867402182434889,1.4160298518951635,3245,0.9539804083473414,0.9577497060296664
TOI-2076_d,NIRISS_SOSS,obs14,SOSS_HDU4_ordem_2,jw05959014001_04102_00001-seg008_nis_x1dints.fits,seg008,4,76,60694.15452203152,TDB-MID,4014.5957274115817,4.794375347199292,1778,0.5867402182434889,1.4160298518951635,3246,1.1264607827138768,1.130911572248296
TOI-2076_d,NIRISS_SOSS,obs14,SOSS_HDU4_ordem_2,jw05959014001_04102_00001-seg008_nis_x1dints.fits,seg008,4,77,60694.15459911038,TDB-MID,3515.8186939892353,4.793816288508326,1778,0.5867402182434889,1.4160298518951635,3247,0.9865082680354195,0.9904060874201405
TOI-2076_d,NIRISS_SOSS,obs14,SOSS_HDU4_ordem_2,jw05959014001_04102_00001-seg008_nis_x1dints.fits,seg008,4,78,60694.154676189224,TDB-MID,3309.871778909577,4.793488820154241,1778,0.5867402182434889,1.4160298518951635,3248,0.9287213477798856,0.9323908437077704
TOI-2076_d,NIRISS_SOSS,obs14,SOSS_HDU4_ordem_2,jw05959014001_04102_00001-seg008_nis_x1dints.fits,seg008,4,79,60694.15475326808,TDB-MID,3637.946080470839,4.793860744281659,1778,0.5867402182434889,1.4160298518951635,3249,1.0207761546939766,1.024809370848516
TOI-2076_d,NIRISS_SOSS,obs14,SOSS_HDU4_ordem_2,jw05959014001_04102_00001-seg008_nis_x1dints.fits,seg008,4,80,60694.15483034693,TDB-MID,3538.4489186519168,4.793746636630653,1778,0.5867402182434889,1.4160298518951635,3250,0.9928581130303852,0.9967810214586684
TOI-2076_d,NIRISS_SOSS,obs14,SOSS_HDU4_ordem_2,jw05959014001_04102_00001-seg008_nis_x1dints.fits,seg008,4,81,60694.154907425785,TDB-MID,3400.589565037154,4.79354936028839,1778,0.5867402182434889,1.4160298518951635,3251,0.9541759726801187,0.9579460430619454
TOI-2076_d,NIRISS_SOSS,obs14,SOSS_HDU4_ordem_2,jw05959014001_04102_00001-seg008_nis_x1dints.fits,seg008,4,82,60694.15498450463,TDB-MID,3910.060252994156,4.794214409299778,1778,0.5867402182434889,1.4160298518951635,3252,1.097129034181991,1.1014639302548754
TOI-2076_d,NIRISS_SOSS,obs14,SOSS_HDU4_ordem_2,jw05959014001_04102_00001-seg008_nis_x1dints.fits,seg008,4,83,60694.15506158348,TDB-MID,3335.7584026370246,4.793631329616339,1778,0.5867402182434889,1.4160298518951635,3253,0.935984910142276,0.9396831053270202
TOI-2076_d,NIRISS_SOSS,obs14,SOSS_HDU4_ordem_2,jw05959014001_04102_00001-seg008_nis_x1dints.fits,seg008,4,84,60694.15513866234,TDB-MID,3252.5911936709995,4.793339375545765,1778,0.5867402182434889,1.4160298518951635,3254,0.9126489117830089,0.9162549034761922
TOI-2076_d,NIRISS_SOSS,obs14,SOSS_HDU4_ordem_2,jw05959014001_04102_00001-seg008_nis_x1dints.fits,seg008,4,85,60694.15521574119,TDB-MID,3849.3233848543873,4.794173075639514,1778,0.5867402182434889,1.4160298518951635,3255,1.0800867951447803,1.0843543551680535
TOI-2076_d,NIRISS_SOSS,obs14,SOSS_HDU4_ordem_2,jw05959014001_04102_00001-seg008_nis_x1dints.fits,seg008,4,86,60694.15529282004,TDB-MID,3507.7580686784013,4.793744748024773,1778,0.5867402182434889,1.4160298518951635,3256,0.9842465264023063,0.9881354093587514
TOI-2076_d,NIRISS_SOSS,obs14,SOSS_HDU4_ordem_2,jw05959014001_04102_00001-seg008_nis_x1dints.fits,seg008,4,87,60694.15536989889,TDB-MID,3531.4991164479434,4.793792338624136,1778,0.5867402182434889,1.4160298518951635,3257,0.9909080587380088,0.9948232622542622
TOI-2076_d,NIRISS_SOSS,obs14,SOSS_HDU4_ordem_2,jw05959014001_04102_00001-seg008_nis_x1dints.fits,seg008,4,88,60694.15544697775,TDB-MID,3583.8938538619773,4.794163909818824,1778,0.5867402182434889,1.4160298518951635,3258,1.0056095681613635,1.0095828592074143
TOI-2076_d,NIRISS_SOSS,obs14,SOSS_HDU4_ordem_2,jw05959014001_04102_00001-seg008_nis_x1dints.fits,seg008,4,89,60694.1555240566,TDB-MID,3744.1886969328375,4.794036074369836,1778,0.5867402182434889,1.4160298518951635,3259,1.050586912494617,1.0547379147371128
TOI-2076_d,NIRISS_SOSS,obs14,SOSS_HDU4_ordem_2,jw05959014001_04102_00001-seg008_nis_x1dints.fits,seg008,4,90,60694.15560113545,TDB-MID,3506.045198698313,4.793727740165493,1778,0.5867402182434889,1.4160298518951635,3260,0.9837659099244669,0.9876528939042034
TOI-2076_d,NIRISS_SOSS,obs14,SOSS_HDU4_ordem_2,jw05959014001_04102_00001-seg008_nis_x1dints.fits,seg008,4,91,60694.155678214294,TDB-MID,3904.2726185986703,4.794005919188131,1778,0.5867402182434889,1.4160298518951635,3261,1.0955050741088297,1.0998335537093356
TOI-2076_d,NIRISS_SOSS,obs14,SOSS_HDU4_ordem_2,jw05959014001_04102_00001-seg008_nis_x1dints.fits,seg008,4,92,60694.155755293155,TDB-MID,3648.8751039340746,4.793990458394031,1778,0.5867402182434889,1.4160298518951635,3262,1.0238427439997526,1.027888076637882
TOI-2076_d,NIRISS_SOSS,obs14,SOSS_HDU4_ordem_2,jw05959014001_04102_00001-seg008_nis_x1dints.fits,seg008,4,93,60694.15583237201,TDB-MID,3699.0888368932683,4.793912421543397,1778,0.5867402182434889,1.4160298518951635,3263,1.0379322824670962,1.0420332846600984
TOI-2076_d,NIRISS_SOSS,obs14,SOSS_HDU4_ordem_2,jw05959014001_04102_00001-seg008_nis_x1dints.fits,seg008,4,94,60694.155909450856,TDB-MID,3578.819561909749,4.7973334305339295,1778,0.5867402182434889,1.4160298518951635,3264,1.0041857657981026,1.0081534312202927
TOI-2076_d,NIRISS_SOSS,obs14,SOSS_HDU4_ordem_2,jw05959014001_04102_00001-seg008_nis_x1dints.fits,seg008,4,95,60694.15598652971,TDB-MID,3486.983773827984,4.79368221620438,1778,0.5867402182434889,1.4160298518951635,3265,0.9784174392347627,0.9822832907279215
TOI-2076_d,NIRISS_SOSS,obs14,SOSS_HDU4_ordem_2,jw05959014001_04102_00001-seg008_nis_x1dints.fits,seg008,4,96,60694.15606360856,TDB-MID,3734.9489008330092,4.794329737503641,1778,0.5867402182434889,1.4160298518951635,3266,1.0479943057532553,1.0521350642774359
TOI-2076_d,NIRISS_SOSS,obs14,SOSS_HDU4_ordem_2,jw05959014001_04102_00001-seg008_nis_x1dints.fits,seg008,4,97,60694.15614068741,TDB-MID,3550.37726654138,4.793738515138225,1778,0.5867402182434889,1.4160298518951635,3267,0.9962051041130243,1.0001412369279095
TOI-2076_d,NIRISS_SOSS,obs14,SOSS_HDU4_ordem_2,jw05959014001_04102_00001-seg008_nis_x1dints.fits,seg008,4,98,60694.15621776626,TDB-MID,3681.3917573682884,4.793941245122132,1778,0.5867402182434889,1.4160298518951635,3268,1.0329666352619886,1.0370480175525925
TOI-2076_d,NIRISS_SOSS,obs14,SOSS_HDU4_ordem_2,jw05959014001_04102_00001-seg008_nis_x1dints.fits,seg008,4,99,60694.15629484512,TDB-MID,3605.6424048368754,4.793919799361456,1778,0.5867402182434889,1.4160298518951635,3269,1.0117120231574663,1.0157094257777928
TOI-2076_d,NIRISS_SOSS,obs14,SOSS_HDU4_ordem_2,jw05959014001_04102_00001-seg008_nis_x1dints.fits,seg008,4,100,60694.15637192397,TDB-MID,3846.1694166896777,4.794275659528169,1778,0.5867402182434889,1.4160298518951635,3270,1.0792018190005537,1.0834658823707508
TOI-2076_d,NIRISS_SOSS,obs14,SOSS_HDU4_ordem_2,jw05959014001_04102_00001-seg008_nis_x1dints.fits,seg008,4,101,60694.15644900282,TDB-MID,3419.513912690415,4.79356546787699,1778,0.5867402182434889,1.4160298518951635,3271,0.9594859806902121,0.9632770315876872
TOI-2076_d,NIRISS_SOSS,obs14,SOSS_HDU4_ordem_2,jw05959014001_04102_00001-seg008_nis_x1dints.fits,seg008,4,102,60694.156526081664,TDB-MID,3419.3305749445767,4.793605959761907,1778,0.5867402182434889,1.4160298518951635,3272,0.9594345377069826,0.9632253853467013
TOI-2076_d,NIRISS_SOSS,obs14,SOSS_HDU4_ordem_2,jw05959014001_04102_00001-seg008_nis_x1dints.fits,seg008,4,103,60694.156603160525,TDB-MID,3856.5555133241533,4.794060602034069,1778,0.5867402182434889,1.4160298518951635,3273,1.0821160677415487,1.0863916456784277
TOI-2076_d,NIRISS_SOSS,obs14,SOSS_HDU4_ordem_2,jw05959014001_04102_00001-seg008_nis_x1dints.fits,seg008,4,104,60694.15668023938,TDB-MID,3397.0719978370134,4.793620318103509,1778,0.5867402182434889,1.4160298518951635,3274,0.9531889737964045,0.9569551444203618
TOI-2076_d,NIRISS_SOSS,obs14,SOSS_HDU4_ordem_2,jw05959014001_04102_00001-seg008_nis_x1dints.fits,seg008,4,105,60694.156757318226,TDB-MID,3487.4911629082358,4.793666426553006,1778,0.5867402182434889,1.4160298518951635,3275,0.9785598082151754,0.9824262222262469
TOI-2076_d,NIRISS_SOSS,obs14,SOSS_HDU4_ordem_2,jw05959014001_04102_00001-seg008_nis_x1dints.fits,seg008,4,106,60694.15683439707,TDB-MID,3266.2390964405254,4.793427600357486,1778,0.5867402182434889,1.4160298518951635,3276,0.9164783950685091,0.9200995175362305
TOI-2076_d,NIRISS_SOSS,obs14,SOSS_HDU4_ordem_2,jw05959014001_04102_00001-seg008_nis_x1dints.fits,seg008,4,107,60694.15691147593,TDB-MID,3560.6417040756705,4.793793460753539,1778,0.5867402182434889,1.4160298518951635,3277,0.9990852163644389,1.0030327288684027
TOI-2076_d,NIRISS_SOSS,obs14,SOSS_HDU4_ordem_2,jw05959014001_04102_00001-seg008_nis_x1dints.fits,seg008,4,108,60694.15698855479,TDB-MID,4068.25711765924,4.795258440116789,1778,0.5867402182434889,1.4160298518951635,3278,1.1415177039493472,1.1460279852907462
TOI-2076_d,NIRISS_SOSS,obs14,SOSS_HDU4_ordem_2,jw05959014001_04102_00001-seg008_nis_x1dints.fits,seg008,4,109,60694.15706563363,TDB-MID,3375.089682905913,4.793505125590482,1778,0.5867402182434889,1.4160298518951635,3279,0.9470209266592857,0.9507627265460926
TOI-2076_d,NIRISS_SOSS,obs14,SOSS_HDU4_ordem_2,jw05959014001_04102_00001-seg008_nis_x1dints.fits,seg008,4,110,60694.15714271248,TDB-MID,3350.8215622237244,4.793709407100745,1778,0.5867402182434889,1.4160298518951635,3280,0.9402115022303212,0.9439263972168875
TOI-2076_d,NIRISS_SOSS,obs14,SOSS_HDU4_ordem_2,jw05959014001_04102_00001-seg008_nis_x1dints.fits,seg008,4,111,60694.15721979134,TDB-MID,3721.4669511465568,4.7938856129755,1778,0.5867402182434889,1.4160298518951635,3281,1.044211387465216,1.0483371991990738
TOI-2076_d,NIRISS_SOSS,obs14,SOSS_HDU4_ordem_2,jw05959014001_04102_00001-seg008_nis_x1dints.fits,seg008,4,112,60694.157296870195,TDB-MID,3364.63055138152,4.793570383658865,1778,0.5867402182434889,1.4160298518951635,3282,0.9440861849608803,0.9478163893107293
TOI-2076_d,NIRISS_SOSS,obs14,SOSS_HDU4_ordem_2,jw05959014001_04102_00001-seg008_nis_x1dints.fits,seg008,4,113,60694.15737394904,TDB-MID,3692.360952378661,4.79394260630139,1778,0.5867402182434889,1.4160298518951635,3283,1.0360444963558855,1.040138039666345
TOI-2076_d,NIRISS_SOSS,obs14,SOSS_HDU4_ordem_2,jw05959014001_04102_00001-seg008_nis_x1dints.fits,seg008,4,114,60694.15745102789,TDB-MID,3826.685580983675,4.794123554409624,1778,0.5867402182434889,1.4160298518951635,3284,1.0737348234896997,1.0779772860667065
TOI-2076_d,NIRISS_SOSS,obs14,SOSS_HDU4_ordem_2,jw05959014001_04102_00001-seg008_nis_x1dints.fits,seg008,4,115,60694.15752810675,TDB-MID,3282.3734194198014,4.793444786759098,1778,0.5867402182434889,1.4160298518951635,3285,0.9210055463250347,0.924644556142003
TOI-2076_d,NIRISS_SOSS,obs14,SOSS_HDU4_ordem_2,jw05959014001_04102_00001-seg008_nis_x1dints.fits,seg008,4,116,60694.157605185595,TDB-MID,3577.282606084259,4.794033550717663,1778,0.5867402182434889,1.4160298518951635,3286,1.0037545093081013,1.0077204707811598
TOI-2076_d,NIRISS_SOSS,obs14,SOSS_HDU4_ordem_2,jw05959014001_04102_00001-seg008_nis_x1dints.fits,seg008,4,117,60694.15768226445,TDB-MID,3376.459944594974,4.793551174749376,1778,0.5867402182434889,1.4160298518951635,3287,0.9474054102186745,0.9511487292488271
TOI-2076_d,NIRISS_SOSS,obs14,SOSS_HDU4_ordem_2,jw05959014001_04102_00001-seg008_nis_x1dints.fits,seg008,4,118,60694.1577593433,TDB-MID,3540.7665751873246,4.793825728588959,1778,0.5867402182434889,1.4160298518951635,3288,0.993508427376388,0.997433905279197
TOI-2076_d,NIRISS_SOSS,obs14,SOSS_HDU4_ordem_2,jw05959014001_04102_00001-seg008_nis_x1dints.fits,seg008,4,119,60694.15783642216,TDB-MID,3750.2116787676478,4.793965626439099,1778,0.5867402182434889,1.4160298518951635,3289,1.0522769090204407,1.0564345886537216
TOI-2076_d,NIRISS_SOSS,obs14,SOSS_HDU4_ordem_2,jw05959014001_04102_00001-seg008_nis_x1dints.fits,seg008,4,120,60694.157913501,TDB-MID,3676.816560988468,4.793973282513276,1778,0.5867402182434889,1.4160298518951635,3290,1.031682874792686,1.0357591847827277
TOI-2076_d,NIRISS_SOSS,obs14,SOSS_HDU4_ordem_2,jw05959014001_04102_00001-seg008_nis_x1dints.fits,seg008,4,121,60694.15799057986,TDB-MID,3587.546619347783,4.793834181642434,1778,0.5867402182434889,1.4160298518951635,3291,1.006634502512814,1.0106118432045825
TOI-2076_d,NIRISS_SOSS,obs14,SOSS_HDU4_ordem_2,jw05959014001_04102_00001-seg008_nis_x1dints.fits,seg008,4,122,60694.15806765871,TDB-MID,3422.428105349517,4.793652565495052,1778,0.5867402182434889,1.4160298518951635,3292,0.9603036779047377,0.9640979596276978
TOI-2076_d,NIRISS_SOSS,obs14,SOSS_HDU4_ordem_2,jw05959014001_04102_00001-seg008_nis_x1dints.fits,seg008,4,123,60694.158144737565,TDB-MID,3673.638324320125,4.794109294390516,1778,0.5867402182434889,1.4160298518951635,3293,1.0307910891165775,1.0348638755482185
TOI-2076_d,NIRISS_SOSS,obs14,SOSS_HDU4_ordem_2,jw05959014001_04102_00001-seg008_nis_x1dints.fits,seg008,4,124,60694.15822181641,TDB-MID,3674.8886129319894,4.793898427928235,1778,0.5867402182434889,1.4160298518951635,3294,1.0311419092698304,1.0352160818364267
TOI-2076_d,NIRISS_SOSS,obs14,SOSS_HDU4_ordem_2,jw05959014001_04102_00001-seg008_nis_x1dints.fits,seg008,4,125,60694.15829889526,TDB-MID,3337.217228947168,4.794179015179513,1778,0.5867402182434889,1.4160298518951635,3295,0.9363942441671063,0.9400940566825394
TOI-2076_d,NIRISS_SOSS,obs14,SOSS_HDU4_ordem_2,jw05959014001_04102_00001-seg008_nis_x1dints.fits,seg008,4,126,60694.15837597412,TDB-MID,3581.0331982659454,4.793869980650422,1778,0.5867402182434889,1.4160298518951635,3296,1.0048068929829443,1.0087770125574815
TOI-2076_d,NIRISS_SOSS,obs14,SOSS_HDU4_ordem_2,jw05959014001_04102_00001-seg008_nis_x1dints.fits,seg008,4,127,60694.15845305297,TDB-MID,3513.852930689301,4.793699719400512,1778,0.5867402182434889,1.4160298518951635,3297,0.9859566918828434,0.9898523319201739
TOI-2076_d,NIRISS_SOSS,obs14,SOSS_HDU4_ordem_2,jw05959014001_04102_00001-seg008_nis_x1dints.fits,seg008,4,128,60694.15853013182,TDB-MID,3719.3048008142405,4.793933591889103,1778,0.5867402182434889,1.4160298518951635,3298,1.043604706812652,1.0477281214742455
TOI-2076_d,NIRISS_SOSS,obs14,SOSS_HDU4_ordem_2,jw05959014001_04102_00001-seg008_nis_x1dints.fits,seg008,4,129,60694.158607210666,TDB-MID,3625.8427559767842,4.793949642953339,1778,0.5867402182434889,1.4160298518951635,3299,1.0173800666919093,1.0213998644716862
TOI-2076_d,NIRISS_SOSS,obs14,SOSS_HDU4_ordem_2,jw05959014001_04102_00001-seg008_nis_x1dints.fits,seg008,4,130,60694.15868428953,TDB-MID,3486.087590346746,4.7937016604240075,1778,0.5867402182434889,1.4160298518951635,3300,0.9781659779135548,0.9820308358511155
TOI-2076_d,NIRISS_SOSS,obs14,SOSS_HDU4_ordem_2,jw05959014001_04102_00001-seg008_nis_x1dints.fits,seg008,4,131,60694.15876136838,TDB-MID,3645.5795205790537,4.793899644024367,1778,0.5867402182434889,1.4160298518951635,3301,1.0229180318599354,1.0269597108430264
TOI-2076_d,NIRISS_SOSS,obs14,SOSS_HDU4_ordem_2,jw05959014001_04102_00001-seg008_nis_x1dints.fits,seg008,4,132,60694.15883844723,TDB-MID,3631.270928348479,4.7939762006663145,1778,0.5867402182434889,1.4160298518951635,3302,1.0189031648352105,1.0229289805690789
TOI-2076_d,NIRISS_SOSS,obs14,SOSS_HDU4_ordem_2,jw05959014001_04102_00001-seg008_nis_x1dints.fits,seg008,4,133,60694.15891552607,TDB-MID,3538.3636159331973,4.793732743568389,1778,0.5867402182434889,1.4160298518951635,3303,0.992834177826489,0.9967569916837435
TOI-2076_d,NIRISS_SOSS,obs14,SOSS_HDU4_ordem_2,jw05959014001_04102_00001-seg008_nis_x1dints.fits,seg008,4,134,60694.158992604935,TDB-MID,3577.733618691878,4.7937962690965845,1778,0.5867402182434889,1.4160298518951635,3304,1.0038810595386818,1.0078475210277644
TOI-2076_d,NIRISS_SOSS,obs14,SOSS_HDU4_ordem_2,jw05959014001_04102_00001-seg008_nis_x1dints.fits,seg008,4,135,60694.15906968379,TDB-MID,3493.826855911974,4.7936766586429975,1778,0.5867402182434889,1.4160298518951635,3305,0.9803375487859868,0.9842109868757025
TOI-2076_d,NIRISS_SOSS,obs14,SOSS_HDU4_ordem_2,jw05959014001_04102_00001-seg008_nis_x1dints.fits,seg008,4,136,60694.159146762635,TDB-MID,3793.081700641228,4.794082439779167,1778,0.5867402182434889,1.4160298518951635,3306,1.0643058657756481,1.068511073343907
TOI-2076_d,NIRISS_SOSS,obs14,SOSS_HDU4_ordem_2,jw05959014001_04102_00001-seg008_nis_x1dints.fits,seg008,4,137,60694.15922384148,TDB-MID,3500.052349918512,4.79370469428263,1778,0.5867402182434889,1.4160298518951635,3307,0.9820843684728365,0.9859647084688592
TOI-2076_d,NIRISS_SOSS,obs14,SOSS_HDU4_ordem_2,jw05959014001_04102_00001-seg008_nis_x1dints.fits,seg008,4,138,60694.15930092034,TDB-MID,3351.095179696378,4.792554235420005,1778,0.5867402182434889,1.4160298518951635,3308,0.9402882769228027,0.9440034752559241
TOI-2076_d,NIRISS_SOSS,obs14,SOSS_HDU4_ordem_2,jw05959014001_04102_00001-seg008_nis_x1dints.fits,seg008,4,139,60694.15937799919,TDB-MID,3350.1019203508004,4.793510002642698,1778,0.5867402182434889,1.4160298518951635,3309,0.9400095769550282,0.9437236741092014
TOI-2076_d,NIRISS_SOSS,obs14,SOSS_HDU4_ordem_2,jw05959014001_04102_00001-seg008_nis_x1dints.fits,seg008,4,140,60694.15945507804,TDB-MID,3639.6840225064648,4.793864351717821,1778,0.5867402182434889,1.4160298518951635,3310,1.0212638061734007,1.025298949100833
TOI-2076_d,NIRISS_SOSS,obs14,SOSS_HDU4_ordem_2,jw05959014001_04102_00001-seg008_nis_x1dints.fits,seg008,4,141,60694.15953215689,TDB-MID,3762.9365345410624,4.793955157434744,1778,0.5867402182434889,1.4160298518951635,3311,1.0558473933151777,1.0600191803851096
TOI-2076_d,NIRISS_SOSS,obs14,SOSS_HDU4_ordem_2,jw05959014001_04102_00001-seg008_nis_x1dints.fits,seg008,4,142,60694.15960923575,TDB-MID,3895.9214277554,4.794160135082834,1778,0.5867402182434889,1.4160298518951635,3312,1.093161802304481,1.0974810233406556
TOI-2076_d,NIRISS_SOSS,obs14,SOSS_HDU4_ordem_2,jw05959014001_04102_00001-seg008_nis_x1dints.fits,seg008,4,143,60694.1596863146,TDB-MID,4016.4245411978054,4.79454865134704,1778,0.5867402182434889,1.4160298518951635,3313,1.126973932019298,1.131426749071757
TOI-2076_d,NIRISS_SOSS,obs14,SOSS_HDU4_ordem_2,jw05959014001_04102_00001-seg008_nis_x1dints.fits,seg008,4,144,60694.15976339344,TDB-MID,3611.812660056457,4.793836062366453,1778,0.5867402182434889,1.4160298518951635,3314,1.0134433433192291,1.0174475866052717
TOI-2076_d,NIRISS_SOSS,obs14,SOSS_HDU4_ordem_2,jw05959014001_04102_00001-seg008_nis_x1dints.fits,seg008,4,145,60694.1598404723,TDB-MID,3658.930041951202,4.793893598050589,1778,0.5867402182434889,1.4160298518951635,3315,1.026664072501543,1.030720552566695
TOI-2076_d,NIRISS_SOSS,obs14,SOSS_HDU4_ordem_2,jw05959014001_04102_00001-seg008_nis_x1dints.fits,seg008,4,146,60694.15991755116,TDB-MID,3712.2829973285134,4.793861901974693,1778,0.5867402182434889,1.4160298518951635,3316,1.041634449584362,1.0457500795095613
TOI-2076_d,NIRISS_SOSS,obs14,SOSS_HDU4_ordem_2,jw05959014001_04102_00001-seg008_nis_x1dints.fits,seg008,4,147,60694.159994630005,TDB-MID,3518.4116864598373,4.793819722048579,1778,0.5867402182434889,1.4160298518951635,3317,0.9872358392596057,0.9911365333705842
TOI-2076_d,NIRISS_SOSS,obs14,SOSS_HDU4_ordem_2,jw05959014001_04102_00001-seg008_nis_x1dints.fits,seg008,4,148,60694.16007170885,TDB-MID,3653.0041723599397,4.79393744134435,1778,0.5867402182434889,1.4160298518951635,3318,1.0250013248299767,1.0290512351680254
TOI-2076_d,NIRISS_SOSS,obs14,SOSS_HDU4_ordem_2,jw05959014001_04102_00001-seg008_nis_x1dints.fits,seg008,4,149,60694.160148787705,TDB-MID,4050.385260818727,4.794290186081179,1778,0.5867402182434889,1.4160298518951635,3319,1.136503015743595,1.1409934834153774
TOI-2076_d,NIRISS_SOSS,obs14,SOSS_HDU4_ordem_2,jw05959014001_04102_00001-seg008_nis_x1dints.fits,seg008,4,150,60694.160225866566,TDB-MID,3247.3367744673833,4.793408049697738,1778,0.5867402182434889,1.4160298518951635,3320,0.9111745672734489,0.914774733644336
TOI-2076_d,NIRISS_SOSS,obs14,SOSS_HDU4_ordem_2,jw05959014001_04102_00001-seg008_nis_x1dints.fits,seg008,4,151,60694.16030294541,TDB-MID,3657.122121935643,4.796809987198619,1778,0.5867402182434889,1.4160298518951635,3321,1.026156785807168,1.0302112615182004
TOI-2076_d,NIRISS_SOSS,obs14,SOSS_HDU4_ordem_2,jw05959014001_04102_00001-seg008_nis_x1dints.fits,seg008,4,152,60694.16038002426,TDB-MID,3335.4575140098023,4.792755007584397,1778,0.5867402182434889,1.4160298518951635,3322,0.9359004834000723,0.9395983450040416
TOI-2076_d,NIRISS_SOSS,obs14,SOSS_HDU4_ordem_2,jw05959014001_04102_00001-seg008_nis_x1dints.fits,seg008,4,153,60694.16045710312,TDB-MID,3950.3608587744093,4.794265849997292,1778,0.5867402182434889,1.4160298518951635,3323,1.1084370350402337,1.112816610459836
TOI-2076_d,NIRISS_SOSS,obs14,SOSS_HDU4_ordem_2,jw05959014001_04102_00001-seg008_nis_x1dints.fits,seg008,4,154,60694.160534181974,TDB-MID,4011.925118646965,4.794296493954431,1778,0.5867402182434889,1.4160298518951635,3324,1.1257114330299793,1.1301592617886824
TOI-2076_d,NIRISS_SOSS,obs14,SOSS_HDU4_ordem_2,jw05959014001_04102_00001-seg008_nis_x1dints.fits,seg008,4,155,60694.16061126082,TDB-MID,3750.195521182951,4.794161803620041,1778,0.5867402182434889,1.4160298518951635,3325,1.0522723753421477,1.0564300370622903
TOI-2076_d,NIRISS_SOSS,obs14,SOSS_HDU4_ordem_2,jw05959014001_04102_00001-seg008_nis_x1dints.fits,seg008,4,156,60694.16068833967,TDB-MID,3734.887488279043,4.793956404114308,1778,0.5867402182434889,1.4160298518951635,3326,1.0479770739226286,1.052117764361659
TOI-2076_d,NIRISS_SOSS,obs14,SOSS_HDU4_ordem_2,jw05959014001_04102_00001-seg008_nis_x1dints.fits,seg008,4,157,60694.16076541853,TDB-MID,3861.8869782169872,4.7944761277913255,1778,0.5867402182434889,1.4160298518951635,3327,1.0836120306040573,1.087893519280089
TOI-2076_d,NIRISS_SOSS,obs14,SOSS_HDU4_ordem_2,jw05959014001_04102_00001-seg008_nis_x1dints.fits,seg008,4,158,60694.160842497375,TDB-MID,3695.0598070874503,4.793937972199259,1778,0.5867402182434889,1.4160298518951635,3328,1.0368017716070237,1.0408983070081217
TOI-2076_d,NIRISS_SOSS,obs14,SOSS_HDU4_ordem_2,jw05959014001_04102_00001-seg008_nis_x1dints.fits,seg008,4,159,60694.16091957623,TDB-MID,3770.6348092574935,4.7940718311005766,1778,0.5867402182434889,1.4160298518951635,3329,1.0580074625105407,1.0621877842880416
TOI-2076_d,NIRISS_SOSS,obs14,SOSS_HDU4_ordem_2,jw05959014001_04102_00001-seg008_nis_x1dints.fits,seg008,4,160,60694.160996655075,TDB-MID,3616.135680413046,4.793878765826652,1778,0.5867402182434889,1.4160298518951635,3330,1.0146563453810111,1.0186653813921662
TOI-2076_d,NIRISS_SOSS,obs14,SOSS_HDU4_ordem_2,jw05959014001_04102_00001-seg008_nis_x1dints.fits,seg008,4,161,60694.161073733936,TDB-MID,3519.0106793205478,4.793756496099862,1778,0.5867402182434889,1.4160298518951635,3331,0.9874039114672526,0.9913052696528569
TOI-2076_d,NIRISS_SOSS,obs14,SOSS_HDU4_ordem_2,jw05959014001_04102_00001-seg008_nis_x1dints.fits,seg008,4,162,60694.16115081278,TDB-MID,3354.663346784686,4.793471468776142,1778,0.5867402182434889,1.4160298518951635,3332,0.9412894736967904,0.9450086278854478
TOI-2076_d,NIRISS_SOSS,obs14,SOSS_HDU4_ordem_2,jw05959014001_04102_00001-seg008_nis_x1dints.fits,seg008,4,163,60694.16122789163,TDB-MID,3592.244820564461,4.793815599858235,1778,0.5867402182434889,1.4160298518951635,3333,1.0079527770737495,1.0119353264356372
TOI-2076_d,NIRISS_SOSS,obs14,SOSS_HDU4_ordem_2,jw05959014001_04102_00001-seg008_nis_x1dints.fits,seg008,4,164,60694.16130497048,TDB-MID,3586.4840672546748,4.79433058736604,1778,0.5867402182434889,1.4160298518951635,3334,1.0063363596003647,1.010312522291643
TOI-2076_d,NIRISS_SOSS,obs14,SOSS_HDU4_ordem_2,jw05959014001_04102_00001-seg008_nis_x1dints.fits,seg008,4,165,60694.161382049344,TDB-MID,3621.7593270911757,4.793886983805319,1778,0.5867402182434889,1.4160298518951635,3335,1.016234291921306,1.0202495625995311
TOI-2076_d,NIRISS_SOSS,obs14,SOSS_HDU4_ordem_2,jw05959014001_04102_00001-seg008_nis_x1dints.fits,seg008,4,166,60694.16145912819,TDB-MID,3581.7163038633184,4.793807687249078,1778,0.5867402182434889,1.4160298518951635,3336,1.004998566495831,1.0089694433967469
TOI-2076_d,NIRISS_SOSS,obs14,SOSS_HDU4_ordem_2,jw05959014001_04102_00001-seg008_nis_x1dints.fits,seg008,4,167,60694.16153620704,TDB-MID,3607.4234170870604,4.793806397983932,1778,0.5867402182434889,1.4160298518951635,3337,1.0122117597659792,1.0162111369090776
TOI-2076_d,NIRISS_SOSS,obs14,SOSS_HDU4_ordem_2,jw05959014001_04102_00001-seg008_nis_x1dints.fits,seg008,4,168,60694.16161328589,TDB-MID,3605.9360657776515,4.79417727700623,1778,0.5867402182434889,1.4160298518951635,3338,1.0117944218734667,1.015792150061579
TOI-2076_d,NIRISS_SOSS,obs14,SOSS_HDU4_ordem_2,jw05959014001_04102_00001-seg008_nis_x1dints.fits,seg008,4,169,60694.16169036475,TDB-MID,3431.0350495322073,4.793625760443982,1778,0.5867402182434889,1.4160298518951635,3339,0.9627187118805395,0.9665225357092789
TOI-2076_d,NIRISS_SOSS,obs14,SOSS_HDU4_ordem_2,jw05959014001_04102_00001-seg008_nis_x1dints.fits,seg008,4,170,60694.1617674436,TDB-MID,3625.8480347321774,4.793918123312847,1778,0.5867402182434889,1.4160298518951635,3340,1.0173815478649428,1.0214013514970224
TOI-2076_d,NIRISS_SOSS,obs14,SOSS_HDU4_ordem_2,jw05959014001_04102_00001-seg008_nis_x1dints.fits,seg008,4,171,60694.161844522445,TDB-MID,3519.078855106888,4.793706939991252,1778,0.5867402182434889,1.4160298518951635,3341,0.9874230410022936,0.9913244747711191
TOI-2076_d,NIRISS_SOSS,obs14,SOSS_HDU4_ordem_2,jw05959014001_04102_00001-seg008_nis_x1dints.fits,seg008,4,172,60694.1619216013,TDB-MID,3351.85319822526,4.79360757200343,1778,0.5867402182434889,1.4160298518951635,3342,0.9405009703553009,0.9442170090671712
TOI-2076_d,NIRISS_SOSS,obs14,SOSS_HDU4_ordem_2,jw05959014001_04102_00001-seg008_nis_x1dints.fits,seg008,4,173,60694.16199868016,TDB-MID,3179.434004369808,4.793358431171372,1778,0.5867402182434889,1.4160298518951635,3343,0.892121638225006,0.8956465240548301
TOI-2076_d,NIRISS_SOSS,obs14,SOSS_HDU4_ordem_2,jw05959014001_04102_00001-seg008_nis_x1dints.fits,seg008,4,174,60694.162075759006,TDB-MID,3631.1104555145225,4.793915239791817,1778,0.5867402182434889,1.4160298518951635,3344,1.0188581375481764,1.0228837753735185
TOI-2076_d,NIRISS_SOSS,obs14,SOSS_HDU4_ordem_2,jw05959014001_04102_00001-seg008_nis_x1dints.fits,seg008,4,175,60694.16215283785,TDB-MID,3929.8912746395004,4.794258544919422,1778,0.5867402182434889,1.4160298518951635,3345,1.1026934470597562,1.107050328834213
TOI-2076_d,NIRISS_SOSS,obs14,SOSS_HDU4_ordem_2,jw05959014001_04102_00001-seg008_nis_x1dints.fits,seg008,4,176,60694.16222991671,TDB-MID,3527.185447988657,4.794188620968872,1778,0.5867402182434889,1.4160298518951635,3346,0.9896976807375946,0.9936081018967348
TOI-2076_d,NIRISS_SOSS,obs14,SOSS_HDU4_ordem_2,jw05959014001_04102_00001-seg008_nis_x1dints.fits,seg008,4,177,60694.16230699557,TDB-MID,3543.6800765955395,4.793716965673255,1778,0.5867402182434889,1.4160298518951635,3347,0.994325930631903,0.9982546385938403
TOI-2076_d,NIRISS_SOSS,obs14,SOSS_HDU4_ordem_2,jw05959014001_04102_00001-seg008_nis_x1dints.fits,seg008,4,178,60694.162384074414,TDB-MID,4002.509243196506,4.794332765429449,1778,0.5867402182434889,1.4160298518951635,3348,1.1230694199482039,1.1275068097778695
TOI-2076_d,NIRISS_SOSS,obs14,SOSS_HDU4_ordem_2,jw05959014001_04102_00001-seg008_nis_x1dints.fits,seg008,4,179,60694.16246115326,TDB-MID,3624.5522064086554,4.794002380256446,1778,0.5867402182434889,1.4160298518951635,3349,1.0170179496631087,1.0210363166725414
TOI-2076_d,NIRISS_SOSS,obs14,SOSS_HDU4_ordem_2,jw05959014001_04102_00001-seg008_nis_x1dints.fits,seg008,4,180,60694.162538232114,TDB-MID,3478.4293196393473,4.793671324324322,1778,0.5867402182434889,1.4160298518951635,3350,0.976017133496572,0.979873501077088
TOI-2076_d,NIRISS_SOSS,obs14,SOSS_HDU4_ordem_2,jw05959014001_04102_00001-seg008_nis_x1dints.fits,seg008,4,181,60694.16261531097,TDB-MID,3343.788390563894,4.793631173245457,1778,0.5867402182434889,1.4160298518951635,3351,0.9382380551908601,0.9419451528376834
TOI-2076_d,NIRISS_SOSS,obs14,SOSS_HDU4_ordem_2,jw05959014001_04102_00001-seg008_nis_x1dints.fits,seg008,4,182,60694.16269238982,TDB-MID,3762.3548411423803,4.794368703282084,1778,0.5867402182434889,1.4160298518951635,3352,1.055684175186711,1.0598553173611
TOI-2076_d,NIRISS_SOSS,obs14,SOSS_HDU4_ordem_2,jw05959014001_04102_00001-seg008_nis_x1dints.fits,seg008,4,183,60694.16276946867,TDB-MID,3564.4759575124644,4.7937639274950365,1778,0.5867402182434889,1.4160298518951635,3353,1.0001610746627088,1.004112838019368
TOI-2076_d,NIRISS_SOSS,obs14,SOSS_HDU4_ordem_2,jw05959014001_04102_00001-seg008_nis_x1dints.fits,seg008,4,184,60694.16284654752,TDB-MID,3337.648623538621,4.793604760225165,1778,0.5867402182434889,1.4160298518951635,3354,0.9365152897523015,0.9402155805342061
TOI-2076_d,NIRISS_SOSS,obs14,SOSS_HDU4_ordem_2,jw05959014001_04102_00001-seg008_nis_x1dints.fits,seg008,4,185,60694.162923626376,TDB-MID,3761.271660681129,4.794462064487523,1778,0.5867402182434889,1.4160298518951635,3355,1.0553802441328641,1.0595501854370812
TOI-2076_d,NIRISS_SOSS,obs14,SOSS_HDU4_ordem_2,jw05959014001_04102_00001-seg008_nis_x1dints.fits,seg008,4,186,60694.16300070522,TDB-MID,3743.6761182245027,4.794059582900437,1778,0.5867402182434889,1.4160298518951635,3356,1.0504430873495219,1.0545935213206137
TOI-2076_d,NIRISS_SOSS,obs14,SOSS_HDU4_ordem_2,jw05959014001_04102_00001-seg008_nis_x1dints.fits,seg008,4,187,60694.16307778408,TDB-MID,3480.9652650875023,4.794164911285948,1778,0.5867402182434889,1.4160298518951635,3357,0.9767286978204573,0.9805878768819359
TOI-2076_d,NIRISS_SOSS,obs14,SOSS_HDU4_ordem_2,jw05959014001_04102_00001-seg008_nis_x1dints.fits,seg008,4,188,60694.16315486293,TDB-MID,3854.0910518380683,4.794101685169945,1778,0.5867402182434889,1.4160298518951635,3358,1.0814245611981554,1.0856974069049086
TOI-2076_d,NIRISS_SOSS,obs14,SOSS_HDU4_ordem_2,jw05959014001_04102_00001-seg008_nis_x1dints.fits,seg008,4,189,60694.16323194178,TDB-MID,3415.12980579557,4.793598075689764,1778,0.5867402182434889,1.4160298518951635,3359,0.9582558382749874,0.9620420287236378
TOI-2076_d,NIRISS_SOSS,obs14,SOSS_HDU4_ordem_2,jw05959014001_04102_00001-seg008_nis_x1dints.fits,seg008,4,190,60694.16330902063,TDB-MID,3419.1703436839543,4.793526831627779,1778,0.5867402182434889,1.4160298518951635,3360,0.9593895782033336,0.9631802482023467
TOI-2076_d,NIRISS_SOSS,obs14,SOSS_HDU4_ordem_2,jw05959014001_04102_00001-seg008_nis_x1dints.fits,seg008,4,191,60694.163386099484,TDB-MID,3495.8321755121906,4.793707070761584,1778,0.5867402182434889,1.4160298518951635,3361,0.9809002240937463,0.9847758853850236
TOI-2076_d,NIRISS_SOSS,obs14,SOSS_HDU4_ordem_2,jw05959014001_04102_00001-seg008_nis_x1dints.fits,seg008,4,192,60694.16346317834,TDB-MID,3666.616162717535,4.794261206746169,1778,0.5867402182434889,1.4160298518951635,3362,1.028820731403798,1.032885732702018
TOI-2076_d,NIRISS_SOSS,obs14,SOSS_HDU4_ordem_2,jw05959014001_04102_00001-seg008_nis_x1dints.fits,seg008,4,193,60694.163540257185,TDB-MID,3688.031034966825,4.793874054421273,1778,0.5867402182434889,1.4160298518951635,3363,1.0348295590401504,1.0389183019790633
TOI-2076_d,NIRISS_SOSS,obs14,SOSS_HDU4_ordem_2,jw05959014001_04102_00001-seg008_nis_x1dints.fits,seg008,4,194,60694.16361733604,TDB-MID,3585.6808938551626,4.793801610610248,1778,0.5867402182434889,1.4160298518951635,3364,1.0061109961023438,1.0100862683538359
TOI-2076_d,NIRISS_SOSS,obs14,SOSS_HDU4_ordem_2,jw05959014001_04102_00001-seg008_nis_x1dints.fits,seg008,4,195,60694.16369441489,TDB-MID,3596.88280004424,4.793837336355782,1778,0.5867402182434889,1.4160298518951635,3365,1.0092541539370112,1.0132418452040697
TOI-2076_d,NIRISS_SOSS,obs14,SOSS_HDU4_ordem_2,jw05959014001_04102_00001-seg008_nis_x1dints.fits,seg008,4,196,60694.163771493746,TDB-MID,3432.1941916660758,4.793649691235873,1778,0.5867402182434889,1.4160298518951635,3366,0.9630439571216677,0.9668490660356382
TOI-2076_d,NIRISS_SOSS,obs14,SOSS_HDU4_ordem_2,jw05959014001_04102_00001-seg008_nis_x1dints.fits,seg008,4,197,60694.16384857259,TDB-MID,3486.2979312450693,4.79366107765821,1778,0.5867402182434889,1.4160298518951635,3367,0.9782249977474434,0.9820900888798593
TOI-2076_d,NIRISS_SOSS,obs14,SOSS_HDU4_ordem_2,jw05959014001_04102_00001-seg008_nis_x1dints.fits,seg008,4,198,60694.163925651446,TDB-MID,3814.1845214622963,4.7941054167621475,1778,0.5867402182434889,1.4160298518951635,3368,1.0702271344845393,1.0744557377370552
TOI-2076_d,NIRISS_SOSS,obs14,SOSS_HDU4_ordem_2,jw05959014001_04102_00001-seg008_nis_x1dints.fits,seg008,4,199,60694.1640027303,TDB-MID,3251.6278439275457,4.793469855451079,1778,0.5867402182434889,1.4160298518951635,3369,0.9123786041904838,0.9159835278640588
TOI-2076_d,NIRISS_SOSS,obs14,SOSS_HDU4_ordem_2,jw05959014001_04102_00001-seg008_nis_x1dints.fits,seg008,4,200,60694.16407980915,TDB-MID,3519.9166607095485,4.793753955501076,1778,0.5867402182434889,1.4160298518951635,3370,0.9876581219964996,0.991560484600172
TOI-2076_d,NIRISS_SOSS,obs14,SOSS_HDU4_ordem_2,jw05959014001_04102_00001-seg008_nis_x1dints.fits,seg008,4,201,60694.164156888,TDB-MID,3371.7718358808725,4.793438449322135,1778,0.5867402182434889,1.4160298518951635,3371,0.946089967526531,0.9498280890756374
TOI-2076_d,NIRISS_SOSS,obs14,SOSS_HDU4_ordem_2,jw05959014001_04102_00001-seg008_nis_x1dints.fits,seg008,4,202,60694.164233966854,TDB-MID,3678.9255400371817,4.793931098388922,1778,0.5867402182434889,1.4160298518951635,3372,1.0322746360436932,1.03635328415755
TOI-2076_d,NIRISS_SOSS,obs14,SOSS_HDU4_ordem_2,jw05959014001_04102_00001-seg008_nis_x1dints.fits,seg008,4,203,60694.16431104571,TDB-MID,3079.720481281476,4.793463113210101,1778,0.5867402182434889,1.4160298518951635,3373,0.8641428874635535,0.8675572256977702
TOI-2076_d,NIRISS_SOSS,obs14,SOSS_HDU4_ordem_2,jw05959014001_04102_00001-seg008_nis_x1dints.fits,seg008,4,204,60694.164388124555,TDB-MID,3531.684181996876,4.793683487498509,1778,0.5867402182434889,1.4160298518951635,3374,0.9909599865278185,0.9948753952173606
TOI-2076_d,NIRISS_SOSS,obs14,SOSS_HDU4_ordem_2,jw05959014001_04102_00001-seg008_nis_x1dints.fits,seg008,4,205,60694.1644652034,TDB-MID,3485.6760738252697,4.793677999129701,1778,0.5867402182434889,1.4160298518951635,3375,0.9780505099425915,0.9819149116515427
TOI-2076_d,NIRISS_SOSS,obs14,SOSS_HDU4_ordem_2,jw05959014001_04102_00001-seg008_nis_x1dints.fits,seg008,4,206,60694.16454228226,TDB-MID,3517.433348041429,4.793696118618894,1778,0.5867402182434889,1.4160298518951635,3376,0.986961325974735,0.990860935448881
TOI-2076_d,NIRISS_SOSS,obs14,SOSS_HDU4_ordem_2,jw05959014001_04102_00001-seg008_nis_x1dints.fits,seg008,4,207,60694.164619361116,TDB-MID,3685.908695172983,4.7939679568837175,1778,0.5867402182434889,1.4160298518951635,3377,1.034234048879804,1.0383204388824854
TOI-2076_d,NIRISS_SOSS,obs14,SOSS_HDU4_ordem_2,jw05959014001_04102_00001-seg008_nis_x1dints.fits,seg008,4,208,60694.16469643996,TDB-MID,3661.224911886087,4.79394184592216,1778,0.5867402182434889,1.4160298518951635,3378,1.0273079931248392,1.0313670174021068
TOI-2076_d,NIRISS_SOSS,obs14,SOSS_HDU4_ordem_2,jw05959014001_04102_00001-seg008_nis_x1dints.fits,seg008,4,209,60694.16477351881,TDB-MID,3416.8018643364508,4.793562500185217,1778,0.5867402182434889,1.4160298518951635,3379,0.9587250034165342,0.96251304759621
TOI-2076_d,NIRISS_SOSS,obs14,SOSS_HDU4_ordem_2,jw05959014001_04102_00001-seg008_nis_x1dints.fits,seg008,4,210,60694.16485059767,TDB-MID,3272.3477405268495,4.793416242161992,1778,0.5867402182434889,1.4160298518951635,3380,0.9181924276800164,0.9218203225081484
TOI-2076_d,NIRISS_SOSS,obs14,SOSS_HDU4_ordem_2,jw05959014001_04102_00001-seg008_nis_x1dints.fits,seg008,4,211,60694.164927676524,TDB-MID,3513.843671927238,4.793736830324234,1778,0.5867402182434889,1.4160298518951635,3381,0.985954093954417,0.9898497237270025
TOI-2076_d,NIRISS_SOSS,obs14,SOSS_HDU4_ordem_2,jw05959014001_04102_00001-seg008_nis_x1dints.fits,seg008,4,212,60694.16500475537,TDB-MID,3412.799826218617,4.793609779598241,1778,0.5867402182434889,1.4160298518951635,3382,0.9576020661902814,0.9613856735024416
TOI-2076_d,NIRISS_SOSS,obs14,SOSS_HDU4_ordem_2,jw05959014001_04102_00001-seg008_nis_x1dints.fits,seg008,4,213,60694.16508183422,TDB-MID,3498.360801682559,4.7937272339478545,1778,0.5867402182434889,1.4160298518951635,3383,0.9816097346916917,0.9854881993493996
TOI-2076_d,NIRISS_SOSS,obs14,SOSS_HDU4_ordem_2,jw05959014001_04102_00001-seg008_nis_x1dints.fits,seg008,4,214,60694.16515891308,TDB-MID,3305.6510867916695,4.793433692094392,1778,0.5867402182434889,1.4160298518951635,3384,0.9275370581354092,0.9312018747845865
TOI-2076_d,NIRISS_SOSS,obs14,SOSS_HDU4_ordem_2,jw05959014001_04102_00001-seg008_nis_x1dints.fits,seg008,4,215,60694.16523599193,TDB-MID,3665.160689131325,4.794108026959171,1778,0.5867402182434889,1.4160298518951635,3385,1.028412338124259,1.0324757258087938
TOI-2076_d,NIRISS_SOSS,obs14,SOSS_HDU4_ordem_2,jw05959014001_04102_00001-seg008_nis_x1dints.fits,seg008,4,216,60694.16531307078,TDB-MID,3449.3863140943313,4.793671479427896,1778,0.5867402182434889,1.4160298518951635,3386,0.9678679177398722,0.9716920867345517
TOI-2076_d,NIRISS_SOSS,obs14,SOSS_HDU4_ordem_2,jw05959014001_04102_00001-seg008_nis_x1dints.fits,seg008,4,217,60694.165390149625,TDB-MID,3401.898645854632,4.79373482649212,1778,0.5867402182434889,1.4160298518951635,3387,0.9545432894169505,0.9583148111138281
TOI-2076_d,NIRISS_SOSS,obs14,SOSS_HDU4_ordem_2,jw05959014001_04102_00001-seg008_nis_x1dints.fits,seg008,4,218,60694.165467228486,TDB-MID,3409.5977269692635,4.793904650951976,1778,0.5867402182434889,1.4160298518951635,3388,0.9567035848806628,0.9604836421791242
TOI-2076_d,NIRISS_SOSS,obs14,SOSS_HDU4_ordem_2,jw05959014001_04102_00001-seg008_nis_x1dints.fits,seg008,4,219,60694.16554430733,TDB-MID,3512.1256698308252,4.793747655322132,1778,0.5867402182434889,1.4160298518951635,3389,0.9854720374491965,0.9893657625553424
TOI-2076_d,NIRISS_SOSS,obs14,SOSS_HDU4_ordem_2,jw05959014001_04102_00001-seg008_nis_x1dints.fits,seg008,4,220,60694.165621386186,TDB-MID,3803.370890315489,4.794298506672154,1778,0.5867402182434889,1.4160298518951635,3390,1.0671929232631108,1.0714095379619575
TOI-2076_d,NIRISS_SOSS,obs14,SOSS_HDU4_ordem_2,jw05959014001_04102_00001-seg008_nis_x1dints.fits,seg008,4,221,60694.16569846503,TDB-MID,3648.2870230745675,4.793939670816263,1778,0.5867402182434889,1.4160298518951635,3391,1.0236777336051128,1.0277224142662282
TOI-2076_d,NIRISS_SOSS,obs14,SOSS_HDU4_ordem_2,jw05959014001_04102_00001-seg008_nis_x1dints.fits,seg008,4,222,60694.165775543894,TDB-MID,3203.2128143866607,4.793340761792693,1778,0.5867402182434889,1.4160298518951635,3392,0.89879376632017,0.9023450145749929
TOI-2076_d,NIRISS_SOSS,obs14,SOSS_HDU4_ordem_2,jw05959014001_04102_00001-seg008_nis_x1dints.fits,seg008,4,223,60694.16585262274,TDB-MID,3539.493705664875,4.793776767294702,1778,0.5867402182434889,1.4160298518951635,3393,0.993151271215243,0.9970753379487254
TOI-2076_d,NIRISS_SOSS,obs14,SOSS_HDU4_ordem_2,jw05959014001_04102_00001-seg008_nis_x1dints.fits,seg008,4,224,60694.165929701594,TDB-MID,3261.883508524196,4.7933607894204044,1778,0.5867402182434889,1.4160298518951635,3394,0.9152562548315963,0.9188725484681152
TOI-2076_d,NIRISS_SOSS,obs14,SOSS_HDU4_ordem_2,jw05959014001_04102_00001-seg008_nis_x1dints.fits,seg008,4,225,60694.16600678044,TDB-MID,3909.0195092940185,4.794180852643082,1778,0.5867402182434889,1.4160298518951635,3395,1.0968370105156835,1.1011707527659957
TOI-2076_d,NIRISS_SOSS,obs14,SOSS_HDU4_ordem_2,jw05959014001_04102_00001-seg008_nis_x1dints.fits,seg008,4,226,60694.166083859294,TDB-MID,3373.5628799860065,4.794311021015219,1778,0.5867402182434889,1.4160298518951635,3396,0.9465925189866365,0.9503326261803509
TOI-2076_d,NIRISS_SOSS,obs14,SOSS_HDU4_ordem_2,jw05959014001_04102_00001-seg008_nis_x1dints.fits,seg008,4,227,60694.16616093815,TDB-MID,3214.307505517493,4.793359050162378,1778,0.5867402182434889,1.4160298518951635,3397,0.9019068405382966,0.9054703889444986
TOI-2076_d,NIRISS_SOSS,obs14,SOSS_HDU4_ordem_2,jw05959014001_04102_00001-seg008_nis_x1dints.fits,seg008,4,228,60694.166238016995,TDB-MID,3325.319809729387,4.793794345018773,1778,0.5867402182434889,1.4160298518951635,3398,0.9330559314018063,0.936742553819771
TOI-2076_d,NIRISS_SOSS,obs14,SOSS_HDU4_ordem_2,jw05959014001_04102_00001-seg008_nis_x1dints.fits,seg008,4,229,60694.16631509585,TDB-MID,3564.0340527265657,4.793718471321233,1778,0.5867402182434889,1.4160298518951635,3399,1.0000370800080018,1.0039883534460414
TOI-2076_d,NIRISS_SOSS,obs14,SOSS_HDU4_ordem_2,jw05959014001_04102_00001-seg008_nis_x1dints.fits,seg008,4,230,60694.1663921747,TDB-MID,3819.96725783577,4.794016743074123,1778,0.5867402182434889,1.4160298518951635,3400,1.0718497202151558,1.0760847345098483
TOI-2076_d,NIRISS_SOSS,obs14,SOSS_HDU4_ordem_2,jw05959014001_04102_00001-seg008_nis_x1dints.fits,seg008,4,231,60694.166469253556,TDB-MID,3725.8395229775024,4.7939170570467295,1778,0.5867402182434889,1.4160298518951635,3401,1.0454382932414383,1.0495689526357495
TOI-2076_d,NIRISS_SOSS,obs14,SOSS_HDU4_ordem_2,jw05959014001_04102_00001-seg008_nis_x1dints.fits,seg008,4,232,60694.1665463324,TDB-MID,3220.6206396297,4.793453079014592,1778,0.5867402182434889,1.4160298518951635,3402,0.9036782512795718,0.907248798754458
TOI-2076_d,NIRISS_SOSS,obs14,SOSS_HDU4_ordem_2,jw05959014001_04102_00001-seg008_nis_x1dints.fits,seg008,4,233,60694.166623411256,TDB-MID,3581.976024100422,4.793802627387773,1778,0.5867402182434889,1.4160298518951635,3403,1.0050714417444089,1.0090426065846818
TOI-2076_d,NIRISS_SOSS,obs14,SOSS_HDU4_ordem_2,jw05959014001_04102_00001-seg008_nis_x1dints.fits,seg008,4,234,60694.16670049011,TDB-MID,3613.4047075671983,4.793818284457997,1778,0.5867402182434889,1.4160298518951635,3404,1.0138900580588535,1.0178960663715337
TOI-2076_d,NIRISS_SOSS,obs14,SOSS_HDU4_ordem_2,jw05959014001_04102_00001-seg008_nis_x1dints.fits,seg008,4,235,60694.166777568964,TDB-MID,3193.5753885552717,4.793425453566961,1778,0.5867402182434889,1.4160298518951635,3405,0.8960895881207943,0.8996301518243095
TOI-2076_d,NIRISS_SOSS,obs14,SOSS_HDU4_ordem_2,jw05959014001_04102_00001-seg008_nis_x1dints.fits,seg008,4,236,60694.16685464781,TDB-MID,3670.3623208803406,4.794408633583136,1778,0.5867402182434889,1.4160298518951635,3406,1.029871870931355,1.0339410254152697
TOI-2076_d,NIRISS_SOSS,obs14,SOSS_HDU4_ordem_2,jw05959014001_04102_00001-seg008_nis_x1dints.fits,seg008,4,237,60694.166931726664,TDB-MID,3937.991832825655,4.794262365314003,1778,0.5867402182434889,1.4160298518951635,3407,1.1049663935117464,1.1093322559861405
TOI-2076_d,NIRISS_SOSS,obs14,SOSS_HDU4_ordem_2,jw05959014001_04102_00001-seg008_nis_x1dints.fits,seg008,4,238,60694.16700880552,TDB-MID,3402.4591656186067,4.7936621193789914,1778,0.5867402182434889,1.4160298518951635,3408,0.9547005664069455,0.9584727095251737
TOI-2076_d,NIRISS_SOSS,obs14,SOSS_HDU4_ordem_2,jw05959014001_04102_00001-seg008_nis_x1dints.fits,seg008,4,239,60694.16708588437,TDB-MID,3600.574224274942,4.793765236167162,1778,0.5867402182434889,1.4160298518951635,3409,1.0102899355973793,1.01428171936925
TOI-2076_d,NIRISS_SOSS,obs14,SOSS_HDU4_ordem_2,jw05959014001_04102_00001-seg008_nis_x1dints.fits,seg008,4,240,60694.16716296322,TDB-MID,3393.3340765634202,4.793552157560671,1778,0.5867402182434889,1.4160298518951635,3410,0.9521401454686044,0.9559021720387104
TOI-2076_d,NIRISS_SOSS,obs14,SOSS_HDU4_ordem_2,jw05959014001_04102_00001-seg008_nis_x1dints.fits,seg008,4,241,60694.16724004207,TDB-MID,3744.6303554653596,4.794098550035209,1778,0.5867402182434889,1.4160298518951635,3411,1.0507108380527599,1.0548623299408657
TOI-2076_d,NIRISS_SOSS,obs14,SOSS_HDU4_ordem_2,jw05959014001_04102_00001-seg008_nis_x1dints.fits,seg008,4,242,60694.16731712092,TDB-MID,3632.7940886130746,4.793930336740277,1778,0.5867402182434889,1.4160298518951635,3412,1.0193305504103356,1.0233580547988594
TOI-2076_d,NIRISS_SOSS,obs14,SOSS_HDU4_ordem_2,jw05959014001_04102_00001-seg008_nis_x1dints.fits,seg008,4,243,60694.16739419978,TDB-MID,3358.090745480625,4.793489647685428,1778,0.5867402182434889,1.4160298518951635,3413,0.9422511720793544,0.94597412606039
TOI-2076_d,NIRISS_SOSS,obs14,SOSS_HDU4_ordem_2,jw05959014001_04102_00001-seg008_nis_x1dints.fits,seg008,4,244,60694.167471278626,TDB-MID,3353.531697176611,4.793594463348011,1778,0.5867402182434889,1.4160298518951635,3414,0.9409719426202324,0.9446898422033022
TOI-2076_d,NIRISS_SOSS,obs14,SOSS_HDU4_ordem_2,jw05959014001_04102_00001-seg008_nis_x1dints.fits,seg008,4,245,60694.16754835748,TDB-MID,3100.0621541462674,4.794043752893189,1778,0.5867402182434889,1.4160298518951635,3415,0.8698505846497298,0.8732874747200083
TOI-2076_d,NIRISS_SOSS,obs14,SOSS_HDU4_ordem_2,jw05959014001_04102_00001-seg008_nis_x1dints.fits,seg008,4,246,60694.16762543633,TDB-MID,3240.0030112615586,4.793680979791504,1778,0.5867402182434889,1.4160298518951635,3416,0.909116776850203,0.9127088126299321
TOI-2076_d,NIRISS_SOSS,obs14,SOSS_HDU4_ordem_2,jw05959014001_04102_00001-seg008_nis_x1dints.fits,seg008,4,247,60694.16770251517,TDB-MID,3555.1244488512048,4.794632177364429,1778,0.5867402182434889,1.4160298518951635,3417,0.9975371223443741,1.0014785181323647
TOI-2076_d,NIRISS_SOSS,obs14,SOSS_HDU4_ordem_2,jw05959014001_04102_00001-seg008_nis_x1dints.fits,seg008,4,248,60694.167779594034,TDB-MID,3702.202317603968,4.793950223289983,1778,0.5867402182434889,1.4160298518951635,3418,1.03880589818247,1.0429103521420517
TOI-2076_d,NIRISS_SOSS,obs14,SOSS_HDU4_ordem_2,jw05959014001_04102_00001-seg008_nis_x1dints.fits,seg008,4,249,60694.16785667289,TDB-MID,3646.6390222220743,4.793841419940472,1778,0.5867402182434889,1.4160298518951635,3419,1.0232153188425162,1.02725817244421
TOI-2076_d,NIRISS_SOSS,obs14,SOSS_HDU4_ordem_2,jw05959014001_04102_00001-seg008_nis_x1dints.fits,seg008,4,250,60694.167933751734,TDB-MID,3502.580683121827,4.794794129996094,1778,0.5867402182434889,1.4160298518951635,3420,0.9827937968667645,0.9866769399044195
TOI-2076_d,NIRISS_SOSS,obs14,SOSS_HDU4_ordem_2,jw05959014001_04102_00001-seg008_nis_x1dints.fits,seg008,4,251,60694.16801083058,TDB-MID,3092.017394929783,4.7932983628912895,1778,0.5867402182434889,1.4160298518951635,3421,0.8675932949052433,0.8710212661372231
TOI-2076_d,NIRISS_SOSS,obs14,SOSS_HDU4_ordem_2,jw05959014001_04102_00001-seg008_nis_x1dints.fits,seg008,4,252,60694.16808790944,TDB-MID,3305.970747030428,4.793398908250045,1778,0.5867402182434889,1.4160298518951635,3422,0.9276267520291918,0.9312919230703283
TOI-2076_d,NIRISS_SOSS,obs14,SOSS_HDU4_ordem_2,jw05959014001_04102_00001-seg008_nis_x1dints.fits,seg008,4,253,60694.168164988296,TDB-MID,3310.2304653973583,4.793411616051257,1778,0.5867402182434889,1.4160298518951635,3423,0.92882199210106,0.9324918856874325
TOI-2076_d,NIRISS_SOSS,obs14,SOSS_HDU4_ordem_2,jw05959014001_04102_00001-seg008_nis_x1dints.fits,seg008,4,254,60694.16824206714,TDB-MID,3403.836056032223,4.793609137230887,1778,0.5867402182434889,1.4160298518951635,3424,0.9550869099290199,0.9588605795395426
TOI-2076_d,NIRISS_SOSS,obs14,SOSS_HDU4_ordem_2,jw05959014001_04102_00001-seg008_nis_x1dints.fits,seg008,4,255,60694.16831914599,TDB-MID,3617.0053245688778,4.793799651155971,1778,0.5867402182434889,1.4160298518951635,3425,1.01490035999742,1.0189103601412974
TOI-2076_d,NIRISS_SOSS,obs14,SOSS_HDU4_ordem_2,jw05959014001_04102_00001-seg008_nis_x1dints.fits,seg008,4,256,60694.16839622485,TDB-MID,3688.2451877613526,4.793860549189842,1778,0.5867402182434889,1.4160298518951635,3426,1.0348896484590917,1.0389786288189258
TOI-2076_d,NIRISS_SOSS,obs14,SOSS_HDU4_ordem_2,jw05959014001_04102_00001-seg008_nis_x1dints.fits,seg008,4,257,60694.168473303704,TDB-MID,3649.196601395123,4.793828971077068,1778,0.5867402182434889,1.4160298518951635,3427,1.0239329534021937,1.0279786424691224
TOI-2076_d,NIRISS_SOSS,obs14,SOSS_HDU4_ordem_2,jw05959014001_04102_00001-seg008_nis_x1dints.fits,seg008,4,258,60694.16855038255,TDB-MID,3467.265545544995,4.799083937256905,1778,0.5867402182434889,1.4160298518951635,3428,0.9728846751973467,0.9767286660375187
TOI-2076_d,NIRISS_SOSS,obs14,SOSS_HDU4_ordem_2,jw05959014001_04102_00001-seg008_nis_x1dints.fits,seg008,4,259,60694.1686274614,TDB-MID,3362.804982734516,4.793550075464964,1778,0.5867402182434889,1.4160298518951635,3429,0.9435739462134117,0.947302126642951
TOI-2076_d,NIRISS_SOSS,obs14,SOSS_HDU4_ordem_2,jw05959014001_04102_00001-seg008_nis_x1dints.fits,seg008,4,260,60694.16870454025,TDB-MID,3203.0858189663836,4.793453223153294,1778,0.5867402182434889,1.4160298518951635,3430,0.8987581325054002,0.9023092399664979
TOI-2076_d,NIRISS_SOSS,obs14,SOSS_HDU4_ordem_2,jw05959014001_04102_00001-seg008_nis_x1dints.fits,seg008,4,261,60694.168781619104,TDB-MID,4012.8241675393397,4.79483212240697,1778,0.5867402182434889,1.4160298518951635,3431,1.125963698360729,1.1304125238517742
TOI-2076_d,NIRISS_SOSS,obs14,SOSS_HDU4_ordem_2,jw05959014001_04102_00001-seg008_nis_x1dints.fits,seg008,4,262,60694.16885869796,TDB-MID,3525.875431542572,4.793676613710156,1778,0.5867402182434889,1.4160298518951635,3432,0.989330101471481,0.9932390702782838
TOI-2076_d,NIRISS_SOSS,obs14,SOSS_HDU4_ordem_2,jw05959014001_04102_00001-seg008_nis_x1dints.fits,seg008,4,263,60694.168935776805,TDB-MID,3375.2608979118086,4.793856307846289,1778,0.5867402182434889,1.4160298518951635,3433,0.9470689681067064,0.9508109578113699
TOI-2076_d,NIRISS_SOSS,obs14,SOSS_HDU4_ordem_2,jw05959014001_04102_00001-seg008_nis_x1dints.fits,seg008,4,264,60694.16901285566,TDB-MID,3393.417951099711,4.793521689455629,1778,0.5867402182434889,1.4160298518951635,3434,0.9521636799368834,0.9559257994946608
TOI-2076_d,NIRISS_SOSS,obs14,SOSS_HDU4_ordem_2,jw05959014001_04102_00001-seg008_nis_x1dints.fits,seg008,4,265,60694.16908993451,TDB-MID,3719.465200275037,4.793996135706411,1778,0.5867402182434889,1.4160298518951635,3435,1.0436497135118128,1.0477733060005874
TOI-2076_d,NIRISS_SOSS,obs14,SOSS_HDU4_ordem_2,jw05959014001_04102_00001-seg008_nis_x1dints.fits,seg008,4,266,60694.16916701336,TDB-MID,3473.87612127879,4.7936939597280634,1778,0.5867402182434889,1.4160298518951635,3436,0.974739545480906,0.9785908651490075
TOI-2076_d,NIRISS_SOSS,obs14,SOSS_HDU4_ordem_2,jw05959014001_04102_00001-seg008_nis_x1dints.fits,seg008,4,267,60694.16924409221,TDB-MID,3587.5219031309225,4.793745951404978,1778,0.5867402182434889,1.4160298518951635,3437,1.0066275673564793,1.010604880646565
TOI-2076_d,NIRISS_SOSS,obs14,SOSS_HDU4_ordem_2,jw05959014001_04102_00001-seg008_nis_x1dints.fits,seg008,4,268,60694.169321171066,TDB-MID,3358.608571241021,4.7935720041622005,1778,0.5867402182434889,1.4160298518951635,3438,0.9423964695018027,0.946119997571397
TOI-2076_d,NIRISS_SOSS,obs14,SOSS_HDU4_ordem_2,jw05959014001_04102_00001-seg008_nis_x1dints.fits,seg008,4,269,60694.16939824992,TDB-MID,3503.4035236487307,4.793717433311284,1778,0.5867402182434889,1.4160298518951635,3439,0.9830246787903555,0.9869087340717965
TOI-2076_d,NIRISS_SOSS,obs14,SOSS_HDU4_ordem_2,jw05959014001_04102_00001-seg008_nis_x1dints.fits,seg008,4,270,60694.16947532877,TDB-MID,3578.8692797843446,4.79378737049482,1778,0.5867402182434889,1.4160298518951635,3440,1.0041997162030087,1.0081674367450193
TOI-2076_d,NIRISS_SOSS,obs14,SOSS_HDU4_ordem_2,jw05959014001_04102_00001-seg008_nis_x1dints.fits,seg008,4,271,60694.16955240762,TDB-MID,3697.948744804746,4.793972305600587,1778,0.5867402182434889,1.4160298518951635,3441,1.0376123825036618,1.0417121207313036
TOI-2076_d,NIRISS_SOSS,obs14,SOSS_HDU4_ordem_2,jw05959014001_04102_00001-seg008_nis_x1dints.fits,seg008,4,272,60694.169629486474,TDB-MID,3356.4966806802313,4.793543325273286,1778,0.5867402182434889,1.4160298518951635,3442,0.9418038913057294,0.9455250780236549
TOI-2076_d,NIRISS_SOSS,obs14,SOSS_HDU4_ordem_2,jw05959014001_04102_00001-seg008_nis_x1dints.fits,seg008,4,273,60694.16970656532,TDB-MID,3688.6965256272174,4.793890923101908,1778,0.5867402182434889,1.4160298518951635,3443,1.0350162899543185,1.039105770690775
TOI-2076_d,NIRISS_SOSS,obs14,SOSS_HDU4_ordem_2,jw05959014001_04102_00001-seg008_nis_x1dints.fits,seg008,4,274,60694.169783644174,TDB-MID,3235.301837639738,4.793399953736963,1778,0.5867402182434889,1.4160298518951635,3444,0.9077976682581346,0.9113844920723817
TOI-2076_d,NIRISS_SOSS,obs14,SOSS_HDU4_ordem_2,jw05959014001_04102_00001-seg008_nis_x1dints.fits,seg008,4,275,60694.16986072303,TDB-MID,3674.676800438208,4.7940141078510985,1778,0.5867402182434889,1.4160298518951635,3445,1.0310824765190045,1.0351564142592584
TOI-2076_d,NIRISS_SOSS,obs14,SOSS_HDU4_ordem_2,jw05959014001_04102_00001-seg008_nis_x1dints.fits,seg008,4,276,60694.16993780188,TDB-MID,3440.1596151730564,4.793720359425737,1778,0.5867402182434889,1.4160298518951635,3446,0.9652789859533518,0.9690929257499291
TOI-2076_d,NIRISS_SOSS,obs14,SOSS_HDU4_ordem_2,jw05959014001_04102_00001-seg008_nis_x1dints.fits,seg008,4,277,60694.17001488073,TDB-MID,3591.012853795886,4.79390789610921,1778,0.5867402182434889,1.4160298518951635,3447,1.0076070978710014,1.011588281410482
TOI-2076_d,NIRISS_SOSS,obs14,SOSS_HDU4_ordem_2,jw05959014001_04102_00001-seg008_nis_x1dints.fits,seg008,4,278,60694.17009195958,TDB-MID,3500.2437004612248,4.793691793069611,1778,0.5867402182434889,1.4160298518951635,3448,0.9821380597774542,0.9860186119146365
TOI-2076_d,NIRISS_SOSS,obs14,SOSS_HDU4_ordem_2,jw05959014001_04102_00001-seg008_nis_x1dints.fits,seg008,4,279,60694.170169038436,TDB-MID,3434.9127509573445,4.793615255081036,1778,0.5867402182434889,1.4160298518951635,3449,0.9638067613079491,0.9676148841580825
TOI-2076_d,NIRISS_SOSS,obs14,SOSS_HDU4_ordem_2,jw05959014001_04102_00001-seg008_nis_x1dints.fits,seg008,4,280,60694.17024611729,TDB-MID,3855.747876257572,4.794132040601753,1778,0.5867402182434889,1.4160298518951635,3450,1.0818894517772168,1.0861641343256565
TOI-2076_d,NIRISS_SOSS,obs14,SOSS_HDU4_ordem_2,jw05959014001_04102_00001-seg008_nis_x1dints.fits,seg008,4,281,60694.17032319614,TDB-MID,3997.290530037619,4.794591469662518,1778,0.5867402182434889,1.4160298518951635,3451,1.121605094245474,1.126036698338421
TOI-2076_d,NIRISS_SOSS,obs14,SOSS_HDU4_ordem_2,jw05959014001_04102_00001-seg008_nis_x1dints.fits,seg008,4,282,60694.17040027499,TDB-MID,3454.6099414968403,4.793671419707868,1778,0.5867402182434889,1.4160298518951635,3452,0.9693336223367905,0.9731635825163747
TOI-2076_d,NIRISS_SOSS,obs14,SOSS_HDU4_ordem_2,jw05959014001_04102_00001-seg008_nis_x1dints.fits,seg008,4,283,60694.170477353844,TDB-MID,3570.7291713920586,4.7938411143668445,1778,0.5867402182434889,1.4160298518951635,3453,1.0019156723058011,1.0058743683004596
TOI-2076_d,NIRISS_SOSS,obs14,SOSS_HDU4_ordem_2,jw05959014001_04102_00001-seg008_nis_x1dints.fits,seg008,4,284,60694.17055443269,TDB-MID,3550.224983287774,4.793785716127177,1778,0.5867402182434889,1.4160298518951635,3454,0.9961623747512908,1.000098338737044
TOI-2076_d,NIRISS_SOSS,obs14,SOSS_HDU4_ordem_2,jw05959014001_04102_00001-seg008_nis_x1dints.fits,seg008,4,285,60694.170631511544,TDB-MID,3674.9598581615082,4.793983203704796,1778,0.5867402182434889,1.4160298518951635,3455,1.0311619000640369,1.0352361516167983
TOI-2076_d,NIRISS_SOSS,obs14,SOSS_HDU4_ordem_2,jw05959014001_04102_00001-seg008_nis_x1dints.fits,seg008,4,286,60694.17070859039,TDB-MID,3432.265656382559,4.79394086985356,1778,0.5867402182434889,1.4160298518951635,3456,0.9630640095020149,0.9668691976454854
TOI-2076_d,NIRISS_SOSS,obs14,SOSS_HDU4_ordem_2,jw05959014001_04102_00001-seg008_nis_x1dints.fits,seg008,4,287,60694.17078566925,TDB-MID,3287.080898026709,4.793442067612322,1778,0.5867402182434889,1.4160298518951635,3457,0.9223264240412985,0.925970652813783
TOI-2076_d,NIRISS_SOSS,obs14,SOSS_HDU4_ordem_2,jw05959014001_04102_00001-seg008_nis_x1dints.fits,seg008,4,288,60694.1708627481,TDB-MID,3291.0112295373124,4.793547097724028,1778,0.5867402182434889,1.4160298518951635,3458,0.923429241014756,0.9270778271570835
TOI-2076_d,NIRISS_SOSS,obs14,SOSS_HDU4_ordem_2,jw05959014001_04102_00001-seg008_nis_x1dints.fits,seg008,4,289,60694.170939826945,TDB-MID,3291.7295974129383,4.793468016677848,1778,0.5867402182434889,1.4160298518951635,3459,0.9236308088174439,0.9272801913797447
TOI-2076_d,NIRISS_SOSS,obs14,SOSS_HDU4_ordem_2,jw05959014001_04102_00001-seg008_nis_x1dints.fits,seg008,4,290,60694.1710169058,TDB-MID,3484.6901407609053,4.7937285910813,1778,0.5867402182434889,1.4160298518951635,3460,0.977773865665858,0.9816371743181571
TOI-2076_d,NIRISS_SOSS,obs14,SOSS_HDU4_ordem_2,jw05959014001_04102_00001-seg008_nis_x1dints.fits,seg008,4,291,60694.17109398466,TDB-MID,3542.9735490339294,4.793747231226356,1778,0.5867402182434889,1.4160298518951635,3461,0.9941276851187556,0.9980556097875071
TOI-2076_d,NIRISS_SOSS,obs14,SOSS_HDU4_ordem_2,jw05959014001_04102_00001-seg008_nis_x1dints.fits,seg008,4,292,60694.171171063506,TDB-MID,3589.3263510765987,4.793752709431694,1778,0.5867402182434889,1.4160298518951635,3462,1.0071338798181237,1.0111131936130118
TOI-2076_d,NIRISS_SOSS,obs14,SOSS_HDU4_ordem_2,jw05959014001_04102_00001-seg008_nis_x1dints.fits,seg008,4,293,60694.17124814235,TDB-MID,3443.3093600479615,4.7936595865340745,1778,0.5867402182434889,1.4160298518951635,3463,0.9661627770790456,0.9699802088465403
TOI-2076_d,NIRISS_SOSS,obs14,SOSS_HDU4_ordem_2,jw05959014001_04102_00001-seg008_nis_x1dints.fits,seg008,4,294,60694.17132522121,TDB-MID,3367.0354026242935,4.793577860589785,1778,0.5867402182434889,1.4160298518951635,3464,0.9447609653864031,0.9484938358793635
TOI-2076_d,NIRISS_SOSS,obs14,SOSS_HDU4_ordem_2,jw05959014001_04102_00001-seg008_nis_x1dints.fits,seg008,4,295,60694.17140230007,TDB-MID,3604.149889441998,4.793864278586791,1778,0.5867402182434889,1.4160298518951635,3465,1.011293236267308,1.0152889842074746
TOI-2076_d,NIRISS_SOSS,obs14,SOSS_HDU4_ordem_2,jw05959014001_04102_00001-seg008_nis_x1dints.fits,seg008,4,296,60694.171479378914,TDB-MID,3639.506136672054,4.793882256064623,1778,0.5867402182434889,1.4160298518951635,3466,1.021213892949288,1.0252488386632364
TOI-2076_d,NIRISS_SOSS,obs14,SOSS_HDU4_ordem_2,jw05959014001_04102_00001-seg008_nis_x1dints.fits,seg008,4,297,60694.17155645776,TDB-MID,3568.2225896764044,4.793789747865803,1778,0.5867402182434889,1.4160298518951635,3467,1.0012123471908778,1.005168264258734
TOI-2076_d,NIRISS_SOSS,obs14,SOSS_HDU4_ordem_2,jw05959014001_04102_00001-seg008_nis_x1dints.fits,seg008,4,298,60694.171633536615,TDB-MID,3688.573766390574,4.793928177165586,1778,0.5867402182434889,1.4160298518951635,3468,1.0349818447759782,1.039071189415163
TOI-2076_d,NIRISS_SOSS,obs14,SOSS_HDU4_ordem_2,jw05959014001_04102_00001-seg008_nis_x1dints.fits,seg008,4,299,60694.17171061547,TDB-MID,3318.2199728146365,4.79352615648405,1778,0.5867402182434889,1.4160298518951635,3469,0.931063778669335,0.9347425298389892
TOI-2076_d,NIRISS_SOSS,obs14,SOSS_HDU4_ordem_2,jw05959014001_04102_00001-seg008_nis_x1dints.fits,seg008,4,300,60694.17178769432,TDB-MID,3468.172251491835,4.793682810445232,1778,0.5867402182434889,1.4160298518951635,3470,0.9731390890312466,0.9769840850927692
TOI-2076_d,NIRISS_SOSS,obs14,SOSS_HDU4_ordem_2,jw05959014001_04102_00001-seg008_nis_x1dints.fits,seg008,4,301,60694.17186477317,TDB-MID,3635.6209779432756,4.7938780347597,1778,0.5867402182434889,1.4160298518951635,3471,1.0201237510670793,1.0241543894920793
TOI-2076_d,NIRISS_SOSS,obs14,SOSS_HDU4_ordem_2,jw05959014001_04102_00001-seg008_nis_x1dints.fits,seg008,4,302,60694.17194185202,TDB-MID,3865.515019707966,4.794593966207273,1778,0.5867402182434889,1.4160298518951635,3472,1.084630027616743,1.0889155385281866
TOI-2076_d,NIRISS_SOSS,obs14,SOSS_HDU4_ordem_2,jw05959014001_04102_00001-seg008_nis_x1dints.fits,seg008,4,303,60694.17201893087,TDB-MID,3567.5162606577246,4.793812025603609,1778,0.5867402182434889,1.4160298518951635,3473,1.0010141573871567,1.0049692913819421
TOI-2076_d,NIRISS_SOSS,obs14,SOSS_HDU4_ordem_2,jw05959014001_04102_00001-seg008_nis_x1dints.fits,seg008,4,304,60694.17209600973,TDB-MID,3656.7402780326424,4.79378200556375,1778,0.5867402182434889,1.4160298518951635,3474,1.0260496437158957,1.0301036960949257
TOI-2076_d,NIRISS_SOSS,obs14,SOSS_HDU4_ordem_2,jw05959014001_04102_00001-seg008_nis_x1dints.fits,seg008,4,305,60694.17217308858,TDB-MID,3725.437545782265,4.793997055838422,1778,0.5867402182434889,1.4160298518951635,3475,1.0453255019227787,1.0494557156642732
TOI-2076_d,NIRISS_SOSS,obs14,SOSS_HDU4_ordem_2,jw05959014001_04102_00001-seg008_nis_x1dints.fits,seg008,4,306,60694.17225016743,TDB-MID,3325.7182702803716,4.793559869409596,1778,0.5867402182434889,1.4160298518951635,3476,0.9331677359805532,0.9368548001525999
TOI-2076_d,NIRISS_SOSS,obs14,SOSS_HDU4_ordem_2,jw05959014001_04102_00001-seg008_nis_x1dints.fits,seg008,4,307,60694.17232724628,TDB-MID,3444.8473927685095,4.793575024572238,1778,0.5867402182434889,1.4160298518951635,3477,0.9665943357364712,0.9704134726469992
TOI-2076_d,NIRISS_SOSS,obs14,SOSS_HDU4_ordem_2,jw05959014001_04102_00001-seg008_nis_x1dints.fits,seg008,4,308,60694.17240432512,TDB-MID,3521.314455996006,4.7936776896074935,1778,0.5867402182434889,1.4160298518951635,3478,0.9880503312447946,0.9919542435169902
TOI-2076_d,NIRISS_SOSS,obs14,SOSS_HDU4_ordem_2,jw05959014001_04102_00001-seg008_nis_x1dints.fits,seg008,4,309,60694.172481403984,TDB-MID,3427.1745017456515,4.793662427196557,1778,0.5867402182434889,1.4160298518951635,3479,0.9616354756155142,0.9654350194402751
TOI-2076_d,NIRISS_SOSS,obs14,SOSS_HDU4_ordem_2,jw05959014001_04102_00001-seg008_nis_x1dints.fits,seg008,4,310,60694.17255848284,TDB-MID,3786.0605633459445,4.794017439034117,1778,0.5867402182434889,1.4160298518951635,3480,1.0623357954746253,1.0665332190450634
TOI-2076_d,NIRISS_SOSS,obs14,SOSS_HDU4_ordem_2,jw05959014001_04102_00001-seg008_nis_x1dints.fits,seg008,4,311,60694.172635561685,TDB-MID,3708.743867293988,4.794534673417129,1778,0.5867402182434889,1.4160298518951635,3481,1.040641400356118,1.0447531066177684
TOI-2076_d,NIRISS_SOSS,obs14,SOSS_HDU4_ordem_2,jw05959014001_04102_00001-seg008_nis_x1dints.fits,seg008,4,312,60694.17271264053,TDB-MID,4011.0559575607895,4.794299007207559,1778,0.5867402182434889,1.4160298518951635,3482,1.125467553958731,1.1299144191202681
TOI-2076_d,NIRISS_SOSS,obs14,SOSS_HDU4_ordem_2,jw05959014001_04102_00001-seg008_nis_x1dints.fits,seg008,4,313,60694.17278971939,TDB-MID,3265.539753938681,4.793492087290901,1778,0.5867402182434889,1.4160298518951635,3483,0.9162821656208878,0.9199025127611542
TOI-2076_d,NIRISS_SOSS,obs14,SOSS_HDU4_ordem_2,jw05959014001_04102_00001-seg008_nis_x1dints.fits,seg008,4,314,60694.172866798246,TDB-MID,3185.88090052054,4.79342458886087,1778,0.5867402182434889,1.4160298518951635,3484,0.8939305814355122,0.8974626146295707
TOI-2076_d,NIRISS_SOSS,obs14,SOSS_HDU4_ordem_2,jw05959014001_04102_00001-seg008_nis_x1dints.fits,seg008,4,315,60694.17294387709,TDB-MID,3488.902678776846,4.79370045730225,1778,0.5867402182434889,1.4160298518951635,3485,0.9789558673399613,0.9828238462309067
TOI-2076_d,NIRISS_SOSS,obs14,SOSS_HDU4_ordem_2,jw05959014001_04102_00001-seg008_nis_x1dints.fits,seg008,4,316,60694.17302095594,TDB-MID,3987.5029097141437,4.79426574879932,1778,0.5867402182434889,1.4160298518951635,3486,1.118858772772752,1.1232795258009691
TOI-2076_d,NIRISS_SOSS,obs14,SOSS_HDU4_ordem_2,jw05959014001_04102_00001-seg008_nis_x1dints.fits,seg008,4,317,60694.17309803479,TDB-MID,3765.422278334082,4.7946380221543805,1778,0.5867402182434889,1.4160298518951635,3487,1.0565448714895285,1.0607194143842582
TOI-2076_d,NIRISS_SOSS,obs14,SOSS_HDU4_ordem_2,jw05959014001_04102_00001-seg008_nis_x1dints.fits,seg008,4,318,60694.173175113654,TDB-MID,3555.1226250033656,4.793817039364981,1778,0.5867402182434889,1.4160298518951635,3488,0.9975366105884703,1.0014780043544484
TOI-2076_d,NIRISS_SOSS,obs14,SOSS_HDU4_ordem_2,jw05959014001_04102_00001-seg008_nis_x1dints.fits,seg008,4,319,60694.1732521925,TDB-MID,3389.342026744115,4.793581623208168,1778,0.5867402182434889,1.4160298518951635,3489,0.9510200108723902,0.9547776116485277
TOI-2076_d,NIRISS_SOSS,obs14,SOSS_HDU4_ordem_2,jw05959014001_04102_00001-seg008_nis_x1dints.fits,seg008,4,320,60694.17332927135,TDB-MID,3700.5147094133795,4.793998240310824,1778,0.5867402182434889,1.4160298518951635,3490,1.0383323699439218,1.0424349529333279
TOI-2076_d,NIRISS_SOSS,obs14,SOSS_HDU4_ordem_2,jw05959014001_04102_00001-seg008_nis_x1dints.fits,seg008,4,321,60694.1734063502,TDB-MID,3479.904627874361,4.7936967788969955,1778,0.5867402182434889,1.4160298518951635,3491,0.9764310922067381,0.9802890953906618
TOI-2076_d,NIRISS_SOSS,obs14,SOSS_HDU4_ordem_2,jw05959014001_04102_00001-seg008_nis_x1dints.fits,seg008,4,322,60694.173483429055,TDB-MID,3494.007528495452,4.794123763039693,1778,0.5867402182434889,1.4160298518951635,3492,0.9803882439477462,0.9842618823404807
TOI-2076_d,NIRISS_SOSS,obs14,SOSS_HDU4_ordem_2,jw05959014001_04102_00001-seg008_nis_x1dints.fits,seg008,4,323,60694.17356050791,TDB-MID,3634.7585111756853,4.793854680945131,1778,0.5867402182434889,1.4160298518951635,3493,1.0198817503636335,1.0239114326131367
TOI-2076_d,NIRISS_SOSS,obs14,SOSS_HDU4_ordem_2,jw05959014001_04102_00001-seg008_nis_x1dints.fits,seg008,4,324,60694.173637586755,TDB-MID,3262.9962557399444,4.793420498629228,1778,0.5867402182434889,1.4160298518951635,3494,0.9155684820606187,0.9191860093465506
TOI-2076_d,NIRISS_SOSS,obs14,SOSS_HDU4_ordem_2,jw05959014001_04102_00001-seg008_nis_x1dints.fits,seg008,4,325,60694.17371466561,TDB-MID,3065.428147774141,4.793141897791728,1778,0.5867402182434889,1.4160298518951635,3495,0.8601325824957203,0.8635310755059802
TOI-2076_d,NIRISS_SOSS,obs14,SOSS_HDU4_ordem_2,jw05959014001_04102_00001-seg008_nis_x1dints.fits,seg008,4,326,60694.173791744455,TDB-MID,3404.2298741549407,4.793610579707213,1778,0.5867402182434889,1.4160298518951635,3496,0.9551974118826125,0.9589715181003798
TOI-2076_d,NIRISS_SOSS,obs14,SOSS_HDU4_ordem_2,jw05959014001_04102_00001-seg008_nis_x1dints.fits,seg008,4,327,60694.173868823316,TDB-MID,3804.2071016825516,4.794198857098301,1778,0.5867402182434889,1.4160298518951635,3497,1.067427556928619,1.0716450986948602
TOI-2076_d,NIRISS_SOSS,obs14,SOSS_HDU4_ordem_2,jw05959014001_04102_00001-seg008_nis_x1dints.fits,seg008,4,328,60694.17394590216,TDB-MID,3209.0190460412873,4.793345121903189,1778,0.5867402182434889,1.4160298518951635,3498,0.9004229446231385,0.9039806299682284
TOI-2076_d,NIRISS_SOSS,obs14,SOSS_HDU4_ordem_2,jw05959014001_04102_00001-seg008_nis_x1dints.fits,seg008,4,329,60694.17402298102,TDB-MID,3465.3701263268526,4.793677114271937,1778,0.5867402182434889,1.4160298518951635,3499,0.9723528369847314,0.9761947264646191
TOI-2076_d,NIRISS_SOSS,obs14,SOSS_HDU4_ordem_2,jw05959014001_04102_00001-seg008_nis_x1dints.fits,seg008,4,330,60694.17410005986,TDB-MID,3739.5604003101103,4.794012361077289,1778,0.5867402182434889,1.4160298518951635,3500,1.0492882525571616,1.0534341236294054
TOI-2076_d,NIRISS_SOSS,obs14,SOSS_HDU4_ordem_2,jw05959014001_04102_00001-seg008_nis_x1dints.fits,seg008,4,331,60694.17417713872,TDB-MID,4024.720763118184,4.794328713211954,1778,0.5867402182434889,1.4160298518951635,3501,1.1293017800200786,1.133763794695463
TOI-2076_d,NIRISS_SOSS,obs14,SOSS_HDU4_ordem_2,jw05959014001_04102_00001-seg008_nis_x1dints.fits,seg008,4,332,60694.17425421757,TDB-MID,3599.844600878499,4.793851558973721,1778,0.5867402182434889,1.4160298518951635,3502,1.0100852095930568,1.0140761844664985
TOI-2076_d,NIRISS_SOSS,obs14,SOSS_HDU4_ordem_2,jw05959014001_04102_00001-seg008_nis_x1dints.fits,seg008,4,333,60694.174331296424,TDB-MID,3348.4464640590722,4.793533181251049,1778,0.5867402182434889,1.4160298518951635,3503,0.9395450702607686,0.9432573320900328
TOI-2076_d,NIRISS_SOSS,obs14,SOSS_HDU4_ordem_2,jw05959014001_04102_00001-seg008_nis_x1dints.fits,seg008,4,334,60694.17440837527,TDB-MID,3188.643418557002,4.793306016597626,1778,0.5867402182434889,1.4160298518951635,3504,0.8947057200648807,0.8982408159300523
TOI-2076_d,NIRISS_SOSS,obs14,SOSS_HDU4_ordem_2,jw05959014001_04102_00001-seg008_nis_x1dints.fits,seg008,4,335,60694.17448545412,TDB-MID,3553.2022577556836,4.793908275934435,1778,0.5867402182434889,1.4160298518951635,3505,0.9969977721748907,1.000937036921902
TOI-2076_d,NIRISS_SOSS,obs14,SOSS_HDU4_ordem_2,jw05959014001_04102_00001-seg008_nis_x1dints.fits,seg008,4,336,60694.17456253298,TDB-MID,3568.440077640481,4.79376414592794,1778,0.5867402182434889,1.4160298518951635,3506,1.001273372429502,1.0052295306158219
TOI-2076_d,NIRISS_SOSS,obs14,SOSS_HDU4_ordem_2,jw05959014001_04102_00001-seg008_nis_x1dints.fits,seg008,4,337,60694.17463961183,TDB-MID,3636.502019127822,4.794131889663214,1778,0.5867402182434889,1.4160298518951635,3507,1.0203709635910132,1.0244025787840738
TOI-2076_d,NIRISS_SOSS,obs14,SOSS_HDU4_ordem_2,jw05959014001_04102_00001-seg008_nis_x1dints.fits,seg008,4,338,60694.17471669068,TDB-MID,3663.9048192099463,4.793908007177836,1778,0.5867402182434889,1.4160298518951635,3508,1.028059951903907,1.032121947265757
TOI-2076_d,NIRISS_SOSS,obs14,SOSS_HDU4_ordem_2,jw05959014001_04102_00001-seg008_nis_x1dints.fits,seg008,4,339,60694.174793769525,TDB-MID,3700.341240977661,4.794060647983904,1778,0.5867402182434889,1.4160298518951635,3509,1.0382836962036144,1.0423860868768944
TOI-2076_d,NIRISS_SOSS,obs14,SOSS_HDU4_ordem_2,jw05959014001_04102_00001-seg008_nis_x1dints.fits,seg008,4,340,60694.17487084838,TDB-MID,3403.8181501373374,4.793618732375631,1778,0.5867402182434889,1.4160298518951635,3510,0.9550818856900336,0.9588555354491503
TOI-2076_d,NIRISS_SOSS,obs14,SOSS_HDU4_ordem_2,jw05959014001_04102_00001-seg008_nis_x1dints.fits,seg008,4,341,60694.17494792724,TDB-MID,3657.662035866728,4.793933365426798,1778,0.5867402182434889,1.4160298518951635,3511,1.026308280978962,1.0303633552666476
TOI-2076_d,NIRISS_SOSS,obs14,SOSS_HDU4_ordem_2,jw05959014001_04102_00001-seg008_nis_x1dints.fits,seg008,4,342,60694.17502500609,TDB-MID,3333.623310092795,4.793542147652482,1778,0.5867402182434889,1.4160298518951635,3512,0.9353858216706479,0.9390816497807982
TOI-2076_d,NIRISS_SOSS,obs14,SOSS_HDU4_ordem_2,jw05959014001_04102_00001-seg008_nis_x1dints.fits,seg008,4,343,60694.17510208493,TDB-MID,3341.0950596409966,4.793528414252858,1778,0.5867402182434889,1.4160298518951635,3513,0.9374823298661907,0.9411864415463319
TOI-2076_d,NIRISS_SOSS,obs14,SOSS_HDU4_ordem_2,jw05959014001_04102_00001-seg008_nis_x1dints.fits,seg008,4,344,60694.17517916379,TDB-MID,3612.5972858454843,4.793790624306386,1778,0.5867402182434889,1.4160298518951635,3514,1.0136635025184257,1.0176686156814092
TOI-2076_d,NIRISS_SOSS,obs14,SOSS_HDU4_ordem_2,jw05959014001_04102_00001-seg008_nis_x1dints.fits,seg008,4,345,60694.17525624264,TDB-MID,3467.3415564636775,4.7936196855181885,1778,0.5867402182434889,1.4160298518951635,3515,0.9729060032026473,0.9767500783124755
TOI-2076_d,NIRISS_SOSS,obs14,SOSS_HDU4_ordem_2,jw05959014001_04102_00001-seg008_nis_x1dints.fits,seg008,4,346,60694.175333321495,TDB-MID,3811.15470129561,4.794073755797063,1778,0.5867402182434889,1.4160298518951635,3516,1.0693769931930655,1.0736022374294298
TOI-2076_d,NIRISS_SOSS,obs14,SOSS_HDU4_ordem_2,jw05959014001_04102_00001-seg008_nis_x1dints.fits,seg008,4,347,60694.17541040034,TDB-MID,3635.5830859583457,4.793871732530367,1778,0.5867402182434889,1.4160298518951635,3517,1.020113118904366,1.0241437153203412
TOI-2076_d,NIRISS_SOSS,obs14,SOSS_HDU4_ordem_2,jw05959014001_04102_00001-seg008_nis_x1dints.fits,seg008,4,348,60694.175487479195,TDB-MID,3640.3574750865614,4.793837587404328,1778,0.5867402182434889,1.4160298518951635,3518,1.0214527711332637,1.0254886606852378
TOI-2076_d,NIRISS_SOSS,obs14,SOSS_HDU4_ordem_2,jw05959014001_04102_00001-seg008_nis_x1dints.fits,seg008,4,349,60694.17556455804,TDB-MID,3534.9098300009614,4.793727109516512,1778,0.5867402182434889,1.4160298518951635,3519,0.9918650754140124,0.995784060224627
TOI-2076_d,NIRISS_SOSS,obs14,SOSS_HDU4_ordem_2,jw05959014001_04102_00001-seg008_nis_x1dints.fits,seg008,4,350,60694.175641636895,TDB-MID,3187.7073698869226,4.793370117206613,1778,0.5867402182434889,1.4160298518951635,3520,0.8944430729170355,0.8979771310299882
TOI-2076_d,NIRISS_SOSS,obs14,SOSS_HDU4_ordem_2,jw05959014001_04102_00001-seg008_nis_x1dints.fits,seg008,4,351,60694.17571871575,TDB-MID,3652.4662818981074,4.793828606272151,1778,0.5867402182434889,1.4160298518951635,3521,1.0248503974261256,1.0288997114308442
TOI-2076_d,NIRISS_SOSS,obs14,SOSS_HDU4_ordem_2,jw05959014001_04102_00001-seg008_nis_x1dints.fits,seg008,4,352,60694.1757957946,TDB-MID,3682.227901378051,4.794123075429354,1778,0.5867402182434889,1.4160298518951635,3522,1.0332012500276218,1.0372835593109444
TOI-2076_d,NIRISS_SOSS,obs14,SOSS_HDU4_ordem_2,jw05959014001_04102_00001-seg008_nis_x1dints.fits,seg008,4,353,60694.17587287345,TDB-MID,3701.084137938459,4.794044459623266,1778,0.5867402182434889,1.4160298518951635,3523,1.0384921466551063,1.0425953609425789
TOI-2076_d,NIRISS_SOSS,obs14,SOSS_HDU4_ordem_2,jw05959014001_04102_00001-seg008_nis_x1dints.fits,seg008,4,354,60694.1759499523,TDB-MID,3732.5709060085405,4.794074522370296,1778,0.5867402182434889,1.4160298518951635,3524,1.0473270610060519,1.0514651831615427
TOI-2076_d,NIRISS_SOSS,obs14,SOSS_HDU4_ordem_2,jw05959014001_04102_00001-seg008_nis_x1dints.fits,seg008,4,355,60694.17602703116,TDB-MID,3547.4024977000645,4.793801930862515,1778,0.5867402182434889,1.4160298518951635,3525,0.9953704097465405,0.9993032445780357
TOI-2076_d,NIRISS_SOSS,obs14,SOSS_HDU4_ordem_2,jw05959014001_04102_00001-seg008_nis_x1dints.fits,seg008,4,356,60694.17610411001,TDB-MID,3549.5268026638178,4.79376619193406,1778,0.5867402182434889,1.4160298518951635,3526,0.9959664713165395,0.999901661262956
TOI-2076_d,NIRISS_SOSS,obs14,SOSS_HDU4_ordem_2,jw05959014001_04102_00001-seg008_nis_x1dints.fits,seg008,4,357,60694.17618118886,TDB-MID,3886.951889007226,4.794200194460637,1778,0.5867402182434889,1.4160298518951635,3527,1.0906450274347568,1.0949543043739665
TOI-2076_d,NIRISS_SOSS,obs14,SOSS_HDU4_ordem_2,jw05959014001_04102_00001-seg008_nis_x1dints.fits,seg008,4,358,60694.176258267704,TDB-MID,3356.2711619951806,4.793648686516391,1778,0.5867402182434889,1.4160298518951635,3528,0.94174061271637,0.945461549412557
TOI-2076_d,NIRISS_SOSS,obs14,SOSS_HDU4_ordem_2,jw05959014001_04102_00001-seg008_nis_x1dints.fits,seg008,4,359,60694.176335346565,TDB-MID,3198.299940878371,4.793554903460901,1778,0.5867402182434889,1.4160298518951635,3529,0.8974152565739122,0.9009610581617531
TOI-2076_d,NIRISS_SOSS,obs14,SOSS_HDU4_ordem_2,jw05959014001_04102_00001-seg008_nis_x1dints.fits,seg008,4,360,60694.17641242542,TDB-MID,4004.2173332227317,4.794327295917656,1778,0.5867402182434889,1.4160298518951635,3530,1.123548695212398,1.127987978719467
TOI-2076_d,NIRISS_SOSS,obs14,SOSS_HDU4_ordem_2,jw05959014001_04102_00001-seg008_nis_x1dints.fits,seg008,4,361,60694.176489504265,TDB-MID,3546.9694099656413,4.793798339388295,1778,0.5867402182434889,1.4160298518951635,3531,0.9952488890800955,0.9991812437680129
TOI-2076_d,NIRISS_SOSS,obs14,SOSS_HDU4_ordem_2,jw05959014001_04102_00001-seg008_nis_x1dints.fits,seg008,4,362,60694.17656658311,TDB-MID,3388.855966312124,4.79376419512186,1778,0.5867402182434889,1.4160298518951635,3532,0.9508836265259096,0.9546406884301829
TOI-2076_d,NIRISS_SOSS,obs14,SOSS_HDU4_ordem_2,jw05959014001_04102_00001-seg008_nis_x1dints.fits,seg008,4,363,60694.176643661965,TDB-MID,3588.5862691341636,4.793748752033896,1778,0.5867402182434889,1.4160298518951635,3533,1.0069262192363981,1.010904712537969
TOI-2076_d,NIRISS_SOSS,obs14,SOSS_HDU4_ordem_2,jw05959014001_04102_00001-seg008_nis_x1dints.fits,seg008,4,364,60694.17672074082,TDB-MID,3522.1930362591224,4.793908308192081,1778,0.5867402182434889,1.4160298518951635,3534,0.9882968532554941,0.9922017395674452
TOI-2076_d,NIRISS_SOSS,obs14,SOSS_HDU4_ordem_2,jw05959014001_04102_00001-seg008_nis_x1dints.fits,seg008,4,365,60694.17679781967,TDB-MID,3678.2098344637693,4.793953137255249,1778,0.5867402182434889,1.4160298518951635,3535,1.032073815259943,1.036151669905393
TOI-2076_d,NIRISS_SOSS,obs14,SOSS_HDU4_ordem_2,jw05959014001_04102_00001-seg008_nis_x1dints.fits,seg008,4,366,60694.17687489852,TDB-MID,3453.08405487484,4.793698808667898,1778,0.5867402182434889,1.4160298518951635,3536,0.968905471769396,0.9727337402717431
TOI-2076_d,NIRISS_SOSS,obs14,SOSS_HDU4_ordem_2,jw05959014001_04102_00001-seg008_nis_x1dints.fits,seg008,4,367,60694.17695197737,TDB-MID,3525.2164174185405,4.793754284026777,1778,0.5867402182434889,1.4160298518951635,3537,0.9891451878173096,0.9930534260067937
TOI-2076_d,NIRISS_SOSS,obs14,SOSS_HDU4_ordem_2,jw05959014001_04102_00001-seg008_nis_x1dints.fits,seg008,4,368,60694.17702905623,TDB-MID,3723.664702254071,4.793995509014454,1778,0.5867402182434889,1.4160298518951635,3538,1.044828057386891,1.0489563056618836
TOI-2076_d,NIRISS_SOSS,obs14,SOSS_HDU4_ordem_2,jw05959014001_04102_00001-seg008_nis_x1dints.fits,seg008,4,369,60694.177106135074,TDB-MID,3769.7915637037727,4.794062467966422,1778,0.5867402182434889,1.4160298518951635,3539,1.0577708551131935,1.0619502420248348
TOI-2076_d,NIRISS_SOSS,obs14,SOSS_HDU4_ordem_2,jw05959014001_04102_00001-seg008_nis_x1dints.fits,seg008,4,370,60694.17718321393,TDB-MID,3439.728162499641,4.793691091962781,1778,0.5867402182434889,1.4160298518951635,3540,0.9651579240708611,0.9689713855365742
TOI-2076_d,NIRISS_SOSS,obs14,SOSS_HDU4_ordem_2,jw05959014001_04102_00001-seg008_nis_x1dints.fits,seg008,4,371,60694.17726029278,TDB-MID,3476.9010175704343,4.793721972922945,1778,0.5867402182434889,1.4160298518951635,3541,0.9755883051756987,0.9794429784010876
TOI-2076_d,NIRISS_SOSS,obs14,SOSS_HDU4_ordem_2,jw05959014001_04102_00001-seg008_nis_x1dints.fits,seg008,4,372,60694.17733737163,TDB-MID,3472.7528941970772,4.793733592381668,1778,0.5867402182434889,1.4160298518951635,3542,0.9744243776922811,0.9782744520924455
TOI-2076_d,NIRISS_SOSS,obs14,SOSS_HDU4_ordem_2,jw05959014001_04102_00001-seg008_nis_x1dints.fits,seg008,4,373,60694.17741445048,TDB-MID,3293.562499191931,4.793532371671578,1778,0.5867402182434889,1.4160298518951635,3543,0.9241451051782215,0.9277965197907236
TOI-2076_d,NIRISS_SOSS,obs14,SOSS_HDU4_ordem_2,jw05959014001_04102_00001-seg008_nis_x1dints.fits,seg008,4,374,60694.177491529335,TDB-MID,3995.069322602658,4.794358192203578,1778,0.5867402182434889,1.4160298518951635,3544,1.120981842681519,1.1254109842284272
TOI-2076_d,NIRISS_SOSS,obs14,SOSS_HDU4_ordem_2,jw05959014001_04102_00001-seg008_nis_x1dints.fits,seg008,4,375,60694.17756860819,TDB-MID,3432.1635030371754,4.793563081882643,1778,0.5867402182434889,1.4160298518951635,3545,0.9630353461582535,0.9668404210492146
TOI-2076_d,NIRISS_SOSS,obs14,SOSS_HDU4_ordem_2,jw05959014001_04102_00001-seg008_nis_x1dints.fits,seg008,4,376,60694.177645687036,TDB-MID,3734.863396020427,4.794065199510584,1778,0.5867402182434889,1.4160298518951635,3546,1.047970313843572,1.052110977572672
TOI-2076_d,NIRISS_SOSS,obs14,SOSS_HDU4_ordem_2,jw05959014001_04102_00001-seg008_nis_x1dints.fits,seg008,4,377,60694.17772276588,TDB-MID,3493.5940281894336,4.793999325172619,1778,0.5867402182434889,1.4160298518951635,3547,0.980272219344026,0.9841453993088242
TOI-2076_d,NIRISS_SOSS,obs14,SOSS_HDU4_ordem_2,jw05959014001_04102_00001-seg008_nis_x1dints.fits,seg008,4,378,60694.17779984474,TDB-MID,3515.3673119527343,4.793681577346522,1778,0.5867402182434889,1.4160298518951635,3548,0.9863816141462948,0.9902789331054237
TOI-2076_d,NIRISS_SOSS,obs14,SOSS_HDU4_ordem_2,jw05959014001_04102_00001-seg008_nis_x1dints.fits,seg008,4,379,60694.1778769236,TDB-MID,3341.354874705784,4.794643254124108,1778,0.5867402182434889,1.4160298518951635,3549,0.937555231722595,0.9412596314472242
TOI-2076_d,NIRISS_SOSS,obs14,SOSS_HDU4_ordem_2,jw05959014001_04102_00001-seg008_nis_x1dints.fits,seg008,4,380,60694.17795400244,TDB-MID,3821.586187242908,4.794099910259922,1778,0.5867402182434889,1.4160298518951635,3550,1.0723039777820313,1.0765407869060297
TOI-2076_d,NIRISS_SOSS,obs14,SOSS_HDU4_ordem_2,jw05959014001_04102_00001-seg008_nis_x1dints.fits,seg008,4,381,60694.17803108129,TDB-MID,3524.23303481483,4.793737253341062,1778,0.5867402182434889,1.4160298518951635,3551,0.9888692591777409,0.9927764071381464
TOI-2076_d,NIRISS_SOSS,obs14,SOSS_HDU4_ordem_2,jw05959014001_04102_00001-seg008_nis_x1dints.fits,seg008,4,382,60694.178108160144,TDB-MID,3840.9146437343484,4.794258978626803,1778,0.5867402182434889,1.4160298518951635,3552,1.0777273752313274,1.0819856128870409
TOI-2076_d,NIRISS_SOSS,obs14,SOSS_HDU4_ordem_2,jw05959014001_04102_00001-seg008_nis_x1dints.fits,seg008,4,383,60694.178185239005,TDB-MID,3635.116289262108,4.793898764183284,1778,0.5867402182434889,1.4160298518951635,3553,1.019982139795256,1.0240122186961462
TOI-2076_d,NIRISS_SOSS,obs14,SOSS_HDU4_ordem_2,jw05959014001_04102_00001-seg008_nis_x1dints.fits,seg008,4,384,60694.17826231785,TDB-MID,3826.7117460045047,4.794313408664983,1778,0.5867402182434889,1.4160298518951635,3554,1.0737421651678771,1.0779846567527864
TOI-2076_d,NIRISS_SOSS,obs14,SOSS_HDU4_ordem_2,jw05959014001_04102_00001-seg008_nis_x1dints.fits,seg008,4,385,60694.1783393967,TDB-MID,3754.403551597,4.793959057863213,1778,0.5867402182434889,1.4160298518951635,3555,1.0534531122222095,1.0576154391836363
TOI-2076_d,NIRISS_SOSS,obs14,SOSS_HDU4_ordem_2,jw05959014001_04102_00001-seg008_nis_x1dints.fits,seg008,4,386,60694.17841647555,TDB-MID,3317.465292265353,4.793425082279493,1778,0.5867402182434889,1.4160298518951635,3556,0.9308520218449952,0.9345299363365581
TOI-2076_d,NIRISS_SOSS,obs14,SOSS_HDU4_ordem_2,jw05959014001_04102_00001-seg008_nis_x1dints.fits,seg008,4,387,60694.178493554406,TDB-MID,3422.5396293549056,4.793884711772536,1778,0.5867402182434889,1.4160298518951635,3557,0.9603349705745186,0.964129375938789
TOI-2076_d,NIRISS_SOSS,obs14,SOSS_HDU4_ordem_2,jw05959014001_04102_00001-seg008_nis_x1dints.fits,seg008,4,388,60694.17857063326,TDB-MID,3551.937703829441,4.793799659681005,1778,0.5867402182434889,1.4160298518951635,3558,0.9966429492980036,1.0005808120947903
TOI-2076_d,NIRISS_SOSS,obs14,SOSS_HDU4_ordem_2,jw05959014001_04102_00001-seg008_nis_x1dints.fits,seg008,4,389,60694.178647712106,TDB-MID,3439.0106618762484,4.793621519607768,1778,0.5867402182434889,1.4160298518951635,3559,0.964956599611637,0.9687692656188577
TOI-2076_d,NIRISS_SOSS,obs14,SOSS_HDU4_ordem_2,jw05959014001_04102_00001-seg008_nis_x1dints.fits,seg008,4,390,60694.17872479096,TDB-MID,3226.117220367416,4.793506636576806,1778,0.5867402182434889,1.4160298518951635,3560,0.9052205442177576,0.9087971854878062
TOI-2076_d,NIRISS_SOSS,obs14,SOSS_HDU4_ordem_2,jw05959014001_04102_00001-seg008_nis_x1dints.fits,seg008,4,391,60694.178801869806,TDB-MID,3463.025461438748,4.793603260740102,1778,0.5867402182434889,1.4160298518951635,3561,0.9716949443289349,0.9755342343914332
TOI-2076_d,NIRISS_SOSS,obs14,SOSS_HDU4_ordem_2,jw05959014001_04102_00001-seg008_nis_x1dints.fits,seg008,4,392,60694.17887894866,TDB-MID,3250.8727619809197,4.793384778042284,1778,0.5867402182434889,1.4160298518951635,3562,0.912166734737527,0.9157708212880007
TOI-2076_d,NIRISS_SOSS,obs14,SOSS_HDU4_ordem_2,jw05959014001_04102_00001-seg008_nis_x1dints.fits,seg008,4,393,60694.178956027514,TDB-MID,3626.038156690147,4.793921764521461,1778,0.5867402182434889,1.4160298518951635,3563,1.0174348944393246,1.021454908850491
TOI-2076_d,NIRISS_SOSS,obs14,SOSS_HDU4_ordem_2,jw05959014001_04102_00001-seg008_nis_x1dints.fits,seg008,4,394,60694.17903310637,TDB-MID,3688.8223181862923,4.793975616040675,1778,0.5867402182434889,1.4160298518951635,3564,1.0350515862566554,1.0391412064532826
TOI-2076_d,NIRISS_SOSS,obs14,SOSS_HDU4_ordem_2,jw05959014001_04102_00001-seg008_nis_x1dints.fits,seg008,4,395,60694.179110185214,TDB-MID,3784.5061100906346,4.794056231622048,1778,0.5867402182434889,1.4160298518951635,3565,1.0618996293573963,1.0660953295801427
TOI-2076_d,NIRISS_SOSS,obs14,SOSS_HDU4_ordem_2,jw05959014001_04102_00001-seg008_nis_x1dints.fits,seg008,4,396,60694.17918726406,TDB-MID,4068.590875588392,4.794517618828938,1778,0.5867402182434889,1.4160298518951635,3566,1.141611353532926,1.1461220048957168
TOI-2076_d,NIRISS_SOSS,obs14,SOSS_HDU4_ordem_2,jw05959014001_04102_00001-seg008_nis_x1dints.fits,seg008,4,397,60694.17926434292,TDB-MID,3786.2443599197,4.794029984309402,1778,0.5867402182434889,1.4160298518951635,3567,1.0623873672009934,1.0665849945378683
TOI-2076_d,NIRISS_SOSS,obs14,SOSS_HDU4_ordem_2,jw05959014001_04102_00001-seg008_nis_x1dints.fits,seg008,4,398,60694.179341421775,TDB-MID,3528.540784214289,4.793721083419211,1778,0.5867402182434889,1.4160298518951635,3568,0.9900779763412444,0.9939899000965856
TOI-2076_d,NIRISS_SOSS,obs14,SOSS_HDU4_ordem_2,jw05959014001_04102_00001-seg008_nis_x1dints.fits,seg008,4,399,60694.17941850062,TDB-MID,3536.0992997196186,4.794185749913218,1778,0.5867402182434889,1.4160298518951635,3569,0.9921988303127047,0.9961191338312876
TOI-2076_d,NIRISS_SOSS,obs14,SOSS_HDU4_ordem_2,jw05959014001_04102_00001-seg008_nis_x1dints.fits,seg008,4,400,60694.17949557947,TDB-MID,3595.485358379388,4.7938430550631175,1778,0.5867402182434889,1.4160298518951635,3570,1.0088620439118752,1.0128481859024536
TOI-2076_d,NIRISS_SOSS,obs14,SOSS_HDU4_ordem_2,jw05959014001_04102_00001-seg008_nis_x1dints.fits,seg008,4,401,60694.17957265832,TDB-MID,3336.9505942051146,4.793553915813944,1778,0.5867402182434889,1.4160298518951635,3571,0.9363194287683398,0.9400189456786361
TOI-2076_d,NIRISS_SOSS,obs14,SOSS_HDU4_ordem_2,jw05959014001_04102_00001-seg008_nis_x1dints.fits,seg008,4,402,60694.17964973718,TDB-MID,3401.639644204472,4.793647680910149,1778,0.5867402182434889,1.4160298518951635,3572,0.954470615797644,0.9582418503518273
TOI-2076_d,NIRISS_SOSS,obs14,SOSS_HDU4_ordem_2,jw05959014001_04102_00001-seg008_nis_x1dints.fits,seg008,4,403,60694.17972681603,TDB-MID,3431.702105310976,4.7937716877007235,1778,0.5867402182434889,1.4160298518951635,3573,0.9629058819533654,0.96671044531482
TOI-2076_d,NIRISS_SOSS,obs14,SOSS_HDU4_ordem_2,jw05959014001_04102_00001-seg008_nis_x1dints.fits,seg008,4,404,60694.17980389488,TDB-MID,3454.4836402537244,4.7936670210183685,1778,0.5867402182434889,1.4160298518951635,3574,0.9692981833021185,0.9731280034575783
TOI-2076_d,NIRISS_SOSS,obs14,SOSS_HDU4_ordem_2,jw05959014001_04102_00001-seg008_nis_x1dints.fits,seg008,4,405,60694.17988097373,TDB-MID,3120.592755233562,4.793299782268375,1778,0.5867402182434889,1.4160298518951635,3575,0.8756112934584575,0.8790709448204473
TOI-2076_d,NIRISS_SOSS,obs14,SOSS_HDU4_ordem_2,jw05959014001_04102_00001-seg008_nis_x1dints.fits,seg008,4,406,60694.17995805258,TDB-MID,3283.7950086389965,4.793283655542319,1778,0.5867402182434889,1.4160298518951635,3576,0.9214044319447294,0.9250450178094117
TOI-2076_d,NIRISS_SOSS,obs14,SOSS_HDU4_ordem_2,jw05959014001_04102_00001-seg008_nis_x1dints.fits,seg008,4,407,60694.18003513144,TDB-MID,3817.271367493833,4.7965596455767106,1778,0.5867402182434889,1.4160298518951635,3577,1.0710932767396761,1.0753253022301814
TOI-2076_d,NIRISS_SOSS,obs14,SOSS_HDU4_ordem_2,jw05959014001_04102_00001-seg008_nis_x1dints.fits,seg008,4,408,60694.180112210284,TDB-MID,3563.3809927751195,4.793885454426239,1778,0.5867402182434889,1.4160298518951635,3578,0.999853837043077,1.0038043864649033
TOI-2076_d,NIRISS_SOSS,obs14,SOSS_HDU4_ordem_2,jw05959014001_04102_00001-seg008_nis_x1dints.fits,seg008,4,409,60694.18018928914,TDB-MID,3367.451519522431,4.793972696832491,1778,0.5867402182434889,1.4160298518951635,3579,0.9448777241832046,0.9486110560049913
TOI-2076_d,NIRISS_SOSS,obs14,SOSS_HDU4_ordem_2,jw05959014001_04102_00001-seg008_nis_x1dints.fits,seg008,4,410,60694.180266367985,TDB-MID,3770.77002034093,4.794065796292934,1778,0.5867402182434889,1.4160298518951635,3580,1.058045401569221,1.0622258732487582
TOI-2076_d,NIRISS_SOSS,obs14,SOSS_HDU4_ordem_2,jw05959014001_04102_00001-seg008_nis_x1dints.fits,seg008,4,411,60694.18034344683,TDB-MID,3341.348727315978,4.793579985520695,1778,0.5867402182434889,1.4160298518951635,3581,0.9375535068182702,0.9412578997275836
TOI-2076_d,NIRISS_SOSS,obs14,SOSS_HDU4_ordem_2,jw05959014001_04102_00001-seg008_nis_x1dints.fits,seg008,4,412,60694.18042052569,TDB-MID,3667.8459771490134,4.793977886811443,1778,0.5867402182434889,1.4160298518951635,3582,1.0291658066794023,1.0332321714138364
TOI-2076_d,NIRISS_SOSS,obs14,SOSS_HDU4_ordem_2,jw05959014001_04102_00001-seg008_nis_x1dints.fits,seg008,4,413,60694.180497604546,TDB-MID,3622.4371376969134,4.793847693831399,1778,0.5867402182434889,1.4160298518951635,3583,1.0164244797054105,1.020440501839711
TOI-2076_d,NIRISS_SOSS,obs14,SOSS_HDU4_ordem_2,jw05959014001_04102_00001-seg008_nis_x1dints.fits,seg008,4,414,60694.18057468339,TDB-MID,3403.474180276538,4.794623020573905,1778,0.5867402182434889,1.4160298518951635,3584,0.9549853707269004,0.958758639143147
TOI-2076_d,NIRISS_SOSS,obs14,SOSS_HDU4_ordem_2,jw05959014001_04102_00001-seg008_nis_x1dints.fits,seg008,4,415,60694.18065176224,TDB-MID,3724.949412592828,4.793895969079665,1778,0.5867402182434889,1.4160298518951635,3585,1.0451885359785151,1.0493182085501787
TOI-2076_d,NIRISS_SOSS,obs14,SOSS_HDU4_ordem_2,jw05959014001_04102_00001-seg008_nis_x1dints.fits,seg008,4,416,60694.18072884109,TDB-MID,3599.093820341246,4.793883388554076,1778,0.5867402182434889,1.4160298518951635,3586,1.009874547078307,1.0138646895974135
TOI-2076_d,NIRISS_SOSS,obs14,SOSS_HDU4_ordem_2,jw05959014001_04102_00001-seg008_nis_x1dints.fits,seg008,4,417,60694.180805919954,TDB-MID,3593.061723536594,4.793927550010987,1778,0.5867402182434889,1.4160298518951635,3587,1.0081819929709086,1.0121654479939004
TOI-2076_d,NIRISS_SOSS,obs14,SOSS_HDU4_ordem_2,jw05959014001_04102_00001-seg008_nis_x1dints.fits,seg008,4,418,60694.1808829988,TDB-MID,3606.9295130600635,4.793859313356051,1778,0.5867402182434889,1.4160298518951635,3588,1.012073174574689,1.016072004150106
TOI-2076_d,NIRISS_SOSS,obs14,SOSS_HDU4_ordem_2,jw05959014001_04102_00001-seg008_nis_x1dints.fits,seg008,4,419,60694.18096007765,TDB-MID,3337.538683362832,4.793512054036886,1778,0.5867402182434889,1.4160298518951635,3589,0.9364844414913857,0.9401846103878957
TOI-2076_d,NIRISS_SOSS,obs14,SOSS_HDU4_ordem_2,jw05959014001_04102_00001-seg008_nis_x1dints.fits,seg008,4,420,60694.1810371565,TDB-MID,3422.1699225640186,4.7936094896218036,1778,0.5867402182434889,1.4160298518951635,3590,0.9602312340517614,0.9640252295398632
TOI-2076_d,NIRISS_SOSS,obs14,SOSS_HDU4_ordem_2,jw05959014001_04102_00001-seg008_nis_x1dints.fits,seg008,4,421,60694.18111423536,TDB-MID,3320.768852619907,4.793672550691828,1778,0.5867402182434889,1.4160298518951635,3591,0.9317789722617768,0.9354605492520944
TOI-2076_d,NIRISS_SOSS,obs14,SOSS_HDU4_ordem_2,jw05959014001_04102_00001-seg008_nis_x1dints.fits,seg008,4,422,60694.18119131421,TDB-MID,3384.986915013037,4.793946843692742,1778,0.5867402182434889,1.4160298518951635,3592,0.9497980042489339,0.9535507767217926
TOI-2076_d,NIRISS_SOSS,obs14,SOSS_HDU4_ordem_2,jw05959014001_04102_00001-seg008_nis_x1dints.fits,seg008,4,423,60694.181268393055,TDB-MID,3487.5573106918396,4.793691427643158,1778,0.5867402182434889,1.4160298518951635,3593,0.9785783687102171,0.9824448560561604
TOI-2076_d,NIRISS_SOSS,obs14,SOSS_HDU4_ordem_2,jw05959014001_04102_00001-seg008_nis_x1dints.fits,seg008,4,424,60694.18134547191,TDB-MID,3581.3834097978224,4.794345194242115,1778,0.5867402182434889,1.4160298518951635,3594,1.0049051593049105,1.0088756671421586
TOI-2076_d,NIRISS_SOSS,obs14,SOSS_HDU4_ordem_2,jw05959014001_04102_00001-seg008_nis_x1dints.fits,seg008,4,425,60694.181422550755,TDB-MID,3804.7321666385674,4.79439146835398,1778,0.5867402182434889,1.4160298518951635,3595,1.067574885606645,1.0717930094871937
TOI-2076_d,NIRISS_SOSS,obs14,SOSS_HDU4_ordem_2,jw05959014001_04102_00001-seg008_nis_x1dints.fits,seg008,4,426,60694.181499629616,TDB-MID,3157.730678172653,4.79340062388535,1778,0.5867402182434889,1.4160298518951635,3596,0.8860318729097559,0.8895326973038443
TOI-2076_d,NIRISS_SOSS,obs14,SOSS_HDU4_ordem_2,jw05959014001_04102_00001-seg008_nis_x1dints.fits,seg008,4,427,60694.18157670846,TDB-MID,3338.718598615433,4.79353734577534,1778,0.5867402182434889,1.4160298518951635,3597,0.9368155154896728,0.9405169925015735
TOI-2076_d,NIRISS_SOSS,obs14,SOSS_HDU4_ordem_2,jw05959014001_04102_00001-seg008_nis_x1dints.fits,seg008,4,428,60694.18165378732,TDB-MID,3556.261620680611,4.793707256660493,1778,0.5867402182434889,1.4160298518951635,3598,0.9978562029083986,1.0017988594241987
TOI-2076_d,NIRISS_SOSS,obs14,SOSS_HDU4_ordem_2,jw05959014001_04102_00001-seg008_nis_x1dints.fits,seg008,4,429,60694.18173086616,TDB-MID,3954.957076248039,4.794269795899798,1778,0.5867402182434889,1.4160298518951635,3599,1.1097266938463537,1.1141113648715957
TOI-2076_d,NIRISS_SOSS,obs14,SOSS_HDU4_ordem_2,jw05959014001_04102_00001-seg008_nis_x1dints.fits,seg008,4,430,60694.18180794502,TDB-MID,3890.812569913549,4.794197941326855,1778,0.5867402182434889,1.4160298518951635,3600,1.0917283010520356,1.0960418581428073
TOI-2076_d,NIRISS_SOSS,obs14,SOSS_HDU4_ordem_2,jw05959014001_04102_00001-seg008_nis_x1dints.fits,seg008,4,431,60694.18188502387,TDB-MID,3592.483364072201,4.793827974019946,1778,0.5867402182434889,1.4160298518951635,3601,1.0080197103155215,1.0120025241391433
TOI-2076_d,NIRISS_SOSS,obs14,SOSS_HDU4_ordem_2,jw05959014001_04102_00001-seg008_nis_x1dints.fits,seg008,4,432,60694.181962102724,TDB-MID,3527.237195730748,4.793683138594277,1778,0.5867402182434889,1.4160298518951635,3602,0.9897122007057353,0.9936226792351126
TOI-2076_d,NIRISS_SOSS,obs14,SOSS_HDU4_ordem_2,jw05959014001_04102_00001-seg008_nis_x1dints.fits,seg008,4,433,60694.18203918157,TDB-MID,3476.701002323004,4.793724497859949,1778,0.5867402182434889,1.4160298518951635,3603,0.9755321826299996,0.9793866341080869
TOI-2076_d,NIRISS_SOSS,obs14,SOSS_HDU4_ordem_2,jw05959014001_04102_00001-seg008_nis_x1dints.fits,seg008,4,434,60694.18211626042,TDB-MID,3641.789499121705,4.793869849210568,1778,0.5867402182434889,1.4160298518951635,3604,1.0218545846719167,1.0258920618401843
TOI-2076_d,NIRISS_SOSS,obs14,SOSS_HDU4_ordem_2,jw05959014001_04102_00001-seg008_nis_x1dints.fits,seg008,4,435,60694.18219333927,TDB-MID,3149.908986575383,4.793224343608926,1778,0.5867402182434889,1.4160298518951635,3605,0.8838371740067887,0.8873293268669379
TOI-2076_d,NIRISS_SOSS,obs14,SOSS_HDU4_ordem_2,jw05959014001_04102_00001-seg008_nis_x1dints.fits,seg008,4,436,60694.18227041813,TDB-MID,3793.521325960482,4.794110662056707,1778,0.5867402182434889,1.4160298518951635,3606,1.0644292208317614,1.0686349157915047
TOI-2076_d,NIRISS_SOSS,obs14,SOSS_HDU4_ordem_2,jw05959014001_04102_00001-seg008_nis_x1dints.fits,seg008,4,437,60694.18234749698,TDB-MID,3176.9854513721643,4.793304603073156,1778,0.5867402182434889,1.4160298518951635,3607,0.8914345954656544,0.8949567667023298
TOI-2076_d,NIRISS_SOSS,obs14,SOSS_HDU4_ordem_2,jw05959014001_04102_00001-seg008_nis_x1dints.fits,seg008,4,438,60694.182424575825,TDB-MID,3727.756449077893,4.793913792700191,1778,0.5867402182434889,1.4160298518951635,3608,1.0459761660988989,1.050108950697142
TOI-2076_d,NIRISS_SOSS,obs14,SOSS_HDU4_ordem_2,jw05959014001_04102_00001-seg008_nis_x1dints.fits,seg008,4,439,60694.18250165468,TDB-MID,3265.835370962727,4.793557497579618,1778,0.5867402182434889,1.4160298518951635,3609,0.9163651131969083,0.919985788073576
TOI-2076_d,NIRISS_SOSS,obs14,SOSS_HDU4_ordem_2,jw05959014001_04102_00001-seg008_nis_x1dints.fits,seg008,4,440,60694.18257873353,TDB-MID,3806.123925065659,4.794032898495629,1778,0.5867402182434889,1.4160298518951635,3610,1.0679654009644992,1.072185067820795
TOI-2076_d,NIRISS_SOSS,obs14,SOSS_HDU4_ordem_2,jw05959014001_04102_00001-seg008_nis_x1dints.fits,seg008,4,441,60694.18265581239,TDB-MID,3487.999993849522,4.793761553150121,1778,0.5867402182434889,1.4160298518951635,3611,0.9787025817693036,0.9825695598968097
TOI-2076_d,NIRISS_SOSS,obs14,SOSS_HDU4_ordem_2,jw05959014001_04102_00001-seg008_nis_x1dints.fits,seg008,4,442,60694.18273289123,TDB-MID,3282.0896050750175,4.793451672848709,1778,0.5867402182434889,1.4160298518951635,3612,0.9209259104785689,0.9245646056441995
TOI-2076_d,NIRISS_SOSS,obs14,SOSS_HDU4_ordem_2,jw05959014001_04102_00001-seg008_nis_x1dints.fits,seg008,4,443,60694.18280997009,TDB-MID,3952.831033016867,4.794217998637144,1778,0.5867402182434889,1.4160298518951635,3613,1.1091301445335755,1.1135124585167626
TOI-2076_d,NIRISS_SOSS,obs14,SOSS_HDU4_ordem_2,jw05959014001_04102_00001-seg008_nis_x1dints.fits,seg008,4,444,60694.18288704894,TDB-MID,3281.9412559517655,4.793333660078811,1778,0.5867402182434889,1.4160298518951635,3614,0.9208842849997311,0.9245228156978114
TOI-2076_d,NIRISS_SOSS,obs14,SOSS_HDU4_ordem_2,jw05959014001_04102_00001-seg008_nis_x1dints.fits,seg008,4,445,60694.18296412779,TDB-MID,3233.0407447289713,4.79344452161035,1778,0.5867402182434889,1.4160298518951635,3615,0.907163225175196,0.9107475422242923
TOI-2076_d,NIRISS_SOSS,obs14,SOSS_HDU4_ordem_2,jw05959014001_04102_00001-seg008_nis_x1dints.fits,seg008,4,446,60694.18304120664,TDB-MID,3480.4424065166895,4.794264665420396,1778,0.5867402182434889,1.4160298518951635,3616,0.9765819882350052,0.9804405876282898
TOI-2076_d,NIRISS_SOSS,obs14,SOSS_HDU4_ordem_2,jw05959014001_04102_00001-seg008_nis_x1dints.fits,seg008,4,447,60694.183118285495,TDB-MID,3632.358981191324,4.79380867401831,1778,0.5867402182434889,1.4160298518951635,3617,1.019208463037123,1.0232354850429388
TOI-2076_d,NIRISS_SOSS,obs14,SOSS_HDU4_ordem_2,jw05959014001_04102_00001-seg008_nis_x1dints.fits,seg008,4,448,60694.18319536434,TDB-MID,3865.222647481176,4.794098183671582,1778,0.5867402182434889,1.4160298518951635,3618,1.084547990502723,1.088833177275116
TOI-2076_d,NIRISS_SOSS,obs14,SOSS_HDU4_ordem_2,jw05959014001_04102_00001-seg008_nis_x1dints.fits,seg008,4,449,60694.183272443195,TDB-MID,3326.9514113566656,4.79349321333409,1778,0.5867402182434889,1.4160298518951635,3619,0.933513744683874,0.9372021759802265
