planeta,instrumento,obs,parte,arquivo,segmento,hdu,integration_index_segmento,time_value,time_column,white_flux,white_flux_error,n_pixels_validos,wavelength_min_um,wavelength_max_um,integration_index_global,white_flux_normalizado,white_flux_normalizado_por_segmento
TOI-2076_d,NIRISS_SOSS,obs14,SOSS_HDU3_ordem_1,jw05959014001_04102_00001-seg001_nis_x1dints.fits,seg001,3,0,60693.904324070994,TDB-MID,2041.3773759144472,0.1445180474217789,2038,0.8522004674063691,2.828497546304791,0,1.0001957206068244,1.0002975565005174
TOI-2076_d,NIRISS_SOSS,obs14,SOSS_HDU3_ordem_1,jw05959014001_04102_00001-seg001_nis_x1dints.fits,seg001,3,1,60693.904401149855,TDB-MID,2047.3037840975471,0.14454614318056036,2038,0.8522004674063691,2.828497546304791,1,1.0030994307063108,1.0032015622440533
TOI-2076_d,NIRISS_SOSS,obs14,SOSS_HDU3_ordem_1,jw05959014001_04102_00001-seg001_nis_x1dints.fits,seg001,3,2,60693.90447822871,TDB-MID,2040.1631232692282,0.14451300254914806,2038,0.8522004674063691,2.828497546304791,2,0.9996007839166205,0.9997025592362597
TOI-2076_d,NIRISS_SOSS,obs14,SOSS_HDU3_ordem_1,jw05959014001_04102_00001-seg001_nis_x1dints.fits,seg001,3,3,60693.90455530756,TDB-MID,2045.3907859665887,0.1445285605546617,2038,0.8522004674063691,2.828497546304791,3,1.002162135835363,1.0022641719415226
TOI-2076_d,NIRISS_SOSS,obs14,SOSS_HDU3_ordem_1,jw05959014001_04102_00001-seg001_nis_x1dints.fits,seg001,3,4,60693.904632386424,TDB-MID,2036.292542185239,0.14450576139173513,2038,0.8522004674063691,2.828497546304791,4,0.9977043493415418,0.9978059315738623
TOI-2076_d,NIRISS_SOSS,obs14,SOSS_HDU3_ordem_1,jw05959014001_04102_00001-seg001_nis_x1dints.fits,seg001,3,5,60693.90470946528,TDB-MID,2048.8112509540993,0.14453299053736043,2038,0.8522004674063691,2.828497546304791,5,1.0038380309850587,1.0039402377241022
TOI-2076_d,NIRISS_SOSS,obs14,SOSS_HDU3_ordem_1,jw05959014001_04102_00001-seg001_nis_x1dints.fits,seg001,3,6,60693.90478654413,TDB-MID,2041.9600959661348,0.14451683015366512,2038,0.8522004674063691,2.828497546304791,6,1.0004812308259963,1.0005830957891881
TOI-2076_d,NIRISS_SOSS,obs14,SOSS_HDU3_ordem_1,jw05959014001_04102_00001-seg001_nis_x1dints.fits,seg001,3,7,60693.904863622985,TDB-MID,2040.4078012919013,0.14451671506566688,2038,0.8522004674063691,2.828497546304791,7,0.9997206666556435,0.9998224541812596
TOI-2076_d,NIRISS_SOSS,obs14,SOSS_HDU3_ordem_1,jw05959014001_04102_00001-seg001_nis_x1dints.fits,seg001,3,8,60693.90494070185,TDB-MID,2044.2937877404454,0.1445343105226099,2038,0.8522004674063691,2.828497546304791,8,1.0016246492617156,1.0017266306431603
TOI-2076_d,NIRISS_SOSS,obs14,SOSS_HDU3_ordem_1,jw05959014001_04102_00001-seg001_nis_x1dints.fits,seg001,3,9,60693.90501778071,TDB-MID,2032.7271357640386,0.14450097705772258,2038,0.8522004674063691,2.828497546304791,9,0.9959574385122243,0.9960588428811308
TOI-2076_d,NIRISS_SOSS,obs14,SOSS_HDU3_ordem_1,jw05959014001_04102_00001-seg001_nis_x1dints.fits,seg001,3,10,60693.90509485956,TDB-MID,2041.8790386290618,0.14451924930245325,2038,0.8522004674063691,2.828497546304791,10,1.0004415158753845,1.0005433767949603
TOI-2076_d,NIRISS_SOSS,obs14,SOSS_HDU3_ordem_1,jw05959014001_04102_00001-seg001_nis_x1dints.fits,seg001,3,11,60693.905171938415,TDB-MID,2050.466879054459,0.14453798908398932,2038,0.8522004674063691,2.828497546304791,11,1.0046492245254761,1.0047515138569736
TOI-2076_d,NIRISS_SOSS,obs14,SOSS_HDU3_ordem_1,jw05959014001_04102_00001-seg001_nis_x1dints.fits,seg001,3,12,60693.905249017276,TDB-MID,2043.031310726148,0.1445210360424993,2038,0.8522004674063691,2.828497546304791,12,1.0010060845014888,1.0011080029031647
TOI-2076_d,NIRISS_SOSS,obs14,SOSS_HDU3_ordem_1,jw05959014001_04102_00001-seg001_nis_x1dints.fits,seg001,3,13,60693.90532609613,TDB-MID,2045.5706088911581,0.14452771803702844,2038,0.8522004674063691,2.828497546304791,13,1.0022502420923165,1.0023522871690997
TOI-2076_d,NIRISS_SOSS,obs14,SOSS_HDU3_ordem_1,jw05959014001_04102_00001-seg001_nis_x1dints.fits,seg001,3,14,60693.905403174984,TDB-MID,2041.4905736833846,0.1445160640699877,2038,0.8522004674063691,2.828497546304791,14,1.0002511831221874,1.00035302466285
TOI-2076_d,NIRISS_SOSS,obs14,SOSS_HDU3_ordem_1,jw05959014001_04102_00001-seg001_nis_x1dints.fits,seg001,3,15,60693.90548025384,TDB-MID,2042.2681370862365,0.14452063695923012,2038,0.8522004674063691,2.828497546304791,15,1.000632159024639,1.0007340393547313
TOI-2076_d,NIRISS_SOSS,obs14,SOSS_HDU3_ordem_1,jw05959014001_04102_00001-seg001_nis_x1dints.fits,seg001,3,16,60693.9055573327,TDB-MID,2033.2392234807292,0.14450056468117956,2038,0.8522004674063691,2.828497546304791,16,0.9962083416273722,0.9963097715422217
TOI-2076_d,NIRISS_SOSS,obs14,SOSS_HDU3_ordem_1,jw05959014001_04102_00001-seg001_nis_x1dints.fits,seg001,3,17,60693.90563441155,TDB-MID,2032.7101649076817,0.14449934506240616,2038,0.8522004674063691,2.828497546304791,17,0.9959491234509801,0.9960505269732807
TOI-2076_d,NIRISS_SOSS,obs14,SOSS_HDU3_ordem_1,jw05959014001_04102_00001-seg001_nis_x1dints.fits,seg001,3,18,60693.90571149041,TDB-MID,2039.596023285971,0.14451425983241653,2038,0.8522004674063691,2.828497546304791,18,0.9993229269250116,0.9994246739543726
TOI-2076_d,NIRISS_SOSS,obs14,SOSS_HDU3_ordem_1,jw05959014001_04102_00001-seg001_nis_x1dints.fits,seg001,3,19,60693.90578856927,TDB-MID,2049.398426653599,0.14453601639358038,2038,0.8522004674063691,2.828497546304791,19,1.0041257242988053,1.0042279603296214
TOI-2076_d,NIRISS_SOSS,obs14,SOSS_HDU3_ordem_1,jw05959014001_04102_00001-seg001_nis_x1dints.fits,seg001,3,20,60693.90586564812,TDB-MID,2039.025303926332,0.14451052818486115,2038,0.8522004674063691,2.828497546304791,20,0.9990432965793865,0.9991450151379138
TOI-2076_d,NIRISS_SOSS,obs14,SOSS_HDU3_ordem_1,jw05959014001_04102_00001-seg001_nis_x1dints.fits,seg001,3,21,60693.905942726975,TDB-MID,2039.057499585348,0.1445089999682995,2038,0.8522004674063691,2.828497546304791,21,0.9990590712032997,0.9991607913679355
TOI-2076_d,NIRISS_SOSS,obs14,SOSS_HDU3_ordem_1,jw05959014001_04102_00001-seg001_nis_x1dints.fits,seg001,3,22,60693.90601980583,TDB-MID,2037.9809521023271,0.14450972343275556,2038,0.8522004674063691,2.828497546304791,22,0.998531604700412,0.9986332711605362
TOI-2076_d,NIRISS_SOSS,obs14,SOSS_HDU3_ordem_1,jw05959014001_04102_00001-seg001_nis_x1dints.fits,seg001,3,23,60693.90609688469,TDB-MID,2037.0114902165224,0.14450808072586638,2038,0.8522004674063691,2.828497546304791,23,0.9980566059858608,0.9981582240835318
TOI-2076_d,NIRISS_SOSS,obs14,SOSS_HDU3_ordem_1,jw05959014001_04102_00001-seg001_nis_x1dints.fits,seg001,3,24,60693.90617396355,TDB-MID,2035.542950647061,0.14450913582732586,2038,0.8522004674063691,2.828497546304791,24,0.9973370785676345,0.9974386234059264
TOI-2076_d,NIRISS_SOSS,obs14,SOSS_HDU3_ordem_1,jw05959014001_04102_00001-seg001_nis_x1dints.fits,seg001,3,25,60693.906251042405,TDB-MID,2036.4982447799057,0.1445035969073829,2038,0.8522004674063691,2.828497546304791,25,0.997805135632862,0.9979067281268361
TOI-2076_d,NIRISS_SOSS,obs14,SOSS_HDU3_ordem_1,jw05959014001_04102_00001-seg001_nis_x1dints.fits,seg001,3,26,60693.90632812126,TDB-MID,2045.641017668861,0.1445244611450425,2038,0.8522004674063691,2.828497546304791,26,1.002284739661939,1.0023867882511257
TOI-2076_d,NIRISS_SOSS,obs14,SOSS_HDU3_ordem_1,jw05959014001_04102_00001-seg001_nis_x1dints.fits,seg001,3,27,60693.90640520012,TDB-MID,2027.4397869893517,0.14448704360672393,2038,0.8522004674063691,2.828497546304791,27,0.9933668427310651,0.9934679833359592
TOI-2076_d,NIRISS_SOSS,obs14,SOSS_HDU3_ordem_1,jw05959014001_04102_00001-seg001_nis_x1dints.fits,seg001,3,28,60693.90648227897,TDB-MID,2041.6843759858368,0.14451703911641284,2038,0.8522004674063691,2.828497546304791,28,1.0003461387319847,1.0004479899406447
TOI-2076_d,NIRISS_SOSS,obs14,SOSS_HDU3_ordem_1,jw05959014001_04102_00001-seg001_nis_x1dints.fits,seg001,3,29,60693.90655935783,TDB-MID,2046.2694712136818,0.14452734423216582,2038,0.8522004674063691,2.828497546304791,29,1.0025926575185522,1.0026947374586928
TOI-2076_d,NIRISS_SOSS,obs14,SOSS_HDU3_ordem_1,jw05959014001_04102_00001-seg001_nis_x1dints.fits,seg001,3,30,60693.90663643668,TDB-MID,2035.399996310382,0.1445060558112563,2038,0.8522004674063691,2.828497546304791,30,0.9972670364884603,0.9973685741953501
TOI-2076_d,NIRISS_SOSS,obs14,SOSS_HDU3_ordem_1,jw05959014001_04102_00001-seg001_nis_x1dints.fits,seg001,3,31,60693.90671351554,TDB-MID,2036.8343465921878,0.1445103412410292,2038,0.8522004674063691,2.828497546304791,31,0.997969812482081,0.9980714217427877
TOI-2076_d,NIRISS_SOSS,obs14,SOSS_HDU3_ordem_1,jw05959014001_04102_00001-seg001_nis_x1dints.fits,seg001,3,32,60693.9067905944,TDB-MID,2043.265273614932,0.14452231597413548,2038,0.8522004674063691,2.828497546304791,32,1.0011207172405912,1.0012226473137102
TOI-2076_d,NIRISS_SOSS,obs14,SOSS_HDU3_ordem_1,jw05959014001_04102_00001-seg001_nis_x1dints.fits,seg001,3,33,60693.90686767326,TDB-MID,2039.6422445438852,0.1445114038210009,2038,0.8522004674063691,2.828497546304791,33,0.9993455735482731,0.9994473228834221
TOI-2076_d,NIRISS_SOSS,obs14,SOSS_HDU3_ordem_1,jw05959014001_04102_00001-seg001_nis_x1dints.fits,seg001,3,34,60693.90694475211,TDB-MID,2041.8649685445366,0.1445164106436669,2038,0.8522004674063691,2.828497546304791,34,1.0004346220798048,1.0005364822974823
TOI-2076_d,NIRISS_SOSS,obs14,SOSS_HDU3_ordem_1,jw05959014001_04102_00001-seg001_nis_x1dints.fits,seg001,3,35,60693.90702183097,TDB-MID,2049.4965489246542,0.144535831898542,2038,0.8522004674063691,2.828497546304791,35,1.0041738004050478,1.0042760413307792
TOI-2076_d,NIRISS_SOSS,obs14,SOSS_HDU3_ordem_1,jw05959014001_04102_00001-seg001_nis_x1dints.fits,seg001,3,36,60693.90709890982,TDB-MID,2040.0753001665673,0.14451280667164837,2038,0.8522004674063691,2.828497546304791,36,0.9995577540033432,0.9996595249418502
TOI-2076_d,NIRISS_SOSS,obs14,SOSS_HDU3_ordem_1,jw05959014001_04102_00001-seg001_nis_x1dints.fits,seg001,3,37,60693.90717598868,TDB-MID,2031.8529092102904,0.1444937498877684,2038,0.8522004674063691,2.828497546304791,37,0.9955291014158028,0.9956304621731539
TOI-2076_d,NIRISS_SOSS,obs14,SOSS_HDU3_ordem_1,jw05959014001_04102_00001-seg001_nis_x1dints.fits,seg001,3,38,60693.90725306753,TDB-MID,2038.2984784838018,0.14452475795470324,2038,0.8522004674063691,2.828497546304791,38,0.9986871803091544,0.9987888626093594
TOI-2076_d,NIRISS_SOSS,obs14,SOSS_HDU3_ordem_1,jw05959014001_04102_00001-seg001_nis_x1dints.fits,seg001,3,39,60693.907330146394,TDB-MID,2043.818340425918,0.14452283759943416,2038,0.8522004674063691,2.828497546304791,39,1.0013916985221927,1.0014936561855328
TOI-2076_d,NIRISS_SOSS,obs14,SOSS_HDU3_ordem_1,jw05959014001_04102_00001-seg001_nis_x1dints.fits,seg001,3,40,60693.90740722525,TDB-MID,2038.8396878499866,0.14451216384045287,2038,0.8522004674063691,2.828497546304791,40,0.9989523519028034,0.9990540612017106
TOI-2076_d,NIRISS_SOSS,obs14,SOSS_HDU3_ordem_1,jw05959014001_04102_00001-seg001_nis_x1dints.fits,seg001,3,41,60693.9074843041,TDB-MID,2032.0180366880084,0.14449659504149068,2038,0.8522004674063691,2.828497546304791,41,0.995610007473897,0.9957113764687767
TOI-2076_d,NIRISS_SOSS,obs14,SOSS_HDU3_ordem_1,jw05959014001_04102_00001-seg001_nis_x1dints.fits,seg001,3,42,60693.90756138296,TDB-MID,2043.728346130798,0.14451871364103278,2038,0.8522004674063691,2.828497546304791,42,1.00134760480884,1.0014495579827363
TOI-2076_d,NIRISS_SOSS,obs14,SOSS_HDU3_ordem_1,jw05959014001_04102_00001-seg001_nis_x1dints.fits,seg001,3,43,60693.90763846182,TDB-MID,2043.820822248376,0.14452303036315753,2038,0.8522004674063691,2.828497546304791,43,1.0013929145189169,1.0014948723060648
TOI-2076_d,NIRISS_SOSS,obs14,SOSS_HDU3_ordem_1,jw05959014001_04102_00001-seg001_nis_x1dints.fits,seg001,3,44,60693.90771554067,TDB-MID,2043.3687611160753,0.1445222646292004,2038,0.8522004674063691,2.828497546304791,44,1.0011714221014372,1.0012733573371206
TOI-2076_d,NIRISS_SOSS,obs14,SOSS_HDU3_ordem_1,jw05959014001_04102_00001-seg001_nis_x1dints.fits,seg001,3,45,60693.907792619524,TDB-MID,2038.1165180285252,0.14451014340915863,2038,0.8522004674063691,2.828497546304791,45,0.9985980267450781,0.998699699968027
TOI-2076_d,NIRISS_SOSS,obs14,SOSS_HDU3_ordem_1,jw05959014001_04102_00001-seg001_nis_x1dints.fits,seg001,3,46,60693.907869698385,TDB-MID,2039.0592813154992,0.14451159476376244,2038,0.8522004674063691,2.828497546304791,46,0.999059944181953,0.9991616644354719
TOI-2076_d,NIRISS_SOSS,obs14,SOSS_HDU3_ordem_1,jw05959014001_04102_00001-seg001_nis_x1dints.fits,seg001,3,47,60693.907946777246,TDB-MID,2043.6602235186297,0.14452402001543221,2038,0.8522004674063691,2.828497546304791,47,1.0013142273716396,1.0014161771471797
TOI-2076_d,NIRISS_SOSS,obs14,SOSS_HDU3_ordem_1,jw05959014001_04102_00001-seg001_nis_x1dints.fits,seg001,3,48,60693.9080238561,TDB-MID,2042.385423076224,0.1445200092296183,2038,0.8522004674063691,2.828497546304791,48,1.0006896246097172,1.0007915107907235
TOI-2076_d,NIRISS_SOSS,obs14,SOSS_HDU3_ordem_1,jw05959014001_04102_00001-seg001_nis_x1dints.fits,seg001,3,49,60693.908100934954,TDB-MID,2042.0154727911442,0.1445197270770284,2038,0.8522004674063691,2.828497546304791,49,1.0005083633219516,1.0006102310476648
TOI-2076_d,NIRISS_SOSS,obs14,SOSS_HDU3_ordem_1,jw05959014001_04102_00001-seg001_nis_x1dints.fits,seg001,3,50,60693.90817801381,TDB-MID,2042.869611247631,0.14452076343017042,2038,0.8522004674063691,2.828497546304791,50,1.0009268580300166,1.0010287683651726
TOI-2076_d,NIRISS_SOSS,obs14,SOSS_HDU3_ordem_1,jw05959014001_04102_00001-seg001_nis_x1dints.fits,seg001,3,51,60693.90825509267,TDB-MID,2045.1269048203453,0.14452249357997354,2038,0.8522004674063691,2.828497546304791,51,1.0020328443107602,1.0021348672529784
TOI-2076_d,NIRISS_SOSS,obs14,SOSS_HDU3_ordem_1,jw05959014001_04102_00001-seg001_nis_x1dints.fits,seg001,3,52,60693.90833217152,TDB-MID,2047.6395116907258,0.14455724722094984,2038,0.8522004674063691,2.828497546304791,52,1.0032639242026868,1.0033660724884934
TOI-2076_d,NIRISS_SOSS,obs14,SOSS_HDU3_ordem_1,jw05959014001_04102_00001-seg001_nis_x1dints.fits,seg001,3,53,60693.908409250376,TDB-MID,2040.9017595704402,0.1445133218963415,2038,0.8522004674063691,2.828497546304791,53,0.999962687049414,1.0000644992165701
TOI-2076_d,NIRISS_SOSS,obs14,SOSS_HDU3_ordem_1,jw05959014001_04102_00001-seg001_nis_x1dints.fits,seg001,3,54,60693.90848632924,TDB-MID,2038.2638420610754,0.1445092430499388,2038,0.8522004674063691,2.828497546304791,54,0.9986702098057105,0.9987718903780475
TOI-2076_d,NIRISS_SOSS,obs14,SOSS_HDU3_ordem_1,jw05959014001_04102_00001-seg001_nis_x1dints.fits,seg001,3,55,60693.90856340809,TDB-MID,2036.7321370482623,0.14450233434449614,2038,0.8522004674063691,2.828497546304791,55,0.9979197337706945,0.9980213379325888
TOI-2076_d,NIRISS_SOSS,obs14,SOSS_HDU3_ordem_1,jw05959014001_04102_00001-seg001_nis_x1dints.fits,seg001,3,56,60693.90864048695,TDB-MID,2040.1997472579692,0.14451220413717827,2038,0.8522004674063691,2.828497546304791,56,0.9996187282503055,0.9997205053969643
TOI-2076_d,NIRISS_SOSS,obs14,SOSS_HDU3_ordem_1,jw05959014001_04102_00001-seg001_nis_x1dints.fits,seg001,3,57,60693.908717565806,TDB-MID,2044.67655127947,0.14452695234812582,2038,0.8522004674063691,2.828497546304791,57,1.0018121885468343,1.0019141890227725
TOI-2076_d,NIRISS_SOSS,obs14,SOSS_HDU3_ordem_1,jw05959014001_04102_00001-seg001_nis_x1dints.fits,seg001,3,58,60693.90879464466,TDB-MID,2036.6899839034304,0.14450549038146054,2038,0.8522004674063691,2.828497546304791,58,0.9978990803650242,0.998000682424072
TOI-2076_d,NIRISS_SOSS,obs14,SOSS_HDU3_ordem_1,jw05959014001_04102_00001-seg001_nis_x1dints.fits,seg001,3,59,60693.90887172351,TDB-MID,2044.2795154225905,0.14452267451545295,2038,0.8522004674063691,2.828497546304791,59,1.0016176563796497,1.0017196370491073
TOI-2076_d,NIRISS_SOSS,obs14,SOSS_HDU3_ordem_1,jw05959014001_04102_00001-seg001_nis_x1dints.fits,seg001,3,60,60693.908948802375,TDB-MID,2042.0061896022348,0.14451727274300522,2038,0.8522004674063691,2.828497546304791,60,1.0005038149195198,1.000605682182133
TOI-2076_d,NIRISS_SOSS,obs14,SOSS_HDU3_ordem_1,jw05959014001_04102_00001-seg001_nis_x1dints.fits,seg001,3,61,60693.90902588123,TDB-MID,2036.5231937759017,0.14450529857112102,2038,0.8522004674063691,2.828497546304791,61,0.9978173596730239,0.9979189534116004
TOI-2076_d,NIRISS_SOSS,obs14,SOSS_HDU3_ordem_1,jw05959014001_04102_00001-seg001_nis_x1dints.fits,seg001,3,62,60693.90910296009,TDB-MID,2042.3208086782683,0.14451485804969763,2038,0.8522004674063691,2.828497546304791,62,1.0006579660613826,1.0007598490190432
TOI-2076_d,NIRISS_SOSS,obs14,SOSS_HDU3_ordem_1,jw05959014001_04102_00001-seg001_nis_x1dints.fits,seg001,3,63,60693.90918003894,TDB-MID,2049.2644608559926,0.14453197220046105,2038,0.8522004674063691,2.828497546304791,63,1.0040600862550733,1.0041623156028887
TOI-2076_d,NIRISS_SOSS,obs14,SOSS_HDU3_ordem_1,jw05959014001_04102_00001-seg001_nis_x1dints.fits,seg001,3,64,60693.9092571178,TDB-MID,2043.2990992997904,0.1445274853320388,2038,0.8522004674063691,2.828497546304791,64,1.0011372905139315,1.0012392222744744
TOI-2076_d,NIRISS_SOSS,obs14,SOSS_HDU3_ordem_1,jw05959014001_04102_00001-seg001_nis_x1dints.fits,seg001,3,65,60693.90933419665,TDB-MID,2037.3739126766113,0.14450646587125554,2038,0.8522004674063691,2.828497546304791,65,0.998234178931417,0.9983358151088491
TOI-2076_d,NIRISS_SOSS,obs14,SOSS_HDU3_ordem_1,jw05959014001_04102_00001-seg001_nis_x1dints.fits,seg001,3,66,60693.90941127551,TDB-MID,2033.7434802627154,0.14450007753469518,2038,0.8522004674063691,2.828497546304791,66,0.9964554078883096,0.9965568629584493
TOI-2076_d,NIRISS_SOSS,obs14,SOSS_HDU3_ordem_1,jw05959014001_04102_00001-seg001_nis_x1dints.fits,seg001,3,67,60693.909488354366,TDB-MID,2032.664333553399,0.14449772768287436,2038,0.8522004674063691,2.828497546304791,67,0.9959266678653721,0.9960280691013355
TOI-2076_d,NIRISS_SOSS,obs14,SOSS_HDU3_ordem_1,jw05959014001_04102_00001-seg001_nis_x1dints.fits,seg001,3,68,60693.90956543322,TDB-MID,2050.575073354092,0.14461711232591407,2038,0.8522004674063691,2.828497546304791,68,1.0047022355349857,1.0048045302638504
TOI-2076_d,NIRISS_SOSS,obs14,SOSS_HDU3_ordem_1,jw05959014001_04102_00001-seg001_nis_x1dints.fits,seg001,3,69,60693.90964251208,TDB-MID,2044.9837793051006,0.14452572939319053,2038,0.8522004674063691,2.828497546304791,69,1.0019627183607296,1.0020647341630062
TOI-2076_d,NIRISS_SOSS,obs14,SOSS_HDU3_ordem_1,jw05959014001_04102_00001-seg001_nis_x1dints.fits,seg001,3,70,60693.90971959094,TDB-MID,2042.4864993441233,0.14451824239882255,2038,0.8522004674063691,2.828497546304791,70,1.0007391480598156,1.0008410392830998
TOI-2076_d,NIRISS_SOSS,obs14,SOSS_HDU3_ordem_1,jw05959014001_04102_00001-seg001_nis_x1dints.fits,seg001,3,71,60693.909796669795,TDB-MID,2033.8950823736623,0.1445020814965703,2038,0.8522004674063691,2.828497546304791,71,0.9965296870413918,0.9966311496743352
TOI-2076_d,NIRISS_SOSS,obs14,SOSS_HDU3_ordem_1,jw05959014001_04102_00001-seg001_nis_x1dints.fits,seg001,3,72,60693.90987374864,TDB-MID,2040.9139736546767,0.14451591148889475,2038,0.8522004674063691,2.828497546304791,72,0.9999686714768543,1.0000704842533208
TOI-2076_d,NIRISS_SOSS,obs14,SOSS_HDU3_ordem_1,jw05959014001_04102_00001-seg001_nis_x1dints.fits,seg001,3,73,60693.9099508275,TDB-MID,2037.5593334915084,0.14450782910227208,2038,0.8522004674063691,2.828497546304791,73,0.9983250279374652,0.9984266733647768
TOI-2076_d,NIRISS_SOSS,obs14,SOSS_HDU3_ordem_1,jw05959014001_04102_00001-seg001_nis_x1dints.fits,seg001,3,74,60693.910027906364,TDB-MID,2039.1359472294876,0.144515108452832,2038,0.8522004674063691,2.828497546304791,74,0.9990975075056149,0.99919923158368
TOI-2076_d,NIRISS_SOSS,obs14,SOSS_HDU3_ordem_1,jw05959014001_04102_00001-seg001_nis_x1dints.fits,seg001,3,75,60693.91010498522,TDB-MID,2045.255702777343,0.14453312307478344,2038,0.8522004674063691,2.828497546304791,75,1.0020959503130762,1.0021979796804927
TOI-2076_d,NIRISS_SOSS,obs14,SOSS_HDU3_ordem_1,jw05959014001_04102_00001-seg001_nis_x1dints.fits,seg001,3,76,60693.91018206407,TDB-MID,2041.461791972736,0.1445256176644535,2038,0.8522004674063691,2.828497546304791,76,1.0002370812005328,1.0003389213053948
TOI-2076_d,NIRISS_SOSS,obs14,SOSS_HDU3_ordem_1,jw05959014001_04102_00001-seg001_nis_x1dints.fits,seg001,3,77,60693.91025914293,TDB-MID,2036.484175342087,0.14450691185519846,2038,0.8522004674063691,2.828497546304791,77,0.9977982421541433,0.9978998339462513
TOI-2076_d,NIRISS_SOSS,obs14,SOSS_HDU3_ordem_1,jw05959014001_04102_00001-seg001_nis_x1dints.fits,seg001,3,78,60693.91033622179,TDB-MID,2036.1813485893651,0.14450424513385035,2038,0.8522004674063691,2.828497546304791,78,0.9976498687932296,0.9977514454785604
TOI-2076_d,NIRISS_SOSS,obs14,SOSS_HDU3_ordem_1,jw05959014001_04102_00001-seg001_nis_x1dints.fits,seg001,3,79,60693.91041330064,TDB-MID,2039.5547757377674,0.14451354156893134,2038,0.8522004674063691,2.828497546304791,79,0.9993027172265573,0.9994044621982484
TOI-2076_d,NIRISS_SOSS,obs14,SOSS_HDU3_ordem_1,jw05959014001_04102_00001-seg001_nis_x1dints.fits,seg001,3,80,60693.910490379494,TDB-MID,2034.5592259761065,0.14450297636894494,2038,0.8522004674063691,2.828497546304791,80,0.9968550916416733,0.9969565874060005
TOI-2076_d,NIRISS_SOSS,obs14,SOSS_HDU3_ordem_1,jw05959014001_04102_00001-seg001_nis_x1dints.fits,seg001,3,81,60693.910567458355,TDB-MID,2037.4315069923891,0.14450904221326846,2038,0.8522004674063691,2.828497546304791,81,0.9982623979118229,0.9983640369623978
TOI-2076_d,NIRISS_SOSS,obs14,SOSS_HDU3_ordem_1,jw05959014001_04102_00001-seg001_nis_x1dints.fits,seg001,3,82,60693.91064453721,TDB-MID,2039.1010758856721,0.14451591467870567,2038,0.8522004674063691,2.828497546304791,82,0.999080421899951,0.9991821442384287
TOI-2076_d,NIRISS_SOSS,obs14,SOSS_HDU3_ordem_1,jw05959014001_04102_00001-seg001_nis_x1dints.fits,seg001,3,83,60693.91072161606,TDB-MID,2047.7935907045337,0.14453350386413127,2038,0.8522004674063691,2.828497546304791,83,1.0033394169420813,1.0034415729142543
TOI-2076_d,NIRISS_SOSS,obs14,SOSS_HDU3_ordem_1,jw05959014001_04102_00001-seg001_nis_x1dints.fits,seg001,3,84,60693.910798694924,TDB-MID,2039.156677600579,0.144512339154453,2038,0.8522004674063691,2.828497546304791,84,0.9991076645832316,0.9992093896954494
TOI-2076_d,NIRISS_SOSS,obs14,SOSS_HDU3_ordem_1,jw05959014001_04102_00001-seg001_nis_x1dints.fits,seg001,3,85,60693.910875773785,TDB-MID,2033.8549481531518,0.14449877009016868,2038,0.8522004674063691,2.828497546304791,85,0.9965100228303164,0.9966114834611292
TOI-2076_d,NIRISS_SOSS,obs14,SOSS_HDU3_ordem_1,jw05959014001_04102_00001-seg001_nis_x1dints.fits,seg001,3,86,60693.91095285263,TDB-MID,2044.8397023649115,0.1445246284397941,2038,0.8522004674063691,2.828497546304791,86,1.0018921262493856,1.0019941348642583
TOI-2076_d,NIRISS_SOSS,obs14,SOSS_HDU3_ordem_1,jw05959014001_04102_00001-seg001_nis_x1dints.fits,seg001,3,87,60693.911029931485,TDB-MID,2032.6581728787248,0.14449595102734855,2038,0.8522004674063691,2.828497546304791,87,0.9959236493737801,0.9960250503024128
TOI-2076_d,NIRISS_SOSS,obs14,SOSS_HDU3_ordem_1,jw05959014001_04102_00001-seg001_nis_x1dints.fits,seg001,3,88,60693.911107010346,TDB-MID,2032.919676644482,0.1444977748805547,2038,0.8522004674063691,2.828497546304791,88,0.9960517760741732,0.9961531900481497
TOI-2076_d,NIRISS_SOSS,obs14,SOSS_HDU3_ordem_1,jw05959014001_04102_00001-seg001_nis_x1dints.fits,seg001,3,89,60693.91118408921,TDB-MID,2046.4944927003164,0.14452577288967478,2038,0.8522004674063691,2.828497546304791,89,1.0027029093174757,1.0028050004830098
TOI-2076_d,NIRISS_SOSS,obs14,SOSS_HDU3_ordem_1,jw05959014001_04102_00001-seg001_nis_x1dints.fits,seg001,3,90,60693.91126116806,TDB-MID,2041.0074528050418,0.14451485948240114,2038,0.8522004674063691,2.828497546304791,90,1.000014472634085,1.0001162900738405
TOI-2076_d,NIRISS_SOSS,obs14,SOSS_HDU3_ordem_1,jw05959014001_04102_00001-seg001_nis_x1dints.fits,seg001,3,91,60693.911338246915,TDB-MID,2037.0951825561096,0.14450754768632312,2038,0.8522004674063691,2.828497546304791,91,0.9980976119854816,0.9981992342582182
TOI-2076_d,NIRISS_SOSS,obs14,SOSS_HDU3_ordem_1,jw05959014001_04102_00001-seg001_nis_x1dints.fits,seg001,3,92,60693.911415325776,TDB-MID,2041.5307044593048,0.14452141830745147,2038,0.8522004674063691,2.828497546304791,92,1.0002708456455474,1.0003726891881688
TOI-2076_d,NIRISS_SOSS,obs14,SOSS_HDU3_ordem_1,jw05959014001_04102_00001-seg001_nis_x1dints.fits,seg001,3,93,60693.91149240463,TDB-MID,2039.6480583852472,0.144512683209637,2038,0.8522004674063691,2.828497546304791,93,0.9993484221049972,0.9994501717301747
TOI-2076_d,NIRISS_SOSS,obs14,SOSS_HDU3_ordem_1,jw05959014001_04102_00001-seg001_nis_x1dints.fits,seg001,3,94,60693.91156948348,TDB-MID,2043.671734937057,0.1445222295805342,2038,0.8522004674063691,2.828497546304791,94,1.0013198675200927,1.00142181786989
TOI-2076_d,NIRISS_SOSS,obs14,SOSS_HDU3_ordem_1,jw05959014001_04102_00001-seg001_nis_x1dints.fits,seg001,3,95,60693.91164656234,TDB-MID,2037.4053202951181,0.14450530285930632,2038,0.8522004674063691,2.828497546304791,95,0.998249567446052,0.9983512051902806
TOI-2076_d,NIRISS_SOSS,obs14,SOSS_HDU3_ordem_1,jw05959014001_04102_00001-seg001_nis_x1dints.fits,seg001,3,96,60693.9117236412,TDB-MID,2035.2509601069396,0.14450367944470977,2038,0.8522004674063691,2.828497546304791,96,0.9971940145305129,0.9972955448026016
TOI-2076_d,NIRISS_SOSS,obs14,SOSS_HDU3_ordem_1,jw05959014001_04102_00001-seg001_nis_x1dints.fits,seg001,3,97,60693.91180072005,TDB-MID,2045.1423196680057,0.1445326634125934,2038,0.8522004674063691,2.828497546304791,97,1.0020403969881073,1.0021424206993084
TOI-2076_d,NIRISS_SOSS,obs14,SOSS_HDU3_ordem_1,jw05959014001_04102_00001-seg001_nis_x1dints.fits,seg001,3,98,60693.91187779891,TDB-MID,2046.4457583307087,0.14452793564210417,2038,0.8522004674063691,2.828497546304791,98,1.0026790313669787,1.0027811201013561
TOI-2076_d,NIRISS_SOSS,obs14,SOSS_HDU3_ordem_1,jw05959014001_04102_00001-seg001_nis_x1dints.fits,seg001,3,99,60693.91195487777,TDB-MID,2039.4421870968417,0.14451195928424626,2038,0.8522004674063691,2.828497546304791,99,0.9992475531602893,0.9993492925153977
TOI-2076_d,NIRISS_SOSS,obs14,SOSS_HDU3_ordem_1,jw05959014001_04102_00001-seg001_nis_x1dints.fits,seg001,3,100,60693.91203195662,TDB-MID,2039.2027528988378,0.14451355776330183,2038,0.8522004674063691,2.828497546304791,100,0.9991302396919244,0.9992319671026486
TOI-2076_d,NIRISS_SOSS,obs14,SOSS_HDU3_ordem_1,jw05959014001_04102_00001-seg001_nis_x1dints.fits,seg001,3,101,60693.912109035475,TDB-MID,2038.1842649062908,0.1445102804886171,2038,0.8522004674063691,2.828497546304791,101,0.9986312200869977,0.9987328966895587
TOI-2076_d,NIRISS_SOSS,obs14,SOSS_HDU3_ordem_1,jw05959014001_04102_00001-seg001_nis_x1dints.fits,seg001,3,102,60693.91218611433,TDB-MID,2035.6926258237472,0.1445041741152925,2038,0.8522004674063691,2.828497546304791,102,0.9974104135976829,0.9975119659026517
TOI-2076_d,NIRISS_SOSS,obs14,SOSS_HDU3_ordem_1,jw05959014001_04102_00001-seg001_nis_x1dints.fits,seg001,3,103,60693.91226319319,TDB-MID,2040.8442461265133,0.14451622373938733,2038,0.8522004674063691,2.828497546304791,103,0.9999345076930776,1.0000363169911255
TOI-2076_d,NIRISS_SOSS,obs14,SOSS_HDU3_ordem_1,jw05959014001_04102_00001-seg001_nis_x1dints.fits,seg001,3,104,60693.91234027205,TDB-MID,2042.2455459109137,0.14451817725217747,2038,0.8522004674063691,2.828497546304791,104,1.0006210902251371,1.000722969428249
TOI-2076_d,NIRISS_SOSS,obs14,SOSS_HDU3_ordem_1,jw05959014001_04102_00001-seg001_nis_x1dints.fits,seg001,3,105,60693.912417350904,TDB-MID,2037.7257510851177,0.144507716939047,2038,0.8522004674063691,2.828497546304791,105,0.9984065661022974,0.9985082198314958
TOI-2076_d,NIRISS_SOSS,obs14,SOSS_HDU3_ordem_1,jw05959014001_04102_00001-seg001_nis_x1dints.fits,seg001,3,106,60693.91249442976,TDB-MID,2044.7783017024976,0.14452263155069078,2038,0.8522004674063691,2.828497546304791,106,1.001862042306792,1.0019640478586391
TOI-2076_d,NIRISS_SOSS,obs14,SOSS_HDU3_ordem_1,jw05959014001_04102_00001-seg001_nis_x1dints.fits,seg001,3,107,60693.91257150861,TDB-MID,2037.7207546349582,0.1445082448010513,2038,0.8522004674063691,2.828497546304791,107,0.9984041180355524,0.9985057715154987
TOI-2076_d,NIRISS_SOSS,obs14,SOSS_HDU3_ordem_1,jw05959014001_04102_00001-seg001_nis_x1dints.fits,seg001,3,108,60693.91264858747,TDB-MID,2040.7908930111744,0.14451805359760267,2038,0.8522004674063691,2.828497546304791,108,0.9999083667363526,1.0000101733728337
TOI-2076_d,NIRISS_SOSS,obs14,SOSS_HDU3_ordem_1,jw05959014001_04102_00001-seg001_nis_x1dints.fits,seg001,3,109,60693.91272566633,TDB-MID,2038.0830215310184,0.14450999465767436,2038,0.8522004674063691,2.828497546304791,109,0.9985816147607695,0.9986832863127163
TOI-2076_d,NIRISS_SOSS,obs14,SOSS_HDU3_ordem_1,jw05959014001_04102_00001-seg001_nis_x1dints.fits,seg001,3,110,60693.91280274518,TDB-MID,2040.4571308588759,0.14452015406175414,2038,0.8522004674063691,2.828497546304791,110,0.9997448362297603,0.9998466262162248
TOI-2076_d,NIRISS_SOSS,obs14,SOSS_HDU3_ordem_1,jw05959014001_04102_00001-seg001_nis_x1dints.fits,seg001,3,111,60693.91287982404,TDB-MID,2039.4661836287642,0.1445123294980347,2038,0.8522004674063691,2.828497546304791,111,0.9992593105300053,0.9993610510822015
TOI-2076_d,NIRISS_SOSS,obs14,SOSS_HDU3_ordem_1,jw05959014001_04102_00001-seg001_nis_x1dints.fits,seg001,3,112,60693.9129569029,TDB-MID,2041.4227634443112,0.14451306094252583,2038,0.8522004674063691,2.828497546304791,112,1.0002179587356852,1.0003197968935746
TOI-2076_d,NIRISS_SOSS,obs14,SOSS_HDU3_ordem_1,jw05959014001_04102_00001-seg001_nis_x1dints.fits,seg001,3,113,60693.91303398176,TDB-MID,2043.7415004220702,0.1445209496166373,2038,0.8522004674063691,2.828497546304791,113,1.0013540499012534,1.0014560037313627
TOI-2076_d,NIRISS_SOSS,obs14,SOSS_HDU3_ordem_1,jw05959014001_04102_00001-seg001_nis_x1dints.fits,seg001,3,114,60693.9131110606,TDB-MID,2040.9984534875023,0.144516308675469,2038,0.8522004674063691,2.828497546304791,114,1.0000100633176119,1.0001118803084286
TOI-2076_d,NIRISS_SOSS,obs14,SOSS_HDU3_ordem_1,jw05959014001_04102_00001-seg001_nis_x1dints.fits,seg001,3,115,60693.913188139464,TDB-MID,2034.350111300862,0.14450082861704155,2038,0.8522004674063691,2.828497546304791,115,0.9967526335632388,0.9968541188956979
TOI-2076_d,NIRISS_SOSS,obs14,SOSS_HDU3_ordem_1,jw05959014001_04102_00001-seg001_nis_x1dints.fits,seg001,3,116,60693.913265218325,TDB-MID,2038.0515251726224,0.1445096736182899,2038,0.8522004674063691,2.828497546304791,116,0.9985661827670312,0.9986678527477547
TOI-2076_d,NIRISS_SOSS,obs14,SOSS_HDU3_ordem_1,jw05959014001_04102_00001-seg001_nis_x1dints.fits,seg001,3,117,60693.91334229718,TDB-MID,2038.8580119638982,0.14451234491431827,2038,0.8522004674063691,2.828497546304791,117,0.9989613300077509,0.9990630402207724
TOI-2076_d,NIRISS_SOSS,obs14,SOSS_HDU3_ordem_1,jw05959014001_04102_00001-seg001_nis_x1dints.fits,seg001,3,118,60693.91341937603,TDB-MID,2031.6278479329405,0.14449393442657807,2038,0.8522004674063691,2.828497546304791,118,0.9954188301209723,0.9955201796509451
TOI-2076_d,NIRISS_SOSS,obs14,SOSS_HDU3_ordem_1,jw05959014001_04102_00001-seg001_nis_x1dints.fits,seg001,3,119,60693.913496454894,TDB-MID,2041.7720614553805,0.14451407270999397,2038,0.8522004674063691,2.828497546304791,119,1.000389101210374,1.0004909567933
TOI-2076_d,NIRISS_SOSS,obs14,SOSS_HDU3_ordem_1,jw05959014001_04102_00001-seg001_nis_x1dints.fits,seg001,3,120,60693.91357353375,TDB-MID,2036.6716280051378,0.14450458715830447,2038,0.8522004674063691,2.828497546304791,120,0.9978900866869631,0.9979916878303109
TOI-2076_d,NIRISS_SOSS,obs14,SOSS_HDU3_ordem_1,jw05959014001_04102_00001-seg001_nis_x1dints.fits,seg001,3,121,60693.9136506126,TDB-MID,2044.1516438594886,0.1445185637147315,2038,0.8522004674063691,2.828497546304791,121,1.0015550042744041,1.001656978564877
TOI-2076_d,NIRISS_SOSS,obs14,SOSS_HDU3_ordem_1,jw05959014001_04102_00001-seg001_nis_x1dints.fits,seg001,3,122,60693.913727691455,TDB-MID,2043.7216049692192,0.14452047920721697,2038,0.8522004674063691,2.828497546304791,122,1.0013443019011845,1.001446254738792
TOI-2076_d,NIRISS_SOSS,obs14,SOSS_HDU3_ordem_1,jw05959014001_04102_00001-seg001_nis_x1dints.fits,seg001,3,123,60693.913804770316,TDB-MID,2038.587988889365,0.14451048873628977,2038,0.8522004674063691,2.828497546304791,123,0.9988290291765574,0.9989307259192419
TOI-2076_d,NIRISS_SOSS,obs14,SOSS_HDU3_ordem_1,jw05959014001_04102_00001-seg001_nis_x1dints.fits,seg001,3,124,60693.91388184917,TDB-MID,2034.7866780136856,0.14450330842655518,2038,0.8522004674063691,2.828497546304791,124,0.9969665343162684,0.9970680414272391
TOI-2076_d,NIRISS_SOSS,obs14,SOSS_HDU3_ordem_1,jw05959014001_04102_00001-seg001_nis_x1dints.fits,seg001,3,125,60693.913958928024,TDB-MID,2040.8613116872145,0.1445144375218867,2038,0.8522004674063691,2.828497546304791,125,0.9999428691557765,1.0000446793051547
TOI-2076_d,NIRISS_SOSS,obs14,SOSS_HDU3_ordem_1,jw05959014001_04102_00001-seg001_nis_x1dints.fits,seg001,3,126,60693.914036006885,TDB-MID,2034.0451370437363,0.14450015156739823,2038,0.8522004674063691,2.828497546304791,126,0.996603208008478,0.9967046781270297
TOI-2076_d,NIRISS_SOSS,obs14,SOSS_HDU3_ordem_1,jw05959014001_04102_00001-seg001_nis_x1dints.fits,seg001,3,127,60693.91411308574,TDB-MID,2046.138618962512,0.1445819217674633,2038,0.8522004674063691,2.828497546304791,127,1.0025285449917867,1.0026306184042484
TOI-2076_d,NIRISS_SOSS,obs14,SOSS_HDU3_ordem_1,jw05959014001_04102_00001-seg001_nis_x1dints.fits,seg001,3,128,60693.91419016459,TDB-MID,2035.314742351737,0.14450388124272484,2038,0.8522004674063691,2.828497546304791,128,0.9972252653560829,0.9973267988100045
TOI-2076_d,NIRISS_SOSS,obs14,SOSS_HDU3_ordem_1,jw05959014001_04102_00001-seg001_nis_x1dints.fits,seg001,3,129,60693.91426724345,TDB-MID,2050.609307466378,0.14454373337967358,2038,0.8522004674063691,2.828497546304791,129,1.0047190089219211,1.0048213053585844
TOI-2076_d,NIRISS_SOSS,obs14,SOSS_HDU3_ordem_1,jw05959014001_04102_00001-seg001_nis_x1dints.fits,seg001,3,130,60693.91434432231,TDB-MID,2040.0467227844913,0.14451345789918454,2038,0.8522004674063691,2.828497546304791,130,0.9995437521947625,0.9996455217076617
TOI-2076_d,NIRISS_SOSS,obs14,SOSS_HDU3_ordem_1,jw05959014001_04102_00001-seg001_nis_x1dints.fits,seg001,3,131,60693.91442140117,TDB-MID,2043.7202520853773,0.14453311062051974,2038,0.8522004674063691,2.828497546304791,131,1.0013436390405859,1.0014455918107035
TOI-2076_d,NIRISS_SOSS,obs14,SOSS_HDU3_ordem_1,jw05959014001_04102_00001-seg001_nis_x1dints.fits,seg001,3,132,60693.91449848002,TDB-MID,2050.58917472502,0.14498988922808687,2038,0.8522004674063691,2.828497546304791,132,1.004709144659689,1.004811440092013
TOI-2076_d,NIRISS_SOSS,obs14,SOSS_HDU3_ordem_1,jw05959014001_04102_00001-seg001_nis_x1dints.fits,seg001,3,133,60693.914575558876,TDB-MID,2045.8386847451468,0.1445256159128754,2038,0.8522004674063691,2.828497546304791,133,1.0023815888609842,1.0024836473109655
TOI-2076_d,NIRISS_SOSS,obs14,SOSS_HDU3_ordem_1,jw05959014001_04102_00001-seg001_nis_x1dints.fits,seg001,3,134,60693.91465263773,TDB-MID,2039.9164815570573,0.14452214302160388,2038,0.8522004674063691,2.828497546304791,134,0.9994799390459234,0.9995817020616252
TOI-2076_d,NIRISS_SOSS,obs14,SOSS_HDU3_ordem_1,jw05959014001_04102_00001-seg001_nis_x1dints.fits,seg001,3,135,60693.91472971659,TDB-MID,2045.0490892504872,0.1445242764542241,2038,0.8522004674063691,2.828497546304791,135,1.0019947177003221,1.0020967367606426
TOI-2076_d,NIRISS_SOSS,obs14,SOSS_HDU3_ordem_1,jw05959014001_04102_00001-seg001_nis_x1dints.fits,seg001,3,136,60693.914806795445,TDB-MID,2035.5991900497795,0.14450562853887636,2038,0.8522004674063691,2.828497546304791,136,0.9973646336932044,0.9974661813370479
TOI-2076_d,NIRISS_SOSS,obs14,SOSS_HDU3_ordem_1,jw05959014001_04102_00001-seg001_nis_x1dints.fits,seg001,3,137,60693.9148838743,TDB-MID,2040.422227498624,0.14451603321153825,2038,0.8522004674063691,2.828497546304791,137,0.9997277349372845,0.9998295231825645
TOI-2076_d,NIRISS_SOSS,obs14,SOSS_HDU3_ordem_1,jw05959014001_04102_00001-seg001_nis_x1dints.fits,seg001,3,138,60693.91496095316,TDB-MID,2040.360954169837,0.1445136835527059,2038,0.8522004674063691,2.828497546304791,138,0.9996977133832284,0.9997994985718348
TOI-2076_d,NIRISS_SOSS,obs14,SOSS_HDU3_ordem_1,jw05959014001_04102_00001-seg001_nis_x1dints.fits,seg001,3,139,60693.91503803201,TDB-MID,2046.593766768106,0.14453088212328885,2038,0.8522004674063691,2.828497546304791,139,1.002751549759435,1.0028536458773427
TOI-2076_d,NIRISS_SOSS,obs14,SOSS_HDU3_ordem_1,jw05959014001_04102_00001-seg001_nis_x1dints.fits,seg001,3,140,60693.915115110874,TDB-MID,2035.3178374003865,0.14450625595701033,2038,0.8522004674063691,2.828497546304791,140,0.9972267818098512,0.997328315418172
TOI-2076_d,NIRISS_SOSS,obs14,SOSS_HDU3_ordem_1,jw05959014001_04102_00001-seg001_nis_x1dints.fits,seg001,3,141,60693.91519218972,TDB-MID,2041.3191195825834,0.14451778531144632,2038,0.8522004674063691,2.828497546304791,141,1.0001671772642187,1.0002690102517438
TOI-2076_d,NIRISS_SOSS,obs14,SOSS_HDU3_ordem_1,jw05959014001_04102_00001-seg001_nis_x1dints.fits,seg001,3,142,60693.91526926858,TDB-MID,2040.8851023547602,0.14451693454882653,2038,0.8522004674063691,2.828497546304791,142,0.999954525659934,1.0000563369961306
TOI-2076_d,NIRISS_SOSS,obs14,SOSS_HDU3_ordem_1,jw05959014001_04102_00001-seg001_nis_x1dints.fits,seg001,3,143,60693.915346347436,TDB-MID,2046.441974384485,0.14452743771128,2038,0.8522004674063691,2.828497546304791,143,1.0026771773801242,1.0027792659257362
TOI-2076_d,NIRISS_SOSS,obs14,SOSS_HDU3_ordem_1,jw05959014001_04102_00001-seg001_nis_x1dints.fits,seg001,3,144,60693.91542342629,TDB-MID,2045.760033598659,0.1445275050160787,2038,0.8522004674063691,2.828497546304791,144,1.002343052850413,1.0024451073768132
TOI-2076_d,NIRISS_SOSS,obs14,SOSS_HDU3_ordem_1,jw05959014001_04102_00001-seg001_nis_x1dints.fits,seg001,3,145,60693.91550050515,TDB-MID,2043.9231954277238,0.14452959286454675,2038,0.8522004674063691,2.828497546304791,145,1.0014430734053124,1.0015450362994356
TOI-2076_d,NIRISS_SOSS,obs14,SOSS_HDU3_ordem_1,jw05959014001_04102_00001-seg001_nis_x1dints.fits,seg001,3,146,60693.91557758401,TDB-MID,2037.2846466203428,0.1445072605788257,2038,0.8522004674063691,2.828497546304791,146,0.99819044202685,0.998292073751167
TOI-2076_d,NIRISS_SOSS,obs14,SOSS_HDU3_ordem_1,jw05959014001_04102_00001-seg001_nis_x1dints.fits,seg001,3,147,60693.91565466286,TDB-MID,2044.2901422594402,0.14452166202395364,2038,0.8522004674063691,2.828497546304791,147,1.0016228631174464,1.0017248443170332
TOI-2076_d,NIRISS_SOSS,obs14,SOSS_HDU3_ordem_1,jw05959014001_04102_00001-seg001_nis_x1dints.fits,seg001,3,148,60693.91573174171,TDB-MID,2043.9983102553183,0.14452053085834232,2038,0.8522004674063691,2.828497546304791,148,1.0014798767568143,1.0015818433981065
TOI-2076_d,NIRISS_SOSS,obs14,SOSS_HDU3_ordem_1,jw05959014001_04102_00001-seg001_nis_x1dints.fits,seg001,3,149,60693.91580882057,TDB-MID,2040.2593684535263,0.14451380650741552,2038,0.8522004674063691,2.828497546304791,149,0.9996479403231723,0.9997497204440865
TOI-2076_d,NIRISS_SOSS,obs14,SOSS_HDU3_ordem_1,jw05959014001_04102_00001-seg001_nis_x1dints.fits,seg001,3,150,60693.915885899434,TDB-MID,2035.1753055918427,0.1445031048298849,2038,0.8522004674063691,2.828497546304791,150,0.9971569467530715,0.9972584732510685
TOI-2076_d,NIRISS_SOSS,obs14,SOSS_HDU3_ordem_1,jw05959014001_04102_00001-seg001_nis_x1dints.fits,seg001,3,151,60693.91596297829,TDB-MID,2041.3974556243911,0.14451530193001527,2038,0.8522004674063691,2.828497546304791,151,1.0002055588857208,1.0003073957811077
TOI-2076_d,NIRISS_SOSS,obs14,SOSS_HDU3_ordem_1,jw05959014001_04102_00001-seg001_nis_x1dints.fits,seg001,3,152,60693.91604005714,TDB-MID,2035.0815475587945,0.14450470754699632,2038,0.8522004674063691,2.828497546304791,152,0.9971110089541452,0.9972125307749409
TOI-2076_d,NIRISS_SOSS,obs14,SOSS_HDU3_ordem_1,jw05959014001_04102_00001-seg001_nis_x1dints.fits,seg001,3,153,60693.916117136,TDB-MID,2043.0392652432708,0.14452108419789172,2038,0.8522004674063691,2.828497546304791,153,1.0010099819062899,1.001111900704784
TOI-2076_d,NIRISS_SOSS,obs14,SOSS_HDU3_ordem_1,jw05959014001_04102_00001-seg001_nis_x1dints.fits,seg001,3,154,60693.91619421486,TDB-MID,2050.9066381851685,0.144536628052533,2038,0.8522004674063691,2.828497546304791,154,1.0048646894394226,1.0049670007086886
TOI-2076_d,NIRISS_SOSS,obs14,SOSS_HDU3_ordem_1,jw05959014001_04102_00001-seg001_nis_x1dints.fits,seg001,3,155,60693.91627129371,TDB-MID,2040.0133958180345,0.14451471907922103,2038,0.8522004674063691,2.828497546304791,155,0.9995274232740915,0.9996291911244459
TOI-2076_d,NIRISS_SOSS,obs14,SOSS_HDU3_ordem_1,jw05959014001_04102_00001-seg001_nis_x1dints.fits,seg001,3,156,60693.916348372564,TDB-MID,2046.1700892581348,0.1445269183644369,2038,0.8522004674063691,2.828497546304791,156,1.002543964215777,1.002646039198162
TOI-2076_d,NIRISS_SOSS,obs14,SOSS_HDU3_ordem_1,jw05959014001_04102_00001-seg001_nis_x1dints.fits,seg001,3,157,60693.916425451425,TDB-MID,2036.146575639738,0.1445068075166703,2038,0.8522004674063691,2.828497546304791,157,0.997632831396901,0.9977344063475528
TOI-2076_d,NIRISS_SOSS,obs14,SOSS_HDU3_ordem_1,jw05959014001_04102_00001-seg001_nis_x1dints.fits,seg001,3,158,60693.91650253028,TDB-MID,2040.4266553274817,0.1445142588259614,2038,0.8522004674063691,2.828497546304791,158,0.9997299044016509,0.9998316928678169
TOI-2076_d,NIRISS_SOSS,obs14,SOSS_HDU3_ordem_1,jw05959014001_04102_00001-seg001_nis_x1dints.fits,seg001,3,159,60693.91657960914,TDB-MID,2039.3845837905037,0.14451254880889405,2038,0.8522004674063691,2.828497546304791,159,0.9992193297748576,0.9993210662563747
TOI-2076_d,NIRISS_SOSS,obs14,SOSS_HDU3_ordem_1,jw05959014001_04102_00001-seg001_nis_x1dints.fits,seg001,3,160,60693.91665668799,TDB-MID,2050.4999676492525,0.1445348303006717,2038,0.8522004674063691,2.828497546304791,160,1.0046654366532797,1.0047677276354308
TOI-2076_d,NIRISS_SOSS,obs14,SOSS_HDU3_ordem_1,jw05959014001_04102_00001-seg001_nis_x1dints.fits,seg001,3,161,60693.91673376685,TDB-MID,2043.6480596910665,0.1445232944897349,2038,0.8522004674063691,2.828497546304791,161,1.0013082675680194,1.0014102167367562
TOI-2076_d,NIRISS_SOSS,obs14,SOSS_HDU3_ordem_1,jw05959014001_04102_00001-seg001_nis_x1dints.fits,seg001,3,162,60693.9168108457,TDB-MID,2041.5897312331622,0.1445158006553965,2038,0.8522004674063691,2.828497546304791,162,1.0002997664748412,1.0004016129620648
TOI-2076_d,NIRISS_SOSS,obs14,SOSS_HDU3_ordem_1,jw05959014001_04102_00001-seg001_nis_x1dints.fits,seg001,3,163,60693.91688792456,TDB-MID,2040.0242733908083,0.14451156524881262,2038,0.8522004674063691,2.828497546304791,163,0.999532752862764,0.9996345212557557
TOI-2076_d,NIRISS_SOSS,obs14,SOSS_HDU3_ordem_1,jw05959014001_04102_00001-seg001_nis_x1dints.fits,seg001,3,164,60693.91696500342,TDB-MID,2038.0463046351565,0.14450586814339095,2038,0.8522004674063691,2.828497546304791,164,0.9985636249061995,0.9986652946264919
TOI-2076_d,NIRISS_SOSS,obs14,SOSS_HDU3_ordem_1,jw05959014001_04102_00001-seg001_nis_x1dints.fits,seg001,3,165,60693.91704208228,TDB-MID,2035.7977032941476,0.14450232527774823,2038,0.8522004674063691,2.828497546304791,165,0.9974618974817833,0.9975634550286334
TOI-2076_d,NIRISS_SOSS,obs14,SOSS_HDU3_ordem_1,jw05959014001_04102_00001-seg001_nis_x1dints.fits,seg001,3,166,60693.91711916113,TDB-MID,2041.1227464299018,0.1445132136624506,2038,0.8522004674063691,2.828497546304791,166,1.000070962037543,1.0001727852288218
TOI-2076_d,NIRISS_SOSS,obs14,SOSS_HDU3_ordem_1,jw05959014001_04102_00001-seg001_nis_x1dints.fits,seg001,3,167,60693.91719623998,TDB-MID,2047.8443510403586,0.14452768069828884,2038,0.8522004674063691,2.828497546304791,167,1.0033642875374291,1.0034664460418259
TOI-2076_d,NIRISS_SOSS,obs14,SOSS_HDU3_ordem_1,jw05959014001_04102_00001-seg001_nis_x1dints.fits,seg001,3,168,60693.91727331884,TDB-MID,2037.3908716697763,0.1445080774750358,2038,0.8522004674063691,2.828497546304791,168,0.9982424881801573,0.9983441252036036
TOI-2076_d,NIRISS_SOSS,obs14,SOSS_HDU3_ordem_1,jw05959014001_04102_00001-seg001_nis_x1dints.fits,seg001,3,169,60693.9173503977,TDB-MID,2038.57695397548,0.14451337292073918,2038,0.8522004674063691,2.828497546304791,169,0.9988236224968442,0.9989253186890424
TOI-2076_d,NIRISS_SOSS,obs14,SOSS_HDU3_ordem_1,jw05959014001_04102_00001-seg001_nis_x1dints.fits,seg001,3,170,60693.917427476554,TDB-MID,2045.31970159362,0.1445230411021914,2038,0.8522004674063691,2.828497546304791,170,1.0021273072502694,1.0022293398103228
TOI-2076_d,NIRISS_SOSS,obs14,SOSS_HDU3_ordem_1,jw05959014001_04102_00001-seg001_nis_x1dints.fits,seg001,3,171,60693.91750455541,TDB-MID,2043.1618127584286,0.14451975376767626,2038,0.8522004674063691,2.828497546304791,171,1.001070025434585,1.0011719503464689
TOI-2076_d,NIRISS_SOSS,obs14,SOSS_HDU3_ordem_1,jw05959014001_04102_00001-seg001_nis_x1dints.fits,seg001,3,172,60693.91758163427,TDB-MID,2044.7971140926134,0.14452545868771635,2038,0.8522004674063691,2.828497546304791,172,1.0018712596481374,1.0019732661384568
TOI-2076_d,NIRISS_SOSS,obs14,SOSS_HDU3_ordem_1,jw05959014001_04102_00001-seg001_nis_x1dints.fits,seg001,3,173,60693.91765871312,TDB-MID,2046.51277339728,0.14452589484935996,2038,0.8522004674063691,2.828497546304791,173,1.002711866149803,1.0028139582272857
TOI-2076_d,NIRISS_SOSS,obs14,SOSS_HDU3_ordem_1,jw05959014001_04102_00001-seg001_nis_x1dints.fits,seg001,3,174,60693.917735791976,TDB-MID,2045.335371751497,0.14452592824670288,2038,0.8522004674063691,2.828497546304791,174,1.0021349850197179,1.0022370183614908
TOI-2076_d,NIRISS_SOSS,obs14,SOSS_HDU3_ordem_1,jw05959014001_04102_00001-seg001_nis_x1dints.fits,seg001,3,175,60693.91781287083,TDB-MID,2041.9091176251989,0.1445173562662049,2038,0.8522004674063691,2.828497546304791,175,1.0004562534166013,1.000558115836694
TOI-2076_d,NIRISS_SOSS,obs14,SOSS_HDU3_ordem_1,jw05959014001_04102_00001-seg001_nis_x1dints.fits,seg001,3,176,60693.91788994969,TDB-MID,2043.4825618634068,0.1445218665655314,2038,0.8522004674063691,2.828497546304791,176,1.0012271800528212,1.0013291209655544
TOI-2076_d,NIRISS_SOSS,obs14,SOSS_HDU3_ordem_1,jw05959014001_04102_00001-seg001_nis_x1dints.fits,seg001,3,177,60693.91796702855,TDB-MID,2048.089547752932,0.14453024803330983,2038,0.8522004674063691,2.828497546304791,177,1.0034844244143812,1.00358659515063
TOI-2076_d,NIRISS_SOSS,obs14,SOSS_HDU3_ordem_1,jw05959014001_04102_00001-seg001_nis_x1dints.fits,seg001,3,178,60693.918044107406,TDB-MID,2035.116655150137,0.1445070848929835,2038,0.8522004674063691,2.828497546304791,178,0.9971282103119323,0.9972297338841009
TOI-2076_d,NIRISS_SOSS,obs14,SOSS_HDU3_ordem_1,jw05959014001_04102_00001-seg001_nis_x1dints.fits,seg001,3,179,60693.91812118625,TDB-MID,2040.697862954745,0.14451441498977358,2038,0.8522004674063691,2.828497546304791,179,0.9998627856177283,0.9999645876133239
TOI-2076_d,NIRISS_SOSS,obs14,SOSS_HDU3_ordem_1,jw05959014001_04102_00001-seg001_nis_x1dints.fits,seg001,3,180,60693.91819826511,TDB-MID,2039.690321498576,0.14451136667231568,2038,0.8522004674063691,2.828497546304791,180,0.9993691293909649,0.9994708811244747
TOI-2076_d,NIRISS_SOSS,obs14,SOSS_HDU3_ordem_1,jw05959014001_04102_00001-seg001_nis_x1dints.fits,seg001,3,181,60693.91827534397,TDB-MID,2039.2256927163755,0.1445123324291177,2038,0.8522004674063691,2.828497546304791,181,0.9991414793125861,0.9992432078676832
TOI-2076_d,NIRISS_SOSS,obs14,SOSS_HDU3_ordem_1,jw05959014001_04102_00001-seg001_nis_x1dints.fits,seg001,3,182,60693.91835242283,TDB-MID,2046.6650403025187,0.14452633844555193,2038,0.8522004674063691,2.828497546304791,182,1.002786471026298,1.0028885706997481
TOI-2076_d,NIRISS_SOSS,obs14,SOSS_HDU3_ordem_1,jw05959014001_04102_00001-seg001_nis_x1dints.fits,seg001,3,183,60693.91842950168,TDB-MID,2047.7204698919368,0.14453162446076118,2038,0.8522004674063691,2.828497546304791,183,1.0033035905805718,1.0034057429050491
TOI-2076_d,NIRISS_SOSS,obs14,SOSS_HDU3_ordem_1,jw05959014001_04102_00001-seg001_nis_x1dints.fits,seg001,3,184,60693.91850658054,TDB-MID,2047.0624332467296,0.14453073639030942,2038,0.8522004674063691,2.828497546304791,184,1.002981178152422,1.0030832976501665
TOI-2076_d,NIRISS_SOSS,obs14,SOSS_HDU3_ordem_1,jw05959014001_04102_00001-seg001_nis_x1dints.fits,seg001,3,185,60693.91858365939,TDB-MID,2039.3785463039576,0.1445112636896832,2038,0.8522004674063691,2.828497546304791,185,0.9992163716406695,0.9993181078210013
TOI-2076_d,NIRISS_SOSS,obs14,SOSS_HDU3_ordem_1,jw05959014001_04102_00001-seg001_nis_x1dints.fits,seg001,3,186,60693.91866073824,TDB-MID,2041.3263082451365,0.1445174808239751,2038,0.8522004674063691,2.828497546304791,186,1.0001706994299913,1.000272532776129
TOI-2076_d,NIRISS_SOSS,obs14,SOSS_HDU3_ordem_1,jw05959014001_04102_00001-seg001_nis_x1dints.fits,seg001,3,187,60693.918737817105,TDB-MID,2041.9937341681136,0.14452177503851835,2038,0.8522004674063691,2.828497546304791,187,1.000497712239999,1.0005995788812618
TOI-2076_d,NIRISS_SOSS,obs14,SOSS_HDU3_ordem_1,jw05959014001_04102_00001-seg001_nis_x1dints.fits,seg001,3,188,60693.918814895966,TDB-MID,2039.3360826221187,0.14451644961572438,2038,0.8522004674063691,2.828497546304791,188,0.9991955660839128,0.9992973001459067
TOI-2076_d,NIRISS_SOSS,obs14,SOSS_HDU3_ordem_1,jw05959014001_04102_00001-seg001_nis_x1dints.fits,seg001,3,189,60693.91889197482,TDB-MID,2037.9610277076506,0.14450916833236505,2038,0.8522004674063691,2.828497546304791,189,0.9985218425199713,0.9986235079861497
TOI-2076_d,NIRISS_SOSS,obs14,SOSS_HDU3_ordem_1,jw05959014001_04102_00001-seg001_nis_x1dints.fits,seg001,3,190,60693.91896905367,TDB-MID,2043.624258420018,0.14451833804524009,2038,0.8522004674063691,2.828497546304791,190,1.0012966058685568,1.0013985538499466
TOI-2076_d,NIRISS_SOSS,obs14,SOSS_HDU3_ordem_1,jw05959014001_04102_00001-seg001_nis_x1dints.fits,seg001,3,191,60693.919046132534,TDB-MID,2043.6386654550959,0.1445240950439452,2038,0.8522004674063691,2.828497546304791,191,1.0013036647568356,1.001405613456933
TOI-2076_d,NIRISS_SOSS,obs14,SOSS_HDU3_ordem_1,jw05959014001_04102_00001-seg001_nis_x1dints.fits,seg001,3,192,60693.91912321139,TDB-MID,2043.8877051024515,0.14452377859739376,2038,0.8522004674063691,2.828497546304791,192,1.0014256845227474,1.001527645646405
TOI-2076_d,NIRISS_SOSS,obs14,SOSS_HDU3_ordem_1,jw05959014001_04102_00001-seg001_nis_x1dints.fits,seg001,3,193,60693.91920029024,TDB-MID,2039.5465010552275,0.14451354048262452,2038,0.8522004674063691,2.828497546304791,193,0.9992986629531224,0.9994004075120237
TOI-2076_d,NIRISS_SOSS,obs14,SOSS_HDU3_ordem_1,jw05959014001_04102_00001-seg001_nis_x1dints.fits,seg001,3,194,60693.919277369096,TDB-MID,2034.511125198557,0.14450338084664516,2038,0.8522004674063691,2.828497546304791,194,0.996831524126705,0.9969330174914829
TOI-2076_d,NIRISS_SOSS,obs14,SOSS_HDU3_ordem_1,jw05959014001_04102_00001-seg001_nis_x1dints.fits,seg001,3,195,60693.91935444796,TDB-MID,2043.3071432991742,0.1445194003047808,2038,0.8522004674063691,2.828497546304791,195,1.001141231761569,1.0012431639233939
TOI-2076_d,NIRISS_SOSS,obs14,SOSS_HDU3_ordem_1,jw05959014001_04102_00001-seg001_nis_x1dints.fits,seg001,3,196,60693.91943152682,TDB-MID,2033.3645620932066,0.14450138425980497,2038,0.8522004674063691,2.828497546304791,196,0.9962697526850756,0.9963711888525513
TOI-2076_d,NIRISS_SOSS,obs14,SOSS_HDU3_ordem_1,jw05959014001_04102_00001-seg001_nis_x1dints.fits,seg001,3,197,60693.91950860567,TDB-MID,2034.8708671139311,0.14450095481962383,2038,0.8522004674063691,2.828497546304791,197,0.9970077837093404,0.997109295020158
TOI-2076_d,NIRISS_SOSS,obs14,SOSS_HDU3_ordem_1,jw05959014001_04102_00001-seg001_nis_x1dints.fits,seg001,3,198,60693.91958568452,TDB-MID,2041.515702006503,0.14451570814807393,2038,0.8522004674063691,2.828497546304791,198,1.0002634950256823,1.0003653378198933
TOI-2076_d,NIRISS_SOSS,obs14,SOSS_HDU3_ordem_1,jw05959014001_04102_00001-seg001_nis_x1dints.fits,seg001,3,199,60693.91966276338,TDB-MID,2042.7188845393275,0.14451928838346956,2038,0.8522004674063691,2.828497546304791,199,1.000853007790269,1.0009549106062918
TOI-2076_d,NIRISS_SOSS,obs14,SOSS_HDU3_ordem_1,jw05959014001_04102_00001-seg001_nis_x1dints.fits,seg001,3,200,60693.91973984223,TDB-MID,2042.8994493604696,0.14451906309938684,2038,0.8522004674063691,2.828497546304791,200,1.0009414775477619,1.0010433893714183
TOI-2076_d,NIRISS_SOSS,obs14,SOSS_HDU3_ordem_1,jw05959014001_04102_00001-seg001_nis_x1dints.fits,seg001,3,201,60693.919816921094,TDB-MID,2048.615670484097,0.14453153808138103,2038,0.8522004674063691,2.828497546304791,201,1.0037422041421444,1.0038444011244851
TOI-2076_d,NIRISS_SOSS,obs14,SOSS_HDU3_ordem_1,jw05959014001_04102_00001-seg001_nis_x1dints.fits,seg001,3,202,60693.91989399995,TDB-MID,2048.4420374492042,0.14453269916777334,2038,0.8522004674063691,2.828497546304791,202,1.0036571306910007,1.003759319011506
TOI-2076_d,NIRISS_SOSS,obs14,SOSS_HDU3_ordem_1,jw05959014001_04102_00001-seg001_nis_x1dints.fits,seg001,3,203,60693.91997107881,TDB-MID,2044.930743204331,0.1445236656927495,2038,0.8522004674063691,2.828497546304791,203,1.0019367327288453,1.0020387458853697
TOI-2076_d,NIRISS_SOSS,obs14,SOSS_HDU3_ordem_1,jw05959014001_04102_00001-seg001_nis_x1dints.fits,seg001,3,204,60693.920048157655,TDB-MID,2037.443684760286,0.14450855552106331,2038,0.8522004674063691,2.828497546304791,204,0.9982683645456657,0.9983700042037392
TOI-2076_d,NIRISS_SOSS,obs14,SOSS_HDU3_ordem_1,jw05959014001_04102_00001-seg001_nis_x1dints.fits,seg001,3,205,60693.92012523651,TDB-MID,2040.1736509777581,0.14451465230528743,2038,0.8522004674063691,2.828497546304791,205,0.9996059420853862,0.9997077179302093
TOI-2076_d,NIRISS_SOSS,obs14,SOSS_HDU3_ordem_1,jw05959014001_04102_00001-seg001_nis_x1dints.fits,seg001,3,206,60693.92020231537,TDB-MID,2036.7291947547687,0.1445066311747723,2038,0.8522004674063691,2.828497546304791,206,0.9979182921610266,0.998019896176142
TOI-2076_d,NIRISS_SOSS,obs14,SOSS_HDU3_ordem_1,jw05959014001_04102_00001-seg001_nis_x1dints.fits,seg001,3,207,60693.92027939423,TDB-MID,2042.3046741357596,0.14451975824238839,2038,0.8522004674063691,2.828497546304791,207,1.0006500607614799,1.0007519429142546
TOI-2076_d,NIRISS_SOSS,obs14,SOSS_HDU3_ordem_1,jw05959014001_04102_00001-seg001_nis_x1dints.fits,seg001,3,208,60693.920356473085,TDB-MID,2029.7981168890215,0.14449233641433099,2038,0.8522004674063691,2.828497546304791,208,0.9945223328923942,0.9946235911446355
TOI-2076_d,NIRISS_SOSS,obs14,SOSS_HDU3_ordem_1,jw05959014001_04102_00001-seg001_nis_x1dints.fits,seg001,3,209,60693.92043355194,TDB-MID,2037.7021917912532,0.14451656789232395,2038,0.8522004674063691,2.828497546304791,209,0.9983950229622676,0.9984966755161901
TOI-2076_d,NIRISS_SOSS,obs14,SOSS_HDU3_ordem_1,jw05959014001_04102_00001-seg001_nis_x1dints.fits,seg001,3,210,60693.92051063079,TDB-MID,2040.2617732617766,0.14451278180481314,2038,0.8522004674063691,2.828497546304791,210,0.9996491185859223,0.9997508988268025
TOI-2076_d,NIRISS_SOSS,obs14,SOSS_HDU3_ordem_1,jw05959014001_04102_00001-seg001_nis_x1dints.fits,seg001,3,211,60693.920587709654,TDB-MID,2041.6425169053268,0.14451639393864474,2038,0.8522004674063691,2.828497546304791,211,1.0003256294064242,1.0004274785269072
TOI-2076_d,NIRISS_SOSS,obs14,SOSS_HDU3_ordem_1,jw05959014001_04102_00001-seg001_nis_x1dints.fits,seg001,3,212,60693.92066478851,TDB-MID,2047.4201942073241,0.14452978119509474,2038,0.8522004674063691,2.828497546304791,212,1.0031564671440651,1.0032586044890275
TOI-2076_d,NIRISS_SOSS,obs14,SOSS_HDU3_ordem_1,jw05959014001_04102_00001-seg001_nis_x1dints.fits,seg001,3,213,60693.92074186736,TDB-MID,2046.074971729409,0.14452896914967567,2038,0.8522004674063691,2.828497546304791,213,1.0024973603167093,1.0025994305540733
TOI-2076_d,NIRISS_SOSS,obs14,SOSS_HDU3_ordem_1,jw05959014001_04102_00001-seg001_nis_x1dints.fits,seg001,3,214,60693.92081894622,TDB-MID,2033.5245534679289,0.14449362871943608,2038,0.8522004674063691,2.828497546304791,214,0.9963481422519529,0.9964495864007382
TOI-2076_d,NIRISS_SOSS,obs14,SOSS_HDU3_ordem_1,jw05959014001_04102_00001-seg001_nis_x1dints.fits,seg001,3,215,60693.92089602508,TDB-MID,2045.537203541924,0.14452891616904676,2038,0.8522004674063691,2.828497546304791,215,1.0022338747671256,1.0023359181774536
TOI-2076_d,NIRISS_SOSS,obs14,SOSS_HDU3_ordem_1,jw05959014001_04102_00001-seg001_nis_x1dints.fits,seg001,3,216,60693.92097310393,TDB-MID,2044.2805630229655,0.14452298012867903,2038,0.8522004674063691,2.828497546304791,216,1.0016181696631925,1.0017201503849107
TOI-2076_d,NIRISS_SOSS,obs14,SOSS_HDU3_ordem_1,jw05959014001_04102_00001-seg001_nis_x1dints.fits,seg001,3,217,60693.921050182784,TDB-MID,2044.585335687968,0.14452472910971859,2038,0.8522004674063691,2.828497546304791,217,1.0017674964456338,1.0018694923712024
TOI-2076_d,NIRISS_SOSS,obs14,SOSS_HDU3_ordem_1,jw05959014001_04102_00001-seg001_nis_x1dints.fits,seg001,3,218,60693.921127261645,TDB-MID,2033.7687178275435,0.1444986098618795,2038,0.8522004674063691,2.828497546304791,218,0.9964677733160043,0.996569229645142
TOI-2076_d,NIRISS_SOSS,obs14,SOSS_HDU3_ordem_1,jw05959014001_04102_00001-seg001_nis_x1dints.fits,seg001,3,219,60693.9212043405,TDB-MID,2040.8435804940111,0.1445156122538524,2038,0.8522004674063691,2.828497546304791,219,0.9999341815589742,1.0000359908238163
TOI-2076_d,NIRISS_SOSS,obs14,SOSS_HDU3_ordem_1,jw05959014001_04102_00001-seg001_nis_x1dints.fits,seg001,3,220,60693.92128141936,TDB-MID,2040.0058847871146,0.1445121689580079,2038,0.8522004674063691,2.828497546304791,220,0.9995237431603252,0.9996255106359853
TOI-2076_d,NIRISS_SOSS,obs14,SOSS_HDU3_ordem_1,jw05959014001_04102_00001-seg001_nis_x1dints.fits,seg001,3,221,60693.92135849821,TDB-MID,2033.0121417704809,0.14449805031532156,2038,0.8522004674063691,2.828497546304791,221,0.9960970803988025,0.9961984989854826
TOI-2076_d,NIRISS_SOSS,obs14,SOSS_HDU3_ordem_1,jw05959014001_04102_00001-seg001_nis_x1dints.fits,seg001,3,222,60693.92143557707,TDB-MID,2042.691665919106,0.14451925235512597,2038,0.8522004674063691,2.828497546304791,222,1.000839671722285,1.0009415731804832
TOI-2076_d,NIRISS_SOSS,obs14,SOSS_HDU3_ordem_1,jw05959014001_04102_00001-seg001_nis_x1dints.fits,seg001,3,223,60693.92151265592,TDB-MID,2035.5539250565253,0.14450380856067405,2038,0.8522004674063691,2.828497546304791,223,0.9973424556025288,0.9974440009882886
TOI-2076_d,NIRISS_SOSS,obs14,SOSS_HDU3_ordem_1,jw05959014001_04102_00001-seg001_nis_x1dints.fits,seg001,3,224,60693.92158973478,TDB-MID,2048.542922419761,0.14453436832755712,2038,0.8522004674063691,2.828497546304791,224,1.0037065604128224,1.0038087537660625
TOI-2076_d,NIRISS_SOSS,obs14,SOSS_HDU3_ordem_1,jw05959014001_04102_00001-seg001_nis_x1dints.fits,seg001,3,225,60693.921666813636,TDB-MID,2043.7463591342425,0.14452041418766307,2038,0.8522004674063691,2.828497546304791,225,1.001356430481728,1.0014583845542184
TOI-2076_d,NIRISS_SOSS,obs14,SOSS_HDU3_ordem_1,jw05959014001_04102_00001-seg001_nis_x1dints.fits,seg001,3,226,60693.9217438925,TDB-MID,2042.4697881686234,0.14451825008267044,2038,0.8522004674063691,2.828497546304791,226,1.000730960232117,1.0008328506217499
TOI-2076_d,NIRISS_SOSS,obs14,SOSS_HDU3_ordem_1,jw05959014001_04102_00001-seg001_nis_x1dints.fits,seg001,3,227,60693.92182097135,TDB-MID,2037.557772658296,0.1445060873619314,2038,0.8522004674063691,2.828497546304791,227,0.9983242631897425,0.9984259085391904
TOI-2076_d,NIRISS_SOSS,obs14,SOSS_HDU3_ordem_1,jw05959014001_04102_00001-seg001_nis_x1dints.fits,seg001,3,228,60693.9218980502,TDB-MID,2035.63325746752,0.14450353453846843,2038,0.8522004674063691,2.828497546304791,228,0.9973813254062792,0.9974828747496056
TOI-2076_d,NIRISS_SOSS,obs14,SOSS_HDU3_ordem_1,jw05959014001_04102_00001-seg001_nis_x1dints.fits,seg001,3,229,60693.92197512906,TDB-MID,2036.3936446315363,0.1445043951500522,2038,0.8522004674063691,2.828497546304791,229,0.9977538856180395,0.9978554728939438
TOI-2076_d,NIRISS_SOSS,obs14,SOSS_HDU3_ordem_1,jw05959014001_04102_00001-seg001_nis_x1dints.fits,seg001,3,230,60693.92205220792,TDB-MID,2052.001101970597,0.14453811454879717,2038,0.8522004674063691,2.828497546304791,230,1.0054009342354415,1.0055033001029894
TOI-2076_d,NIRISS_SOSS,obs14,SOSS_HDU3_ordem_1,jw05959014001_04102_00001-seg001_nis_x1dints.fits,seg001,3,231,60693.92212928677,TDB-MID,2031.7997338281111,0.1444932511258477,2038,0.8522004674063691,2.828497546304791,231,0.995503047541431,0.9956044056460819
TOI-2076_d,NIRISS_SOSS,obs14,SOSS_HDU3_ordem_1,jw05959014001_04102_00001-seg001_nis_x1dints.fits,seg001,3,232,60693.92220636563,TDB-MID,2046.8103187203712,0.14452453563201698,2038,0.8522004674063691,2.828497546304791,232,1.0028576518150865,1.0029597587358776
TOI-2076_d,NIRISS_SOSS,obs14,SOSS_HDU3_ordem_1,jw05959014001_04102_00001-seg001_nis_x1dints.fits,seg001,3,233,60693.92228344449,TDB-MID,2034.8238260694764,0.14450216100623056,2038,0.8522004674063691,2.828497546304791,233,0.996984735422477,0.997086244386611
TOI-2076_d,NIRISS_SOSS,obs14,SOSS_HDU3_ordem_1,jw05959014001_04102_00001-seg001_nis_x1dints.fits,seg001,3,234,60693.92236052334,TDB-MID,2036.6640830032238,0.14450739390186482,2038,0.8522004674063691,2.828497546304791,234,0.9978863899287276,0.9979879906956863
TOI-2076_d,NIRISS_SOSS,obs14,SOSS_HDU3_ordem_1,jw05959014001_04102_00001-seg001_nis_x1dints.fits,seg001,3,235,60693.922437602196,TDB-MID,2040.751992305966,0.14451442178303864,2038,0.8522004674063691,2.828497546304791,235,0.9998893068999221,0.9999911115958076
TOI-2076_d,NIRISS_SOSS,obs14,SOSS_HDU3_ordem_1,jw05959014001_04102_00001-seg001_nis_x1dints.fits,seg001,3,236,60693.92251468105,TDB-MID,2037.6171245448793,0.14450886493704224,2038,0.8522004674063691,2.828497546304791,236,0.9983533433116597,0.9984549916219283
TOI-2076_d,NIRISS_SOSS,obs14,SOSS_HDU3_ordem_1,jw05959014001_04102_00001-seg001_nis_x1dints.fits,seg001,3,237,60693.92259175991,TDB-MID,2044.4469905114743,0.14452443728392347,2038,0.8522004674063691,2.828497546304791,237,1.0016997126761416,1.0018017017002403
TOI-2076_d,NIRISS_SOSS,obs14,SOSS_HDU3_ordem_1,jw05959014001_04102_00001-seg001_nis_x1dints.fits,seg001,3,238,60693.92266883877,TDB-MID,2036.7701704807532,0.14450779557412527,2038,0.8522004674063691,2.828497546304791,238,0.9979383686771387,0.998039974736364
TOI-2076_d,NIRISS_SOSS,obs14,SOSS_HDU3_ordem_1,jw05959014001_04102_00001-seg001_nis_x1dints.fits,seg001,3,239,60693.922745917625,TDB-MID,2037.9420958637743,0.14451015238543244,2038,0.8522004674063691,2.828497546304791,239,0.9985125666509176,0.9986142311726643
TOI-2076_d,NIRISS_SOSS,obs14,SOSS_HDU3_ordem_1,jw05959014001_04102_00001-seg001_nis_x1dints.fits,seg001,3,240,60693.92282299647,TDB-MID,2034.400905504788,0.144501785848423,2038,0.8522004674063691,2.828497546304791,240,0.9967775207526424,0.9968790086190146
TOI-2076_d,NIRISS_SOSS,obs14,SOSS_HDU3_ordem_1,jw05959014001_04102_00001-seg001_nis_x1dints.fits,seg001,3,241,60693.92290007533,TDB-MID,2035.2095974085855,0.14450337438022165,2038,0.8522004674063691,2.828497546304791,241,0.997173748412952,0.9972752766216263
TOI-2076_d,NIRISS_SOSS,obs14,SOSS_HDU3_ordem_1,jw05959014001_04102_00001-seg001_nis_x1dints.fits,seg001,3,242,60693.92297715419,TDB-MID,2038.8263858806847,0.14451248830145266,2038,0.8522004674063691,2.828497546304791,242,0.9989458344538847,0.9990475430892114
TOI-2076_d,NIRISS_SOSS,obs14,SOSS_HDU3_ordem_1,jw05959014001_04102_00001-seg001_nis_x1dints.fits,seg001,3,243,60693.92305423305,TDB-MID,2038.1866201312737,0.14451163855708113,2038,0.8522004674063691,2.828497546304791,243,0.9986323740558702,0.9987340507759237
TOI-2076_d,NIRISS_SOSS,obs14,SOSS_HDU3_ordem_1,jw05959014001_04102_00001-seg001_nis_x1dints.fits,seg001,3,244,60693.9231313119,TDB-MID,2044.0510348355626,0.1445212603361729,2038,0.8522004674063691,2.828497546304791,244,1.0015057097557265,1.0016076790272304
TOI-2076_d,NIRISS_SOSS,obs14,SOSS_HDU3_ordem_1,jw05959014001_04102_00001-seg001_nis_x1dints.fits,seg001,3,245,60693.92320839076,TDB-MID,2042.2931360887376,0.14452278752553943,2038,0.8522004674063691,2.828497546304791,245,1.0006444075660483,1.0007462891432375
TOI-2076_d,NIRISS_SOSS,obs14,SOSS_HDU3_ordem_1,jw05959014001_04102_00001-seg001_nis_x1dints.fits,seg001,3,246,60693.92328546961,TDB-MID,2040.511934647357,0.14451717493703645,2038,0.8522004674063691,2.828497546304791,246,0.9997716879600472,0.9998734806804467
TOI-2076_d,NIRISS_SOSS,obs14,SOSS_HDU3_ordem_1,jw05959014001_04102_00001-seg001_nis_x1dints.fits,seg001,3,247,60693.92336254846,TDB-MID,2040.2797704601944,0.1445170881999364,2038,0.8522004674063691,2.828497546304791,247,0.9996579365149602,0.9997597176536464
TOI-2076_d,NIRISS_SOSS,obs14,SOSS_HDU3_ordem_1,jw05959014001_04102_00001-seg001_nis_x1dints.fits,seg001,3,248,60693.923439627324,TDB-MID,2044.818730286823,0.14452269930754408,2038,0.8522004674063691,2.828497546304791,248,1.0018818507447171,1.0019838583133793
TOI-2076_d,NIRISS_SOSS,obs14,SOSS_HDU3_ordem_1,jw05959014001_04102_00001-seg001_nis_x1dints.fits,seg001,3,249,60693.923516706185,TDB-MID,2041.9199214434154,0.14451790925175473,2038,0.8522004674063691,2.828497546304791,249,1.000461546868402,1.0005634098274527
TOI-2076_d,NIRISS_SOSS,obs14,SOSS_HDU3_ordem_1,jw05959014001_04102_00001-seg001_nis_x1dints.fits,seg001,3,250,60693.92359378504,TDB-MID,2040.7211855176615,0.14451979642630194,2038,0.8522004674063691,2.828497546304791,250,0.9998742127687774,0.9999760159278392
TOI-2076_d,NIRISS_SOSS,obs14,SOSS_HDU3_ordem_1,jw05959014001_04102_00001-seg001_nis_x1dints.fits,seg001,3,251,60693.923670863885,TDB-MID,2039.354978755889,0.1445110999508223,2038,0.8522004674063691,2.828497546304791,251,0.9992048244563999,0.9993065594610441
TOI-2076_d,NIRISS_SOSS,obs14,SOSS_HDU3_ordem_1,jw05959014001_04102_00001-seg001_nis_x1dints.fits,seg001,3,252,60693.92374794275,TDB-MID,2035.8338062749497,0.1445055901813064,2038,0.8522004674063691,2.828497546304791,252,0.9974795865417903,0.9975811458896691
TOI-2076_d,NIRISS_SOSS,obs14,SOSS_HDU3_ordem_1,jw05959014001_04102_00001-seg001_nis_x1dints.fits,seg001,3,253,60693.92382502161,TDB-MID,2041.6067287057756,0.14451812008319936,2038,0.8522004674063691,2.828497546304791,253,1.0003080945770184,1.000409941912176
TOI-2076_d,NIRISS_SOSS,obs14,SOSS_HDU3_ordem_1,jw05959014001_04102_00001-seg001_nis_x1dints.fits,seg001,3,254,60693.92390210046,TDB-MID,2033.663029296546,0.14449923162168749,2038,0.8522004674063691,2.828497546304791,254,0.9964159900359171,0.99651744109269
TOI-2076_d,NIRISS_SOSS,obs14,SOSS_HDU3_ordem_1,jw05959014001_04102_00001-seg001_nis_x1dints.fits,seg001,3,255,60693.923979179315,TDB-MID,2043.4978543140257,0.14452246385407672,2038,0.8522004674063691,2.828497546304791,255,1.001234672760366,1.0013366144359765
TOI-2076_d,NIRISS_SOSS,obs14,SOSS_HDU3_ordem_1,jw05959014001_04102_00001-seg001_nis_x1dints.fits,seg001,3,256,60693.924056258176,TDB-MID,2044.2809300554572,0.14452403264910868,2038,0.8522004674063691,2.828497546304791,256,1.001618349494875,1.0017203302349027
TOI-2076_d,NIRISS_SOSS,obs14,SOSS_HDU3_ordem_1,jw05959014001_04102_00001-seg001_nis_x1dints.fits,seg001,3,257,60693.92413333703,TDB-MID,2040.5177160830274,0.14452309696683055,2038,0.8522004674063691,2.828497546304791,257,0.9997745206392396,0.999876313648051
TOI-2076_d,NIRISS_SOSS,obs14,SOSS_HDU3_ordem_1,jw05959014001_04102_00001-seg001_nis_x1dints.fits,seg001,3,258,60693.924210415884,TDB-MID,2042.0845402958103,0.14451937949853103,2038,0.8522004674063691,2.828497546304791,258,1.0005422037198197,1.0006440748910257
TOI-2076_d,NIRISS_SOSS,obs14,SOSS_HDU3_ordem_1,jw05959014001_04102_00001-seg001_nis_x1dints.fits,seg001,3,259,60693.92428749474,TDB-MID,2038.367328405424,0.14451051527744133,2038,0.8522004674063691,2.828497546304791,259,0.9987209140997719,0.9988225998346155
TOI-2076_d,NIRISS_SOSS,obs14,SOSS_HDU3_ordem_1,jw05959014001_04102_00001-seg001_nis_x1dints.fits,seg001,3,260,60693.9243645736,TDB-MID,2037.1372037637916,0.14450471212008997,2038,0.8522004674063691,2.828497546304791,260,0.9981182007470669,0.9982198251160681
TOI-2076_d,NIRISS_SOSS,obs14,SOSS_HDU3_ordem_1,jw05959014001_04102_00001-seg001_nis_x1dints.fits,seg001,3,261,60693.92444165245,TDB-MID,2041.4169565199318,0.14451586012531167,2038,0.8522004674063691,2.828497546304791,261,1.0002151135680142,1.0003169514362202
TOI-2076_d,NIRISS_SOSS,obs14,SOSS_HDU3_ordem_1,jw05959014001_04102_00001-seg001_nis_x1dints.fits,seg001,3,262,60693.92451873131,TDB-MID,2033.3141711409162,0.14449825411209608,2038,0.8522004674063691,2.828497546304791,262,0.9962450630733296,0.9963464967270087
TOI-2076_d,NIRISS_SOSS,obs14,SOSS_HDU3_ordem_1,jw05959014001_04102_00001-seg001_nis_x1dints.fits,seg001,3,263,60693.92459581016,TDB-MID,2038.93692611659,0.14451180534693261,2038,0.8522004674063691,2.828497546304791,263,0.9989999948811589,0.9991017090308818
TOI-2076_d,NIRISS_SOSS,obs14,SOSS_HDU3_ordem_1,jw05959014001_04102_00001-seg001_nis_x1dints.fits,seg001,3,264,60693.92467288902,TDB-MID,2048.210508725111,0.14453237780150552,2038,0.8522004674063691,2.828497546304791,264,1.0035436905981654,1.0036458673686581
TOI-2076_d,NIRISS_SOSS,obs14,SOSS_HDU3_ordem_1,jw05959014001_04102_00001-seg001_nis_x1dints.fits,seg001,3,265,60693.924749967875,TDB-MID,2040.2831869972888,0.1445126462862873,2038,0.8522004674063691,2.828497546304791,265,0.9996596104855946,0.9997613917947177
TOI-2076_d,NIRISS_SOSS,obs14,SOSS_HDU3_ordem_1,jw05959014001_04102_00001-seg001_nis_x1dints.fits,seg001,3,266,60693.924827046736,TDB-MID,2035.969334103173,0.14450316353559978,2038,0.8522004674063691,2.828497546304791,266,0.9975459899199267,0.9976475560287297
TOI-2076_d,NIRISS_SOSS,obs14,SOSS_HDU3_ordem_1,jw05959014001_04102_00001-seg001_nis_x1dints.fits,seg001,3,267,60693.92490412559,TDB-MID,2051.595120696489,0.14453866965842335,2038,0.8522004674063691,2.828497546304791,267,1.005202019160845,1.0053043647756625
TOI-2076_d,NIRISS_SOSS,obs14,SOSS_HDU3_ordem_1,jw05959014001_04102_00001-seg001_nis_x1dints.fits,seg001,3,268,60693.92498120445,TDB-MID,2033.5958189933456,0.14450184887518333,2038,0.8522004674063691,2.828497546304791,268,0.9963830595947184,0.9964845072986467
TOI-2076_d,NIRISS_SOSS,obs14,SOSS_HDU3_ordem_1,jw05959014001_04102_00001-seg001_nis_x1dints.fits,seg001,3,269,60693.9250582833,TDB-MID,2039.644507660522,0.1445149390819023,2038,0.8522004674063691,2.828497546304791,269,0.9993466823876295,0.9994484318356759
TOI-2076_d,NIRISS_SOSS,obs14,SOSS_HDU3_ordem_1,jw05959014001_04102_00001-seg001_nis_x1dints.fits,seg001,3,270,60693.92513536215,TDB-MID,2040.004506667331,0.1445123455600009,2038,0.8522004674063691,2.828497546304791,270,0.9995230679350943,0.9996248353420056
TOI-2076_d,NIRISS_SOSS,obs14,SOSS_HDU3_ordem_1,jw05959014001_04102_00001-seg001_nis_x1dints.fits,seg001,3,271,60693.92521244101,TDB-MID,2045.3913872516532,0.14452680156489622,2038,0.8522004674063691,2.828497546304791,271,1.0021624304417183,1.0022644665778735
TOI-2076_d,NIRISS_SOSS,obs14,SOSS_HDU3_ordem_1,jw05959014001_04102_00001-seg001_nis_x1dints.fits,seg001,3,272,60693.92528951987,TDB-MID,2042.180400492373,0.14452064195523306,2038,0.8522004674063691,2.828497546304791,272,1.0005891714973163,1.000691047450592
TOI-2076_d,NIRISS_SOSS,obs14,SOSS_HDU3_ordem_1,jw05959014001_04102_00001-seg001_nis_x1dints.fits,seg001,3,273,60693.92536659873,TDB-MID,2046.533364035932,0.14453089552554763,2038,0.8522004674063691,2.828497546304791,273,1.0027219547639452,1.00282404786861
TOI-2076_d,NIRISS_SOSS,obs14,SOSS_HDU3_ordem_1,jw05959014001_04102_00001-seg001_nis_x1dints.fits,seg001,3,274,60693.925443677574,TDB-MID,2040.8780252970396,0.14451497955886497,2038,0.8522004674063691,2.828497546304791,274,0.9999510581761998,1.000052869159351
TOI-2076_d,NIRISS_SOSS,obs14,SOSS_HDU3_ordem_1,jw05959014001_04102_00001-seg001_nis_x1dints.fits,seg001,3,275,60693.925520756435,TDB-MID,2041.0461878434237,0.1445171746225662,2038,0.8522004674063691,2.828497546304791,275,1.0000334513001974,1.0001352706722841
TOI-2076_d,NIRISS_SOSS,obs14,SOSS_HDU3_ordem_1,jw05959014001_04102_00001-seg001_nis_x1dints.fits,seg001,3,276,60693.925597835296,TDB-MID,2039.144406656852,0.14451299963956826,2038,0.8522004674063691,2.828497546304791,276,0.9991016522968468,0.9992033767969177
TOI-2076_d,NIRISS_SOSS,obs14,SOSS_HDU3_ordem_1,jw05959014001_04102_00001-seg001_nis_x1dints.fits,seg001,3,277,60693.92567491415,TDB-MID,2045.4146212108658,0.14452545701356456,2038,0.8522004674063691,2.828497546304791,277,1.0021738141803898,1.0022758514755912
TOI-2076_d,NIRISS_SOSS,obs14,SOSS_HDU3_ordem_1,jw05959014001_04102_00001-seg001_nis_x1dints.fits,seg001,3,278,60693.925751993,TDB-MID,2038.9312007590527,0.1445103371913312,2038,0.8522004674063691,2.828497546304791,278,0.9989971896780762,0.9990989035421847
TOI-2076_d,NIRISS_SOSS,obs14,SOSS_HDU3_ordem_1,jw05959014001_04102_00001-seg001_nis_x1dints.fits,seg001,3,279,60693.925829071864,TDB-MID,2043.7747972053191,0.1445292255849431,2038,0.8522004674063691,2.828497546304791,279,1.0013703640333236,1.001472319524472
TOI-2076_d,NIRISS_SOSS,obs14,SOSS_HDU3_ordem_1,jw05959014001_04102_00001-seg001_nis_x1dints.fits,seg001,3,280,60693.92590615072,TDB-MID,2042.1707383444111,0.14451652633821088,2038,0.8522004674063691,2.828497546304791,280,1.0005844374196502,1.0006863128909211
TOI-2076_d,NIRISS_SOSS,obs14,SOSS_HDU3_ordem_1,jw05959014001_04102_00001-seg001_nis_x1dints.fits,seg001,3,281,60693.92598322957,TDB-MID,2039.0452348616336,0.14451375656835577,2038,0.8522004674063691,2.828497546304791,281,0.9990530619644797,0.999154781517279
TOI-2076_d,NIRISS_SOSS,obs14,SOSS_HDU3_ordem_1,jw05959014001_04102_00001-seg001_nis_x1dints.fits,seg001,3,282,60693.926060308426,TDB-MID,2033.668827181209,0.14450263751218625,2038,0.8522004674063691,2.828497546304791,282,0.9964188307744777,0.9965202821204832
TOI-2076_d,NIRISS_SOSS,obs14,SOSS_HDU3_ordem_1,jw05959014001_04102_00001-seg001_nis_x1dints.fits,seg001,3,283,60693.92613738729,TDB-MID,2042.2723408571833,0.14451839573979436,2038,0.8522004674063691,2.828497546304791,283,1.000634218709321,1.0007360992491219
TOI-2076_d,NIRISS_SOSS,obs14,SOSS_HDU3_ordem_1,jw05959014001_04102_00001-seg001_nis_x1dints.fits,seg001,3,284,60693.92621446614,TDB-MID,2039.1861351970556,0.14451118438686497,2038,0.8522004674063691,2.828497546304791,284,0.9991220976627214,0.9992238242444571
TOI-2076_d,NIRISS_SOSS,obs14,SOSS_HDU3_ordem_1,jw05959014001_04102_00001-seg001_nis_x1dints.fits,seg001,3,285,60693.926291545,TDB-MID,2039.914465550572,0.14451000809278483,2038,0.8522004674063691,2.828497546304791,285,0.999478951280955,0.9995807141960865
TOI-2076_d,NIRISS_SOSS,obs14,SOSS_HDU3_ordem_1,jw05959014001_04102_00001-seg001_nis_x1dints.fits,seg001,3,286,60693.92636862385,TDB-MID,2037.498998792085,0.14450677841383702,2038,0.8522004674063691,2.828497546304791,286,0.998295466275384,0.9983971086928463
TOI-2076_d,NIRISS_SOSS,obs14,SOSS_HDU3_ordem_1,jw05959014001_04102_00001-seg001_nis_x1dints.fits,seg001,3,287,60693.92644570271,TDB-MID,2035.9768712424054,0.14450545592956565,2038,0.8522004674063691,2.828497546304791,287,0.9975496828257534,0.997651249310553
TOI-2076_d,NIRISS_SOSS,obs14,SOSS_HDU3_ordem_1,jw05959014001_04102_00001-seg001_nis_x1dints.fits,seg001,3,288,60693.92652278156,TDB-MID,2037.4969269376527,0.1445106995804021,2038,0.8522004674063691,2.828497546304791,288,0.998294451147088,0.998396093461194
TOI-2076_d,NIRISS_SOSS,obs14,SOSS_HDU3_ordem_1,jw05959014001_04102_00001-seg001_nis_x1dints.fits,seg001,3,289,60693.92659986042,TDB-MID,2038.5523065126722,0.14451502887753168,2038,0.8522004674063691,2.828497546304791,289,0.9988115461962469,0.9989132411588849
TOI-2076_d,NIRISS_SOSS,obs14,SOSS_HDU3_ordem_1,jw05959014001_04102_00001-seg001_nis_x1dints.fits,seg001,3,290,60693.92667693928,TDB-MID,2040.090708733966,0.14451087349424158,2038,0.8522004674063691,2.828497546304791,290,0.9995653036036057,0.9996670753107825
TOI-2076_d,NIRISS_SOSS,obs14,SOSS_HDU3_ordem_1,jw05959014001_04102_00001-seg001_nis_x1dints.fits,seg001,3,291,60693.92675401813,TDB-MID,2039.0228076381688,0.14450997623822903,2038,0.8522004674063691,2.828497546304791,291,0.999042073495028,0.9991437919290257
TOI-2076_d,NIRISS_SOSS,obs14,SOSS_HDU3_ordem_1,jw05959014001_04102_00001-seg001_nis_x1dints.fits,seg001,3,292,60693.926831096986,TDB-MID,2050.5539342432944,0.1445357043572692,2038,0.8522004674063691,2.828497546304791,292,1.0046918781907697,1.0047941718650912
TOI-2076_d,NIRISS_SOSS,obs14,SOSS_HDU3_ordem_1,jw05959014001_04102_00001-seg001_nis_x1dints.fits,seg001,3,293,60693.92690817584,TDB-MID,2045.9230802452203,0.14452439494010272,2038,0.8522004674063691,2.828497546304791,293,1.0024229393819646,1.0025250020420893
TOI-2076_d,NIRISS_SOSS,obs14,SOSS_HDU3_ordem_1,jw05959014001_04102_00001-seg001_nis_x1dints.fits,seg001,3,294,60693.9269852547,TDB-MID,2039.9747149523573,0.14451221883172174,2038,0.8522004674063691,2.828497546304791,294,0.9995084711505028,0.9996102370712284
TOI-2076_d,NIRISS_SOSS,obs14,SOSS_HDU3_ordem_1,jw05959014001_04102_00001-seg001_nis_x1dints.fits,seg001,3,295,60693.92706233356,TDB-MID,2037.7919664206663,0.14451758109393495,2038,0.8522004674063691,2.828497546304791,295,0.9984390090479456,0.9985406660803539
TOI-2076_d,NIRISS_SOSS,obs14,SOSS_HDU3_ordem_1,jw05959014001_04102_00001-seg001_nis_x1dints.fits,seg001,3,296,60693.927139412415,TDB-MID,2043.9027282979087,0.1445535674042098,2038,0.8522004674063691,2.828497546304791,296,1.0014330453057085,1.0015350071788114
TOI-2076_d,NIRISS_SOSS,obs14,SOSS_HDU3_ordem_1,jw05959014001_04102_00001-seg001_nis_x1dints.fits,seg001,3,297,60693.92721649126,TDB-MID,2047.7048096533313,0.1445284748549672,2038,0.8522004674063691,2.828497546304791,297,1.0032959176711815,1.0033980692144342
TOI-2076_d,NIRISS_SOSS,obs14,SOSS_HDU3_ordem_1,jw05959014001_04102_00001-seg001_nis_x1dints.fits,seg001,3,298,60693.92729357012,TDB-MID,2040.4584883438354,0.14451272840903587,2038,0.8522004674063691,2.828497546304791,298,0.9997455013447278,0.9998472913989118
TOI-2076_d,NIRISS_SOSS,obs14,SOSS_HDU3_ordem_1,jw05959014001_04102_00001-seg001_nis_x1dints.fits,seg001,3,299,60693.927370648984,TDB-MID,2036.9083684944055,0.14450513970908252,2038,0.8522004674063691,2.828497546304791,299,0.9980060803425477,0.9981076932959015
TOI-2076_d,NIRISS_SOSS,obs14,SOSS_HDU3_ordem_1,jw05959014001_04102_00001-seg001_nis_x1dints.fits,seg001,3,300,60693.92744772784,TDB-MID,2041.5416727877998,0.14451302002589905,2038,0.8522004674063691,2.828497546304791,300,1.0002762197010022,1.0003780637907884
TOI-2076_d,NIRISS_SOSS,obs14,SOSS_HDU3_ordem_1,jw05959014001_04102_00001-seg001_nis_x1dints.fits,seg001,3,301,60693.92752480669,TDB-MID,2037.3831326449656,0.14450780038171915,2038,0.8522004674063691,2.828497546304791,301,0.9982386963582293,0.9983403329956075
TOI-2076_d,NIRISS_SOSS,obs14,SOSS_HDU3_ordem_1,jw05959014001_04102_00001-seg001_nis_x1dints.fits,seg001,3,302,60693.927601885545,TDB-MID,2039.0920809391114,0.1445104826959733,2038,0.8522004674063691,2.828497546304791,302,0.999076014725088,0.9991777366148448
TOI-2076_d,NIRISS_SOSS,obs14,SOSS_HDU3_ordem_1,jw05959014001_04102_00001-seg001_nis_x1dints.fits,seg001,3,303,60693.9276789644,TDB-MID,2041.0190737836158,0.14451568378239352,2038,0.8522004674063691,2.828497546304791,303,1.0000201664627597,1.000121984482238
TOI-2076_d,NIRISS_SOSS,obs14,SOSS_HDU3_ordem_1,jw05959014001_04102_00001-seg001_nis_x1dints.fits,seg001,3,304,60693.92775604326,TDB-MID,2037.0961680702756,0.14450823547663297,2038,0.8522004674063691,2.828497546304791,304,0.9980980948491908,0.9981997171710905
TOI-2076_d,NIRISS_SOSS,obs14,SOSS_HDU3_ordem_1,jw05959014001_04102_00001-seg001_nis_x1dints.fits,seg001,3,305,60693.927833122114,TDB-MID,2042.695403723787,0.14451649489967996,2038,0.8522004674063691,2.828497546304791,305,1.0008415031015736,1.0009434047462353
TOI-2076_d,NIRISS_SOSS,obs14,SOSS_HDU3_ordem_1,jw05959014001_04102_00001-seg001_nis_x1dints.fits,seg001,3,306,60693.927910200975,TDB-MID,2031.8990300707894,0.14449704257344398,2038,0.8522004674063691,2.828497546304791,306,0.9955516988482256,0.9956530619063563
TOI-2076_d,NIRISS_SOSS,obs14,SOSS_HDU3_ordem_1,jw05959014001_04102_00001-seg001_nis_x1dints.fits,seg001,3,307,60693.92798727983,TDB-MID,2039.7153238700175,0.14451460360961202,2038,0.8522004674063691,2.828497546304791,307,0.9993813795830244,0.9994831325637993
TOI-2076_d,NIRISS_SOSS,obs14,SOSS_HDU3_ordem_1,jw05959014001_04102_00001-seg001_nis_x1dints.fits,seg001,3,308,60693.928064358675,TDB-MID,2051.0402456406414,0.14453770089215434,2038,0.8522004674063691,2.828497546304791,308,1.0049301519094107,1.0050324698438011
TOI-2076_d,NIRISS_SOSS,obs14,SOSS_HDU3_ordem_1,jw05959014001_04102_00001-seg001_nis_x1dints.fits,seg001,3,309,60693.92814143754,TDB-MID,2043.6033480288856,0.14452319863970264,2038,0.8522004674063691,2.828497546304791,309,1.0012863605881037,1.0013883075263603
TOI-2076_d,NIRISS_SOSS,obs14,SOSS_HDU3_ordem_1,jw05959014001_04102_00001-seg001_nis_x1dints.fits,seg001,3,310,60693.9282185164,TDB-MID,2039.5931186932169,0.14451360594121976,2038,0.8522004674063691,2.828497546304791,310,0.9993215037872435,0.9994232506717063
TOI-2076_d,NIRISS_SOSS,obs14,SOSS_HDU3_ordem_1,jw05959014001_04102_00001-seg001_nis_x1dints.fits,seg001,3,311,60693.92829559525,TDB-MID,2043.7109239982622,0.1445215330208296,2038,0.8522004674063691,2.828497546304791,311,1.0013390686397752,1.001441020944553
TOI-2076_d,NIRISS_SOSS,obs14,SOSS_HDU3_ordem_1,jw05959014001_04102_00001-seg001_nis_x1dints.fits,seg001,3,312,60693.928372674105,TDB-MID,2033.1279740551665,0.14450008162171532,2038,0.8522004674063691,2.828497546304791,312,0.9961538337246783,0.9962552580897531
TOI-2076_d,NIRISS_SOSS,obs14,SOSS_HDU3_ordem_1,jw05959014001_04102_00001-seg001_nis_x1dints.fits,seg001,3,313,60693.92844975296,TDB-MID,2040.183889520449,0.14451460280710188,2038,0.8522004674063691,2.828497546304791,313,0.9996109585741088,0.9997127349296905
TOI-2076_d,NIRISS_SOSS,obs14,SOSS_HDU3_ordem_1,jw05959014001_04102_00001-seg001_nis_x1dints.fits,seg001,3,314,60693.92852683182,TDB-MID,2044.8015525086412,0.14452226751063538,2038,0.8522004674063691,2.828497546304791,314,1.0018734342998061,1.00197544101154
TOI-2076_d,NIRISS_SOSS,obs14,SOSS_HDU3_ordem_1,jw05959014001_04102_00001-seg001_nis_x1dints.fits,seg001,3,315,60693.928603910674,TDB-MID,2041.162556834077,0.14451633855919926,2038,0.8522004674063691,2.828497546304791,315,1.0000904675911761,1.0001922927684317
TOI-2076_d,NIRISS_SOSS,obs14,SOSS_HDU3_ordem_1,jw05959014001_04102_00001-seg001_nis_x1dints.fits,seg001,3,316,60693.92868098953,TDB-MID,2043.5247715891644,0.14452099952921046,2038,0.8522004674063691,2.828497546304791,316,1.00124786118095,1.0013498041993523
TOI-2076_d,NIRISS_SOSS,obs14,SOSS_HDU3_ordem_1,jw05959014001_04102_00001-seg001_nis_x1dints.fits,seg001,3,317,60693.92875806839,TDB-MID,2045.198596553536,0.14452797501811415,2038,0.8522004674063691,2.828497546304791,317,1.0020679704788007,1.0021699969974234
TOI-2076_d,NIRISS_SOSS,obs14,SOSS_HDU3_ordem_1,jw05959014001_04102_00001-seg001_nis_x1dints.fits,seg001,3,318,60693.92883514724,TDB-MID,2039.7522246137935,0.14451307133659552,2038,0.8522004674063691,2.828497546304791,318,0.99939945951594,0.9995012143375407
TOI-2076_d,NIRISS_SOSS,obs14,SOSS_HDU3_ordem_1,jw05959014001_04102_00001-seg001_nis_x1dints.fits,seg001,3,319,60693.928912226096,TDB-MID,2045.4131423924323,0.14452436407878197,2038,0.8522004674063691,2.828497546304791,319,1.002173089616727,1.0022751268381562
TOI-2076_d,NIRISS_SOSS,obs14,SOSS_HDU3_ordem_1,jw05959014001_04102_00001-seg001_nis_x1dints.fits,seg001,3,320,60693.92898930495,TDB-MID,2038.2266646168168,0.14451320302948434,2038,0.8522004674063691,2.828497546304791,320,0.9986519943002928,0.9987536730180004
TOI-2076_d,NIRISS_SOSS,obs14,SOSS_HDU3_ordem_1,jw05959014001_04102_00001-seg001_nis_x1dints.fits,seg001,3,321,60693.92906638381,TDB-MID,2039.571480870957,0.1445094293000031,2038,0.8522004674063691,2.828497546304791,321,0.9993109020937581,0.9994126478987992
TOI-2076_d,NIRISS_SOSS,obs14,SOSS_HDU3_ordem_1,jw05959014001_04102_00001-seg001_nis_x1dints.fits,seg001,3,322,60693.929143462665,TDB-MID,2040.1352311739936,0.14451531832052983,2038,0.8522004674063691,2.828497546304791,322,0.9995871178720069,0.9996888918002246
TOI-2076_d,NIRISS_SOSS,obs14,SOSS_HDU3_ordem_1,jw05959014001_04102_00001-seg001_nis_x1dints.fits,seg001,3,323,60693.929220541526,TDB-MID,2039.8238882096755,0.1445133823249822,2038,0.8522004674063691,2.828497546304791,323,0.9994345718977907,0.9995363302943925
TOI-2076_d,NIRISS_SOSS,obs14,SOSS_HDU3_ordem_1,jw05959014001_04102_00001-seg001_nis_x1dints.fits,seg001,3,324,60693.92929762037,TDB-MID,2046.464723146641,0.14452942945689248,2038,0.8522004674063691,2.828497546304791,324,1.0026883233910606,1.0027904130715146
TOI-2076_d,NIRISS_SOSS,obs14,SOSS_HDU3_ordem_1,jw05959014001_04102_00001-seg001_nis_x1dints.fits,seg001,3,325,60693.92937469923,TDB-MID,2038.6335662422566,0.14450911935297783,2038,0.8522004674063691,2.828497546304791,325,0.9988513603113375,0.9989530593276882
TOI-2076_d,NIRISS_SOSS,obs14,SOSS_HDU3_ordem_1,jw05959014001_04102_00001-seg001_nis_x1dints.fits,seg001,3,326,60693.92945177809,TDB-MID,2040.4932455185756,0.14451920107449184,2038,0.8522004674063691,2.828497546304791,326,0.999762531011974,0.9998643228000499
TOI-2076_d,NIRISS_SOSS,obs14,SOSS_HDU3_ordem_1,jw05959014001_04102_00001-seg001_nis_x1dints.fits,seg001,3,327,60693.92952885695,TDB-MID,2038.651853787918,0.14450986804720636,2038,0.8522004674063691,2.828497546304791,327,0.998860320499261,0.9989620204279018
TOI-2076_d,NIRISS_SOSS,obs14,SOSS_HDU3_ordem_1,jw05959014001_04102_00001-seg001_nis_x1dints.fits,seg001,3,328,60693.9296059358,TDB-MID,2049.409711646552,0.1445352646399149,2038,0.8522004674063691,2.828497546304791,328,1.00413125350756,1.0042334901013379
TOI-2076_d,NIRISS_SOSS,obs14,SOSS_HDU3_ordem_1,jw05959014001_04102_00001-seg001_nis_x1dints.fits,seg001,3,329,60693.929683014656,TDB-MID,2040.4805394959535,0.1445122355125,2038,0.8522004674063691,2.828497546304791,329,0.9997563055538091,0.9998580967080339
TOI-2076_d,NIRISS_SOSS,obs14,SOSS_HDU3_ordem_1,jw05959014001_04102_00001-seg001_nis_x1dints.fits,seg001,3,330,60693.92976009351,TDB-MID,2041.7305129862357,0.14451889199593954,2038,0.8522004674063691,2.828497546304791,330,1.0003687440723326,1.000470597582577
TOI-2076_d,NIRISS_SOSS,obs14,SOSS_HDU3_ordem_1,jw05959014001_04102_00001-seg001_nis_x1dints.fits,seg001,3,331,60693.92983717236,TDB-MID,2049.387255201048,0.14453736901529615,2038,0.8522004674063691,2.828497546304791,331,1.0041202507204428,1.0042224861939613
TOI-2076_d,NIRISS_SOSS,obs14,SOSS_HDU3_ordem_1,jw05959014001_04102_00001-seg001_nis_x1dints.fits,seg001,3,332,60693.929914251225,TDB-MID,2037.4246342911601,0.14450515627579075,2038,0.8522004674063691,2.828497546304791,332,0.9982590305548417,0.9983606692625658
TOI-2076_d,NIRISS_SOSS,obs14,SOSS_HDU3_ordem_1,jw05959014001_04102_00001-seg001_nis_x1dints.fits,seg001,3,333,60693.929991330086,TDB-MID,2042.3619202156237,0.1445175404870034,2038,0.8522004674063691,2.828497546304791,333,1.0006781091197976,1.0007799941283433
TOI-2076_d,NIRISS_SOSS,obs14,SOSS_HDU3_ordem_1,jw05959014001_04102_00001-seg001_nis_x1dints.fits,seg001,3,334,60693.93006840894,TDB-MID,2042.8229198015852,0.1445282107827909,2038,0.8522004674063691,2.828497546304791,334,1.000903981032811,1.0010058890387237
TOI-2076_d,NIRISS_SOSS,obs14,SOSS_HDU3_ordem_1,jw05959014001_04102_00001-seg001_nis_x1dints.fits,seg001,3,335,60693.930145487786,TDB-MID,2041.7514030525222,0.14451816984689647,2038,0.8522004674063691,2.828497546304791,335,1.0003789793943996,1.0004808339467632
TOI-2076_d,NIRISS_SOSS,obs14,SOSS_HDU3_ordem_1,jw05959014001_04102_00001-seg001_nis_x1dints.fits,seg001,3,336,60693.93022256665,TDB-MID,2039.969883463898,0.1445147442515802,2038,0.8522004674063691,2.828497546304791,336,0.9995061039085914,0.999607869588294
TOI-2076_d,NIRISS_SOSS,obs14,SOSS_HDU3_ordem_1,jw05959014001_04102_00001-seg001_nis_x1dints.fits,seg001,3,337,60693.93029964551,TDB-MID,2044.2737361232716,0.14452513244363432,2038,0.8522004674063691,2.828497546304791,337,1.0016148247471868,1.001716805128339
TOI-2076_d,NIRISS_SOSS,obs14,SOSS_HDU3_ordem_1,jw05959014001_04102_00001-seg001_nis_x1dints.fits,seg001,3,338,60693.93037672436,TDB-MID,2042.1646666043969,0.14452005119867886,2038,0.8522004674063691,2.828497546304791,338,1.0005814625025915,1.0006833376709683
TOI-2076_d,NIRISS_SOSS,obs14,SOSS_HDU3_ordem_1,jw05959014001_04102_00001-seg001_nis_x1dints.fits,seg001,3,339,60693.930453803216,TDB-MID,2040.4618921296556,0.14451808971097843,2038,0.8522004674063691,2.828497546304791,339,0.9997471690677326,0.9998489592917174
TOI-2076_d,NIRISS_SOSS,obs14,SOSS_HDU3_ordem_1,jw05959014001_04102_00001-seg001_nis_x1dints.fits,seg001,3,340,60693.93053088207,TDB-MID,2046.1342779546728,0.1445273343490355,2038,0.8522004674063691,2.828497546304791,340,1.0025264180663513,1.0026284912622583
TOI-2076_d,NIRISS_SOSS,obs14,SOSS_HDU3_ordem_1,jw05959014001_04102_00001-seg001_nis_x1dints.fits,seg001,3,341,60693.93060796093,TDB-MID,2044.557177203223,0.1445242209304529,2038,0.8522004674063691,2.828497546304791,341,1.0017536998804946,1.0018556944013526
TOI-2076_d,NIRISS_SOSS,obs14,SOSS_HDU3_ordem_1,jw05959014001_04102_00001-seg001_nis_x1dints.fits,seg001,3,342,60693.930685039784,TDB-MID,2037.98053782447,0.1445105491170263,2038,0.8522004674063691,2.828497546304791,342,0.9985314017203336,0.9986330681597911
TOI-2076_d,NIRISS_SOSS,obs14,SOSS_HDU3_ordem_1,jw05959014001_04102_00001-seg001_nis_x1dints.fits,seg001,3,343,60693.93076211864,TDB-MID,2042.0381880922855,0.14451753401410514,2038,0.8522004674063691,2.828497546304791,343,1.000519492938289,1.0006213617971749
TOI-2076_d,NIRISS_SOSS,obs14,SOSS_HDU3_ordem_1,jw05959014001_04102_00001-seg001_nis_x1dints.fits,seg001,3,344,60693.9308391975,TDB-MID,2041.5628582668382,0.14451787997563886,2038,0.8522004674063691,2.828497546304791,344,1.0002865997638575,1.0003884449104998
TOI-2076_d,NIRISS_SOSS,obs14,SOSS_HDU3_ordem_1,jw05959014001_04102_00001-seg001_nis_x1dints.fits,seg001,3,345,60693.930916276346,TDB-MID,2041.652337511563,0.14451495504036177,2038,0.8522004674063691,2.828497546304791,345,1.0003304411224974,1.00043229073289
TOI-2076_d,NIRISS_SOSS,obs14,SOSS_HDU3_ordem_1,jw05959014001_04102_00001-seg001_nis_x1dints.fits,seg001,3,346,60693.93099335521,TDB-MID,2037.2547056605017,0.14450986486883047,2038,0.8522004674063691,2.828497546304791,346,0.9981757721180634,0.9982774023487494
TOI-2076_d,NIRISS_SOSS,obs14,SOSS_HDU3_ordem_1,jw05959014001_04102_00001-seg001_nis_x1dints.fits,seg001,3,347,60693.93107043406,TDB-MID,2042.1708978161041,0.1445180109280855,2038,0.8522004674063691,2.828497546304791,347,1.0005845155545932,1.0006863910338195
TOI-2076_d,NIRISS_SOSS,obs14,SOSS_HDU3_ordem_1,jw05959014001_04102_00001-seg001_nis_x1dints.fits,seg001,3,348,60693.93114751292,TDB-MID,2042.9892049325715,0.1445182396069179,2038,0.8522004674063691,2.828497546304791,348,1.0009854542960968,1.0010873705972883
TOI-2076_d,NIRISS_SOSS,obs14,SOSS_HDU3_ordem_1,jw05959014001_04102_00001-seg001_nis_x1dints.fits,seg001,3,349,60693.931224591775,TDB-MID,2041.0741780717583,0.144515491417798,2038,0.8522004674063691,2.828497546304791,349,1.000047165426223,1.0001489861946269
TOI-2076_d,NIRISS_SOSS,obs14,SOSS_HDU3_ordem_1,jw05959014001_04102_00001-seg001_nis_x1dints.fits,seg001,3,350,60693.93130167062,TDB-MID,2040.9940102542057,0.14451625987367042,2038,0.8522004674063691,2.828497546304791,350,1.000007886305668,1.0001097030748303
TOI-2076_d,NIRISS_SOSS,obs14,SOSS_HDU3_ordem_1,jw05959014001_04102_00001-seg001_nis_x1dints.fits,seg001,3,351,60693.93137874948,TDB-MID,2043.560747883297,0.14452083955490325,2038,0.8522004674063691,2.828497546304791,351,1.0012654881694036,1.0013674329825146
TOI-2076_d,NIRISS_SOSS,obs14,SOSS_HDU3_ordem_1,jw05959014001_04102_00001-seg001_nis_x1dints.fits,seg001,3,352,60693.931455828344,TDB-MID,2042.3616531285627,0.14451764886683313,2038,0.8522004674063691,2.828497546304791,352,1.0006779782574993,1.000779863252721
TOI-2076_d,NIRISS_SOSS,obs14,SOSS_HDU3_ordem_1,jw05959014001_04102_00001-seg001_nis_x1dints.fits,seg001,3,353,60693.9315329072,TDB-MID,2042.464672764126,0.1445079767740291,2038,0.8522004674063691,2.828497546304791,353,1.0007284538823613,1.0008303440168076
TOI-2076_d,NIRISS_SOSS,obs14,SOSS_HDU3_ordem_1,jw05959014001_04102_00001-seg001_nis_x1dints.fits,seg001,3,354,60693.93160998605,TDB-MID,2039.5207370347312,0.14451129736001747,2038,0.8522004674063691,2.828497546304791,354,0.9992860395825737,0.9993877828562142
TOI-2076_d,NIRISS_SOSS,obs14,SOSS_HDU3_ordem_1,jw05959014001_04102_00001-seg001_nis_x1dints.fits,seg001,3,355,60693.93168706491,TDB-MID,2044.6719875244241,0.14452699559001814,2038,0.8522004674063691,2.828497546304791,355,1.001809952483909,1.0019119527321805
TOI-2076_d,NIRISS_SOSS,obs14,SOSS_HDU3_ordem_1,jw05959014001_04102_00001-seg001_nis_x1dints.fits,seg001,3,356,60693.93176414377,TDB-MID,2040.327128098198,0.14451381384177428,2038,0.8522004674063691,2.828497546304791,356,0.9996811399203805,0.9997829234215438
TOI-2076_d,NIRISS_SOSS,obs14,SOSS_HDU3_ordem_1,jw05959014001_04102_00001-seg001_nis_x1dints.fits,seg001,3,357,60693.93184122262,TDB-MID,2036.6093151619013,0.1445038332723846,2038,0.8522004674063691,2.828497546304791,357,0.9978595558111538,0.997961153845971
TOI-2076_d,NIRISS_SOSS,obs14,SOSS_HDU3_ordem_1,jw05959014001_04102_00001-seg001_nis_x1dints.fits,seg001,3,358,60693.931918301474,TDB-MID,2040.3989720886252,0.1445236235893694,2038,0.8522004674063691,2.828497546304791,358,0.9997163406885601,0.9998181277737236
TOI-2076_d,NIRISS_SOSS,obs14,SOSS_HDU3_ordem_1,jw05959014001_04102_00001-seg001_nis_x1dints.fits,seg001,3,359,60693.931995380335,TDB-MID,2038.4791151420327,0.14451404261984535,2038,0.8522004674063691,2.828497546304791,359,0.9987756852640338,0.9988773765754564
TOI-2076_d,NIRISS_SOSS,obs14,SOSS_HDU3_ordem_1,jw05959014001_04102_00001-seg001_nis_x1dints.fits,seg001,3,360,60693.932072459196,TDB-MID,2036.454547467157,0.1445070028740691,2038,0.8522004674063691,2.828497546304791,360,0.9977837256448172,0.9978853159589127
TOI-2076_d,NIRISS_SOSS,obs14,SOSS_HDU3_ordem_1,jw05959014001_04102_00001-seg001_nis_x1dints.fits,seg001,3,361,60693.93214953804,TDB-MID,2041.8151796836364,0.1445158662871143,2038,0.8522004674063691,2.828497546304791,361,1.0004102274694826,1.000512085203399
TOI-2076_d,NIRISS_SOSS,obs14,SOSS_HDU3_ordem_1,jw05959014001_04102_00001-seg001_nis_x1dints.fits,seg001,3,362,60693.9322266169,TDB-MID,2040.4966867167254,0.14451396981022324,2038,0.8522004674063691,2.828497546304791,362,0.999764217065569,0.999866009025312
TOI-2076_d,NIRISS_SOSS,obs14,SOSS_HDU3_ordem_1,jw05959014001_04102_00001-seg001_nis_x1dints.fits,seg001,3,363,60693.93230369576,TDB-MID,2037.2564084574276,0.14450629525139827,2038,0.8522004674063691,2.828497546304791,363,0.9981766064224984,0.99827823673813
TOI-2076_d,NIRISS_SOSS,obs14,SOSS_HDU3_ordem_1,jw05959014001_04102_00001-seg001_nis_x1dints.fits,seg001,3,364,60693.93238077461,TDB-MID,2045.811061473516,0.14452800047941855,2038,0.8522004674063691,2.828497546304791,364,1.0023680545295075,1.0024701116014778
TOI-2076_d,NIRISS_SOSS,obs14,SOSS_HDU3_ordem_1,jw05959014001_04102_00001-seg001_nis_x1dints.fits,seg001,3,365,60693.93245785347,TDB-MID,2043.259406324361,0.1445177646440657,2038,0.8522004674063691,2.828497546304791,365,1.001117842495828,1.0012197722762524
TOI-2076_d,NIRISS_SOSS,obs14,SOSS_HDU3_ordem_1,jw05959014001_04102_00001-seg001_nis_x1dints.fits,seg001,3,366,60693.93253493232,TDB-MID,2044.5082936791703,0.14452756865102667,2038,0.8522004674063691,2.828497546304791,366,1.0017297488501056,1.0018317409323665
TOI-2076_d,NIRISS_SOSS,obs14,SOSS_HDU3_ordem_1,jw05959014001_04102_00001-seg001_nis_x1dints.fits,seg001,3,367,60693.93261201118,TDB-MID,2038.810077334895,0.14451220592986178,2038,0.8522004674063691,2.828497546304791,367,0.9989378438991245,0.9990395517208853
TOI-2076_d,NIRISS_SOSS,obs14,SOSS_HDU3_ordem_1,jw05959014001_04102_00001-seg001_nis_x1dints.fits,seg001,3,368,60693.932689090034,TDB-MID,2034.8322841965964,0.14450284066435073,2038,0.8522004674063691,2.828497546304791,368,0.9969888795766396,0.9970903889627146
TOI-2076_d,NIRISS_SOSS,obs14,SOSS_HDU3_ordem_1,jw05959014001_04102_00001-seg001_nis_x1dints.fits,seg001,3,369,60693.932766168895,TDB-MID,2042.462903362099,0.14451975764165514,2038,0.8522004674063691,2.828497546304791,369,1.0007275869440106,1.0008294769901889
TOI-2076_d,NIRISS_SOSS,obs14,SOSS_HDU3_ordem_1,jw05959014001_04102_00001-seg001_nis_x1dints.fits,seg001,3,370,60693.93284324775,TDB-MID,2034.29151954005,0.14450169887047293,2038,0.8522004674063691,2.828497546304791,370,0.9967239258734613,0.996825408283019
TOI-2076_d,NIRISS_SOSS,obs14,SOSS_HDU3_ordem_1,jw05959014001_04102_00001-seg001_nis_x1dints.fits,seg001,3,371,60693.9329203266,TDB-MID,2040.8997597687094,0.14451576621519138,2038,0.8522004674063691,2.828497546304791,371,0.9999617072241466,1.000063519291541
TOI-2076_d,NIRISS_SOSS,obs14,SOSS_HDU3_ordem_1,jw05959014001_04102_00001-seg001_nis_x1dints.fits,seg001,3,372,60693.932997405456,TDB-MID,2047.2863258066543,0.1445319816361091,2038,0.8522004674063691,2.828497546304791,372,1.0030908768210536,1.003193007487874
TOI-2076_d,NIRISS_SOSS,obs14,SOSS_HDU3_ordem_1,jw05959014001_04102_00001-seg001_nis_x1dints.fits,seg001,3,373,60693.93307448431,TDB-MID,2037.3031501920636,0.14450879462181027,2038,0.8522004674063691,2.828497546304791,373,0.9981995080591621,0.998301140706546
TOI-2076_d,NIRISS_SOSS,obs14,SOSS_HDU3_ordem_1,jw05959014001_04102_00001-seg001_nis_x1dints.fits,seg001,3,374,60693.93315156317,TDB-MID,2048.1764082841046,0.14453192862086148,2038,0.8522004674063691,2.828497546304791,374,1.0035269827049713,1.0036291577743337
TOI-2076_d,NIRISS_SOSS,obs14,SOSS_HDU3_ordem_1,jw05959014001_04102_00001-seg001_nis_x1dints.fits,seg001,3,375,60693.93322864203,TDB-MID,2040.4795463702874,0.14451787065992266,2038,0.8522004674063691,2.828497546304791,375,0.9997558189607602,0.9998576100654422
TOI-2076_d,NIRISS_SOSS,obs14,SOSS_HDU3_ordem_1,jw05959014001_04102_00001-seg001_nis_x1dints.fits,seg001,3,376,60693.93330572088,TDB-MID,2036.4231649766152,0.14450511864393759,2038,0.8522004674063691,2.828497546304791,376,0.9977683494419102,0.9978699381904627
TOI-2076_d,NIRISS_SOSS,obs14,SOSS_HDU3_ordem_1,jw05959014001_04102_00001-seg001_nis_x1dints.fits,seg001,3,377,60693.93338279973,TDB-MID,2036.0990504968481,0.14450700629178406,2038,0.8522004674063691,2.828497546304791,377,0.9976095459205845,0.9977111185004031
TOI-2076_d,NIRISS_SOSS,obs14,SOSS_HDU3_ordem_1,jw05959014001_04102_00001-seg001_nis_x1dints.fits,seg001,3,378,60693.93345987859,TDB-MID,2043.1049382015096,0.14452152271442614,2038,0.8522004674063691,2.828497546304791,378,1.0010421591080974,1.0011440811827443
TOI-2076_d,NIRISS_SOSS,obs14,SOSS_HDU3_ordem_1,jw05959014001_04102_00001-seg001_nis_x1dints.fits,seg001,3,379,60693.933536957455,TDB-MID,2053.207889198508,0.1445426118783778,2038,0.8522004674063691,2.828497546304791,379,1.0059922131607792,1.0060946392299621
TOI-2076_d,NIRISS_SOSS,obs14,SOSS_HDU3_ordem_1,jw05959014001_04102_00001-seg001_nis_x1dints.fits,seg001,3,380,60693.93361403631,TDB-MID,2038.4979815547515,0.14451262466526893,2038,0.8522004674063691,2.828497546304791,380,0.9987849290743588,0.9988866213269488
TOI-2076_d,NIRISS_SOSS,obs14,SOSS_HDU3_ordem_1,jw05959014001_04102_00001-seg001_nis_x1dints.fits,seg001,3,381,60693.933691115155,TDB-MID,2043.4087394233197,0.1445204846266518,2038,0.8522004674063691,2.828497546304791,381,1.0011910099210606,1.001292947151097
TOI-2076_d,NIRISS_SOSS,obs14,SOSS_HDU3_ordem_1,jw05959014001_04102_00001-seg001_nis_x1dints.fits,seg001,3,382,60693.933768194016,TDB-MID,2036.944733013589,0.1445067342765933,2038,0.8522004674063691,2.828497546304791,382,0.9980238975462153,0.9981255123136451
TOI-2076_d,NIRISS_SOSS,obs14,SOSS_HDU3_ordem_1,jw05959014001_04102_00001-seg001_nis_x1dints.fits,seg001,3,383,60693.93384527288,TDB-MID,2049.9125264376644,0.1445350372105099,2038,0.8522004674063691,2.828497546304791,383,1.0043776132489102,1.004479874926043
TOI-2076_d,NIRISS_SOSS,obs14,SOSS_HDU3_ordem_1,jw05959014001_04102_00001-seg001_nis_x1dints.fits,seg001,3,384,60693.93392235173,TDB-MID,2035.8637313409533,0.1445034238920227,2038,0.8522004674063691,2.828497546304791,384,0.9974942486632132,0.9975958095039301
TOI-2076_d,NIRISS_SOSS,obs14,SOSS_HDU3_ordem_1,jw05959014001_04102_00001-seg001_nis_x1dints.fits,seg001,3,385,60693.933999430585,TDB-MID,2043.5755078394716,0.1445207992681112,2038,0.8522004674063691,2.828497546304791,385,1.0012727199753286,1.001374665524753
TOI-2076_d,NIRISS_SOSS,obs14,SOSS_HDU3_ordem_1,jw05959014001_04102_00001-seg001_nis_x1dints.fits,seg001,3,386,60693.93407650944,TDB-MID,2047.2738103957988,0.14453030640740888,2038,0.8522004674063691,2.828497546304791,386,1.0030847447552598,1.003186874797738
TOI-2076_d,NIRISS_SOSS,obs14,SOSS_HDU3_ordem_1,jw05959014001_04102_00001-seg001_nis_x1dints.fits,seg001,3,387,60693.93415358829,TDB-MID,2038.8974317122722,0.1445096189387683,2038,0.8522004674063691,2.828497546304791,387,0.9989806441551967,0.9990823563347069
TOI-2076_d,NIRISS_SOSS,obs14,SOSS_HDU3_ordem_1,jw05959014001_04102_00001-seg001_nis_x1dints.fits,seg001,3,388,60693.93423066715,TDB-MID,2038.4517468487506,0.144511344040174,2038,0.8522004674063691,2.828497546304791,388,0.9987622758620566,0.9988639658081879
TOI-2076_d,NIRISS_SOSS,obs14,SOSS_HDU3_ordem_1,jw05959014001_04102_00001-seg001_nis_x1dints.fits,seg001,3,389,60693.93430774601,TDB-MID,2037.325932725778,0.14450620716922083,2038,0.8522004674063691,2.828497546304791,389,0.9982106706168522,0.9983123044007626
TOI-2076_d,NIRISS_SOSS,obs14,SOSS_HDU3_ordem_1,jw05959014001_04102_00001-seg001_nis_x1dints.fits,seg001,3,390,60693.93438482487,TDB-MID,2037.9216296804004,0.14459286131221238,2038,0.8522004674063691,2.828497546304791,390,0.9985025390150335,0.9986042025158068
TOI-2076_d,NIRISS_SOSS,obs14,SOSS_HDU3_ordem_1,jw05959014001_04102_00001-seg001_nis_x1dints.fits,seg001,3,391,60693.934461903715,TDB-MID,2036.8412801233471,0.1445080687254724,2038,0.8522004674063691,2.828497546304791,391,0.9979732096433684,0.9980748192499603
TOI-2076_d,NIRISS_SOSS,obs14,SOSS_HDU3_ordem_1,jw05959014001_04102_00001-seg001_nis_x1dints.fits,seg001,3,392,60693.93453898257,TDB-MID,2037.7316703240037,0.1445090051607501,2038,0.8522004674063691,2.828497546304791,392,0.9984094662997194,0.9985111203242043
TOI-2076_d,NIRISS_SOSS,obs14,SOSS_HDU3_ordem_1,jw05959014001_04102_00001-seg001_nis_x1dints.fits,seg001,3,393,60693.93461606143,TDB-MID,2039.7019155789383,0.14451373772486933,2038,0.8522004674063691,2.828497546304791,393,0.9993748100405594,0.99947656235245
TOI-2076_d,NIRISS_SOSS,obs14,SOSS_HDU3_ordem_1,jw05959014001_04102_00001-seg001_nis_x1dints.fits,seg001,3,394,60693.93469314029,TDB-MID,2045.2073132740954,0.14452444205589218,2038,0.8522004674063691,2.828497546304791,394,1.0020722413337166,1.0021742682871806
TOI-2076_d,NIRISS_SOSS,obs14,SOSS_HDU3_ordem_1,jw05959014001_04102_00001-seg001_nis_x1dints.fits,seg001,3,395,60693.934770219144,TDB-MID,2035.9497424853585,0.14450581024431583,2038,0.8522004674063691,2.828497546304791,395,0.9975363907872387,0.9976379559186966
TOI-2076_d,NIRISS_SOSS,obs14,SOSS_HDU3_ordem_1,jw05959014001_04102_00001-seg001_nis_x1dints.fits,seg001,3,396,60693.93484729799,TDB-MID,2042.5016703159586,0.14451904712624775,2038,0.8522004674063691,2.828497546304791,396,1.0007465812474692,1.0008484732275706
TOI-2076_d,NIRISS_SOSS,obs14,SOSS_HDU3_ordem_1,jw05959014001_04102_00001-seg001_nis_x1dints.fits,seg001,3,397,60693.93492437685,TDB-MID,2035.2244768936139,0.14450373115040807,2038,0.8522004674063691,2.828497546304791,397,0.9971810387833783,0.9972825677343287
TOI-2076_d,NIRISS_SOSS,obs14,SOSS_HDU3_ordem_1,jw05959014001_04102_00001-seg001_nis_x1dints.fits,seg001,3,398,60693.93500145571,TDB-MID,2045.5137710930612,0.14453641209333515,2038,0.8522004674063691,2.828497546304791,398,1.0022223937762256,1.0023244360176056
TOI-2076_d,NIRISS_SOSS,obs14,SOSS_HDU3_ordem_1,jw05959014001_04102_00001-seg001_nis_x1dints.fits,seg001,3,399,60693.93507853457,TDB-MID,2040.440139533678,0.14451486941445552,2038,0.8522004674063691,2.828497546304791,399,0.9997365111395781,0.9998383002784155
TOI-2076_d,NIRISS_SOSS,obs14,SOSS_HDU3_ordem_1,jw05959014001_04102_00001-seg001_nis_x1dints.fits,seg001,3,400,60693.93515561342,TDB-MID,2042.6108315826382,0.14452245651791057,2038,0.8522004674063691,2.828497546304791,400,1.0008000660333187,1.0009019634590253
TOI-2076_d,NIRISS_SOSS,obs14,SOSS_HDU3_ordem_1,jw05959014001_04102_00001-seg001_nis_x1dints.fits,seg001,3,401,60693.935232692274,TDB-MID,2040.5731943311391,0.1445136959214491,2038,0.8522004674063691,2.828497546304791,401,0.9998017028285803,0.9999034986049726
TOI-2076_d,NIRISS_SOSS,obs14,SOSS_HDU3_ordem_1,jw05959014001_04102_00001-seg001_nis_x1dints.fits,seg001,3,402,60693.935309771136,TDB-MID,2040.370841575231,0.1445177865871087,2038,0.8522004674063691,2.828497546304791,402,0.9997025578282975,0.9998043435101458
TOI-2076_d,NIRISS_SOSS,obs14,SOSS_HDU3_ordem_1,jw05959014001_04102_00001-seg001_nis_x1dints.fits,seg001,3,403,60693.93538684999,TDB-MID,2038.7039712540413,0.14451193394932327,2038,0.8522004674063691,2.828497546304791,403,0.9988858560358063,0.9989875585643725
TOI-2076_d,NIRISS_SOSS,obs14,SOSS_HDU3_ordem_1,jw05959014001_04102_00001-seg001_nis_x1dints.fits,seg001,3,404,60693.93546392884,TDB-MID,2049.8535940638462,0.14453558253569707,2038,0.8522004674063691,2.828497546304791,404,1.0043487386719732,1.0044509974092133
TOI-2076_d,NIRISS_SOSS,obs14,SOSS_HDU3_ordem_1,jw05959014001_04102_00001-seg001_nis_x1dints.fits,seg001,3,405,60693.935541007704,TDB-MID,2051.5276642800864,0.144540010425963,2038,0.8522004674063691,2.828497546304791,405,1.005168968133725,1.0052713103834203
TOI-2076_d,NIRISS_SOSS,obs14,SOSS_HDU3_ordem_1,jw05959014001_04102_00001-seg001_nis_x1dints.fits,seg001,3,406,60693.93561808655,TDB-MID,2041.6978393767745,0.14451933193872954,2038,0.8522004674063691,2.828497546304791,406,1.000352735271243,1.0004545871515356
TOI-2076_d,NIRISS_SOSS,obs14,SOSS_HDU3_ordem_1,jw05959014001_04102_00001-seg001_nis_x1dints.fits,seg001,3,407,60693.93569516541,TDB-MID,2040.7455428089359,0.14451623468880515,2038,0.8522004674063691,2.828497546304791,407,0.9998861468965803,0.9999879512707269
TOI-2076_d,NIRISS_SOSS,obs14,SOSS_HDU3_ordem_1,jw05959014001_04102_00001-seg001_nis_x1dints.fits,seg001,3,408,60693.935772244266,TDB-MID,2042.9544078095673,0.14451949870276465,2038,0.8522004674063691,2.828497546304791,408,1.000968405055751,1.0010703196210577
TOI-2076_d,NIRISS_SOSS,obs14,SOSS_HDU3_ordem_1,jw05959014001_04102_00001-seg001_nis_x1dints.fits,seg001,3,409,60693.93584932313,TDB-MID,2040.0062456687542,0.14451363657678504,2038,0.8522004674063691,2.828497546304791,409,0.9995239199783285,0.9996256874719914
TOI-2076_d,NIRISS_SOSS,obs14,SOSS_HDU3_ordem_1,jw05959014001_04102_00001-seg001_nis_x1dints.fits,seg001,3,410,60693.93592640198,TDB-MID,2035.2272941607494,0.14450158970457216,2038,0.8522004674063691,2.828497546304791,410,0.9971824191349811,0.9972839482264733
TOI-2076_d,NIRISS_SOSS,obs14,SOSS_HDU3_ordem_1,jw05959014001_04102_00001-seg001_nis_x1dints.fits,seg001,3,411,60693.93600348083,TDB-MID,2039.9636770804245,0.14455669099835383,2038,0.8522004674063691,2.828497546304791,411,0.9995030630214611,0.9996048283915527
TOI-2076_d,NIRISS_SOSS,obs14,SOSS_HDU3_ordem_1,jw05959014001_04102_00001-seg001_nis_x1dints.fits,seg001,3,412,60693.93608055969,TDB-MID,2040.0194444403526,0.14451360974186242,2038,0.8522004674063691,2.828497546304791,412,0.999530386864376,0.9996321550164712
TOI-2076_d,NIRISS_SOSS,obs14,SOSS_HDU3_ordem_1,jw05959014001_04102_00001-seg001_nis_x1dints.fits,seg001,3,413,60693.93615763855,TDB-MID,2040.8782323909547,0.14451614192743026,2038,0.8522004674063691,2.828497546304791,413,0.9999511596441841,1.0000529706376664
TOI-2076_d,NIRISS_SOSS,obs14,SOSS_HDU3_ordem_1,jw05959014001_04102_00001-seg001_nis_x1dints.fits,seg001,3,414,60693.9362347174,TDB-MID,2041.2430462702876,0.14451681188847812,2038,0.8522004674063691,2.828497546304791,414,1.0001299042923966,1.000231733484938
TOI-2076_d,NIRISS_SOSS,obs14,SOSS_HDU3_ordem_1,jw05959014001_04102_00001-seg001_nis_x1dints.fits,seg001,3,415,60693.93631179626,TDB-MID,2040.3143973541412,0.14451161807355148,2038,0.8522004674063691,2.828497546304791,415,0.9996749023496716,0.9997766852157506
TOI-2076_d,NIRISS_SOSS,obs14,SOSS_HDU3_ordem_1,jw05959014001_04102_00001-seg001_nis_x1dints.fits,seg001,3,416,60693.93638887511,TDB-MID,2034.8854475619369,0.14450368918490572,2038,0.8522004674063691,2.828497546304791,416,0.9970149275632264,0.9971164396014025
TOI-2076_d,NIRISS_SOSS,obs14,SOSS_HDU3_ordem_1,jw05959014001_04102_00001-seg001_nis_x1dints.fits,seg001,3,417,60693.93646595397,TDB-MID,2037.961641659162,0.14451028727880522,2038,0.8522004674063691,2.828497546304791,417,0.9985221433323942,0.9986238088292001
TOI-2076_d,NIRISS_SOSS,obs14,SOSS_HDU3_ordem_1,jw05959014001_04102_00001-seg001_nis_x1dints.fits,seg001,3,418,60693.936543032825,TDB-MID,2046.2506018332838,0.1445254560985922,2038,0.8522004674063691,2.828497546304791,418,1.0025834122541795,1.0026854912530048
TOI-2076_d,NIRISS_SOSS,obs14,SOSS_HDU3_ordem_1,jw05959014001_04102_00001-seg001_nis_x1dints.fits,seg001,3,419,60693.93662011168,TDB-MID,2044.614871609348,0.14452318693768862,2038,0.8522004674063691,2.828497546304791,419,1.0017819679012876,1.0018839653002818
TOI-2076_d,NIRISS_SOSS,obs14,SOSS_HDU3_ordem_1,jw05959014001_04102_00001-seg001_nis_x1dints.fits,seg001,3,420,60693.93669719054,TDB-MID,2036.272641680741,0.14450315603543903,2038,0.8522004674063691,2.828497546304791,420,0.9976945988663618,0.9977961801059282
TOI-2076_d,NIRISS_SOSS,obs14,SOSS_HDU3_ordem_1,jw05959014001_04102_00001-seg001_nis_x1dints.fits,seg001,3,421,60693.936774269394,TDB-MID,2039.4484254727747,0.14451069963919555,2038,0.8522004674063691,2.828497546304791,421,0.9992506097224838,0.999352349388799
TOI-2076_d,NIRISS_SOSS,obs14,SOSS_HDU3_ordem_1,jw05959014001_04102_00001-seg001_nis_x1dints.fits,seg001,3,422,60693.93685134825,TDB-MID,2044.4393738563958,0.14452275783848806,2038,0.8522004674063691,2.828497546304791,422,1.0016959808106352,1.0017979694547703
TOI-2076_d,NIRISS_SOSS,obs14,SOSS_HDU3_ordem_1,jw05959014001_04102_00001-seg001_nis_x1dints.fits,seg001,3,423,60693.9369284271,TDB-MID,2047.0591920857883,0.1445278808666658,2038,0.8522004674063691,2.828497546304791,423,1.002979590109299,1.0030817094453552
TOI-2076_d,NIRISS_SOSS,obs14,SOSS_HDU3_ordem_1,jw05959014001_04102_00001-seg001_nis_x1dints.fits,seg001,3,424,60693.93700550596,TDB-MID,2048.5425582786434,0.14453103200161108,2038,0.8522004674063691,2.828497546304791,424,1.0037063819978014,1.0038085753328758
TOI-2076_d,NIRISS_SOSS,obs14,SOSS_HDU3_ordem_1,jw05959014001_04102_00001-seg001_nis_x1dints.fits,seg001,3,425,60693.93708258482,TDB-MID,2037.8837367652288,0.14450851125643918,2038,0.8522004674063691,2.828497546304791,425,0.9984839729566246,0.9985856345670767
TOI-2076_d,NIRISS_SOSS,obs14,SOSS_HDU3_ordem_1,jw05959014001_04102_00001-seg001_nis_x1dints.fits,seg001,3,426,60693.93715966367,TDB-MID,2031.7365387105556,0.14449526122064518,2038,0.8522004674063691,2.828497546304791,426,0.9954720843854326,0.9955734393375396
TOI-2076_d,NIRISS_SOSS,obs14,SOSS_HDU3_ordem_1,jw05959014001_04102_00001-seg001_nis_x1dints.fits,seg001,3,427,60693.937236742524,TDB-MID,2041.5728475282863,0.1445170621529783,2038,0.8522004674063691,2.828497546304791,427,1.0002914941144416,1.000393339759407
TOI-2076_d,NIRISS_SOSS,obs14,SOSS_HDU3_ordem_1,jw05959014001_04102_00001-seg001_nis_x1dints.fits,seg001,3,428,60693.937313821385,TDB-MID,2039.4339084410421,0.1445111040727956,2038,0.8522004674063691,2.828497546304791,428,0.9992434969401114,0.9993452358822318
TOI-2076_d,NIRISS_SOSS,obs14,SOSS_HDU3_ordem_1,jw05959014001_04102_00001-seg001_nis_x1dints.fits,seg001,3,429,60693.93739090024,TDB-MID,2041.4449628071084,0.14451577480666689,2038,0.8522004674063691,2.828497546304791,429,1.0002288355622493,1.0003306748275735
TOI-2076_d,NIRISS_SOSS,obs14,SOSS_HDU3_ordem_1,jw05959014001_04102_00001-seg001_nis_x1dints.fits,seg001,3,430,60693.9374679791,TDB-MID,2041.8116729981525,0.14451905918372365,2038,0.8522004674063691,2.828497546304791,430,1.0004085093296344,1.0005103668886168
TOI-2076_d,NIRISS_SOSS,obs14,SOSS_HDU3_ordem_1,jw05959014001_04102_00001-seg001_nis_x1dints.fits,seg001,3,431,60693.93754505795,TDB-MID,2044.2258880253084,0.14452215734584123,2038,0.8522004674063691,2.828497546304791,431,1.0015913810354131,1.0016933590296213
TOI-2076_d,NIRISS_SOSS,obs14,SOSS_HDU3_ordem_1,jw05959014001_04102_00001-seg001_nis_x1dints.fits,seg001,3,432,60693.93762213681,TDB-MID,2040.7882706855514,0.14451128654204043,2038,0.8522004674063691,2.828497546304791,432,0.9999070818985284,1.0000088884041924
TOI-2076_d,NIRISS_SOSS,obs14,SOSS_HDU3_ordem_1,jw05959014001_04102_00001-seg001_nis_x1dints.fits,seg001,3,433,60693.93769921566,TDB-MID,2043.3709779160592,0.14452756019078536,2038,0.8522004674063691,2.828497546304791,433,1.0011725082474303,1.0012744435937007
TOI-2076_d,NIRISS_SOSS,obs14,SOSS_HDU3_ordem_1,jw05959014001_04102_00001-seg001_nis_x1dints.fits,seg001,3,434,60693.937776294515,TDB-MID,2042.27065715165,0.14452396085756658,2038,0.8522004674063691,2.828497546304791,434,1.0006333937589276,1.0007352742147355
TOI-2076_d,NIRISS_SOSS,obs14,SOSS_HDU3_ordem_1,jw05959014001_04102_00001-seg001_nis_x1dints.fits,seg001,3,435,60693.937853373376,TDB-MID,2044.8045908035383,0.1445240626365442,2038,0.8522004674063691,2.828497546304791,435,1.0018749229464377,1.0019769298097394
TOI-2076_d,NIRISS_SOSS,obs14,SOSS_HDU3_ordem_1,jw05959014001_04102_00001-seg001_nis_x1dints.fits,seg001,3,436,60693.93793045223,TDB-MID,2038.274496046141,0.14451922279975202,2038,0.8522004674063691,2.828497546304791,436,0.99867542984508,0.9987771109489001
TOI-2076_d,NIRISS_SOSS,obs14,SOSS_HDU3_ordem_1,jw05959014001_04102_00001-seg001_nis_x1dints.fits,seg001,3,437,60693.938007531084,TDB-MID,2044.0780214826727,0.14452647795675092,2038,0.8522004674063691,2.828497546304791,437,1.001518932165885,1.0016209027836416
TOI-2076_d,NIRISS_SOSS,obs14,SOSS_HDU3_ordem_1,jw05959014001_04102_00001-seg001_nis_x1dints.fits,seg001,3,438,60693.93808460994,TDB-MID,2037.6706513288884,0.14450972131923015,2038,0.8522004674063691,2.828497546304791,438,0.9983795693592956,0.9984812203397947
TOI-2076_d,NIRISS_SOSS,obs14,SOSS_HDU3_ordem_1,jw05959014001_04102_00001-seg001_nis_x1dints.fits,seg001,3,439,60693.9381616888,TDB-MID,2044.5216615694883,0.14452706099492124,2038,0.8522004674063691,2.828497546304791,439,1.001736298597765,1.0018382913468946
TOI-2076_d,NIRISS_SOSS,obs14,SOSS_HDU3_ordem_1,jw05959014001_04102_00001-seg001_nis_x1dints.fits,seg001,3,440,60693.93823876766,TDB-MID,2042.2607386685374,0.1445203344102761,2038,0.8522004674063691,2.828497546304791,440,1.000628534086982,1.0007304140479978
TOI-2076_d,NIRISS_SOSS,obs14,SOSS_HDU3_ordem_1,jw05959014001_04102_00001-seg001_nis_x1dints.fits,seg001,3,441,60693.938315846506,TDB-MID,2033.4403871940049,0.14450091771624168,2038,0.8522004674063691,2.828497546304791,441,0.9963069040428929,0.9964083439929702
TOI-2076_d,NIRISS_SOSS,obs14,SOSS_HDU3_ordem_1,jw05959014001_04102_00001-seg001_nis_x1dints.fits,seg001,3,442,60693.93839292536,TDB-MID,2044.841726416079,0.14452499646258074,2038,0.8522004674063691,2.828497546304791,442,1.0018931179559363,1.0019951266717806
TOI-2076_d,NIRISS_SOSS,obs14,SOSS_HDU3_ordem_1,jw05959014001_04102_00001-seg001_nis_x1dints.fits,seg001,3,443,60693.93847000422,TDB-MID,2039.0902387731567,0.14451305167103942,2038,0.8522004674063691,2.828497546304791,443,0.9990751121352355,0.9991768339330943
TOI-2076_d,NIRISS_SOSS,obs14,SOSS_HDU3_ordem_1,jw05959014001_04102_00001-seg001_nis_x1dints.fits,seg001,3,444,60693.93854708308,TDB-MID,2039.3360987935962,0.1445110205716736,2038,0.8522004674063691,2.828497546304791,444,0.9991955740073094,0.9992973080701101
TOI-2076_d,NIRISS_SOSS,obs14,SOSS_HDU3_ordem_1,jw05959014001_04102_00001-seg001_nis_x1dints.fits,seg001,3,445,60693.93862416193,TDB-MID,2040.241237518517,0.14451465231074484,2038,0.8522004674063691,2.828497546304791,445,0.9996390568683927,0.9997408360848293
TOI-2076_d,NIRISS_SOSS,obs14,SOSS_HDU3_ordem_1,jw05959014001_04102_00001-seg001_nis_x1dints.fits,seg001,3,446,60693.93870124078,TDB-MID,2042.80013011948,0.14452009888047435,2038,0.8522004674063691,2.828497546304791,446,1.000892814972687,1.0009947218417163
TOI-2076_d,NIRISS_SOSS,obs14,SOSS_HDU3_ordem_1,jw05959014001_04102_00001-seg001_nis_x1dints.fits,seg001,3,447,60693.93877831964,TDB-MID,2042.1345069869421,0.14451745271539695,2038,0.8522004674063691,2.828497546304791,447,1.0005666854600568,1.0006685591238949
TOI-2076_d,NIRISS_SOSS,obs14,SOSS_HDU3_ordem_1,jw05959014001_04102_00001-seg001_nis_x1dints.fits,seg001,3,448,60693.9388553985,TDB-MID,2048.5138124137593,0.14453166468349618,2038,0.8522004674063691,2.828497546304791,448,1.0036922976391807,1.0037944895402429
TOI-2076_d,NIRISS_SOSS,obs14,SOSS_HDU3_ordem_1,jw05959014001_04102_00001-seg001_nis_x1dints.fits,seg001,3,449,60693.93893247736,TDB-MID,2042.9100339453928,0.14451757445880337,2038,0.8522004674063691,2.828497546304791,449,1.0009466635837538,1.0010485759354315
TOI-2076_d,NIRISS_SOSS,obs14,SOSS_HDU3_ordem_1,jw05959014001_04102_00001-seg001_nis_x1dints.fits,seg001,3,450,60693.939009556205,TDB-MID,2045.1722989063446,0.14452563360548487,2038,0.8522004674063691,2.828497546304791,450,1.002055085651873,1.0021571108586147
TOI-2076_d,NIRISS_SOSS,obs14,SOSS_HDU3_ordem_1,jw05959014001_04102_00001-seg001_nis_x1dints.fits,seg001,3,451,60693.939086635066,TDB-MID,2042.2888214456766,0.14451618214627587,2038,0.8522004674063691,2.828497546304791,451,1.0006422935583315,1.000744174920281
TOI-2076_d,NIRISS_SOSS,obs14,SOSS_HDU3_ordem_1,jw05959014001_04102_00001-seg001_nis_x1dints.fits,seg001,3,452,60693.93916371392,TDB-MID,2041.8152368370595,0.14451697152421436,2038,0.8522004674063691,2.828497546304791,452,1.0004102554724426,1.0005121132092103
TOI-2076_d,NIRISS_SOSS,obs14,SOSS_HDU3_ordem_1,jw05959014001_04102_00001-seg001_nis_x1dints.fits,seg001,3,453,60693.93924079277,TDB-MID,2036.480183077557,0.14450725753724528,2038,0.8522004674063691,2.828497546304791,453,0.9977962860994003,0.9978978776923507
TOI-2076_d,NIRISS_SOSS,obs14,SOSS_HDU3_ordem_1,jw05959014001_04102_00001-seg001_nis_x1dints.fits,seg001,3,454,60693.939317871635,TDB-MID,2033.8568306588445,0.14448966515171588,2038,0.8522004674063691,2.828497546304791,454,0.9965109451850755,0.9966124059097987
TOI-2076_d,NIRISS_SOSS,obs14,SOSS_HDU3_ordem_1,jw05959014001_04102_00001-seg001_nis_x1dints.fits,seg001,3,455,60693.93939495049,TDB-MID,2028.9231039668234,0.14448996873509742,2038,0.8522004674063691,2.828497546304791,455,0.9940936105059388,0.994194825107396
TOI-2076_d,NIRISS_SOSS,obs14,SOSS_HDU3_ordem_1,jw05959014001_04102_00001-seg001_nis_x1dints.fits,seg001,3,456,60693.93947202934,TDB-MID,2032.7673885800677,0.14449993772507522,2038,0.8522004674063691,2.828497546304791,456,0.995977160830503,0.9960785672074564
TOI-2076_d,NIRISS_SOSS,obs14,SOSS_HDU3_ordem_1,jw05959014001_04102_00001-seg001_nis_x1dints.fits,seg001,3,457,60693.939549108196,TDB-MID,2047.0759434504062,0.14452787490720545,2038,0.8522004674063691,2.828497546304791,457,1.002987797628106,1.003089917799819
TOI-2076_d,NIRISS_SOSS,obs14,SOSS_HDU3_ordem_1,jw05959014001_04102_00001-seg001_nis_x1dints.fits,seg001,3,458,60693.93962618706,TDB-MID,2046.18889165939,0.1445263987606268,2038,0.8522004674063691,2.828497546304791,458,1.002553176662968,1.0026552525833272
TOI-2076_d,NIRISS_SOSS,obs14,SOSS_HDU3_ordem_1,jw05959014001_04102_00001-seg001_nis_x1dints.fits,seg001,3,459,60693.93970326592,TDB-MID,2041.3490218179402,0.14451558841673295,2038,0.8522004674063691,2.828497546304791,459,1.0001818281995103,1.0002836626787346
TOI-2076_d,NIRISS_SOSS,obs14,SOSS_HDU3_ordem_1,jw05959014001_04102_00001-seg002_nis_x1dints.fits,seg002,3,0,60693.939780344765,TDB-MID,2033.7253974900273,0.14452079854015007,2038,0.8522004674063691,2.828497546304791,460,0.996446548031199,0.9966433162489743
TOI-2076_d,NIRISS_SOSS,obs14,SOSS_HDU3_ordem_1,jw05959014001_04102_00001-seg002_nis_x1dints.fits,seg002,3,1,60693.93985742362,TDB-MID,2049.5574269024182,0.14455705439812955,2038,0.8522004674063691,2.828497546304791,461,1.00420362825244,1.0044019282602077
TOI-2076_d,NIRISS_SOSS,obs14,SOSS_HDU3_ordem_1,jw05959014001_04102_00001-seg002_nis_x1dints.fits,seg002,3,2,60693.93993450248,TDB-MID,2038.1413971705285,0.14453191156829995,2038,0.8522004674063691,2.828497546304791,462,0.9986102165594936,0.9988074120367149
TOI-2076_d,NIRISS_SOSS,obs14,SOSS_HDU3_ordem_1,jw05959014001_04102_00001-seg002_nis_x1dints.fits,seg002,3,3,60693.94001158134,TDB-MID,2033.065123611177,0.14451982030287305,2038,0.8522004674063691,2.828497546304791,463,0.9961230394453557,0.9963197437799172
TOI-2076_d,NIRISS_SOSS,obs14,SOSS_HDU3_ordem_1,jw05959014001_04102_00001-seg002_nis_x1dints.fits,seg002,3,4,60693.94008866019,TDB-MID,2045.3539633314322,0.1445927425194337,2038,0.8522004674063691,2.828497546304791,464,1.0021440941726407,1.0023419874843833
TOI-2076_d,NIRISS_SOSS,obs14,SOSS_HDU3_ordem_1,jw05959014001_04102_00001-seg002_nis_x1dints.fits,seg002,3,5,60693.94016573904,TDB-MID,2042.2966676505441,0.1445394048611293,2038,0.8522004674063691,2.828497546304791,465,1.0006461378943294,1.000843735404769
TOI-2076_d,NIRISS_SOSS,obs14,SOSS_HDU3_ordem_1,jw05959014001_04102_00001-seg002_nis_x1dints.fits,seg002,3,6,60693.9402428179,TDB-MID,2038.385452510443,0.14452900944091968,2038,0.8522004674063691,2.828497546304791,466,0.9987297942081212,0.998927013298331
TOI-2076_d,NIRISS_SOSS,obs14,SOSS_HDU3_ordem_1,jw05959014001_04102_00001-seg002_nis_x1dints.fits,seg002,3,7,60693.940319896756,TDB-MID,2046.128453404729,0.14454916621771655,2038,0.8522004674063691,2.828497546304791,467,1.0025235642628376,1.0027215325085077
TOI-2076_d,NIRISS_SOSS,obs14,SOSS_HDU3_ordem_1,jw05959014001_04102_00001-seg002_nis_x1dints.fits,seg002,3,8,60693.94039697562,TDB-MID,2032.7020365710953,0.14451512464518046,2038,0.8522004674063691,2.828497546304791,468,0.9959451408813851,0.9961418100863317
TOI-2076_d,NIRISS_SOSS,obs14,SOSS_HDU3_ordem_1,jw05959014001_04102_00001-seg002_nis_x1dints.fits,seg002,3,9,60693.94047405446,TDB-MID,2041.8922754776613,0.1445378515789634,2038,0.8522004674063691,2.828497546304791,469,1.0004480014176855,1.0006455598021313
TOI-2076_d,NIRISS_SOSS,obs14,SOSS_HDU3_ordem_1,jw05959014001_04102_00001-seg002_nis_x1dints.fits,seg002,3,10,60693.940551133324,TDB-MID,2035.2777843740894,0.144526736943352,2038,0.8522004674063691,2.828497546304791,470,0.9972071573807906,0.9974040757960314
TOI-2076_d,NIRISS_SOSS,obs14,SOSS_HDU3_ordem_1,jw05959014001_04102_00001-seg002_nis_x1dints.fits,seg002,3,11,60693.94062821218,TDB-MID,2045.7476153741986,0.1445493946158962,2038,0.8522004674063691,2.828497546304791,471,1.0023369684021823,1.0025348998007833
TOI-2076_d,NIRISS_SOSS,obs14,SOSS_HDU3_ordem_1,jw05959014001_04102_00001-seg002_nis_x1dints.fits,seg002,3,12,60693.94070529104,TDB-MID,2042.433343390203,0.1445589647393935,2038,0.8522004674063691,2.828497546304791,472,1.000713103704537,1.0009107144387097
TOI-2076_d,NIRISS_SOSS,obs14,SOSS_HDU3_ordem_1,jw05959014001_04102_00001-seg002_nis_x1dints.fits,seg002,3,13,60693.94078236989,TDB-MID,2046.978136028128,0.14454958537767812,2038,0.8522004674063691,2.828497546304791,473,1.0029398757855499,1.003137926240222
TOI-2076_d,NIRISS_SOSS,obs14,SOSS_HDU3_ordem_1,jw05959014001_04102_00001-seg002_nis_x1dints.fits,seg002,3,14,60693.94085944875,TDB-MID,2045.5061696820082,0.14468483729676257,2038,0.8522004674063691,2.828497546304791,474,1.0022186693797004,1.0024165774178029
TOI-2076_d,NIRISS_SOSS,obs14,SOSS_HDU3_ordem_1,jw05959014001_04102_00001-seg002_nis_x1dints.fits,seg002,3,15,60693.9409365276,TDB-MID,2047.0398577739043,0.1445545814976478,2038,0.8522004674063691,2.828497546304791,475,1.002970117046535,1.0031681734729465
TOI-2076_d,NIRISS_SOSS,obs14,SOSS_HDU3_ordem_1,jw05959014001_04102_00001-seg002_nis_x1dints.fits,seg002,3,16,60693.941013606454,TDB-MID,2038.155324595289,0.14452987941751896,2038,0.8522004674063691,2.828497546304791,476,0.9986170404573229,0.9988142372820588
TOI-2076_d,NIRISS_SOSS,obs14,SOSS_HDU3_ordem_1,jw05959014001_04102_00001-seg002_nis_x1dints.fits,seg002,3,17,60693.941090685315,TDB-MID,2038.2886088276514,0.1445312855896048,2038,0.8522004674063691,2.828497546304791,477,0.9986823445605261,0.9988795542808577
TOI-2076_d,NIRISS_SOSS,obs14,SOSS_HDU3_ordem_1,jw05959014001_04102_00001-seg002_nis_x1dints.fits,seg002,3,18,60693.94116776417,TDB-MID,2041.8349200725022,0.1445371300347986,2038,0.8522004674063691,2.828497546304791,478,1.0004198994942142,1.0006174523293756
TOI-2076_d,NIRISS_SOSS,obs14,SOSS_HDU3_ordem_1,jw05959014001_04102_00001-seg002_nis_x1dints.fits,seg002,3,19,60693.94124484302,TDB-MID,2036.5917085298242,0.1445283861415945,2038,0.8522004674063691,2.828497546304791,479,0.9978509292444712,0.998047974785289
TOI-2076_d,NIRISS_SOSS,obs14,SOSS_HDU3_ordem_1,jw05959014001_04102_00001-seg002_nis_x1dints.fits,seg002,3,20,60693.94132192188,TDB-MID,2040.389563080682,0.1445343151940656,2038,0.8522004674063691,2.828497546304791,480,0.9997117306396828,0.9999091436327988
TOI-2076_d,NIRISS_SOSS,obs14,SOSS_HDU3_ordem_1,jw05959014001_04102_00001-seg002_nis_x1dints.fits,seg002,3,21,60693.94139900074,TDB-MID,2042.7020621593892,0.14453809340935986,2038,0.8522004674063691,2.828497546304791,481,1.00084476547671,1.0010424022101219
TOI-2076_d,NIRISS_SOSS,obs14,SOSS_HDU3_ordem_1,jw05959014001_04102_00001-seg002_nis_x1dints.fits,seg002,3,22,60693.9414760796,TDB-MID,2040.7069407470208,0.14453608346421415,2038,0.8522004674063691,2.828497546304791,482,0.9998672333837778,1.000064677084008
TOI-2076_d,NIRISS_SOSS,obs14,SOSS_HDU3_ordem_1,jw05959014001_04102_00001-seg002_nis_x1dints.fits,seg002,3,23,60693.941553158445,TDB-MID,2040.6464055269648,0.1445362991580422,2038,0.8522004674063691,2.828497546304791,483,0.9998375734743655,1.0000350113176557
TOI-2076_d,NIRISS_SOSS,obs14,SOSS_HDU3_ordem_1,jw05959014001_04102_00001-seg002_nis_x1dints.fits,seg002,3,24,60693.9416302373,TDB-MID,2029.9051749301893,0.144513742158743,2038,0.8522004674063691,2.828497546304791,484,0.994574787179336,0.9947711857806499
TOI-2076_d,NIRISS_SOSS,obs14,SOSS_HDU3_ordem_1,jw05959014001_04102_00001-seg002_nis_x1dints.fits,seg002,3,25,60693.94170731616,TDB-MID,2032.0156369624294,0.14451805821247216,2038,0.8522004674063691,2.828497546304791,485,0.9956088317014588,0.9958054344954593
TOI-2076_d,NIRISS_SOSS,obs14,SOSS_HDU3_ordem_1,jw05959014001_04102_00001-seg002_nis_x1dints.fits,seg002,3,26,60693.94178439502,TDB-MID,2041.285764178191,0.14453869530538496,2038,0.8522004674063691,2.828497546304791,486,1.0001508344100623,1.0003483341129638
TOI-2076_d,NIRISS_SOSS,obs14,SOSS_HDU3_ordem_1,jw05959014001_04102_00001-seg002_nis_x1dints.fits,seg002,3,27,60693.941861473875,TDB-MID,2041.5365455213896,0.1445409168912474,2038,0.8522004674063691,2.828497546304791,487,1.0002737075393695,1.0004712315060176
TOI-2076_d,NIRISS_SOSS,obs14,SOSS_HDU3_ordem_1,jw05959014001_04102_00001-seg002_nis_x1dints.fits,seg002,3,28,60693.94193855272,TDB-MID,2043.9751586130737,0.14454691443059325,2038,0.8522004674063691,2.828497546304791,488,1.0014685333502638,1.0016662932590663
TOI-2076_d,NIRISS_SOSS,obs14,SOSS_HDU3_ordem_1,jw05959014001_04102_00001-seg002_nis_x1dints.fits,seg002,3,29,60693.94201563158,TDB-MID,2036.3254426750827,0.1445316920417251,2038,0.8522004674063691,2.828497546304791,489,0.9977204693052172,0.9979174890841215
TOI-2076_d,NIRISS_SOSS,obs14,SOSS_HDU3_ordem_1,jw05959014001_04102_00001-seg002_nis_x1dints.fits,seg002,3,30,60693.94209271044,TDB-MID,2037.0378931997327,0.14453133486116954,2038,0.8522004674063691,2.828497546304791,490,0.9980695424233514,0.9982666311336956
TOI-2076_d,NIRISS_SOSS,obs14,SOSS_HDU3_ordem_1,jw05959014001_04102_00001-seg002_nis_x1dints.fits,seg002,3,31,60693.9421697893,TDB-MID,2039.0120380883131,0.14453505698664368,2038,0.8522004674063691,2.828497546304791,491,0.9990367968333947,0.9992340765473876
TOI-2076_d,NIRISS_SOSS,obs14,SOSS_HDU3_ordem_1,jw05959014001_04102_00001-seg002_nis_x1dints.fits,seg002,3,32,60693.942246868144,TDB-MID,2035.9031892438165,0.1445242465148958,2038,0.8522004674063691,2.828497546304791,492,0.9975135815048786,0.997710560429666
TOI-2076_d,NIRISS_SOSS,obs14,SOSS_HDU3_ordem_1,jw05959014001_04102_00001-seg002_nis_x1dints.fits,seg002,3,33,60693.942323947005,TDB-MID,2040.541837111006,0.14453626735469563,2038,0.8522004674063691,2.828497546304791,493,0.9997863390071933,0.9999837667332174
TOI-2076_d,NIRISS_SOSS,obs14,SOSS_HDU3_ordem_1,jw05959014001_04102_00001-seg002_nis_x1dints.fits,seg002,3,34,60693.94240102586,TDB-MID,2031.9982300376726,0.1445200262943012,2038,0.8522004674063691,2.828497546304791,494,0.9956003029836156,0.9957969040934509
TOI-2076_d,NIRISS_SOSS,obs14,SOSS_HDU3_ordem_1,jw05959014001_04102_00001-seg002_nis_x1dints.fits,seg002,3,35,60693.94247810471,TDB-MID,2034.9679587229066,0.14452538440047927,2038,0.8522004674063691,2.828497546304791,495,0.9970553548311476,0.9972522432699514
TOI-2076_d,NIRISS_SOSS,obs14,SOSS_HDU3_ordem_1,jw05959014001_04102_00001-seg002_nis_x1dints.fits,seg002,3,36,60693.942555183574,TDB-MID,2045.5920310968659,0.14454878365927568,2038,0.8522004674063691,2.828497546304791,496,1.002260738142056,1.0024586544874736
TOI-2076_d,NIRISS_SOSS,obs14,SOSS_HDU3_ordem_1,jw05959014001_04102_00001-seg002_nis_x1dints.fits,seg002,3,37,60693.94263226243,TDB-MID,2035.2707099667425,0.14452623809846504,2038,0.8522004674063691,2.828497546304791,497,0.9972036911956365,0.99740060892641
TOI-2076_d,NIRISS_SOSS,obs14,SOSS_HDU3_ordem_1,jw05959014001_04102_00001-seg002_nis_x1dints.fits,seg002,3,38,60693.94270934128,TDB-MID,2034.7194202234045,0.14452415213970507,2038,0.8522004674063691,2.828497546304791,498,0.9969335806082426,0.9971304450003006
TOI-2076_d,NIRISS_SOSS,obs14,SOSS_HDU3_ordem_1,jw05959014001_04102_00001-seg002_nis_x1dints.fits,seg002,3,39,60693.942786420135,TDB-MID,2039.5356058941177,0.1445350218567786,2038,0.8522004674063691,2.828497546304791,499,0.9992933247468476,0.9994906551173864
TOI-2076_d,NIRISS_SOSS,obs14,SOSS_HDU3_ordem_1,jw05959014001_04102_00001-seg002_nis_x1dints.fits,seg002,3,40,60693.942863498996,TDB-MID,2040.9836091931581,0.14453617467522303,2038,0.8522004674063691,2.828497546304791,500,1.0000027901892556,1.0002002606578768
TOI-2076_d,NIRISS_SOSS,obs14,SOSS_HDU3_ordem_1,jw05959014001_04102_00001-seg002_nis_x1dints.fits,seg002,3,41,60693.94294057786,TDB-MID,2038.6186725078378,0.1445333501987104,2038,0.8522004674063691,2.828497546304791,501,0.9988440629592628,0.9990413046141133
TOI-2076_d,NIRISS_SOSS,obs14,SOSS_HDU3_ordem_1,jw05959014001_04102_00001-seg002_nis_x1dints.fits,seg002,3,42,60693.943017656704,TDB-MID,2041.6632548809082,0.14453658682173365,2038,0.8522004674063691,2.828497546304791,502,1.0003357902099461,1.000533326436054
TOI-2076_d,NIRISS_SOSS,obs14,SOSS_HDU3_ordem_1,jw05959014001_04102_00001-seg002_nis_x1dints.fits,seg002,3,43,60693.94309473556,TDB-MID,2036.4785905312963,0.14452617332678114,2038,0.8522004674063691,2.828497546304791,503,0.9977955058135142,0.9979925404098715
TOI-2076_d,NIRISS_SOSS,obs14,SOSS_HDU3_ordem_1,jw05959014001_04102_00001-seg002_nis_x1dints.fits,seg002,3,44,60693.94317181442,TDB-MID,2046.9009789395855,0.1445485832608765,2038,0.8522004674063691,2.828497546304791,504,1.0029020718054114,1.0031001147949345
TOI-2076_d,NIRISS_SOSS,obs14,SOSS_HDU3_ordem_1,jw05959014001_04102_00001-seg002_nis_x1dints.fits,seg002,3,45,60693.94324889328,TDB-MID,2041.583958472122,0.14453821431573793,2038,0.8522004674063691,2.828497546304791,505,1.000296938045881,1.0004944665998554
TOI-2076_d,NIRISS_SOSS,obs14,SOSS_HDU3_ordem_1,jw05959014001_04102_00001-seg002_nis_x1dints.fits,seg002,3,46,60693.943325972126,TDB-MID,2031.129871570287,0.14451740700682897,2038,0.8522004674063691,2.828497546304791,506,0.9951748410218639,0.9953713581157608
TOI-2076_d,NIRISS_SOSS,obs14,SOSS_HDU3_ordem_1,jw05959014001_04102_00001-seg002_nis_x1dints.fits,seg002,3,47,60693.94340305098,TDB-MID,2040.189801492968,0.1445402070894793,2038,0.8522004674063691,2.828497546304791,507,0.9996138552112929,0.999811248876956
TOI-2076_d,NIRISS_SOSS,obs14,SOSS_HDU3_ordem_1,jw05959014001_04102_00001-seg002_nis_x1dints.fits,seg002,3,48,60693.94348012984,TDB-MID,2039.5804412614507,0.14453230936185568,2038,0.8522004674063691,2.828497546304791,508,0.9993152923374888,0.999512627045966
TOI-2076_d,NIRISS_SOSS,obs14,SOSS_HDU3_ordem_1,jw05959014001_04102_00001-seg002_nis_x1dints.fits,seg002,3,49,60693.943557208695,TDB-MID,2035.2954535902445,0.14452327177971405,2038,0.8522004674063691,2.828497546304791,509,0.9972158146112435,0.997412734736027
TOI-2076_d,NIRISS_SOSS,obs14,SOSS_HDU3_ordem_1,jw05959014001_04102_00001-seg002_nis_x1dints.fits,seg002,3,50,60693.943634287556,TDB-MID,2044.2264977822583,0.14454422881875612,2038,0.8522004674063691,2.828497546304791,510,1.0015916797926636,1.001789464019184
TOI-2076_d,NIRISS_SOSS,obs14,SOSS_HDU3_ordem_1,jw05959014001_04102_00001-seg002_nis_x1dints.fits,seg002,3,51,60693.9437113664,TDB-MID,2039.9797474364648,0.14453991570612817,2038,0.8522004674063691,2.828497546304791,511,0.9995109368724843,0.9997083102148716
TOI-2076_d,NIRISS_SOSS,obs14,SOSS_HDU3_ordem_1,jw05959014001_04102_00001-seg002_nis_x1dints.fits,seg002,3,52,60693.94378844526,TDB-MID,2040.5964517983693,0.14453850906080337,2038,0.8522004674063691,2.828497546304791,512,0.9998130980852684,1.0000105310954055
TOI-2076_d,NIRISS_SOSS,obs14,SOSS_HDU3_ordem_1,jw05959014001_04102_00001-seg002_nis_x1dints.fits,seg002,3,53,60693.94386552412,TDB-MID,2036.0887051162676,0.1445269565220628,2038,0.8522004674063691,2.828497546304791,513,0.9976044770854408,0.997801473959371
TOI-2076_d,NIRISS_SOSS,obs14,SOSS_HDU3_ordem_1,jw05959014001_04102_00001-seg002_nis_x1dints.fits,seg002,3,54,60693.94394260297,TDB-MID,2044.5048509043618,0.14454421526143293,2038,0.8522004674063691,2.828497546304791,514,1.001728062024009,1.0019258731819174
TOI-2076_d,NIRISS_SOSS,obs14,SOSS_HDU3_ordem_1,jw05959014001_04102_00001-seg002_nis_x1dints.fits,seg002,3,55,60693.944019681825,TDB-MID,2033.9517724683622,0.14452107050799218,2038,0.8522004674063691,2.828497546304791,515,0.9965574629885482,0.9967542531086909
TOI-2076_d,NIRISS_SOSS,obs14,SOSS_HDU3_ordem_1,jw05959014001_04102_00001-seg002_nis_x1dints.fits,seg002,3,56,60693.944096760686,TDB-MID,2047.2062296949528,0.14455079281981034,2038,0.8522004674063691,2.828497546304791,516,1.0030516328335841,1.0032497053569112
TOI-2076_d,NIRISS_SOSS,obs14,SOSS_HDU3_ordem_1,jw05959014001_04102_00001-seg002_nis_x1dints.fits,seg002,3,57,60693.94417383954,TDB-MID,2049.932780119102,0.14455764716690797,2038,0.8522004674063691,2.828497546304791,517,1.0043875367670894,1.0045858730912562
TOI-2076_d,NIRISS_SOSS,obs14,SOSS_HDU3_ordem_1,jw05959014001_04102_00001-seg002_nis_x1dints.fits,seg002,3,58,60693.944250918394,TDB-MID,2044.503291867849,0.14454370393223984,2038,0.8522004674063691,2.828497546304791,518,1.0017272981565994,1.001925109163667
TOI-2076_d,NIRISS_SOSS,obs14,SOSS_HDU3_ordem_1,jw05959014001_04102_00001-seg002_nis_x1dints.fits,seg002,3,59,60693.944327997255,TDB-MID,2046.2698640458023,0.14454764690734895,2038,0.8522004674063691,2.828497546304791,519,1.0025928499910515,1.0027908319185685
TOI-2076_d,NIRISS_SOSS,obs14,SOSS_HDU3_ordem_1,jw05959014001_04102_00001-seg002_nis_x1dints.fits,seg002,3,60,60693.94440507611,TDB-MID,2045.9812174972476,0.14454851819993067,2038,0.8522004674063691,2.828497546304791,520,1.0024514243800702,1.0026493783802835
TOI-2076_d,NIRISS_SOSS,obs14,SOSS_HDU3_ordem_1,jw05959014001_04102_00001-seg002_nis_x1dints.fits,seg002,3,61,60693.94448215496,TDB-MID,2037.7564010410467,0.1445188765308173,2038,0.8522004674063691,2.828497546304791,521,0.9984215833916622,0.9986187416195074
TOI-2076_d,NIRISS_SOSS,obs14,SOSS_HDU3_ordem_1,jw05959014001_04102_00001-seg002_nis_x1dints.fits,seg002,3,62,60693.944559233816,TDB-MID,2047.2255056405527,0.14455021720700295,2038,0.8522004674063691,2.828497546304791,522,1.0030610772991333,1.0032591516874583
TOI-2076_d,NIRISS_SOSS,obs14,SOSS_HDU3_ordem_1,jw05959014001_04102_00001-seg002_nis_x1dints.fits,seg002,3,63,60693.94463631268,TDB-MID,2040.1245455850665,0.14453688480463983,2038,0.8522004674063691,2.828497546304791,523,0.9995818823479715,0.999779269699956
TOI-2076_d,NIRISS_SOSS,obs14,SOSS_HDU3_ordem_1,jw05959014001_04102_00001-seg002_nis_x1dints.fits,seg002,3,64,60693.94471339153,TDB-MID,2033.2581633622883,0.14452257236728108,2038,0.8522004674063691,2.828497546304791,524,0.9962176214345786,0.9964143444462377
TOI-2076_d,NIRISS_SOSS,obs14,SOSS_HDU3_ordem_1,jw05959014001_04102_00001-seg002_nis_x1dints.fits,seg002,3,65,60693.944790470385,TDB-MID,2046.2667987806021,0.1445478355508476,2038,0.8522004674063691,2.828497546304791,525,1.002591348130018,1.0027893297609627
TOI-2076_d,NIRISS_SOSS,obs14,SOSS_HDU3_ordem_1,jw05959014001_04102_00001-seg002_nis_x1dints.fits,seg002,3,66,60693.94486754924,TDB-MID,2044.0927852749276,0.14454146948984728,2038,0.8522004674063691,2.828497546304791,526,1.0015261658513406,1.0017239371408284
TOI-2076_d,NIRISS_SOSS,obs14,SOSS_HDU3_ordem_1,jw05959014001_04102_00001-seg002_nis_x1dints.fits,seg002,3,67,60693.9449446281,TDB-MID,2042.4867340054511,0.14453811259919908,2038,0.8522004674063691,2.828497546304791,527,1.0007392630347627,1.000936878934616
TOI-2076_d,NIRISS_SOSS,obs14,SOSS_HDU3_ordem_1,jw05959014001_04102_00001-seg002_nis_x1dints.fits,seg002,3,68,60693.94502170695,TDB-MID,2041.8017546391623,0.1445366283418532,2038,0.8522004674063691,2.828497546304791,528,1.000403649718504,1.0006011993448234
TOI-2076_d,NIRISS_SOSS,obs14,SOSS_HDU3_ordem_1,jw05959014001_04102_00001-seg002_nis_x1dints.fits,seg002,3,69,60693.94509878581,TDB-MID,2037.6354794162282,0.14452878176948467,2038,0.8522004674063691,2.828497546304791,529,0.9983623364865583,0.9985594830149219
TOI-2076_d,NIRISS_SOSS,obs14,SOSS_HDU3_ordem_1,jw05959014001_04102_00001-seg002_nis_x1dints.fits,seg002,3,70,60693.94517586466,TDB-MID,2043.236959807389,0.1445434018386238,2038,0.8522004674063691,2.828497546304791,530,1.0011068445733065,1.001304533059456
TOI-2076_d,NIRISS_SOSS,obs14,SOSS_HDU3_ordem_1,jw05959014001_04102_00001-seg002_nis_x1dints.fits,seg002,3,71,60693.94525294352,TDB-MID,2039.2718744946174,0.1445330123533452,2038,0.8522004674063691,2.828497546304791,531,0.9991641065923397,0.9993614114461802
TOI-2076_d,NIRISS_SOSS,obs14,SOSS_HDU3_ordem_1,jw05959014001_04102_00001-seg002_nis_x1dints.fits,seg002,3,72,60693.945330022376,TDB-MID,2040.7269021164118,0.14453476905222198,2038,0.8522004674063691,2.828497546304791,532,0.9998770136803942,1.0000744593119386
TOI-2076_d,NIRISS_SOSS,obs14,SOSS_HDU3_ordem_1,jw05959014001_04102_00001-seg002_nis_x1dints.fits,seg002,3,73,60693.94540710123,TDB-MID,2038.4852191092994,0.1445313465296733,2038,0.8522004674063691,2.828497546304791,533,0.998778675971196,0.9989759047140835
TOI-2076_d,NIRISS_SOSS,obs14,SOSS_HDU3_ordem_1,jw05959014001_04102_00001-seg002_nis_x1dints.fits,seg002,3,74,60693.94548418008,TDB-MID,2036.2943900484452,0.14452627588993336,2038,0.8522004674063691,2.828497546304791,534,0.9977052547228265,0.9979022714973084
TOI-2076_d,NIRISS_SOSS,obs14,SOSS_HDU3_ordem_1,jw05959014001_04102_00001-seg002_nis_x1dints.fits,seg002,3,75,60693.945561258945,TDB-MID,2040.7593824797736,0.1445347809167104,2038,0.8522004674063691,2.828497546304791,535,0.999892927798392,1.000090376572496
TOI-2076_d,NIRISS_SOSS,obs14,SOSS_HDU3_ordem_1,jw05959014001_04102_00001-seg002_nis_x1dints.fits,seg002,3,76,60693.9456383378,TDB-MID,2039.2387097931319,0.14453524075267055,2038,0.8522004674063691,2.828497546304791,536,0.9991478571752097,0.9993451588202791
TOI-2076_d,NIRISS_SOSS,obs14,SOSS_HDU3_ordem_1,jw05959014001_04102_00001-seg002_nis_x1dints.fits,seg002,3,77,60693.945715416645,TDB-MID,2040.5838022732328,0.14453621568334907,2038,0.8522004674063691,2.828497546304791,537,0.9998069003086797,1.0000043320949423
TOI-2076_d,NIRISS_SOSS,obs14,SOSS_HDU3_ordem_1,jw05959014001_04102_00001-seg002_nis_x1dints.fits,seg002,3,78,60693.945792495506,TDB-MID,2042.6224849148311,0.14453944556050394,2038,0.8522004674063691,2.828497546304791,538,1.0008057757140116,1.0010034047481184
TOI-2076_d,NIRISS_SOSS,obs14,SOSS_HDU3_ordem_1,jw05959014001_04102_00001-seg002_nis_x1dints.fits,seg002,3,79,60693.94586957437,TDB-MID,2038.2606178101285,0.14453036501379823,2038,0.8522004674063691,2.828497546304791,539,0.9986686300478288,0.9988658370599568
TOI-2076_d,NIRISS_SOSS,obs14,SOSS_HDU3_ordem_1,jw05959014001_04102_00001-seg002_nis_x1dints.fits,seg002,3,80,60693.94594665322,TDB-MID,2044.463500170213,0.14454281871207203,2038,0.8522004674063691,2.828497546304791,540,1.0017078017684447,1.001905608925562
TOI-2076_d,NIRISS_SOSS,obs14,SOSS_HDU3_ordem_1,jw05959014001_04102_00001-seg002_nis_x1dints.fits,seg002,3,81,60693.946023732075,TDB-MID,2041.79768355622,0.14454297180694542,2038,0.8522004674063691,2.828497546304791,541,1.0004016550457966,1.0005992042782283
TOI-2076_d,NIRISS_SOSS,obs14,SOSS_HDU3_ordem_1,jw05959014001_04102_00001-seg002_nis_x1dints.fits,seg002,3,82,60693.94610081093,TDB-MID,2045.1386930793783,0.14454725411404448,2038,0.8522004674063691,2.828497546304791,542,1.0020386201003704,1.0022364925841567
TOI-2076_d,NIRISS_SOSS,obs14,SOSS_HDU3_ordem_1,jw05959014001_04102_00001-seg002_nis_x1dints.fits,seg002,3,83,60693.94617788979,TDB-MID,2040.3923929030725,0.14453711484597523,2038,0.8522004674063691,2.828497546304791,543,0.9997131171428735,0.9999105304097822
TOI-2076_d,NIRISS_SOSS,obs14,SOSS_HDU3_ordem_1,jw05959014001_04102_00001-seg002_nis_x1dints.fits,seg002,3,84,60693.94625496864,TDB-MID,2035.388576403698,0.14452621398311097,2038,0.8522004674063691,2.828497546304791,544,0.9972614411772112,0.9974583703118688
TOI-2076_d,NIRISS_SOSS,obs14,SOSS_HDU3_ordem_1,jw05959014001_04102_00001-seg002_nis_x1dints.fits,seg002,3,85,60693.9463320475,TDB-MID,2048.020162912592,0.14455322448024385,2038,0.8522004674063691,2.828497546304791,545,1.0034504285343435,1.003648579807825
TOI-2076_d,NIRISS_SOSS,obs14,SOSS_HDU3_ordem_1,jw05959014001_04102_00001-seg002_nis_x1dints.fits,seg002,3,86,60693.94640912635,TDB-MID,2038.9128279654424,0.1445324267521876,2038,0.8522004674063691,2.828497546304791,546,0.9989881877219648,0.9991854578371205
TOI-2076_d,NIRISS_SOSS,obs14,SOSS_HDU3_ordem_1,jw05959014001_04102_00001-seg002_nis_x1dints.fits,seg002,3,87,60693.94648620521,TDB-MID,2038.2132389035107,0.14453359930888532,2038,0.8522004674063691,2.828497546304791,547,0.9986454162216126,0.9988426186497084
TOI-2076_d,NIRISS_SOSS,obs14,SOSS_HDU3_ordem_1,jw05959014001_04102_00001-seg002_nis_x1dints.fits,seg002,3,88,60693.946563284066,TDB-MID,2036.6534141510742,0.14453030483341422,2038,0.8522004674063691,2.828497546304791,548,0.9978811626050638,0.9980782141160608
TOI-2076_d,NIRISS_SOSS,obs14,SOSS_HDU3_ordem_1,jw05959014001_04102_00001-seg002_nis_x1dints.fits,seg002,3,89,60693.94664036292,TDB-MID,2042.7091962634468,0.14454202477636358,2038,0.8522004674063691,2.828497546304791,549,1.0008482609109364,1.0010458983345913
TOI-2076_d,NIRISS_SOSS,obs14,SOSS_HDU3_ordem_1,jw05959014001_04102_00001-seg002_nis_x1dints.fits,seg002,3,90,60693.94671744178,TDB-MID,2046.748064920307,0.14454860878801903,2038,0.8522004674063691,2.828497546304791,550,1.002827149868141,1.0030251780628354
TOI-2076_d,NIRISS_SOSS,obs14,SOSS_HDU3_ordem_1,jw05959014001_04102_00001-seg002_nis_x1dints.fits,seg002,3,91,60693.94679452063,TDB-MID,2040.3424718767153,0.14453663354597568,2038,0.8522004674063691,2.828497546304791,551,0.9996886577766044,0.9998860662135242
TOI-2076_d,NIRISS_SOSS,obs14,SOSS_HDU3_ordem_1,jw05959014001_04102_00001-seg002_nis_x1dints.fits,seg002,3,92,60693.94687159949,TDB-MID,2037.625537555457,0.14452819856335766,2038,0.8522004674063691,2.828497546304791,552,0.9983574653604668,0.9985546109269297
TOI-2076_d,NIRISS_SOSS,obs14,SOSS_HDU3_ordem_1,jw05959014001_04102_00001-seg002_nis_x1dints.fits,seg002,3,93,60693.94694867834,TDB-MID,2041.382723994819,0.14453762691620842,2038,0.8522004674063691,2.828497546304791,553,1.000198340958732,1.0003958500427477
TOI-2076_d,NIRISS_SOSS,obs14,SOSS_HDU3_ordem_1,jw05959014001_04102_00001-seg002_nis_x1dints.fits,seg002,3,94,60693.9470257572,TDB-MID,2041.7338307557093,0.1445381815237159,2038,0.8522004674063691,2.828497546304791,554,1.0003703696506643,1.0005679127051716
TOI-2076_d,NIRISS_SOSS,obs14,SOSS_HDU3_ordem_1,jw05959014001_04102_00001-seg002_nis_x1dints.fits,seg002,3,95,60693.94710283605,TDB-MID,2039.6845737102406,0.14453303718351795,2038,0.8522004674063691,2.828497546304791,555,0.9993663131976613,0.9995636579812236
TOI-2076_d,NIRISS_SOSS,obs14,SOSS_HDU3_ordem_1,jw05959014001_04102_00001-seg002_nis_x1dints.fits,seg002,3,96,60693.9471799149,TDB-MID,2046.9767139916617,0.1445499814244496,2038,0.8522004674063691,2.828497546304791,556,1.0029391790428483,1.0031372293599348
TOI-2076_d,NIRISS_SOSS,obs14,SOSS_HDU3_ordem_1,jw05959014001_04102_00001-seg002_nis_x1dints.fits,seg002,3,97,60693.947256993764,TDB-MID,2043.6913139043374,0.144544149399048,2038,0.8522004674063691,2.828497546304791,557,1.0013294604545098,1.001527192900599
TOI-2076_d,NIRISS_SOSS,obs14,SOSS_HDU3_ordem_1,jw05959014001_04102_00001-seg002_nis_x1dints.fits,seg002,3,98,60693.947334072625,TDB-MID,2040.153493170239,0.1445322267972305,2038,0.8522004674063691,2.828497546304791,558,0.9995960655417078,0.9997934556944464
TOI-2076_d,NIRISS_SOSS,obs14,SOSS_HDU3_ordem_1,jw05959014001_04102_00001-seg002_nis_x1dints.fits,seg002,3,99,60693.94741115147,TDB-MID,2038.2399211134789,0.14452969901292842,2038,0.8522004674063691,2.828497546304791,559,0.9986584894693822,0.998855694479051
TOI-2076_d,NIRISS_SOSS,obs14,SOSS_HDU3_ordem_1,jw05959014001_04102_00001-seg002_nis_x1dints.fits,seg002,3,100,60693.947488230326,TDB-MID,2040.3116226063617,0.14453549270204605,2038,0.8522004674063691,2.828497546304791,560,0.9996735428309038,0.9998709482830763
TOI-2076_d,NIRISS_SOSS,obs14,SOSS_HDU3_ordem_1,jw05959014001_04102_00001-seg002_nis_x1dints.fits,seg002,3,101,60693.94756530919,TDB-MID,2046.4180015048603,0.14454851398498247,2038,0.8522004674063691,2.828497546304791,561,1.0026654315991166,1.0028634278593178
TOI-2076_d,NIRISS_SOSS,obs14,SOSS_HDU3_ordem_1,jw05959014001_04102_00001-seg002_nis_x1dints.fits,seg002,3,102,60693.94764238805,TDB-MID,2046.6403642114465,0.14454743886539473,2038,0.8522004674063691,2.828497546304791,562,1.0027743806989617,1.0029723984733327
TOI-2076_d,NIRISS_SOSS,obs14,SOSS_HDU3_ordem_1,jw05959014001_04102_00001-seg002_nis_x1dints.fits,seg002,3,103,60693.9477194669,TDB-MID,2040.770822326824,0.14453854784024664,2038,0.8522004674063691,2.828497546304791,563,0.9998985328796469,1.000095982760586
TOI-2076_d,NIRISS_SOSS,obs14,SOSS_HDU3_ordem_1,jw05959014001_04102_00001-seg002_nis_x1dints.fits,seg002,3,104,60693.94779654575,TDB-MID,2038.4389742464846,0.14452972214556192,2038,0.8522004674063691,2.828497546304791,564,0.9987560177824489,0.9989532420510258
TOI-2076_d,NIRISS_SOSS,obs14,SOSS_HDU3_ordem_1,jw05959014001_04102_00001-seg002_nis_x1dints.fits,seg002,3,105,60693.94787362461,TDB-MID,2038.3500611755576,0.14453042367587837,2038,0.8522004674063691,2.828497546304791,565,0.9987124538270057,0.9989096694930119
TOI-2076_d,NIRISS_SOSS,obs14,SOSS_HDU3_ordem_1,jw05959014001_04102_00001-seg002_nis_x1dints.fits,seg002,3,106,60693.94795070347,TDB-MID,2041.4741099571938,0.14454164322271285,2038,0.8522004674063691,2.828497546304791,566,1.000243116535051,1.000440634460896
TOI-2076_d,NIRISS_SOSS,obs14,SOSS_HDU3_ordem_1,jw05959014001_04102_00001-seg002_nis_x1dints.fits,seg002,3,107,60693.948027782324,TDB-MID,2043.3734793719595,0.1445411367818514,2038,0.8522004674063691,2.828497546304791,567,1.0011737338637794,1.0013714355585517
TOI-2076_d,NIRISS_SOSS,obs14,SOSS_HDU3_ordem_1,jw05959014001_04102_00001-seg002_nis_x1dints.fits,seg002,3,108,60693.94810486117,TDB-MID,2041.1807242207997,0.1445391034467605,2038,0.8522004674063691,2.828497546304791,568,1.0000993689058812,1.0002968584458938
TOI-2076_d,NIRISS_SOSS,obs14,SOSS_HDU3_ordem_1,jw05959014001_04102_00001-seg002_nis_x1dints.fits,seg002,3,109,60693.94818194003,TDB-MID,2041.1465160217576,0.14453835268226448,2038,0.8522004674063691,2.828497546304791,569,1.0000826082154302,1.0002800944457104
TOI-2076_d,NIRISS_SOSS,obs14,SOSS_HDU3_ordem_1,jw05959014001_04102_00001-seg002_nis_x1dints.fits,seg002,3,110,60693.948259018885,TDB-MID,2039.4275046505163,0.1445334099376033,2038,0.8522004674063691,2.828497546304791,570,0.9992403593311836,0.9994376792426461
TOI-2076_d,NIRISS_SOSS,obs14,SOSS_HDU3_ordem_1,jw05959014001_04102_00001-seg002_nis_x1dints.fits,seg002,3,111,60693.94833609775,TDB-MID,2040.3281298077468,0.1445363244231155,2038,0.8522004674063691,2.828497546304791,571,0.9996816307191989,0.9998790377684861
TOI-2076_d,NIRISS_SOSS,obs14,SOSS_HDU3_ordem_1,jw05959014001_04102_00001-seg002_nis_x1dints.fits,seg002,3,112,60693.94841317659,TDB-MID,2036.9849081871298,0.14453125959425575,2038,0.8522004674063691,2.828497546304791,572,0.9980435818226868,0.9982406654065934
TOI-2076_d,NIRISS_SOSS,obs14,SOSS_HDU3_ordem_1,jw05959014001_04102_00001-seg002_nis_x1dints.fits,seg002,3,113,60693.948490255454,TDB-MID,2042.4373143772564,0.14454226891834915,2038,0.8522004674063691,2.828497546304791,573,1.000715049334142,1.0009126604525178
TOI-2076_d,NIRISS_SOSS,obs14,SOSS_HDU3_ordem_1,jw05959014001_04102_00001-seg002_nis_x1dints.fits,seg002,3,114,60693.94856733431,TDB-MID,2037.302360759959,0.14453133166815765,2038,0.8522004674063691,2.828497546304791,574,0.9981991212680562,0.9983962355663242
TOI-2076_d,NIRISS_SOSS,obs14,SOSS_HDU3_ordem_1,jw05959014001_04102_00001-seg002_nis_x1dints.fits,seg002,3,115,60693.94864441317,TDB-MID,2047.3252328556903,0.14457928968547254,2038,0.8522004674063691,2.828497546304791,575,1.0031099397657137,1.003308023802906
TOI-2076_d,NIRISS_SOSS,obs14,SOSS_HDU3_ordem_1,jw05959014001_04102_00001-seg002_nis_x1dints.fits,seg002,3,116,60693.94872149202,TDB-MID,2040.58567358241,0.14453376894171865,2038,0.8522004674063691,2.828497546304791,576,0.9998078171775805,1.0000052491448972
TOI-2076_d,NIRISS_SOSS,obs14,SOSS_HDU3_ordem_1,jw05959014001_04102_00001-seg002_nis_x1dints.fits,seg002,3,117,60693.94879857088,TDB-MID,2041.0957450093288,0.1445382341596262,2038,0.8522004674063691,2.828497546304791,577,1.0000577323889606,1.0002552137070135
TOI-2076_d,NIRISS_SOSS,obs14,SOSS_HDU3_ordem_1,jw05959014001_04102_00001-seg002_nis_x1dints.fits,seg002,3,118,60693.94887564973,TDB-MID,2042.2911387419708,0.14455184483747455,2038,0.8522004674063691,2.828497546304791,578,1.000643428943618,1.0008410259191214
TOI-2076_d,NIRISS_SOSS,obs14,SOSS_HDU3_ordem_1,jw05959014001_04102_00001-seg002_nis_x1dints.fits,seg002,3,119,60693.948952728584,TDB-MID,2041.7695719197561,0.14454158334535125,2038,0.8522004674063691,2.828497546304791,579,1.0003878814344975,1.0005854279470554
TOI-2076_d,NIRISS_SOSS,obs14,SOSS_HDU3_ordem_1,jw05959014001_04102_00001-seg002_nis_x1dints.fits,seg002,3,120,60693.949029807445,TDB-MID,2043.6780569523282,0.14455775404573645,2038,0.8522004674063691,2.828497546304791,580,1.001322965062318,1.0015206962257628
TOI-2076_d,NIRISS_SOSS,obs14,SOSS_HDU3_ordem_1,jw05959014001_04102_00001-seg002_nis_x1dints.fits,seg002,3,121,60693.9491068863,TDB-MID,2038.5450761939792,0.14453103836017053,2038,0.8522004674063691,2.828497546304791,581,0.9988080036205818,0.9990052381547977
TOI-2076_d,NIRISS_SOSS,obs14,SOSS_HDU3_ordem_1,jw05959014001_04102_00001-seg002_nis_x1dints.fits,seg002,3,122,60693.94918396515,TDB-MID,2033.5299622436419,0.14452243848414897,2038,0.8522004674063691,2.828497546304791,582,0.9963507923422231,0.9965475416511304
TOI-2076_d,NIRISS_SOSS,obs14,SOSS_HDU3_ordem_1,jw05959014001_04102_00001-seg002_nis_x1dints.fits,seg002,3,123,60693.94926104401,TDB-MID,2041.436572828136,0.14454124820668562,2038,0.8522004674063691,2.828497546304791,583,1.0002247247980354,1.0004222390920656
TOI-2076_d,NIRISS_SOSS,obs14,SOSS_HDU3_ordem_1,jw05959014001_04102_00001-seg002_nis_x1dints.fits,seg002,3,124,60693.94933812287,TDB-MID,2040.804004059817,0.14453664752214807,2038,0.8522004674063691,2.828497546304791,584,0.999914790641555,1.0001122437329129
TOI-2076_d,NIRISS_SOSS,obs14,SOSS_HDU3_ordem_1,jw05959014001_04102_00001-seg002_nis_x1dints.fits,seg002,3,125,60693.94941520172,TDB-MID,2045.5737291756864,0.14454527279234744,2038,0.8522004674063691,2.828497546304791,585,1.0022517709106864,1.0024496854853455
TOI-2076_d,NIRISS_SOSS,obs14,SOSS_HDU3_ordem_1,jw05959014001_04102_00001-seg002_nis_x1dints.fits,seg002,3,126,60693.949492280575,TDB-MID,2039.4614107307104,0.14453430861412572,2038,0.8522004674063691,2.828497546304791,586,0.9992569719951196,0.9994542951870836
TOI-2076_d,NIRISS_SOSS,obs14,SOSS_HDU3_ordem_1,jw05959014001_04102_00001-seg002_nis_x1dints.fits,seg002,3,127,60693.94956935943,TDB-MID,2049.651119905514,0.14455495473344318,2038,0.8522004674063691,2.828497546304791,587,1.0042495341892124,1.0044478432620216
TOI-2076_d,NIRISS_SOSS,obs14,SOSS_HDU3_ordem_1,jw05959014001_04102_00001-seg002_nis_x1dints.fits,seg002,3,128,60693.94964643829,TDB-MID,2038.7052189062824,0.14453638100614521,2038,0.8522004674063691,2.828497546304791,588,0.9988864673370028,0.9990837173654423
TOI-2076_d,NIRISS_SOSS,obs14,SOSS_HDU3_ordem_1,jw05959014001_04102_00001-seg002_nis_x1dints.fits,seg002,3,129,60693.94972351715,TDB-MID,2041.21324167565,0.1445427157768881,2038,0.8522004674063691,2.828497546304791,589,1.0001153011972694,1.0003127938834302
TOI-2076_d,NIRISS_SOSS,obs14,SOSS_HDU3_ordem_1,jw05959014001_04102_00001-seg002_nis_x1dints.fits,seg002,3,130,60693.949800596,TDB-MID,2036.81810616364,0.14452685611028718,2038,0.8522004674063691,2.828497546304791,590,0.9979618553021271,0.9981589227475043
TOI-2076_d,NIRISS_SOSS,obs14,SOSS_HDU3_ordem_1,jw05959014001_04102_00001-seg002_nis_x1dints.fits,seg002,3,131,60693.94987767485,TDB-MID,2038.6703107986211,0.14453155853166297,2038,0.8522004674063691,2.828497546304791,591,0.9988693637184807,0.9990666103694701
TOI-2076_d,NIRISS_SOSS,obs14,SOSS_HDU3_ordem_1,jw05959014001_04102_00001-seg002_nis_x1dints.fits,seg002,3,132,60693.94995475371,TDB-MID,2041.6889983545902,0.14453964347500564,2038,0.8522004674063691,2.828497546304791,592,1.000348403513353,1.0005459422302088
TOI-2076_d,NIRISS_SOSS,obs14,SOSS_HDU3_ordem_1,jw05959014001_04102_00001-seg002_nis_x1dints.fits,seg002,3,133,60693.950031832566,TDB-MID,2049.2887996159516,0.14455282412239837,2038,0.8522004674063691,2.828497546304791,593,1.0040720113032506,1.0042702853206302
TOI-2076_d,NIRISS_SOSS,obs14,SOSS_HDU3_ordem_1,jw05959014001_04102_00001-seg002_nis_x1dints.fits,seg002,3,134,60693.95010891142,TDB-MID,2049.1334885439674,0.14455274826541992,2038,0.8522004674063691,2.828497546304791,594,1.0039959149031463,1.004194173893776
TOI-2076_d,NIRISS_SOSS,obs14,SOSS_HDU3_ordem_1,jw05959014001_04102_00001-seg002_nis_x1dints.fits,seg002,3,135,60693.950185990274,TDB-MID,2036.5769800835271,0.14452542236117538,2038,0.8522004674063691,2.828497546304791,595,0.9978437128771638,0.9980407569929661
TOI-2076_d,NIRISS_SOSS,obs14,SOSS_HDU3_ordem_1,jw05959014001_04102_00001-seg002_nis_x1dints.fits,seg002,3,136,60693.950263069135,TDB-MID,2039.2053540894153,0.14457951633470303,2038,0.8522004674063691,2.828497546304791,596,0.9991315141743963,0.9993288125922146
TOI-2076_d,NIRISS_SOSS,obs14,SOSS_HDU3_ordem_1,jw05959014001_04102_00001-seg002_nis_x1dints.fits,seg002,3,137,60693.95034014799,TDB-MID,2042.1539407438254,0.1445401889874597,2038,0.8522004674063691,2.828497546304791,597,1.0005762072470126,1.000773790948253
TOI-2076_d,NIRISS_SOSS,obs14,SOSS_HDU3_ordem_1,jw05959014001_04102_00001-seg002_nis_x1dints.fits,seg002,3,138,60693.950417226835,TDB-MID,2041.1682096480474,0.1445390484305324,2038,0.8522004674063691,2.828497546304791,598,1.0000932372507254,1.0002907255799205
TOI-2076_d,NIRISS_SOSS,obs14,SOSS_HDU3_ordem_1,jw05959014001_04102_00001-seg002_nis_x1dints.fits,seg002,3,139,60693.950494305696,TDB-MID,2039.1443046758718,0.14453320738768438,2038,0.8522004674063691,2.828497546304791,599,0.9991016023301228,0.9992988948412517
TOI-2076_d,NIRISS_SOSS,obs14,SOSS_HDU3_ordem_1,jw05959014001_04102_00001-seg002_nis_x1dints.fits,seg002,3,140,60693.95057138456,TDB-MID,2041.7685052486902,0.14453831169530054,2038,0.8522004674063691,2.828497546304791,600,1.000387358807056,1.0005849052164106
TOI-2076_d,NIRISS_SOSS,obs14,SOSS_HDU3_ordem_1,jw05959014001_04102_00001-seg002_nis_x1dints.fits,seg002,3,141,60693.95064846341,TDB-MID,2033.8431971706923,0.14452333523094113,2038,0.8522004674063691,2.828497546304791,601,0.9965042653047812,0.9967010449199817
TOI-2076_d,NIRISS_SOSS,obs14,SOSS_HDU3_ordem_1,jw05959014001_04102_00001-seg002_nis_x1dints.fits,seg002,3,142,60693.95072554226,TDB-MID,2033.454979536612,0.1445206466153423,2038,0.8522004674063691,2.828497546304791,602,0.9963140537246723,0.9965107957788076
TOI-2076_d,NIRISS_SOSS,obs14,SOSS_HDU3_ordem_1,jw05959014001_04102_00001-seg002_nis_x1dints.fits,seg002,3,143,60693.95080262112,TDB-MID,2045.8148157170972,0.14454676417536422,2038,0.8522004674063691,2.828497546304791,603,1.0023698939632195,1.0025678318636282
TOI-2076_d,NIRISS_SOSS,obs14,SOSS_HDU3_ordem_1,jw05959014001_04102_00001-seg002_nis_x1dints.fits,seg002,3,144,60693.95087969998,TDB-MID,2048.7841883979922,0.1445550038761827,2038,0.8522004674063691,2.828497546304791,604,1.0038247713824364,1.004022996577369
TOI-2076_d,NIRISS_SOSS,obs14,SOSS_HDU3_ordem_1,jw05959014001_04102_00001-seg002_nis_x1dints.fits,seg002,3,145,60693.950956778834,TDB-MID,2038.6403566079357,0.14453315553146198,2038,0.8522004674063691,2.828497546304791,605,0.9988546873270935,0.9990519310799372
TOI-2076_d,NIRISS_SOSS,obs14,SOSS_HDU3_ordem_1,jw05959014001_04102_00001-seg002_nis_x1dints.fits,seg002,3,146,60693.95103385768,TDB-MID,2038.0676699111095,0.14453189604134634,2038,0.8522004674063691,2.828497546304791,606,0.9985740930625678,0.9987712814064852
TOI-2076_d,NIRISS_SOSS,obs14,SOSS_HDU3_ordem_1,jw05959014001_04102_00001-seg002_nis_x1dints.fits,seg002,3,147,60693.95111093654,TDB-MID,2040.0834596005698,0.1445348356750597,2038,0.8522004674063691,2.828497546304791,607,0.9995617518094658,0.9997591351862746
TOI-2076_d,NIRISS_SOSS,obs14,SOSS_HDU3_ordem_1,jw05959014001_04102_00001-seg002_nis_x1dints.fits,seg002,3,148,60693.9511880154,TDB-MID,2043.0929290733438,0.14454169416092524,2038,0.8522004674063691,2.828497546304791,608,1.0010362751011805,1.0012339496519824
TOI-2076_d,NIRISS_SOSS,obs14,SOSS_HDU3_ordem_1,jw05959014001_04102_00001-seg002_nis_x1dints.fits,seg002,3,149,60693.951265094256,TDB-MID,2041.12112047246,0.1445349248156936,2038,0.8522004674063691,2.828497546304791,609,1.000070165381474,1.0002676491546691
TOI-2076_d,NIRISS_SOSS,obs14,SOSS_HDU3_ordem_1,jw05959014001_04102_00001-seg002_nis_x1dints.fits,seg002,3,150,60693.95134217311,TDB-MID,2036.711115495083,0.14452822554590122,2038,0.8522004674063691,2.828497546304791,610,0.997909434025151,0.9981064911189029
TOI-2076_d,NIRISS_SOSS,obs14,SOSS_HDU3_ordem_1,jw05959014001_04102_00001-seg002_nis_x1dints.fits,seg002,3,151,60693.951419251964,TDB-MID,2040.1204940500156,0.1445362399169665,2038,0.8522004674063691,2.828497546304791,611,0.9995798972529726,0.9997772842129606
TOI-2076_d,NIRISS_SOSS,obs14,SOSS_HDU3_ordem_1,jw05959014001_04102_00001-seg002_nis_x1dints.fits,seg002,3,152,60693.95149633082,TDB-MID,2035.559298201531,0.14452577613147838,2038,0.8522004674063691,2.828497546304791,612,0.9973450882351347,0.99754203388757
TOI-2076_d,NIRISS_SOSS,obs14,SOSS_HDU3_ordem_1,jw05959014001_04102_00001-seg002_nis_x1dints.fits,seg002,3,153,60693.95157340968,TDB-MID,2037.912439584774,0.14453009745213444,2038,0.8522004674063691,2.828497546304791,613,0.9984980362246989,0.9986952095496787
TOI-2076_d,NIRISS_SOSS,obs14,SOSS_HDU3_ordem_1,jw05959014001_04102_00001-seg002_nis_x1dints.fits,seg002,3,154,60693.95165048853,TDB-MID,2041.4587485474829,0.14453874469154906,2038,0.8522004674063691,2.828497546304791,614,1.0002355900402262,1.0004331064798149
TOI-2076_d,NIRISS_SOSS,obs14,SOSS_HDU3_ordem_1,jw05959014001_04102_00001-seg002_nis_x1dints.fits,seg002,3,155,60693.951727567386,TDB-MID,2040.5537266974602,0.14453462784837248,2038,0.8522004674063691,2.828497546304791,615,0.9997921644433089,0.9999895933196814
TOI-2076_d,NIRISS_SOSS,obs14,SOSS_HDU3_ordem_1,jw05959014001_04102_00001-seg002_nis_x1dints.fits,seg002,3,156,60693.95180464624,TDB-MID,2048.073221111181,0.14455322337822524,2038,0.8522004674063691,2.828497546304791,616,1.0034764249933021,1.003674581400302
TOI-2076_d,NIRISS_SOSS,obs14,SOSS_HDU3_ordem_1,jw05959014001_04102_00001-seg002_nis_x1dints.fits,seg002,3,157,60693.951881725094,TDB-MID,2034.847271819826,0.14455107656447258,2038,0.8522004674063691,2.828497546304791,617,0.9969962229305892,0.9971930996926216
TOI-2076_d,NIRISS_SOSS,obs14,SOSS_HDU3_ordem_1,jw05959014001_04102_00001-seg002_nis_x1dints.fits,seg002,3,158,60693.951958803955,TDB-MID,2047.4739198951363,0.14455136939408708,2038,0.8522004674063691,2.828497546304791,618,1.0031827906468482,1.003380889069898
TOI-2076_d,NIRISS_SOSS,obs14,SOSS_HDU3_ordem_1,jw05959014001_04102_00001-seg002_nis_x1dints.fits,seg002,3,159,60693.95203588281,TDB-MID,2030.1303932285173,0.144513780432318,2038,0.8522004674063691,2.828497546304791,619,0.9946851354083542,0.9948815558001238
TOI-2076_d,NIRISS_SOSS,obs14,SOSS_HDU3_ordem_1,jw05959014001_04102_00001-seg002_nis_x1dints.fits,seg002,3,160,60693.95211296166,TDB-MID,2044.8456849723314,0.1445652019033084,2038,0.8522004674063691,2.828497546304791,620,1.001895057494931,1.0020929016294213
TOI-2076_d,NIRISS_SOSS,obs14,SOSS_HDU3_ordem_1,jw05959014001_04102_00001-seg002_nis_x1dints.fits,seg002,3,161,60693.952190040516,TDB-MID,2038.6039931919993,0.14453160965819342,2038,0.8522004674063691,2.828497546304791,621,0.9988368706639741,0.9990341108985628
TOI-2076_d,NIRISS_SOSS,obs14,SOSS_HDU3_ordem_1,jw05959014001_04102_00001-seg002_nis_x1dints.fits,seg002,3,162,60693.95226711938,TDB-MID,2046.4465130839121,0.1445559422346142,2038,0.8522004674063691,2.828497546304791,622,1.0026794011667681,1.0028774001855387
TOI-2076_d,NIRISS_SOSS,obs14,SOSS_HDU3_ordem_1,jw05959014001_04102_00001-seg002_nis_x1dints.fits,seg002,3,163,60693.95234419823,TDB-MID,2036.1556065603913,0.14452700506502042,2038,0.8522004674063691,2.828497546304791,623,0.9976372561976737,0.9978342595444926
TOI-2076_d,NIRISS_SOSS,obs14,SOSS_HDU3_ordem_1,jw05959014001_04102_00001-seg002_nis_x1dints.fits,seg002,3,164,60693.952421277085,TDB-MID,2040.5410640064774,0.1445343578045935,2038,0.8522004674063691,2.828497546304791,624,0.9997859602159662,0.9999833878671905
TOI-2076_d,NIRISS_SOSS,obs14,SOSS_HDU3_ordem_1,jw05959014001_04102_00001-seg002_nis_x1dints.fits,seg002,3,165,60693.95249835594,TDB-MID,2035.2070670854532,0.14452544798501737,2038,0.8522004674063691,2.828497546304791,625,0.9971725086527791,0.9973694202259384
TOI-2076_d,NIRISS_SOSS,obs14,SOSS_HDU3_ordem_1,jw05959014001_04102_00001-seg002_nis_x1dints.fits,seg002,3,166,60693.9525754348,TDB-MID,2036.7719309760826,0.1445297778758857,2038,0.8522004674063691,2.828497546304791,626,0.997939231251553,0.9981362942293609
TOI-2076_d,NIRISS_SOSS,obs14,SOSS_HDU3_ordem_1,jw05959014001_04102_00001-seg002_nis_x1dints.fits,seg002,3,167,60693.95265251365,TDB-MID,2041.0229753651938,0.14453638582168934,2038,0.8522004674063691,2.828497546304791,627,1.0000220780863742,1.000219552363775
TOI-2076_d,NIRISS_SOSS,obs14,SOSS_HDU3_ordem_1,jw05959014001_04102_00001-seg002_nis_x1dints.fits,seg002,3,168,60693.95272959251,TDB-MID,2028.8875409784207,0.1445110887875551,2038,0.8522004674063691,2.828497546304791,628,0.9940761860212589,0.9942724861638433
TOI-2076_d,NIRISS_SOSS,obs14,SOSS_HDU3_ordem_1,jw05959014001_04102_00001-seg002_nis_x1dints.fits,seg002,3,169,60693.95280667136,TDB-MID,2039.9970390783687,0.14453443223624476,2038,0.8522004674063691,2.828497546304791,629,0.9995194091062019,0.9997167841216005
TOI-2076_d,NIRISS_SOSS,obs14,SOSS_HDU3_ordem_1,jw05959014001_04102_00001-seg002_nis_x1dints.fits,seg002,3,170,60693.95288375022,TDB-MID,2037.5078074319858,0.1445293050599416,2038,0.8522004674063691,2.828497546304791,630,0.9982997821672113,0.9984969163429787
TOI-2076_d,NIRISS_SOSS,obs14,SOSS_HDU3_ordem_1,jw05959014001_04102_00001-seg002_nis_x1dints.fits,seg002,3,171,60693.95296082907,TDB-MID,2040.8982525791582,0.14454629129808436,2038,0.8522004674063691,2.828497546304791,631,0.9999609687597367,1.0001584309698839
TOI-2076_d,NIRISS_SOSS,obs14,SOSS_HDU3_ordem_1,jw05959014001_04102_00001-seg002_nis_x1dints.fits,seg002,3,172,60693.95303790793,TDB-MID,2040.068461482158,0.14453704815534493,2038,0.8522004674063691,2.828497546304791,632,0.9995544033132839,0.9997517852389858
TOI-2076_d,NIRISS_SOSS,obs14,SOSS_HDU3_ordem_1,jw05959014001_04102_00001-seg002_nis_x1dints.fits,seg002,3,173,60693.95311498678,TDB-MID,2039.340161774331,0.14453594015689158,2038,0.8522004674063691,2.828497546304791,633,0.9991975647102493,0.9993948761710616
TOI-2076_d,NIRISS_SOSS,obs14,SOSS_HDU3_ordem_1,jw05959014001_04102_00001-seg002_nis_x1dints.fits,seg002,3,174,60693.953192065645,TDB-MID,2037.0042773775426,0.14452668055769516,2038,0.8522004674063691,2.828497546304791,634,0.998053071974577,0.998250157432503
TOI-2076_d,NIRISS_SOSS,obs14,SOSS_HDU3_ordem_1,jw05959014001_04102_00001-seg002_nis_x1dints.fits,seg002,3,175,60693.95326914449,TDB-MID,2038.1783732798547,0.14453270323169484,2038,0.8522004674063691,2.828497546304791,635,0.9986283334186049,0.9988255324733609
TOI-2076_d,NIRISS_SOSS,obs14,SOSS_HDU3_ordem_1,jw05959014001_04102_00001-seg002_nis_x1dints.fits,seg002,3,176,60693.95334622335,TDB-MID,2036.723596292601,0.14452756281684673,2038,0.8522004674063691,2.828497546304791,636,0.9979155491317523,0.9981126074330539
TOI-2076_d,NIRISS_SOSS,obs14,SOSS_HDU3_ordem_1,jw05959014001_04102_00001-seg002_nis_x1dints.fits,seg002,3,177,60693.953423302206,TDB-MID,2045.290220340846,0.1445469086470154,2038,0.8522004674063691,2.828497546304791,637,1.0021128625801115,1.002310749724554
TOI-2076_d,NIRISS_SOSS,obs14,SOSS_HDU3_ordem_1,jw05959014001_04102_00001-seg002_nis_x1dints.fits,seg002,3,178,60693.95350038107,TDB-MID,2040.6595973722337,0.1445371874140436,2038,0.8522004674063691,2.828497546304791,638,0.9998440369667803,1.0000414760864158
TOI-2076_d,NIRISS_SOSS,obs14,SOSS_HDU3_ordem_1,jw05959014001_04102_00001-seg002_nis_x1dints.fits,seg002,3,179,60693.95357745992,TDB-MID,2044.359031020268,0.14454423199597147,2038,0.8522004674063691,2.828497546304791,639,1.001656615937768,1.0018544129872238
TOI-2076_d,NIRISS_SOSS,obs14,SOSS_HDU3_ordem_1,jw05959014001_04102_00001-seg002_nis_x1dints.fits,seg002,3,180,60693.95365453877,TDB-MID,2036.6955370051774,0.14452887840932588,2038,0.8522004674063691,2.828497546304791,640,0.9979018011694522,0.9980988567559447
TOI-2076_d,NIRISS_SOSS,obs14,SOSS_HDU3_ordem_1,jw05959014001_04102_00001-seg002_nis_x1dints.fits,seg002,3,181,60693.95373161763,TDB-MID,2038.8483228130149,0.14453348322654852,2038,0.8522004674063691,2.828497546304791,641,0.9989565826997009,0.9991538465738153
TOI-2076_d,NIRISS_SOSS,obs14,SOSS_HDU3_ordem_1,jw05959014001_04102_00001-seg002_nis_x1dints.fits,seg002,3,182,60693.95380869649,TDB-MID,2041.9913245471319,0.14453873118488053,2038,0.8522004674063691,2.828497546304791,642,1.0004965316191972,1.000694099586898
TOI-2076_d,NIRISS_SOSS,obs14,SOSS_HDU3_ordem_1,jw05959014001_04102_00001-seg002_nis_x1dints.fits,seg002,3,183,60693.95388577534,TDB-MID,2050.722781384372,0.14455878307585115,2038,0.8522004674063691,2.828497546304791,643,1.0047746067396088,1.0049730194984512
TOI-2076_d,NIRISS_SOSS,obs14,SOSS_HDU3_ordem_1,jw05959014001_04102_00001-seg002_nis_x1dints.fits,seg002,3,184,60693.95396285419,TDB-MID,2037.9801150847409,0.14453169468915453,2038,0.8522004674063691,2.828497546304791,644,0.9985311945942662,0.9987283744670266
TOI-2076_d,NIRISS_SOSS,obs14,SOSS_HDU3_ordem_1,jw05959014001_04102_00001-seg002_nis_x1dints.fits,seg002,3,185,60693.95403993305,TDB-MID,2036.4660219080029,0.1445308801677722,2038,0.8522004674063691,2.828497546304791,645,0.9977893476756899,0.9979863810560003
TOI-2076_d,NIRISS_SOSS,obs14,SOSS_HDU3_ordem_1,jw05959014001_04102_00001-seg002_nis_x1dints.fits,seg002,3,186,60693.95411701191,TDB-MID,2030.3981075267384,0.14451301802824545,2038,0.8522004674063691,2.828497546304791,646,0.994816305028722,0.9950127513225457
TOI-2076_d,NIRISS_SOSS,obs14,SOSS_HDU3_ordem_1,jw05959014001_04102_00001-seg002_nis_x1dints.fits,seg002,3,187,60693.954194090766,TDB-MID,2041.8357768311735,0.1445391892559993,2038,0.8522004674063691,2.828497546304791,647,1.000420319272726,1.000617872190781
TOI-2076_d,NIRISS_SOSS,obs14,SOSS_HDU3_ordem_1,jw05959014001_04102_00001-seg002_nis_x1dints.fits,seg002,3,188,60693.95427116961,TDB-MID,2047.612590625073,0.14455236159199772,2038,0.8522004674063691,2.828497546304791,648,1.003250733924898,1.0034488457647013
TOI-2076_d,NIRISS_SOSS,obs14,SOSS_HDU3_ordem_1,jw05959014001_04102_00001-seg002_nis_x1dints.fits,seg002,3,189,60693.95434824847,TDB-MID,2046.0012203722931,0.14454639677068906,2038,0.8522004674063691,2.828497546304791,649,1.002461225012847,1.0026591809483905
TOI-2076_d,NIRISS_SOSS,obs14,SOSS_HDU3_ordem_1,jw05959014001_04102_00001-seg002_nis_x1dints.fits,seg002,3,190,60693.954425327334,TDB-MID,2052.260275580011,0.14455959846447394,2038,0.8522004674063691,2.828497546304791,650,1.0055279192496227,1.0057264807650246
TOI-2076_d,NIRISS_SOSS,obs14,SOSS_HDU3_ordem_1,jw05959014001_04102_00001-seg002_nis_x1dints.fits,seg002,3,191,60693.95450240619,TDB-MID,2040.543575354854,0.14453425619763077,2038,0.8522004674063691,2.828497546304791,651,0.9997871906792449,0.9999846185734488
TOI-2076_d,NIRISS_SOSS,obs14,SOSS_HDU3_ordem_1,jw05959014001_04102_00001-seg002_nis_x1dints.fits,seg002,3,192,60693.954579485035,TDB-MID,2031.6837874156938,0.14451749415854442,2038,0.8522004674063691,2.828497546304791,652,0.9954462382973942,0.9956428089840887
TOI-2076_d,NIRISS_SOSS,obs14,SOSS_HDU3_ordem_1,jw05959014001_04102_00001-seg002_nis_x1dints.fits,seg002,3,193,60693.954656563896,TDB-MID,2037.724887923681,0.14452995806385868,2038,0.8522004674063691,2.828497546304791,653,0.9984061431866791,0.9986032983655483
TOI-2076_d,NIRISS_SOSS,obs14,SOSS_HDU3_ordem_1,jw05959014001_04102_00001-seg002_nis_x1dints.fits,seg002,3,194,60693.95473364275,TDB-MID,2047.5362172965492,0.14454919894539003,2038,0.8522004674063691,2.828497546304791,654,1.0032133139567632,1.0034114184072482
TOI-2076_d,NIRISS_SOSS,obs14,SOSS_HDU3_ordem_1,jw05959014001_04102_00001-seg002_nis_x1dints.fits,seg002,3,195,60693.95481072161,TDB-MID,2036.4065539437452,0.14452490132963292,2038,0.8522004674063691,2.828497546304791,655,0.9977602106802155,0.9979572383068458
TOI-2076_d,NIRISS_SOSS,obs14,SOSS_HDU3_ordem_1,jw05959014001_04102_00001-seg002_nis_x1dints.fits,seg002,3,196,60693.95488780046,TDB-MID,2034.4893290157545,0.1445217809109302,2038,0.8522004674063691,2.828497546304791,656,0.9968208448426971,0.9970176869728329
TOI-2076_d,NIRISS_SOSS,obs14,SOSS_HDU3_ordem_1,jw05959014001_04102_00001-seg002_nis_x1dints.fits,seg002,3,197,60693.95496487932,TDB-MID,2037.6991388001206,0.14452683123679708,2038,0.8522004674063691,2.828497546304791,657,0.9983935271150509,0.9985906798026255
TOI-2076_d,NIRISS_SOSS,obs14,SOSS_HDU3_ordem_1,jw05959014001_04102_00001-seg002_nis_x1dints.fits,seg002,3,198,60693.95504195817,TDB-MID,2042.1778687597214,0.14453801834905208,2038,0.8522004674063691,2.828497546304791,658,1.0005879310465335,1.0007855170628717
TOI-2076_d,NIRISS_SOSS,obs14,SOSS_HDU3_ordem_1,jw05959014001_04102_00001-seg002_nis_x1dints.fits,seg002,3,199,60693.955119037026,TDB-MID,2038.1670655932285,0.14453047072843206,2038,0.8522004674063691,2.828497546304791,659,0.9986227930908307,0.9988199910515386
TOI-2076_d,NIRISS_SOSS,obs14,SOSS_HDU3_ordem_1,jw05959014001_04102_00001-seg002_nis_x1dints.fits,seg002,3,200,60693.95519611588,TDB-MID,2042.5363336546222,0.14453879812606973,2038,0.8522004674063691,2.828497546304791,660,1.0007635649386781,1.0009611856374265
TOI-2076_d,NIRISS_SOSS,obs14,SOSS_HDU3_ordem_1,jw05959014001_04102_00001-seg002_nis_x1dints.fits,seg002,3,201,60693.95527319474,TDB-MID,2042.597465218951,0.14453800952364873,2038,0.8522004674063691,2.828497546304791,661,1.0007935170336493,1.0009911436470353
TOI-2076_d,NIRISS_SOSS,obs14,SOSS_HDU3_ordem_1,jw05959014001_04102_00001-seg002_nis_x1dints.fits,seg002,3,202,60693.955350273594,TDB-MID,2047.1871227970692,0.144547759743242,2038,0.8522004674063691,2.828497546304791,662,1.003042271194858,1.003240341869543
TOI-2076_d,NIRISS_SOSS,obs14,SOSS_HDU3_ordem_1,jw05959014001_04102_00001-seg002_nis_x1dints.fits,seg002,3,203,60693.95542735245,TDB-MID,2038.646127449386,0.14453512105571972,2038,0.8522004674063691,2.828497546304791,663,0.9988575148155291,0.9990547591267166
TOI-2076_d,NIRISS_SOSS,obs14,SOSS_HDU3_ordem_1,jw05959014001_04102_00001-seg002_nis_x1dints.fits,seg002,3,204,60693.9555044313,TDB-MID,2043.8473888399733,0.1445430259994355,2038,0.8522004674063691,2.828497546304791,664,1.00140593111817,1.001603678664915
TOI-2076_d,NIRISS_SOSS,obs14,SOSS_HDU3_ordem_1,jw05959014001_04102_00001-seg002_nis_x1dints.fits,seg002,3,205,60693.95558151016,TDB-MID,2042.7260347987103,0.14454050465947782,2038,0.8522004674063691,2.828497546304791,665,1.000856511139978,1.0010541501928052
TOI-2076_d,NIRISS_SOSS,obs14,SOSS_HDU3_ordem_1,jw05959014001_04102_00001-seg002_nis_x1dints.fits,seg002,3,206,60693.95565858902,TDB-MID,2045.739447044196,0.1445478273680745,2038,0.8522004674063691,2.828497546304791,666,1.0023329662373648,1.0025308968456585
TOI-2076_d,NIRISS_SOSS,obs14,SOSS_HDU3_ordem_1,jw05959014001_04102_00001-seg002_nis_x1dints.fits,seg002,3,207,60693.95573566787,TDB-MID,2038.9080736608814,0.14453375368105056,2038,0.8522004674063691,2.828497546304791,667,0.9989858582971695,0.9991831279523338
TOI-2076_d,NIRISS_SOSS,obs14,SOSS_HDU3_ordem_1,jw05959014001_04102_00001-seg002_nis_x1dints.fits,seg002,3,208,60693.955812746724,TDB-MID,2045.0279755638867,0.1445443233401414,2038,0.8522004674063691,2.828497546304791,668,1.0019843728129765,1.0021822345845552
TOI-2076_d,NIRISS_SOSS,obs14,SOSS_HDU3_ordem_1,jw05959014001_04102_00001-seg002_nis_x1dints.fits,seg002,3,209,60693.955889825585,TDB-MID,2038.9458553890474,0.14453429926525918,2038,0.8522004674063691,2.828497546304791,669,0.999004369878259,0.9992016431889038
TOI-2076_d,NIRISS_SOSS,obs14,SOSS_HDU3_ordem_1,jw05959014001_04102_00001-seg002_nis_x1dints.fits,seg002,3,210,60693.95596690444,TDB-MID,2040.6720636854966,0.14453754678975583,2038,0.8522004674063691,2.828497546304791,670,0.9998501449766585,1.0000475853024422
TOI-2076_d,NIRISS_SOSS,obs14,SOSS_HDU3_ordem_1,jw05959014001_04102_00001-seg002_nis_x1dints.fits,seg002,3,211,60693.95604398329,TDB-MID,2042.322373946281,0.14453843325357366,2038,0.8522004674063691,2.828497546304791,671,1.0006587329819854,1.0008563329795759
TOI-2076_d,NIRISS_SOSS,obs14,SOSS_HDU3_ordem_1,jw05959014001_04102_00001-seg002_nis_x1dints.fits,seg002,3,212,60693.95612106215,TDB-MID,2042.1211034681892,0.14454169877517392,2038,0.8522004674063691,2.828497546304791,672,1.0005601182558466,1.0007576987799953
TOI-2076_d,NIRISS_SOSS,obs14,SOSS_HDU3_ordem_1,jw05959014001_04102_00001-seg002_nis_x1dints.fits,seg002,3,213,60693.956198141,TDB-MID,2043.1312489601487,0.14453998643599092,2038,0.8522004674063691,2.828497546304791,673,1.0010550503591258,1.0012527286174762
TOI-2076_d,NIRISS_SOSS,obs14,SOSS_HDU3_ordem_1,jw05959014001_04102_00001-seg002_nis_x1dints.fits,seg002,3,214,60693.95627521986,TDB-MID,2044.1010784685961,0.14454483940901916,2038,0.8522004674063691,2.828497546304791,674,1.0015302291945103,1.0017280012863863
TOI-2076_d,NIRISS_SOSS,obs14,SOSS_HDU3_ordem_1,jw05959014001_04102_00001-seg002_nis_x1dints.fits,seg002,3,215,60693.956352298716,TDB-MID,2044.1537554966462,0.1445443616306116,2038,0.8522004674063691,2.828497546304791,675,1.001556038894692,1.0017538160832073
TOI-2076_d,NIRISS_SOSS,obs14,SOSS_HDU3_ordem_1,jw05959014001_04102_00001-seg002_nis_x1dints.fits,seg002,3,216,60693.95642937757,TDB-MID,2039.7741969107315,0.14454828346144302,2038,0.8522004674063691,2.828497546304791,676,0.999410225089042,0.9996075785438818
TOI-2076_d,NIRISS_SOSS,obs14,SOSS_HDU3_ordem_1,jw05959014001_04102_00001-seg002_nis_x1dints.fits,seg002,3,217,60693.95650645642,TDB-MID,2038.5917033179753,0.1445337253299645,2038,0.8522004674063691,2.828497546304791,677,0.9988308491024781,0.9990280881479895
TOI-2076_d,NIRISS_SOSS,obs14,SOSS_HDU3_ordem_1,jw05959014001_04102_00001-seg002_nis_x1dints.fits,seg002,3,218,60693.95658353528,TDB-MID,2040.6257723739354,0.1445376843449036,2038,0.8522004674063691,2.828497546304791,678,0.9998274640298277,1.0000248998768066
TOI-2076_d,NIRISS_SOSS,obs14,SOSS_HDU3_ordem_1,jw05959014001_04102_00001-seg002_nis_x1dints.fits,seg002,3,219,60693.95666061414,TDB-MID,2039.6409248831708,0.14453259287236705,2038,0.8522004674063691,2.828497546304791,679,0.9993449269657183,0.999542267526143
TOI-2076_d,NIRISS_SOSS,obs14,SOSS_HDU3_ordem_1,jw05959014001_04102_00001-seg002_nis_x1dints.fits,seg002,3,220,60693.95673769299,TDB-MID,2039.9263024475645,0.14453500371013017,2038,0.8522004674063691,2.828497546304791,680,0.9994847509012784,0.9996821190727242
TOI-2076_d,NIRISS_SOSS,obs14,SOSS_HDU3_ordem_1,jw05959014001_04102_00001-seg002_nis_x1dints.fits,seg002,3,221,60693.956814771846,TDB-MID,2050.6130844704476,0.14455817316324873,2038,0.8522004674063691,2.828497546304791,681,1.0047208595073893,1.0049192616527702
TOI-2076_d,NIRISS_SOSS,obs14,SOSS_HDU3_ordem_1,jw05959014001_04102_00001-seg002_nis_x1dints.fits,seg002,3,222,60693.9568918507,TDB-MID,2040.6570006735433,0.14453921112394466,2038,0.8522004674063691,2.828497546304791,682,0.9998427646851588,1.000040203553557
TOI-2076_d,NIRISS_SOSS,obs14,SOSS_HDU3_ordem_1,jw05959014001_04102_00001-seg002_nis_x1dints.fits,seg002,3,223,60693.95696892956,TDB-MID,2042.1560775288594,0.1445391423137648,2038,0.8522004674063691,2.828497546304791,683,1.0005772541887845,1.0007748380967645
TOI-2076_d,NIRISS_SOSS,obs14,SOSS_HDU3_ordem_1,jw05959014001_04102_00001-seg002_nis_x1dints.fits,seg002,3,224,60693.957046008414,TDB-MID,2040.6099381039737,0.144536200111442,2038,0.8522004674063691,2.828497546304791,684,0.9998197058518242,1.0000171401667965
TOI-2076_d,NIRISS_SOSS,obs14,SOSS_HDU3_ordem_1,jw05959014001_04102_00001-seg002_nis_x1dints.fits,seg002,3,225,60693.95712308727,TDB-MID,2035.8792839704433,0.1445247196159333,2038,0.8522004674063691,2.828497546304791,685,0.9975018688483116,0.9976988454602016
TOI-2076_d,NIRISS_SOSS,obs14,SOSS_HDU3_ordem_1,jw05959014001_04102_00001-seg002_nis_x1dints.fits,seg002,3,226,60693.95720016612,TDB-MID,2038.7947445720454,0.1445310998942423,2038,0.8522004674063691,2.828497546304791,686,0.9989303314401505,0.999127590130431
TOI-2076_d,NIRISS_SOSS,obs14,SOSS_HDU3_ordem_1,jw05959014001_04102_00001-seg002_nis_x1dints.fits,seg002,3,227,60693.95727724498,TDB-MID,2044.5596661630643,0.14454432666169414,2038,0.8522004674063691,2.828497546304791,687,1.0017549193742594,1.0019527358356866
TOI-2076_d,NIRISS_SOSS,obs14,SOSS_HDU3_ordem_1,jw05959014001_04102_00001-seg002_nis_x1dints.fits,seg002,3,228,60693.95735432384,TDB-MID,2031.5811255966262,0.14451834089609306,2038,0.8522004674063691,2.828497546304791,688,0.9953959379887337,0.9955924987426303
TOI-2076_d,NIRISS_SOSS,obs14,SOSS_HDU3_ordem_1,jw05959014001_04102_00001-seg002_nis_x1dints.fits,seg002,3,229,60693.95743140269,TDB-MID,2041.8628865135263,0.1445398434407885,2038,0.8522004674063691,2.828497546304791,689,1.0004336019653806,1.0006311575063678
TOI-2076_d,NIRISS_SOSS,obs14,SOSS_HDU3_ordem_1,jw05959014001_04102_00001-seg002_nis_x1dints.fits,seg002,3,230,60693.957508481544,TDB-MID,2041.3334473103503,0.14453901306680705,2038,0.8522004674063691,2.828497546304791,690,1.0001741972949918,1.00037170161136
TOI-2076_d,NIRISS_SOSS,obs14,SOSS_HDU3_ordem_1,jw05959014001_04102_00001-seg002_nis_x1dints.fits,seg002,3,231,60693.957585560405,TDB-MID,2038.9924221652661,0.14453268740994543,2038,0.8522004674063691,2.828497546304791,691,0.9990271857920856,0.999224463608187
TOI-2076_d,NIRISS_SOSS,obs14,SOSS_HDU3_ordem_1,jw05959014001_04102_00001-seg002_nis_x1dints.fits,seg002,3,232,60693.95766263926,TDB-MID,2044.3015045558539,0.14454135941690363,2038,0.8522004674063691,2.828497546304791,692,1.001628430201898,1.0018262216855187
TOI-2076_d,NIRISS_SOSS,obs14,SOSS_HDU3_ordem_1,jw05959014001_04102_00001-seg002_nis_x1dints.fits,seg002,3,233,60693.95773971811,TDB-MID,2046.1499725222855,0.14454686460623623,2038,0.8522004674063691,2.828497546304791,693,1.0025341077956234,1.002732078123324
TOI-2076_d,NIRISS_SOSS,obs14,SOSS_HDU3_ordem_1,jw05959014001_04102_00001-seg002_nis_x1dints.fits,seg002,3,234,60693.95781679697,TDB-MID,2039.2981490235604,0.14453226871638086,2038,0.8522004674063691,2.828497546304791,694,0.9991769800922226,0.999374287488192
TOI-2076_d,NIRISS_SOSS,obs14,SOSS_HDU3_ordem_1,jw05959014001_04102_00001-seg002_nis_x1dints.fits,seg002,3,235,60693.95789387583,TDB-MID,2038.1193879800644,0.14453166829565006,2038,0.8522004674063691,2.828497546304791,695,0.9985994329099949,0.9987966262577699
TOI-2076_d,NIRISS_SOSS,obs14,SOSS_HDU3_ordem_1,jw05959014001_04102_00001-seg002_nis_x1dints.fits,seg002,3,236,60693.957970954674,TDB-MID,2042.4037129559745,0.1445497236765333,2038,0.8522004674063691,2.828497546304791,696,1.0006985859412538,1.000896193808605
TOI-2076_d,NIRISS_SOSS,obs14,SOSS_HDU3_ordem_1,jw05959014001_04102_00001-seg002_nis_x1dints.fits,seg002,3,237,60693.958048033535,TDB-MID,2037.4430500553876,0.1445266153440452,2038,0.8522004674063691,2.828497546304791,697,0.9982680535648883,0.9984651814752113
TOI-2076_d,NIRISS_SOSS,obs14,SOSS_HDU3_ordem_1,jw05959014001_04102_00001-seg002_nis_x1dints.fits,seg002,3,238,60693.95812511239,TDB-MID,2039.627810245574,0.14458045717561208,2038,0.8522004674063691,2.828497546304791,698,0.9993385013020676,0.9995358405936171
TOI-2076_d,NIRISS_SOSS,obs14,SOSS_HDU3_ordem_1,jw05959014001_04102_00001-seg002_nis_x1dints.fits,seg002,3,239,60693.95820219124,TDB-MID,2048.39820949347,0.1445502617854041,2038,0.8522004674063691,2.828497546304791,699,1.0036356566929612,1.0038338445434318
TOI-2076_d,NIRISS_SOSS,obs14,SOSS_HDU3_ordem_1,jw05959014001_04102_00001-seg002_nis_x1dints.fits,seg002,3,240,60693.9582792701,TDB-MID,2037.860350802641,0.14453072797971597,2038,0.8522004674063691,2.828497546304791,700,0.9984725147421961,0.998669683027451
TOI-2076_d,NIRISS_SOSS,obs14,SOSS_HDU3_ordem_1,jw05959014001_04102_00001-seg002_nis_x1dints.fits,seg002,3,241,60693.95835634895,TDB-MID,2044.2727821525816,0.1445437333103647,2038,0.8522004674063691,2.828497546304791,701,1.0016143573385572,1.0018121460432106
TOI-2076_d,NIRISS_SOSS,obs14,SOSS_HDU3_ordem_1,jw05959014001_04102_00001-seg002_nis_x1dints.fits,seg002,3,242,60693.95843342781,TDB-MID,2039.9028369962139,0.14453718909187735,2038,0.8522004674063691,2.828497546304791,702,0.9994732537404399,0.9996706196415422
TOI-2076_d,NIRISS_SOSS,obs14,SOSS_HDU3_ordem_1,jw05959014001_04102_00001-seg002_nis_x1dints.fits,seg002,3,243,60693.958510506665,TDB-MID,2038.4059623665514,0.14453125736676042,2038,0.8522004674063691,2.828497546304791,703,0.998739843241951,0.9989370643165426
TOI-2076_d,NIRISS_SOSS,obs14,SOSS_HDU3_ordem_1,jw05959014001_04102_00001-seg002_nis_x1dints.fits,seg002,3,244,60693.95858758552,TDB-MID,2042.7498992534163,0.14453911820780688,2038,0.8522004674063691,2.828497546304791,704,1.0008682037969816,1.0010658451587569
TOI-2076_d,NIRISS_SOSS,obs14,SOSS_HDU3_ordem_1,jw05959014001_04102_00001-seg002_nis_x1dints.fits,seg002,3,245,60693.95866466437,TDB-MID,2047.2968900961002,0.14454831794914713,2038,0.8522004674063691,2.828497546304791,705,1.003096052913049,1.0032941342080057
TOI-2076_d,NIRISS_SOSS,obs14,SOSS_HDU3_ordem_1,jw05959014001_04102_00001-seg002_nis_x1dints.fits,seg002,3,246,60693.958741743234,TDB-MID,2041.937240722966,0.1445388576994216,2038,0.8522004674063691,2.828497546304791,706,1.0004700326434943,1.0006675953784445
TOI-2076_d,NIRISS_SOSS,obs14,SOSS_HDU3_ordem_1,jw05959014001_04102_00001-seg002_nis_x1dints.fits,seg002,3,247,60693.95881882209,TDB-MID,2038.121451099842,0.14453060887979075,2038,0.8522004674063691,2.828497546304791,707,0.9986004437586489,0.998797637306036
TOI-2076_d,NIRISS_SOSS,obs14,SOSS_HDU3_ordem_1,jw05959014001_04102_00001-seg002_nis_x1dints.fits,seg002,3,248,60693.95889590094,TDB-MID,2044.424926188429,0.14454361761869755,2038,0.8522004674063691,2.828497546304791,708,1.001688902013817,1.0018867054388014
TOI-2076_d,NIRISS_SOSS,obs14,SOSS_HDU3_ordem_1,jw05959014001_04102_00001-seg002_nis_x1dints.fits,seg002,3,249,60693.958972979795,TDB-MID,2046.6909836353684,0.14455057127278434,2038,0.8522004674063691,2.828497546304791,709,1.0027991822529436,1.0029972049248754
TOI-2076_d,NIRISS_SOSS,obs14,SOSS_HDU3_ordem_1,jw05959014001_04102_00001-seg002_nis_x1dints.fits,seg002,3,250,60693.95905005866,TDB-MID,2040.0673465916063,0.14453443107734126,2038,0.8522004674063691,2.828497546304791,710,0.999553857060165,0.9997512388779982
TOI-2076_d,NIRISS_SOSS,obs14,SOSS_HDU3_ordem_1,jw05959014001_04102_00001-seg002_nis_x1dints.fits,seg002,3,251,60693.95912713751,TDB-MID,2047.7058436834309,0.14454954419945557,2038,0.8522004674063691,2.828497546304791,711,1.003296424305816,1.003494545168095
TOI-2076_d,NIRISS_SOSS,obs14,SOSS_HDU3_ordem_1,jw05959014001_04102_00001-seg002_nis_x1dints.fits,seg002,3,252,60693.959204216364,TDB-MID,2038.9839284686682,0.14453105385372544,2038,0.8522004674063691,2.828497546304791,712,0.9990230242102588,0.9992203012045728
TOI-2076_d,NIRISS_SOSS,obs14,SOSS_HDU3_ordem_1,jw05959014001_04102_00001-seg002_nis_x1dints.fits,seg002,3,253,60693.95928129522,TDB-MID,2048.741412942374,0.14455471516034124,2038,0.8522004674063691,2.828497546304791,713,1.0038038130686229,1.0040020341249192
TOI-2076_d,NIRISS_SOSS,obs14,SOSS_HDU3_ordem_1,jw05959014001_04102_00001-seg002_nis_x1dints.fits,seg002,3,254,60693.95935837408,TDB-MID,2039.0429837372562,0.14453060488286315,2038,0.8522004674063691,2.828497546304791,714,0.9990519590008653,0.9992492417089301
TOI-2076_d,NIRISS_SOSS,obs14,SOSS_HDU3_ordem_1,jw05959014001_04102_00001-seg002_nis_x1dints.fits,seg002,3,255,60693.959435452925,TDB-MID,2046.723476838107,0.14454887007874134,2038,0.8522004674063691,2.828497546304791,715,1.002815102661738,1.0030131284774715
TOI-2076_d,NIRISS_SOSS,obs14,SOSS_HDU3_ordem_1,jw05959014001_04102_00001-seg002_nis_x1dints.fits,seg002,3,256,60693.95951253179,TDB-MID,2043.0900821604828,0.14454162288398448,2038,0.8522004674063691,2.828497546304791,716,1.0010348802243223,1.0012325544996779
TOI-2076_d,NIRISS_SOSS,obs14,SOSS_HDU3_ordem_1,jw05959014001_04102_00001-seg002_nis_x1dints.fits,seg002,3,257,60693.95958961064,TDB-MID,2040.3029323592536,0.14453721748350376,2038,0.8522004674063691,2.828497546304791,717,0.999669284946952,0.9998666895583206
TOI-2076_d,NIRISS_SOSS,obs14,SOSS_HDU3_ordem_1,jw05959014001_04102_00001-seg002_nis_x1dints.fits,seg002,3,258,60693.9596666895,TDB-MID,2044.0185362951472,0.14454657291830691,2038,0.8522004674063691,2.828497546304791,718,1.0014897867316774,1.0016875508373837
TOI-2076_d,NIRISS_SOSS,obs14,SOSS_HDU3_ordem_1,jw05959014001_04102_00001-seg002_nis_x1dints.fits,seg002,3,259,60693.95974376835,TDB-MID,2039.9878640316826,0.14453520503884992,2038,0.8522004674063691,2.828497546304791,719,0.9995149136892643,0.9997122878169532
TOI-2076_d,NIRISS_SOSS,obs14,SOSS_HDU3_ordem_1,jw05959014001_04102_00001-seg002_nis_x1dints.fits,seg002,3,260,60693.9598208472,TDB-MID,2048.5925038636024,0.14455252895303686,2038,0.8522004674063691,2.828497546304791,720,1.0037308533968325,1.0039290600457884
TOI-2076_d,NIRISS_SOSS,obs14,SOSS_HDU3_ordem_1,jw05959014001_04102_00001-seg002_nis_x1dints.fits,seg002,3,261,60693.95989792606,TDB-MID,2045.3977390766977,0.144544814651631,2038,0.8522004674063691,2.828497546304791,721,1.0021655425895761,1.0023634401367358
TOI-2076_d,NIRISS_SOSS,obs14,SOSS_HDU3_ordem_1,jw05959014001_04102_00001-seg002_nis_x1dints.fits,seg002,3,262,60693.959975004924,TDB-MID,2042.6668485531582,0.144543725281644,2038,0.8522004674063691,2.828497546304791,722,1.0008275121757402,1.0010251455021444
TOI-2076_d,NIRISS_SOSS,obs14,SOSS_HDU3_ordem_1,jw05959014001_04102_00001-seg002_nis_x1dints.fits,seg002,3,263,60693.96005208377,TDB-MID,2044.052196178861,0.14454207240270106,2038,0.8522004674063691,2.828497546304791,723,1.0015062787688893,1.0017040461312765
TOI-2076_d,NIRISS_SOSS,obs14,SOSS_HDU3_ordem_1,jw05959014001_04102_00001-seg002_nis_x1dints.fits,seg002,3,264,60693.960129162624,TDB-MID,2039.6769073109404,0.14453468055844357,2038,0.8522004674063691,2.828497546304791,724,0.999362556959416,0.9995599010012342
TOI-2076_d,NIRISS_SOSS,obs14,SOSS_HDU3_ordem_1,jw05959014001_04102_00001-seg002_nis_x1dints.fits,seg002,3,265,60693.960206241485,TDB-MID,2034.4861088627877,0.14452247701849594,2038,0.8522004674063691,2.828497546304791,725,0.9968192670926665,0.9970161089112441
TOI-2076_d,NIRISS_SOSS,obs14,SOSS_HDU3_ordem_1,jw05959014001_04102_00001-seg002_nis_x1dints.fits,seg002,3,266,60693.960283320346,TDB-MID,2039.1494725074324,0.14453206167213137,2038,0.8522004674063691,2.828497546304791,726,0.9991041343671055,0.9993014273782357
TOI-2076_d,NIRISS_SOSS,obs14,SOSS_HDU3_ordem_1,jw05959014001_04102_00001-seg002_nis_x1dints.fits,seg002,3,267,60693.96036039919,TDB-MID,2031.771920123534,0.14451875096989344,2038,0.8522004674063691,2.828497546304791,727,0.9954894199051986,0.9956859991189616
TOI-2076_d,NIRISS_SOSS,obs14,SOSS_HDU3_ordem_1,jw05959014001_04102_00001-seg002_nis_x1dints.fits,seg002,3,268,60693.96043747805,TDB-MID,2039.1681275184624,0.1445342649244601,2038,0.8522004674063691,2.828497546304791,728,0.9991132745988042,0.9993105694148551
TOI-2076_d,NIRISS_SOSS,obs14,SOSS_HDU3_ordem_1,jw05959014001_04102_00001-seg002_nis_x1dints.fits,seg002,3,269,60693.96051455691,TDB-MID,2038.9638874151174,0.1445311885381062,2038,0.8522004674063691,2.828497546304791,729,0.9990132048714954,0.9992104799267855
TOI-2076_d,NIRISS_SOSS,obs14,SOSS_HDU3_ordem_1,jw05959014001_04102_00001-seg002_nis_x1dints.fits,seg002,3,270,60693.96059163576,TDB-MID,2042.1431057352797,0.14454084946077328,2038,0.8522004674063691,2.828497546304791,730,1.0005708985131607,1.000768481166086
TOI-2076_d,NIRISS_SOSS,obs14,SOSS_HDU3_ordem_1,jw05959014001_04102_00001-seg002_nis_x1dints.fits,seg002,3,271,60693.960668714615,TDB-MID,2042.7635832321603,0.14454126493663813,2038,0.8522004674063691,2.828497546304791,731,1.0008749084157074,1.0010725511014429
TOI-2076_d,NIRISS_SOSS,obs14,SOSS_HDU3_ordem_1,jw05959014001_04102_00001-seg002_nis_x1dints.fits,seg002,3,272,60693.96074579347,TDB-MID,2042.9539992245045,0.14454137035746634,2038,0.8522004674063691,2.828497546304791,732,1.0009682048649209,1.0011658659738987
TOI-2076_d,NIRISS_SOSS,obs14,SOSS_HDU3_ordem_1,jw05959014001_04102_00001-seg002_nis_x1dints.fits,seg002,3,273,60693.96082287233,TDB-MID,2041.4763095625535,0.14453622371409555,2038,0.8522004674063691,2.828497546304791,733,1.0002441942563454,1.0004417123950078
TOI-2076_d,NIRISS_SOSS,obs14,SOSS_HDU3_ordem_1,jw05959014001_04102_00001-seg002_nis_x1dints.fits,seg002,3,274,60693.96089995118,TDB-MID,2033.5549926629258,0.14452300698912895,2038,0.8522004674063691,2.828497546304791,734,0.9963630562766373,0.9965598080073027
TOI-2076_d,NIRISS_SOSS,obs14,SOSS_HDU3_ordem_1,jw05959014001_04102_00001-seg002_nis_x1dints.fits,seg002,3,275,60693.96097703004,TDB-MID,2040.72110322077,0.14453815523563782,2038,0.8522004674063691,2.828497546304791,735,0.9998741724464931,1.0000716175169795
TOI-2076_d,NIRISS_SOSS,obs14,SOSS_HDU3_ordem_1,jw05959014001_04102_00001-seg002_nis_x1dints.fits,seg002,3,276,60693.96105410889,TDB-MID,2032.4924133521567,0.14451987352512982,2038,0.8522004674063691,2.828497546304791,736,0.9958424336362691,0.9960390825596245
TOI-2076_d,NIRISS_SOSS,obs14,SOSS_HDU3_ordem_1,jw05959014001_04102_00001-seg002_nis_x1dints.fits,seg002,3,277,60693.96113118775,TDB-MID,2032.4374148534998,0.14452007053116303,2038,0.8522004674063691,2.828497546304791,737,0.9958154865055496,0.9960121301076574
TOI-2076_d,NIRISS_SOSS,obs14,SOSS_HDU3_ordem_1,jw05959014001_04102_00001-seg002_nis_x1dints.fits,seg002,3,278,60693.9612082666,TDB-MID,2048.653270435476,0.14455396122908853,2038,0.8522004674063691,2.828497546304791,738,1.0037606266596601,1.00395883918794
TOI-2076_d,NIRISS_SOSS,obs14,SOSS_HDU3_ordem_1,jw05959014001_04102_00001-seg002_nis_x1dints.fits,seg002,3,279,60693.96128534546,TDB-MID,2046.2220929913628,0.1445474606980487,2038,0.8522004674063691,2.828497546304791,739,1.0025694440276158,1.0027674213331592
TOI-2076_d,NIRISS_SOSS,obs14,SOSS_HDU3_ordem_1,jw05959014001_04102_00001-seg002_nis_x1dints.fits,seg002,3,280,60693.961362424314,TDB-MID,2044.7394423114192,0.14454832651129812,2038,0.8522004674063691,2.828497546304791,740,1.0018430027126826,1.0020408365679192
TOI-2076_d,NIRISS_SOSS,obs14,SOSS_HDU3_ordem_1,jw05959014001_04102_00001-seg002_nis_x1dints.fits,seg002,3,281,60693.961439503175,TDB-MID,2042.5987468380822,0.14453740996748599,2038,0.8522004674063691,2.828497546304791,741,1.0007941449773041,1.0009917717146903
TOI-2076_d,NIRISS_SOSS,obs14,SOSS_HDU3_ordem_1,jw05959014001_04102_00001-seg002_nis_x1dints.fits,seg002,3,282,60693.96151658202,TDB-MID,2042.5193208776473,0.14454276579298836,2038,0.8522004674063691,2.828497546304791,742,1.0007552293379574,1.0009528483906753
TOI-2076_d,NIRISS_SOSS,obs14,SOSS_HDU3_ordem_1,jw05959014001_04102_00001-seg002_nis_x1dints.fits,seg002,3,283,60693.961593660875,TDB-MID,2042.3592511593592,0.14454062800509013,2038,0.8522004674063691,2.828497546304791,743,1.0006768013857719,1.0008744049513287
TOI-2076_d,NIRISS_SOSS,obs14,SOSS_HDU3_ordem_1,jw05959014001_04102_00001-seg002_nis_x1dints.fits,seg002,3,284,60693.961670739736,TDB-MID,2041.5465991871943,0.14453970401597108,2038,0.8522004674063691,2.828497546304791,744,1.00027863344559,1.0004761583849564
TOI-2076_d,NIRISS_SOSS,obs14,SOSS_HDU3_ordem_1,jw05959014001_04102_00001-seg002_nis_x1dints.fits,seg002,3,285,60693.9617478186,TDB-MID,2034.8936767163214,0.1445247630609842,2038,0.8522004674063691,2.828497546304791,745,0.9970189595296314,0.9972158407814581
TOI-2076_d,NIRISS_SOSS,obs14,SOSS_HDU3_ordem_1,jw05959014001_04102_00001-seg002_nis_x1dints.fits,seg002,3,286,60693.961824897444,TDB-MID,2036.638495159526,0.1445281506279271,2038,0.8522004674063691,2.828497546304791,746,0.9978738528779754,0.9980709029455211
TOI-2076_d,NIRISS_SOSS,obs14,SOSS_HDU3_ordem_1,jw05959014001_04102_00001-seg002_nis_x1dints.fits,seg002,3,287,60693.9619019763,TDB-MID,2041.06755622513,0.14454609575828398,2038,0.8522004674063691,2.828497546304791,747,1.0000439209782643,1.0002413995689792
TOI-2076_d,NIRISS_SOSS,obs14,SOSS_HDU3_ordem_1,jw05959014001_04102_00001-seg002_nis_x1dints.fits,seg002,3,288,60693.96197905516,TDB-MID,2047.3528560871391,0.1445569584262652,2038,0.8522004674063691,2.828497546304791,748,1.0031234740775026,1.0033215607873143
TOI-2076_d,NIRISS_SOSS,obs14,SOSS_HDU3_ordem_1,jw05959014001_04102_00001-seg002_nis_x1dints.fits,seg002,3,289,60693.96205613401,TDB-MID,2045.85160730438,0.1445463567624059,2038,0.8522004674063691,2.828497546304791,749,1.002387920413688,1.0025858618737784
TOI-2076_d,NIRISS_SOSS,obs14,SOSS_HDU3_ordem_1,jw05959014001_04102_00001-seg002_nis_x1dints.fits,seg002,3,290,60693.962133212866,TDB-MID,2042.9351375914014,0.14454124114307043,2038,0.8522004674063691,2.828497546304791,750,1.0009589633964222,1.001156622680488
TOI-2076_d,NIRISS_SOSS,obs14,SOSS_HDU3_ordem_1,jw05959014001_04102_00001-seg002_nis_x1dints.fits,seg002,3,291,60693.96221029172,TDB-MID,2038.8453168166097,0.14453178155580038,2038,0.8522004674063691,2.828497546304791,751,0.9989551098780776,0.9991523734613541
TOI-2076_d,NIRISS_SOSS,obs14,SOSS_HDU3_ordem_1,jw05959014001_04102_00001-seg002_nis_x1dints.fits,seg002,3,292,60693.96228737058,TDB-MID,2038.0894970057257,0.14453013200548953,2038,0.8522004674063691,2.828497546304791,752,0.9985847874921652,0.9987819779479107
TOI-2076_d,NIRISS_SOSS,obs14,SOSS_HDU3_ordem_1,jw05959014001_04102_00001-seg002_nis_x1dints.fits,seg002,3,293,60693.962364449435,TDB-MID,2042.7153659234318,0.14453818451611627,2038,0.8522004674063691,2.828497546304791,753,1.0008512838049821,1.0010489218255678
TOI-2076_d,NIRISS_SOSS,obs14,SOSS_HDU3_ordem_1,jw05959014001_04102_00001-seg002_nis_x1dints.fits,seg002,3,294,60693.96244152829,TDB-MID,2036.1442722596173,0.14453652911983347,2038,0.8522004674063691,2.828497546304791,754,0.9976317028299996,0.9978287050801953
TOI-2076_d,NIRISS_SOSS,obs14,SOSS_HDU3_ordem_1,jw05959014001_04102_00001-seg002_nis_x1dints.fits,seg002,3,295,60693.96251860714,TDB-MID,2046.8072409334568,0.14454738885281598,2038,0.8522004674063691,2.828497546304791,755,1.0028561438188988,1.0030541777390263
TOI-2076_d,NIRISS_SOSS,obs14,SOSS_HDU3_ordem_1,jw05959014001_04102_00001-seg002_nis_x1dints.fits,seg002,3,296,60693.962595686,TDB-MID,2031.0460364208739,0.14451326149127125,2038,0.8522004674063691,2.828497546304791,756,0.9951337650509687,0.995330274033597
TOI-2076_d,NIRISS_SOSS,obs14,SOSS_HDU3_ordem_1,jw05959014001_04102_00001-seg002_nis_x1dints.fits,seg002,3,297,60693.96267276485,TDB-MID,2042.2150212395009,0.14453788546224614,2038,0.8522004674063691,2.828497546304791,757,1.000606134320325,1.0008037239312622
TOI-2076_d,NIRISS_SOSS,obs14,SOSS_HDU3_ordem_1,jw05959014001_04102_00001-seg002_nis_x1dints.fits,seg002,3,298,60693.96274984371,TDB-MID,2039.8164235164713,0.14453575654472972,2038,0.8522004674063691,2.828497546304791,758,0.9994309144877074,0.999628272028081
TOI-2076_d,NIRISS_SOSS,obs14,SOSS_HDU3_ordem_1,jw05959014001_04102_00001-seg002_nis_x1dints.fits,seg002,3,299,60693.962826922565,TDB-MID,2044.77414795829,0.14454873949194194,2038,0.8522004674063691,2.828497546304791,759,1.0018600071332717,1.00205784434637
TOI-2076_d,NIRISS_SOSS,obs14,SOSS_HDU3_ordem_1,jw05959014001_04102_00001-seg002_nis_x1dints.fits,seg002,3,300,60693.962904001426,TDB-MID,2046.318566621214,0.14454719237916624,2038,0.8522004674063691,2.828497546304791,760,1.002616712363626,1.0028146990032438
TOI-2076_d,NIRISS_SOSS,obs14,SOSS_HDU3_ordem_1,jw05959014001_04102_00001-seg002_nis_x1dints.fits,seg002,3,301,60693.96298108027,TDB-MID,2040.97422710904,0.14453742931764937,2038,0.8522004674063691,2.828497546304791,761,0.9999981933320081,1.0001956628928883
TOI-2076_d,NIRISS_SOSS,obs14,SOSS_HDU3_ordem_1,jw05959014001_04102_00001-seg002_nis_x1dints.fits,seg002,3,302,60693.96305815913,TDB-MID,2041.8805941146338,0.14453961100591406,2038,0.8522004674063691,2.828497546304791,762,1.0004422780029711,1.0006398352572148
TOI-2076_d,NIRISS_SOSS,obs14,SOSS_HDU3_ordem_1,jw05959014001_04102_00001-seg002_nis_x1dints.fits,seg002,3,303,60693.96313523799,TDB-MID,2041.536939344535,0.14452698675319453,2038,0.8522004674063691,2.828497546304791,763,1.0002739004974328,1.0004714245021842
TOI-2076_d,NIRISS_SOSS,obs14,SOSS_HDU3_ordem_1,jw05959014001_04102_00001-seg002_nis_x1dints.fits,seg002,3,304,60693.96321231684,TDB-MID,2044.4507579424421,0.14455501931759784,2038,0.8522004674063691,2.828497546304791,764,1.0017015585711613,1.001899364495435
TOI-2076_d,NIRISS_SOSS,obs14,SOSS_HDU3_ordem_1,jw05959014001_04102_00001-seg002_nis_x1dints.fits,seg002,3,305,60693.963289395695,TDB-MID,2039.6445268674197,0.1445351275833489,2038,0.8522004674063691,2.828497546304791,765,0.9993466917982642,0.9995440327071902
TOI-2076_d,NIRISS_SOSS,obs14,SOSS_HDU3_ordem_1,jw05959014001_04102_00001-seg002_nis_x1dints.fits,seg002,3,306,60693.96336647455,TDB-MID,2041.4705848668077,0.14453871158745915,2038,0.8522004674063691,2.828497546304791,766,1.0002413893775148,1.000438906962298
TOI-2076_d,NIRISS_SOSS,obs14,SOSS_HDU3_ordem_1,jw05959014001_04102_00001-seg002_nis_x1dints.fits,seg002,3,307,60693.96344355341,TDB-MID,2045.6470780394616,0.14454509966929732,2038,0.8522004674063691,2.828497546304791,767,1.0022877090084261,1.0024856306797785
TOI-2076_d,NIRISS_SOSS,obs14,SOSS_HDU3_ordem_1,jw05959014001_04102_00001-seg002_nis_x1dints.fits,seg002,3,308,60693.963520632264,TDB-MID,2031.603848890105,0.14451803295916907,2038,0.8522004674063691,2.828497546304791,768,0.9954070715210064,0.9956036344734408
TOI-2076_d,NIRISS_SOSS,obs14,SOSS_HDU3_ordem_1,jw05959014001_04102_00001-seg002_nis_x1dints.fits,seg002,3,309,60693.96359771112,TDB-MID,2042.803911078582,0.1445490311210856,2038,0.8522004674063691,2.828497546304791,769,1.0008946674959676,1.0010923140835273
TOI-2076_d,NIRISS_SOSS,obs14,SOSS_HDU3_ordem_1,jw05959014001_04102_00001-seg002_nis_x1dints.fits,seg002,3,310,60693.96367478997,TDB-MID,2040.967603511164,0.14454006213942164,2038,0.8522004674063691,2.828497546304791,770,0.9999949480260061,1.0001924169460361
TOI-2076_d,NIRISS_SOSS,obs14,SOSS_HDU3_ordem_1,jw05959014001_04102_00001-seg002_nis_x1dints.fits,seg002,3,311,60693.96375186883,TDB-MID,2042.641823254407,0.1445423691190759,2038,0.8522004674063691,2.828497546304791,771,1.0008152507501884,1.0010128816553299
TOI-2076_d,NIRISS_SOSS,obs14,SOSS_HDU3_ordem_1,jw05959014001_04102_00001-seg002_nis_x1dints.fits,seg002,3,312,60693.963828947686,TDB-MID,2036.9243849697534,0.14452441970692184,2038,0.8522004674063691,2.828497546304791,772,0.9980139277941219,0.9982110055222498
TOI-2076_d,NIRISS_SOSS,obs14,SOSS_HDU3_ordem_1,jw05959014001_04102_00001-seg002_nis_x1dints.fits,seg002,3,313,60693.96390602654,TDB-MID,2043.893745706821,0.14454082625158518,2038,0.8522004674063691,2.828497546304791,773,1.0014286441845481,1.0016263962164405
TOI-2076_d,NIRISS_SOSS,obs14,SOSS_HDU3_ordem_1,jw05959014001_04102_00001-seg002_nis_x1dints.fits,seg002,3,314,60693.963983105394,TDB-MID,2031.9596777185754,0.14451622705872336,2038,0.8522004674063691,2.828497546304791,774,0.9955814138428641,0.9957780112226624
TOI-2076_d,NIRISS_SOSS,obs14,SOSS_HDU3_ordem_1,jw05959014001_04102_00001-seg002_nis_x1dints.fits,seg002,3,315,60693.964060184255,TDB-MID,2043.4735195728222,0.1445415433258451,2038,0.8522004674063691,2.828497546304791,775,1.0012227496812232,1.0014204610551447
TOI-2076_d,NIRISS_SOSS,obs14,SOSS_HDU3_ordem_1,jw05959014001_04102_00001-seg002_nis_x1dints.fits,seg002,3,316,60693.9641372631,TDB-MID,2037.228426958024,0.1445288000298603,2038,0.8522004674063691,2.828497546304791,776,0.9981628965733105,0.9983600037182909
TOI-2076_d,NIRISS_SOSS,obs14,SOSS_HDU3_ordem_1,jw05959014001_04102_00001-seg002_nis_x1dints.fits,seg002,3,317,60693.96421434196,TDB-MID,2034.0535757537425,0.1445210335894645,2038,0.8522004674063691,2.828497546304791,777,0.9966073426490081,0.9968041426188832
TOI-2076_d,NIRISS_SOSS,obs14,SOSS_HDU3_ordem_1,jw05959014001_04102_00001-seg002_nis_x1dints.fits,seg002,3,318,60693.964291420816,TDB-MID,2035.5369619194694,0.14452427989236832,2038,0.8522004674063691,2.828497546304791,778,0.9973341443234426,0.9975310878147845
TOI-2076_d,NIRISS_SOSS,obs14,SOSS_HDU3_ordem_1,jw05959014001_04102_00001-seg002_nis_x1dints.fits,seg002,3,319,60693.96436849967,TDB-MID,2037.5477012795077,0.14452905115893863,2038,0.8522004674063691,2.828497546304791,779,0.9983193286048473,0.9985164666404481
TOI-2076_d,NIRISS_SOSS,obs14,SOSS_HDU3_ordem_1,jw05959014001_04102_00001-seg002_nis_x1dints.fits,seg002,3,320,60693.964445578524,TDB-MID,2033.2460800084282,0.1445184512551331,2038,0.8522004674063691,2.828497546304791,780,0.9962117010599512,0.9964084229025143
TOI-2076_d,NIRISS_SOSS,obs14,SOSS_HDU3_ordem_1,jw05959014001_04102_00001-seg002_nis_x1dints.fits,seg002,3,321,60693.96452265738,TDB-MID,2040.057996268898,0.1445331484746536,2038,0.8522004674063691,2.828497546304791,781,0.9995492757647761,0.9997466566779414
TOI-2076_d,NIRISS_SOSS,obs14,SOSS_HDU3_ordem_1,jw05959014001_04102_00001-seg002_nis_x1dints.fits,seg002,3,322,60693.96459973624,TDB-MID,2039.803782242053,0.14453240273555354,2038,0.8522004674063691,2.828497546304791,782,0.9994247207536505,0.999622077070948
TOI-2076_d,NIRISS_SOSS,obs14,SOSS_HDU3_ordem_1,jw05959014001_04102_00001-seg002_nis_x1dints.fits,seg002,3,323,60693.96467681509,TDB-MID,2043.8776755359313,0.14454305696666797,2038,0.8522004674063691,2.828497546304791,783,1.0014207704242415,1.0016185209013029
TOI-2076_d,NIRISS_SOSS,obs14,SOSS_HDU3_ordem_1,jw05959014001_04102_00001-seg002_nis_x1dints.fits,seg002,3,324,60693.964753893946,TDB-MID,2042.5119181102002,0.1445389851018262,2038,0.8522004674063691,2.828497546304791,784,1.0007516022690925,1.0009492206055737
TOI-2076_d,NIRISS_SOSS,obs14,SOSS_HDU3_ordem_1,jw05959014001_04102_00001-seg002_nis_x1dints.fits,seg002,3,325,60693.9648309728,TDB-MID,2030.5765163739932,0.14451264261065028,2038,0.8522004674063691,2.828497546304791,785,0.9949037184426492,0.9951001819979927
TOI-2076_d,NIRISS_SOSS,obs14,SOSS_HDU3_ordem_1,jw05959014001_04102_00001-seg002_nis_x1dints.fits,seg002,3,326,60693.96490805166,TDB-MID,2039.9257984286396,0.14453140719539315,2038,0.8522004674063691,2.828497546304791,786,0.9994845039515582,0.9996818720742389
TOI-2076_d,NIRISS_SOSS,obs14,SOSS_HDU3_ordem_1,jw05959014001_04102_00001-seg002_nis_x1dints.fits,seg002,3,327,60693.964985130515,TDB-MID,2044.1393067570327,0.14454206677871234,2038,0.8522004674063691,2.828497546304791,787,1.0015489595728087,1.0017467353633707
TOI-2076_d,NIRISS_SOSS,obs14,SOSS_HDU3_ordem_1,jw05959014001_04102_00001-seg002_nis_x1dints.fits,seg002,3,328,60693.96506220937,TDB-MID,2037.199265573615,0.14452711067693783,2038,0.8522004674063691,2.828497546304791,788,0.9981486086262424,0.9983457129497832
TOI-2076_d,NIRISS_SOSS,obs14,SOSS_HDU3_ordem_1,jw05959014001_04102_00001-seg002_nis_x1dints.fits,seg002,3,329,60693.96513928822,TDB-MID,2039.0621536573485,0.14453305413376208,2038,0.8522004674063691,2.828497546304791,789,0.999061351518029,0.9992586360808333
TOI-2076_d,NIRISS_SOSS,obs14,SOSS_HDU3_ordem_1,jw05959014001_04102_00001-seg002_nis_x1dints.fits,seg002,3,330,60693.965216367076,TDB-MID,2048.4176486814167,0.1445197195269224,2038,0.8522004674063691,2.828497546304791,790,1.0036451811409275,1.0038433708721899
TOI-2076_d,NIRISS_SOSS,obs14,SOSS_HDU3_ordem_1,jw05959014001_04102_00001-seg002_nis_x1dints.fits,seg002,3,331,60693.96529344594,TDB-MID,2049.780294479532,0.14456585356107193,2038,0.8522004674063691,2.828497546304791,791,1.0043128247192576,1.0045111462900427
TOI-2076_d,NIRISS_SOSS,obs14,SOSS_HDU3_ordem_1,jw05959014001_04102_00001-seg002_nis_x1dints.fits,seg002,3,332,60693.96537052479,TDB-MID,2040.1623877804834,0.14454052397847506,2038,0.8522004674063691,2.828497546304791,792,0.9996004235556684,0.9997978145689836
TOI-2076_d,NIRISS_SOSS,obs14,SOSS_HDU3_ordem_1,jw05959014001_04102_00001-seg002_nis_x1dints.fits,seg002,3,333,60693.965447603645,TDB-MID,2049.498086243032,0.14455476772953482,2038,0.8522004674063691,2.828497546304791,793,1.004174553631414,1.0043728478978184
TOI-2076_d,NIRISS_SOSS,obs14,SOSS_HDU3_ordem_1,jw05959014001_04102_00001-seg002_nis_x1dints.fits,seg002,3,334,60693.9655246825,TDB-MID,2039.767931688692,0.14453407207343338,2038,0.8522004674063691,2.828497546304791,794,0.9994071553732969,0.9996045082219601
TOI-2076_d,NIRISS_SOSS,obs14,SOSS_HDU3_ordem_1,jw05959014001_04102_00001-seg002_nis_x1dints.fits,seg002,3,335,60693.96560176136,TDB-MID,2036.0597209713185,0.14452536512358655,2038,0.8522004674063691,2.828497546304791,795,0.9975902759788322,0.9977872700484711
TOI-2076_d,NIRISS_SOSS,obs14,SOSS_HDU3_ordem_1,jw05959014001_04102_00001-seg002_nis_x1dints.fits,seg002,3,336,60693.96567884021,TDB-MID,2040.8009270439575,0.14453751681920254,2038,0.8522004674063691,2.828497546304791,796,0.9999132830231542,1.0001107358168027
TOI-2076_d,NIRISS_SOSS,obs14,SOSS_HDU3_ordem_1,jw05959014001_04102_00001-seg002_nis_x1dints.fits,seg002,3,337,60693.96575591907,TDB-MID,2042.0928296475847,0.1445422430786517,2038,0.8522004674063691,2.828497546304791,797,1.0005462651806105,1.0007438429691935
TOI-2076_d,NIRISS_SOSS,obs14,SOSS_HDU3_ordem_1,jw05959014001_04102_00001-seg002_nis_x1dints.fits,seg002,3,338,60693.96583299792,TDB-MID,2039.348926237244,0.1445331701860265,2038,0.8522004674063691,2.828497546304791,798,0.9992018589570665,0.9993991712658633
TOI-2076_d,NIRISS_SOSS,obs14,SOSS_HDU3_ordem_1,jw05959014001_04102_00001-seg002_nis_x1dints.fits,seg002,3,339,60693.965910076775,TDB-MID,2040.1167401775153,0.14453740161402925,2038,0.8522004674063691,2.828497546304791,799,0.9995780580010759,0.999775444597867
TOI-2076_d,NIRISS_SOSS,obs14,SOSS_HDU3_ordem_1,jw05959014001_04102_00001-seg002_nis_x1dints.fits,seg002,3,340,60693.965987155636,TDB-MID,2038.1171361512716,0.14453161320921196,2038,0.8522004674063691,2.828497546304791,800,0.9985983296012443,0.9987955227311489
TOI-2076_d,NIRISS_SOSS,obs14,SOSS_HDU3_ordem_1,jw05959014001_04102_00001-seg002_nis_x1dints.fits,seg002,3,341,60693.96606423448,TDB-MID,2039.3469693751395,0.1445332813805808,2038,0.8522004674063691,2.828497546304791,801,0.9992009001705501,0.9993982122900155
TOI-2076_d,NIRISS_SOSS,obs14,SOSS_HDU3_ordem_1,jw05959014001_04102_00001-seg002_nis_x1dints.fits,seg002,3,342,60693.96614131334,TDB-MID,2035.2271815573747,0.1445266250105127,2038,0.8522004674063691,2.828497546304791,802,0.9971823639636959,0.9973792774829827
TOI-2076_d,NIRISS_SOSS,obs14,SOSS_HDU3_ordem_1,jw05959014001_04102_00001-seg002_nis_x1dints.fits,seg002,3,343,60693.9662183922,TDB-MID,2043.4041840383697,0.14454217481018258,2038,0.8522004674063691,2.828497546304791,803,1.0011887779591575,1.001386482624686
TOI-2076_d,NIRISS_SOSS,obs14,SOSS_HDU3_ordem_1,jw05959014001_04102_00001-seg002_nis_x1dints.fits,seg002,3,344,60693.96629547105,TDB-MID,2039.449820160628,0.14453564737920366,2038,0.8522004674063691,2.828497546304791,804,0.999251293065426,0.9994486151359723
TOI-2076_d,NIRISS_SOSS,obs14,SOSS_HDU3_ordem_1,jw05959014001_04102_00001-seg002_nis_x1dints.fits,seg002,3,345,60693.966372549905,TDB-MID,2043.435179658137,0.14454056013021654,2038,0.8522004674063691,2.828497546304791,805,1.0012039646103934,1.0014016722748287
TOI-2076_d,NIRISS_SOSS,obs14,SOSS_HDU3_ordem_1,jw05959014001_04102_00001-seg002_nis_x1dints.fits,seg002,3,346,60693.966449628766,TDB-MID,2036.8610121641016,0.14452731138811595,2038,0.8522004674063691,2.828497546304791,806,0.9979828775778494,0.9981799491744937
TOI-2076_d,NIRISS_SOSS,obs14,SOSS_HDU3_ordem_1,jw05959014001_04102_00001-seg002_nis_x1dints.fits,seg002,3,347,60693.96652670762,TDB-MID,2036.4134586670455,0.14452813261727435,2038,0.8522004674063691,2.828497546304791,807,0.9977635937267695,0.9979606220214498
TOI-2076_d,NIRISS_SOSS,obs14,SOSS_HDU3_ordem_1,jw05959014001_04102_00001-seg002_nis_x1dints.fits,seg002,3,348,60693.96660378647,TDB-MID,2035.8352787496817,0.1445247238283989,2038,0.8522004674063691,2.828497546304791,808,0.9974803079972855,0.997677280351556
TOI-2076_d,NIRISS_SOSS,obs14,SOSS_HDU3_ordem_1,jw05959014001_04102_00001-seg002_nis_x1dints.fits,seg002,3,349,60693.96668086533,TDB-MID,2044.5680118526864,0.144544458148569,2038,0.8522004674063691,2.828497546304791,809,1.00175900843841,1.0019568257073044
TOI-2076_d,NIRISS_SOSS,obs14,SOSS_HDU3_ordem_1,jw05959014001_04102_00001-seg002_nis_x1dints.fits,seg002,3,350,60693.96675794419,TDB-MID,2036.6976246176055,0.14452408284001741,2038,0.8522004674063691,2.828497546304791,810,0.9979028240185547,0.9980998798070292
TOI-2076_d,NIRISS_SOSS,obs14,SOSS_HDU3_ordem_1,jw05959014001_04102_00001-seg002_nis_x1dints.fits,seg002,3,351,60693.96683502304,TDB-MID,2041.4648428610299,0.14453834979068433,2038,0.8522004674063691,2.828497546304791,811,1.0002385760174402,1.0004360930466696
TOI-2076_d,NIRISS_SOSS,obs14,SOSS_HDU3_ordem_1,jw05959014001_04102_00001-seg002_nis_x1dints.fits,seg002,3,352,60693.96691210189,TDB-MID,2045.556270125409,0.1445446186813828,2038,0.8522004674063691,2.828497546304791,812,1.0022432166533604,1.002441129538811
TOI-2076_d,NIRISS_SOSS,obs14,SOSS_HDU3_ordem_1,jw05959014001_04102_00001-seg002_nis_x1dints.fits,seg002,3,353,60693.96698918075,TDB-MID,2043.3049768626774,0.1445402372852256,2038,0.8522004674063691,2.828497546304791,813,1.0011401702917309,1.0013378653587073
TOI-2076_d,NIRISS_SOSS,obs14,SOSS_HDU3_ordem_1,jw05959014001_04102_00001-seg002_nis_x1dints.fits,seg002,3,354,60693.96706625961,TDB-MID,2042.960926749444,0.14454064235819622,2038,0.8522004674063691,2.828497546304791,814,1.0009715990833936,1.0011692608626275
TOI-2076_d,NIRISS_SOSS,obs14,SOSS_HDU3_ordem_1,jw05959014001_04102_00001-seg002_nis_x1dints.fits,seg002,3,355,60693.967143338465,TDB-MID,2034.0094731118074,0.14452386284486615,2038,0.8522004674063691,2.828497546304791,815,0.9965857340653863,0.9967825297682162
TOI-2076_d,NIRISS_SOSS,obs14,SOSS_HDU3_ordem_1,jw05959014001_04102_00001-seg002_nis_x1dints.fits,seg002,3,356,60693.96722041731,TDB-MID,2037.023709236004,0.1445272781059031,2038,0.8522004674063691,2.828497546304791,816,0.9980625928313798,0.9982596801693886
TOI-2076_d,NIRISS_SOSS,obs14,SOSS_HDU3_ordem_1,jw05959014001_04102_00001-seg002_nis_x1dints.fits,seg002,3,357,60693.96729749617,TDB-MID,2048.209576767731,0.1445538173031538,2038,0.8522004674063691,2.828497546304791,817,1.0035432339752037,1.0037414035749679
TOI-2076_d,NIRISS_SOSS,obs14,SOSS_HDU3_ordem_1,jw05959014001_04102_00001-seg002_nis_x1dints.fits,seg002,3,358,60693.967374575026,TDB-MID,2046.3191111223807,0.1445479706875984,2038,0.8522004674063691,2.828497546304791,818,1.0026169791480743,1.002814965840374
TOI-2076_d,NIRISS_SOSS,obs14,SOSS_HDU3_ordem_1,jw05959014001_04102_00001-seg002_nis_x1dints.fits,seg002,3,359,60693.96745165388,TDB-MID,2043.9068180725637,0.14454256607801347,2038,0.8522004674063691,2.828497546304791,819,1.0014350491366302,1.0016328024333079
TOI-2076_d,NIRISS_SOSS,obs14,SOSS_HDU3_ordem_1,jw05959014001_04102_00001-seg002_nis_x1dints.fits,seg002,3,360,60693.96752873273,TDB-MID,2045.045811820583,0.1445464880259141,2038,0.8522004674063691,2.828497546304791,820,1.0019931118868144,1.0021909753840974
TOI-2076_d,NIRISS_SOSS,obs14,SOSS_HDU3_ordem_1,jw05959014001_04102_00001-seg002_nis_x1dints.fits,seg002,3,361,60693.967605811595,TDB-MID,2039.8266880408592,0.1445360347100669,2038,0.8522004674063691,2.828497546304791,821,0.9994359437064535,0.9996333022399465
TOI-2076_d,NIRISS_SOSS,obs14,SOSS_HDU3_ordem_1,jw05959014001_04102_00001-seg002_nis_x1dints.fits,seg002,3,362,60693.96768289045,TDB-MID,2036.5592878507014,0.14452803401926667,2038,0.8522004674063691,2.828497546304791,822,0.997835044369435,0.9980320867734679
TOI-2076_d,NIRISS_SOSS,obs14,SOSS_HDU3_ordem_1,jw05959014001_04102_00001-seg002_nis_x1dints.fits,seg002,3,363,60693.967759969295,TDB-MID,2039.2509263974825,0.1445338992959357,2038,0.8522004674063691,2.828497546304791,823,0.9991538428374082,0.9993511456644658
TOI-2076_d,NIRISS_SOSS,obs14,SOSS_HDU3_ordem_1,jw05959014001_04102_00001-seg002_nis_x1dints.fits,seg002,3,364,60693.967837048156,TDB-MID,2037.2829397266567,0.14452951213633908,2038,0.8522004674063691,2.828497546304791,824,0.9981896057151615,0.998386718134394
TOI-2076_d,NIRISS_SOSS,obs14,SOSS_HDU3_ordem_1,jw05959014001_04102_00001-seg002_nis_x1dints.fits,seg002,3,365,60693.96791412702,TDB-MID,2038.6159900258556,0.14453243179700978,2038,0.8522004674063691,2.828497546304791,825,0.9988427486471562,0.9990399900424697
TOI-2076_d,NIRISS_SOSS,obs14,SOSS_HDU3_ordem_1,jw05959014001_04102_00001-seg002_nis_x1dints.fits,seg002,3,366,60693.96799120587,TDB-MID,2033.9476465358248,0.14452157593065781,2038,0.8522004674063691,2.828497546304791,826,0.9965554414416671,0.9967522311626151
TOI-2076_d,NIRISS_SOSS,obs14,SOSS_HDU3_ordem_1,jw05959014001_04102_00001-seg002_nis_x1dints.fits,seg002,3,367,60693.96806828472,TDB-MID,2039.1383813912687,0.1445319531745534,2038,0.8522004674063691,2.828497546304791,827,0.9990987001504563,0.9992959920884921
TOI-2076_d,NIRISS_SOSS,obs14,SOSS_HDU3_ordem_1,jw05959014001_04102_00001-seg002_nis_x1dints.fits,seg002,3,368,60693.96814536358,TDB-MID,2034.965874943772,0.14452542635338766,2038,0.8522004674063691,2.828497546304791,828,0.9970543338602101,0.9972512220974029
TOI-2076_d,NIRISS_SOSS,obs14,SOSS_HDU3_ordem_1,jw05959014001_04102_00001-seg002_nis_x1dints.fits,seg002,3,369,60693.96822244244,TDB-MID,2044.5932326657994,0.14454433068102068,2038,0.8522004674063691,2.828497546304791,829,1.0017713656584142,1.0019691853674877
TOI-2076_d,NIRISS_SOSS,obs14,SOSS_HDU3_ordem_1,jw05959014001_04102_00001-seg002_nis_x1dints.fits,seg002,3,370,60693.968299521286,TDB-MID,2049.0871033767576,0.1445560786648426,2038,0.8522004674063691,2.828497546304791,830,1.0039731879706888,1.004171442473433
TOI-2076_d,NIRISS_SOSS,obs14,SOSS_HDU3_ordem_1,jw05959014001_04102_00001-seg002_nis_x1dints.fits,seg002,3,371,60693.96837660014,TDB-MID,2039.773665826267,0.14453634174188407,2038,0.8522004674063691,2.828497546304791,831,0.9994099648782574,0.9996073182817133
TOI-2076_d,NIRISS_SOSS,obs14,SOSS_HDU3_ordem_1,jw05959014001_04102_00001-seg002_nis_x1dints.fits,seg002,3,372,60693.968453679,TDB-MID,2039.1272803376278,0.14453236153775767,2038,0.8522004674063691,2.828497546304791,832,0.9990932610648287,0.9992905519288087
TOI-2076_d,NIRISS_SOSS,obs14,SOSS_HDU3_ordem_1,jw05959014001_04102_00001-seg002_nis_x1dints.fits,seg002,3,373,60693.96853075786,TDB-MID,2041.4384490147418,0.14454218768461097,2038,0.8522004674063691,2.828497546304791,833,1.000225644056687,1.0004231585322432
TOI-2076_d,NIRISS_SOSS,obs14,SOSS_HDU3_ordem_1,jw05959014001_04102_00001-seg002_nis_x1dints.fits,seg002,3,374,60693.96860783671,TDB-MID,2034.9554157158113,0.14452341029905733,2038,0.8522004674063691,2.828497546304791,834,0.9970492092442668,0.9972460964695021
TOI-2076_d,NIRISS_SOSS,obs14,SOSS_HDU3_ordem_1,jw05959014001_04102_00001-seg002_nis_x1dints.fits,seg002,3,375,60693.96868491556,TDB-MID,2045.0333002147645,0.14454519357784504,2038,0.8522004674063691,2.828497546304791,835,1.001986981685341,1.0021848439720935
TOI-2076_d,NIRISS_SOSS,obs14,SOSS_HDU3_ordem_1,jw05959014001_04102_00001-seg002_nis_x1dints.fits,seg002,3,376,60693.96876199442,TDB-MID,2035.3684342889305,0.1445216910554678,2038,0.8522004674063691,2.828497546304791,836,0.9972515723223723,0.997448499508228
TOI-2076_d,NIRISS_SOSS,obs14,SOSS_HDU3_ordem_1,jw05959014001_04102_00001-seg002_nis_x1dints.fits,seg002,3,377,60693.96883907327,TDB-MID,2045.0078710062485,0.14454800163953901,2038,0.8522004674063691,2.828497546304791,837,1.0019745223596739,1.0021723821860844
TOI-2076_d,NIRISS_SOSS,obs14,SOSS_HDU3_ordem_1,jw05959014001_04102_00001-seg002_nis_x1dints.fits,seg002,3,378,60693.96891615213,TDB-MID,2043.1970620819532,0.1445396872369148,2038,0.8522004674063691,2.828497546304791,838,1.001087296235643,1.001284980861584
TOI-2076_d,NIRISS_SOSS,obs14,SOSS_HDU3_ordem_1,jw05959014001_04102_00001-seg002_nis_x1dints.fits,seg002,3,379,60693.968993230985,TDB-MID,2033.8971309126873,0.14451987935139465,2038,0.8522004674063691,2.828497546304791,839,0.9965306907460426,0.9967274755794728
TOI-2076_d,NIRISS_SOSS,obs14,SOSS_HDU3_ordem_1,jw05959014001_04102_00001-seg002_nis_x1dints.fits,seg002,3,380,60693.969070309846,TDB-MID,2036.0003011837125,0.14452657199954985,2038,0.8522004674063691,2.828497546304791,840,0.9975611625880482,0.997758150908668
TOI-2076_d,NIRISS_SOSS,obs14,SOSS_HDU3_ordem_1,jw05959014001_04102_00001-seg002_nis_x1dints.fits,seg002,3,381,60693.96914738869,TDB-MID,2053.6020887188533,0.14456269606031455,2038,0.8522004674063691,2.828497546304791,841,1.0061853556330955,1.0063840469724057
TOI-2076_d,NIRISS_SOSS,obs14,SOSS_HDU3_ordem_1,jw05959014001_04102_00001-seg002_nis_x1dints.fits,seg002,3,382,60693.96922446755,TDB-MID,2043.8593933051259,0.14453997252134548,2038,0.8522004674063691,2.828497546304791,842,1.0014118128403913,1.0016095615485994
TOI-2076_d,NIRISS_SOSS,obs14,SOSS_HDU3_ordem_1,jw05959014001_04102_00001-seg002_nis_x1dints.fits,seg002,3,383,60693.96930154641,TDB-MID,2044.1214937238237,0.1445420599513475,2038,0.8522004674063691,2.828497546304791,843,1.0015402318775786,1.0017380059446834
TOI-2076_d,NIRISS_SOSS,obs14,SOSS_HDU3_ordem_1,jw05959014001_04102_00001-seg002_nis_x1dints.fits,seg002,3,384,60693.96937862526,TDB-MID,2038.1825264307065,0.14452813270139878,2038,0.8522004674063691,2.828497546304791,844,0.9986303683014042,0.9988275677579883
TOI-2076_d,NIRISS_SOSS,obs14,SOSS_HDU3_ordem_1,jw05959014001_04102_00001-seg002_nis_x1dints.fits,seg002,3,385,60693.969455704115,TDB-MID,2038.9113386975046,0.14453015700530503,2038,0.8522004674063691,2.828497546304791,845,0.9989874580384503,0.9991847280095154
TOI-2076_d,NIRISS_SOSS,obs14,SOSS_HDU3_ordem_1,jw05959014001_04102_00001-seg002_nis_x1dints.fits,seg002,3,386,60693.96953278297,TDB-MID,2033.7430479048096,0.14452167136248956,2038,0.8522004674063691,2.828497546304791,846,0.9964551960497088,0.9966519659752074
TOI-2076_d,NIRISS_SOSS,obs14,SOSS_HDU3_ordem_1,jw05959014001_04102_00001-seg002_nis_x1dints.fits,seg002,3,387,60693.96960986183,TDB-MID,2039.497886333965,0.14453308606949022,2038,0.8522004674063691,2.828497546304791,847,0.9992748436256728,0.9994721703467461
TOI-2076_d,NIRISS_SOSS,obs14,SOSS_HDU3_ordem_1,jw05959014001_04102_00001-seg002_nis_x1dints.fits,seg002,3,388,60693.96968694068,TDB-MID,2037.1902172704513,0.14452669995894687,2038,0.8522004674063691,2.828497546304791,848,0.9981441753087138,0.9983412787568078
TOI-2076_d,NIRISS_SOSS,obs14,SOSS_HDU3_ordem_1,jw05959014001_04102_00001-seg002_nis_x1dints.fits,seg002,3,389,60693.96976401954,TDB-MID,2042.9431736820177,0.14453936190762431,2038,0.8522004674063691,2.828497546304791,849,1.0009629007690706,1.001160560830649
TOI-2076_d,NIRISS_SOSS,obs14,SOSS_HDU3_ordem_1,jw05959014001_04102_00001-seg002_nis_x1dints.fits,seg002,3,390,60693.96984109839,TDB-MID,2041.1446022816713,0.14453819141483398,2038,0.8522004674063691,2.828497546304791,850,1.00008167055703,1.000279156602151
TOI-2076_d,NIRISS_SOSS,obs14,SOSS_HDU3_ordem_1,jw05959014001_04102_00001-seg002_nis_x1dints.fits,seg002,3,391,60693.969918177245,TDB-MID,2042.8570136485732,0.14454395566872635,2038,0.8522004674063691,2.828497546304791,851,1.000920685695192,1.0011183374205632
TOI-2076_d,NIRISS_SOSS,obs14,SOSS_HDU3_ordem_1,jw05959014001_04102_00001-seg002_nis_x1dints.fits,seg002,3,392,60693.969995256106,TDB-MID,2040.4724895555298,0.1445357727658648,2038,0.8522004674063691,2.828497546304791,852,0.9997523613952924,0.9999497824117605
TOI-2076_d,NIRISS_SOSS,obs14,SOSS_HDU3_ordem_1,jw05959014001_04102_00001-seg002_nis_x1dints.fits,seg002,3,393,60693.97007233496,TDB-MID,2036.3217648311047,0.14452718677605256,2038,0.8522004674063691,2.828497546304791,853,0.997718667304347,0.9979156867274103
TOI-2076_d,NIRISS_SOSS,obs14,SOSS_HDU3_ordem_1,jw05959014001_04102_00001-seg002_nis_x1dints.fits,seg002,3,394,60693.97014941381,TDB-MID,2041.8276340433194,0.1445392658655447,2038,0.8522004674063691,2.828497546304791,854,1.0004163296225703,1.0006138817527894
TOI-2076_d,NIRISS_SOSS,obs14,SOSS_HDU3_ordem_1,jw05959014001_04102_00001-seg002_nis_x1dints.fits,seg002,3,395,60693.97022649267,TDB-MID,2037.4471861474262,0.14452737179859845,2038,0.8522004674063691,2.828497546304791,855,0.9982700800895309,0.9984672084000316
TOI-2076_d,NIRISS_SOSS,obs14,SOSS_HDU3_ordem_1,jw05959014001_04102_00001-seg002_nis_x1dints.fits,seg002,3,396,60693.97030357153,TDB-MID,2036.2503177217,0.14452729484604002,2038,0.8522004674063691,2.828497546304791,856,0.9976836609924717,0.9978806735028415
TOI-2076_d,NIRISS_SOSS,obs14,SOSS_HDU3_ordem_1,jw05959014001_04102_00001-seg002_nis_x1dints.fits,seg002,3,397,60693.97038065038,TDB-MID,2035.7095090892176,0.14452851457508745,2038,0.8522004674063691,2.828497546304791,857,0.9974186857427907,0.9976156459285198
TOI-2076_d,NIRISS_SOSS,obs14,SOSS_HDU3_ordem_1,jw05959014001_04102_00001-seg002_nis_x1dints.fits,seg002,3,398,60693.97045772923,TDB-MID,2038.8987856942274,0.14453091899385329,2038,0.8522004674063691,2.828497546304791,858,0.9989813075538282,0.9991785763103576
TOI-2076_d,NIRISS_SOSS,obs14,SOSS_HDU3_ordem_1,jw05959014001_04102_00001-seg002_nis_x1dints.fits,seg002,3,399,60693.97053480809,TDB-MID,2039.8308623972364,0.14453780136828853,2038,0.8522004674063691,2.828497546304791,859,0.9994379889791375,0.9996353479165103
TOI-2076_d,NIRISS_SOSS,obs14,SOSS_HDU3_ordem_1,jw05959014001_04102_00001-seg002_nis_x1dints.fits,seg002,3,400,60693.97061188694,TDB-MID,2046.552678103299,0.14455069875091675,2038,0.8522004674063691,2.828497546304791,860,1.0027314179076814,1.0029294271981934
TOI-2076_d,NIRISS_SOSS,obs14,SOSS_HDU3_ordem_1,jw05959014001_04102_00001-seg002_nis_x1dints.fits,seg002,3,401,60693.970688965805,TDB-MID,2038.2721499235022,0.14453054279972882,2038,0.8522004674063691,2.828497546304791,861,0.9986742803360028,0.9988714884638928
TOI-2076_d,NIRISS_SOSS,obs14,SOSS_HDU3_ordem_1,jw05959014001_04102_00001-seg002_nis_x1dints.fits,seg002,3,402,60693.97076604465,TDB-MID,2038.924635078928,0.14453319172319606,2038,0.8522004674063691,2.828497546304791,862,0.9989939727495254,0.99919124400705
TOI-2076_d,NIRISS_SOSS,obs14,SOSS_HDU3_ordem_1,jw05959014001_04102_00001-seg002_nis_x1dints.fits,seg002,3,403,60693.97084312351,TDB-MID,2038.0240593391702,0.14453123752210514,2038,0.8522004674063691,2.828497546304791,863,0.9985527255741546,0.9987499096986358
TOI-2076_d,NIRISS_SOSS,obs14,SOSS_HDU3_ordem_1,jw05959014001_04102_00001-seg002_nis_x1dints.fits,seg002,3,404,60693.970920202366,TDB-MID,2039.8115683796682,0.1445353061199301,2038,0.8522004674063691,2.828497546304791,864,0.999428535659025,0.9996258927296515
TOI-2076_d,NIRISS_SOSS,obs14,SOSS_HDU3_ordem_1,jw05959014001_04102_00001-seg002_nis_x1dints.fits,seg002,3,405,60693.97099728121,TDB-MID,2040.9336980540602,0.1445375239528272,2038,0.8522004674063691,2.828497546304791,865,0.99997833566736,1.0001758013069488
TOI-2076_d,NIRISS_SOSS,obs14,SOSS_HDU3_ordem_1,jw05959014001_04102_00001-seg002_nis_x1dints.fits,seg002,3,406,60693.97107436007,TDB-MID,2039.512549385754,0.14453484631612185,2038,0.8522004674063691,2.828497546304791,866,0.9992820279522081,0.9994793560919698
TOI-2076_d,NIRISS_SOSS,obs14,SOSS_HDU3_ordem_1,jw05959014001_04102_00001-seg002_nis_x1dints.fits,seg002,3,407,60693.971151438935,TDB-MID,2039.7305068423289,0.14454032576470302,2038,0.8522004674063691,2.828497546304791,867,0.9993888186504457,0.9995861678781579
TOI-2076_d,NIRISS_SOSS,obs14,SOSS_HDU3_ordem_1,jw05959014001_04102_00001-seg002_nis_x1dints.fits,seg002,3,408,60693.97122851779,TDB-MID,2031.7303439343323,0.14451648917611376,2038,0.8522004674063691,2.828497546304791,868,0.9954690491854045,0.9956656243765631
TOI-2076_d,NIRISS_SOSS,obs14,SOSS_HDU3_ordem_1,jw05959014001_04102_00001-seg002_nis_x1dints.fits,seg002,3,409,60693.971305596635,TDB-MID,2040.7868356954766,0.1445383509891994,2038,0.8522004674063691,2.828497546304791,869,0.9999063788090611,1.000103830239335
TOI-2076_d,NIRISS_SOSS,obs14,SOSS_HDU3_ordem_1,jw05959014001_04102_00001-seg002_nis_x1dints.fits,seg002,3,410,60693.971382675496,TDB-MID,2044.5348483537268,0.14454439870729383,2038,0.8522004674063691,2.828497546304791,870,1.001742759610471,1.0019405736707108
TOI-2076_d,NIRISS_SOSS,obs14,SOSS_HDU3_ordem_1,jw05959014001_04102_00001-seg002_nis_x1dints.fits,seg002,3,411,60693.97145975436,TDB-MID,2037.469948731144,0.14452869621724324,2038,0.8522004674063691,2.828497546304791,871,0.9982812328724966,0.9984783633853364
TOI-2076_d,NIRISS_SOSS,obs14,SOSS_HDU3_ordem_1,jw05959014001_04102_00001-seg002_nis_x1dints.fits,seg002,3,412,60693.9715368332,TDB-MID,2047.9073094538805,0.14454906556970573,2038,0.8522004674063691,2.828497546304791,872,1.003395134717634,1.00359327507225
TOI-2076_d,NIRISS_SOSS,obs14,SOSS_HDU3_ordem_1,jw05959014001_04102_00001-seg002_nis_x1dints.fits,seg002,3,413,60693.97161391206,TDB-MID,2039.5159949959423,0.14453366139155224,2038,0.8522004674063691,2.828497546304791,873,0.9992837161675306,0.9994810446406641
TOI-2076_d,NIRISS_SOSS,obs14,SOSS_HDU3_ordem_1,jw05959014001_04102_00001-seg002_nis_x1dints.fits,seg002,3,414,60693.97169099092,TDB-MID,2045.7462213071121,0.14452284219675807,2038,0.8522004674063691,2.828497546304791,874,1.0023362853633917,1.002534216627113
TOI-2076_d,NIRISS_SOSS,obs14,SOSS_HDU3_ordem_1,jw05959014001_04102_00001-seg002_nis_x1dints.fits,seg002,3,415,60693.97176806978,TDB-MID,2039.8555792662273,0.14453326421413673,2038,0.8522004674063691,2.828497546304791,875,0.9994500992860721,0.9996474606148662
TOI-2076_d,NIRISS_SOSS,obs14,SOSS_HDU3_ordem_1,jw05959014001_04102_00001-seg002_nis_x1dints.fits,seg002,3,416,60693.971845148626,TDB-MID,2035.0152254651887,0.14452246699424498,2038,0.8522004674063691,2.828497546304791,876,0.9970785137011906,0.9972754067131746
TOI-2076_d,NIRISS_SOSS,obs14,SOSS_HDU3_ordem_1,jw05959014001_04102_00001-seg002_nis_x1dints.fits,seg002,3,417,60693.97192222748,TDB-MID,2046.505129386499,0.1445498236421465,2038,0.8522004674063691,2.828497546304791,877,1.0027081208810635,1.0029061255711138
TOI-2076_d,NIRISS_SOSS,obs14,SOSS_HDU3_ordem_1,jw05959014001_04102_00001-seg002_nis_x1dints.fits,seg002,3,418,60693.97199930634,TDB-MID,2038.4299182501218,0.1445319422092433,2038,0.8522004674063691,2.828497546304791,878,0.9987515806955513,0.998948804087937
TOI-2076_d,NIRISS_SOSS,obs14,SOSS_HDU3_ordem_1,jw05959014001_04102_00001-seg002_nis_x1dints.fits,seg002,3,419,60693.97207638519,TDB-MID,2038.4163442733304,0.14453075281551947,2038,0.8522004674063691,2.828497546304791,879,0.998744929973515,0.9989421520525831
TOI-2076_d,NIRISS_SOSS,obs14,SOSS_HDU3_ordem_1,jw05959014001_04102_00001-seg002_nis_x1dints.fits,seg002,3,420,60693.97215346405,TDB-MID,2041.3207624907868,0.1445375887312512,2038,0.8522004674063691,2.828497546304791,880,1.000167982225503,1.000365485314582
TOI-2076_d,NIRISS_SOSS,obs14,SOSS_HDU3_ordem_1,jw05959014001_04102_00001-seg002_nis_x1dints.fits,seg002,3,421,60693.9722305429,TDB-MID,2042.225790612334,0.1445404919021776,2038,0.8522004674063691,2.828497546304791,881,1.000611410895224,1.0008090015481261
TOI-2076_d,NIRISS_SOSS,obs14,SOSS_HDU3_ordem_1,jw05959014001_04102_00001-seg002_nis_x1dints.fits,seg002,3,422,60693.97230762176,TDB-MID,2038.852342654021,0.14455881473803656,2038,0.8522004674063691,2.828497546304791,882,0.9989585522658473,0.9991558165288918
TOI-2076_d,NIRISS_SOSS,obs14,SOSS_HDU3_ordem_1,jw05959014001_04102_00001-seg002_nis_x1dints.fits,seg002,3,423,60693.97238470061,TDB-MID,2038.354041242685,0.14453261580710366,2038,0.8522004674063691,2.828497546304791,883,0.9987144039054947,0.9989116199565826
TOI-2076_d,NIRISS_SOSS,obs14,SOSS_HDU3_ordem_1,jw05959014001_04102_00001-seg002_nis_x1dints.fits,seg002,3,424,60693.97246177946,TDB-MID,2037.154729513913,0.1445262822189848,2038,0.8522004674063691,2.828497546304791,884,0.9981267876847291,0.9983238876992903
TOI-2076_d,NIRISS_SOSS,obs14,SOSS_HDU3_ordem_1,jw05959014001_04102_00001-seg002_nis_x1dints.fits,seg002,3,425,60693.972538858325,TDB-MID,2036.281923085471,0.14452736223737192,2038,0.8522004674063691,2.828497546304791,885,0.9976991463946149,0.9978961619628858
TOI-2076_d,NIRISS_SOSS,obs14,SOSS_HDU3_ordem_1,jw05959014001_04102_00001-seg002_nis_x1dints.fits,seg002,3,426,60693.97261593718,TDB-MID,2038.2805852393503,0.14452953626879955,2038,0.8522004674063691,2.828497546304791,886,0.9986784133135271,0.9988756222575559
TOI-2076_d,NIRISS_SOSS,obs14,SOSS_HDU3_ordem_1,jw05959014001_04102_00001-seg002_nis_x1dints.fits,seg002,3,427,60693.97269301603,TDB-MID,2047.363291589611,0.14454854687268093,2038,0.8522004674063691,2.828497546304791,887,1.0031285870688769,1.0033266747883505
TOI-2076_d,NIRISS_SOSS,obs14,SOSS_HDU3_ordem_1,jw05959014001_04102_00001-seg002_nis_x1dints.fits,seg002,3,428,60693.972770094886,TDB-MID,2038.510780905834,0.14453063344713615,2038,0.8522004674063691,2.828497546304791,888,0.9987912002598487,0.9989884314759064
TOI-2076_d,NIRISS_SOSS,obs14,SOSS_HDU3_ordem_1,jw05959014001_04102_00001-seg002_nis_x1dints.fits,seg002,3,429,60693.97284717375,TDB-MID,2045.3163561066706,0.14454639885035755,2038,0.8522004674063691,2.828497546304791,889,1.0021256680914497,1.0023235577645955
TOI-2076_d,NIRISS_SOSS,obs14,SOSS_HDU3_ordem_1,jw05959014001_04102_00001-seg002_nis_x1dints.fits,seg002,3,430,60693.9729242526,TDB-MID,2046.32850645783,0.14454586386095597,2038,0.8522004674063691,2.828497546304791,890,1.00262158249796,1.0028195700992828
TOI-2076_d,NIRISS_SOSS,obs14,SOSS_HDU3_ordem_1,jw05959014001_04102_00001-seg002_nis_x1dints.fits,seg002,3,431,60693.973001331455,TDB-MID,2043.57102420573,0.14454098321171566,2038,0.8522004674063691,2.828497546304791,891,1.0012705231687342,1.0014682439764826
TOI-2076_d,NIRISS_SOSS,obs14,SOSS_HDU3_ordem_1,jw05959014001_04102_00001-seg002_nis_x1dints.fits,seg002,3,432,60693.97307841031,TDB-MID,2039.8181005192082,0.14453476272993562,2038,0.8522004674063691,2.828497546304791,892,0.9994317361539905,0.9996290938566185
TOI-2076_d,NIRISS_SOSS,obs14,SOSS_HDU3_ordem_1,jw05959014001_04102_00001-seg002_nis_x1dints.fits,seg002,3,433,60693.97315548916,TDB-MID,2040.5661223442853,0.14453628697119375,2038,0.8522004674063691,2.828497546304791,893,0.999798237829374,0.9999956679050577
TOI-2076_d,NIRISS_SOSS,obs14,SOSS_HDU3_ordem_1,jw05959014001_04102_00001-seg002_nis_x1dints.fits,seg002,3,434,60693.97323256802,TDB-MID,2041.2761175577466,0.14453586725004358,2038,0.8522004674063691,2.828497546304791,894,1.0001461079402776,1.0003436067098432
TOI-2076_d,NIRISS_SOSS,obs14,SOSS_HDU3_ordem_1,jw05959014001_04102_00001-seg002_nis_x1dints.fits,seg002,3,435,60693.97330964688,TDB-MID,2050.1438028979605,0.1445565983844935,2038,0.8522004674063691,2.828497546304791,895,1.0044909297422713,1.0046892864834405
TOI-2076_d,NIRISS_SOSS,obs14,SOSS_HDU3_ordem_1,jw05959014001_04102_00001-seg002_nis_x1dints.fits,seg002,3,436,60693.973386725724,TDB-MID,2046.134713105007,0.14454810353326897,2038,0.8522004674063691,2.828497546304791,896,1.0025266312731338,1.002724600124446
TOI-2076_d,NIRISS_SOSS,obs14,SOSS_HDU3_ordem_1,jw05959014001_04102_00001-seg002_nis_x1dints.fits,seg002,3,437,60693.973463804585,TDB-MID,2038.6572849039917,0.14453021484619796,2038,0.8522004674063691,2.828497546304791,897,0.9988629815354413,0.9990602269261416
TOI-2076_d,NIRISS_SOSS,obs14,SOSS_HDU3_ordem_1,jw05959014001_04102_00001-seg002_nis_x1dints.fits,seg002,3,438,60693.973540883446,TDB-MID,2037.6810777175817,0.14453328666265053,2038,0.8522004674063691,2.828497546304791,898,0.9983846778852721,0.9985818288253899
TOI-2076_d,NIRISS_SOSS,obs14,SOSS_HDU3_ordem_1,jw05959014001_04102_00001-seg002_nis_x1dints.fits,seg002,3,439,60693.9736179623,TDB-MID,2041.4466586524459,0.14453563437402192,2038,0.8522004674063691,2.828497546304791,899,1.0002296664606758,1.0004271817305357
TOI-2076_d,NIRISS_SOSS,obs14,SOSS_HDU3_ordem_1,jw05959014001_04102_00001-seg002_nis_x1dints.fits,seg002,3,440,60693.973695041146,TDB-MID,2038.5373859555623,0.14453405265749733,2038,0.8522004674063691,2.828497546304791,900,0.9988042357020941,0.9990014694922594
TOI-2076_d,NIRISS_SOSS,obs14,SOSS_HDU3_ordem_1,jw05959014001_04102_00001-seg002_nis_x1dints.fits,seg002,3,441,60693.97377212001,TDB-MID,2040.7131514494345,0.14453781983084782,2038,0.8522004674063691,2.828497546304791,901,0.9998702763870213,1.000067720688153
TOI-2076_d,NIRISS_SOSS,obs14,SOSS_HDU3_ordem_1,jw05959014001_04102_00001-seg002_nis_x1dints.fits,seg002,3,442,60693.97384919886,TDB-MID,2042.5378162621869,0.14454137375345252,2038,0.8522004674063691,2.828497546304791,902,1.0007642913588681,1.0009619122010627
TOI-2076_d,NIRISS_SOSS,obs14,SOSS_HDU3_ordem_1,jw05959014001_04102_00001-seg002_nis_x1dints.fits,seg002,3,443,60693.973926277715,TDB-MID,2040.9786886317904,0.14453492160614526,2038,0.8522004674063691,2.828497546304791,903,1.0000003793050747,1.000197849297619
TOI-2076_d,NIRISS_SOSS,obs14,SOSS_HDU3_ordem_1,jw05959014001_04102_00001-seg002_nis_x1dints.fits,seg002,3,444,60693.97400335657,TDB-MID,2041.5947804936586,0.14453631020821675,2038,0.8522004674063691,2.828497546304791,904,1.0003022404166024,1.0004997700176355
TOI-2076_d,NIRISS_SOSS,obs14,SOSS_HDU3_ordem_1,jw05959014001_04102_00001-seg002_nis_x1dints.fits,seg002,3,445,60693.97408043543,TDB-MID,2045.543781548397,0.14454707929523397,2038,0.8522004674063691,2.828497546304791,905,1.0022370977351087,1.0024350094122572
TOI-2076_d,NIRISS_SOSS,obs14,SOSS_HDU3_ordem_1,jw05959014001_04102_00001-seg002_nis_x1dints.fits,seg002,3,446,60693.97415751428,TDB-MID,2040.607639161316,0.1445411949918339,2038,0.8522004674063691,2.828497546304791,906,0.9998185794591076,1.0000160135516512
TOI-2076_d,NIRISS_SOSS,obs14,SOSS_HDU3_ordem_1,jw05959014001_04102_00001-seg002_nis_x1dints.fits,seg002,3,447,60693.97423459313,TDB-MID,2041.879989579922,0.14453707549392583,2038,0.8522004674063691,2.828497546304791,907,1.0004419818044148,1.000639539000168
TOI-2076_d,NIRISS_SOSS,obs14,SOSS_HDU3_ordem_1,jw05959014001_04102_00001-seg002_nis_x1dints.fits,seg002,3,448,60693.97431167199,TDB-MID,2040.3130926694498,0.14453546841413356,2038,0.8522004674063691,2.828497546304791,908,0.999674263104787,0.9998716686991921
TOI-2076_d,NIRISS_SOSS,obs14,SOSS_HDU3_ordem_1,jw05959014001_04102_00001-seg002_nis_x1dints.fits,seg002,3,449,60693.97438875085,TDB-MID,2036.7310717398607,0.1445277138499527,2038,0.8522004674063691,2.828497546304791,909,0.9979192118109055,0.998116270835476
TOI-2076_d,NIRISS_SOSS,obs14,SOSS_HDU3_ordem_1,jw05959014001_04102_00001-seg002_nis_x1dints.fits,seg002,3,450,60693.9744658297,TDB-MID,2048.1224646852293,0.14455050658726093,2038,0.8522004674063691,2.828497546304791,910,1.003500552434221,1.0036987136056648
TOI-2076_d,NIRISS_SOSS,obs14,SOSS_HDU3_ordem_1,jw05959014001_04102_00001-seg002_nis_x1dints.fits,seg002,3,451,60693.97454290855,TDB-MID,2040.7444814714295,0.14453474818929604,2038,0.8522004674063691,2.828497546304791,911,0.9998856268823759,1.0000830742147686
TOI-2076_d,NIRISS_SOSS,obs14,SOSS_HDU3_ordem_1,jw05959014001_04102_00001-seg002_nis_x1dints.fits,seg002,3,452,60693.97461998741,TDB-MID,2040.2466931473555,0.14453460575940766,2038,0.8522004674063691,2.828497546304791,912,0.9996417299148768,0.9998391290849554
TOI-2076_d,NIRISS_SOSS,obs14,SOSS_HDU3_ordem_1,jw05959014001_04102_00001-seg002_nis_x1dints.fits,seg002,3,453,60693.97469706627,TDB-MID,2053.2782096191795,0.14456448167176236,2038,0.8522004674063691,2.828497546304791,913,1.006026667438884,1.0062253274420498
TOI-2076_d,NIRISS_SOSS,obs14,SOSS_HDU3_ordem_1,jw05959014001_04102_00001-seg002_nis_x1dints.fits,seg002,3,454,60693.97477414512,TDB-MID,2037.0581172685177,0.1445280297309279,2038,0.8522004674063691,2.828497546304791,914,0.9980794514324796,0.998276542099555
TOI-2076_d,NIRISS_SOSS,obs14,SOSS_HDU3_ordem_1,jw05959014001_04102_00001-seg002_nis_x1dints.fits,seg002,3,455,60693.974851223975,TDB-MID,2043.0306497386036,0.14454456144249203,2038,0.8522004674063691,2.828497546304791,915,1.0010057606432345,1.0012034291683487
TOI-2076_d,NIRISS_SOSS,obs14,SOSS_HDU3_ordem_1,jw05959014001_04102_00001-seg002_nis_x1dints.fits,seg002,3,456,60693.974928302836,TDB-MID,2040.796425939386,0.1445357587502067,2038,0.8522004674063691,2.828497546304791,916,0.9999110776565308,1.000108530014686
TOI-2076_d,NIRISS_SOSS,obs14,SOSS_HDU3_ordem_1,jw05959014001_04102_00001-seg002_nis_x1dints.fits,seg002,3,457,60693.97500538169,TDB-MID,2039.0081003160635,0.14453432044060402,2038,0.8522004674063691,2.828497546304791,917,0.9990348674777552,0.9992321468107583
TOI-2076_d,NIRISS_SOSS,obs14,SOSS_HDU3_ordem_1,jw05959014001_04102_00001-seg002_nis_x1dints.fits,seg002,3,458,60693.97508246054,TDB-MID,2034.726098713268,0.14452534688125523,2038,0.8522004674063691,2.828497546304791,918,0.9969368528091889,0.9971337178474082
TOI-2076_d,NIRISS_SOSS,obs14,SOSS_HDU3_ordem_1,jw05959014001_04102_00001-seg002_nis_x1dints.fits,seg002,3,459,60693.9751595394,TDB-MID,2037.9095823601656,0.14453029749234234,2038,0.8522004674063691,2.828497546304791,919,0.9984966362954846,0.9986938093440205
TOI-2076_d,NIRISS_SOSS,obs14,SOSS_HDU3_ordem_1,jw05959014001_04102_00001-seg003_nis_x1dints.fits,seg003,3,0,60693.97523661825,TDB-MID,2039.9605034355473,0.144528073799797,2038,0.8522004674063691,2.828497546304791,920,0.9995015080585902,0.9991109689887769
TOI-2076_d,NIRISS_SOSS,obs14,SOSS_HDU3_ordem_1,jw05959014001_04102_00001-seg003_nis_x1dints.fits,seg003,3,1,60693.975313697105,TDB-MID,2047.151076470052,0.14454559951897467,2038,0.8522004674063691,2.828497546304791,921,1.0030246098930076,1.0026326942280595
TOI-2076_d,NIRISS_SOSS,obs14,SOSS_HDU3_ordem_1,jw05959014001_04102_00001-seg003_nis_x1dints.fits,seg003,3,2,60693.975390775966,TDB-MID,2042.3487936573827,0.14453234870917592,2038,0.8522004674063691,2.828497546304791,922,1.0006716776154938,1.0002806813208274
TOI-2076_d,NIRISS_SOSS,obs14,SOSS_HDU3_ordem_1,jw05959014001_04102_00001-seg003_nis_x1dints.fits,seg003,3,3,60693.97546785482,TDB-MID,2035.418635230194,0.1445194464401889,2038,0.8522004674063691,2.828497546304791,923,0.9972761688360863,0.9968864992816294
TOI-2076_d,NIRISS_SOSS,obs14,SOSS_HDU3_ordem_1,jw05959014001_04102_00001-seg003_nis_x1dints.fits,seg003,3,4,60693.97554493367,TDB-MID,2043.283749558924,0.1445336023880083,2038,0.8522004674063691,2.828497546304791,924,1.001129769736388,1.0007385944496245
TOI-2076_d,NIRISS_SOSS,obs14,SOSS_HDU3_ordem_1,jw05959014001_04102_00001-seg003_nis_x1dints.fits,seg003,3,5,60693.97562201253,TDB-MID,2043.0601819911346,0.14453307283182754,2038,0.8522004674063691,2.828497546304791,925,1.0010202303012947,1.0006290978152965
TOI-2076_d,NIRISS_SOSS,obs14,SOSS_HDU3_ordem_1,jw05959014001_04102_00001-seg003_nis_x1dints.fits,seg003,3,6,60693.97569909138,TDB-MID,2038.881526548446,0.14452476453201477,2038,0.8522004674063691,2.828497546304791,926,0.9989728512419499,0.9985825187362486
TOI-2076_d,NIRISS_SOSS,obs14,SOSS_HDU3_ordem_1,jw05959014001_04102_00001-seg003_nis_x1dints.fits,seg003,3,7,60693.975776170235,TDB-MID,2037.0588149258638,0.14452223772874878,2038,0.8522004674063691,2.828497546304791,927,0.9980797932575141,0.9976898096997951
TOI-2076_d,NIRISS_SOSS,obs14,SOSS_HDU3_ordem_1,jw05959014001_04102_00001-seg003_nis_x1dints.fits,seg003,3,8,60693.975853249096,TDB-MID,2050.4182384303995,0.14455412972921586,2038,0.8522004674063691,2.828497546304791,928,1.0046253925066608,1.004232851361763
TOI-2076_d,NIRISS_SOSS,obs14,SOSS_HDU3_ordem_1,jw05959014001_04102_00001-seg003_nis_x1dints.fits,seg003,3,9,60693.97593032795,TDB-MID,2042.3667892645274,0.14453359128337653,2038,0.8522004674063691,2.828497546304791,929,1.0006804947648695,1.0002894950250445
TOI-2076_d,NIRISS_SOSS,obs14,SOSS_HDU3_ordem_1,jw05959014001_04102_00001-seg003_nis_x1dints.fits,seg003,3,10,60693.976007406796,TDB-MID,2046.9139225099925,0.14454544765946936,2038,0.8522004674063691,2.828497546304791,930,1.0029084136527753,1.0025165433896313
TOI-2076_d,NIRISS_SOSS,obs14,SOSS_HDU3_ordem_1,jw05959014001_04102_00001-seg003_nis_x1dints.fits,seg003,3,11,60693.97608448566,TDB-MID,2043.4801479706953,0.14453559538596258,2038,0.8522004674063691,2.828497546304791,931,1.0012259973390376,1.0008347844528929
TOI-2076_d,NIRISS_SOSS,obs14,SOSS_HDU3_ordem_1,jw05959014001_04102_00001-seg003_nis_x1dints.fits,seg003,3,12,60693.97616156452,TDB-MID,2050.217628308458,0.14455051754784026,2038,0.8522004674063691,2.828497546304791,932,1.0045271013294177,1.00413459859021
TOI-2076_d,NIRISS_SOSS,obs14,SOSS_HDU3_ordem_1,jw05959014001_04102_00001-seg003_nis_x1dints.fits,seg003,3,13,60693.97623864337,TDB-MID,2037.7608868949303,0.14452572519213117,2038,0.8522004674063691,2.828497546304791,933,0.99842378128604,0.9980336633205552
TOI-2076_d,NIRISS_SOSS,obs14,SOSS_HDU3_ordem_1,jw05959014001_04102_00001-seg003_nis_x1dints.fits,seg003,3,14,60693.97631572222,TDB-MID,2046.3088593257453,0.14454255163915852,2038,0.8522004674063691,2.828497546304791,934,1.0026119561654332,1.0022202017382638
TOI-2076_d,NIRISS_SOSS,obs14,SOSS_HDU3_ordem_1,jw05959014001_04102_00001-seg003_nis_x1dints.fits,seg003,3,15,60693.97639280108,TDB-MID,2046.6113073155082,0.14454349350428194,2038,0.8522004674063691,2.828497546304791,935,1.0027601439471907,1.0023683316180392
TOI-2076_d,NIRISS_SOSS,obs14,SOSS_HDU3_ordem_1,jw05959014001_04102_00001-seg003_nis_x1dints.fits,seg003,3,16,60693.97646987994,TDB-MID,2044.469240939694,0.14453970758363158,2038,0.8522004674063691,2.828497546304791,936,1.0017106145227817,1.0013192122803003
TOI-2076_d,NIRISS_SOSS,obs14,SOSS_HDU3_ordem_1,jw05959014001_04102_00001-seg003_nis_x1dints.fits,seg003,3,17,60693.97654695879,TDB-MID,2041.8346821232722,0.14453716763692315,2038,0.8522004674063691,2.828497546304791,937,1.0004197829083226,1.0000288850374444
TOI-2076_d,NIRISS_SOSS,obs14,SOSS_HDU3_ordem_1,jw05959014001_04102_00001-seg003_nis_x1dints.fits,seg003,3,18,60693.97662403764,TDB-MID,2036.5208384424295,0.144536982607054,2038,0.8522004674063691,2.828497546304791,938,0.9978162056509957,0.9974263250858764
TOI-2076_d,NIRISS_SOSS,obs14,SOSS_HDU3_ordem_1,jw05959014001_04102_00001-seg003_nis_x1dints.fits,seg003,3,19,60693.9767011165,TDB-MID,2038.3633511568485,0.1445258228930455,2038,0.8522004674063691,2.828497546304791,939,0.9987189654022641,0.9983287320983538
TOI-2076_d,NIRISS_SOSS,obs14,SOSS_HDU3_ordem_1,jw05959014001_04102_00001-seg003_nis_x1dints.fits,seg003,3,20,60693.97677819535,TDB-MID,2046.5581621042645,0.1445407139058789,2038,0.8522004674063691,2.828497546304791,940,1.002734104855407,1.00234230270061
TOI-2076_d,NIRISS_SOSS,obs14,SOSS_HDU3_ordem_1,jw05959014001_04102_00001-seg003_nis_x1dints.fits,seg003,3,21,60693.97685527421,TDB-MID,2043.1187805266968,0.14453342374352632,2038,0.8522004674063691,2.828497546304791,941,1.0010489413104373,1.0006577976060758
TOI-2076_d,NIRISS_SOSS,obs14,SOSS_HDU3_ordem_1,jw05959014001_04102_00001-seg003_nis_x1dints.fits,seg003,3,22,60693.97693235306,TDB-MID,2044.2224906503452,0.14453769500086475,2038,0.8522004674063691,2.828497546304791,942,1.0015897164534795,1.001198361449966
TOI-2076_d,NIRISS_SOSS,obs14,SOSS_HDU3_ordem_1,jw05959014001_04102_00001-seg003_nis_x1dints.fits,seg003,3,23,60693.977009431925,TDB-MID,2044.005353859363,0.14453681858924702,2038,0.8522004674063691,2.828497546304791,943,1.0014833278495452,1.00109201441566
TOI-2076_d,NIRISS_SOSS,obs14,SOSS_HDU3_ordem_1,jw05959014001_04102_00001-seg003_nis_x1dints.fits,seg003,3,24,60693.97708651077,TDB-MID,2040.1066071569658,0.14453325580987864,2038,0.8522004674063691,2.828497546304791,944,0.999573093214109,0.9991825261735526
TOI-2076_d,NIRISS_SOSS,obs14,SOSS_HDU3_ordem_1,jw05959014001_04102_00001-seg003_nis_x1dints.fits,seg003,3,25,60693.97716358963,TDB-MID,2043.1569380009707,0.14453937386702437,2038,0.8522004674063691,2.828497546304791,945,1.001067636992543,1.0006764859831458
TOI-2076_d,NIRISS_SOSS,obs14,SOSS_HDU3_ordem_1,jw05959014001_04102_00001-seg003_nis_x1dints.fits,seg003,3,26,60693.977240668486,TDB-MID,2038.7813634455667,0.14452625357731383,2038,0.8522004674063691,2.828497546304791,946,0.998923775207286,0.9985334618772526
TOI-2076_d,NIRISS_SOSS,obs14,SOSS_HDU3_ordem_1,jw05959014001_04102_00001-seg003_nis_x1dints.fits,seg003,3,27,60693.97731774734,TDB-MID,2042.0323206638827,0.14453585429902205,2038,0.8522004674063691,2.828497546304791,947,1.0005166181259937,1.0001256824183182
TOI-2076_d,NIRISS_SOSS,obs14,SOSS_HDU3_ordem_1,jw05959014001_04102_00001-seg003_nis_x1dints.fits,seg003,3,28,60693.97739482619,TDB-MID,2044.1431015289465,0.14453832073464828,2038,0.8522004674063691,2.828497546304791,948,1.0015508188638313,1.0011594790589224
TOI-2076_d,NIRISS_SOSS,obs14,SOSS_HDU3_ordem_1,jw05959014001_04102_00001-seg003_nis_x1dints.fits,seg003,3,29,60693.97747190505,TDB-MID,2042.5108140190919,0.14453307860578504,2038,0.8522004674063691,2.828497546304791,949,1.0007510613072819,1.00036003399472
TOI-2076_d,NIRISS_SOSS,obs14,SOSS_HDU3_ordem_1,jw05959014001_04102_00001-seg003_nis_x1dints.fits,seg003,3,30,60693.9775489839,TDB-MID,2048.565806762195,0.14454971136604175,2038,0.8522004674063691,2.828497546304791,950,1.0037177728528353,1.003325586345657
TOI-2076_d,NIRISS_SOSS,obs14,SOSS_HDU3_ordem_1,jw05959014001_04102_00001-seg003_nis_x1dints.fits,seg003,3,31,60693.97762606276,TDB-MID,2042.1916503060302,0.14453575225221701,2038,0.8522004674063691,2.828497546304791,951,1.000594683469581,1.0002037172591334
TOI-2076_d,NIRISS_SOSS,obs14,SOSS_HDU3_ordem_1,jw05959014001_04102_00001-seg003_nis_x1dints.fits,seg003,3,32,60693.977703141616,TDB-MID,2036.735472140952,0.14452543186835162,2038,0.8522004674063691,2.828497546304791,952,0.9979213678367302,0.9975314461811855
TOI-2076_d,NIRISS_SOSS,obs14,SOSS_HDU3_ordem_1,jw05959014001_04102_00001-seg003_nis_x1dints.fits,seg003,3,33,60693.97778022047,TDB-MID,2041.7618653802742,0.14453249540633337,2038,0.8522004674063691,2.828497546304791,953,1.0003841055291205,0.9999932215986018
TOI-2076_d,NIRISS_SOSS,obs14,SOSS_HDU3_ordem_1,jw05959014001_04102_00001-seg003_nis_x1dints.fits,seg003,3,34,60693.977857299324,TDB-MID,2046.119003501693,0.14454176381577644,2038,0.8522004674063691,2.828497546304791,954,1.0025189341769514,1.0021272160966215
TOI-2076_d,NIRISS_SOSS,obs14,SOSS_HDU3_ordem_1,jw05959014001_04102_00001-seg003_nis_x1dints.fits,seg003,3,35,60693.977934378185,TDB-MID,2037.1894847585681,0.14452368167445934,2038,0.8522004674063691,2.828497546304791,955,0.9981438164063083,0.997753807832578
TOI-2076_d,NIRISS_SOSS,obs14,SOSS_HDU3_ordem_1,jw05959014001_04102_00001-seg003_nis_x1dints.fits,seg003,3,36,60693.97801145704,TDB-MID,2036.4448862468364,0.14452302901558664,2038,0.8522004674063691,2.828497546304791,956,0.9977789920216593,0.9973891259971646
TOI-2076_d,NIRISS_SOSS,obs14,SOSS_HDU3_ordem_1,jw05959014001_04102_00001-seg003_nis_x1dints.fits,seg003,3,37,60693.978088535885,TDB-MID,2038.5145871002903,0.1445956875816913,2038,0.8522004674063691,2.828497546304791,957,0.998793065147474,0.9984028028902852
TOI-2076_d,NIRISS_SOSS,obs14,SOSS_HDU3_ordem_1,jw05959014001_04102_00001-seg003_nis_x1dints.fits,seg003,3,38,60693.978165614746,TDB-MID,2054.3057929103643,0.1445630615062624,2038,0.8522004674063691,2.828497546304791,958,1.0065301433872984,1.0061368579917607
TOI-2076_d,NIRISS_SOSS,obs14,SOSS_HDU3_ordem_1,jw05959014001_04102_00001-seg003_nis_x1dints.fits,seg003,3,39,60693.97824269361,TDB-MID,2046.228241576551,0.14454241066084159,2038,0.8522004674063691,2.828497546304791,959,1.0025724565958287,1.002180717602478
TOI-2076_d,NIRISS_SOSS,obs14,SOSS_HDU3_ordem_1,jw05959014001_04102_00001-seg003_nis_x1dints.fits,seg003,3,40,60693.978319772454,TDB-MID,2039.5420531137413,0.1445278485055233,2038,0.8522004674063691,2.828497546304791,960,0.9992964836343485,0.9989060246745174
TOI-2076_d,NIRISS_SOSS,obs14,SOSS_HDU3_ordem_1,jw05959014001_04102_00001-seg003_nis_x1dints.fits,seg003,3,41,60693.97839685131,TDB-MID,2037.429783970906,0.14452434909132772,2038,0.8522004674063691,2.828497546304791,961,0.9982615536981395,0.9978714991204642
TOI-2076_d,NIRISS_SOSS,obs14,SOSS_HDU3_ordem_1,jw05959014001_04102_00001-seg003_nis_x1dints.fits,seg003,3,42,60693.97847393017,TDB-MID,2045.221622494409,0.1445453314902928,2038,0.8522004674063691,2.828497546304791,962,1.0020792522965556,1.0016877060148186
TOI-2076_d,NIRISS_SOSS,obs14,SOSS_HDU3_ordem_1,jw05959014001_04102_00001-seg003_nis_x1dints.fits,seg003,3,43,60693.978551009015,TDB-MID,2041.09738662922,0.1445306771011972,2038,0.8522004674063691,2.828497546304791,963,1.000058536719022,0.999667779999257
TOI-2076_d,NIRISS_SOSS,obs14,SOSS_HDU3_ordem_1,jw05959014001_04102_00001-seg003_nis_x1dints.fits,seg003,3,44,60693.978628087876,TDB-MID,2044.6417883443237,0.14453849779525482,2038,0.8522004674063691,2.828497546304791,964,1.0017951560572127,1.0014037207814923
TOI-2076_d,NIRISS_SOSS,obs14,SOSS_HDU3_ordem_1,jw05959014001_04102_00001-seg003_nis_x1dints.fits,seg003,3,45,60693.97870516673,TDB-MID,2039.8034632877886,0.1445267107515557,2038,0.8522004674063691,2.828497546304791,965,0.9994245644784345,0.9990340554730824
TOI-2076_d,NIRISS_SOSS,obs14,SOSS_HDU3_ordem_1,jw05959014001_04102_00001-seg003_nis_x1dints.fits,seg003,3,46,60693.97878224559,TDB-MID,2039.295857027078,0.14452615609491723,2038,0.8522004674063691,2.828497546304791,966,0.9991758571028624,0.9987854452759001
TOI-2076_d,NIRISS_SOSS,obs14,SOSS_HDU3_ordem_1,jw05959014001_04102_00001-seg003_nis_x1dints.fits,seg003,3,47,60693.97885932444,TDB-MID,2051.8771603638143,0.1445533561732657,2038,0.8522004674063691,2.828497546304791,967,1.0053402076563327,1.0049473872089614
TOI-2076_d,NIRISS_SOSS,obs14,SOSS_HDU3_ordem_1,jw05959014001_04102_00001-seg003_nis_x1dints.fits,seg003,3,48,60693.97893640329,TDB-MID,2040.144658485187,0.14453148156362564,2038,0.8522004674063691,2.828497546304791,968,0.9995917368887668,0.9992011625634956
TOI-2076_d,NIRISS_SOSS,obs14,SOSS_HDU3_ordem_1,jw05959014001_04102_00001-seg003_nis_x1dints.fits,seg003,3,49,60693.97901348215,TDB-MID,2035.4771856456468,0.1445188313593784,2038,0.8522004674063691,2.828497546304791,969,0.997304856268242,0.9969151755046344
TOI-2076_d,NIRISS_SOSS,obs14,SOSS_HDU3_ordem_1,jw05959014001_04102_00001-seg003_nis_x1dints.fits,seg003,3,50,60693.979090561006,TDB-MID,2040.4724873409116,0.14452891087935738,2038,0.8522004674063691,2.828497546304791,970,0.9997523603102154,0.9993617232239368
TOI-2076_d,NIRISS_SOSS,obs14,SOSS_HDU3_ordem_1,jw05959014001_04102_00001-seg003_nis_x1dints.fits,seg003,3,51,60693.97916763986,TDB-MID,2040.4280522157237,0.1445302190812021,2038,0.8522004674063691,2.828497546304791,971,0.9997305888226983,0.9993399602432766
TOI-2076_d,NIRISS_SOSS,obs14,SOSS_HDU3_ordem_1,jw05959014001_04102_00001-seg003_nis_x1dints.fits,seg003,3,52,60693.979244718714,TDB-MID,2039.0830909366764,0.14452723455881683,2038,0.8522004674063691,2.828497546304791,972,0.9990716099726548,0.9986812388785746
TOI-2076_d,NIRISS_SOSS,obs14,SOSS_HDU3_ordem_1,jw05959014001_04102_00001-seg003_nis_x1dints.fits,seg003,3,53,60693.97932179757,TDB-MID,2043.746626430901,0.1445371494608158,2038,0.8522004674063691,2.828497546304791,973,1.001356561446721,1.0009652975447603
TOI-2076_d,NIRISS_SOSS,obs14,SOSS_HDU3_ordem_1,jw05959014001_04102_00001-seg003_nis_x1dints.fits,seg003,3,54,60693.97939887643,TDB-MID,2051.5298589032896,0.1445528891948398,2038,0.8522004674063691,2.828497546304791,974,1.005170043413956,1.0047772894555138
TOI-2076_d,NIRISS_SOSS,obs14,SOSS_HDU3_ordem_1,jw05959014001_04102_00001-seg003_nis_x1dints.fits,seg003,3,55,60693.97947595528,TDB-MID,2043.9352608464956,0.14453586424623646,2038,0.8522004674063691,2.828497546304791,975,1.0014489849924422,1.0010576849774737
TOI-2076_d,NIRISS_SOSS,obs14,SOSS_HDU3_ordem_1,jw05959014001_04102_00001-seg003_nis_x1dints.fits,seg003,3,56,60693.979553034136,TDB-MID,2045.8176926513372,0.14454067421085082,2038,0.8522004674063691,2.828497546304791,976,1.0023713035493889,1.0019796431533419
TOI-2076_d,NIRISS_SOSS,obs14,SOSS_HDU3_ordem_1,jw05959014001_04102_00001-seg003_nis_x1dints.fits,seg003,3,57,60693.97963011299,TDB-MID,2045.7904970653517,0.14454043661872876,2038,0.8522004674063691,2.828497546304791,977,1.0023579787672867,1.0019663235776832
TOI-2076_d,NIRISS_SOSS,obs14,SOSS_HDU3_ordem_1,jw05959014001_04102_00001-seg003_nis_x1dints.fits,seg003,3,58,60693.97970719185,TDB-MID,2042.0712482448814,0.14453226404644764,2038,0.8522004674063691,2.828497546304791,978,1.000535691130519,1.0001447479703751
TOI-2076_d,NIRISS_SOSS,obs14,SOSS_HDU3_ordem_1,jw05959014001_04102_00001-seg003_nis_x1dints.fits,seg003,3,59,60693.979784270705,TDB-MID,2041.0899875295268,0.14452974344416303,2038,0.8522004674063691,2.828497546304791,979,1.0000549114472144,0.9996641561439659
TOI-2076_d,NIRISS_SOSS,obs14,SOSS_HDU3_ordem_1,jw05959014001_04102_00001-seg003_nis_x1dints.fits,seg003,3,60,60693.97986134955,TDB-MID,2044.552044276763,0.1445344976889838,2038,0.8522004674063691,2.828497546304791,980,1.0017511849456568,1.0013597668509377
TOI-2076_d,NIRISS_SOSS,obs14,SOSS_HDU3_ordem_1,jw05959014001_04102_00001-seg003_nis_x1dints.fits,seg003,3,61,60693.97993842841,TDB-MID,2042.4257002438712,0.1445338089966624,2038,0.8522004674063691,2.828497546304791,981,1.000709358859344,1.0003183478413404
TOI-2076_d,NIRISS_SOSS,obs14,SOSS_HDU3_ordem_1,jw05959014001_04102_00001-seg003_nis_x1dints.fits,seg003,3,62,60693.980015507266,TDB-MID,2038.2713053134582,0.14452553420890898,2038,0.8522004674063691,2.828497546304791,982,0.9986738665098472,0.9982836508276007
TOI-2076_d,NIRISS_SOSS,obs14,SOSS_HDU3_ordem_1,jw05959014001_04102_00001-seg003_nis_x1dints.fits,seg003,3,63,60693.98009258612,TDB-MID,2046.2447301019643,0.14454273296244047,2038,0.8522004674063691,2.828497546304791,983,1.0025805353336221,1.002188793183635
TOI-2076_d,NIRISS_SOSS,obs14,SOSS_HDU3_ordem_1,jw05959014001_04102_00001-seg003_nis_x1dints.fits,seg003,3,64,60693.980169664974,TDB-MID,2047.8452274406395,0.14456065288372574,2038,0.8522004674063691,2.828497546304791,984,1.0033647169395676,1.0029726683832847
TOI-2076_d,NIRISS_SOSS,obs14,SOSS_HDU3_ordem_1,jw05959014001_04102_00001-seg003_nis_x1dints.fits,seg003,3,65,60693.980246743835,TDB-MID,2049.9853248655586,0.1445481360469137,2038,0.8522004674063691,2.828497546304791,985,1.004413281654422,1.0040208233884136
TOI-2076_d,NIRISS_SOSS,obs14,SOSS_HDU3_ordem_1,jw05959014001_04102_00001-seg003_nis_x1dints.fits,seg003,3,66,60693.98032382268,TDB-MID,2048.9640808287113,0.14454625612699656,2038,0.8522004674063691,2.828497546304791,986,1.0039129116947068,1.003520648940178
TOI-2076_d,NIRISS_SOSS,obs14,SOSS_HDU3_ordem_1,jw05959014001_04102_00001-seg003_nis_x1dints.fits,seg003,3,67,60693.980400901535,TDB-MID,2035.634012482141,0.14452134514748824,2038,0.8522004674063691,2.828497546304791,987,0.9973816953341533,0.9969919845469218
TOI-2076_d,NIRISS_SOSS,obs14,SOSS_HDU3_ordem_1,jw05959014001_04102_00001-seg003_nis_x1dints.fits,seg003,3,68,60693.980477980396,TDB-MID,2035.4502967694618,0.14451838366878209,2038,0.8522004674063691,2.828497546304791,988,0.9972916817620436,0.9969020061461615
TOI-2076_d,NIRISS_SOSS,obs14,SOSS_HDU3_ordem_1,jw05959014001_04102_00001-seg003_nis_x1dints.fits,seg003,3,69,60693.98055505925,TDB-MID,2044.122640853091,0.1445370310841756,2038,0.8522004674063691,2.828497546304791,989,1.0015407939264176,1.0011494580385911
TOI-2076_d,NIRISS_SOSS,obs14,SOSS_HDU3_ordem_1,jw05959014001_04102_00001-seg003_nis_x1dints.fits,seg003,3,70,60693.980632138104,TDB-MID,2042.1950587236747,0.14453147030782332,2038,0.8522004674063691,2.828497546304791,990,1.000596353462,1.0002053865990297
TOI-2076_d,NIRISS_SOSS,obs14,SOSS_HDU3_ordem_1,jw05959014001_04102_00001-seg003_nis_x1dints.fits,seg003,3,71,60693.98070921696,TDB-MID,2043.0967565861197,0.14453593560452363,2038,0.8522004674063691,2.828497546304791,991,1.0010381504339554,1.0006470109459547
TOI-2076_d,NIRISS_SOSS,obs14,SOSS_HDU3_ordem_1,jw05959014001_04102_00001-seg003_nis_x1dints.fits,seg003,3,72,60693.98078629582,TDB-MID,2047.3806584775314,0.14454359481575663,2038,0.8522004674063691,2.828497546304791,992,1.0031370961702235,1.0027451365530795
TOI-2076_d,NIRISS_SOSS,obs14,SOSS_HDU3_ordem_1,jw05959014001_04102_00001-seg003_nis_x1dints.fits,seg003,3,73,60693.98086337467,TDB-MID,2042.5641871034404,0.14452819840708767,2038,0.8522004674063691,2.828497546304791,993,1.000777212048047,1.0003861745175056
TOI-2076_d,NIRISS_SOSS,obs14,SOSS_HDU3_ordem_1,jw05959014001_04102_00001-seg003_nis_x1dints.fits,seg003,3,74,60693.980940453526,TDB-MID,2043.0327648248444,0.14453758757298799,2038,0.8522004674063691,2.828497546304791,994,1.0010067969534395,1.000615669716305
TOI-2076_d,NIRISS_SOSS,obs14,SOSS_HDU3_ordem_1,jw05959014001_04102_00001-seg003_nis_x1dints.fits,seg003,3,75,60693.98101753238,TDB-MID,2047.3352497239587,0.14454689180943156,2038,0.8522004674063691,2.828497546304791,995,1.0031148476425689,1.0027228967186776
TOI-2076_d,NIRISS_SOSS,obs14,SOSS_HDU3_ordem_1,jw05959014001_04102_00001-seg003_nis_x1dints.fits,seg003,3,76,60693.981094611234,TDB-MID,2040.9359872522507,0.14453236296882324,2038,0.8522004674063691,2.828497546304791,996,0.9999794572856658,0.9995887314649122
TOI-2076_d,NIRISS_SOSS,obs14,SOSS_HDU3_ordem_1,jw05959014001_04102_00001-seg003_nis_x1dints.fits,seg003,3,77,60693.981171690095,TDB-MID,2042.5971902226904,0.14453589168485026,2038,0.8522004674063691,2.828497546304791,997,1.00079338229615,1.0004023384473453
TOI-2076_d,NIRISS_SOSS,obs14,SOSS_HDU3_ordem_1,jw05959014001_04102_00001-seg003_nis_x1dints.fits,seg003,3,78,60693.98124876895,TDB-MID,2039.860332040137,0.1445260694059863,2038,0.8522004674063691,2.828497546304791,998,0.9994524279609078,0.99906190806835
TOI-2076_d,NIRISS_SOSS,obs14,SOSS_HDU3_ordem_1,jw05959014001_04102_00001-seg003_nis_x1dints.fits,seg003,3,79,60693.981325847795,TDB-MID,2045.0218052298403,0.144541611943817,2038,0.8522004674063691,2.828497546304791,999,1.001981349588667,1.0015898415608313
TOI-2076_d,NIRISS_SOSS,obs14,SOSS_HDU3_ordem_1,jw05959014001_04102_00001-seg003_nis_x1dints.fits,seg003,3,80,60693.981402926656,TDB-MID,2033.2263185434106,0.14451409300198512,2038,0.8522004674063691,2.828497546304791,1000,0.9962020187087226,0.9958127688610778
TOI-2076_d,NIRISS_SOSS,obs14,SOSS_HDU3_ordem_1,jw05959014001_04102_00001-seg003_nis_x1dints.fits,seg003,3,81,60693.98148000552,TDB-MID,2039.8509986561376,0.14452783479285003,2038,0.8522004674063691,2.828497546304791,1001,0.9994478549648291,0.9990573368590957
TOI-2076_d,NIRISS_SOSS,obs14,SOSS_HDU3_ordem_1,jw05959014001_04102_00001-seg003_nis_x1dints.fits,seg003,3,82,60693.981557084364,TDB-MID,2046.5954558898643,0.1445416246377997,2038,0.8522004674063691,2.828497546304791,1002,1.0027523773635685,1.0023605680690841
TOI-2076_d,NIRISS_SOSS,obs14,SOSS_HDU3_ordem_1,jw05959014001_04102_00001-seg003_nis_x1dints.fits,seg003,3,83,60693.98163416322,TDB-MID,2041.8870549372382,0.14451404027624043,2038,0.8522004674063691,2.828497546304791,1003,1.0004454435554049,1.000054535658043
TOI-2076_d,NIRISS_SOSS,obs14,SOSS_HDU3_ordem_1,jw05959014001_04102_00001-seg003_nis_x1dints.fits,seg003,3,84,60693.98171124208,TDB-MID,2040.8901351507343,0.1445287425658809,2038,0.8522004674063691,2.828497546304791,1004,0.9999569915347181,0.9995662744920938
TOI-2076_d,NIRISS_SOSS,obs14,SOSS_HDU3_ordem_1,jw05959014001_04102_00001-seg003_nis_x1dints.fits,seg003,3,85,60693.98178832093,TDB-MID,2042.2428121386515,0.14453270700150567,2038,0.8522004674063691,2.828497546304791,1005,1.0006197507827832,1.000228774777688
TOI-2076_d,NIRISS_SOSS,obs14,SOSS_HDU3_ordem_1,jw05959014001_04102_00001-seg003_nis_x1dints.fits,seg003,3,86,60693.981865399786,TDB-MID,2045.978989426084,0.1445387248419928,2038,0.8522004674063691,2.828497546304791,1006,1.002450332711636,1.0020586414362207
TOI-2076_d,NIRISS_SOSS,obs14,SOSS_HDU3_ordem_1,jw05959014001_04102_00001-seg003_nis_x1dints.fits,seg003,3,87,60693.98194247864,TDB-MID,2047.9467502567757,0.1445460187860384,2038,0.8522004674063691,2.828497546304791,1007,1.0034144591809784,1.0030223911887182
TOI-2076_d,NIRISS_SOSS,obs14,SOSS_HDU3_ordem_1,jw05959014001_04102_00001-seg003_nis_x1dints.fits,seg003,3,88,60693.9820195575,TDB-MID,2043.355546657666,0.14453720424235608,2038,0.8522004674063691,2.828497546304791,1008,1.0011649475294608,1.0007737584975431
TOI-2076_d,NIRISS_SOSS,obs14,SOSS_HDU3_ordem_1,jw05959014001_04102_00001-seg003_nis_x1dints.fits,seg003,3,89,60693.98209663635,TDB-MID,2039.83485837289,0.14452865330122078,2038,0.8522004674063691,2.828497546304791,1009,0.9994399468521872,0.9990494318364209
TOI-2076_d,NIRISS_SOSS,obs14,SOSS_HDU3_ordem_1,jw05959014001_04102_00001-seg003_nis_x1dints.fits,seg003,3,90,60693.9821737152,TDB-MID,2042.489417620801,0.1445312354723055,2038,0.8522004674063691,2.828497546304791,1010,1.0007405779021754,1.000349554685835
TOI-2076_d,NIRISS_SOSS,obs14,SOSS_HDU3_ordem_1,jw05959014001_04102_00001-seg003_nis_x1dints.fits,seg003,3,91,60693.98225079406,TDB-MID,2036.5098875742087,0.14452534424832653,2038,0.8522004674063691,2.828497546304791,1011,0.9978108401503977,0.997420961681761
TOI-2076_d,NIRISS_SOSS,obs14,SOSS_HDU3_ordem_1,jw05959014001_04102_00001-seg003_nis_x1dints.fits,seg003,3,92,60693.982327872916,TDB-MID,2032.0690256474454,0.1445119341949626,2038,0.8522004674063691,2.828497546304791,1012,0.9956349900859456,0.9952459617955762
TOI-2076_d,NIRISS_SOSS,obs14,SOSS_HDU3_ordem_1,jw05959014001_04102_00001-seg003_nis_x1dints.fits,seg003,3,93,60693.98240495177,TDB-MID,2041.210924602021,0.14452915636792127,2038,0.8522004674063691,2.828497546304791,1013,1.0001141659210802,0.9997233874651031
TOI-2076_d,NIRISS_SOSS,obs14,SOSS_HDU3_ordem_1,jw05959014001_04102_00001-seg003_nis_x1dints.fits,seg003,3,94,60693.982482030624,TDB-MID,2035.7739760787974,0.1445218346635843,2038,0.8522004674063691,2.828497546304791,1014,0.9974502720667399,0.9970605344842579
TOI-2076_d,NIRISS_SOSS,obs14,SOSS_HDU3_ordem_1,jw05959014001_04102_00001-seg003_nis_x1dints.fits,seg003,3,95,60693.98255910948,TDB-MID,2046.1028431406994,0.14454007273823008,2038,0.8522004674063691,2.828497546304791,1015,1.0025110162269926,1.0021193012404737
TOI-2076_d,NIRISS_SOSS,obs14,SOSS_HDU3_ordem_1,jw05959014001_04102_00001-seg003_nis_x1dints.fits,seg003,3,96,60693.98263618834,TDB-MID,2041.8471069832244,0.14452827454250408,2038,0.8522004674063691,2.828497546304791,1016,1.0004258706076867,1.0000349703581382
TOI-2076_d,NIRISS_SOSS,obs14,SOSS_HDU3_ordem_1,jw05959014001_04102_00001-seg003_nis_x1dints.fits,seg003,3,97,60693.98271326719,TDB-MID,2042.9552049177898,0.1445336127955767,2038,0.8522004674063691,2.828497546304791,1017,1.0009687956078568,1.0005776832191342
TOI-2076_d,NIRISS_SOSS,obs14,SOSS_HDU3_ordem_1,jw05959014001_04102_00001-seg003_nis_x1dints.fits,seg003,3,98,60693.98279034604,TDB-MID,2033.6735296473603,0.14451288871670873,2038,0.8522004674063691,2.828497546304791,1018,0.9964211348004633,0.996031799336745
TOI-2076_d,NIRISS_SOSS,obs14,SOSS_HDU3_ordem_1,jw05959014001_04102_00001-seg003_nis_x1dints.fits,seg003,3,99,60693.9828674249,TDB-MID,2042.3418192400902,0.144530885665302,2038,0.8522004674063691,2.828497546304791,1019,1.0006682604215873,1.0002772654621344
TOI-2076_d,NIRISS_SOSS,obs14,SOSS_HDU3_ordem_1,jw05959014001_04102_00001-seg003_nis_x1dints.fits,seg003,3,100,60693.98294450376,TDB-MID,2036.793443803419,0.14452250890576526,2038,0.8522004674063691,2.828497546304791,1020,0.9979497717023751,0.9975598389484787
TOI-2076_d,NIRISS_SOSS,obs14,SOSS_HDU3_ordem_1,jw05959014001_04102_00001-seg003_nis_x1dints.fits,seg003,3,101,60693.98302158261,TDB-MID,2045.906935638484,0.14454085060993338,2038,0.8522004674063691,2.828497546304791,1021,1.0024150291509808,1.0020233516698616
TOI-2076_d,NIRISS_SOSS,obs14,SOSS_HDU3_ordem_1,jw05959014001_04102_00001-seg003_nis_x1dints.fits,seg003,3,102,60693.98309866146,TDB-MID,2042.7620973374017,0.14453154727853287,2038,0.8522004674063691,2.828497546304791,1022,1.0008741803849197,1.0004831049655671
TOI-2076_d,NIRISS_SOSS,obs14,SOSS_HDU3_ordem_1,jw05959014001_04102_00001-seg003_nis_x1dints.fits,seg003,3,103,60693.98317574032,TDB-MID,2040.3371634753062,0.1445305848643352,2038,0.8522004674063691,2.828497546304791,1023,0.9996860568658491,0.9992954456865705
TOI-2076_d,NIRISS_SOSS,obs14,SOSS_HDU3_ordem_1,jw05959014001_04102_00001-seg003_nis_x1dints.fits,seg003,3,104,60693.98325281918,TDB-MID,2039.018396245946,0.1445257241821803,2038,0.8522004674063691,2.828497546304791,1024,0.9990399120839752,0.9986495533753331
TOI-2076_d,NIRISS_SOSS,obs14,SOSS_HDU3_ordem_1,jw05959014001_04102_00001-seg003_nis_x1dints.fits,seg003,3,105,60693.98332989803,TDB-MID,2040.5677310357753,0.14452993906789202,2038,0.8522004674063691,2.828497546304791,1025,0.9997990260257962,0.9994083707056429
TOI-2076_d,NIRISS_SOSS,obs14,SOSS_HDU3_ordem_1,jw05959014001_04102_00001-seg003_nis_x1dints.fits,seg003,3,106,60693.983406976884,TDB-MID,2052.0166688780914,0.14455337605751226,2038,0.8522004674063691,2.828497546304791,1026,1.005408561416208,1.005015714260709
TOI-2076_d,NIRISS_SOSS,obs14,SOSS_HDU3_ordem_1,jw05959014001_04102_00001-seg003_nis_x1dints.fits,seg003,3,107,60693.983484055745,TDB-MID,2046.064676468419,0.1445420957157628,2038,0.8522004674063691,2.828497546304791,1027,1.0024923160382206,1.0021006083584985
TOI-2076_d,NIRISS_SOSS,obs14,SOSS_HDU3_ordem_1,jw05959014001_04102_00001-seg003_nis_x1dints.fits,seg003,3,108,60693.98356113459,TDB-MID,2053.036105867292,0.1445883345824452,2038,0.8522004674063691,2.828497546304791,1028,1.0059080459926792,1.00551500367165
TOI-2076_d,NIRISS_SOSS,obs14,SOSS_HDU3_ordem_1,jw05959014001_04102_00001-seg003_nis_x1dints.fits,seg003,3,109,60693.983638213445,TDB-MID,2047.7490576838263,0.14454488895857448,2038,0.8522004674063691,2.828497546304791,1029,1.0033175974895574,1.0029255673444386
TOI-2076_d,NIRISS_SOSS,obs14,SOSS_HDU3_ordem_1,jw05959014001_04102_00001-seg003_nis_x1dints.fits,seg003,3,110,60693.98371529231,TDB-MID,2038.7021026507443,0.14452735553619803,2038,0.8522004674063691,2.828497546304791,1030,0.9988849404926817,0.9984946423366857
TOI-2076_d,NIRISS_SOSS,obs14,SOSS_HDU3_ordem_1,jw05959014001_04102_00001-seg003_nis_x1dints.fits,seg003,3,111,60693.98379237116,TDB-MID,2040.8398183784157,0.14453202607652935,2038,0.8522004674063691,2.828497546304791,1031,0.9999323382682807,0.999541630858522
TOI-2076_d,NIRISS_SOSS,obs14,SOSS_HDU3_ordem_1,jw05959014001_04102_00001-seg003_nis_x1dints.fits,seg003,3,112,60693.983869450014,TDB-MID,2037.07803281135,0.14452655449440038,2038,0.8522004674063691,2.828497546304791,1032,0.99808920927586,0.997699222038984
TOI-2076_d,NIRISS_SOSS,obs14,SOSS_HDU3_ordem_1,jw05959014001_04102_00001-seg003_nis_x1dints.fits,seg003,3,113,60693.98394652887,TDB-MID,2048.246740112677,0.14454734860518684,2038,0.8522004674063691,2.828497546304791,1033,1.0035614425725052,1.003169317148859
TOI-2076_d,NIRISS_SOSS,obs14,SOSS_HDU3_ordem_1,jw05959014001_04102_00001-seg003_nis_x1dints.fits,seg003,3,114,60693.98402360772,TDB-MID,2039.8108966772616,0.14452898250134288,2038,0.8522004674063691,2.828497546304791,1034,0.9994282065509039,0.9990376961224708
TOI-2076_d,NIRISS_SOSS,obs14,SOSS_HDU3_ordem_1,jw05959014001_04102_00001-seg003_nis_x1dints.fits,seg003,3,115,60693.98410068658,TDB-MID,2042.6830157955233,0.14453420981933904,2038,0.8522004674063691,2.828497546304791,1035,1.000835433497304,1.0004443732176718
TOI-2076_d,NIRISS_SOSS,obs14,SOSS_HDU3_ordem_1,jw05959014001_04102_00001-seg003_nis_x1dints.fits,seg003,3,116,60693.98417776544,TDB-MID,2043.3033687314862,0.14454264593615915,2038,0.8522004674063691,2.828497546304791,1036,1.0011393823698334,1.0007482033270887
TOI-2076_d,NIRISS_SOSS,obs14,SOSS_HDU3_ordem_1,jw05959014001_04102_00001-seg003_nis_x1dints.fits,seg003,3,117,60693.98425484428,TDB-MID,2039.682764631842,0.14452818382505178,2038,0.8522004674063691,2.828497546304791,1037,0.9993654268194279,0.9989749409211608
TOI-2076_d,NIRISS_SOSS,obs14,SOSS_HDU3_ordem_1,jw05959014001_04102_00001-seg003_nis_x1dints.fits,seg003,3,118,60693.984331923144,TDB-MID,2041.7895453308658,0.1445342908935831,2038,0.8522004674063691,2.828497546304791,1038,1.000397667631089,1.000006778401398
TOI-2076_d,NIRISS_SOSS,obs14,SOSS_HDU3_ordem_1,jw05959014001_04102_00001-seg003_nis_x1dints.fits,seg003,3,119,60693.984409002005,TDB-MID,2040.4893861675496,0.1445306221550882,2038,0.8522004674063691,2.828497546304791,1039,0.9997606400796917,0.9993699997582268
TOI-2076_d,NIRISS_SOSS,obs14,SOSS_HDU3_ordem_1,jw05959014001_04102_00001-seg003_nis_x1dints.fits,seg003,3,120,60693.98448608085,TDB-MID,2048.105992668603,0.14454598376240738,2038,0.8522004674063691,2.828497546304791,1040,1.0034924817850928,1.0031003833067602
TOI-2076_d,NIRISS_SOSS,obs14,SOSS_HDU3_ordem_1,jw05959014001_04102_00001-seg003_nis_x1dints.fits,seg003,3,121,60693.984563159705,TDB-MID,2045.419542395654,0.14454187257626777,2038,0.8522004674063691,2.828497546304791,1041,1.0021762253700224,1.0017846411976232
TOI-2076_d,NIRISS_SOSS,obs14,SOSS_HDU3_ordem_1,jw05959014001_04102_00001-seg003_nis_x1dints.fits,seg003,3,122,60693.98464023857,TDB-MID,2038.2639061976413,0.14453524801959158,2038,0.8522004674063691,2.828497546304791,1042,0.9986702412301397,0.9982800269644126
TOI-2076_d,NIRISS_SOSS,obs14,SOSS_HDU3_ordem_1,jw05959014001_04102_00001-seg003_nis_x1dints.fits,seg003,3,123,60693.98471731741,TDB-MID,2034.9017488731245,0.14451837553531766,2038,0.8522004674063691,2.828497546304791,1043,0.9970229145733122,0.9966333439738678
TOI-2076_d,NIRISS_SOSS,obs14,SOSS_HDU3_ordem_1,jw05959014001_04102_00001-seg003_nis_x1dints.fits,seg003,3,124,60693.984794396274,TDB-MID,2042.9174697711971,0.1445372128128027,2038,0.8522004674063691,2.828497546304791,1044,1.000950306849931,1.000559201685392
TOI-2076_d,NIRISS_SOSS,obs14,SOSS_HDU3_ordem_1,jw05959014001_04102_00001-seg003_nis_x1dints.fits,seg003,3,125,60693.98487147513,TDB-MID,2038.5088626194415,0.1445235829799609,2038,0.8522004674063691,2.828497546304791,1045,0.9987902603739347,0.9983999992126659
TOI-2076_d,NIRISS_SOSS,obs14,SOSS_HDU3_ordem_1,jw05959014001_04102_00001-seg003_nis_x1dints.fits,seg003,3,126,60693.98494855399,TDB-MID,2040.4015597614691,0.14453234944196472,2038,0.8522004674063691,2.828497546304791,1046,0.999717608547867,0.9993269850402781
TOI-2076_d,NIRISS_SOSS,obs14,SOSS_HDU3_ordem_1,jw05959014001_04102_00001-seg003_nis_x1dints.fits,seg003,3,127,60693.985025632835,TDB-MID,2040.3532670228592,0.14447932171572228,2038,0.8522004674063691,2.828497546304791,1047,0.9996939469794259,0.9993033327172128
TOI-2076_d,NIRISS_SOSS,obs14,SOSS_HDU3_ordem_1,jw05959014001_04102_00001-seg003_nis_x1dints.fits,seg003,3,128,60693.9851027117,TDB-MID,2037.6248892859956,0.14452300427931591,2038,0.8522004674063691,2.828497546304791,1048,0.9983571477335798,0.9979670558040793
TOI-2076_d,NIRISS_SOSS,obs14,SOSS_HDU3_ordem_1,jw05959014001_04102_00001-seg003_nis_x1dints.fits,seg003,3,129,60693.98517979055,TDB-MID,2040.2680718818956,0.14452723882037755,2038,0.8522004674063691,2.828497546304791,1049,0.9996522046654307,0.9992616067133525
TOI-2076_d,NIRISS_SOSS,obs14,SOSS_HDU3_ordem_1,jw05959014001_04102_00001-seg003_nis_x1dints.fits,seg003,3,130,60693.985256869404,TDB-MID,2036.9275260138072,0.14454472117267286,2038,0.8522004674063691,2.828497546304791,1050,0.998015466783854,0.9976255083606655
TOI-2076_d,NIRISS_SOSS,obs14,SOSS_HDU3_ordem_1,jw05959014001_04102_00001-seg003_nis_x1dints.fits,seg003,3,131,60693.98533394826,TDB-MID,2044.1460560476585,0.14453577865472317,2038,0.8522004674063691,2.828497546304791,1051,1.001552266463382,1.001160926092847
TOI-2076_d,NIRISS_SOSS,obs14,SOSS_HDU3_ordem_1,jw05959014001_04102_00001-seg003_nis_x1dints.fits,seg003,3,132,60693.98541102711,TDB-MID,2046.2258117527663,0.14453975511542644,2038,0.8522004674063691,2.828497546304791,1052,1.0025712660764372,1.0021795275482628
TOI-2076_d,NIRISS_SOSS,obs14,SOSS_HDU3_ordem_1,jw05959014001_04102_00001-seg003_nis_x1dints.fits,seg003,3,133,60693.985488105965,TDB-MID,2038.8433078804967,0.14452372704624983,2038,0.8522004674063691,2.828497546304791,1053,0.9989541255773172,0.998563800388367
TOI-2076_d,NIRISS_SOSS,obs14,SOSS_HDU3_ordem_1,jw05959014001_04102_00001-seg003_nis_x1dints.fits,seg003,3,134,60693.98556518483,TDB-MID,2038.8277371181798,0.1445281082763482,2038,0.8522004674063691,2.828497546304791,1054,0.9989464965078371,0.9985561742998226
TOI-2076_d,NIRISS_SOSS,obs14,SOSS_HDU3_ordem_1,jw05959014001_04102_00001-seg003_nis_x1dints.fits,seg003,3,135,60693.98564226368,TDB-MID,2036.7684097520323,0.1445209861475479,2038,0.8522004674063691,2.828497546304791,1055,0.9979375059883715,0.9975475780271047
TOI-2076_d,NIRISS_SOSS,obs14,SOSS_HDU3_ordem_1,jw05959014001_04102_00001-seg003_nis_x1dints.fits,seg003,3,136,60693.98571934253,TDB-MID,2042.7382047864135,0.1445320197236448,2038,0.8522004674063691,2.828497546304791,1056,1.0008624739618277,1.000471403116571
TOI-2076_d,NIRISS_SOSS,obs14,SOSS_HDU3_ordem_1,jw05959014001_04102_00001-seg003_nis_x1dints.fits,seg003,3,137,60693.98579642139,TDB-MID,2033.0338225526707,0.14451677574994018,2038,0.8522004674063691,2.828497546304791,1057,0.9961077031409871,0.9957184901456269
TOI-2076_d,NIRISS_SOSS,obs14,SOSS_HDU3_ordem_1,jw05959014001_04102_00001-seg003_nis_x1dints.fits,seg003,3,138,60693.98587350025,TDB-MID,2040.2305251099694,0.14453007845477922,2038,0.8522004674063691,2.828497546304791,1058,0.9996338082037837,0.9992432174398257
TOI-2076_d,NIRISS_SOSS,obs14,SOSS_HDU3_ordem_1,jw05959014001_04102_00001-seg003_nis_x1dints.fits,seg003,3,139,60693.985950579096,TDB-MID,2038.2467975026343,0.14452633843870347,2038,0.8522004674063691,2.828497546304791,1059,0.9986618586333044,0.9982716476429416
TOI-2076_d,NIRISS_SOSS,obs14,SOSS_HDU3_ordem_1,jw05959014001_04102_00001-seg003_nis_x1dints.fits,seg003,3,140,60693.98602765795,TDB-MID,2047.2084825504583,0.1445465919161338,2038,0.8522004674063691,2.828497546304791,1060,1.003052736645384,1.0026608099903618
TOI-2076_d,NIRISS_SOSS,obs14,SOSS_HDU3_ordem_1,jw05959014001_04102_00001-seg003_nis_x1dints.fits,seg003,3,141,60693.98610473681,TDB-MID,2035.6959047902092,0.14452220507239996,2038,0.8522004674063691,2.828497546304791,1061,0.9974120201640444,0.9970222975278755
TOI-2076_d,NIRISS_SOSS,obs14,SOSS_HDU3_ordem_1,jw05959014001_04102_00001-seg003_nis_x1dints.fits,seg003,3,142,60693.986181815664,TDB-MID,2049.844515813814,0.14455024471293834,2038,0.8522004674063691,2.828497546304791,1062,1.0043442906816407,1.0039518593727408
TOI-2076_d,NIRISS_SOSS,obs14,SOSS_HDU3_ordem_1,jw05959014001_04102_00001-seg003_nis_x1dints.fits,seg003,3,143,60693.98625889452,TDB-MID,2042.1667599716973,0.14453457273422218,2038,0.8522004674063691,2.828497546304791,1063,1.000582488171358,1.0001915267260264
TOI-2076_d,NIRISS_SOSS,obs14,SOSS_HDU3_ordem_1,jw05959014001_04102_00001-seg003_nis_x1dints.fits,seg003,3,144,60693.98633597337,TDB-MID,2040.8297553461225,0.14453180053380515,2038,0.8522004674063691,2.828497546304791,1064,0.9999274077728443,0.999536702289597
TOI-2076_d,NIRISS_SOSS,obs14,SOSS_HDU3_ordem_1,jw05959014001_04102_00001-seg003_nis_x1dints.fits,seg003,3,145,60693.986413052226,TDB-MID,2043.8174738956914,0.14453778765767872,2038,0.8522004674063691,2.828497546304791,1065,1.001391273955998,1.0009999964906848
TOI-2076_d,NIRISS_SOSS,obs14,SOSS_HDU3_ordem_1,jw05959014001_04102_00001-seg003_nis_x1dints.fits,seg003,3,146,60693.98649013108,TDB-MID,2038.560951162307,0.14452560551174518,2038,0.8522004674063691,2.828497546304791,1066,0.9988157817392057,0.9984255106058756
TOI-2076_d,NIRISS_SOSS,obs14,SOSS_HDU3_ordem_1,jw05959014001_04102_00001-seg003_nis_x1dints.fits,seg003,3,147,60693.98656720994,TDB-MID,2038.506181331295,0.14452594374092195,2038,0.8522004674063691,2.828497546304791,1067,0.9987889466467613,0.9983986859988102
TOI-2076_d,NIRISS_SOSS,obs14,SOSS_HDU3_ordem_1,jw05959014001_04102_00001-seg003_nis_x1dints.fits,seg003,3,148,60693.98664428879,TDB-MID,2044.6899697845304,0.14453877825313538,2038,0.8522004674063691,2.828497546304791,1068,1.0018187630937538,1.001427318593965
TOI-2076_d,NIRISS_SOSS,obs14,SOSS_HDU3_ordem_1,jw05959014001_04102_00001-seg003_nis_x1dints.fits,seg003,3,149,60693.98672136765,TDB-MID,2047.7715954855087,0.14464385478068842,2038,0.8522004674063691,2.828497546304791,1069,1.003328640138046,1.0029366056781905
TOI-2076_d,NIRISS_SOSS,obs14,SOSS_HDU3_ordem_1,jw05959014001_04102_00001-seg003_nis_x1dints.fits,seg003,3,150,60693.9867984465,TDB-MID,2042.823323718354,0.14453567770971779,2038,0.8522004674063691,2.828497546304791,1070,1.0009041789363582,1.0005130917955563
TOI-2076_d,NIRISS_SOSS,obs14,SOSS_HDU3_ordem_1,jw05959014001_04102_00001-seg003_nis_x1dints.fits,seg003,3,151,60693.98687552535,TDB-MID,2037.8126444004195,0.14452539662487368,2038,0.8522004674063691,2.828497546304791,1071,0.998449140455839,0.9980590125816682
TOI-2076_d,NIRISS_SOSS,obs14,SOSS_HDU3_ordem_1,jw05959014001_04102_00001-seg003_nis_x1dints.fits,seg003,3,152,60693.98695260421,TDB-MID,2035.8065405887576,0.14451869874385706,2038,0.8522004674063691,2.828497546304791,1072,0.9974662274133065,0.9970764835965304
TOI-2076_d,NIRISS_SOSS,obs14,SOSS_HDU3_ordem_1,jw05959014001_04102_00001-seg003_nis_x1dints.fits,seg003,3,153,60693.98702968307,TDB-MID,2042.694844842059,0.14453260934613066,2038,0.8522004674063691,2.828497546304791,1073,1.000841229271208,1.000450166726971
TOI-2076_d,NIRISS_SOSS,obs14,SOSS_HDU3_ordem_1,jw05959014001_04102_00001-seg003_nis_x1dints.fits,seg003,3,154,60693.98710676192,TDB-MID,2045.909824565189,0.14453797376322206,2038,0.8522004674063691,2.828497546304791,1074,1.0024164446129926,1.0020247665788045
TOI-2076_d,NIRISS_SOSS,obs14,SOSS_HDU3_ordem_1,jw05959014001_04102_00001-seg003_nis_x1dints.fits,seg003,3,155,60693.98718384077,TDB-MID,2038.2441894034423,0.14452275351107327,2038,0.8522004674063691,2.828497546304791,1075,0.9986605807658794,0.9982703702748227
TOI-2076_d,NIRISS_SOSS,obs14,SOSS_HDU3_ordem_1,jw05959014001_04102_00001-seg003_nis_x1dints.fits,seg003,3,156,60693.98726091963,TDB-MID,2042.8968632923372,0.14453563444532128,2038,0.8522004674063691,2.828497546304791,1076,1.0009402104747014,1.0005491092551577
TOI-2076_d,NIRISS_SOSS,obs14,SOSS_HDU3_ordem_1,jw05959014001_04102_00001-seg003_nis_x1dints.fits,seg003,3,157,60693.98733799849,TDB-MID,2038.5447333381235,0.14452549344919166,2038,0.8522004674063691,2.828497546304791,1077,0.9988078356345133,0.9984175676059952
TOI-2076_d,NIRISS_SOSS,obs14,SOSS_HDU3_ordem_1,jw05959014001_04102_00001-seg003_nis_x1dints.fits,seg003,3,158,60693.98741507734,TDB-MID,2051.280728619138,0.14456107662990567,2038,0.8522004674063691,2.828497546304791,1078,1.0050479792395304,1.0046552729756926
TOI-2076_d,NIRISS_SOSS,obs14,SOSS_HDU3_ordem_1,jw05959014001_04102_00001-seg003_nis_x1dints.fits,seg003,3,159,60693.98749215619,TDB-MID,2038.1523924331636,0.14452771946627044,2038,0.8522004674063691,2.828497546304791,1079,0.9986156038116324,0.998225410894594
TOI-2076_d,NIRISS_SOSS,obs14,SOSS_HDU3_ordem_1,jw05959014001_04102_00001-seg003_nis_x1dints.fits,seg003,3,160,60693.987569235054,TDB-MID,2039.8627096907433,0.1445278196794352,2038,0.8522004674063691,2.828497546304791,1080,0.9994535929174658,0.99906307256972
TOI-2076_d,NIRISS_SOSS,obs14,SOSS_HDU3_ordem_1,jw05959014001_04102_00001-seg003_nis_x1dints.fits,seg003,3,161,60693.98764631391,TDB-MID,2044.7566278836289,0.14453980320142523,2038,0.8522004674063691,2.828497546304791,1081,1.0018514229763649,1.0014599657152545
TOI-2076_d,NIRISS_SOSS,obs14,SOSS_HDU3_ordem_1,jw05959014001_04102_00001-seg003_nis_x1dints.fits,seg003,3,162,60693.98772339276,TDB-MID,2031.351045528482,0.14451275055337015,2038,0.8522004674063691,2.828497546304791,1082,0.995283207681114,0.9948943168440372
TOI-2076_d,NIRISS_SOSS,obs14,SOSS_HDU3_ordem_1,jw05959014001_04102_00001-seg003_nis_x1dints.fits,seg003,3,163,60693.987800471616,TDB-MID,2044.437842902197,0.144537237752798,2038,0.8522004674063691,2.828497546304791,1083,1.0016952307024698,1.0013038344709677
TOI-2076_d,NIRISS_SOSS,obs14,SOSS_HDU3_ordem_1,jw05959014001_04102_00001-seg003_nis_x1dints.fits,seg003,3,164,60693.98787755047,TDB-MID,2043.922344952383,0.1445569735505476,2038,0.8522004674063691,2.828497546304791,1084,1.0014426567053887,1.0010513591630963
TOI-2076_d,NIRISS_SOSS,obs14,SOSS_HDU3_ordem_1,jw05959014001_04102_00001-seg003_nis_x1dints.fits,seg003,3,165,60693.98795462932,TDB-MID,2044.5082028506856,0.14453784511921244,2038,0.8522004674063691,2.828497546304791,1085,1.0017297043476716,1.0013382946461495
TOI-2076_d,NIRISS_SOSS,obs14,SOSS_HDU3_ordem_1,jw05959014001_04102_00001-seg003_nis_x1dints.fits,seg003,3,166,60693.988031708184,TDB-MID,2032.4834579773706,0.14451392527970155,2038,0.8522004674063691,2.828497546304791,1086,0.9958380458500404,0.9954489382189111
TOI-2076_d,NIRISS_SOSS,obs14,SOSS_HDU3_ordem_1,jw05959014001_04102_00001-seg003_nis_x1dints.fits,seg003,3,167,60693.98810878703,TDB-MID,2043.2392305094925,0.1445347427430328,2038,0.8522004674063691,2.828497546304791,1087,1.0011079571292472,1.0007167903654077
TOI-2076_d,NIRISS_SOSS,obs14,SOSS_HDU3_ordem_1,jw05959014001_04102_00001-seg003_nis_x1dints.fits,seg003,3,168,60693.98818586589,TDB-MID,2045.4248195682383,0.14456887302437918,2038,0.8522004674063691,2.828497546304791,1088,1.002178810979865,1.0017872257971807
TOI-2076_d,NIRISS_SOSS,obs14,SOSS_HDU3_ordem_1,jw05959014001_04102_00001-seg003_nis_x1dints.fits,seg003,3,169,60693.988262944746,TDB-MID,2045.7756465061523,0.1445416099871935,2038,0.8522004674063691,2.828497546304791,1089,1.0023507025693945,1.001959050222848
TOI-2076_d,NIRISS_SOSS,obs14,SOSS_HDU3_ordem_1,jw05959014001_04102_00001-seg003_nis_x1dints.fits,seg003,3,170,60693.98834002359,TDB-MID,2040.9211190183582,0.14453041424600555,2038,0.8522004674063691,2.828497546304791,1090,0.9999721724278596,0.9995814494535465
TOI-2076_d,NIRISS_SOSS,obs14,SOSS_HDU3_ordem_1,jw05959014001_04102_00001-seg003_nis_x1dints.fits,seg003,3,171,60693.98841710245,TDB-MID,2041.5475150430318,0.14453188884218482,2038,0.8522004674063691,2.828497546304791,1091,1.0002790821794203,0.9998882392850793
TOI-2076_d,NIRISS_SOSS,obs14,SOSS_HDU3_ordem_1,jw05959014001_04102_00001-seg003_nis_x1dints.fits,seg003,3,172,60693.988494181314,TDB-MID,2041.0592169788379,0.1445312765271676,2038,0.8522004674063691,2.828497546304791,1092,1.0000398350710955,0.9996490856586975
TOI-2076_d,NIRISS_SOSS,obs14,SOSS_HDU3_ordem_1,jw05959014001_04102_00001-seg003_nis_x1dints.fits,seg003,3,173,60693.98857126016,TDB-MID,2047.8902311186691,0.1445445658069106,2038,0.8522004674063691,2.828497546304791,1093,1.0033867669959207,1.0029947098239345
TOI-2076_d,NIRISS_SOSS,obs14,SOSS_HDU3_ordem_1,jw05959014001_04102_00001-seg003_nis_x1dints.fits,seg003,3,174,60693.988648339015,TDB-MID,2046.7325024880315,0.14454569290465435,2038,0.8522004674063691,2.828497546304791,1094,1.0028195248800582,1.0024276893487662
TOI-2076_d,NIRISS_SOSS,obs14,SOSS_HDU3_ordem_1,jw05959014001_04102_00001-seg003_nis_x1dints.fits,seg003,3,175,60693.988725417876,TDB-MID,2041.2876830357468,0.14453296310629055,2038,0.8522004674063691,2.828497546304791,1095,1.0001517745758242,0.9997609814248728
TOI-2076_d,NIRISS_SOSS,obs14,SOSS_HDU3_ordem_1,jw05959014001_04102_00001-seg003_nis_x1dints.fits,seg003,3,176,60693.98880249673,TDB-MID,2047.946742643501,0.1445460865986595,2038,0.8522004674063691,2.828497546304791,1096,1.0034144554507693,1.0030223874599664
TOI-2076_d,NIRISS_SOSS,obs14,SOSS_HDU3_ordem_1,jw05959014001_04102_00001-seg003_nis_x1dints.fits,seg003,3,177,60693.98887957558,TDB-MID,2043.0726706929827,0.14453548893024673,2038,0.8522004674063691,2.828497546304791,1097,1.0010263492807112,1.0006352144038204
TOI-2076_d,NIRISS_SOSS,obs14,SOSS_HDU3_ordem_1,jw05959014001_04102_00001-seg003_nis_x1dints.fits,seg003,3,178,60693.98895665444,TDB-MID,2039.983236366684,0.14452949187327702,2038,0.8522004674063691,2.828497546304791,1098,0.9995126463129415,0.9991221028910352
TOI-2076_d,NIRISS_SOSS,obs14,SOSS_HDU3_ordem_1,jw05959014001_04102_00001-seg003_nis_x1dints.fits,seg003,3,179,60693.98903373329,TDB-MID,2040.1466918708577,0.14453220434661318,2038,0.8522004674063691,2.828497546304791,1099,0.9995927331688619,0.9992021584543104
TOI-2076_d,NIRISS_SOSS,obs14,SOSS_HDU3_ordem_1,jw05959014001_04102_00001-seg003_nis_x1dints.fits,seg003,3,180,60693.98911081215,TDB-MID,2047.8104836396672,0.14454722867729577,2038,0.8522004674063691,2.828497546304791,1100,1.003347693824949,1.0029556519201732
TOI-2076_d,NIRISS_SOSS,obs14,SOSS_HDU3_ordem_1,jw05959014001_04102_00001-seg003_nis_x1dints.fits,seg003,3,181,60693.989187891006,TDB-MID,2037.6314247520406,0.14452572219429188,2038,0.8522004674063691,2.828497546304791,1101,0.9983603498584037,0.9979702566777247
TOI-2076_d,NIRISS_SOSS,obs14,SOSS_HDU3_ordem_1,jw05959014001_04102_00001-seg003_nis_x1dints.fits,seg003,3,182,60693.98926496985,TDB-MID,2045.5545230214002,0.1445399827642485,2038,0.8522004674063691,2.828497546304791,1102,1.0022423606401736,1.0018507506264858
TOI-2076_d,NIRISS_SOSS,obs14,SOSS_HDU3_ordem_1,jw05959014001_04102_00001-seg003_nis_x1dints.fits,seg003,3,183,60693.98934204871,TDB-MID,2042.756498936961,0.14453380839954053,2038,0.8522004674063691,2.828497546304791,1103,1.0008714373858891,1.0004803630383192
TOI-2076_d,NIRISS_SOSS,obs14,SOSS_HDU3_ordem_1,jw05959014001_04102_00001-seg003_nis_x1dints.fits,seg003,3,184,60693.98941912757,TDB-MID,2047.322531771421,0.14454534731943217,2038,0.8522004674063691,2.828497546304791,1104,1.003108616339208,1.002716667850098
TOI-2076_d,NIRISS_SOSS,obs14,SOSS_HDU3_ordem_1,jw05959014001_04102_00001-seg003_nis_x1dints.fits,seg003,3,185,60693.98949620642,TDB-MID,2041.033289622825,0.14453049587273878,2038,0.8522004674063691,2.828497546304791,1105,1.00002713167248,0.9996363872237298
TOI-2076_d,NIRISS_SOSS,obs14,SOSS_HDU3_ordem_1,jw05959014001_04102_00001-seg003_nis_x1dints.fits,seg003,3,186,60693.989573285275,TDB-MID,2039.8903032598791,0.14452813072892823,2038,0.8522004674063691,2.828497546304791,1106,0.9994671126958721,0.9990765870654913
TOI-2076_d,NIRISS_SOSS,obs14,SOSS_HDU3_ordem_1,jw05959014001_04102_00001-seg003_nis_x1dints.fits,seg003,3,187,60693.989650364136,TDB-MID,2038.3115009315477,0.14452655860715521,2038,0.8522004674063691,2.828497546304791,1107,0.9986935608033545,0.9983033374258808
TOI-2076_d,NIRISS_SOSS,obs14,SOSS_HDU3_ordem_1,jw05959014001_04102_00001-seg003_nis_x1dints.fits,seg003,3,188,60693.98972744298,TDB-MID,2036.5525586032809,0.14452085975933168,2038,0.8522004674063691,2.828497546304791,1108,0.9978317472992548,0.9974418606614874
TOI-2076_d,NIRISS_SOSS,obs14,SOSS_HDU3_ordem_1,jw05959014001_04102_00001-seg003_nis_x1dints.fits,seg003,3,189,60693.98980452184,TDB-MID,2028.343309678864,0.14450401948999975,2038,0.8522004674063691,2.828497546304791,1109,0.9938095337974912,0.9934212187746808
TOI-2076_d,NIRISS_SOSS,obs14,SOSS_HDU3_ordem_1,jw05959014001_04102_00001-seg003_nis_x1dints.fits,seg003,3,190,60693.9898816007,TDB-MID,2039.2531537075984,0.14452817342226956,2038,0.8522004674063691,2.828497546304791,1110,0.9991549341329582,0.9987645304813084
TOI-2076_d,NIRISS_SOSS,obs14,SOSS_HDU3_ordem_1,jw05959014001_04102_00001-seg003_nis_x1dints.fits,seg003,3,191,60693.98995867955,TDB-MID,2047.4010129533237,0.14454287122445011,2038,0.8522004674063691,2.828497546304791,1111,1.0031470690737263,1.0027551055598314
TOI-2076_d,NIRISS_SOSS,obs14,SOSS_HDU3_ordem_1,jw05959014001_04102_00001-seg003_nis_x1dints.fits,seg003,3,192,60693.990035758405,TDB-MID,2039.7571760566293,0.1445356584580591,2038,0.8522004674063691,2.828497546304791,1112,0.9994018855308423,0.9990113853869227
TOI-2076_d,NIRISS_SOSS,obs14,SOSS_HDU3_ordem_1,jw05959014001_04102_00001-seg003_nis_x1dints.fits,seg003,3,193,60693.99011283726,TDB-MID,2036.2436625607868,0.14452335822820997,2038,0.8522004674063691,2.828497546304791,1113,0.9976804002218059,0.9972905727204644
TOI-2076_d,NIRISS_SOSS,obs14,SOSS_HDU3_ordem_1,jw05959014001_04102_00001-seg003_nis_x1dints.fits,seg003,3,194,60693.99018991611,TDB-MID,2040.3907167057444,0.14453064162018983,2038,0.8522004674063691,2.828497546304791,1114,0.9997122958712094,0.9993216744394632
TOI-2076_d,NIRISS_SOSS,obs14,SOSS_HDU3_ordem_1,jw05959014001_04102_00001-seg003_nis_x1dints.fits,seg003,3,195,60693.99026699497,TDB-MID,2054.4609119124025,0.1445597457348913,2038,0.8522004674063691,2.828497546304791,1115,1.0066061456805804,1.0062128305883742
TOI-2076_d,NIRISS_SOSS,obs14,SOSS_HDU3_ordem_1,jw05959014001_04102_00001-seg003_nis_x1dints.fits,seg003,3,196,60693.99034407383,TDB-MID,2043.2765202536852,0.14453454233790938,2038,0.8522004674063691,2.828497546304791,1116,1.0011262276572759,1.0007350537545228
TOI-2076_d,NIRISS_SOSS,obs14,SOSS_HDU3_ordem_1,jw05959014001_04102_00001-seg003_nis_x1dints.fits,seg003,3,197,60693.990421152674,TDB-MID,2046.337579047873,0.1445404221227527,2038,0.8522004674063691,2.828497546304791,1117,1.0026260277151173,1.0022342677897171
TOI-2076_d,NIRISS_SOSS,obs14,SOSS_HDU3_ordem_1,jw05959014001_04102_00001-seg003_nis_x1dints.fits,seg003,3,198,60693.990498231535,TDB-MID,2036.306129479872,0.14452072411435737,2038,0.8522004674063691,2.828497546304791,1118,0.9977110065888039,0.9973211671285188
TOI-2076_d,NIRISS_SOSS,obs14,SOSS_HDU3_ordem_1,jw05959014001_04102_00001-seg003_nis_x1dints.fits,seg003,3,199,60693.990575310396,TDB-MID,2034.0015890229108,0.14451558017952396,2038,0.8522004674063691,2.828497546304791,1119,0.9965818711676839,0.9961924728988263
TOI-2076_d,NIRISS_SOSS,obs14,SOSS_HDU3_ordem_1,jw05959014001_04102_00001-seg003_nis_x1dints.fits,seg003,3,200,60693.99065238924,TDB-MID,2039.349711705991,0.1445289937009761,2038,0.8522004674063691,2.828497546304791,1120,0.9992022438062809,0.9988118216691404
TOI-2076_d,NIRISS_SOSS,obs14,SOSS_HDU3_ordem_1,jw05959014001_04102_00001-seg003_nis_x1dints.fits,seg003,3,201,60693.990729468096,TDB-MID,2037.3738931449825,0.1445212281279007,2038,0.8522004674063691,2.828497546304791,1121,0.9982341693616765,0.9978441254839884
TOI-2076_d,NIRISS_SOSS,obs14,SOSS_HDU3_ordem_1,jw05959014001_04102_00001-seg003_nis_x1dints.fits,seg003,3,202,60693.99080654696,TDB-MID,2046.0876339627575,0.1445313714028731,2038,0.8522004674063691,2.828497546304791,1122,1.002503564319829,1.0021118522450223
TOI-2076_d,NIRISS_SOSS,obs14,SOSS_HDU3_ordem_1,jw05959014001_04102_00001-seg003_nis_x1dints.fits,seg003,3,203,60693.99088362581,TDB-MID,2034.821582893813,0.14451835836869506,2038,0.8522004674063691,2.828497546304791,1123,0.9969836363534241,0.9965940811013098
TOI-2076_d,NIRISS_SOSS,obs14,SOSS_HDU3_ordem_1,jw05959014001_04102_00001-seg003_nis_x1dints.fits,seg003,3,204,60693.990960704665,TDB-MID,2053.2787132201693,0.14455484751511807,2038,0.8522004674063691,2.828497546304791,1124,1.0060269141838323,1.0056338254169774
TOI-2076_d,NIRISS_SOSS,obs14,SOSS_HDU3_ordem_1,jw05959014001_04102_00001-seg003_nis_x1dints.fits,seg003,3,205,60693.99103778352,TDB-MID,2049.541531077153,0.14454721248472388,2038,0.8522004674063691,2.828497546304791,1125,1.004195839914726,1.003803466610565
TOI-2076_d,NIRISS_SOSS,obs14,SOSS_HDU3_ordem_1,jw05959014001_04102_00001-seg003_nis_x1dints.fits,seg003,3,206,60693.99111486237,TDB-MID,2041.6001545669806,0.14453681110816421,2038,0.8522004674063691,2.828497546304791,1126,1.0003048735040474,0.9999140205321627
TOI-2076_d,NIRISS_SOSS,obs14,SOSS_HDU3_ordem_1,jw05959014001_04102_00001-seg003_nis_x1dints.fits,seg003,3,207,60693.991191941226,TDB-MID,2037.2158029167795,0.1445238479173985,2038,0.8522004674063691,2.828497546304791,1127,0.9981567112828401,0.9977666976706452
TOI-2076_d,NIRISS_SOSS,obs14,SOSS_HDU3_ordem_1,jw05959014001_04102_00001-seg003_nis_x1dints.fits,seg003,3,208,60693.99126902009,TDB-MID,2041.1793799027428,0.14453677598300355,2038,0.8522004674063691,2.828497546304791,1128,1.000098710242185,0.9997079378252649
TOI-2076_d,NIRISS_SOSS,obs14,SOSS_HDU3_ordem_1,jw05959014001_04102_00001-seg003_nis_x1dints.fits,seg003,3,209,60693.991346098934,TDB-MID,2039.9969205218358,0.14453294116073312,2038,0.8522004674063691,2.828497546304791,1129,0.9995193510181001,0.9991288049764386
TOI-2076_d,NIRISS_SOSS,obs14,SOSS_HDU3_ordem_1,jw05959014001_04102_00001-seg003_nis_x1dints.fits,seg003,3,210,60693.991423177795,TDB-MID,2043.0153311665606,0.14453610937232403,2038,0.8522004674063691,2.828497546304791,1130,1.0009982551372052,1.0006071312376472
TOI-2076_d,NIRISS_SOSS,obs14,SOSS_HDU3_ordem_1,jw05959014001_04102_00001-seg003_nis_x1dints.fits,seg003,3,211,60693.99150025665,TDB-MID,2044.1755930024472,0.14453809951747945,2038,0.8522004674063691,2.828497546304791,1131,1.0015667384253661,1.0011753924001456
TOI-2076_d,NIRISS_SOSS,obs14,SOSS_HDU3_ordem_1,jw05959014001_04102_00001-seg003_nis_x1dints.fits,seg003,3,212,60693.991577335495,TDB-MID,2042.9730148670064,0.1445357028021696,2038,0.8522004674063691,2.828497546304791,1132,1.0009775217920502,1.0005864059937122
TOI-2076_d,NIRISS_SOSS,obs14,SOSS_HDU3_ordem_1,jw05959014001_04102_00001-seg003_nis_x1dints.fits,seg003,3,213,60693.991654414356,TDB-MID,2034.7218961974859,0.14451557883899568,2038,0.8522004674063691,2.828497546304791,1133,0.9969347937394889,0.996545257571837
TOI-2076_d,NIRISS_SOSS,obs14,SOSS_HDU3_ordem_1,jw05959014001_04102_00001-seg003_nis_x1dints.fits,seg003,3,214,60693.99173149322,TDB-MID,2052.5864026417967,0.1445543514059269,2038,0.8522004674063691,2.828497546304791,1134,1.0056877088580611,1.005294752630208
TOI-2076_d,NIRISS_SOSS,obs14,SOSS_HDU3_ordem_1,jw05959014001_04102_00001-seg003_nis_x1dints.fits,seg003,3,215,60693.991808572064,TDB-MID,2040.433835911922,0.14453174223322993,2038,0.8522004674063691,2.828497546304791,1135,0.9997334226094615,0.9993427929227836
TOI-2076_d,NIRISS_SOSS,obs14,SOSS_HDU3_ordem_1,jw05959014001_04102_00001-seg003_nis_x1dints.fits,seg003,3,216,60693.99188565092,TDB-MID,2043.817759667586,0.14455449717551122,2038,0.8522004674063691,2.828497546304791,1136,1.0013914139731401,1.0010001364531176
TOI-2076_d,NIRISS_SOSS,obs14,SOSS_HDU3_ordem_1,jw05959014001_04102_00001-seg003_nis_x1dints.fits,seg003,3,217,60693.99196272978,TDB-MID,2046.626576915732,0.1445403389232843,2038,0.8522004674063691,2.828497546304791,1137,1.0027676254589286,1.0023758102064972
TOI-2076_d,NIRISS_SOSS,obs14,SOSS_HDU3_ordem_1,jw05959014001_04102_00001-seg003_nis_x1dints.fits,seg003,3,218,60693.99203980863,TDB-MID,2035.7271703513252,0.1445216645809894,2038,0.8522004674063691,2.828497546304791,1138,0.997427339076069,0.9970376104542826
TOI-2076_d,NIRISS_SOSS,obs14,SOSS_HDU3_ordem_1,jw05959014001_04102_00001-seg003_nis_x1dints.fits,seg003,3,219,60693.992116887486,TDB-MID,2041.7308492877767,0.14453336114373047,2038,0.8522004674063691,2.828497546304791,1139,1.000368908847041,0.9999780308543804
TOI-2076_d,NIRISS_SOSS,obs14,SOSS_HDU3_ordem_1,jw05959014001_04102_00001-seg003_nis_x1dints.fits,seg003,3,220,60693.99219396634,TDB-MID,2043.1276891230532,0.14453734104153498,2038,0.8522004674063691,2.828497546304791,1140,1.0010533061770501,1.0006621607671875
TOI-2076_d,NIRISS_SOSS,obs14,SOSS_HDU3_ordem_1,jw05959014001_04102_00001-seg003_nis_x1dints.fits,seg003,3,221,60693.992271045194,TDB-MID,2037.9985976916737,0.1445237627855895,2038,0.8522004674063691,2.828497546304791,1141,0.9985402503546454,0.9981500868807534
TOI-2076_d,NIRISS_SOSS,obs14,SOSS_HDU3_ordem_1,jw05959014001_04102_00001-seg003_nis_x1dints.fits,seg003,3,222,60693.992348124055,TDB-MID,2044.640141488776,0.1445388609026305,2038,0.8522004674063691,2.828497546304791,1142,1.0017943491618828,1.0014029142014436
TOI-2076_d,NIRISS_SOSS,obs14,SOSS_HDU3_ordem_1,jw05959014001_04102_00001-seg003_nis_x1dints.fits,seg003,3,223,60693.99242520291,TDB-MID,2037.7611832155287,0.14452513490560756,2038,0.8522004674063691,2.828497546304791,1143,0.9984239264716378,0.998033808449424
TOI-2076_d,NIRISS_SOSS,obs14,SOSS_HDU3_ordem_1,jw05959014001_04102_00001-seg003_nis_x1dints.fits,seg003,3,224,60693.992502281755,TDB-MID,2040.0956176191225,0.14453310591536242,2038,0.8522004674063691,2.828497546304791,1144,0.9995677087668962,0.9991771438302255
TOI-2076_d,NIRISS_SOSS,obs14,SOSS_HDU3_ordem_1,jw05959014001_04102_00001-seg003_nis_x1dints.fits,seg003,3,225,60693.992579360616,TDB-MID,2046.7754513043576,0.14453998074119795,2038,0.8522004674063691,2.828497546304791,1145,1.0028405681338932,1.0024487243802898
TOI-2076_d,NIRISS_SOSS,obs14,SOSS_HDU3_ordem_1,jw05959014001_04102_00001-seg003_nis_x1dints.fits,seg003,3,226,60693.99265643947,TDB-MID,2047.724004495031,0.14454399452962394,2038,0.8522004674063691,2.828497546304791,1146,1.003305322398966,1.0029132970501404
TOI-2076_d,NIRISS_SOSS,obs14,SOSS_HDU3_ordem_1,jw05959014001_04102_00001-seg003_nis_x1dints.fits,seg003,3,227,60693.992733518324,TDB-MID,2036.187398957708,0.14452003605260333,2038,0.8522004674063691,2.828497546304791,1147,0.9976528332389984,0.9972630165090103
TOI-2076_d,NIRISS_SOSS,obs14,SOSS_HDU3_ordem_1,jw05959014001_04102_00001-seg003_nis_x1dints.fits,seg003,3,228,60693.99281059718,TDB-MID,2033.299293174061,0.14451187539673538,2038,0.8522004674063691,2.828497546304791,1148,0.9962377734467494,0.9958485096285181
TOI-2076_d,NIRISS_SOSS,obs14,SOSS_HDU3_ordem_1,jw05959014001_04102_00001-seg003_nis_x1dints.fits,seg003,3,229,60693.99288767604,TDB-MID,2039.4550966653421,0.14452767841940842,2038,0.8522004674063691,2.828497546304791,1149,0.9992538783480382,0.9988634360355346
TOI-2076_d,NIRISS_SOSS,obs14,SOSS_HDU3_ordem_1,jw05959014001_04102_00001-seg003_nis_x1dints.fits,seg003,3,230,60693.992964754885,TDB-MID,2042.001009124989,0.1445305914133072,2038,0.8522004674063691,2.828497546304791,1150,1.0005012766866417,1.0001103469733859
TOI-2076_d,NIRISS_SOSS,obs14,SOSS_HDU3_ordem_1,jw05959014001_04102_00001-seg003_nis_x1dints.fits,seg003,3,231,60693.993041833746,TDB-MID,2040.5650679357057,0.14453080131743506,2038,0.8522004674063691,2.828497546304791,1151,0.9997977212100749,0.9994070663997573
TOI-2076_d,NIRISS_SOSS,obs14,SOSS_HDU3_ordem_1,jw05959014001_04102_00001-seg003_nis_x1dints.fits,seg003,3,232,60693.9931189126,TDB-MID,2033.3135437251908,0.14451412249210466,2038,0.8522004674063691,2.828497546304791,1152,0.9962447556639643,0.9958554891175445
TOI-2076_d,NIRISS_SOSS,obs14,SOSS_HDU3_ordem_1,jw05959014001_04102_00001-seg003_nis_x1dints.fits,seg003,3,233,60693.993195991454,TDB-MID,2044.2334416700799,0.14453692216784603,2038,0.8522004674063691,2.828497546304791,1153,1.0015950820283135,1.0012037249282881
TOI-2076_d,NIRISS_SOSS,obs14,SOSS_HDU3_ordem_1,jw05959014001_04102_00001-seg003_nis_x1dints.fits,seg003,3,234,60693.99327307031,TDB-MID,2043.6893836207876,0.1445370934020765,2038,0.8522004674063691,2.828497546304791,1154,1.0013285146904543,1.0009372617473105
TOI-2076_d,NIRISS_SOSS,obs14,SOSS_HDU3_ordem_1,jw05959014001_04102_00001-seg003_nis_x1dints.fits,seg003,3,235,60693.99335014916,TDB-MID,2047.4807196735414,0.14454309092359421,2038,0.8522004674063691,2.828497546304791,1155,1.003186122274475,1.0027941435011725
TOI-2076_d,NIRISS_SOSS,obs14,SOSS_HDU3_ordem_1,jw05959014001_04102_00001-seg003_nis_x1dints.fits,seg003,3,236,60693.993427228015,TDB-MID,2049.8699429040516,0.1445633978413519,2038,0.8522004674063691,2.828497546304791,1156,1.0043567489694338,1.003964312792659
TOI-2076_d,NIRISS_SOSS,obs14,SOSS_HDU3_ordem_1,jw05959014001_04102_00001-seg003_nis_x1dints.fits,seg003,3,237,60693.993504306876,TDB-MID,2043.7321628983445,0.14453479440904965,2038,0.8522004674063691,2.828497546304791,1157,1.0013494748768694,1.0009582137438713
TOI-2076_d,NIRISS_SOSS,obs14,SOSS_HDU3_ordem_1,jw05959014001_04102_00001-seg003_nis_x1dints.fits,seg003,3,238,60693.99358138572,TDB-MID,2052.482433162932,0.14455691403184454,2038,0.8522004674063691,2.828497546304791,1158,1.0056367678468296,1.005243831523354
TOI-2076_d,NIRISS_SOSS,obs14,SOSS_HDU3_ordem_1,jw05959014001_04102_00001-seg003_nis_x1dints.fits,seg003,3,239,60693.99365846458,TDB-MID,2033.269231418405,0.14451598913454863,2038,0.8522004674063691,2.828497546304791,1159,0.9962230443526995,0.9958337862896239
TOI-2076_d,NIRISS_SOSS,obs14,SOSS_HDU3_ordem_1,jw05959014001_04102_00001-seg003_nis_x1dints.fits,seg003,3,240,60693.99373554344,TDB-MID,2041.8835479927475,0.14453685493454824,2038,0.8522004674063691,2.828497546304791,1160,1.0004437252886533,1.0000528180626767
TOI-2076_d,NIRISS_SOSS,obs14,SOSS_HDU3_ordem_1,jw05959014001_04102_00001-seg003_nis_x1dints.fits,seg003,3,241,60693.99381262229,TDB-MID,2041.5874002939588,0.14453561318839145,2038,0.8522004674063691,2.828497546304791,1161,1.0002986244050585,0.9999077738749083
TOI-2076_d,NIRISS_SOSS,obs14,SOSS_HDU3_ordem_1,jw05959014001_04102_00001-seg003_nis_x1dints.fits,seg003,3,242,60693.993889701145,TDB-MID,2036.268763675495,0.1445236683910137,2038,0.8522004674063691,2.828497546304791,1162,0.9976926987942354,0.9973028664874254
TOI-2076_d,NIRISS_SOSS,obs14,SOSS_HDU3_ordem_1,jw05959014001_04102_00001-seg003_nis_x1dints.fits,seg003,3,243,60693.99396678,TDB-MID,2044.235336030962,0.14454073201255332,2038,0.8522004674063691,2.828497546304791,1163,1.0015960101916557,1.0012046527289653
TOI-2076_d,NIRISS_SOSS,obs14,SOSS_HDU3_ordem_1,jw05959014001_04102_00001-seg003_nis_x1dints.fits,seg003,3,244,60693.99404385885,TDB-MID,2038.8501720974004,0.1445266329457857,2038,0.8522004674063691,2.828497546304791,1164,0.9989574887773083,0.9985671622742419
TOI-2076_d,NIRISS_SOSS,obs14,SOSS_HDU3_ordem_1,jw05959014001_04102_00001-seg003_nis_x1dints.fits,seg003,3,245,60693.994120937714,TDB-MID,2037.1695609925896,0.14452437931719714,2038,0.8522004674063691,2.828497546304791,1165,0.9981340545339052,0.9977440497744691
TOI-2076_d,NIRISS_SOSS,obs14,SOSS_HDU3_ordem_1,jw05959014001_04102_00001-seg003_nis_x1dints.fits,seg003,3,246,60693.99419801657,TDB-MID,2038.5899385265102,0.1445264782091155,2038,0.8522004674063691,2.828497546304791,1166,0.9988299844231239,0.9984397077403244
TOI-2076_d,NIRISS_SOSS,obs14,SOSS_HDU3_ordem_1,jw05959014001_04102_00001-seg003_nis_x1dints.fits,seg003,3,247,60693.994275095414,TDB-MID,2044.4758359380926,0.14453817648423822,2038,0.8522004674063691,2.828497546304791,1167,1.0017138458161494,1.0013224423110922
TOI-2076_d,NIRISS_SOSS,obs14,SOSS_HDU3_ordem_1,jw05959014001_04102_00001-seg003_nis_x1dints.fits,seg003,3,248,60693.994352174275,TDB-MID,2042.3655332717008,0.14453261604280568,2038,0.8522004674063691,2.828497546304791,1168,1.00067987937711,1.0002888798777376
TOI-2076_d,NIRISS_SOSS,obs14,SOSS_HDU3_ordem_1,jw05959014001_04102_00001-seg003_nis_x1dints.fits,seg003,3,249,60693.99442925313,TDB-MID,2042.3342217393167,0.1445364525815814,2038,0.8522004674063691,2.828497546304791,1169,1.0006645379409473,1.0002735444359934
TOI-2076_d,NIRISS_SOSS,obs14,SOSS_HDU3_ordem_1,jw05959014001_04102_00001-seg003_nis_x1dints.fits,seg003,3,250,60693.99450633198,TDB-MID,2038.7480238821101,0.14452673709271763,2038,0.8522004674063691,2.828497546304791,1170,0.9989074401145738,0.998517133167214
TOI-2076_d,NIRISS_SOSS,obs14,SOSS_HDU3_ordem_1,jw05959014001_04102_00001-seg003_nis_x1dints.fits,seg003,3,251,60693.99458341084,TDB-MID,2027.4113022496817,0.14450325930934763,2038,0.8522004674063691,2.828497546304791,1171,0.9933528863136695,0.9929647497184874
TOI-2076_d,NIRISS_SOSS,obs14,SOSS_HDU3_ordem_1,jw05959014001_04102_00001-seg003_nis_x1dints.fits,seg003,3,252,60693.9946604897,TDB-MID,2033.0432162237466,0.14451490695405525,2038,0.8522004674063691,2.828497546304791,1172,0.9961123056753943,0.9957230908816682
TOI-2076_d,NIRISS_SOSS,obs14,SOSS_HDU3_ordem_1,jw05959014001_04102_00001-seg003_nis_x1dints.fits,seg003,3,253,60693.994737568544,TDB-MID,2043.487944709635,0.144535586681888,2038,0.8522004674063691,2.828497546304791,1173,1.0012298174386498,1.0008386030598628
TOI-2076_d,NIRISS_SOSS,obs14,SOSS_HDU3_ordem_1,jw05959014001_04102_00001-seg003_nis_x1dints.fits,seg003,3,254,60693.9948146474,TDB-MID,2045.7843081291137,0.1445440410471907,2038,0.8522004674063691,2.828497546304791,1174,1.002354946428625,1.0019632924238588
TOI-2076_d,NIRISS_SOSS,obs14,SOSS_HDU3_ordem_1,jw05959014001_04102_00001-seg003_nis_x1dints.fits,seg003,3,255,60693.99489172626,TDB-MID,2056.6496776673603,0.14456838811809333,2038,0.8522004674063691,2.828497546304791,1175,1.007678555989105,1.0072848218698929
TOI-2076_d,NIRISS_SOSS,obs14,SOSS_HDU3_ordem_1,jw05959014001_04102_00001-seg003_nis_x1dints.fits,seg003,3,256,60693.99496880511,TDB-MID,2050.8265454637494,0.14455103620007712,2038,0.8522004674063691,2.828497546304791,1176,1.0048254471130598,1.004432827800056
TOI-2076_d,NIRISS_SOSS,obs14,SOSS_HDU3_ordem_1,jw05959014001_04102_00001-seg003_nis_x1dints.fits,seg003,3,257,60693.99504588397,TDB-MID,2042.6220359120475,0.14453358890600246,2038,0.8522004674063691,2.828497546304791,1177,1.0008055557200664,1.000414507114693
TOI-2076_d,NIRISS_SOSS,obs14,SOSS_HDU3_ordem_1,jw05959014001_04102_00001-seg003_nis_x1dints.fits,seg003,3,258,60693.99512296282,TDB-MID,2048.3056828032118,0.14454697662141205,2038,0.8522004674063691,2.828497546304791,1178,1.003590322204233,1.003198185496337
TOI-2076_d,NIRISS_SOSS,obs14,SOSS_HDU3_ordem_1,jw05959014001_04102_00001-seg003_nis_x1dints.fits,seg003,3,259,60693.995200041674,TDB-MID,2044.8372294248077,0.14454116179252915,2038,0.8522004674063691,2.828497546304791,1179,1.0018909146046706,1.0014994419128445
TOI-2076_d,NIRISS_SOSS,obs14,SOSS_HDU3_ordem_1,jw05959014001_04102_00001-seg003_nis_x1dints.fits,seg003,3,260,60693.995277120535,TDB-MID,2029.2392256283754,0.14450746894881683,2038,0.8522004674063691,2.828497546304791,1180,0.994248497856414,0.993860011315488
TOI-2076_d,NIRISS_SOSS,obs14,SOSS_HDU3_ordem_1,jw05959014001_04102_00001-seg003_nis_x1dints.fits,seg003,3,261,60693.99535419939,TDB-MID,2043.4901956136334,0.14453642139232367,2038,0.8522004674063691,2.828497546304791,1181,1.001230920294287,1.000839705484577
TOI-2076_d,NIRISS_SOSS,obs14,SOSS_HDU3_ordem_1,jw05959014001_04102_00001-seg003_nis_x1dints.fits,seg003,3,262,60693.995431278236,TDB-MID,2042.1853866083825,0.1445326017307161,2038,0.8522004674063691,2.828497546304791,1182,1.0005916145007285,1.000200649489431
TOI-2076_d,NIRISS_SOSS,obs14,SOSS_HDU3_ordem_1,jw05959014001_04102_00001-seg003_nis_x1dints.fits,seg003,3,263,60693.9955083571,TDB-MID,2038.2770414412494,0.14452564605104345,2038,0.8522004674063691,2.828497546304791,1183,0.9986766769899365,0.9982864602095403
TOI-2076_d,NIRISS_SOSS,obs14,SOSS_HDU3_ordem_1,jw05959014001_04102_00001-seg003_nis_x1dints.fits,seg003,3,264,60693.99558543596,TDB-MID,2040.9602779717657,0.14452908753658458,2038,0.8522004674063691,2.828497546304791,1184,0.9999913587958892,0.9996006283248128
TOI-2076_d,NIRISS_SOSS,obs14,SOSS_HDU3_ordem_1,jw05959014001_04102_00001-seg003_nis_x1dints.fits,seg003,3,265,60693.995662514804,TDB-MID,2035.4496499886004,0.14452283432787774,2038,0.8522004674063691,2.828497546304791,1185,0.9972913648645129,0.9969016893724534
TOI-2076_d,NIRISS_SOSS,obs14,SOSS_HDU3_ordem_1,jw05959014001_04102_00001-seg003_nis_x1dints.fits,seg003,3,266,60693.99573959366,TDB-MID,2042.1542321769973,0.14453335211999596,2038,0.8522004674063691,2.828497546304791,1186,1.000576350037961,1.0001853909910057
TOI-2076_d,NIRISS_SOSS,obs14,SOSS_HDU3_ordem_1,jw05959014001_04102_00001-seg003_nis_x1dints.fits,seg003,3,267,60693.99581667252,TDB-MID,2040.0113055425131,0.14452831553545445,2038,0.8522004674063691,2.828497546304791,1187,0.9995263991201766,0.9991358503245832
TOI-2076_d,NIRISS_SOSS,obs14,SOSS_HDU3_ordem_1,jw05959014001_04102_00001-seg003_nis_x1dints.fits,seg003,3,268,60693.995893751366,TDB-MID,2041.8818244260274,0.14453119070220252,2038,0.8522004674063691,2.828497546304791,1188,1.000442880807825,1.0000519739118154
TOI-2076_d,NIRISS_SOSS,obs14,SOSS_HDU3_ordem_1,jw05959014001_04102_00001-seg003_nis_x1dints.fits,seg003,3,269,60693.99597083023,TDB-MID,2044.9436420243292,0.14453967449701532,2038,0.8522004674063691,2.828497546304791,1189,1.001943052650245,1.0015515595863196
TOI-2076_d,NIRISS_SOSS,obs14,SOSS_HDU3_ordem_1,jw05959014001_04102_00001-seg003_nis_x1dints.fits,seg003,3,270,60693.99604790907,TDB-MID,2040.8509866776594,0.1445277804541319,2038,0.8522004674063691,2.828497546304791,1190,0.999937810301645,0.9995471007537776
TOI-2076_d,NIRISS_SOSS,obs14,SOSS_HDU3_ordem_1,jw05959014001_04102_00001-seg003_nis_x1dints.fits,seg003,3,271,60693.996124987934,TDB-MID,2046.006019851824,0.14454177211253105,2038,0.8522004674063691,2.828497546304791,1191,1.0024635765716252,1.0020718801213855
TOI-2076_d,NIRISS_SOSS,obs14,SOSS_HDU3_ordem_1,jw05959014001_04102_00001-seg003_nis_x1dints.fits,seg003,3,272,60693.99620206679,TDB-MID,2053.694974775404,0.1445560478212537,2038,0.8522004674063691,2.828497546304791,1192,1.0062308661973653,1.0058376977395556
TOI-2076_d,NIRISS_SOSS,obs14,SOSS_HDU3_ordem_1,jw05959014001_04102_00001-seg003_nis_x1dints.fits,seg003,3,273,60693.996279145635,TDB-MID,2035.435790146906,0.1445178417665606,2038,0.8522004674063691,2.828497546304791,1193,0.9972845740797639,0.9968949012410939
TOI-2076_d,NIRISS_SOSS,obs14,SOSS_HDU3_ordem_1,jw05959014001_04102_00001-seg003_nis_x1dints.fits,seg003,3,274,60693.996356224496,TDB-MID,2032.6681635200857,0.14450262309308767,2038,0.8522004674063691,2.828497546304791,1194,0.9959285444004681,0.995539401408492
TOI-2076_d,NIRISS_SOSS,obs14,SOSS_HDU3_ordem_1,jw05959014001_04102_00001-seg003_nis_x1dints.fits,seg003,3,275,60693.99643330336,TDB-MID,2040.9880841317563,0.14453211839070168,2038,0.8522004674063691,2.828497546304791,1195,1.000004982735567,0.9996142469411562
TOI-2076_d,NIRISS_SOSS,obs14,SOSS_HDU3_ordem_1,jw05959014001_04102_00001-seg003_nis_x1dints.fits,seg003,3,276,60693.9965103822,TDB-MID,2035.1059851113857,0.14451787422258452,2038,0.8522004674063691,2.828497546304791,1196,0.9971229824068798,0.9967333727075458
TOI-2076_d,NIRISS_SOSS,obs14,SOSS_HDU3_ordem_1,jw05959014001_04102_00001-seg003_nis_x1dints.fits,seg003,3,277,60693.99658746106,TDB-MID,2044.5361191177992,0.14453683347856489,2038,0.8522004674063691,2.828497546304791,1197,1.0017433822355684,1.0013519671896323
TOI-2076_d,NIRISS_SOSS,obs14,SOSS_HDU3_ordem_1,jw05959014001_04102_00001-seg003_nis_x1dints.fits,seg003,3,278,60693.99666453992,TDB-MID,2043.6789563599912,0.14453680216640685,2038,0.8522004674063691,2.828497546304791,1198,1.0013234057371811,1.0009321547902783
TOI-2076_d,NIRISS_SOSS,obs14,SOSS_HDU3_ordem_1,jw05959014001_04102_00001-seg003_nis_x1dints.fits,seg003,3,279,60693.99674161877,TDB-MID,2047.165989193399,0.14454376600944935,2038,0.8522004674063691,2.828497546304791,1199,1.0030319165489205,1.0026399980290146
TOI-2076_d,NIRISS_SOSS,obs14,SOSS_HDU3_ordem_1,jw05959014001_04102_00001-seg003_nis_x1dints.fits,seg003,3,280,60693.996818697626,TDB-MID,2040.309405678733,0.14452978091955324,2038,0.8522004674063691,2.828497546304791,1200,0.9996724566223696,0.9992818507571664
TOI-2076_d,NIRISS_SOSS,obs14,SOSS_HDU3_ordem_1,jw05959014001_04102_00001-seg003_nis_x1dints.fits,seg003,3,281,60693.99689577648,TDB-MID,2041.5109091844847,0.14453466402118226,2038,0.8522004674063691,2.828497546304791,1201,1.0002611467288272,0.9998703108424736
TOI-2076_d,NIRISS_SOSS,obs14,SOSS_HDU3_ordem_1,jw05959014001_04102_00001-seg003_nis_x1dints.fits,seg003,3,282,60693.99697285533,TDB-MID,2042.6056460228758,0.14453515926942642,2038,0.8522004674063691,2.828497546304791,1202,1.0007975253102048,1.0004064798425845
TOI-2076_d,NIRISS_SOSS,obs14,SOSS_HDU3_ordem_1,jw05959014001_04102_00001-seg003_nis_x1dints.fits,seg003,3,283,60693.997049934194,TDB-MID,2039.9130784048089,0.14452906373931,2038,0.8522004674063691,2.828497546304791,1203,0.9994782716333442,0.9990877416427889
TOI-2076_d,NIRISS_SOSS,obs14,SOSS_HDU3_ordem_1,jw05959014001_04102_00001-seg003_nis_x1dints.fits,seg003,3,284,60693.99712701305,TDB-MID,2041.1798714187871,0.1445336533032764,2038,0.8522004674063691,2.828497546304791,1204,1.0000989510659788,0.9997081785549606
TOI-2076_d,NIRISS_SOSS,obs14,SOSS_HDU3_ordem_1,jw05959014001_04102_00001-seg003_nis_x1dints.fits,seg003,3,285,60693.997204091895,TDB-MID,2040.1448669925062,0.14457702990444152,2038,0.8522004674063691,2.828497546304791,1205,0.9995918390492643,0.9992012646840756
TOI-2076_d,NIRISS_SOSS,obs14,SOSS_HDU3_ordem_1,jw05959014001_04102_00001-seg003_nis_x1dints.fits,seg003,3,286,60693.997281170756,TDB-MID,2040.6268239627902,0.14452885129884635,2038,0.8522004674063691,2.828497546304791,1206,0.999827979267571,0.9994373126344063
TOI-2076_d,NIRISS_SOSS,obs14,SOSS_HDU3_ordem_1,jw05959014001_04102_00001-seg003_nis_x1dints.fits,seg003,3,287,60693.99735824961,TDB-MID,2040.9200700802626,0.14453204182943363,2038,0.8522004674063691,2.828497546304791,1207,0.9999716584888855,0.9995809357153858
TOI-2076_d,NIRISS_SOSS,obs14,SOSS_HDU3_ordem_1,jw05959014001_04102_00001-seg003_nis_x1dints.fits,seg003,3,288,60693.99743532846,TDB-MID,2036.0393128171204,0.1445201790614019,2038,0.8522004674063691,2.828497546304791,1208,0.9975802767749931,0.9971904883952712
TOI-2076_d,NIRISS_SOSS,obs14,SOSS_HDU3_ordem_1,jw05959014001_04102_00001-seg003_nis_x1dints.fits,seg003,3,289,60693.99751240732,TDB-MID,2042.5568841647564,0.1445340995957225,2038,0.8522004674063691,2.828497546304791,1209,1.0007736338914033,1.0003825977589689
TOI-2076_d,NIRISS_SOSS,obs14,SOSS_HDU3_ordem_1,jw05959014001_04102_00001-seg003_nis_x1dints.fits,seg003,3,290,60693.99758948618,TDB-MID,2042.454912782334,0.14453238448458564,2038,0.8522004674063691,2.828497546304791,1210,1.000723671869914,1.0003326552593326
TOI-2076_d,NIRISS_SOSS,obs14,SOSS_HDU3_ordem_1,jw05959014001_04102_00001-seg003_nis_x1dints.fits,seg003,3,291,60693.997666565025,TDB-MID,2036.8926392565547,0.14452191298028869,2038,0.8522004674063691,2.828497546304791,1211,0.9979983736262039,0.9976084218818908
TOI-2076_d,NIRISS_SOSS,obs14,SOSS_HDU3_ordem_1,jw05959014001_04102_00001-seg003_nis_x1dints.fits,seg003,3,292,60693.997743643886,TDB-MID,2037.4431592731628,0.14452457845717348,2038,0.8522004674063691,2.828497546304791,1212,0.9982681070773612,0.9978780499390588
TOI-2076_d,NIRISS_SOSS,obs14,SOSS_HDU3_ordem_1,jw05959014001_04102_00001-seg003_nis_x1dints.fits,seg003,3,293,60693.99782072273,TDB-MID,2038.6352144175964,0.14452342549023492,2038,0.8522004674063691,2.828497546304791,1213,0.9988521678533144,0.998461882502698
TOI-2076_d,NIRISS_SOSS,obs14,SOSS_HDU3_ordem_1,jw05959014001_04102_00001-seg003_nis_x1dints.fits,seg003,3,294,60693.99789780159,TDB-MID,2044.0226263577922,0.14453822057753807,2038,0.8522004674063691,2.828497546304791,1214,1.0014917907037029,1.0011004739630942
TOI-2076_d,NIRISS_SOSS,obs14,SOSS_HDU3_ordem_1,jw05959014001_04102_00001-seg003_nis_x1dints.fits,seg003,3,295,60693.99797488045,TDB-MID,2043.4706614382885,0.14453367788407936,2038,0.8522004674063691,2.828497546304791,1215,1.0012213493061806,1.0008301382361797
TOI-2076_d,NIRISS_SOSS,obs14,SOSS_HDU3_ordem_1,jw05959014001_04102_00001-seg003_nis_x1dints.fits,seg003,3,296,60693.998051959294,TDB-MID,2039.3662224060506,0.14453527565328636,2038,0.8522004674063691,2.828497546304791,1216,0.9992103334087907,0.9988199081107687
TOI-2076_d,NIRISS_SOSS,obs14,SOSS_HDU3_ordem_1,jw05959014001_04102_00001-seg003_nis_x1dints.fits,seg003,3,297,60693.998129038155,TDB-MID,2047.3292273817056,0.14454345792423276,2038,0.8522004674063691,2.828497546304791,1217,1.0031118969284967,1.0027199471575494
TOI-2076_d,NIRISS_SOSS,obs14,SOSS_HDU3_ordem_1,jw05959014001_04102_00001-seg003_nis_x1dints.fits,seg003,3,298,60693.998206117016,TDB-MID,2037.4789129651372,0.1445211887068739,2038,0.8522004674063691,2.828497546304791,1218,0.998285624999393,0.9978955610162455
TOI-2076_d,NIRISS_SOSS,obs14,SOSS_HDU3_ordem_1,jw05959014001_04102_00001-seg003_nis_x1dints.fits,seg003,3,299,60693.99828319586,TDB-MID,2042.8825543815697,0.14453509555892216,2038,0.8522004674063691,2.828497546304791,1219,1.000933199663528,1.0005421011833455
TOI-2076_d,NIRISS_SOSS,obs14,SOSS_HDU3_ordem_1,jw05959014001_04102_00001-seg003_nis_x1dints.fits,seg003,3,300,60693.998360274716,TDB-MID,2037.8994182022439,0.14452351355525425,2038,0.8522004674063691,2.828497546304791,1220,0.9984916562524132,0.9981015117658816
TOI-2076_d,NIRISS_SOSS,obs14,SOSS_HDU3_ordem_1,jw05959014001_04102_00001-seg003_nis_x1dints.fits,seg003,3,301,60693.99843735358,TDB-MID,2043.1574037376786,0.14453426833651892,2038,0.8522004674063691,2.828497546304791,1221,1.0010678651854619,1.000676714086902
TOI-2076_d,NIRISS_SOSS,obs14,SOSS_HDU3_ordem_1,jw05959014001_04102_00001-seg003_nis_x1dints.fits,seg003,3,302,60693.99851443243,TDB-MID,2040.0225733955185,0.1445304476199401,2038,0.8522004674063691,2.828497546304791,1222,0.999531919931022,0.9991413689782609
TOI-2076_d,NIRISS_SOSS,obs14,SOSS_HDU3_ordem_1,jw05959014001_04102_00001-seg003_nis_x1dints.fits,seg003,3,303,60693.998591511285,TDB-MID,2038.0899649394792,0.144530833220477,2038,0.8522004674063691,2.828497546304791,1223,0.9985850167615513,0.9981948357959087
TOI-2076_d,NIRISS_SOSS,obs14,SOSS_HDU3_ordem_1,jw05959014001_04102_00001-seg003_nis_x1dints.fits,seg003,3,304,60693.99866859014,TDB-MID,2032.611087190754,0.1445128889763521,2038,0.8522004674063691,2.828497546304791,1224,0.9959005792133258,0.9955114471482948
TOI-2076_d,NIRISS_SOSS,obs14,SOSS_HDU3_ordem_1,jw05959014001_04102_00001-seg003_nis_x1dints.fits,seg003,3,305,60693.99874566899,TDB-MID,2043.7738408417283,0.1445364648488967,2038,0.8522004674063691,2.828497546304791,1225,1.0013698954522654,1.0009786263402571
TOI-2076_d,NIRISS_SOSS,obs14,SOSS_HDU3_ordem_1,jw05959014001_04102_00001-seg003_nis_x1dints.fits,seg003,3,306,60693.99882274785,TDB-MID,2047.0511389559042,0.1445471360369852,2038,0.8522004674063691,2.828497546304791,1226,1.0029756443880706,1.0025837478556026
TOI-2076_d,NIRISS_SOSS,obs14,SOSS_HDU3_ordem_1,jw05959014001_04102_00001-seg003_nis_x1dints.fits,seg003,3,307,60693.99889982671,TDB-MID,2050.37503562259,0.14455006897090983,2038,0.8522004674063691,2.828497546304791,1227,1.0046042248068523,1.0042116919328916
TOI-2076_d,NIRISS_SOSS,obs14,SOSS_HDU3_ordem_1,jw05959014001_04102_00001-seg003_nis_x1dints.fits,seg003,3,308,60693.998976905554,TDB-MID,2039.5154791938658,0.14452659512088714,2038,0.8522004674063691,2.828497546304791,1228,0.9992834634445233,0.998893009572121
TOI-2076_d,NIRISS_SOSS,obs14,SOSS_HDU3_ordem_1,jw05959014001_04102_00001-seg003_nis_x1dints.fits,seg003,3,309,60693.999053984415,TDB-MID,2045.12814724358,0.14454179730766745,2038,0.8522004674063691,2.828497546304791,1229,1.0020334530499466,1.0016419246635253
TOI-2076_d,NIRISS_SOSS,obs14,SOSS_HDU3_ordem_1,jw05959014001_04102_00001-seg003_nis_x1dints.fits,seg003,3,310,60693.99913106326,TDB-MID,2041.489372790164,0.14453447668611222,2038,0.8522004674063691,2.828497546304791,1230,1.0002505947310971,0.9998597629677662
TOI-2076_d,NIRISS_SOSS,obs14,SOSS_HDU3_ordem_1,jw05959014001_04102_00001-seg003_nis_x1dints.fits,seg003,3,311,60693.99920814212,TDB-MID,2049.0833344550706,0.14455067030225574,2038,0.8522004674063691,2.828497546304791,1231,1.0039713413452744,1.0035790557603035
TOI-2076_d,NIRISS_SOSS,obs14,SOSS_HDU3_ordem_1,jw05959014001_04102_00001-seg003_nis_x1dints.fits,seg003,3,312,60693.999285220976,TDB-MID,2042.6330832415074,0.14453521151034582,2038,0.8522004674063691,2.828497546304791,1232,1.0008109684829294,1.0004199177626065
TOI-2076_d,NIRISS_SOSS,obs14,SOSS_HDU3_ordem_1,jw05959014001_04102_00001-seg003_nis_x1dints.fits,seg003,3,313,60693.99936229983,TDB-MID,2050.1420607522105,0.14454868011662841,2038,0.8522004674063691,2.828497546304791,1233,1.0044900761584388,1.0040975878862186
TOI-2076_d,NIRISS_SOSS,obs14,SOSS_HDU3_ordem_1,jw05959014001_04102_00001-seg003_nis_x1dints.fits,seg003,3,314,60693.999439378684,TDB-MID,2038.6800811168314,0.1445249838065076,2038,0.8522004674063691,2.828497546304791,1234,0.998874150795372,0.9984838568552761
TOI-2076_d,NIRISS_SOSS,obs14,SOSS_HDU3_ordem_1,jw05959014001_04102_00001-seg003_nis_x1dints.fits,seg003,3,315,60693.99951645754,TDB-MID,2037.3645206212832,0.14452245533609287,2038,0.8522004674063691,2.828497546304791,1235,0.9982295771886633,0.9978395351052927
TOI-2076_d,NIRISS_SOSS,obs14,SOSS_HDU3_ordem_1,jw05959014001_04102_00001-seg003_nis_x1dints.fits,seg003,3,316,60693.99959353639,TDB-MID,2047.6335385016723,0.14454278241520502,2038,0.8522004674063691,2.828497546304791,1236,1.0032609975717757,1.0028689895421603
TOI-2076_d,NIRISS_SOSS,obs14,SOSS_HDU3_ordem_1,jw05959014001_04102_00001-seg003_nis_x1dints.fits,seg003,3,317,60693.99967061525,TDB-MID,2043.5386592584905,0.14453456424862993,2038,0.8522004674063691,2.828497546304791,1237,1.0012546656001589,1.0008634415123543
TOI-2076_d,NIRISS_SOSS,obs14,SOSS_HDU3_ordem_1,jw05959014001_04102_00001-seg003_nis_x1dints.fits,seg003,3,318,60693.999747694106,TDB-MID,2035.433216447717,0.14452131632873585,2038,0.8522004674063691,2.828497546304791,1238,0.997283313067006,0.9968936407210564
TOI-2076_d,NIRISS_SOSS,obs14,SOSS_HDU3_ordem_1,jw05959014001_04102_00001-seg003_nis_x1dints.fits,seg003,3,319,60693.99982477295,TDB-MID,2043.2193239760695,0.14453359885237943,2038,0.8522004674063691,2.828497546304791,1239,1.0010982037001277,1.0007070407472833
TOI-2076_d,NIRISS_SOSS,obs14,SOSS_HDU3_ordem_1,jw05959014001_04102_00001-seg003_nis_x1dints.fits,seg003,3,320,60693.999901851814,TDB-MID,2045.093928285926,0.14453846760780112,2038,0.8522004674063691,2.828497546304791,1240,1.002016687088193,1.0016251652528003
TOI-2076_d,NIRISS_SOSS,obs14,SOSS_HDU3_ordem_1,jw05959014001_04102_00001-seg003_nis_x1dints.fits,seg003,3,321,60693.999978930675,TDB-MID,2047.6910893779234,0.144544970415555,2038,0.8522004674063691,2.828497546304791,1241,1.0032891952684988,1.002897176221089
TOI-2076_d,NIRISS_SOSS,obs14,SOSS_HDU3_ordem_1,jw05959014001_04102_00001-seg003_nis_x1dints.fits,seg003,3,322,60694.00005600952,TDB-MID,2046.061181201478,0.1445427914236132,2038,0.8522004674063691,2.828497546304791,1242,1.0024906034930154,1.0020988964824427
TOI-2076_d,NIRISS_SOSS,obs14,SOSS_HDU3_ordem_1,jw05959014001_04102_00001-seg003_nis_x1dints.fits,seg003,3,323,60694.000133088375,TDB-MID,2043.577832483657,0.14453659231527852,2038,0.8522004674063691,2.828497546304791,1243,1.0012738589607968,1.0008826273734963
TOI-2076_d,NIRISS_SOSS,obs14,SOSS_HDU3_ordem_1,jw05959014001_04102_00001-seg003_nis_x1dints.fits,seg003,3,324,60694.00021016723,TDB-MID,2040.264742952032,0.14452830756960403,2038,0.8522004674063691,2.828497546304791,1244,0.9996505736189407,0.9992599763041675
TOI-2076_d,NIRISS_SOSS,obs14,SOSS_HDU3_ordem_1,jw05959014001_04102_00001-seg003_nis_x1dints.fits,seg003,3,325,60694.00028724609,TDB-MID,2038.0591539401496,0.1445230470516574,2038,0.8522004674063691,2.828497546304791,1245,0.9985699205671678,0.9981797455001193
TOI-2076_d,NIRISS_SOSS,obs14,SOSS_HDU3_ordem_1,jw05959014001_04102_00001-seg003_nis_x1dints.fits,seg003,3,326,60694.000364324944,TDB-MID,2039.9768104198915,0.1445293043968037,2038,0.8522004674063691,2.828497546304791,1246,0.9995094978483026,0.999118955656608
TOI-2076_d,NIRISS_SOSS,obs14,SOSS_HDU3_ordem_1,jw05959014001_04102_00001-seg003_nis_x1dints.fits,seg003,3,327,60694.00044140379,TDB-MID,2044.661547712437,0.14466892693700262,2038,0.8522004674063691,2.828497546304791,1247,1.0018048373810393,1.001413398322498
TOI-2076_d,NIRISS_SOSS,obs14,SOSS_HDU3_ordem_1,jw05959014001_04102_00001-seg003_nis_x1dints.fits,seg003,3,328,60694.00051848265,TDB-MID,2039.0687584688476,0.14452607290379213,2038,0.8522004674063691,2.828497546304791,1248,0.9990645876194352,0.9986742192692262
TOI-2076_d,NIRISS_SOSS,obs14,SOSS_HDU3_ordem_1,jw05959014001_04102_00001-seg003_nis_x1dints.fits,seg003,3,329,60694.000595561505,TDB-MID,2046.493111431289,0.14453971269099744,2038,0.8522004674063691,2.828497546304791,1249,1.0027022325492376,1.0023104428480294
TOI-2076_d,NIRISS_SOSS,obs14,SOSS_HDU3_ordem_1,jw05959014001_04102_00001-seg003_nis_x1dints.fits,seg003,3,330,60694.00067264036,TDB-MID,2034.0661305105732,0.14451445183441747,2038,0.8522004674063691,2.828497546304791,1250,0.9966134939928034,0.9962240833678377
TOI-2076_d,NIRISS_SOSS,obs14,SOSS_HDU3_ordem_1,jw05959014001_04102_00001-seg003_nis_x1dints.fits,seg003,3,331,60694.00074971921,TDB-MID,2046.3844603371313,0.1445414898111727,2038,0.8522004674063691,2.828497546304791,1251,1.0026489977281319,1.0022572288275702
TOI-2076_d,NIRISS_SOSS,obs14,SOSS_HDU3_ordem_1,jw05959014001_04102_00001-seg003_nis_x1dints.fits,seg003,3,332,60694.000826798074,TDB-MID,2045.8063952742336,0.1445376177164372,2038,0.8522004674063691,2.828497546304791,1252,1.0023657682728806,1.0019741100396538
TOI-2076_d,NIRISS_SOSS,obs14,SOSS_HDU3_ordem_1,jw05959014001_04102_00001-seg003_nis_x1dints.fits,seg003,3,333,60694.00090387692,TDB-MID,2039.8163779049323,0.14452617500448484,2038,0.8522004674063691,2.828497546304791,1253,0.9994308921398227,0.9990403806620392
TOI-2076_d,NIRISS_SOSS,obs14,SOSS_HDU3_ordem_1,jw05959014001_04102_00001-seg003_nis_x1dints.fits,seg003,3,334,60694.00098095578,TDB-MID,2041.8321370903093,0.14453243717113645,2038,0.8522004674063691,2.828497546304791,1254,1.0004185359409032,1.0000276385572573
TOI-2076_d,NIRISS_SOSS,obs14,SOSS_HDU3_ordem_1,jw05959014001_04102_00001-seg003_nis_x1dints.fits,seg003,3,335,60694.001058034635,TDB-MID,2043.2486788445594,0.14453578984128765,2038,0.8522004674063691,2.828497546304791,1255,1.0011125864468893,1.0007214178742188
TOI-2076_d,NIRISS_SOSS,obs14,SOSS_HDU3_ordem_1,jw05959014001_04102_00001-seg003_nis_x1dints.fits,seg003,3,336,60694.00113511349,TDB-MID,2045.6055718382254,0.14454099766572678,2038,0.8522004674063691,2.828497546304791,1256,1.0022673725800202,1.0018757527933209
TOI-2076_d,NIRISS_SOSS,obs14,SOSS_HDU3_ordem_1,jw05959014001_04102_00001-seg003_nis_x1dints.fits,seg003,3,337,60694.00121219234,TDB-MID,2047.2118122858117,0.14454724989251003,2038,0.8522004674063691,2.828497546304791,1257,1.0030543680865327,1.0026624407940512
TOI-2076_d,NIRISS_SOSS,obs14,SOSS_HDU3_ordem_1,jw05959014001_04102_00001-seg003_nis_x1dints.fits,seg003,3,338,60694.00128927119,TDB-MID,2041.4055895144054,0.14453153244151107,2038,0.8522004674063691,2.828497546304791,1258,1.00020954417628,0.9998187284527904
TOI-2076_d,NIRISS_SOSS,obs14,SOSS_HDU3_ordem_1,jw05959014001_04102_00001-seg003_nis_x1dints.fits,seg003,3,339,60694.00136635005,TDB-MID,2045.546159215407,0.1445614429945399,2038,0.8522004674063691,2.828497546304791,1259,1.002238262699704,1.0018466542872202
TOI-2076_d,NIRISS_SOSS,obs14,SOSS_HDU3_ordem_1,jw05959014001_04102_00001-seg003_nis_x1dints.fits,seg003,3,340,60694.00144342891,TDB-MID,2042.7236164657163,0.14453569789757015,2038,0.8522004674063691,2.828497546304791,1260,1.0008553262506283,1.0004642581982242
TOI-2076_d,NIRISS_SOSS,obs14,SOSS_HDU3_ordem_1,jw05959014001_04102_00001-seg003_nis_x1dints.fits,seg003,3,341,60694.00152050776,TDB-MID,2039.763665877795,0.1445306331451965,2038,0.8522004674063691,2.828497546304791,1261,0.999405065291446,0.9990145639050863
TOI-2076_d,NIRISS_SOSS,obs14,SOSS_HDU3_ordem_1,jw05959014001_04102_00001-seg003_nis_x1dints.fits,seg003,3,342,60694.00159758661,TDB-MID,2037.7019374385227,0.1445276135648718,2038,0.8522004674063691,2.828497546304791,1262,0.9983948983392971,0.9980047916593571
TOI-2076_d,NIRISS_SOSS,obs14,SOSS_HDU3_ordem_1,jw05959014001_04102_00001-seg003_nis_x1dints.fits,seg003,3,343,60694.00167466547,TDB-MID,2044.5192245110525,0.14452030922750841,2038,0.8522004674063691,2.828497546304791,1263,1.001735104533675,1.0013436927221173
TOI-2076_d,NIRISS_SOSS,obs14,SOSS_HDU3_ordem_1,jw05959014001_04102_00001-seg003_nis_x1dints.fits,seg003,3,344,60694.00175174433,TDB-MID,2040.316641375462,0.14452994874438696,2038,0.8522004674063691,2.828497546304791,1264,0.9996760018330638,0.9992853945826268
TOI-2076_d,NIRISS_SOSS,obs14,SOSS_HDU3_ordem_1,jw05959014001_04102_00001-seg003_nis_x1dints.fits,seg003,3,345,60694.00182882318,TDB-MID,2044.9049766030507,0.144555135356914,2038,0.8522004674063691,2.828497546304791,1265,1.0019241080938124,1.0015326224321666
TOI-2076_d,NIRISS_SOSS,obs14,SOSS_HDU3_ordem_1,jw05959014001_04102_00001-seg003_nis_x1dints.fits,seg003,3,346,60694.001905902034,TDB-MID,2046.6058940289824,0.14453951007984245,2038,0.8522004674063691,2.828497546304791,1266,1.0027574916467972,1.0023656803539893
TOI-2076_d,NIRISS_SOSS,obs14,SOSS_HDU3_ordem_1,jw05959014001_04102_00001-seg003_nis_x1dints.fits,seg003,3,347,60694.00198298089,TDB-MID,2042.1822972981602,0.1445341056875421,2038,0.8522004674063691,2.828497546304791,1267,1.000590100858567,1.0001991364387006
TOI-2076_d,NIRISS_SOSS,obs14,SOSS_HDU3_ordem_1,jw05959014001_04102_00001-seg003_nis_x1dints.fits,seg003,3,348,60694.00206005975,TDB-MID,2037.5073920955645,0.14452384832639162,2038,0.8522004674063691,2.828497546304791,1268,0.9982995786684774,0.9979095092331592
TOI-2076_d,NIRISS_SOSS,obs14,SOSS_HDU3_ordem_1,jw05959014001_04102_00001-seg003_nis_x1dints.fits,seg003,3,349,60694.002137138596,TDB-MID,2040.1112950422614,0.14452739007633783,2038,0.8522004674063691,2.828497546304791,1269,0.9995753900960411,0.9991848221580152
TOI-2076_d,NIRISS_SOSS,obs14,SOSS_HDU3_ordem_1,jw05959014001_04102_00001-seg003_nis_x1dints.fits,seg003,3,350,60694.00221421745,TDB-MID,2042.1646262165784,0.14453921693452573,2038,0.8522004674063691,2.828497546304791,1270,1.0005814427141273,1.000190481677291
TOI-2076_d,NIRISS_SOSS,obs14,SOSS_HDU3_ordem_1,jw05959014001_04102_00001-seg003_nis_x1dints.fits,seg003,3,351,60694.00229129631,TDB-MID,2047.9715904591144,0.14454412128332988,2038,0.8522004674063691,2.828497546304791,1271,1.0034266299164687,1.0030345571686903
TOI-2076_d,NIRISS_SOSS,obs14,SOSS_HDU3_ordem_1,jw05959014001_04102_00001-seg003_nis_x1dints.fits,seg003,3,352,60694.00236837516,TDB-MID,2035.0994196126226,0.1445163438986938,2038,0.8522004674063691,2.828497546304791,1272,0.9971197655671891,0.9967301571247832
TOI-2076_d,NIRISS_SOSS,obs14,SOSS_HDU3_ordem_1,jw05959014001_04102_00001-seg003_nis_x1dints.fits,seg003,3,353,60694.00244545402,TDB-MID,2029.913935486233,0.14450486230788132,2038,0.8522004674063691,2.828497546304791,1273,0.9945790795119387,0.9941904638015705
TOI-2076_d,NIRISS_SOSS,obs14,SOSS_HDU3_ordem_1,jw05959014001_04102_00001-seg003_nis_x1dints.fits,seg003,3,354,60694.00252253287,TDB-MID,2045.938671781741,0.14453976620566264,2038,0.8522004674063691,2.828497546304791,1274,1.0024305786299987,1.0020388950731716
TOI-2076_d,NIRISS_SOSS,obs14,SOSS_HDU3_ordem_1,jw05959014001_04102_00001-seg003_nis_x1dints.fits,seg003,3,355,60694.002599611726,TDB-MID,2047.867003255854,0.14454260705359828,2038,0.8522004674063691,2.828497546304791,1275,1.0033753862442474,1.002983333519106
TOI-2076_d,NIRISS_SOSS,obs14,SOSS_HDU3_ordem_1,jw05959014001_04102_00001-seg003_nis_x1dints.fits,seg003,3,356,60694.00267669058,TDB-MID,2034.9825011119672,0.14451786273889158,2038,0.8522004674063691,2.828497546304791,1276,0.997062480037627,0.9966728939786166
TOI-2076_d,NIRISS_SOSS,obs14,SOSS_HDU3_ordem_1,jw05959014001_04102_00001-seg003_nis_x1dints.fits,seg003,3,357,60694.00275376943,TDB-MID,2046.8394313588049,0.14454166247867653,2038,0.8522004674063691,2.828497546304791,1277,1.0028719158785175,1.0024800598762893
TOI-2076_d,NIRISS_SOSS,obs14,SOSS_HDU3_ordem_1,jw05959014001_04102_00001-seg003_nis_x1dints.fits,seg003,3,358,60694.00283084829,TDB-MID,2040.9099267672693,0.14451876131562766,2038,0.8522004674063691,2.828497546304791,1278,0.9999666886590205,0.9995759678274014
TOI-2076_d,NIRISS_SOSS,obs14,SOSS_HDU3_ordem_1,jw05959014001_04102_00001-seg003_nis_x1dints.fits,seg003,3,359,60694.00290792715,TDB-MID,2040.1553484765682,0.14453024650150464,2038,0.8522004674063691,2.828497546304791,1279,0.999596974569834,0.9992063981980235
TOI-2076_d,NIRISS_SOSS,obs14,SOSS_HDU3_ordem_1,jw05959014001_04102_00001-seg003_nis_x1dints.fits,seg003,3,360,60694.002985005995,TDB-MID,2039.562922262789,0.1445281982201991,2038,0.8522004674063691,2.828497546304791,1280,0.99930670870778,0.9989162457526667
TOI-2076_d,NIRISS_SOSS,obs14,SOSS_HDU3_ordem_1,jw05959014001_04102_00001-seg003_nis_x1dints.fits,seg003,3,361,60694.00306208485,TDB-MID,2037.9487320555063,0.14452325860226878,2038,0.8522004674063691,2.828497546304791,1281,0.9985158181274206,0.9981256642000266
TOI-2076_d,NIRISS_SOSS,obs14,SOSS_HDU3_ordem_1,jw05959014001_04102_00001-seg003_nis_x1dints.fits,seg003,3,362,60694.00313916371,TDB-MID,2046.4539883881607,0.1445460307233104,2038,0.8522004674063691,2.828497546304791,1282,1.0026830637758517,1.002291281564532
TOI-2076_d,NIRISS_SOSS,obs14,SOSS_HDU3_ordem_1,jw05959014001_04102_00001-seg003_nis_x1dints.fits,seg003,3,363,60694.00321624256,TDB-MID,2037.2372561778209,0.14454252277279264,2038,0.8522004674063691,2.828497546304791,1283,0.9981672225484884,0.9977772048291862
TOI-2076_d,NIRISS_SOSS,obs14,SOSS_HDU3_ordem_1,jw05959014001_04102_00001-seg003_nis_x1dints.fits,seg003,3,364,60694.00329332142,TDB-MID,2033.143109869577,0.14451573107758192,2038,0.8522004674063691,2.828497546304791,1284,0.9961612496865577,0.9957720157687499
TOI-2076_d,NIRISS_SOSS,obs14,SOSS_HDU3_ordem_1,jw05959014001_04102_00001-seg003_nis_x1dints.fits,seg003,3,365,60694.00337040027,TDB-MID,2038.46136769258,0.14452295480692764,2038,0.8522004674063691,2.828497546304791,1285,0.9987669897023,0.9983767376336703
TOI-2076_d,NIRISS_SOSS,obs14,SOSS_HDU3_ordem_1,jw05959014001_04102_00001-seg003_nis_x1dints.fits,seg003,3,366,60694.003447479125,TDB-MID,2038.6541849834275,0.144549655957797,2038,0.8522004674063691,2.828497546304791,1286,0.9988614626946238,0.9984711737121982
TOI-2076_d,NIRISS_SOSS,obs14,SOSS_HDU3_ordem_1,jw05959014001_04102_00001-seg003_nis_x1dints.fits,seg003,3,367,60694.003524557986,TDB-MID,2042.0057404335366,0.14453445518311048,2038,0.8522004674063691,2.828497546304791,1287,1.0005035948442829,1.0001126642252443
TOI-2076_d,NIRISS_SOSS,obs14,SOSS_HDU3_ordem_1,jw05959014001_04102_00001-seg003_nis_x1dints.fits,seg003,3,368,60694.00360163684,TDB-MID,2037.23540701733,0.14452301579290944,2038,0.8522004674063691,2.828497546304791,1288,0.9981663165315846,0.9977762991662938
TOI-2076_d,NIRISS_SOSS,obs14,SOSS_HDU3_ordem_1,jw05959014001_04102_00001-seg003_nis_x1dints.fits,seg003,3,369,60694.003678715686,TDB-MID,2038.3181624245485,0.1445246112591551,2038,0.8522004674063691,2.828497546304791,1289,0.9986968246764977,0.9983066000237183
TOI-2076_d,NIRISS_SOSS,obs14,SOSS_HDU3_ordem_1,jw05959014001_04102_00001-seg003_nis_x1dints.fits,seg003,3,370,60694.00375579455,TDB-MID,2038.7982647985614,0.1445282308159949,2038,0.8522004674063691,2.828497546304791,1290,0.998932056214579,0.9985417396488757
TOI-2076_d,NIRISS_SOSS,obs14,SOSS_HDU3_ordem_1,jw05959014001_04102_00001-seg003_nis_x1dints.fits,seg003,3,371,60694.00383287339,TDB-MID,2045.500864064824,0.14453993430870557,2038,0.8522004674063691,2.828497546304791,1291,1.0022160698331073,1.0018244700921275
TOI-2076_d,NIRISS_SOSS,obs14,SOSS_HDU3_ordem_1,jw05959014001_04102_00001-seg003_nis_x1dints.fits,seg003,3,372,60694.003909952255,TDB-MID,2043.1880083026963,0.14454569134722361,2038,0.8522004674063691,2.828497546304791,1292,1.0010828602350412,1.0006917032774079
TOI-2076_d,NIRISS_SOSS,obs14,SOSS_HDU3_ordem_1,jw05959014001_04102_00001-seg003_nis_x1dints.fits,seg003,3,373,60694.00398703111,TDB-MID,2046.6053622120835,0.14454914076846062,2038,0.8522004674063691,2.828497546304791,1293,1.0027572310771482,1.0023654198861536
TOI-2076_d,NIRISS_SOSS,obs14,SOSS_HDU3_ordem_1,jw05959014001_04102_00001-seg003_nis_x1dints.fits,seg003,3,374,60694.00406410996,TDB-MID,2046.9609526395482,0.1445437058586757,2038,0.8522004674063691,2.828497546304791,1294,1.0029314565917615,1.0025395773249615
TOI-2076_d,NIRISS_SOSS,obs14,SOSS_HDU3_ordem_1,jw05959014001_04102_00001-seg003_nis_x1dints.fits,seg003,3,375,60694.004141188816,TDB-MID,2038.5286635594491,0.144527283877727,2038,0.8522004674063691,2.828497546304791,1295,0.9987999620663769,0.9984096971143285
TOI-2076_d,NIRISS_SOSS,obs14,SOSS_HDU3_ordem_1,jw05959014001_04102_00001-seg003_nis_x1dints.fits,seg003,3,376,60694.00421826767,TDB-MID,2032.8092133137154,0.14451148006764677,2038,0.8522004674063691,2.828497546304791,1296,0.9959976533274335,0.9956084833322604
TOI-2076_d,NIRISS_SOSS,obs14,SOSS_HDU3_ordem_1,jw05959014001_04102_00001-seg003_nis_x1dints.fits,seg003,3,377,60694.00429534652,TDB-MID,2043.29271341106,0.14453540438797602,2038,0.8522004674063691,2.828497546304791,1297,1.001134161676189,1.0007429846733462
TOI-2076_d,NIRISS_SOSS,obs14,SOSS_HDU3_ordem_1,jw05959014001_04102_00001-seg003_nis_x1dints.fits,seg003,3,378,60694.004372425385,TDB-MID,2038.0359705926244,0.1445220672163887,2038,0.8522004674063691,2.828497546304791,1298,0.9985585616262597,0.998168390997534
TOI-2076_d,NIRISS_SOSS,obs14,SOSS_HDU3_ordem_1,jw05959014001_04102_00001-seg003_nis_x1dints.fits,seg003,3,379,60694.00444950424,TDB-MID,2045.2858782411004,0.14453875880616804,2038,0.8522004674063691,2.828497546304791,1299,1.0021107351196845,1.0017191765365427
TOI-2076_d,NIRISS_SOSS,obs14,SOSS_HDU3_ordem_1,jw05959014001_04102_00001-seg003_nis_x1dints.fits,seg003,3,380,60694.004526583085,TDB-MID,2040.5432668685673,0.14452816870496982,2038,0.8522004674063691,2.828497546304791,1300,0.999787039532932,0.9993963888963072
TOI-2076_d,NIRISS_SOSS,obs14,SOSS_HDU3_ordem_1,jw05959014001_04102_00001-seg003_nis_x1dints.fits,seg003,3,381,60694.004603661946,TDB-MID,2031.828370741879,0.14451493862656478,2038,0.8522004674063691,2.828497546304791,1301,0.9955170785182313,0.9951280962999025
TOI-2076_d,NIRISS_SOSS,obs14,SOSS_HDU3_ordem_1,jw05959014001_04102_00001-seg003_nis_x1dints.fits,seg003,3,382,60694.0046807408,TDB-MID,2046.4368909267664,0.14454572209999259,2038,0.8522004674063691,2.828497546304791,1302,1.0026746866830507,1.0022829077449447
TOI-2076_d,NIRISS_SOSS,obs14,SOSS_HDU3_ordem_1,jw05959014001_04102_00001-seg003_nis_x1dints.fits,seg003,3,383,60694.00475781965,TDB-MID,2041.3630402754063,0.14453293138807413,2038,0.8522004674063691,2.828497546304791,1303,1.000188696699834,0.9997978891221591
TOI-2076_d,NIRISS_SOSS,obs14,SOSS_HDU3_ordem_1,jw05959014001_04102_00001-seg003_nis_x1dints.fits,seg003,3,384,60694.00483489851,TDB-MID,2047.533999152509,0.14454858842955795,2038,0.8522004674063691,2.828497546304791,1304,1.0032122271522346,1.002820238178873
TOI-2076_d,NIRISS_SOSS,obs14,SOSS_HDU3_ordem_1,jw05959014001_04102_00001-seg003_nis_x1dints.fits,seg003,3,385,60694.00491197736,TDB-MID,2035.809401096609,0.1445187474118873,2038,0.8522004674063691,2.828497546304791,1305,0.9974676289511826,0.9970778845867783
TOI-2076_d,NIRISS_SOSS,obs14,SOSS_HDU3_ordem_1,jw05959014001_04102_00001-seg003_nis_x1dints.fits,seg003,3,386,60694.00498905622,TDB-MID,2030.4565449615309,0.14450632411420342,2038,0.8522004674063691,2.828497546304791,1306,0.9948449371047371,0.9944562175148087
TOI-2076_d,NIRISS_SOSS,obs14,SOSS_HDU3_ordem_1,jw05959014001_04102_00001-seg003_nis_x1dints.fits,seg003,3,387,60694.005066135076,TDB-MID,2044.8293930777215,0.14453636738171874,2038,0.8522004674063691,2.828497546304791,1307,1.001887075098603,1.001495603907002
TOI-2076_d,NIRISS_SOSS,obs14,SOSS_HDU3_ordem_1,jw05959014001_04102_00001-seg003_nis_x1dints.fits,seg003,3,388,60694.00514321392,TDB-MID,2044.9948739429483,0.1445365586962081,2038,0.8522004674063691,2.828497546304791,1308,1.0019681543028673,1.0015766514308766
TOI-2076_d,NIRISS_SOSS,obs14,SOSS_HDU3_ordem_1,jw05959014001_04102_00001-seg003_nis_x1dints.fits,seg003,3,389,60694.00522029278,TDB-MID,2038.6813528223004,0.14452352215376,2038,0.8522004674063691,2.828497546304791,1309,0.9988747738817171,0.9984844796981601
TOI-2076_d,NIRISS_SOSS,obs14,SOSS_HDU3_ordem_1,jw05959014001_04102_00001-seg003_nis_x1dints.fits,seg003,3,390,60694.00529737163,TDB-MID,2045.2793340785825,0.1445389033714152,2038,0.8522004674063691,2.828497546304791,1310,1.0021075287339263,1.001715971403628
TOI-2076_d,NIRISS_SOSS,obs14,SOSS_HDU3_ordem_1,jw05959014001_04102_00001-seg003_nis_x1dints.fits,seg003,3,391,60694.00537445049,TDB-MID,2038.9613964071443,0.14452833637537402,2038,0.8522004674063691,2.828497546304791,1311,0.9990119843742252,0.9986216365778847
TOI-2076_d,NIRISS_SOSS,obs14,SOSS_HDU3_ordem_1,jw05959014001_04102_00001-seg003_nis_x1dints.fits,seg003,3,392,60694.005451529345,TDB-MID,2042.9333089207682,0.14453322611307262,2038,0.8522004674063691,2.828497546304791,1312,1.000958067418754,1.0005669592218978
TOI-2076_d,NIRISS_SOSS,obs14,SOSS_HDU3_ordem_1,jw05959014001_04102_00001-seg003_nis_x1dints.fits,seg003,3,393,60694.0055286082,TDB-MID,2039.470354350723,0.1445273183180221,2038,0.8522004674063691,2.828497546304791,1313,0.9992613540219653,0.9988709087884629
TOI-2076_d,NIRISS_SOSS,obs14,SOSS_HDU3_ordem_1,jw05959014001_04102_00001-seg003_nis_x1dints.fits,seg003,3,394,60694.00560568705,TDB-MID,2043.048261458097,0.14453354642111899,2038,0.8522004674063691,2.828497546304791,1314,1.0010143897025539,1.000623259498675
TOI-2076_d,NIRISS_SOSS,obs14,SOSS_HDU3_ordem_1,jw05959014001_04102_00001-seg003_nis_x1dints.fits,seg003,3,395,60694.005682765914,TDB-MID,2043.3400448948178,0.14453438666638446,2038,0.8522004674063691,2.828497546304791,1315,1.0011573522670436,1.000766166202852
TOI-2076_d,NIRISS_SOSS,obs14,SOSS_HDU3_ordem_1,jw05959014001_04102_00001-seg003_nis_x1dints.fits,seg003,3,396,60694.00575984476,TDB-MID,2043.8347350786205,0.14453389905436398,2038,0.8522004674063691,2.828497546304791,1316,1.0013997312659997,1.0010084504961292
TOI-2076_d,NIRISS_SOSS,obs14,SOSS_HDU3_ordem_1,jw05959014001_04102_00001-seg003_nis_x1dints.fits,seg003,3,397,60694.00583692362,TDB-MID,2047.011289079761,0.14454293984070268,2038,0.8522004674063691,2.828497546304791,1317,1.0029561194947043,1.002564230591273
TOI-2076_d,NIRISS_SOSS,obs14,SOSS_HDU3_ordem_1,jw05959014001_04102_00001-seg003_nis_x1dints.fits,seg003,3,398,60694.005914002475,TDB-MID,2040.5408282742435,0.14452698836874595,2038,0.8522004674063691,2.828497546304791,1318,0.9997858447163166,0.9993951945465471
TOI-2076_d,NIRISS_SOSS,obs14,SOSS_HDU3_ordem_1,jw05959014001_04102_00001-seg003_nis_x1dints.fits,seg003,3,399,60694.00599108132,TDB-MID,2049.7513640790175,0.14454802308913298,2038,0.8522004674063691,2.828497546304791,1319,1.004298649945337,1.0039062364698175
TOI-2076_d,NIRISS_SOSS,obs14,SOSS_HDU3_ordem_1,jw05959014001_04102_00001-seg003_nis_x1dints.fits,seg003,3,400,60694.00606816018,TDB-MID,2038.4800157440932,0.14452348317230784,2038,0.8522004674063691,2.828497546304791,1320,0.9987761265241053,0.99838587088541
TOI-2076_d,NIRISS_SOSS,obs14,SOSS_HDU3_ordem_1,jw05959014001_04102_00001-seg003_nis_x1dints.fits,seg003,3,401,60694.00614523904,TDB-MID,2039.2017158428105,0.14452926116974146,2038,0.8522004674063691,2.828497546304791,1321,0.9991297315747028,0.9987393377705455
TOI-2076_d,NIRISS_SOSS,obs14,SOSS_HDU3_ordem_1,jw05959014001_04102_00001-seg003_nis_x1dints.fits,seg003,3,402,60694.00622231789,TDB-MID,2045.0060889885694,0.144539240000101,2038,0.8522004674063691,2.828497546304791,1322,1.001973649240143,1.0015821442210944
TOI-2076_d,NIRISS_SOSS,obs14,SOSS_HDU3_ordem_1,jw05959014001_04102_00001-seg003_nis_x1dints.fits,seg003,3,403,60694.006299396744,TDB-MID,2044.4141368682772,0.14453720451195323,2038,0.8522004674063691,2.828497546304791,1323,1.0016836156655056,1.0012922239723916
TOI-2076_d,NIRISS_SOSS,obs14,SOSS_HDU3_ordem_1,jw05959014001_04102_00001-seg003_nis_x1dints.fits,seg003,3,404,60694.0063764756,TDB-MID,2045.410743531561,0.14453998994350462,2038,0.8522004674063691,2.828497546304791,1324,1.0021719142679617,1.001780331780056
TOI-2076_d,NIRISS_SOSS,obs14,SOSS_HDU3_ordem_1,jw05959014001_04102_00001-seg003_nis_x1dints.fits,seg003,3,405,60694.00645355446,TDB-MID,2042.8569199534195,0.14453428062683732,2038,0.8522004674063691,2.828497546304791,1325,1.0009206397882013,1.0005295462155874
TOI-2076_d,NIRISS_SOSS,obs14,SOSS_HDU3_ordem_1,jw05959014001_04102_00001-seg003_nis_x1dints.fits,seg003,3,406,60694.00653063331,TDB-MID,2037.0178597960594,0.14452290527702186,2038,0.8522004674063691,2.828497546304791,1326,0.9980597268327313,0.9976697511156436
TOI-2076_d,NIRISS_SOSS,obs14,SOSS_HDU3_ordem_1,jw05959014001_04102_00001-seg003_nis_x1dints.fits,seg003,3,407,60694.00660771216,TDB-MID,2048.4984525018,0.14454548469332668,2038,0.8522004674063691,2.828497546304791,1327,1.003684771878196,1.0032925982656156
TOI-2076_d,NIRISS_SOSS,obs14,SOSS_HDU3_ordem_1,jw05959014001_04102_00001-seg003_nis_x1dints.fits,seg003,3,408,60694.00668479102,TDB-MID,2044.9410548159726,0.14453882324131873,2038,0.8522004674063691,2.828497546304791,1328,1.0019417850185188,1.0015502924499002
TOI-2076_d,NIRISS_SOSS,obs14,SOSS_HDU3_ordem_1,jw05959014001_04102_00001-seg003_nis_x1dints.fits,seg003,3,409,60694.006761869874,TDB-MID,2037.7422714945703,0.14452298756866885,2038,0.8522004674063691,2.828497546304791,1329,0.9984146604620332,0.998024546060363
TOI-2076_d,NIRISS_SOSS,obs14,SOSS_HDU3_ordem_1,jw05959014001_04102_00001-seg003_nis_x1dints.fits,seg003,3,410,60694.00683894873,TDB-MID,2047.6147417778645,0.1445478857589508,2038,0.8522004674063691,2.828497546304791,1330,1.0032517879063136,1.0028597834752262
TOI-2076_d,NIRISS_SOSS,obs14,SOSS_HDU3_ordem_1,jw05959014001_04102_00001-seg003_nis_x1dints.fits,seg003,3,411,60694.00691602758,TDB-MID,2040.5109422493833,0.14452759959217584,2038,0.8522004674063691,2.828497546304791,1331,0.9997712017235394,0.9993805572752829
TOI-2076_d,NIRISS_SOSS,obs14,SOSS_HDU3_ordem_1,jw05959014001_04102_00001-seg003_nis_x1dints.fits,seg003,3,412,60694.006993106435,TDB-MID,2039.516116364895,0.14452488124207777,2038,0.8522004674063691,2.828497546304791,1332,0.999283775633609,0.998893321639224
TOI-2076_d,NIRISS_SOSS,obs14,SOSS_HDU3_ordem_1,jw05959014001_04102_00001-seg003_nis_x1dints.fits,seg003,3,413,60694.00707018529,TDB-MID,2038.6106586037597,0.14452412472208007,2038,0.8522004674063691,2.828497546304791,1333,0.9988401364571574,0.9984498558076147
TOI-2076_d,NIRISS_SOSS,obs14,SOSS_HDU3_ordem_1,jw05959014001_04102_00001-seg003_nis_x1dints.fits,seg003,3,414,60694.00714726415,TDB-MID,2035.5514004149102,0.1445164988381316,2038,0.8522004674063691,2.828497546304791,1334,0.9973412186260788,0.9969515236544673
TOI-2076_d,NIRISS_SOSS,obs14,SOSS_HDU3_ordem_1,jw05959014001_04102_00001-seg003_nis_x1dints.fits,seg003,3,415,60694.007224343,TDB-MID,2040.529145054912,0.14452628456095618,2038,0.8522004674063691,2.828497546304791,1335,0.9997801203920853,0.999389472459003
TOI-2076_d,NIRISS_SOSS,obs14,SOSS_HDU3_ordem_1,jw05959014001_04102_00001-seg003_nis_x1dints.fits,seg003,3,416,60694.00730142186,TDB-MID,2037.7370490117823,0.14452195556787925,2038,0.8522004674063691,2.828497546304791,1336,0.998412101648069,0.9980219882462141
TOI-2076_d,NIRISS_SOSS,obs14,SOSS_HDU3_ordem_1,jw05959014001_04102_00001-seg003_nis_x1dints.fits,seg003,3,417,60694.007378500704,TDB-MID,2045.918964622173,0.14453954798095325,2038,0.8522004674063691,2.828497546304791,1337,1.0024209228863337,1.0020292431023325
TOI-2076_d,NIRISS_SOSS,obs14,SOSS_HDU3_ordem_1,jw05959014001_04102_00001-seg003_nis_x1dints.fits,seg003,3,418,60694.00745557956,TDB-MID,2041.1655809138356,0.14452938157378312,2038,0.8522004674063691,2.828497546304791,1338,1.0000919492729412,0.9997011794977606
TOI-2076_d,NIRISS_SOSS,obs14,SOSS_HDU3_ordem_1,jw05959014001_04102_00001-seg003_nis_x1dints.fits,seg003,3,419,60694.00753265842,TDB-MID,2036.9299154010637,0.14451847256315448,2038,0.8522004674063691,2.828497546304791,1339,0.9980166374909153,0.997626678610292
TOI-2076_d,NIRISS_SOSS,obs14,SOSS_HDU3_ordem_1,jw05959014001_04102_00001-seg003_nis_x1dints.fits,seg003,3,420,60694.00760973727,TDB-MID,2038.503522321058,0.14452348366928855,2038,0.8522004674063691,2.828497546304791,1340,0.9987876438348994,0.9983973836960008
TOI-2076_d,NIRISS_SOSS,obs14,SOSS_HDU3_ordem_1,jw05959014001_04102_00001-seg003_nis_x1dints.fits,seg003,3,421,60694.00768681613,TDB-MID,2044.6895437901678,0.1445377317359778,2038,0.8522004674063691,2.828497546304791,1341,1.0018185543730422,1.0014271099548078
TOI-2076_d,NIRISS_SOSS,obs14,SOSS_HDU3_ordem_1,jw05959014001_04102_00001-seg003_nis_x1dints.fits,seg003,3,422,60694.00776389498,TDB-MID,2041.9287196834935,0.144531268585915,2038,0.8522004674063691,2.828497546304791,1342,1.0004658576647196,1.0000749417908745
TOI-2076_d,NIRISS_SOSS,obs14,SOSS_HDU3_ordem_1,jw05959014001_04102_00001-seg003_nis_x1dints.fits,seg003,3,423,60694.007840973834,TDB-MID,2037.926640432875,0.14452026211434713,2038,0.8522004674063691,2.828497546304791,1343,0.998504994089358,0.9981148443912821
TOI-2076_d,NIRISS_SOSS,obs14,SOSS_HDU3_ordem_1,jw05959014001_04102_00001-seg003_nis_x1dints.fits,seg003,3,424,60694.007918052695,TDB-MID,2037.3983100110652,0.14451708877399058,2038,0.8522004674063691,2.828497546304791,1344,0.9982461326788243,0.9978560841266634
TOI-2076_d,NIRISS_SOSS,obs14,SOSS_HDU3_ordem_1,jw05959014001_04102_00001-seg003_nis_x1dints.fits,seg003,3,425,60694.00799513154,TDB-MID,2033.414691368926,0.1445131988049254,2038,0.8522004674063691,2.828497546304791,1345,0.9962943140854531,0.9959050281748807
TOI-2076_d,NIRISS_SOSS,obs14,SOSS_HDU3_ordem_1,jw05959014001_04102_00001-seg003_nis_x1dints.fits,seg003,3,426,60694.008072210396,TDB-MID,2037.9313152615528,0.14452368922301284,2038,0.8522004674063691,2.828497546304791,1346,0.9985072845740538,0.998117133981008
TOI-2076_d,NIRISS_SOSS,obs14,SOSS_HDU3_ordem_1,jw05959014001_04102_00001-seg003_nis_x1dints.fits,seg003,3,427,60694.00814928926,TDB-MID,2037.41920707513,0.14452205309880783,2038,0.8522004674063691,2.828497546304791,1347,0.9982563714295314,0.9978663188767439
TOI-2076_d,NIRISS_SOSS,obs14,SOSS_HDU3_ordem_1,jw05959014001_04102_00001-seg003_nis_x1dints.fits,seg003,3,428,60694.00822636811,TDB-MID,2043.520418284577,0.1445313329457921,2038,0.8522004674063691,2.828497546304791,1348,1.0012457282305853,1.0008545076349133
TOI-2076_d,NIRISS_SOSS,obs14,SOSS_HDU3_ordem_1,jw05959014001_04102_00001-seg003_nis_x1dints.fits,seg003,3,429,60694.008303446964,TDB-MID,2036.94105732246,0.1445246431246232,2038,0.8522004674063691,2.828497546304791,1349,0.9980220966001576,0.9976321355864756
TOI-2076_d,NIRISS_SOSS,obs14,SOSS_HDU3_ordem_1,jw05959014001_04102_00001-seg003_nis_x1dints.fits,seg003,3,430,60694.00838052582,TDB-MID,2039.3223800600038,0.14452460358811547,2038,0.8522004674063691,2.828497546304791,1350,0.9991888523600563,0.9987984354554071
TOI-2076_d,NIRISS_SOSS,obs14,SOSS_HDU3_ordem_1,jw05959014001_04102_00001-seg003_nis_x1dints.fits,seg003,3,431,60694.00845760467,TDB-MID,2036.6014614073429,0.14452074549801314,2038,0.8522004674063691,2.828497546304791,1351,0.9978557077761002,0.9974658117761637
TOI-2076_d,NIRISS_SOSS,obs14,SOSS_HDU3_ordem_1,jw05959014001_04102_00001-seg003_nis_x1dints.fits,seg003,3,432,60694.008534683526,TDB-MID,2036.2003869863593,0.14452060438034087,2038,0.8522004674063691,2.828497546304791,1352,0.9976591968691775,0.9972693776527035
TOI-2076_d,NIRISS_SOSS,obs14,SOSS_HDU3_ordem_1,jw05959014001_04102_00001-seg003_nis_x1dints.fits,seg003,3,433,60694.00861176238,TDB-MID,2035.2818055715688,0.14451775692394975,2038,0.8522004674063691,2.828497546304791,1353,0.9972091276115563,0.9968194842523751
TOI-2076_d,NIRISS_SOSS,obs14,SOSS_HDU3_ordem_1,jw05959014001_04102_00001-seg003_nis_x1dints.fits,seg003,3,434,60694.00868884123,TDB-MID,2039.7446461686932,0.14452678400995692,2038,0.8522004674063691,2.828497546304791,1354,0.9993957463718405,0.999005248626698
TOI-2076_d,NIRISS_SOSS,obs14,SOSS_HDU3_ordem_1,jw05959014001_04102_00001-seg003_nis_x1dints.fits,seg003,3,435,60694.008765920094,TDB-MID,2043.2729903143068,0.1445343178075344,2038,0.8522004674063691,2.828497546304791,1355,1.0011244981239216,1.0007333248969557
TOI-2076_d,NIRISS_SOSS,obs14,SOSS_HDU3_ordem_1,jw05959014001_04102_00001-seg003_nis_x1dints.fits,seg003,3,436,60694.00884299894,TDB-MID,2034.7299029060125,0.14451644127821922,2038,0.8522004674063691,2.828497546304791,1356,0.9969387167160532,0.9965491790155615
TOI-2076_d,NIRISS_SOSS,obs14,SOSS_HDU3_ordem_1,jw05959014001_04102_00001-seg003_nis_x1dints.fits,seg003,3,437,60694.0089200778,TDB-MID,2034.617139586605,0.1445170219245487,2038,0.8522004674063691,2.828497546304791,1357,0.9968834670641056,0.996493950951523
TOI-2076_d,NIRISS_SOSS,obs14,SOSS_HDU3_ordem_1,jw05959014001_04102_00001-seg003_nis_x1dints.fits,seg003,3,438,60694.008997156656,TDB-MID,2040.8605233917028,0.14453020365018093,2038,0.8522004674063691,2.828497546304791,1358,0.9999424829215571,0.999551771547939
TOI-2076_d,NIRISS_SOSS,obs14,SOSS_HDU3_ordem_1,jw05959014001_04102_00001-seg003_nis_x1dints.fits,seg003,3,439,60694.00907423551,TDB-MID,2036.509584210673,0.14451986710800985,2038,0.8522004674063691,2.828497546304791,1359,0.9978106915140339,0.9974208131034745
TOI-2076_d,NIRISS_SOSS,obs14,SOSS_HDU3_ordem_1,jw05959014001_04102_00001-seg003_nis_x1dints.fits,seg003,3,440,60694.00915131436,TDB-MID,2031.6536464424712,0.14450790016263024,2038,0.8522004674063691,2.828497546304791,1360,0.99543147038981,0.9950425216214744
TOI-2076_d,NIRISS_SOSS,obs14,SOSS_HDU3_ordem_1,jw05959014001_04102_00001-seg003_nis_x1dints.fits,seg003,3,441,60694.00922839321,TDB-MID,2042.6638569407755,0.14453137429945007,2038,0.8522004674063691,2.828497546304791,1361,1.00082604640173,1.0004349897899538
TOI-2076_d,NIRISS_SOSS,obs14,SOSS_HDU3_ordem_1,jw05959014001_04102_00001-seg003_nis_x1dints.fits,seg003,3,442,60694.00930547207,TDB-MID,2036.8521766671772,0.1445228101005558,2038,0.8522004674063691,2.828497546304791,1362,0.9979785485271225,0.9975886045291465
TOI-2076_d,NIRISS_SOSS,obs14,SOSS_HDU3_ordem_1,jw05959014001_04102_00001-seg003_nis_x1dints.fits,seg003,3,443,60694.00938255093,TDB-MID,2035.7686144199274,0.14452214850402675,2038,0.8522004674063691,2.828497546304791,1363,0.9974476450618949,0.9970579085058725
TOI-2076_d,NIRISS_SOSS,obs14,SOSS_HDU3_ordem_1,jw05959014001_04102_00001-seg003_nis_x1dints.fits,seg003,3,444,60694.00945962978,TDB-MID,2042.287032713201,0.1445308563287077,2038,0.8522004674063691,2.828497546304791,1364,1.000641417148811,1.0002504326779331
TOI-2076_d,NIRISS_SOSS,obs14,SOSS_HDU3_ordem_1,jw05959014001_04102_00001-seg003_nis_x1dints.fits,seg003,3,445,60694.00953670863,TDB-MID,2039.3449841396025,0.14452257871284058,2038,0.8522004674063691,2.828497546304791,1365,0.9991999274821526,0.9988095062500784
TOI-2076_d,NIRISS_SOSS,obs14,SOSS_HDU3_ordem_1,jw05959014001_04102_00001-seg003_nis_x1dints.fits,seg003,3,446,60694.00961378749,TDB-MID,2036.479573134462,0.1445174856975198,2038,0.8522004674063691,2.828497546304791,1366,0.9977959872509461,0.9974061145858399
TOI-2076_d,NIRISS_SOSS,obs14,SOSS_HDU3_ordem_1,jw05959014001_04102_00001-seg003_nis_x1dints.fits,seg003,3,447,60694.00969086635,TDB-MID,2041.8312209597364,0.14452859755741893,2038,0.8522004674063691,2.828497546304791,1367,1.000418087072463,1.0000271898642052
TOI-2076_d,NIRISS_SOSS,obs14,SOSS_HDU3_ordem_1,jw05959014001_04102_00001-seg003_nis_x1dints.fits,seg003,3,448,60694.0097679452,TDB-MID,2059.1662729013688,0.14456472528741676,2038,0.8522004674063691,2.828497546304791,1368,1.0089115900244838,1.008517374117139
TOI-2076_d,NIRISS_SOSS,obs14,SOSS_HDU3_ordem_1,jw05959014001_04102_00001-seg003_nis_x1dints.fits,seg003,3,449,60694.00984502405,TDB-MID,2041.0793113413888,0.14452869904514687,2038,0.8522004674063691,2.828497546304791,1369,1.000049680529201,0.9996589272698492
TOI-2076_d,NIRISS_SOSS,obs14,SOSS_HDU3_ordem_1,jw05959014001_04102_00001-seg004_nis_x1dints.fits,seg004,3,0,60694.00992210291,TDB-MID,2043.7346872712487,0.1444290296167671,2038,0.8522004674063691,2.828497546304791,1370,1.0013507117216616,1.0012907217145381
TOI-2076_d,NIRISS_SOSS,obs14,SOSS_HDU3_ordem_1,jw05959014001_04102_00001-seg004_nis_x1dints.fits,seg004,3,1,60694.00999918177,TDB-MID,2042.8454777335787,0.1444276227645284,2038,0.8522004674063691,2.828497546304791,1371,1.000915033544371,1.0008550696383296
TOI-2076_d,NIRISS_SOSS,obs14,SOSS_HDU3_ordem_1,jw05959014001_04102_00001-seg004_nis_x1dints.fits,seg004,3,2,60694.010076260616,TDB-MID,2040.4396590625543,0.14442328838255006,2038,0.8522004674063691,2.828497546304791,1372,0.9997362757273669,0.9996763824396302
TOI-2076_d,NIRISS_SOSS,obs14,SOSS_HDU3_ordem_1,jw05959014001_04102_00001-seg004_nis_x1dints.fits,seg004,3,3,60694.01015333947,TDB-MID,2036.8281403076442,0.1444191628150152,2038,0.8522004674063691,2.828497546304791,1373,0.9979667716434225,0.9979069843650603
TOI-2076_d,NIRISS_SOSS,obs14,SOSS_HDU3_ordem_1,jw05959014001_04102_00001-seg004_nis_x1dints.fits,seg004,3,4,60694.010230418324,TDB-MID,2038.3241998388853,0.14441784247077333,2038,0.8522004674063691,2.828497546304791,1374,0.998699782775306,0.998639951582916
TOI-2076_d,NIRISS_SOSS,obs14,SOSS_HDU3_ordem_1,jw05959014001_04102_00001-seg004_nis_x1dints.fits,seg004,3,5,60694.01030749718,TDB-MID,2042.6533524873294,0.14442986107028138,2038,0.8522004674063691,2.828497546304791,1375,1.0008208996270531,1.0007609413604885
TOI-2076_d,NIRISS_SOSS,obs14,SOSS_HDU3_ordem_1,jw05959014001_04102_00001-seg004_nis_x1dints.fits,seg004,3,6,60694.01038457604,TDB-MID,2048.5245414305455,0.14444298124463395,2038,0.8522004674063691,2.828497546304791,1376,1.0036975544411824,1.0036374238368537
TOI-2076_d,NIRISS_SOSS,obs14,SOSS_HDU3_ordem_1,jw05959014001_04102_00001-seg004_nis_x1dints.fits,seg004,3,7,60694.010461654885,TDB-MID,2038.2138450919251,0.14441997275070645,2038,0.8522004674063691,2.828497546304791,1377,0.9986457132304191,0.9985858852772861
TOI-2076_d,NIRISS_SOSS,obs14,SOSS_HDU3_ordem_1,jw05959014001_04102_00001-seg004_nis_x1dints.fits,seg004,3,8,60694.010538733746,TDB-MID,2044.6779664484286,0.1444335159084877,2038,0.8522004674063691,2.828497546304791,1378,1.0018128819247236,1.0017528642294051
TOI-2076_d,NIRISS_SOSS,obs14,SOSS_HDU3_ordem_1,jw05959014001_04102_00001-seg004_nis_x1dints.fits,seg004,3,9,60694.0106158126,TDB-MID,2044.710373394376,0.1444357918982169,2038,0.8522004674063691,2.828497546304791,1379,1.0018287600710365,1.0017687414244727
TOI-2076_d,NIRISS_SOSS,obs14,SOSS_HDU3_ordem_1,jw05959014001_04102_00001-seg004_nis_x1dints.fits,seg004,3,10,60694.01069289145,TDB-MID,2037.9708740212093,0.14441945650292964,2038,0.8522004674063691,2.828497546304791,1380,0.9985266668316354,0.9984668460104634
TOI-2076_d,NIRISS_SOSS,obs14,SOSS_HDU3_ordem_1,jw05959014001_04102_00001-seg004_nis_x1dints.fits,seg004,3,11,60694.01076997031,TDB-MID,2050.8620189920903,0.14444631543548428,2038,0.8522004674063691,2.828497546304791,1381,1.00484282776578,1.0047826285491717
TOI-2076_d,NIRISS_SOSS,obs14,SOSS_HDU3_ordem_1,jw05959014001_04102_00001-seg004_nis_x1dints.fits,seg004,3,12,60694.01084704916,TDB-MID,2045.7550459384447,0.14443528900728295,2038,0.8522004674063691,2.828497546304791,1382,1.0023406090904001,1.0022805597794289
TOI-2076_d,NIRISS_SOSS,obs14,SOSS_HDU3_ordem_1,jw05959014001_04102_00001-seg004_nis_x1dints.fits,seg004,3,13,60694.010924128015,TDB-MID,2045.6912761530205,0.14443582056744528,2038,0.8522004674063691,2.828497546304791,1383,1.0023093643694398,1.0022493169303113
TOI-2076_d,NIRISS_SOSS,obs14,SOSS_HDU3_ordem_1,jw05959014001_04102_00001-seg004_nis_x1dints.fits,seg004,3,14,60694.01100120687,TDB-MID,2037.4718030027675,0.144415533905189,2038,0.8522004674063691,2.828497546304791,1384,0.9982821413936571,0.9982223352217809
TOI-2076_d,NIRISS_SOSS,obs14,SOSS_HDU3_ordem_1,jw05959014001_04102_00001-seg004_nis_x1dints.fits,seg004,3,15,60694.01107828572,TDB-MID,2042.3484895362517,0.14442989605426218,2038,0.8522004674063691,2.828497546304791,1385,1.0006715286079377,1.0006115792900547
TOI-2076_d,NIRISS_SOSS,obs14,SOSS_HDU3_ordem_1,jw05959014001_04102_00001-seg004_nis_x1dints.fits,seg004,3,16,60694.011155364584,TDB-MID,2042.2744919607267,0.14442816358976748,2038,0.8522004674063691,2.828497546304791,1386,1.0006352726666068,1.000575325520784
TOI-2076_d,NIRISS_SOSS,obs14,SOSS_HDU3_ordem_1,jw05959014001_04102_00001-seg004_nis_x1dints.fits,seg004,3,17,60694.01123244343,TDB-MID,2045.0910533924773,0.14468491472329345,2038,0.8522004674063691,2.828497546304791,1387,1.0020152785019323,1.0019552486812195
TOI-2076_d,NIRISS_SOSS,obs14,SOSS_HDU3_ordem_1,jw05959014001_04102_00001-seg004_nis_x1dints.fits,seg004,3,18,60694.011309522284,TDB-MID,2036.9011243985958,0.14441865041823726,2038,0.8522004674063691,2.828497546304791,1388,0.9980025310166298,0.9979427415959562
TOI-2076_d,NIRISS_SOSS,obs14,SOSS_HDU3_ordem_1,jw05959014001_04102_00001-seg004_nis_x1dints.fits,seg004,3,19,60694.011386601145,TDB-MID,2045.85479139969,0.1444362125348251,2038,0.8522004674063691,2.828497546304791,1389,1.0023894804968656,1.0023294282580528
TOI-2076_d,NIRISS_SOSS,obs14,SOSS_HDU3_ordem_1,jw05959014001_04102_00001-seg004_nis_x1dints.fits,seg004,3,20,60694.01146368,TDB-MID,2042.7371924799475,0.14442743766218055,2038,0.8522004674063691,2.828497546304791,1390,1.0008619779709311,1.0008020172434005
TOI-2076_d,NIRISS_SOSS,obs14,SOSS_HDU3_ordem_1,jw05959014001_04102_00001-seg004_nis_x1dints.fits,seg004,3,21,60694.01154075885,TDB-MID,2035.2642318915648,0.14441446872874694,2038,0.8522004674063691,2.828497546304791,1391,0.9972005171901112,0.9971407758173538
TOI-2076_d,NIRISS_SOSS,obs14,SOSS_HDU3_ordem_1,jw05959014001_04102_00001-seg004_nis_x1dints.fits,seg004,3,22,60694.01161783771,TDB-MID,2033.9672580298402,0.14441304337054797,2038,0.8522004674063691,2.828497546304791,1392,0.9965650503129225,0.9965053470104057
TOI-2076_d,NIRISS_SOSS,obs14,SOSS_HDU3_ordem_1,jw05959014001_04102_00001-seg004_nis_x1dints.fits,seg004,3,23,60694.01169491656,TDB-MID,2043.4362200777825,0.14442939450997358,2038,0.8522004674063691,2.828497546304791,1393,1.0012044743756576,1.00114449312948
TOI-2076_d,NIRISS_SOSS,obs14,SOSS_HDU3_ordem_1,jw05959014001_04102_00001-seg004_nis_x1dints.fits,seg004,3,24,60694.011771995414,TDB-MID,2043.7238466200633,0.14443301138064166,2038,0.8522004674063691,2.828497546304791,1394,1.001345400223135,1.0012854105342186
TOI-2076_d,NIRISS_SOSS,obs14,SOSS_HDU3_ordem_1,jw05959014001_04102_00001-seg004_nis_x1dints.fits,seg004,3,25,60694.01184907427,TDB-MID,2039.8689877303239,0.14442246619065235,2038,0.8522004674063691,2.828497546304791,1395,0.9994566689133088,0.9993967923765611
TOI-2076_d,NIRISS_SOSS,obs14,SOSS_HDU3_ordem_1,jw05959014001_04102_00001-seg004_nis_x1dints.fits,seg004,3,26,60694.01192615312,TDB-MID,2044.5643259608132,0.14443413027407656,2038,0.8522004674063691,2.828497546304791,1396,1.0017572024943833,1.0016971881347687
TOI-2076_d,NIRISS_SOSS,obs14,SOSS_HDU3_ordem_1,jw05959014001_04102_00001-seg004_nis_x1dints.fits,seg004,3,27,60694.01200323198,TDB-MID,2042.4262901129532,0.1444290254484906,2038,0.8522004674063691,2.828497546304791,1397,1.0007096478723108,1.0006496962707374
TOI-2076_d,NIRISS_SOSS,obs14,SOSS_HDU3_ordem_1,jw05959014001_04102_00001-seg004_nis_x1dints.fits,seg004,3,28,60694.01208031083,TDB-MID,2039.3067533154242,0.14442126991320256,2038,0.8522004674063691,2.828497546304791,1398,0.9991811958614393,0.9991213358280306
TOI-2076_d,NIRISS_SOSS,obs14,SOSS_HDU3_ordem_1,jw05959014001_04102_00001-seg004_nis_x1dints.fits,seg004,3,29,60694.01215738968,TDB-MID,2037.2300237119885,0.1444223380963283,2038,0.8522004674063691,2.828497546304791,1399,0.9981636789208083,0.9981038798459108
TOI-2076_d,NIRISS_SOSS,obs14,SOSS_HDU3_ordem_1,jw05959014001_04102_00001-seg004_nis_x1dints.fits,seg004,3,30,60694.01223446854,TDB-MID,2035.5005352363632,0.14441382958094948,2038,0.8522004674063691,2.828497546304791,1400,0.9973162966618644,0.9972565483528646
TOI-2076_d,NIRISS_SOSS,obs14,SOSS_HDU3_ordem_1,jw05959014001_04102_00001-seg004_nis_x1dints.fits,seg004,3,31,60694.0123115474,TDB-MID,2040.2533418918058,0.14442316147037856,2038,0.8522004674063691,2.828497546304791,1401,0.9996449875417248,0.9995850997229799
TOI-2076_d,NIRISS_SOSS,obs14,SOSS_HDU3_ordem_1,jw05959014001_04102_00001-seg004_nis_x1dints.fits,seg004,3,32,60694.01238862625,TDB-MID,2042.5100328330527,0.1444297763002263,2038,0.8522004674063691,2.828497546304791,1402,1.0007506785564282,1.0006907244967438
TOI-2076_d,NIRISS_SOSS,obs14,SOSS_HDU3_ordem_1,jw05959014001_04102_00001-seg004_nis_x1dints.fits,seg004,3,33,60694.0124657051,TDB-MID,2036.930345980148,0.14441555371064385,2038,0.8522004674063691,2.828497546304791,1403,0.9980168484579627,0.9979570581795443
TOI-2076_d,NIRISS_SOSS,obs14,SOSS_HDU3_ordem_1,jw05959014001_04102_00001-seg004_nis_x1dints.fits,seg004,3,34,60694.01254278396,TDB-MID,2044.3997746908321,0.14443448965677186,2038,0.8522004674063691,2.828497546304791,1404,1.0016765787557267,1.0016165692262065
TOI-2076_d,NIRISS_SOSS,obs14,SOSS_HDU3_ordem_1,jw05959014001_04102_00001-seg004_nis_x1dints.fits,seg004,3,35,60694.01261986282,TDB-MID,2045.6655658934196,0.14443459009517376,2038,0.8522004674063691,2.828497546304791,1405,1.0022967673396441,1.002236720655192
TOI-2076_d,NIRISS_SOSS,obs14,SOSS_HDU3_ordem_1,jw05959014001_04102_00001-seg004_nis_x1dints.fits,seg004,3,36,60694.01269694167,TDB-MID,2037.1758695364017,0.14441818889337546,2038,0.8522004674063691,2.828497546304791,1406,0.9981371454756384,0.9980773479903353
TOI-2076_d,NIRISS_SOSS,obs14,SOSS_HDU3_ordem_1,jw05959014001_04102_00001-seg004_nis_x1dints.fits,seg004,3,37,60694.01277402052,TDB-MID,2041.4933329940136,0.14442692085782224,2038,0.8522004674063691,2.828497546304791,1407,1.0002525350773503,1.0001926108609873
TOI-2076_d,NIRISS_SOSS,obs14,SOSS_HDU3_ordem_1,jw05959014001_04102_00001-seg004_nis_x1dints.fits,seg004,3,38,60694.012851099375,TDB-MID,2042.4667151977271,0.14442988600467185,2038,0.8522004674063691,2.828497546304791,1408,1.0007294545955914,1.0006695018074152
TOI-2076_d,NIRISS_SOSS,obs14,SOSS_HDU3_ordem_1,jw05959014001_04102_00001-seg004_nis_x1dints.fits,seg004,3,39,60694.012928178236,TDB-MID,2037.910312513195,0.14441789777279868,2038,0.8522004674063691,2.828497546304791,1409,0.9984969940421433,0.9984371749986412
TOI-2076_d,NIRISS_SOSS,obs14,SOSS_HDU3_ordem_1,jw05959014001_04102_00001-seg004_nis_x1dints.fits,seg004,3,40,60694.01300525709,TDB-MID,2049.593009812968,0.1444425622601166,2038,0.8522004674063691,2.828497546304791,1410,1.004221062498199,1.0041609005309804
TOI-2076_d,NIRISS_SOSS,obs14,SOSS_HDU3_ordem_1,jw05959014001_04102_00001-seg004_nis_x1dints.fits,seg004,3,41,60694.013082335936,TDB-MID,2040.861239517711,0.1444255553971076,2038,0.8522004674063691,2.828497546304791,1411,0.9999428337955195,0.9998829281330776
TOI-2076_d,NIRISS_SOSS,obs14,SOSS_HDU3_ordem_1,jw05959014001_04102_00001-seg004_nis_x1dints.fits,seg004,3,42,60694.0131594148,TDB-MID,2038.1582385326421,0.14441761318888174,2038,0.8522004674063691,2.828497546304791,1412,0.9986184681735821,0.9985586418526756
TOI-2076_d,NIRISS_SOSS,obs14,SOSS_HDU3_ordem_1,jw05959014001_04102_00001-seg004_nis_x1dints.fits,seg004,3,43,60694.01323649364,TDB-MID,2047.6036868938486,0.1444379280730324,2038,0.8522004674063691,2.828497546304791,1413,1.003246371442011,1.003186267867644
TOI-2076_d,NIRISS_SOSS,obs14,SOSS_HDU3_ordem_1,jw05959014001_04102_00001-seg004_nis_x1dints.fits,seg004,3,44,60694.013313572505,TDB-MID,2042.264203103462,0.1444264594292375,2038,0.8522004674063691,2.828497546304791,1414,1.0006302315256952,1.0005702846818825
TOI-2076_d,NIRISS_SOSS,obs14,SOSS_HDU3_ordem_1,jw05959014001_04102_00001-seg004_nis_x1dints.fits,seg004,3,45,60694.01339065136,TDB-MID,2045.5017099865572,0.1444331349095648,2038,0.8522004674063691,2.828497546304791,1415,1.0022164843019397,1.002156442427171
TOI-2076_d,NIRISS_SOSS,obs14,SOSS_HDU3_ordem_1,jw05959014001_04102_00001-seg004_nis_x1dints.fits,seg004,3,46,60694.01346773021,TDB-MID,2054.0107291634636,0.14446739172156306,2038,0.8522004674063691,2.828497546304791,1416,1.0063855735980776,1.0063252819569748
TOI-2076_d,NIRISS_SOSS,obs14,SOSS_HDU3_ordem_1,jw05959014001_04102_00001-seg004_nis_x1dints.fits,seg004,3,47,60694.013544809066,TDB-MID,2042.2484968832398,0.14443049049817847,2038,0.8522004674063691,2.828497546304791,1417,1.0006225360870964,1.0005625897043104
TOI-2076_d,NIRISS_SOSS,obs14,SOSS_HDU3_ordem_1,jw05959014001_04102_00001-seg004_nis_x1dints.fits,seg004,3,48,60694.01362188792,TDB-MID,2037.398415337109,0.14441735972643482,2038,0.8522004674063691,2.828497546304791,1418,0.9982461842844998,0.9981863802667813
TOI-2076_d,NIRISS_SOSS,obs14,SOSS_HDU3_ordem_1,jw05959014001_04102_00001-seg004_nis_x1dints.fits,seg004,3,49,60694.01369896677,TDB-MID,2034.6263423653643,0.1444112750222864,2038,0.8522004674063691,2.828497546304791,1419,0.9968879760686833,0.9968282534199793
TOI-2076_d,NIRISS_SOSS,obs14,SOSS_HDU3_ordem_1,jw05959014001_04102_00001-seg004_nis_x1dints.fits,seg004,3,50,60694.013776045635,TDB-MID,2046.3309323070062,0.14444154051719457,2038,0.8522004674063691,2.828497546304791,1420,1.0026227710699473,1.0025627048549095
TOI-2076_d,NIRISS_SOSS,obs14,SOSS_HDU3_ordem_1,jw05959014001_04102_00001-seg004_nis_x1dints.fits,seg004,3,51,60694.01385312448,TDB-MID,2035.8248727054065,0.1444143970794022,2038,0.8522004674063691,2.828497546304791,1421,0.9974752094392847,0.9974154516099655
TOI-2076_d,NIRISS_SOSS,obs14,SOSS_HDU3_ordem_1,jw05959014001_04102_00001-seg004_nis_x1dints.fits,seg004,3,52,60694.013930203335,TDB-MID,2043.800065479347,0.14443194083610172,2038,0.8522004674063691,2.828497546304791,1422,1.0013827445073349,1.0013227525811563
TOI-2076_d,NIRISS_SOSS,obs14,SOSS_HDU3_ordem_1,jw05959014001_04102_00001-seg004_nis_x1dints.fits,seg004,3,53,60694.014007282196,TDB-MID,2041.888841902788,0.1444255320222215,2038,0.8522004674063691,2.828497546304791,1423,1.0004463190992003,1.0003863832734132
TOI-2076_d,NIRISS_SOSS,obs14,SOSS_HDU3_ordem_1,jw05959014001_04102_00001-seg004_nis_x1dints.fits,seg004,3,54,60694.01408436105,TDB-MID,2035.506303296998,0.1444124483443462,2038,0.8522004674063691,2.828497546304791,1424,0.9973191227878082,0.9972593743094977
TOI-2076_d,NIRISS_SOSS,obs14,SOSS_HDU3_ordem_1,jw05959014001_04102_00001-seg004_nis_x1dints.fits,seg004,3,55,60694.0141614399,TDB-MID,2036.0287944151444,0.14441402446333226,2038,0.8522004674063691,2.828497546304791,1425,0.9975751231660778,0.9975153593510183
TOI-2076_d,NIRISS_SOSS,obs14,SOSS_HDU3_ordem_1,jw05959014001_04102_00001-seg004_nis_x1dints.fits,seg004,3,56,60694.01423851875,TDB-MID,2043.7305753673709,0.14442873341813808,2038,0.8522004674063691,2.828497546304791,1426,1.0013486970482794,1.0012887071618533
TOI-2076_d,NIRISS_SOSS,obs14,SOSS_HDU3_ordem_1,jw05959014001_04102_00001-seg004_nis_x1dints.fits,seg004,3,57,60694.01431559761,TDB-MID,2039.4864039150289,0.14442004322313495,2038,0.8522004674063691,2.828497546304791,1427,0.9992692176858452,0.9992093523791294
TOI-2076_d,NIRISS_SOSS,obs14,SOSS_HDU3_ordem_1,jw05959014001_04102_00001-seg004_nis_x1dints.fits,seg004,3,58,60694.01439267647,TDB-MID,2040.1298152714871,0.14443198289942735,2038,0.8522004674063691,2.828497546304791,1428,0.9995844642898843,0.9995245800970324
TOI-2076_d,NIRISS_SOSS,obs14,SOSS_HDU3_ordem_1,jw05959014001_04102_00001-seg004_nis_x1dints.fits,seg004,3,59,60694.01446975532,TDB-MID,2044.3404508326441,0.14443061282994327,2038,0.8522004674063691,2.828497546304791,1429,1.0016475123666357,1.0015875045784566
TOI-2076_d,NIRISS_SOSS,obs14,SOSS_HDU3_ordem_1,jw05959014001_04102_00001-seg004_nis_x1dints.fits,seg004,3,60,60694.01454683417,TDB-MID,2036.8704702162256,0.14441746163179078,2038,0.8522004674063691,2.828497546304791,1430,0.9979875116564727,0.9979277231355953
TOI-2076_d,NIRISS_SOSS,obs14,SOSS_HDU3_ordem_1,jw05959014001_04102_00001-seg004_nis_x1dints.fits,seg004,3,61,60694.014623913026,TDB-MID,2044.9526690781795,0.14443447826719796,2038,0.8522004674063691,2.828497546304791,1431,1.0019474755564344,1.0018874497977341
TOI-2076_d,NIRISS_SOSS,obs14,SOSS_HDU3_ordem_1,jw05959014001_04102_00001-seg004_nis_x1dints.fits,seg004,3,62,60694.01470099189,TDB-MID,2045.2782684739886,0.14443191728553237,2038,0.8522004674063691,2.828497546304791,1432,1.0021070066290145,1.0020469713129534
TOI-2076_d,NIRISS_SOSS,obs14,SOSS_HDU3_ordem_1,jw05959014001_04102_00001-seg004_nis_x1dints.fits,seg004,3,63,60694.01477807074,TDB-MID,2042.9530782748004,0.1444283659341859,2038,0.8522004674063691,2.828497546304791,1433,1.0009677536352934,1.0009077865708393
TOI-2076_d,NIRISS_SOSS,obs14,SOSS_HDU3_ordem_1,jw05959014001_04102_00001-seg004_nis_x1dints.fits,seg004,3,64,60694.01485514959,TDB-MID,2040.09439171253,0.14442290392619336,2038,0.8522004674063691,2.828497546304791,1434,0.9995671081202239,0.999507224967164
TOI-2076_d,NIRISS_SOSS,obs14,SOSS_HDU3_ordem_1,jw05959014001_04102_00001-seg004_nis_x1dints.fits,seg004,3,65,60694.01493222845,TDB-MID,2043.4325174974692,0.14438458259007916,2038,0.8522004674063691,2.828497546304791,1435,1.0012026602549426,1.0011426791174474
TOI-2076_d,NIRISS_SOSS,obs14,SOSS_HDU3_ordem_1,jw05959014001_04102_00001-seg004_nis_x1dints.fits,seg004,3,66,60694.015009307295,TDB-MID,2035.206398979522,0.14441096633024197,2038,0.8522004674063691,2.828497546304791,1436,0.9971721813067914,0.997112441631611
TOI-2076_d,NIRISS_SOSS,obs14,SOSS_HDU3_ordem_1,jw05959014001_04102_00001-seg004_nis_x1dints.fits,seg004,3,67,60694.015086386156,TDB-MID,2045.7194147520904,0.14448933613238288,2038,0.8522004674063691,2.828497546304791,1437,1.0023231511913697,1.0022631029262852
TOI-2076_d,NIRISS_SOSS,obs14,SOSS_HDU3_ordem_1,jw05959014001_04102_00001-seg004_nis_x1dints.fits,seg004,3,68,60694.01516346501,TDB-MID,2037.553087364614,0.14441848024345108,2038,0.8522004674063691,2.828497546304791,1438,0.9983219675776005,0.9982621590197741
TOI-2076_d,NIRISS_SOSS,obs14,SOSS_HDU3_ordem_1,jw05959014001_04102_00001-seg004_nis_x1dints.fits,seg004,3,69,60694.015240543864,TDB-MID,2041.3145379224056,0.1444310047860789,2038,0.8522004674063691,2.828497546304791,1439,1.0001649324284734,1.000105013460305
TOI-2076_d,NIRISS_SOSS,obs14,SOSS_HDU3_ordem_1,jw05959014001_04102_00001-seg004_nis_x1dints.fits,seg004,3,70,60694.01531762272,TDB-MID,2048.7018120045236,0.14443994828667098,2038,0.8522004674063691,2.828497546304791,1440,1.0037844101453626,1.0037242743375878
TOI-2076_d,NIRISS_SOSS,obs14,SOSS_HDU3_ordem_1,jw05959014001_04102_00001-seg004_nis_x1dints.fits,seg004,3,71,60694.015394701564,TDB-MID,2037.245693303109,0.14441693135627592,2038,0.8522004674063691,2.828497546304791,1441,0.998171356412568,0.9981115568777191
TOI-2076_d,NIRISS_SOSS,obs14,SOSS_HDU3_ordem_1,jw05959014001_04102_00001-seg004_nis_x1dints.fits,seg004,3,72,60694.015471780425,TDB-MID,2046.3129011790547,0.14443526833509113,2038,0.8522004674063691,2.828497546304791,1442,1.0026139365167543,1.0025538708309865
TOI-2076_d,NIRISS_SOSS,obs14,SOSS_HDU3_ordem_1,jw05959014001_04102_00001-seg004_nis_x1dints.fits,seg004,3,73,60694.015548859286,TDB-MID,2035.175361975204,0.1444102543334475,2038,0.8522004674063691,2.828497546304791,1443,0.9971569743787312,0.9970972356145839
TOI-2076_d,NIRISS_SOSS,obs14,SOSS_HDU3_ordem_1,jw05959014001_04102_00001-seg004_nis_x1dints.fits,seg004,3,74,60694.01562593813,TDB-MID,2044.3726217370963,0.14443269308599102,2038,0.8522004674063691,2.828497546304791,1444,1.001663274861773,1.001603266129277
TOI-2076_d,NIRISS_SOSS,obs14,SOSS_HDU3_ordem_1,jw05959014001_04102_00001-seg004_nis_x1dints.fits,seg004,3,75,60694.01570301699,TDB-MID,2043.5945161811314,0.14443021557482197,2038,0.8522004674063691,2.828497546304791,1445,1.0012820333253287,1.0012220474326652
TOI-2076_d,NIRISS_SOSS,obs14,SOSS_HDU3_ordem_1,jw05959014001_04102_00001-seg004_nis_x1dints.fits,seg004,3,76,60694.01578009585,TDB-MID,2041.2424479622905,0.14442712719547168,2038,0.8522004674063691,2.828497546304791,1446,1.000129611144689,1.0000696942925864
TOI-2076_d,NIRISS_SOSS,obs14,SOSS_HDU3_ordem_1,jw05959014001_04102_00001-seg004_nis_x1dints.fits,seg004,3,77,60694.0158571747,TDB-MID,2042.818120146569,0.1444265719721576,2038,0.8522004674063691,2.828497546304791,1447,1.000901629388052,1.0008416662850412
TOI-2076_d,NIRISS_SOSS,obs14,SOSS_HDU3_ordem_1,jw05959014001_04102_00001-seg004_nis_x1dints.fits,seg004,3,78,60694.015934253555,TDB-MID,2042.5081243547154,0.1444275932685535,2038,0.8522004674063691,2.828497546304791,1448,1.0007497434760808,1.0006897894724163
TOI-2076_d,NIRISS_SOSS,obs14,SOSS_HDU3_ordem_1,jw05959014001_04102_00001-seg004_nis_x1dints.fits,seg004,3,79,60694.0160113324,TDB-MID,2035.9722937597448,0.14441605635654203,2038,0.8522004674063691,2.828497546304791,1449,0.9975474400368294,0.997487677880241
TOI-2076_d,NIRISS_SOSS,obs14,SOSS_HDU3_ordem_1,jw05959014001_04102_00001-seg004_nis_x1dints.fits,seg004,3,80,60694.01608841126,TDB-MID,2044.9955959638678,0.1444338042488655,2038,0.8522004674063691,2.828497546304791,1450,1.0019685080651077,1.0019084810463692
TOI-2076_d,NIRISS_SOSS,obs14,SOSS_HDU3_ordem_1,jw05959014001_04102_00001-seg004_nis_x1dints.fits,seg004,3,81,60694.016165490124,TDB-MID,2041.078927073815,0.14442518240056862,2038,0.8522004674063691,2.828497546304791,1451,1.000049492252997,0.9999895802007442
TOI-2076_d,NIRISS_SOSS,obs14,SOSS_HDU3_ordem_1,jw05959014001_04102_00001-seg004_nis_x1dints.fits,seg004,3,82,60694.01624256897,TDB-MID,2042.8274840141466,0.14442950872947824,2038,0.8522004674063691,2.828497546304791,1452,1.0009062173199013,1.0008462539420317
TOI-2076_d,NIRISS_SOSS,obs14,SOSS_HDU3_ordem_1,jw05959014001_04102_00001-seg004_nis_x1dints.fits,seg004,3,83,60694.016319647824,TDB-MID,2037.8837126348067,0.14442032609344782,2038,0.8522004674063691,2.828497546304791,1453,0.9984839611336538,0.9984241428709414
TOI-2076_d,NIRISS_SOSS,obs14,SOSS_HDU3_ordem_1,jw05959014001_04102_00001-seg004_nis_x1dints.fits,seg004,3,84,60694.01639672668,TDB-MID,2042.377800439664,0.14443242913740256,2038,0.8522004674063691,2.828497546304791,1454,1.000685889813517,1.000625939635267
TOI-2076_d,NIRISS_SOSS,obs14,SOSS_HDU3_ordem_1,jw05959014001_04102_00001-seg004_nis_x1dints.fits,seg004,3,85,60694.01647380553,TDB-MID,2049.6452942294845,0.1444462209487878,2038,0.8522004674063691,2.828497546304791,1455,1.0042466798339604,1.0041865163320307
TOI-2076_d,NIRISS_SOSS,obs14,SOSS_HDU3_ordem_1,jw05959014001_04102_00001-seg004_nis_x1dints.fits,seg004,3,86,60694.01655088439,TDB-MID,2040.839042330173,0.14442511268650962,2038,0.8522004674063691,2.828497546304791,1456,0.9999319580347479,0.9998720530238627
TOI-2076_d,NIRISS_SOSS,obs14,SOSS_HDU3_ordem_1,jw05959014001_04102_00001-seg004_nis_x1dints.fits,seg004,3,87,60694.01662796324,TDB-MID,2044.756452498709,0.1444312374811223,2038,0.8522004674063691,2.828497546304791,1457,1.001851337044558,1.0017913170454285
TOI-2076_d,NIRISS_SOSS,obs14,SOSS_HDU3_ordem_1,jw05959014001_04102_00001-seg004_nis_x1dints.fits,seg004,3,88,60694.0167050421,TDB-MID,2033.1335253041625,0.1444073129068159,2038,0.8522004674063691,2.828497546304791,1458,0.99615655362133,0.9960968747914772
TOI-2076_d,NIRISS_SOSS,obs14,SOSS_HDU3_ordem_1,jw05959014001_04102_00001-seg004_nis_x1dints.fits,seg004,3,89,60694.01678212095,TDB-MID,2042.9482304375592,0.1444293961884539,2038,0.8522004674063691,2.828497546304791,1459,1.0009653783831132,1.0009054114609583
TOI-2076_d,NIRISS_SOSS,obs14,SOSS_HDU3_ordem_1,jw05959014001_04102_00001-seg004_nis_x1dints.fits,seg004,3,90,60694.01685919981,TDB-MID,2045.0835246512383,0.14443483160371046,2038,0.8522004674063691,2.828497546304791,1460,1.0020115897107966,1.001951560111076
TOI-2076_d,NIRISS_SOSS,obs14,SOSS_HDU3_ordem_1,jw05959014001_04102_00001-seg004_nis_x1dints.fits,seg004,3,91,60694.01693627866,TDB-MID,2043.5505273914168,0.14443037292026006,2038,0.8522004674063691,2.828497546304791,1461,1.0012604805248781,1.0012004959234233
TOI-2076_d,NIRISS_SOSS,obs14,SOSS_HDU3_ordem_1,jw05959014001_04102_00001-seg004_nis_x1dints.fits,seg004,3,92,60694.017013357516,TDB-MID,2044.2273967049425,0.1444315309784738,2038,0.8522004674063691,2.828497546304791,1462,1.0015921202299058,1.001532115760219
TOI-2076_d,NIRISS_SOSS,obs14,SOSS_HDU3_ordem_1,jw05959014001_04102_00001-seg004_nis_x1dints.fits,seg004,3,93,60694.01709043637,TDB-MID,2045.1033132819098,0.14443333523161436,2038,0.8522004674063691,2.828497546304791,1463,1.0020212853721415,1.0019612551915629
TOI-2076_d,NIRISS_SOSS,obs14,SOSS_HDU3_ordem_1,jw05959014001_04102_00001-seg004_nis_x1dints.fits,seg004,3,94,60694.017167515216,TDB-MID,2036.144955176384,0.14441767616291054,2038,0.8522004674063691,2.828497546304791,1464,0.997632037432722,0.9975722702079808
TOI-2076_d,NIRISS_SOSS,obs14,SOSS_HDU3_ordem_1,jw05959014001_04102_00001-seg004_nis_x1dints.fits,seg004,3,95,60694.01724459408,TDB-MID,2040.885554102263,0.14442634365187385,2038,0.8522004674063691,2.828497546304791,1465,0.9999547469986854,0.9998948406225342
TOI-2076_d,NIRISS_SOSS,obs14,SOSS_HDU3_ordem_1,jw05959014001_04102_00001-seg004_nis_x1dints.fits,seg004,3,96,60694.01732167294,TDB-MID,2041.1892419372398,0.14442498371653834,2038,0.8522004674063691,2.828497546304791,1466,1.000103542256499,1.0000436269661597
TOI-2076_d,NIRISS_SOSS,obs14,SOSS_HDU3_ordem_1,jw05959014001_04102_00001-seg004_nis_x1dints.fits,seg004,3,97,60694.017398751785,TDB-MID,2036.736026202853,0.14446322205938358,2038,0.8522004674063691,2.828497546304791,1467,0.9979216393055674,0.9978618547310424
TOI-2076_d,NIRISS_SOSS,obs14,SOSS_HDU3_ordem_1,jw05959014001_04102_00001-seg004_nis_x1dints.fits,seg004,3,98,60694.01747583064,TDB-MID,2033.477535521642,0.14441003256947818,2038,0.8522004674063691,2.828497546304791,1468,0.9963251052822957,0.9962654163546667
TOI-2076_d,NIRISS_SOSS,obs14,SOSS_HDU3_ordem_1,jw05959014001_04102_00001-seg004_nis_x1dints.fits,seg004,3,99,60694.01755290949,TDB-MID,2029.5319688933005,0.1444029525253493,2038,0.8522004674063691,2.828497546304791,1469,0.9943919306994881,0.9943323575865838
TOI-2076_d,NIRISS_SOSS,obs14,SOSS_HDU3_ordem_1,jw05959014001_04102_00001-seg004_nis_x1dints.fits,seg004,3,100,60694.01762998835,TDB-MID,2034.6484293706485,0.14441357566851068,2038,0.8522004674063691,2.828497546304791,1470,0.996898797844425,0.9968390745473983
TOI-2076_d,NIRISS_SOSS,obs14,SOSS_HDU3_ordem_1,jw05959014001_04102_00001-seg004_nis_x1dints.fits,seg004,3,101,60694.01770706721,TDB-MID,2038.8200489982744,0.14442155804404144,2038,0.8522004674063691,2.828497546304791,1471,0.9989427296273379,0.9988828838802237
TOI-2076_d,NIRISS_SOSS,obs14,SOSS_HDU3_ordem_1,jw05959014001_04102_00001-seg004_nis_x1dints.fits,seg004,3,102,60694.01778414605,TDB-MID,2034.6095910989213,0.1444097306735029,2038,0.8522004674063691,2.828497546304791,1472,0.9968797685979781,0.9968200464409762
TOI-2076_d,NIRISS_SOSS,obs14,SOSS_HDU3_ordem_1,jw05959014001_04102_00001-seg004_nis_x1dints.fits,seg004,3,103,60694.017861224915,TDB-MID,2041.7537971359893,0.1444242310334943,2038,0.8522004674063691,2.828497546304791,1473,1.0003801524024218,1.0003202205406214
TOI-2076_d,NIRISS_SOSS,obs14,SOSS_HDU3_ordem_1,jw05959014001_04102_00001-seg004_nis_x1dints.fits,seg004,3,104,60694.01793830377,TDB-MID,2041.0334070233316,0.14442495148831944,2038,0.8522004674063691,2.828497546304791,1474,1.0000271891941739,0.9999672784780769
TOI-2076_d,NIRISS_SOSS,obs14,SOSS_HDU3_ordem_1,jw05959014001_04102_00001-seg004_nis_x1dints.fits,seg004,3,105,60694.01801538262,TDB-MID,2034.689660660278,0.14441095159591255,2038,0.8522004674063691,2.828497546304791,1475,0.9969189995768087,0.9968592750695147
TOI-2076_d,NIRISS_SOSS,obs14,SOSS_HDU3_ordem_1,jw05959014001_04102_00001-seg004_nis_x1dints.fits,seg004,3,106,60694.018092461476,TDB-MID,2033.563529632268,0.14440858608189772,2038,0.8522004674063691,2.828497546304791,1476,0.9963672390604301,0.996307547608605
TOI-2076_d,NIRISS_SOSS,obs14,SOSS_HDU3_ordem_1,jw05959014001_04102_00001-seg004_nis_x1dints.fits,seg004,3,107,60694.01816954033,TDB-MID,2030.9430030719448,0.14440395130893796,2038,0.8522004674063691,2.828497546304791,1477,0.9950832827070892,0.9950236681759171
TOI-2076_d,NIRISS_SOSS,obs14,SOSS_HDU3_ordem_1,jw05959014001_04102_00001-seg004_nis_x1dints.fits,seg004,3,108,60694.01824661918,TDB-MID,2043.6111321767617,0.14442842983284576,2038,0.8522004674063691,2.828497546304791,1478,1.0012901745185834,1.0012301881381884
TOI-2076_d,NIRISS_SOSS,obs14,SOSS_HDU3_ordem_1,jw05959014001_04102_00001-seg004_nis_x1dints.fits,seg004,3,109,60694.01832369804,TDB-MID,2037.1627208933025,0.1444159063425503,2038,0.8522004674063691,2.828497546304791,1479,0.9981307031506108,0.9980709060512616
TOI-2076_d,NIRISS_SOSS,obs14,SOSS_HDU3_ordem_1,jw05959014001_04102_00001-seg004_nis_x1dints.fits,seg004,3,110,60694.01840077689,TDB-MID,2036.801020529792,0.14441551332460265,2038,0.8522004674063691,2.828497546304791,1480,0.9979534840043649,0.9978936975220529
TOI-2076_d,NIRISS_SOSS,obs14,SOSS_HDU3_ordem_1,jw05959014001_04102_00001-seg004_nis_x1dints.fits,seg004,3,111,60694.01847785575,TDB-MID,2035.086211013526,0.14440924108758815,2038,0.8522004674063691,2.828497546304791,1481,0.9971132938660487,0.9970535577187611
TOI-2076_d,NIRISS_SOSS,obs14,SOSS_HDU3_ordem_1,jw05959014001_04102_00001-seg004_nis_x1dints.fits,seg004,3,112,60694.0185549346,TDB-MID,2042.4639980290879,0.14442729708338783,2038,0.8522004674063691,2.828497546304791,1482,1.0007281232883685,1.0006681705799498
TOI-2076_d,NIRISS_SOSS,obs14,SOSS_HDU3_ordem_1,jw05959014001_04102_00001-seg004_nis_x1dints.fits,seg004,3,113,60694.01863201345,TDB-MID,2034.3053075836444,0.1444228928907159,2038,0.8522004674063691,2.828497546304791,1483,0.9967306814799264,0.9966709682545976
TOI-2076_d,NIRISS_SOSS,obs14,SOSS_HDU3_ordem_1,jw05959014001_04102_00001-seg004_nis_x1dints.fits,seg004,3,114,60694.01870909231,TDB-MID,2043.3808882031014,0.14442812726934412,2038,0.8522004674063691,2.828497546304791,1484,1.0011773639036192,1.0011173842816055
TOI-2076_d,NIRISS_SOSS,obs14,SOSS_HDU3_ordem_1,jw05959014001_04102_00001-seg004_nis_x1dints.fits,seg004,3,115,60694.01878617117,TDB-MID,2041.3523025249676,0.1444244946532389,2038,0.8522004674063691,2.828497546304791,1485,1.0001834356186814,1.0001235155420036
TOI-2076_d,NIRISS_SOSS,obs14,SOSS_HDU3_ordem_1,jw05959014001_04102_00001-seg004_nis_x1dints.fits,seg004,3,116,60694.01886325002,TDB-MID,2039.1101862633184,0.14442276793756811,2038,0.8522004674063691,2.828497546304791,1486,0.9990848856315679,0.9990250313680172
TOI-2076_d,NIRISS_SOSS,obs14,SOSS_HDU3_ordem_1,jw05959014001_04102_00001-seg004_nis_x1dints.fits,seg004,3,117,60694.01894032887,TDB-MID,2043.4277758600222,0.14442970278751754,2038,0.8522004674063691,2.828497546304791,1487,1.0012003370365417,1.0011403560382282
TOI-2076_d,NIRISS_SOSS,obs14,SOSS_HDU3_ordem_1,jw05959014001_04102_00001-seg004_nis_x1dints.fits,seg004,3,118,60694.01901740773,TDB-MID,2040.219780876963,0.1444232711745115,2038,0.8522004674063691,2.828497546304791,1488,0.9996285439464243,0.9995686571128003
TOI-2076_d,NIRISS_SOSS,obs14,SOSS_HDU3_ordem_1,jw05959014001_04102_00001-seg004_nis_x1dints.fits,seg004,3,119,60694.01909448658,TDB-MID,2041.0557475052915,0.14442406702949423,2038,0.8522004674063691,2.828497546304791,1489,1.0000381351636531,0.9999782237917932
TOI-2076_d,NIRISS_SOSS,obs14,SOSS_HDU3_ordem_1,jw05959014001_04102_00001-seg004_nis_x1dints.fits,seg004,3,120,60694.01917156544,TDB-MID,2036.1836769720812,0.14441503288383548,2038,0.8522004674063691,2.828497546304791,1490,0.9976510096104327,0.9975912412490857
TOI-2076_d,NIRISS_SOSS,obs14,SOSS_HDU3_ordem_1,jw05959014001_04102_00001-seg004_nis_x1dints.fits,seg004,3,121,60694.01924864429,TDB-MID,2047.288776698029,0.14443662601114934,2038,0.8522004674063691,2.828497546304791,1491,1.003092077662747,1.0030319833319794
TOI-2076_d,NIRISS_SOSS,obs14,SOSS_HDU3_ordem_1,jw05959014001_04102_00001-seg004_nis_x1dints.fits,seg004,3,122,60694.019325723144,TDB-MID,2029.2655185977637,0.14440215343388804,2038,0.8522004674063691,2.828497546304791,1492,0.9942613803913997,0.9942018150996452
TOI-2076_d,NIRISS_SOSS,obs14,SOSS_HDU3_ordem_1,jw05959014001_04102_00001-seg004_nis_x1dints.fits,seg004,3,123,60694.019402802005,TDB-MID,2041.062439236092,0.14442277706275347,2038,0.8522004674063691,2.828497546304791,1493,1.0000414138521452,0.9999815022838618
TOI-2076_d,NIRISS_SOSS,obs14,SOSS_HDU3_ordem_1,jw05959014001_04102_00001-seg004_nis_x1dints.fits,seg004,3,124,60694.01947988085,TDB-MID,2042.5052760414278,0.14442622000739372,2038,0.8522004674063691,2.828497546304791,1494,1.0007483479130679,1.0006883939930102
TOI-2076_d,NIRISS_SOSS,obs14,SOSS_HDU3_ordem_1,jw05959014001_04102_00001-seg004_nis_x1dints.fits,seg004,3,125,60694.019556959705,TDB-MID,2032.8453919860121,0.14440997635680328,2038,0.8522004674063691,2.828497546304791,1495,0.9960153794733364,0.9959557091010979
TOI-2076_d,NIRISS_SOSS,obs14,SOSS_HDU3_ordem_1,jw05959014001_04102_00001-seg004_nis_x1dints.fits,seg004,3,126,60694.01963403857,TDB-MID,2048.1233121319274,0.1444402895824718,2038,0.8522004674063691,2.828497546304791,1496,1.0035009676502271,1.0034408488232336
TOI-2076_d,NIRISS_SOSS,obs14,SOSS_HDU3_ordem_1,jw05959014001_04102_00001-seg004_nis_x1dints.fits,seg004,3,127,60694.01971111741,TDB-MID,2042.7580810047994,0.144428286145827,2038,0.8522004674063691,2.828497546304791,1497,1.000872212537755,1.0008122511970807
TOI-2076_d,NIRISS_SOSS,obs14,SOSS_HDU3_ordem_1,jw05959014001_04102_00001-seg004_nis_x1dints.fits,seg004,3,128,60694.019788196274,TDB-MID,2038.9277825703743,0.14441768071671995,2038,0.8522004674063691,2.828497546304791,1498,0.9989955148982297,0.9989356659887981
TOI-2076_d,NIRISS_SOSS,obs14,SOSS_HDU3_ordem_1,jw05959014001_04102_00001-seg004_nis_x1dints.fits,seg004,3,129,60694.01986527512,TDB-MID,2036.1627579931046,0.14441434284124174,2038,0.8522004674063691,2.828497546304791,1499,0.9976407601222692,0.9975809923749596
TOI-2076_d,NIRISS_SOSS,obs14,SOSS_HDU3_ordem_1,jw05959014001_04102_00001-seg004_nis_x1dints.fits,seg004,3,130,60694.01994235398,TDB-MID,2037.1534565166135,0.1444259743174154,2038,0.8522004674063691,2.828497546304791,1500,0.9981261639654372,0.9980663671380264
TOI-2076_d,NIRISS_SOSS,obs14,SOSS_HDU3_ordem_1,jw05959014001_04102_00001-seg004_nis_x1dints.fits,seg004,3,131,60694.020019432835,TDB-MID,2036.9838467391535,0.14441829200644676,2038,0.8522004674063691,2.828497546304791,1501,0.9980430617543565,0.9979832699055233
TOI-2076_d,NIRISS_SOSS,obs14,SOSS_HDU3_ordem_1,jw05959014001_04102_00001-seg004_nis_x1dints.fits,seg004,3,132,60694.02009651168,TDB-MID,2042.8112886484848,0.1444304347014205,2038,0.8522004674063691,2.828497546304791,1502,1.0008982822190131,1.0008383193165282
TOI-2076_d,NIRISS_SOSS,obs14,SOSS_HDU3_ordem_1,jw05959014001_04102_00001-seg004_nis_x1dints.fits,seg004,3,133,60694.02017359054,TDB-MID,2037.9196265700778,0.14441905194521307,2038,0.8522004674063691,2.828497546304791,1503,0.9985015575686844,0.9984417382517856
TOI-2076_d,NIRISS_SOSS,obs14,SOSS_HDU3_ordem_1,jw05959014001_04102_00001-seg004_nis_x1dints.fits,seg004,3,134,60694.0202506694,TDB-MID,2042.5635885701586,0.14442757041136056,2038,0.8522004674063691,2.828497546304791,1504,1.0007769187899584,1.0007169631582455
TOI-2076_d,NIRISS_SOSS,obs14,SOSS_HDU3_ordem_1,jw05959014001_04102_00001-seg004_nis_x1dints.fits,seg004,3,135,60694.02032774825,TDB-MID,2049.9343739978076,0.1444420438840738,2038,0.8522004674063691,2.828497546304791,1505,1.004388317705822,1.0043281457184965
TOI-2076_d,NIRISS_SOSS,obs14,SOSS_HDU3_ordem_1,jw05959014001_04102_00001-seg004_nis_x1dints.fits,seg004,3,136,60694.0204048271,TDB-MID,2040.1685308541478,0.14442313812469157,2038,0.8522004674063691,2.828497546304791,1506,0.9996034334234483,0.9995435480941727
TOI-2076_d,NIRISS_SOSS,obs14,SOSS_HDU3_ordem_1,jw05959014001_04102_00001-seg004_nis_x1dints.fits,seg004,3,137,60694.02048190596,TDB-MID,2046.5336025364804,0.14443366899094462,2038,0.8522004674063691,2.828497546304791,1507,1.0027220716199614,1.0026619994559183
TOI-2076_d,NIRISS_SOSS,obs14,SOSS_HDU3_ordem_1,jw05959014001_04102_00001-seg004_nis_x1dints.fits,seg004,3,138,60694.02055898482,TDB-MID,2036.6385342848203,0.1444134237410712,2038,0.8522004674063691,2.828497546304791,1508,0.9978738720478517,0.9978140903350196
TOI-2076_d,NIRISS_SOSS,obs14,SOSS_HDU3_ordem_1,jw05959014001_04102_00001-seg004_nis_x1dints.fits,seg004,3,139,60694.020636063666,TDB-MID,2046.894554573641,0.14443667063063315,2038,0.8522004674063691,2.828497546304791,1509,1.0028989241153266,1.0028388413562117
TOI-2076_d,NIRISS_SOSS,obs14,SOSS_HDU3_ordem_1,jw05959014001_04102_00001-seg004_nis_x1dints.fits,seg004,3,140,60694.02071314252,TDB-MID,2048.4164922683008,0.14444184677831987,2038,0.8522004674063691,2.828497546304791,1510,1.0036446145433628,1.003584487110615
TOI-2076_d,NIRISS_SOSS,obs14,SOSS_HDU3_ordem_1,jw05959014001_04102_00001-seg004_nis_x1dints.fits,seg004,3,141,60694.02079022137,TDB-MID,2035.9978319796573,0.1444229468079623,2038,0.8522004674063691,2.828497546304791,1511,0.9975599527738519,0.9975001898676368
TOI-2076_d,NIRISS_SOSS,obs14,SOSS_HDU3_ordem_1,jw05959014001_04102_00001-seg004_nis_x1dints.fits,seg004,3,142,60694.020867300234,TDB-MID,2037.3174916862558,0.144420956412151,2038,0.8522004674063691,2.828497546304791,1512,0.9982065348349496,0.9981467331925934
TOI-2076_d,NIRISS_SOSS,obs14,SOSS_HDU3_ordem_1,jw05959014001_04102_00001-seg004_nis_x1dints.fits,seg004,3,143,60694.02094437909,TDB-MID,2038.9683725912737,0.14442219136334677,2038,0.8522004674063691,2.828497546304791,1513,0.9990154024338133,0.9989555523329375
TOI-2076_d,NIRISS_SOSS,obs14,SOSS_HDU3_ordem_1,jw05959014001_04102_00001-seg004_nis_x1dints.fits,seg004,3,144,60694.021021457935,TDB-MID,2032.7842540596002,0.14440767873897284,2038,0.8522004674063691,2.828497546304791,1514,0.9959854242611912,0.9959257556835421
TOI-2076_d,NIRISS_SOSS,obs14,SOSS_HDU3_ordem_1,jw05959014001_04102_00001-seg004_nis_x1dints.fits,seg004,3,145,60694.021098536796,TDB-MID,2041.5786308852835,0.14442438280851894,2038,0.8522004674063691,2.828497546304791,1515,1.0002943277350096,1.0002344010148865
TOI-2076_d,NIRISS_SOSS,obs14,SOSS_HDU3_ordem_1,jw05959014001_04102_00001-seg004_nis_x1dints.fits,seg004,3,146,60694.02117561564,TDB-MID,2037.1423249361621,0.14441761706115233,2038,0.8522004674063691,2.828497546304791,1516,0.9981207099228567,0.9980609134221927
TOI-2076_d,NIRISS_SOSS,obs14,SOSS_HDU3_ordem_1,jw05959014001_04102_00001-seg004_nis_x1dints.fits,seg004,3,147,60694.0212526945,TDB-MID,2047.218504474041,0.14443889276390523,2038,0.8522004674063691,2.828497546304791,1517,1.0030576469991472,1.0029975547310892
TOI-2076_d,NIRISS_SOSS,obs14,SOSS_HDU3_ordem_1,jw05959014001_04102_00001-seg004_nis_x1dints.fits,seg004,3,148,60694.02132977336,TDB-MID,2045.7525435247817,0.14443457954321237,2038,0.8522004674063691,2.828497546304791,1518,1.0023393830047844,1.0022793337672669
TOI-2076_d,NIRISS_SOSS,obs14,SOSS_HDU3_ordem_1,jw05959014001_04102_00001-seg004_nis_x1dints.fits,seg004,3,149,60694.02140685221,TDB-MID,2035.243662246955,0.14441505227697024,2038,0.8522004674063691,2.828497546304791,1519,0.9971904388622351,0.9971306980932612
TOI-2076_d,NIRISS_SOSS,obs14,SOSS_HDU3_ordem_1,jw05959014001_04102_00001-seg004_nis_x1dints.fits,seg004,3,150,60694.021483931065,TDB-MID,2036.9991227356963,0.14441761560483968,2038,0.8522004674063691,2.828497546304791,1520,0.9980505464000425,0.9979907541028111
TOI-2076_d,NIRISS_SOSS,obs14,SOSS_HDU3_ordem_1,jw05959014001_04102_00001-seg004_nis_x1dints.fits,seg004,3,151,60694.02156100992,TDB-MID,2041.5463227112523,0.14442509748497442,2038,0.8522004674063691,2.828497546304791,1521,1.000278497983104,1.0002185722113268
TOI-2076_d,NIRISS_SOSS,obs14,SOSS_HDU3_ordem_1,jw05959014001_04102_00001-seg004_nis_x1dints.fits,seg004,3,152,60694.02163808877,TDB-MID,2048.992056322226,0.14444330136318337,2038,0.8522004674063691,2.828497546304791,1522,1.003926618601242,1.0038664742738888
TOI-2076_d,NIRISS_SOSS,obs14,SOSS_HDU3_ordem_1,jw05959014001_04102_00001-seg004_nis_x1dints.fits,seg004,3,153,60694.02171516763,TDB-MID,2046.972575522283,0.14443722677328585,2038,0.8522004674063691,2.828497546304791,1523,1.0029371513534013,1.0028770663041275
TOI-2076_d,NIRISS_SOSS,obs14,SOSS_HDU3_ordem_1,jw05959014001_04102_00001-seg004_nis_x1dints.fits,seg004,3,154,60694.02179224648,TDB-MID,2043.369169021363,0.14443373970089057,2038,0.8522004674063691,2.828497546304791,1524,1.0011716219592037,1.0011116426811844
TOI-2076_d,NIRISS_SOSS,obs14,SOSS_HDU3_ordem_1,jw05959014001_04102_00001-seg004_nis_x1dints.fits,seg004,3,155,60694.021869325334,TDB-MID,2039.741477958003,0.14442230657434596,2038,0.8522004674063691,2.828497546304791,1525,0.9993941940715105,0.9993343212775736
TOI-2076_d,NIRISS_SOSS,obs14,SOSS_HDU3_ordem_1,jw05959014001_04102_00001-seg004_nis_x1dints.fits,seg004,3,156,60694.02194640419,TDB-MID,2041.055448635227,0.14442497660970322,2038,0.8522004674063691,2.828497546304791,1526,1.0000379887289161,0.9999780773658289
TOI-2076_d,NIRISS_SOSS,obs14,SOSS_HDU3_ordem_1,jw05959014001_04102_00001-seg004_nis_x1dints.fits,seg004,3,157,60694.02202348305,TDB-MID,2045.4971289820164,0.14443482333566898,2038,0.8522004674063691,2.828497546304791,1527,1.002214239787431,1.0021541980471294
TOI-2076_d,NIRISS_SOSS,obs14,SOSS_HDU3_ordem_1,jw05959014001_04102_00001-seg004_nis_x1dints.fits,seg004,3,158,60694.0221005619,TDB-MID,2046.7277486465568,0.14443983595084015,2038,0.8522004674063691,2.828497546304791,1528,1.002817195682157,1.002757117819318
TOI-2076_d,NIRISS_SOSS,obs14,SOSS_HDU3_ordem_1,jw05959014001_04102_00001-seg004_nis_x1dints.fits,seg004,3,159,60694.02217764075,TDB-MID,2040.304132878411,0.14442354666071194,2038,0.8522004674063691,2.828497546304791,1529,0.999669873154766,0.9996099838451468
TOI-2076_d,NIRISS_SOSS,obs14,SOSS_HDU3_ordem_1,jw05959014001_04102_00001-seg004_nis_x1dints.fits,seg004,3,160,60694.02225471961,TDB-MID,2035.1528336604647,0.14441451890704288,2038,0.8522004674063691,2.828497546304791,1530,0.9971459363784767,0.997086198275606
TOI-2076_d,NIRISS_SOSS,obs14,SOSS_HDU3_ordem_1,jw05959014001_04102_00001-seg004_nis_x1dints.fits,seg004,3,161,60694.022331798464,TDB-MID,2048.577930875715,0.14445093971957787,2038,0.8522004674063691,2.828497546304791,1531,1.003723713198115,1.003663581026639
TOI-2076_d,NIRISS_SOSS,obs14,SOSS_HDU3_ordem_1,jw05959014001_04102_00001-seg004_nis_x1dints.fits,seg004,3,162,60694.02240887732,TDB-MID,2046.5761765726525,0.14446990157601702,2038,0.8522004674063691,2.828497546304791,1532,1.0027429312460603,1.002682857832336
TOI-2076_d,NIRISS_SOSS,obs14,SOSS_HDU3_ordem_1,jw05959014001_04102_00001-seg004_nis_x1dints.fits,seg004,3,163,60694.022485956164,TDB-MID,2038.9126046036013,0.14442115152786225,2038,0.8522004674063691,2.828497546304791,1533,0.9989880782833279,0.9989282298194171
TOI-2076_d,NIRISS_SOSS,obs14,SOSS_HDU3_ordem_1,jw05959014001_04102_00001-seg004_nis_x1dints.fits,seg004,3,164,60694.022563035025,TDB-MID,2045.1421772756607,0.1444335652465042,2038,0.8522004674063691,2.828497546304791,1534,1.0020403272213823,1.0019802959000237
TOI-2076_d,NIRISS_SOSS,obs14,SOSS_HDU3_ordem_1,jw05959014001_04102_00001-seg004_nis_x1dints.fits,seg004,3,165,60694.022640113886,TDB-MID,2039.530437523932,0.14442459205944058,2038,0.8522004674063691,2.828497546304791,1535,0.9992907924459594,0.9992309258467195
TOI-2076_d,NIRISS_SOSS,obs14,SOSS_HDU3_ordem_1,jw05959014001_04102_00001-seg004_nis_x1dints.fits,seg004,3,166,60694.02271719273,TDB-MID,2046.332869977701,0.14443715374348773,2038,0.8522004674063691,2.828497546304791,1536,1.0026237204534176,1.0025636541815028
TOI-2076_d,NIRISS_SOSS,obs14,SOSS_HDU3_ordem_1,jw05959014001_04102_00001-seg004_nis_x1dints.fits,seg004,3,167,60694.02279427159,TDB-MID,2048.1549916123113,0.14444060898051686,2038,0.8522004674063691,2.828497546304791,1537,1.0035164893666353,1.0034563696097498
TOI-2076_d,NIRISS_SOSS,obs14,SOSS_HDU3_ordem_1,jw05959014001_04102_00001-seg004_nis_x1dints.fits,seg004,3,168,60694.02287135044,TDB-MID,2042.5542037783243,0.14442824945855715,2038,0.8522004674063691,2.828497546304791,1538,1.000772320606035,1.0007123652497953
TOI-2076_d,NIRISS_SOSS,obs14,SOSS_HDU3_ordem_1,jw05959014001_04102_00001-seg004_nis_x1dints.fits,seg004,3,169,60694.022948429294,TDB-MID,2035.409579200346,0.1444102239588162,2038,0.8522004674063691,2.828497546304791,1539,0.997271731732782,0.9972119860936265
TOI-2076_d,NIRISS_SOSS,obs14,SOSS_HDU3_ordem_1,jw05959014001_04102_00001-seg004_nis_x1dints.fits,seg004,3,170,60694.023025508155,TDB-MID,2038.6880557598845,0.14442009158514915,2038,0.8522004674063691,2.828497546304791,1540,0.9988780580610982,0.9988182161883985
TOI-2076_d,NIRISS_SOSS,obs14,SOSS_HDU3_ordem_1,jw05959014001_04102_00001-seg004_nis_x1dints.fits,seg004,3,171,60694.023102587,TDB-MID,2035.4177601917963,0.14441417909284762,2038,0.8522004674063691,2.828497546304791,1541,0.9972757401012178,0.9972159942219245
TOI-2076_d,NIRISS_SOSS,obs14,SOSS_HDU3_ordem_1,jw05959014001_04102_00001-seg004_nis_x1dints.fits,seg004,3,172,60694.02317966586,TDB-MID,2043.5108806528237,0.14442961621965722,2038,0.8522004674063691,2.828497546304791,1542,1.001241055161031,1.0011810717233318
TOI-2076_d,NIRISS_SOSS,obs14,SOSS_HDU3_ordem_1,jw05959014001_04102_00001-seg004_nis_x1dints.fits,seg004,3,173,60694.02325674471,TDB-MID,2048.0154020707823,0.14444886606748356,2038,0.8522004674063691,2.828497546304791,1543,1.00344809590655,1.0033879802470542
TOI-2076_d,NIRISS_SOSS,obs14,SOSS_HDU3_ordem_1,jw05959014001_04102_00001-seg004_nis_x1dints.fits,seg004,3,174,60694.02333382356,TDB-MID,2041.228461472256,0.14442353013419418,2038,0.8522004674063691,2.828497546304791,1544,1.0001227583071666,1.0000628418656112
TOI-2076_d,NIRISS_SOSS,obs14,SOSS_HDU3_ordem_1,jw05959014001_04102_00001-seg004_nis_x1dints.fits,seg004,3,175,60694.023410902424,TDB-MID,2041.922605381193,0.1444268294236281,2038,0.8522004674063691,2.828497546304791,1545,1.0004628618937919,1.000402925076941
TOI-2076_d,NIRISS_SOSS,obs14,SOSS_HDU3_ordem_1,jw05959014001_04102_00001-seg004_nis_x1dints.fits,seg004,3,176,60694.02348798128,TDB-MID,2040.1783534511528,0.1444220738722521,2038,0.8522004674063691,2.828497546304791,1546,0.9996082461149209,0.9995483604973215
TOI-2076_d,NIRISS_SOSS,obs14,SOSS_HDU3_ordem_1,jw05959014001_04102_00001-seg004_nis_x1dints.fits,seg004,3,177,60694.02356506013,TDB-MID,2047.874288747865,0.14443783788921402,2038,0.8522004674063691,2.828497546304791,1547,1.0033789558526982,1.00331884433532
TOI-2076_d,NIRISS_SOSS,obs14,SOSS_HDU3_ordem_1,jw05959014001_04102_00001-seg004_nis_x1dints.fits,seg004,3,178,60694.02364213898,TDB-MID,2040.4116832283648,0.1444233826938286,2038,0.8522004674063691,2.828497546304791,1548,0.9997225686539141,0.9996626761873556
TOI-2076_d,NIRISS_SOSS,obs14,SOSS_HDU3_ordem_1,jw05959014001_04102_00001-seg004_nis_x1dints.fits,seg004,3,179,60694.02371921784,TDB-MID,2047.980561629679,0.14443735650894143,2038,0.8522004674063691,2.828497546304791,1549,1.003431025442016,1.0033709108051965
TOI-2076_d,NIRISS_SOSS,obs14,SOSS_HDU3_ordem_1,jw05959014001_04102_00001-seg004_nis_x1dints.fits,seg004,3,180,60694.02379629669,TDB-MID,2041.9973684870629,0.14442548323097001,2038,0.8522004674063691,2.828497546304791,1550,1.0004994929152935,1.0004395539039117
TOI-2076_d,NIRISS_SOSS,obs14,SOSS_HDU3_ordem_1,jw05959014001_04102_00001-seg004_nis_x1dints.fits,seg004,3,181,60694.02387337555,TDB-MID,2044.1196435007507,0.14442925033860007,2038,0.8522004674063691,2.828497546304791,1551,1.0015393253400506,1.0014793240332573
TOI-2076_d,NIRISS_SOSS,obs14,SOSS_HDU3_ordem_1,jw05959014001_04102_00001-seg004_nis_x1dints.fits,seg004,3,182,60694.0239504544,TDB-MID,2037.489695757969,0.1444178322078684,2038,0.8522004674063691,2.828497546304791,1552,0.9982909081495708,0.9982311014524864
TOI-2076_d,NIRISS_SOSS,obs14,SOSS_HDU3_ordem_1,jw05959014001_04102_00001-seg004_nis_x1dints.fits,seg004,3,183,60694.024027533254,TDB-MID,2040.2960749843235,0.1444236024830415,2038,0.8522004674063691,2.828497546304791,1553,0.9996659250992626,0.9996060360261677
TOI-2076_d,NIRISS_SOSS,obs14,SOSS_HDU3_ordem_1,jw05959014001_04102_00001-seg004_nis_x1dints.fits,seg004,3,184,60694.024104612115,TDB-MID,2048.5424959021866,0.14444221071730198,2038,0.8522004674063691,2.828497546304791,1554,1.0037063514357574,1.0036462203044088
TOI-2076_d,NIRISS_SOSS,obs14,SOSS_HDU3_ordem_1,jw05959014001_04102_00001-seg004_nis_x1dints.fits,seg004,3,185,60694.02418169096,TDB-MID,2043.580363174626,0.14442933014037695,2038,0.8522004674063691,2.828497546304791,1555,1.0012750989011954,1.001215113423967
TOI-2076_d,NIRISS_SOSS,obs14,SOSS_HDU3_ordem_1,jw05959014001_04102_00001-seg004_nis_x1dints.fits,seg004,3,186,60694.024258769816,TDB-MID,2037.958802726051,0.14441793095324112,2038,0.8522004674063691,2.828497546304791,1556,0.998520752365304,0.9984609318984624
TOI-2076_d,NIRISS_SOSS,obs14,SOSS_HDU3_ordem_1,jw05959014001_04102_00001-seg004_nis_x1dints.fits,seg004,3,187,60694.02433584868,TDB-MID,2050.609604168466,0.14444718607339166,2038,0.8522004674063691,2.828497546304791,1557,1.0047191542944338,1.0046589624869904
TOI-2076_d,NIRISS_SOSS,obs14,SOSS_HDU3_ordem_1,jw05959014001_04102_00001-seg004_nis_x1dints.fits,seg004,3,188,60694.02441292752,TDB-MID,2046.9313431942526,0.1444351386001424,2038,0.8522004674063691,2.828497546304791,1558,1.0029169491122414,1.0028568652732655
TOI-2076_d,NIRISS_SOSS,obs14,SOSS_HDU3_ordem_1,jw05959014001_04102_00001-seg004_nis_x1dints.fits,seg004,3,189,60694.024490006384,TDB-MID,2048.5194023983113,0.14443929046044493,2038,0.8522004674063691,2.828497546304791,1559,1.0036950365147523,1.0036349060612704
TOI-2076_d,NIRISS_SOSS,obs14,SOSS_HDU3_ordem_1,jw05959014001_04102_00001-seg004_nis_x1dints.fits,seg004,3,190,60694.02456708523,TDB-MID,2051.0145701468155,0.14444449261020745,2038,0.8522004674063691,2.828497546304791,1560,1.004917571913496,1.0048573682190343
TOI-2076_d,NIRISS_SOSS,obs14,SOSS_HDU3_ordem_1,jw05959014001_04102_00001-seg004_nis_x1dints.fits,seg004,3,191,60694.02464416409,TDB-MID,2037.388887534907,0.14441712409943855,2038,0.8522004674063691,2.828497546304791,1561,0.9982415160310443,0.9981817122929966
TOI-2076_d,NIRISS_SOSS,obs14,SOSS_HDU3_ordem_1,jw05959014001_04102_00001-seg004_nis_x1dints.fits,seg004,3,192,60694.02472124294,TDB-MID,2037.6356162053105,0.1444196737359881,2038,0.8522004674063691,2.828497546304791,1562,0.9983624035079018,0.9983025925275958
TOI-2076_d,NIRISS_SOSS,obs14,SOSS_HDU3_ordem_1,jw05959014001_04102_00001-seg004_nis_x1dints.fits,seg004,3,193,60694.02479832179,TDB-MID,2039.039614705958,0.14442256294559996,2038,0.8522004674063691,2.828497546304791,1563,0.9990503083062281,0.9989904561141734
TOI-2076_d,NIRISS_SOSS,obs14,SOSS_HDU3_ordem_1,jw05959014001_04102_00001-seg004_nis_x1dints.fits,seg004,3,194,60694.02487540065,TDB-MID,2038.1088203985653,0.14441785025059442,2038,0.8522004674063691,2.828497546304791,1564,0.9985942552050212,0.9985344303346915
TOI-2076_d,NIRISS_SOSS,obs14,SOSS_HDU3_ordem_1,jw05959014001_04102_00001-seg004_nis_x1dints.fits,seg004,3,195,60694.02495247951,TDB-MID,2043.3748679633272,0.14442901180321907,2038,0.8522004674063691,2.828497546304791,1565,1.0011744142196803,1.0011144347743792
TOI-2076_d,NIRISS_SOSS,obs14,SOSS_HDU3_ordem_1,jw05959014001_04102_00001-seg004_nis_x1dints.fits,seg004,3,196,60694.02502955836,TDB-MID,2041.417032152178,0.14442539137519692,2038,0.8522004674063691,2.828497546304791,1566,1.0002151506248806,1.000155228648186
TOI-2076_d,NIRISS_SOSS,obs14,SOSS_HDU3_ordem_1,jw05959014001_04102_00001-seg004_nis_x1dints.fits,seg004,3,197,60694.02510663721,TDB-MID,2041.3027612753854,0.14442454965779017,2038,0.8522004674063691,2.828497546304791,1567,1.000159162328299,1.000099243705812
TOI-2076_d,NIRISS_SOSS,obs14,SOSS_HDU3_ordem_1,jw05959014001_04102_00001-seg004_nis_x1dints.fits,seg004,3,198,60694.02518371607,TDB-MID,2034.1553592053042,0.14441248478961824,2038,0.8522004674063691,2.828497546304791,1568,0.9966572125916663,0.9965975037677914
TOI-2076_d,NIRISS_SOSS,obs14,SOSS_HDU3_ordem_1,jw05959014001_04102_00001-seg004_nis_x1dints.fits,seg004,3,199,60694.02526079493,TDB-MID,2038.0557904542611,0.14441698337764047,2038,0.8522004674063691,2.828497546304791,1569,0.998568272589566,0.9985084492758313
TOI-2076_d,NIRISS_SOSS,obs14,SOSS_HDU3_ordem_1,jw05959014001_04102_00001-seg004_nis_x1dints.fits,seg004,3,200,60694.025337873776,TDB-MID,2043.6969560425048,0.14443049248069162,2038,0.8522004674063691,2.828497546304791,1570,1.0013322248833296,1.0012722359837358
TOI-2076_d,NIRISS_SOSS,obs14,SOSS_HDU3_ordem_1,jw05959014001_04102_00001-seg004_nis_x1dints.fits,seg004,3,201,60694.02541495263,TDB-MID,2045.0834959114927,0.14443153113433127,2038,0.8522004674063691,2.828497546304791,1571,1.002011575629436,1.0019515460305592
TOI-2076_d,NIRISS_SOSS,obs14,SOSS_HDU3_ordem_1,jw05959014001_04102_00001-seg004_nis_x1dints.fits,seg004,3,202,60694.025492031484,TDB-MID,2041.6662799232622,0.1444248416831771,2038,0.8522004674063691,2.828497546304791,1572,1.0003372723633455,1.0002773430704488
TOI-2076_d,NIRISS_SOSS,obs14,SOSS_HDU3_ordem_1,jw05959014001_04102_00001-seg004_nis_x1dints.fits,seg004,3,203,60694.025569110345,TDB-MID,2041.9147232914936,0.14442421159101945,2038,0.8522004674063691,2.828497546304791,1573,1.0004589999756184,1.0003990633901316
TOI-2076_d,NIRISS_SOSS,obs14,SOSS_HDU3_ordem_1,jw05959014001_04102_00001-seg004_nis_x1dints.fits,seg004,3,204,60694.02564618919,TDB-MID,2041.788583564082,0.14442595375294637,2038,0.8522004674063691,2.828497546304791,1574,1.0003971964026759,1.0003372635197847
TOI-2076_d,NIRISS_SOSS,obs14,SOSS_HDU3_ordem_1,jw05959014001_04102_00001-seg004_nis_x1dints.fits,seg004,3,205,60694.025723268045,TDB-MID,2047.306360242922,0.1444426962865618,2038,0.8522004674063691,2.828497546304791,1575,1.003100692917605,1.0030405980707053
TOI-2076_d,NIRISS_SOSS,obs14,SOSS_HDU3_ordem_1,jw05959014001_04102_00001-seg004_nis_x1dints.fits,seg004,3,206,60694.025800346906,TDB-MID,2043.3572033670175,0.14442966783309685,2038,0.8522004674063691,2.828497546304791,1576,1.0011657592527723,1.0011057803259824
TOI-2076_d,NIRISS_SOSS,obs14,SOSS_HDU3_ordem_1,jw05959014001_04102_00001-seg004_nis_x1dints.fits,seg004,3,207,60694.02587742576,TDB-MID,2048.8964347134815,0.1444416307174648,2038,0.8522004674063691,2.828497546304791,1577,1.0038797677225206,1.0038196262019607
TOI-2076_d,NIRISS_SOSS,obs14,SOSS_HDU3_ordem_1,jw05959014001_04102_00001-seg004_nis_x1dints.fits,seg004,3,208,60694.025954504614,TDB-MID,2039.7998851491047,0.14442821861545788,2038,0.8522004674063691,2.828497546304791,1578,0.9994228113292905,0.9993629368209197
TOI-2076_d,NIRISS_SOSS,obs14,SOSS_HDU3_ordem_1,jw05959014001_04102_00001-seg004_nis_x1dints.fits,seg004,3,209,60694.02603158346,TDB-MID,2033.0717005035553,0.14440850757166268,2038,0.8522004674063691,2.828497546304791,1579,0.9961262618674759,0.9960665848523744
TOI-2076_d,NIRISS_SOSS,obs14,SOSS_HDU3_ordem_1,jw05959014001_04102_00001-seg004_nis_x1dints.fits,seg004,3,210,60694.02610866232,TDB-MID,2038.2287516367355,0.14442097368930049,2038,0.8522004674063691,2.828497546304791,1580,0.9986530168590888,0.9985931884684021
TOI-2076_d,NIRISS_SOSS,obs14,SOSS_HDU3_ordem_1,jw05959014001_04102_00001-seg004_nis_x1dints.fits,seg004,3,211,60694.026185741175,TDB-MID,2040.8312917758767,0.144424636558561,2038,0.8522004674063691,2.828497546304791,1581,0.9999281605638193,0.9998682557804371
TOI-2076_d,NIRISS_SOSS,obs14,SOSS_HDU3_ordem_1,jw05959014001_04102_00001-seg004_nis_x1dints.fits,seg004,3,212,60694.02626282003,TDB-MID,2037.5898204097732,0.1444180308251996,2038,0.8522004674063691,2.828497546304791,1582,0.9983399653446996,0.9982801557086434
TOI-2076_d,NIRISS_SOSS,obs14,SOSS_HDU3_ordem_1,jw05959014001_04102_00001-seg004_nis_x1dints.fits,seg004,3,213,60694.02633989888,TDB-MID,2041.626667660026,0.14442401828996038,2038,0.8522004674063691,2.828497546304791,1583,1.0003178638910855,1.0002579357609327
TOI-2076_d,NIRISS_SOSS,obs14,SOSS_HDU3_ordem_1,jw05959014001_04102_00001-seg004_nis_x1dints.fits,seg004,3,214,60694.02641697774,TDB-MID,2033.898104813303,0.1444124610482949,2038,0.8522004674063691,2.828497546304791,1584,0.9965311679195626,0.9964714666469091
TOI-2076_d,NIRISS_SOSS,obs14,SOSS_HDU3_ordem_1,jw05959014001_04102_00001-seg004_nis_x1dints.fits,seg004,3,215,60694.02649405659,TDB-MID,2047.0813855159179,0.14443816373961588,2038,0.8522004674063691,2.828497546304791,1585,1.0029904640290863,1.002930375785899
TOI-2076_d,NIRISS_SOSS,obs14,SOSS_HDU3_ordem_1,jw05959014001_04102_00001-seg004_nis_x1dints.fits,seg004,3,216,60694.02657113544,TDB-MID,2034.201651531295,0.1444124585521892,2038,0.8522004674063691,2.828497546304791,1586,0.9966798940355283,0.9966201838528289
TOI-2076_d,NIRISS_SOSS,obs14,SOSS_HDU3_ordem_1,jw05959014001_04102_00001-seg004_nis_x1dints.fits,seg004,3,217,60694.0266482143,TDB-MID,2039.4373053050672,0.14442196950451505,2038,0.8522004674063691,2.828497546304791,1587,0.999245161271705,0.9991852974061871
TOI-2076_d,NIRISS_SOSS,obs14,SOSS_HDU3_ordem_1,jw05959014001_04102_00001-seg004_nis_x1dints.fits,seg004,3,218,60694.02672529316,TDB-MID,2038.2311120392283,0.14442165111635744,2038,0.8522004674063691,2.828497546304791,1588,0.9986541733647403,0.9985943449047684
TOI-2076_d,NIRISS_SOSS,obs14,SOSS_HDU3_ordem_1,jw05959014001_04102_00001-seg004_nis_x1dints.fits,seg004,3,219,60694.026802372005,TDB-MID,2041.161357067032,0.1444251931328446,2038,0.8522004674063691,2.828497546304791,1589,1.0000898797518682,1.000029965280037
TOI-2076_d,NIRISS_SOSS,obs14,SOSS_HDU3_ordem_1,jw05959014001_04102_00001-seg004_nis_x1dints.fits,seg004,3,220,60694.02687945086,TDB-MID,2045.6482536382753,0.14443231341180696,2038,0.8522004674063691,2.828497546304791,1590,1.0022882850062385,1.0022282388299553
TOI-2076_d,NIRISS_SOSS,obs14,SOSS_HDU3_ordem_1,jw05959014001_04102_00001-seg004_nis_x1dints.fits,seg004,3,221,60694.02695652971,TDB-MID,2036.1615101706711,0.1444151191222889,2038,0.8522004674063691,2.828497546304791,1591,0.997640148737685,0.997580381027003
TOI-2076_d,NIRISS_SOSS,obs14,SOSS_HDU3_ordem_1,jw05959014001_04102_00001-seg004_nis_x1dints.fits,seg004,3,222,60694.027033608574,TDB-MID,2042.2044299959077,0.14442626108018355,2038,0.8522004674063691,2.828497546304791,1592,1.0006009450218432,1.000540999932558
TOI-2076_d,NIRISS_SOSS,obs14,SOSS_HDU3_ordem_1,jw05959014001_04102_00001-seg004_nis_x1dints.fits,seg004,3,223,60694.02711068742,TDB-MID,2038.4084360271584,0.1444204723252416,2038,0.8522004674063691,2.828497546304791,1593,0.9987410552396847,0.9986812215746991
TOI-2076_d,NIRISS_SOSS,obs14,SOSS_HDU3_ordem_1,jw05959014001_04102_00001-seg004_nis_x1dints.fits,seg004,3,224,60694.027187766274,TDB-MID,2037.407162219355,0.14441912573770535,2038,0.8522004674063691,2.828497546304791,1594,0.9982504699174721,0.9981906656430053
TOI-2076_d,NIRISS_SOSS,obs14,SOSS_HDU3_ordem_1,jw05959014001_04102_00001-seg004_nis_x1dints.fits,seg004,3,225,60694.027264845136,TDB-MID,2043.7607608854853,0.14442957659501166,2038,0.8522004674063691,2.828497546304791,1595,1.0013634867811325,1.0013034960086669
TOI-2076_d,NIRISS_SOSS,obs14,SOSS_HDU3_ordem_1,jw05959014001_04102_00001-seg004_nis_x1dints.fits,seg004,3,226,60694.02734192399,TDB-MID,2044.0558698499356,0.14442897775629132,2038,0.8522004674063691,2.828497546304791,1596,1.0015080787251986,1.0014480792903615
TOI-2076_d,NIRISS_SOSS,obs14,SOSS_HDU3_ordem_1,jw05959014001_04102_00001-seg004_nis_x1dints.fits,seg004,3,227,60694.02741900284,TDB-MID,2046.7249607804629,0.14443562144098906,2038,0.8522004674063691,2.828497546304791,1597,1.002815829735924,1.0027557519549175
TOI-2076_d,NIRISS_SOSS,obs14,SOSS_HDU3_ordem_1,jw05959014001_04102_00001-seg004_nis_x1dints.fits,seg004,3,228,60694.02749608169,TDB-MID,2047.1916398142248,0.1444459009006994,2038,0.8522004674063691,2.828497546304791,1598,1.00304448435803,1.002984392878534
TOI-2076_d,NIRISS_SOSS,obs14,SOSS_HDU3_ordem_1,jw05959014001_04102_00001-seg004_nis_x1dints.fits,seg004,3,229,60694.02757316055,TDB-MID,2042.077240255095,0.14442560842014107,2038,0.8522004674063691,2.828497546304791,1599,1.0005386269830683,1.0004786856272003
TOI-2076_d,NIRISS_SOSS,obs14,SOSS_HDU3_ordem_1,jw05959014001_04102_00001-seg004_nis_x1dints.fits,seg004,3,230,60694.0276502394,TDB-MID,2045.4549283446509,0.1444353657546052,2038,0.8522004674063691,2.828497546304791,1600,1.0021935631122616,1.0021335226106807
TOI-2076_d,NIRISS_SOSS,obs14,SOSS_HDU3_ordem_1,jw05959014001_04102_00001-seg004_nis_x1dints.fits,seg004,3,231,60694.02772731826,TDB-MID,2041.525865102544,0.1444252860397012,2038,0.8522004674063691,2.828497546304791,1601,1.0002684745484733,1.000208549377191
TOI-2076_d,NIRISS_SOSS,obs14,SOSS_HDU3_ordem_1,jw05959014001_04102_00001-seg004_nis_x1dints.fits,seg004,3,232,60694.02780439711,TDB-MID,2042.0279636673483,0.14442963395683672,2038,0.8522004674063691,2.828497546304791,1602,1.000514483366718,1.000454543457272
TOI-2076_d,NIRISS_SOSS,obs14,SOSS_HDU3_ordem_1,jw05959014001_04102_00001-seg004_nis_x1dints.fits,seg004,3,233,60694.027881475966,TDB-MID,2044.6465152775922,0.14442968066047218,2038,0.8522004674063691,2.828497546304791,1603,1.0017974720711367,1.0017374552990084
TOI-2076_d,NIRISS_SOSS,obs14,SOSS_HDU3_ordem_1,jw05959014001_04102_00001-seg004_nis_x1dints.fits,seg004,3,234,60694.02795855482,TDB-MID,2035.4960499142476,0.1444153080724878,2038,0.8522004674063691,2.828497546304791,1604,0.9973140990280321,0.9972543508506906
TOI-2076_d,NIRISS_SOSS,obs14,SOSS_HDU3_ordem_1,jw05959014001_04102_00001-seg004_nis_x1dints.fits,seg004,3,235,60694.028035633666,TDB-MID,2031.4718989933522,0.14440585442355475,2038,0.8522004674063691,2.828497546304791,1605,0.9953424211904875,0.9952827911345655
TOI-2076_d,NIRISS_SOSS,obs14,SOSS_HDU3_ordem_1,jw05959014001_04102_00001-seg004_nis_x1dints.fits,seg004,3,236,60694.02811271253,TDB-MID,2043.234436269108,0.14442674895993984,2038,0.8522004674063691,2.828497546304791,1606,1.0011056081374474,1.0010456328142558
TOI-2076_d,NIRISS_SOSS,obs14,SOSS_HDU3_ordem_1,jw05959014001_04102_00001-seg004_nis_x1dints.fits,seg004,3,237,60694.02818979139,TDB-MID,2037.6312624450668,0.14441730105070727,2038,0.8522004674063691,2.828497546304791,1607,0.9983602703342831,0.9983004594817735
TOI-2076_d,NIRISS_SOSS,obs14,SOSS_HDU3_ordem_1,jw05959014001_04102_00001-seg004_nis_x1dints.fits,seg004,3,238,60694.028266870235,TDB-MID,2034.5304701980458,0.144409182765915,2038,0.8522004674063691,2.828497546304791,1608,0.9968410024259807,0.9967812825914248
TOI-2076_d,NIRISS_SOSS,obs14,SOSS_HDU3_ordem_1,jw05959014001_04102_00001-seg004_nis_x1dints.fits,seg004,3,239,60694.02834394909,TDB-MID,2041.7458351936612,0.14442645489809675,2038,0.8522004674063691,2.828497546304791,1609,1.0003762513595582,1.0003163197314655
TOI-2076_d,NIRISS_SOSS,obs14,SOSS_HDU3_ordem_1,jw05959014001_04102_00001-seg004_nis_x1dints.fits,seg004,3,240,60694.02842102794,TDB-MID,2038.0378588219637,0.14441728010233434,2038,0.8522004674063691,2.828497546304791,1610,0.9985594867853836,0.9984996639979983
TOI-2076_d,NIRISS_SOSS,obs14,SOSS_HDU3_ordem_1,jw05959014001_04102_00001-seg004_nis_x1dints.fits,seg004,3,241,60694.0284981068,TDB-MID,2038.3955327788776,0.14441799217404355,2038,0.8522004674063691,2.828497546304791,1611,0.9987347331485983,0.9986748998623634
TOI-2076_d,NIRISS_SOSS,obs14,SOSS_HDU3_ordem_1,jw05959014001_04102_00001-seg004_nis_x1dints.fits,seg004,3,242,60694.02857518565,TDB-MID,2040.5865404109386,0.14442236914827722,2038,0.8522004674063691,2.828497546304791,1612,0.9998082418899317,0.9997483442907679
TOI-2076_d,NIRISS_SOSS,obs14,SOSS_HDU3_ordem_1,jw05959014001_04102_00001-seg004_nis_x1dints.fits,seg004,3,243,60694.028652264504,TDB-MID,2040.7642251436066,0.14442343602425117,2038,0.8522004674063691,2.828497546304791,1613,0.9998953005158029,0.9998353977010362
TOI-2076_d,NIRISS_SOSS,obs14,SOSS_HDU3_ordem_1,jw05959014001_04102_00001-seg004_nis_x1dints.fits,seg004,3,244,60694.028729343365,TDB-MID,2036.6848575094714,0.14442156142044563,2038,0.8522004674063691,2.828497546304791,1614,0.9978965686308586,0.9978367855582948
TOI-2076_d,NIRISS_SOSS,obs14,SOSS_HDU3_ordem_1,jw05959014001_04102_00001-seg004_nis_x1dints.fits,seg004,3,245,60694.02880642222,TDB-MID,2038.077475709846,0.14441683527113727,2038,0.8522004674063691,2.828497546304791,1615,0.9985788975235407,0.9985190735732757
TOI-2076_d,NIRISS_SOSS,obs14,SOSS_HDU3_ordem_1,jw05959014001_04102_00001-seg004_nis_x1dints.fits,seg004,3,246,60694.02888350107,TDB-MID,2034.3118237397175,0.1444115089239912,2038,0.8522004674063691,2.828497546304791,1616,0.9967338741436131,0.9966741607270148
TOI-2076_d,NIRISS_SOSS,obs14,SOSS_HDU3_ordem_1,jw05959014001_04102_00001-seg004_nis_x1dints.fits,seg004,3,247,60694.02896057992,TDB-MID,2041.7005400966068,0.14443130979273905,2038,0.8522004674063691,2.828497546304791,1617,1.0003540585191883,1.0002941282206486
TOI-2076_d,NIRISS_SOSS,obs14,SOSS_HDU3_ordem_1,jw05959014001_04102_00001-seg004_nis_x1dints.fits,seg004,3,248,60694.02903765878,TDB-MID,2042.6855861485617,0.14443053049081434,2038,0.8522004674063691,2.828497546304791,1618,1.000836692870578,1.0007767336578548
TOI-2076_d,NIRISS_SOSS,obs14,SOSS_HDU3_ordem_1,jw05959014001_04102_00001-seg004_nis_x1dints.fits,seg004,3,249,60694.02911473763,TDB-MID,2040.6022996443558,0.14442395812168987,2038,0.8522004674063691,2.828497546304791,1619,0.9998159633029393,0.9997560652411926
TOI-2076_d,NIRISS_SOSS,obs14,SOSS_HDU3_ordem_1,jw05959014001_04102_00001-seg004_nis_x1dints.fits,seg004,3,250,60694.02919181649,TDB-MID,2036.3433851056684,0.14441720119883336,2038,0.8522004674063691,2.828497546304791,1620,0.9977292604001421,0.9976694873508616
TOI-2076_d,NIRISS_SOSS,obs14,SOSS_HDU3_ordem_1,jw05959014001_04102_00001-seg004_nis_x1dints.fits,seg004,3,251,60694.02926889534,TDB-MID,2035.849573442816,0.144396683589653,2038,0.8522004674063691,2.828497546304791,1621,0.9974873118423702,0.997427553288007
TOI-2076_d,NIRISS_SOSS,obs14,SOSS_HDU3_ordem_1,jw05959014001_04102_00001-seg004_nis_x1dints.fits,seg004,3,252,60694.029345974195,TDB-MID,2039.456500879467,0.14442679757455662,2038,0.8522004674063691,2.828497546304791,1622,0.9992545663584841,0.999194701929516
TOI-2076_d,NIRISS_SOSS,obs14,SOSS_HDU3_ordem_1,jw05959014001_04102_00001-seg004_nis_x1dints.fits,seg004,3,253,60694.02942305305,TDB-MID,2045.6028071948253,0.14443605554845218,2038,0.8522004674063691,2.828497546304791,1623,1.0022660180120062,1.0022059731697184
TOI-2076_d,NIRISS_SOSS,obs14,SOSS_HDU3_ordem_1,jw05959014001_04102_00001-seg004_nis_x1dints.fits,seg004,3,254,60694.0295001319,TDB-MID,2041.4807571188142,0.1444252432976718,2038,0.8522004674063691,2.828497546304791,1624,1.0002463733863736,1.0001864495391517
TOI-2076_d,NIRISS_SOSS,obs14,SOSS_HDU3_ordem_1,jw05959014001_04102_00001-seg004_nis_x1dints.fits,seg004,3,255,60694.02957721076,TDB-MID,2042.836646736883,0.14442751211836194,2038,0.8522004674063691,2.828497546304791,1625,1.0009107066985816,1.0008507430517575
TOI-2076_d,NIRISS_SOSS,obs14,SOSS_HDU3_ordem_1,jw05959014001_04102_00001-seg004_nis_x1dints.fits,seg004,3,256,60694.02965428961,TDB-MID,2034.3652918672924,0.14440933601288924,2038,0.8522004674063691,2.828497546304791,1626,0.996760071451872,0.9967003564658167
TOI-2076_d,NIRISS_SOSS,obs14,SOSS_HDU3_ordem_1,jw05959014001_04102_00001-seg004_nis_x1dints.fits,seg004,3,257,60694.029731368464,TDB-MID,2045.9878714089882,0.14443451301048119,2038,0.8522004674063691,2.828497546304791,1627,1.00245468453869,1.0023946283935625
TOI-2076_d,NIRISS_SOSS,obs14,SOSS_HDU3_ordem_1,jw05959014001_04102_00001-seg004_nis_x1dints.fits,seg004,3,258,60694.02980844732,TDB-MID,2046.0005160927096,0.14444951779372575,2038,0.8522004674063691,2.828497546304791,1628,1.0024608799431731,1.0024008234268849
TOI-2076_d,NIRISS_SOSS,obs14,SOSS_HDU3_ordem_1,jw05959014001_04102_00001-seg004_nis_x1dints.fits,seg004,3,259,60694.02988552617,TDB-MID,2046.165955064261,0.1444368215359109,2038,0.8522004674063691,2.828497546304791,1629,1.0025419386211616,1.0024818772487218
TOI-2076_d,NIRISS_SOSS,obs14,SOSS_HDU3_ordem_1,jw05959014001_04102_00001-seg004_nis_x1dints.fits,seg004,3,260,60694.02996260503,TDB-MID,2045.0852081265311,0.14444311038116148,2038,0.8522004674063691,2.828497546304791,1630,1.002012414548381,1.001952384899245
TOI-2076_d,NIRISS_SOSS,obs14,SOSS_HDU3_ordem_1,jw05959014001_04102_00001-seg004_nis_x1dints.fits,seg004,3,261,60694.03003968388,TDB-MID,2048.1124684955416,0.14443788038524025,2038,0.8522004674063691,2.828497546304791,1631,1.003495654689068,1.0034355361803693
TOI-2076_d,NIRISS_SOSS,obs14,SOSS_HDU3_ordem_1,jw05959014001_04102_00001-seg004_nis_x1dints.fits,seg004,3,262,60694.03011676273,TDB-MID,2045.0249490124252,0.1444338019484333,2038,0.8522004674063691,2.828497546304791,1632,1.0019828899201728,1.0019228620398306
TOI-2076_d,NIRISS_SOSS,obs14,SOSS_HDU3_ordem_1,jw05959014001_04102_00001-seg004_nis_x1dints.fits,seg004,3,263,60694.03019384159,TDB-MID,2040.1903171276076,0.14442095494032067,2038,0.8522004674063691,2.828497546304791,1633,0.9996141078522627,0.9995542218834919
TOI-2076_d,NIRISS_SOSS,obs14,SOSS_HDU3_ordem_1,jw05959014001_04102_00001-seg004_nis_x1dints.fits,seg004,3,264,60694.03027092045,TDB-MID,2044.5171131662141,0.14442184620740597,2038,0.8522004674063691,2.828497546304791,1634,1.0017340700566122,1.0016740570828406
TOI-2076_d,NIRISS_SOSS,obs14,SOSS_HDU3_ordem_1,jw05959014001_04102_00001-seg004_nis_x1dints.fits,seg004,3,265,60694.0303479993,TDB-MID,2029.5156125803164,0.144404515903278,2038,0.8522004674063691,2.828497546304791,1635,0.9943839167406558,0.9943243441078605
TOI-2076_d,NIRISS_SOSS,obs14,SOSS_HDU3_ordem_1,jw05959014001_04102_00001-seg004_nis_x1dints.fits,seg004,3,266,60694.03042507815,TDB-MID,2031.7466306960046,0.1444034422883662,2038,0.8522004674063691,2.828497546304791,1636,0.995477029066792,0.995417390946635
TOI-2076_d,NIRISS_SOSS,obs14,SOSS_HDU3_ordem_1,jw05959014001_04102_00001-seg004_nis_x1dints.fits,seg004,3,267,60694.03050215701,TDB-MID,2037.2729997790648,0.144415244839035,2038,0.8522004674063691,2.828497546304791,1637,0.9981847355264537,0.9981249351900742
TOI-2076_d,NIRISS_SOSS,obs14,SOSS_HDU3_ordem_1,jw05959014001_04102_00001-seg004_nis_x1dints.fits,seg004,3,268,60694.03057923586,TDB-MID,2040.720105132932,0.14442398446300614,2038,0.8522004674063691,2.828497546304791,1638,0.9998736834221726,0.9998137819024664
TOI-2076_d,NIRISS_SOSS,obs14,SOSS_HDU3_ordem_1,jw05959014001_04102_00001-seg004_nis_x1dints.fits,seg004,3,269,60694.03065631472,TDB-MID,2034.4020463304944,0.1443738589930694,2038,0.8522004674063691,2.828497546304791,1639,0.996778079712981,0.9967183636480674
TOI-2076_d,NIRISS_SOSS,obs14,SOSS_HDU3_ordem_1,jw05959014001_04102_00001-seg004_nis_x1dints.fits,seg004,3,270,60694.03073339356,TDB-MID,2040.8332317462512,0.14442287705277482,2038,0.8522004674063691,2.828497546304791,1640,0.9999291110740431,0.9998692062337168
TOI-2076_d,NIRISS_SOSS,obs14,SOSS_HDU3_ordem_1,jw05959014001_04102_00001-seg004_nis_x1dints.fits,seg004,3,271,60694.030810472424,TDB-MID,2046.793914609555,0.1444343776237768,2038,0.8522004674063691,2.828497546304791,1641,1.0028496144371708,1.0027895346321538
TOI-2076_d,NIRISS_SOSS,obs14,SOSS_HDU3_ordem_1,jw05959014001_04102_00001-seg004_nis_x1dints.fits,seg004,3,272,60694.03088755128,TDB-MID,2043.7747808463707,0.1444322945766826,2038,0.8522004674063691,2.828497546304791,1642,1.0013703560180733,1.001310364834078
TOI-2076_d,NIRISS_SOSS,obs14,SOSS_HDU3_ordem_1,jw05959014001_04102_00001-seg004_nis_x1dints.fits,seg004,3,273,60694.03096463013,TDB-MID,2045.3281983679803,0.1444332366483986,2038,0.8522004674063691,2.828497546304791,1643,1.0021314703400803,1.0020714335584207
TOI-2076_d,NIRISS_SOSS,obs14,SOSS_HDU3_ordem_1,jw05959014001_04102_00001-seg004_nis_x1dints.fits,seg004,3,274,60694.031041708986,TDB-MID,2047.4188396621971,0.1444388338550204,2038,0.8522004674063691,2.828497546304791,1644,1.0031558034695014,1.0030957053209788
TOI-2076_d,NIRISS_SOSS,obs14,SOSS_HDU3_ordem_1,jw05959014001_04102_00001-seg004_nis_x1dints.fits,seg004,3,275,60694.03111878784,TDB-MID,2050.78800906609,0.1444475191373442,2038,0.8522004674063691,2.828497546304791,1645,1.0048065657731953,1.00474636872901
TOI-2076_d,NIRISS_SOSS,obs14,SOSS_HDU3_ordem_1,jw05959014001_04102_00001-seg004_nis_x1dints.fits,seg004,3,276,60694.03119586669,TDB-MID,2043.6143798340622,0.14442925286104327,2038,0.8522004674063691,2.828497546304791,1646,1.0012917657446703,1.0012317792689465
TOI-2076_d,NIRISS_SOSS,obs14,SOSS_HDU3_ordem_1,jw05959014001_04102_00001-seg004_nis_x1dints.fits,seg004,3,277,60694.03127294554,TDB-MID,2039.680836736572,0.14442314445436963,2038,0.8522004674063691,2.828497546304791,1647,0.9993644822255366,0.9993046112116093
TOI-2076_d,NIRISS_SOSS,obs14,SOSS_HDU3_ordem_1,jw05959014001_04102_00001-seg004_nis_x1dints.fits,seg004,3,278,60694.0313500244,TDB-MID,2044.8171893089932,0.144435248825752,2038,0.8522004674063691,2.828497546304791,1648,1.0018810957253617,1.0018210739434166
TOI-2076_d,NIRISS_SOSS,obs14,SOSS_HDU3_ordem_1,jw05959014001_04102_00001-seg004_nis_x1dints.fits,seg004,3,279,60694.03142710326,TDB-MID,2034.9465225366757,0.14441375958854621,2038,0.8522004674063691,2.828497546304791,1649,0.9970448519314941,0.9969851198845002
TOI-2076_d,NIRISS_SOSS,obs14,SOSS_HDU3_ordem_1,jw05959014001_04102_00001-seg004_nis_x1dints.fits,seg004,3,280,60694.03150418211,TDB-MID,2036.5727913519925,0.1444163631421032,2038,0.8522004674063691,2.828497546304791,1650,0.9978416605612103,0.9977818807781388
TOI-2076_d,NIRISS_SOSS,obs14,SOSS_HDU3_ordem_1,jw05959014001_04102_00001-seg004_nis_x1dints.fits,seg004,3,281,60694.03158126096,TDB-MID,2040.299726405754,0.14442494134906095,2038,0.8522004674063691,2.828497546304791,1651,0.9996677141541095,0.999607824973834
TOI-2076_d,NIRISS_SOSS,obs14,SOSS_HDU3_ordem_1,jw05959014001_04102_00001-seg004_nis_x1dints.fits,seg004,3,282,60694.031658339816,TDB-MID,2044.942745886336,0.14443583547226171,2038,0.8522004674063691,2.828497546304791,1652,1.0019426135773932,1.00188258810997
TOI-2076_d,NIRISS_SOSS,obs14,SOSS_HDU3_ordem_1,jw05959014001_04102_00001-seg004_nis_x1dints.fits,seg004,3,283,60694.03173541868,TDB-MID,2046.5690148207545,0.14456915324214004,2038,0.8522004674063691,2.828497546304791,1653,1.0027394222654649,1.00267934906196
TOI-2076_d,NIRISS_SOSS,obs14,SOSS_HDU3_ordem_1,jw05959014001_04102_00001-seg004_nis_x1dints.fits,seg004,3,284,60694.031812497524,TDB-MID,2041.5852043774494,0.14442441282125942,2038,0.8522004674063691,2.828497546304791,1654,1.0002975484911576,1.000237621578082
TOI-2076_d,NIRISS_SOSS,obs14,SOSS_HDU3_ordem_1,jw05959014001_04102_00001-seg004_nis_x1dints.fits,seg004,3,285,60694.03188957638,TDB-MID,2039.0213745539563,0.14442171904271645,2038,0.8522004674063691,2.828497546304791,1655,0.9990413713393592,0.9989815196827101
TOI-2076_d,NIRISS_SOSS,obs14,SOSS_HDU3_ordem_1,jw05959014001_04102_00001-seg004_nis_x1dints.fits,seg004,3,286,60694.03196665523,TDB-MID,2033.2444103847124,0.14440949272316386,2038,0.8522004674063691,2.828497546304791,1656,0.9962108830091021,0.9961512009244252
TOI-2076_d,NIRISS_SOSS,obs14,SOSS_HDU3_ordem_1,jw05959014001_04102_00001-seg004_nis_x1dints.fits,seg004,3,287,60694.03204373409,TDB-MID,2047.2948251666487,0.14443892996584023,2038,0.8522004674063691,2.828497546304791,1657,1.003095041177725,1.0030349466694162
TOI-2076_d,NIRISS_SOSS,obs14,SOSS_HDU3_ordem_1,jw05959014001_04102_00001-seg004_nis_x1dints.fits,seg004,3,288,60694.032120812946,TDB-MID,2044.333239141112,0.14443246241349178,2038,0.8522004674063691,2.828497546304791,1658,1.0016439789175569,1.0015839713410633
TOI-2076_d,NIRISS_SOSS,obs14,SOSS_HDU3_ordem_1,jw05959014001_04102_00001-seg004_nis_x1dints.fits,seg004,3,289,60694.03219789179,TDB-MID,2036.971323138594,0.1444141422623704,2038,0.8522004674063691,2.828497546304791,1659,0.9980369256759254,0.997977134194699
TOI-2076_d,NIRISS_SOSS,obs14,SOSS_HDU3_ordem_1,jw05959014001_04102_00001-seg004_nis_x1dints.fits,seg004,3,290,60694.032274970654,TDB-MID,2039.58061393328,0.1444201021531986,2038,0.8522004674063691,2.828497546304791,1660,0.9993153769399865,0.9992555088679119
TOI-2076_d,NIRISS_SOSS,obs14,SOSS_HDU3_ordem_1,jw05959014001_04102_00001-seg004_nis_x1dints.fits,seg004,3,291,60694.0323520495,TDB-MID,2042.6229859289474,0.14442747515830048,2038,0.8522004674063691,2.828497546304791,1661,1.0008060211914922,1.000746063816281
TOI-2076_d,NIRISS_SOSS,obs14,SOSS_HDU3_ordem_1,jw05959014001_04102_00001-seg004_nis_x1dints.fits,seg004,3,292,60694.03242912836,TDB-MID,2039.2666962340113,0.14441998565965902,2038,0.8522004674063691,2.828497546304791,1662,0.9991615694455291,0.9991017105879212
TOI-2076_d,NIRISS_SOSS,obs14,SOSS_HDU3_ordem_1,jw05959014001_04102_00001-seg004_nis_x1dints.fits,seg004,3,293,60694.03250620721,TDB-MID,2035.972401082926,0.1444133470511506,2038,0.8522004674063691,2.828497546304791,1663,0.9975474926210246,0.9974877304612859
TOI-2076_d,NIRISS_SOSS,obs14,SOSS_HDU3_ordem_1,jw05959014001_04102_00001-seg004_nis_x1dints.fits,seg004,3,294,60694.03258328607,TDB-MID,2048.6795777949887,0.14444495378676397,2038,0.8522004674063691,2.828497546304791,1664,1.0037735162452488,1.0037133810901178
TOI-2076_d,NIRISS_SOSS,obs14,SOSS_HDU3_ordem_1,jw05959014001_04102_00001-seg004_nis_x1dints.fits,seg004,3,295,60694.03266036492,TDB-MID,2036.0627518581111,0.1444131541349377,2038,0.8522004674063691,2.828497546304791,1665,0.9975917609957798,0.9975319961839632
TOI-2076_d,NIRISS_SOSS,obs14,SOSS_HDU3_ordem_1,jw05959014001_04102_00001-seg004_nis_x1dints.fits,seg004,3,296,60694.03273744377,TDB-MID,2037.4954077625089,0.14441870487864253,2038,0.8522004674063691,2.828497546304791,1666,0.9982937068102027,0.9982338999454531
TOI-2076_d,NIRISS_SOSS,obs14,SOSS_HDU3_ordem_1,jw05959014001_04102_00001-seg004_nis_x1dints.fits,seg004,3,297,60694.03281452263,TDB-MID,2043.254400018403,0.14442909584622057,2038,0.8522004674063691,2.828497546304791,1667,1.0011153896001244,1.0010554136909342
TOI-2076_d,NIRISS_SOSS,obs14,SOSS_HDU3_ordem_1,jw05959014001_04102_00001-seg004_nis_x1dints.fits,seg004,3,298,60694.032891601484,TDB-MID,2030.1732636488998,0.14439977854799968,2038,0.8522004674063691,2.828497546304791,1668,0.9947061402512182,0.9946465483143064
TOI-2076_d,NIRISS_SOSS,obs14,SOSS_HDU3_ordem_1,jw05959014001_04102_00001-seg004_nis_x1dints.fits,seg004,3,299,60694.03296868034,TDB-MID,2044.6108115158759,0.14442808211795669,2038,0.8522004674063691,2.828497546304791,1669,1.0017799786129944,1.0017199628888833
TOI-2076_d,NIRISS_SOSS,obs14,SOSS_HDU3_ordem_1,jw05959014001_04102_00001-seg004_nis_x1dints.fits,seg004,3,300,60694.033045759184,TDB-MID,2037.0537371775076,0.14441376410154366,2038,0.8522004674063691,2.828497546304791,1670,0.9980773053578067,0.9980175114574705
TOI-2076_d,NIRISS_SOSS,obs14,SOSS_HDU3_ordem_1,jw05959014001_04102_00001-seg004_nis_x1dints.fits,seg004,3,301,60694.033122838046,TDB-MID,2041.5694644133648,0.144426242274791,2038,0.8522004674063691,2.828497546304791,1671,1.0002898365193755,1.000229910068317
TOI-2076_d,NIRISS_SOSS,obs14,SOSS_HDU3_ordem_1,jw05959014001_04102_00001-seg004_nis_x1dints.fits,seg004,3,302,60694.03319991691,TDB-MID,2036.8159439282772,0.14441660149127813,2038,0.8522004674063691,2.828497546304791,1672,0.9979607958906814,0.9979010089703211
TOI-2076_d,NIRISS_SOSS,obs14,SOSS_HDU3_ordem_1,jw05959014001_04102_00001-seg004_nis_x1dints.fits,seg004,3,303,60694.03327699575,TDB-MID,2038.2810750614435,0.14441692674023843,2038,0.8522004674063691,2.828497546304791,1673,0.9986786533073506,0.9986188233808077
TOI-2076_d,NIRISS_SOSS,obs14,SOSS_HDU3_ordem_1,jw05959014001_04102_00001-seg004_nis_x1dints.fits,seg004,3,304,60694.03335407461,TDB-MID,2037.476323907977,0.1444134783350424,2038,0.8522004674063691,2.828497546304791,1674,0.9982843564618249,0.9982245501572461
TOI-2076_d,NIRISS_SOSS,obs14,SOSS_HDU3_ordem_1,jw05959014001_04102_00001-seg004_nis_x1dints.fits,seg004,3,305,60694.03343115346,TDB-MID,2045.1652963774686,0.14443913832282942,2038,0.8522004674063691,2.828497546304791,1675,1.0020516546843812,1.0019916226844046
TOI-2076_d,NIRISS_SOSS,obs14,SOSS_HDU3_ordem_1,jw05959014001_04102_00001-seg004_nis_x1dints.fits,seg004,3,306,60694.03350823232,TDB-MID,2039.2759441125904,0.1444197995742615,2038,0.8522004674063691,2.828497546304791,1676,0.999166100547269,0.9991062414182068
TOI-2076_d,NIRISS_SOSS,obs14,SOSS_HDU3_ordem_1,jw05959014001_04102_00001-seg004_nis_x1dints.fits,seg004,3,307,60694.03358531117,TDB-MID,2044.664200596832,0.1444688364800525,2038,0.8522004674063691,2.828497546304791,1677,1.0018061371914764,1.0017461199002289
TOI-2076_d,NIRISS_SOSS,obs14,SOSS_HDU3_ordem_1,jw05959014001_04102_00001-seg004_nis_x1dints.fits,seg004,3,308,60694.03366239002,TDB-MID,2038.3877821698075,0.14441857160499344,2038,0.8522004674063691,2.828497546304791,1678,0.9987309356508326,0.9986711025921021
TOI-2076_d,NIRISS_SOSS,obs14,SOSS_HDU3_ordem_1,jw05959014001_04102_00001-seg004_nis_x1dints.fits,seg004,3,309,60694.033739468876,TDB-MID,2033.090620647529,0.1444084902677298,2038,0.8522004674063691,2.828497546304791,1679,0.9961355320040313,0.9960758544335643
TOI-2076_d,NIRISS_SOSS,obs14,SOSS_HDU3_ordem_1,jw05959014001_04102_00001-seg004_nis_x1dints.fits,seg004,3,310,60694.03381654774,TDB-MID,2043.3600803339316,0.14442967679517293,2038,0.8522004674063691,2.828497546304791,1680,1.0011671688549506,1.0011071898437127
TOI-2076_d,NIRISS_SOSS,obs14,SOSS_HDU3_ordem_1,jw05959014001_04102_00001-seg004_nis_x1dints.fits,seg004,3,311,60694.03389362659,TDB-MID,2037.0741844640893,0.14441757233327307,2038,0.8522004674063691,2.828497546304791,1681,0.9980873237349958,0.9980275292344678
TOI-2076_d,NIRISS_SOSS,obs14,SOSS_HDU3_ordem_1,jw05959014001_04102_00001-seg004_nis_x1dints.fits,seg004,3,312,60694.03397070544,TDB-MID,2038.5847563616621,0.14441868758799994,2038,0.8522004674063691,2.828497546304791,1682,0.9988274453633862,0.998767606522847
TOI-2076_d,NIRISS_SOSS,obs14,SOSS_HDU3_ordem_1,jw05959014001_04102_00001-seg004_nis_x1dints.fits,seg004,3,313,60694.0340477843,TDB-MID,2041.7164970877168,0.14442721073158438,2038,0.8522004674063691,2.828497546304791,1683,1.0003618768257938,1.0003019460588662
TOI-2076_d,NIRISS_SOSS,obs14,SOSS_HDU3_ordem_1,jw05959014001_04102_00001-seg004_nis_x1dints.fits,seg004,3,314,60694.034124863145,TDB-MID,2038.5549552498965,0.14443429677179645,2038,0.8522004674063691,2.828497546304791,1684,0.9988128439747311,0.9987530060089479
TOI-2076_d,NIRISS_SOSS,obs14,SOSS_HDU3_ordem_1,jw05959014001_04102_00001-seg004_nis_x1dints.fits,seg004,3,315,60694.034201942006,TDB-MID,2041.0380215131668,0.14442681941126034,2038,0.8522004674063691,2.828497546304791,1685,1.0000294501151776,0.999969539263631
TOI-2076_d,NIRISS_SOSS,obs14,SOSS_HDU3_ordem_1,jw05959014001_04102_00001-seg004_nis_x1dints.fits,seg004,3,316,60694.03427902085,TDB-MID,2039.4352297372611,0.1444206246652154,2038,0.8522004674063691,2.828497546304791,1686,0.9992441443240001,0.9991842805194066
TOI-2076_d,NIRISS_SOSS,obs14,SOSS_HDU3_ordem_1,jw05959014001_04102_00001-seg004_nis_x1dints.fits,seg004,3,317,60694.03435609971,TDB-MID,2042.104075415486,0.14442747432047728,2038,0.8522004674063691,2.828497546304791,1687,1.0005517751706114,1.0004918330270476
TOI-2076_d,NIRISS_SOSS,obs14,SOSS_HDU3_ordem_1,jw05959014001_04102_00001-seg004_nis_x1dints.fits,seg004,3,318,60694.03443317856,TDB-MID,2041.7767680378195,0.14442710296885497,2038,0.8522004674063691,2.828497546304791,1688,1.000391407253181,1.0003314747171126
TOI-2076_d,NIRISS_SOSS,obs14,SOSS_HDU3_ordem_1,jw05959014001_04102_00001-seg004_nis_x1dints.fits,seg004,3,319,60694.034510257414,TDB-MID,2042.8112752391776,0.14445067582787724,2038,0.8522004674063691,2.828497546304791,1689,1.0008982756489728,1.0008383127468814
TOI-2076_d,NIRISS_SOSS,obs14,SOSS_HDU3_ordem_1,jw05959014001_04102_00001-seg004_nis_x1dints.fits,seg004,3,320,60694.034587336275,TDB-MID,2043.628707787765,0.14443195703880615,2038,0.8522004674063691,2.828497546304791,1690,1.0012987858861433,1.0012387989898492
TOI-2076_d,NIRISS_SOSS,obs14,SOSS_HDU3_ordem_1,jw05959014001_04102_00001-seg004_nis_x1dints.fits,seg004,3,321,60694.03466441513,TDB-MID,2045.9548444437091,0.14443296256063526,2038,0.8522004674063691,2.828497546304791,1691,1.0024385026069578,1.0023784474312751
TOI-2076_d,NIRISS_SOSS,obs14,SOSS_HDU3_ordem_1,jw05959014001_04102_00001-seg004_nis_x1dints.fits,seg004,3,322,60694.03474149398,TDB-MID,2041.8466810736425,0.1444252573080118,2038,0.8522004674063691,2.828497546304791,1692,1.0004256619285143,1.0003657273402797
TOI-2076_d,NIRISS_SOSS,obs14,SOSS_HDU3_ordem_1,jw05959014001_04102_00001-seg004_nis_x1dints.fits,seg004,3,323,60694.03481857283,TDB-MID,2044.0484136872124,0.14450438233950447,2038,0.8522004674063691,2.828497546304791,1693,1.00150442549472,1.0014444262787447
TOI-2076_d,NIRISS_SOSS,obs14,SOSS_HDU3_ordem_1,jw05959014001_04102_00001-seg004_nis_x1dints.fits,seg004,3,324,60694.03489565169,TDB-MID,2044.7543409634086,0.1444307577772284,2038,0.8522004674063691,2.828497546304791,1694,1.001850302474176,1.0017902825370266
TOI-2076_d,NIRISS_SOSS,obs14,SOSS_HDU3_ordem_1,jw05959014001_04102_00001-seg004_nis_x1dints.fits,seg004,3,325,60694.034972730544,TDB-MID,2045.0847851588742,0.1444312431759009,2038,0.8522004674063691,2.828497546304791,1695,1.002012207310638,1.0019521776739173
TOI-2076_d,NIRISS_SOSS,obs14,SOSS_HDU3_ordem_1,jw05959014001_04102_00001-seg004_nis_x1dints.fits,seg004,3,326,60694.0350498094,TDB-MID,2049.159112362254,0.14444040308046682,2038,0.8522004674063691,2.828497546304791,1696,1.0040084695800513,1.0039483203490804
TOI-2076_d,NIRISS_SOSS,obs14,SOSS_HDU3_ordem_1,jw05959014001_04102_00001-seg004_nis_x1dints.fits,seg004,3,327,60694.03512688825,TDB-MID,2039.0648096452258,0.1444199175801496,2038,0.8522004674063691,2.828497546304791,1697,0.9990626528490518,0.9990027999174469
TOI-2076_d,NIRISS_SOSS,obs14,SOSS_HDU3_ordem_1,jw05959014001_04102_00001-seg004_nis_x1dints.fits,seg004,3,328,60694.035203967105,TDB-MID,2043.0237374289331,0.14442764984356804,2038,0.8522004674063691,2.828497546304791,1698,1.0010023738796534,1.0009424047411322
TOI-2076_d,NIRISS_SOSS,obs14,SOSS_HDU3_ordem_1,jw05959014001_04102_00001-seg004_nis_x1dints.fits,seg004,3,329,60694.035281045966,TDB-MID,2040.2893848629249,0.14442044855694328,2038,0.8522004674063691,2.828497546304791,1699,0.9996626471993151,0.9996027583225963
TOI-2076_d,NIRISS_SOSS,obs14,SOSS_HDU3_ordem_1,jw05959014001_04102_00001-seg004_nis_x1dints.fits,seg004,3,330,60694.03535812481,TDB-MID,2047.3361124524563,0.14443755092176125,2038,0.8522004674063691,2.828497546304791,1700,1.0031152703460637,1.0030551746258438
TOI-2076_d,NIRISS_SOSS,obs14,SOSS_HDU3_ordem_1,jw05959014001_04102_00001-seg004_nis_x1dints.fits,seg004,3,331,60694.03543520367,TDB-MID,2033.2471225185684,0.14440993254277365,2038,0.8522004674063691,2.828497546304791,1701,0.9962122118494765,0.99615252968519
TOI-2076_d,NIRISS_SOSS,obs14,SOSS_HDU3_ordem_1,jw05959014001_04102_00001-seg004_nis_x1dints.fits,seg004,3,332,60694.03551228252,TDB-MID,2039.1983808277319,0.1444175956445946,2038,0.8522004674063691,2.828497546304791,1702,0.9991280975466934,0.9990682406943564
TOI-2076_d,NIRISS_SOSS,obs14,SOSS_HDU3_ordem_1,jw05959014001_04102_00001-seg004_nis_x1dints.fits,seg004,3,333,60694.035589361374,TDB-MID,2040.669786061903,0.14442259168597596,2038,0.8522004674063691,2.828497546304791,1703,0.9998490290294563,0.9997891289867722
TOI-2076_d,NIRISS_SOSS,obs14,SOSS_HDU3_ordem_1,jw05959014001_04102_00001-seg004_nis_x1dints.fits,seg004,3,334,60694.03566644023,TDB-MID,2036.3930171679508,0.14441852574924977,2038,0.8522004674063691,2.828497546304791,1704,0.9977535781852246,0.9976938036790878
TOI-2076_d,NIRISS_SOSS,obs14,SOSS_HDU3_ordem_1,jw05959014001_04102_00001-seg004_nis_x1dints.fits,seg004,3,335,60694.03574351908,TDB-MID,2042.5118021085116,0.14442624499376744,2038,0.8522004674063691,2.828497546304791,1705,1.0007515454327653,1.0006915913211474
TOI-2076_d,NIRISS_SOSS,obs14,SOSS_HDU3_ordem_1,jw05959014001_04102_00001-seg004_nis_x1dints.fits,seg004,3,336,60694.03582059794,TDB-MID,2036.3885996961533,0.14441604802444155,2038,0.8522004674063691,2.828497546304791,1706,0.997751413795416,0.9976916394189459
TOI-2076_d,NIRISS_SOSS,obs14,SOSS_HDU3_ordem_1,jw05959014001_04102_00001-seg004_nis_x1dints.fits,seg004,3,337,60694.03589767679,TDB-MID,2043.4458737777336,0.1444421929488663,2038,0.8522004674063691,2.828497546304791,1707,1.001209204314126,1.0011492227845822
TOI-2076_d,NIRISS_SOSS,obs14,SOSS_HDU3_ordem_1,jw05959014001_04102_00001-seg004_nis_x1dints.fits,seg004,3,338,60694.03597475564,TDB-MID,2049.9501741928007,0.14445223213459213,2038,0.8522004674063691,2.828497546304791,1708,1.0043960591884127,1.004335886737302
TOI-2076_d,NIRISS_SOSS,obs14,SOSS_HDU3_ordem_1,jw05959014001_04102_00001-seg004_nis_x1dints.fits,seg004,3,339,60694.0360518345,TDB-MID,2041.5964546297919,0.14442789433974645,2038,0.8522004674063691,2.828497546304791,1709,1.000303060678361,1.0002431334350552
TOI-2076_d,NIRISS_SOSS,obs14,SOSS_HDU3_ordem_1,jw05959014001_04102_00001-seg004_nis_x1dints.fits,seg004,3,340,60694.03612891336,TDB-MID,2043.9980771811818,0.1444320412455215,2038,0.8522004674063691,2.828497546304791,1710,1.0014797625595293,1.0014197648210879
TOI-2076_d,NIRISS_SOSS,obs14,SOSS_HDU3_ordem_1,jw05959014001_04102_00001-seg004_nis_x1dints.fits,seg004,3,341,60694.036205992204,TDB-MID,2025.7560375958121,0.1443935264968212,2038,0.8522004674063691,2.828497546304791,1711,0.9925418708479326,0.9924824085704251
TOI-2076_d,NIRISS_SOSS,obs14,SOSS_HDU3_ordem_1,jw05959014001_04102_00001-seg004_nis_x1dints.fits,seg004,3,342,60694.03628307106,TDB-MID,2039.6118289635467,0.14442449295008927,2038,0.8522004674063691,2.828497546304791,1712,0.9993306710938552,0.9992708021055219
TOI-2076_d,NIRISS_SOSS,obs14,SOSS_HDU3_ordem_1,jw05959014001_04102_00001-seg004_nis_x1dints.fits,seg004,3,343,60694.03636014991,TDB-MID,2031.135810410123,0.14441022065767484,2038,0.8522004674063691,2.828497546304791,1713,0.9951777508229911,0.9951181306323205
TOI-2076_d,NIRISS_SOSS,obs14,SOSS_HDU3_ordem_1,jw05959014001_04102_00001-seg004_nis_x1dints.fits,seg004,3,344,60694.03643722877,TDB-MID,2032.2305701356436,0.14440791269710973,2038,0.8522004674063691,2.828497546304791,1714,0.9957141406181743,0.9956544882928807
TOI-2076_d,NIRISS_SOSS,obs14,SOSS_HDU3_ordem_1,jw05959014001_04102_00001-seg004_nis_x1dints.fits,seg004,3,345,60694.03651430763,TDB-MID,2044.3158087802158,0.14442957528103595,2038,0.8522004674063691,2.828497546304791,1715,1.0016354387169144,1.0015754316520566
TOI-2076_d,NIRISS_SOSS,obs14,SOSS_HDU3_ordem_1,jw05959014001_04102_00001-seg004_nis_x1dints.fits,seg004,3,346,60694.03659138647,TDB-MID,2036.4890649154106,0.14441775948408872,2038,0.8522004674063691,2.828497546304791,1716,0.9978006378553849,0.9977408605299463
TOI-2076_d,NIRISS_SOSS,obs14,SOSS_HDU3_ordem_1,jw05959014001_04102_00001-seg004_nis_x1dints.fits,seg004,3,347,60694.036668465335,TDB-MID,2041.9554356606936,0.14442547553424573,2038,0.8522004674063691,2.828497546304791,1717,1.000478947457123,1.0004190096766008
TOI-2076_d,NIRISS_SOSS,obs14,SOSS_HDU3_ordem_1,jw05959014001_04102_00001-seg004_nis_x1dints.fits,seg004,3,348,60694.03674554419,TDB-MID,2044.9953420884399,0.14443449933747535,2038,0.8522004674063691,2.828497546304791,1718,1.001968383675997,1.0019083566647105
TOI-2076_d,NIRISS_SOSS,obs14,SOSS_HDU3_ordem_1,jw05959014001_04102_00001-seg004_nis_x1dints.fits,seg004,3,349,60694.03682262304,TDB-MID,2040.9733784109828,0.14442446656467312,2038,0.8522004674063691,2.828497546304791,1719,0.9999977775028847,0.9999378685488153
TOI-2076_d,NIRISS_SOSS,obs14,SOSS_HDU3_ordem_1,jw05959014001_04102_00001-seg004_nis_x1dints.fits,seg004,3,350,60694.03689970189,TDB-MID,2045.9749977056472,0.14443777596883736,2038,0.8522004674063691,2.828497546304791,1720,1.0024483769234778,1.0023883211562339
TOI-2076_d,NIRISS_SOSS,obs14,SOSS_HDU3_ordem_1,jw05959014001_04102_00001-seg004_nis_x1dints.fits,seg004,3,351,60694.03697678075,TDB-MID,2040.493916605027,0.14442322937271732,2038,0.8522004674063691,2.828497546304791,1721,0.9997628598183009,0.9997029649379355
TOI-2076_d,NIRISS_SOSS,obs14,SOSS_HDU3_ordem_1,jw05959014001_04102_00001-seg004_nis_x1dints.fits,seg004,3,352,60694.037053859596,TDB-MID,2036.7456606031042,0.14441664395118411,2038,0.8522004674063691,2.828497546304791,1722,0.9979263597879316,0.9978665749306068
TOI-2076_d,NIRISS_SOSS,obs14,SOSS_HDU3_ordem_1,jw05959014001_04102_00001-seg004_nis_x1dints.fits,seg004,3,353,60694.03713093846,TDB-MID,2038.4051564138222,0.14441815206600103,2038,0.8522004674063691,2.828497546304791,1723,0.99873944835638,0.9986796147876612
TOI-2076_d,NIRISS_SOSS,obs14,SOSS_HDU3_ordem_1,jw05959014001_04102_00001-seg004_nis_x1dints.fits,seg004,3,354,60694.03720801731,TDB-MID,2041.5951477605977,0.14442808689517325,2038,0.8522004674063691,2.828497546304791,1724,1.0003024203631548,1.0002424931582097
TOI-2076_d,NIRISS_SOSS,obs14,SOSS_HDU3_ordem_1,jw05959014001_04102_00001-seg004_nis_x1dints.fits,seg004,3,355,60694.037285096165,TDB-MID,2038.485883490109,0.14442407112528605,2038,0.8522004674063691,2.828497546304791,1725,0.9987790014920186,0.9987191655537075
TOI-2076_d,NIRISS_SOSS,obs14,SOSS_HDU3_ordem_1,jw05959014001_04102_00001-seg004_nis_x1dints.fits,seg004,3,356,60694.03736217502,TDB-MID,2046.047379412925,0.14444041598652035,2038,0.8522004674063691,2.828497546304791,1726,1.0024838411520538,1.0024237832601806
TOI-2076_d,NIRISS_SOSS,obs14,SOSS_HDU3_ordem_1,jw05959014001_04102_00001-seg004_nis_x1dints.fits,seg004,3,357,60694.03743925387,TDB-MID,2050.621432207675,0.14444356401577285,2038,0.8522004674063691,2.828497546304791,1727,1.0047249495747868,1.0046647574201535
TOI-2076_d,NIRISS_SOSS,obs14,SOSS_HDU3_ordem_1,jw05959014001_04102_00001-seg004_nis_x1dints.fits,seg004,3,358,60694.037516332726,TDB-MID,2036.1372869715594,0.14441723302130205,2038,0.8522004674063691,2.828497546304791,1728,0.9976282803098397,0.9975685133101844
TOI-2076_d,NIRISS_SOSS,obs14,SOSS_HDU3_ordem_1,jw05959014001_04102_00001-seg004_nis_x1dints.fits,seg004,3,359,60694.03759341158,TDB-MID,2035.477543001916,0.14441101862243444,2038,0.8522004674063691,2.828497546304791,1729,0.9973050313589505,0.9972452837248447
TOI-2076_d,NIRISS_SOSS,obs14,SOSS_HDU3_ordem_1,jw05959014001_04102_00001-seg004_nis_x1dints.fits,seg004,3,360,60694.037670490434,TDB-MID,2036.4251912441555,0.14441414180101642,2038,0.8522004674063691,2.828497546304791,1730,0.9977693422343975,0.9977095667838509
TOI-2076_d,NIRISS_SOSS,obs14,SOSS_HDU3_ordem_1,jw05959014001_04102_00001-seg004_nis_x1dints.fits,seg004,3,361,60694.03774756928,TDB-MID,2040.7358537085092,0.14442355352773825,2038,0.8522004674063691,2.828497546304791,1731,0.9998813996132522,0.9998214976312759
TOI-2076_d,NIRISS_SOSS,obs14,SOSS_HDU3_ordem_1,jw05959014001_04102_00001-seg004_nis_x1dints.fits,seg004,3,362,60694.03782464814,TDB-MID,2039.4061377879093,0.1444148576915653,2038,0.8522004674063691,2.828497546304791,1732,0.9992298903974164,0.9991700274467626
TOI-2076_d,NIRISS_SOSS,obs14,SOSS_HDU3_ordem_1,jw05959014001_04102_00001-seg004_nis_x1dints.fits,seg004,3,363,60694.037901727,TDB-MID,2041.1817308654493,0.14442286326012238,2038,0.8522004674063691,2.828497546304791,1733,1.0000998621227075,1.0000399470528418
TOI-2076_d,NIRISS_SOSS,obs14,SOSS_HDU3_ordem_1,jw05959014001_04102_00001-seg004_nis_x1dints.fits,seg004,3,364,60694.03797880585,TDB-MID,2031.2564582731734,0.1444033463562836,2038,0.8522004674063691,2.828497546304791,1734,0.9952368635954492,0.9951772398633862
TOI-2076_d,NIRISS_SOSS,obs14,SOSS_HDU3_ordem_1,jw05959014001_04102_00001-seg004_nis_x1dints.fits,seg004,3,365,60694.0380558847,TDB-MID,2043.3105058455453,0.1444295712539818,2038,0.8522004674063691,2.828497546304791,1735,1.0011428792788437,1.001082901722772
TOI-2076_d,NIRISS_SOSS,obs14,SOSS_HDU3_ordem_1,jw05959014001_04102_00001-seg004_nis_x1dints.fits,seg004,3,366,60694.03813296356,TDB-MID,2047.0985004397075,0.1444375723937049,2038,0.8522004674063691,2.828497546304791,1736,1.0029988496777835,1.0029387609322196
TOI-2076_d,NIRISS_SOSS,obs14,SOSS_HDU3_ordem_1,jw05959014001_04102_00001-seg004_nis_x1dints.fits,seg004,3,367,60694.03821004242,TDB-MID,2036.9262687107218,0.14441587758034213,2038,0.8522004674063691,2.828497546304791,1737,0.9980148507541182,0.9979550605953803
TOI-2076_d,NIRISS_SOSS,obs14,SOSS_HDU3_ordem_1,jw05959014001_04102_00001-seg004_nis_x1dints.fits,seg004,3,368,60694.038287121264,TDB-MID,2039.076572494674,0.14442020605986808,2038,0.8522004674063691,2.828497546304791,1738,0.9990684161889513,0.99900856291207
TOI-2076_d,NIRISS_SOSS,obs14,SOSS_HDU3_ordem_1,jw05959014001_04102_00001-seg004_nis_x1dints.fits,seg004,3,369,60694.03836420012,TDB-MID,2038.8811103703815,0.14442289223868648,2038,0.8522004674063691,2.828497546304791,1739,0.9989726473308437,0.9989127997913871
TOI-2076_d,NIRISS_SOSS,obs14,SOSS_HDU3_ordem_1,jw05959014001_04102_00001-seg004_nis_x1dints.fits,seg004,3,370,60694.03844127897,TDB-MID,2037.0098083773378,0.14441582824758464,2038,0.8522004674063691,2.828497546304791,1740,0.998055781949906,0.9979959893390175
TOI-2076_d,NIRISS_SOSS,obs14,SOSS_HDU3_ordem_1,jw05959014001_04102_00001-seg004_nis_x1dints.fits,seg004,3,371,60694.03851835783,TDB-MID,2036.8098823851865,0.144416200604266,2038,0.8522004674063691,2.828497546304791,1741,0.9979578259697197,0.9978980392272846
TOI-2076_d,NIRISS_SOSS,obs14,SOSS_HDU3_ordem_1,jw05959014001_04102_00001-seg004_nis_x1dints.fits,seg004,3,372,60694.03859543668,TDB-MID,2038.8781063457923,0.1444193342954917,2038,0.8522004674063691,2.828497546304791,1742,0.9989711754753337,0.9989113280240546
TOI-2076_d,NIRISS_SOSS,obs14,SOSS_HDU3_ordem_1,jw05959014001_04102_00001-seg004_nis_x1dints.fits,seg004,3,373,60694.03867251553,TDB-MID,2033.2846811611062,0.14441063538245028,2038,0.8522004674063691,2.828497546304791,1743,0.9962306141272628,0.9961709308605126
TOI-2076_d,NIRISS_SOSS,obs14,SOSS_HDU3_ordem_1,jw05959014001_04102_00001-seg004_nis_x1dints.fits,seg004,3,374,60694.038749594394,TDB-MID,2041.1280174768897,0.14442937903529757,2038,0.8522004674063691,2.828497546304791,1744,1.000073544646081,1.0000136311528711
TOI-2076_d,NIRISS_SOSS,obs14,SOSS_HDU3_ordem_1,jw05959014001_04102_00001-seg004_nis_x1dints.fits,seg004,3,375,60694.03882667324,TDB-MID,2031.920919214027,0.14440522795635338,2038,0.8522004674063691,2.828497546304791,1745,0.9955624236792403,0.99550278044317
TOI-2076_d,NIRISS_SOSS,obs14,SOSS_HDU3_ordem_1,jw05959014001_04102_00001-seg004_nis_x1dints.fits,seg004,3,376,60694.0389037521,TDB-MID,2035.6760155107247,0.1444127376802136,2038,0.8522004674063691,2.828497546304791,1746,0.9974022751886856,0.9973425217287907
TOI-2076_d,NIRISS_SOSS,obs14,SOSS_HDU3_ordem_1,jw05959014001_04102_00001-seg004_nis_x1dints.fits,seg004,3,377,60694.03898083095,TDB-MID,2038.821846949565,0.14441974976052235,2038,0.8522004674063691,2.828497546304791,1747,0.9989436105537203,0.9988837647538306
TOI-2076_d,NIRISS_SOSS,obs14,SOSS_HDU3_ordem_1,jw05959014001_04102_00001-seg004_nis_x1dints.fits,seg004,3,378,60694.03905790981,TDB-MID,2039.3564560123637,0.14443051252885164,2038,0.8522004674063691,2.828497546304791,1748,0.9992055482547635,0.9991456867624252
TOI-2076_d,NIRISS_SOSS,obs14,SOSS_HDU3_ordem_1,jw05959014001_04102_00001-seg004_nis_x1dints.fits,seg004,3,379,60694.039134988656,TDB-MID,2041.1214627823992,0.1444242569011895,2038,0.8522004674063691,2.828497546304791,1749,1.0000703331000649,1.0000104197992559
TOI-2076_d,NIRISS_SOSS,obs14,SOSS_HDU3_ordem_1,jw05959014001_04102_00001-seg004_nis_x1dints.fits,seg004,3,380,60694.03921206751,TDB-MID,2046.0035956869308,0.14443434955590315,2038,0.8522004674063691,2.828497546304791,1750,1.0024623888248712,1.002402332218187
TOI-2076_d,NIRISS_SOSS,obs14,SOSS_HDU3_ordem_1,jw05959014001_04102_00001-seg004_nis_x1dints.fits,seg004,3,381,60694.03928914636,TDB-MID,2034.6828233528481,0.14441123678537965,2038,0.8522004674063691,2.828497546304791,1751,0.996915649561416,0.9968559252548183
TOI-2076_d,NIRISS_SOSS,obs14,SOSS_HDU3_ordem_1,jw05959014001_04102_00001-seg004_nis_x1dints.fits,seg004,3,382,60694.039366225225,TDB-MID,2042.4163663525628,0.14442688406085144,2038,0.8522004674063691,2.828497546304791,1752,1.0007047856147038,1.0006448343044239
TOI-2076_d,NIRISS_SOSS,obs14,SOSS_HDU3_ordem_1,jw05959014001_04102_00001-seg004_nis_x1dints.fits,seg004,3,383,60694.03944330408,TDB-MID,2045.900586031057,0.14443345568188376,2038,0.8522004674063691,2.828497546304791,1753,1.0024119180896696,1.0023518645066412
TOI-2076_d,NIRISS_SOSS,obs14,SOSS_HDU3_ordem_1,jw05959014001_04102_00001-seg004_nis_x1dints.fits,seg004,3,384,60694.039520382925,TDB-MID,2034.2304627309843,0.14441142346361838,2038,0.8522004674063691,2.828497546304791,1754,0.9966940104056687,0.9966342993772704
TOI-2076_d,NIRISS_SOSS,obs14,SOSS_HDU3_ordem_1,jw05959014001_04102_00001-seg004_nis_x1dints.fits,seg004,3,385,60694.039597461786,TDB-MID,2039.1231976467884,0.14442047657234858,2038,0.8522004674063691,2.828497546304791,1755,0.9990912607047021,0.9990314060592266
TOI-2076_d,NIRISS_SOSS,obs14,SOSS_HDU3_ordem_1,jw05959014001_04102_00001-seg004_nis_x1dints.fits,seg004,3,386,60694.03967454064,TDB-MID,2049.3954024865193,0.14444196167445228,2038,0.8522004674063691,2.828497546304791,1756,1.0041242425742563,1.004064086407431
TOI-2076_d,NIRISS_SOSS,obs14,SOSS_HDU3_ordem_1,jw05959014001_04102_00001-seg004_nis_x1dints.fits,seg004,3,387,60694.03975161949,TDB-MID,2041.5038184948216,0.14442524421704897,2038,0.8522004674063691,2.828497546304791,1757,1.0002576725659698,1.0001977480418245
TOI-2076_d,NIRISS_SOSS,obs14,SOSS_HDU3_ordem_1,jw05959014001_04102_00001-seg004_nis_x1dints.fits,seg004,3,388,60694.03982869834,TDB-MID,2037.987611444206,0.14441551413349515,2038,0.8522004674063691,2.828497546304791,1758,0.9985348675195889,0.9984750462071214
TOI-2076_d,NIRISS_SOSS,obs14,SOSS_HDU3_ordem_1,jw05959014001_04102_00001-seg004_nis_x1dints.fits,seg004,3,389,60694.0399057772,TDB-MID,2035.4014796632432,0.14441351818820014,2038,0.8522004674063691,2.828497546304791,1759,0.9972677632738168,0.997208017872408
TOI-2076_d,NIRISS_SOSS,obs14,SOSS_HDU3_ordem_1,jw05959014001_04102_00001-seg004_nis_x1dints.fits,seg004,3,390,60694.039982856055,TDB-MID,2040.9703401283145,0.1444259810351761,2038,0.8522004674063691,2.828497546304791,1760,0.9999962888622449,0.9999363799973586
TOI-2076_d,NIRISS_SOSS,obs14,SOSS_HDU3_ordem_1,jw05959014001_04102_00001-seg004_nis_x1dints.fits,seg004,3,391,60694.04005993491,TDB-MID,2050.3018774624843,0.1444433192461919,2038,0.8522004674063691,2.828497546304791,1761,1.0045683801465124,1.0045081973718106
TOI-2076_d,NIRISS_SOSS,obs14,SOSS_HDU3_ordem_1,jw05959014001_04102_00001-seg004_nis_x1dints.fits,seg004,3,392,60694.040137013755,TDB-MID,2039.4688325746179,0.14442262503423148,2038,0.8522004674063691,2.828497546304791,1762,0.9992606084107098,0.9992007436197679
TOI-2076_d,NIRISS_SOSS,obs14,SOSS_HDU3_ordem_1,jw05959014001_04102_00001-seg004_nis_x1dints.fits,seg004,3,393,60694.040214092616,TDB-MID,2036.7551161922952,0.1444161735414569,2038,0.8522004674063691,2.828497546304791,1763,0.9979309926598132,0.9978712075249373
TOI-2076_d,NIRISS_SOSS,obs14,SOSS_HDU3_ordem_1,jw05959014001_04102_00001-seg004_nis_x1dints.fits,seg004,3,394,60694.04029117147,TDB-MID,2041.1216745894058,0.14442645531942128,2038,0.8522004674063691,2.828497546304791,1764,1.000070436877281,1.000010523570255
TOI-2076_d,NIRISS_SOSS,obs14,SOSS_HDU3_ordem_1,jw05959014001_04102_00001-seg004_nis_x1dints.fits,seg004,3,395,60694.040368250324,TDB-MID,2041.0210961808373,0.14442594131991726,2038,0.8522004674063691,2.828497546304791,1765,1.0000211573589408,0.9999612470042056
TOI-2076_d,NIRISS_SOSS,obs14,SOSS_HDU3_ordem_1,jw05959014001_04102_00001-seg004_nis_x1dints.fits,seg004,3,396,60694.04044532918,TDB-MID,2040.0802059776947,0.14442228088258904,2038,0.8522004674063691,2.828497546304791,1766,0.9995601576604787,0.9995002749238147
TOI-2076_d,NIRISS_SOSS,obs14,SOSS_HDU3_ordem_1,jw05959014001_04102_00001-seg004_nis_x1dints.fits,seg004,3,397,60694.04052240803,TDB-MID,2038.4111760911192,0.1444200783726481,2038,0.8522004674063691,2.828497546304791,1767,0.998742397764727,0.9986825640193118
TOI-2076_d,NIRISS_SOSS,obs14,SOSS_HDU3_ordem_1,jw05959014001_04102_00001-seg004_nis_x1dints.fits,seg004,3,398,60694.040599486885,TDB-MID,2044.2649725066701,0.1444356061044017,2038,0.8522004674063691,2.828497546304791,1768,1.0016105309150294,1.001550525342375
TOI-2076_d,NIRISS_SOSS,obs14,SOSS_HDU3_ordem_1,jw05959014001_04102_00001-seg004_nis_x1dints.fits,seg004,3,399,60694.04067656573,TDB-MID,2041.0485263533626,0.1444259889790574,2038,0.8522004674063691,2.828497546304791,1769,1.000034597079347,0.9999746859194503
TOI-2076_d,NIRISS_SOSS,obs14,SOSS_HDU3_ordem_1,jw05959014001_04102_00001-seg004_nis_x1dints.fits,seg004,3,400,60694.04075364459,TDB-MID,2038.2810166034105,0.14441885161627238,2038,0.8522004674063691,2.828497546304791,1770,0.9986786246651822,0.9986187947403552
TOI-2076_d,NIRISS_SOSS,obs14,SOSS_HDU3_ordem_1,jw05959014001_04102_00001-seg004_nis_x1dints.fits,seg004,3,401,60694.04083072345,TDB-MID,2047.956959681209,0.14443820729687362,2038,0.8522004674063691,2.828497546304791,1771,1.0034194614028844,1.0033593474588558
TOI-2076_d,NIRISS_SOSS,obs14,SOSS_HDU3_ordem_1,jw05959014001_04102_00001-seg004_nis_x1dints.fits,seg004,3,402,60694.0409078023,TDB-MID,2042.8788643098499,0.1444271555488597,2038,0.8522004674063691,2.828497546304791,1772,1.0009313916715386,1.0008714267854966
TOI-2076_d,NIRISS_SOSS,obs14,SOSS_HDU3_ordem_1,jw05959014001_04102_00001-seg004_nis_x1dints.fits,seg004,3,403,60694.04098488115,TDB-MID,2036.8104710028713,0.14441442835541685,2038,0.8522004674063691,2.828497546304791,1773,0.9979581143695503,0.9978983276098374
TOI-2076_d,NIRISS_SOSS,obs14,SOSS_HDU3_ordem_1,jw05959014001_04102_00001-seg004_nis_x1dints.fits,seg004,3,404,60694.04106196001,TDB-MID,2038.8441133627834,0.1444185272727459,2038,0.8522004674063691,2.828497546304791,1774,0.9989545202323897,0.9988946737789111
TOI-2076_d,NIRISS_SOSS,obs14,SOSS_HDU3_ordem_1,jw05959014001_04102_00001-seg004_nis_x1dints.fits,seg004,3,405,60694.04113903887,TDB-MID,2039.408625946064,0.14442436638803957,2038,0.8522004674063691,2.828497546304791,1775,0.9992311094983861,0.999171246474697
TOI-2076_d,NIRISS_SOSS,obs14,SOSS_HDU3_ordem_1,jw05959014001_04102_00001-seg004_nis_x1dints.fits,seg004,3,406,60694.041216117716,TDB-MID,2048.047959313437,0.14444190292914327,2038,0.8522004674063691,2.828497546304791,1776,1.0034640476924186,1.0034039310772662
TOI-2076_d,NIRISS_SOSS,obs14,SOSS_HDU3_ordem_1,jw05959014001_04102_00001-seg004_nis_x1dints.fits,seg004,3,407,60694.04129319657,TDB-MID,2044.6109582969336,0.14443112248018142,2038,0.8522004674063691,2.828497546304791,1777,1.0017800505300185,1.0017200348015989
TOI-2076_d,NIRISS_SOSS,obs14,SOSS_HDU3_ordem_1,jw05959014001_04102_00001-seg004_nis_x1dints.fits,seg004,3,408,60694.04137027542,TDB-MID,2037.7068186650088,0.14441667864296281,2038,0.8522004674063691,2.828497546304791,1778,0.9983972899509119,0.9983374768805909
TOI-2076_d,NIRISS_SOSS,obs14,SOSS_HDU3_ordem_1,jw05959014001_04102_00001-seg004_nis_x1dints.fits,seg004,3,409,60694.041447354284,TDB-MID,2052.6732111692486,0.14444870725404646,2038,0.8522004674063691,2.828497546304791,1779,1.0057302416688456,1.0056699892880805
TOI-2076_d,NIRISS_SOSS,obs14,SOSS_HDU3_ordem_1,jw05959014001_04102_00001-seg004_nis_x1dints.fits,seg004,3,410,60694.04152443313,TDB-MID,2037.6089974535084,0.14441620456493978,2038,0.8522004674063691,2.828497546304791,1780,0.9983493613521719,0.9982895511532095
TOI-2076_d,NIRISS_SOSS,obs14,SOSS_HDU3_ordem_1,jw05959014001_04102_00001-seg004_nis_x1dints.fits,seg004,3,411,60694.041601511984,TDB-MID,2044.4563069957092,0.1444311208830881,2038,0.8522004674063691,2.828497546304791,1781,1.001704277391991,1.0016442662030711
TOI-2076_d,NIRISS_SOSS,obs14,SOSS_HDU3_ordem_1,jw05959014001_04102_00001-seg004_nis_x1dints.fits,seg004,3,412,60694.04167859084,TDB-MID,2046.784823398466,0.14443876972823638,2038,0.8522004674063691,2.828497546304791,1782,1.0028451600964234,1.0027850805582619
TOI-2076_d,NIRISS_SOSS,obs14,SOSS_HDU3_ordem_1,jw05959014001_04102_00001-seg004_nis_x1dints.fits,seg004,3,413,60694.0417556697,TDB-MID,2040.7843087188419,0.14443177330196083,2038,0.8522004674063691,2.828497546304791,1783,0.9999051406885421,0.9998452372842597
TOI-2076_d,NIRISS_SOSS,obs14,SOSS_HDU3_ordem_1,jw05959014001_04102_00001-seg004_nis_x1dints.fits,seg004,3,414,60694.041832748546,TDB-MID,2043.99020925137,0.1444294697064107,2038,0.8522004674063691,2.828497546304791,1784,1.0014759075791515,1.0014159100716586
TOI-2076_d,NIRISS_SOSS,obs14,SOSS_HDU3_ordem_1,jw05959014001_04102_00001-seg004_nis_x1dints.fits,seg004,3,415,60694.0419098274,TDB-MID,2032.1521871102723,0.14440505825109967,2038,0.8522004674063691,2.828497546304791,1785,0.9956757359765488,0.9956160859520421
TOI-2076_d,NIRISS_SOSS,obs14,SOSS_HDU3_ordem_1,jw05959014001_04102_00001-seg004_nis_x1dints.fits,seg004,3,416,60694.04198690625,TDB-MID,2040.0924208744168,0.14442169853313108,2038,0.8522004674063691,2.828497546304791,1786,0.9995661424860055,0.999506259390796
TOI-2076_d,NIRISS_SOSS,obs14,SOSS_HDU3_ordem_1,jw05959014001_04102_00001-seg004_nis_x1dints.fits,seg004,3,417,60694.04206398511,TDB-MID,2040.9301547057858,0.14442344635776244,2038,0.8522004674063691,2.828497546304791,1787,0.999976599564167,0.9999166918788485
TOI-2076_d,NIRISS_SOSS,obs14,SOSS_HDU3_ordem_1,jw05959014001_04102_00001-seg004_nis_x1dints.fits,seg004,3,418,60694.04214106397,TDB-MID,2038.0594143761127,0.1444193057800301,2038,0.8522004674063691,2.828497546304791,1788,0.9985700481706863,0.9985102247505779
TOI-2076_d,NIRISS_SOSS,obs14,SOSS_HDU3_ordem_1,jw05959014001_04102_00001-seg004_nis_x1dints.fits,seg004,3,419,60694.042218142815,TDB-MID,2032.6551460026471,0.1444053481154307,2038,0.8522004674063691,2.828497546304791,1789,0.9959221663219273,0.9958625015340036
TOI-2076_d,NIRISS_SOSS,obs14,SOSS_HDU3_ordem_1,jw05959014001_04102_00001-seg004_nis_x1dints.fits,seg004,3,420,60694.042295221676,TDB-MID,2039.266368217237,0.1444187978114025,2038,0.8522004674063691,2.828497546304791,1790,0.9991614087300349,0.9991015498820552
TOI-2076_d,NIRISS_SOSS,obs14,SOSS_HDU3_ordem_1,jw05959014001_04102_00001-seg004_nis_x1dints.fits,seg004,3,421,60694.04237230052,TDB-MID,2039.8799643341995,0.14441962989614576,2038,0.8522004674063691,2.828497546304791,1791,0.9994620470233794,0.999402170164434
TOI-2076_d,NIRISS_SOSS,obs14,SOSS_HDU3_ordem_1,jw05959014001_04102_00001-seg004_nis_x1dints.fits,seg004,3,422,60694.042449379376,TDB-MID,2037.515814003883,0.14441598026351796,2038,0.8522004674063691,2.828497546304791,1792,0.9983037050768323,0.9982438976130956
TOI-2076_d,NIRISS_SOSS,obs14,SOSS_HDU3_ordem_1,jw05959014001_04102_00001-seg004_nis_x1dints.fits,seg004,3,423,60694.04252645823,TDB-MID,2043.6641339815044,0.14442739676625616,2038,0.8522004674063691,2.828497546304791,1793,1.0013161433467448,1.0012561554105812
TOI-2076_d,NIRISS_SOSS,obs14,SOSS_HDU3_ordem_1,jw05959014001_04102_00001-seg004_nis_x1dints.fits,seg004,3,424,60694.04260353709,TDB-MID,2042.9474648527832,0.14443052641655416,2038,0.8522004674063691,2.828497546304791,1794,1.0009650032762731,1.0009050363765906
TOI-2076_d,NIRISS_SOSS,obs14,SOSS_HDU3_ordem_1,jw05959014001_04102_00001-seg004_nis_x1dints.fits,seg004,3,425,60694.04268061594,TDB-MID,2044.5979136895544,0.14443069862403005,2038,0.8522004674063691,2.828497546304791,1795,1.0017736591784576,1.0017136438329381
TOI-2076_d,NIRISS_SOSS,obs14,SOSS_HDU3_ordem_1,jw05959014001_04102_00001-seg004_nis_x1dints.fits,seg004,3,426,60694.04275769479,TDB-MID,2039.2642009245026,0.14441869164305762,2038,0.8522004674063691,2.828497546304791,1796,0.9991603468406735,0.9991004880563106
TOI-2076_d,NIRISS_SOSS,obs14,SOSS_HDU3_ordem_1,jw05959014001_04102_00001-seg004_nis_x1dints.fits,seg004,3,427,60694.042834773645,TDB-MID,2042.7328901214908,0.14442802018526782,2038,0.8522004674063691,2.828497546304791,1797,1.0008598699821938,1.0007999093809508
TOI-2076_d,NIRISS_SOSS,obs14,SOSS_HDU3_ordem_1,jw05959014001_04102_00001-seg004_nis_x1dints.fits,seg004,3,428,60694.042911852506,TDB-MID,2035.0106054780692,0.14441300223700224,2038,0.8522004674063691,2.828497546304791,1798,0.9970762500867307,0.9970165161587021
TOI-2076_d,NIRISS_SOSS,obs14,SOSS_HDU3_ordem_1,jw05959014001_04102_00001-seg004_nis_x1dints.fits,seg004,3,429,60694.04298893136,TDB-MID,2036.66131617405,0.14441673479880549,2038,0.8522004674063691,2.828497546304791,1799,0.9978850342897693,0.9978252519082172
TOI-2076_d,NIRISS_SOSS,obs14,SOSS_HDU3_ordem_1,jw05959014001_04102_00001-seg004_nis_x1dints.fits,seg004,3,430,60694.04306601021,TDB-MID,2041.5181942932113,0.14442412245940894,2038,0.8522004674063691,2.828497546304791,1800,1.0002647161494833,1.0002047912033631
TOI-2076_d,NIRISS_SOSS,obs14,SOSS_HDU3_ordem_1,jw05959014001_04102_00001-seg004_nis_x1dints.fits,seg004,3,431,60694.04314308907,TDB-MID,2044.628359005754,0.14444972137704157,2038,0.8522004674063691,2.828497546304791,1801,1.001788576202294,1.001728559963109
TOI-2076_d,NIRISS_SOSS,obs14,SOSS_HDU3_ordem_1,jw05959014001_04102_00001-seg004_nis_x1dints.fits,seg004,3,432,60694.04322016792,TDB-MID,2046.5467535536218,0.14447710729616325,2038,0.8522004674063691,2.828497546304791,1802,1.0027285151081777,1.002668442558111
TOI-2076_d,NIRISS_SOSS,obs14,SOSS_HDU3_ordem_1,jw05959014001_04102_00001-seg004_nis_x1dints.fits,seg004,3,433,60694.043297246775,TDB-MID,2045.2464423104414,0.14443318268457367,2038,0.8522004674063691,2.828497546304791,1803,1.0020914130435468,1.002031378661683
TOI-2076_d,NIRISS_SOSS,obs14,SOSS_HDU3_ordem_1,jw05959014001_04102_00001-seg004_nis_x1dints.fits,seg004,3,434,60694.04337432562,TDB-MID,2042.7149285036496,0.14442759137616515,2038,0.8522004674063691,2.828497546304791,1804,1.000851069486258,1.0007911094122448
TOI-2076_d,NIRISS_SOSS,obs14,SOSS_HDU3_ordem_1,jw05959014001_04102_00001-seg004_nis_x1dints.fits,seg004,3,435,60694.04345140448,TDB-MID,2042.4327477678376,0.1444296282034586,2038,0.8522004674063691,2.828497546304791,1805,1.0007128118726847,1.0006528600815587
TOI-2076_d,NIRISS_SOSS,obs14,SOSS_HDU3_ordem_1,jw05959014001_04102_00001-seg004_nis_x1dints.fits,seg004,3,436,60694.04352848333,TDB-MID,2041.6967979337023,0.14442961878696517,2038,0.8522004674063691,2.828497546304791,1806,1.0003522250045394,1.0002922948158437
TOI-2076_d,NIRISS_SOSS,obs14,SOSS_HDU3_ordem_1,jw05959014001_04102_00001-seg004_nis_x1dints.fits,seg004,3,437,60694.04360556219,TDB-MID,2040.2678093435106,0.1444219501555031,2038,0.8522004674063691,2.828497546304791,1807,0.9996520760318071,0.9995921877883972
TOI-2076_d,NIRISS_SOSS,obs14,SOSS_HDU3_ordem_1,jw05959014001_04102_00001-seg004_nis_x1dints.fits,seg004,3,438,60694.04368264104,TDB-MID,2039.7772275428383,0.14442205009575484,2038,0.8522004674063691,2.828497546304791,1808,0.9994117099812034,0.9993518361379043
TOI-2076_d,NIRISS_SOSS,obs14,SOSS_HDU3_ordem_1,jw05959014001_04102_00001-seg004_nis_x1dints.fits,seg004,3,439,60694.0437597199,TDB-MID,2034.8821089177395,0.14441631461185808,2038,0.8522004674063691,2.828497546304791,1809,0.9970132917570897,0.9969535616008373
TOI-2076_d,NIRISS_SOSS,obs14,SOSS_HDU3_ordem_1,jw05959014001_04102_00001-seg004_nis_x1dints.fits,seg004,3,440,60694.043836798744,TDB-MID,2041.509024240098,0.14442498814418334,2038,0.8522004674063691,2.828497546304791,1810,1.0002602231792026,1.0002002985022522
TOI-2076_d,NIRISS_SOSS,obs14,SOSS_HDU3_ordem_1,jw05959014001_04102_00001-seg004_nis_x1dints.fits,seg004,3,441,60694.0439138776,TDB-MID,2046.3874212360283,0.14443653971842144,2038,0.8522004674063691,2.828497546304791,1811,1.0026504484537258,1.0025903805805612
TOI-2076_d,NIRISS_SOSS,obs14,SOSS_HDU3_ordem_1,jw05959014001_04102_00001-seg004_nis_x1dints.fits,seg004,3,442,60694.04399095646,TDB-MID,2047.621485217594,0.14443966275421816,2038,0.8522004674063691,2.828497546304791,1812,1.0032550919301746,1.0031949878333712
TOI-2076_d,NIRISS_SOSS,obs14,SOSS_HDU3_ordem_1,jw05959014001_04102_00001-seg004_nis_x1dints.fits,seg004,3,443,60694.04406803531,TDB-MID,2041.5079777124643,0.14442424025588926,2038,0.8522004674063691,2.828497546304791,1813,1.0002597104212612,1.0001997857750298
TOI-2076_d,NIRISS_SOSS,obs14,SOSS_HDU3_ordem_1,jw05959014001_04102_00001-seg004_nis_x1dints.fits,seg004,3,444,60694.04414511417,TDB-MID,2035.7516039866675,0.14441306261161957,2038,0.8522004674063691,2.828497546304791,1814,0.9974393106095035,0.9973795549308504
TOI-2076_d,NIRISS_SOSS,obs14,SOSS_HDU3_ordem_1,jw05959014001_04102_00001-seg004_nis_x1dints.fits,seg004,3,445,60694.04422219301,TDB-MID,2037.0720985094833,0.14441641240235112,2038,0.8522004674063691,2.828497546304791,1815,0.9980863016981617,0.9980265072588631
TOI-2076_d,NIRISS_SOSS,obs14,SOSS_HDU3_ordem_1,jw05959014001_04102_00001-seg004_nis_x1dints.fits,seg004,3,446,60694.044299271874,TDB-MID,2038.9510865901545,0.14441873263012253,2038,0.8522004674063691,2.828497546304791,1816,0.9990069329638613,0.9989470833703838
TOI-2076_d,NIRISS_SOSS,obs14,SOSS_HDU3_ordem_1,jw05959014001_04102_00001-seg004_nis_x1dints.fits,seg004,3,447,60694.04437635073,TDB-MID,2039.6104698450717,0.1444249201799094,2038,0.8522004674063691,2.828497546304791,1817,0.9993300051785284,0.9992701362300894
TOI-2076_d,NIRISS_SOSS,obs14,SOSS_HDU3_ordem_1,jw05959014001_04102_00001-seg004_nis_x1dints.fits,seg004,3,448,60694.04445342958,TDB-MID,2044.065964906882,0.1444312442808482,2038,0.8522004674063691,2.828497546304791,1818,1.0015130249114728,1.0014530251803142
TOI-2076_d,NIRISS_SOSS,obs14,SOSS_HDU3_ordem_1,jw05959014001_04102_00001-seg004_nis_x1dints.fits,seg004,3,449,60694.04453050843,TDB-MID,2043.5928216110644,0.1444319038253491,2038,0.8522004674063691,2.828497546304791,1819,1.0012812030517353,1.0012212172088129
TOI-2076_d,NIRISS_SOSS,obs14,SOSS_HDU3_ordem_1,jw05959014001_04102_00001-seg005_nis_x1dints.fits,seg005,3,0,60694.04460758729,TDB-MID,2040.4314562983257,0.14442874559409208,2038,0.8522004674063691,2.828497546304791,1820,0.9997322566911145,1.0005220101092636
TOI-2076_d,NIRISS_SOSS,obs14,SOSS_HDU3_ordem_1,jw05959014001_04102_00001-seg005_nis_x1dints.fits,seg005,3,1,60694.04468466614,TDB-MID,2040.3856993434142,0.14443076496171509,2038,0.8522004674063691,2.828497546304791,1821,0.9997098375583122,1.0004995732661326
TOI-2076_d,NIRISS_SOSS,obs14,SOSS_HDU3_ordem_1,jw05959014001_04102_00001-seg005_nis_x1dints.fits,seg005,3,2,60694.044761745,TDB-MID,2038.952123882154,0.1444276485018702,2038,0.8522004674063691,2.828497546304791,1822,0.9990074411967002,0.9997966220360307
TOI-2076_d,NIRISS_SOSS,obs14,SOSS_HDU3_ordem_1,jw05959014001_04102_00001-seg005_nis_x1dints.fits,seg005,3,3,60694.044838823844,TDB-MID,2037.343476747341,0.14442223589310266,2038,0.8522004674063691,2.828497546304791,1823,0.9982192665068118,0.9990078247157819
TOI-2076_d,NIRISS_SOSS,obs14,SOSS_HDU3_ordem_1,jw05959014001_04102_00001-seg005_nis_x1dints.fits,seg005,3,4,60694.044915902705,TDB-MID,2042.5837740441555,0.14443393122028936,2038,0.8522004674063691,2.828497546304791,1824,1.0007868088891376,1.0015773953665357
TOI-2076_d,NIRISS_SOSS,obs14,SOSS_HDU3_ordem_1,jw05959014001_04102_00001-seg005_nis_x1dints.fits,seg005,3,5,60694.04499298155,TDB-MID,2045.4302956580027,0.14443722914800977,2038,0.8522004674063691,2.828497546304791,1825,1.0021814940514093,1.0029731822811683
TOI-2076_d,NIRISS_SOSS,obs14,SOSS_HDU3_ordem_1,jw05959014001_04102_00001-seg005_nis_x1dints.fits,seg005,3,6,60694.04507006041,TDB-MID,2042.3531240616007,0.144431805094067,2038,0.8522004674063691,2.828497546304791,1826,1.000673799345566,1.0014642965493885
TOI-2076_d,NIRISS_SOSS,obs14,SOSS_HDU3_ordem_1,jw05959014001_04102_00001-seg005_nis_x1dints.fits,seg005,3,7,60694.045147139266,TDB-MID,2039.905052501369,0.14443458217439406,2038,0.8522004674063691,2.828497546304791,1827,0.9994743392520171,1.0002638889244355
TOI-2076_d,NIRISS_SOSS,obs14,SOSS_HDU3_ordem_1,jw05959014001_04102_00001-seg005_nis_x1dints.fits,seg005,3,8,60694.04522421812,TDB-MID,2039.8549697735107,0.14442830392700068,2038,0.8522004674063691,2.828497546304791,1828,0.9994498006582857,1.0002393309460755
TOI-2076_d,NIRISS_SOSS,obs14,SOSS_HDU3_ordem_1,jw05959014001_04102_00001-seg005_nis_x1dints.fits,seg005,3,9,60694.045301296974,TDB-MID,2044.2162619874687,0.14443628828842917,2038,0.8522004674063691,2.828497546304791,1829,1.001586664650306,1.0023778829857013
TOI-2076_d,NIRISS_SOSS,obs14,SOSS_HDU3_ordem_1,jw05959014001_04102_00001-seg005_nis_x1dints.fits,seg005,3,10,60694.04537837583,TDB-MID,2044.630076891325,0.14444003496060248,2038,0.8522004674063691,2.828497546304791,1830,1.0017894178995796,1.0025807964029305
TOI-2076_d,NIRISS_SOSS,obs14,SOSS_HDU3_ordem_1,jw05959014001_04102_00001-seg005_nis_x1dints.fits,seg005,3,11,60694.04545545468,TDB-MID,2040.6826656042163,0.14442895397829197,2038,0.8522004674063691,2.828497546304791,1831,0.9998553395055383,1.0006451901547937
TOI-2076_d,NIRISS_SOSS,obs14,SOSS_HDU3_ordem_1,jw05959014001_04102_00001-seg005_nis_x1dints.fits,seg005,3,12,60694.045532533535,TDB-MID,2045.6617196664024,0.14444066596970964,2038,0.8522004674063691,2.828497546304791,1832,1.002294882837617,1.0030866606405402
TOI-2076_d,NIRISS_SOSS,obs14,SOSS_HDU3_ordem_1,jw05959014001_04102_00001-seg005_nis_x1dints.fits,seg005,3,13,60694.04560961239,TDB-MID,2035.083839333422,0.1444185943471363,2038,0.8522004674063691,2.828497546304791,1833,0.9971121318348052,0.997899815446216
TOI-2076_d,NIRISS_SOSS,obs14,SOSS_HDU3_ordem_1,jw05959014001_04102_00001-seg005_nis_x1dints.fits,seg005,3,14,60694.045686691235,TDB-MID,2044.7877657223244,0.1444339690786311,2038,0.8522004674063691,2.828497546304791,1834,1.0018666793093582,1.002658118846513
TOI-2076_d,NIRISS_SOSS,obs14,SOSS_HDU3_ordem_1,jw05959014001_04102_00001-seg005_nis_x1dints.fits,seg005,3,15,60694.0457637701,TDB-MID,2038.5660053683623,0.14442818138998634,2038,0.8522004674063691,2.828497546304791,1835,0.998818258104099,0.9996072894954219
TOI-2076_d,NIRISS_SOSS,obs14,SOSS_HDU3_ordem_1,jw05959014001_04102_00001-seg005_nis_x1dints.fits,seg005,3,16,60694.04584084895,TDB-MID,2038.6929278130929,0.14442730096623363,2038,0.8522004674063691,2.828497546304791,1836,0.998880445178163,0.9996695256950932
TOI-2076_d,NIRISS_SOSS,obs14,SOSS_HDU3_ordem_1,jw05959014001_04102_00001-seg005_nis_x1dints.fits,seg005,3,17,60694.045917927804,TDB-MID,2037.21310035195,0.1444238186994444,2038,0.8522004674063691,2.828497546304791,1837,0.9981553871309176,0.9989438948774211
TOI-2076_d,NIRISS_SOSS,obs14,SOSS_HDU3_ordem_1,jw05959014001_04102_00001-seg005_nis_x1dints.fits,seg005,3,18,60694.04599500665,TDB-MID,2040.549004989437,0.1444295983152317,2038,0.8522004674063691,2.828497546304791,1838,0.9997898509895523,1.000579649905177
TOI-2076_d,NIRISS_SOSS,obs14,SOSS_HDU3_ordem_1,jw05959014001_04102_00001-seg005_nis_x1dints.fits,seg005,3,19,60694.04607208551,TDB-MID,2038.140146794253,0.14443876708005537,2038,0.8522004674063691,2.828497546304791,1839,0.9986096039236259,0.9993984704854645
TOI-2076_d,NIRISS_SOSS,obs14,SOSS_HDU3_ordem_1,jw05959014001_04102_00001-seg005_nis_x1dints.fits,seg005,3,20,60694.046149164365,TDB-MID,2041.6089693611902,0.14442982632030707,2038,0.8522004674063691,2.828497546304791,1840,1.0003091924112473,1.0010994015883796
TOI-2076_d,NIRISS_SOSS,obs14,SOSS_HDU3_ordem_1,jw05959014001_04102_00001-seg005_nis_x1dints.fits,seg005,3,21,60694.04622624322,TDB-MID,2035.5273033826127,0.14441740425478797,2038,0.8522004674063691,2.828497546304791,1841,0.997329412015078,0.9981172672702103
TOI-2076_d,NIRISS_SOSS,obs14,SOSS_HDU3_ordem_1,jw05959014001_04102_00001-seg005_nis_x1dints.fits,seg005,3,22,60694.04630332207,TDB-MID,2040.680174863447,0.14443025295442524,2038,0.8522004674063691,2.828497546304791,1842,0.9998541191391876,1.0006439688243964
TOI-2076_d,NIRISS_SOSS,obs14,SOSS_HDU3_ordem_1,jw05959014001_04102_00001-seg005_nis_x1dints.fits,seg005,3,23,60694.04638040093,TDB-MID,2041.756381673754,0.14443234229336,2038,0.8522004674063691,2.828497546304791,1843,1.0003814187256617,1.001171684959049
TOI-2076_d,NIRISS_SOSS,obs14,SOSS_HDU3_ordem_1,jw05959014001_04102_00001-seg005_nis_x1dints.fits,seg005,3,24,60694.04645747979,TDB-MID,2038.1017106173806,0.1444333550402844,2038,0.8522004674063691,2.828497546304791,1844,0.9985907716880589,0.9993796233730919
TOI-2076_d,NIRISS_SOSS,obs14,SOSS_HDU3_ordem_1,jw05959014001_04102_00001-seg005_nis_x1dints.fits,seg005,3,25,60694.046534558634,TDB-MID,2041.3969128253957,0.14443200162424485,2038,0.8522004674063691,2.828497546304791,1845,1.0002052929352705,1.000995420035461
TOI-2076_d,NIRISS_SOSS,obs14,SOSS_HDU3_ordem_1,jw05959014001_04102_00001-seg005_nis_x1dints.fits,seg005,3,26,60694.04661163749,TDB-MID,2037.6613615566998,0.14442234118526176,2038,0.8522004674063691,2.828497546304791,1846,0.9983750177313125,0.999163698978287
TOI-2076_d,NIRISS_SOSS,obs14,SOSS_HDU3_ordem_1,jw05959014001_04102_00001-seg005_nis_x1dints.fits,seg005,3,27,60694.04668871634,TDB-MID,2036.5967027864938,0.14442095236299154,2038,0.8522004674063691,2.828497546304791,1847,0.9978533762364911,0.9986416454049808
TOI-2076_d,NIRISS_SOSS,obs14,SOSS_HDU3_ordem_1,jw05959014001_04102_00001-seg005_nis_x1dints.fits,seg005,3,28,60694.046765795196,TDB-MID,2046.4036579553863,0.1444413197212404,2038,0.8522004674063691,2.828497546304791,1848,1.0026584038163207,1.003450468788067
TOI-2076_d,NIRISS_SOSS,obs14,SOSS_HDU3_ordem_1,jw05959014001_04102_00001-seg005_nis_x1dints.fits,seg005,3,29,60694.04684287405,TDB-MID,2040.3444788205502,0.14442991640519737,2038,0.8522004674063691,2.828497546304791,1849,0.9996896411012258,1.0004793608545535
TOI-2076_d,NIRISS_SOSS,obs14,SOSS_HDU3_ordem_1,jw05959014001_04102_00001-seg005_nis_x1dints.fits,seg005,3,30,60694.0469199529,TDB-MID,2036.4852529661239,0.14444722371935056,2038,0.8522004674063691,2.828497546304791,1850,0.9977987701481158,0.998586996179711
TOI-2076_d,NIRISS_SOSS,obs14,SOSS_HDU3_ordem_1,jw05959014001_04102_00001-seg005_nis_x1dints.fits,seg005,3,31,60694.04699703176,TDB-MID,2036.1510808533214,0.14442329248957067,2038,0.8522004674063691,2.828497546304791,1851,0.9976350387767806,0.9984231354663352
TOI-2076_d,NIRISS_SOSS,obs14,SOSS_HDU3_ordem_1,jw05959014001_04102_00001-seg005_nis_x1dints.fits,seg005,3,32,60694.04707411061,TDB-MID,2042.187833014597,0.14443008987624978,2038,0.8522004674063691,2.828497546304791,1852,1.0005928131448674,1.0013832463724315
TOI-2076_d,NIRISS_SOSS,obs14,SOSS_HDU3_ordem_1,jw05959014001_04102_00001-seg005_nis_x1dints.fits,seg005,3,33,60694.04715118946,TDB-MID,2035.0647276546192,0.1444193284626951,2038,0.8522004674063691,2.828497546304791,1853,0.997102767853614,0.9978904440678081
TOI-2076_d,NIRISS_SOSS,obs14,SOSS_HDU3_ordem_1,jw05959014001_04102_00001-seg005_nis_x1dints.fits,seg005,3,34,60694.04722826832,TDB-MID,2042.1559153162962,0.1444325685354109,2038,0.8522004674063691,2.828497546304791,1854,1.0005771747109213,1.0013675955846713
TOI-2076_d,NIRISS_SOSS,obs14,SOSS_HDU3_ordem_1,jw05959014001_04102_00001-seg005_nis_x1dints.fits,seg005,3,35,60694.04730534717,TDB-MID,2034.594055869513,0.14441501599725168,2038,0.8522004674063691,2.828497546304791,1855,0.9968721569382448,0.9976596509779043
TOI-2076_d,NIRISS_SOSS,obs14,SOSS_HDU3_ordem_1,jw05959014001_04102_00001-seg005_nis_x1dints.fits,seg005,3,36,60694.047382426026,TDB-MID,2035.876845934096,0.14441769563830867,2038,0.8522004674063691,2.828497546304791,1856,0.997500674305083,0.9982886648514177
TOI-2076_d,NIRISS_SOSS,obs14,SOSS_HDU3_ordem_1,jw05959014001_04102_00001-seg005_nis_x1dints.fits,seg005,3,37,60694.04745950487,TDB-MID,2032.5430481957528,0.14441273320752326,2038,0.8522004674063691,2.828497546304791,1857,0.9958672427452933,0.9966539429379866
TOI-2076_d,NIRISS_SOSS,obs14,SOSS_HDU3_ordem_1,jw05959014001_04102_00001-seg005_nis_x1dints.fits,seg005,3,38,60694.047536583734,TDB-MID,2031.7513694396,0.14441122043794,2038,0.8522004674063691,2.828497546304791,1858,0.9954793508673181,0.9962657446390328
TOI-2076_d,NIRISS_SOSS,obs14,SOSS_HDU3_ordem_1,jw05959014001_04102_00001-seg005_nis_x1dints.fits,seg005,3,39,60694.047613662595,TDB-MID,2041.1600463983511,0.1444310754168631,2038,0.8522004674063691,2.828497546304791,1859,1.000089237575061,1.0008792729955875
TOI-2076_d,NIRISS_SOSS,obs14,SOSS_HDU3_ordem_1,jw05959014001_04102_00001-seg005_nis_x1dints.fits,seg005,3,40,60694.04769074144,TDB-MID,2043.5603150055854,0.1444361751609865,2038,0.8522004674063691,2.828497546304791,1860,1.001265276076118,1.002056240525812
TOI-2076_d,NIRISS_SOSS,obs14,SOSS_HDU3_ordem_1,jw05959014001_04102_00001-seg005_nis_x1dints.fits,seg005,3,41,60694.047767820295,TDB-MID,2044.2933624275247,0.14443609205089525,2038,0.8522004674063691,2.828497546304791,1861,1.001624440874884,1.0024156890521716
TOI-2076_d,NIRISS_SOSS,obs14,SOSS_HDU3_ordem_1,jw05959014001_04102_00001-seg005_nis_x1dints.fits,seg005,3,42,60694.04784489915,TDB-MID,2038.21608682553,0.14442475237387156,2038,0.8522004674063691,2.828497546304791,1862,0.9986468115929192,0.9994357075475115
TOI-2076_d,NIRISS_SOSS,obs14,SOSS_HDU3_ordem_1,jw05959014001_04102_00001-seg005_nis_x1dints.fits,seg005,3,43,60694.04792197801,TDB-MID,2041.0528281048032,0.14443132961929053,2038,0.8522004674063691,2.828497546304791,1863,1.0000367047706697,1.0008266986921233
TOI-2076_d,NIRISS_SOSS,obs14,SOSS_HDU3_ordem_1,jw05959014001_04102_00001-seg005_nis_x1dints.fits,seg005,3,44,60694.04799905686,TDB-MID,2038.7435315509015,0.14451475420248724,2038,0.8522004674063691,2.828497546304791,1864,0.9989052390465579,0.9996943391497746
TOI-2076_d,NIRISS_SOSS,obs14,SOSS_HDU3_ordem_1,jw05959014001_04102_00001-seg005_nis_x1dints.fits,seg005,3,45,60694.04807613571,TDB-MID,2039.384310852757,0.14442935592399955,2038,0.8522004674063691,2.828497546304791,1865,0.9992191960459501,1.0000085441641846
TOI-2076_d,NIRISS_SOSS,obs14,SOSS_HDU3_ordem_1,jw05959014001_04102_00001-seg005_nis_x1dints.fits,seg005,3,46,60694.048153214564,TDB-MID,2047.6650530315121,0.1444433358805838,2038,0.8522004674063691,2.828497546304791,1866,1.0032764384688164,1.0040689916662608
TOI-2076_d,NIRISS_SOSS,obs14,SOSS_HDU3_ordem_1,jw05959014001_04102_00001-seg005_nis_x1dints.fits,seg005,3,47,60694.04823029342,TDB-MID,2040.3014083379103,0.14443192234199867,2038,0.8522004674063691,2.828497546304791,1867,0.999668538235617,1.0004582413184209
TOI-2076_d,NIRISS_SOSS,obs14,SOSS_HDU3_ordem_1,jw05959014001_04102_00001-seg005_nis_x1dints.fits,seg005,3,48,60694.04830737227,TDB-MID,2041.7543520671575,0.14444163078451053,2038,0.8522004674063691,2.828497546304791,1868,1.0003804242971661,1.0011706897449901
TOI-2076_d,NIRISS_SOSS,obs14,SOSS_HDU3_ordem_1,jw05959014001_04102_00001-seg005_nis_x1dints.fits,seg005,3,49,60694.048384451125,TDB-MID,2039.2924641954626,0.1444264761320548,2038,0.8522004674063691,2.828497546304791,1869,0.999174194746993,0.9999635073157795
TOI-2076_d,NIRISS_SOSS,obs14,SOSS_HDU3_ordem_1,jw05959014001_04102_00001-seg005_nis_x1dints.fits,seg005,3,50,60694.04846152998,TDB-MID,2037.3960580518408,0.1444230683491075,2038,0.8522004674063691,2.828497546304791,1870,0.9982450293061673,0.9990336078668453
TOI-2076_d,NIRISS_SOSS,obs14,SOSS_HDU3_ordem_1,jw05959014001_04102_00001-seg005_nis_x1dints.fits,seg005,3,51,60694.04853860883,TDB-MID,2041.9311199631466,0.14443432631238873,2038,0.8522004674063691,2.828497546304791,1871,1.0004670337086328,1.001257367574854
TOI-2076_d,NIRISS_SOSS,obs14,SOSS_HDU3_ordem_1,jw05959014001_04102_00001-seg005_nis_x1dints.fits,seg005,3,52,60694.04861568768,TDB-MID,2042.8958100554946,0.14443905750246058,2038,0.8522004674063691,2.828497546304791,1872,1.0009396944295081,1.0017304016811206
TOI-2076_d,NIRISS_SOSS,obs14,SOSS_HDU3_ordem_1,jw05959014001_04102_00001-seg005_nis_x1dints.fits,seg005,3,53,60694.04869276654,TDB-MID,2036.8501233987586,0.14442206104246835,2038,0.8522004674063691,2.828497546304791,1873,0.9979775425052523,0.9987659097607393
TOI-2076_d,NIRISS_SOSS,obs14,SOSS_HDU3_ordem_1,jw05959014001_04102_00001-seg005_nis_x1dints.fits,seg005,3,54,60694.048769845394,TDB-MID,2045.0009243832978,0.1444380027133657,2038,0.8522004674063691,2.828497546304791,1874,1.0019711187839166,1.002762640824593
TOI-2076_d,NIRISS_SOSS,obs14,SOSS_HDU3_ordem_1,jw05959014001_04102_00001-seg005_nis_x1dints.fits,seg005,3,55,60694.04884692425,TDB-MID,2040.5311482202926,0.14443787187358248,2038,0.8522004674063691,2.828497546304791,1875,0.9997811018654106,1.000570893869534
TOI-2076_d,NIRISS_SOSS,obs14,SOSS_HDU3_ordem_1,jw05959014001_04102_00001-seg005_nis_x1dints.fits,seg005,3,56,60694.048924003095,TDB-MID,2044.3621283695543,0.144438659001273,2038,0.8522004674063691,2.828497546304791,1876,1.001658133518759,1.0024494083120536
TOI-2076_d,NIRISS_SOSS,obs14,SOSS_HDU3_ordem_1,jw05959014001_04102_00001-seg005_nis_x1dints.fits,seg005,3,57,60694.049001081956,TDB-MID,2033.4280500364316,0.144414101821688,2038,0.8522004674063691,2.828497546304791,1877,0.9963008593142921,0.9970879020488663
TOI-2076_d,NIRISS_SOSS,obs14,SOSS_HDU3_ordem_1,jw05959014001_04102_00001-seg005_nis_x1dints.fits,seg005,3,58,60694.04907816082,TDB-MID,2039.1268806719393,0.1444325240283728,2038,0.8522004674063691,2.828497546304791,1878,0.999093065244146,0.9998823137234709
TOI-2076_d,NIRISS_SOSS,obs14,SOSS_HDU3_ordem_1,jw05959014001_04102_00001-seg005_nis_x1dints.fits,seg005,3,59,60694.04915523966,TDB-MID,2039.6086210528572,0.14442790552564755,2038,0.8522004674063691,2.828497546304791,1879,0.9993290993420657,1.0001185342800492
TOI-2076_d,NIRISS_SOSS,obs14,SOSS_HDU3_ordem_1,jw05959014001_04102_00001-seg005_nis_x1dints.fits,seg005,3,60,60694.04923231852,TDB-MID,2034.4585917785853,0.14441622578656496,2038,0.8522004674063691,2.828497546304791,1880,0.9968057847889105,0.9975932263969
TOI-2076_d,NIRISS_SOSS,obs14,SOSS_HDU3_ordem_1,jw05959014001_04102_00001-seg005_nis_x1dints.fits,seg005,3,61,60694.04930939737,TDB-MID,2030.8691496878764,0.14440705117140523,2038,0.8522004674063691,2.828497546304791,1881,0.9950470974139783,0.9958331497206258
TOI-2076_d,NIRISS_SOSS,obs14,SOSS_HDU3_ordem_1,jw05959014001_04102_00001-seg005_nis_x1dints.fits,seg005,3,62,60694.04938647623,TDB-MID,2041.4072510212304,0.14443267202023735,2038,0.8522004674063691,2.828497546304791,1882,1.0002103582501676,1.0010004893517792
TOI-2076_d,NIRISS_SOSS,obs14,SOSS_HDU3_ordem_1,jw05959014001_04102_00001-seg005_nis_x1dints.fits,seg005,3,63,60694.04946355508,TDB-MID,2038.5799999859196,0.14442612309157943,2038,0.8522004674063691,2.828497546304791,1883,0.9988251149237921,0.999614151731762
TOI-2076_d,NIRISS_SOSS,obs14,SOSS_HDU3_ordem_1,jw05959014001_04102_00001-seg005_nis_x1dints.fits,seg005,3,64,60694.04954063393,TDB-MID,2044.2922321916362,0.14443719246569564,2038,0.8522004674063691,2.828497546304791,1884,1.0016238871031453,1.0024151348429726
TOI-2076_d,NIRISS_SOSS,obs14,SOSS_HDU3_ordem_1,jw05959014001_04102_00001-seg005_nis_x1dints.fits,seg005,3,65,60694.049617712786,TDB-MID,2039.6454531152779,0.14443282746421368,2038,0.8522004674063691,2.828497546304791,1885,0.9993471456237816,1.0001365948176948
TOI-2076_d,NIRISS_SOSS,obs14,SOSS_HDU3_ordem_1,jw05959014001_04102_00001-seg005_nis_x1dints.fits,seg005,3,66,60694.04969479165,TDB-MID,2045.667310383153,0.14444101722160738,2038,0.8522004674063691,2.828497546304791,1886,1.0022976220719375,1.0030894020387597
TOI-2076_d,NIRISS_SOSS,obs14,SOSS_HDU3_ordem_1,jw05959014001_04102_00001-seg005_nis_x1dints.fits,seg005,3,67,60694.049771870494,TDB-MID,2045.7087482294291,0.14442410831457472,2038,0.8522004674063691,2.828497546304791,1887,1.002317925009065,1.0031097210144952
TOI-2076_d,NIRISS_SOSS,obs14,SOSS_HDU3_ordem_1,jw05959014001_04102_00001-seg005_nis_x1dints.fits,seg005,3,68,60694.04984894935,TDB-MID,2041.0516380084375,0.14442757572788678,2038,0.8522004674063691,2.828497546304791,1888,1.0000361216696194,1.0008261151304436
TOI-2076_d,NIRISS_SOSS,obs14,SOSS_HDU3_ordem_1,jw05959014001_04102_00001-seg005_nis_x1dints.fits,seg005,3,69,60694.0499260282,TDB-MID,2042.7990048942506,0.14447998246609559,2038,0.8522004674063691,2.828497546304791,1889,1.0008922636559767,1.0016829334389419
TOI-2076_d,NIRISS_SOSS,obs14,SOSS_HDU3_ordem_1,jw05959014001_04102_00001-seg005_nis_x1dints.fits,seg005,3,70,60694.050003107055,TDB-MID,2046.9803677464952,0.14444326418016712,2038,0.8522004674063691,2.828497546304791,1890,1.0029409692409723,1.003733257429493
TOI-2076_d,NIRISS_SOSS,obs14,SOSS_HDU3_ordem_1,jw05959014001_04102_00001-seg005_nis_x1dints.fits,seg005,3,71,60694.05008018591,TDB-MID,2034.8642767100828,0.14441637846271926,2038,0.8522004674063691,2.828497546304791,1891,0.9970045546671241,0.9977921532963456
TOI-2076_d,NIRISS_SOSS,obs14,SOSS_HDU3_ordem_1,jw05959014001_04102_00001-seg005_nis_x1dints.fits,seg005,3,72,60694.05015726476,TDB-MID,2034.4821542186098,0.1444167231712413,2038,0.8522004674063691,2.828497546304791,1892,0.9968173294704367,0.9976047801983196
TOI-2076_d,NIRISS_SOSS,obs14,SOSS_HDU3_ordem_1,jw05959014001_04102_00001-seg005_nis_x1dints.fits,seg005,3,73,60694.05023434362,TDB-MID,2032.1235415932179,0.14441651653799867,2038,0.8522004674063691,2.828497546304791,1893,0.9956617007844719,0.9964482386062253
TOI-2076_d,NIRISS_SOSS,obs14,SOSS_HDU3_ordem_1,jw05959014001_04102_00001-seg005_nis_x1dints.fits,seg005,3,74,60694.05031142247,TDB-MID,2032.4075224415428,0.14441574328464624,2038,0.8522004674063691,2.828497546304791,1894,0.9958008403833428,0.9965874881204992
TOI-2076_d,NIRISS_SOSS,obs14,SOSS_HDU3_ordem_1,jw05959014001_04102_00001-seg005_nis_x1dints.fits,seg005,3,75,60694.05038850132,TDB-MID,2035.9808620333906,0.1444179037634547,2038,0.8522004674063691,2.828497546304791,1895,0.9975516381585166,0.9983396689645079
TOI-2076_d,NIRISS_SOSS,obs14,SOSS_HDU3_ordem_1,jw05959014001_04102_00001-seg005_nis_x1dints.fits,seg005,3,76,60694.05046558018,TDB-MID,2030.8086399274916,0.14441193828976964,2038,0.8522004674063691,2.828497546304791,1896,0.9950174499788171,0.9958034788650307
TOI-2076_d,NIRISS_SOSS,obs14,SOSS_HDU3_ordem_1,jw05959014001_04102_00001-seg005_nis_x1dints.fits,seg005,3,77,60694.05054265903,TDB-MID,2042.8602761936907,0.14443409488093262,2038,0.8522004674063691,2.828497546304791,1897,1.0009222842157317,1.001712977713886
TOI-2076_d,NIRISS_SOSS,obs14,SOSS_HDU3_ordem_1,jw05959014001_04102_00001-seg005_nis_x1dints.fits,seg005,3,78,60694.050619737885,TDB-MID,2043.4733499289866,0.14444775435989762,2038,0.8522004674063691,2.828497546304791,1898,1.001222666562325,1.0020135973519975
TOI-2076_d,NIRISS_SOSS,obs14,SOSS_HDU3_ordem_1,jw05959014001_04102_00001-seg005_nis_x1dints.fits,seg005,3,79,60694.05069681674,TDB-MID,2049.974758387003,0.14445071437195545,2038,0.8522004674063691,2.828497546304791,1899,1.0044081044898476,1.005201551663757
TOI-2076_d,NIRISS_SOSS,obs14,SOSS_HDU3_ordem_1,jw05959014001_04102_00001-seg005_nis_x1dints.fits,seg005,3,80,60694.05077389559,TDB-MID,2045.843804731778,0.14443945675821043,2038,0.8522004674063691,2.828497546304791,1900,1.0023840974558076,1.00317594573515
TOI-2076_d,NIRISS_SOSS,obs14,SOSS_HDU3_ordem_1,jw05959014001_04102_00001-seg005_nis_x1dints.fits,seg005,3,81,60694.050850974454,TDB-MID,2039.0958116091062,0.14443455085927714,2038,0.8522004674063691,2.828497546304791,1901,0.9990778426086571,0.9998670790626338
TOI-2076_d,NIRISS_SOSS,obs14,SOSS_HDU3_ordem_1,jw05959014001_04102_00001-seg005_nis_x1dints.fits,seg005,3,82,60694.0509280533,TDB-MID,2033.0959775284284,0.14441295209788935,2038,0.8522004674063691,2.828497546304791,1902,0.9961381566678561,0.9969250708730463
TOI-2076_d,NIRISS_SOSS,obs14,SOSS_HDU3_ordem_1,jw05959014001_04102_00001-seg005_nis_x1dints.fits,seg005,3,83,60694.051005132154,TDB-MID,2039.5870286387994,0.14443025082958813,2038,0.8522004674063691,2.828497546304791,1903,0.9993185198968377,1.0001079464774305
TOI-2076_d,NIRISS_SOSS,obs14,SOSS_HDU3_ordem_1,jw05959014001_04102_00001-seg005_nis_x1dints.fits,seg005,3,84,60694.05108221101,TDB-MID,2043.132305994065,0.1444346447411277,2038,0.8522004674063691,2.828497546304791,1904,1.0010555682647382,1.0018463670526163
TOI-2076_d,NIRISS_SOSS,obs14,SOSS_HDU3_ordem_1,jw05959014001_04102_00001-seg005_nis_x1dints.fits,seg005,3,85,60694.05115928987,TDB-MID,2033.509561614221,0.1444166529350939,2038,0.8522004674063691,2.828497546304791,1905,0.9963407968252329,0.99712787110904
TOI-2076_d,NIRISS_SOSS,obs14,SOSS_HDU3_ordem_1,jw05959014001_04102_00001-seg005_nis_x1dints.fits,seg005,3,86,60694.051236368716,TDB-MID,2037.5999675562693,0.14442482080879204,2038,0.8522004674063691,2.828497546304791,1906,0.9983449370528323,0.999133594537126
TOI-2076_d,NIRISS_SOSS,obs14,SOSS_HDU3_ordem_1,jw05959014001_04102_00001-seg005_nis_x1dints.fits,seg005,3,87,60694.05131344757,TDB-MID,2033.2328846853416,0.14441604287849188,2038,0.8522004674063691,2.828497546304791,1907,0.9962052358635406,0.9969922030589426
TOI-2076_d,NIRISS_SOSS,obs14,SOSS_HDU3_ordem_1,jw05959014001_04102_00001-seg005_nis_x1dints.fits,seg005,3,88,60694.05139052642,TDB-MID,2038.7784431641653,0.1444276763917004,2038,0.8522004674063691,2.828497546304791,1908,0.9989223443826892,0.9997114579985215
TOI-2076_d,NIRISS_SOSS,obs14,SOSS_HDU3_ordem_1,jw05959014001_04102_00001-seg005_nis_x1dints.fits,seg005,3,89,60694.05146760528,TDB-MID,2045.521653710103,0.14444127770297327,2038,0.8522004674063691,2.828497546304791,1909,1.0022262559527764,1.0030179795428673
TOI-2076_d,NIRISS_SOSS,obs14,SOSS_HDU3_ordem_1,jw05959014001_04102_00001-seg005_nis_x1dints.fits,seg005,3,90,60694.05154468413,TDB-MID,2034.9717621738437,0.1444189834780556,2038,0.8522004674063691,2.828497546304791,1910,0.997057218374555,0.9978448586062582
TOI-2076_d,NIRISS_SOSS,obs14,SOSS_HDU3_ordem_1,jw05959014001_04102_00001-seg005_nis_x1dints.fits,seg005,3,91,60694.051621762985,TDB-MID,2035.951852580911,0.14442194820173684,2038,0.8522004674063691,2.828497546304791,1911,0.9975374246521999,0.9983254442300198
TOI-2076_d,NIRISS_SOSS,obs14,SOSS_HDU3_ordem_1,jw05959014001_04102_00001-seg005_nis_x1dints.fits,seg005,3,92,60694.05169884184,TDB-MID,2039.2395994254364,0.14443170256085355,2038,0.8522004674063691,2.828497546304791,1912,0.9991482930605263,0.9999375851678891
TOI-2076_d,NIRISS_SOSS,obs14,SOSS_HDU3_ordem_1,jw05959014001_04102_00001-seg005_nis_x1dints.fits,seg005,3,93,60694.05177592069,TDB-MID,2045.0416494009983,0.14443915928584608,2038,0.8522004674063691,2.828497546304791,1913,1.0019910724626957,1.0027826102660784
TOI-2076_d,NIRISS_SOSS,obs14,SOSS_HDU3_ordem_1,jw05959014001_04102_00001-seg005_nis_x1dints.fits,seg005,3,94,60694.05185299954,TDB-MID,2042.2837339332116,0.14443316078724255,2038,0.8522004674063691,2.828497546304791,1914,1.0006398008745896,1.0014302712208123
TOI-2076_d,NIRISS_SOSS,obs14,SOSS_HDU3_ordem_1,jw05959014001_04102_00001-seg005_nis_x1dints.fits,seg005,3,95,60694.0519300784,TDB-MID,2045.9500161127703,0.14443885786060479,2038,0.8522004674063691,2.828497546304791,1915,1.0024361369121089,1.0032280263007964
TOI-2076_d,NIRISS_SOSS,obs14,SOSS_HDU3_ordem_1,jw05959014001_04102_00001-seg005_nis_x1dints.fits,seg005,3,96,60694.052007157254,TDB-MID,2050.280871696388,0.14444896968921203,2038,0.8522004674063691,2.828497546304791,1916,1.0045580881360272,1.0053516537917562
TOI-2076_d,NIRISS_SOSS,obs14,SOSS_HDU3_ordem_1,jw05959014001_04102_00001-seg005_nis_x1dints.fits,seg005,3,97,60694.05208423611,TDB-MID,2050.0917562654595,0.1444501591082723,2038,0.8522004674063691,2.828497546304791,1917,1.004465428911453,1.0052589213696446
TOI-2076_d,NIRISS_SOSS,obs14,SOSS_HDU3_ordem_1,jw05959014001_04102_00001-seg005_nis_x1dints.fits,seg005,3,98,60694.052161314954,TDB-MID,2047.8222179202583,0.14444284547972208,2038,0.8522004674063691,2.828497546304791,1918,1.0033534431672166,1.0041460571956722
TOI-2076_d,NIRISS_SOSS,obs14,SOSS_HDU3_ordem_1,jw05959014001_04102_00001-seg005_nis_x1dints.fits,seg005,3,99,60694.052238393815,TDB-MID,2037.0435218670148,0.14443388292881654,2038,0.8522004674063691,2.828497546304791,1919,0.99807230025196,0.9988607423627434
TOI-2076_d,NIRISS_SOSS,obs14,SOSS_HDU3_ordem_1,jw05959014001_04102_00001-seg005_nis_x1dints.fits,seg005,3,100,60694.05231547267,TDB-MID,2035.5700292361794,0.14441781333920353,2038,0.8522004674063691,2.828497546304791,1920,0.9973503460258105,0.9981382178180771
TOI-2076_d,NIRISS_SOSS,obs14,SOSS_HDU3_ordem_1,jw05959014001_04102_00001-seg005_nis_x1dints.fits,seg005,3,101,60694.05239255152,TDB-MID,2033.8071225148137,0.1444165883137445,2038,0.8522004674063691,2.828497546304791,1921,0.9964865901228879,0.9972737795782866
TOI-2076_d,NIRISS_SOSS,obs14,SOSS_HDU3_ordem_1,jw05959014001_04102_00001-seg005_nis_x1dints.fits,seg005,3,102,60694.05246963037,TDB-MID,2037.8282192963006,0.14442184918021964,2038,0.8522004674063691,2.828497546304791,1922,0.9984567715506053,0.9992455173802296
TOI-2076_d,NIRISS_SOSS,obs14,SOSS_HDU3_ordem_1,jw05959014001_04102_00001-seg005_nis_x1dints.fits,seg005,3,103,60694.05254670923,TDB-MID,2035.7183256128806,0.1444182230072112,2038,0.8522004674063691,2.828497546304791,1923,0.9974230054973556,0.9982109346880563
TOI-2076_d,NIRISS_SOSS,obs14,SOSS_HDU3_ordem_1,jw05959014001_04102_00001-seg005_nis_x1dints.fits,seg005,3,104,60694.052623788084,TDB-MID,2040.9580815447669,0.14442958228628877,2038,0.8522004674063691,2.828497546304791,1924,0.9999902826318684,1.0007802398814607
TOI-2076_d,NIRISS_SOSS,obs14,SOSS_HDU3_ordem_1,jw05959014001_04102_00001-seg005_nis_x1dints.fits,seg005,3,105,60694.05270086694,TDB-MID,2033.6135960881434,0.14441426192654502,2038,0.8522004674063691,2.828497546304791,1925,0.9963917696815212,0.997178884232097
TOI-2076_d,NIRISS_SOSS,obs14,SOSS_HDU3_ordem_1,jw05959014001_04102_00001-seg005_nis_x1dints.fits,seg005,3,106,60694.052777945784,TDB-MID,2039.6355225660016,0.14444539829755457,2038,0.8522004674063691,2.828497546304791,1926,0.9993422800398839,1.0001317253901565
TOI-2076_d,NIRISS_SOSS,obs14,SOSS_HDU3_ordem_1,jw05959014001_04102_00001-seg005_nis_x1dints.fits,seg005,3,107,60694.052855024645,TDB-MID,2048.0229638003043,0.14461830866126418,2038,0.8522004674063691,2.828497546304791,1927,1.0034518008606645,1.0042444925882479
TOI-2076_d,NIRISS_SOSS,obs14,SOSS_HDU3_ordem_1,jw05959014001_04102_00001-seg005_nis_x1dints.fits,seg005,3,108,60694.0529321035,TDB-MID,2037.1379669758826,0.14442201140269395,2038,0.8522004674063691,2.828497546304791,1928,0.9981185746913833,0.9989070533573507
TOI-2076_d,NIRISS_SOSS,obs14,SOSS_HDU3_ordem_1,jw05959014001_04102_00001-seg005_nis_x1dints.fits,seg005,3,109,60694.05300918235,TDB-MID,2045.4147298111588,0.14444318687282565,2038,0.8522004674063691,2.828497546304791,1929,1.0021738673903202,1.0029655495952845
TOI-2076_d,NIRISS_SOSS,obs14,SOSS_HDU3_ordem_1,jw05959014001_04102_00001-seg005_nis_x1dints.fits,seg005,3,110,60694.05308626121,TDB-MID,2039.1503774348241,0.14442754565004648,2038,0.8522004674063691,2.828497546304791,1930,0.9991045777464216,0.9998938353202195
TOI-2076_d,NIRISS_SOSS,obs14,SOSS_HDU3_ordem_1,jw05959014001_04102_00001-seg005_nis_x1dints.fits,seg005,3,111,60694.05316334006,TDB-MID,2036.9042400297424,0.14443518978927888,2038,0.8522004674063691,2.828497546304791,1931,0.9980040575550232,0.9987924457564695
TOI-2076_d,NIRISS_SOSS,obs14,SOSS_HDU3_ordem_1,jw05959014001_04102_00001-seg005_nis_x1dints.fits,seg005,3,112,60694.053240418914,TDB-MID,2040.7099603410888,0.14443010325890387,2038,0.8522004674063691,2.828497546304791,1932,0.9998687128677285,1.0006585740814709
TOI-2076_d,NIRISS_SOSS,obs14,SOSS_HDU3_ordem_1,jw05959014001_04102_00001-seg005_nis_x1dints.fits,seg005,3,113,60694.05331749777,TDB-MID,2045.883499681628,0.14444085002748613,2038,0.8522004674063691,2.828497546304791,1933,1.0024035464413006,1.0031954100846594
TOI-2076_d,NIRISS_SOSS,obs14,SOSS_HDU3_ordem_1,jw05959014001_04102_00001-seg005_nis_x1dints.fits,seg005,3,114,60694.05339457662,TDB-MID,2043.3767807162164,0.14443679804948448,2038,0.8522004674063691,2.828497546304791,1934,1.0011753513943924,1.0019662448067417
TOI-2076_d,NIRISS_SOSS,obs14,SOSS_HDU3_ordem_1,jw05959014001_04102_00001-seg005_nis_x1dints.fits,seg005,3,115,60694.053471655476,TDB-MID,2040.6088933060064,0.14443167550068842,2038,0.8522004674063691,2.828497546304791,1935,0.9998191939413523,1.0006090160368797
TOI-2076_d,NIRISS_SOSS,obs14,SOSS_HDU3_ordem_1,jw05959014001_04102_00001-seg005_nis_x1dints.fits,seg005,3,116,60694.05354873433,TDB-MID,2037.0904370743644,0.14442197331234158,2038,0.8522004674063691,2.828497546304791,1936,0.9980952868835237,0.9988837471529397
TOI-2076_d,NIRISS_SOSS,obs14,SOSS_HDU3_ordem_1,jw05959014001_04102_00001-seg005_nis_x1dints.fits,seg005,3,117,60694.053625813176,TDB-MID,2039.3368678973297,0.1444289241918383,2038,0.8522004674063691,2.828497546304791,1937,0.999195950838302,0.9999852805936377
TOI-2076_d,NIRISS_SOSS,obs14,SOSS_HDU3_ordem_1,jw05959014001_04102_00001-seg005_nis_x1dints.fits,seg005,3,118,60694.05370289204,TDB-MID,2036.554824225714,0.14442162761339208,2038,0.8522004674063691,2.828497546304791,1938,0.997832857366354,0.9986211103256559
TOI-2076_d,NIRISS_SOSS,obs14,SOSS_HDU3_ordem_1,jw05959014001_04102_00001-seg005_nis_x1dints.fits,seg005,3,119,60694.05377997089,TDB-MID,2037.6927264333408,0.14442546562720263,2038,0.8522004674063691,2.828497546304791,1939,0.9983903853040914,0.9991790786909095
TOI-2076_d,NIRISS_SOSS,obs14,SOSS_HDU3_ordem_1,jw05959014001_04102_00001-seg005_nis_x1dints.fits,seg005,3,120,60694.053857049745,TDB-MID,2039.61174320419,0.14442774291178573,2038,0.8522004674063691,2.828497546304791,1940,0.9993306290750974,1.0001200652215163
TOI-2076_d,NIRISS_SOSS,obs14,SOSS_HDU3_ordem_1,jw05959014001_04102_00001-seg005_nis_x1dints.fits,seg005,3,121,60694.05393412859,TDB-MID,2042.1267808221419,0.14443544337495473,2038,0.8522004674063691,2.828497546304791,1941,1.000562899939035,1.0013533095362157
TOI-2076_d,NIRISS_SOSS,obs14,SOSS_HDU3_ordem_1,jw05959014001_04102_00001-seg005_nis_x1dints.fits,seg005,3,122,60694.05401120745,TDB-MID,2039.4743788914543,0.14442879007949072,2038,0.8522004674063691,2.828497546304791,1942,0.9992633258907948,1.0000527088700588
TOI-2076_d,NIRISS_SOSS,obs14,SOSS_HDU3_ordem_1,jw05959014001_04102_00001-seg005_nis_x1dints.fits,seg005,3,123,60694.054088286306,TDB-MID,2044.0596280292093,0.14443623524458482,2038,0.8522004674063691,2.828497546304791,1943,1.0015099200872473,1.0023010777971293
TOI-2076_d,NIRISS_SOSS,obs14,SOSS_HDU3_ordem_1,jw05959014001_04102_00001-seg005_nis_x1dints.fits,seg005,3,124,60694.05416536516,TDB-MID,2044.0150048799428,0.14443848099353376,2038,0.8522004674063691,2.828497546304791,1944,1.0014880564752258,1.0022791969136213
TOI-2076_d,NIRISS_SOSS,obs14,SOSS_HDU3_ordem_1,jw05959014001_04102_00001-seg005_nis_x1dints.fits,seg005,3,125,60694.05424244401,TDB-MID,2035.4854137453217,0.14441972666955313,2038,0.8522004674063691,2.828497546304791,1945,0.9973088877178801,0.9980967267595375
TOI-2076_d,NIRISS_SOSS,obs14,SOSS_HDU3_ordem_1,jw05959014001_04102_00001-seg005_nis_x1dints.fits,seg005,3,126,60694.05431952287,TDB-MID,2032.6273223064813,0.1444145458189224,2038,0.8522004674063691,2.828497546304791,1946,0.9959085337902039,0.9966952666013745
TOI-2076_d,NIRISS_SOSS,obs14,SOSS_HDU3_ordem_1,jw05959014001_04102_00001-seg005_nis_x1dints.fits,seg005,3,127,60694.05439660172,TDB-MID,2036.6384739162654,0.14442102543010668,2038,0.8522004674063691,2.828497546304791,1947,0.9978738424696019,0.9986621278056979
TOI-2076_d,NIRISS_SOSS,obs14,SOSS_HDU3_ordem_1,jw05959014001_04102_00001-seg005_nis_x1dints.fits,seg005,3,128,60694.054473680575,TDB-MID,2033.079096262106,0.14441760541285495,2038,0.8522004674063691,2.828497546304791,1948,0.9961298855022532,0.9969167931735127
TOI-2076_d,NIRISS_SOSS,obs14,SOSS_HDU3_ordem_1,jw05959014001_04102_00001-seg005_nis_x1dints.fits,seg005,3,129,60694.05455075942,TDB-MID,2036.3452454808962,0.14442067784797738,2038,0.8522004674063691,2.828497546304791,1949,0.9977301719118319,0.9985183437532265
TOI-2076_d,NIRISS_SOSS,obs14,SOSS_HDU3_ordem_1,jw05959014001_04102_00001-seg005_nis_x1dints.fits,seg005,3,130,60694.05462783828,TDB-MID,2038.4836752389788,0.14442676174207875,2038,0.8522004674063691,2.828497546304791,1950,0.9987779195346321,0.9995669190598999
TOI-2076_d,NIRISS_SOSS,obs14,SOSS_HDU3_ordem_1,jw05959014001_04102_00001-seg005_nis_x1dints.fits,seg005,3,131,60694.05470491713,TDB-MID,2038.5228859902927,0.14442452920544324,2038,0.8522004674063691,2.828497546304791,1951,0.9987971312816264,0.9995861459835005
TOI-2076_d,NIRISS_SOSS,obs14,SOSS_HDU3_ordem_1,jw05959014001_04102_00001-seg005_nis_x1dints.fits,seg005,3,132,60694.05478199599,TDB-MID,2040.516389723019,0.1444292944385639,2038,0.8522004674063691,2.828497546304791,1952,0.9997738707742906,1.0005636570661056
TOI-2076_d,NIRISS_SOSS,obs14,SOSS_HDU3_ordem_1,jw05959014001_04102_00001-seg005_nis_x1dints.fits,seg005,3,133,60694.05485907484,TDB-MID,2036.511447174531,0.1444194203996139,2038,0.8522004674063691,2.828497546304791,1953,0.9978116042940521,0.9985998404641724
TOI-2076_d,NIRISS_SOSS,obs14,SOSS_HDU3_ordem_1,jw05959014001_04102_00001-seg005_nis_x1dints.fits,seg005,3,134,60694.0549361537,TDB-MID,2045.3149834754179,0.14443993984829834,2038,0.8522004674063691,2.828497546304791,1954,1.002124995555386,1.0029166391533146
TOI-2076_d,NIRISS_SOSS,obs14,SOSS_HDU3_ordem_1,jw05959014001_04102_00001-seg005_nis_x1dints.fits,seg005,3,135,60694.055013232544,TDB-MID,2043.0204728829292,0.14443444924888296,2038,0.8522004674063691,2.828497546304791,1955,1.001000774378757,1.001791529881387
TOI-2076_d,NIRISS_SOSS,obs14,SOSS_HDU3_ordem_1,jw05959014001_04102_00001-seg005_nis_x1dints.fits,seg005,3,136,60694.0550903114,TDB-MID,2044.7505062944963,0.1444430310621875,2038,0.8522004674063691,2.828497546304791,1956,1.001848423635172,1.0026398487509842
TOI-2076_d,NIRISS_SOSS,obs14,SOSS_HDU3_ordem_1,jw05959014001_04102_00001-seg005_nis_x1dints.fits,seg005,3,137,60694.05516739025,TDB-MID,2042.77504710577,0.1444338126686025,2038,0.8522004674063691,2.828497546304791,1957,1.0008805252690443,1.0016711857790954
TOI-2076_d,NIRISS_SOSS,obs14,SOSS_HDU3_ordem_1,jw05959014001_04102_00001-seg005_nis_x1dints.fits,seg005,3,138,60694.05524446911,TDB-MID,2038.0568710194234,0.14442419933635445,2038,0.8522004674063691,2.828497546304791,1958,0.998568802024576,0.9993576363543454
TOI-2076_d,NIRISS_SOSS,obs14,SOSS_HDU3_ordem_1,jw05959014001_04102_00001-seg005_nis_x1dints.fits,seg005,3,139,60694.05532154796,TDB-MID,2037.8576185890686,0.14442584508992437,2038,0.8522004674063691,2.828497546304791,1959,0.9984711760635396,0.9992599332722241
TOI-2076_d,NIRISS_SOSS,obs14,SOSS_HDU3_ordem_1,jw05959014001_04102_00001-seg005_nis_x1dints.fits,seg005,3,140,60694.05539862681,TDB-MID,2033.250675018872,0.1444127479121681,2038,0.8522004674063691,2.828497546304791,1960,0.9962139524368089,0.9970009265179981
TOI-2076_d,NIRISS_SOSS,obs14,SOSS_HDU3_ordem_1,jw05959014001_04102_00001-seg005_nis_x1dints.fits,seg005,3,141,60694.05547570567,TDB-MID,2046.7845398924728,0.14444318864854505,2038,0.8522004674063691,2.828497546304791,1961,1.0028450211894853,1.0036372335824106
TOI-2076_d,NIRISS_SOSS,obs14,SOSS_HDU3_ordem_1,jw05959014001_04102_00001-seg005_nis_x1dints.fits,seg005,3,142,60694.05555278453,TDB-MID,2043.7402991289305,0.1444352935888785,2038,0.8522004674063691,2.828497546304791,1962,1.001353461314218,1.0021444954271572
TOI-2076_d,NIRISS_SOSS,obs14,SOSS_HDU3_ordem_1,jw05959014001_04102_00001-seg005_nis_x1dints.fits,seg005,3,143,60694.055629863375,TDB-MID,2037.3195776042346,0.1444237288193706,2038,0.8522004674063691,2.828497546304791,1963,0.9982075568538377,0.9989961058125926
TOI-2076_d,NIRISS_SOSS,obs14,SOSS_HDU3_ordem_1,jw05959014001_04102_00001-seg005_nis_x1dints.fits,seg005,3,144,60694.05570694223,TDB-MID,2039.2839741121575,0.1444255749340792,2038,0.8522004674063691,2.828497546304791,1964,0.9991700349355395,0.9999593442182209
TOI-2076_d,NIRISS_SOSS,obs14,SOSS_HDU3_ordem_1,jw05959014001_04102_00001-seg005_nis_x1dints.fits,seg005,3,145,60694.05578402108,TDB-MID,2034.5733903204334,0.14441678087398913,2038,0.8522004674063691,2.828497546304791,1965,0.9968620316208991,0.997649517661913
TOI-2076_d,NIRISS_SOSS,obs14,SOSS_HDU3_ordem_1,jw05959014001_04102_00001-seg005_nis_x1dints.fits,seg005,3,146,60694.05586109994,TDB-MID,2039.976856819375,0.1444272931448498,2038,0.8522004674063691,2.828497546304791,1966,0.9995095205822494,1.0002990980466846
TOI-2076_d,NIRISS_SOSS,obs14,SOSS_HDU3_ordem_1,jw05959014001_04102_00001-seg005_nis_x1dints.fits,seg005,3,147,60694.05593817879,TDB-MID,2041.2600026720772,0.14443351799833212,2038,0.8522004674063691,2.828497546304791,1967,1.0001382122714635,1.0009282863802824
TOI-2076_d,NIRISS_SOSS,obs14,SOSS_HDU3_ordem_1,jw05959014001_04102_00001-seg005_nis_x1dints.fits,seg005,3,148,60694.05601525764,TDB-MID,2045.8177619282367,0.14444128372252474,2038,0.8522004674063691,2.828497546304791,1968,1.002371337492382,1.0031631756918007
TOI-2076_d,NIRISS_SOSS,obs14,SOSS_HDU3_ordem_1,jw05959014001_04102_00001-seg005_nis_x1dints.fits,seg005,3,149,60694.0560923365,TDB-MID,2041.7231289581678,0.144431478572989,2038,0.8522004674063691,2.828497546304791,1969,1.0003651261850366,1.0011553795478885
TOI-2076_d,NIRISS_SOSS,obs14,SOSS_HDU3_ordem_1,jw05959014001_04102_00001-seg005_nis_x1dints.fits,seg005,3,150,60694.05616941535,TDB-MID,2033.5894802878624,0.14441560870585954,2038,0.8522004674063691,2.828497546304791,1970,0.9963799538749366,0.9971670590914397
TOI-2076_d,NIRISS_SOSS,obs14,SOSS_HDU3_ordem_1,jw05959014001_04102_00001-seg005_nis_x1dints.fits,seg005,3,151,60694.056246494205,TDB-MID,2045.9425820474908,0.14443944301154002,2038,0.8522004674063691,2.828497546304791,1971,1.0024324945085206,1.003224381019837
TOI-2076_d,NIRISS_SOSS,obs14,SOSS_HDU3_ordem_1,jw05959014001_04102_00001-seg005_nis_x1dints.fits,seg005,3,152,60694.05632357306,TDB-MID,2038.212608766461,0.14442494994477284,2038,0.8522004674063691,2.828497546304791,1972,0.9986451074789039,0.9994340020873059
TOI-2076_d,NIRISS_SOSS,obs14,SOSS_HDU3_ordem_1,jw05959014001_04102_00001-seg005_nis_x1dints.fits,seg005,3,153,60694.05640065192,TDB-MID,2039.8889902467056,0.14442955934633112,2038,0.8522004674063691,2.828497546304791,1973,0.9994664693703543,1.0002560128258422
TOI-2076_d,NIRISS_SOSS,obs14,SOSS_HDU3_ordem_1,jw05959014001_04102_00001-seg005_nis_x1dints.fits,seg005,3,154,60694.056477730766,TDB-MID,2044.4407801294362,0.14444461010103257,2038,0.8522004674063691,2.828497546304791,1974,1.0016966698298697,1.0024879750654985
TOI-2076_d,NIRISS_SOSS,obs14,SOSS_HDU3_ordem_1,jw05959014001_04102_00001-seg005_nis_x1dints.fits,seg005,3,155,60694.05655480962,TDB-MID,2040.4211979079869,0.1444269845099149,2038,0.8522004674063691,2.828497546304791,1975,0.9997272304778145,1.0005169799254312
TOI-2076_d,NIRISS_SOSS,obs14,SOSS_HDU3_ordem_1,jw05959014001_04102_00001-seg005_nis_x1dints.fits,seg005,3,156,60694.056631888474,TDB-MID,2034.7255553227415,0.14441491915667246,2038,0.8522004674063691,2.828497546304791,1976,0.9969365865689114,0.9977241315057191
TOI-2076_d,NIRISS_SOSS,obs14,SOSS_HDU3_ordem_1,jw05959014001_04102_00001-seg005_nis_x1dints.fits,seg005,3,157,60694.056708967335,TDB-MID,2041.362724664556,0.1444341710635191,2038,0.8522004674063691,2.828497546304791,1977,1.0001885420627612,1.00097865593035
TOI-2076_d,NIRISS_SOSS,obs14,SOSS_HDU3_ordem_1,jw05959014001_04102_00001-seg005_nis_x1dints.fits,seg005,3,158,60694.05678604618,TDB-MID,2028.4093040760135,0.14440382556912879,2038,0.8522004674063691,2.828497546304791,1978,0.9938418684918949,0.9946269687099661
TOI-2076_d,NIRISS_SOSS,obs14,SOSS_HDU3_ordem_1,jw05959014001_04102_00001-seg005_nis_x1dints.fits,seg005,3,159,60694.056863125035,TDB-MID,2040.228733124326,0.14442813762652298,2038,0.8522004674063691,2.828497546304791,1979,0.999632930200337,1.0004226051540421
TOI-2076_d,NIRISS_SOSS,obs14,SOSS_HDU3_ordem_1,jw05959014001_04102_00001-seg005_nis_x1dints.fits,seg005,3,160,60694.05694020389,TDB-MID,2040.763700823722,0.14442806409912667,2038,0.8522004674063691,2.828497546304791,1980,0.9998950436194,1.0006849256335126
TOI-2076_d,NIRISS_SOSS,obs14,SOSS_HDU3_ordem_1,jw05959014001_04102_00001-seg005_nis_x1dints.fits,seg005,3,161,60694.05701728275,TDB-MID,2035.2465725216093,0.14442394466254194,2038,0.8522004674063691,2.828497546304791,1981,0.997191864783914,0.997979611381558
TOI-2076_d,NIRISS_SOSS,obs14,SOSS_HDU3_ordem_1,jw05959014001_04102_00001-seg005_nis_x1dints.fits,seg005,3,162,60694.0570943616,TDB-MID,2044.9209577839472,0.1444392346218768,2038,0.8522004674063691,2.828497546304791,1982,1.0019319382524747,1.0027234293419054
TOI-2076_d,NIRISS_SOSS,obs14,SOSS_HDU3_ordem_1,jw05959014001_04102_00001-seg005_nis_x1dints.fits,seg005,3,163,60694.05717144045,TDB-MID,2042.7975771679025,0.14443654260443234,2038,0.8522004674063691,2.828497546304791,1983,1.0008915641254537,1.0016822333558142
TOI-2076_d,NIRISS_SOSS,obs14,SOSS_HDU3_ordem_1,jw05959014001_04102_00001-seg005_nis_x1dints.fits,seg005,3,164,60694.057248519304,TDB-MID,2039.4207101122681,0.14442601957329615,2038,0.8522004674063691,2.828497546304791,1984,0.9992370302710306,1.0000263924776773
TOI-2076_d,NIRISS_SOSS,obs14,SOSS_HDU3_ordem_1,jw05959014001_04102_00001-seg005_nis_x1dints.fits,seg005,3,165,60694.057325598165,TDB-MID,2037.5398061074657,0.14442173374504377,2038,0.8522004674063691,2.828497546304791,1985,0.9983154602768335,0.999104094475508
TOI-2076_d,NIRISS_SOSS,obs14,SOSS_HDU3_ordem_1,jw05959014001_04102_00001-seg005_nis_x1dints.fits,seg005,3,166,60694.05740267701,TDB-MID,2039.1150097261657,0.14442744106910155,2038,0.8522004674063691,2.828497546304791,1986,0.9990872489412407,0.9998764928258903
TOI-2076_d,NIRISS_SOSS,obs14,SOSS_HDU3_ordem_1,jw05959014001_04102_00001-seg005_nis_x1dints.fits,seg005,3,167,60694.057479755866,TDB-MID,2033.5661687664156,0.14441576951919824,2038,0.8522004674063691,2.828497546304791,1987,0.9963685321337794,0.9971556283275075
TOI-2076_d,NIRISS_SOSS,obs14,SOSS_HDU3_ordem_1,jw05959014001_04102_00001-seg005_nis_x1dints.fits,seg005,3,168,60694.05755683472,TDB-MID,2037.8265022491485,0.14442268541660203,2038,0.8522004674063691,2.828497546304791,1988,0.9984559302641122,0.9992446754291497
TOI-2076_d,NIRISS_SOSS,obs14,SOSS_HDU3_ordem_1,jw05959014001_04102_00001-seg005_nis_x1dints.fits,seg005,3,169,60694.05763391357,TDB-MID,2047.2830400836112,0.14444548940337928,2038,0.8522004674063691,2.828497546304791,1989,1.0030892669442295,1.0038816722827346
TOI-2076_d,NIRISS_SOSS,obs14,SOSS_HDU3_ordem_1,jw05959014001_04102_00001-seg005_nis_x1dints.fits,seg005,3,170,60694.05771099243,TDB-MID,2047.758993443642,0.1444594541118546,2038,0.8522004674063691,2.828497546304791,1990,1.0033224656264175,1.0041150551837021
TOI-2076_d,NIRISS_SOSS,obs14,SOSS_HDU3_ordem_1,jw05959014001_04102_00001-seg005_nis_x1dints.fits,seg005,3,171,60694.05778807128,TDB-MID,2044.8017846213804,0.1444482038209672,2038,0.8522004674063691,2.828497546304791,1991,1.001873548026044,1.0026649929892437
TOI-2076_d,NIRISS_SOSS,obs14,SOSS_HDU3_ordem_1,jw05959014001_04102_00001-seg005_nis_x1dints.fits,seg005,3,172,60694.057865150135,TDB-MID,2045.0066416881414,0.1444404893206739,2038,0.8522004674063691,2.828497546304791,1992,1.0019739200414917,1.0027654442950633
TOI-2076_d,NIRISS_SOSS,obs14,SOSS_HDU3_ordem_1,jw05959014001_04102_00001-seg005_nis_x1dints.fits,seg005,3,173,60694.05794222899,TDB-MID,2033.1241558867184,0.14442132128056168,2038,0.8522004674063691,2.828497546304791,1993,0.9961519629702614,0.9969388880819463
TOI-2076_d,NIRISS_SOSS,obs14,SOSS_HDU3_ordem_1,jw05959014001_04102_00001-seg005_nis_x1dints.fits,seg005,3,174,60694.05801930784,TDB-MID,2042.007587537657,0.14443216382123847,2038,0.8522004674063691,2.828497546304791,1994,1.0005044998536448,1.0012948633168066
TOI-2076_d,NIRISS_SOSS,obs14,SOSS_HDU3_ordem_1,jw05959014001_04102_00001-seg005_nis_x1dints.fits,seg005,3,175,60694.058096386696,TDB-MID,2032.5311086084616,0.14441152312257793,2038,0.8522004674063691,2.828497546304791,1995,0.9958613928107072,0.9966480883821575
TOI-2076_d,NIRISS_SOSS,obs14,SOSS_HDU3_ordem_1,jw05959014001_04102_00001-seg005_nis_x1dints.fits,seg005,3,176,60694.05817346555,TDB-MID,2035.5751336304027,0.14442195579750525,2038,0.8522004674063691,2.828497546304791,1996,0.9973528469809592,0.9981407207488926
TOI-2076_d,NIRISS_SOSS,obs14,SOSS_HDU3_ordem_1,jw05959014001_04102_00001-seg005_nis_x1dints.fits,seg005,3,177,60694.0582505444,TDB-MID,2041.1709942086975,0.14443043131786765,2038,0.8522004674063691,2.828497546304791,1997,1.000094601577419,1.0008846412353194
TOI-2076_d,NIRISS_SOSS,obs14,SOSS_HDU3_ordem_1,jw05959014001_04102_00001-seg005_nis_x1dints.fits,seg005,3,178,60694.05832762325,TDB-MID,2039.625110373372,0.14443517709723078,2038,0.8522004674063691,2.828497546304791,1998,0.999337178469428,1.0001266197896388
TOI-2076_d,NIRISS_SOSS,obs14,SOSS_HDU3_ordem_1,jw05959014001_04102_00001-seg005_nis_x1dints.fits,seg005,3,179,60694.05840470211,TDB-MID,2035.798776971235,0.1444177492502915,2038,0.8522004674063691,2.828497546304791,1999,0.9974624235419036,0.9982503838714769
TOI-2076_d,NIRISS_SOSS,obs14,SOSS_HDU3_ordem_1,jw05959014001_04102_00001-seg005_nis_x1dints.fits,seg005,3,180,60694.058481780965,TDB-MID,2042.0661175116377,0.1444343542771393,2038,0.8522004674063691,2.828497546304791,2000,1.0005331772702721,1.0013235633875872
TOI-2076_d,NIRISS_SOSS,obs14,SOSS_HDU3_ordem_1,jw05959014001_04102_00001-seg005_nis_x1dints.fits,seg005,3,181,60694.05855885982,TDB-MID,2032.5987040814182,0.14441273607844485,2038,0.8522004674063691,2.828497546304791,2001,0.995894511970144,0.9966812337045685
TOI-2076_d,NIRISS_SOSS,obs14,SOSS_HDU3_ordem_1,jw05959014001_04102_00001-seg005_nis_x1dints.fits,seg005,3,182,60694.058635938665,TDB-MID,2031.2114925087258,0.14441101188371047,2038,0.8522004674063691,2.828497546304791,2002,0.9952148321152805,0.9960010169264588
TOI-2076_d,NIRISS_SOSS,obs14,SOSS_HDU3_ordem_1,jw05959014001_04102_00001-seg005_nis_x1dints.fits,seg005,3,183,60694.058713017526,TDB-MID,2037.0715500397241,0.14442263135776612,2038,0.8522004674063691,2.828497546304791,2003,0.9980860329692571,0.9988744859284056
TOI-2076_d,NIRISS_SOSS,obs14,SOSS_HDU3_ordem_1,jw05959014001_04102_00001-seg005_nis_x1dints.fits,seg005,3,184,60694.05879009638,TDB-MID,2039.349461481741,0.14443149443597272,2038,0.8522004674063691,2.828497546304791,2004,0.9992021212061055,0.9999914558358154
TOI-2076_d,NIRISS_SOSS,obs14,SOSS_HDU3_ordem_1,jw05959014001_04102_00001-seg005_nis_x1dints.fits,seg005,3,185,60694.058867175234,TDB-MID,2044.583437047841,0.1444383745881963,2038,0.8522004674063691,2.828497546304791,2005,1.0017665661856276,1.002557926636926
TOI-2076_d,NIRISS_SOSS,obs14,SOSS_HDU3_ordem_1,jw05959014001_04102_00001-seg005_nis_x1dints.fits,seg005,3,186,60694.05894425408,TDB-MID,2033.041843490409,0.14441322910869162,2038,0.8522004674063691,2.828497546304791,2006,0.996111633089313,0.9968985263418064
TOI-2076_d,NIRISS_SOSS,obs14,SOSS_HDU3_ordem_1,jw05959014001_04102_00001-seg005_nis_x1dints.fits,seg005,3,187,60694.05902133294,TDB-MID,2040.1741165147696,0.1444308990831586,2038,0.8522004674063691,2.828497546304791,2007,0.9996061701804617,1.0003958239946897
TOI-2076_d,NIRISS_SOSS,obs14,SOSS_HDU3_ordem_1,jw05959014001_04102_00001-seg005_nis_x1dints.fits,seg005,3,188,60694.059098411795,TDB-MID,2034.6714561699484,0.14441796274876234,2038,0.8522004674063691,2.828497546304791,2008,0.9969100800827758,0.9976976040803893
TOI-2076_d,NIRISS_SOSS,obs14,SOSS_HDU3_ordem_1,jw05959014001_04102_00001-seg005_nis_x1dints.fits,seg005,3,189,60694.05917549065,TDB-MID,2034.6784898584674,0.14441841946519832,2038,0.8522004674063691,2.828497546304791,2009,0.9969135263172838,0.9977010530373017
TOI-2076_d,NIRISS_SOSS,obs14,SOSS_HDU3_ordem_1,jw05959014001_04102_00001-seg005_nis_x1dints.fits,seg005,3,190,60694.059252569496,TDB-MID,2044.2935850502495,0.1444365078952561,2038,0.8522004674063691,2.828497546304791,2010,1.0016245499513827,1.002415798214837
TOI-2076_d,NIRISS_SOSS,obs14,SOSS_HDU3_ordem_1,jw05959014001_04102_00001-seg005_nis_x1dints.fits,seg005,3,191,60694.05932964836,TDB-MID,2040.5563462367627,0.14443104717726302,2038,0.8522004674063691,2.828497546304791,2011,0.9997934479159442,1.0005832496730145
TOI-2076_d,NIRISS_SOSS,obs14,SOSS_HDU3_ordem_1,jw05959014001_04102_00001-seg005_nis_x1dints.fits,seg005,3,192,60694.0594067272,TDB-MID,2040.0544891403986,0.14443248309689286,2038,0.8522004674063691,2.828497546304791,2012,0.9995475574078676,1.000337164920061
TOI-2076_d,NIRISS_SOSS,obs14,SOSS_HDU3_ordem_1,jw05959014001_04102_00001-seg005_nis_x1dints.fits,seg005,3,193,60694.059483806064,TDB-MID,2045.1420582796784,0.1444386073229069,2038,0.8522004674063691,2.828497546304791,2013,1.0020402689179673,1.0028318455848242
TOI-2076_d,NIRISS_SOSS,obs14,SOSS_HDU3_ordem_1,jw05959014001_04102_00001-seg005_nis_x1dints.fits,seg005,3,194,60694.05956088491,TDB-MID,2042.8962430839617,0.1444345258207169,2038,0.8522004674063691,2.828497546304791,2014,1.000939906596658,1.001730614015875
TOI-2076_d,NIRISS_SOSS,obs14,SOSS_HDU3_ordem_1,jw05959014001_04102_00001-seg005_nis_x1dints.fits,seg005,3,195,60694.05963796377,TDB-MID,2037.1803178238547,0.14442355365150916,2038,0.8522004674063691,2.828497546304791,2015,0.9981393249639225,0.9989278200218776
TOI-2076_d,NIRISS_SOSS,obs14,SOSS_HDU3_ordem_1,jw05959014001_04102_00001-seg005_nis_x1dints.fits,seg005,3,196,60694.05971504262,TDB-MID,2041.75645712393,0.1444307736272226,2038,0.8522004674063691,2.828497546304791,2016,1.0003814556933208,1.0011717219559115
TOI-2076_d,NIRISS_SOSS,obs14,SOSS_HDU3_ordem_1,jw05959014001_04102_00001-seg005_nis_x1dints.fits,seg005,3,197,60694.05979212147,TDB-MID,2042.416201975112,0.14443437203018705,2038,0.8522004674063691,2.828497546304791,2017,1.0007047050761297,1.0014952266943953
TOI-2076_d,NIRISS_SOSS,obs14,SOSS_HDU3_ordem_1,jw05959014001_04102_00001-seg005_nis_x1dints.fits,seg005,3,198,60694.059869200326,TDB-MID,2040.7458882499382,0.14444330353978047,2038,0.8522004674063691,2.828497546304791,2018,0.9998863161492704,1.0006761912689879
TOI-2076_d,NIRISS_SOSS,obs14,SOSS_HDU3_ordem_1,jw05959014001_04102_00001-seg005_nis_x1dints.fits,seg005,3,199,60694.05994627919,TDB-MID,2034.5970766020828,0.1444173468312488,2038,0.8522004674063691,2.828497546304791,2019,0.9968736369800171,0.9976611321888577
TOI-2076_d,NIRISS_SOSS,obs14,SOSS_HDU3_ordem_1,jw05959014001_04102_00001-seg005_nis_x1dints.fits,seg005,3,200,60694.06002335803,TDB-MID,2041.3888459932532,0.14442929208988833,2038,0.8522004674063691,2.828497546304791,2020,1.0002013405004668,1.0009914644783726
TOI-2076_d,NIRISS_SOSS,obs14,SOSS_HDU3_ordem_1,jw05959014001_04102_00001-seg005_nis_x1dints.fits,seg005,3,201,60694.06010043689,TDB-MID,2033.8103795916159,0.14441590735953225,2038,0.8522004674063691,2.828497546304791,2021,0.9964881859641652,0.9972753766802226
TOI-2076_d,NIRISS_SOSS,obs14,SOSS_HDU3_ordem_1,jw05959014001_04102_00001-seg005_nis_x1dints.fits,seg005,3,202,60694.06017751574,TDB-MID,2039.700073864867,0.14442669484859266,2038,0.8522004674063691,2.828497546304791,2022,0.9993739076721122,1.0001633780071049
TOI-2076_d,NIRISS_SOSS,obs14,SOSS_HDU3_ordem_1,jw05959014001_04102_00001-seg005_nis_x1dints.fits,seg005,3,203,60694.0602545946,TDB-MID,2036.8794018771173,0.144421115536653,2038,0.8522004674063691,2.828497546304791,2023,0.9979918878238131,0.9987802664115986
TOI-2076_d,NIRISS_SOSS,obs14,SOSS_HDU3_ordem_1,jw05959014001_04102_00001-seg005_nis_x1dints.fits,seg005,3,204,60694.06033167345,TDB-MID,2040.088595812789,0.14442898786845879,2038,0.8522004674063691,2.828497546304791,2024,0.999564268354198,1.0003538890674528
TOI-2076_d,NIRISS_SOSS,obs14,SOSS_HDU3_ordem_1,jw05959014001_04102_00001-seg005_nis_x1dints.fits,seg005,3,205,60694.0604087523,TDB-MID,2037.390674088981,0.14441209089418874,2038,0.8522004674063691,2.828497546304791,2025,0.9982423913732326,0.9990309678500361
TOI-2076_d,NIRISS_SOSS,obs14,SOSS_HDU3_ordem_1,jw05959014001_04102_00001-seg005_nis_x1dints.fits,seg005,3,206,60694.060485831156,TDB-MID,2043.3162793812571,0.14443335809945534,2038,0.8522004674063691,2.828497546304791,2026,1.0011457080873627,1.0019365780825393
TOI-2076_d,NIRISS_SOSS,obs14,SOSS_HDU3_ordem_1,jw05959014001_04102_00001-seg005_nis_x1dints.fits,seg005,3,207,60694.06056291002,TDB-MID,2036.3982585777894,0.14442072575668674,2038,0.8522004674063691,2.828497546304791,2027,0.9977561462727093,0.9985443386329378
TOI-2076_d,NIRISS_SOSS,obs14,SOSS_HDU3_ordem_1,jw05959014001_04102_00001-seg005_nis_x1dints.fits,seg005,3,208,60694.060639988864,TDB-MID,2035.0472946916407,0.14441646898351068,2038,0.8522004674063691,2.828497546304791,2028,0.9970942263780522,0.9978818958447803
TOI-2076_d,NIRISS_SOSS,obs14,SOSS_HDU3_ordem_1,jw05959014001_04102_00001-seg005_nis_x1dints.fits,seg005,3,209,60694.06071706772,TDB-MID,2046.0608372463544,0.14443985095140616,2038,0.8522004674063691,2.828497546304791,2029,1.0024904349683483,1.003282367250596
TOI-2076_d,NIRISS_SOSS,obs14,SOSS_HDU3_ordem_1,jw05959014001_04102_00001-seg005_nis_x1dints.fits,seg005,3,210,60694.06079414657,TDB-MID,2044.3724772578537,0.14443455875082875,2038,0.8522004674063691,2.828497546304791,2030,1.001663204072549,1.0024544828714033
TOI-2076_d,NIRISS_SOSS,obs14,SOSS_HDU3_ordem_1,jw05959014001_04102_00001-seg005_nis_x1dints.fits,seg005,3,211,60694.060871225425,TDB-MID,2038.368822042887,0.14442317504535684,2038,0.8522004674063691,2.828497546304791,2031,0.9987216459241843,0.9995106009952737
TOI-2076_d,NIRISS_SOSS,obs14,SOSS_HDU3_ordem_1,jw05959014001_04102_00001-seg005_nis_x1dints.fits,seg005,3,212,60694.06094830428,TDB-MID,2042.4751218156978,0.1444319945833054,2038,0.8522004674063691,2.828497546304791,2032,1.000733573512269,1.0015241179355865
TOI-2076_d,NIRISS_SOSS,obs14,SOSS_HDU3_ordem_1,jw05959014001_04102_00001-seg005_nis_x1dints.fits,seg005,3,213,60694.06102538313,TDB-MID,2041.4456875879787,0.1444308008932814,2038,0.8522004674063691,2.828497546304791,2033,1.0002291906767584,1.0010193366553266
TOI-2076_d,NIRISS_SOSS,obs14,SOSS_HDU3_ordem_1,jw05959014001_04102_00001-seg005_nis_x1dints.fits,seg005,3,214,60694.06110246199,TDB-MID,2048.7910453781055,0.14444405641628635,2038,0.8522004674063691,2.828497546304791,2034,1.0038281310366808,1.004621120051904
TOI-2076_d,NIRISS_SOSS,obs14,SOSS_HDU3_ordem_1,jw05959014001_04102_00001-seg005_nis_x1dints.fits,seg005,3,215,60694.06117954084,TDB-MID,2040.5774572912844,0.1444277529421307,2038,0.8522004674063691,2.828497546304791,2035,0.9998037915136734,1.0005936014418233
TOI-2076_d,NIRISS_SOSS,obs14,SOSS_HDU3_ordem_1,jw05959014001_04102_00001-seg005_nis_x1dints.fits,seg005,3,216,60694.061256619694,TDB-MID,2037.7291477441906,0.1444247454347027,2038,0.8522004674063691,2.828497546304791,2036,0.9984082303334725,0.9991969378172378
TOI-2076_d,NIRISS_SOSS,obs14,SOSS_HDU3_ordem_1,jw05959014001_04102_00001-seg005_nis_x1dints.fits,seg005,3,217,60694.06133369855,TDB-MID,2042.0303694819609,0.14443116354679117,2038,0.8522004674063691,2.828497546304791,2037,1.0005156621225466,1.0013060344035092
TOI-2076_d,NIRISS_SOSS,obs14,SOSS_HDU3_ordem_1,jw05959014001_04102_00001-seg005_nis_x1dints.fits,seg005,3,218,60694.0614107774,TDB-MID,2037.6471881164528,0.1444237680556398,2038,0.8522004674063691,2.828497546304791,2038,0.9983680732954386,0.9991567490565524
TOI-2076_d,NIRISS_SOSS,obs14,SOSS_HDU3_ordem_1,jw05959014001_04102_00001-seg005_nis_x1dints.fits,seg005,3,219,60694.061487856256,TDB-MID,2038.3090891500572,0.14442809348766386,2038,0.8522004674063691,2.828497546304791,2039,0.9986923791239872,0.9994813110753309
TOI-2076_d,NIRISS_SOSS,obs14,SOSS_HDU3_ordem_1,jw05959014001_04102_00001-seg005_nis_x1dints.fits,seg005,3,220,60694.0615649351,TDB-MID,2051.182646769633,0.144453273861223,2038,0.8522004674063691,2.828497546304791,2040,1.0049999229382793,1.0057938376280053
TOI-2076_d,NIRISS_SOSS,obs14,SOSS_HDU3_ordem_1,jw05959014001_04102_00001-seg005_nis_x1dints.fits,seg005,3,221,60694.06164201396,TDB-MID,2049.4567733114213,0.14444661166648756,2038,0.8522004674063691,2.828497546304791,2041,1.0041543118976266,1.0049475585842893
TOI-2076_d,NIRISS_SOSS,obs14,SOSS_HDU3_ordem_1,jw05959014001_04102_00001-seg005_nis_x1dints.fits,seg005,3,222,60694.06171909282,TDB-MID,2029.361649544836,0.14440907695104546,2038,0.8522004674063691,2.828497546304791,2042,0.9943084808261424,0.9950939496515917
TOI-2076_d,NIRISS_SOSS,obs14,SOSS_HDU3_ordem_1,jw05959014001_04102_00001-seg005_nis_x1dints.fits,seg005,3,223,60694.06179617167,TDB-MID,2040.086004395899,0.14442894473326817,2038,0.8522004674063691,2.828497546304791,2043,0.9995629986604538,1.0003526183706952
TOI-2076_d,NIRISS_SOSS,obs14,SOSS_HDU3_ordem_1,jw05959014001_04102_00001-seg005_nis_x1dints.fits,seg005,3,224,60694.06187325052,TDB-MID,2042.907765204504,0.14443347342989146,2038,0.8522004674063691,2.828497546304791,2044,1.0009455519887323,1.001736263867611
TOI-2076_d,NIRISS_SOSS,obs14,SOSS_HDU3_ordem_1,jw05959014001_04102_00001-seg005_nis_x1dints.fits,seg005,3,225,60694.06195032938,TDB-MID,2038.8763935164768,0.14442814726601932,2038,0.8522004674063691,2.828497546304791,2045,0.9989703362554169,0.9997594877831453
TOI-2076_d,NIRISS_SOSS,obs14,SOSS_HDU3_ordem_1,jw05959014001_04102_00001-seg005_nis_x1dints.fits,seg005,3,226,60694.06202740823,TDB-MID,2037.8813566570984,0.14442593392035963,2038,0.8522004674063691,2.828497546304791,2046,0.998482806795975,0.9992715731925301
TOI-2076_d,NIRISS_SOSS,obs14,SOSS_HDU3_ordem_1,jw05959014001_04102_00001-seg005_nis_x1dints.fits,seg005,3,227,60694.06210448708,TDB-MID,2047.3278119303427,0.1444476844251439,2038,0.8522004674063691,2.828497546304791,2047,1.0031112034122402,1.0039036260797856
TOI-2076_d,NIRISS_SOSS,obs14,SOSS_HDU3_ordem_1,jw05959014001_04102_00001-seg005_nis_x1dints.fits,seg005,3,228,60694.06218156593,TDB-MID,2038.6674712084127,0.14442622825346757,2038,0.8522004674063691,2.828497546304791,2048,0.9988679724294381,0.9996570430933344
TOI-2076_d,NIRISS_SOSS,obs14,SOSS_HDU3_ordem_1,jw05959014001_04102_00001-seg005_nis_x1dints.fits,seg005,3,229,60694.062258644786,TDB-MID,2033.1027724128867,0.1444122106445948,2038,0.8522004674063691,2.828497546304791,2049,0.9961414858976386,0.9969284027328035
TOI-2076_d,NIRISS_SOSS,obs14,SOSS_HDU3_ordem_1,jw05959014001_04102_00001-seg005_nis_x1dints.fits,seg005,3,230,60694.06233572365,TDB-MID,2038.3383492609682,0.14442734232307722,2038,0.8522004674063691,2.828497546304791,2050,0.9987067154432112,0.9994956587197442
TOI-2076_d,NIRISS_SOSS,obs14,SOSS_HDU3_ordem_1,jw05959014001_04102_00001-seg005_nis_x1dints.fits,seg005,3,231,60694.062412802494,TDB-MID,2040.4439003256125,0.144430393643543,2038,0.8522004674063691,2.828497546304791,2051,0.9997383537817291,1.0005281120163658
TOI-2076_d,NIRISS_SOSS,obs14,SOSS_HDU3_ordem_1,jw05959014001_04102_00001-seg005_nis_x1dints.fits,seg005,3,232,60694.06248988135,TDB-MID,2044.714020809705,0.1444363050574554,2038,0.8522004674063691,2.828497546304791,2052,1.0018305471630493,1.0026219581570757
TOI-2076_d,NIRISS_SOSS,obs14,SOSS_HDU3_ordem_1,jw05959014001_04102_00001-seg005_nis_x1dints.fits,seg005,3,233,60694.0625669602,TDB-MID,2035.491343205437,0.14441814603178013,2038,0.8522004674063691,2.828497546304791,2053,0.997311792923308,0.9980996342599758
TOI-2076_d,NIRISS_SOSS,obs14,SOSS_HDU3_ordem_1,jw05959014001_04102_00001-seg005_nis_x1dints.fits,seg005,3,234,60694.062644039055,TDB-MID,2044.5099971230934,0.14443697495775593,2038,0.8522004674063691,2.828497546304791,2054,1.0017305834715442,1.0025219154977603
TOI-2076_d,NIRISS_SOSS,obs14,SOSS_HDU3_ordem_1,jw05959014001_04102_00001-seg005_nis_x1dints.fits,seg005,3,235,60694.06272111791,TDB-MID,2036.3695716709346,0.14442339034502086,2038,0.8522004674063691,2.828497546304791,2055,0.9977420908012358,0.9985302720581349
TOI-2076_d,NIRISS_SOSS,obs14,SOSS_HDU3_ordem_1,jw05959014001_04102_00001-seg005_nis_x1dints.fits,seg005,3,236,60694.06279819676,TDB-MID,2039.9038107637734,0.14442842285476432,2038,0.8522004674063691,2.828497546304791,2056,0.9994737308487676,1.0002632800405686
TOI-2076_d,NIRISS_SOSS,obs14,SOSS_HDU3_ordem_1,jw05959014001_04102_00001-seg005_nis_x1dints.fits,seg005,3,237,60694.06287527562,TDB-MID,2045.2509425401129,0.14443178356373496,2038,0.8522004674063691,2.828497546304791,2057,1.002093617981503,1.002885236792249
TOI-2076_d,NIRISS_SOSS,obs14,SOSS_HDU3_ordem_1,jw05959014001_04102_00001-seg005_nis_x1dints.fits,seg005,3,238,60694.06295235447,TDB-MID,2032.6187872491241,0.14441181618126084,2038,0.8522004674063691,2.828497546304791,2058,0.9959043519432096,0.9966910814508677
TOI-2076_d,NIRISS_SOSS,obs14,SOSS_HDU3_ordem_1,jw05959014001_04102_00001-seg005_nis_x1dints.fits,seg005,3,239,60694.06302943332,TDB-MID,2044.690376847508,0.1444424197927991,2038,0.8522004674063691,2.828497546304791,2059,1.0018189625388212,1.0026103643814006
TOI-2076_d,NIRISS_SOSS,obs14,SOSS_HDU3_ordem_1,jw05959014001_04102_00001-seg005_nis_x1dints.fits,seg005,3,240,60694.06310651218,TDB-MID,2043.9425031605942,0.1444342794723661,2038,0.8522004674063691,2.828497546304791,2060,1.0014525334453908,1.0022436458218387
TOI-2076_d,NIRISS_SOSS,obs14,SOSS_HDU3_ordem_1,jw05959014001_04102_00001-seg005_nis_x1dints.fits,seg005,3,241,60694.06318359103,TDB-MID,2046.061964479622,0.14443941884154274,2038,0.8522004674063691,2.828497546304791,2061,1.0024909872689194,1.003282919987465
TOI-2076_d,NIRISS_SOSS,obs14,SOSS_HDU3_ordem_1,jw05959014001_04102_00001-seg005_nis_x1dints.fits,seg005,3,242,60694.063260669885,TDB-MID,2042.8323822637935,0.14443380956641685,2038,0.8522004674063691,2.828497546304791,2062,1.0009086172722046,1.001699299973953
TOI-2076_d,NIRISS_SOSS,obs14,SOSS_HDU3_ordem_1,jw05959014001_04102_00001-seg005_nis_x1dints.fits,seg005,3,243,60694.06333774873,TDB-MID,2047.0084257469562,0.14444275963395914,2038,0.8522004674063691,2.828497546304791,2063,1.0029547165727106,1.0037470156211414
TOI-2076_d,NIRISS_SOSS,obs14,SOSS_HDU3_ordem_1,jw05959014001_04102_00001-seg005_nis_x1dints.fits,seg005,3,244,60694.06341482759,TDB-MID,2041.3042716567884,0.144428539632485,2038,0.8522004674063691,2.828497546304791,2064,1.0001599023565924,1.0009499935998178
TOI-2076_d,NIRISS_SOSS,obs14,SOSS_HDU3_ordem_1,jw05959014001_04102_00001-seg005_nis_x1dints.fits,seg005,3,245,60694.06349190645,TDB-MID,2039.6184453442079,0.14442532371939606,2038,0.8522004674063691,2.828497546304791,2065,0.9993339128637021,1.000123351604199
TOI-2076_d,NIRISS_SOSS,obs14,SOSS_HDU3_ordem_1,jw05959014001_04102_00001-seg005_nis_x1dints.fits,seg005,3,246,60694.0635689853,TDB-MID,2038.9162786622196,0.14442551438530324,2038,0.8522004674063691,2.828497546304791,2066,0.9989898784295187,0.9997790453948793
TOI-2076_d,NIRISS_SOSS,obs14,SOSS_HDU3_ordem_1,jw05959014001_04102_00001-seg005_nis_x1dints.fits,seg005,3,247,60694.06364606415,TDB-MID,2037.4968336375596,0.14442431227296917,2038,0.8522004674063691,2.828497546304791,2067,0.9982944054336619,0.9990830229997487
TOI-2076_d,NIRISS_SOSS,obs14,SOSS_HDU3_ordem_1,jw05959014001_04102_00001-seg005_nis_x1dints.fits,seg005,3,248,60694.06372314301,TDB-MID,2034.93235644604,0.1444189086890252,2038,0.8522004674063691,2.828497546304791,2068,0.9970379110966446,0.9978255360762756
TOI-2076_d,NIRISS_SOSS,obs14,SOSS_HDU3_ordem_1,jw05959014001_04102_00001-seg005_nis_x1dints.fits,seg005,3,249,60694.06380022186,TDB-MID,2042.4998062642824,0.14443240419076647,2038,0.8522004674063691,2.828497546304791,2069,1.0007456679344622,1.001536221911949
TOI-2076_d,NIRISS_SOSS,obs14,SOSS_HDU3_ordem_1,jw05959014001_04102_00001-seg005_nis_x1dints.fits,seg005,3,250,60694.063877300716,TDB-MID,2027.9458559812576,0.1444121148020046,2038,0.8522004674063691,2.828497546304791,2070,0.9936147969045601,0.9943997177440417
TOI-2076_d,NIRISS_SOSS,obs14,SOSS_HDU3_ordem_1,jw05959014001_04102_00001-seg005_nis_x1dints.fits,seg005,3,251,60694.06395437956,TDB-MID,2040.244326582609,0.14442843709360426,2038,0.8522004674063691,2.828497546304791,2071,0.99964057038996,1.0004302513791468
TOI-2076_d,NIRISS_SOSS,obs14,SOSS_HDU3_ordem_1,jw05959014001_04102_00001-seg005_nis_x1dints.fits,seg005,3,252,60694.06403145842,TDB-MID,2031.0305174865603,0.1444111866552682,2038,0.8522004674063691,2.828497546304791,2072,0.9951261613751996,0.9959122761396033
TOI-2076_d,NIRISS_SOSS,obs14,SOSS_HDU3_ordem_1,jw05959014001_04102_00001-seg005_nis_x1dints.fits,seg005,3,253,60694.06410853727,TDB-MID,2042.522854113966,0.14443388222692768,2038,0.8522004674063691,2.828497546304791,2073,1.0007569604866844,1.0015475233848914
TOI-2076_d,NIRISS_SOSS,obs14,SOSS_HDU3_ordem_1,jw05959014001_04102_00001-seg005_nis_x1dints.fits,seg005,3,254,60694.06418561613,TDB-MID,2034.1473073933134,0.1444182611635787,2038,0.8522004674063691,2.828497546304791,2074,0.9966532675161544,0.9974405886408476
TOI-2076_d,NIRISS_SOSS,obs14,SOSS_HDU3_ordem_1,jw05959014001_04102_00001-seg005_nis_x1dints.fits,seg005,3,255,60694.06426269498,TDB-MID,2039.4883835553874,0.14442793442671797,2038,0.8522004674063691,2.828497546304791,2075,0.9992701876328224,1.0000595760326219
TOI-2076_d,NIRISS_SOSS,obs14,SOSS_HDU3_ordem_1,jw05959014001_04102_00001-seg005_nis_x1dints.fits,seg005,3,256,60694.06433977384,TDB-MID,2038.421262680279,0.14442683259983186,2038,0.8522004674063691,2.828497546304791,2076,0.9987473398021142,0.9995363151704658
TOI-2076_d,NIRISS_SOSS,obs14,SOSS_HDU3_ordem_1,jw05959014001_04102_00001-seg005_nis_x1dints.fits,seg005,3,257,60694.064416852685,TDB-MID,2036.6101151789871,0.14442245378715085,2038,0.8522004674063691,2.828497546304791,2077,0.9978599477884899,0.9986482221482752
TOI-2076_d,NIRISS_SOSS,obs14,SOSS_HDU3_ordem_1,jw05959014001_04102_00001-seg005_nis_x1dints.fits,seg005,3,258,60694.06449393154,TDB-MID,2044.393974232788,0.14443855998844682,2038,0.8522004674063691,2.828497546304791,2078,1.001673736756309,1.002465023875614
TOI-2076_d,NIRISS_SOSS,obs14,SOSS_HDU3_ordem_1,jw05959014001_04102_00001-seg005_nis_x1dints.fits,seg005,3,259,60694.06457101039,TDB-MID,2038.1208026348513,0.1444261075545997,2038,0.8522004674063691,2.828497546304791,2079,0.9986001260359602,0.9993889851105999
TOI-2076_d,NIRISS_SOSS,obs14,SOSS_HDU3_ordem_1,jw05959014001_04102_00001-seg005_nis_x1dints.fits,seg005,3,260,60694.064648089254,TDB-MID,2037.967511506342,0.14442423518494613,2038,0.8522004674063691,2.828497546304791,2080,0.9985250193297963,0.9993138190727726
TOI-2076_d,NIRISS_SOSS,obs14,SOSS_HDU3_ordem_1,jw05959014001_04102_00001-seg005_nis_x1dints.fits,seg005,3,261,60694.0647251681,TDB-MID,2045.19262686675,0.14444012619035085,2038,0.8522004674063691,2.828497546304791,2081,1.0020650455638649,1.0028566418034028
TOI-2076_d,NIRISS_SOSS,obs14,SOSS_HDU3_ordem_1,jw05959014001_04102_00001-seg005_nis_x1dints.fits,seg005,3,262,60694.064802246954,TDB-MID,2034.3395976396105,0.14441558212863237,2038,0.8522004674063691,2.828497546304791,2082,0.9967474822770946,0.9975348778281447
TOI-2076_d,NIRISS_SOSS,obs14,SOSS_HDU3_ordem_1,jw05959014001_04102_00001-seg005_nis_x1dints.fits,seg005,3,263,60694.06487932581,TDB-MID,2037.3501626615348,0.14442224898915934,2038,0.8522004674063691,2.828497546304791,2083,0.9982225423453921,0.9990111031421598
TOI-2076_d,NIRISS_SOSS,obs14,SOSS_HDU3_ordem_1,jw05959014001_04102_00001-seg005_nis_x1dints.fits,seg005,3,264,60694.06495640467,TDB-MID,2034.4306582981771,0.14441568591299642,2038,0.8522004674063691,2.828497546304791,2084,0.9967920984671674,0.9975795292634426
TOI-2076_d,NIRISS_SOSS,obs14,SOSS_HDU3_ordem_1,jw05959014001_04102_00001-seg005_nis_x1dints.fits,seg005,3,265,60694.065033483515,TDB-MID,2037.5339599396946,0.14442430267850395,2038,0.8522004674063691,2.828497546304791,2085,0.9983125958814231,0.9991012278173256
TOI-2076_d,NIRISS_SOSS,obs14,SOSS_HDU3_ordem_1,jw05959014001_04102_00001-seg005_nis_x1dints.fits,seg005,3,266,60694.06511056237,TDB-MID,2036.3006509668571,0.14441882396861375,2038,0.8522004674063691,2.828497546304791,2086,0.997708322329961,0.9984964769109522
TOI-2076_d,NIRISS_SOSS,obs14,SOSS_HDU3_ordem_1,jw05959014001_04102_00001-seg005_nis_x1dints.fits,seg005,3,267,60694.06518764122,TDB-MID,2035.2051964314978,0.14441693326379604,2038,0.8522004674063691,2.828497546304791,2087,0.9971715921049115,0.9979593226878501
TOI-2076_d,NIRISS_SOSS,obs14,SOSS_HDU3_ordem_1,jw05959014001_04102_00001-seg005_nis_x1dints.fits,seg005,3,268,60694.065264720084,TDB-MID,2031.0499624471745,0.14442584320730206,2038,0.8522004674063691,2.828497546304791,2088,0.995135688651549,0.9959218109421668
TOI-2076_d,NIRISS_SOSS,obs14,SOSS_HDU3_ordem_1,jw05959014001_04102_00001-seg005_nis_x1dints.fits,seg005,3,269,60694.06534179893,TDB-MID,2039.9218426774664,0.1444284692485411,2038,0.8522004674063691,2.828497546304791,2089,0.9994825657869435,1.000272121958036
TOI-2076_d,NIRISS_SOSS,obs14,SOSS_HDU3_ordem_1,jw05959014001_04102_00001-seg005_nis_x1dints.fits,seg005,3,270,60694.065418877784,TDB-MID,2035.5018101280368,0.1444192371572527,2038,0.8522004674063691,2.828497546304791,2090,0.997316921309326,0.998104766697239
TOI-2076_d,NIRISS_SOSS,obs14,SOSS_HDU3_ordem_1,jw05959014001_04102_00001-seg005_nis_x1dints.fits,seg005,3,271,60694.06549595664,TDB-MID,2041.6565692412785,0.14444850306697013,2038,0.8522004674063691,2.828497546304791,2091,1.0003325145058914,1.0011227421066606
TOI-2076_d,NIRISS_SOSS,obs14,SOSS_HDU3_ordem_1,jw05959014001_04102_00001-seg005_nis_x1dints.fits,seg005,3,272,60694.065573035485,TDB-MID,2033.6968466629185,0.1444127334863274,2038,0.8522004674063691,2.828497546304791,2092,0.996432559233522,0.9972197060064132
TOI-2076_d,NIRISS_SOSS,obs14,SOSS_HDU3_ordem_1,jw05959014001_04102_00001-seg005_nis_x1dints.fits,seg005,3,273,60694.065650114346,TDB-MID,2042.8640453502385,0.14443191042972586,2038,0.8522004674063691,2.828497546304791,2093,1.0009241309562187,1.0017148259132334
TOI-2076_d,NIRISS_SOSS,obs14,SOSS_HDU3_ordem_1,jw05959014001_04102_00001-seg005_nis_x1dints.fits,seg005,3,274,60694.06572719319,TDB-MID,2037.4452122502307,0.1444189215288949,2038,0.8522004674063691,2.828497546304791,2094,0.9982691129564809,0.9990577105423979
TOI-2076_d,NIRISS_SOSS,obs14,SOSS_HDU3_ordem_1,jw05959014001_04102_00001-seg005_nis_x1dints.fits,seg005,3,275,60694.06580427205,TDB-MID,2032.0248424119018,0.14441066961179608,2038,0.8522004674063691,2.828497546304791,2095,0.9956133420145822,0.9963998416346037
TOI-2076_d,NIRISS_SOSS,obs14,SOSS_HDU3_ordem_1,jw05959014001_04102_00001-seg005_nis_x1dints.fits,seg005,3,276,60694.0658813509,TDB-MID,2038.3354320265325,0.14442578804542588,2038,0.8522004674063691,2.828497546304791,2096,0.9987052861115095,0.9994942282589205
TOI-2076_d,NIRISS_SOSS,obs14,SOSS_HDU3_ordem_1,jw05959014001_04102_00001-seg005_nis_x1dints.fits,seg005,3,277,60694.06595842976,TDB-MID,2034.4591954204027,0.1444162490252592,2038,0.8522004674063691,2.828497546304791,2097,0.9968060805499832,0.9975935223916135
TOI-2076_d,NIRISS_SOSS,obs14,SOSS_HDU3_ordem_1,jw05959014001_04102_00001-seg005_nis_x1dints.fits,seg005,3,278,60694.06603550861,TDB-MID,2039.9292656329987,0.14442727287399598,2038,0.8522004674063691,2.828497546304791,2098,0.9994862027471868,1.0002757617913502
TOI-2076_d,NIRISS_SOSS,obs14,SOSS_HDU3_ordem_1,jw05959014001_04102_00001-seg005_nis_x1dints.fits,seg005,3,279,60694.06611258747,TDB-MID,2043.7283704316278,0.14443478128207007,2038,0.8522004674063691,2.828497546304791,2099,1.001347616715304,1.002138646211215
TOI-2076_d,NIRISS_SOSS,obs14,SOSS_HDU3_ordem_1,jw05959014001_04102_00001-seg005_nis_x1dints.fits,seg005,3,280,60694.066189666315,TDB-MID,2037.9455972665078,0.14442510916918103,2038,0.8522004674063691,2.828497546304791,2100,0.9985142822024229,0.9993030734634452
TOI-2076_d,NIRISS_SOSS,obs14,SOSS_HDU3_ordem_1,jw05959014001_04102_00001-seg005_nis_x1dints.fits,seg005,3,281,60694.06626674517,TDB-MID,2038.4802415133654,0.14442589493629815,2038,0.8522004674063691,2.828497546304791,2101,0.9987762371422901,0.999565235338527
TOI-2076_d,NIRISS_SOSS,obs14,SOSS_HDU3_ordem_1,jw05959014001_04102_00001-seg005_nis_x1dints.fits,seg005,3,282,60694.06634382402,TDB-MID,2036.0723038460055,0.1444180062596452,2038,0.8522004674063691,2.828497546304791,2102,0.9975964410992864,0.9983845072980295
TOI-2076_d,NIRISS_SOSS,obs14,SOSS_HDU3_ordem_1,jw05959014001_04102_00001-seg005_nis_x1dints.fits,seg005,3,283,60694.066420902884,TDB-MID,2036.7209493931148,0.14442212623819858,2038,0.8522004674063691,2.828497546304791,2103,0.9979142522536883,0.9987025695120965
TOI-2076_d,NIRISS_SOSS,obs14,SOSS_HDU3_ordem_1,jw05959014001_04102_00001-seg005_nis_x1dints.fits,seg005,3,284,60694.06649798173,TDB-MID,2039.9537457101223,0.14443063327086422,2038,0.8522004674063691,2.828497546304791,2104,0.9994981970352925,1.0002877655545228
TOI-2076_d,NIRISS_SOSS,obs14,SOSS_HDU3_ordem_1,jw05959014001_04102_00001-seg005_nis_x1dints.fits,seg005,3,285,60694.066575060584,TDB-MID,2035.5138550806796,0.14441989272911024,2038,0.8522004674063691,2.828497546304791,2105,0.9973228228688468,0.9981106729187847
TOI-2076_d,NIRISS_SOSS,obs14,SOSS_HDU3_ordem_1,jw05959014001_04102_00001-seg005_nis_x1dints.fits,seg005,3,286,60694.06665213944,TDB-MID,2040.9336709217696,0.1444339227243882,2038,0.8522004674063691,2.828497546304791,2106,0.9999783223735902,1.0007682701749978
TOI-2076_d,NIRISS_SOSS,obs14,SOSS_HDU3_ordem_1,jw05959014001_04102_00001-seg005_nis_x1dints.fits,seg005,3,287,60694.0667292183,TDB-MID,2046.7166126462657,0.1444463846428965,2038,0.8522004674063691,2.828497546304791,2107,1.0028117394740266,1.0036039255755642
TOI-2076_d,NIRISS_SOSS,obs14,SOSS_HDU3_ordem_1,jw05959014001_04102_00001-seg005_nis_x1dints.fits,seg005,3,288,60694.066806297145,TDB-MID,2042.825852403206,0.14443671107932096,2038,0.8522004674063691,2.828497546304791,2108,1.0009054178938375,1.001696098068189
TOI-2076_d,NIRISS_SOSS,obs14,SOSS_HDU3_ordem_1,jw05959014001_04102_00001-seg005_nis_x1dints.fits,seg005,3,289,60694.066883376,TDB-MID,2039.022909518673,0.14442732075429512,2038,0.8522004674063691,2.828497546304791,2109,0.9990421234125227,0.9998313316495874
TOI-2076_d,NIRISS_SOSS,obs14,SOSS_HDU3_ordem_1,jw05959014001_04102_00001-seg005_nis_x1dints.fits,seg005,3,290,60694.06696045485,TDB-MID,2030.6641957185802,0.14441602626142755,2038,0.8522004674063691,2.828497546304791,2110,0.9949466779200473,0.9957326508988167
TOI-2076_d,NIRISS_SOSS,obs14,SOSS_HDU3_ordem_1,jw05959014001_04102_00001-seg005_nis_x1dints.fits,seg005,3,291,60694.067037533714,TDB-MID,2042.2427798071376,0.1444357597505177,2038,0.8522004674063691,2.828497546304791,2111,1.0006197349415957,1.0014101894364351
TOI-2076_d,NIRISS_SOSS,obs14,SOSS_HDU3_ordem_1,jw05959014001_04102_00001-seg005_nis_x1dints.fits,seg005,3,292,60694.06711461256,TDB-MID,2032.10350957306,0.14441259409064441,2038,0.8522004674063691,2.828497546304791,2112,0.9956518858717206,0.9964384159400372
TOI-2076_d,NIRISS_SOSS,obs14,SOSS_HDU3_ordem_1,jw05959014001_04102_00001-seg005_nis_x1dints.fits,seg005,3,293,60694.067191691414,TDB-MID,2039.6928644375505,0.1444309333826085,2038,0.8522004674063691,2.828497546304791,2113,0.9993703753324111,1.0001598428769793
TOI-2076_d,NIRISS_SOSS,obs14,SOSS_HDU3_ordem_1,jw05959014001_04102_00001-seg005_nis_x1dints.fits,seg005,3,294,60694.06726877027,TDB-MID,2044.7079267013412,0.14444198269243197,2038,0.8522004674063691,2.828497546304791,2114,1.001827561286367,1.0026189699216554
TOI-2076_d,NIRISS_SOSS,obs14,SOSS_HDU3_ordem_1,jw05959014001_04102_00001-seg005_nis_x1dints.fits,seg005,3,295,60694.06734584912,TDB-MID,2038.7346562901066,0.14443038237219316,2038,0.8522004674063691,2.828497546304791,2115,0.9989008905130771,0.9996899871811047
TOI-2076_d,NIRISS_SOSS,obs14,SOSS_HDU3_ordem_1,jw05959014001_04102_00001-seg005_nis_x1dints.fits,seg005,3,296,60694.067422927976,TDB-MID,2037.9969670032,0.14442392592590678,2038,0.8522004674063691,2.828497546304791,2116,0.9985394513805546,0.9993282625243447
TOI-2076_d,NIRISS_SOSS,obs14,SOSS_HDU3_ordem_1,jw05959014001_04102_00001-seg005_nis_x1dints.fits,seg005,3,297,60694.06750000683,TDB-MID,2041.440828673911,0.1444345488272217,2038,0.8522004674063691,2.828497546304791,2117,1.000226809997363,1.001016954095278
TOI-2076_d,NIRISS_SOSS,obs14,SOSS_HDU3_ordem_1,jw05959014001_04102_00001-seg005_nis_x1dints.fits,seg005,3,298,60694.06757708568,TDB-MID,2038.4137080977334,0.14442748958199408,2038,0.8522004674063691,2.828497546304791,2118,0.9987436383497408,0.999532610794075
TOI-2076_d,NIRISS_SOSS,obs14,SOSS_HDU3_ordem_1,jw05959014001_04102_00001-seg005_nis_x1dints.fits,seg005,3,299,60694.06765416453,TDB-MID,2039.8553382028754,0.14443081960312346,2038,0.8522004674063691,2.828497546304791,2119,0.9994499811743814,1.0002395116047726
TOI-2076_d,NIRISS_SOSS,obs14,SOSS_HDU3_ordem_1,jw05959014001_04102_00001-seg005_nis_x1dints.fits,seg005,3,300,60694.06773124338,TDB-MID,2038.9415122485852,0.14442512081744932,2038,0.8522004674063691,2.828497546304791,2120,0.9990022419079212,0.999791418639996
TOI-2076_d,NIRISS_SOSS,obs14,SOSS_HDU3_ordem_1,jw05959014001_04102_00001-seg005_nis_x1dints.fits,seg005,3,301,60694.06780832224,TDB-MID,2037.2298891507999,0.14442041202059977,2038,0.8522004674063691,2.828497546304791,2121,0.998163612991046,0.9989521272356906
TOI-2076_d,NIRISS_SOSS,obs14,SOSS_HDU3_ordem_1,jw05959014001_04102_00001-seg005_nis_x1dints.fits,seg005,3,302,60694.0678854011,TDB-MID,2037.474843964628,0.14442203075420584,2038,0.8522004674063691,2.828497546304791,2122,0.998283631346997,0.9990722404019333
TOI-2076_d,NIRISS_SOSS,obs14,SOSS_HDU3_ordem_1,jw05959014001_04102_00001-seg005_nis_x1dints.fits,seg005,3,303,60694.067962479945,TDB-MID,2044.2384139464705,0.14443494329767365,2038,0.8522004674063691,2.828497546304791,2123,1.0015975182508496,1.0023887451602085
TOI-2076_d,NIRISS_SOSS,obs14,SOSS_HDU3_ordem_1,jw05959014001_04102_00001-seg005_nis_x1dints.fits,seg005,3,304,60694.0680395588,TDB-MID,2043.090025429925,0.14443444980185993,2038,0.8522004674063691,2.828497546304791,2124,1.00103485242855,1.001825634851644
TOI-2076_d,NIRISS_SOSS,obs14,SOSS_HDU3_ordem_1,jw05959014001_04102_00001-seg005_nis_x1dints.fits,seg005,3,305,60694.06811663765,TDB-MID,2045.0166015077762,0.1444396701157245,2038,0.8522004674063691,2.828497546304791,2125,1.0019787999667296,1.002770328075271
TOI-2076_d,NIRISS_SOSS,obs14,SOSS_HDU3_ordem_1,jw05959014001_04102_00001-seg005_nis_x1dints.fits,seg005,3,306,60694.06819371651,TDB-MID,2045.5545130136902,0.14444769943869823,2038,0.8522004674063691,2.828497546304791,2126,1.0022423557367839,1.0030340920451395
TOI-2076_d,NIRISS_SOSS,obs14,SOSS_HDU3_ordem_1,jw05959014001_04102_00001-seg005_nis_x1dints.fits,seg005,3,307,60694.06827079536,TDB-MID,2039.0727157154781,0.1444221811603316,2038,0.8522004674063691,2.828497546304791,2127,0.9990665265167659,0.999855754031427
TOI-2076_d,NIRISS_SOSS,obs14,SOSS_HDU3_ordem_1,jw05959014001_04102_00001-seg005_nis_x1dints.fits,seg005,3,308,60694.068347874214,TDB-MID,2038.3715181957468,0.14442431516660806,2038,0.8522004674063691,2.828497546304791,2128,0.9987229669344906,0.9995119230491317
TOI-2076_d,NIRISS_SOSS,obs14,SOSS_HDU3_ordem_1,jw05959014001_04102_00001-seg005_nis_x1dints.fits,seg005,3,309,60694.06842495307,TDB-MID,2037.8860722840793,0.1444233452712268,2038,0.8522004674063691,2.828497546304791,2129,0.9984851172702568,0.9992738854920055
TOI-2076_d,NIRISS_SOSS,obs14,SOSS_HDU3_ordem_1,jw05959014001_04102_00001-seg005_nis_x1dints.fits,seg005,3,310,60694.06850203193,TDB-MID,2029.4404640650685,0.14440538885655502,2038,0.8522004674063691,2.828497546304791,2130,0.9943470968835105,0.9951325962142907
TOI-2076_d,NIRISS_SOSS,obs14,SOSS_HDU3_ordem_1,jw05959014001_04102_00001-seg005_nis_x1dints.fits,seg005,3,311,60694.068579110775,TDB-MID,2044.468724121932,0.14443891647645327,2038,0.8522004674063691,2.828497546304791,2131,1.0017103613021279,1.0025016773535393
TOI-2076_d,NIRISS_SOSS,obs14,SOSS_HDU3_ordem_1,jw05959014001_04102_00001-seg005_nis_x1dints.fits,seg005,3,312,60694.06865618963,TDB-MID,2042.1445409496605,0.14443611899215275,2038,0.8522004674063691,2.828497546304791,2132,1.0005716017125292,1.0013620181838059
TOI-2076_d,NIRISS_SOSS,obs14,SOSS_HDU3_ordem_1,jw05959014001_04102_00001-seg005_nis_x1dints.fits,seg005,3,313,60694.06873326848,TDB-MID,2038.104692335377,0.14442456475490528,2038,0.8522004674063691,2.828497546304791,2133,0.9985922326142037,0.9993810854533172
TOI-2076_d,NIRISS_SOSS,obs14,SOSS_HDU3_ordem_1,jw05959014001_04102_00001-seg005_nis_x1dints.fits,seg005,3,314,60694.06881034734,TDB-MID,2027.9115642932209,0.1444055640273646,2038,0.8522004674063691,2.828497546304791,2134,0.9935979953077405,0.9943829028745499
TOI-2076_d,NIRISS_SOSS,obs14,SOSS_HDU3_ordem_1,jw05959014001_04102_00001-seg005_nis_x1dints.fits,seg005,3,315,60694.06888742619,TDB-MID,2040.0543178735252,0.14442940288938838,2038,0.8522004674063691,2.828497546304791,2135,0.9995474734937438,1.000337080939648
TOI-2076_d,NIRISS_SOSS,obs14,SOSS_HDU3_ordem_1,jw05959014001_04102_00001-seg005_nis_x1dints.fits,seg005,3,316,60694.068964505044,TDB-MID,2041.90277731929,0.14443580042627624,2038,0.8522004674063691,2.828497546304791,2136,1.000453146912673,1.0012434698088124
TOI-2076_d,NIRISS_SOSS,obs14,SOSS_HDU3_ordem_1,jw05959014001_04102_00001-seg005_nis_x1dints.fits,seg005,3,317,60694.0690415839,TDB-MID,2038.4768486999358,0.14442833777769912,2038,0.8522004674063691,2.828497546304791,2137,0.9987745747953312,0.9995635716783722
TOI-2076_d,NIRISS_SOSS,obs14,SOSS_HDU3_ordem_1,jw05959014001_04102_00001-seg005_nis_x1dints.fits,seg005,3,318,60694.06911866275,TDB-MID,2038.10030453162,0.14442437214394832,2038,0.8522004674063691,2.828497546304791,2138,0.9985900827605841,0.9993789339013887
TOI-2076_d,NIRISS_SOSS,obs14,SOSS_HDU3_ordem_1,jw05959014001_04102_00001-seg005_nis_x1dints.fits,seg005,3,319,60694.069195741606,TDB-MID,2043.0241111858606,0.14443587104642225,2038,0.8522004674063691,2.828497546304791,2139,1.0010025570060483,1.0017933139168915
TOI-2076_d,NIRISS_SOSS,obs14,SOSS_HDU3_ordem_1,jw05959014001_04102_00001-seg005_nis_x1dints.fits,seg005,3,320,60694.06927282046,TDB-MID,2033.5172479635555,0.14441737727537943,2038,0.8522004674063691,2.828497546304791,2140,0.9963445628382211,0.9971316400970464
TOI-2076_d,NIRISS_SOSS,obs14,SOSS_HDU3_ordem_1,jw05959014001_04102_00001-seg005_nis_x1dints.fits,seg005,3,321,60694.06934989931,TDB-MID,2034.573829203783,0.14442127859941448,2038,0.8522004674063691,2.828497546304791,2141,0.9968622466567143,0.9976497328675988
TOI-2076_d,NIRISS_SOSS,obs14,SOSS_HDU3_ordem_1,jw05959014001_04102_00001-seg005_nis_x1dints.fits,seg005,3,322,60694.06942697816,TDB-MID,2038.6866347551795,0.14442965120135834,2038,0.8522004674063691,2.828497546304791,2142,0.9988773618239195,0.999666439905108
TOI-2076_d,NIRISS_SOSS,obs14,SOSS_HDU3_ordem_1,jw05959014001_04102_00001-seg005_nis_x1dints.fits,seg005,3,323,60694.06950405701,TDB-MID,2037.0006724160576,0.14442174777374062,2038,0.8522004674063691,2.828497546304791,2143,0.9980513056833009,0.9988397312091114
TOI-2076_d,NIRISS_SOSS,obs14,SOSS_HDU3_ordem_1,jw05959014001_04102_00001-seg005_nis_x1dints.fits,seg005,3,324,60694.06958113587,TDB-MID,2041.9550231689552,0.14443279570455156,2038,0.8522004674063691,2.828497546304791,2144,1.0004787453521733,1.0012690884701823
TOI-2076_d,NIRISS_SOSS,obs14,SOSS_HDU3_ordem_1,jw05959014001_04102_00001-seg005_nis_x1dints.fits,seg005,3,325,60694.06965821473,TDB-MID,2041.4745644103045,0.14442962455673639,2038,0.8522004674063691,2.828497546304791,2145,1.0002433391994452,1.00103349635485
TOI-2076_d,NIRISS_SOSS,obs14,SOSS_HDU3_ordem_1,jw05959014001_04102_00001-seg005_nis_x1dints.fits,seg005,3,326,60694.069735293575,TDB-MID,2037.5717164818686,0.14442342129000849,2038,0.8522004674063691,2.828497546304791,2146,0.9983310951223536,0.9991197416720077
TOI-2076_d,NIRISS_SOSS,obs14,SOSS_HDU3_ordem_1,jw05959014001_04102_00001-seg005_nis_x1dints.fits,seg005,3,327,60694.06981237243,TDB-MID,2037.3851162529156,0.14442400806828518,2038,0.8522004674063691,2.828497546304791,2147,0.9982396682491723,0.9990282425748033
TOI-2076_d,NIRISS_SOSS,obs14,SOSS_HDU3_ordem_1,jw05959014001_04102_00001-seg005_nis_x1dints.fits,seg005,3,328,60694.06988945128,TDB-MID,2036.0997179480269,0.14442243540546124,2038,0.8522004674063691,2.828497546304791,2148,0.9976098729457689,0.9983979497551996
TOI-2076_d,NIRISS_SOSS,obs14,SOSS_HDU3_ordem_1,jw05959014001_04102_00001-seg005_nis_x1dints.fits,seg005,3,329,60694.06996653014,TDB-MID,2041.8651809686705,0.14443258715097065,2038,0.8522004674063691,2.828497546304791,2149,1.0004347261593896,1.00122503450378
TOI-2076_d,NIRISS_SOSS,obs14,SOSS_HDU3_ordem_1,jw05959014001_04102_00001-seg005_nis_x1dints.fits,seg005,3,330,60694.07004360899,TDB-MID,2038.8280556858747,0.14442103932131795,2038,0.8522004674063691,2.828497546304791,2150,0.998946652593649,0.9997357854121153
TOI-2076_d,NIRISS_SOSS,obs14,SOSS_HDU3_ordem_1,jw05959014001_04102_00001-seg005_nis_x1dints.fits,seg005,3,331,60694.070120687844,TDB-MID,2038.6265393145077,0.14442383872027043,2038,0.8522004674063691,2.828497546304791,2151,0.9988479173893445,0.9996369722104624
TOI-2076_d,NIRISS_SOSS,obs14,SOSS_HDU3_ordem_1,jw05959014001_04102_00001-seg005_nis_x1dints.fits,seg005,3,332,60694.0701977667,TDB-MID,2040.4968974756766,0.14442871836479454,2038,0.8522004674063691,2.828497546304791,2152,0.9997643203292788,1.0005540990765773
TOI-2076_d,NIRISS_SOSS,obs14,SOSS_HDU3_ordem_1,jw05959014001_04102_00001-seg005_nis_x1dints.fits,seg005,3,333,60694.07027484556,TDB-MID,2044.274217103997,0.1444361072761553,2038,0.8522004674063691,2.828497546304791,2153,1.0016150604090828,1.0024063011761315
TOI-2076_d,NIRISS_SOSS,obs14,SOSS_HDU3_ordem_1,jw05959014001_04102_00001-seg005_nis_x1dints.fits,seg005,3,334,60694.070351924405,TDB-MID,2042.3525243052043,0.14443041950950491,2038,0.8522004674063691,2.828497546304791,2154,1.000673505488199,1.0014640024598842
TOI-2076_d,NIRISS_SOSS,obs14,SOSS_HDU3_ordem_1,jw05959014001_04102_00001-seg005_nis_x1dints.fits,seg005,3,335,60694.07042900326,TDB-MID,2045.7087106584463,0.14443616652555047,2038,0.8522004674063691,2.828497546304791,2155,1.0023179066007408,1.0031097025916293
TOI-2076_d,NIRISS_SOSS,obs14,SOSS_HDU3_ordem_1,jw05959014001_04102_00001-seg005_nis_x1dints.fits,seg005,3,336,60694.07050608211,TDB-MID,2033.019418596236,0.14440960592059726,2038,0.8522004674063691,2.828497546304791,2156,0.9961006457611239,0.9968875303340134
TOI-2076_d,NIRISS_SOSS,obs14,SOSS_HDU3_ordem_1,jw05959014001_04102_00001-seg005_nis_x1dints.fits,seg005,3,337,60694.07058316097,TDB-MID,2038.8022231288346,0.14442075732136844,2038,0.8522004674063691,2.828497546304791,2157,0.9989339956428527,0.9997231184627717
TOI-2076_d,NIRISS_SOSS,obs14,SOSS_HDU3_ordem_1,jw05959014001_04102_00001-seg005_nis_x1dints.fits,seg005,3,338,60694.07066023982,TDB-MID,2036.169536345083,0.1444178281421679,2038,0.8522004674063691,2.828497546304791,2158,0.997644081251778,0.9984321850845705
TOI-2076_d,NIRISS_SOSS,obs14,SOSS_HDU3_ordem_1,jw05959014001_04102_00001-seg005_nis_x1dints.fits,seg005,3,339,60694.070737318674,TDB-MID,2048.4626510944386,0.1444441400443834,2038,0.8522004674063691,2.828497546304791,2159,1.0036672305774759,1.0044600924869795
TOI-2076_d,NIRISS_SOSS,obs14,SOSS_HDU3_ordem_1,jw05959014001_04102_00001-seg005_nis_x1dints.fits,seg005,3,340,60694.07081439753,TDB-MID,2039.9008812047641,0.14442506030470043,2038,0.8522004674063691,2.828497546304791,2160,0.9994722954785029,1.0002618435364117
TOI-2076_d,NIRISS_SOSS,obs14,SOSS_HDU3_ordem_1,jw05959014001_04102_00001-seg005_nis_x1dints.fits,seg005,3,341,60694.070891476375,TDB-MID,2041.5318364158932,0.14442888956980043,2038,0.8522004674063691,2.828497546304791,2161,1.000271400260362,1.0010615795830209
TOI-2076_d,NIRISS_SOSS,obs14,SOSS_HDU3_ordem_1,jw05959014001_04102_00001-seg005_nis_x1dints.fits,seg005,3,342,60694.07096855523,TDB-MID,2033.5999130409712,0.14441499858371448,2038,0.8522004674063691,2.828497546304791,2162,0.9963850655192297,0.9971721747737523
TOI-2076_d,NIRISS_SOSS,obs14,SOSS_HDU3_ordem_1,jw05959014001_04102_00001-seg005_nis_x1dints.fits,seg005,3,343,60694.07104563408,TDB-MID,2038.447522913587,0.14451608912827718,2038,0.8522004674063691,2.828497546304791,2163,0.9987602062976905,0.9995491918301224
TOI-2076_d,NIRISS_SOSS,obs14,SOSS_HDU3_ordem_1,jw05959014001_04102_00001-seg005_nis_x1dints.fits,seg005,3,344,60694.07112271294,TDB-MID,2034.8432253122855,0.14441810945256264,2038,0.8522004674063691,2.828497546304791,2164,0.9969942402988755,0.9977818307801078
TOI-2076_d,NIRISS_SOSS,obs14,SOSS_HDU3_ordem_1,jw05959014001_04102_00001-seg005_nis_x1dints.fits,seg005,3,345,60694.07119979179,TDB-MID,2040.0170036262994,0.14442708006278782,2038,0.8522004674063691,2.828497546304791,2165,0.9995291909601793,1.0003187839635233
TOI-2076_d,NIRISS_SOSS,obs14,SOSS_HDU3_ordem_1,jw05959014001_04102_00001-seg005_nis_x1dints.fits,seg005,3,346,60694.07127687064,TDB-MID,2036.7344605524456,0.14442161533648884,2038,0.8522004674063691,2.828497546304791,2166,0.997920872197606,0.9987091946855375
TOI-2076_d,NIRISS_SOSS,obs14,SOSS_HDU3_ordem_1,jw05959014001_04102_00001-seg005_nis_x1dints.fits,seg005,3,347,60694.0713539495,TDB-MID,2047.3509835399043,0.14444266620165627,2038,0.8522004674063691,2.828497546304791,2167,1.0031225566020014,1.0039149882381686
TOI-2076_d,NIRISS_SOSS,obs14,SOSS_HDU3_ordem_1,jw05959014001_04102_00001-seg005_nis_x1dints.fits,seg005,3,348,60694.07143102836,TDB-MID,2038.5616989828827,0.1444272856136172,2038,0.8522004674063691,2.828497546304791,2168,0.9988161481422767,0.9996051778668038
TOI-2076_d,NIRISS_SOSS,obs14,SOSS_HDU3_ordem_1,jw05959014001_04102_00001-seg005_nis_x1dints.fits,seg005,3,349,60694.071508107205,TDB-MID,2045.1937419656167,0.14444043751087532,2038,0.8522004674063691,2.828497546304791,2169,1.00206559191905,1.0028571885901896
TOI-2076_d,NIRISS_SOSS,obs14,SOSS_HDU3_ordem_1,jw05959014001_04102_00001-seg005_nis_x1dints.fits,seg005,3,350,60694.07158518606,TDB-MID,2044.6001688873455,0.14444066445703999,2038,0.8522004674063691,2.828497546304791,2170,1.0017747641378867,1.0025661310652796
TOI-2076_d,NIRISS_SOSS,obs14,SOSS_HDU3_ordem_1,jw05959014001_04102_00001-seg005_nis_x1dints.fits,seg005,3,351,60694.07166226491,TDB-MID,2036.4892304693894,0.14442203482350793,2038,0.8522004674063691,2.828497546304791,2171,0.9978007189704119,0.9985889465415083
TOI-2076_d,NIRISS_SOSS,obs14,SOSS_HDU3_ordem_1,jw05959014001_04102_00001-seg005_nis_x1dints.fits,seg005,3,352,60694.07173934377,TDB-MID,2040.9579494848977,0.14443224670799404,2038,0.8522004674063691,2.828497546304791,2172,0.9999902179276556,1.0007801751261338
TOI-2076_d,NIRISS_SOSS,obs14,SOSS_HDU3_ordem_1,jw05959014001_04102_00001-seg005_nis_x1dints.fits,seg005,3,353,60694.07181642262,TDB-MID,2038.8230890998611,0.1444266884282468,2038,0.8522004674063691,2.828497546304791,2173,0.9989442191591771,0.9997333500553155
TOI-2076_d,NIRISS_SOSS,obs14,SOSS_HDU3_ordem_1,jw05959014001_04102_00001-seg005_nis_x1dints.fits,seg005,3,354,60694.071893501474,TDB-MID,2041.9782998446212,0.14443344942002975,2038,0.8522004674063691,2.828497546304791,2174,1.0004901500202499,1.0012805021475464
TOI-2076_d,NIRISS_SOSS,obs14,SOSS_HDU3_ordem_1,jw05959014001_04102_00001-seg005_nis_x1dints.fits,seg005,3,355,60694.07197058033,TDB-MID,2030.8197472180723,0.14440423186812223,2038,0.8522004674063691,2.828497546304791,2175,0.9950228921203033,0.9958089253056177
TOI-2076_d,NIRISS_SOSS,obs14,SOSS_HDU3_ordem_1,jw05959014001_04102_00001-seg005_nis_x1dints.fits,seg005,3,356,60694.07204765918,TDB-MID,2036.7635735072527,0.14442182589772107,2038,0.8522004674063691,2.828497546304791,2176,0.9979351364160477,0.9987234701722116
TOI-2076_d,NIRISS_SOSS,obs14,SOSS_HDU3_ordem_1,jw05959014001_04102_00001-seg005_nis_x1dints.fits,seg005,3,357,60694.072124738035,TDB-MID,2034.4393405277444,0.14441739876308618,2038,0.8522004674063691,2.828497546304791,2177,0.9967963524228353,0.9975837865795862
TOI-2076_d,NIRISS_SOSS,obs14,SOSS_HDU3_ordem_1,jw05959014001_04102_00001-seg005_nis_x1dints.fits,seg005,3,358,60694.07220181688,TDB-MID,2046.936705737284,0.144443835531711,2038,0.8522004674063691,2.828497546304791,2178,1.0029195765502912,1.0037118478393368
TOI-2076_d,NIRISS_SOSS,obs14,SOSS_HDU3_ordem_1,jw05959014001_04102_00001-seg005_nis_x1dints.fits,seg005,3,359,60694.07227889574,TDB-MID,2034.5228433940688,0.14441764759841108,2038,0.8522004674063691,2.828497546304791,2179,0.9968372655879078,0.9976247320646242
TOI-2076_d,NIRISS_SOSS,obs14,SOSS_HDU3_ordem_1,jw05959014001_04102_00001-seg005_nis_x1dints.fits,seg005,3,360,60694.07235597459,TDB-MID,2037.6075127983995,0.14443578332275286,2038,0.8522004674063691,2.828497546304791,2180,0.9983486339287645,0.9991372943334604
TOI-2076_d,NIRISS_SOSS,obs14,SOSS_HDU3_ordem_1,jw05959014001_04102_00001-seg005_nis_x1dints.fits,seg005,3,361,60694.07243305344,TDB-MID,2043.929843401313,0.14444298949090845,2038,0.8522004674063691,2.828497546304791,2181,1.001446330654468,1.0022374381309287
TOI-2076_d,NIRISS_SOSS,obs14,SOSS_HDU3_ordem_1,jw05959014001_04102_00001-seg005_nis_x1dints.fits,seg005,3,362,60694.0725101323,TDB-MID,2036.2057695606031,0.14441912137460494,2038,0.8522004674063691,2.828497546304791,2182,0.9976618341217444,0.9984499519786816
TOI-2076_d,NIRISS_SOSS,obs14,SOSS_HDU3_ordem_1,jw05959014001_04102_00001-seg005_nis_x1dints.fits,seg005,3,363,60694.07258721116,TDB-MID,2033.5015868806347,0.144415727802376,2038,0.8522004674063691,2.828497546304791,2183,0.996336889515149,0.9971239607123182
TOI-2076_d,NIRISS_SOSS,obs14,SOSS_HDU3_ordem_1,jw05959014001_04102_00001-seg005_nis_x1dints.fits,seg005,3,364,60694.072664290004,TDB-MID,2045.2473906676505,0.14443818485889273,2038,0.8522004674063691,2.828497546304791,2184,1.0020918777017884,1.0028834951377745
TOI-2076_d,NIRISS_SOSS,obs14,SOSS_HDU3_ordem_1,jw05959014001_04102_00001-seg005_nis_x1dints.fits,seg005,3,365,60694.07274136886,TDB-MID,2038.7792965520166,0.14442513122090353,2038,0.8522004674063691,2.828497546304791,2185,0.9989227625096299,0.9997118764557678
TOI-2076_d,NIRISS_SOSS,obs14,SOSS_HDU3_ordem_1,jw05959014001_04102_00001-seg005_nis_x1dints.fits,seg005,3,366,60694.07281844771,TDB-MID,2029.9438583331812,0.14440736751313693,2038,0.8522004674063691,2.828497546304791,2186,0.9945937405461105,0.9953794347167334
TOI-2076_d,NIRISS_SOSS,obs14,SOSS_HDU3_ordem_1,jw05959014001_04102_00001-seg005_nis_x1dints.fits,seg005,3,367,60694.07289552657,TDB-MID,2037.2134142363448,0.14442259141745753,2038,0.8522004674063691,2.828497546304791,2187,0.998155540922094,0.9989440487900872
TOI-2076_d,NIRISS_SOSS,obs14,SOSS_HDU3_ordem_1,jw05959014001_04102_00001-seg005_nis_x1dints.fits,seg005,3,368,60694.07297260542,TDB-MID,2042.4834009697354,0.14443488122504788,2038,0.8522004674063691,2.828497546304791,2188,1.0007376299765645,1.0015281776043463
TOI-2076_d,NIRISS_SOSS,obs14,SOSS_HDU3_ordem_1,jw05959014001_04102_00001-seg005_nis_x1dints.fits,seg005,3,369,60694.07304968427,TDB-MID,2043.28081834618,0.14443658665633077,2038,0.8522004674063691,2.828497546304791,2189,1.0011283335558574,1.0019191898257633
TOI-2076_d,NIRISS_SOSS,obs14,SOSS_HDU3_ordem_1,jw05959014001_04102_00001-seg005_nis_x1dints.fits,seg005,3,370,60694.07312676313,TDB-MID,2041.3939860696987,0.144432824681826,2038,0.8522004674063691,2.828497546304791,2190,1.00020385893852,1.0009939849059035
TOI-2076_d,NIRISS_SOSS,obs14,SOSS_HDU3_ordem_1,jw05959014001_04102_00001-seg005_nis_x1dints.fits,seg005,3,371,60694.07320384199,TDB-MID,2046.0319313663863,0.14444091299391393,2038,0.8522004674063691,2.828497546304791,2191,1.0024762722085445,1.0032681933027086
TOI-2076_d,NIRISS_SOSS,obs14,SOSS_HDU3_ordem_1,jw05959014001_04102_00001-seg005_nis_x1dints.fits,seg005,3,372,60694.073280920835,TDB-MID,2041.1902395787286,0.14443130346455438,2038,0.8522004674063691,2.828497546304791,2192,1.0001040310621256,1.0008940781689881
TOI-2076_d,NIRISS_SOSS,obs14,SOSS_HDU3_ordem_1,jw05959014001_04102_00001-seg005_nis_x1dints.fits,seg005,3,373,60694.07335799968,TDB-MID,2031.933564684075,0.1444211800543342,2038,0.8522004674063691,2.828497546304791,2193,0.9955686194689931,0.9963550837597721
TOI-2076_d,NIRISS_SOSS,obs14,SOSS_HDU3_ordem_1,jw05959014001_04102_00001-seg005_nis_x1dints.fits,seg005,3,374,60694.07343507854,TDB-MID,2032.0170452868047,0.14441253694985715,2038,0.8522004674063691,2.828497546304791,2194,0.9956095217257679,0.9963960183278951
TOI-2076_d,NIRISS_SOSS,obs14,SOSS_HDU3_ordem_1,jw05959014001_04102_00001-seg005_nis_x1dints.fits,seg005,3,375,60694.07351215739,TDB-MID,2030.901434259268,0.14441330279115683,2038,0.8522004674063691,2.828497546304791,2195,0.9950629156015062,0.995848980403967
TOI-2076_d,NIRISS_SOSS,obs14,SOSS_HDU3_ordem_1,jw05959014001_04102_00001-seg005_nis_x1dints.fits,seg005,3,376,60694.07358923625,TDB-MID,2038.6924758270848,0.14442430157755076,2038,0.8522004674063691,2.828497546304791,2196,0.9988802237225534,0.9996693040645415
TOI-2076_d,NIRISS_SOSS,obs14,SOSS_HDU3_ordem_1,jw05959014001_04102_00001-seg005_nis_x1dints.fits,seg005,3,377,60694.0736663151,TDB-MID,2037.072899027516,0.14442315813748619,2038,0.8522004674063691,2.828497546304791,2197,0.9980866939209424,0.9988751474022194
TOI-2076_d,NIRISS_SOSS,obs14,SOSS_HDU3_ordem_1,jw05959014001_04102_00001-seg005_nis_x1dints.fits,seg005,3,378,60694.07374339396,TDB-MID,2042.26518744067,0.1444331812622897,2038,0.8522004674063691,2.828497546304791,2198,1.0006307138127404,1.001421176980503
TOI-2076_d,NIRISS_SOSS,obs14,SOSS_HDU3_ordem_1,jw05959014001_04102_00001-seg005_nis_x1dints.fits,seg005,3,379,60694.073820472804,TDB-MID,2039.2481611178937,0.1444279133093708,2038,0.8522004674063691,2.828497546304791,2199,0.9991524879576864,0.9999417833788709
TOI-2076_d,NIRISS_SOSS,obs14,SOSS_HDU3_ordem_1,jw05959014001_04102_00001-seg005_nis_x1dints.fits,seg005,3,380,60694.073897551665,TDB-MID,2045.6838532546908,0.14444027169921125,2038,0.8522004674063691,2.828497546304791,2200,1.0023057274372236,1.003097513807
TOI-2076_d,NIRISS_SOSS,obs14,SOSS_HDU3_ordem_1,jw05959014001_04102_00001-seg005_nis_x1dints.fits,seg005,3,381,60694.07397463051,TDB-MID,2043.1762875713,0.1444374486013021,2038,0.8522004674063691,2.828497546304791,2201,1.0010771175313533,1.0018679333423963
TOI-2076_d,NIRISS_SOSS,obs14,SOSS_HDU3_ordem_1,jw05959014001_04102_00001-seg005_nis_x1dints.fits,seg005,3,382,60694.07405170937,TDB-MID,2039.6166803979359,0.1444279343771902,2038,0.8522004674063691,2.828497546304791,2202,0.9993330481084984,1.000122486165869
TOI-2076_d,NIRISS_SOSS,obs14,SOSS_HDU3_ordem_1,jw05959014001_04102_00001-seg005_nis_x1dints.fits,seg005,3,383,60694.07412878822,TDB-MID,2041.0603424508001,0.14443133568260524,2038,0.8522004674063691,2.828497546304791,2203,1.0000403865086953,1.0008303833385928
TOI-2076_d,NIRISS_SOSS,obs14,SOSS_HDU3_ordem_1,jw05959014001_04102_00001-seg005_nis_x1dints.fits,seg005,3,384,60694.07420586707,TDB-MID,2046.3354988671886,0.144441508977735,2038,0.8522004674063691,2.828497546304791,2204,1.0026250085072808,1.003417047097904
TOI-2076_d,NIRISS_SOSS,obs14,SOSS_HDU3_ordem_1,jw05959014001_04102_00001-seg005_nis_x1dints.fits,seg005,3,385,60694.07428294593,TDB-MID,2030.831197086315,0.14441178501884627,2038,0.8522004674063691,2.828497546304791,2205,0.9950285021115538,0.9958145397285645
TOI-2076_d,NIRISS_SOSS,obs14,SOSS_HDU3_ordem_1,jw05959014001_04102_00001-seg005_nis_x1dints.fits,seg005,3,386,60694.07436002478,TDB-MID,2039.9514229902259,0.14443136404805507,2038,0.8522004674063691,2.828497546304791,2206,0.9994970589926513,1.0002866266128678
TOI-2076_d,NIRISS_SOSS,obs14,SOSS_HDU3_ordem_1,jw05959014001_04102_00001-seg005_nis_x1dints.fits,seg005,3,387,60694.074437103634,TDB-MID,2042.5566016093744,0.1444332877223244,2038,0.8522004674063691,2.828497546304791,2207,1.0007734954502276,1.0015640714104759
TOI-2076_d,NIRISS_SOSS,obs14,SOSS_HDU3_ordem_1,jw05959014001_04102_00001-seg005_nis_x1dints.fits,seg005,3,388,60694.07451418248,TDB-MID,2051.6126585345905,0.14445216197670388,2038,0.8522004674063691,2.828497546304791,2208,1.0052106120211486,1.0060046931478601
TOI-2076_d,NIRISS_SOSS,obs14,SOSS_HDU3_ordem_1,jw05959014001_04102_00001-seg005_nis_x1dints.fits,seg005,3,389,60694.07459126134,TDB-MID,2037.4584844580484,0.14442127255015946,2038,0.8522004674063691,2.828497546304791,2209,0.9982756158234269,0.9990642185463807
TOI-2076_d,NIRISS_SOSS,obs14,SOSS_HDU3_ordem_1,jw05959014001_04102_00001-seg005_nis_x1dints.fits,seg005,3,390,60694.074668340196,TDB-MID,2046.765880545343,0.14444300256358197,2038,0.8522004674063691,2.828497546304791,2210,1.0028358788332659,1.0036280840040506
TOI-2076_d,NIRISS_SOSS,obs14,SOSS_HDU3_ordem_1,jw05959014001_04102_00001-seg005_nis_x1dints.fits,seg005,3,391,60694.07474541905,TDB-MID,2034.2908050118722,0.1444133722469515,2038,0.8522004674063691,2.828497546304791,2211,0.9967235757823736,0.9975109524481313
TOI-2076_d,NIRISS_SOSS,obs14,SOSS_HDU3_ordem_1,jw05959014001_04102_00001-seg005_nis_x1dints.fits,seg005,3,392,60694.074822497896,TDB-MID,2043.759203173342,0.14443458212948468,2038,0.8522004674063691,2.828497546304791,2212,1.0013627235626126,1.002153764992403
TOI-2076_d,NIRISS_SOSS,obs14,SOSS_HDU3_ordem_1,jw05959014001_04102_00001-seg005_nis_x1dints.fits,seg005,3,393,60694.07489957676,TDB-MID,2037.7113701568571,0.14442296616690187,2038,0.8522004674063691,2.828497546304791,2213,0.9983995200053462,0.9991882206082578
TOI-2076_d,NIRISS_SOSS,obs14,SOSS_HDU3_ordem_1,jw05959014001_04102_00001-seg005_nis_x1dints.fits,seg005,3,394,60694.07497665561,TDB-MID,2044.0125188838451,0.14444380863733117,2038,0.8522004674063691,2.828497546304791,2214,1.0014868384335802,1.0022779779097655
TOI-2076_d,NIRISS_SOSS,obs14,SOSS_HDU3_ordem_1,jw05959014001_04102_00001-seg005_nis_x1dints.fits,seg005,3,395,60694.075053734465,TDB-MID,2041.704376943432,0.1444299855778368,2038,0.8522004674063691,2.828497546304791,2215,1.0003559384252854,1.0011461845301293
TOI-2076_d,NIRISS_SOSS,obs14,SOSS_HDU3_ordem_1,jw05959014001_04102_00001-seg005_nis_x1dints.fits,seg005,3,396,60694.07513081331,TDB-MID,2031.0027834509829,0.14440802117228363,2038,0.8522004674063691,2.828497546304791,2216,0.9951125727736863,0.9958986768035714
TOI-2076_d,NIRISS_SOSS,obs14,SOSS_HDU3_ordem_1,jw05959014001_04102_00001-seg005_nis_x1dints.fits,seg005,3,397,60694.07520789217,TDB-MID,2041.6902911451148,0.14442996887978565,2038,0.8522004674063691,2.828497546304791,2217,1.0003490369305572,1.0011392775834624
TOI-2076_d,NIRISS_SOSS,obs14,SOSS_HDU3_ordem_1,jw05959014001_04102_00001-seg005_nis_x1dints.fits,seg005,3,398,60694.07528497102,TDB-MID,2031.7190261743804,0.14440839722429075,2038,0.8522004674063691,2.828497546304791,2218,0.9954635039220914,0.9962498851752751
TOI-2076_d,NIRISS_SOSS,obs14,SOSS_HDU3_ordem_1,jw05959014001_04102_00001-seg005_nis_x1dints.fits,seg005,3,399,60694.07536204987,TDB-MID,2040.7223312264587,0.14442851543231858,2038,0.8522004674063691,2.828497546304791,2219,0.9998747741216412,1.0006646401235615
TOI-2076_d,NIRISS_SOSS,obs14,SOSS_HDU3_ordem_1,jw05959014001_04102_00001-seg005_nis_x1dints.fits,seg005,3,400,60694.07543912873,TDB-MID,2032.4090693982805,0.14441138482971413,2038,0.8522004674063691,2.828497546304791,2220,0.9958015983321313,0.9965882466680407
TOI-2076_d,NIRISS_SOSS,obs14,SOSS_HDU3_ordem_1,jw05959014001_04102_00001-seg005_nis_x1dints.fits,seg005,3,401,60694.07551620758,TDB-MID,2037.182518858994,0.14442246769630812,2038,0.8522004674063691,2.828497546304791,2221,0.9981404033857534,0.9989288992956239
TOI-2076_d,NIRISS_SOSS,obs14,SOSS_HDU3_ordem_1,jw05959014001_04102_00001-seg005_nis_x1dints.fits,seg005,3,402,60694.075593286434,TDB-MID,2043.4890063666503,0.14446203007791578,2038,0.8522004674063691,2.828497546304791,2222,1.0012303376094012,1.0020212744589319
TOI-2076_d,NIRISS_SOSS,obs14,SOSS_HDU3_ordem_1,jw05959014001_04102_00001-seg005_nis_x1dints.fits,seg005,3,403,60694.07567036528,TDB-MID,2039.8168255583414,0.14442856839635965,2038,0.8522004674063691,2.828497546304791,2223,0.9994311114726269,1.0002206269966156
TOI-2076_d,NIRISS_SOSS,obs14,SOSS_HDU3_ordem_1,jw05959014001_04102_00001-seg005_nis_x1dints.fits,seg005,3,404,60694.07574744414,TDB-MID,2038.4661491258667,0.14442694846874574,2038,0.8522004674063691,2.828497546304791,2224,0.9987693324191186,0.9995583251608664
TOI-2076_d,NIRISS_SOSS,obs14,SOSS_HDU3_ordem_1,jw05959014001_04102_00001-seg005_nis_x1dints.fits,seg005,3,405,60694.075824522995,TDB-MID,2032.3480914680365,0.1444126029794065,2038,0.8522004674063691,2.828497546304791,2225,0.9957717215119014,0.9965583462461708
TOI-2076_d,NIRISS_SOSS,obs14,SOSS_HDU3_ordem_1,jw05959014001_04102_00001-seg005_nis_x1dints.fits,seg005,3,406,60694.07590160185,TDB-MID,2041.1343177960985,0.14443036020906655,2038,0.8522004674063691,2.828497546304791,2226,1.0000766315580776,1.0008666570202926
TOI-2076_d,NIRISS_SOSS,obs14,SOSS_HDU3_ordem_1,jw05959014001_04102_00001-seg005_nis_x1dints.fits,seg005,3,407,60694.075978680696,TDB-MID,2039.337045227153,0.14442862030986822,2038,0.8522004674063691,2.828497546304791,2227,0.9991960377230361,0.9999853675470077
TOI-2076_d,NIRISS_SOSS,obs14,SOSS_HDU3_ordem_1,jw05959014001_04102_00001-seg005_nis_x1dints.fits,seg005,3,408,60694.07605575956,TDB-MID,2041.6341738151427,0.1444329542724994,2038,0.8522004674063691,2.828497546304791,2228,1.0003215416158975,1.0011117605484685
TOI-2076_d,NIRISS_SOSS,obs14,SOSS_HDU3_ordem_1,jw05959014001_04102_00001-seg005_nis_x1dints.fits,seg005,3,409,60694.07613283841,TDB-MID,2040.2660100795183,0.1444297050860118,2038,0.8522004674063691,2.828497546304791,2229,0.9996511944622518,1.000440883844083
TOI-2076_d,NIRISS_SOSS,obs14,SOSS_HDU3_ordem_1,jw05959014001_04102_00001-seg005_nis_x1dints.fits,seg005,3,410,60694.076209917264,TDB-MID,2044.411080358137,0.14444001194101985,2038,0.8522004674063691,2.828497546304791,2230,1.0016821180941118,1.0024734118343797
TOI-2076_d,NIRISS_SOSS,obs14,SOSS_HDU3_ordem_1,jw05959014001_04102_00001-seg005_nis_x1dints.fits,seg005,3,411,60694.07628699611,TDB-MID,2038.561282082718,0.14442607749951558,2038,0.8522004674063691,2.828497546304791,2231,0.9988159438773694,0.9996049734405342
TOI-2076_d,NIRISS_SOSS,obs14,SOSS_HDU3_ordem_1,jw05959014001_04102_00001-seg005_nis_x1dints.fits,seg005,3,412,60694.076364074965,TDB-MID,2032.7221295943798,0.14441750935848371,2038,0.8522004674063691,2.828497546304791,2232,0.9959549856833018,0.9967417551898387
TOI-2076_d,NIRISS_SOSS,obs14,SOSS_HDU3_ordem_1,jw05959014001_04102_00001-seg005_nis_x1dints.fits,seg005,3,413,60694.076441153826,TDB-MID,2036.7201226658563,0.14442157323701085,2038,0.8522004674063691,2.828497546304791,2233,0.9979138471894039,0.9987021641278254
TOI-2076_d,NIRISS_SOSS,obs14,SOSS_HDU3_ordem_1,jw05959014001_04102_00001-seg005_nis_x1dints.fits,seg005,3,414,60694.07651823267,TDB-MID,2032.7442634824265,0.1444127994237054,2038,0.8522004674063691,2.828497546304791,2234,0.9959658304297783,0.9967526085032846
TOI-2076_d,NIRISS_SOSS,obs14,SOSS_HDU3_ordem_1,jw05959014001_04102_00001-seg005_nis_x1dints.fits,seg005,3,415,60694.076595311526,TDB-MID,2038.9705255749898,0.14442732269657577,2038,0.8522004674063691,2.828497546304791,2235,0.9990164573123108,0.9998056452740565
TOI-2076_d,NIRISS_SOSS,obs14,SOSS_HDU3_ordem_1,jw05959014001_04102_00001-seg005_nis_x1dints.fits,seg005,3,416,60694.07667239038,TDB-MID,2037.9455552575728,0.1444244411246419,2038,0.8522004674063691,2.828497546304791,2236,0.9985142616196745,0.999303052864437
TOI-2076_d,NIRISS_SOSS,obs14,SOSS_HDU3_ordem_1,jw05959014001_04102_00001-seg005_nis_x1dints.fits,seg005,3,417,60694.07674946923,TDB-MID,2040.8628827561304,0.14443002786300232,2038,0.8522004674063691,2.828497546304791,2237,0.9999436389185969,1.0007335593212916
TOI-2076_d,NIRISS_SOSS,obs14,SOSS_HDU3_ordem_1,jw05959014001_04102_00001-seg005_nis_x1dints.fits,seg005,3,418,60694.07682654809,TDB-MID,2036.0600937585561,0.1444330798239374,2038,0.8522004674063691,2.828497546304791,2238,0.9975904586301167,0.9983785201029189
TOI-2076_d,NIRISS_SOSS,obs14,SOSS_HDU3_ordem_1,jw05959014001_04102_00001-seg005_nis_x1dints.fits,seg005,3,419,60694.07690362694,TDB-MID,2043.0062721400143,0.14443931411578775,2038,0.8522004674063691,2.828497546304791,2239,1.0009938165656351,1.001784566571837
TOI-2076_d,NIRISS_SOSS,obs14,SOSS_HDU3_ordem_1,jw05959014001_04102_00001-seg005_nis_x1dints.fits,seg005,3,420,60694.076980705795,TDB-MID,2033.0727406088251,0.1444191096367147,2038,0.8522004674063691,2.828497546304791,2240,0.9961267714787081,0.9969136766899981
TOI-2076_d,NIRISS_SOSS,obs14,SOSS_HDU3_ordem_1,jw05959014001_04102_00001-seg005_nis_x1dints.fits,seg005,3,421,60694.07705778465,TDB-MID,2048.647631803796,0.1444456732975043,2038,0.8522004674063691,2.828497546304791,2241,1.0037578639488831,1.0045507974555714
TOI-2076_d,NIRISS_SOSS,obs14,SOSS_HDU3_ordem_1,jw05959014001_04102_00001-seg005_nis_x1dints.fits,seg005,3,422,60694.0771348635,TDB-MID,2044.3588588740126,0.14443746454543738,2038,0.8522004674063691,2.828497546304791,2242,1.0016565315927812,1.0024478051206105
TOI-2076_d,NIRISS_SOSS,obs14,SOSS_HDU3_ordem_1,jw05959014001_04102_00001-seg005_nis_x1dints.fits,seg005,3,423,60694.07721194235,TDB-MID,2026.3762749075681,0.1444005472521763,2038,0.8522004674063691,2.828497546304791,2243,0.9928457630690859,0.9936300763988106
TOI-2076_d,NIRISS_SOSS,obs14,SOSS_HDU3_ordem_1,jw05959014001_04102_00001-seg005_nis_x1dints.fits,seg005,3,424,60694.07728902121,TDB-MID,2046.4196102602632,0.14444243293662437,2038,0.8522004674063691,2.828497546304791,2244,1.0026662198268537,1.003458290972974
TOI-2076_d,NIRISS_SOSS,obs14,SOSS_HDU3_ordem_1,jw05959014001_04102_00001-seg005_nis_x1dints.fits,seg005,3,425,60694.07736610006,TDB-MID,2037.4104528988753,0.14442064734509327,2038,0.8522004674063691,2.828497546304791,2245,0.9982520822227777,0.9990406663550124
TOI-2076_d,NIRISS_SOSS,obs14,SOSS_HDU3_ordem_1,jw05959014001_04102_00001-seg005_nis_x1dints.fits,seg005,3,426,60694.07744317891,TDB-MID,2040.3964446193177,0.14443076118285292,2038,0.8522004674063691,2.828497546304791,2246,0.9997151023266505,1.0005048421934533
TOI-2076_d,NIRISS_SOSS,obs14,SOSS_HDU3_ordem_1,jw05959014001_04102_00001-seg005_nis_x1dints.fits,seg005,3,427,60694.077520257764,TDB-MID,2036.6535146214949,0.14442105457797055,2038,0.8522004674063691,2.828497546304791,2247,0.9978812118316722,0.9986695029893058
TOI-2076_d,NIRISS_SOSS,obs14,SOSS_HDU3_ordem_1,jw05959014001_04102_00001-seg005_nis_x1dints.fits,seg005,3,428,60694.077597336625,TDB-MID,2036.2488216720797,0.1444198749753647,2038,0.8522004674063691,2.828497546304791,2248,0.9976829279861958,0.9984710625065462
TOI-2076_d,NIRISS_SOSS,obs14,SOSS_HDU3_ordem_1,jw05959014001_04102_00001-seg005_nis_x1dints.fits,seg005,3,429,60694.07767441547,TDB-MID,2025.7253792185109,0.14440015551727117,2038,0.8522004674063691,2.828497546304791,2249,0.992526849432422,0.9933109108315592
TOI-2076_d,NIRISS_SOSS,obs14,SOSS_HDU3_ordem_1,jw05959014001_04102_00001-seg005_nis_x1dints.fits,seg005,3,430,60694.077751494326,TDB-MID,2037.3963903313593,0.14442119485098845,2038,0.8522004674063691,2.828497546304791,2250,0.9982451921102409,0.9990337707995284
TOI-2076_d,NIRISS_SOSS,obs14,SOSS_HDU3_ordem_1,jw05959014001_04102_00001-seg005_nis_x1dints.fits,seg005,3,431,60694.07782857318,TDB-MID,2038.0880451678734,0.1444236113044933,2038,0.8522004674063691,2.828497546304791,2251,0.9985840761479404,0.9993729225437317
TOI-2076_d,NIRISS_SOSS,obs14,SOSS_HDU3_ordem_1,jw05959014001_04102_00001-seg005_nis_x1dints.fits,seg005,3,432,60694.07790565204,TDB-MID,2038.2810946970174,0.1444253281564363,2038,0.8522004674063691,2.828497546304791,2252,0.99867866292802,0.9994675840440499
TOI-2076_d,NIRISS_SOSS,obs14,SOSS_HDU3_ordem_1,jw05959014001_04102_00001-seg005_nis_x1dints.fits,seg005,3,433,60694.07798273089,TDB-MID,2039.5886980053078,0.14442675923596807,2038,0.8522004674063691,2.828497546304791,2253,0.999319337821665,1.00010876504839
TOI-2076_d,NIRISS_SOSS,obs14,SOSS_HDU3_ordem_1,jw05959014001_04102_00001-seg005_nis_x1dints.fits,seg005,3,434,60694.07805980973,TDB-MID,2045.824074089648,0.14443995776178242,2038,0.8522004674063691,2.828497546304791,2254,1.0023744302065984,1.0031662708491529
TOI-2076_d,NIRISS_SOSS,obs14,SOSS_HDU3_ordem_1,jw05959014001_04102_00001-seg005_nis_x1dints.fits,seg005,3,435,60694.078136888595,TDB-MID,2037.4733745867898,0.14442289068762143,2038,0.8522004674063691,2.828497546304791,2255,0.9982829114088596,0.99907151989507
TOI-2076_d,NIRISS_SOSS,obs14,SOSS_HDU3_ordem_1,jw05959014001_04102_00001-seg005_nis_x1dints.fits,seg005,3,436,60694.07821396745,TDB-MID,2040.5615271396682,0.14443173841855714,2038,0.8522004674063691,2.828497546304791,2256,0.9997959863573789,1.000585790119729
TOI-2076_d,NIRISS_SOSS,obs14,SOSS_HDU3_ordem_1,jw05959014001_04102_00001-seg005_nis_x1dints.fits,seg005,3,437,60694.0782910463,TDB-MID,2041.409826827265,0.144430101323785,2038,0.8522004674063691,2.828497546304791,2257,1.000211620295198,1.001001752393781
TOI-2076_d,NIRISS_SOSS,obs14,SOSS_HDU3_ordem_1,jw05959014001_04102_00001-seg005_nis_x1dints.fits,seg005,3,438,60694.07836812515,TDB-MID,2036.7280370917167,0.14442415120507898,2038,0.8522004674063691,2.828497546304791,2258,0.9979177249510417,0.9987060449527589
TOI-2076_d,NIRISS_SOSS,obs14,SOSS_HDU3_ordem_1,jw05959014001_04102_00001-seg005_nis_x1dints.fits,seg005,3,439,60694.07844520401,TDB-MID,2035.6829492248107,0.14441929948896973,2038,0.8522004674063691,2.828497546304791,2259,0.9974056724395999,0.9981935879377929
TOI-2076_d,NIRISS_SOSS,obs14,SOSS_HDU3_ordem_1,jw05959014001_04102_00001-seg005_nis_x1dints.fits,seg005,3,440,60694.078522282856,TDB-MID,2035.2873230348077,0.14441904576932724,2038,0.8522004674063691,2.828497546304791,2260,0.9972118309544978,0.9979995933247164
TOI-2076_d,NIRISS_SOSS,obs14,SOSS_HDU3_ordem_1,jw05959014001_04102_00001-seg005_nis_x1dints.fits,seg005,3,441,60694.07859936172,TDB-MID,2039.8965744332445,0.14443039427187804,2038,0.8522004674063691,2.828497546304791,2261,0.999470185327536,1.0002597317184996
TOI-2076_d,NIRISS_SOSS,obs14,SOSS_HDU3_ordem_1,jw05959014001_04102_00001-seg005_nis_x1dints.fits,seg005,3,442,60694.078676440564,TDB-MID,2035.1627837934543,0.14442087672402146,2038,0.8522004674063691,2.828497546304791,2262,0.9971508115576343,0.9979385257246695
TOI-2076_d,NIRISS_SOSS,obs14,SOSS_HDU3_ordem_1,jw05959014001_04102_00001-seg005_nis_x1dints.fits,seg005,3,443,60694.078753519425,TDB-MID,2051.819744843242,0.14445243563342972,2038,0.8522004674063691,2.828497546304791,2263,1.0053120762786412,1.0061062375585574
TOI-2076_d,NIRISS_SOSS,obs14,SOSS_HDU3_ordem_1,jw05959014001_04102_00001-seg005_nis_x1dints.fits,seg005,3,444,60694.07883059827,TDB-MID,2045.8720907154495,0.1444414188589531,2038,0.8522004674063691,2.828497546304791,2264,1.0023979564904748,1.0031898157179684
TOI-2076_d,NIRISS_SOSS,obs14,SOSS_HDU3_ordem_1,jw05959014001_04102_00001-seg005_nis_x1dints.fits,seg005,3,445,60694.07890767712,TDB-MID,2041.551643056973,0.14443218018328097,2038,0.8522004674063691,2.828497546304791,2265,1.0002811047461087,1.0010712917349707
TOI-2076_d,NIRISS_SOSS,obs14,SOSS_HDU3_ordem_1,jw05959014001_04102_00001-seg005_nis_x1dints.fits,seg005,3,446,60694.07898475598,TDB-MID,2038.3830946907183,0.14442616828984786,2038,0.8522004674063691,2.828497546304791,2266,0.9987286389679259,0.9995175995632745
TOI-2076_d,NIRISS_SOSS,obs14,SOSS_HDU3_ordem_1,jw05959014001_04102_00001-seg005_nis_x1dints.fits,seg005,3,447,60694.07906183483,TDB-MID,2027.4432821952757,0.1444044425704631,2038,0.8522004674063691,2.828497546304791,2267,0.9933685552463742,0.9941532815635825
TOI-2076_d,NIRISS_SOSS,obs14,SOSS_HDU3_ordem_1,jw05959014001_04102_00001-seg005_nis_x1dints.fits,seg005,3,448,60694.07913891369,TDB-MID,2031.7079331397854,0.14441823244762017,2038,0.8522004674063691,2.828497546304791,2268,0.9954580687654851,0.9962444457250859
TOI-2076_d,NIRISS_SOSS,obs14,SOSS_HDU3_ordem_1,jw05959014001_04102_00001-seg005_nis_x1dints.fits,seg005,3,449,60694.07921599253,TDB-MID,2044.9970319889117,0.14443864264228204,2038,0.8522004674063691,2.828497546304791,2269,1.0019692116616696,1.0027607321957863
TOI-2076_d,NIRISS_SOSS,obs14,SOSS_HDU3_ordem_1,jw05959014001_04102_00001-seg006_nis_x1dints.fits,seg006,3,0,60694.079293071394,TDB-MID,2035.8105745454427,0.14441697181409954,2038,0.8522004674063691,2.828497546304791,2270,0.9974682038955881,0.999090903960612
TOI-2076_d,NIRISS_SOSS,obs14,SOSS_HDU3_ordem_1,jw05959014001_04102_00001-seg006_nis_x1dints.fits,seg006,3,1,60694.07937015025,TDB-MID,2034.9470028181368,0.14441683582467985,2038,0.8522004674063691,2.828497546304791,2271,0.9970450872507778,0.9986670989816729
TOI-2076_d,NIRISS_SOSS,obs14,SOSS_HDU3_ordem_1,jw05959014001_04102_00001-seg006_nis_x1dints.fits,seg006,3,2,60694.0794472291,TDB-MID,2030.304187675038,0.14440599818041883,2038,0.8522004674063691,2.828497546304791,2272,0.9947702879449338,0.9963885989894641
TOI-2076_d,NIRISS_SOSS,obs14,SOSS_HDU3_ordem_1,jw05959014001_04102_00001-seg006_nis_x1dints.fits,seg006,3,3,60694.07952430795,TDB-MID,2035.5903847035015,0.1444166904018099,2038,0.8522004674063691,2.828497546304791,2273,0.9973603194151245,0.9989828439716432
TOI-2076_d,NIRISS_SOSS,obs14,SOSS_HDU3_ordem_1,jw05959014001_04102_00001-seg006_nis_x1dints.fits,seg006,3,4,60694.07960138681,TDB-MID,2039.2752761321044,0.144430286224143,2038,0.8522004674063691,2.828497546304791,2274,0.9991657732627446,1.0007912349655947
TOI-2076_d,NIRISS_SOSS,obs14,SOSS_HDU3_ordem_1,jw05959014001_04102_00001-seg006_nis_x1dints.fits,seg006,3,5,60694.07967846566,TDB-MID,2039.8051104861015,0.14442505011658618,2038,0.8522004674063691,2.828497546304791,2275,0.9994253715417061,1.001051255563927
TOI-2076_d,NIRISS_SOSS,obs14,SOSS_HDU3_ordem_1,jw05959014001_04102_00001-seg006_nis_x1dints.fits,seg006,3,6,60694.07975554451,TDB-MID,2034.7003265114595,0.14441385179767635,2038,0.8522004674063691,2.828497546304791,2276,0.9969242254301146,0.998546040540723
TOI-2076_d,NIRISS_SOSS,obs14,SOSS_HDU3_ordem_1,jw05959014001_04102_00001-seg006_nis_x1dints.fits,seg006,3,7,60694.07983262336,TDB-MID,2034.1526572913483,0.14441816198414573,2038,0.8522004674063691,2.828497546304791,2277,0.9966558887586464,0.9982772673341026
TOI-2076_d,NIRISS_SOSS,obs14,SOSS_HDU3_ordem_1,jw05959014001_04102_00001-seg006_nis_x1dints.fits,seg006,3,8,60694.07990970222,TDB-MID,2032.5746195219988,0.1444132583765908,2038,0.8522004674063691,2.828497546304791,2278,0.9958827114703696,0.9975028322264476
TOI-2076_d,NIRISS_SOSS,obs14,SOSS_HDU3_ordem_1,jw05959014001_04102_00001-seg006_nis_x1dints.fits,seg006,3,9,60694.07998678107,TDB-MID,2032.0134571215667,0.1444102705077836,2038,0.8522004674063691,2.828497546304791,2279,0.9956077636640013,0.9972274371298082
TOI-2076_d,NIRISS_SOSS,obs14,SOSS_HDU3_ordem_1,jw05959014001_04102_00001-seg006_nis_x1dints.fits,seg006,3,10,60694.080063859925,TDB-MID,2032.160941029393,0.1444116102671482,2038,0.8522004674063691,2.828497546304791,2280,0.9956800250573167,0.9972998160793196
TOI-2076_d,NIRISS_SOSS,obs14,SOSS_HDU3_ordem_1,jw05959014001_04102_00001-seg006_nis_x1dints.fits,seg006,3,11,60694.08014093878,TDB-MID,2035.6314458608347,0.14441905609278244,2038,0.8522004674063691,2.828497546304791,2281,0.9973804377892832,0.9990029950747519
TOI-2076_d,NIRISS_SOSS,obs14,SOSS_HDU3_ordem_1,jw05959014001_04102_00001-seg006_nis_x1dints.fits,seg006,3,12,60694.08021801763,TDB-MID,2021.6872254178857,0.1443890967854922,2038,0.8522004674063691,2.828497546304791,2282,0.9905483107270401,0.9921597533794961
TOI-2076_d,NIRISS_SOSS,obs14,SOSS_HDU3_ordem_1,jw05959014001_04102_00001-seg006_nis_x1dints.fits,seg006,3,13,60694.080295096486,TDB-MID,2029.2945902143024,0.1444111880155308,2038,0.8522004674063691,2.828497546304791,2283,0.9942756243556937,0.9958931306721783
TOI-2076_d,NIRISS_SOSS,obs14,SOSS_HDU3_ordem_1,jw05959014001_04102_00001-seg006_nis_x1dints.fits,seg006,3,14,60694.08037217533,TDB-MID,2035.7539136054845,0.14441789076498474,2038,0.8522004674063691,2.828497546304791,2284,0.9974404422331241,0.9990630971349524
TOI-2076_d,NIRISS_SOSS,obs14,SOSS_HDU3_ordem_1,jw05959014001_04102_00001-seg006_nis_x1dints.fits,seg006,3,15,60694.08044925419,TDB-MID,2041.884894212741,0.1444305563506549,2038,0.8522004674063691,2.828497546304791,2285,1.0004443848842248,1.002071926656548
TOI-2076_d,NIRISS_SOSS,obs14,SOSS_HDU3_ordem_1,jw05959014001_04102_00001-seg006_nis_x1dints.fits,seg006,3,16,60694.08052633305,TDB-MID,2041.4517419273513,0.14443015166783854,2038,0.8522004674063691,2.828497546304791,2286,1.0002321570681778,1.001859353584292
TOI-2076_d,NIRISS_SOSS,obs14,SOSS_HDU3_ordem_1,jw05959014001_04102_00001-seg006_nis_x1dints.fits,seg006,3,17,60694.080603411894,TDB-MID,2038.0696356397461,0.14442432647137268,2038,0.8522004674063691,2.828497546304791,2287,0.998575056193341,1.0001995569065343
TOI-2076_d,NIRISS_SOSS,obs14,SOSS_HDU3_ordem_1,jw05959014001_04102_00001-seg006_nis_x1dints.fits,seg006,3,18,60694.08068049075,TDB-MID,2037.2752995243764,0.14442148866498322,2038,0.8522004674063691,2.828497546304791,2288,0.9981858623124396,0.9998097298776957
TOI-2076_d,NIRISS_SOSS,obs14,SOSS_HDU3_ordem_1,jw05959014001_04102_00001-seg006_nis_x1dints.fits,seg006,3,19,60694.0807575696,TDB-MID,2043.5529081416644,0.14443527608871962,2038,0.8522004674063691,2.828497546304791,2289,1.00126164700014,1.0028905183098697
TOI-2076_d,NIRISS_SOSS,obs14,SOSS_HDU3_ordem_1,jw05959014001_04102_00001-seg006_nis_x1dints.fits,seg006,3,20,60694.08083464846,TDB-MID,2033.1147404380577,0.1444223266048306,2038,0.8522004674063691,2.828497546304791,2290,0.9961473497656824,0.9977679010403248
TOI-2076_d,NIRISS_SOSS,obs14,SOSS_HDU3_ordem_1,jw05959014001_04102_00001-seg006_nis_x1dints.fits,seg006,3,21,60694.08091172731,TDB-MID,2033.4658471213404,0.14441520960606113,2038,0.8522004674063691,2.828497546304791,2291,0.99631937841959,0.9979402095536872
TOI-2076_d,NIRISS_SOSS,obs14,SOSS_HDU3_ordem_1,jw05959014001_04102_00001-seg006_nis_x1dints.fits,seg006,3,22,60694.08098880616,TDB-MID,2042.3405479300236,0.14443186058124005,2038,0.8522004674063691,2.828497546304791,2292,1.0006676375289743,1.0022955424929059
TOI-2076_d,NIRISS_SOSS,obs14,SOSS_HDU3_ordem_1,jw05959014001_04102_00001-seg006_nis_x1dints.fits,seg006,3,23,60694.08106588502,TDB-MID,2043.6611716116295,0.1444348785506484,2038,0.8522004674063691,2.828497546304791,2293,1.001314691900429,1.0029436495046016
TOI-2076_d,NIRISS_SOSS,obs14,SOSS_HDU3_ordem_1,jw05959014001_04102_00001-seg006_nis_x1dints.fits,seg006,3,24,60694.08114296388,TDB-MID,2041.1527309655755,0.1444280305058089,2038,0.8522004674063691,2.828497546304791,2294,1.0000856532967972,1.001712611477816
TOI-2076_d,NIRISS_SOSS,obs14,SOSS_HDU3_ordem_1,jw05959014001_04102_00001-seg006_nis_x1dints.fits,seg006,3,25,60694.081220042724,TDB-MID,2037.22878745855,0.14442262867800076,2038,0.8522004674063691,2.828497546304791,2295,0.9981630732045829,0.9997869036960889
TOI-2076_d,NIRISS_SOSS,obs14,SOSS_HDU3_ordem_1,jw05959014001_04102_00001-seg006_nis_x1dints.fits,seg006,3,26,60694.08129712157,TDB-MID,2041.2318084775363,0.14442803809039212,2038,0.8522004674063691,2.828497546304791,2296,1.0001243982099095,1.001751419421883
TOI-2076_d,NIRISS_SOSS,obs14,SOSS_HDU3_ordem_1,jw05959014001_04102_00001-seg006_nis_x1dints.fits,seg006,3,27,60694.08137420043,TDB-MID,2036.1148385044712,0.14441917222476738,2038,0.8522004674063691,2.828497546304791,2297,0.9976172814318368,0.999240224019005
TOI-2076_d,NIRISS_SOSS,obs14,SOSS_HDU3_ordem_1,jw05959014001_04102_00001-seg006_nis_x1dints.fits,seg006,3,28,60694.08145127928,TDB-MID,2038.4062207177872,0.14442276299194637,2038,0.8522004674063691,2.828497546304791,2298,0.998739969824034,1.0003647388218286
TOI-2076_d,NIRISS_SOSS,obs14,SOSS_HDU3_ordem_1,jw05959014001_04102_00001-seg006_nis_x1dints.fits,seg006,3,29,60694.08152835814,TDB-MID,2036.9169211569495,0.14442008317771649,2038,0.8522004674063691,2.828497546304791,2299,0.9980102708154006,0.9996338527251014
TOI-2076_d,NIRISS_SOSS,obs14,SOSS_HDU3_ordem_1,jw05959014001_04102_00001-seg006_nis_x1dints.fits,seg006,3,30,60694.081605436986,TDB-MID,2037.6942175583508,0.144420910524357,2038,0.8522004674063691,2.828497546304791,2300,0.9983911158974994,1.0000153173731543
TOI-2076_d,NIRISS_SOSS,obs14,SOSS_HDU3_ordem_1,jw05959014001_04102_00001-seg006_nis_x1dints.fits,seg006,3,31,60694.08168251585,TDB-MID,2044.4779383436685,0.14443453593893985,2038,0.8522004674063691,2.828497546304791,2301,1.0017148759133205,1.0033444845443842
TOI-2076_d,NIRISS_SOSS,obs14,SOSS_HDU3_ordem_1,jw05959014001_04102_00001-seg006_nis_x1dints.fits,seg006,3,32,60694.081759594694,TDB-MID,2038.9452979275895,0.14442314898769254,2038,0.8522004674063691,2.828497546304791,2302,0.999004096743771,1.0006292954282143
TOI-2076_d,NIRISS_SOSS,obs14,SOSS_HDU3_ordem_1,jw05959014001_04102_00001-seg006_nis_x1dints.fits,seg006,3,33,60694.081836673555,TDB-MID,2043.0138437736457,0.14443399430740753,2038,0.8522004674063691,2.828497546304791,2303,1.000997526372379,1.0026259680056957
TOI-2076_d,NIRISS_SOSS,obs14,SOSS_HDU3_ordem_1,jw05959014001_04102_00001-seg006_nis_x1dints.fits,seg006,3,34,60694.0819137524,TDB-MID,2036.2933462653461,0.14441842632058013,2038,0.8522004674063691,2.828497546304791,2304,0.9977047433096007,0.9993278281813993
TOI-2076_d,NIRISS_SOSS,obs14,SOSS_HDU3_ordem_1,jw05959014001_04102_00001-seg006_nis_x1dints.fits,seg006,3,35,60694.081990831255,TDB-MID,2041.2130584772249,0.14442821875884035,2038,0.8522004674063691,2.828497546304791,2305,1.000115211437148,1.0017422177039066
TOI-2076_d,NIRISS_SOSS,obs14,SOSS_HDU3_ordem_1,jw05959014001_04102_00001-seg006_nis_x1dints.fits,seg006,3,36,60694.08206791011,TDB-MID,2034.9414379845098,0.14441574167146412,2038,0.8522004674063691,2.828497546304791,2306,0.9970423606981839,0.9986643679934719
TOI-2076_d,NIRISS_SOSS,obs14,SOSS_HDU3_ordem_1,jw05959014001_04102_00001-seg006_nis_x1dints.fits,seg006,3,37,60694.082144988955,TDB-MID,2040.0158521869698,0.1444255191942707,2038,0.8522004674063691,2.828497546304791,2307,0.999528626799577,1.0011546787993966
TOI-2076_d,NIRISS_SOSS,obs14,SOSS_HDU3_ordem_1,jw05959014001_04102_00001-seg006_nis_x1dints.fits,seg006,3,38,60694.08222206782,TDB-MID,2037.671968934174,0.14442430367948875,2038,0.8522004674063691,2.828497546304791,2308,0.9983802149347701,1.0000043986765337
TOI-2076_d,NIRISS_SOSS,obs14,SOSS_HDU3_ordem_1,jw05959014001_04102_00001-seg006_nis_x1dints.fits,seg006,3,39,60694.08229914667,TDB-MID,2034.3271804071505,0.14441385913891477,2038,0.8522004674063691,2.828497546304791,2309,0.9967413983149058,0.998362915998919
TOI-2076_d,NIRISS_SOSS,obs14,SOSS_HDU3_ordem_1,jw05959014001_04102_00001-seg006_nis_x1dints.fits,seg006,3,40,60694.082376225524,TDB-MID,2028.1488775484077,0.14440116102684789,2038,0.8522004674063691,2.828497546304791,2310,0.9937142695964054,0.9953308626903925
TOI-2076_d,NIRISS_SOSS,obs14,SOSS_HDU3_ordem_1,jw05959014001_04102_00001-seg006_nis_x1dints.fits,seg006,3,41,60694.08245330437,TDB-MID,2027.990665597718,0.14439890482240897,2038,0.8522004674063691,2.828497546304791,2311,0.9936367518782727,0.9952532188649755
TOI-2076_d,NIRISS_SOSS,obs14,SOSS_HDU3_ordem_1,jw05959014001_04102_00001-seg006_nis_x1dints.fits,seg006,3,42,60694.08253038323,TDB-MID,2030.9263339800145,0.1444101613127627,2038,0.8522004674063691,2.828497546304791,2312,0.9950751154987074,0.9966939224424447
TOI-2076_d,NIRISS_SOSS,obs14,SOSS_HDU3_ordem_1,jw05959014001_04102_00001-seg006_nis_x1dints.fits,seg006,3,43,60694.082607462085,TDB-MID,2041.9312223098927,0.1444316097598692,2038,0.8522004674063691,2.828497546304791,2313,1.000467083854568,1.0020946625540037
TOI-2076_d,NIRISS_SOSS,obs14,SOSS_HDU3_ordem_1,jw05959014001_04102_00001-seg006_nis_x1dints.fits,seg006,3,44,60694.08268454093,TDB-MID,2047.38292961307,0.14444436792875798,2038,0.8522004674063691,2.828497546304791,2314,1.0031382089385306,1.0047701330745733
TOI-2076_d,NIRISS_SOSS,obs14,SOSS_HDU3_ordem_1,jw05959014001_04102_00001-seg006_nis_x1dints.fits,seg006,3,45,60694.082761619786,TDB-MID,2039.5439172123292,0.14442850688245953,2038,0.8522004674063691,2.828497546304791,2315,0.9992973969703404,1.0009230728011178
TOI-2076_d,NIRISS_SOSS,obs14,SOSS_HDU3_ordem_1,jw05959014001_04102_00001-seg006_nis_x1dints.fits,seg006,3,46,60694.08283869864,TDB-MID,2041.4995455588814,0.14443213459947726,2038,0.8522004674063691,2.828497546304791,2316,1.0002555789931242,1.0018828136124671
TOI-2076_d,NIRISS_SOSS,obs14,SOSS_HDU3_ordem_1,jw05959014001_04102_00001-seg006_nis_x1dints.fits,seg006,3,47,60694.0829157775,TDB-MID,2032.845609284381,0.14441248433581388,2038,0.8522004674063691,2.828497546304791,2317,0.9960154859411072,0.9976358226971955
TOI-2076_d,NIRISS_SOSS,obs14,SOSS_HDU3_ordem_1,jw05959014001_04102_00001-seg006_nis_x1dints.fits,seg006,3,48,60694.08299285635,TDB-MID,2033.601612571465,0.14441440667792657,2038,0.8522004674063691,2.828497546304791,2318,0.9963858982232398,0.9980068375730067
TOI-2076_d,NIRISS_SOSS,obs14,SOSS_HDU3_ordem_1,jw05959014001_04102_00001-seg006_nis_x1dints.fits,seg006,3,49,60694.0830699352,TDB-MID,2041.889618246124,0.14443060836147756,2038,0.8522004674063691,2.828497546304791,2319,1.0004466994773173,1.0020742450150644
TOI-2076_d,NIRISS_SOSS,obs14,SOSS_HDU3_ordem_1,jw05959014001_04102_00001-seg006_nis_x1dints.fits,seg006,3,50,60694.083147014055,TDB-MID,2038.2243276615106,0.14442151665433509,2038,0.8522004674063691,2.828497546304791,2320,0.9986508492828532,1.0002754732976724
TOI-2076_d,NIRISS_SOSS,obs14,SOSS_HDU3_ordem_1,jw05959014001_04102_00001-seg006_nis_x1dints.fits,seg006,3,51,60694.0832240929,TDB-MID,2027.943816366371,0.14440287034477567,2038,0.8522004674063691,2.828497546304791,2321,0.9936137975723909,0.9952302272165965
TOI-2076_d,NIRISS_SOSS,obs14,SOSS_HDU3_ordem_1,jw05959014001_04102_00001-seg006_nis_x1dints.fits,seg006,3,52,60694.08330117176,TDB-MID,2041.210832734063,0.14442874541176381,2038,0.8522004674063691,2.828497546304791,2322,1.0001141209093447,1.0017411254020119
TOI-2076_d,NIRISS_SOSS,obs14,SOSS_HDU3_ordem_1,jw05959014001_04102_00001-seg006_nis_x1dints.fits,seg006,3,53,60694.08337825061,TDB-MID,2037.8550705489988,0.14442120944563186,2038,0.8522004674063691,2.828497546304791,2323,0.9984699276227547,1.000094257310809
TOI-2076_d,NIRISS_SOSS,obs14,SOSS_HDU3_ordem_1,jw05959014001_04102_00001-seg006_nis_x1dints.fits,seg006,3,54,60694.08345532947,TDB-MID,2043.0600567885112,0.1444505597655534,2038,0.8522004674063691,2.828497546304791,2324,1.0010201689568665,1.0026486474255663
TOI-2076_d,NIRISS_SOSS,obs14,SOSS_HDU3_ordem_1,jw05959014001_04102_00001-seg006_nis_x1dints.fits,seg006,3,55,60694.08353240832,TDB-MID,2037.4678095698305,0.14442101262148502,2038,0.8522004674063691,2.828497546304791,2325,0.99828018476644,0.9999042057772412
TOI-2076_d,NIRISS_SOSS,obs14,SOSS_HDU3_ordem_1,jw05959014001_04102_00001-seg006_nis_x1dints.fits,seg006,3,56,60694.08360948717,TDB-MID,2044.8507118137977,0.1444344256942983,2038,0.8522004674063691,2.828497546304791,2326,1.0018975204522373,1.0035274262128777
TOI-2076_d,NIRISS_SOSS,obs14,SOSS_HDU3_ordem_1,jw05959014001_04102_00001-seg006_nis_x1dints.fits,seg006,3,57,60694.083686566024,TDB-MID,2034.4776561432304,0.14441212384942828,2038,0.8522004674063691,2.828497546304791,2327,0.996815125588,0.99843676321293
TOI-2076_d,NIRISS_SOSS,obs14,SOSS_HDU3_ordem_1,jw05959014001_04102_00001-seg006_nis_x1dints.fits,seg006,3,58,60694.083763644885,TDB-MID,2030.6984057334073,0.14440467036349175,2038,0.8522004674063691,2.828497546304791,2328,0.9949634395001626,0.9965820647672817
TOI-2076_d,NIRISS_SOSS,obs14,SOSS_HDU3_ordem_1,jw05959014001_04102_00001-seg006_nis_x1dints.fits,seg006,3,59,60694.08384072373,TDB-MID,2035.4494769349553,0.14441719967213634,2038,0.8522004674063691,2.828497546304791,2329,0.9972912800749402,0.9989136923169597
TOI-2076_d,NIRISS_SOSS,obs14,SOSS_HDU3_ordem_1,jw05959014001_04102_00001-seg006_nis_x1dints.fits,seg006,3,60,60694.08391780258,TDB-MID,2033.4368922662754,0.14441060919080362,2038,0.8522004674063691,2.828497546304791,2330,0.9963051916638884,0.9979259997187042
TOI-2076_d,NIRISS_SOSS,obs14,SOSS_HDU3_ordem_1,jw05959014001_04102_00001-seg006_nis_x1dints.fits,seg006,3,61,60694.08399488144,TDB-MID,2034.0982962215694,0.14441230609221734,2038,0.8522004674063691,2.828497546304791,2331,0.9966292539433487,0.9982505891887856
TOI-2076_d,NIRISS_SOSS,obs14,SOSS_HDU3_ordem_1,jw05959014001_04102_00001-seg006_nis_x1dints.fits,seg006,3,62,60694.08407196029,TDB-MID,2034.5820291640114,0.14442566350774377,2038,0.8522004674063691,2.828497546304791,2332,0.9968662643191153,0.9984879851374965
TOI-2076_d,NIRISS_SOSS,obs14,SOSS_HDU3_ordem_1,jw05959014001_04102_00001-seg006_nis_x1dints.fits,seg006,3,63,60694.08414903915,TDB-MID,2038.5575585871256,0.14442190540836375,2038,0.8522004674063691,2.828497546304791,2333,0.9988141195089791,1.000439009134878
TOI-2076_d,NIRISS_SOSS,obs14,SOSS_HDU3_ordem_1,jw05959014001_04102_00001-seg006_nis_x1dints.fits,seg006,3,64,60694.08422611799,TDB-MID,2038.4429631008006,0.14442272641884757,2038,0.8522004674063691,2.828497546304791,2334,0.9987579721663195,1.0003827704506636
TOI-2076_d,NIRISS_SOSS,obs14,SOSS_HDU3_ordem_1,jw05959014001_04102_00001-seg006_nis_x1dints.fits,seg006,3,65,60694.084303196854,TDB-MID,2037.1637379885995,0.1444181882529581,2038,0.8522004674063691,2.828497546304791,2335,0.9981312014878488,0.9997549801298458
TOI-2076_d,NIRISS_SOSS,obs14,SOSS_HDU3_ordem_1,jw05959014001_04102_00001-seg006_nis_x1dints.fits,seg006,3,66,60694.08438027571,TDB-MID,2037.9131514986177,0.1444224926835062,2038,0.8522004674063691,2.828497546304791,2336,0.9984983850348642,1.0001227610179726
TOI-2076_d,NIRISS_SOSS,obs14,SOSS_HDU3_ordem_1,jw05959014001_04102_00001-seg006_nis_x1dints.fits,seg006,3,67,60694.08445735456,TDB-MID,2029.8449581111736,0.14440381360486781,2038,0.8522004674063691,2.828497546304791,2337,0.9945452832740813,0.9961632282767743
TOI-2076_d,NIRISS_SOSS,obs14,SOSS_HDU3_ordem_1,jw05959014001_04102_00001-seg006_nis_x1dints.fits,seg006,3,68,60694.08453443341,TDB-MID,2037.989957370809,0.14442128431887868,2038,0.8522004674063691,2.828497546304791,2338,0.998536016932616,1.0001604541360047
TOI-2076_d,NIRISS_SOSS,obs14,SOSS_HDU3_ordem_1,jw05959014001_04102_00001-seg006_nis_x1dints.fits,seg006,3,69,60694.08461151226,TDB-MID,2038.0238251812718,0.14444114511587672,2038,0.8522004674063691,2.828497546304791,2339,0.9985526108458683,1.0001770750445478
TOI-2076_d,NIRISS_SOSS,obs14,SOSS_HDU3_ordem_1,jw05959014001_04102_00001-seg006_nis_x1dints.fits,seg006,3,70,60694.084688591116,TDB-MID,2036.7169307427068,0.14443733278122156,2038,0.8522004674063691,2.828497546304791,2340,0.9979122832708888,0.9995357057726062
TOI-2076_d,NIRISS_SOSS,obs14,SOSS_HDU3_ordem_1,jw05959014001_04102_00001-seg006_nis_x1dints.fits,seg006,3,71,60694.08476566997,TDB-MID,2032.2730685631439,0.1444096357921622,2038,0.8522004674063691,2.828497546304791,2341,0.9957349631989573,0.997354843595364
TOI-2076_d,NIRISS_SOSS,obs14,SOSS_HDU3_ordem_1,jw05959014001_04102_00001-seg006_nis_x1dints.fits,seg006,3,72,60694.08484274882,TDB-MID,2036.0157981563425,0.14441711220961795,2038,0.8522004674063691,2.828497546304791,2342,0.9975687555034443,0.999191619147718
TOI-2076_d,NIRISS_SOSS,obs14,SOSS_HDU3_ordem_1,jw05959014001_04102_00001-seg006_nis_x1dints.fits,seg006,3,73,60694.08491982768,TDB-MID,2037.2013256191924,0.14441944770741394,2038,0.8522004674063691,2.828497546304791,2343,0.9981496179686575,0.9997734265709324
TOI-2076_d,NIRISS_SOSS,obs14,SOSS_HDU3_ordem_1,jw05959014001_04102_00001-seg006_nis_x1dints.fits,seg006,3,74,60694.08499690653,TDB-MID,2038.8254957287645,0.1444237664339263,2038,0.8522004674063691,2.828497546304791,2344,0.9989453983139766,1.0005705015067086
TOI-2076_d,NIRISS_SOSS,obs14,SOSS_HDU3_ordem_1,jw05959014001_04102_00001-seg006_nis_x1dints.fits,seg006,3,75,60694.085073985385,TDB-MID,2037.0681056686067,0.14442123419685507,2038,0.8522004674063691,2.828497546304791,2345,0.9980843453610312,0.9997080477765984
TOI-2076_d,NIRISS_SOSS,obs14,SOSS_HDU3_ordem_1,jw05959014001_04102_00001-seg006_nis_x1dints.fits,seg006,3,76,60694.08515106423,TDB-MID,2037.2841312955302,0.14442123341047486,2038,0.8522004674063691,2.828497546304791,2346,0.9981901895376836,0.9998140641425511
TOI-2076_d,NIRISS_SOSS,obs14,SOSS_HDU3_ordem_1,jw05959014001_04102_00001-seg006_nis_x1dints.fits,seg006,3,77,60694.08522814309,TDB-MID,2037.2179035859617,0.1444228809765446,2038,0.8522004674063691,2.828497546304791,2347,0.9981577405292457,0.9997815623454551
TOI-2076_d,NIRISS_SOSS,obs14,SOSS_HDU3_ordem_1,jw05959014001_04102_00001-seg006_nis_x1dints.fits,seg006,3,78,60694.08530522194,TDB-MID,2035.729032852639,0.14441551813032527,2038,0.8522004674063691,2.828497546304791,2348,0.9974282516294585,0.9990508866993832
TOI-2076_d,NIRISS_SOSS,obs14,SOSS_HDU3_ordem_1,jw05959014001_04102_00001-seg006_nis_x1dints.fits,seg006,3,79,60694.08538230079,TDB-MID,2034.4393829039618,0.14441339942713705,2038,0.8522004674063691,2.828497546304791,2349,0.9967963731855378,0.9984179803037062
TOI-2076_d,NIRISS_SOSS,obs14,SOSS_HDU3_ordem_1,jw05959014001_04102_00001-seg006_nis_x1dints.fits,seg006,3,80,60694.08545937965,TDB-MID,2040.4523519785837,0.1444267437344038,2038,0.8522004674063691,2.828497546304791,2350,0.9997424947638099,1.0013688946880628
TOI-2076_d,NIRISS_SOSS,obs14,SOSS_HDU3_ordem_1,jw05959014001_04102_00001-seg006_nis_x1dints.fits,seg006,3,81,60694.08553645851,TDB-MID,2042.5952523861315,0.1444307166953956,2038,0.8522004674063691,2.828497546304791,2351,1.0007924328314128,1.0024205408146933
TOI-2076_d,NIRISS_SOSS,obs14,SOSS_HDU3_ordem_1,jw05959014001_04102_00001-seg006_nis_x1dints.fits,seg006,3,82,60694.085613537354,TDB-MID,2043.2366705776203,0.14443337728388114,2038,0.8522004674063691,2.828497546304791,2352,1.0011067028619403,1.0027353221056268
TOI-2076_d,NIRISS_SOSS,obs14,SOSS_HDU3_ordem_1,jw05959014001_04102_00001-seg006_nis_x1dints.fits,seg006,3,83,60694.08569061621,TDB-MID,2038.031788084609,0.14441828124853212,2038,0.8522004674063691,2.828497546304791,2353,0.9985565123595891,1.0001809829053245
TOI-2076_d,NIRISS_SOSS,obs14,SOSS_HDU3_ordem_1,jw05959014001_04102_00001-seg006_nis_x1dints.fits,seg006,3,84,60694.08576769506,TDB-MID,2036.3893980859377,0.14441754807175786,2038,0.8522004674063691,2.828497546304791,2354,0.9977518049754375,0.9993749664080408
TOI-2076_d,NIRISS_SOSS,obs14,SOSS_HDU3_ordem_1,jw05959014001_04102_00001-seg006_nis_x1dints.fits,seg006,3,85,60694.085844773916,TDB-MID,2041.237887815491,0.14442677809272797,2038,0.8522004674063691,2.828497546304791,2355,1.0001273768496644,1.001754402907345
TOI-2076_d,NIRISS_SOSS,obs14,SOSS_HDU3_ordem_1,jw05959014001_04102_00001-seg006_nis_x1dints.fits,seg006,3,86,60694.08592185277,TDB-MID,2028.1431156235315,0.1444150076200668,2038,0.8522004674063691,2.828497546304791,2356,0.9937114464767454,0.9953280349780281
TOI-2076_d,NIRISS_SOSS,obs14,SOSS_HDU3_ordem_1,jw05959014001_04102_00001-seg006_nis_x1dints.fits,seg006,3,87,60694.085998931616,TDB-MID,2042.6701506526758,0.14443007918160858,2038,0.8522004674063691,2.828497546304791,2357,1.0008291300764016,1.0024572977594517
TOI-2076_d,NIRISS_SOSS,obs14,SOSS_HDU3_ordem_1,jw05959014001_04102_00001-seg006_nis_x1dints.fits,seg006,3,88,60694.08607601048,TDB-MID,2034.2522704557398,0.14441366799862898,2038,0.8522004674063691,2.828497546304791,2358,0.9967046953447858,0.9983261533197157
TOI-2076_d,NIRISS_SOSS,obs14,SOSS_HDU3_ordem_1,jw05959014001_04102_00001-seg006_nis_x1dints.fits,seg006,3,89,60694.08615308933,TDB-MID,2046.8182463511578,0.1444403274502237,2038,0.8522004674063691,2.828497546304791,2359,1.0028615360466258,1.004493010085996
TOI-2076_d,NIRISS_SOSS,obs14,SOSS_HDU3_ordem_1,jw05959014001_04102_00001-seg006_nis_x1dints.fits,seg006,3,90,60694.086230168185,TDB-MID,2037.675602592109,0.14442302316969707,2038,0.8522004674063691,2.828497546304791,2360,0.9983819952861935,1.0000061819242663
TOI-2076_d,NIRISS_SOSS,obs14,SOSS_HDU3_ordem_1,jw05959014001_04102_00001-seg006_nis_x1dints.fits,seg006,3,91,60694.08630724703,TDB-MID,2039.2146848126304,0.14442368299222694,2038,0.8522004674063691,2.828497546304791,2361,0.9991360858667937,1.000761499273629
TOI-2076_d,NIRISS_SOSS,obs14,SOSS_HDU3_ordem_1,jw05959014001_04102_00001-seg006_nis_x1dints.fits,seg006,3,92,60694.086384325885,TDB-MID,2036.1075988254745,0.1444219752397915,2038,0.8522004674063691,2.828497546304791,2362,0.9976137342699859,0.9992366710865644
TOI-2076_d,NIRISS_SOSS,obs14,SOSS_HDU3_ordem_1,jw05959014001_04102_00001-seg006_nis_x1dints.fits,seg006,3,93,60694.08646140474,TDB-MID,2033.5823401590042,0.14441758884613926,2038,0.8522004674063691,2.828497546304791,2363,0.9963764554887916,0.9979973794769403
TOI-2076_d,NIRISS_SOSS,obs14,SOSS_HDU3_ordem_1,jw05959014001_04102_00001-seg006_nis_x1dints.fits,seg006,3,94,60694.08653848359,TDB-MID,2036.3527215065628,0.14441897991851566,2038,0.8522004674063691,2.828497546304791,2364,0.9977338348743822,0.9993569670728865
TOI-2076_d,NIRISS_SOSS,obs14,SOSS_HDU3_ordem_1,jw05959014001_04102_00001-seg006_nis_x1dints.fits,seg006,3,95,60694.086615562446,TDB-MID,2039.3747554322772,0.14442487855659644,2038,0.8522004674063691,2.828497546304791,2365,0.9992145142606099,1.0008400552562338
TOI-2076_d,NIRISS_SOSS,obs14,SOSS_HDU3_ordem_1,jw05959014001_04102_00001-seg006_nis_x1dints.fits,seg006,3,96,60694.0866926413,TDB-MID,2027.3248539554334,0.1444139841702424,2038,0.8522004674063691,2.828497546304791,2366,0.9933105300031797,0.9949264662859906
TOI-2076_d,NIRISS_SOSS,obs14,SOSS_HDU3_ordem_1,jw05959014001_04102_00001-seg006_nis_x1dints.fits,seg006,3,97,60694.086769720154,TDB-MID,2035.8400928526162,0.14441786323643097,2038,0.8522004674063691,2.828497546304791,2367,0.9974826667209641,0.9991053903143847
TOI-2076_d,NIRISS_SOSS,obs14,SOSS_HDU3_ordem_1,jw05959014001_04102_00001-seg006_nis_x1dints.fits,seg006,3,98,60694.086846799,TDB-MID,2042.3984429772852,0.14443131980895293,2038,0.8522004674063691,2.828497546304791,2368,1.0006960038561405,1.0023239549669476
TOI-2076_d,NIRISS_SOSS,obs14,SOSS_HDU3_ordem_1,jw05959014001_04102_00001-seg006_nis_x1dints.fits,seg006,3,99,60694.086923877854,TDB-MID,2030.973286247413,0.14440835187260764,2038,0.8522004674063691,2.828497546304791,2369,0.9950981202882573,0.9967169646566196
TOI-2076_d,NIRISS_SOSS,obs14,SOSS_HDU3_ordem_1,jw05959014001_04102_00001-seg006_nis_x1dints.fits,seg006,3,100,60694.087000956715,TDB-MID,2043.3705530321472,0.1444333138233356,2038,0.8522004674063691,2.828497546304791,2370,1.0011723000707964,1.0028010260292581
TOI-2076_d,NIRISS_SOSS,obs14,SOSS_HDU3_ordem_1,jw05959014001_04102_00001-seg006_nis_x1dints.fits,seg006,3,101,60694.08707803556,TDB-MID,2050.902293295947,0.14445002473042134,2038,0.8522004674063691,2.828497546304791,2371,1.0048625606122605,1.0064972899560904
TOI-2076_d,NIRISS_SOSS,obs14,SOSS_HDU3_ordem_1,jw05959014001_04102_00001-seg006_nis_x1dints.fits,seg006,3,102,60694.087155114416,TDB-MID,2034.7194001501043,0.14441679609931776,2038,0.8522004674063691,2.828497546304791,2372,0.9969335707731041,0.9985554010868926
TOI-2076_d,NIRISS_SOSS,obs14,SOSS_HDU3_ordem_1,jw05959014001_04102_00001-seg006_nis_x1dints.fits,seg006,3,103,60694.08723219327,TDB-MID,2043.212370990227,0.14443432996169012,2038,0.8522004674063691,2.828497546304791,2373,1.0010947970068005,1.0027233968818177
TOI-2076_d,NIRISS_SOSS,obs14,SOSS_HDU3_ordem_1,jw05959014001_04102_00001-seg006_nis_x1dints.fits,seg006,3,104,60694.08730927213,TDB-MID,2038.1315428443218,0.14442033108504665,2038,0.8522004674063691,2.828497546304791,2374,0.9986053883219428,1.0002299383800146
TOI-2076_d,NIRISS_SOSS,obs14,SOSS_HDU3_ordem_1,jw05959014001_04102_00001-seg006_nis_x1dints.fits,seg006,3,105,60694.08738635098,TDB-MID,2035.3406243073532,0.14442259151453582,2038,0.8522004674063691,2.828497546304791,2375,0.9972379465102652,0.9988602719882369
TOI-2076_d,NIRISS_SOSS,obs14,SOSS_HDU3_ordem_1,jw05959014001_04102_00001-seg006_nis_x1dints.fits,seg006,3,106,60694.08746342982,TDB-MID,2040.2320963071916,0.14442873458023905,2038,0.8522004674063691,2.828497546304791,2376,0.9996345780294692,1.0012608023927456
TOI-2076_d,NIRISS_SOSS,obs14,SOSS_HDU3_ordem_1,jw05959014001_04102_00001-seg006_nis_x1dints.fits,seg006,3,107,60694.087540508684,TDB-MID,2038.6843443823925,0.14442306055256865,2038,0.8522004674063691,2.828497546304791,2377,0.9988762396301071,1.0005012303141894
TOI-2076_d,NIRISS_SOSS,obs14,SOSS_HDU3_ordem_1,jw05959014001_04102_00001-seg006_nis_x1dints.fits,seg006,3,108,60694.08761758754,TDB-MID,2025.8304853040866,0.14439950744109473,2038,0.8522004674063691,2.828497546304791,2378,0.9925783473368481,0.9941930924911041
TOI-2076_d,NIRISS_SOSS,obs14,SOSS_HDU3_ordem_1,jw05959014001_04102_00001-seg006_nis_x1dints.fits,seg006,3,109,60694.08769466639,TDB-MID,2038.2038448420494,0.1444225468254412,2038,0.8522004674063691,2.828497546304791,2379,0.9986408134959316,1.0002654211843438
TOI-2076_d,NIRISS_SOSS,obs14,SOSS_HDU3_ordem_1,jw05959014001_04102_00001-seg006_nis_x1dints.fits,seg006,3,110,60694.08777174524,TDB-MID,2032.358900680497,0.14441060615303278,2038,0.8522004674063691,2.828497546304791,2380,0.9957770176066725,0.9973969664179819
TOI-2076_d,NIRISS_SOSS,obs14,SOSS_HDU3_ordem_1,jw05959014001_04102_00001-seg006_nis_x1dints.fits,seg006,3,111,60694.0878488241,TDB-MID,2045.9686658346527,0.14443998652119333,2038,0.8522004674063691,2.828497546304791,2381,1.0024452745523302,1.0040760714096597
TOI-2076_d,NIRISS_SOSS,obs14,SOSS_HDU3_ordem_1,jw05959014001_04102_00001-seg006_nis_x1dints.fits,seg006,3,112,60694.087925902946,TDB-MID,2036.1462749337795,0.1444174557858992,2038,0.8522004674063691,2.828497546304791,2382,0.9976326840626469,0.9992556517071051
TOI-2076_d,NIRISS_SOSS,obs14,SOSS_HDU3_ordem_1,jw05959014001_04102_00001-seg006_nis_x1dints.fits,seg006,3,113,60694.08800298181,TDB-MID,2045.387444580987,0.14443828485475918,2038,0.8522004674063691,2.828497546304791,2383,1.0021604986860446,1.0037908322646298
TOI-2076_d,NIRISS_SOSS,obs14,SOSS_HDU3_ordem_1,jw05959014001_04102_00001-seg006_nis_x1dints.fits,seg006,3,114,60694.088080060654,TDB-MID,2037.1546674658307,0.14441786600641454,2038,0.8522004674063691,2.828497546304791,2384,0.9981267572835758,0.9997505286956575
TOI-2076_d,NIRISS_SOSS,obs14,SOSS_HDU3_ordem_1,jw05959014001_04102_00001-seg006_nis_x1dints.fits,seg006,3,115,60694.08815713951,TDB-MID,2027.1040756831646,0.1443973422166331,2038,0.8522004674063691,2.828497546304791,2385,0.9932023572146833,0.994818117519964
TOI-2076_d,NIRISS_SOSS,obs14,SOSS_HDU3_ordem_1,jw05959014001_04102_00001-seg006_nis_x1dints.fits,seg006,3,116,60694.08823421836,TDB-MID,2040.283049473258,0.14442636400641465,2038,0.8522004674063691,2.828497546304791,2386,0.9996595431041546,1.001285808081085
TOI-2076_d,NIRISS_SOSS,obs14,SOSS_HDU3_ordem_1,jw05959014001_04102_00001-seg006_nis_x1dints.fits,seg006,3,117,60694.08831129721,TDB-MID,2037.3761732085875,0.14442001750051361,2038,0.8522004674063691,2.828497546304791,2387,0.9982352865043898,0.9998592344738524
TOI-2076_d,NIRISS_SOSS,obs14,SOSS_HDU3_ordem_1,jw05959014001_04102_00001-seg006_nis_x1dints.fits,seg006,3,118,60694.08838837607,TDB-MID,2036.847616064587,0.14438710551390588,2038,0.8522004674063691,2.828497546304791,2388,0.9979763140087783,0.9995998406769063
TOI-2076_d,NIRISS_SOSS,obs14,SOSS_HDU3_ordem_1,jw05959014001_04102_00001-seg006_nis_x1dints.fits,seg006,3,119,60694.08846545492,TDB-MID,2036.0960707790937,0.14441833131833057,2038,0.8522004674063691,2.828497546304791,2389,0.9976080859744806,0.9992310136023056
TOI-2076_d,NIRISS_SOSS,obs14,SOSS_HDU3_ordem_1,jw05959014001_04102_00001-seg006_nis_x1dints.fits,seg006,3,120,60694.08854253378,TDB-MID,2038.7961214843824,0.14442480253247478,2038,0.8522004674063691,2.828497546304791,2390,0.9989310060737795,1.000556085852944
TOI-2076_d,NIRISS_SOSS,obs14,SOSS_HDU3_ordem_1,jw05959014001_04102_00001-seg006_nis_x1dints.fits,seg006,3,121,60694.08861961262,TDB-MID,2038.8689113376704,0.144422279673862,2038,0.8522004674063691,2.828497546304791,2391,0.9989666702780668,1.0005918080764307
TOI-2076_d,NIRISS_SOSS,obs14,SOSS_HDU3_ordem_1,jw05959014001_04102_00001-seg006_nis_x1dints.fits,seg006,3,122,60694.08869669148,TDB-MID,2040.343468185446,0.14442667718229069,2038,0.8522004674063691,2.828497546304791,2392,0.9996891459292315,1.0013154590645952
TOI-2076_d,NIRISS_SOSS,obs14,SOSS_HDU3_ordem_1,jw05959014001_04102_00001-seg006_nis_x1dints.fits,seg006,3,123,60694.08877377034,TDB-MID,2038.3512512874286,0.1444202096140489,2038,0.8522004674063691,2.828497546304791,2393,0.998713036935653,1.0003377621185174
TOI-2076_d,NIRISS_SOSS,obs14,SOSS_HDU3_ordem_1,jw05959014001_04102_00001-seg006_nis_x1dints.fits,seg006,3,124,60694.088850849184,TDB-MID,2037.3575809525282,0.14443169932529942,2038,0.8522004674063691,2.828497546304791,2394,0.9982261770201923,0.9998501101701744
TOI-2076_d,NIRISS_SOSS,obs14,SOSS_HDU3_ordem_1,jw05959014001_04102_00001-seg006_nis_x1dints.fits,seg006,3,125,60694.08892792804,TDB-MID,2036.1223774309874,0.14441735912932227,2038,0.8522004674063691,2.828497546304791,2395,0.9976209752133631,0.9992439238096448
TOI-2076_d,NIRISS_SOSS,obs14,SOSS_HDU3_ordem_1,jw05959014001_04102_00001-seg006_nis_x1dints.fits,seg006,3,126,60694.08900500689,TDB-MID,2040.3362332756847,0.14442670790938258,2038,0.8522004674063691,2.828497546304791,2396,0.999685601104121,1.0013119084726965
TOI-2076_d,NIRISS_SOSS,obs14,SOSS_HDU3_ordem_1,jw05959014001_04102_00001-seg006_nis_x1dints.fits,seg006,3,127,60694.08908208575,TDB-MID,2039.0475984053187,0.14442547464666364,2038,0.8522004674063691,2.828497546304791,2397,0.9990542200091936,1.0006795002351094
TOI-2076_d,NIRISS_SOSS,obs14,SOSS_HDU3_ordem_1,jw05959014001_04102_00001-seg006_nis_x1dints.fits,seg006,3,128,60694.0891591646,TDB-MID,2029.3661080896723,0.14440420740280363,2038,0.8522004674063691,2.828497546304791,2398,0.9943106653401466,0.9959282286619647
TOI-2076_d,NIRISS_SOSS,obs14,SOSS_HDU3_ordem_1,jw05959014001_04102_00001-seg006_nis_x1dints.fits,seg006,3,129,60694.089236243446,TDB-MID,2028.552951464305,0.14440227831906202,2038,0.8522004674063691,2.828497546304791,2399,0.9939122501394729,0.9955291653119371
TOI-2076_d,NIRISS_SOSS,obs14,SOSS_HDU3_ordem_1,jw05959014001_04102_00001-seg006_nis_x1dints.fits,seg006,3,130,60694.08931332231,TDB-MID,2035.405216290926,0.14441564305971175,2038,0.8522004674063691,2.828497546304791,2400,0.9972695940764219,0.9988919710392504
TOI-2076_d,NIRISS_SOSS,obs14,SOSS_HDU3_ordem_1,jw05959014001_04102_00001-seg006_nis_x1dints.fits,seg006,3,131,60694.089390401154,TDB-MID,2033.4563138944534,0.14441397517700158,2038,0.8522004674063691,2.828497546304791,2401,0.9963147075082492,0.9979355310436199
TOI-2076_d,NIRISS_SOSS,obs14,SOSS_HDU3_ordem_1,jw05959014001_04102_00001-seg006_nis_x1dints.fits,seg006,3,132,60694.089467480015,TDB-MID,2033.5827342029313,0.1444154565524943,2038,0.8522004674063691,2.828497546304791,2402,0.9963766485550294,0.9979975728572618
TOI-2076_d,NIRISS_SOSS,obs14,SOSS_HDU3_ordem_1,jw05959014001_04102_00001-seg006_nis_x1dints.fits,seg006,3,133,60694.08954455886,TDB-MID,2039.4032439476653,0.14442635565974132,2038,0.8522004674063691,2.828497546304791,2403,0.999228472527961,1.000854036231157
TOI-2076_d,NIRISS_SOSS,obs14,SOSS_HDU3_ordem_1,jw05959014001_04102_00001-seg006_nis_x1dints.fits,seg006,3,134,60694.089621637715,TDB-MID,2037.1072649833818,0.144422741367088,2038,0.8522004674063691,2.828497546304791,2404,0.998103531906117,0.9997272655347171
TOI-2076_d,NIRISS_SOSS,obs14,SOSS_HDU3_ordem_1,jw05959014001_04102_00001-seg006_nis_x1dints.fits,seg006,3,135,60694.08969871657,TDB-MID,2037.253341490767,0.14442032883537065,2038,0.8522004674063691,2.828497546304791,2405,0.9981751037278153,0.9997989537908033
TOI-2076_d,NIRISS_SOSS,obs14,SOSS_HDU3_ordem_1,jw05959014001_04102_00001-seg006_nis_x1dints.fits,seg006,3,136,60694.08977579542,TDB-MID,2035.5244986930181,0.14441889099496424,2038,0.8522004674063691,2.828497546304791,2406,0.9973280378259823,0.9989505098662036
TOI-2076_d,NIRISS_SOSS,obs14,SOSS_HDU3_ordem_1,jw05959014001_04102_00001-seg006_nis_x1dints.fits,seg006,3,137,60694.08985287428,TDB-MID,2037.4275789817068,0.14442137920885284,2038,0.8522004674063691,2.828497546304791,2407,0.9982604733389726,0.9998844622828522
TOI-2076_d,NIRISS_SOSS,obs14,SOSS_HDU3_ordem_1,jw05959014001_04102_00001-seg006_nis_x1dints.fits,seg006,3,138,60694.08992995313,TDB-MID,2037.5042987149982,0.1444221341105669,2038,0.8522004674063691,2.828497546304791,2408,0.9982980630320051,0.9999221131275056
TOI-2076_d,NIRISS_SOSS,obs14,SOSS_HDU3_ordem_1,jw05959014001_04102_00001-seg006_nis_x1dints.fits,seg006,3,139,60694.090007031984,TDB-MID,2032.3919202308093,0.1444099035640376,2038,0.8522004674063691,2.828497546304791,2409,0.9957931959053585,0.9974131710358292
TOI-2076_d,NIRISS_SOSS,obs14,SOSS_HDU3_ordem_1,jw05959014001_04102_00001-seg006_nis_x1dints.fits,seg006,3,140,60694.09008411083,TDB-MID,2036.0623053988006,0.14441819149869928,2038,0.8522004674063691,2.828497546304791,2410,0.9975915422480377,0.9992144429622168
TOI-2076_d,NIRISS_SOSS,obs14,SOSS_HDU3_ordem_1,jw05959014001_04102_00001-seg006_nis_x1dints.fits,seg006,3,141,60694.090161189684,TDB-MID,2030.9206967340056,0.14440554550388834,2038,0.8522004674063691,2.828497546304791,2411,0.9950723534668554,0.9966911559172673
TOI-2076_d,NIRISS_SOSS,obs14,SOSS_HDU3_ordem_1,jw05959014001_04102_00001-seg006_nis_x1dints.fits,seg006,3,142,60694.090238268545,TDB-MID,2041.4911207596215,0.1444317403532688,2038,0.8522004674063691,2.828497546304791,2412,1.0002514511683203,1.0018786790724399
TOI-2076_d,NIRISS_SOSS,obs14,SOSS_HDU3_ordem_1,jw05959014001_04102_00001-seg006_nis_x1dints.fits,seg006,3,143,60694.09031534739,TDB-MID,2036.3599324323557,0.1444181189796862,2038,0.8522004674063691,2.828497546304791,2413,0.9977373679482786,0.9993605058944541
TOI-2076_d,NIRISS_SOSS,obs14,SOSS_HDU3_ordem_1,jw05959014001_04102_00001-seg006_nis_x1dints.fits,seg006,3,144,60694.090392426246,TDB-MID,2039.8097700207375,0.14442657136977347,2038,0.8522004674063691,2.828497546304791,2414,0.9994276545329148,1.0010535422691489
TOI-2076_d,NIRISS_SOSS,obs14,SOSS_HDU3_ordem_1,jw05959014001_04102_00001-seg006_nis_x1dints.fits,seg006,3,145,60694.0904695051,TDB-MID,2031.0516653359298,0.14440703092512697,2038,0.8522004674063691,2.828497546304791,2415,0.9951365230009769,0.9967554298435958
TOI-2076_d,NIRISS_SOSS,obs14,SOSS_HDU3_ordem_1,jw05959014001_04102_00001-seg006_nis_x1dints.fits,seg006,3,146,60694.09054658396,TDB-MID,2041.970312492424,0.14443060559647403,2038,0.8522004674063691,2.828497546304791,2416,1.000486236527536,1.002113846384901
TOI-2076_d,NIRISS_SOSS,obs14,SOSS_HDU3_ordem_1,jw05959014001_04102_00001-seg006_nis_x1dints.fits,seg006,3,147,60694.09062366281,TDB-MID,2032.407568723991,0.1444084774029639,2038,0.8522004674063691,2.828497546304791,2417,0.995800863059947,0.997420850663489
TOI-2076_d,NIRISS_SOSS,obs14,SOSS_HDU3_ordem_1,jw05959014001_04102_00001-seg006_nis_x1dints.fits,seg006,3,148,60694.09070074165,TDB-MID,2033.8095801320096,0.14442090184421846,2038,0.8522004674063691,2.828497546304791,2418,0.9964877942599726,0.9981088993761317
TOI-2076_d,NIRISS_SOSS,obs14,SOSS_HDU3_ordem_1,jw05959014001_04102_00001-seg006_nis_x1dints.fits,seg006,3,149,60694.090777820515,TDB-MID,2037.7925394096346,0.144420850671064,2038,0.8522004674063691,2.828497546304791,2419,0.9984392897903114,1.0000635696361626
TOI-2076_d,NIRISS_SOSS,obs14,SOSS_HDU3_ordem_1,jw05959014001_04102_00001-seg006_nis_x1dints.fits,seg006,3,150,60694.09085489937,TDB-MID,2035.9917692602241,0.14441765277462976,2038,0.8522004674063691,2.828497546304791,2420,0.9975569822765279,0.9991798267678944
TOI-2076_d,NIRISS_SOSS,obs14,SOSS_HDU3_ordem_1,jw05959014001_04102_00001-seg006_nis_x1dints.fits,seg006,3,151,60694.09093197822,TDB-MID,2044.1614065443346,0.1444348008266758,2038,0.8522004674063691,2.828497546304791,2421,1.001559787611243,1.0031891439417353
TOI-2076_d,NIRISS_SOSS,obs14,SOSS_HDU3_ordem_1,jw05959014001_04102_00001-seg006_nis_x1dints.fits,seg006,3,152,60694.09100905707,TDB-MID,2029.4807097967985,0.14440992747026982,2038,0.8522004674063691,2.828497546304791,2422,0.9943668157307575,0.9959844703990889
TOI-2076_d,NIRISS_SOSS,obs14,SOSS_HDU3_ordem_1,jw05959014001_04102_00001-seg006_nis_x1dints.fits,seg006,3,153,60694.09108613593,TDB-MID,2040.5852782412687,0.144426332667239,2038,0.8522004674063691,2.828497546304791,2423,0.9998076234757582,1.0014341293526265
TOI-2076_d,NIRISS_SOSS,obs14,SOSS_HDU3_ordem_1,jw05959014001_04102_00001-seg006_nis_x1dints.fits,seg006,3,154,60694.091163214776,TDB-MID,2034.1223791455443,0.14441429283664378,2038,0.8522004674063691,2.828497546304791,2424,0.9966410536418188,0.9982624080832274
TOI-2076_d,NIRISS_SOSS,obs14,SOSS_HDU3_ordem_1,jw05959014001_04102_00001-seg006_nis_x1dints.fits,seg006,3,155,60694.09124029363,TDB-MID,2041.1177957964865,0.14442753973097658,2038,0.8522004674063691,2.828497546304791,2425,1.0000685364192252,1.0016954667541853
TOI-2076_d,NIRISS_SOSS,obs14,SOSS_HDU3_ordem_1,jw05959014001_04102_00001-seg006_nis_x1dints.fits,seg006,3,156,60694.091317372484,TDB-MID,2039.0465108936603,0.14442352707582645,2038,0.8522004674063691,2.828497546304791,2426,0.9990536871706701,1.0006789665297542
TOI-2076_d,NIRISS_SOSS,obs14,SOSS_HDU3_ordem_1,jw05959014001_04102_00001-seg006_nis_x1dints.fits,seg006,3,157,60694.09139445134,TDB-MID,2039.9859909631386,0.14442830146599805,2038,0.8522004674063691,2.828497546304791,2427,0.9995139959583419,1.0011400241564332
TOI-2076_d,NIRISS_SOSS,obs14,SOSS_HDU3_ordem_1,jw05959014001_04102_00001-seg006_nis_x1dints.fits,seg006,3,158,60694.09147153019,TDB-MID,2041.6136773022104,0.14442954942638522,2038,0.8522004674063691,2.828497546304791,2428,1.0003114991197064,1.0019388247109646
TOI-2076_d,NIRISS_SOSS,obs14,SOSS_HDU3_ordem_1,jw05959014001_04102_00001-seg006_nis_x1dints.fits,seg006,3,159,60694.09154860904,TDB-MID,2036.1505270466816,0.14441866636031334,2038,0.8522004674063691,2.828497546304791,2429,0.9976347674330116,0.999257738466736
TOI-2076_d,NIRISS_SOSS,obs14,SOSS_HDU3_ordem_1,jw05959014001_04102_00001-seg006_nis_x1dints.fits,seg006,3,160,60694.0916256879,TDB-MID,2035.4621757651273,0.1444161872576029,2038,0.8522004674063691,2.828497546304791,2430,0.9972975020090836,0.9989199243730628
TOI-2076_d,NIRISS_SOSS,obs14,SOSS_HDU3_ordem_1,jw05959014001_04102_00001-seg006_nis_x1dints.fits,seg006,3,161,60694.09170276675,TDB-MID,2035.4909328489782,0.144418969869497,2038,0.8522004674063691,2.828497546304791,2431,0.9973115918645626,0.9989340371501841
TOI-2076_d,NIRISS_SOSS,obs14,SOSS_HDU3_ordem_1,jw05959014001_04102_00001-seg006_nis_x1dints.fits,seg006,3,162,60694.0917798456,TDB-MID,2030.8151800996093,0.14441268912483712,2038,0.8522004674063691,2.828497546304791,2432,0.9950206544094341,0.9966393727548455
TOI-2076_d,NIRISS_SOSS,obs14,SOSS_HDU3_ordem_1,jw05959014001_04102_00001-seg006_nis_x1dints.fits,seg006,3,163,60694.09185692445,TDB-MID,2037.3736789514537,0.14442121373212513,2038,0.8522004674063691,2.828497546304791,2433,0.9982340644151568,0.9998580103965018
TOI-2076_d,NIRISS_SOSS,obs14,SOSS_HDU3_ordem_1,jw05959014001_04102_00001-seg006_nis_x1dints.fits,seg006,3,164,60694.09193400331,TDB-MID,2041.0793224728666,0.14443090841497871,2038,0.8522004674063691,2.828497546304791,2434,1.000049685983193,1.0016765856519088
TOI-2076_d,NIRISS_SOSS,obs14,SOSS_HDU3_ordem_1,jw05959014001_04102_00001-seg006_nis_x1dints.fits,seg006,3,165,60694.09201108217,TDB-MID,2028.9693712149078,0.1444033396697859,2038,0.8522004674063691,2.828497546304791,2435,0.9941162796625995,0.9957335267541355
TOI-2076_d,NIRISS_SOSS,obs14,SOSS_HDU3_ordem_1,jw05959014001_04102_00001-seg006_nis_x1dints.fits,seg006,3,166,60694.092088161015,TDB-MID,2047.7979674545104,0.14444517502119175,2038,0.8522004674063691,2.828497546304791,2436,1.0033415613797774,1.0049738163334025
TOI-2076_d,NIRISS_SOSS,obs14,SOSS_HDU3_ordem_1,jw05959014001_04102_00001-seg006_nis_x1dints.fits,seg006,3,167,60694.09216523986,TDB-MID,2032.3310789750717,0.14441185510048138,2038,0.8522004674063691,2.828497546304791,2437,0.9957633860503347,0.9973833126855715
TOI-2076_d,NIRISS_SOSS,obs14,SOSS_HDU3_ordem_1,jw05959014001_04102_00001-seg006_nis_x1dints.fits,seg006,3,168,60694.09224231872,TDB-MID,2032.418109130468,0.14441276311007561,2038,0.8522004674063691,2.828497546304791,2438,0.9958060274502141,0.9974260234552835
TOI-2076_d,NIRISS_SOSS,obs14,SOSS_HDU3_ordem_1,jw05959014001_04102_00001-seg006_nis_x1dints.fits,seg006,3,169,60694.092319397576,TDB-MID,2037.8600712993666,0.14446279429440143,2038,0.8522004674063691,2.828497546304791,2439,0.9984723777964348,1.0000967114704777
TOI-2076_d,NIRISS_SOSS,obs14,SOSS_HDU3_ordem_1,jw05959014001_04102_00001-seg006_nis_x1dints.fits,seg006,3,170,60694.09239647643,TDB-MID,2045.6034900630038,0.14444006842971305,2038,0.8522004674063691,2.828497546304791,2440,1.0022663525909223,1.0038968583746344
TOI-2076_d,NIRISS_SOSS,obs14,SOSS_HDU3_ordem_1,jw05959014001_04102_00001-seg006_nis_x1dints.fits,seg006,3,171,60694.092473555276,TDB-MID,2037.711775024658,0.14442266677582344,2038,0.8522004674063691,2.828497546304791,2441,0.9983997183748621,1.0000239338451893
TOI-2076_d,NIRISS_SOSS,obs14,SOSS_HDU3_ordem_1,jw05959014001_04102_00001-seg006_nis_x1dints.fits,seg006,3,172,60694.09255063414,TDB-MID,2041.8022030161892,0.1444311050278408,2038,0.8522004674063691,2.828497546304791,2442,1.0004038694058528,1.0020313452668326
TOI-2076_d,NIRISS_SOSS,obs14,SOSS_HDU3_ordem_1,jw05959014001_04102_00001-seg006_nis_x1dints.fits,seg006,3,173,60694.092627712984,TDB-MID,2040.4006270587995,0.14443075300341535,2038,0.8522004674063691,2.828497546304791,2443,0.9997171515597423,1.0013435102551933
TOI-2076_d,NIRISS_SOSS,obs14,SOSS_HDU3_ordem_1,jw05959014001_04102_00001-seg006_nis_x1dints.fits,seg006,3,174,60694.09270479184,TDB-MID,2038.667718050885,0.14442240209844523,2038,0.8522004674063691,2.828497546304791,2444,0.9988680933726735,1.0004930708042707
TOI-2076_d,NIRISS_SOSS,obs14,SOSS_HDU3_ordem_1,jw05959014001_04102_00001-seg006_nis_x1dints.fits,seg006,3,175,60694.09278187069,TDB-MID,2036.467992774168,0.14441761465507785,2038,0.8522004674063691,2.828497546304791,2445,0.9977903133236526,0.9994135374023623
TOI-2076_d,NIRISS_SOSS,obs14,SOSS_HDU3_ordem_1,jw05959014001_04102_00001-seg006_nis_x1dints.fits,seg006,3,176,60694.092858949545,TDB-MID,2042.8565339470165,0.1444338270789214,2038,0.8522004674063691,2.828497546304791,2446,1.0009204506600387,1.0025487669051345
TOI-2076_d,NIRISS_SOSS,obs14,SOSS_HDU3_ordem_1,jw05959014001_04102_00001-seg006_nis_x1dints.fits,seg006,3,177,60694.0929360284,TDB-MID,2041.2568641521166,0.14443113128941895,2038,0.8522004674063691,2.828497546304791,2447,1.0001366745184392,1.0017637157017427
TOI-2076_d,NIRISS_SOSS,obs14,SOSS_HDU3_ordem_1,jw05959014001_04102_00001-seg006_nis_x1dints.fits,seg006,3,178,60694.093013107245,TDB-MID,2033.6441611948917,0.14441419068286368,2038,0.8522004674063691,2.828497546304791,2448,0.9964067453980793,0.998027718662423
TOI-2076_d,NIRISS_SOSS,obs14,SOSS_HDU3_ordem_1,jw05959014001_04102_00001-seg006_nis_x1dints.fits,seg006,3,179,60694.0930901861,TDB-MID,2031.2677637475333,0.1444066669151474,2038,0.8522004674063691,2.828497546304791,2449,0.9952424028392988,0.9968614819292332
TOI-2076_d,NIRISS_SOSS,obs14,SOSS_HDU3_ordem_1,jw05959014001_04102_00001-seg006_nis_x1dints.fits,seg006,3,180,60694.09316726496,TDB-MID,2038.1449756905668,0.14442231269207267,2038,0.8522004674063691,2.828497546304791,2450,0.9986119698954864,1.0002365306605858
TOI-2076_d,NIRISS_SOSS,obs14,SOSS_HDU3_ordem_1,jw05959014001_04102_00001-seg006_nis_x1dints.fits,seg006,3,181,60694.09324434381,TDB-MID,2032.3481957908848,0.1444077039375258,2038,0.8522004674063691,2.828497546304791,2451,0.99577177262605,0.9973917129047262
TOI-2076_d,NIRISS_SOSS,obs14,SOSS_HDU3_ordem_1,jw05959014001_04102_00001-seg006_nis_x1dints.fits,seg006,3,182,60694.09332142266,TDB-MID,2037.4958886955671,0.1444223208448808,2038,0.8522004674063691,2.828497546304791,2452,0.9982939424487438,0.9999179858408018
TOI-2076_d,NIRISS_SOSS,obs14,SOSS_HDU3_ordem_1,jw05959014001_04102_00001-seg006_nis_x1dints.fits,seg006,3,183,60694.093398501514,TDB-MID,2042.6669849907187,0.14442988242234692,2038,0.8522004674063691,2.828497546304791,2453,1.000827579024852,1.002455744184622
TOI-2076_d,NIRISS_SOSS,obs14,SOSS_HDU3_ordem_1,jw05959014001_04102_00001-seg006_nis_x1dints.fits,seg006,3,184,60694.093475580376,TDB-MID,2044.8263059312726,0.14443451588504844,2038,0.8522004674063691,2.828497546304791,2454,1.0018855625166065,1.003515448823852
TOI-2076_d,NIRISS_SOSS,obs14,SOSS_HDU3_ordem_1,jw05959014001_04102_00001-seg006_nis_x1dints.fits,seg006,3,185,60694.09355265922,TDB-MID,2040.0412779312219,0.14442615340029608,2038,0.8522004674063691,2.828497546304791,2455,0.9995410844278892,1.0011671566940132
TOI-2076_d,NIRISS_SOSS,obs14,SOSS_HDU3_ordem_1,jw05959014001_04102_00001-seg006_nis_x1dints.fits,seg006,3,186,60694.09362973807,TDB-MID,2034.1809889246913,0.14441405102984978,2038,0.8522004674063691,2.828497546304791,2456,0.9966697701598816,0.9982911713178628
TOI-2076_d,NIRISS_SOSS,obs14,SOSS_HDU3_ordem_1,jw05959014001_04102_00001-seg006_nis_x1dints.fits,seg006,3,187,60694.09370681693,TDB-MID,2044.9167229541467,0.1444396151124123,2038,0.8522004674063691,2.828497546304791,2457,1.0019298633501592,1.0035598217268353
TOI-2076_d,NIRISS_SOSS,obs14,SOSS_HDU3_ordem_1,jw05959014001_04102_00001-seg006_nis_x1dints.fits,seg006,3,188,60694.09378389578,TDB-MID,2035.311788879313,0.14441637346307587,2038,0.8522004674063691,2.828497546304791,2458,0.9972238182691727,0.9988461207630557
TOI-2076_d,NIRISS_SOSS,obs14,SOSS_HDU3_ordem_1,jw05959014001_04102_00001-seg006_nis_x1dints.fits,seg006,3,189,60694.09386097464,TDB-MID,2041.2643990075678,0.14442651447761193,2038,0.8522004674063691,2.828497546304791,2459,1.0001403663053017,1.0017674134944734
TOI-2076_d,NIRISS_SOSS,obs14,SOSS_HDU3_ordem_1,jw05959014001_04102_00001-seg006_nis_x1dints.fits,seg006,3,190,60694.093938053484,TDB-MID,2028.1381264167294,0.14440093119068473,2038,0.8522004674063691,2.828497546304791,2460,0.9937090019589646,0.9953255864834598
TOI-2076_d,NIRISS_SOSS,obs14,SOSS_HDU3_ordem_1,jw05959014001_04102_00001-seg006_nis_x1dints.fits,seg006,3,191,60694.09401513234,TDB-MID,2034.5068758190032,0.1444146104686228,2038,0.8522004674063691,2.828497546304791,2461,0.9968294420955748,0.998451103010869
TOI-2076_d,NIRISS_SOSS,obs14,SOSS_HDU3_ordem_1,jw05959014001_04102_00001-seg006_nis_x1dints.fits,seg006,3,192,60694.0940922112,TDB-MID,2038.185789929968,0.14442271778823942,2038,0.8522004674063691,2.828497546304791,2462,0.9986319672894375,1.0002565605866742
TOI-2076_d,NIRISS_SOSS,obs14,SOSS_HDU3_ordem_1,jw05959014001_04102_00001-seg006_nis_x1dints.fits,seg006,3,193,60694.094169290045,TDB-MID,2039.00973342238,0.1444249128949899,2038,0.8522004674063691,2.828497546304791,2463,0.9990356676364951,1.0006609176810615
TOI-2076_d,NIRISS_SOSS,obs14,SOSS_HDU3_ordem_1,jw05959014001_04102_00001-seg006_nis_x1dints.fits,seg006,3,194,60694.0942463689,TDB-MID,2035.4123865384604,0.14441863426904408,2038,0.8522004674063691,2.828497546304791,2464,0.9972731072195498,0.9988954898976257
TOI-2076_d,NIRISS_SOSS,obs14,SOSS_HDU3_ordem_1,jw05959014001_04102_00001-seg006_nis_x1dints.fits,seg006,3,195,60694.09432344775,TDB-MID,2042.9362730009136,0.14443111784991539,2038,0.8522004674063691,2.828497546304791,2465,1.0009595197030359,1.002587899506387
TOI-2076_d,NIRISS_SOSS,obs14,SOSS_HDU3_ordem_1,jw05959014001_04102_00001-seg006_nis_x1dints.fits,seg006,3,196,60694.09440052661,TDB-MID,2039.6169522014966,0.1444264955988687,2038,0.8522004674063691,2.828497546304791,2466,0.9993331812816988,1.000958915327068
TOI-2076_d,NIRISS_SOSS,obs14,SOSS_HDU3_ordem_1,jw05959014001_04102_00001-seg006_nis_x1dints.fits,seg006,3,197,60694.09447760546,TDB-MID,2040.5560876521788,0.1444273278605824,2038,0.8522004674063691,2.828497546304791,2467,0.9997933212195296,1.0014198038292181
TOI-2076_d,NIRISS_SOSS,obs14,SOSS_HDU3_ordem_1,jw05959014001_04102_00001-seg006_nis_x1dints.fits,seg006,3,198,60694.09455468431,TDB-MID,2038.7267997311158,0.14442439964268147,2038,0.8522004674063691,2.828497546304791,2468,0.9988970411039604,1.000522065628272
TOI-2076_d,NIRISS_SOSS,obs14,SOSS_HDU3_ordem_1,jw05959014001_04102_00001-seg006_nis_x1dints.fits,seg006,3,199,60694.09463176317,TDB-MID,2038.5982602946015,0.14442341149868768,2038,0.8522004674063691,2.828497546304791,2469,0.9988340617666522,1.0004589838349918
TOI-2076_d,NIRISS_SOSS,obs14,SOSS_HDU3_ordem_1,jw05959014001_04102_00001-seg006_nis_x1dints.fits,seg006,3,200,60694.094708842014,TDB-MID,2034.7434642675541,0.1444154600037869,2038,0.8522004674063691,2.828497546304791,2470,0.9969453612571064,0.9985672107518765
TOI-2076_d,NIRISS_SOSS,obs14,SOSS_HDU3_ordem_1,jw05959014001_04102_00001-seg006_nis_x1dints.fits,seg006,3,201,60694.09478592087,TDB-MID,2034.1860025296148,0.14441546910700062,2038,0.8522004674063691,2.828497546304791,2471,0.9966722266317953,0.9982936317860114
TOI-2076_d,NIRISS_SOSS,obs14,SOSS_HDU3_ordem_1,jw05959014001_04102_00001-seg006_nis_x1dints.fits,seg006,3,202,60694.09486299972,TDB-MID,2029.9012873435895,0.14440571718604198,2038,0.8522004674063691,2.828497546304791,2472,0.9945728824127179,0.9961908723142096
TOI-2076_d,NIRISS_SOSS,obs14,SOSS_HDU3_ordem_1,jw05959014001_04102_00001-seg006_nis_x1dints.fits,seg006,3,203,60694.094940078576,TDB-MID,2037.559083795267,0.14442174893422283,2038,0.8522004674063691,2.828497546304791,2473,0.9983249055959939,0.999948999359483
TOI-2076_d,NIRISS_SOSS,obs14,SOSS_HDU3_ordem_1,jw05959014001_04102_00001-seg006_nis_x1dints.fits,seg006,3,204,60694.09501715743,TDB-MID,2037.6617219995462,0.1444199048593406,2038,0.8522004674063691,2.828497546304791,2474,0.9983751943343241,0.9999993699084802
TOI-2076_d,NIRISS_SOSS,obs14,SOSS_HDU3_ordem_1,jw05959014001_04102_00001-seg006_nis_x1dints.fits,seg006,3,205,60694.095094236276,TDB-MID,2030.5756385400869,0.14440998994527132,2038,0.8522004674063691,2.828497546304791,2475,0.99490328833809,0.9965218157501655
TOI-2076_d,NIRISS_SOSS,obs14,SOSS_HDU3_ordem_1,jw05959014001_04102_00001-seg006_nis_x1dints.fits,seg006,3,206,60694.09517131514,TDB-MID,2038.220753134142,0.14442431397657735,2038,0.8522004674063691,2.828497546304791,2476,0.9986490979031134,1.0002737190687552
TOI-2076_d,NIRISS_SOSS,obs14,SOSS_HDU3_ordem_1,jw05959014001_04102_00001-seg006_nis_x1dints.fits,seg006,3,207,60694.09524839399,TDB-MID,2037.47287639542,0.1444237606187913,2038,0.8522004674063691,2.828497546304791,2477,0.9982826673144154,0.9999066923638723
TOI-2076_d,NIRISS_SOSS,obs14,SOSS_HDU3_ordem_1,jw05959014001_04102_00001-seg006_nis_x1dints.fits,seg006,3,208,60694.095325472845,TDB-MID,2040.4856448627975,0.14442635648195634,2038,0.8522004674063691,2.828497546304791,2478,0.999758806985504,1.0013852334467863
TOI-2076_d,NIRISS_SOSS,obs14,SOSS_HDU3_ordem_1,jw05959014001_04102_00001-seg006_nis_x1dints.fits,seg006,3,209,60694.09540255169,TDB-MID,2038.4149871527984,0.14442204075097972,2038,0.8522004674063691,2.828497546304791,2479,0.9987442650371027,1.0003690410224308
TOI-2076_d,NIRISS_SOSS,obs14,SOSS_HDU3_ordem_1,jw05959014001_04102_00001-seg006_nis_x1dints.fits,seg006,3,210,60694.095479630545,TDB-MID,2039.8192708908812,0.14442904410160162,2038,0.8522004674063691,2.828497546304791,2480,0.9994323095907066,1.0010582048998764
TOI-2076_d,NIRISS_SOSS,obs14,SOSS_HDU3_ordem_1,jw05959014001_04102_00001-seg006_nis_x1dints.fits,seg006,3,211,60694.095556709406,TDB-MID,2038.090978992698,0.14442250336992724,2038,0.8522004674063691,2.828497546304791,2481,0.9985855136082892,1.0002100313338023
TOI-2076_d,NIRISS_SOSS,obs14,SOSS_HDU3_ordem_1,jw05959014001_04102_00001-seg006_nis_x1dints.fits,seg006,3,212,60694.09563378825,TDB-MID,2037.359205535515,0.14441749023538675,2038,0.8522004674063691,2.828497546304791,2482,0.9982269730028314,0.9998509074477331
TOI-2076_d,NIRISS_SOSS,obs14,SOSS_HDU3_ordem_1,jw05959014001_04102_00001-seg006_nis_x1dints.fits,seg006,3,213,60694.09571086711,TDB-MID,2038.5232511612908,0.14442415979213627,2038,0.8522004674063691,2.828497546304791,2483,0.998797310201249,1.0004221724814495
TOI-2076_d,NIRISS_SOSS,obs14,SOSS_HDU3_ordem_1,jw05959014001_04102_00001-seg006_nis_x1dints.fits,seg006,3,214,60694.09578794596,TDB-MID,2027.8130833535467,0.1444033490368466,2038,0.8522004674063691,2.828497546304791,2484,0.9935497434677889,0.9951660689075705
TOI-2076_d,NIRISS_SOSS,obs14,SOSS_HDU3_ordem_1,jw05959014001_04102_00001-seg006_nis_x1dints.fits,seg006,3,215,60694.09586502481,TDB-MID,2040.0561000967118,0.14442771607029778,2038,0.8522004674063691,2.828497546304791,2485,0.9995483467139653,1.0011744307945132
TOI-2076_d,NIRISS_SOSS,obs14,SOSS_HDU3_ordem_1,jw05959014001_04102_00001-seg006_nis_x1dints.fits,seg006,3,216,60694.09594210367,TDB-MID,2036.9068485830683,0.14441898395652378,2038,0.8522004674063691,2.828497546304791,2486,0.9980053356449562,0.9996289095260288
TOI-2076_d,NIRISS_SOSS,obs14,SOSS_HDU3_ordem_1,jw05959014001_04102_00001-seg006_nis_x1dints.fits,seg006,3,217,60694.096019182514,TDB-MID,2038.7653340653799,0.14443755475523914,2038,0.8522004674063691,2.828497546304791,2487,0.9989159214328414,1.000540976672028
TOI-2076_d,NIRISS_SOSS,obs14,SOSS_HDU3_ordem_1,jw05959014001_04102_00001-seg006_nis_x1dints.fits,seg006,3,218,60694.096096261375,TDB-MID,2036.739203921244,0.144416052703871,2038,0.8522004674063691,2.828497546304791,2488,0.9979231962643019,0.9995466365194827
TOI-2076_d,NIRISS_SOSS,obs14,SOSS_HDU3_ordem_1,jw05959014001_04102_00001-seg006_nis_x1dints.fits,seg006,3,219,60694.09617334022,TDB-MID,2034.3430991623643,0.14441586286149344,2038,0.8522004674063691,2.828497546304791,2489,0.9967491978874052,0.9983707282599099
TOI-2076_d,NIRISS_SOSS,obs14,SOSS_HDU3_ordem_1,jw05959014001_04102_00001-seg006_nis_x1dints.fits,seg006,3,220,60694.09625041907,TDB-MID,2032.317698000144,0.1444096715199429,2038,0.8522004674063691,2.828497546304791,2490,0.9957568298917242,0.9973767458612787
TOI-2076_d,NIRISS_SOSS,obs14,SOSS_HDU3_ordem_1,jw05959014001_04102_00001-seg006_nis_x1dints.fits,seg006,3,221,60694.09632749793,TDB-MID,2036.4699379191786,0.14442010719460222,2038,0.8522004674063691,2.828497546304791,2491,0.9977912663692475,0.9994144919983897
TOI-2076_d,NIRISS_SOSS,obs14,SOSS_HDU3_ordem_1,jw05959014001_04102_00001-seg006_nis_x1dints.fits,seg006,3,222,60694.09640457678,TDB-MID,2040.2416398740286,0.14442769714467968,2038,0.8522004674063691,2.828497546304791,2492,0.9996392540069843,1.001265485977229
TOI-2076_d,NIRISS_SOSS,obs14,SOSS_HDU3_ordem_1,jw05959014001_04102_00001-seg006_nis_x1dints.fits,seg006,3,223,60694.09648165564,TDB-MID,2033.9909822248237,0.14441412491284406,2038,0.8522004674063691,2.828497546304791,2493,0.9965766742481034,0.9981979239559016
TOI-2076_d,NIRISS_SOSS,obs14,SOSS_HDU3_ordem_1,jw05959014001_04102_00001-seg006_nis_x1dints.fits,seg006,3,224,60694.09655873448,TDB-MID,2041.9267504853538,0.1444316108353292,2038,0.8522004674063691,2.828497546304791,2494,1.0004648928340245,1.002092467969067
TOI-2076_d,NIRISS_SOSS,obs14,SOSS_HDU3_ordem_1,jw05959014001_04102_00001-seg006_nis_x1dints.fits,seg006,3,225,60694.09663581334,TDB-MID,2027.5664387662116,0.14439734637859722,2038,0.8522004674063691,2.828497546304791,2495,0.9934288971883729,0.9950450260331505
TOI-2076_d,NIRISS_SOSS,obs14,SOSS_HDU3_ordem_1,jw05959014001_04102_00001-seg006_nis_x1dints.fits,seg006,3,226,60694.0967128922,TDB-MID,2040.131770964051,0.1444258203392037,2038,0.8522004674063691,2.828497546304791,2496,0.9995854225033711,1.0012115668995116
TOI-2076_d,NIRISS_SOSS,obs14,SOSS_HDU3_ordem_1,jw05959014001_04102_00001-seg006_nis_x1dints.fits,seg006,3,227,60694.096789971045,TDB-MID,2036.1632993928952,0.14441909558998875,2038,0.8522004674063691,2.828497546304791,2497,0.9976410253871634,0.9992640066014454
TOI-2076_d,NIRISS_SOSS,obs14,SOSS_HDU3_ordem_1,jw05959014001_04102_00001-seg006_nis_x1dints.fits,seg006,3,228,60694.0968670499,TDB-MID,2036.8358668711899,0.1444206417962645,2038,0.8522004674063691,2.828497546304791,2498,0.9979705573598141,0.9995940746629173
TOI-2076_d,NIRISS_SOSS,obs14,SOSS_HDU3_ordem_1,jw05959014001_04102_00001-seg006_nis_x1dints.fits,seg006,3,229,60694.09694412875,TDB-MID,2040.0364958640707,0.14442567617090962,2038,0.8522004674063691,2.828497546304791,2499,0.9995387414005016,1.0011648098549446
TOI-2076_d,NIRISS_SOSS,obs14,SOSS_HDU3_ordem_1,jw05959014001_04102_00001-seg006_nis_x1dints.fits,seg006,3,230,60694.09702120761,TDB-MID,2038.9174427725795,0.14442499612098977,2038,0.8522004674063691,2.828497546304791,2500,0.9989904487984343,1.0006156252801433
TOI-2076_d,NIRISS_SOSS,obs14,SOSS_HDU3_ordem_1,jw05959014001_04102_00001-seg006_nis_x1dints.fits,seg006,3,231,60694.09709828646,TDB-MID,2038.6574829017738,0.14443301023551908,2038,0.8522004674063691,2.828497546304791,2501,0.9988630785466734,1.0004880478200573
TOI-2076_d,NIRISS_SOSS,obs14,SOSS_HDU3_ordem_1,jw05959014001_04102_00001-seg006_nis_x1dints.fits,seg006,3,232,60694.09717536531,TDB-MID,2042.9664184581245,0.1444358722926433,2038,0.8522004674063691,2.828497546304791,2502,1.0009742898076006,1.002602693639236
TOI-2076_d,NIRISS_SOSS,obs14,SOSS_HDU3_ordem_1,jw05959014001_04102_00001-seg006_nis_x1dints.fits,seg006,3,233,60694.09725244417,TDB-MID,2036.0985372098644,0.1444210111783015,2038,0.8522004674063691,2.828497546304791,2503,0.997609294429875,0.999232224023638
TOI-2076_d,NIRISS_SOSS,obs14,SOSS_HDU3_ordem_1,jw05959014001_04102_00001-seg006_nis_x1dints.fits,seg006,3,234,60694.097329523014,TDB-MID,2036.191834431502,0.1444166944006964,2038,0.8522004674063691,2.828497546304791,2504,0.9976550064490869,0.9992780104080239
TOI-2076_d,NIRISS_SOSS,obs14,SOSS_HDU3_ordem_1,jw05959014001_04102_00001-seg006_nis_x1dints.fits,seg006,3,235,60694.097406601875,TDB-MID,2036.4388371308028,0.14442073285411097,2038,0.8522004674063691,2.828497546304791,2505,0.9977760281894734,0.9993992290288576
TOI-2076_d,NIRISS_SOSS,obs14,SOSS_HDU3_ordem_1,jw05959014001_04102_00001-seg006_nis_x1dints.fits,seg006,3,236,60694.09748368072,TDB-MID,2034.474309137618,0.1444159029057866,2038,0.8522004674063691,2.828497546304791,2506,0.9968134856850943,0.9984351206421994
TOI-2076_d,NIRISS_SOSS,obs14,SOSS_HDU3_ordem_1,jw05959014001_04102_00001-seg006_nis_x1dints.fits,seg006,3,237,60694.097560759576,TDB-MID,2045.8242884574365,0.14444071777892747,2038,0.8522004674063691,2.828497546304791,2507,1.0023745352384985,1.0040052170157796
TOI-2076_d,NIRISS_SOSS,obs14,SOSS_HDU3_ordem_1,jw05959014001_04102_00001-seg006_nis_x1dints.fits,seg006,3,238,60694.09763783843,TDB-MID,2031.78755631293,0.14441533842882998,2038,0.8522004674063691,2.828497546304791,2508,0.9954970810314092,0.9971165744366244
TOI-2076_d,NIRISS_SOSS,obs14,SOSS_HDU3_ordem_1,jw05959014001_04102_00001-seg006_nis_x1dints.fits,seg006,3,239,60694.09771491728,TDB-MID,2039.5944130300443,0.14442422161864132,2038,0.8522004674063691,2.828497546304791,2509,0.9993221379620761,1.000947854041965
TOI-2076_d,NIRISS_SOSS,obs14,SOSS_HDU3_ordem_1,jw05959014001_04102_00001-seg006_nis_x1dints.fits,seg006,3,240,60694.09779199614,TDB-MID,2042.7293529392496,0.1444306139924252,2038,0.8522004674063691,2.828497546304791,2510,1.0008581369001177,1.002486351772015
TOI-2076_d,NIRISS_SOSS,obs14,SOSS_HDU3_ordem_1,jw05959014001_04102_00001-seg006_nis_x1dints.fits,seg006,3,241,60694.09786907499,TDB-MID,2035.4042999402493,0.144416024274517,2038,0.8522004674063691,2.828497546304791,2511,0.9972691451001394,0.9988915213325649
TOI-2076_d,NIRISS_SOSS,obs14,SOSS_HDU3_ordem_1,jw05959014001_04102_00001-seg006_nis_x1dints.fits,seg006,3,242,60694.09794615384,TDB-MID,2030.4974308251003,0.1444047294441686,2038,0.8522004674063691,2.828497546304791,2512,0.9948649695917519,0.996483434666169
TOI-2076_d,NIRISS_SOSS,obs14,SOSS_HDU3_ordem_1,jw05959014001_04102_00001-seg006_nis_x1dints.fits,seg006,3,243,60694.09802323269,TDB-MID,2033.0201730703254,0.14440898365032268,2038,0.8522004674063691,2.828497546304791,2513,0.9961010154241585,0.9977214913212211
TOI-2076_d,NIRISS_SOSS,obs14,SOSS_HDU3_ordem_1,jw05959014001_04102_00001-seg006_nis_x1dints.fits,seg006,3,244,60694.098100311545,TDB-MID,2032.445982826935,0.14441053443278903,2038,0.8522004674063691,2.828497546304791,2514,0.9958196844801454,0.9974397027027283
TOI-2076_d,NIRISS_SOSS,obs14,SOSS_HDU3_ordem_1,jw05959014001_04102_00001-seg006_nis_x1dints.fits,seg006,3,245,60694.098177390406,TDB-MID,2030.638808545436,0.1444060587740964,2038,0.8522004674063691,2.828497546304791,2515,0.9949342391900816,0.9965528169535861
TOI-2076_d,NIRISS_SOSS,obs14,SOSS_HDU3_ordem_1,jw05959014001_04102_00001-seg006_nis_x1dints.fits,seg006,3,246,60694.09825446925,TDB-MID,2046.8982541949163,0.14443901307011606,2038,0.8522004674063691,2.828497546304791,2516,1.0029007367862277,1.0045322745980996
TOI-2076_d,NIRISS_SOSS,obs14,SOSS_HDU3_ordem_1,jw05959014001_04102_00001-seg006_nis_x1dints.fits,seg006,3,247,60694.0983315481,TDB-MID,2031.0246846857233,0.1444095483787093,2038,0.8522004674063691,2.828497546304791,2517,0.9951233035290683,0.9967421888660012
TOI-2076_d,NIRISS_SOSS,obs14,SOSS_HDU3_ordem_1,jw05959014001_04102_00001-seg006_nis_x1dints.fits,seg006,3,248,60694.09840862696,TDB-MID,2031.9992861055296,0.14441036500991175,2038,0.8522004674063691,2.828497546304791,2518,0.9956008204158961,0.9972204825862964
TOI-2076_d,NIRISS_SOSS,obs14,SOSS_HDU3_ordem_1,jw05959014001_04102_00001-seg006_nis_x1dints.fits,seg006,3,249,60694.098485705814,TDB-MID,2042.8496687644722,0.14443086371289096,2038,0.8522004674063691,2.828497546304791,2519,1.0009170869869213,1.0025453977599303
TOI-2076_d,NIRISS_SOSS,obs14,SOSS_HDU3_ordem_1,jw05959014001_04102_00001-seg006_nis_x1dints.fits,seg006,3,250,60694.09856278467,TDB-MID,2043.101239237947,0.1444324239495829,2038,0.8522004674063691,2.828497546304791,2520,1.00104034675945,1.002668858053779
TOI-2076_d,NIRISS_SOSS,obs14,SOSS_HDU3_ordem_1,jw05959014001_04102_00001-seg006_nis_x1dints.fits,seg006,3,251,60694.098639863514,TDB-MID,2036.1353627409603,0.14441770870926773,2038,0.8522004674063691,2.828497546304791,2521,0.9976273375114952,0.9992502964580833
TOI-2076_d,NIRISS_SOSS,obs14,SOSS_HDU3_ordem_1,jw05959014001_04102_00001-seg006_nis_x1dints.fits,seg006,3,252,60694.09871694237,TDB-MID,2035.8775596757623,0.144417308700594,2038,0.8522004674063691,2.828497546304791,2522,0.9975010240108104,0.9991237774682161
TOI-2076_d,NIRISS_SOSS,obs14,SOSS_HDU3_ordem_1,jw05959014001_04102_00001-seg006_nis_x1dints.fits,seg006,3,253,60694.09879402123,TDB-MID,2034.0793787633238,0.14441306071686136,2038,0.8522004674063691,2.828497546304791,2523,0.9966199851226959,0.9982413052894408
TOI-2076_d,NIRISS_SOSS,obs14,SOSS_HDU3_ordem_1,jw05959014001_04102_00001-seg006_nis_x1dints.fits,seg006,3,254,60694.098871100075,TDB-MID,2040.7874520059313,0.14444006626496897,2038,0.8522004674063691,2.828497546304791,2524,0.9999066807772745,1.001533347802427
TOI-2076_d,NIRISS_SOSS,obs14,SOSS_HDU3_ordem_1,jw05959014001_04102_00001-seg006_nis_x1dints.fits,seg006,3,255,60694.09894817893,TDB-MID,2032.5895571761198,0.1444084265380689,2038,0.8522004674063691,2.828497546304791,2525,0.9958900303413946,0.9975101630039499
TOI-2076_d,NIRISS_SOSS,obs14,SOSS_HDU3_ordem_1,jw05959014001_04102_00001-seg006_nis_x1dints.fits,seg006,3,256,60694.09902525778,TDB-MID,2035.2133925475384,0.14441593291520274,2038,0.8522004674063691,2.828497546304791,2526,0.9971756078838097,0.9987978319481294
TOI-2076_d,NIRISS_SOSS,obs14,SOSS_HDU3_ordem_1,jw05959014001_04102_00001-seg006_nis_x1dints.fits,seg006,3,257,60694.09910233663,TDB-MID,2044.5210849565076,0.1444344758535393,2038,0.8522004674063691,2.828497546304791,2527,1.0017360160797735,1.0033656591020583
TOI-2076_d,NIRISS_SOSS,obs14,SOSS_HDU3_ordem_1,jw05959014001_04102_00001-seg006_nis_x1dints.fits,seg006,3,258,60694.09917941549,TDB-MID,2034.6196751220677,0.14441514859998308,2038,0.8522004674063691,2.828497546304791,2528,0.9968847093781183,0.9985064602032689
TOI-2076_d,NIRISS_SOSS,obs14,SOSS_HDU3_ordem_1,jw05959014001_04102_00001-seg006_nis_x1dints.fits,seg006,3,259,60694.09925649434,TDB-MID,2031.2494535325523,0.14440613627152993,2038,0.8522004674063691,2.828497546304791,2529,0.9952334315442881,0.9968524960395508
TOI-2076_d,NIRISS_SOSS,obs14,SOSS_HDU3_ordem_1,jw05959014001_04102_00001-seg006_nis_x1dints.fits,seg006,3,260,60694.0993335732,TDB-MID,2038.040907002163,0.14443107772163497,2038,0.8522004674063691,2.828497546304791,2530,0.9985609802754296,1.0001854580896545
TOI-2076_d,NIRISS_SOSS,obs14,SOSS_HDU3_ordem_1,jw05959014001_04102_00001-seg006_nis_x1dints.fits,seg006,3,261,60694.099410652045,TDB-MID,2038.2531248958055,0.14442487016946537,2038,0.8522004674063691,2.828497546304791,2531,0.9986649588104921,1.0002896057789568
TOI-2076_d,NIRISS_SOSS,obs14,SOSS_HDU3_ordem_1,jw05959014001_04102_00001-seg006_nis_x1dints.fits,seg006,3,262,60694.09948773089,TDB-MID,2033.8250329850698,0.14443275606131062,2038,0.8522004674063691,2.828497546304791,2532,0.996495365558491,0.9981164829917812
TOI-2076_d,NIRISS_SOSS,obs14,SOSS_HDU3_ordem_1,jw05959014001_04102_00001-seg006_nis_x1dints.fits,seg006,3,263,60694.09956480975,TDB-MID,2038.7935531778653,0.14442398322900715,2038,0.8522004674063691,2.828497546304791,2533,0.9989297477032214,1.000554825435245
TOI-2076_d,NIRISS_SOSS,obs14,SOSS_HDU3_ordem_1,jw05959014001_04102_00001-seg006_nis_x1dints.fits,seg006,3,264,60694.099641888606,TDB-MID,2032.4913618954113,0.1444117608328861,2038,0.8522004674063691,2.828497546304791,2534,0.9958419184632542,0.9974619728564998
TOI-2076_d,NIRISS_SOSS,obs14,SOSS_HDU3_ordem_1,jw05959014001_04102_00001-seg006_nis_x1dints.fits,seg006,3,265,60694.09971896746,TDB-MID,2033.371666677001,0.14441413468975378,2038,0.8522004674063691,2.828497546304791,2535,0.9962732336555182,0.997893989720444
TOI-2076_d,NIRISS_SOSS,obs14,SOSS_HDU3_ordem_1,jw05959014001_04102_00001-seg006_nis_x1dints.fits,seg006,3,266,60694.09979604631,TDB-MID,2037.6642898279065,0.1444228944010816,2038,0.8522004674063691,2.828497546304791,2536,0.9983764524706038,1.0000006300915196
TOI-2076_d,NIRISS_SOSS,obs14,SOSS_HDU3_ordem_1,jw05959014001_04102_00001-seg006_nis_x1dints.fits,seg006,3,267,60694.09987312516,TDB-MID,2038.3106360710096,0.14442633276330805,2038,0.8522004674063691,2.828497546304791,2537,0.9986931370552424,1.0003178298646065
TOI-2076_d,NIRISS_SOSS,obs14,SOSS_HDU3_ordem_1,jw05959014001_04102_00001-seg006_nis_x1dints.fits,seg006,3,268,60694.09995020402,TDB-MID,2042.4575653077334,0.14443270913303177,2038,0.8522004674063691,2.828497546304791,2538,1.000724971504457,1.0023529697403801
TOI-2076_d,NIRISS_SOSS,obs14,SOSS_HDU3_ordem_1,jw05959014001_04102_00001-seg006_nis_x1dints.fits,seg006,3,269,60694.10002728287,TDB-MID,2032.4550065160192,0.1444186471739912,2038,0.8522004674063691,2.828497546304791,2539,0.9958241057377298,0.997444131152898
TOI-2076_d,NIRISS_SOSS,obs14,SOSS_HDU3_ordem_1,jw05959014001_04102_00001-seg006_nis_x1dints.fits,seg006,3,270,60694.10010436172,TDB-MID,2033.5486455305163,0.14441375801880607,2038,0.8522004674063691,2.828497546304791,2540,0.9963599464279885,0.9979808435588862
TOI-2076_d,NIRISS_SOSS,obs14,SOSS_HDU3_ordem_1,jw05959014001_04102_00001-seg006_nis_x1dints.fits,seg006,3,271,60694.100181440575,TDB-MID,2031.01374789336,0.144408073688566,2038,0.8522004674063691,2.828497546304791,2541,0.9951179449250943,0.9967368215445493
TOI-2076_d,NIRISS_SOSS,obs14,SOSS_HDU3_ordem_1,jw05959014001_04102_00001-seg006_nis_x1dints.fits,seg006,3,272,60694.10025851943,TDB-MID,2025.218014656194,0.14439565080417155,2038,0.8522004674063691,2.828497546304791,2542,0.9922782604796863,0.9938925174469898
TOI-2076_d,NIRISS_SOSS,obs14,SOSS_HDU3_ordem_1,jw05959014001_04102_00001-seg006_nis_x1dints.fits,seg006,3,273,60694.10033559828,TDB-MID,2036.502746425706,0.14441965139199062,2038,0.8522004674063691,2.828497546304791,2543,0.9978073412646664,0.9994305930447511
TOI-2076_d,NIRISS_SOSS,obs14,SOSS_HDU3_ordem_1,jw05959014001_04102_00001-seg006_nis_x1dints.fits,seg006,3,274,60694.10041267713,TDB-MID,2037.8929988253212,0.1444222904511377,2038,0.8522004674063691,2.828497546304791,2544,0.9984885110067557,1.0001128709266092
TOI-2076_d,NIRISS_SOSS,obs14,SOSS_HDU3_ordem_1,jw05959014001_04102_00001-seg006_nis_x1dints.fits,seg006,3,275,60694.10048975599,TDB-MID,2026.8516932545983,0.14440066764908915,2038,0.8522004674063691,2.828497546304791,2545,0.9930786996156589,0.9946942587524279
TOI-2076_d,NIRISS_SOSS,obs14,SOSS_HDU3_ordem_1,jw05959014001_04102_00001-seg006_nis_x1dints.fits,seg006,3,276,60694.10056683484,TDB-MID,2037.8909691277806,0.14442057639917769,2038,0.8522004674063691,2.828497546304791,2546,0.9984875165337013,1.0001118748357274
TOI-2076_d,NIRISS_SOSS,obs14,SOSS_HDU3_ordem_1,jw05959014001_04102_00001-seg006_nis_x1dints.fits,seg006,3,277,60694.10064391369,TDB-MID,2036.4363732850793,0.1444213929262107,2038,0.8522004674063691,2.828497546304791,2547,0.9977748210006518,0.9993980198761585
TOI-2076_d,NIRISS_SOSS,obs14,SOSS_HDU3_ordem_1,jw05959014001_04102_00001-seg006_nis_x1dints.fits,seg006,3,278,60694.100720992545,TDB-MID,2043.6420819862906,0.14443346813911953,2038,0.8522004674063691,2.828497546304791,2548,1.0013053387245796,1.0029342811128295
TOI-2076_d,NIRISS_SOSS,obs14,SOSS_HDU3_ordem_1,jw05959014001_04102_00001-seg006_nis_x1dints.fits,seg006,3,279,60694.1007980714,TDB-MID,2039.217925413484,0.14442521276187806,2038,0.8522004674063691,2.828497546304791,2549,0.9991376736354954,1.0007630896253428
TOI-2076_d,NIRISS_SOSS,obs14,SOSS_HDU3_ordem_1,jw05959014001_04102_00001-seg006_nis_x1dints.fits,seg006,3,280,60694.10087515025,TDB-MID,2037.125443267998,0.14441852985979145,2038,0.8522004674063691,2.828497546304791,2550,0.998112438560367,0.99973618667848
TOI-2076_d,NIRISS_SOSS,obs14,SOSS_HDU3_ordem_1,jw05959014001_04102_00001-seg006_nis_x1dints.fits,seg006,3,281,60694.1009522291,TDB-MID,2043.3869504099277,0.14443167663896841,2038,0.8522004674063691,2.828497546304791,2551,1.0011803341497858,1.0028090731782386
TOI-2076_d,NIRISS_SOSS,obs14,SOSS_HDU3_ordem_1,jw05959014001_04102_00001-seg006_nis_x1dints.fits,seg006,3,282,60694.10102930795,TDB-MID,2037.425622650578,0.14442183465676922,2038,0.8522004674063691,2.828497546304791,2552,0.9982595148126138,0.9998835021971446
TOI-2076_d,NIRISS_SOSS,obs14,SOSS_HDU3_ordem_1,jw05959014001_04102_00001-seg006_nis_x1dints.fits,seg006,3,283,60694.10110638681,TDB-MID,2038.59438711355,0.1444220279577308,2038,0.8522004674063691,2.828497546304791,2553,0.9988321640581941,1.0004570830393056
TOI-2076_d,NIRISS_SOSS,obs14,SOSS_HDU3_ordem_1,jw05959014001_04102_00001-seg006_nis_x1dints.fits,seg006,3,284,60694.10118346566,TDB-MID,2036.8010067126354,0.1444192107283859,2038,0.8522004674063691,2.828497546304791,2554,0.9979534772344942,0.9995769667513277
TOI-2076_d,NIRISS_SOSS,obs14,SOSS_HDU3_ordem_1,jw05959014001_04102_00001-seg006_nis_x1dints.fits,seg006,3,285,60694.101260544514,TDB-MID,2041.6901164718236,0.14442945803030194,2038,0.8522004674063691,2.828497546304791,2555,1.0003489513474209,1.0019763378666686
TOI-2076_d,NIRISS_SOSS,obs14,SOSS_HDU3_ordem_1,jw05959014001_04102_00001-seg006_nis_x1dints.fits,seg006,3,286,60694.10133762337,TDB-MID,2040.1138425374218,0.14442568215471394,2038,0.8522004674063691,2.828497546304791,2556,0.9995766382698417,1.0012027683756257
TOI-2076_d,NIRISS_SOSS,obs14,SOSS_HDU3_ordem_1,jw05959014001_04102_00001-seg006_nis_x1dints.fits,seg006,3,287,60694.10141470222,TDB-MID,2034.4493546953508,0.1444147778004118,2038,0.8522004674063691,2.828497546304791,2557,0.9968012589764709,0.998422874042936
TOI-2076_d,NIRISS_SOSS,obs14,SOSS_HDU3_ordem_1,jw05959014001_04102_00001-seg006_nis_x1dints.fits,seg006,3,288,60694.101491781075,TDB-MID,2038.18328252445,0.14442062701694863,2038,0.8522004674063691,2.828497546304791,2558,0.9986307387580065,1.000255330056645
TOI-2076_d,NIRISS_SOSS,obs14,SOSS_HDU3_ordem_1,jw05959014001_04102_00001-seg006_nis_x1dints.fits,seg006,3,289,60694.10156885992,TDB-MID,2036.670200617136,0.14441794179448186,2038,0.8522004674063691,2.828497546304791,2559,0.9978893873222167,0.9995127725763735
TOI-2076_d,NIRISS_SOSS,obs14,SOSS_HDU3_ordem_1,jw05959014001_04102_00001-seg006_nis_x1dints.fits,seg006,3,290,60694.10164593878,TDB-MID,2040.524986436461,0.14442652197791056,2038,0.8522004674063691,2.828497546304791,2560,0.9997780828303745,1.0014045406499643
TOI-2076_d,NIRISS_SOSS,obs14,SOSS_HDU3_ordem_1,jw05959014001_04102_00001-seg006_nis_x1dints.fits,seg006,3,291,60694.10172301764,TDB-MID,2033.3120004496661,0.14441255659853572,2038,0.8522004674063691,2.828497546304791,2561,0.9962439995188274,0.9978647080251087
TOI-2076_d,NIRISS_SOSS,obs14,SOSS_HDU3_ordem_1,jw05959014001_04102_00001-seg006_nis_x1dints.fits,seg006,3,292,60694.10180009648,TDB-MID,2035.790391964712,0.14441993588391475,2038,0.8522004674063691,2.828497546304791,2562,0.997458315213997,0.9990809991919273
TOI-2076_d,NIRISS_SOSS,obs14,SOSS_HDU3_ordem_1,jw05959014001_04102_00001-seg006_nis_x1dints.fits,seg006,3,293,60694.10187717534,TDB-MID,2039.4019529651791,0.1444256278562142,2038,0.8522004674063691,2.828497546304791,2563,0.9992278399966255,1.0008534026708076
TOI-2076_d,NIRISS_SOSS,obs14,SOSS_HDU3_ordem_1,jw05959014001_04102_00001-seg006_nis_x1dints.fits,seg006,3,294,60694.10195425419,TDB-MID,2030.7995801711088,0.14440718886592427,2038,0.8522004674063691,2.828497546304791,2564,0.9950130110496556,0.9966317169607052
TOI-2076_d,NIRISS_SOSS,obs14,SOSS_HDU3_ordem_1,jw05959014001_04102_00001-seg006_nis_x1dints.fits,seg006,3,295,60694.10203133305,TDB-MID,2032.3811758970787,0.1444111477316657,2038,0.8522004674063691,2.828497546304791,2565,0.9957879315986483,0.9974078981650456
TOI-2076_d,NIRISS_SOSS,obs14,SOSS_HDU3_ordem_1,jw05959014001_04102_00001-seg006_nis_x1dints.fits,seg006,3,296,60694.1021084119,TDB-MID,2032.4514622188083,0.14441230125829965,2038,0.8522004674063691,2.828497546304791,2566,0.9958223691695945,0.997442391759681
TOI-2076_d,NIRISS_SOSS,obs14,SOSS_HDU3_ordem_1,jw05959014001_04102_00001-seg006_nis_x1dints.fits,seg006,3,297,60694.102185490745,TDB-MID,2035.7115928303965,0.1444189499839679,2038,0.8522004674063691,2.828497546304791,2567,0.9974197066951314,0.9990423278639959
TOI-2076_d,NIRISS_SOSS,obs14,SOSS_HDU3_ordem_1,jw05959014001_04102_00001-seg006_nis_x1dints.fits,seg006,3,298,60694.102262569606,TDB-MID,2040.8580868291883,0.1444289051953189,2038,0.8522004674063691,2.828497546304791,2568,0.9999412891004494,1.001568012427074
TOI-2076_d,NIRISS_SOSS,obs14,SOSS_HDU3_ordem_1,jw05959014001_04102_00001-seg006_nis_x1dints.fits,seg006,3,299,60694.10233964845,TDB-MID,2039.2120913020976,0.14442553234624614,2038,0.8522004674063691,2.828497546304791,2569,0.9991348151472458,1.0007602264868505
TOI-2076_d,NIRISS_SOSS,obs14,SOSS_HDU3_ordem_1,jw05959014001_04102_00001-seg006_nis_x1dints.fits,seg006,3,300,60694.10241672731,TDB-MID,2034.8901190481652,0.14441196282589538,2038,0.8522004674063691,2.828497546304791,2570,0.9970172164102518,0.9986391828003385
TOI-2076_d,NIRISS_SOSS,obs14,SOSS_HDU3_ordem_1,jw05959014001_04102_00001-seg006_nis_x1dints.fits,seg006,3,301,60694.10249380616,TDB-MID,2032.2094704899264,0.1444115072441685,2038,0.8522004674063691,2.828497546304791,2571,0.9957038026103167,0.9973236323140908
TOI-2076_d,NIRISS_SOSS,obs14,SOSS_HDU3_ordem_1,jw05959014001_04102_00001-seg006_nis_x1dints.fits,seg006,3,302,60694.102570885014,TDB-MID,2039.4915632627308,0.14442626850777907,2038,0.8522004674063691,2.828497546304791,2572,0.9992717455660665,1.000897379666656
TOI-2076_d,NIRISS_SOSS,obs14,SOSS_HDU3_ordem_1,jw05959014001_04102_00001-seg006_nis_x1dints.fits,seg006,3,303,60694.10264796387,TDB-MID,2035.5362555389006,0.144422216422126,2038,0.8522004674063691,2.828497546304791,2573,0.9973337982243673,0.9989562796357133
TOI-2076_d,NIRISS_SOSS,obs14,SOSS_HDU3_ordem_1,jw05959014001_04102_00001-seg006_nis_x1dints.fits,seg006,3,304,60694.102725042714,TDB-MID,2041.1938877284774,0.14442933503768912,2038,0.8522004674063691,2.828497546304791,2574,1.0001058185139757,1.0017328095001496
TOI-2076_d,NIRISS_SOSS,obs14,SOSS_HDU3_ordem_1,jw05959014001_04102_00001-seg006_nis_x1dints.fits,seg006,3,305,60694.102802121575,TDB-MID,2037.3575961513225,0.14442094595705463,2038,0.8522004674063691,2.828497546304791,2575,0.9982261844670118,0.9998501176291086
TOI-2076_d,NIRISS_SOSS,obs14,SOSS_HDU3_ordem_1,jw05959014001_04102_00001-seg006_nis_x1dints.fits,seg006,3,306,60694.10287920043,TDB-MID,2043.286212710778,0.14443480491659708,2038,0.8522004674063691,2.828497546304791,2576,1.0011309765852403,1.0027596353178774
TOI-2076_d,NIRISS_SOSS,obs14,SOSS_HDU3_ordem_1,jw05959014001_04102_00001-seg006_nis_x1dints.fits,seg006,3,307,60694.102956279276,TDB-MID,2037.9763288347972,0.1444207668724129,2038,0.8522004674063691,2.828497546304791,2577,0.9985293394786783,1.0001537658190591
TOI-2076_d,NIRISS_SOSS,obs14,SOSS_HDU3_ordem_1,jw05959014001_04102_00001-seg006_nis_x1dints.fits,seg006,3,308,60694.10303335813,TDB-MID,2036.9201460840611,0.14442541967674077,2038,0.8522004674063691,2.828497546304791,2578,0.9980118509045768,0.9996354353847965
TOI-2076_d,NIRISS_SOSS,obs14,SOSS_HDU3_ordem_1,jw05959014001_04102_00001-seg006_nis_x1dints.fits,seg006,3,309,60694.10311043698,TDB-MID,2037.767146926103,0.14442166618456725,2038,0.8522004674063691,2.828497546304791,2579,0.9984268484584617,1.00005110806452
TOI-2076_d,NIRISS_SOSS,obs14,SOSS_HDU3_ordem_1,jw05959014001_04102_00001-seg006_nis_x1dints.fits,seg006,3,310,60694.103187515844,TDB-MID,2041.9986789818247,0.14444047309005248,2038,0.8522004674063691,2.828497546304791,2580,1.0005001350068872,1.0021277674745603
TOI-2076_d,NIRISS_SOSS,obs14,SOSS_HDU3_ordem_1,jw05959014001_04102_00001-seg006_nis_x1dints.fits,seg006,3,311,60694.10326459469,TDB-MID,2041.7318197115992,0.14443055735259594,2038,0.8522004674063691,2.828497546304791,2581,1.0003693843170673,1.001996804077055
TOI-2076_d,NIRISS_SOSS,obs14,SOSS_HDU3_ordem_1,jw05959014001_04102_00001-seg006_nis_x1dints.fits,seg006,3,312,60694.10334167354,TDB-MID,2041.7142353422419,0.14442937688047014,2038,0.8522004674063691,2.828497546304791,2582,1.0003607686582536,1.0019881744021253
TOI-2076_d,NIRISS_SOSS,obs14,SOSS_HDU3_ordem_1,jw05959014001_04102_00001-seg006_nis_x1dints.fits,seg006,3,313,60694.1034187524,TDB-MID,2031.0349438745693,0.14440541373849347,2038,0.8522004674063691,2.828497546304791,2583,0.9951283301336059,0.9967472236479138
TOI-2076_d,NIRISS_SOSS,obs14,SOSS_HDU3_ordem_1,jw05959014001_04102_00001-seg006_nis_x1dints.fits,seg006,3,314,60694.10349583125,TDB-MID,2034.4084625810624,0.144413627697416,2038,0.8522004674063691,2.828497546304791,2584,0.9967812234268462,0.9984028058991017
TOI-2076_d,NIRISS_SOSS,obs14,SOSS_HDU3_ordem_1,jw05959014001_04102_00001-seg006_nis_x1dints.fits,seg006,3,315,60694.103572910106,TDB-MID,2039.7248406562915,0.14442589700864716,2038,0.8522004674063691,2.828497546304791,2585,0.9993860424391026,1.0010118624799984
TOI-2076_d,NIRISS_SOSS,obs14,SOSS_HDU3_ordem_1,jw05959014001_04102_00001-seg006_nis_x1dints.fits,seg006,3,316,60694.10364998895,TDB-MID,2039.583557297462,0.14443026617519378,2038,0.8522004674063691,2.828497546304791,2586,0.9993168190742503,1.0009425265012721
TOI-2076_d,NIRISS_SOSS,obs14,SOSS_HDU3_ordem_1,jw05959014001_04102_00001-seg006_nis_x1dints.fits,seg006,3,317,60694.103727067806,TDB-MID,2035.8114500655413,0.14439314840318426,2038,0.8522004674063691,2.828497546304791,2587,0.9974686328664712,0.9990913336293531
TOI-2076_d,NIRISS_SOSS,obs14,SOSS_HDU3_ordem_1,jw05959014001_04102_00001-seg006_nis_x1dints.fits,seg006,3,318,60694.10380414666,TDB-MID,2029.9682522134665,0.1444071041756081,2038,0.8522004674063691,2.828497546304791,2588,0.9946056926011094,0.9962237358788336
TOI-2076_d,NIRISS_SOSS,obs14,SOSS_HDU3_ordem_1,jw05959014001_04102_00001-seg006_nis_x1dints.fits,seg006,3,319,60694.103881225514,TDB-MID,2034.3294982031928,0.14441359422682332,2038,0.8522004674063691,2.828497546304791,2589,0.9967425339450495,0.9983640534765272
TOI-2076_d,NIRISS_SOSS,obs14,SOSS_HDU3_ordem_1,jw05959014001_04102_00001-seg006_nis_x1dints.fits,seg006,3,320,60694.10395830436,TDB-MID,2039.1746731518715,0.1444268218555096,2038,0.8522004674063691,2.828497546304791,2590,0.999116481705242,1.0007418632196579
TOI-2076_d,NIRISS_SOSS,obs14,SOSS_HDU3_ordem_1,jw05959014001_04102_00001-seg006_nis_x1dints.fits,seg006,3,321,60694.10403538322,TDB-MID,2043.9063352983349,0.14443534913287015,2038,0.8522004674063691,2.828497546304791,2591,1.0014348125959869,1.00306396561477
TOI-2076_d,NIRISS_SOSS,obs14,SOSS_HDU3_ordem_1,jw05959014001_04102_00001-seg006_nis_x1dints.fits,seg006,3,322,60694.10411246207,TDB-MID,2027.6612940231423,0.14439807350070563,2038,0.8522004674063691,2.828497546304791,2592,0.9934753725844356,0.995091577036263
TOI-2076_d,NIRISS_SOSS,obs14,SOSS_HDU3_ordem_1,jw05959014001_04102_00001-seg006_nis_x1dints.fits,seg006,3,323,60694.10418954092,TDB-MID,2038.4297803256206,0.14442339503974835,2038,0.8522004674063691,2.828497546304791,2593,0.9987515131178965,1.000376300894539
TOI-2076_d,NIRISS_SOSS,obs14,SOSS_HDU3_ordem_1,jw05959014001_04102_00001-seg006_nis_x1dints.fits,seg006,3,324,60694.104266619775,TDB-MID,2039.1060674304788,0.14442519562798353,2038,0.8522004674063691,2.828497546304791,2594,0.9990828675632634,1.0007081943935598
TOI-2076_d,NIRISS_SOSS,obs14,SOSS_HDU3_ordem_1,jw05959014001_04102_00001-seg006_nis_x1dints.fits,seg006,3,325,60694.10434369863,TDB-MID,2039.9212634713929,0.144428351011621,2038,0.8522004674063691,2.828497546304791,2595,0.9994822819984374,1.0011082586036615
TOI-2076_d,NIRISS_SOSS,obs14,SOSS_HDU3_ordem_1,jw05959014001_04102_00001-seg006_nis_x1dints.fits,seg006,3,326,60694.10442077748,TDB-MID,2039.839783330624,0.14443172461021372,2038,0.8522004674063691,2.828497546304791,2596,0.999442359890417,1.0010682715496038
TOI-2076_d,NIRISS_SOSS,obs14,SOSS_HDU3_ordem_1,jw05959014001_04102_00001-seg006_nis_x1dints.fits,seg006,3,327,60694.10449785633,TDB-MID,2039.5278184654687,0.14444219252118715,2038,0.8522004674063691,2.828497546304791,2597,0.9992895092089167,1.0009151722077352
TOI-2076_d,NIRISS_SOSS,obs14,SOSS_HDU3_ordem_1,jw05959014001_04102_00001-seg006_nis_x1dints.fits,seg006,3,328,60694.10457493519,TDB-MID,2040.566036745566,0.1444305646358333,2038,0.8522004674063691,2.828497546304791,2598,0.9997981958893223,1.0014246864292153
TOI-2076_d,NIRISS_SOSS,obs14,SOSS_HDU3_ordem_1,jw05959014001_04102_00001-seg006_nis_x1dints.fits,seg006,3,329,60694.104652014044,TDB-MID,2043.5549760497856,0.14443598900398594,2038,0.8522004674063691,2.828497546304791,2599,1.0012626601948968,1.0028915331529107
TOI-2076_d,NIRISS_SOSS,obs14,SOSS_HDU3_ordem_1,jw05959014001_04102_00001-seg006_nis_x1dints.fits,seg006,3,330,60694.10472909289,TDB-MID,2042.3684813071404,0.14443412211674156,2038,0.8522004674063691,2.828497546304791,2600,1.0006813238001087,1.0023092510291238
TOI-2076_d,NIRISS_SOSS,obs14,SOSS_HDU3_ordem_1,jw05959014001_04102_00001-seg006_nis_x1dints.fits,seg006,3,331,60694.104806171745,TDB-MID,2038.758462927655,0.14442713934080942,2038,0.8522004674063691,2.828497546304791,2601,0.9989125548419164,1.0005376046042693
TOI-2076_d,NIRISS_SOSS,obs14,SOSS_HDU3_ordem_1,jw05959014001_04102_00001-seg006_nis_x1dints.fits,seg006,3,332,60694.1048832506,TDB-MID,2044.284374048858,0.1444390806347024,2038,0.8522004674063691,2.828497546304791,2602,1.0016200369180341,1.003249491263234
TOI-2076_d,NIRISS_SOSS,obs14,SOSS_HDU3_ordem_1,jw05959014001_04102_00001-seg006_nis_x1dints.fits,seg006,3,333,60694.10496032946,TDB-MID,2042.3645492932656,0.14443115126388203,2038,0.8522004674063691,2.828497546304791,2603,1.0006793972658492,1.0023073213607423
TOI-2076_d,NIRISS_SOSS,obs14,SOSS_HDU3_ordem_1,jw05959014001_04102_00001-seg006_nis_x1dints.fits,seg006,3,334,60694.105037408306,TDB-MID,2029.2713091528992,0.1444041435044364,2038,0.8522004674063691,2.828497546304791,2604,0.9942642175387761,0.9958817052984361
TOI-2076_d,NIRISS_SOSS,obs14,SOSS_HDU3_ordem_1,jw05959014001_04102_00001-seg006_nis_x1dints.fits,seg006,3,335,60694.10511448715,TDB-MID,2037.2319162051588,0.14441964927566842,2038,0.8522004674063691,2.828497546304791,2605,0.9981646061690439,0.9997884391544055
TOI-2076_d,NIRISS_SOSS,obs14,SOSS_HDU3_ordem_1,jw05959014001_04102_00001-seg006_nis_x1dints.fits,seg006,3,336,60694.105191566014,TDB-MID,2041.352484917718,0.1444307201861677,2038,0.8522004674063691,2.828497546304791,2606,1.0001835249840532,1.0018106423845767
TOI-2076_d,NIRISS_SOSS,obs14,SOSS_HDU3_ordem_1,jw05959014001_04102_00001-seg006_nis_x1dints.fits,seg006,3,337,60694.10526864486,TDB-MID,2035.6269376448054,0.1444173150498061,2038,0.8522004674063691,2.828497546304791,2607,0.9973782289383214,0.9990007826303898
TOI-2076_d,NIRISS_SOSS,obs14,SOSS_HDU3_ordem_1,jw05959014001_04102_00001-seg006_nis_x1dints.fits,seg006,3,338,60694.105345723714,TDB-MID,2041.4345982180228,0.14442865299161492,2038,0.8522004674063691,2.828497546304791,2608,1.0002237573156834,1.0018509401669218
TOI-2076_d,NIRISS_SOSS,obs14,SOSS_HDU3_ordem_1,jw05959014001_04102_00001-seg006_nis_x1dints.fits,seg006,3,339,60694.10542280257,TDB-MID,2037.1536661238943,0.14442096858931142,2038,0.8522004674063691,2.828497546304791,2609,0.9981262666648731,0.9997500372788072
TOI-2076_d,NIRISS_SOSS,obs14,SOSS_HDU3_ordem_1,jw05959014001_04102_00001-seg006_nis_x1dints.fits,seg006,3,340,60694.10549988142,TDB-MID,2039.5518961860666,0.14442389349141477,2038,0.8522004674063691,2.828497546304791,2610,0.9993013063579338,1.0009269885485765
TOI-2076_d,NIRISS_SOSS,obs14,SOSS_HDU3_ordem_1,jw05959014001_04102_00001-seg006_nis_x1dints.fits,seg006,3,341,60694.105576960275,TDB-MID,2036.814505253681,0.1444202161849842,2038,0.8522004674063691,2.828497546304791,2611,0.9979600909959415,0.9995835912721668
TOI-2076_d,NIRISS_SOSS,obs14,SOSS_HDU3_ordem_1,jw05959014001_04102_00001-seg006_nis_x1dints.fits,seg006,3,342,60694.10565403913,TDB-MID,2034.8368944449185,0.14441567923377865,2038,0.8522004674063691,2.828497546304791,2612,0.9969911384194665,0.9986130623853866
TOI-2076_d,NIRISS_SOSS,obs14,SOSS_HDU3_ordem_1,jw05959014001_04102_00001-seg006_nis_x1dints.fits,seg006,3,343,60694.105731117976,TDB-MID,2036.600603269132,0.1444172499644846,2038,0.8522004674063691,2.828497546304791,2613,0.9978552873216677,0.9994786171013013
TOI-2076_d,NIRISS_SOSS,obs14,SOSS_HDU3_ordem_1,jw05959014001_04102_00001-seg006_nis_x1dints.fits,seg006,3,344,60694.10580819684,TDB-MID,2048.4601702116242,0.14444286678425786,2038,0.8522004674063691,2.828497546304791,2614,1.0036660150411405,1.0052987978220942
TOI-2076_d,NIRISS_SOSS,obs14,SOSS_HDU3_ordem_1,jw05959014001_04102_00001-seg006_nis_x1dints.fits,seg006,3,345,60694.10588527568,TDB-MID,2030.9947169863872,0.14440719944964311,2038,0.8522004674063691,2.828497546304791,2615,0.9951086205189663,0.9967274819693018
TOI-2076_d,NIRISS_SOSS,obs14,SOSS_HDU3_ordem_1,jw05959014001_04102_00001-seg006_nis_x1dints.fits,seg006,3,346,60694.10596235454,TDB-MID,2038.5867928875264,0.1444222012697253,2038,0.8522004674063691,2.828497546304791,2616,0.9988284431820543,1.0004533561099744
TOI-2076_d,NIRISS_SOSS,obs14,SOSS_HDU3_ordem_1,jw05959014001_04102_00001-seg006_nis_x1dints.fits,seg006,3,347,60694.10603943339,TDB-MID,2039.0381331106037,0.144424168998447,2038,0.8522004674063691,2.828497546304791,2617,0.9990495823819817,1.0006748550633182
TOI-2076_d,NIRISS_SOSS,obs14,SOSS_HDU3_ordem_1,jw05959014001_04102_00001-seg006_nis_x1dints.fits,seg006,3,348,60694.106116512245,TDB-MID,2032.8984424725045,0.14441090913092972,2038,0.8522004674063691,2.828497546304791,2618,0.9960413721536667,0.9976617510219333
TOI-2076_d,NIRISS_SOSS,obs14,SOSS_HDU3_ordem_1,jw05959014001_04102_00001-seg006_nis_x1dints.fits,seg006,3,349,60694.1061935911,TDB-MID,2033.580066996002,0.14442162931662378,2038,0.8522004674063691,2.828497546304791,2619,0.9963753417271061,0.9979962639033663
TOI-2076_d,NIRISS_SOSS,obs14,SOSS_HDU3_ordem_1,jw05959014001_04102_00001-seg006_nis_x1dints.fits,seg006,3,350,60694.106270669945,TDB-MID,2044.9352098574004,0.1444354621842888,2038,0.8522004674063691,2.828497546304791,2620,1.001938921215569,1.0035688943277512
TOI-2076_d,NIRISS_SOSS,obs14,SOSS_HDU3_ordem_1,jw05959014001_04102_00001-seg006_nis_x1dints.fits,seg006,3,351,60694.1063477488,TDB-MID,2027.0267486849664,0.14438264599718487,2038,0.8522004674063691,2.828497546304791,2621,0.9931644699854048,0.9947801686550272
TOI-2076_d,NIRISS_SOSS,obs14,SOSS_HDU3_ordem_1,jw05959014001_04102_00001-seg006_nis_x1dints.fits,seg006,3,352,60694.10642482766,TDB-MID,2038.6065243165135,0.1444245891595139,2038,0.8522004674063691,2.828497546304791,2622,0.9988381108167931,1.0004630394722036
TOI-2076_d,NIRISS_SOSS,obs14,SOSS_HDU3_ordem_1,jw05959014001_04102_00001-seg006_nis_x1dints.fits,seg006,3,353,60694.106501906506,TDB-MID,2035.876226065484,0.14441763775618324,2038,0.8522004674063691,2.828497546304791,2623,0.9975003705935104,0.9991231229879245
TOI-2076_d,NIRISS_SOSS,obs14,SOSS_HDU3_ordem_1,jw05959014001_04102_00001-seg006_nis_x1dints.fits,seg006,3,354,60694.10657898536,TDB-MID,2034.6220142043367,0.14441431651989103,2038,0.8522004674063691,2.828497546304791,2624,0.9968858554376873,0.9985076081272692
TOI-2076_d,NIRISS_SOSS,obs14,SOSS_HDU3_ordem_1,jw05959014001_04102_00001-seg006_nis_x1dints.fits,seg006,3,355,60694.106656064214,TDB-MID,2035.0246593573995,0.14441526275931463,2038,0.8522004674063691,2.828497546304791,2625,0.9970831359423936,0.9987052095716171
TOI-2076_d,NIRISS_SOSS,obs14,SOSS_HDU3_ordem_1,jw05959014001_04102_00001-seg006_nis_x1dints.fits,seg006,3,356,60694.10673314307,TDB-MID,2043.7067476271382,0.14443652712022148,2038,0.8522004674063691,2.828497546304791,2626,1.0013370223799434,1.0029660163117609
TOI-2076_d,NIRISS_SOSS,obs14,SOSS_HDU3_ordem_1,jw05959014001_04102_00001-seg006_nis_x1dints.fits,seg006,3,357,60694.10681022192,TDB-MID,2038.6835344093688,0.14442451906701048,2038,0.8522004674063691,2.828497546304791,2627,0.9988758427747477,1.000500832813218
TOI-2076_d,NIRISS_SOSS,obs14,SOSS_HDU3_ordem_1,jw05959014001_04102_00001-seg006_nis_x1dints.fits,seg006,3,358,60694.10688730077,TDB-MID,2039.8893286608222,0.14443025225573172,2038,0.8522004674063691,2.828497546304791,2628,0.999466635180143,1.0010925863308282
TOI-2076_d,NIRISS_SOSS,obs14,SOSS_HDU3_ordem_1,jw05959014001_04102_00001-seg006_nis_x1dints.fits,seg006,3,359,60694.10696437963,TDB-MID,2042.3917598893029,0.14443461954229786,2038,0.8522004674063691,2.828497546304791,2629,1.0006927294022943,1.0023206751861582
TOI-2076_d,NIRISS_SOSS,obs14,SOSS_HDU3_ordem_1,jw05959014001_04102_00001-seg006_nis_x1dints.fits,seg006,3,360,60694.107041458476,TDB-MID,2040.7763821718413,0.1444293762567322,2038,0.8522004674063691,2.828497546304791,2630,0.9999012569880158,1.0015279151896457
TOI-2076_d,NIRISS_SOSS,obs14,SOSS_HDU3_ordem_1,jw05959014001_04102_00001-seg006_nis_x1dints.fits,seg006,3,361,60694.10711853733,TDB-MID,2033.1591151844918,0.14441495709651456,2038,0.8522004674063691,2.828497546304791,2631,0.9961690916699526,0.9977896783147344
TOI-2076_d,NIRISS_SOSS,obs14,SOSS_HDU3_ordem_1,jw05959014001_04102_00001-seg006_nis_x1dints.fits,seg006,3,362,60694.10719561618,TDB-MID,2042.5240924243235,0.1444322917473795,2038,0.8522004674063691,2.828497546304791,2632,1.0007575672107203,1.0023856184739524
TOI-2076_d,NIRISS_SOSS,obs14,SOSS_HDU3_ordem_1,jw05959014001_04102_00001-seg006_nis_x1dints.fits,seg006,3,363,60694.10727269504,TDB-MID,2043.0747306810913,0.1444310096600582,2038,0.8522004674063691,2.828497546304791,2633,1.001027358594969,1.0026558487599073
TOI-2076_d,NIRISS_SOSS,obs14,SOSS_HDU3_ordem_1,jw05959014001_04102_00001-seg006_nis_x1dints.fits,seg006,3,364,60694.10734977388,TDB-MID,2034.0492164057268,0.14441465637041204,2038,0.8522004674063691,2.828497546304791,2634,0.9966052067375978,0.9982265028625874
TOI-2076_d,NIRISS_SOSS,obs14,SOSS_HDU3_ordem_1,jw05959014001_04102_00001-seg006_nis_x1dints.fits,seg006,3,365,60694.10742685274,TDB-MID,2043.6689277005169,0.14446770335758422,2038,0.8522004674063691,2.828497546304791,2635,1.0013184920830924,1.002947455869474
TOI-2076_d,NIRISS_SOSS,obs14,SOSS_HDU3_ordem_1,jw05959014001_04102_00001-seg006_nis_x1dints.fits,seg006,3,366,60694.10750393159,TDB-MID,2036.2196560909315,0.14441724797240987,2038,0.8522004674063691,2.828497546304791,2636,0.9976686379828884,0.9992916641178614
TOI-2076_d,NIRISS_SOSS,obs14,SOSS_HDU3_ordem_1,jw05959014001_04102_00001-seg006_nis_x1dints.fits,seg006,3,367,60694.10758101045,TDB-MID,2046.128260922157,0.14443890437952805,2038,0.8522004674063691,2.828497546304791,2637,1.0025234699538446,1.0041543940209263
TOI-2076_d,NIRISS_SOSS,obs14,SOSS_HDU3_ordem_1,jw05959014001_04102_00001-seg006_nis_x1dints.fits,seg006,3,368,60694.1076580893,TDB-MID,2034.536548811036,0.14441341018586726,2038,0.8522004674063691,2.828497546304791,2638,0.996843980710531,0.998465665277518
TOI-2076_d,NIRISS_SOSS,obs14,SOSS_HDU3_ordem_1,jw05959014001_04102_00001-seg006_nis_x1dints.fits,seg006,3,369,60694.107735168145,TDB-MID,2037.9182940316955,0.14442093014048588,2038,0.8522004674063691,2.828497546304791,2639,0.9985009046765719,1.000125284758681
TOI-2076_d,NIRISS_SOSS,obs14,SOSS_HDU3_ordem_1,jw05959014001_04102_00001-seg006_nis_x1dints.fits,seg006,3,370,60694.107812247006,TDB-MID,2040.8861408226924,0.14442853700279393,2038,0.8522004674063691,2.828497546304791,2640,0.9999550344689343,1.0015817801567835
TOI-2076_d,NIRISS_SOSS,obs14,SOSS_HDU3_ordem_1,jw05959014001_04102_00001-seg006_nis_x1dints.fits,seg006,3,371,60694.10788932586,TDB-MID,2043.018289903064,0.1444325693505304,2038,0.8522004674063691,2.828497546304791,2641,1.00099970480331,1.0026281499805392
TOI-2076_d,NIRISS_SOSS,obs14,SOSS_HDU3_ordem_1,jw05959014001_04102_00001-seg006_nis_x1dints.fits,seg006,3,372,60694.107966404714,TDB-MID,2041.5460098100216,0.144429827790533,2038,0.8522004674063691,2.828497546304791,2642,1.0002783446736396,1.0019056163286204
TOI-2076_d,NIRISS_SOSS,obs14,SOSS_HDU3_ordem_1,jw05959014001_04102_00001-seg006_nis_x1dints.fits,seg006,3,373,60694.10804348356,TDB-MID,2036.8322808795078,0.14441971201369058,2038,0.8522004674063691,2.828497546304791,2643,0.9979688003630056,0.9995923148077932
TOI-2076_d,NIRISS_SOSS,obs14,SOSS_HDU3_ordem_1,jw05959014001_04102_00001-seg006_nis_x1dints.fits,seg006,3,374,60694.108120562414,TDB-MID,2039.1385221971332,0.14442406342197972,2038,0.8522004674063691,2.828497546304791,2644,0.9990987691398674,1.0007241218391483
TOI-2076_d,NIRISS_SOSS,obs14,SOSS_HDU3_ordem_1,jw05959014001_04102_00001-seg006_nis_x1dints.fits,seg006,3,375,60694.108197641275,TDB-MID,2038.2134764338045,0.14442166550745636,2038,0.8522004674063691,2.828497546304791,2645,0.9986455326022418,1.000270147967785
TOI-2076_d,NIRISS_SOSS,obs14,SOSS_HDU3_ordem_1,jw05959014001_04102_00001-seg006_nis_x1dints.fits,seg006,3,376,60694.10827472012,TDB-MID,2034.0120607725514,0.14441253621081054,2038,0.8522004674063691,2.828497546304791,2646,0.9965870019187647,0.9982082684278121
TOI-2076_d,NIRISS_SOSS,obs14,SOSS_HDU3_ordem_1,jw05959014001_04102_00001-seg006_nis_x1dints.fits,seg006,3,377,60694.10835179897,TDB-MID,2036.4788949081901,0.1444193806726181,2038,0.8522004674063691,2.828497546304791,2647,0.997795654946384,0.9994188877149461
TOI-2076_d,NIRISS_SOSS,obs14,SOSS_HDU3_ordem_1,jw05959014001_04102_00001-seg006_nis_x1dints.fits,seg006,3,378,60694.10842887783,TDB-MID,2036.0285232586543,0.1444167402102675,2038,0.8522004674063691,2.828497546304791,2648,0.9975749903099169,0.9991978640970913
TOI-2076_d,NIRISS_SOSS,obs14,SOSS_HDU3_ordem_1,jw05959014001_04102_00001-seg006_nis_x1dints.fits,seg006,3,379,60694.108505956676,TDB-MID,2043.0782847218225,0.14443170916810574,2038,0.8522004674063691,2.828497546304791,2649,1.001029099937051,1.0026575929348374
TOI-2076_d,NIRISS_SOSS,obs14,SOSS_HDU3_ordem_1,jw05959014001_04102_00001-seg006_nis_x1dints.fits,seg006,3,380,60694.10858303554,TDB-MID,2036.5781317197873,0.14441886480182475,2038,0.8522004674063691,2.828497546304791,2650,0.9978442771342545,0.9994675890023077
TOI-2076_d,NIRISS_SOSS,obs14,SOSS_HDU3_ordem_1,jw05959014001_04102_00001-seg006_nis_x1dints.fits,seg006,3,381,60694.10866011438,TDB-MID,2038.842492862129,0.14442149748920635,2038,0.8522004674063691,2.828497546304791,2651,0.998953726249935,1.00057884299071
TOI-2076_d,NIRISS_SOSS,obs14,SOSS_HDU3_ordem_1,jw05959014001_04102_00001-seg006_nis_x1dints.fits,seg006,3,382,60694.10873719324,TDB-MID,2030.2779555297707,0.1444065461517021,2038,0.8522004674063691,2.828497546304791,2652,0.9947574352114077,0.996375725346869
TOI-2076_d,NIRISS_SOSS,obs14,SOSS_HDU3_ordem_1,jw05959014001_04102_00001-seg006_nis_x1dints.fits,seg006,3,383,60694.10881427209,TDB-MID,2040.8401957861533,0.1444253643946339,2038,0.8522004674063691,2.828497546304791,2653,0.9999325231834308,1.0015592322494966
TOI-2076_d,NIRISS_SOSS,obs14,SOSS_HDU3_ordem_1,jw05959014001_04102_00001-seg006_nis_x1dints.fits,seg006,3,384,60694.10889135094,TDB-MID,2043.836128413799,0.14443536849319577,2038,0.8522004674063691,2.828497546304791,2654,1.0014004139461838,1.0030295110045955
TOI-2076_d,NIRISS_SOSS,obs14,SOSS_HDU3_ordem_1,jw05959014001_04102_00001-seg006_nis_x1dints.fits,seg006,3,385,60694.10896842979,TDB-MID,2038.7206125971243,0.14442427050954693,2038,0.8522004674063691,2.828497546304791,2655,0.9988940096483294,1.000519029241012
TOI-2076_d,NIRISS_SOSS,obs14,SOSS_HDU3_ordem_1,jw05959014001_04102_00001-seg006_nis_x1dints.fits,seg006,3,386,60694.10904550865,TDB-MID,2037.1581141712477,0.14442937511039552,2038,0.8522004674063691,2.828497546304791,2656,0.998128446035518,0.9997522201948932
TOI-2076_d,NIRISS_SOSS,obs14,SOSS_HDU3_ordem_1,jw05959014001_04102_00001-seg006_nis_x1dints.fits,seg006,3,387,60694.1091225875,TDB-MID,2044.086494299043,0.14443903397507762,2038,0.8522004674063691,2.828497546304791,2657,1.0015230835172104,1.003152380136791
TOI-2076_d,NIRISS_SOSS,obs14,SOSS_HDU3_ordem_1,jw05959014001_04102_00001-seg006_nis_x1dints.fits,seg006,3,388,60694.10919966635,TDB-MID,2035.1592513371565,0.14442344295516138,2038,0.8522004674063691,2.828497546304791,2658,0.9971490807910871,0.9987712617006328
TOI-2076_d,NIRISS_SOSS,obs14,SOSS_HDU3_ordem_1,jw05959014001_04102_00001-seg006_nis_x1dints.fits,seg006,3,389,60694.10927674521,TDB-MID,2039.6484584849368,0.14442575508564784,2038,0.8522004674063691,2.828497546304791,2659,0.9993486181383235,1.000974377296662
TOI-2076_d,NIRISS_SOSS,obs14,SOSS_HDU3_ordem_1,jw05959014001_04102_00001-seg006_nis_x1dints.fits,seg006,3,390,60694.10935382406,TDB-MID,2031.761170862839,0.1444108043485883,2038,0.8522004674063691,2.828497546304791,2660,0.9954841531844668,0.9971036255584171
TOI-2076_d,NIRISS_SOSS,obs14,SOSS_HDU3_ordem_1,jw05959014001_04102_00001-seg006_nis_x1dints.fits,seg006,3,391,60694.109430902914,TDB-MID,2031.9760968881792,0.14441232365348064,2038,0.8522004674063691,2.828497546304791,2661,0.9955894585990015,0.997209102285784
TOI-2076_d,NIRISS_SOSS,obs14,SOSS_HDU3_ordem_1,jw05959014001_04102_00001-seg006_nis_x1dints.fits,seg006,3,392,60694.10950798176,TDB-MID,2030.318550049433,0.14440789609878793,2038,0.8522004674063691,2.828497546304791,2662,0.9947773249512106,0.9963956474436753
TOI-2076_d,NIRISS_SOSS,obs14,SOSS_HDU3_ordem_1,jw05959014001_04102_00001-seg006_nis_x1dints.fits,seg006,3,393,60694.10958506062,TDB-MID,2031.4486362996163,0.14441283561862675,2038,0.8522004674063691,2.828497546304791,2663,0.9953310233730144,0.9969502466325026
TOI-2076_d,NIRISS_SOSS,obs14,SOSS_HDU3_ordem_1,jw05959014001_04102_00001-seg006_nis_x1dints.fits,seg006,3,394,60694.109662139475,TDB-MID,2047.2678134371959,0.14444349240748885,2038,0.8522004674063691,2.828497546304791,2664,1.0030818064781915,1.0047136388576492
TOI-2076_d,NIRISS_SOSS,obs14,SOSS_HDU3_ordem_1,jw05959014001_04102_00001-seg006_nis_x1dints.fits,seg006,3,395,60694.10973921832,TDB-MID,2040.592077745431,0.14442990852583978,2038,0.8522004674063691,2.828497546304791,2665,0.9998109549690165,1.001437466265621
TOI-2076_d,NIRISS_SOSS,obs14,SOSS_HDU3_ordem_1,jw05959014001_04102_00001-seg006_nis_x1dints.fits,seg006,3,396,60694.109816297176,TDB-MID,2036.8565561147207,0.14441978470364447,2038,0.8522004674063691,2.828497546304791,2666,0.9979806942865217,0.9996042280805681
TOI-2076_d,NIRISS_SOSS,obs14,SOSS_HDU3_ordem_1,jw05959014001_04102_00001-seg006_nis_x1dints.fits,seg006,3,397,60694.10989337603,TDB-MID,2042.4498761821308,0.14443414008576302,2038,0.8522004674063691,2.828497546304791,2667,1.0007212041312052,1.0023491962382944
TOI-2076_d,NIRISS_SOSS,obs14,SOSS_HDU3_ordem_1,jw05959014001_04102_00001-seg006_nis_x1dints.fits,seg006,3,398,60694.10997045488,TDB-MID,2037.1855007760817,0.14442249228581136,2038,0.8522004674063691,2.828497546304791,2668,0.9981418644094453,0.999765660398084
TOI-2076_d,NIRISS_SOSS,obs14,SOSS_HDU3_ordem_1,jw05959014001_04102_00001-seg006_nis_x1dints.fits,seg006,3,399,60694.11004753374,TDB-MID,2033.9428237808647,0.1444116691843888,2038,0.8522004674063691,2.828497546304791,2669,0.9965530784788316,0.9981742898005878
TOI-2076_d,NIRISS_SOSS,obs14,SOSS_HDU3_ordem_1,jw05959014001_04102_00001-seg006_nis_x1dints.fits,seg006,3,400,60694.11012461258,TDB-MID,2047.7656312585464,0.14444900856522047,2038,0.8522004674063691,2.828497546304791,2670,1.0033257178982118,1.0049579470773626
TOI-2076_d,NIRISS_SOSS,obs14,SOSS_HDU3_ordem_1,jw05959014001_04102_00001-seg006_nis_x1dints.fits,seg006,3,401,60694.110201691445,TDB-MID,2035.0276009522345,0.14441795918715322,2038,0.8522004674063691,2.828497546304791,2671,0.997084577209746,0.9987066531836504
TOI-2076_d,NIRISS_SOSS,obs14,SOSS_HDU3_ordem_1,jw05959014001_04102_00001-seg006_nis_x1dints.fits,seg006,3,402,60694.11027877029,TDB-MID,2040.5962907861526,0.14443727717338725,2038,0.8522004674063691,2.828497546304791,2672,0.9998130191955286,1.0014395338502555
TOI-2076_d,NIRISS_SOSS,obs14,SOSS_HDU3_ordem_1,jw05959014001_04102_00001-seg006_nis_x1dints.fits,seg006,3,403,60694.110355849145,TDB-MID,2038.9126620495408,0.1444772239068247,2038,0.8522004674063691,2.828497546304791,2673,0.9989881064296097,1.0006132791007087
TOI-2076_d,NIRISS_SOSS,obs14,SOSS_HDU3_ordem_1,jw05959014001_04102_00001-seg006_nis_x1dints.fits,seg006,3,404,60694.110432928,TDB-MID,2037.0254349657594,0.14442121100906122,2038,0.8522004674063691,2.828497546304791,2674,0.9980634383720116,0.9996871067756952
TOI-2076_d,NIRISS_SOSS,obs14,SOSS_HDU3_ordem_1,jw05959014001_04102_00001-seg006_nis_x1dints.fits,seg006,3,405,60694.11051000685,TDB-MID,2037.4796011089381,0.14442142824694984,2038,0.8522004674063691,2.828497546304791,2675,0.9982859621631595,0.9999099925727385
TOI-2076_d,NIRISS_SOSS,obs14,SOSS_HDU3_ordem_1,jw05959014001_04102_00001-seg006_nis_x1dints.fits,seg006,3,406,60694.1105870857,TDB-MID,2045.8261229595932,0.1444396028405787,2038,0.8522004674063691,2.828497546304791,2676,1.0023754340733873,1.0040061173129098
TOI-2076_d,NIRISS_SOSS,obs14,SOSS_HDU3_ordem_1,jw05959014001_04102_00001-seg006_nis_x1dints.fits,seg006,3,407,60694.11066416455,TDB-MID,2039.5277538933444,0.14442560280290506,2038,0.8522004674063691,2.828497546304791,2677,0.9992894775710808,1.0009151405184302
TOI-2076_d,NIRISS_SOSS,obs14,SOSS_HDU3_ordem_1,jw05959014001_04102_00001-seg006_nis_x1dints.fits,seg006,3,408,60694.11074124341,TDB-MID,2032.6797127610275,0.14441100905954685,2038,0.8522004674063691,2.828497546304791,2678,0.9959342030804861,0.9975544076040854
TOI-2076_d,NIRISS_SOSS,obs14,SOSS_HDU3_ordem_1,jw05959014001_04102_00001-seg006_nis_x1dints.fits,seg006,3,409,60694.11081832227,TDB-MID,2034.308184225994,0.14441307964855393,2038,0.8522004674063691,2.828497546304791,2679,0.9967320909230807,0.9983535934656534
TOI-2076_d,NIRISS_SOSS,obs14,SOSS_HDU3_ordem_1,jw05959014001_04102_00001-seg006_nis_x1dints.fits,seg006,3,410,60694.110895401114,TDB-MID,2046.4172075930073,0.14444474360798676,2038,0.8522004674063691,2.828497546304791,2680,1.0026650426131078,1.0042961969932587
TOI-2076_d,NIRISS_SOSS,obs14,SOSS_HDU3_ordem_1,jw05959014001_04102_00001-seg006_nis_x1dints.fits,seg006,3,411,60694.11097247996,TDB-MID,2038.7802969102008,0.14442375312237957,2038,0.8522004674063691,2.828497546304791,2681,0.9989232526463321,1.0005483198120748
TOI-2076_d,NIRISS_SOSS,obs14,SOSS_HDU3_ordem_1,jw05959014001_04102_00001-seg006_nis_x1dints.fits,seg006,3,412,60694.11104955882,TDB-MID,2040.1486659524917,0.14442857350733976,2038,0.8522004674063691,2.828497546304791,2682,0.9995937003922797,1.0012198582550458
TOI-2076_d,NIRISS_SOSS,obs14,SOSS_HDU3_ordem_1,jw05959014001_04102_00001-seg006_nis_x1dints.fits,seg006,3,413,60694.111126637676,TDB-MID,2038.128522380118,0.1444236489684669,2038,0.8522004674063691,2.828497546304791,2683,0.9986039084116595,1.0002284560621852
TOI-2076_d,NIRISS_SOSS,obs14,SOSS_HDU3_ordem_1,jw05959014001_04102_00001-seg006_nis_x1dints.fits,seg006,3,414,60694.11120371652,TDB-MID,2043.9953189328805,0.14443613551322826,2038,0.8522004674063691,2.828497546304791,2684,1.0014784111248658,1.003107635070557
TOI-2076_d,NIRISS_SOSS,obs14,SOSS_HDU3_ordem_1,jw05959014001_04102_00001-seg006_nis_x1dints.fits,seg006,3,415,60694.111280795376,TDB-MID,2038.665816685099,0.14442562435110307,2038,0.8522004674063691,2.828497546304791,2685,0.9988671617772003,1.0004921376932603
TOI-2076_d,NIRISS_SOSS,obs14,SOSS_HDU3_ordem_1,jw05959014001_04102_00001-seg006_nis_x1dints.fits,seg006,3,416,60694.11135787423,TDB-MID,2045.3742604557058,0.14444163181120684,2038,0.8522004674063691,2.828497546304791,2686,1.0021540389761243,1.003784362045932
TOI-2076_d,NIRISS_SOSS,obs14,SOSS_HDU3_ordem_1,jw05959014001_04102_00001-seg006_nis_x1dints.fits,seg006,3,417,60694.11143495309,TDB-MID,2049.226146524005,0.14444919540058695,2038,0.8522004674063691,2.828497546304791,2687,1.004041313718773,1.0056747070426855
TOI-2076_d,NIRISS_SOSS,obs14,SOSS_HDU3_ordem_1,jw05959014001_04102_00001-seg006_nis_x1dints.fits,seg006,3,418,60694.11151203194,TDB-MID,2032.8308715912601,0.14441352518295922,2038,0.8522004674063691,2.828497546304791,2688,0.9960082650432149,0.9976285900522106
TOI-2076_d,NIRISS_SOSS,obs14,SOSS_HDU3_ordem_1,jw05959014001_04102_00001-seg006_nis_x1dints.fits,seg006,3,419,60694.111589110784,TDB-MID,2039.2462982571658,0.14442849878816558,2038,0.8522004674063691,2.828497546304791,2689,0.999151575228198,1.0007770138334182
TOI-2076_d,NIRISS_SOSS,obs14,SOSS_HDU3_ordem_1,jw05959014001_04102_00001-seg006_nis_x1dints.fits,seg006,3,420,60694.111666189645,TDB-MID,2035.1910150433205,0.1444181988029766,2038,0.8522004674063691,2.828497546304791,2690,0.99716464377486,0.9987868500025608
TOI-2076_d,NIRISS_SOSS,obs14,SOSS_HDU3_ordem_1,jw05959014001_04102_00001-seg006_nis_x1dints.fits,seg006,3,421,60694.11174326849,TDB-MID,2041.756796394518,0.1444296455747314,2038,0.8522004674063691,2.828497546304791,2691,1.0003816219227473,1.0020090615911024
TOI-2076_d,NIRISS_SOSS,obs14,SOSS_HDU3_ordem_1,jw05959014001_04102_00001-seg006_nis_x1dints.fits,seg006,3,422,60694.111820347345,TDB-MID,2039.2300363289228,0.14443269391118396,2038,0.8522004674063691,2.828497546304791,2692,0.9991436075142273,1.0007690331574202
TOI-2076_d,NIRISS_SOSS,obs14,SOSS_HDU3_ordem_1,jw05959014001_04102_00001-seg006_nis_x1dints.fits,seg006,3,423,60694.1118974262,TDB-MID,2039.1385729416502,0.1444246927267205,2038,0.8522004674063691,2.828497546304791,2693,0.9990987940027122,1.0007241467424404
TOI-2076_d,NIRISS_SOSS,obs14,SOSS_HDU3_ordem_1,jw05959014001_04102_00001-seg006_nis_x1dints.fits,seg006,3,424,60694.11197450505,TDB-MID,2032.6162964774428,0.14441290866631273,2038,0.8522004674063691,2.828497546304791,2694,0.9959031315617132,0.9975232855375805
TOI-2076_d,NIRISS_SOSS,obs14,SOSS_HDU3_ordem_1,jw05959014001_04102_00001-seg006_nis_x1dints.fits,seg006,3,425,60694.1120515839,TDB-MID,2037.3355350038323,0.14442237306758957,2038,0.8522004674063691,2.828497546304791,2695,0.9982153753605861,0.999839290938225
TOI-2076_d,NIRISS_SOSS,obs14,SOSS_HDU3_ordem_1,jw05959014001_04102_00001-seg006_nis_x1dints.fits,seg006,3,426,60694.11212866275,TDB-MID,2040.167338348702,0.14442640700941398,2038,0.8522004674063691,2.828497546304791,2696,0.9996028491420421,1.0012290218881668
TOI-2076_d,NIRISS_SOSS,obs14,SOSS_HDU3_ordem_1,jw05959014001_04102_00001-seg006_nis_x1dints.fits,seg006,3,427,60694.11220574161,TDB-MID,2042.5400382455773,0.14444038354174948,2038,0.8522004674063691,2.828497546304791,2697,1.0007653800445293,1.0023934440178266
TOI-2076_d,NIRISS_SOSS,obs14,SOSS_HDU3_ordem_1,jw05959014001_04102_00001-seg006_nis_x1dints.fits,seg006,3,428,60694.11228282047,TDB-MID,2039.1950159085939,0.14442433937610796,2038,0.8522004674063691,2.828497546304791,2698,0.9991264488668551,1.0007518465960372
TOI-2076_d,NIRISS_SOSS,obs14,SOSS_HDU3_ordem_1,jw05959014001_04102_00001-seg006_nis_x1dints.fits,seg006,3,429,60694.112359899314,TDB-MID,2042.5808456346522,0.14443100335857645,2038,0.8522004674063691,2.828497546304791,2699,1.0007853740820862,1.0024134705820604
TOI-2076_d,NIRISS_SOSS,obs14,SOSS_HDU3_ordem_1,jw05959014001_04102_00001-seg006_nis_x1dints.fits,seg006,3,430,60694.11243697816,TDB-MID,2038.862708474059,0.14442377535210305,2038,0.8522004674063691,2.828497546304791,2700,0.9989636311155323,1.0005887639697295
TOI-2076_d,NIRISS_SOSS,obs14,SOSS_HDU3_ordem_1,jw05959014001_04102_00001-seg006_nis_x1dints.fits,seg006,3,431,60694.11251405702,TDB-MID,2043.4614579163863,0.1444317417064838,2038,0.8522004674063691,2.828497546304791,2701,1.0012168399374917,1.0028456383542477
TOI-2076_d,NIRISS_SOSS,obs14,SOSS_HDU3_ordem_1,jw05959014001_04102_00001-seg006_nis_x1dints.fits,seg006,3,432,60694.112591135876,TDB-MID,2039.9860534097347,0.1444950856784184,2038,0.8522004674063691,2.828497546304791,2702,0.9995140265547514,1.0011400548026177
TOI-2076_d,NIRISS_SOSS,obs14,SOSS_HDU3_ordem_1,jw05959014001_04102_00001-seg006_nis_x1dints.fits,seg006,3,433,60694.11266821472,TDB-MID,2036.881795939788,0.14441849213139168,2038,0.8522004674063691,2.828497546304791,2703,0.997993060821646,0.9996166147338047
TOI-2076_d,NIRISS_SOSS,obs14,SOSS_HDU3_ordem_1,jw05959014001_04102_00001-seg006_nis_x1dints.fits,seg006,3,434,60694.112745293576,TDB-MID,2037.8510252116496,0.14441959295458132,2038,0.8522004674063691,2.828497546304791,2704,0.9984679455643891,1.0000922720279937
TOI-2076_d,NIRISS_SOSS,obs14,SOSS_HDU3_ordem_1,jw05959014001_04102_00001-seg006_nis_x1dints.fits,seg006,3,435,60694.11282237243,TDB-MID,2036.6078280088736,0.14442016777582534,2038,0.8522004674063691,2.828497546304791,2705,0.9978588271638632,0.9994821627021787
TOI-2076_d,NIRISS_SOSS,obs14,SOSS_HDU3_ordem_1,jw05959014001_04102_00001-seg006_nis_x1dints.fits,seg006,3,436,60694.11289945129,TDB-MID,2039.3945100386645,0.14442253117562795,2038,0.8522004674063691,2.828497546304791,2706,0.9992241932513757,1.0008497499929638
TOI-2076_d,NIRISS_SOSS,obs14,SOSS_HDU3_ordem_1,jw05959014001_04102_00001-seg006_nis_x1dints.fits,seg006,3,437,60694.11297653014,TDB-MID,2041.023599104151,0.14442744695357002,2038,0.8522004674063691,2.828497546304791,2707,1.0000223836942657,1.0016492389471032
TOI-2076_d,NIRISS_SOSS,obs14,SOSS_HDU3_ordem_1,jw05959014001_04102_00001-seg006_nis_x1dints.fits,seg006,3,438,60694.113053608984,TDB-MID,2032.3879155346785,0.14441185483069344,2038,0.8522004674063691,2.828497546304791,2708,0.9957912337596134,0.9974112056980283
TOI-2076_d,NIRISS_SOSS,obs14,SOSS_HDU3_ordem_1,jw05959014001_04102_00001-seg006_nis_x1dints.fits,seg006,3,439,60694.113130687845,TDB-MID,2044.5120739290776,0.14443481413726372,2038,0.8522004674063691,2.828497546304791,2709,1.0017316010259083,1.0033612368657003
TOI-2076_d,NIRISS_SOSS,obs14,SOSS_HDU3_ordem_1,jw05959014001_04102_00001-seg006_nis_x1dints.fits,seg006,3,440,60694.11320776669,TDB-MID,2037.1118703428797,0.14442063384433018,2038,0.8522004674063691,2.828497546304791,2710,0.9981057883536097,0.9997295256530411
TOI-2076_d,NIRISS_SOSS,obs14,SOSS_HDU3_ordem_1,jw05959014001_04102_00001-seg006_nis_x1dints.fits,seg006,3,441,60694.113284845545,TDB-MID,2035.0840354755007,0.1444176877501203,2038,0.8522004674063691,2.828497546304791,2711,0.9971122279368145,0.9987343488934426
TOI-2076_d,NIRISS_SOSS,obs14,SOSS_HDU3_ordem_1,jw05959014001_04102_00001-seg006_nis_x1dints.fits,seg006,3,442,60694.1133619244,TDB-MID,2037.4148007352571,0.1444203927152574,2038,0.8522004674063691,2.828497546304791,2712,0.9982542124939341,0.9998781912525531
TOI-2076_d,NIRISS_SOSS,obs14,SOSS_HDU3_ordem_1,jw05959014001_04102_00001-seg006_nis_x1dints.fits,seg006,3,443,60694.11343900325,TDB-MID,2036.8922897761556,0.14442116188266643,2038,0.8522004674063691,2.828497546304791,2713,0.9979982023943662,0.9996217646709323
TOI-2076_d,NIRISS_SOSS,obs14,SOSS_HDU3_ordem_1,jw05959014001_04102_00001-seg006_nis_x1dints.fits,seg006,3,444,60694.11351608211,TDB-MID,2041.317517140198,0.14443734288284046,2038,0.8522004674063691,2.828497546304791,2714,1.0001663921296153,1.0017934816580885
TOI-2076_d,NIRISS_SOSS,obs14,SOSS_HDU3_ordem_1,jw05959014001_04102_00001-seg006_nis_x1dints.fits,seg006,3,445,60694.11359316096,TDB-MID,2038.8957753392451,0.14442470251543216,2038,0.8522004674063691,2.828497546304791,2715,0.9989798325966711,1.0006049918077429
TOI-2076_d,NIRISS_SOSS,obs14,SOSS_HDU3_ordem_1,jw05959014001_04102_00001-seg006_nis_x1dints.fits,seg006,3,446,60694.11367023981,TDB-MID,2037.7455322167243,0.14442225040047874,2038,0.8522004674063691,2.828497546304791,2716,0.9984162580893915,1.000040500466838
TOI-2076_d,NIRISS_SOSS,obs14,SOSS_HDU3_ordem_1,jw05959014001_04102_00001-seg006_nis_x1dints.fits,seg006,3,447,60694.11374731867,TDB-MID,2030.1900238842145,0.14440574688876562,2038,0.8522004674063691,2.828497546304791,2717,0.9947143521163225,0.9963325721633932
TOI-2076_d,NIRISS_SOSS,obs14,SOSS_HDU3_ordem_1,jw05959014001_04102_00001-seg006_nis_x1dints.fits,seg006,3,448,60694.113824397515,TDB-MID,2032.3940248026706,0.14441335458022092,2038,0.8522004674063691,2.828497546304791,2718,0.9957942270639254,0.9974142038719042
TOI-2076_d,NIRISS_SOSS,obs14,SOSS_HDU3_ordem_1,jw05959014001_04102_00001-seg006_nis_x1dints.fits,seg006,3,449,60694.11390147636,TDB-MID,2038.354491794,0.14442440319457062,2038,0.8522004674063691,2.828497546304791,2719,0.9987146246581603,1.0003393524239617
TOI-2076_d,NIRISS_SOSS,obs14,SOSS_HDU3_ordem_1,jw05959014001_04102_00001-seg007_nis_x1dints.fits,seg007,3,0,60694.11397855522,TDB-MID,2037.199120356253,0.1444992985921264,2038,0.8522004674063691,2.828497546304791,2720,0.9981485374753686,0.9971138472047422
TOI-2076_d,NIRISS_SOSS,obs14,SOSS_HDU3_ordem_1,jw05959014001_04102_00001-seg007_nis_x1dints.fits,seg007,3,1,60694.114055634076,TDB-MID,2048.0421634008258,0.14452128099284708,2038,0.8522004674063691,2.828497546304791,2721,1.0034612079200869,1.002421010484731
TOI-2076_d,NIRISS_SOSS,obs14,SOSS_HDU3_ordem_1,jw05959014001_04102_00001-seg007_nis_x1dints.fits,seg007,3,2,60694.11413271292,TDB-MID,2039.6413235859218,0.1445039454313224,2038,0.8522004674063691,2.828497546304791,2722,0.9993451223145989,0.9983091916527435
TOI-2076_d,NIRISS_SOSS,obs14,SOSS_HDU3_ordem_1,jw05959014001_04102_00001-seg007_nis_x1dints.fits,seg007,3,3,60694.11420979178,TDB-MID,2040.349456048005,0.14450693253486419,2038,0.8522004674063691,2.828497546304791,2723,0.9996920797495912,0.9986557894283575
TOI-2076_d,NIRISS_SOSS,obs14,SOSS_HDU3_ordem_1,jw05959014001_04102_00001-seg007_nis_x1dints.fits,seg007,3,4,60694.11428687063,TDB-MID,2046.1250651357436,0.14452091856080915,2038,0.8522004674063691,2.828497546304791,2724,1.00252190414248,1.0014826803983568
TOI-2076_d,NIRISS_SOSS,obs14,SOSS_HDU3_ordem_1,jw05959014001_04102_00001-seg007_nis_x1dints.fits,seg007,3,5,60694.11436394949,TDB-MID,2042.2602719029182,0.14451063926619914,2038,0.8522004674063691,2.828497546304791,2725,1.0006283053899363,0.9995910445682964
TOI-2076_d,NIRISS_SOSS,obs14,SOSS_HDU3_ordem_1,jw05959014001_04102_00001-seg007_nis_x1dints.fits,seg007,3,6,60694.11444102834,TDB-MID,2046.4243039446344,0.1445205851600145,2038,0.8522004674063691,2.828497546304791,2726,1.0026685195501077,1.0016291438230582
TOI-2076_d,NIRISS_SOSS,obs14,SOSS_HDU3_ordem_1,jw05959014001_04102_00001-seg007_nis_x1dints.fits,seg007,3,7,60694.114518107184,TDB-MID,2044.8604295254077,0.1445196260220697,2038,0.8522004674063691,2.828497546304791,2727,1.0019022817539354,1.0008637003162755
TOI-2076_d,NIRISS_SOSS,obs14,SOSS_HDU3_ordem_1,jw05959014001_04102_00001-seg007_nis_x1dints.fits,seg007,3,8,60694.114595186045,TDB-MID,2035.6612190689298,0.1444983584293763,2038,0.8522004674063691,2.828497546304791,2728,0.9973950255062222,0.996361116333272
TOI-2076_d,NIRISS_SOSS,obs14,SOSS_HDU3_ordem_1,jw05959014001_04102_00001-seg007_nis_x1dints.fits,seg007,3,9,60694.1146722649,TDB-MID,2039.8579671944076,0.14450596529776896,2038,0.8522004674063691,2.828497546304791,2729,0.9994512692782427,0.9984152285834347
TOI-2076_d,NIRISS_SOSS,obs14,SOSS_HDU3_ordem_1,jw05959014001_04102_00001-seg007_nis_x1dints.fits,seg007,3,10,60694.114749343746,TDB-MID,2041.7799551476874,0.14450957380034823,2038,0.8522004674063691,2.828497546304791,2730,1.000392968813375,0.9993559519438693
TOI-2076_d,NIRISS_SOSS,obs14,SOSS_HDU3_ordem_1,jw05959014001_04102_00001-seg007_nis_x1dints.fits,seg007,3,11,60694.1148264226,TDB-MID,2046.8462233518014,0.14452001863608405,2038,0.8522004674063691,2.828497546304791,2731,1.002875243691596,1.0018356536723345
TOI-2076_d,NIRISS_SOSS,obs14,SOSS_HDU3_ordem_1,jw05959014001_04102_00001-seg007_nis_x1dints.fits,seg007,3,12,60694.11490350145,TDB-MID,2034.8597300299502,0.14449602467965603,2038,0.8522004674063691,2.828497546304791,2732,0.9970023269702439,0.9959688248723324
TOI-2076_d,NIRISS_SOSS,obs14,SOSS_HDU3_ordem_1,jw05959014001_04102_00001-seg007_nis_x1dints.fits,seg007,3,13,60694.1149805803,TDB-MID,2033.7270887604457,0.14449210568823595,2038,0.8522004674063691,2.828497546304791,2733,0.9964473766880926,0.9954144498569235
TOI-2076_d,NIRISS_SOSS,obs14,SOSS_HDU3_ordem_1,jw05959014001_04102_00001-seg007_nis_x1dints.fits,seg007,3,14,60694.11505765916,TDB-MID,2043.4858303867065,0.1445149857631857,2038,0.8522004674063691,2.828497546304791,2734,1.0012287815024383,1.000190898221547
TOI-2076_d,NIRISS_SOSS,obs14,SOSS_HDU3_ordem_1,jw05959014001_04102_00001-seg007_nis_x1dints.fits,seg007,3,15,60694.11513473801,TDB-MID,2045.495711430852,0.14451544814640013,2038,0.8522004674063691,2.828497546304791,2735,1.002213545242353,1.0011746411459996
TOI-2076_d,NIRISS_SOSS,obs14,SOSS_HDU3_ordem_1,jw05959014001_04102_00001-seg007_nis_x1dints.fits,seg007,3,16,60694.11521181687,TDB-MID,2041.327525919194,0.14450716375313385,2038,0.8522004674063691,2.828497546304791,2736,1.0001712960430407,0.9991345089616379
TOI-2076_d,NIRISS_SOSS,obs14,SOSS_HDU3_ordem_1,jw05959014001_04102_00001-seg007_nis_x1dints.fits,seg007,3,17,60694.115288895715,TDB-MID,2040.4394616243635,0.14450530845782272,2038,0.8522004674063691,2.828497546304791,2737,0.999736178990313,0.9986998429553867
TOI-2076_d,NIRISS_SOSS,obs14,SOSS_HDU3_ordem_1,jw05959014001_04102_00001-seg007_nis_x1dints.fits,seg007,3,18,60694.11536597456,TDB-MID,2037.2329301348927,0.14450025183570467,2038,0.8522004674063691,2.828497546304791,2738,0.9981651029552789,0.9971303955127184
TOI-2076_d,NIRISS_SOSS,obs14,SOSS_HDU3_ordem_1,jw05959014001_04102_00001-seg007_nis_x1dints.fits,seg007,3,19,60694.11544305342,TDB-MID,2037.8118331997694,0.14450003990386978,2038,0.8522004674063691,2.828497546304791,2739,0.9984487429989903,0.9974137415324619
TOI-2076_d,NIRISS_SOSS,obs14,SOSS_HDU3_ordem_1,jw05959014001_04102_00001-seg007_nis_x1dints.fits,seg007,3,20,60694.115520132276,TDB-MID,2034.4789218649476,0.14449310066707338,2038,0.8522004674063691,2.828497546304791,2740,0.9968157457425387,0.995782437056503
TOI-2076_d,NIRISS_SOSS,obs14,SOSS_HDU3_ordem_1,jw05959014001_04102_00001-seg007_nis_x1dints.fits,seg007,3,21,60694.11559721112,TDB-MID,2040.8619158633305,0.14450734252935066,2038,0.8522004674063691,2.828497546304791,2741,0.9999431651786348,0.9989066145798565
TOI-2076_d,NIRISS_SOSS,obs14,SOSS_HDU3_ordem_1,jw05959014001_04102_00001-seg007_nis_x1dints.fits,seg007,3,22,60694.11567428998,TDB-MID,2032.109193643431,0.14448975420681737,2038,0.8522004674063691,2.828497546304791,2742,0.9956546708456934,0.9946225657409427
TOI-2076_d,NIRISS_SOSS,obs14,SOSS_HDU3_ordem_1,jw05959014001_04102_00001-seg007_nis_x1dints.fits,seg007,3,23,60694.11575136883,TDB-MID,2044.826932585736,0.144515762896577,2038,0.8522004674063691,2.828497546304791,2743,1.0018858695529829,1.0008473051283668
TOI-2076_d,NIRISS_SOSS,obs14,SOSS_HDU3_ordem_1,jw05959014001_04102_00001-seg007_nis_x1dints.fits,seg007,3,24,60694.115828447684,TDB-MID,2040.7085295134998,0.1445087776471459,2038,0.8522004674063691,2.828497546304791,2744,0.9998680118177177,0.9988315391236283
TOI-2076_d,NIRISS_SOSS,obs14,SOSS_HDU3_ordem_1,jw05959014001_04102_00001-seg007_nis_x1dints.fits,seg007,3,25,60694.11590552654,TDB-MID,2041.526517978702,0.14450893619904853,2038,0.8522004674063691,2.828497546304791,2745,1.000268794432463,0.999231906283302
TOI-2076_d,NIRISS_SOSS,obs14,SOSS_HDU3_ordem_1,jw05959014001_04102_00001-seg007_nis_x1dints.fits,seg007,3,26,60694.115982605384,TDB-MID,2033.291267738115,0.14449449503365158,2038,0.8522004674063691,2.828497546304791,2746,0.9962338412944761,0.9952011358161278
TOI-2076_d,NIRISS_SOSS,obs14,SOSS_HDU3_ordem_1,jw05959014001_04102_00001-seg007_nis_x1dints.fits,seg007,3,27,60694.116059684246,TDB-MID,2044.4260653551376,0.14451684703222892,2038,0.8522004674063691,2.828497546304791,2747,1.001689460161311,1.000651099336539
TOI-2076_d,NIRISS_SOSS,obs14,SOSS_HDU3_ordem_1,jw05959014001_04102_00001-seg007_nis_x1dints.fits,seg007,3,28,60694.1161367631,TDB-MID,2035.180051324317,0.14449358115621158,2038,0.8522004674063691,2.828497546304791,2748,0.997159271977877,0.9961256071892773
TOI-2076_d,NIRISS_SOSS,obs14,SOSS_HDU3_ordem_1,jw05959014001_04102_00001-seg007_nis_x1dints.fits,seg007,3,29,60694.116213841946,TDB-MID,2037.2416317145096,0.14450397306419935,2038,0.8522004674063691,2.828497546304791,2749,0.9981693663917205,0.9971346545296411
TOI-2076_d,NIRISS_SOSS,obs14,SOSS_HDU3_ordem_1,jw05959014001_04102_00001-seg007_nis_x1dints.fits,seg007,3,30,60694.1162909208,TDB-MID,2045.44943183601,0.14452142071696752,2038,0.8522004674063691,2.828497546304791,2750,1.0021908700362603,1.0011519894452412
TOI-2076_d,NIRISS_SOSS,obs14,SOSS_HDU3_ordem_1,jw05959014001_04102_00001-seg007_nis_x1dints.fits,seg007,3,31,60694.11636799965,TDB-MID,2043.159224210913,0.14451246196621878,2038,0.8522004674063691,2.828497546304791,2751,1.001068757146723,1.0000310397486014
TOI-2076_d,NIRISS_SOSS,obs14,SOSS_HDU3_ordem_1,jw05959014001_04102_00001-seg007_nis_x1dints.fits,seg007,3,32,60694.1164450785,TDB-MID,2045.801449349236,0.14453004728511348,2038,0.8522004674063691,2.828497546304791,2752,1.002363344961505,1.0013242855813376
TOI-2076_d,NIRISS_SOSS,obs14,SOSS_HDU3_ordem_1,jw05959014001_04102_00001-seg007_nis_x1dints.fits,seg007,3,33,60694.11652215736,TDB-MID,2037.3559717948947,0.14450402147356567,2038,0.8522004674063691,2.828497546304791,2753,0.9982253885953778,0.9971906186601491
TOI-2076_d,NIRISS_SOSS,obs14,SOSS_HDU3_ordem_1,jw05959014001_04102_00001-seg007_nis_x1dints.fits,seg007,3,34,60694.11659923621,TDB-MID,2038.8257673078865,0.1445003454702617,2038,0.8522004674063691,2.828497546304791,2754,0.9989455313772106,0.9979100149351227
TOI-2076_d,NIRISS_SOSS,obs14,SOSS_HDU3_ordem_1,jw05959014001_04102_00001-seg007_nis_x1dints.fits,seg007,3,35,60694.11667631506,TDB-MID,2032.486648796729,0.14449052074753366,2038,0.8522004674063691,2.828497546304791,2755,0.9958396092277408,0.9948073124141036
TOI-2076_d,NIRISS_SOSS,obs14,SOSS_HDU3_ordem_1,jw05959014001_04102_00001-seg007_nis_x1dints.fits,seg007,3,36,60694.116753393915,TDB-MID,2045.5544647403628,0.14451811188661864,2038,0.8522004674063691,2.828497546304791,2756,1.0022423320847262,1.001203398147658
TOI-2076_d,NIRISS_SOSS,obs14,SOSS_HDU3_ordem_1,jw05959014001_04102_00001-seg007_nis_x1dints.fits,seg007,3,37,60694.11683047276,TDB-MID,2035.1276271607592,0.14449513084147095,2038,0.8522004674063691,2.828497546304791,2757,0.9971335861714868,0.9960999480090386
TOI-2076_d,NIRISS_SOSS,obs14,SOSS_HDU3_ordem_1,jw05959014001_04102_00001-seg007_nis_x1dints.fits,seg007,3,38,60694.11690755162,TDB-MID,2037.602750410993,0.14450096670243248,2038,0.8522004674063691,2.828497546304791,2758,0.9983463005436883,0.9973114052699836
TOI-2076_d,NIRISS_SOSS,obs14,SOSS_HDU3_ordem_1,jw05959014001_04102_00001-seg007_nis_x1dints.fits,seg007,3,39,60694.11698463048,TDB-MID,2030.2783466285227,0.14448731605162357,2038,0.8522004674063691,2.828497546304791,2759,0.9947576268346239,0.9937264516142297
TOI-2076_d,NIRISS_SOSS,obs14,SOSS_HDU3_ordem_1,jw05959014001_04102_00001-seg007_nis_x1dints.fits,seg007,3,40,60694.11706170932,TDB-MID,2043.596242094345,0.1445151146974842,2038,0.8522004674063691,2.828497546304791,2760,1.0012828789558479,1.0002449395970217
TOI-2076_d,NIRISS_SOSS,obs14,SOSS_HDU3_ordem_1,jw05959014001_04102_00001-seg007_nis_x1dints.fits,seg007,3,41,60694.11713878818,TDB-MID,2049.8223339784918,0.14452461977448963,2038,0.8522004674063691,2.828497546304791,2761,1.0043334224428595,1.003292320861631
TOI-2076_d,NIRISS_SOSS,obs14,SOSS_HDU3_ordem_1,jw05959014001_04102_00001-seg007_nis_x1dints.fits,seg007,3,42,60694.11721586703,TDB-MID,2030.1862241375852,0.14448757320683814,2038,0.8522004674063691,2.828497546304791,2762,0.9947124903878823,0.9936813619563583
TOI-2076_d,NIRISS_SOSS,obs14,SOSS_HDU3_ordem_1,jw05959014001_04102_00001-seg007_nis_x1dints.fits,seg007,3,43,60694.117292945884,TDB-MID,2038.1209924728066,0.14450105232501112,2038,0.8522004674063691,2.828497546304791,2763,0.9986002190491936,0.9975650605611502
TOI-2076_d,NIRISS_SOSS,obs14,SOSS_HDU3_ordem_1,jw05959014001_04102_00001-seg007_nis_x1dints.fits,seg007,3,44,60694.11737002474,TDB-MID,2044.1519394532568,0.1445183138231125,2038,0.8522004674063691,2.828497546304791,2764,1.0015551491038832,1.000516927507231
TOI-2076_d,NIRISS_SOSS,obs14,SOSS_HDU3_ordem_1,jw05959014001_04102_00001-seg007_nis_x1dints.fits,seg007,3,45,60694.117447103585,TDB-MID,2042.0696669807967,0.1445114126016003,2038,0.8522004674063691,2.828497546304791,2765,1.0005349163724613,0.9994977523587654
TOI-2076_d,NIRISS_SOSS,obs14,SOSS_HDU3_ordem_1,jw05959014001_04102_00001-seg007_nis_x1dints.fits,seg007,3,46,60694.11752418244,TDB-MID,2039.6065329876405,0.14450490128098353,2038,0.8522004674063691,2.828497546304791,2766,0.9993280762711143,0.9982921632793497
TOI-2076_d,NIRISS_SOSS,obs14,SOSS_HDU3_ordem_1,jw05959014001_04102_00001-seg007_nis_x1dints.fits,seg007,3,47,60694.1176012613,TDB-MID,2047.328844329105,0.1445215887554081,2038,0.8522004674063691,2.828497546304791,2767,1.0031117092475828,1.002071874105876
TOI-2076_d,NIRISS_SOSS,obs14,SOSS_HDU3_ordem_1,jw05959014001_04102_00001-seg007_nis_x1dints.fits,seg007,3,48,60694.117678340146,TDB-MID,2045.8224854067116,0.14452120449242334,2038,0.8522004674063691,2.828497546304791,2768,1.002373651813591,1.0013345817492427
TOI-2076_d,NIRISS_SOSS,obs14,SOSS_HDU3_ordem_1,jw05959014001_04102_00001-seg007_nis_x1dints.fits,seg007,3,49,60694.11775541899,TDB-MID,2035.9928279344015,0.14449901522744568,2038,0.8522004674063691,2.828497546304791,2769,0.9975575009858044,0.9965234233892263
TOI-2076_d,NIRISS_SOSS,obs14,SOSS_HDU3_ordem_1,jw05959014001_04102_00001-seg007_nis_x1dints.fits,seg007,3,50,60694.117832497854,TDB-MID,2039.035079767909,0.1445050167830153,2038,0.8522004674063691,2.828497546304791,2770,0.9990480863625134,0.9980124636109519
TOI-2076_d,NIRISS_SOSS,obs14,SOSS_HDU3_ordem_1,jw05959014001_04102_00001-seg007_nis_x1dints.fits,seg007,3,51,60694.11790957671,TDB-MID,2031.4352595627693,0.14448751351240738,2038,0.8522004674063691,2.828497546304791,2771,0.9953244692908991,0.9942927064762217
TOI-2076_d,NIRISS_SOSS,obs14,SOSS_HDU3_ordem_1,jw05959014001_04102_00001-seg007_nis_x1dints.fits,seg007,3,52,60694.11798665556,TDB-MID,2038.7960679687376,0.1445048944264445,2038,0.8522004674063691,2.828497546304791,2772,0.9989309798531896,0.9978954784953499
TOI-2076_d,NIRISS_SOSS,obs14,SOSS_HDU3_ordem_1,jw05959014001_04102_00001-seg007_nis_x1dints.fits,seg007,3,53,60694.11806373441,TDB-MID,2043.642674336817,0.14451397271595598,2038,0.8522004674063691,2.828497546304791,2773,1.0013056289533577,1.0002676660116676
TOI-2076_d,NIRISS_SOSS,obs14,SOSS_HDU3_ordem_1,jw05959014001_04102_00001-seg007_nis_x1dints.fits,seg007,3,54,60694.11814081326,TDB-MID,2040.7144280444936,0.14450612876564126,2038,0.8522004674063691,2.828497546304791,2774,0.9998709018690759,0.9988344261791318
TOI-2076_d,NIRISS_SOSS,obs14,SOSS_HDU3_ordem_1,jw05959014001_04102_00001-seg007_nis_x1dints.fits,seg007,3,55,60694.118217892115,TDB-MID,2043.6000869698366,0.14451466479062786,2038,0.8522004674063691,2.828497546304791,2775,1.00128476279568,1.0002468214840474
TOI-2076_d,NIRISS_SOSS,obs14,SOSS_HDU3_ordem_1,jw05959014001_04102_00001-seg007_nis_x1dints.fits,seg007,3,56,60694.11829497097,TDB-MID,2037.1516150683372,0.14449974808736502,2038,0.8522004674063691,2.828497546304791,2776,0.9981252617272193,0.9970905955844548
TOI-2076_d,NIRISS_SOSS,obs14,SOSS_HDU3_ordem_1,jw05959014001_04102_00001-seg007_nis_x1dints.fits,seg007,3,57,60694.118372049816,TDB-MID,2039.7736574584342,0.14450797459735742,2038,0.8522004674063691,2.828497546304791,2777,0.999409960778344,0.99837396290432
TOI-2076_d,NIRISS_SOSS,obs14,SOSS_HDU3_ordem_1,jw05959014001_04102_00001-seg007_nis_x1dints.fits,seg007,3,58,60694.11844912868,TDB-MID,2044.1488704358649,0.1445145801901292,2038,0.8522004674063691,2.828497546304791,2778,1.0015536454044212,1.0005154253665183
TOI-2076_d,NIRISS_SOSS,obs14,SOSS_HDU3_ordem_1,jw05959014001_04102_00001-seg007_nis_x1dints.fits,seg007,3,59,60694.11852620752,TDB-MID,2034.773750880636,0.1444973644583415,2038,0.8522004674063691,2.828497546304791,2779,0.9969602005225718,0.9959267420933368
TOI-2076_d,NIRISS_SOSS,obs14,SOSS_HDU3_ordem_1,jw05959014001_04102_00001-seg007_nis_x1dints.fits,seg007,3,60,60694.11860328637,TDB-MID,2043.0688424897685,0.14451304818652116,2038,0.8522004674063691,2.828497546304791,2780,1.0010244736096483,0.9999868021162626
TOI-2076_d,NIRISS_SOSS,obs14,SOSS_HDU3_ordem_1,jw05959014001_04102_00001-seg007_nis_x1dints.fits,seg007,3,61,60694.11868036523,TDB-MID,2035.3405463290467,0.14449544991629118,2038,0.8522004674063691,2.828497546304791,2781,0.9972379083039201,0.9962041620001567
TOI-2076_d,NIRISS_SOSS,obs14,SOSS_HDU3_ordem_1,jw05959014001_04102_00001-seg007_nis_x1dints.fits,seg007,3,62,60694.118757444085,TDB-MID,2037.308502291081,0.14450152082953674,2038,0.8522004674063691,2.828497546304791,2782,0.9982021303800502,0.9971673845545088
TOI-2076_d,NIRISS_SOSS,obs14,SOSS_HDU3_ordem_1,jw05959014001_04102_00001-seg007_nis_x1dints.fits,seg007,3,63,60694.11883452293,TDB-MID,2048.0964089403487,0.14452996148331007,2038,0.8522004674063691,2.828497546304791,2783,1.003487786130041,1.00244756114346
TOI-2076_d,NIRISS_SOSS,obs14,SOSS_HDU3_ordem_1,jw05959014001_04102_00001-seg007_nis_x1dints.fits,seg007,3,64,60694.118911601785,TDB-MID,2034.1798828559245,0.14449696889149496,2038,0.8522004674063691,2.828497546304791,2784,0.9966692282290949,0.9956360714245077
TOI-2076_d,NIRISS_SOSS,obs14,SOSS_HDU3_ordem_1,jw05959014001_04102_00001-seg007_nis_x1dints.fits,seg007,3,65,60694.11898868064,TDB-MID,2038.5735777744558,0.144500663415322,2038,0.8522004674063691,2.828497546304791,2785,0.9988219682893194,0.997786579933904
TOI-2076_d,NIRISS_SOSS,obs14,SOSS_HDU3_ordem_1,jw05959014001_04102_00001-seg007_nis_x1dints.fits,seg007,3,66,60694.11906575949,TDB-MID,2036.6874056989707,0.14449783492864374,2038,0.8522004674063691,2.828497546304791,2786,0.9978978171448584,0.9968633867733119
TOI-2076_d,NIRISS_SOSS,obs14,SOSS_HDU3_ordem_1,jw05959014001_04102_00001-seg007_nis_x1dints.fits,seg007,3,67,60694.119142838346,TDB-MID,2046.7235094223063,0.14452087076559073,2038,0.8522004674063691,2.828497546304791,2787,1.0028151186267316,1.0017755909336843
TOI-2076_d,NIRISS_SOSS,obs14,SOSS_HDU3_ordem_1,jw05959014001_04102_00001-seg007_nis_x1dints.fits,seg007,3,68,60694.11921991719,TDB-MID,2041.9004658528165,0.14450997901001034,2038,0.8522004674063691,2.828497546304791,2788,1.0004520143837725,0.9994149363070668
TOI-2076_d,NIRISS_SOSS,obs14,SOSS_HDU3_ordem_1,jw05959014001_04102_00001-seg007_nis_x1dints.fits,seg007,3,69,60694.119296996054,TDB-MID,2033.493014033199,0.144494306439261,2038,0.8522004674063691,2.828497546304791,2789,0.9963326891524822,0.9952998812075038
TOI-2076_d,NIRISS_SOSS,obs14,SOSS_HDU3_ordem_1,jw05959014001_04102_00001-seg007_nis_x1dints.fits,seg007,3,70,60694.11937407491,TDB-MID,2045.1371074681526,0.1445171636647788,2038,0.8522004674063691,2.828497546304791,2790,1.0020378432123824,1.000999121250425
TOI-2076_d,NIRISS_SOSS,obs14,SOSS_HDU3_ordem_1,jw05959014001_04102_00001-seg007_nis_x1dints.fits,seg007,3,71,60694.119451153754,TDB-MID,2031.8902187796311,0.14448828009016942,2038,0.8522004674063691,2.828497546304791,2791,0.995547381657385,0.9945153877696276
TOI-2076_d,NIRISS_SOSS,obs14,SOSS_HDU3_ordem_1,jw05959014001_04102_00001-seg007_nis_x1dints.fits,seg007,3,72,60694.11952823261,TDB-MID,2035.079555147723,0.1445001382477361,2038,0.8522004674063691,2.828497546304791,2792,0.9971100327500142,0.9960764190032667
TOI-2076_d,NIRISS_SOSS,obs14,SOSS_HDU3_ordem_1,jw05959014001_04102_00001-seg007_nis_x1dints.fits,seg007,3,73,60694.11960531146,TDB-MID,2043.4403386662366,0.1445146730842953,2038,0.8522004674063691,2.828497546304791,2793,1.0012064923242228,1.0001686321485055
TOI-2076_d,NIRISS_SOSS,obs14,SOSS_HDU3_ordem_1,jw05959014001_04102_00001-seg007_nis_x1dints.fits,seg007,3,74,60694.11968239031,TDB-MID,2036.7987023948267,0.1445009627118768,2038,0.8522004674063691,2.828497546304791,2794,0.9979523482081621,0.9969178613091966
TOI-2076_d,NIRISS_SOSS,obs14,SOSS_HDU3_ordem_1,jw05959014001_04102_00001-seg007_nis_x1dints.fits,seg007,3,75,60694.11975946917,TDB-MID,2040.0516823895423,0.14450625946964424,2038,0.8522004674063691,2.828497546304791,2795,0.9995461822088336,0.9985100431263788
TOI-2076_d,NIRISS_SOSS,obs14,SOSS_HDU3_ordem_1,jw05959014001_04102_00001-seg007_nis_x1dints.fits,seg007,3,76,60694.119836548016,TDB-MID,2043.8322615929185,0.14451266232810184,2038,0.8522004674063691,2.828497546304791,2796,1.0013985193539625,1.0003604601211995
TOI-2076_d,NIRISS_SOSS,obs14,SOSS_HDU3_ordem_1,jw05959014001_04102_00001-seg007_nis_x1dints.fits,seg007,3,77,60694.11991362687,TDB-MID,2040.237985582895,0.1445057838988987,2038,0.8522004674063691,2.828497546304791,2797,0.9996374635460941,0.9986012298405366
TOI-2076_d,NIRISS_SOSS,obs14,SOSS_HDU3_ordem_1,jw05959014001_04102_00001-seg007_nis_x1dints.fits,seg007,3,78,60694.11999070572,TDB-MID,2038.9159701471192,0.14450737063231678,2038,0.8522004674063691,2.828497546304791,2798,0.9989897272690881,0.9979541650131182
TOI-2076_d,NIRISS_SOSS,obs14,SOSS_HDU3_ordem_1,jw05959014001_04102_00001-seg007_nis_x1dints.fits,seg007,3,79,60694.12006778457,TDB-MID,2044.244045387878,0.14451725397259774,2038,0.8522004674063691,2.828497546304791,2799,1.001600277438672,1.0005620090615588
TOI-2076_d,NIRISS_SOSS,obs14,SOSS_HDU3_ordem_1,jw05959014001_04102_00001-seg007_nis_x1dints.fits,seg007,3,80,60694.120144863424,TDB-MID,2041.5709837000666,0.1445084836431047,2038,0.8522004674063691,2.828497546304791,2800,1.0002905809109197,0.999253670177688
TOI-2076_d,NIRISS_SOSS,obs14,SOSS_HDU3_ordem_1,jw05959014001_04102_00001-seg007_nis_x1dints.fits,seg007,3,81,60694.120221942285,TDB-MID,2035.920605508604,0.1444995334495704,2038,0.8522004674063691,2.828497546304791,2801,0.9975221147989745,0.9964880738840544
TOI-2076_d,NIRISS_SOSS,obs14,SOSS_HDU3_ordem_1,jw05959014001_04102_00001-seg007_nis_x1dints.fits,seg007,3,82,60694.12029902113,TDB-MID,2039.0942903211105,0.14450598458256395,2038,0.8522004674063691,2.828497546304791,2802,0.9990770972365564,0.9980414444120468
TOI-2076_d,NIRISS_SOSS,obs14,SOSS_HDU3_ordem_1,jw05959014001_04102_00001-seg007_nis_x1dints.fits,seg007,3,83,60694.12037609998,TDB-MID,2039.920204980059,0.1445072716892544,2038,0.8522004674063691,2.828497546304791,2803,0.9994817633787471,0.9984456910734644
TOI-2076_d,NIRISS_SOSS,obs14,SOSS_HDU3_ordem_1,jw05959014001_04102_00001-seg007_nis_x1dints.fits,seg007,3,84,60694.12045317884,TDB-MID,2046.9879427438814,0.14452424658169585,2038,0.8522004674063691,2.828497546304791,2804,1.0029446806958255,1.0019050186975047
TOI-2076_d,NIRISS_SOSS,obs14,SOSS_HDU3_ordem_1,jw05959014001_04102_00001-seg007_nis_x1dints.fits,seg007,3,85,60694.12053025769,TDB-MID,2035.7309763787862,0.14449852516493492,2038,0.8522004674063691,2.828497546304791,2805,0.9974292038818732,0.9963952592792936
TOI-2076_d,NIRISS_SOSS,obs14,SOSS_HDU3_ordem_1,jw05959014001_04102_00001-seg007_nis_x1dints.fits,seg007,3,86,60694.12060733655,TDB-MID,2049.4501798120714,0.14452541139877909,2038,0.8522004674063691,2.828497546304791,2806,1.0041510813387347,1.0031101687740294
TOI-2076_d,NIRISS_SOSS,obs14,SOSS_HDU3_ordem_1,jw05959014001_04102_00001-seg007_nis_x1dints.fits,seg007,3,87,60694.12068441539,TDB-MID,2039.3678427424761,0.14450362505635744,2038,0.8522004674063691,2.828497546304791,2807,0.9992111273107795,0.99817533554942
TOI-2076_d,NIRISS_SOSS,obs14,SOSS_HDU3_ordem_1,jw05959014001_04102_00001-seg007_nis_x1dints.fits,seg007,3,88,60694.12076149425,TDB-MID,2041.866931300259,0.1445108701351821,2038,0.8522004674063691,2.828497546304791,2808,1.0004355837539654,0.9993985227094068
TOI-2076_d,NIRISS_SOSS,obs14,SOSS_HDU3_ordem_1,jw05959014001_04102_00001-seg007_nis_x1dints.fits,seg007,3,89,60694.12083857311,TDB-MID,2037.353475258807,0.1445050274450879,2038,0.8522004674063691,2.828497546304791,2809,0.998224165389546,0.9971893967223041
TOI-2076_d,NIRISS_SOSS,obs14,SOSS_HDU3_ordem_1,jw05959014001_04102_00001-seg007_nis_x1dints.fits,seg007,3,90,60694.120915651954,TDB-MID,2045.0680479438156,0.14451947631245643,2038,0.8522004674063691,2.828497546304791,2810,1.002004006724566,1.0009653198378337
TOI-2076_d,NIRISS_SOSS,obs14,SOSS_HDU3_ordem_1,jw05959014001_04102_00001-seg007_nis_x1dints.fits,seg007,3,91,60694.1209927308,TDB-MID,2041.9473894969403,0.14451330680603788,2038,0.8522004674063691,2.828497546304791,2811,1.000475005149028,0.9994379032398765
TOI-2076_d,NIRISS_SOSS,obs14,SOSS_HDU3_ordem_1,jw05959014001_04102_00001-seg007_nis_x1dints.fits,seg007,3,92,60694.12106980966,TDB-MID,2034.9562660334143,0.14449644531080008,2038,0.8522004674063691,2.828497546304791,2812,0.9970496258669048,0.9960160747385071
TOI-2076_d,NIRISS_SOSS,obs14,SOSS_HDU3_ordem_1,jw05959014001_04102_00001-seg007_nis_x1dints.fits,seg007,3,93,60694.12114688851,TDB-MID,2041.1471205473679,0.1445099210120057,2038,0.8522004674063691,2.828497546304791,2813,1.0000829044095272,0.9990462089557325
TOI-2076_d,NIRISS_SOSS,obs14,SOSS_HDU3_ordem_1,jw05959014001_04102_00001-seg007_nis_x1dints.fits,seg007,3,94,60694.12122396736,TDB-MID,2044.1486937590087,0.14451623309479994,2038,0.8522004674063691,2.828497546304791,2814,1.0015535588396156,1.0005153388914467
TOI-2076_d,NIRISS_SOSS,obs14,SOSS_HDU3_ordem_1,jw05959014001_04102_00001-seg007_nis_x1dints.fits,seg007,3,95,60694.121301046216,TDB-MID,2043.5497781662684,0.14451264819079462,2038,0.8522004674063691,2.828497546304791,2815,1.001260113433621,1.0002221976737518
TOI-2076_d,NIRISS_SOSS,obs14,SOSS_HDU3_ordem_1,jw05959014001_04102_00001-seg007_nis_x1dints.fits,seg007,3,96,60694.12137812507,TDB-MID,2043.686387133974,0.14451455360337223,2038,0.8522004674063691,2.828497546304791,2816,1.0013270465281618,1.0002890613848099
TOI-2076_d,NIRISS_SOSS,obs14,SOSS_HDU3_ordem_1,jw05959014001_04102_00001-seg007_nis_x1dints.fits,seg007,3,97,60694.12145520392,TDB-MID,2040.849751107679,0.14450670049482395,2038,0.8522004674063691,2.828497546304791,2817,0.9999372049202874,0.9989006604999696
TOI-2076_d,NIRISS_SOSS,obs14,SOSS_HDU3_ordem_1,jw05959014001_04102_00001-seg007_nis_x1dints.fits,seg007,3,98,60694.12153228278,TDB-MID,2038.485164192076,0.14450344545942423,2038,0.8522004674063691,2.828497546304791,2818,0.998778649063887,0.9977433056135928
TOI-2076_d,NIRISS_SOSS,obs14,SOSS_HDU3_ordem_1,jw05959014001_04102_00001-seg007_nis_x1dints.fits,seg007,3,99,60694.121609361624,TDB-MID,2038.2393282582514,0.14450148241284527,2038,0.8522004674063691,2.828497546304791,2819,0.99865819899332,0.9976229804027149
TOI-2076_d,NIRISS_SOSS,obs14,SOSS_HDU3_ordem_1,jw05959014001_04102_00001-seg007_nis_x1dints.fits,seg007,3,100,60694.12168644048,TDB-MID,2043.1581223341252,0.14451199711314597,2038,0.8522004674063691,2.828497546304791,2820,1.0010682172698435,1.0000305004313632
TOI-2076_d,NIRISS_SOSS,obs14,SOSS_HDU3_ordem_1,jw05959014001_04102_00001-seg007_nis_x1dints.fits,seg007,3,101,60694.12176351933,TDB-MID,2041.5726333688408,0.14450817281636785,2038,0.8522004674063691,2.828497546304791,2821,1.0002913891846217,0.9992544776135256
TOI-2076_d,NIRISS_SOSS,obs14,SOSS_HDU3_ordem_1,jw05959014001_04102_00001-seg007_nis_x1dints.fits,seg007,3,102,60694.12184059818,TDB-MID,2046.0550040952166,0.14451765804291314,2038,0.8522004674063691,2.828497546304791,2822,1.0024875769505834,1.001448388790354
TOI-2076_d,NIRISS_SOSS,obs14,SOSS_HDU3_ordem_1,jw05959014001_04102_00001-seg007_nis_x1dints.fits,seg007,3,103,60694.12191767703,TDB-MID,2046.7632756687897,0.14452283704986899,2038,0.8522004674063691,2.828497546304791,2823,1.002834602544809,1.0017950546545469
TOI-2076_d,NIRISS_SOSS,obs14,SOSS_HDU3_ordem_1,jw05959014001_04102_00001-seg007_nis_x1dints.fits,seg007,3,104,60694.12199475589,TDB-MID,2046.540677980155,0.14451908926041634,2038,0.8522004674063691,2.828497546304791,2824,1.002725538312876,1.0016861034796343
TOI-2076_d,NIRISS_SOSS,obs14,SOSS_HDU3_ordem_1,jw05959014001_04102_00001-seg007_nis_x1dints.fits,seg007,3,105,60694.12207183474,TDB-MID,2035.9210578046484,0.1445006236193596,2038,0.8522004674063691,2.828497546304791,2825,0.9975223364064898,0.9964882952618491
TOI-2076_d,NIRISS_SOSS,obs14,SOSS_HDU3_ordem_1,jw05959014001_04102_00001-seg007_nis_x1dints.fits,seg007,3,106,60694.12214891359,TDB-MID,2033.6920521791362,0.14449618919084775,2038,0.8522004674063691,2.828497546304791,2826,0.9964302101224669,0.9953973010863231
TOI-2076_d,NIRISS_SOSS,obs14,SOSS_HDU3_ordem_1,jw05959014001_04102_00001-seg007_nis_x1dints.fits,seg007,3,107,60694.12222599245,TDB-MID,2033.5956699594603,0.14449475437242995,2038,0.8522004674063691,2.828497546304791,2827,0.9963829865738963,0.9953501264901322
TOI-2076_d,NIRISS_SOSS,obs14,SOSS_HDU3_ordem_1,jw05959014001_04102_00001-seg007_nis_x1dints.fits,seg007,3,108,60694.1223030713,TDB-MID,2043.4637637788755,0.14451605614862797,2038,0.8522004674063691,2.828497546304791,2828,1.0012179697206574,1.000180097647362
TOI-2076_d,NIRISS_SOSS,obs14,SOSS_HDU3_ordem_1,jw05959014001_04102_00001-seg007_nis_x1dints.fits,seg007,3,109,60694.122380150155,TDB-MID,2043.133098797186,0.14451201931706334,2038,0.8522004674063691,2.828497546304791,2829,1.0010559567075112,1.0000182525784467
TOI-2076_d,NIRISS_SOSS,obs14,SOSS_HDU3_ordem_1,jw05959014001_04102_00001-seg007_nis_x1dints.fits,seg007,3,110,60694.122457229,TDB-MID,2042.1937209449943,0.1445119720613242,2038,0.8522004674063691,2.828497546304791,2830,1.0005956980023445,0.9995584709818327
TOI-2076_d,NIRISS_SOSS,obs14,SOSS_HDU3_ordem_1,jw05959014001_04102_00001-seg007_nis_x1dints.fits,seg007,3,111,60694.122534307855,TDB-MID,2054.4195183436295,0.14453394364799801,2038,0.8522004674063691,2.828497546304791,2831,1.006585864437712,1.0055424279536809
TOI-2076_d,NIRISS_SOSS,obs14,SOSS_HDU3_ordem_1,jw05959014001_04102_00001-seg007_nis_x1dints.fits,seg007,3,112,60694.122611386716,TDB-MID,2045.39573464142,0.14451694607508736,2038,0.8522004674063691,2.828497546304791,2832,1.0021645604940506,1.001125707175753
TOI-2076_d,NIRISS_SOSS,obs14,SOSS_HDU3_ordem_1,jw05959014001_04102_00001-seg007_nis_x1dints.fits,seg007,3,113,60694.12268846556,TDB-MID,2049.2488158784718,0.14452229202571415,2038,0.8522004674063691,2.828497546304791,2833,1.0040524208230224,1.0030116105307465
TOI-2076_d,NIRISS_SOSS,obs14,SOSS_HDU3_ordem_1,jw05959014001_04102_00001-seg007_nis_x1dints.fits,seg007,3,114,60694.12276554441,TDB-MID,2046.4867253812067,0.1445323923956427,2038,0.8522004674063691,2.828497546304791,2834,1.0026991036324389,1.0016596962016386
TOI-2076_d,NIRISS_SOSS,obs14,SOSS_HDU3_ordem_1,jw05959014001_04102_00001-seg007_nis_x1dints.fits,seg007,3,115,60694.12284262327,TDB-MID,2038.9195901192961,0.14450626818942505,2038,0.8522004674063691,2.828497546304791,2835,0.9989915009150209,0.9979559368204727
TOI-2076_d,NIRISS_SOSS,obs14,SOSS_HDU3_ordem_1,jw05959014001_04102_00001-seg007_nis_x1dints.fits,seg007,3,116,60694.12291970212,TDB-MID,2037.642156660389,0.14450374266088223,2038,0.8522004674063691,2.828497546304791,2836,0.9983656080771587,0.997330692789081
TOI-2076_d,NIRISS_SOSS,obs14,SOSS_HDU3_ordem_1,jw05959014001_04102_00001-seg007_nis_x1dints.fits,seg007,3,117,60694.12299678097,TDB-MID,2052.18417665762,0.1445311802583727,2038,0.8522004674063691,2.828497546304791,2837,1.0054906337298475,1.0044483325723887
TOI-2076_d,NIRISS_SOSS,obs14,SOSS_HDU3_ordem_1,jw05959014001_04102_00001-seg007_nis_x1dints.fits,seg007,3,118,60694.123073859824,TDB-MID,2040.010468952553,0.14450905744161874,2038,0.8522004674063691,2.828497546304791,2838,0.9995259892235511,0.9984898710733369
TOI-2076_d,NIRISS_SOSS,obs14,SOSS_HDU3_ordem_1,jw05959014001_04102_00001-seg007_nis_x1dints.fits,seg007,3,119,60694.12315093868,TDB-MID,2043.3449434547563,0.14451469233622627,2038,0.8522004674063691,2.828497546304791,2839,1.0011597523713778,1.0001219406467405
TOI-2076_d,NIRISS_SOSS,obs14,SOSS_HDU3_ordem_1,jw05959014001_04102_00001-seg007_nis_x1dints.fits,seg007,3,120,60694.123228017525,TDB-MID,2035.3860252272952,0.14449871498756933,2038,0.8522004674063691,2.828497546304791,2840,0.9972601911997446,0.9962264217973195
TOI-2076_d,NIRISS_SOSS,obs14,SOSS_HDU3_ordem_1,jw05959014001_04102_00001-seg007_nis_x1dints.fits,seg007,3,121,60694.12330509638,TDB-MID,2040.0198762071032,0.14450720473532186,2038,0.8522004674063691,2.828497546304791,2841,0.9995305984133337,0.9984944754851895
TOI-2076_d,NIRISS_SOSS,obs14,SOSS_HDU3_ordem_1,jw05959014001_04102_00001-seg007_nis_x1dints.fits,seg007,3,122,60694.12338217523,TDB-MID,2039.6070649682356,0.1445056905709083,2038,0.8522004674063691,2.828497546304791,2842,0.9993283369209681,0.9982924236590114
TOI-2076_d,NIRISS_SOSS,obs14,SOSS_HDU3_ordem_1,jw05959014001_04102_00001-seg007_nis_x1dints.fits,seg007,3,123,60694.123459254086,TDB-MID,2043.026430415367,0.1445131649202536,2038,0.8522004674063691,2.828497546304791,2843,1.0010036933385338,0.9999660433861748
TOI-2076_d,NIRISS_SOSS,obs14,SOSS_HDU3_ordem_1,jw05959014001_04102_00001-seg007_nis_x1dints.fits,seg007,3,124,60694.12353633294,TDB-MID,2039.5612471053018,0.14450512893654463,2038,0.8522004674063691,2.828497546304791,2844,0.9993058879455977,0.9982699979544624
TOI-2076_d,NIRISS_SOSS,obs14,SOSS_HDU3_ordem_1,jw05959014001_04102_00001-seg007_nis_x1dints.fits,seg007,3,125,60694.123613411786,TDB-MID,2036.0541088320056,0.14449958064314425,2038,0.8522004674063691,2.828497546304791,2845,0.9975875262482873,0.9965534175272365
TOI-2076_d,NIRISS_SOSS,obs14,SOSS_HDU3_ordem_1,jw05959014001_04102_00001-seg007_nis_x1dints.fits,seg007,3,126,60694.12369049064,TDB-MID,2046.6051754715281,0.14452023210423606,2038,0.8522004674063691,2.828497546304791,2846,1.0027571395815205,1.001717671990103
TOI-2076_d,NIRISS_SOSS,obs14,SOSS_HDU3_ordem_1,jw05959014001_04102_00001-seg007_nis_x1dints.fits,seg007,3,127,60694.1237675695,TDB-MID,2042.7953412933148,0.1445129163957454,2038,0.8522004674063691,2.828497546304791,2847,1.0008904686336446,0.9998529360510919
TOI-2076_d,NIRISS_SOSS,obs14,SOSS_HDU3_ordem_1,jw05959014001_04102_00001-seg007_nis_x1dints.fits,seg007,3,128,60694.12384464835,TDB-MID,2033.3634230295088,0.1444943501892291,2038,0.8522004674063691,2.828497546304791,2848,0.9962691945880526,0.9952364524621438
TOI-2076_d,NIRISS_SOSS,obs14,SOSS_HDU3_ordem_1,jw05959014001_04102_00001-seg007_nis_x1dints.fits,seg007,3,129,60694.123921727194,TDB-MID,2040.9872163860127,0.14451094435879133,2038,0.8522004674063691,2.828497546304791,2849,1.0000045575738161,0.998967943335097
TOI-2076_d,NIRISS_SOSS,obs14,SOSS_HDU3_ordem_1,jw05959014001_04102_00001-seg007_nis_x1dints.fits,seg007,3,130,60694.123998806055,TDB-MID,2046.4058697365786,0.14451960572265948,2038,0.8522004674063691,2.828497546304791,2850,1.0026594875033008,1.0016201211389568
TOI-2076_d,NIRISS_SOSS,obs14,SOSS_HDU3_ordem_1,jw05959014001_04102_00001-seg007_nis_x1dints.fits,seg007,3,131,60694.12407588491,TDB-MID,2047.5180161676608,0.14452240890597998,2038,0.8522004674063691,2.828497546304791,2851,1.003204396109706,1.002164464887916
TOI-2076_d,NIRISS_SOSS,obs14,SOSS_HDU3_ordem_1,jw05959014001_04102_00001-seg007_nis_x1dints.fits,seg007,3,132,60694.124152963755,TDB-MID,2044.8086081939423,0.14453096011371577,2038,0.8522004674063691,2.828497546304791,2852,1.001876891311884,1.000838336194198
TOI-2076_d,NIRISS_SOSS,obs14,SOSS_HDU3_ordem_1,jw05959014001_04102_00001-seg007_nis_x1dints.fits,seg007,3,133,60694.12423004261,TDB-MID,2044.082883804246,0.14451520275928453,2038,0.8522004674063691,2.828497546304791,2853,1.001521314514826,1.000483127991431
TOI-2076_d,NIRISS_SOSS,obs14,SOSS_HDU3_ordem_1,jw05959014001_04102_00001-seg007_nis_x1dints.fits,seg007,3,134,60694.12430712146,TDB-MID,2040.05340794759,0.14451181793918175,2038,0.8522004674063691,2.828497546304791,2854,0.9995470276653353,0.9985108877064723
TOI-2076_d,NIRISS_SOSS,obs14,SOSS_HDU3_ordem_1,jw05959014001_04102_00001-seg007_nis_x1dints.fits,seg007,3,135,60694.12438420031,TDB-MID,2048.200417202348,0.1445245435386725,2038,0.8522004674063691,2.828497546304791,2855,1.0035387461435041,1.002498468331288
TOI-2076_d,NIRISS_SOSS,obs14,SOSS_HDU3_ordem_1,jw05959014001_04102_00001-seg007_nis_x1dints.fits,seg007,3,136,60694.12446127917,TDB-MID,2042.6630578573422,0.14451408563533574,2038,0.8522004674063691,2.828497546304791,2856,1.0008256548818475,0.9997881894858465
TOI-2076_d,NIRISS_SOSS,obs14,SOSS_HDU3_ordem_1,jw05959014001_04102_00001-seg007_nis_x1dints.fits,seg007,3,137,60694.12453835802,TDB-MID,2043.4003412686016,0.14451662953561673,2038,0.8522004674063691,2.828497546304791,2857,1.0011868951510483,1.0001490552899475
TOI-2076_d,NIRISS_SOSS,obs14,SOSS_HDU3_ordem_1,jw05959014001_04102_00001-seg007_nis_x1dints.fits,seg007,3,138,60694.12461543688,TDB-MID,2041.010949114458,0.14451144809598532,2038,0.8522004674063691,2.828497546304791,2858,1.0000161856900625,0.9989795593975271
TOI-2076_d,NIRISS_SOSS,obs14,SOSS_HDU3_ordem_1,jw05959014001_04102_00001-seg007_nis_x1dints.fits,seg007,3,139,60694.124692515725,TDB-MID,2043.4576311464657,0.14451286927472273,2038,0.8522004674063691,2.828497546304791,2859,1.001214964968687,1.0001770960101461
TOI-2076_d,NIRISS_SOSS,obs14,SOSS_HDU3_ordem_1,jw05959014001_04102_00001-seg007_nis_x1dints.fits,seg007,3,140,60694.12476959457,TDB-MID,2050.146686073755,0.14454757358685638,2038,0.8522004674063691,2.828497546304791,2860,1.0044923423865602,1.0034510760674058
TOI-2076_d,NIRISS_SOSS,obs14,SOSS_HDU3_ordem_1,jw05959014001_04102_00001-seg007_nis_x1dints.fits,seg007,3,141,60694.12484667343,TDB-MID,2048.3858360981267,0.14452630616889603,2038,0.8522004674063691,2.828497546304791,2861,1.0036295942092588,1.0025892222230737
TOI-2076_d,NIRISS_SOSS,obs14,SOSS_HDU3_ordem_1,jw05959014001_04102_00001-seg007_nis_x1dints.fits,seg007,3,142,60694.124923752286,TDB-MID,2051.829101932586,0.14453230731037542,2038,0.8522004674063691,2.828497546304791,2862,1.005316660889419,1.004274540073862
TOI-2076_d,NIRISS_SOSS,obs14,SOSS_HDU3_ordem_1,jw05959014001_04102_00001-seg007_nis_x1dints.fits,seg007,3,143,60694.12500083113,TDB-MID,2043.146878720982,0.14451387794783932,2038,0.8522004674063691,2.828497546304791,2863,1.00106270833559,1.0000249972077238
TOI-2076_d,NIRISS_SOSS,obs14,SOSS_HDU3_ordem_1,jw05959014001_04102_00001-seg007_nis_x1dints.fits,seg007,3,144,60694.12507790999,TDB-MID,2043.901019031961,0.1445356808096485,2038,0.8522004674063691,2.828497546304791,2864,1.001432207831704,1.0003941136771441
TOI-2076_d,NIRISS_SOSS,obs14,SOSS_HDU3_ordem_1,jw05959014001_04102_00001-seg007_nis_x1dints.fits,seg007,3,145,60694.12515498884,TDB-MID,2037.8966109758674,0.14450324918889246,2038,0.8522004674063691,2.828497546304791,2865,0.9984902808203928,0.9974552362953635
TOI-2076_d,NIRISS_SOSS,obs14,SOSS_HDU3_ordem_1,jw05959014001_04102_00001-seg007_nis_x1dints.fits,seg007,3,146,60694.125232067694,TDB-MID,2042.737760011366,0.14451295932558086,2038,0.8522004674063691,2.828497546304791,2866,1.0008622560393092,0.9998247527022002
TOI-2076_d,NIRISS_SOSS,obs14,SOSS_HDU3_ordem_1,jw05959014001_04102_00001-seg007_nis_x1dints.fits,seg007,3,147,60694.12530914655,TDB-MID,2046.1835506898856,0.14451893092498383,2038,0.8522004674063691,2.828497546304791,2867,1.0025505597951094,1.0015113063462642
TOI-2076_d,NIRISS_SOSS,obs14,SOSS_HDU3_ordem_1,jw05959014001_04102_00001-seg007_nis_x1dints.fits,seg007,3,148,60694.125386225394,TDB-MID,2046.3396636761481,0.1445247020539788,2038,0.8522004674063691,2.828497546304791,2868,1.0026270491021005,1.001587716363712
TOI-2076_d,NIRISS_SOSS,obs14,SOSS_HDU3_ordem_1,jw05959014001_04102_00001-seg007_nis_x1dints.fits,seg007,3,149,60694.12546330425,TDB-MID,2042.3168484824048,0.14452992680511365,2038,0.8522004674063691,2.828497546304791,2869,1.000656025719042,0.9996187361622452
TOI-2076_d,NIRISS_SOSS,obs14,SOSS_HDU3_ordem_1,jw05959014001_04102_00001-seg007_nis_x1dints.fits,seg007,3,150,60694.12554038311,TDB-MID,2035.3982407082804,0.1445032268576925,2038,0.8522004674063691,2.828497546304791,2870,0.9972661763115376,0.9962324007048886
TOI-2076_d,NIRISS_SOSS,obs14,SOSS_HDU3_ordem_1,jw05959014001_04102_00001-seg007_nis_x1dints.fits,seg007,3,151,60694.125617461956,TDB-MID,2041.9190153363775,0.14451622366627706,2038,0.8522004674063691,2.828497546304791,2871,1.000461102911105,0.9994240154131455
TOI-2076_d,NIRISS_SOSS,obs14,SOSS_HDU3_ordem_1,jw05959014001_04102_00001-seg007_nis_x1dints.fits,seg007,3,152,60694.1256945408,TDB-MID,2036.388653713803,0.14450364630361254,2038,0.8522004674063691,2.828497546304791,2872,0.9977514402619688,0.9967171616260918
TOI-2076_d,NIRISS_SOSS,obs14,SOSS_HDU3_ordem_1,jw05959014001_04102_00001-seg007_nis_x1dints.fits,seg007,3,153,60694.12577161966,TDB-MID,2043.8925544128506,0.14451967507182428,2038,0.8522004674063691,2.828497546304791,2873,1.0014280604967178,1.000389970641325
TOI-2076_d,NIRISS_SOSS,obs14,SOSS_HDU3_ordem_1,jw05959014001_04102_00001-seg007_nis_x1dints.fits,seg007,3,154,60694.12584869851,TDB-MID,2037.1015859042905,0.1445044367548586,2038,0.8522004674063691,2.828497546304791,2874,0.9981007493776775,0.9970661086446477
TOI-2076_d,NIRISS_SOSS,obs14,SOSS_HDU3_ordem_1,jw05959014001_04102_00001-seg007_nis_x1dints.fits,seg007,3,155,60694.12592577736,TDB-MID,2037.5904040268576,0.1445026546755255,2038,0.8522004674063691,2.828497546304791,2875,0.99834025129443,0.9973053622914347
TOI-2076_d,NIRISS_SOSS,obs14,SOSS_HDU3_ordem_1,jw05959014001_04102_00001-seg007_nis_x1dints.fits,seg007,3,156,60694.12600285622,TDB-MID,2046.0077785245255,0.14452427888575162,2038,0.8522004674063691,2.828497546304791,2876,1.0024644382530228,1.0014252740785874
TOI-2076_d,NIRISS_SOSS,obs14,SOSS_HDU3_ordem_1,jw05959014001_04102_00001-seg007_nis_x1dints.fits,seg007,3,157,60694.12607993507,TDB-MID,2045.6018729299938,0.14451913193746152,2038,0.8522004674063691,2.828497546304791,2877,1.0022655602584827,1.0012266022428686
TOI-2076_d,NIRISS_SOSS,obs14,SOSS_HDU3_ordem_1,jw05959014001_04102_00001-seg007_nis_x1dints.fits,seg007,3,158,60694.12615701392,TDB-MID,2038.455234242032,0.14450287124251832,2038,0.8522004674063691,2.828497546304791,2878,0.9987639845494738,0.9977286563005547
TOI-2076_d,NIRISS_SOSS,obs14,SOSS_HDU3_ordem_1,jw05959014001_04102_00001-seg007_nis_x1dints.fits,seg007,3,159,60694.12623409278,TDB-MID,2045.720468343778,0.14452060710356238,2038,0.8522004674063691,2.828497546304791,2879,1.0023236674104234,1.0012846491603828
TOI-2076_d,NIRISS_SOSS,obs14,SOSS_HDU3_ordem_1,jw05959014001_04102_00001-seg007_nis_x1dints.fits,seg007,3,160,60694.126311171625,TDB-MID,2035.2398024621498,0.1444977862235869,2038,0.8522004674063691,2.828497546304791,2880,0.9971885477174178,0.996154852581308
TOI-2076_d,NIRISS_SOSS,obs14,SOSS_HDU3_ordem_1,jw05959014001_04102_00001-seg007_nis_x1dints.fits,seg007,3,161,60694.12638825048,TDB-MID,2042.8383708836388,0.14451522438374112,2038,0.8522004674063691,2.828497546304791,2881,1.000911551463605,0.9998739970263903
TOI-2076_d,NIRISS_SOSS,obs14,SOSS_HDU3_ordem_1,jw05959014001_04102_00001-seg007_nis_x1dints.fits,seg007,3,162,60694.12646532933,TDB-MID,2040.0504549313362,0.14450764456636186,2038,0.8522004674063691,2.828497546304791,2882,0.9995455808019309,0.9985094423429002
TOI-2076_d,NIRISS_SOSS,obs14,SOSS_HDU3_ordem_1,jw05959014001_04102_00001-seg007_nis_x1dints.fits,seg007,3,163,60694.12654240818,TDB-MID,2046.0346220322795,0.14451875711194875,2038,0.8522004674063691,2.828497546304791,2883,1.00247759053045,1.0014384127222387
TOI-2076_d,NIRISS_SOSS,obs14,SOSS_HDU3_ordem_1,jw05959014001_04102_00001-seg007_nis_x1dints.fits,seg007,3,164,60694.12661948703,TDB-MID,2040.969323039783,0.14452291111658414,2038,0.8522004674063691,2.828497546304791,2884,0.9999957905283215,0.9989591853776051
TOI-2076_d,NIRISS_SOSS,obs14,SOSS_HDU3_ordem_1,jw05959014001_04102_00001-seg007_nis_x1dints.fits,seg007,3,165,60694.126696565894,TDB-MID,2048.610931384567,0.14452403445441075,2038,0.8522004674063691,2.828497546304791,2885,1.003739882167224,1.0026993958554924
TOI-2076_d,NIRISS_SOSS,obs14,SOSS_HDU3_ordem_1,jw05959014001_04102_00001-seg007_nis_x1dints.fits,seg007,3,166,60694.12677364474,TDB-MID,2041.6610858779873,0.14451179852917442,2038,0.8522004674063691,2.828497546304791,2886,1.0003347274826595,0.9992977709866714
TOI-2076_d,NIRISS_SOSS,obs14,SOSS_HDU3_ordem_1,jw05959014001_04102_00001-seg007_nis_x1dints.fits,seg007,3,167,60694.12685072359,TDB-MID,2042.4113234203544,0.14451198524261868,2038,0.8522004674063691,2.828497546304791,2887,1.000702314773558,0.999664977233087
TOI-2076_d,NIRISS_SOSS,obs14,SOSS_HDU3_ordem_1,jw05959014001_04102_00001-seg007_nis_x1dints.fits,seg007,3,168,60694.12692780245,TDB-MID,2042.2437792701407,0.1445248135493919,2038,0.8522004674063691,2.828497546304791,2888,1.0006202246396938,0.9995829721946364
TOI-2076_d,NIRISS_SOSS,obs14,SOSS_HDU3_ordem_1,jw05959014001_04102_00001-seg007_nis_x1dints.fits,seg007,3,169,60694.1270048813,TDB-MID,2042.1807958930062,0.14451589074955293,2038,0.8522004674063691,2.828497546304791,2889,1.0005893652282873,0.9995521447723894
TOI-2076_d,NIRISS_SOSS,obs14,SOSS_HDU3_ordem_1,jw05959014001_04102_00001-seg007_nis_x1dints.fits,seg007,3,170,60694.12708196015,TDB-MID,2039.9828479752473,0.14450842465179622,2038,0.8522004674063691,2.828497546304791,2890,0.9995124560162048,0.9984763518946421
TOI-2076_d,NIRISS_SOSS,obs14,SOSS_HDU3_ordem_1,jw05959014001_04102_00001-seg007_nis_x1dints.fits,seg007,3,171,60694.127159039,TDB-MID,2034.0721573847263,0.14452249478737708,2038,0.8522004674063691,2.828497546304791,2891,0.9966164469273308,0.995583344836343
TOI-2076_d,NIRISS_SOSS,obs14,SOSS_HDU3_ordem_1,jw05959014001_04102_00001-seg007_nis_x1dints.fits,seg007,3,172,60694.127236117856,TDB-MID,2044.4930866737573,0.1445176970090108,2038,0.8522004674063691,2.828497546304791,2892,1.0017222980073968,1.000683903142601
TOI-2076_d,NIRISS_SOSS,obs14,SOSS_HDU3_ordem_1,jw05959014001_04102_00001-seg007_nis_x1dints.fits,seg007,3,173,60694.12731319671,TDB-MID,2042.343015810605,0.14451463490528973,2038,0.8522004674063691,2.828497546304791,2893,1.0006688466947198,0.9996315438475775
TOI-2076_d,NIRISS_SOSS,obs14,SOSS_HDU3_ordem_1,jw05959014001_04102_00001-seg007_nis_x1dints.fits,seg007,3,174,60694.127390275564,TDB-MID,2037.2851370886042,0.14450505872930253,2038,0.8522004674063691,2.828497546304791,2894,0.9981906823372708,0.9971559483788796
TOI-2076_d,NIRISS_SOSS,obs14,SOSS_HDU3_ordem_1,jw05959014001_04102_00001-seg007_nis_x1dints.fits,seg007,3,175,60694.12746735441,TDB-MID,2045.4967221381578,0.14452236826857853,2038,0.8522004674063691,2.828497546304791,2895,1.0022140404497235,1.0011751358400334
TOI-2076_d,NIRISS_SOSS,obs14,SOSS_HDU3_ordem_1,jw05959014001_04102_00001-seg007_nis_x1dints.fits,seg007,3,176,60694.127544433264,TDB-MID,2043.7937686671544,0.14451909335494273,2038,0.8522004674063691,2.828497546304791,2896,1.0013796593136401,1.0003416196313744
TOI-2076_d,NIRISS_SOSS,obs14,SOSS_HDU3_ordem_1,jw05959014001_04102_00001-seg007_nis_x1dints.fits,seg007,3,177,60694.12762151212,TDB-MID,2044.6021048363118,0.14451934371826827,2038,0.8522004674063691,2.828497546304791,2897,1.0017757126777767,1.0007372624428252
TOI-2076_d,NIRISS_SOSS,obs14,SOSS_HDU3_ordem_1,jw05959014001_04102_00001-seg007_nis_x1dints.fits,seg007,3,178,60694.12769859097,TDB-MID,2041.567231551315,0.14451280194195945,2038,0.8522004674063691,2.828497546304791,2898,1.0002887425035931,0.9992518336760718
TOI-2076_d,NIRISS_SOSS,obs14,SOSS_HDU3_ordem_1,jw05959014001_04102_00001-seg007_nis_x1dints.fits,seg007,3,179,60694.12777566982,TDB-MID,2047.498711807075,0.14452508450582893,2038,0.8522004674063691,2.828497546304791,2899,1.003194937721916,1.002155016304781
TOI-2076_d,NIRISS_SOSS,obs14,SOSS_HDU3_ordem_1,jw05959014001_04102_00001-seg007_nis_x1dints.fits,seg007,3,180,60694.12785274868,TDB-MID,2035.1919879591553,0.14450614973235812,2038,0.8522004674063691,2.828497546304791,2900,0.9971651204658757,0.9961314496146777
TOI-2076_d,NIRISS_SOSS,obs14,SOSS_HDU3_ordem_1,jw05959014001_04102_00001-seg007_nis_x1dints.fits,seg007,3,181,60694.127929827526,TDB-MID,2044.928326977219,0.14451670145035742,2038,0.8522004674063691,2.828497546304791,2901,1.001935548871296,1.0008969329486257
TOI-2076_d,NIRISS_SOSS,obs14,SOSS_HDU3_ordem_1,jw05959014001_04102_00001-seg007_nis_x1dints.fits,seg007,3,182,60694.12800690637,TDB-MID,2051.7293432028255,0.14453456053342018,2038,0.8522004674063691,2.828497546304791,2902,1.005267782981896,1.0042257128336427
TOI-2076_d,NIRISS_SOSS,obs14,SOSS_HDU3_ordem_1,jw05959014001_04102_00001-seg007_nis_x1dints.fits,seg007,3,183,60694.12808398523,TDB-MID,2045.8292974651388,0.1445694925046043,2038,0.8522004674063691,2.828497546304791,2903,1.0023769894579522,1.0013379159337699
TOI-2076_d,NIRISS_SOSS,obs14,SOSS_HDU3_ordem_1,jw05959014001_04102_00001-seg007_nis_x1dints.fits,seg007,3,184,60694.12816106409,TDB-MID,2035.9368091728813,0.14450190576524022,2038,0.8522004674063691,2.828497546304791,2904,0.9975300539658623,0.9964960048211262
TOI-2076_d,NIRISS_SOSS,obs14,SOSS_HDU3_ordem_1,jw05959014001_04102_00001-seg007_nis_x1dints.fits,seg007,3,185,60694.128238142934,TDB-MID,2048.3253131049405,0.14452652199285992,2038,0.8522004674063691,2.828497546304791,2905,1.0035999402905385,1.0025595990438876
TOI-2076_d,NIRISS_SOSS,obs14,SOSS_HDU3_ordem_1,jw05959014001_04102_00001-seg007_nis_x1dints.fits,seg007,3,186,60694.12831522179,TDB-MID,2043.5392958378052,0.14452061360146573,2038,0.8522004674063691,2.828497546304791,2906,1.0012549774993276,1.0002170670634165
TOI-2076_d,NIRISS_SOSS,obs14,SOSS_HDU3_ordem_1,jw05959014001_04102_00001-seg007_nis_x1dints.fits,seg007,3,187,60694.12839230064,TDB-MID,2045.8426083336403,0.1445215633841682,2038,0.8522004674063691,2.828497546304791,2907,1.0023835112671335,1.0013444309823816
TOI-2076_d,NIRISS_SOSS,obs14,SOSS_HDU3_ordem_1,jw05959014001_04102_00001-seg007_nis_x1dints.fits,seg007,3,188,60694.128469379495,TDB-MID,2035.9110200105183,0.1445005208229287,2038,0.8522004674063691,2.828497546304791,2908,0.9975174182767742,0.9964833822303136
TOI-2076_d,NIRISS_SOSS,obs14,SOSS_HDU3_ordem_1,jw05959014001_04102_00001-seg007_nis_x1dints.fits,seg007,3,189,60694.12854645835,TDB-MID,2045.5700907733574,0.14452163149630692,2038,0.8522004674063691,2.828497546304791,2909,1.002249988234694,1.001211046361188
TOI-2076_d,NIRISS_SOSS,obs14,SOSS_HDU3_ordem_1,jw05959014001_04102_00001-seg007_nis_x1dints.fits,seg007,3,190,60694.128623537195,TDB-MID,2046.8353337077988,0.1445245095124067,2038,0.8522004674063691,2.828497546304791,2910,1.0028699081884898,1.0018303237000614
TOI-2076_d,NIRISS_SOSS,obs14,SOSS_HDU3_ordem_1,jw05959014001_04102_00001-seg007_nis_x1dints.fits,seg007,3,191,60694.12870061605,TDB-MID,2046.5366162407618,0.14452238124528588,2038,0.8522004674063691,2.828497546304791,2911,1.0027235482181451,1.0016841154478546
TOI-2076_d,NIRISS_SOSS,obs14,SOSS_HDU3_ordem_1,jw05959014001_04102_00001-seg007_nis_x1dints.fits,seg007,3,192,60694.12877769491,TDB-MID,2047.1418786114039,0.14452303808672873,2038,0.8522004674063691,2.828497546304791,2912,1.0030201032990935,1.0019803631169846
TOI-2076_d,NIRISS_SOSS,obs14,SOSS_HDU3_ordem_1,jw05959014001_04102_00001-seg007_nis_x1dints.fits,seg007,3,193,60694.12885477376,TDB-MID,2046.3226864913863,0.14454073621556957,2038,0.8522004674063691,2.828497546304791,2913,1.0026187309401835,1.0015794068244805
TOI-2076_d,NIRISS_SOSS,obs14,SOSS_HDU3_ordem_1,jw05959014001_04102_00001-seg007_nis_x1dints.fits,seg007,3,194,60694.1289318526,TDB-MID,2042.3052321661899,0.14451317882970396,2038,0.8522004674063691,2.828497546304791,2914,1.0006503341747424,0.9996130505178544
TOI-2076_d,NIRISS_SOSS,obs14,SOSS_HDU3_ordem_1,jw05959014001_04102_00001-seg007_nis_x1dints.fits,seg007,3,195,60694.129008931464,TDB-MID,2042.2397167301285,0.14451255579310102,2038,0.8522004674063691,2.828497546304791,2915,1.0006182341526908,0.9995809837709911
TOI-2076_d,NIRISS_SOSS,obs14,SOSS_HDU3_ordem_1,jw05959014001_04102_00001-seg007_nis_x1dints.fits,seg007,3,196,60694.12908601031,TDB-MID,2040.0858078755364,0.14450558694893736,2038,0.8522004674063691,2.828497546304791,2916,0.9995629023731,0.9985267459583639
TOI-2076_d,NIRISS_SOSS,obs14,SOSS_HDU3_ordem_1,jw05959014001_04102_00001-seg007_nis_x1dints.fits,seg007,3,197,60694.129163089165,TDB-MID,2046.7830111727533,0.1445209729577295,2038,0.8522004674063691,2.828497546304791,2917,1.002844272176128,1.0018047142622342
TOI-2076_d,NIRISS_SOSS,obs14,SOSS_HDU3_ordem_1,jw05959014001_04102_00001-seg007_nis_x1dints.fits,seg007,3,198,60694.12924016802,TDB-MID,2041.444216410448,0.14451180919358134,2038,0.8522004674063691,2.828497546304791,2918,1.0002284698568416,0.9991916235085194
TOI-2076_d,NIRISS_SOSS,obs14,SOSS_HDU3_ordem_1,jw05959014001_04102_00001-seg007_nis_x1dints.fits,seg007,3,199,60694.12931724687,TDB-MID,2042.011416738104,0.14468355037716685,2038,0.8522004674063691,2.828497546304791,2919,1.000506376013313,0.999469241584825
TOI-2076_d,NIRISS_SOSS,obs14,SOSS_HDU3_ordem_1,jw05959014001_04102_00001-seg007_nis_x1dints.fits,seg007,3,200,60694.12939432572,TDB-MID,2043.5880016104256,0.144514824325046,2038,0.8522004674063691,2.828497546304791,2920,1.0012788414384104,1.0002409062649131
TOI-2076_d,NIRISS_SOSS,obs14,SOSS_HDU3_ordem_1,jw05959014001_04102_00001-seg007_nis_x1dints.fits,seg007,3,201,60694.12947140458,TDB-MID,2048.8783320472107,0.14452708171148837,2038,0.8522004674063691,2.828497546304791,2921,1.0038708981183264,1.0028302759942131
TOI-2076_d,NIRISS_SOSS,obs14,SOSS_HDU3_ordem_1,jw05959014001_04102_00001-seg007_nis_x1dints.fits,seg007,3,202,60694.129548483426,TDB-MID,2044.6655251152765,0.14452108949849987,2038,0.8522004674063691,2.828497546304791,2922,1.0018067861541307,1.000768303708118
TOI-2076_d,NIRISS_SOSS,obs14,SOSS_HDU3_ordem_1,jw05959014001_04102_00001-seg007_nis_x1dints.fits,seg007,3,203,60694.12962556228,TDB-MID,2047.8069097779096,0.14452553281321684,2038,0.8522004674063691,2.828497546304791,2923,1.003345942771333,1.0023058648209269
TOI-2076_d,NIRISS_SOSS,obs14,SOSS_HDU3_ordem_1,jw05959014001_04102_00001-seg007_nis_x1dints.fits,seg007,3,204,60694.129702641134,TDB-MID,2038.1101189940841,0.14450722038052674,2038,0.8522004674063691,2.828497546304791,2924,0.9985948914664474,0.9975597385010271
TOI-2076_d,NIRISS_SOSS,obs14,SOSS_HDU3_ordem_1,jw05959014001_04102_00001-seg007_nis_x1dints.fits,seg007,3,205,60694.12977971998,TDB-MID,2046.374447687122,0.14452336429705076,2038,0.8522004674063691,2.828497546304791,2925,1.0026440919180601,1.0016047415129263
TOI-2076_d,NIRISS_SOSS,obs14,SOSS_HDU3_ordem_1,jw05959014001_04102_00001-seg007_nis_x1dints.fits,seg007,3,206,60694.129856798834,TDB-MID,2038.3191243290676,0.14450894522081012,2038,0.8522004674063691,2.828497546304791,2926,0.9986972959723956,0.9976620368534901
TOI-2076_d,NIRISS_SOSS,obs14,SOSS_HDU3_ordem_1,jw05959014001_04102_00001-seg007_nis_x1dints.fits,seg007,3,207,60694.129933877695,TDB-MID,2042.5559966690676,0.14451670385925927,2038,0.8522004674063691,2.828497546304791,2927,1.0007731990529454,0.9997357880331558
TOI-2076_d,NIRISS_SOSS,obs14,SOSS_HDU3_ordem_1,jw05959014001_04102_00001-seg007_nis_x1dints.fits,seg007,3,208,60694.13001095654,TDB-MID,2043.811673711451,0.14451829557985027,2038,0.8522004674063691,2.828497546304791,2928,1.0013884320907338,1.0003503833145238
TOI-2076_d,NIRISS_SOSS,obs14,SOSS_HDU3_ordem_1,jw05959014001_04102_00001-seg007_nis_x1dints.fits,seg007,3,209,60694.13008803539,TDB-MID,2040.2017464530516,0.14451033083256923,2038,0.8522004674063691,2.828497546304791,2929,0.9996197077783388,0.998583492478579
TOI-2076_d,NIRISS_SOSS,obs14,SOSS_HDU3_ordem_1,jw05959014001_04102_00001-seg007_nis_x1dints.fits,seg007,3,210,60694.13016511425,TDB-MID,2055.9002640060753,0.14454235786614292,2038,0.8522004674063691,2.828497546304791,2930,1.0073113723679747,1.0062671838155208
TOI-2076_d,NIRISS_SOSS,obs14,SOSS_HDU3_ordem_1,jw05959014001_04102_00001-seg007_nis_x1dints.fits,seg007,3,211,60694.1302421931,TDB-MID,2050.196402544442,0.14453264189505974,2038,0.8522004674063691,2.828497546304791,2931,1.0045167015284864,1.0034754099584138
TOI-2076_d,NIRISS_SOSS,obs14,SOSS_HDU3_ordem_1,jw05959014001_04102_00001-seg007_nis_x1dints.fits,seg007,3,212,60694.13031927195,TDB-MID,2045.8428866816103,0.14452644170781334,2038,0.8522004674063691,2.828497546304791,2932,1.0023836476468404,1.0013445672207162
TOI-2076_d,NIRISS_SOSS,obs14,SOSS_HDU3_ordem_1,jw05959014001_04102_00001-seg007_nis_x1dints.fits,seg007,3,213,60694.1303963508,TDB-MID,2040.2816227460862,0.1445139989955206,2038,0.8522004674063691,2.828497546304791,2933,0.9996588440631893,0.9986225881943843
TOI-2076_d,NIRISS_SOSS,obs14,SOSS_HDU3_ordem_1,jw05959014001_04102_00001-seg007_nis_x1dints.fits,seg007,3,214,60694.13047342966,TDB-MID,2045.700010492062,0.14452175257176625,2038,0.8522004674063691,2.828497546304791,2934,1.0023136438567284,1.001274635997199
TOI-2076_d,NIRISS_SOSS,obs14,SOSS_HDU3_ordem_1,jw05959014001_04102_00001-seg007_nis_x1dints.fits,seg007,3,215,60694.13055050851,TDB-MID,2043.8363077118725,0.14452551732257973,2038,0.8522004674063691,2.828497546304791,2935,1.001400501795284,1.0003624405075033
TOI-2076_d,NIRISS_SOSS,obs14,SOSS_HDU3_ordem_1,jw05959014001_04102_00001-seg007_nis_x1dints.fits,seg007,3,216,60694.13062758736,TDB-MID,2047.5583451000894,0.14452563016321862,2038,0.8522004674063691,2.828497546304791,2936,1.0032241557220674,1.0021842040172755
TOI-2076_d,NIRISS_SOSS,obs14,SOSS_HDU3_ordem_1,jw05959014001_04102_00001-seg007_nis_x1dints.fits,seg007,3,217,60694.13070466621,TDB-MID,2043.0103265268126,0.14451399244976418,2038,0.8522004674063691,2.828497546304791,2937,1.0009958030578796,0.9999581612846605
TOI-2076_d,NIRISS_SOSS,obs14,SOSS_HDU3_ordem_1,jw05959014001_04102_00001-seg007_nis_x1dints.fits,seg007,3,218,60694.130781745065,TDB-MID,2048.465629023076,0.14452786149550242,2038,0.8522004674063691,2.828497546304791,2938,1.0036686896469817,1.0026282771340937
TOI-2076_d,NIRISS_SOSS,obs14,SOSS_HDU3_ordem_1,jw05959014001_04102_00001-seg007_nis_x1dints.fits,seg007,3,219,60694.13085882391,TDB-MID,2046.2384447633203,0.1445199899306224,2038,0.8522004674063691,2.828497546304791,2939,1.0025774557615212,1.0015381744320613
TOI-2076_d,NIRISS_SOSS,obs14,SOSS_HDU3_ordem_1,jw05959014001_04102_00001-seg007_nis_x1dints.fits,seg007,3,220,60694.13093590277,TDB-MID,2035.2565262721623,0.14450323766385634,2038,0.8522004674063691,2.828497546304791,2940,0.9971967417355372,0.9961630381054303
TOI-2076_d,NIRISS_SOSS,obs14,SOSS_HDU3_ordem_1,jw05959014001_04102_00001-seg007_nis_x1dints.fits,seg007,3,221,60694.13101298162,TDB-MID,2036.3296048971426,0.14450277315901028,2038,0.8522004674063691,2.828497546304791,2941,0.9977225086325565,0.9966882599874819
TOI-2076_d,NIRISS_SOSS,obs14,SOSS_HDU3_ordem_1,jw05959014001_04102_00001-seg007_nis_x1dints.fits,seg007,3,222,60694.13109006047,TDB-MID,2039.519959829952,0.14450752934008135,2038,0.8522004674063691,2.828497546304791,2942,0.999285658782383,0.9982497897609907
TOI-2076_d,NIRISS_SOSS,obs14,SOSS_HDU3_ordem_1,jw05959014001_04102_00001-seg007_nis_x1dints.fits,seg007,3,223,60694.13116713933,TDB-MID,2037.8090882573524,0.14450534573682158,2038,0.8522004674063691,2.828497546304791,2943,0.9984473980836939,0.9974123980113173
TOI-2076_d,NIRISS_SOSS,obs14,SOSS_HDU3_ordem_1,jw05959014001_04102_00001-seg007_nis_x1dints.fits,seg007,3,224,60694.13124421817,TDB-MID,2051.211390895481,0.1445940292435779,2038,0.8522004674063691,2.828497546304791,2944,1.0050140064448398,1.0039721993637594
TOI-2076_d,NIRISS_SOSS,obs14,SOSS_HDU3_ordem_1,jw05959014001_04102_00001-seg007_nis_x1dints.fits,seg007,3,225,60694.13132129703,TDB-MID,2041.5740118106594,0.1445101177201425,2038,0.8522004674063691,2.828497546304791,2945,1.0002920645676372,0.9992551522964327
TOI-2076_d,NIRISS_SOSS,obs14,SOSS_HDU3_ordem_1,jw05959014001_04102_00001-seg007_nis_x1dints.fits,seg007,3,226,60694.13139837589,TDB-MID,2033.4193513166535,0.14449421386627181,2038,0.8522004674063691,2.828497546304791,2946,0.9962965972790607,0.9952638267472617
TOI-2076_d,NIRISS_SOSS,obs14,SOSS_HDU3_ordem_1,jw05959014001_04102_00001-seg007_nis_x1dints.fits,seg007,3,227,60694.131475454735,TDB-MID,2047.822483463675,0.1445241680607409,2038,0.8522004674063691,2.828497546304791,2947,1.0033535732731893,1.0023134874129327
TOI-2076_d,NIRISS_SOSS,obs14,SOSS_HDU3_ordem_1,jw05959014001_04102_00001-seg007_nis_x1dints.fits,seg007,3,228,60694.13155253358,TDB-MID,2034.9325217092482,0.14449933135637738,2038,0.8522004674063691,2.828497546304791,2948,0.9970379920692054,0.996004453000513
TOI-2076_d,NIRISS_SOSS,obs14,SOSS_HDU3_ordem_1,jw05959014001_04102_00001-seg007_nis_x1dints.fits,seg007,3,229,60694.13162961244,TDB-MID,2045.6457122692757,0.14456266460600584,2038,0.8522004674063691,2.828497546304791,2949,1.0022870398340191,1.0012480595524726
TOI-2076_d,NIRISS_SOSS,obs14,SOSS_HDU3_ordem_1,jw05959014001_04102_00001-seg007_nis_x1dints.fits,seg007,3,230,60694.131706691296,TDB-MID,2047.3579784242042,0.14452243751914437,2038,0.8522004674063691,2.828497546304791,2950,1.0031259838239475,1.0020861338850793
TOI-2076_d,NIRISS_SOSS,obs14,SOSS_HDU3_ordem_1,jw05959014001_04102_00001-seg007_nis_x1dints.fits,seg007,3,231,60694.13178377014,TDB-MID,2040.6930218396678,0.14451097433828844,2038,0.8522004674063691,2.828497546304791,2951,0.9998604136591477,0.9988239488413818
TOI-2076_d,NIRISS_SOSS,obs14,SOSS_HDU3_ordem_1,jw05959014001_04102_00001-seg007_nis_x1dints.fits,seg007,3,232,60694.131860849,TDB-MID,2043.8718399606978,0.14449824400782368,2038,0.8522004674063691,2.828497546304791,2952,1.0014179112187636,1.0003798318842088
TOI-2076_d,NIRISS_SOSS,obs14,SOSS_HDU3_ordem_1,jw05959014001_04102_00001-seg007_nis_x1dints.fits,seg007,3,233,60694.13193792785,TDB-MID,2042.6009036261753,0.14451383956370814,2038,0.8522004674063691,2.828497546304791,2953,1.000795201719799,0.9997577678918356
TOI-2076_d,NIRISS_SOSS,obs14,SOSS_HDU3_ordem_1,jw05959014001_04102_00001-seg007_nis_x1dints.fits,seg007,3,234,60694.132015006704,TDB-MID,2048.2670845420885,0.14452752429111732,2038,0.8522004674063691,2.828497546304791,2954,1.003571410553671,1.0025310988812168
TOI-2076_d,NIRISS_SOSS,obs14,SOSS_HDU3_ordem_1,jw05959014001_04102_00001-seg007_nis_x1dints.fits,seg007,3,235,60694.13209208556,TDB-MID,2047.3983860572177,0.1445234500286297,2038,0.8522004674063691,2.828497546304791,2955,1.0031457819965426,1.0021059115347002
TOI-2076_d,NIRISS_SOSS,obs14,SOSS_HDU3_ordem_1,jw05959014001_04102_00001-seg007_nis_x1dints.fits,seg007,3,236,60694.132169164404,TDB-MID,2048.7346486734154,0.14452962793106439,2038,0.8522004674063691,2.828497546304791,2956,1.0038004988392475,1.0027599496916968
TOI-2076_d,NIRISS_SOSS,obs14,SOSS_HDU3_ordem_1,jw05959014001_04102_00001-seg007_nis_x1dints.fits,seg007,3,237,60694.13224624326,TDB-MID,2041.873682466347,0.14451314766789106,2038,0.8522004674063691,2.828497546304791,2957,1.0004388915634423,0.999401827089977
TOI-2076_d,NIRISS_SOSS,obs14,SOSS_HDU3_ordem_1,jw05959014001_04102_00001-seg007_nis_x1dints.fits,seg007,3,238,60694.13232332211,TDB-MID,2036.452470428489,0.14450340078318835,2038,0.8522004674063691,2.828497546304791,2958,0.997782707976447,0.9967483969281596
TOI-2076_d,NIRISS_SOSS,obs14,SOSS_HDU3_ordem_1,jw05959014001_04102_00001-seg007_nis_x1dints.fits,seg007,3,239,60694.132400400966,TDB-MID,2041.6506360485532,0.14451260514066214,2038,0.8522004674063691,2.828497546304791,2959,1.0003296074716295,0.9992926562830936
TOI-2076_d,NIRISS_SOSS,obs14,SOSS_HDU3_ordem_1,jw05959014001_04102_00001-seg007_nis_x1dints.fits,seg007,3,240,60694.13247747981,TDB-MID,2045.158900426804,0.1445202714515611,2038,0.8522004674063691,2.828497546304791,2960,1.0020485209166812,1.001009787886114
TOI-2076_d,NIRISS_SOSS,obs14,SOSS_HDU3_ordem_1,jw05959014001_04102_00001-seg007_nis_x1dints.fits,seg007,3,241,60694.13255455867,TDB-MID,2041.9304998544858,0.14452608136452377,2038,0.8522004674063691,2.828497546304791,2961,1.0004667298794456,0.999429636548517
TOI-2076_d,NIRISS_SOSS,obs14,SOSS_HDU3_ordem_1,jw05959014001_04102_00001-seg007_nis_x1dints.fits,seg007,3,242,60694.13263163752,TDB-MID,2036.9340070489964,0.14450650806421145,2038,0.8522004674063691,2.828497546304791,2962,0.9980186422396702,0.9969840866196809
TOI-2076_d,NIRISS_SOSS,obs14,SOSS_HDU3_ordem_1,jw05959014001_04102_00001-seg007_nis_x1dints.fits,seg007,3,243,60694.132708716366,TDB-MID,2041.5632484902305,0.1445120453789502,2038,0.8522004674063691,2.828497546304791,2963,1.0002867909581814,0.9992498841536506
TOI-2076_d,NIRISS_SOSS,obs14,SOSS_HDU3_ordem_1,jw05959014001_04102_00001-seg007_nis_x1dints.fits,seg007,3,244,60694.13278579523,TDB-MID,2038.1288261033594,0.1445064550969434,2038,0.8522004674063691,2.828497546304791,2964,0.998604057224265,0.997568894757533
TOI-2076_d,NIRISS_SOSS,obs14,SOSS_HDU3_ordem_1,jw05959014001_04102_00001-seg007_nis_x1dints.fits,seg007,3,245,60694.13286287408,TDB-MID,2041.0929788745896,0.14451319649707806,2038,0.8522004674063691,2.828497546304791,2965,1.0000563770902482,0.9990197091349253
TOI-2076_d,NIRISS_SOSS,obs14,SOSS_HDU3_ordem_1,jw05959014001_04102_00001-seg007_nis_x1dints.fits,seg007,3,246,60694.13293995293,TDB-MID,2060.714425166805,0.14455734703127696,2038,0.8522004674063691,2.828497546304791,2966,1.0096701245752273,1.0086234909177934
TOI-2076_d,NIRISS_SOSS,obs14,SOSS_HDU3_ordem_1,jw05959014001_04102_00001-seg007_nis_x1dints.fits,seg007,3,247,60694.13301703178,TDB-MID,2039.7328443923498,0.14450848950863743,2038,0.8522004674063691,2.828497546304791,2967,0.9993899639592726,0.9983539868141417
TOI-2076_d,NIRISS_SOSS,obs14,SOSS_HDU3_ordem_1,jw05959014001_04102_00001-seg007_nis_x1dints.fits,seg007,3,248,60694.133094110635,TDB-MID,2047.934686220888,0.14452631642606517,2038,0.8522004674063691,2.828497546304791,2968,1.0034085482714081,1.002368405423545
TOI-2076_d,NIRISS_SOSS,obs14,SOSS_HDU3_ordem_1,jw05959014001_04102_00001-seg007_nis_x1dints.fits,seg007,3,249,60694.13317118949,TDB-MID,2041.4312343591728,0.14451235233191612,2038,0.8522004674063691,2.828497546304791,2969,1.000222109155345,0.9991852694005864
TOI-2076_d,NIRISS_SOSS,obs14,SOSS_HDU3_ordem_1,jw05959014001_04102_00001-seg007_nis_x1dints.fits,seg007,3,250,60694.133248268336,TDB-MID,2039.5565742720946,0.14451112685593942,2038,0.8522004674063691,2.828497546304791,2970,0.999303598438605,0.9982677108207944
TOI-2076_d,NIRISS_SOSS,obs14,SOSS_HDU3_ordem_1,jw05959014001_04102_00001-seg007_nis_x1dints.fits,seg007,3,251,60694.13332534719,TDB-MID,2048.6338658086206,0.14452487789003854,2038,0.8522004674063691,2.828497546304791,2971,1.0037511191452881,1.002710621185198
TOI-2076_d,NIRISS_SOSS,obs14,SOSS_HDU3_ordem_1,jw05959014001_04102_00001-seg007_nis_x1dints.fits,seg007,3,252,60694.13340242604,TDB-MID,2046.037165884532,0.14452178591069254,2038,0.8522004674063691,2.828497546304791,2972,1.002478836919367,1.001439657819137
TOI-2076_d,NIRISS_SOSS,obs14,SOSS_HDU3_ordem_1,jw05959014001_04102_00001-seg007_nis_x1dints.fits,seg007,3,253,60694.1334795049,TDB-MID,2033.8543170530897,0.1444973276066706,2038,0.8522004674063691,2.828497546304791,2973,0.996509713615769,0.9954767221655476
TOI-2076_d,NIRISS_SOSS,obs14,SOSS_HDU3_ordem_1,jw05959014001_04102_00001-seg007_nis_x1dints.fits,seg007,3,254,60694.13355658375,TDB-MID,2041.624330119164,0.1445130579699293,2038,0.8522004674063691,2.828497546304791,2974,1.000316718586746,0.9992797807589509
TOI-2076_d,NIRISS_SOSS,obs14,SOSS_HDU3_ordem_1,jw05959014001_04102_00001-seg007_nis_x1dints.fits,seg007,3,255,60694.1336336626,TDB-MID,2046.5876103737953,0.14452125336069288,2038,0.8522004674063691,2.828497546304791,2975,1.0027485333650552,1.0017090746949238
TOI-2076_d,NIRISS_SOSS,obs14,SOSS_HDU3_ordem_1,jw05959014001_04102_00001-seg007_nis_x1dints.fits,seg007,3,256,60694.13371074145,TDB-MID,2040.585382543117,0.14451065517288803,2038,0.8522004674063691,2.828497546304791,2976,0.9998076745796176,0.9987712644316834
TOI-2076_d,NIRISS_SOSS,obs14,SOSS_HDU3_ordem_1,jw05959014001_04102_00001-seg007_nis_x1dints.fits,seg007,3,257,60694.133787820305,TDB-MID,2048.7616447958694,0.14452990511251954,2038,0.8522004674063691,2.828497546304791,2977,1.003813725891957,1.0027731630331176
TOI-2076_d,NIRISS_SOSS,obs14,SOSS_HDU3_ordem_1,jw05959014001_04102_00001-seg007_nis_x1dints.fits,seg007,3,258,60694.13386489916,TDB-MID,2041.8482467871652,0.1445253976587825,2038,0.8522004674063691,2.828497546304791,2978,1.0004264290673999,0.9993893775126766
TOI-2076_d,NIRISS_SOSS,obs14,SOSS_HDU3_ordem_1,jw05959014001_04102_00001-seg007_nis_x1dints.fits,seg007,3,259,60694.133941978005,TDB-MID,2051.26477916271,0.1445305051978615,2038,0.8522004674063691,2.828497546304791,2979,1.0050401646246272,1.0039983304277287
TOI-2076_d,NIRISS_SOSS,obs14,SOSS_HDU3_ordem_1,jw05959014001_04102_00001-seg007_nis_x1dints.fits,seg007,3,260,60694.134019056866,TDB-MID,2033.4889993946836,0.14449402325079125,2038,0.8522004674063691,2.828497546304791,2980,0.9963307221353543,0.9952979162294046
TOI-2076_d,NIRISS_SOSS,obs14,SOSS_HDU3_ordem_1,jw05959014001_04102_00001-seg007_nis_x1dints.fits,seg007,3,261,60694.13409613571,TDB-MID,2038.8283171603716,0.144504810193799,2038,0.8522004674063691,2.828497546304791,2981,0.9989467807060088,0.9979112629688548
TOI-2076_d,NIRISS_SOSS,obs14,SOSS_HDU3_ordem_1,jw05959014001_04102_00001-seg007_nis_x1dints.fits,seg007,3,262,60694.13417321457,TDB-MID,2043.962993146427,0.14451559099759173,2038,0.8522004674063691,2.828497546304791,2982,1.0014625727435562,1.0004244471124402
TOI-2076_d,NIRISS_SOSS,obs14,SOSS_HDU3_ordem_1,jw05959014001_04102_00001-seg007_nis_x1dints.fits,seg007,3,263,60694.13425029342,TDB-MID,2044.0218078195148,0.14452242338831855,2038,0.8522004674063691,2.828497546304791,2983,1.0014913896517015,1.0004532341487042
TOI-2076_d,NIRISS_SOSS,obs14,SOSS_HDU3_ordem_1,jw05959014001_04102_00001-seg007_nis_x1dints.fits,seg007,3,264,60694.134327372274,TDB-MID,2050.6237745997805,0.1445296267368973,2038,0.8522004674063691,2.828497546304791,2984,1.0047260972560474,1.0036845886243715
TOI-2076_d,NIRISS_SOSS,obs14,SOSS_HDU3_ordem_1,jw05959014001_04102_00001-seg007_nis_x1dints.fits,seg007,3,265,60694.13440445112,TDB-MID,2042.96979188837,0.14451798108475972,2038,0.8522004674063691,2.828497546304791,2985,1.0009759426575513,0.9999383214718123
TOI-2076_d,NIRISS_SOSS,obs14,SOSS_HDU3_ordem_1,jw05959014001_04102_00001-seg007_nis_x1dints.fits,seg007,3,266,60694.134481529974,TDB-MID,2052.4816412106584,0.1445360503867667,2038,0.8522004674063691,2.828497546304791,2986,1.0056363798209387,1.0045939275816953
TOI-2076_d,NIRISS_SOSS,obs14,SOSS_HDU3_ordem_1,jw05959014001_04102_00001-seg007_nis_x1dints.fits,seg007,3,267,60694.13455860883,TDB-MID,2039.2420740897583,0.14450871193399784,2038,0.8522004674063691,2.828497546304791,2987,0.9991495055500415,0.9981137776663852
TOI-2076_d,NIRISS_SOSS,obs14,SOSS_HDU3_ordem_1,jw05959014001_04102_00001-seg007_nis_x1dints.fits,seg007,3,268,60694.13463568768,TDB-MID,2038.567005612873,0.14450813785605715,2038,0.8522004674063691,2.828497546304791,2988,0.9988187481851055,0.9977833631676807
TOI-2076_d,NIRISS_SOSS,obs14,SOSS_HDU3_ordem_1,jw05959014001_04102_00001-seg007_nis_x1dints.fits,seg007,3,269,60694.134712766536,TDB-MID,2053.7531062614626,0.14453658518349266,2038,0.8522004674063691,2.828497546304791,2989,1.0062593483703701,1.0052162503560012
TOI-2076_d,NIRISS_SOSS,obs14,SOSS_HDU3_ordem_1,jw05959014001_04102_00001-seg007_nis_x1dints.fits,seg007,3,270,60694.13478984538,TDB-MID,2045.940835674752,0.14452296570087916,2038,0.8522004674063691,2.828497546304791,2990,1.0024316388536276,1.0013925086793616
TOI-2076_d,NIRISS_SOSS,obs14,SOSS_HDU3_ordem_1,jw05959014001_04102_00001-seg007_nis_x1dints.fits,seg007,3,271,60694.134866924236,TDB-MID,2037.442715706592,0.14450841324145547,2038,0.8522004674063691,2.828497546304791,2991,0.9982678897469494,0.9972330757546226
TOI-2076_d,NIRISS_SOSS,obs14,SOSS_HDU3_ordem_1,jw05959014001_04102_00001-seg007_nis_x1dints.fits,seg007,3,272,60694.13494400309,TDB-MID,2045.9793740653472,0.14453104070266748,2038,0.8522004674063691,2.828497546304791,2992,1.0024505211699535,1.0014113714220987
TOI-2076_d,NIRISS_SOSS,obs14,SOSS_HDU3_ordem_1,jw05959014001_04102_00001-seg007_nis_x1dints.fits,seg007,3,273,60694.135021081944,TDB-MID,2041.8922957141212,0.14451326479163618,2038,0.8522004674063691,2.828497546304791,2993,1.0004480113327658,0.9994109374056608
TOI-2076_d,NIRISS_SOSS,obs14,SOSS_HDU3_ordem_1,jw05959014001_04102_00001-seg007_nis_x1dints.fits,seg007,3,274,60694.13509816079,TDB-MID,2046.86569811924,0.1445245935031028,2038,0.8522004674063691,2.828497546304791,2994,1.002884785572133,1.0018451856616675
TOI-2076_d,NIRISS_SOSS,obs14,SOSS_HDU3_ordem_1,jw05959014001_04102_00001-seg007_nis_x1dints.fits,seg007,3,275,60694.135175239644,TDB-MID,2047.7366289351216,0.14452541180610437,2038,0.8522004674063691,2.828497546304791,2995,1.0033115078848553,1.0022714656299805
TOI-2076_d,NIRISS_SOSS,obs14,SOSS_HDU3_ordem_1,jw05959014001_04102_00001-seg007_nis_x1dints.fits,seg007,3,276,60694.135252318505,TDB-MID,2048.3690680216314,0.14452830272568698,2038,0.8522004674063691,2.828497546304791,2996,1.0036213785022803,1.002581015032575
TOI-2076_d,NIRISS_SOSS,obs14,SOSS_HDU3_ordem_1,jw05959014001_04102_00001-seg007_nis_x1dints.fits,seg007,3,277,60694.13532939735,TDB-MID,2052.274652162089,0.14453376206615093,2038,0.8522004674063691,2.828497546304791,2997,1.005534963217113,1.004492616107286
TOI-2076_d,NIRISS_SOSS,obs14,SOSS_HDU3_ordem_1,jw05959014001_04102_00001-seg007_nis_x1dints.fits,seg007,3,278,60694.1354064762,TDB-MID,2039.564856860647,0.1445138184425514,2038,0.8522004674063691,2.828497546304791,2998,0.9993076565856793,0.9982717647611549
TOI-2076_d,NIRISS_SOSS,obs14,SOSS_HDU3_ordem_1,jw05959014001_04102_00001-seg007_nis_x1dints.fits,seg007,3,279,60694.13548355506,TDB-MID,2046.5300353910445,0.14452654347360722,2038,0.8522004674063691,2.828497546304791,2999,1.0027203238570825,1.0016808944291953
TOI-2076_d,NIRISS_SOSS,obs14,SOSS_HDU3_ordem_1,jw05959014001_04102_00001-seg007_nis_x1dints.fits,seg007,3,280,60694.135560633906,TDB-MID,2038.4330186646819,0.144506574168803,2038,0.8522004674063691,2.828497546304791,3000,0.9987530997784076,0.9977177828127458
TOI-2076_d,NIRISS_SOSS,obs14,SOSS_HDU3_ordem_1,jw05959014001_04102_00001-seg007_nis_x1dints.fits,seg007,3,281,60694.13563771276,TDB-MID,2045.3475358349174,0.14451865239122194,2038,0.8522004674063691,2.828497546304791,3001,1.0021409449486982,1.0011021161104998
TOI-2076_d,NIRISS_SOSS,obs14,SOSS_HDU3_ordem_1,jw05959014001_04102_00001-seg007_nis_x1dints.fits,seg007,3,282,60694.13571479161,TDB-MID,2048.5339159396226,0.14452859409825589,2038,0.8522004674063691,2.828497546304791,3002,1.0037021475869536,1.0026617003912468
TOI-2076_d,NIRISS_SOSS,obs14,SOSS_HDU3_ordem_1,jw05959014001_04102_00001-seg007_nis_x1dints.fits,seg007,3,283,60694.13579187047,TDB-MID,2044.2213919993724,0.14451887371334213,2038,0.8522004674063691,2.828497546304791,3003,1.0015891781571242,1.0005509212856318
TOI-2076_d,NIRISS_SOSS,obs14,SOSS_HDU3_ordem_1,jw05959014001_04102_00001-seg007_nis_x1dints.fits,seg007,3,284,60694.13586894931,TDB-MID,2035.396497055298,0.1445002637582181,2038,0.8522004674063691,2.828497546304791,3004,0.9972653219892198,0.9962315472681694
TOI-2076_d,NIRISS_SOSS,obs14,SOSS_HDU3_ordem_1,jw05959014001_04102_00001-seg007_nis_x1dints.fits,seg007,3,285,60694.13594602817,TDB-MID,2042.6056440854736,0.14451353402052275,2038,0.8522004674063691,2.828497546304791,3005,1.0007975243609528,0.9997600881253176
TOI-2076_d,NIRISS_SOSS,obs14,SOSS_HDU3_ordem_1,jw05959014001_04102_00001-seg007_nis_x1dints.fits,seg007,3,286,60694.13602310702,TDB-MID,2042.7295631488128,0.14451353001406658,2038,0.8522004674063691,2.828497546304791,3006,1.0008582398946488,0.9998207407207136
TOI-2076_d,NIRISS_SOSS,obs14,SOSS_HDU3_ordem_1,jw05959014001_04102_00001-seg007_nis_x1dints.fits,seg007,3,287,60694.136100185875,TDB-MID,2041.4533253899685,0.1445130314135088,2038,0.8522004674063691,2.828497546304791,3007,1.0002329329034312,0.9991960819286724
TOI-2076_d,NIRISS_SOSS,obs14,SOSS_HDU3_ordem_1,jw05959014001_04102_00001-seg007_nis_x1dints.fits,seg007,3,288,60694.13617726472,TDB-MID,2048.3702837408687,0.14452564410197297,2038,0.8522004674063691,2.828497546304791,3008,1.0036219741575436,1.0025816100703766
TOI-2076_d,NIRISS_SOSS,obs14,SOSS_HDU3_ordem_1,jw05959014001_04102_00001-seg007_nis_x1dints.fits,seg007,3,289,60694.136254343575,TDB-MID,2044.0363468067105,0.14451755349499903,2038,0.8522004674063691,2.828497546304791,3009,1.0014985131913992,1.0004603503040728
TOI-2076_d,NIRISS_SOSS,obs14,SOSS_HDU3_ordem_1,jw05959014001_04102_00001-seg007_nis_x1dints.fits,seg007,3,290,60694.13633142243,TDB-MID,2046.2548307290222,0.14452076094127517,2038,0.8522004674063691,2.828497546304791,3010,1.0025854842490347,1.0015461945971682
TOI-2076_d,NIRISS_SOSS,obs14,SOSS_HDU3_ordem_1,jw05959014001_04102_00001-seg007_nis_x1dints.fits,seg007,3,291,60694.13640850128,TDB-MID,2040.5582226396173,0.14450618011697164,2038,0.8522004674063691,2.828497546304791,3011,0.9997943672805494,0.9987579709270878
TOI-2076_d,NIRISS_SOSS,obs14,SOSS_HDU3_ordem_1,jw05959014001_04102_00001-seg007_nis_x1dints.fits,seg007,3,292,60694.13648558014,TDB-MID,2057.851490209953,0.14454637831850023,2038,0.8522004674063691,2.828497546304791,3012,1.0082673975116259,1.007222217934412
TOI-2076_d,NIRISS_SOSS,obs14,SOSS_HDU3_ordem_1,jw05959014001_04102_00001-seg007_nis_x1dints.fits,seg007,3,293,60694.13656265898,TDB-MID,2037.0437221734808,0.14450406835019827,2038,0.8522004674063691,2.828497546304791,3013,0.9980723983943576,0.9970377870502269
TOI-2076_d,NIRISS_SOSS,obs14,SOSS_HDU3_ordem_1,jw05959014001_04102_00001-seg007_nis_x1dints.fits,seg007,3,294,60694.13663973784,TDB-MID,2032.7197620865036,0.14449440822895807,2038,0.8522004674063691,2.828497546304791,3014,0.995953825696288,0.9949214104847729
TOI-2076_d,NIRISS_SOSS,obs14,SOSS_HDU3_ordem_1,jw05959014001_04102_00001-seg007_nis_x1dints.fits,seg007,3,295,60694.1367168167,TDB-MID,2047.658846174331,0.14452532602155388,2038,0.8522004674063691,2.828497546304791,3015,1.0032733973495875,1.002233394600456
TOI-2076_d,NIRISS_SOSS,obs14,SOSS_HDU3_ordem_1,jw05959014001_04102_00001-seg007_nis_x1dints.fits,seg007,3,296,60694.136793895545,TDB-MID,2033.915914831568,0.14449682085243118,2038,0.8522004674063691,2.828497546304791,3016,0.9965398941375871,0.9955068714019497
TOI-2076_d,NIRISS_SOSS,obs14,SOSS_HDU3_ordem_1,jw05959014001_04102_00001-seg007_nis_x1dints.fits,seg007,3,297,60694.13687097439,TDB-MID,2039.4363309099563,0.14450617012942663,2038,0.8522004674063691,2.828497546304791,3017,0.9992446838559016,0.9982088573095079
TOI-2076_d,NIRISS_SOSS,obs14,SOSS_HDU3_ordem_1,jw05959014001_04102_00001-seg007_nis_x1dints.fits,seg007,3,298,60694.13694805325,TDB-MID,2039.908582929849,0.14450938547130085,2038,0.8522004674063691,2.828497546304791,3018,0.9994760690250122,0.9984400026225508
TOI-2076_d,NIRISS_SOSS,obs14,SOSS_HDU3_ordem_1,jw05959014001_04102_00001-seg007_nis_x1dints.fits,seg007,3,299,60694.1370251321,TDB-MID,2046.197424912486,0.1445224693836899,2038,0.8522004674063691,2.828497546304791,3019,1.0025573576259443,1.001518097130403
TOI-2076_d,NIRISS_SOSS,obs14,SOSS_HDU3_ordem_1,jw05959014001_04102_00001-seg007_nis_x1dints.fits,seg007,3,300,60694.13710221095,TDB-MID,2042.8302780029119,0.1445164883808702,2038,0.8522004674063691,2.828497546304791,3020,1.0009075862660057,0.9998700359391525
TOI-2076_d,NIRISS_SOSS,obs14,SOSS_HDU3_ordem_1,jw05959014001_04102_00001-seg007_nis_x1dints.fits,seg007,3,301,60694.137179289806,TDB-MID,2038.9048927448953,0.14450651705596068,2038,0.8522004674063691,2.828497546304791,3021,0.9989842997717373,0.9979487431419627
TOI-2076_d,NIRISS_SOSS,obs14,SOSS_HDU3_ordem_1,jw05959014001_04102_00001-seg007_nis_x1dints.fits,seg007,3,302,60694.13725636866,TDB-MID,2038.2634851208447,0.14450773100874673,2038,0.8522004674063691,2.828497546304791,3022,0.9986700349188448,0.9976348040590066
TOI-2076_d,NIRISS_SOSS,obs14,SOSS_HDU3_ordem_1,jw05959014001_04102_00001-seg007_nis_x1dints.fits,seg007,3,303,60694.13733344751,TDB-MID,2047.5628020391962,0.1445240425601728,2038,0.8522004674063691,2.828497546304791,3023,1.0032263394493264,1.002186385480862
TOI-2076_d,NIRISS_SOSS,obs14,SOSS_HDU3_ordem_1,jw05959014001_04102_00001-seg007_nis_x1dints.fits,seg007,3,304,60694.13741052636,TDB-MID,2035.4933443335638,0.14449837158067513,2038,0.8522004674063691,2.828497546304791,3024,0.9973127733984579,0.9962789494888253
TOI-2076_d,NIRISS_SOSS,obs14,SOSS_HDU3_ordem_1,jw05959014001_04102_00001-seg007_nis_x1dints.fits,seg007,3,305,60694.137487605214,TDB-MID,2049.9716219191473,0.14453046078012846,2038,0.8522004674063691,2.828497546304791,3025,1.004406567742275,1.0033653903379334
TOI-2076_d,NIRISS_SOSS,obs14,SOSS_HDU3_ordem_1,jw05959014001_04102_00001-seg007_nis_x1dints.fits,seg007,3,306,60694.13756468407,TDB-MID,2037.4814176378918,0.14450534605032261,2038,0.8522004674063691,2.828497546304791,3026,0.998286852191876,0.9972520185428984
TOI-2076_d,NIRISS_SOSS,obs14,SOSS_HDU3_ordem_1,jw05959014001_04102_00001-seg007_nis_x1dints.fits,seg007,3,307,60694.137641762914,TDB-MID,2045.7953033100944,0.14452481456904653,2038,0.8522004674063691,2.828497546304791,3027,1.0023603336407563,1.0013212773821525
TOI-2076_d,NIRISS_SOSS,obs14,SOSS_HDU3_ordem_1,jw05959014001_04102_00001-seg007_nis_x1dints.fits,seg007,3,308,60694.13771884177,TDB-MID,2041.099787204326,0.14451220610468815,2038,0.8522004674063691,2.828497546304791,3028,1.0000597129076956,0.9990230414944323
TOI-2076_d,NIRISS_SOSS,obs14,SOSS_HDU3_ordem_1,jw05959014001_04102_00001-seg007_nis_x1dints.fits,seg007,3,309,60694.13779592062,TDB-MID,2043.1227715716198,0.14451554529720564,2038,0.8522004674063691,2.828497546304791,3029,1.0010508967676202,1.0000131978837374
TOI-2076_d,NIRISS_SOSS,obs14,SOSS_HDU3_ordem_1,jw05959014001_04102_00001-seg007_nis_x1dints.fits,seg007,3,310,60694.137872999476,TDB-MID,2042.2590003579505,0.14451644056422494,2038,0.8522004674063691,2.828497546304791,3030,1.0006276823822309,0.9995904222064065
TOI-2076_d,NIRISS_SOSS,obs14,SOSS_HDU3_ordem_1,jw05959014001_04102_00001-seg007_nis_x1dints.fits,seg007,3,311,60694.13795007833,TDB-MID,2043.6470700875661,0.14452709632037014,2038,0.8522004674063691,2.828497546304791,3031,1.001307782700695,1.0002698175264102
TOI-2076_d,NIRISS_SOSS,obs14,SOSS_HDU3_ordem_1,jw05959014001_04102_00001-seg007_nis_x1dints.fits,seg007,3,312,60694.138027157176,TDB-MID,2050.5095878251104,0.14452891529543538,2038,0.8522004674063691,2.828497546304791,3032,1.004670150166243,1.0036286995298527
TOI-2076_d,NIRISS_SOSS,obs14,SOSS_HDU3_ordem_1,jw05959014001_04102_00001-seg007_nis_x1dints.fits,seg007,3,313,60694.13810423603,TDB-MID,2049.5296470679477,0.14452835645031464,2038,0.8522004674063691,2.828497546304791,3033,1.004190017211246,1.0031490642852448
TOI-2076_d,NIRISS_SOSS,obs14,SOSS_HDU3_ordem_1,jw05959014001_04102_00001-seg007_nis_x1dints.fits,seg007,3,314,60694.13818131489,TDB-MID,2041.927603356765,0.14451520780528235,2038,0.8522004674063691,2.828497546304791,3034,1.0004653107079298,0.9994282188481278
TOI-2076_d,NIRISS_SOSS,obs14,SOSS_HDU3_ordem_1,jw05959014001_04102_00001-seg007_nis_x1dints.fits,seg007,3,315,60694.13825839374,TDB-MID,2039.1602366022237,0.14450767022640176,2038,0.8522004674063691,2.828497546304791,3035,0.999109408355969,0.9980737220374456
TOI-2076_d,NIRISS_SOSS,obs14,SOSS_HDU3_ordem_1,jw05959014001_04102_00001-seg007_nis_x1dints.fits,seg007,3,316,60694.138335472584,TDB-MID,2051.847305890924,0.14453343761391782,2038,0.8522004674063691,2.828497546304791,3036,1.0053255801227967,1.0042834500614772
TOI-2076_d,NIRISS_SOSS,obs14,SOSS_HDU3_ordem_1,jw05959014001_04102_00001-seg007_nis_x1dints.fits,seg007,3,317,60694.13841255144,TDB-MID,2041.49937135212,0.14451422659294427,2038,0.8522004674063691,2.828497546304791,3037,1.0002554936385695,0.999218619277138
TOI-2076_d,NIRISS_SOSS,obs14,SOSS_HDU3_ordem_1,jw05959014001_04102_00001-seg007_nis_x1dints.fits,seg007,3,318,60694.1384896303,TDB-MID,2049.3159419483004,0.1445303394623301,2038,0.8522004674063691,2.828497546304791,3038,1.0040853099931366,1.003044465607634
TOI-2076_d,NIRISS_SOSS,obs14,SOSS_HDU3_ordem_1,jw05959014001_04102_00001-seg007_nis_x1dints.fits,seg007,3,319,60694.138566709145,TDB-MID,2045.1009018482455,0.144548286383744,2038,0.8522004674063691,2.828497546304791,3039,1.0020201038631957,1.0009814002900164
TOI-2076_d,NIRISS_SOSS,obs14,SOSS_HDU3_ordem_1,jw05959014001_04102_00001-seg007_nis_x1dints.fits,seg007,3,320,60694.13864378799,TDB-MID,2049.371182890244,0.14452963381745698,2038,0.8522004674063691,2.828497546304791,3040,1.0041123759116612,1.00307150346937
TOI-2076_d,NIRISS_SOSS,obs14,SOSS_HDU3_ordem_1,jw05959014001_04102_00001-seg007_nis_x1dints.fits,seg007,3,321,60694.13872086685,TDB-MID,2047.090390664769,0.1445227977809867,2038,0.8522004674063691,2.828497546304791,3041,1.002994876202676,1.0019551621712153
TOI-2076_d,NIRISS_SOSS,obs14,SOSS_HDU3_ordem_1,jw05959014001_04102_00001-seg007_nis_x1dints.fits,seg007,3,322,60694.1387979457,TDB-MID,2038.182951501034,0.144508767954285,2038,0.8522004674063691,2.828497546304791,3042,0.9986305765693744,0.9975953866124369
TOI-2076_d,NIRISS_SOSS,obs14,SOSS_HDU3_ordem_1,jw05959014001_04102_00001-seg007_nis_x1dints.fits,seg007,3,323,60694.13887502455,TDB-MID,2053.0570102741,0.1445348379764182,2038,0.8522004674063691,2.828497546304791,3043,1.0059182883410456,1.004875543872748
TOI-2076_d,NIRISS_SOSS,obs14,SOSS_HDU3_ordem_1,jw05959014001_04102_00001-seg007_nis_x1dints.fits,seg007,3,324,60694.13895210341,TDB-MID,2044.6057959247432,0.1445205014721329,2038,0.8522004674063691,2.828497546304791,3044,1.0017775211679152,1.0007390690582658
TOI-2076_d,NIRISS_SOSS,obs14,SOSS_HDU3_ordem_1,jw05959014001_04102_00001-seg007_nis_x1dints.fits,seg007,3,325,60694.13902918226,TDB-MID,2045.5583998163129,0.14452021498500128,2038,0.8522004674063691,2.828497546304791,3045,1.0022442601192836,1.0012053241835965
TOI-2076_d,NIRISS_SOSS,obs14,SOSS_HDU3_ordem_1,jw05959014001_04102_00001-seg007_nis_x1dints.fits,seg007,3,326,60694.13910626111,TDB-MID,2045.2582294712183,0.14452124504844624,2038,0.8522004674063691,2.828497546304791,3046,1.002097188295054,1.0010584048154192
TOI-2076_d,NIRISS_SOSS,obs14,SOSS_HDU3_ordem_1,jw05959014001_04102_00001-seg007_nis_x1dints.fits,seg007,3,327,60694.13918333996,TDB-MID,2045.312005981273,0.14452009060916288,2038,0.8522004674063691,2.828497546304791,3047,1.0021235366987644,1.0010847259061235
TOI-2076_d,NIRISS_SOSS,obs14,SOSS_HDU3_ordem_1,jw05959014001_04102_00001-seg007_nis_x1dints.fits,seg007,3,328,60694.139260418815,TDB-MID,2048.548383479493,0.1445276167280935,2038,0.8522004674063691,2.828497546304791,3048,1.0037092361202338,1.0026687815764859
TOI-2076_d,NIRISS_SOSS,obs14,SOSS_HDU3_ordem_1,jw05959014001_04102_00001-seg007_nis_x1dints.fits,seg007,3,329,60694.13933749767,TDB-MID,2050.059286231707,0.14452767408716924,2038,0.8522004674063691,2.828497546304791,3049,1.004449519854563,1.003408297925653
TOI-2076_d,NIRISS_SOSS,obs14,SOSS_HDU3_ordem_1,jw05959014001_04102_00001-seg007_nis_x1dints.fits,seg007,3,330,60694.139414576515,TDB-MID,2037.3084240645023,0.14451081597756257,2038,0.8522004674063691,2.828497546304791,3050,0.9982020920520615,0.9971673462662513
TOI-2076_d,NIRISS_SOSS,obs14,SOSS_HDU3_ordem_1,jw05959014001_04102_00001-seg007_nis_x1dints.fits,seg007,3,331,60694.13949165537,TDB-MID,2031.5152012575952,0.14449328617364532,2038,0.8522004674063691,2.828497546304791,3051,0.9953636376200902,0.99433183420315
TOI-2076_d,NIRISS_SOSS,obs14,SOSS_HDU3_ordem_1,jw05959014001_04102_00001-seg007_nis_x1dints.fits,seg007,3,332,60694.13956873422,TDB-MID,2038.3200427202983,0.1445055805176735,2038,0.8522004674063691,2.828497546304791,3052,0.9986977459484705,0.9976624863631154
TOI-2076_d,NIRISS_SOSS,obs14,SOSS_HDU3_ordem_1,jw05959014001_04102_00001-seg007_nis_x1dints.fits,seg007,3,333,60694.13964581308,TDB-MID,2049.876150537158,0.14453259688646175,2038,0.8522004674063691,2.828497546304791,3053,1.004359790468836,1.0033186615542606
TOI-2076_d,NIRISS_SOSS,obs14,SOSS_HDU3_ordem_1,jw05959014001_04102_00001-seg007_nis_x1dints.fits,seg007,3,334,60694.13972289193,TDB-MID,2050.152737318387,0.14453089531868107,2038,0.8522004674063691,2.828497546304791,3054,1.0044953072616767,1.0034540378691046
TOI-2076_d,NIRISS_SOSS,obs14,SOSS_HDU3_ordem_1,jw05959014001_04102_00001-seg007_nis_x1dints.fits,seg007,3,335,60694.13979997078,TDB-MID,2042.1482257145612,0.14451557821939073,2038,0.8522004674063691,2.828497546304791,3055,1.000573407104383,0.9995362031908283
TOI-2076_d,NIRISS_SOSS,obs14,SOSS_HDU3_ordem_1,jw05959014001_04102_00001-seg007_nis_x1dints.fits,seg007,3,336,60694.13987704963,TDB-MID,2055.6532024494204,0.14454060535373692,2038,0.8522004674063691,2.828497546304791,3056,1.007190321789768,1.0061462587194951
TOI-2076_d,NIRISS_SOSS,obs14,SOSS_HDU3_ordem_1,jw05959014001_04102_00001-seg007_nis_x1dints.fits,seg007,3,337,60694.13995412849,TDB-MID,2041.9748684656604,0.14451415829837946,2038,0.8522004674063691,2.828497546304791,3057,1.0004884687776765,0.9994513529119993
TOI-2076_d,NIRISS_SOSS,obs14,SOSS_HDU3_ordem_1,jw05959014001_04102_00001-seg007_nis_x1dints.fits,seg007,3,338,60694.14003120734,TDB-MID,2050.4598444310327,0.14453261049209212,2038,0.8522004674063691,2.828497546304791,3058,1.0046457778328999,1.003604352461102
TOI-2076_d,NIRISS_SOSS,obs14,SOSS_HDU3_ordem_1,jw05959014001_04102_00001-seg007_nis_x1dints.fits,seg007,3,339,60694.140108286185,TDB-MID,2039.2590392506838,0.1445079966164761,2038,0.8522004674063691,2.828497546304791,3059,0.9991578178207452,0.9981220813205102
TOI-2076_d,NIRISS_SOSS,obs14,SOSS_HDU3_ordem_1,jw05959014001_04102_00001-seg007_nis_x1dints.fits,seg007,3,340,60694.14018536504,TDB-MID,2048.640356441865,0.14452972657814644,2038,0.8522004674063691,2.828497546304791,3060,1.003754299303779,1.0027137980471064
TOI-2076_d,NIRISS_SOSS,obs14,SOSS_HDU3_ordem_1,jw05959014001_04102_00001-seg007_nis_x1dints.fits,seg007,3,341,60694.14026244389,TDB-MID,2046.357107522244,0.1445208544216955,2038,0.8522004674063691,2.828497546304791,3061,1.0026355959099675,1.0015962543118766
TOI-2076_d,NIRISS_SOSS,obs14,SOSS_HDU3_ordem_1,jw05959014001_04102_00001-seg007_nis_x1dints.fits,seg007,3,342,60694.140339522746,TDB-MID,2047.6197329041124,0.14452381396412722,2038,0.8522004674063691,2.828497546304791,3062,1.0032542333645482,1.002214250480986
TOI-2076_d,NIRISS_SOSS,obs14,SOSS_HDU3_ordem_1,jw05959014001_04102_00001-seg007_nis_x1dints.fits,seg007,3,343,60694.14041660159,TDB-MID,2041.3854767138816,0.14450981317353084,2038,0.8522004674063691,2.828497546304791,3063,1.0001996896842833,0.9991628731697618
TOI-2076_d,NIRISS_SOSS,obs14,SOSS_HDU3_ordem_1,jw05959014001_04102_00001-seg007_nis_x1dints.fits,seg007,3,344,60694.140493680454,TDB-MID,2041.0604258919848,0.14450733944329536,2038,0.8522004674063691,2.828497546304791,3064,1.0000404273916388,0.999003775969925
TOI-2076_d,NIRISS_SOSS,obs14,SOSS_HDU3_ordem_1,jw05959014001_04102_00001-seg007_nis_x1dints.fits,seg007,3,345,60694.1405707593,TDB-MID,2050.0990404129557,0.14453003250858734,2038,0.8522004674063691,2.828497546304791,3065,1.0044689978611434,1.0034277557411464
TOI-2076_d,NIRISS_SOSS,obs14,SOSS_HDU3_ordem_1,jw05959014001_04102_00001-seg007_nis_x1dints.fits,seg007,3,346,60694.14064783815,TDB-MID,2038.980701199756,0.14450687131636572,2038,0.8522004674063691,2.828497546304791,3066,0.9990214429736911,0.9979858478409199
TOI-2076_d,NIRISS_SOSS,obs14,SOSS_HDU3_ordem_1,jw05959014001_04102_00001-seg007_nis_x1dints.fits,seg007,3,347,60694.14072491701,TDB-MID,2045.005986193631,0.14452183090632942,2038,0.8522004674063691,2.828497546304791,3067,1.001973598874611,1.0009349435089454
TOI-2076_d,NIRISS_SOSS,obs14,SOSS_HDU3_ordem_1,jw05959014001_04102_00001-seg007_nis_x1dints.fits,seg007,3,348,60694.14080199586,TDB-MID,2052.1919838340955,0.14453462259019245,2038,0.8522004674063691,2.828497546304791,3068,1.0054944589434476,1.0044521538207358
TOI-2076_d,NIRISS_SOSS,obs14,SOSS_HDU3_ordem_1,jw05959014001_04102_00001-seg007_nis_x1dints.fits,seg007,3,349,60694.14087907471,TDB-MID,2045.7264598874283,0.14452113376025363,2038,0.8522004674063691,2.828497546304791,3069,1.002326603034375,1.0012875817412388
TOI-2076_d,NIRISS_SOSS,obs14,SOSS_HDU3_ordem_1,jw05959014001_04102_00001-seg007_nis_x1dints.fits,seg007,3,350,60694.140956153555,TDB-MID,2044.50032496708,0.14451973969697396,2038,0.8522004674063691,2.828497546304791,3070,1.001725844490321,1.0006874459492072
TOI-2076_d,NIRISS_SOSS,obs14,SOSS_HDU3_ordem_1,jw05959014001_04102_00001-seg007_nis_x1dints.fits,seg007,3,351,60694.141033232416,TDB-MID,2034.9959434592088,0.1445010891654489,2038,0.8522004674063691,2.828497546304791,3071,0.9970690662662903,0.9960354949857896
TOI-2076_d,NIRISS_SOSS,obs14,SOSS_HDU3_ordem_1,jw05959014001_04102_00001-seg007_nis_x1dints.fits,seg007,3,352,60694.14111031127,TDB-MID,2053.9858653964084,0.14453545256131073,2038,0.8522004674063691,2.828497546304791,3072,1.0063733913167903,1.0053301750844181
TOI-2076_d,NIRISS_SOSS,obs14,SOSS_HDU3_ordem_1,jw05959014001_04102_00001-seg007_nis_x1dints.fits,seg007,3,353,60694.141187390116,TDB-MID,2041.8981350496501,0.14451216627124225,2038,0.8522004674063691,2.828497546304791,3073,1.0004508723806427,0.9994137954877482
TOI-2076_d,NIRISS_SOSS,obs14,SOSS_HDU3_ordem_1,jw05959014001_04102_00001-seg007_nis_x1dints.fits,seg007,3,354,60694.14126446897,TDB-MID,2037.6443175526788,0.14450317594760764,2038,0.8522004674063691,2.828497546304791,3074,0.9983666668305505,0.9973317504449591
TOI-2076_d,NIRISS_SOSS,obs14,SOSS_HDU3_ordem_1,jw05959014001_04102_00001-seg007_nis_x1dints.fits,seg007,3,355,60694.141341547824,TDB-MID,2050.5568672168974,0.14452964581979555,2038,0.8522004674063691,2.828497546304791,3075,1.0046933152340527,1.0036518405845327
TOI-2076_d,NIRISS_SOSS,obs14,SOSS_HDU3_ordem_1,jw05959014001_04102_00001-seg007_nis_x1dints.fits,seg007,3,356,60694.14141862668,TDB-MID,2047.802750034315,0.14452699789371645,2038,0.8522004674063691,2.828497546304791,3076,1.0033439046583454,1.0023038288206667
TOI-2076_d,NIRISS_SOSS,obs14,SOSS_HDU3_ordem_1,jw05959014001_04102_00001-seg007_nis_x1dints.fits,seg007,3,357,60694.14149570553,TDB-MID,2044.643307510299,0.1445214007481971,2038,0.8522004674063691,2.828497546304791,3077,1.0017959003896058,1.0007574292278805
TOI-2076_d,NIRISS_SOSS,obs14,SOSS_HDU3_ordem_1,jw05959014001_04102_00001-seg007_nis_x1dints.fits,seg007,3,358,60694.14157278438,TDB-MID,2041.126977980995,0.1445108880687062,2038,0.8522004674063691,2.828497546304791,3078,1.000073035333419,0.9990363501100026
TOI-2076_d,NIRISS_SOSS,obs14,SOSS_HDU3_ordem_1,jw05959014001_04102_00001-seg007_nis_x1dints.fits,seg007,3,359,60694.14164986323,TDB-MID,2047.285084823353,0.14452263105883248,2038,0.8522004674063691,2.828497546304791,3079,1.0030902687873788,1.0020504558710572
TOI-2076_d,NIRISS_SOSS,obs14,SOSS_HDU3_ordem_1,jw05959014001_04102_00001-seg007_nis_x1dints.fits,seg007,3,360,60694.14172694208,TDB-MID,2046.4709163262823,0.14452180959495345,2038,0.8522004674063691,2.828497546304791,3080,1.0026913578088255,1.0016519584074197
TOI-2076_d,NIRISS_SOSS,obs14,SOSS_HDU3_ordem_1,jw05959014001_04102_00001-seg007_nis_x1dints.fits,seg007,3,361,60694.14180402094,TDB-MID,2040.8199397014457,0.14450984179607165,2038,0.8522004674063691,2.828497546304791,3081,0.9999225984877427,0.9988860692085918
TOI-2076_d,NIRISS_SOSS,obs14,SOSS_HDU3_ordem_1,jw05959014001_04102_00001-seg007_nis_x1dints.fits,seg007,3,362,60694.141881099786,TDB-MID,2039.8686041286094,0.14450636445801482,2038,0.8522004674063691,2.828497546304791,3082,0.9994564809633502,0.9984204348660599
TOI-2076_d,NIRISS_SOSS,obs14,SOSS_HDU3_ordem_1,jw05959014001_04102_00001-seg007_nis_x1dints.fits,seg007,3,363,60694.14195817864,TDB-MID,2049.15339337074,0.14465252237171447,2038,0.8522004674063691,2.828497546304791,3083,1.0040056674960731,1.0029649056687409
TOI-2076_d,NIRISS_SOSS,obs14,SOSS_HDU3_ordem_1,jw05959014001_04102_00001-seg007_nis_x1dints.fits,seg007,3,364,60694.14203525749,TDB-MID,2046.8314269379052,0.14452377565387112,2038,0.8522004674063691,2.828497546304791,3084,1.0028679940228018,1.001828411518616
TOI-2076_d,NIRISS_SOSS,obs14,SOSS_HDU3_ordem_1,jw05959014001_04102_00001-seg007_nis_x1dints.fits,seg007,3,365,60694.14211233635,TDB-MID,2040.9280852553084,0.14451223306282407,2038,0.8522004674063691,2.828497546304791,3085,0.9999755856137157,0.9989390014076059
TOI-2076_d,NIRISS_SOSS,obs14,SOSS_HDU3_ordem_1,jw05959014001_04102_00001-seg007_nis_x1dints.fits,seg007,3,366,60694.14218941519,TDB-MID,2042.6581634074091,0.1445142403792345,2038,0.8522004674063691,2.828497546304791,3086,1.0008232567912565,0.9997857938811391
TOI-2076_d,NIRISS_SOSS,obs14,SOSS_HDU3_ordem_1,jw05959014001_04102_00001-seg007_nis_x1dints.fits,seg007,3,367,60694.142266494055,TDB-MID,2050.999396188772,0.14453342249376175,2038,0.8522004674063691,2.828497546304791,3087,1.0049101372627163,1.0038684378534184
TOI-2076_d,NIRISS_SOSS,obs14,SOSS_HDU3_ordem_1,jw05959014001_04102_00001-seg007_nis_x1dints.fits,seg007,3,368,60694.1423435729,TDB-MID,2043.2368620514658,0.14451767562788026,2038,0.8522004674063691,2.828497546304791,3088,1.0011067966766964,1.000069039846436
TOI-2076_d,NIRISS_SOSS,obs14,SOSS_HDU3_ordem_1,jw05959014001_04102_00001-seg007_nis_x1dints.fits,seg007,3,369,60694.14242065175,TDB-MID,2039.8290507718566,0.14450796862820797,2038,0.8522004674063691,2.828497546304791,3089,0.999437101352982,0.9984010753447802
TOI-2076_d,NIRISS_SOSS,obs14,SOSS_HDU3_ordem_1,jw05959014001_04102_00001-seg007_nis_x1dints.fits,seg007,3,370,60694.1424977306,TDB-MID,2048.1540162576857,0.14452494177881778,2038,0.8522004674063691,2.828497546304791,3090,1.003516011480707,1.0024757572354586
TOI-2076_d,NIRISS_SOSS,obs14,SOSS_HDU3_ordem_1,jw05959014001_04102_00001-seg007_nis_x1dints.fits,seg007,3,371,60694.14257480946,TDB-MID,2048.566516239417,0.1445283607761282,2038,0.8522004674063691,2.828497546304791,3091,1.0037181204691505,1.002677656715802
TOI-2076_d,NIRISS_SOSS,obs14,SOSS_HDU3_ordem_1,jw05959014001_04102_00001-seg007_nis_x1dints.fits,seg007,3,372,60694.14265188831,TDB-MID,2047.034640442316,0.14452648317367983,2038,0.8522004674063691,2.828497546304791,3092,1.002967560756459,1.0019278750404497
TOI-2076_d,NIRISS_SOSS,obs14,SOSS_HDU3_ordem_1,jw05959014001_04102_00001-seg007_nis_x1dints.fits,seg007,3,373,60694.142728967156,TDB-MID,2046.0528968219253,0.14452106627099973,2038,0.8522004674063691,2.828497546304791,3093,1.0024865444684206,1.001447357378472
TOI-2076_d,NIRISS_SOSS,obs14,SOSS_HDU3_ordem_1,jw05959014001_04102_00001-seg007_nis_x1dints.fits,seg007,3,374,60694.14280604602,TDB-MID,2046.585114146406,0.1445242235409124,2038,0.8522004674063691,2.828497546304791,3094,1.0027473103104736,1.0017078529081722
TOI-2076_d,NIRISS_SOSS,obs14,SOSS_HDU3_ordem_1,jw05959014001_04102_00001-seg007_nis_x1dints.fits,seg007,3,375,60694.14288312487,TDB-MID,2049.040780750627,0.1445261676139449,2038,0.8522004674063691,2.828497546304791,3095,1.0039504916809339,1.0029097870493764
TOI-2076_d,NIRISS_SOSS,obs14,SOSS_HDU3_ordem_1,jw05959014001_04102_00001-seg007_nis_x1dints.fits,seg007,3,376,60694.14296020372,TDB-MID,2048.1176915614833,0.14452565250078642,2038,0.8522004674063691,2.828497546304791,3096,1.003498213788755,1.0024579779927636
TOI-2076_d,NIRISS_SOSS,obs14,SOSS_HDU3_ordem_1,jw05959014001_04102_00001-seg007_nis_x1dints.fits,seg007,3,377,60694.14303728257,TDB-MID,2037.8316919393787,0.14450277267939318,2038,0.8522004674063691,2.828497546304791,3097,0.9984584730109951,0.9974234614582436
TOI-2076_d,NIRISS_SOSS,obs14,SOSS_HDU3_ordem_1,jw05959014001_04102_00001-seg007_nis_x1dints.fits,seg007,3,378,60694.143114361425,TDB-MID,2042.3801914420424,0.144503862542346,2038,0.8522004674063691,2.828497546304791,3098,1.0006870613119252,0.9996497395833376
TOI-2076_d,NIRISS_SOSS,obs14,SOSS_HDU3_ordem_1,jw05959014001_04102_00001-seg007_nis_x1dints.fits,seg007,3,379,60694.14319144028,TDB-MID,2044.532787256121,0.14453429173499463,2038,0.8522004674063691,2.828497546304791,3099,1.0017417497526029,1.000703334723943
TOI-2076_d,NIRISS_SOSS,obs14,SOSS_HDU3_ordem_1,jw05959014001_04102_00001-seg007_nis_x1dints.fits,seg007,3,380,60694.143268519125,TDB-MID,2039.9265800482608,0.14451059423027793,2038,0.8522004674063691,2.828497546304791,3100,0.9994848869148503,0.9984488113716804
TOI-2076_d,NIRISS_SOSS,obs14,SOSS_HDU3_ordem_1,jw05959014001_04102_00001-seg007_nis_x1dints.fits,seg007,3,381,60694.14334559798,TDB-MID,2044.0726908920687,0.1445178327939982,2038,0.8522004674063691,2.828497546304791,3101,1.001516320383285,1.0004781390368542
TOI-2076_d,NIRISS_SOSS,obs14,SOSS_HDU3_ordem_1,jw05959014001_04102_00001-seg007_nis_x1dints.fits,seg007,3,382,60694.14342267683,TDB-MID,2046.7348123612712,0.14452066499864544,2038,0.8522004674063691,2.828497546304791,3102,1.002820656628336,1.0017811231945435
TOI-2076_d,NIRISS_SOSS,obs14,SOSS_HDU3_ordem_1,jw05959014001_04102_00001-seg007_nis_x1dints.fits,seg007,3,383,60694.14349975568,TDB-MID,2046.8758436673816,0.14451934275161946,2038,0.8522004674063691,2.828497546304791,3103,1.002889756497134,1.0018501514337603
TOI-2076_d,NIRISS_SOSS,obs14,SOSS_HDU3_ordem_1,jw05959014001_04102_00001-seg007_nis_x1dints.fits,seg007,3,384,60694.14357683454,TDB-MID,2046.0241463588513,0.14452915226357052,2038,0.8522004674063691,2.828497546304791,3104,1.0024724578568653,1.0014332853692325
TOI-2076_d,NIRISS_SOSS,obs14,SOSS_HDU3_ordem_1,jw05959014001_04102_00001-seg007_nis_x1dints.fits,seg007,3,385,60694.14365391339,TDB-MID,2045.3782662475005,0.14451859191068828,2038,0.8522004674063691,2.828497546304791,3105,1.0021560016587023,1.001117157212575
TOI-2076_d,NIRISS_SOSS,obs14,SOSS_HDU3_ordem_1,jw05959014001_04102_00001-seg007_nis_x1dints.fits,seg007,3,386,60694.14373099224,TDB-MID,2044.3342776796221,0.14451903416271827,2038,0.8522004674063691,2.828497546304791,3106,1.0016444877611375,1.0006061735551832
TOI-2076_d,NIRISS_SOSS,obs14,SOSS_HDU3_ordem_1,jw05959014001_04102_00001-seg007_nis_x1dints.fits,seg007,3,387,60694.14380807109,TDB-MID,2044.7466218414881,0.14451603460437626,2038,0.8522004674063691,2.828497546304791,3107,1.0018465204038922,1.0008079967689782
TOI-2076_d,NIRISS_SOSS,obs14,SOSS_HDU3_ordem_1,jw05959014001_04102_00001-seg007_nis_x1dints.fits,seg007,3,388,60694.14388514994,TDB-MID,2029.6069516825296,0.14449485573626397,2038,0.8522004674063691,2.828497546304791,3108,0.9944286693573134,0.99339783513737
TOI-2076_d,NIRISS_SOSS,obs14,SOSS_HDU3_ordem_1,jw05959014001_04102_00001-seg007_nis_x1dints.fits,seg007,3,389,60694.143962228794,TDB-MID,2040.6723021459295,0.14450972076161095,2038,0.8522004674063691,2.828497546304791,3109,0.9998502618130197,0.9988138075187541
TOI-2076_d,NIRISS_SOSS,obs14,SOSS_HDU3_ordem_1,jw05959014001_04102_00001-seg007_nis_x1dints.fits,seg007,3,390,60694.14403930765,TDB-MID,2047.2417509434686,0.14452317049377675,2038,0.8522004674063691,2.828497546304791,3110,1.0030690368673385,1.0020292459602274
TOI-2076_d,NIRISS_SOSS,obs14,SOSS_HDU3_ordem_1,jw05959014001_04102_00001-seg007_nis_x1dints.fits,seg007,3,391,60694.1441163865,TDB-MID,2049.2627866886696,0.144529037735715,2038,0.8522004674063691,2.828497546304791,3111,1.004059265978033,1.0030184485900042
TOI-2076_d,NIRISS_SOSS,obs14,SOSS_HDU3_ordem_1,jw05959014001_04102_00001-seg007_nis_x1dints.fits,seg007,3,392,60694.14419346535,TDB-MID,2039.938482836797,0.14450882131614834,2038,0.8522004674063691,2.828497546304791,3112,0.9994907188194739,0.9984546372308962
TOI-2076_d,NIRISS_SOSS,obs14,SOSS_HDU3_ordem_1,jw05959014001_04102_00001-seg007_nis_x1dints.fits,seg007,3,393,60694.1442705442,TDB-MID,2048.150931166996,0.14452737057982198,2038,0.8522004674063691,2.828497546304791,3113,1.0035144999059524,1.0024742472276171
TOI-2076_d,NIRISS_SOSS,obs14,SOSS_HDU3_ordem_1,jw05959014001_04102_00001-seg007_nis_x1dints.fits,seg007,3,394,60694.14434762306,TDB-MID,2044.9481292937573,0.1445187132192735,2038,0.8522004674063691,2.828497546304791,3114,1.0019452512381848,1.0009066252579486
TOI-2076_d,NIRISS_SOSS,obs14,SOSS_HDU3_ordem_1,jw05959014001_04102_00001-seg007_nis_x1dints.fits,seg007,3,395,60694.14442470191,TDB-MID,2045.1233170270352,0.1445199738681297,2038,0.8522004674063691,2.828497546304791,3115,1.0020310864312238,1.0009923714734101
TOI-2076_d,NIRISS_SOSS,obs14,SOSS_HDU3_ordem_1,jw05959014001_04102_00001-seg007_nis_x1dints.fits,seg007,3,396,60694.14450178076,TDB-MID,2048.0099841967735,0.14452469626226083,2038,0.8522004674063691,2.828497546304791,3116,1.0034454413584677,1.0024052602668796
TOI-2076_d,NIRISS_SOSS,obs14,SOSS_HDU3_ordem_1,jw05959014001_04102_00001-seg007_nis_x1dints.fits,seg007,3,397,60694.14457885961,TDB-MID,2053.9854617932774,0.14454192271635602,2038,0.8522004674063691,2.828497546304791,3117,1.0063731935669136,1.0053299775395308
TOI-2076_d,NIRISS_SOSS,obs14,SOSS_HDU3_ordem_1,jw05959014001_04102_00001-seg007_nis_x1dints.fits,seg007,3,398,60694.14465593847,TDB-MID,2043.2886023892952,0.1445171983842619,2038,0.8522004674063691,2.828497546304791,3118,1.0011321474350081,1.0000943643259104
TOI-2076_d,NIRISS_SOSS,obs14,SOSS_HDU3_ordem_1,jw05959014001_04102_00001-seg007_nis_x1dints.fits,seg007,3,399,60694.14473301732,TDB-MID,2047.2217352553457,0.14452655346371102,2038,0.8522004674063691,2.828497546304791,3119,1.003059229956651,1.0020194492154766
TOI-2076_d,NIRISS_SOSS,obs14,SOSS_HDU3_ordem_1,jw05959014001_04102_00001-seg007_nis_x1dints.fits,seg007,3,400,60694.144810096164,TDB-MID,2045.8223745520354,0.14452566676623219,2038,0.8522004674063691,2.828497546304791,3120,1.0023735974991004,1.0013345274910548
TOI-2076_d,NIRISS_SOSS,obs14,SOSS_HDU3_ordem_1,jw05959014001_04102_00001-seg007_nis_x1dints.fits,seg007,3,401,60694.144887175025,TDB-MID,2044.337137053709,0.14451596327417834,2038,0.8522004674063691,2.828497546304791,3121,1.001645888743513,1.000607573085287
TOI-2076_d,NIRISS_SOSS,obs14,SOSS_HDU3_ordem_1,jw05959014001_04102_00001-seg007_nis_x1dints.fits,seg007,3,402,60694.14496425387,TDB-MID,2046.5515437972783,0.14452526121947845,2038,0.8522004674063691,2.828497546304791,3122,1.0027308621417357,1.0016914217897626
TOI-2076_d,NIRISS_SOSS,obs14,SOSS_HDU3_ordem_1,jw05959014001_04102_00001-seg007_nis_x1dints.fits,seg007,3,403,60694.145041332726,TDB-MID,2050.476175022965,0.1445332652493922,2038,0.8522004674063691,2.828497546304791,3123,1.0046537791894146,1.0036123455233346
TOI-2076_d,NIRISS_SOSS,obs14,SOSS_HDU3_ordem_1,jw05959014001_04102_00001-seg007_nis_x1dints.fits,seg007,3,404,60694.14511841157,TDB-MID,2039.775317661091,0.14450706545819048,2038,0.8522004674063691,2.828497546304791,3124,0.9994107742132396,0.9983747754960014
TOI-2076_d,NIRISS_SOSS,obs14,SOSS_HDU3_ordem_1,jw05959014001_04102_00001-seg007_nis_x1dints.fits,seg007,3,405,60694.14519549043,TDB-MID,2041.5057193298153,0.1445131915325733,2038,0.8522004674063691,2.828497546304791,3125,1.0002586039013754,0.9992217263158159
TOI-2076_d,NIRISS_SOSS,obs14,SOSS_HDU3_ordem_1,jw05959014001_04102_00001-seg007_nis_x1dints.fits,seg007,3,406,60694.14527256928,TDB-MID,2041.5956542037293,0.14451296204603722,2038,0.8522004674063691,2.828497546304791,3126,1.0003026685006422,0.9992657452372998
TOI-2076_d,NIRISS_SOSS,obs14,SOSS_HDU3_ordem_1,jw05959014001_04102_00001-seg007_nis_x1dints.fits,seg007,3,407,60694.14534964813,TDB-MID,2037.2359735926334,0.1445020381926706,2038,0.8522004674063691,2.828497546304791,3127,0.9981665941315034,0.9971318851431754
TOI-2076_d,NIRISS_SOSS,obs14,SOSS_HDU3_ordem_1,jw05959014001_04102_00001-seg007_nis_x1dints.fits,seg007,3,408,60694.14542672699,TDB-MID,2044.6150903475177,0.14453054026172932,2038,0.8522004674063691,2.828497546304791,3128,1.001782075074505,1.0007436182442329
TOI-2076_d,NIRISS_SOSS,obs14,SOSS_HDU3_ordem_1,jw05959014001_04102_00001-seg007_nis_x1dints.fits,seg007,3,409,60694.14550380584,TDB-MID,2045.7365696951258,0.14452322118409927,2038,0.8522004674063691,2.828497546304791,3129,1.002331556447945,1.001292530020053
TOI-2076_d,NIRISS_SOSS,obs14,SOSS_HDU3_ordem_1,jw05959014001_04102_00001-seg007_nis_x1dints.fits,seg007,3,410,60694.14558088469,TDB-MID,2042.3054861204728,0.14451339290564016,2038,0.8522004674063691,2.828497546304791,3130,1.000650458602489,0.999613174816618
TOI-2076_d,NIRISS_SOSS,obs14,SOSS_HDU3_ordem_1,jw05959014001_04102_00001-seg007_nis_x1dints.fits,seg007,3,411,60694.145657963534,TDB-MID,2042.190861515283,0.14451217636557692,2038,0.8522004674063691,2.828497546304791,3131,1.000594296992715,0.9995570714245033
TOI-2076_d,NIRISS_SOSS,obs14,SOSS_HDU3_ordem_1,jw05959014001_04102_00001-seg007_nis_x1dints.fits,seg007,3,412,60694.145735042395,TDB-MID,2038.3688781460714,0.1445056838186599,2038,0.8522004674063691,2.828497546304791,3132,0.9987216734125683,0.9976863890237763
TOI-2076_d,NIRISS_SOSS,obs14,SOSS_HDU3_ordem_1,jw05959014001_04102_00001-seg007_nis_x1dints.fits,seg007,3,413,60694.14581212125,TDB-MID,2045.592961484303,0.14451941473355157,2038,0.8522004674063691,2.828497546304791,3133,1.0022611939958066,1.001222240506302
TOI-2076_d,NIRISS_SOSS,obs14,SOSS_HDU3_ordem_1,jw05959014001_04102_00001-seg007_nis_x1dints.fits,seg007,3,414,60694.145889200096,TDB-MID,2046.0431990894426,0.1445166845734121,2038,0.8522004674063691,2.828497546304791,3134,1.0024817929557197,1.0014426107912344
TOI-2076_d,NIRISS_SOSS,obs14,SOSS_HDU3_ordem_1,jw05959014001_04102_00001-seg007_nis_x1dints.fits,seg007,3,415,60694.14596627895,TDB-MID,2039.1550140853287,0.14450353867730845,2038,0.8522004674063691,2.828497546304791,3135,0.9991068495252937,0.9980711658592786
TOI-2076_d,NIRISS_SOSS,obs14,SOSS_HDU3_ordem_1,jw05959014001_04102_00001-seg007_nis_x1dints.fits,seg007,3,416,60694.1460433578,TDB-MID,2048.9584187748032,0.14452540470267525,2038,0.8522004674063691,2.828497546304791,3136,1.0039101375079467,1.0028694747079088
TOI-2076_d,NIRISS_SOSS,obs14,SOSS_HDU3_ordem_1,jw05959014001_04102_00001-seg007_nis_x1dints.fits,seg007,3,417,60694.14612043666,TDB-MID,2043.6944713272223,0.1445173224183572,2038,0.8522004674063691,2.828497546304791,3137,1.0013310074692339,1.0002930182199328
TOI-2076_d,NIRISS_SOSS,obs14,SOSS_HDU3_ordem_1,jw05959014001_04102_00001-seg007_nis_x1dints.fits,seg007,3,418,60694.1461975155,TDB-MID,2045.7715345410554,0.14451882299183647,2038,0.8522004674063691,2.828497546304791,3138,1.0023486878660175,1.0013096436795346
TOI-2076_d,NIRISS_SOSS,obs14,SOSS_HDU3_ordem_1,jw05959014001_04102_00001-seg007_nis_x1dints.fits,seg007,3,419,60694.14627459436,TDB-MID,2040.2607803924807,0.14451035825100417,2038,0.8522004674063691,2.828497546304791,3139,0.9996486321184849,0.9986123868354789
TOI-2076_d,NIRISS_SOSS,obs14,SOSS_HDU3_ordem_1,jw05959014001_04102_00001-seg007_nis_x1dints.fits,seg007,3,420,60694.14635167321,TDB-MID,2050.1151268888416,0.14452999771180677,2038,0.8522004674063691,2.828497546304791,3140,1.0044768796102657,1.0034356293199724
TOI-2076_d,NIRISS_SOSS,obs14,SOSS_HDU3_ordem_1,jw05959014001_04102_00001-seg007_nis_x1dints.fits,seg007,3,421,60694.146428752065,TDB-MID,2041.2724834159176,0.1445109201126007,2038,0.8522004674063691,2.828497546304791,3141,1.000144327351765,0.999107568226364
TOI-2076_d,NIRISS_SOSS,obs14,SOSS_HDU3_ordem_1,jw05959014001_04102_00001-seg007_nis_x1dints.fits,seg007,3,422,60694.14650583092,TDB-MID,2041.0354341825796,0.14451083011433435,2038,0.8522004674063691,2.828497546304791,3142,1.0000281824235633,0.9989915436951001
TOI-2076_d,NIRISS_SOSS,obs14,SOSS_HDU3_ordem_1,jw05959014001_04102_00001-seg007_nis_x1dints.fits,seg007,3,423,60694.146582909765,TDB-MID,2045.5781669081482,0.1445211122184927,2038,0.8522004674063691,2.828497546304791,3143,1.0022539452274344,1.001214999252072
TOI-2076_d,NIRISS_SOSS,obs14,SOSS_HDU3_ordem_1,jw05959014001_04102_00001-seg007_nis_x1dints.fits,seg007,3,424,60694.14665998862,TDB-MID,2044.578463275215,0.14451937116973335,2038,0.8522004674063691,2.828497546304791,3144,1.0017641292299946,1.0007256910025553
TOI-2076_d,NIRISS_SOSS,obs14,SOSS_HDU3_ordem_1,jw05959014001_04102_00001-seg007_nis_x1dints.fits,seg007,3,425,60694.146737067465,TDB-MID,2056.2217774028854,0.14454274167649228,2038,0.8522004674063691,2.828497546304791,3145,1.0074689014595586,1.0064245496109494
TOI-2076_d,NIRISS_SOSS,obs14,SOSS_HDU3_ordem_1,jw05959014001_04102_00001-seg007_nis_x1dints.fits,seg007,3,426,60694.14681414633,TDB-MID,2045.5644627360525,0.14452246746173186,2038,0.8522004674063691,2.828497546304791,3146,1.0022472307147499,1.0012082916997154
TOI-2076_d,NIRISS_SOSS,obs14,SOSS_HDU3_ordem_1,jw05959014001_04102_00001-seg007_nis_x1dints.fits,seg007,3,427,60694.14689122517,TDB-MID,2055.66943061401,0.14454298306204955,2038,0.8522004674063691,2.828497546304791,3147,1.0071982729608582,1.0061542016483256
TOI-2076_d,NIRISS_SOSS,obs14,SOSS_HDU3_ordem_1,jw05959014001_04102_00001-seg007_nis_x1dints.fits,seg007,3,428,60694.14696830403,TDB-MID,2038.2202355007619,0.14450557930827929,2038,0.8522004674063691,2.828497546304791,3148,0.9986488442828383,0.9976136353894152
TOI-2076_d,NIRISS_SOSS,obs14,SOSS_HDU3_ordem_1,jw05959014001_04102_00001-seg007_nis_x1dints.fits,seg007,3,429,60694.14704538288,TDB-MID,2048.7274400554766,0.14447946634291647,2038,0.8522004674063691,2.828497546304791,3149,1.00379696689611,1.002756421409805
TOI-2076_d,NIRISS_SOSS,obs14,SOSS_HDU3_ordem_1,jw05959014001_04102_00001-seg007_nis_x1dints.fits,seg007,3,430,60694.14712246173,TDB-MID,2041.5540245887264,0.14451323156517387,2038,0.8522004674063691,2.828497546304791,3150,1.000282271604278,0.9992453694845527
TOI-2076_d,NIRISS_SOSS,obs14,SOSS_HDU3_ordem_1,jw05959014001_04102_00001-seg007_nis_x1dints.fits,seg007,3,431,60694.14719954058,TDB-MID,2040.501707034859,0.14451078532989703,2038,0.8522004674063691,2.828497546304791,3151,0.9997666768266952,0.9987303091774217
TOI-2076_d,NIRISS_SOSS,obs14,SOSS_HDU3_ordem_1,jw05959014001_04102_00001-seg007_nis_x1dints.fits,seg007,3,432,60694.147276619435,TDB-MID,2043.4235823155664,0.14452226492676937,2038,0.8522004674063691,2.828497546304791,3152,1.0011982823624435,1.000160430697251
TOI-2076_d,NIRISS_SOSS,obs14,SOSS_HDU3_ordem_1,jw05959014001_04102_00001-seg007_nis_x1dints.fits,seg007,3,433,60694.14735369829,TDB-MID,2039.132743967594,0.14450872522407154,2038,0.8522004674063691,2.828497546304791,3153,0.999095938031555,0.9980602656764981
TOI-2076_d,NIRISS_SOSS,obs14,SOSS_HDU3_ordem_1,jw05959014001_04102_00001-seg007_nis_x1dints.fits,seg007,3,434,60694.147430777135,TDB-MID,2039.3210998055324,0.14450727704528848,2038,0.8522004674063691,2.828497546304791,3154,0.9991882250850318,0.9981524570643372
TOI-2076_d,NIRISS_SOSS,obs14,SOSS_HDU3_ordem_1,jw05959014001_04102_00001-seg007_nis_x1dints.fits,seg007,3,435,60694.14750785599,TDB-MID,2036.249296619048,0.1445023939939656,2038,0.8522004674063691,2.828497546304791,3155,0.9976831606917851,0.9966489528351602
TOI-2076_d,NIRISS_SOSS,obs14,SOSS_HDU3_ordem_1,jw05959014001_04102_00001-seg007_nis_x1dints.fits,seg007,3,436,60694.14758493485,TDB-MID,2036.8189437431452,0.14452546708644437,2038,0.8522004674063691,2.828497546304791,3156,0.9979622656835914,0.9969277685040764
TOI-2076_d,NIRISS_SOSS,obs14,SOSS_HDU3_ordem_1,jw05959014001_04102_00001-seg007_nis_x1dints.fits,seg007,3,437,60694.1476620137,TDB-MID,2039.4201608868993,0.14450814433178405,2038,0.8522004674063691,2.828497546304791,3157,0.9992367611719067,0.9982009428382427
TOI-2076_d,NIRISS_SOSS,obs14,SOSS_HDU3_ordem_1,jw05959014001_04102_00001-seg007_nis_x1dints.fits,seg007,3,438,60694.14773909254,TDB-MID,2043.2214323378837,0.14451589829048683,2038,0.8522004674063691,2.828497546304791,3158,1.0010992367156244,1.0000614877220917
TOI-2076_d,NIRISS_SOSS,obs14,SOSS_HDU3_ordem_1,jw05959014001_04102_00001-seg007_nis_x1dints.fits,seg007,3,439,60694.1478161714,TDB-MID,2039.1855314020318,0.14450855623848236,2038,0.8522004674063691,2.828497546304791,3159,0.9991218018265835,0.9980861026608706
TOI-2076_d,NIRISS_SOSS,obs14,SOSS_HDU3_ordem_1,jw05959014001_04102_00001-seg007_nis_x1dints.fits,seg007,3,440,60694.14789325026,TDB-MID,2048.9708758836173,0.14452907694726652,2038,0.8522004674063691,2.828497546304791,3160,1.003916241008002,1.0028755718810178
TOI-2076_d,NIRISS_SOSS,obs14,SOSS_HDU3_ordem_1,jw05959014001_04102_00001-seg007_nis_x1dints.fits,seg007,3,441,60694.147970329104,TDB-MID,2047.1021132752471,0.14452570839750267,2038,0.8522004674063691,2.828497546304791,3161,1.003000619827041,1.0019608998416845
TOI-2076_d,NIRISS_SOSS,obs14,SOSS_HDU3_ordem_1,jw05959014001_04102_00001-seg007_nis_x1dints.fits,seg007,3,442,60694.14804740795,TDB-MID,2042.3204554494998,0.14451490828840877,2038,0.8522004674063691,2.828497546304791,3162,1.0006577929929892,0.9996205016042193
TOI-2076_d,NIRISS_SOSS,obs14,SOSS_HDU3_ordem_1,jw05959014001_04102_00001-seg007_nis_x1dints.fits,seg007,3,443,60694.14812448681,TDB-MID,2043.3317131415056,0.14451521463620498,2038,0.8522004674063691,2.828497546304791,3163,1.0011532700311443,1.0001154650261626
TOI-2076_d,NIRISS_SOSS,obs14,SOSS_HDU3_ordem_1,jw05959014001_04102_00001-seg007_nis_x1dints.fits,seg007,3,444,60694.14820156566,TDB-MID,2046.0922787564232,0.14451991647411075,2038,0.8522004674063691,2.828497546304791,3164,1.002505840088534,1.001466632996562
TOI-2076_d,NIRISS_SOSS,obs14,SOSS_HDU3_ordem_1,jw05959014001_04102_00001-seg007_nis_x1dints.fits,seg007,3,445,60694.14827864451,TDB-MID,2050.759634009438,0.1445318347007885,2038,0.8522004674063691,2.828497546304791,3165,1.0047926630962232,1.003751085461764
TOI-2076_d,NIRISS_SOSS,obs14,SOSS_HDU3_ordem_1,jw05959014001_04102_00001-seg007_nis_x1dints.fits,seg007,3,446,60694.14835572336,TDB-MID,2038.7860662029507,0.1445084905180091,2038,0.8522004674063691,2.828497546304791,3166,0.9989260793759644,0.997890583098006
TOI-2076_d,NIRISS_SOSS,obs14,SOSS_HDU3_ordem_1,jw05959014001_04102_00001-seg007_nis_x1dints.fits,seg007,3,447,60694.14843280222,TDB-MID,2043.3174703105994,0.14451569442405526,2038,0.8522004674063691,2.828497546304791,3167,1.0011462915965395,1.0001084938254694
TOI-2076_d,NIRISS_SOSS,obs14,SOSS_HDU3_ordem_1,jw05959014001_04102_00001-seg007_nis_x1dints.fits,seg007,3,448,60694.148509881066,TDB-MID,2037.7091969400706,0.14450659037169855,2038,0.8522004674063691,2.828497546304791,3168,0.998398455213429,0.9973635058756974
TOI-2076_d,NIRISS_SOSS,obs14,SOSS_HDU3_ordem_1,jw05959014001_04102_00001-seg007_nis_x1dints.fits,seg007,3,449,60694.14858695991,TDB-MID,2035.6626669323664,0.14449906305860838,2038,0.8522004674063691,2.828497546304791,3169,0.9973957349031374,0.9963618249948196
TOI-2076_d,NIRISS_SOSS,obs14,SOSS_HDU3_ordem_1,jw05959014001_04102_00001-seg008_nis_x1dints.fits,seg008,3,0,60694.148664038774,TDB-MID,2050.2238440440788,0.1445333953898171,2038,0.8522004674063691,2.828497546304791,3170,1.0045301467987373,1.0025780920763645
TOI-2076_d,NIRISS_SOSS,obs14,SOSS_HDU3_ordem_1,jw05959014001_04102_00001-seg008_nis_x1dints.fits,seg008,3,1,60694.14874111763,TDB-MID,2051.505907312644,0.14454403942828062,2038,0.8522004674063691,2.828497546304791,3171,1.0051583080637223,1.0032050326660242
TOI-2076_d,NIRISS_SOSS,obs14,SOSS_HDU3_ordem_1,jw05959014001_04102_00001-seg008_nis_x1dints.fits,seg008,3,2,60694.148818196474,TDB-MID,2040.9295215068914,0.1445151931411702,2038,0.8522004674063691,2.828497546304791,3172,0.9999762893212731,0.9980330838893094
TOI-2076_d,NIRISS_SOSS,obs14,SOSS_HDU3_ordem_1,jw05959014001_04102_00001-seg008_nis_x1dints.fits,seg008,3,3,60694.14889527532,TDB-MID,2047.6349473284258,0.14452650749297785,2038,0.8522004674063691,2.828497546304791,3173,1.0032616878422305,1.0013120980546375
TOI-2076_d,NIRISS_SOSS,obs14,SOSS_HDU3_ordem_1,jw05959014001_04102_00001-seg008_nis_x1dints.fits,seg008,3,4,60694.14897235418,TDB-MID,2048.8899930656853,0.1445318466620882,2038,0.8522004674063691,2.828497546304791,3174,1.003876611564999,1.0019258268259545
TOI-2076_d,NIRISS_SOSS,obs14,SOSS_HDU3_ordem_1,jw05959014001_04102_00001-seg008_nis_x1dints.fits,seg008,3,5,60694.149049433036,TDB-MID,2045.1601724045095,0.14452611677136565,2038,0.8522004674063691,2.828497546304791,3175,1.0020491441364117,1.000101910626203
TOI-2076_d,NIRISS_SOSS,obs14,SOSS_HDU3_ordem_1,jw05959014001_04102_00001-seg008_nis_x1dints.fits,seg008,3,6,60694.14912651188,TDB-MID,2040.8122527825892,0.14451551438691862,2038,0.8522004674063691,2.828497546304791,3176,0.9999188321957108,0.9979757384173931
TOI-2076_d,NIRISS_SOSS,obs14,SOSS_HDU3_ordem_1,jw05959014001_04102_00001-seg008_nis_x1dints.fits,seg008,3,7,60694.149203590736,TDB-MID,2038.2691687526742,0.14451053485807422,2038,0.8522004674063691,2.828497546304791,3177,0.9986728196779493,0.9967321472153353
TOI-2076_d,NIRISS_SOSS,obs14,SOSS_HDU3_ordem_1,jw05959014001_04102_00001-seg008_nis_x1dints.fits,seg008,3,8,60694.14928066959,TDB-MID,2048.6259120720615,0.1445329534151057,2038,0.8522004674063691,2.828497546304791,3178,1.0037472221229329,1.0017966888201166
TOI-2076_d,NIRISS_SOSS,obs14,SOSS_HDU3_ordem_1,jw05959014001_04102_00001-seg008_nis_x1dints.fits,seg008,3,9,60694.14935774844,TDB-MID,2049.9867028527383,0.14453649824950474,2038,0.8522004674063691,2.828497546304791,3179,1.0044139568146822,1.002462127878671
TOI-2076_d,NIRISS_SOSS,obs14,SOSS_HDU3_ordem_1,jw05959014001_04102_00001-seg008_nis_x1dints.fits,seg008,3,10,60694.14943482729,TDB-MID,2050.9553715845286,0.14453708269671844,2038,0.8522004674063691,2.828497546304791,3180,1.004888566914536,1.0029358156917327
TOI-2076_d,NIRISS_SOSS,obs14,SOSS_HDU3_ordem_1,jw05959014001_04102_00001-seg008_nis_x1dints.fits,seg008,3,11,60694.149511906144,TDB-MID,2044.3570616749819,0.14452092852068782,2038,0.8522004674063691,2.828497546304791,3181,1.001655651034977,0.9997091821808312
TOI-2076_d,NIRISS_SOSS,obs14,SOSS_HDU3_ordem_1,jw05959014001_04102_00001-seg008_nis_x1dints.fits,seg008,3,12,60694.149588985,TDB-MID,2043.1100276182128,0.14451681220697396,2038,0.8522004674063691,2.828497546304791,3182,1.0010446527248422,0.9990993711940837
TOI-2076_d,NIRISS_SOSS,obs14,SOSS_HDU3_ordem_1,jw05959014001_04102_00001-seg008_nis_x1dints.fits,seg008,3,13,60694.149666063844,TDB-MID,2049.226119174098,0.14453169553098932,2038,0.8522004674063691,2.828497546304791,3183,1.0040413003183797,1.0020901955476669
TOI-2076_d,NIRISS_SOSS,obs14,SOSS_HDU3_ordem_1,jw05959014001_04102_00001-seg008_nis_x1dints.fits,seg008,3,14,60694.149743142705,TDB-MID,2046.1294249530988,0.14452579644385646,2038,0.8522004674063691,2.828497546304791,3184,1.0025240402838484,1.0005758839309853
TOI-2076_d,NIRISS_SOSS,obs14,SOSS_HDU3_ordem_1,jw05959014001_04102_00001-seg008_nis_x1dints.fits,seg008,3,15,60694.14982022155,TDB-MID,2051.57765767376,0.14453621618298315,2038,0.8522004674063691,2.828497546304791,3185,1.0051934629571717,1.0032401192446738
TOI-2076_d,NIRISS_SOSS,obs14,SOSS_HDU3_ordem_1,jw05959014001_04102_00001-seg008_nis_x1dints.fits,seg008,3,16,60694.149897300405,TDB-MID,2037.8917865379944,0.1445113627862113,2038,0.8522004674063691,2.828497546304791,3186,0.9984879170329952,0.996547603882725
TOI-2076_d,NIRISS_SOSS,obs14,SOSS_HDU3_ordem_1,jw05959014001_04102_00001-seg008_nis_x1dints.fits,seg008,3,17,60694.14997437925,TDB-MID,2039.5138923708298,0.14451368456600983,2038,0.8522004674063691,2.828497546304791,3187,0.9992826859627952,0.9973408283766038
TOI-2076_d,NIRISS_SOSS,obs14,SOSS_HDU3_ordem_1,jw05959014001_04102_00001-seg008_nis_x1dints.fits,seg008,3,18,60694.15005145811,TDB-MID,2047.6381674563286,0.14452927077753586,2038,0.8522004674063691,2.828497546304791,3188,1.0032632655799807,1.0013136727264462
TOI-2076_d,NIRISS_SOSS,obs14,SOSS_HDU3_ordem_1,jw05959014001_04102_00001-seg008_nis_x1dints.fits,seg008,3,19,60694.15012853696,TDB-MID,2049.8317947359747,0.14453721000815375,2038,0.8522004674063691,2.828497546304791,3189,1.0043380578470036,1.0023863764017757
TOI-2076_d,NIRISS_SOSS,obs14,SOSS_HDU3_ordem_1,jw05959014001_04102_00001-seg008_nis_x1dints.fits,seg008,3,20,60694.15020561581,TDB-MID,2045.4485187849382,0.14452486453454824,2038,0.8522004674063691,2.828497546304791,3190,1.002190422676656,1.000242914626711
TOI-2076_d,NIRISS_SOSS,obs14,SOSS_HDU3_ordem_1,jw05959014001_04102_00001-seg008_nis_x1dints.fits,seg008,3,21,60694.15028269466,TDB-MID,2046.545832575241,0.14452533552993616,2038,0.8522004674063691,2.828497546304791,3191,1.0027280638644998,1.000779511042506
TOI-2076_d,NIRISS_SOSS,obs14,SOSS_HDU3_ordem_1,jw05959014001_04102_00001-seg008_nis_x1dints.fits,seg008,3,22,60694.15035977351,TDB-MID,2055.1813232043874,0.14456554037700176,2038,0.8522004674063691,2.828497546304791,3192,1.0069591192658771,1.0050023444390952
TOI-2076_d,NIRISS_SOSS,obs14,SOSS_HDU3_ordem_1,jw05959014001_04102_00001-seg008_nis_x1dints.fits,seg008,3,23,60694.15043685237,TDB-MID,2052.7204071663396,0.1445379258654104,2038,0.8522004674063691,2.828497546304791,3193,1.0057533658764894,1.0037989341317994
TOI-2076_d,NIRISS_SOSS,obs14,SOSS_HDU3_ordem_1,jw05959014001_04102_00001-seg008_nis_x1dints.fits,seg008,3,24,60694.15051393122,TDB-MID,2044.4450478984793,0.14452231678243618,2038,0.8522004674063691,2.828497546304791,3194,1.001698760871136,0.9997522082437361
TOI-2076_d,NIRISS_SOSS,obs14,SOSS_HDU3_ordem_1,jw05959014001_04102_00001-seg008_nis_x1dints.fits,seg008,3,25,60694.150591010075,TDB-MID,2039.3350386684767,0.14451554767275235,2038,0.8522004674063691,2.828497546304791,3195,0.9991950545871275,0.9972533672907389
TOI-2076_d,NIRISS_SOSS,obs14,SOSS_HDU3_ordem_1,jw05959014001_04102_00001-seg008_nis_x1dints.fits,seg008,3,26,60694.15066808892,TDB-MID,2044.59671336571,0.14452116894231715,2038,0.8522004674063691,2.828497546304791,3196,1.0017730710663395,0.9998263740355406
TOI-2076_d,NIRISS_SOSS,obs14,SOSS_HDU3_ordem_1,jw05959014001_04102_00001-seg008_nis_x1dints.fits,seg008,3,27,60694.150745167775,TDB-MID,2046.6272263979827,0.1445260711719694,2038,0.8522004674063691,2.828497546304791,3197,1.0027679436800354,1.0008193133615297
TOI-2076_d,NIRISS_SOSS,obs14,SOSS_HDU3_ordem_1,jw05959014001_04102_00001-seg008_nis_x1dints.fits,seg008,3,28,60694.15082224663,TDB-MID,2045.1857627514567,0.14452287792473548,2038,0.8522004674063691,2.828497546304791,3198,1.0020616824136588,1.0001144245384241
TOI-2076_d,NIRISS_SOSS,obs14,SOSS_HDU3_ordem_1,jw05959014001_04102_00001-seg008_nis_x1dints.fits,seg008,3,29,60694.15089932548,TDB-MID,2044.71668411243,0.1445306559144477,2038,0.8522004674063691,2.828497546304791,3199,1.0018318520780638,0.9998850408209752
TOI-2076_d,NIRISS_SOSS,obs14,SOSS_HDU3_ordem_1,jw05959014001_04102_00001-seg008_nis_x1dints.fits,seg008,3,30,60694.15097640433,TDB-MID,2047.8617923545703,0.14452826013007486,2038,0.8522004674063691,2.828497546304791,3200,1.0033728331047713,1.001423027333979
TOI-2076_d,NIRISS_SOSS,obs14,SOSS_HDU3_ordem_1,jw05959014001_04102_00001-seg008_nis_x1dints.fits,seg008,3,31,60694.15105348318,TDB-MID,2048.605686035789,0.14453067512433176,2038,0.8522004674063691,2.828497546304791,3201,1.003737312149812,1.001786798104566
TOI-2076_d,NIRISS_SOSS,obs14,SOSS_HDU3_ordem_1,jw05959014001_04102_00001-seg008_nis_x1dints.fits,seg008,3,32,60694.151130562044,TDB-MID,2049.5087162532755,0.14453394952474516,2038,0.8522004674063691,2.828497546304791,3202,1.0041797619240505,1.0022283880876135
TOI-2076_d,NIRISS_SOSS,obs14,SOSS_HDU3_ordem_1,jw05959014001_04102_00001-seg008_nis_x1dints.fits,seg008,3,33,60694.15120764089,TDB-MID,2039.7564985043302,0.14451318436477992,2038,0.8522004674063691,2.828497546304791,3203,0.9994015535565008,0.9974594649806786
TOI-2076_d,NIRISS_SOSS,obs14,SOSS_HDU3_ordem_1,jw05959014001_04102_00001-seg008_nis_x1dints.fits,seg008,3,34,60694.15128471974,TDB-MID,2044.5558547839191,0.14452446729747673,2038,0.8522004674063691,2.828497546304791,3204,1.0017530519463378,0.999806393817724
TOI-2076_d,NIRISS_SOSS,obs14,SOSS_HDU3_ordem_1,jw05959014001_04102_00001-seg008_nis_x1dints.fits,seg008,3,35,60694.15136179859,TDB-MID,2039.7569253015176,0.14451202188365672,2038,0.8522004674063691,2.828497546304791,3205,0.9994017626705655,0.9974596736883821
TOI-2076_d,NIRISS_SOSS,obs14,SOSS_HDU3_ordem_1,jw05959014001_04102_00001-seg008_nis_x1dints.fits,seg008,3,36,60694.151438877445,TDB-MID,2040.143912928152,0.1445162143197294,2038,0.8522004674063691,2.828497546304791,3206,0.999591371594743,0.9976489141547318
TOI-2076_d,NIRISS_SOSS,obs14,SOSS_HDU3_ordem_1,jw05959014001_04102_00001-seg008_nis_x1dints.fits,seg008,3,37,60694.1515159563,TDB-MID,2044.4984780840061,0.1445225549519605,2038,0.8522004674063691,2.828497546304791,3207,1.0017249395892633,0.9997783360900298
TOI-2076_d,NIRISS_SOSS,obs14,SOSS_HDU3_ordem_1,jw05959014001_04102_00001-seg008_nis_x1dints.fits,seg008,3,38,60694.151593035145,TDB-MID,2045.7678544140294,0.14452651570299058,2038,0.8522004674063691,2.828497546304791,3208,1.0023468847465422,1.000399072651444
TOI-2076_d,NIRISS_SOSS,obs14,SOSS_HDU3_ordem_1,jw05959014001_04102_00001-seg008_nis_x1dints.fits,seg008,3,39,60694.151670114,TDB-MID,2041.5331480965046,0.14451822687823096,2038,0.8522004674063691,2.828497546304791,3209,1.0002720429329761,0.9983282627773606
TOI-2076_d,NIRISS_SOSS,obs14,SOSS_HDU3_ordem_1,jw05959014001_04102_00001-seg008_nis_x1dints.fits,seg008,3,40,60694.15174719285,TDB-MID,2044.296417748978,0.14452216636227103,2038,0.8522004674063691,2.828497546304791,3210,1.0016259378638674,0.999679526749886
TOI-2076_d,NIRISS_SOSS,obs14,SOSS_HDU3_ordem_1,jw05959014001_04102_00001-seg008_nis_x1dints.fits,seg008,3,41,60694.1518242717,TDB-MID,2038.8966294461152,0.14451358377201484,2038,0.8522004674063691,2.828497546304791,3211,0.998980251075903,0.9970389811967616
TOI-2076_d,NIRISS_SOSS,obs14,SOSS_HDU3_ordem_1,jw05959014001_04102_00001-seg008_nis_x1dints.fits,seg008,3,42,60694.15190135055,TDB-MID,2044.3071701824056,0.14452329746184966,2038,0.8522004674063691,2.828497546304791,3212,1.0016312061391148,0.9996847847875497
TOI-2076_d,NIRISS_SOSS,obs14,SOSS_HDU3_ordem_1,jw05959014001_04102_00001-seg008_nis_x1dints.fits,seg008,3,43,60694.151978429414,TDB-MID,2038.824609860242,0.14451300501149125,2038,0.8522004674063691,2.828497546304791,3213,0.998944964272767,0.9970037629647589
TOI-2076_d,NIRISS_SOSS,obs14,SOSS_HDU3_ordem_1,jw05959014001_04102_00001-seg008_nis_x1dints.fits,seg008,3,44,60694.15205550826,TDB-MID,2052.9935282280603,0.1445397479391302,2038,0.8522004674063691,2.828497546304791,3214,1.005887184601221,1.0039324928130924
TOI-2076_d,NIRISS_SOSS,obs14,SOSS_HDU3_ordem_1,jw05959014001_04102_00001-seg008_nis_x1dints.fits,seg008,3,45,60694.15213258711,TDB-MID,2042.586423543256,0.14451978257614762,2038,0.8522004674063691,2.828497546304791,3215,1.0007881070409117,0.9988433240429403
TOI-2076_d,NIRISS_SOSS,obs14,SOSS_HDU3_ordem_1,jw05959014001_04102_00001-seg008_nis_x1dints.fits,seg008,3,46,60694.15220966596,TDB-MID,2058.7888790126954,0.1445662587596645,2038,0.8522004674063691,2.828497546304791,3216,1.0087266816597258,1.006766472014657
TOI-2076_d,NIRISS_SOSS,obs14,SOSS_HDU3_ordem_1,jw05959014001_04102_00001-seg008_nis_x1dints.fits,seg008,3,47,60694.15228674482,TDB-MID,2038.394271490084,0.1445121186817118,2038,0.8522004674063691,2.828497546304791,3217,0.9987341151660202,0.9967933235908566
TOI-2076_d,NIRISS_SOSS,obs14,SOSS_HDU3_ordem_1,jw05959014001_04102_00001-seg008_nis_x1dints.fits,seg008,3,48,60694.15236382367,TDB-MID,2044.5169962630498,0.14452967718753051,2038,0.8522004674063691,2.828497546304791,3218,1.0017340127785967,0.9997873916478744
TOI-2076_d,NIRISS_SOSS,obs14,SOSS_HDU3_ordem_1,jw05959014001_04102_00001-seg008_nis_x1dints.fits,seg008,3,49,60694.152440902515,TDB-MID,2048.029361262453,0.1445315518617931,2038,0.8522004674063691,2.828497546304791,3219,1.003454935368933,1.0015049700527923
TOI-2076_d,NIRISS_SOSS,obs14,SOSS_HDU3_ordem_1,jw05959014001_04102_00001-seg008_nis_x1dints.fits,seg008,3,50,60694.15251798137,TDB-MID,2047.916622847331,0.14455721691617354,2038,0.8522004674063691,2.828497546304791,3220,1.003399697919119,1.0014498399432359
TOI-2076_d,NIRISS_SOSS,obs14,SOSS_HDU3_ordem_1,jw05959014001_04102_00001-seg008_nis_x1dints.fits,seg008,3,51,60694.15259506023,TDB-MID,2036.1793280648194,0.1445081593934682,2038,0.8522004674063691,2.828497546304791,3221,0.9976488788145869,0.9957101961265995
TOI-2076_d,NIRISS_SOSS,obs14,SOSS_HDU3_ordem_1,jw05959014001_04102_00001-seg008_nis_x1dints.fits,seg008,3,52,60694.15267213908,TDB-MID,2039.9602866448465,0.1445151152666753,2038,0.8522004674063691,2.828497546304791,3222,0.999501401839557,0.9975591192334082
TOI-2076_d,NIRISS_SOSS,obs14,SOSS_HDU3_ordem_1,jw05959014001_04102_00001-seg008_nis_x1dints.fits,seg008,3,53,60694.15274921792,TDB-MID,2043.5883467604958,0.14452259251006175,2038,0.8522004674063691,2.828497546304791,3223,1.001279010548555,0.9993332736016022
TOI-2076_d,NIRISS_SOSS,obs14,SOSS_HDU3_ordem_1,jw05959014001_04102_00001-seg008_nis_x1dints.fits,seg008,3,54,60694.152826296784,TDB-MID,2038.0123993732,0.14450987969283674,2038,0.8522004674063691,2.828497546304791,3224,0.9985470126431681,0.9966065846552643
TOI-2076_d,NIRISS_SOSS,obs14,SOSS_HDU3_ordem_1,jw05959014001_04102_00001-seg008_nis_x1dints.fits,seg008,3,55,60694.15290337563,TDB-MID,2044.6969229296487,0.14452292996425356,2038,0.8522004674063691,2.828497546304791,3225,1.0018221698651202,0.9998753774230065
TOI-2076_d,NIRISS_SOSS,obs14,SOSS_HDU3_ordem_1,jw05959014001_04102_00001-seg008_nis_x1dints.fits,seg008,3,56,60694.152980454484,TDB-MID,2040.7585267934492,0.14451300911489545,2038,0.8522004674063691,2.828497546304791,3226,0.9998925085452887,0.9979494659204442
TOI-2076_d,NIRISS_SOSS,obs14,SOSS_HDU3_ordem_1,jw05959014001_04102_00001-seg008_nis_x1dints.fits,seg008,3,57,60694.15305753333,TDB-MID,2046.3300619474835,0.14452767747771111,2038,0.8522004674063691,2.828497546304791,3227,1.0026223446275462,1.000673997244619
TOI-2076_d,NIRISS_SOSS,obs14,SOSS_HDU3_ordem_1,jw05959014001_04102_00001-seg008_nis_x1dints.fits,seg008,3,58,60694.15313461219,TDB-MID,2054.1480538593805,0.14454280402896666,2038,0.8522004674063691,2.828497546304791,3228,1.0064528573716758,1.004497066339083
TOI-2076_d,NIRISS_SOSS,obs14,SOSS_HDU3_ordem_1,jw05959014001_04102_00001-seg008_nis_x1dints.fits,seg008,3,59,60694.15321169104,TDB-MID,2047.0709648910606,0.14452964082055014,2038,0.8522004674063691,2.828497546304791,3229,1.002985358327166,1.0010363055173197
TOI-2076_d,NIRISS_SOSS,obs14,SOSS_HDU3_ordem_1,jw05959014001_04102_00001-seg008_nis_x1dints.fits,seg008,3,60,60694.15328876989,TDB-MID,2041.2141281337224,0.14451876149038387,2038,0.8522004674063691,2.828497546304791,3230,1.0001157355273353,0.9981722591163216
TOI-2076_d,NIRISS_SOSS,obs14,SOSS_HDU3_ordem_1,jw05959014001_04102_00001-seg008_nis_x1dints.fits,seg008,3,61,60694.15336584874,TDB-MID,2040.173460786982,0.14451536938637682,2038,0.8522004674063691,2.828497546304791,3231,0.9996058488992843,0.9976633633262292
TOI-2076_d,NIRISS_SOSS,obs14,SOSS_HDU3_ordem_1,jw05959014001_04102_00001-seg008_nis_x1dints.fits,seg008,3,62,60694.1534429276,TDB-MID,2054.1259172226974,0.1445750434026066,2038,0.8522004674063691,2.828497546304791,3232,1.0064420112784742,1.0044862413225684
TOI-2076_d,NIRISS_SOSS,obs14,SOSS_HDU3_ordem_1,jw05959014001_04102_00001-seg008_nis_x1dints.fits,seg008,3,63,60694.153520006446,TDB-MID,2040.07003958817,0.14451567339584723,2038,0.8522004674063691,2.828497546304791,3233,0.9995551765240085,0.997612789420123
TOI-2076_d,NIRISS_SOSS,obs14,SOSS_HDU3_ordem_1,jw05959014001_04102_00001-seg008_nis_x1dints.fits,seg008,3,64,60694.15359708529,TDB-MID,2044.3732967323945,0.1445230048876929,2038,0.8522004674063691,2.828497546304791,3234,1.0016636055832833,0.9997171212714493
TOI-2076_d,NIRISS_SOSS,obs14,SOSS_HDU3_ordem_1,jw05959014001_04102_00001-seg008_nis_x1dints.fits,seg008,3,65,60694.153674164154,TDB-MID,2048.495243308761,0.14453014119832874,2038,0.8522004674063691,2.828497546304791,3235,1.003683199498105,1.0017327906073512
TOI-2076_d,NIRISS_SOSS,obs14,SOSS_HDU3_ordem_1,jw05959014001_04102_00001-seg008_nis_x1dints.fits,seg008,3,66,60694.15375124301,TDB-MID,2052.6801900690148,0.14453873270130618,2038,0.8522004674063691,2.828497546304791,3236,1.0057336610589902,1.0037792676057165
TOI-2076_d,NIRISS_SOSS,obs14,SOSS_HDU3_ordem_1,jw05959014001_04102_00001-seg008_nis_x1dints.fits,seg008,3,67,60694.153828321854,TDB-MID,2043.2303304369302,0.14451765657722054,2038,0.8522004674063691,2.828497546304791,3237,1.0011035964389627,0.9991582003657429
TOI-2076_d,NIRISS_SOSS,obs14,SOSS_HDU3_ordem_1,jw05959014001_04102_00001-seg008_nis_x1dints.fits,seg008,3,68,60694.1539054007,TDB-MID,2047.5069756673252,0.14452891183412644,2038,0.8522004674063691,2.828497546304791,3238,1.0031989866928488,1.0012495187493586
TOI-2076_d,NIRISS_SOSS,obs14,SOSS_HDU3_ordem_1,jw05959014001_04102_00001-seg008_nis_x1dints.fits,seg008,3,69,60694.15398247956,TDB-MID,2045.15980111234,0.14452659255566483,2038,0.8522004674063691,2.828497546304791,3239,1.0020489622176525,1.0001017290609577
TOI-2076_d,NIRISS_SOSS,obs14,SOSS_HDU3_ordem_1,jw05959014001_04102_00001-seg008_nis_x1dints.fits,seg008,3,70,60694.154059558416,TDB-MID,2042.5706287602607,0.14451837524179423,2038,0.8522004674063691,2.828497546304791,3240,1.0007803682099898,0.9988356002505133
TOI-2076_d,NIRISS_SOSS,obs14,SOSS_HDU3_ordem_1,jw05959014001_04102_00001-seg008_nis_x1dints.fits,seg008,3,71,60694.15413663726,TDB-MID,2042.1112827532788,0.14451635751408698,2038,0.8522004674063691,2.828497546304791,3241,1.0005553064865271,0.9986109758785842
TOI-2076_d,NIRISS_SOSS,obs14,SOSS_HDU3_ordem_1,jw05959014001_04102_00001-seg008_nis_x1dints.fits,seg008,3,72,60694.15421371611,TDB-MID,2043.672344915454,0.14451900648654295,2038,0.8522004674063691,2.828497546304791,3242,1.0013201663858435,0.999374349462748
TOI-2076_d,NIRISS_SOSS,obs14,SOSS_HDU3_ordem_1,jw05959014001_04102_00001-seg008_nis_x1dints.fits,seg008,3,73,60694.15429079497,TDB-MID,2046.070168018736,0.144523750559339,2038,0.8522004674063691,2.828497546304791,3243,1.0024950066848357,1.0005469067515576
TOI-2076_d,NIRISS_SOSS,obs14,SOSS_HDU3_ordem_1,jw05959014001_04102_00001-seg008_nis_x1dints.fits,seg008,3,74,60694.15436787382,TDB-MID,2049.55762141958,0.1445315628436791,2038,0.8522004674063691,2.828497546304791,3244,1.004203723558303,1.0022523031583843
TOI-2076_d,NIRISS_SOSS,obs14,SOSS_HDU3_ordem_1,jw05959014001_04102_00001-seg008_nis_x1dints.fits,seg008,3,75,60694.15444495267,TDB-MID,2043.4846673666555,0.14452320331624022,2038,0.8522004674063691,2.828497546304791,3245,1.0012282116677318,0.9992825734357806
TOI-2076_d,NIRISS_SOSS,obs14,SOSS_HDU3_ordem_1,jw05959014001_04102_00001-seg008_nis_x1dints.fits,seg008,3,76,60694.15452203152,TDB-MID,2054.174840845528,0.1445324014882894,2038,0.8522004674063691,2.828497546304791,3246,1.0064659819557085,1.004510165418748
TOI-2076_d,NIRISS_SOSS,obs14,SOSS_HDU3_ordem_1,jw05959014001_04102_00001-seg008_nis_x1dints.fits,seg008,3,77,60694.15459911038,TDB-MID,2044.3147388190225,0.14452114041021868,2038,0.8522004674063691,2.828497546304791,3247,1.0016349144774381,0.9996884859196389
TOI-2076_d,NIRISS_SOSS,obs14,SOSS_HDU3_ordem_1,jw05959014001_04102_00001-seg008_nis_x1dints.fits,seg008,3,78,60694.154676189224,TDB-MID,2039.4723700508036,0.1445032276335958,2038,0.8522004674063691,2.828497546304791,3248,0.9992623416368074,0.997320523584758
TOI-2076_d,NIRISS_SOSS,obs14,SOSS_HDU3_ordem_1,jw05959014001_04102_00001-seg008_nis_x1dints.fits,seg008,3,79,60694.15475326808,TDB-MID,2047.494253354961,0.14452842375845135,2038,0.8522004674063691,2.828497546304791,3249,1.0031927532533422,1.0012432974229928
TOI-2076_d,NIRISS_SOSS,obs14,SOSS_HDU3_ordem_1,jw05959014001_04102_00001-seg008_nis_x1dints.fits,seg008,3,80,60694.15483034693,TDB-MID,2043.2677958639595,0.14451949618930218,2038,0.8522004674063691,2.828497546304791,3250,1.001121953044766,0.9991765213000442
TOI-2076_d,NIRISS_SOSS,obs14,SOSS_HDU3_ordem_1,jw05959014001_04102_00001-seg008_nis_x1dints.fits,seg008,3,81,60694.154907425785,TDB-MID,2043.670411258653,0.14452177231889998,2038,0.8522004674063691,2.828497546304791,3251,1.0013192189690259,0.9993734038869994
TOI-2076_d,NIRISS_SOSS,obs14,SOSS_HDU3_ordem_1,jw05959014001_04102_00001-seg008_nis_x1dints.fits,seg008,3,82,60694.15498450463,TDB-MID,2054.8594679024204,0.14454577150170386,2038,0.8522004674063691,2.828497546304791,3252,1.0068014226540305,1.0048449542714273
TOI-2076_d,NIRISS_SOSS,obs14,SOSS_HDU3_ordem_1,jw05959014001_04102_00001-seg008_nis_x1dints.fits,seg008,3,83,60694.15506158348,TDB-MID,2038.9293687215663,0.14450888081803634,2038,0.8522004674063691,2.828497546304791,3253,0.9989962920507803,0.9970549909999902
TOI-2076_d,NIRISS_SOSS,obs14,SOSS_HDU3_ordem_1,jw05959014001_04102_00001-seg008_nis_x1dints.fits,seg008,3,84,60694.15513866234,TDB-MID,2040.3386920210799,0.14451560057668625,2038,0.8522004674063691,2.828497546304791,3254,0.9996868057939795,0.9977441629013167
TOI-2076_d,NIRISS_SOSS,obs14,SOSS_HDU3_ordem_1,jw05959014001_04102_00001-seg008_nis_x1dints.fits,seg008,3,85,60694.15521574119,TDB-MID,2051.2847245218363,0.14453576485746203,2038,0.8522004674063691,2.828497546304791,3255,1.0050499370768349,1.0030968722712204
TOI-2076_d,NIRISS_SOSS,obs14,SOSS_HDU3_ordem_1,jw05959014001_04102_00001-seg008_nis_x1dints.fits,seg008,3,86,60694.15529282004,TDB-MID,2045.978141751716,0.14452706047245167,2038,0.8522004674063691,2.828497546304791,3256,1.0024499173840808,1.0005019050706545
TOI-2076_d,NIRISS_SOSS,obs14,SOSS_HDU3_ordem_1,jw05959014001_04102_00001-seg008_nis_x1dints.fits,seg008,3,87,60694.15536989889,TDB-MID,2040.8744144598418,0.14451383926500969,2038,0.8522004674063691,2.828497546304791,3257,0.9999492890060523,0.9980061360424919
TOI-2076_d,NIRISS_SOSS,obs14,SOSS_HDU3_ordem_1,jw05959014001_04102_00001-seg008_nis_x1dints.fits,seg008,3,88,60694.15544697775,TDB-MID,2042.3116688573427,0.14451772133675322,2038,0.8522004674063691,2.828497546304791,3258,1.000653487903701,0.998708966504571
TOI-2076_d,NIRISS_SOSS,obs14,SOSS_HDU3_ordem_1,jw05959014001_04102_00001-seg008_nis_x1dints.fits,seg008,3,89,60694.1555240566,TDB-MID,2048.5521147734426,0.1445313831222655,2038,0.8522004674063691,2.828497546304791,3259,1.0037110643095164,1.0017606012704257
TOI-2076_d,NIRISS_SOSS,obs14,SOSS_HDU3_ordem_1,jw05959014001_04102_00001-seg008_nis_x1dints.fits,seg008,3,90,60694.15560113545,TDB-MID,2043.9970051491791,0.14452341105614028,2038,0.8522004674063691,2.828497546304791,3260,1.0014792373054366,0.9995331112675366
TOI-2076_d,NIRISS_SOSS,obs14,SOSS_HDU3_ordem_1,jw05959014001_04102_00001-seg008_nis_x1dints.fits,seg008,3,91,60694.155678214294,TDB-MID,2049.3478820821056,0.1445326757381658,2038,0.8522004674063691,2.828497546304791,3261,1.0041009594196093,1.0021497387162581
TOI-2076_d,NIRISS_SOSS,obs14,SOSS_HDU3_ordem_1,jw05959014001_04102_00001-seg008_nis_x1dints.fits,seg008,3,92,60694.155755293155,TDB-MID,2045.174566883524,0.14452458259892267,2038,0.8522004674063691,2.828497546304791,3262,1.0020561968727064,1.0001089496572575
TOI-2076_d,NIRISS_SOSS,obs14,SOSS_HDU3_ordem_1,jw05959014001_04102_00001-seg008_nis_x1dints.fits,seg008,3,93,60694.15583237201,TDB-MID,2048.6062294809117,0.14453134758309644,2038,0.8522004674063691,2.828497546304791,3263,1.0037375784168396,1.00178706385417
TOI-2076_d,NIRISS_SOSS,obs14,SOSS_HDU3_ordem_1,jw05959014001_04102_00001-seg008_nis_x1dints.fits,seg008,3,94,60694.155909450856,TDB-MID,2047.2784230621414,0.14469269626621664,2038,0.8522004674063691,2.828497546304791,3264,1.0030870047828229,1.0011377544483484
TOI-2076_d,NIRISS_SOSS,obs14,SOSS_HDU3_ordem_1,jw05959014001_04102_00001-seg008_nis_x1dints.fits,seg008,3,95,60694.15598652971,TDB-MID,2042.4763693528741,0.14452076826480453,2038,0.8522004674063691,2.828497546304791,3265,1.0007341847570883,0.9987895065436763
TOI-2076_d,NIRISS_SOSS,obs14,SOSS_HDU3_ordem_1,jw05959014001_04102_00001-seg008_nis_x1dints.fits,seg008,3,96,60694.15606360856,TDB-MID,2046.0480921767428,0.14452520996960821,2038,0.8522004674063691,2.828497546304791,3266,1.0024841903786734,1.0005361114641986
TOI-2076_d,NIRISS_SOSS,obs14,SOSS_HDU3_ordem_1,jw05959014001_04102_00001-seg008_nis_x1dints.fits,seg008,3,97,60694.15614068741,TDB-MID,2046.1835131409102,0.14452763047828773,2038,0.8522004674063691,2.828497546304791,3267,1.0025505413975684,1.000602333546376
TOI-2076_d,NIRISS_SOSS,obs14,SOSS_HDU3_ordem_1,jw05959014001_04102_00001-seg008_nis_x1dints.fits,seg008,3,98,60694.15621776626,TDB-MID,2047.7836356537425,0.14452938429048184,2038,0.8522004674063691,2.828497546304791,3268,1.003334539353392,1.0013848079969898
TOI-2076_d,NIRISS_SOSS,obs14,SOSS_HDU3_ordem_1,jw05959014001_04102_00001-seg008_nis_x1dints.fits,seg008,3,99,60694.15629484512,TDB-MID,2047.3664119870155,0.14453225188713711,2038,0.8522004674063691,2.828497546304791,3269,1.0031301159425519,1.0011807818322511
TOI-2076_d,NIRISS_SOSS,obs14,SOSS_HDU3_ordem_1,jw05959014001_04102_00001-seg008_nis_x1dints.fits,seg008,3,100,60694.15637192397,TDB-MID,2049.6088541669233,0.1445326229628778,2038,0.8522004674063691,2.828497546304791,3270,1.0042288256169682,1.002277356437436
TOI-2076_d,NIRISS_SOSS,obs14,SOSS_HDU3_ordem_1,jw05959014001_04102_00001-seg008_nis_x1dints.fits,seg008,3,101,60694.15644900282,TDB-MID,2043.8310064695154,0.14452321826174636,2038,0.8522004674063691,2.828497546304791,3271,1.0013979043921866,0.9994519364045928
TOI-2076_d,NIRISS_SOSS,obs14,SOSS_HDU3_ordem_1,jw05959014001_04102_00001-seg008_nis_x1dints.fits,seg008,3,102,60694.156526081664,TDB-MID,2038.0261791302657,0.14450779952074172,2038,0.8522004674063691,2.828497546304791,3272,0.9985537641895559,0.9966133230816993
TOI-2076_d,NIRISS_SOSS,obs14,SOSS_HDU3_ordem_1,jw05959014001_04102_00001-seg008_nis_x1dints.fits,seg008,3,103,60694.156603160525,TDB-MID,2050.5776921980096,0.14453343631467455,2038,0.8522004674063691,2.828497546304791,3273,1.0047035186669093,1.002751127039392
TOI-2076_d,NIRISS_SOSS,obs14,SOSS_HDU3_ordem_1,jw05959014001_04102_00001-seg008_nis_x1dints.fits,seg008,3,104,60694.15668023938,TDB-MID,2041.5502641374553,0.14451712512741607,2038,0.8522004674063691,2.828497546304791,3274,1.000280429129039,0.9983366326769354
TOI-2076_d,NIRISS_SOSS,obs14,SOSS_HDU3_ordem_1,jw05959014001_04102_00001-seg008_nis_x1dints.fits,seg008,3,105,60694.156757318226,TDB-MID,2044.5393917623046,0.14452397007645665,2038,0.8522004674063691,2.828497546304791,3275,1.0017449857044163,0.9997983432505393
TOI-2076_d,NIRISS_SOSS,obs14,SOSS_HDU3_ordem_1,jw05959014001_04102_00001-seg008_nis_x1dints.fits,seg008,3,106,60694.15683439707,TDB-MID,2039.5731782950895,0.1445142304152194,2038,0.8522004674063691,2.828497546304791,3276,0.9993117337657328,0.9973698197323544
TOI-2076_d,NIRISS_SOSS,obs14,SOSS_HDU3_ordem_1,jw05959014001_04102_00001-seg008_nis_x1dints.fits,seg008,3,107,60694.15691147593,TDB-MID,2047.7551524256,0.14453062354576968,2038,0.8522004674063691,2.828497546304791,3277,1.003320583676586,1.001370879439574
TOI-2076_d,NIRISS_SOSS,obs14,SOSS_HDU3_ordem_1,jw05959014001_04102_00001-seg008_nis_x1dints.fits,seg008,3,108,60694.15698855479,TDB-MID,2056.7892521897847,0.1445483936166592,2038,0.8522004674063691,2.828497546304791,3278,1.007746942090412,1.0057886363257382
TOI-2076_d,NIRISS_SOSS,obs14,SOSS_HDU3_ordem_1,jw05959014001_04102_00001-seg008_nis_x1dints.fits,seg008,3,109,60694.15706563363,TDB-MID,2044.8844238116271,0.14452326139801916,2038,0.8522004674063691,2.828497546304791,3279,1.0019140380233438,0.9999670670582932
TOI-2076_d,NIRISS_SOSS,obs14,SOSS_HDU3_ordem_1,jw05959014001_04102_00001-seg008_nis_x1dints.fits,seg008,3,110,60694.15714271248,TDB-MID,2041.8540868679793,0.14451873043008556,2038,0.8522004674063691,2.828497546304791,3280,1.0004292904804377,0.9984852047532884
TOI-2076_d,NIRISS_SOSS,obs14,SOSS_HDU3_ordem_1,jw05959014001_04102_00001-seg008_nis_x1dints.fits,seg008,3,111,60694.15721979134,TDB-MID,2048.436868772522,0.14452685322945086,2038,0.8522004674063691,2.828497546304791,3281,1.003654598239941,1.001704244928625
TOI-2076_d,NIRISS_SOSS,obs14,SOSS_HDU3_ordem_1,jw05959014001_04102_00001-seg008_nis_x1dints.fits,seg008,3,112,60694.157296870195,TDB-MID,2040.6148762048408,0.14451389631050673,2038,0.8522004674063691,2.828497546304791,3282,0.9998221253296794,0.9978792194771249
TOI-2076_d,NIRISS_SOSS,obs14,SOSS_HDU3_ordem_1,jw05959014001_04102_00001-seg008_nis_x1dints.fits,seg008,3,113,60694.15737394904,TDB-MID,2048.8270206696347,0.14453165411330682,2038,0.8522004674063691,2.828497546304791,3283,1.0038457575338977,1.0018950327519955
TOI-2076_d,NIRISS_SOSS,obs14,SOSS_HDU3_ordem_1,jw05959014001_04102_00001-seg008_nis_x1dints.fits,seg008,3,114,60694.15745102789,TDB-MID,2051.593866955948,0.14453675822667794,2038,0.8522004674063691,2.828497546304791,3284,1.005201404876618,1.0032480457309731
TOI-2076_d,NIRISS_SOSS,obs14,SOSS_HDU3_ordem_1,jw05959014001_04102_00001-seg008_nis_x1dints.fits,seg008,3,115,60694.15752810675,TDB-MID,2040.2204555626838,0.144513271091202,2038,0.8522004674063691,2.828497546304791,3285,0.9996288745162537,0.9976863441986337
TOI-2076_d,NIRISS_SOSS,obs14,SOSS_HDU3_ordem_1,jw05959014001_04102_00001-seg008_nis_x1dints.fits,seg008,3,116,60694.157605185595,TDB-MID,2048.4083704759414,0.1445319923154286,2038,0.8522004674063691,2.828497546304791,3286,1.003640635180185,1.0016903090026061
TOI-2076_d,NIRISS_SOSS,obs14,SOSS_HDU3_ordem_1,jw05959014001_04102_00001-seg008_nis_x1dints.fits,seg008,3,117,60694.15768226445,TDB-MID,2040.664094515373,0.14451578474684607,2038,0.8522004674063691,2.828497546304791,3287,0.9998462403924555,0.9979032876782689
TOI-2076_d,NIRISS_SOSS,obs14,SOSS_HDU3_ordem_1,jw05959014001_04102_00001-seg008_nis_x1dints.fits,seg008,3,118,60694.1577593433,TDB-MID,2042.497680792148,0.14451802373092762,2038,0.8522004674063691,2.828497546304791,3288,1.0007446265355724,0.9987999280311585
TOI-2076_d,NIRISS_SOSS,obs14,SOSS_HDU3_ordem_1,jw05959014001_04102_00001-seg008_nis_x1dints.fits,seg008,3,119,60694.15783642216,TDB-MID,2048.733477840872,0.14453151938474382,2038,0.8522004674063691,2.828497546304791,3289,1.0037999251767227,1.0018492894586177
TOI-2076_d,NIRISS_SOSS,obs14,SOSS_HDU3_ordem_1,jw05959014001_04102_00001-seg008_nis_x1dints.fits,seg008,3,120,60694.157913501,TDB-MID,2048.201844456754,0.14453261757711827,2038,0.8522004674063691,2.828497546304791,3290,1.0035394454427937,1.0015893159023246
TOI-2076_d,NIRISS_SOSS,obs14,SOSS_HDU3_ordem_1,jw05959014001_04102_00001-seg008_nis_x1dints.fits,seg008,3,121,60694.15799057986,TDB-MID,2046.5269182938555,0.1445273596772126,2038,0.8522004674063691,2.828497546304791,3291,1.0027187966003852,1.0007702617870162
TOI-2076_d,NIRISS_SOSS,obs14,SOSS_HDU3_ordem_1,jw05959014001_04102_00001-seg008_nis_x1dints.fits,seg008,3,122,60694.15806765871,TDB-MID,2041.0901410021402,0.14451590640826487,2038,0.8522004674063691,2.828497546304791,3292,1.000054986642841,0.9981116282821886
TOI-2076_d,NIRISS_SOSS,obs14,SOSS_HDU3_ordem_1,jw05959014001_04102_00001-seg008_nis_x1dints.fits,seg008,3,123,60694.158144737565,TDB-MID,2047.4596879600128,0.1445326337080298,2038,0.8522004674063691,2.828497546304791,3293,1.0031758175507541,1.0012263946307345
TOI-2076_d,NIRISS_SOSS,obs14,SOSS_HDU3_ordem_1,jw05959014001_04102_00001-seg008_nis_x1dints.fits,seg008,3,124,60694.15822181641,TDB-MID,2047.1127957034648,0.14453005875082942,2038,0.8522004674063691,2.828497546304791,3294,1.0030058538024513,1.0010567611647418
TOI-2076_d,NIRISS_SOSS,obs14,SOSS_HDU3_ordem_1,jw05959014001_04102_00001-seg008_nis_x1dints.fits,seg008,3,125,60694.15829889526,TDB-MID,2039.4515334142484,0.14451952112174493,2038,0.8522004674063691,2.828497546304791,3295,0.9992521324932357,0.9973103342801201
TOI-2076_d,NIRISS_SOSS,obs14,SOSS_HDU3_ordem_1,jw05959014001_04102_00001-seg008_nis_x1dints.fits,seg008,3,126,60694.15837597412,TDB-MID,2044.3604897890095,0.1445213033068663,2038,0.8522004674063691,2.828497546304791,3296,1.0016573306778598,0.9997108585597452
TOI-2076_d,NIRISS_SOSS,obs14,SOSS_HDU3_ordem_1,jw05959014001_04102_00001-seg008_nis_x1dints.fits,seg008,3,127,60694.15845305297,TDB-MID,2042.0637265342873,0.14451567951172306,2038,0.8522004674063691,2.828497546304791,3297,1.0005320057841265,0.9985877204553085
TOI-2076_d,NIRISS_SOSS,obs14,SOSS_HDU3_ordem_1,jw05959014001_04102_00001-seg008_nis_x1dints.fits,seg008,3,128,60694.15853013182,TDB-MID,2045.5512217975315,0.1445233929224601,2038,0.8522004674063691,2.828497546304791,3298,1.002240743168546,1.0002931373332296
TOI-2076_d,NIRISS_SOSS,obs14,SOSS_HDU3_ordem_1,jw05959014001_04102_00001-seg008_nis_x1dints.fits,seg008,3,129,60694.158607210666,TDB-MID,2046.1192206734827,0.14452779470527805,2038,0.8522004674063691,2.828497546304791,3299,1.0025190405827034,1.000570893945517
TOI-2076_d,NIRISS_SOSS,obs14,SOSS_HDU3_ordem_1,jw05959014001_04102_00001-seg008_nis_x1dints.fits,seg008,3,130,60694.15868428953,TDB-MID,2044.6091530368908,0.14452377513862197,2038,0.8522004674063691,2.828497546304791,3300,1.0017791660226312,0.9998324571477991
TOI-2076_d,NIRISS_SOSS,obs14,SOSS_HDU3_ordem_1,jw05959014001_04102_00001-seg008_nis_x1dints.fits,seg008,3,131,60694.15876136838,TDB-MID,2045.463325373552,0.14452531484434963,2038,0.8522004674063691,2.828497546304791,3301,1.0021976773306671,1.000250155183105
TOI-2076_d,NIRISS_SOSS,obs14,SOSS_HDU3_ordem_1,jw05959014001_04102_00001-seg008_nis_x1dints.fits,seg008,3,132,60694.15883844723,TDB-MID,2045.743575052965,0.14452498085546941,2038,0.8522004674063691,2.828497546304791,3302,1.002334988801519,1.0003871998232339
TOI-2076_d,NIRISS_SOSS,obs14,SOSS_HDU3_ordem_1,jw05959014001_04102_00001-seg008_nis_x1dints.fits,seg008,3,133,60694.15891552607,TDB-MID,2042.9312513251148,0.14451891713071008,2038,0.8522004674063691,2.828497546304791,3303,1.0009570592767063,0.9990119479620481
TOI-2076_d,NIRISS_SOSS,obs14,SOSS_HDU3_ordem_1,jw05959014001_04102_00001-seg008_nis_x1dints.fits,seg008,3,134,60694.158992604935,TDB-MID,2046.0843314788856,0.14452607120867808,2038,0.8522004674063691,2.828497546304791,3304,1.0025019462308489,1.0005538328122876
TOI-2076_d,NIRISS_SOSS,obs14,SOSS_HDU3_ordem_1,jw05959014001_04102_00001-seg008_nis_x1dints.fits,seg008,3,135,60694.15906968379,TDB-MID,2046.0507107827843,0.1445285865202872,2038,0.8522004674063691,2.828497546304791,3305,1.0024854733940471,1.0005373919863507
TOI-2076_d,NIRISS_SOSS,obs14,SOSS_HDU3_ordem_1,jw05959014001_04102_00001-seg008_nis_x1dints.fits,seg008,3,136,60694.159146762635,TDB-MID,2047.1383800662566,0.1445263216066784,2038,0.8522004674063691,2.828497546304791,3306,1.0030183891476947,1.0010692721506564
TOI-2076_d,NIRISS_SOSS,obs14,SOSS_HDU3_ordem_1,jw05959014001_04102_00001-seg008_nis_x1dints.fits,seg008,3,137,60694.15922384148,TDB-MID,2044.6003606075349,0.14452387655484358,2038,0.8522004674063691,2.828497546304791,3307,1.0017748580733419,0.9998281575699389
TOI-2076_d,NIRISS_SOSS,obs14,SOSS_HDU3_ordem_1,jw05959014001_04102_00001-seg008_nis_x1dints.fits,seg008,3,138,60694.15930092034,TDB-MID,2041.6563913533741,0.14448440497991236,2038,0.8522004674063691,2.828497546304791,3308,1.0003324273477194,0.9983885298499988
TOI-2076_d,NIRISS_SOSS,obs14,SOSS_HDU3_ordem_1,jw05959014001_04102_00001-seg008_nis_x1dints.fits,seg008,3,139,60694.15937799919,TDB-MID,2039.808584980672,0.14451686159912525,2038,0.8522004674063691,2.828497546304791,3309,0.9994270739092554,0.9974849357409693
TOI-2076_d,NIRISS_SOSS,obs14,SOSS_HDU3_ordem_1,jw05959014001_04102_00001-seg008_nis_x1dints.fits,seg008,3,140,60694.15945507804,TDB-MID,2046.9274278010844,0.1445278064772477,2038,0.8522004674063691,2.828497546304791,3310,1.0029150307214836,1.0009661145758628
TOI-2076_d,NIRISS_SOSS,obs14,SOSS_HDU3_ordem_1,jw05959014001_04102_00001-seg008_nis_x1dints.fits,seg008,3,141,60694.15953215689,TDB-MID,2051.2308688537278,0.14453647928002952,2038,0.8522004674063691,2.828497546304791,3311,1.005023549888749,1.0030705363600774
TOI-2076_d,NIRISS_SOSS,obs14,SOSS_HDU3_ordem_1,jw05959014001_04102_00001-seg008_nis_x1dints.fits,seg008,3,142,60694.15960923575,TDB-MID,2052.4893936030257,0.1445359406647182,2038,0.8522004674063691,2.828497546304791,3312,1.0056401781924509,1.0036859663998985
TOI-2076_d,NIRISS_SOSS,obs14,SOSS_HDU3_ordem_1,jw05959014001_04102_00001-seg008_nis_x1dints.fits,seg008,3,143,60694.1596863146,TDB-MID,2052.2637229360707,0.14453759720693637,2038,0.8522004674063691,2.828497546304791,3313,1.0055296083203547,1.0035756113928729
TOI-2076_d,NIRISS_SOSS,obs14,SOSS_HDU3_ordem_1,jw05959014001_04102_00001-seg008_nis_x1dints.fits,seg008,3,144,60694.15976339344,TDB-MID,2048.3458249095793,0.14453129608156665,2038,0.8522004674063691,2.828497546304791,3314,1.0036099902790725,1.0016597236522438
TOI-2076_d,NIRISS_SOSS,obs14,SOSS_HDU3_ordem_1,jw05959014001_04102_00001-seg008_nis_x1dints.fits,seg008,3,145,60694.1598404723,TDB-MID,2045.1806101530976,0.1445253260518503,2038,0.8522004674063691,2.828497546304791,3315,1.0020591578403537,1.0001119048709999
TOI-2076_d,NIRISS_SOSS,obs14,SOSS_HDU3_ordem_1,jw05959014001_04102_00001-seg008_nis_x1dints.fits,seg008,3,146,60694.15991755116,TDB-MID,2049.2809712460107,0.14453020719732082,2038,0.8522004674063691,2.828497546304791,3316,1.0040681757056749,1.0021170187093251
TOI-2076_d,NIRISS_SOSS,obs14,SOSS_HDU3_ordem_1,jw05959014001_04102_00001-seg008_nis_x1dints.fits,seg008,3,147,60694.159994630005,TDB-MID,2042.436427412492,0.14451671308035072,2038,0.8522004674063691,2.828497546304791,3317,1.0007146147558166,0.9987699745718389
TOI-2076_d,NIRISS_SOSS,obs14,SOSS_HDU3_ordem_1,jw05959014001_04102_00001-seg008_nis_x1dints.fits,seg008,3,148,60694.16007170885,TDB-MID,2044.0762814667269,0.14452004189143736,2038,0.8522004674063691,2.828497546304791,3318,1.001518079625574,0.999571878107277
TOI-2076_d,NIRISS_SOSS,obs14,SOSS_HDU3_ordem_1,jw05959014001_04102_00001-seg008_nis_x1dints.fits,seg008,3,149,60694.160148787705,TDB-MID,2055.9572153444915,0.1445451076059963,2038,0.8522004674063691,2.828497546304791,3319,1.0073392763144176,1.0053817627468777
TOI-2076_d,NIRISS_SOSS,obs14,SOSS_HDU3_ordem_1,jw05959014001_04102_00001-seg008_nis_x1dints.fits,seg008,3,150,60694.160225866566,TDB-MID,2039.0563982198755,0.14451294836169185,2038,0.8522004674063691,2.828497546304791,3320,0.9990585315769447,0.9971171095791015
TOI-2076_d,NIRISS_SOSS,obs14,SOSS_HDU3_ordem_1,jw05959014001_04102_00001-seg008_nis_x1dints.fits,seg008,3,151,60694.16030294541,TDB-MID,2048.415865507992,0.14464716466195482,2038,0.8522004674063691,2.828497546304791,3321,1.003644307455126,1.0016939741413933
TOI-2076_d,NIRISS_SOSS,obs14,SOSS_HDU3_ordem_1,jw05959014001_04102_00001-seg008_nis_x1dints.fits,seg008,3,152,60694.16038002426,TDB-MID,2043.4585919808746,0.1445161721464391,2038,0.8522004674063691,2.828497546304791,3322,1.0012154357402727,0.9992698223351619
TOI-2076_d,NIRISS_SOSS,obs14,SOSS_HDU3_ordem_1,jw05959014001_04102_00001-seg008_nis_x1dints.fits,seg008,3,153,60694.16045710312,TDB-MID,2053.8097551135356,0.14454267608782173,2038,0.8522004674063691,2.828497546304791,3323,1.0062871041102392,1.0043316351779217
TOI-2076_d,NIRISS_SOSS,obs14,SOSS_HDU3_ordem_1,jw05959014001_04102_00001-seg008_nis_x1dints.fits,seg008,3,154,60694.160534181974,TDB-MID,2056.7008169603614,0.14454890631630343,2038,0.8522004674063691,2.828497546304791,3324,1.007703612258768,1.0057453906948548
TOI-2076_d,NIRISS_SOSS,obs14,SOSS_HDU3_ordem_1,jw05959014001_04102_00001-seg008_nis_x1dints.fits,seg008,3,155,60694.16061126082,TDB-MID,2049.4074819575867,0.14453507918872124,2038,0.8522004674063691,2.828497546304791,3325,1.004130161046466,1.0021788835970091
TOI-2076_d,NIRISS_SOSS,obs14,SOSS_HDU3_ordem_1,jw05959014001_04102_00001-seg008_nis_x1dints.fits,seg008,3,156,60694.16068833967,TDB-MID,2049.871329073747,0.14453510650341347,2038,0.8522004674063691,2.828497546304791,3326,1.0043574281388092,1.0024057090522325
TOI-2076_d,NIRISS_SOSS,obs14,SOSS_HDU3_ordem_1,jw05959014001_04102_00001-seg008_nis_x1dints.fits,seg008,3,157,60694.16076541853,TDB-MID,2049.65655889044,0.14453454912367772,2038,0.8522004674063691,2.828497546304791,3327,1.004252199080825,1.002300684480774
TOI-2076_d,NIRISS_SOSS,obs14,SOSS_HDU3_ordem_1,jw05959014001_04102_00001-seg008_nis_x1dints.fits,seg008,3,158,60694.160842497375,TDB-MID,2048.3938119048935,0.14453131759215768,2038,0.8522004674063691,2.828497546304791,3328,1.0036335020451597,1.001683189729056
TOI-2076_d,NIRISS_SOSS,obs14,SOSS_HDU3_ordem_1,jw05959014001_04102_00001-seg008_nis_x1dints.fits,seg008,3,159,60694.16091957623,TDB-MID,2052.841893531293,0.14454317083631998,2038,0.8522004674063691,2.828497546304791,3329,1.005812889482351,1.003858342068324
TOI-2076_d,NIRISS_SOSS,obs14,SOSS_HDU3_ordem_1,jw05959014001_04102_00001-seg008_nis_x1dints.fits,seg008,3,160,60694.160996655075,TDB-MID,2047.0284541949097,0.14452818224329597,2038,0.8522004674063691,2.828497546304791,3330,1.0029645297352203,1.0010155174005666
TOI-2076_d,NIRISS_SOSS,obs14,SOSS_HDU3_ordem_1,jw05959014001_04102_00001-seg008_nis_x1dints.fits,seg008,3,161,60694.161073733936,TDB-MID,2046.045954364407,0.1445273599602877,2038,0.8522004674063691,2.828497546304791,3331,1.0024831429335637,1.000535066054538
TOI-2076_d,NIRISS_SOSS,obs14,SOSS_HDU3_ordem_1,jw05959014001_04102_00001-seg008_nis_x1dints.fits,seg008,3,162,60694.16115081278,TDB-MID,2041.7715517884405,0.14451944076967518,2038,0.8522004674063691,2.828497546304791,3332,1.0003888514933457,0.998444844349319
TOI-2076_d,NIRISS_SOSS,obs14,SOSS_HDU3_ordem_1,jw05959014001_04102_00001-seg008_nis_x1dints.fits,seg008,3,163,60694.16122789163,TDB-MID,2044.9700933973195,0.14452428838732437,2038,0.8522004674063691,2.828497546304791,3333,1.0019560127968505,1.000008960264258
TOI-2076_d,NIRISS_SOSS,obs14,SOSS_HDU3_ordem_1,jw05959014001_04102_00001-seg008_nis_x1dints.fits,seg008,3,164,60694.16130497048,TDB-MID,2043.7859525479555,0.14452190492254402,2038,0.8522004674063691,2.828497546304791,3334,1.0013758297184527,0.9994299046275021
TOI-2076_d,NIRISS_SOSS,obs14,SOSS_HDU3_ordem_1,jw05959014001_04102_00001-seg008_nis_x1dints.fits,seg008,3,165,60694.161382049344,TDB-MID,2044.4401029301432,0.14452057445532965,2038,0.8522004674063691,2.828497546304791,3335,1.0016963380284876,0.9997497901092801
TOI-2076_d,NIRISS_SOSS,obs14,SOSS_HDU3_ordem_1,jw05959014001_04102_00001-seg008_nis_x1dints.fits,seg008,3,166,60694.16145912819,TDB-MID,2047.1913542180605,0.14453367216316249,2038,0.8522004674063691,2.828497546304791,3336,1.003044344426989,1.0010951769923153
TOI-2076_d,NIRISS_SOSS,obs14,SOSS_HDU3_ordem_1,jw05959014001_04102_00001-seg008_nis_x1dints.fits,seg008,3,167,60694.16153620704,TDB-MID,2046.003480141313,0.14452541141055178,2038,0.8522004674063691,2.828497546304791,3337,1.002462332212001,1.0005142957734414
TOI-2076_d,NIRISS_SOSS,obs14,SOSS_HDU3_ordem_1,jw05959014001_04102_00001-seg008_nis_x1dints.fits,seg008,3,168,60694.16161328589,TDB-MID,2045.1053240001193,0.14452342773707852,2038,0.8522004674063691,2.828497546304791,3338,1.0020222705460602,1.0000750892579964
TOI-2076_d,NIRISS_SOSS,obs14,SOSS_HDU3_ordem_1,jw05959014001_04102_00001-seg008_nis_x1dints.fits,seg008,3,169,60694.16169036475,TDB-MID,2044.0230079245728,0.14452133335609288,2038,0.8522004674063691,2.828497546304791,3339,1.001491977656623,0.9995458268610161
TOI-2076_d,NIRISS_SOSS,obs14,SOSS_HDU3_ordem_1,jw05959014001_04102_00001-seg008_nis_x1dints.fits,seg008,3,170,60694.1617674436,TDB-MID,2048.9948825956103,0.1445335060832171,2038,0.8522004674063691,2.828497546304791,3340,1.0039280033655575,1.001977118759319
TOI-2076_d,NIRISS_SOSS,obs14,SOSS_HDU3_ordem_1,jw05959014001_04102_00001-seg008_nis_x1dints.fits,seg008,3,171,60694.161844522445,TDB-MID,2040.7570832286883,0.14451068856296798,2038,0.8522004674063691,2.828497546304791,3341,0.9998918012545578,0.9979487600041571
TOI-2076_d,NIRISS_SOSS,obs14,SOSS_HDU3_ordem_1,jw05959014001_04102_00001-seg008_nis_x1dints.fits,seg008,3,172,60694.1619216013,TDB-MID,2039.710573948454,0.14451282447194042,2038,0.8522004674063691,2.828497546304791,3342,0.9993790523057277,0.997437007455495
TOI-2076_d,NIRISS_SOSS,obs14,SOSS_HDU3_ordem_1,jw05959014001_04102_00001-seg008_nis_x1dints.fits,seg008,3,173,60694.16199868016,TDB-MID,2036.9896699769236,0.1445062729873694,2038,0.8522004674063691,2.828497546304791,3343,0.998045914914956,0.996106460685968
TOI-2076_d,NIRISS_SOSS,obs14,SOSS_HDU3_ordem_1,jw05959014001_04102_00001-seg008_nis_x1dints.fits,seg008,3,174,60694.162075759006,TDB-MID,2046.513710489753,0.1445276120798797,2038,0.8522004674063691,2.828497546304791,3344,1.002712325288761,1.0007638030507782
TOI-2076_d,NIRISS_SOSS,obs14,SOSS_HDU3_ordem_1,jw05959014001_04102_00001-seg008_nis_x1dints.fits,seg008,3,175,60694.16215283785,TDB-MID,2048.259937150732,0.14452598500308997,2038,0.8522004674063691,2.828497546304791,3345,1.0035679086091838,1.0016177237576236
TOI-2076_d,NIRISS_SOSS,obs14,SOSS_HDU3_ordem_1,jw05959014001_04102_00001-seg008_nis_x1dints.fits,seg008,3,176,60694.16222991671,TDB-MID,2044.0669715756565,0.14455180250775138,2038,0.8522004674063691,2.828497546304791,3346,1.0015135181401194,0.9995673254859357
TOI-2076_d,NIRISS_SOSS,obs14,SOSS_HDU3_ordem_1,jw05959014001_04102_00001-seg008_nis_x1dints.fits,seg008,3,177,60694.16230699557,TDB-MID,2044.6955443055194,0.14452208889097912,2038,0.8522004674063691,2.828497546304791,3347,1.0018214943927795,0.9998747032632784
TOI-2076_d,NIRISS_SOSS,obs14,SOSS_HDU3_ordem_1,jw05959014001_04102_00001-seg008_nis_x1dints.fits,seg008,3,178,60694.162384074414,TDB-MID,2055.5911547725145,0.14454580616813043,2038,0.8522004674063691,2.828497546304791,3348,1.0071599208351738,1.0052027558004395
TOI-2076_d,NIRISS_SOSS,obs14,SOSS_HDU3_ordem_1,jw05959014001_04102_00001-seg008_nis_x1dints.fits,seg008,3,179,60694.16246115326,TDB-MID,2044.6227739993337,0.14452183281959954,2038,0.8522004674063691,2.828497546304791,3349,1.001785839765814,0.9998391179222205
TOI-2076_d,NIRISS_SOSS,obs14,SOSS_HDU3_ordem_1,jw05959014001_04102_00001-seg008_nis_x1dints.fits,seg008,3,180,60694.162538232114,TDB-MID,2047.232426550052,0.14453083165764113,2038,0.8522004674063691,2.828497546304791,3350,1.0030644682762968,1.0011152617359225
TOI-2076_d,NIRISS_SOSS,obs14,SOSS_HDU3_ordem_1,jw05959014001_04102_00001-seg008_nis_x1dints.fits,seg008,3,181,60694.16261531097,TDB-MID,2039.5214207482268,0.14451491396185304,2038,0.8522004674063691,2.828497546304791,3351,0.9992863745756624,0.9973445098215684
TOI-2076_d,NIRISS_SOSS,obs14,SOSS_HDU3_ordem_1,jw05959014001_04102_00001-seg008_nis_x1dints.fits,seg008,3,182,60694.16269238982,TDB-MID,2052.17256100503,0.14454239364340044,2038,0.8522004674063691,2.828497546304791,3352,1.0054849425106984,1.0035310323801185
TOI-2076_d,NIRISS_SOSS,obs14,SOSS_HDU3_ordem_1,jw05959014001_04102_00001-seg008_nis_x1dints.fits,seg008,3,183,60694.16276946867,TDB-MID,2045.9804946841643,0.14452625013597326,2038,0.8522004674063691,2.828497546304791,3353,1.0024510702297003,1.000503055676005
TOI-2076_d,NIRISS_SOSS,obs14,SOSS_HDU3_ordem_1,jw05959014001_04102_00001-seg008_nis_x1dints.fits,seg008,3,184,60694.16284654752,TDB-MID,2043.058635372939,0.14452274431395246,2038,0.8522004674063691,2.828497546304791,3354,1.0010194725183788,0.9990742399190945
TOI-2076_d,NIRISS_SOSS,obs14,SOSS_HDU3_ordem_1,jw05959014001_04102_00001-seg008_nis_x1dints.fits,seg008,3,185,60694.162923626376,TDB-MID,2047.897813701507,0.14453137161540125,2038,0.8522004674063691,2.828497546304791,3355,1.003390482167351,1.0014406420999915
TOI-2076_d,NIRISS_SOSS,obs14,SOSS_HDU3_ordem_1,jw05959014001_04102_00001-seg008_nis_x1dints.fits,seg008,3,186,60694.16300070522,TDB-MID,2049.887223291672,0.1445330014503867,2038,0.8522004674063691,2.828497546304791,3356,1.004365215688989,1.0024134814692438
TOI-2076_d,NIRISS_SOSS,obs14,SOSS_HDU3_ordem_1,jw05959014001_04102_00001-seg008_nis_x1dints.fits,seg008,3,187,60694.16307778408,TDB-MID,2041.5971716709264,0.14452355894960814,2038,0.8522004674063691,2.828497546304791,3357,1.0003034120007,0.9983595708870961
TOI-2076_d,NIRISS_SOSS,obs14,SOSS_HDU3_ordem_1,jw05959014001_04102_00001-seg008_nis_x1dints.fits,seg008,3,188,60694.16315486293,TDB-MID,2051.5189091449874,0.14453767605895385,2038,0.8522004674063691,2.828497546304791,3358,1.005164678457175,1.0032113906802
TOI-2076_d,NIRISS_SOSS,obs14,SOSS_HDU3_ordem_1,jw05959014001_04102_00001-seg008_nis_x1dints.fits,seg008,3,189,60694.16323194178,TDB-MID,2042.2129739196698,0.14451842827462613,2038,0.8522004674063691,2.828497546304791,3359,1.0006051312130317,0.9986607037831139
TOI-2076_d,NIRISS_SOSS,obs14,SOSS_HDU3_ordem_1,jw05959014001_04102_00001-seg008_nis_x1dints.fits,seg008,3,190,60694.16330902063,TDB-MID,2042.7173599529792,0.14451902725781673,2038,0.8522004674063691,2.828497546304791,3360,1.0008522608021035,0.998907353137239
TOI-2076_d,NIRISS_SOSS,obs14,SOSS_HDU3_ordem_1,jw05959014001_04102_00001-seg008_nis_x1dints.fits,seg008,3,191,60694.163386099484,TDB-MID,2044.3309399417544,0.1445241119806706,2038,0.8522004674063691,2.828497546304791,3361,1.0016428523990673,0.9996964084158898
TOI-2076_d,NIRISS_SOSS,obs14,SOSS_HDU3_ordem_1,jw05959014001_04102_00001-seg008_nis_x1dints.fits,seg008,3,192,60694.16346317834,TDB-MID,2043.2554014797938,0.14452020962060075,2038,0.8522004674063691,2.828497546304791,3362,1.001115880277355,0.9991704603335476
TOI-2076_d,NIRISS_SOSS,obs14,SOSS_HDU3_ordem_1,jw05959014001_04102_00001-seg008_nis_x1dints.fits,seg008,3,193,60694.163540257185,TDB-MID,2048.9202059301733,0.14453223808318072,2038,0.8522004674063691,2.828497546304791,3363,1.0038914146965146,1.0019406011912622
TOI-2076_d,NIRISS_SOSS,obs14,SOSS_HDU3_ordem_1,jw05959014001_04102_00001-seg008_nis_x1dints.fits,seg008,3,194,60694.16361733604,TDB-MID,2044.7342764733078,0.1445231672430544,2038,0.8522004674063691,2.828497546304791,3364,1.0018404716524125,0.9998936436453231
TOI-2076_d,NIRISS_SOSS,obs14,SOSS_HDU3_ordem_1,jw05959014001_04102_00001-seg008_nis_x1dints.fits,seg008,3,195,60694.16369441489,TDB-MID,2042.9453644182006,0.1445179840579272,2038,0.8522004674063691,2.828497546304791,3365,1.0009639741448124,0.9990188493928261
TOI-2076_d,NIRISS_SOSS,obs14,SOSS_HDU3_ordem_1,jw05959014001_04102_00001-seg008_nis_x1dints.fits,seg008,3,196,60694.163771493746,TDB-MID,2042.4358537494202,0.14451888744390812,2038,0.8522004674063691,2.828497546304791,3366,1.000714333683166,0.9987696940453833
TOI-2076_d,NIRISS_SOSS,obs14,SOSS_HDU3_ordem_1,jw05959014001_04102_00001-seg008_nis_x1dints.fits,seg008,3,197,60694.16384857259,TDB-MID,2045.7198146257447,0.1445273866362697,2038,0.8522004674063691,2.828497546304791,3367,1.0023233471139477,1.0003755807583894
TOI-2076_d,NIRISS_SOSS,obs14,SOSS_HDU3_ordem_1,jw05959014001_04102_00001-seg008_nis_x1dints.fits,seg008,3,198,60694.163925651446,TDB-MID,2049.3619427543094,0.14453147450450007,2038,0.8522004674063691,2.828497546304791,3368,1.0041078486035169,1.0021566145127485
TOI-2076_d,NIRISS_SOSS,obs14,SOSS_HDU3_ordem_1,jw05959014001_04102_00001-seg008_nis_x1dints.fits,seg008,3,199,60694.1640027303,TDB-MID,2038.569700314236,0.14451112027751625,2038,0.8522004674063691,2.828497546304791,3369,0.9988200684842345,0.9968791098801558
TOI-2076_d,NIRISS_SOSS,obs14,SOSS_HDU3_ordem_1,jw05959014001_04102_00001-seg008_nis_x1dints.fits,seg008,3,200,60694.16407980915,TDB-MID,2044.229430866371,0.14452126620773845,2038,0.8522004674063691,2.828497546304791,3370,1.0015931168900922,0.9996467695555177
TOI-2076_d,NIRISS_SOSS,obs14,SOSS_HDU3_ordem_1,jw05959014001_04102_00001-seg008_nis_x1dints.fits,seg008,3,201,60694.164156888,TDB-MID,2041.7450862340127,0.14451523190542834,2038,0.8522004674063691,2.828497546304791,3371,1.0003758843983859,0.9984319024526861
TOI-2076_d,NIRISS_SOSS,obs14,SOSS_HDU3_ordem_1,jw05959014001_04102_00001-seg008_nis_x1dints.fits,seg008,3,202,60694.164233966854,TDB-MID,2046.57227158376,0.1445257137762521,2038,0.8522004674063691,2.828497546304791,3372,1.002741017952994,1.0007924399579482
TOI-2076_d,NIRISS_SOSS,obs14,SOSS_HDU3_ordem_1,jw05959014001_04102_00001-seg008_nis_x1dints.fits,seg008,3,203,60694.16431104571,TDB-MID,2036.9375215768764,0.14451533236753902,2038,0.8522004674063691,2.828497546304791,3373,0.998020364221988,0.9960809596444227
TOI-2076_d,NIRISS_SOSS,obs14,SOSS_HDU3_ordem_1,jw05959014001_04102_00001-seg008_nis_x1dints.fits,seg008,3,204,60694.164388124555,TDB-MID,2048.0540514620416,0.14453093762954708,2038,0.8522004674063691,2.828497546304791,3374,1.003467032608895,1.0015170437847742
TOI-2076_d,NIRISS_SOSS,obs14,SOSS_HDU3_ordem_1,jw05959014001_04102_00001-seg008_nis_x1dints.fits,seg008,3,205,60694.1644652034,TDB-MID,2047.4286082449573,0.14453087223941208,2038,0.8522004674063691,2.828497546304791,3375,1.0031605896960896,1.0012111963676213
TOI-2076_d,NIRISS_SOSS,obs14,SOSS_HDU3_ordem_1,jw05959014001_04102_00001-seg008_nis_x1dints.fits,seg008,3,206,60694.16454228226,TDB-MID,2042.6217437309342,0.14451792919157816,2038,0.8522004674063691,2.828497546304791,3376,1.0008054125626558,0.9988605959357032
TOI-2076_d,NIRISS_SOSS,obs14,SOSS_HDU3_ordem_1,jw05959014001_04102_00001-seg008_nis_x1dints.fits,seg008,3,207,60694.164619361116,TDB-MID,2048.4210707012635,0.14452830020459193,2038,0.8522004674063691,2.828497546304791,3377,1.0036468577978979,1.0016965195282077
TOI-2076_d,NIRISS_SOSS,obs14,SOSS_HDU3_ordem_1,jw05959014001_04102_00001-seg008_nis_x1dints.fits,seg008,3,208,60694.16469643996,TDB-MID,2047.188816717838,0.1445261306402369,2038,0.8522004674063691,2.828497546304791,3378,1.0030431011503202,1.0010939361316458
TOI-2076_d,NIRISS_SOSS,obs14,SOSS_HDU3_ordem_1,jw05959014001_04102_00001-seg008_nis_x1dints.fits,seg008,3,209,60694.16477351881,TDB-MID,2042.554554259817,0.14451885852605836,2038,0.8522004674063691,2.828497546304791,3379,1.0007724923283698,0.9988277396737121
TOI-2076_d,NIRISS_SOSS,obs14,SOSS_HDU3_ordem_1,jw05959014001_04102_00001-seg008_nis_x1dints.fits,seg008,3,210,60694.16485059767,TDB-MID,2040.6199610485958,0.14451557287618258,2038,0.8522004674063691,2.828497546304791,3380,0.999824616705857,0.9978817060119319
TOI-2076_d,NIRISS_SOSS,obs14,SOSS_HDU3_ordem_1,jw05959014001_04102_00001-seg008_nis_x1dints.fits,seg008,3,211,60694.164927676524,TDB-MID,2041.414479419317,0.14451640873456612,2038,0.8522004674063691,2.828497546304791,3381,1.00021389988481,0.9982702327157605
TOI-2076_d,NIRISS_SOSS,obs14,SOSS_HDU3_ordem_1,jw05959014001_04102_00001-seg008_nis_x1dints.fits,seg008,3,212,60694.16500475537,TDB-MID,2041.5800026326103,0.14451638845359843,2038,0.8522004674063691,2.828497546304791,3382,1.000294999837984,0.9983511750713282
TOI-2076_d,NIRISS_SOSS,obs14,SOSS_HDU3_ordem_1,jw05959014001_04102_00001-seg008_nis_x1dints.fits,seg008,3,213,60694.16508183422,TDB-MID,2042.0050010188888,0.1445211793692081,2038,0.8522004674063691,2.828497546304791,3383,1.0005032325597905,0.9985590031445839
TOI-2076_d,NIRISS_SOSS,obs14,SOSS_HDU3_ordem_1,jw05959014001_04102_00001-seg008_nis_x1dints.fits,seg008,3,214,60694.16515891308,TDB-MID,2042.1221396136016,0.14451980530574973,2038,0.8522004674063691,2.828497546304791,3384,1.0005606259269022,0.9986162849819485
TOI-2076_d,NIRISS_SOSS,obs14,SOSS_HDU3_ordem_1,jw05959014001_04102_00001-seg008_nis_x1dints.fits,seg008,3,215,60694.16523599193,TDB-MID,2046.007276728425,0.1445282006300045,2038,0.8522004674063691,2.828497546304791,3385,1.0024641923924003,1.0005161523390425
TOI-2076_d,NIRISS_SOSS,obs14,SOSS_HDU3_ordem_1,jw05959014001_04102_00001-seg008_nis_x1dints.fits,seg008,3,216,60694.16531307078,TDB-MID,2041.446701774542,0.14451879135890178,2038,0.8522004674063691,2.828497546304791,3386,1.00022968758883,0.9982859897403008
TOI-2076_d,NIRISS_SOSS,obs14,SOSS_HDU3_ordem_1,jw05959014001_04102_00001-seg008_nis_x1dints.fits,seg008,3,217,60694.165390149625,TDB-MID,2040.8016143479526,0.14451767801028337,2038,0.8522004674063691,2.828497546304791,3387,0.9999136197754483,0.9979705361261741
TOI-2076_d,NIRISS_SOSS,obs14,SOSS_HDU3_ordem_1,jw05959014001_04102_00001-seg008_nis_x1dints.fits,seg008,3,218,60694.165467228486,TDB-MID,2042.9983359651299,0.14452428118924646,2038,0.8522004674063691,2.828497546304791,3388,1.0009899281478192,0.9990447529606775
TOI-2076_d,NIRISS_SOSS,obs14,SOSS_HDU3_ordem_1,jw05959014001_04102_00001-seg008_nis_x1dints.fits,seg008,3,219,60694.16554430733,TDB-MID,2047.081075470057,0.1445323626814799,2038,0.8522004674063691,2.828497546304791,3389,1.0029903121186425,1.0010412496823333
TOI-2076_d,NIRISS_SOSS,obs14,SOSS_HDU3_ordem_1,jw05959014001_04102_00001-seg008_nis_x1dints.fits,seg008,3,220,60694.165621386186,TDB-MID,2047.0632295205132,0.14452866100985515,2038,0.8522004674063691,2.828497546304791,3390,1.0029815682956853,1.0010325228508232
TOI-2076_d,NIRISS_SOSS,obs14,SOSS_HDU3_ordem_1,jw05959014001_04102_00001-seg008_nis_x1dints.fits,seg008,3,221,60694.16569846503,TDB-MID,2044.4704488504958,0.14452326477938104,2038,0.8522004674063691,2.828497546304791,3391,1.0017112063522147,0.9997646295401148
TOI-2076_d,NIRISS_SOSS,obs14,SOSS_HDU3_ordem_1,jw05959014001_04102_00001-seg008_nis_x1dints.fits,seg008,3,222,60694.165775543894,TDB-MID,2039.8771517335317,0.14451787776966474,2038,0.8522004674063691,2.828497546304791,3392,0.9994606689581648,0.9975184655062491
TOI-2076_d,NIRISS_SOSS,obs14,SOSS_HDU3_ordem_1,jw05959014001_04102_00001-seg008_nis_x1dints.fits,seg008,3,223,60694.16585262274,TDB-MID,2041.8849764487518,0.14451590584376103,2038,0.8522004674063691,2.828497546304791,3393,1.0004444251766798,0.9985003100390092
TOI-2076_d,NIRISS_SOSS,obs14,SOSS_HDU3_ordem_1,jw05959014001_04102_00001-seg008_nis_x1dints.fits,seg008,3,224,60694.165929701594,TDB-MID,2040.6910160764128,0.1444978521206506,2038,0.8522004674063691,2.828497546304791,3394,0.9998594309129647,0.9979164525662791
TOI-2076_d,NIRISS_SOSS,obs14,SOSS_HDU3_ordem_1,jw05959014001_04102_00001-seg008_nis_x1dints.fits,seg008,3,225,60694.16600678044,TDB-MID,2053.312263119841,0.14454258233358075,2038,0.8522004674063691,2.828497546304791,3395,1.0060433523331302,1.004088357071821
TOI-2076_d,NIRISS_SOSS,obs14,SOSS_HDU3_ordem_1,jw05959014001_04102_00001-seg008_nis_x1dints.fits,seg008,3,226,60694.166083859294,TDB-MID,2044.4651696391632,0.1445466902330258,2038,0.8522004674063691,2.828497546304791,3396,1.0017086197434644,0.9997620479577959
TOI-2076_d,NIRISS_SOSS,obs14,SOSS_HDU3_ordem_1,jw05959014001_04102_00001-seg008_nis_x1dints.fits,seg008,3,227,60694.16616093815,TDB-MID,2038.9800941408157,0.14451421543901316,2038,0.8522004674063691,2.828497546304791,3397,0.9990211455383607,0.9970797961909934
TOI-2076_d,NIRISS_SOSS,obs14,SOSS_HDU3_ordem_1,jw05959014001_04102_00001-seg008_nis_x1dints.fits,seg008,3,228,60694.166238016995,TDB-MID,2040.7597001388792,0.14452456926977889,2038,0.8522004674063691,2.828497546304791,3398,0.9998930834390304,0.9979500396970229
TOI-2076_d,NIRISS_SOSS,obs14,SOSS_HDU3_ordem_1,jw05959014001_04102_00001-seg008_nis_x1dints.fits,seg008,3,229,60694.16631509585,TDB-MID,2042.809912866041,0.14451619966394316,2038,0.8522004674063691,2.828497546304791,3399,1.000897608138988,0.9989526123528427
TOI-2076_d,NIRISS_SOSS,obs14,SOSS_HDU3_ordem_1,jw05959014001_04102_00001-seg008_nis_x1dints.fits,seg008,3,230,60694.1663921747,TDB-MID,2052.0997846332148,0.14453794716816967,2038,0.8522004674063691,2.828497546304791,3400,1.0054492849118097,1.0034954440729127
TOI-2076_d,NIRISS_SOSS,obs14,SOSS_HDU3_ordem_1,jw05959014001_04102_00001-seg008_nis_x1dints.fits,seg008,3,231,60694.166469253556,TDB-MID,2047.914489893636,0.14452664142531205,2038,0.8522004674063691,2.828497546304791,3401,1.0033986528545549,1.001448796909495
TOI-2076_d,NIRISS_SOSS,obs14,SOSS_HDU3_ordem_1,jw05959014001_04102_00001-seg008_nis_x1dints.fits,seg008,3,232,60694.1665463324,TDB-MID,2037.7576449034134,0.1445045805906928,2038,0.8522004674063691,2.828497546304791,3402,0.9984221928359672,0.9964820074043419
TOI-2076_d,NIRISS_SOSS,obs14,SOSS_HDU3_ordem_1,jw05959014001_04102_00001-seg008_nis_x1dints.fits,seg008,3,233,60694.166623411256,TDB-MID,2046.9952313181377,0.14452683968162766,2038,0.8522004674063691,2.828497546304791,3403,1.0029482518144568,1.0009992711118971
TOI-2076_d,NIRISS_SOSS,obs14,SOSS_HDU3_ordem_1,jw05959014001_04102_00001-seg008_nis_x1dints.fits,seg008,3,234,60694.16670049011,TDB-MID,2047.5089275467717,0.1445286889628723,2038,0.8522004674063691,2.828497546304791,3404,1.003199943038056,1.0012504732361467
TOI-2076_d,NIRISS_SOSS,obs14,SOSS_HDU3_ordem_1,jw05959014001_04102_00001-seg008_nis_x1dints.fits,seg008,3,235,60694.166777568964,TDB-MID,2039.0378418418495,0.14451235625109357,2038,0.8522004674063691,2.828497546304791,3405,0.9990494396715918,0.9971080353416073
TOI-2076_d,NIRISS_SOSS,obs14,SOSS_HDU3_ordem_1,jw05959014001_04102_00001-seg008_nis_x1dints.fits,seg008,3,236,60694.16685464781,TDB-MID,2048.6609187244417,0.14454153462112893,2038,0.8522004674063691,2.828497546304791,3406,1.0037643740245443,1.0018138073912695
TOI-2076_d,NIRISS_SOSS,obs14,SOSS_HDU3_ordem_1,jw05959014001_04102_00001-seg008_nis_x1dints.fits,seg008,3,237,60694.166931726664,TDB-MID,2050.8273570167294,0.1445325821816675,2038,0.8522004674063691,2.828497546304791,3407,1.0048258447425364,1.0028732154046884
TOI-2076_d,NIRISS_SOSS,obs14,SOSS_HDU3_ordem_1,jw05959014001_04102_00001-seg008_nis_x1dints.fits,seg008,3,238,60694.16700880552,TDB-MID,2040.445840973835,0.14451314840066662,2038,0.8522004674063691,2.828497546304791,3408,0.9997393046240722,0.9977965597129788
TOI-2076_d,NIRISS_SOSS,obs14,SOSS_HDU3_ordem_1,jw05959014001_04102_00001-seg008_nis_x1dints.fits,seg008,3,239,60694.16708588437,TDB-MID,2050.585524581016,0.14453989023366212,2038,0.8522004674063691,2.828497546304791,3409,1.0047073562307316,1.0027549571458627
TOI-2076_d,NIRISS_SOSS,obs14,SOSS_HDU3_ordem_1,jw05959014001_04102_00001-seg008_nis_x1dints.fits,seg008,3,240,60694.16716296322,TDB-MID,2041.7651968991606,0.14451763271776255,2038,0.8522004674063691,2.828497546304791,3410,1.0003857378441312,0.9984417367507081
TOI-2076_d,NIRISS_SOSS,obs14,SOSS_HDU3_ordem_1,jw05959014001_04102_00001-seg008_nis_x1dints.fits,seg008,3,241,60694.16724004207,TDB-MID,2047.2707390350447,0.14452775151187033,2038,0.8522004674063691,2.828497546304791,3411,1.0030832399076413,1.001133996889266
TOI-2076_d,NIRISS_SOSS,obs14,SOSS_HDU3_ordem_1,jw05959014001_04102_00001-seg008_nis_x1dints.fits,seg008,3,242,60694.16731712092,TDB-MID,2043.453620772322,0.14451829149919673,2038,0.8522004674063691,2.828497546304791,3412,1.0012130000409358,0.9992673913690016
TOI-2076_d,NIRISS_SOSS,obs14,SOSS_HDU3_ordem_1,jw05959014001_04102_00001-seg008_nis_x1dints.fits,seg008,3,243,60694.16739419978,TDB-MID,2042.047224901386,0.14451886345041653,2038,0.8522004674063691,2.828497546304791,3413,1.0005239206241725,0.9985796510068538
TOI-2076_d,NIRISS_SOSS,obs14,SOSS_HDU3_ordem_1,jw05959014001_04102_00001-seg008_nis_x1dints.fits,seg008,3,244,60694.167471278626,TDB-MID,2040.9771403252298,0.1445159364708387,2038,0.8522004674063691,2.828497546304791,3414,0.9999996206949252,0.9980563699242345
TOI-2076_d,NIRISS_SOSS,obs14,SOSS_HDU3_ordem_1,jw05959014001_04102_00001-seg008_nis_x1dints.fits,seg008,3,245,60694.16754835748,TDB-MID,2039.2349789001496,0.14453339235493962,2038,0.8522004674063691,2.828497546304791,3415,0.9991460291823854,0.9972044371546884
TOI-2076_d,NIRISS_SOSS,obs14,SOSS_HDU3_ordem_1,jw05959014001_04102_00001-seg008_nis_x1dints.fits,seg008,3,246,60694.16762543633,TDB-MID,2038.5444590770148,0.1445119732510147,2038,0.8522004674063691,2.828497546304791,3416,0.9988077012572097,0.9968667666857636
TOI-2076_d,NIRISS_SOSS,obs14,SOSS_HDU3_ordem_1,jw05959014001_04102_00001-seg008_nis_x1dints.fits,seg008,3,247,60694.16770251517,TDB-MID,2045.2063396199064,0.14452758685800307,2038,0.8522004674063691,2.828497546304791,3417,1.0020717642809363,1.0001244868140977
TOI-2076_d,NIRISS_SOSS,obs14,SOSS_HDU3_ordem_1,jw05959014001_04102_00001-seg008_nis_x1dints.fits,seg008,3,248,60694.167779594034,TDB-MID,2046.2021537183352,0.14452547621815987,2038,0.8522004674063691,2.828497546304791,3418,1.0025596745573604,1.0006114489581415
TOI-2076_d,NIRISS_SOSS,obs14,SOSS_HDU3_ordem_1,jw05959014001_04102_00001-seg008_nis_x1dints.fits,seg008,3,249,60694.16785667289,TDB-MID,2047.3936769746865,0.144529008920899,2038,0.8522004674063691,2.828497546304791,3419,1.0031434747287873,1.001194114659005
TOI-2076_d,NIRISS_SOSS,obs14,SOSS_HDU3_ordem_1,jw05959014001_04102_00001-seg008_nis_x1dints.fits,seg008,3,250,60694.167933751734,TDB-MID,2041.8530168024636,0.14453406158350643,2038,0.8522004674063691,2.828497546304791,3420,1.0004287661898472,0.9984846814815265
TOI-2076_d,NIRISS_SOSS,obs14,SOSS_HDU3_ordem_1,jw05959014001_04102_00001-seg008_nis_x1dints.fits,seg008,3,251,60694.16801083058,TDB-MID,2038.166890125452,0.14451622564961158,2038,0.8522004674063691,2.828497546304791,3421,0.9986227071184274,0.9966821320371203
TOI-2076_d,NIRISS_SOSS,obs14,SOSS_HDU3_ordem_1,jw05959014001_04102_00001-seg008_nis_x1dints.fits,seg008,3,252,60694.16808790944,TDB-MID,2036.9008349493138,0.14450701760232582,2038,0.8522004674063691,2.828497546304791,3422,0.9980023891977106,0.9960630195501382
TOI-2076_d,NIRISS_SOSS,obs14,SOSS_HDU3_ordem_1,jw05959014001_04102_00001-seg008_nis_x1dints.fits,seg008,3,253,60694.168164988296,TDB-MID,2040.4682853895802,0.14451389168495876,2038,0.8522004674063691,2.828497546304791,3423,0.9997503015170743,0.997807535236252
TOI-2076_d,NIRISS_SOSS,obs14,SOSS_HDU3_ordem_1,jw05959014001_04102_00001-seg008_nis_x1dints.fits,seg008,3,254,60694.16824206714,TDB-MID,2041.4552039095097,0.1445163757872355,2038,0.8522004674063691,2.828497546304791,3424,1.0002338533051307,0.9982901473615671
TOI-2076_d,NIRISS_SOSS,obs14,SOSS_HDU3_ordem_1,jw05959014001_04102_00001-seg008_nis_x1dints.fits,seg008,3,255,60694.16831914599,TDB-MID,2046.4315044743648,0.14452537107964644,2038,0.8522004674063691,2.828497546304791,3425,1.002672047530337,1.000723603562169
TOI-2076_d,NIRISS_SOSS,obs14,SOSS_HDU3_ordem_1,jw05959014001_04102_00001-seg008_nis_x1dints.fits,seg008,3,256,60694.16839622485,TDB-MID,2047.7796753189793,0.14452881567359463,2038,0.8522004674063691,2.828497546304791,3426,1.003332598942996,1.0013828713572992
TOI-2076_d,NIRISS_SOSS,obs14,SOSS_HDU3_ordem_1,jw05959014001_04102_00001-seg008_nis_x1dints.fits,seg008,3,257,60694.168473303704,TDB-MID,2050.028617923184,0.14453675634964672,2038,0.8522004674063691,2.828497546304791,3427,1.004434493573139,1.002482624729041
TOI-2076_d,NIRISS_SOSS,obs14,SOSS_HDU3_ordem_1,jw05959014001_04102_00001-seg008_nis_x1dints.fits,seg008,3,258,60694.16855038255,TDB-MID,2040.5409463456035,0.1445153428540925,2038,0.8522004674063691,2.828497546304791,3428,0.9997859025667025,0.9978430671040868
TOI-2076_d,NIRISS_SOSS,obs14,SOSS_HDU3_ordem_1,jw05959014001_04102_00001-seg008_nis_x1dints.fits,seg008,3,259,60694.1686274614,TDB-MID,2042.4624889541278,0.14451794932918144,2038,0.8522004674063691,2.828497546304791,3429,1.0007273839001816,0.9987827189025449
TOI-2076_d,NIRISS_SOSS,obs14,SOSS_HDU3_ordem_1,jw05959014001_04102_00001-seg008_nis_x1dints.fits,seg008,3,260,60694.16870454025,TDB-MID,2036.132246548437,0.1445046053762987,2038,0.8522004674063691,2.828497546304791,3430,0.997625810698049,0.9956871728372139
TOI-2076_d,NIRISS_SOSS,obs14,SOSS_HDU3_ordem_1,jw05959014001_04102_00001-seg008_nis_x1dints.fits,seg008,3,261,60694.168781619104,TDB-MID,2055.2171090256325,0.14454746201196977,2038,0.8522004674063691,2.828497546304791,3431,1.006976652930005,1.0050198440309037
TOI-2076_d,NIRISS_SOSS,obs14,SOSS_HDU3_ordem_1,jw05959014001_04102_00001-seg008_nis_x1dints.fits,seg008,3,262,60694.16885869796,TDB-MID,2044.6527830134282,0.1445215401432795,2038,0.8522004674063691,2.828497546304791,3432,1.0018005430185446,0.9998537926028331
TOI-2076_d,NIRISS_SOSS,obs14,SOSS_HDU3_ordem_1,jw05959014001_04102_00001-seg008_nis_x1dints.fits,seg008,3,263,60694.168935776805,TDB-MID,2041.3313834201047,0.14451980387037833,2038,0.8522004674063691,2.828497546304791,3433,1.0001731860688383,0.9982295980169731
TOI-2076_d,NIRISS_SOSS,obs14,SOSS_HDU3_ordem_1,jw05959014001_04102_00001-seg008_nis_x1dints.fits,seg008,3,264,60694.16901285566,TDB-MID,2043.1474699860435,0.14451873647146893,2038,0.8522004674063691,2.828497546304791,3434,1.0010629980325327,0.9991176808522273
TOI-2076_d,NIRISS_SOSS,obs14,SOSS_HDU3_ordem_1,jw05959014001_04102_00001-seg008_nis_x1dints.fits,seg008,3,265,60694.16908993451,TDB-MID,2047.7932565257263,0.14452974437160476,2038,0.8522004674063691,2.828497546304791,3435,1.00333925320743,1.0013895126908239
TOI-2076_d,NIRISS_SOSS,obs14,SOSS_HDU3_ordem_1,jw05959014001_04102_00001-seg008_nis_x1dints.fits,seg008,3,266,60694.16916701336,TDB-MID,2041.0239394382352,0.14451496417459414,2038,0.8522004674063691,2.828497546304791,3436,1.000022550444764,0.9980792551158023
TOI-2076_d,NIRISS_SOSS,obs14,SOSS_HDU3_ordem_1,jw05959014001_04102_00001-seg008_nis_x1dints.fits,seg008,3,267,60694.16924409221,TDB-MID,2045.7803075000952,0.14452498943899103,2038,0.8522004674063691,2.828497546304791,3437,1.002352986275607,1.0004051623237034
TOI-2076_d,NIRISS_SOSS,obs14,SOSS_HDU3_ordem_1,jw05959014001_04102_00001-seg008_nis_x1dints.fits,seg008,3,268,60694.169321171066,TDB-MID,2039.9275094431264,0.14451310820580296,2038,0.8522004674063691,2.828497546304791,3438,0.9994853422822793,0.9975430908838894
TOI-2076_d,NIRISS_SOSS,obs14,SOSS_HDU3_ordem_1,jw05959014001_04102_00001-seg008_nis_x1dints.fits,seg008,3,269,60694.16939824992,TDB-MID,2040.8710851285991,0.1445133549057308,2038,0.8522004674063691,2.828497546304791,3439,0.9999476577629022,0.9980045079692574
TOI-2076_d,NIRISS_SOSS,obs14,SOSS_HDU3_ordem_1,jw05959014001_04102_00001-seg008_nis_x1dints.fits,seg008,3,270,60694.16947532877,TDB-MID,2042.0443252656592,0.14451534533276397,2038,0.8522004674063691,2.828497546304791,3440,1.0005224999151554,0.9985782330586316
TOI-2076_d,NIRISS_SOSS,obs14,SOSS_HDU3_ordem_1,jw05959014001_04102_00001-seg008_nis_x1dints.fits,seg008,3,271,60694.16955240762,TDB-MID,2049.3990703294567,0.1445325289243752,2038,0.8522004674063691,2.828497546304791,3441,1.0041260396750047,1.002174770234409
TOI-2076_d,NIRISS_SOSS,obs14,SOSS_HDU3_ordem_1,jw05959014001_04102_00001-seg008_nis_x1dints.fits,seg008,3,272,60694.169629486474,TDB-MID,2038.7687718938137,0.1445087161490551,2038,0.8522004674063691,2.828497546304791,3442,0.9989176058354061,0.9969764576917226
TOI-2076_d,NIRISS_SOSS,obs14,SOSS_HDU3_ordem_1,jw05959014001_04102_00001-seg008_nis_x1dints.fits,seg008,3,273,60694.16970656532,TDB-MID,2049.209665630217,0.1445322736784292,2038,0.8522004674063691,2.828497546304791,3443,1.0040332387201798,1.00208214961518
TOI-2076_d,NIRISS_SOSS,obs14,SOSS_HDU3_ordem_1,jw05959014001_04102_00001-seg008_nis_x1dints.fits,seg008,3,274,60694.169783644174,TDB-MID,2040.1455445377007,0.14451483569616477,2038,0.8522004674063691,2.828497546304791,3444,0.9995921710201249,0.9976497120266291
TOI-2076_d,NIRISS_SOSS,obs14,SOSS_HDU3_ordem_1,jw05959014001_04102_00001-seg008_nis_x1dints.fits,seg008,3,275,60694.16986072303,TDB-MID,2048.2023727465184,0.14453246566202474,2038,0.8522004674063691,2.828497546304791,3445,1.0035397042842837,1.0015895742408205
TOI-2076_d,NIRISS_SOSS,obs14,SOSS_HDU3_ordem_1,jw05959014001_04102_00001-seg008_nis_x1dints.fits,seg008,3,276,60694.16993780188,TDB-MID,2042.3016354785113,0.14452055784023843,2038,0.8522004674063691,2.828497546304791,3446,1.0006485719373104,0.9987040600911395
TOI-2076_d,NIRISS_SOSS,obs14,SOSS_HDU3_ordem_1,jw05959014001_04102_00001-seg008_nis_x1dints.fits,seg008,3,277,60694.17001488073,TDB-MID,2046.3720595559023,0.1445278127350878,2038,0.8522004674063691,2.828497546304791,3447,1.0026429218264081,1.0006945344568081
TOI-2076_d,NIRISS_SOSS,obs14,SOSS_HDU3_ordem_1,jw05959014001_04102_00001-seg008_nis_x1dints.fits,seg008,3,278,60694.17009195958,TDB-MID,2047.7559195744225,0.14453420076047593,2038,0.8522004674063691,2.828497546304791,3448,1.003320959549748,1.00137125458232
TOI-2076_d,NIRISS_SOSS,obs14,SOSS_HDU3_ordem_1,jw05959014001_04102_00001-seg008_nis_x1dints.fits,seg008,3,279,60694.170169038436,TDB-MID,2044.995214729082,0.1445261896511298,2038,0.8522004674063691,2.828497546304791,3449,1.0019683212748522,1.0000212448237913
TOI-2076_d,NIRISS_SOSS,obs14,SOSS_HDU3_ordem_1,jw05959014001_04102_00001-seg008_nis_x1dints.fits,seg008,3,280,60694.17024611729,TDB-MID,2051.455966987394,0.144537337709913,2038,0.8522004674063691,2.828497546304791,3450,1.0051338392417444,1.0031806113931214
TOI-2076_d,NIRISS_SOSS,obs14,SOSS_HDU3_ordem_1,jw05959014001_04102_00001-seg008_nis_x1dints.fits,seg008,3,281,60694.17032319614,TDB-MID,2052.342059654845,0.1445385032386828,2038,0.8522004674063691,2.828497546304791,3451,1.0055679902735442,1.003613918760274
TOI-2076_d,NIRISS_SOSS,obs14,SOSS_HDU3_ordem_1,jw05959014001_04102_00001-seg008_nis_x1dints.fits,seg008,3,282,60694.17040027499,TDB-MID,2042.86512054093,0.14452128762656544,2038,0.8522004674063691,2.828497546304791,3452,1.0009246577579465,0.9989796094075882
TOI-2076_d,NIRISS_SOSS,obs14,SOSS_HDU3_ordem_1,jw05959014001_04102_00001-seg008_nis_x1dints.fits,seg008,3,283,60694.170477353844,TDB-MID,2043.9612852806745,0.14452323394700173,2038,0.8522004674063691,2.828497546304791,3453,1.0014617359555928,0.9995156439272174
TOI-2076_d,NIRISS_SOSS,obs14,SOSS_HDU3_ordem_1,jw05959014001_04102_00001-seg008_nis_x1dints.fits,seg008,3,284,60694.17055443269,TDB-MID,2043.4084818051113,0.14451921535842924,2038,0.8522004674063691,2.828497546304791,3454,1.0011908836981325,0.9992453180038148
TOI-2076_d,NIRISS_SOSS,obs14,SOSS_HDU3_ordem_1,jw05959014001_04102_00001-seg008_nis_x1dints.fits,seg008,3,285,60694.170631511544,TDB-MID,2048.9010255627677,0.14453399019094404,2038,0.8522004674063691,2.828497546304791,3455,1.0038820170605727,1.0019312218172907
TOI-2076_d,NIRISS_SOSS,obs14,SOSS_HDU3_ordem_1,jw05959014001_04102_00001-seg008_nis_x1dints.fits,seg008,3,286,60694.17070859039,TDB-MID,2041.3535883807904,0.14451806243876975,2038,0.8522004674063691,2.828497546304791,3456,1.0001840656381509,0.9982404564445461
TOI-2076_d,NIRISS_SOSS,obs14,SOSS_HDU3_ordem_1,jw05959014001_04102_00001-seg008_nis_x1dints.fits,seg008,3,287,60694.17078566925,TDB-MID,2040.655728978203,0.14451565751376574,2038,0.8522004674063691,2.828497546304791,3457,0.9998421416037764,0.9978991968545671
TOI-2076_d,NIRISS_SOSS,obs14,SOSS_HDU3_ordem_1,jw05959014001_04102_00001-seg008_nis_x1dints.fits,seg008,3,288,60694.1708627481,TDB-MID,2039.4707389707764,0.14451430353943995,2038,0.8522004674063691,2.828497546304791,3458,0.9992615424708704,0.9973197259718015
TOI-2076_d,NIRISS_SOSS,obs14,SOSS_HDU3_ordem_1,jw05959014001_04102_00001-seg008_nis_x1dints.fits,seg008,3,289,60694.170939826945,TDB-MID,2037.0817118917062,0.14450606400213079,2038,0.8522004674063691,2.828497546304791,3459,0.9980910118825075,0.9961514700187694
TOI-2076_d,NIRISS_SOSS,obs14,SOSS_HDU3_ordem_1,jw05959014001_04102_00001-seg008_nis_x1dints.fits,seg008,3,290,60694.1710169058,TDB-MID,2043.3677048044458,0.1445260014931988,2038,0.8522004674063691,2.828497546304791,3460,1.0011709045497175,0.9992253776799098
TOI-2076_d,NIRISS_SOSS,obs14,SOSS_HDU3_ordem_1,jw05959014001_04102_00001-seg008_nis_x1dints.fits,seg008,3,291,60694.17109398466,TDB-MID,2045.8781289736603,0.14452570389689157,2038,0.8522004674063691,2.828497546304791,3461,1.0024009150027486,1.0004529979132737
TOI-2076_d,NIRISS_SOSS,obs14,SOSS_HDU3_ordem_1,jw05959014001_04102_00001-seg008_nis_x1dints.fits,seg008,3,292,60694.171171063506,TDB-MID,2045.5437355326126,0.1445222691662426,2038,0.8522004674063691,2.828497546304791,3462,1.0022370751891594,1.0002894764816492
TOI-2076_d,NIRISS_SOSS,obs14,SOSS_HDU3_ordem_1,jw05959014001_04102_00001-seg008_nis_x1dints.fits,seg008,3,293,60694.17124814235,TDB-MID,2042.879895813408,0.14451940540848487,2038,0.8522004674063691,2.828497546304791,3463,1.0009318970682657,0.998986834650107
TOI-2076_d,NIRISS_SOSS,obs14,SOSS_HDU3_ordem_1,jw05959014001_04102_00001-seg008_nis_x1dints.fits,seg008,3,294,60694.17132522121,TDB-MID,2044.796009645147,0.1445260518071765,2038,0.8522004674063691,2.828497546304791,3464,1.001870718511725,0.9999238317273806
TOI-2076_d,NIRISS_SOSS,obs14,SOSS_HDU3_ordem_1,jw05959014001_04102_00001-seg008_nis_x1dints.fits,seg008,3,295,60694.17140230007,TDB-MID,2045.8918523933394,0.14452536933362176,2038,0.8522004674063691,2.828497546304791,3465,1.0024076389460024,1.0004597087902145
TOI-2076_d,NIRISS_SOSS,obs14,SOSS_HDU3_ordem_1,jw05959014001_04102_00001-seg008_nis_x1dints.fits,seg008,3,296,60694.171479378914,TDB-MID,2048.748812744954,0.14453010391186963,2038,0.8522004674063691,2.828497546304791,3466,1.0038074386848177,1.0018567883660767
TOI-2076_d,NIRISS_SOSS,obs14,SOSS_HDU3_ordem_1,jw05959014001_04102_00001-seg008_nis_x1dints.fits,seg008,3,297,60694.17155645776,TDB-MID,2047.8001655967878,0.1445295993063592,2038,0.8522004674063691,2.828497546304791,3467,1.0033426383842183,1.0013928912893624
TOI-2076_d,NIRISS_SOSS,obs14,SOSS_HDU3_ordem_1,jw05959014001_04102_00001-seg008_nis_x1dints.fits,seg008,3,298,60694.171633536615,TDB-MID,2046.3486725681191,0.14452259221850253,2038,0.8522004674063691,2.828497546304791,3468,1.0026314631096738,1.0006830980072423
TOI-2076_d,NIRISS_SOSS,obs14,SOSS_HDU3_ordem_1,jw05959014001_04102_00001-seg008_nis_x1dints.fits,seg008,3,299,60694.17171061547,TDB-MID,2040.6533035003577,0.14451457632211726,2038,0.8522004674063691,2.828497546304791,3469,0.9998409532137267,0.9978980107738581
TOI-2076_d,NIRISS_SOSS,obs14,SOSS_HDU3_ordem_1,jw05959014001_04102_00001-seg008_nis_x1dints.fits,seg008,3,300,60694.17178769432,TDB-MID,2043.407138648324,0.1445197879206294,2038,0.8522004674063691,2.828497546304791,3470,1.0011902256034135,0.9992446611879392
TOI-2076_d,NIRISS_SOSS,obs14,SOSS_HDU3_ordem_1,jw05959014001_04102_00001-seg008_nis_x1dints.fits,seg008,3,301,60694.17186477317,TDB-MID,2048.0770532449824,0.14452980793637193,2038,0.8522004674063691,2.828497546304791,3471,1.0034783025902003,1.0015282918656716
TOI-2076_d,NIRISS_SOSS,obs14,SOSS_HDU3_ordem_1,jw05959014001_04102_00001-seg008_nis_x1dints.fits,seg008,3,302,60694.17194185202,TDB-MID,2053.4885284121087,0.14454238472383918,2038,0.8522004674063691,2.828497546304791,3472,1.0061297154882713,1.0041745524016306
TOI-2076_d,NIRISS_SOSS,obs14,SOSS_HDU3_ordem_1,jw05959014001_04102_00001-seg008_nis_x1dints.fits,seg008,3,303,60694.17201893087,TDB-MID,2047.3753312498466,0.14453054922992986,2038,0.8522004674063691,2.828497546304791,3473,1.0031344860353233,1.0011851434328334
TOI-2076_d,NIRISS_SOSS,obs14,SOSS_HDU3_ordem_1,jw05959014001_04102_00001-seg008_nis_x1dints.fits,seg008,3,304,60694.17209600973,TDB-MID,2050.11423537824,0.14453627335404493,2038,0.8522004674063691,2.828497546304791,3474,1.0044764428046564,1.0025244924426508
TOI-2076_d,NIRISS_SOSS,obs14,SOSS_HDU3_ordem_1,jw05959014001_04102_00001-seg008_nis_x1dints.fits,seg008,3,305,60694.17217308858,TDB-MID,2047.3717519643726,0.1445267713399514,2038,0.8522004674063691,2.828497546304791,3475,1.0031327323242967,1.001183393129708
TOI-2076_d,NIRISS_SOSS,obs14,SOSS_HDU3_ordem_1,jw05959014001_04102_00001-seg008_nis_x1dints.fits,seg008,3,306,60694.17225016743,TDB-MID,2041.6199014947551,0.14452018817815415,2038,0.8522004674063691,2.828497546304791,3476,1.0003145487325908,0.998370685977516
TOI-2076_d,NIRISS_SOSS,obs14,SOSS_HDU3_ordem_1,jw05959014001_04102_00001-seg008_nis_x1dints.fits,seg008,3,307,60694.17232724628,TDB-MID,2044.3701970030106,0.1445229843328253,2038,0.8522004674063691,2.828497546304791,3477,1.0016620868361366,0.9997156054756104
TOI-2076_d,NIRISS_SOSS,obs14,SOSS_HDU3_ordem_1,jw05959014001_04102_00001-seg008_nis_x1dints.fits,seg008,3,308,60694.17240432512,TDB-MID,2044.6858549266203,0.14452197892292803,2038,0.8522004674063691,2.828497546304791,3478,1.0018167469730106,0.9998699650689401
TOI-2076_d,NIRISS_SOSS,obs14,SOSS_HDU3_ordem_1,jw05959014001_04102_00001-seg008_nis_x1dints.fits,seg008,3,309,60694.172481403984,TDB-MID,2043.0982431943787,0.14452092969805327,2038,0.8522004674063691,2.828497546304791,3479,1.0010388788143307,0.9990936085037325
TOI-2076_d,NIRISS_SOSS,obs14,SOSS_HDU3_ordem_1,jw05959014001_04102_00001-seg008_nis_x1dints.fits,seg008,3,310,60694.17255848284,TDB-MID,2050.6971559224985,0.14453626980128853,2038,0.8522004674063691,2.828497546304791,3480,1.00476205125741,1.002809545886348
TOI-2076_d,NIRISS_SOSS,obs14,SOSS_HDU3_ordem_1,jw05959014001_04102_00001-seg008_nis_x1dints.fits,seg008,3,311,60694.172635561685,TDB-MID,2046.2899292111836,0.14452927417893585,2038,0.8522004674063691,2.828497546304791,3481,1.0026026811436766,1.000654371971844
TOI-2076_d,NIRISS_SOSS,obs14,SOSS_HDU3_ordem_1,jw05959014001_04102_00001-seg008_nis_x1dints.fits,seg008,3,312,60694.17271264053,TDB-MID,2056.8078639461646,0.1445480946417479,2038,0.8522004674063691,2.828497546304791,3482,1.00775606112901,1.0057977376437506
TOI-2076_d,NIRISS_SOSS,obs14,SOSS_HDU3_ordem_1,jw05959014001_04102_00001-seg008_nis_x1dints.fits,seg008,3,313,60694.17278971939,TDB-MID,2039.4064224170265,0.14451469982680815,2038,0.8522004674063691,2.828497546304791,3483,0.9992300298546419,0.997288274592512
TOI-2076_d,NIRISS_SOSS,obs14,SOSS_HDU3_ordem_1,jw05959014001_04102_00001-seg008_nis_x1dints.fits,seg008,3,314,60694.172866798246,TDB-MID,2039.5793391259529,0.14452275879108786,2038,0.8522004674063691,2.828497546304791,3484,0.9993147523338514,0.9973728324346359
TOI-2076_d,NIRISS_SOSS,obs14,SOSS_HDU3_ordem_1,jw05959014001_04102_00001-seg008_nis_x1dints.fits,seg008,3,315,60694.17294387709,TDB-MID,2041.4785533556728,0.14451577250535902,2038,0.8522004674063691,2.828497546304791,3485,1.0002452936279276,0.9983015654529395
TOI-2076_d,NIRISS_SOSS,obs14,SOSS_HDU3_ordem_1,jw05959014001_04102_00001-seg008_nis_x1dints.fits,seg008,3,316,60694.17302095594,TDB-MID,2057.525402940931,0.144550224456698,2038,0.8522004674063691,2.828497546304791,3486,1.008107627400098,1.0061486207331525
TOI-2076_d,NIRISS_SOSS,obs14,SOSS_HDU3_ordem_1,jw05959014001_04102_00001-seg008_nis_x1dints.fits,seg008,3,317,60694.17309803479,TDB-MID,2046.9840838058244,0.14452684437807062,2038,0.8522004674063691,2.828497546304791,3487,1.002942789965882,1.0009938198770678
TOI-2076_d,NIRISS_SOSS,obs14,SOSS_HDU3_ordem_1,jw05959014001_04102_00001-seg008_nis_x1dints.fits,seg008,3,318,60694.173175113654,TDB-MID,2042.4743650487785,0.14451856390336112,2038,0.8522004674063691,2.828497546304791,3488,1.0007332027258367,0.9987885264207584
TOI-2076_d,NIRISS_SOSS,obs14,SOSS_HDU3_ordem_1,jw05959014001_04102_00001-seg008_nis_x1dints.fits,seg008,3,319,60694.1732521925,TDB-MID,2039.4365289633458,0.14451378486157254,2038,0.8522004674063691,2.828497546304791,3489,0.9992447808943792,0.997302996967269
TOI-2076_d,NIRISS_SOSS,obs14,SOSS_HDU3_ordem_1,jw05959014001_04102_00001-seg008_nis_x1dints.fits,seg008,3,320,60694.17332927135,TDB-MID,2046.308710713076,0.14452581270730064,2038,0.8522004674063691,2.828497546304791,3490,1.0026118833509905,1.0006635562969548
TOI-2076_d,NIRISS_SOSS,obs14,SOSS_HDU3_ordem_1,jw05959014001_04102_00001-seg008_nis_x1dints.fits,seg008,3,321,60694.1734063502,TDB-MID,2041.4411571473488,0.1445144606975089,2038,0.8522004674063691,2.828497546304791,3491,1.0002269709366047,0.998283278367214
TOI-2076_d,NIRISS_SOSS,obs14,SOSS_HDU3_ordem_1,jw05959014001_04102_00001-seg008_nis_x1dints.fits,seg008,3,322,60694.173483429055,TDB-MID,2039.3925407510294,0.1445115368869662,2038,0.8522004674063691,2.828497546304791,3492,0.9992232283768313,0.9972814863316835
TOI-2076_d,NIRISS_SOSS,obs14,SOSS_HDU3_ordem_1,jw05959014001_04102_00001-seg008_nis_x1dints.fits,seg008,3,323,60694.17356050791,TDB-MID,2049.8622801960173,0.14453598005203308,2038,0.8522004674063691,2.828497546304791,3493,1.0043529945397656,1.002401284068787
TOI-2076_d,NIRISS_SOSS,obs14,SOSS_HDU3_ordem_1,jw05959014001_04102_00001-seg008_nis_x1dints.fits,seg008,3,324,60694.173637586755,TDB-MID,2040.331582115053,0.14451679279448532,2038,0.8522004674063691,2.828497546304791,3494,0.9996833222158494,0.9977406860926551
TOI-2076_d,NIRISS_SOSS,obs14,SOSS_HDU3_ordem_1,jw05959014001_04102_00001-seg008_nis_x1dints.fits,seg008,3,325,60694.17371466561,TDB-MID,2038.181659652274,0.14451359917521958,2038,0.8522004674063691,2.828497546304791,3495,0.9986299436135982,0.996689354469961
TOI-2076_d,NIRISS_SOSS,obs14,SOSS_HDU3_ordem_1,jw05959014001_04102_00001-seg008_nis_x1dints.fits,seg008,3,326,60694.173791744455,TDB-MID,2039.681413364327,0.14451145595342937,2038,0.8522004674063691,2.828497546304791,3496,0.9993647647507667,0.9974227476648468
TOI-2076_d,NIRISS_SOSS,obs14,SOSS_HDU3_ordem_1,jw05959014001_04102_00001-seg008_nis_x1dints.fits,seg008,3,327,60694.173868823316,TDB-MID,2049.3751564290224,0.144532226675229,2038,0.8522004674063691,2.828497546304791,3497,1.0041143227915124,1.0021630761197684
TOI-2076_d,NIRISS_SOSS,obs14,SOSS_HDU3_ordem_1,jw05959014001_04102_00001-seg008_nis_x1dints.fits,seg008,3,328,60694.17394590216,TDB-MID,2038.7407756133018,0.1445125352575507,2038,0.8522004674063691,2.828497546304791,3498,0.9989038887440485,0.9969627672561234
TOI-2076_d,NIRISS_SOSS,obs14,SOSS_HDU3_ordem_1,jw05959014001_04102_00001-seg008_nis_x1dints.fits,seg008,3,329,60694.17402298102,TDB-MID,2043.6248490773366,0.14452188188288353,2038,0.8522004674063691,2.828497546304791,3499,1.001296895267729,0.9993511235662687
TOI-2076_d,NIRISS_SOSS,obs14,SOSS_HDU3_ordem_1,jw05959014001_04102_00001-seg008_nis_x1dints.fits,seg008,3,330,60694.17410005986,TDB-MID,2048.1511046149017,0.14452821100931534,2038,0.8522004674063691,2.828497546304791,3500,1.0035145848886975,1.0015645036585374
TOI-2076_d,NIRISS_SOSS,obs14,SOSS_HDU3_ordem_1,jw05959014001_04102_00001-seg008_nis_x1dints.fits,seg008,3,331,60694.17417713872,TDB-MID,2054.877558846184,0.1445431765393858,2038,0.8522004674063691,2.828497546304791,3501,1.006810286514651,1.0048538009073373
TOI-2076_d,NIRISS_SOSS,obs14,SOSS_HDU3_ordem_1,jw05959014001_04102_00001-seg008_nis_x1dints.fits,seg008,3,332,60694.17425421757,TDB-MID,2048.3079690647583,0.14453042714058903,2038,0.8522004674063691,2.828497546304791,3502,1.0035914423836971,1.0016412118000941
TOI-2076_d,NIRISS_SOSS,obs14,SOSS_HDU3_ordem_1,jw05959014001_04102_00001-seg008_nis_x1dints.fits,seg008,3,333,60694.174331296424,TDB-MID,2045.3862413655324,0.14452493761683813,2038,0.8522004674063691,2.828497546304791,3503,1.0021599091571496,1.0002124604026474
TOI-2076_d,NIRISS_SOSS,obs14,SOSS_HDU3_ordem_1,jw05959014001_04102_00001-seg008_nis_x1dints.fits,seg008,3,334,60694.17440837527,TDB-MID,2038.2428507740085,0.14450417331392099,2038,0.8522004674063691,2.828497546304791,3504,0.9986599248893878,0.9967192774845912
TOI-2076_d,NIRISS_SOSS,obs14,SOSS_HDU3_ordem_1,jw05959014001_04102_00001-seg008_nis_x1dints.fits,seg008,3,335,60694.17448545412,TDB-MID,2044.9372231759974,0.14452307080080162,2038,0.8522004674063691,2.828497546304791,3505,1.0019399076635764,0.9999928864273084
TOI-2076_d,NIRISS_SOSS,obs14,SOSS_HDU3_ordem_1,jw05959014001_04102_00001-seg008_nis_x1dints.fits,seg008,3,336,60694.17456253298,TDB-MID,2046.2118945347715,0.14452616051852282,2038,0.8522004674063691,2.828497546304791,3506,1.002564447179527,1.000616212305903
TOI-2076_d,NIRISS_SOSS,obs14,SOSS_HDU3_ordem_1,jw05959014001_04102_00001-seg008_nis_x1dints.fits,seg008,3,337,60694.17463961183,TDB-MID,2045.8367738312759,0.14453474986703083,2038,0.8522004674063691,2.828497546304791,3507,1.0023806525873198,1.0004327748728141
TOI-2076_d,NIRISS_SOSS,obs14,SOSS_HDU3_ordem_1,jw05959014001_04102_00001-seg008_nis_x1dints.fits,seg008,3,338,60694.17471669068,TDB-MID,2046.5523878937984,0.1445267760025037,2038,0.8522004674063691,2.828497546304791,3508,1.0027312757162845,1.000782716652855
TOI-2076_d,NIRISS_SOSS,obs14,SOSS_HDU3_ordem_1,jw05959014001_04102_00001-seg008_nis_x1dints.fits,seg008,3,339,60694.174793769525,TDB-MID,2048.5732230487974,0.144532052702402,2038,0.8522004674063691,2.828497546304791,3509,1.0037214065455617,1.0017709234089052
TOI-2076_d,NIRISS_SOSS,obs14,SOSS_HDU3_ordem_1,jw05959014001_04102_00001-seg008_nis_x1dints.fits,seg008,3,340,60694.17487084838,TDB-MID,2043.307851388776,0.14452281448666476,2038,0.8522004674063691,2.828497546304791,3510,1.0011415786980042,0.9991961088157023
TOI-2076_d,NIRISS_SOSS,obs14,SOSS_HDU3_ordem_1,jw05959014001_04102_00001-seg008_nis_x1dints.fits,seg008,3,341,60694.17494792724,TDB-MID,2046.6365032255867,0.14452703950484427,2038,0.8522004674063691,2.828497546304791,3511,1.0027724889656742,1.0008238498145356
TOI-2076_d,NIRISS_SOSS,obs14,SOSS_HDU3_ordem_1,jw05959014001_04102_00001-seg008_nis_x1dints.fits,seg008,3,342,60694.17502500609,TDB-MID,2039.3111083517454,0.14451325245863955,2038,0.8522004674063691,2.828497546304791,3512,0.9991833296602866,0.9972416651483796
TOI-2076_d,NIRISS_SOSS,obs14,SOSS_HDU3_ordem_1,jw05959014001_04102_00001-seg008_nis_x1dints.fits,seg008,3,343,60694.17510208493,TDB-MID,2043.5985842745683,0.14452367909996358,2038,0.8522004674063691,2.828497546304791,3513,1.0012840265332943,0.9993382798390217
TOI-2076_d,NIRISS_SOSS,obs14,SOSS_HDU3_ordem_1,jw05959014001_04102_00001-seg008_nis_x1dints.fits,seg008,3,344,60694.17517916379,TDB-MID,2045.1844493147807,0.14448580488909127,2038,0.8522004674063691,2.828497546304791,3514,1.0020610388806415,1.0001137822559532
TOI-2076_d,NIRISS_SOSS,obs14,SOSS_HDU3_ordem_1,jw05959014001_04102_00001-seg008_nis_x1dints.fits,seg008,3,345,60694.17525624264,TDB-MID,2043.8118125692447,0.1445218155701712,2038,0.8522004674063691,2.828497546304791,3515,1.0013885001256657,0.9994425504129272
TOI-2076_d,NIRISS_SOSS,obs14,SOSS_HDU3_ordem_1,jw05959014001_04102_00001-seg008_nis_x1dints.fits,seg008,3,346,60694.175333321495,TDB-MID,2054.5278364543115,0.1445481449213439,2038,0.8522004674063691,2.828497546304791,3516,1.006638936109832,1.0046827834794507
TOI-2076_d,NIRISS_SOSS,obs14,SOSS_HDU3_ordem_1,jw05959014001_04102_00001-seg008_nis_x1dints.fits,seg008,3,347,60694.17541040034,TDB-MID,2048.8395818469944,0.14453338945334396,2038,0.8522004674063691,2.828497546304791,3517,1.0038519120235032,1.0019011752818798
TOI-2076_d,NIRISS_SOSS,obs14,SOSS_HDU3_ordem_1,jw05959014001_04102_00001-seg008_nis_x1dints.fits,seg008,3,348,60694.175487479195,TDB-MID,2048.9889637155134,0.14453402774302432,2038,0.8522004674063691,2.828497546304791,3518,1.0039251033439283,1.001974224373161
TOI-2076_d,NIRISS_SOSS,obs14,SOSS_HDU3_ordem_1,jw05959014001_04102_00001-seg008_nis_x1dints.fits,seg008,3,349,60694.17556455804,TDB-MID,2045.325672395677,0.14452672596607588,2038,0.8522004674063691,2.828497546304791,3519,1.0021302327116448,1.0001828416259402
TOI-2076_d,NIRISS_SOSS,obs14,SOSS_HDU3_ordem_1,jw05959014001_04102_00001-seg008_nis_x1dints.fits,seg008,3,350,60694.175641636895,TDB-MID,2034.279874269445,0.1445011601804907,2038,0.8522004674063691,2.828497546304791,3520,0.9967182201426336,0.9947813459585138
TOI-2076_d,NIRISS_SOSS,obs14,SOSS_HDU3_ordem_1,jw05959014001_04102_00001-seg008_nis_x1dints.fits,seg008,3,351,60694.17571871575,TDB-MID,2048.966975523426,0.14453479995479385,2038,0.8522004674063691,2.828497546304791,3521,1.0039143299828195,1.0019634719474027
TOI-2076_d,NIRISS_SOSS,obs14,SOSS_HDU3_ordem_1,jw05959014001_04102_00001-seg008_nis_x1dints.fits,seg008,3,352,60694.1757957946,TDB-MID,2047.9312450741172,0.1445326810877175,2038,0.8522004674063691,2.828497546304791,3522,1.0034068622429868,1.0014569903450206
TOI-2076_d,NIRISS_SOSS,obs14,SOSS_HDU3_ordem_1,jw05959014001_04102_00001-seg008_nis_x1dints.fits,seg008,3,353,60694.17587287345,TDB-MID,2047.8117996797175,0.1445323205745892,2038,0.8522004674063691,2.828497546304791,3523,1.003348338633519,1.001398580461645
TOI-2076_d,NIRISS_SOSS,obs14,SOSS_HDU3_ordem_1,jw05959014001_04102_00001-seg008_nis_x1dints.fits,seg008,3,354,60694.1759499523,TDB-MID,2048.081966726747,0.14452994019069695,2038,0.8522004674063691,2.828497546304791,3524,1.0034807100056504,1.001530694602908
TOI-2076_d,NIRISS_SOSS,obs14,SOSS_HDU3_ordem_1,jw05959014001_04102_00001-seg008_nis_x1dints.fits,seg008,3,355,60694.17602703116,TDB-MID,2044.9246374745537,0.14452420323826518,2038,0.8522004674063691,2.828497546304791,3525,1.0019337411581213,0.9999867319049243
TOI-2076_d,NIRISS_SOSS,obs14,SOSS_HDU3_ordem_1,jw05959014001_04102_00001-seg008_nis_x1dints.fits,seg008,3,356,60694.17610411001,TDB-MID,2046.237626862934,0.14452611262467238,2038,0.8522004674063691,2.828497546304791,3526,1.0025770550220616,1.0006287956482285
TOI-2076_d,NIRISS_SOSS,obs14,SOSS_HDU3_ordem_1,jw05959014001_04102_00001-seg008_nis_x1dints.fits,seg008,3,357,60694.17618118886,TDB-MID,2050.798292681214,0.14453539975249458,2038,0.8522004674063691,2.828497546304791,3527,1.0048116043456614,1.0028590026804862
TOI-2076_d,NIRISS_SOSS,obs14,SOSS_HDU3_ordem_1,jw05959014001_04102_00001-seg008_nis_x1dints.fits,seg008,3,358,60694.176258267704,TDB-MID,2040.916127432777,0.14451829198648952,2038,0.8522004674063691,2.828497546304791,3528,0.9999697267445694,0.9980265340653429
TOI-2076_d,NIRISS_SOSS,obs14,SOSS_HDU3_ordem_1,jw05959014001_04102_00001-seg008_nis_x1dints.fits,seg008,3,359,60694.176335346565,TDB-MID,2039.9477831647164,0.1445168373620906,2038,0.8522004674063691,2.828497546304791,3529,0.9994952756193557,0.9975530049179936
TOI-2076_d,NIRISS_SOSS,obs14,SOSS_HDU3_ordem_1,jw05959014001_04102_00001-seg008_nis_x1dints.fits,seg008,3,360,60694.17641242542,TDB-MID,2054.008459263441,0.1445396433879996,2038,0.8522004674063691,2.828497546304791,3530,1.0063844614351256,1.0044288033130395
TOI-2076_d,NIRISS_SOSS,obs14,SOSS_HDU3_ordem_1,jw05959014001_04102_00001-seg008_nis_x1dints.fits,seg008,3,361,60694.176489504265,TDB-MID,2045.6188700142948,0.14453103990897526,2038,0.8522004674063691,2.828497546304791,3531,1.002273888170402,1.0003262179260106
TOI-2076_d,NIRISS_SOSS,obs14,SOSS_HDU3_ordem_1,jw05959014001_04102_00001-seg008_nis_x1dints.fits,seg008,3,362,60694.17656658311,TDB-MID,2042.1111231881714,0.1445195269944208,2038,0.8522004674063691,2.828497546304791,3532,1.0005552283058148,0.9986108978497965
TOI-2076_d,NIRISS_SOSS,obs14,SOSS_HDU3_ordem_1,jw05959014001_04102_00001-seg008_nis_x1dints.fits,seg008,3,363,60694.176643661965,TDB-MID,2046.4797218835195,0.14452753727705364,2038,0.8522004674063691,2.828497546304791,3533,1.0026956721902671,1.000747182313443
TOI-2076_d,NIRISS_SOSS,obs14,SOSS_HDU3_ordem_1,jw05959014001_04102_00001-seg008_nis_x1dints.fits,seg008,3,364,60694.17672074082,TDB-MID,2046.1803702529128,0.14452987589640437,2038,0.8522004674063691,2.828497546304791,3534,1.0025490015043754,1.0006007966455828
TOI-2076_d,NIRISS_SOSS,obs14,SOSS_HDU3_ordem_1,jw05959014001_04102_00001-seg008_nis_x1dints.fits,seg008,3,365,60694.17679781967,TDB-MID,2045.9575624340234,0.1445261409106127,2038,0.8522004674063691,2.828497546304791,3535,1.0024398343167695,1.0004918415972788
TOI-2076_d,NIRISS_SOSS,obs14,SOSS_HDU3_ordem_1,jw05959014001_04102_00001-seg008_nis_x1dints.fits,seg008,3,366,60694.17687489852,TDB-MID,2042.9555198530438,0.1445237239626106,2038,0.8522004674063691,2.828497546304791,3536,1.0009689499139136,0.9990238154927567
TOI-2076_d,NIRISS_SOSS,obs14,SOSS_HDU3_ordem_1,jw05959014001_04102_00001-seg008_nis_x1dints.fits,seg008,3,367,60694.17695197737,TDB-MID,2043.972351619112,0.14452014814035613,2038,0.8522004674063691,2.828497546304791,3537,1.0014671580321177,0.9995210554672838
TOI-2076_d,NIRISS_SOSS,obs14,SOSS_HDU3_ordem_1,jw05959014001_04102_00001-seg008_nis_x1dints.fits,seg008,3,368,60694.17702905623,TDB-MID,2049.820904310734,0.14453396902483207,2038,0.8522004674063691,2.828497546304791,3538,1.0043327219611209,1.0023810508848614
TOI-2076_d,NIRISS_SOSS,obs14,SOSS_HDU3_ordem_1,jw05959014001_04102_00001-seg008_nis_x1dints.fits,seg008,3,369,60694.177106135074,TDB-MID,2049.238901037993,0.14453140828653607,2038,0.8522004674063691,2.828497546304791,3539,1.004047562935826,1.0020964459952724
TOI-2076_d,NIRISS_SOSS,obs14,SOSS_HDU3_ordem_1,jw05959014001_04102_00001-seg008_nis_x1dints.fits,seg008,3,370,60694.17718321393,TDB-MID,2038.66833562876,0.1445109613952433,2038,0.8522004674063691,2.828497546304791,3540,0.9988683959618738,0.9969273434453513
TOI-2076_d,NIRISS_SOSS,obs14,SOSS_HDU3_ordem_1,jw05959014001_04102_00001-seg008_nis_x1dints.fits,seg008,3,371,60694.17726029278,TDB-MID,2044.8337986504011,0.14452127592795916,2038,0.8522004674063691,2.828497546304791,3541,1.0018892336583054,0.9999423108943746
TOI-2076_d,NIRISS_SOSS,obs14,SOSS_HDU3_ordem_1,jw05959014001_04102_00001-seg008_nis_x1dints.fits,seg008,3,372,60694.17733737163,TDB-MID,2043.9402643293297,0.144523247878282,2038,0.8522004674063691,2.828497546304791,3542,1.0014514365049247,0.9995053644909724
TOI-2076_d,NIRISS_SOSS,obs14,SOSS_HDU3_ordem_1,jw05959014001_04102_00001-seg008_nis_x1dints.fits,seg008,3,373,60694.17741445048,TDB-MID,2039.4177789113405,0.14451302028356017,2038,0.8522004674063691,2.828497546304791,3543,0.9992355940962897,0.9972938280214388
TOI-2076_d,NIRISS_SOSS,obs14,SOSS_HDU3_ordem_1,jw05959014001_04102_00001-seg008_nis_x1dints.fits,seg008,3,374,60694.177491529335,TDB-MID,2051.657332530224,0.1445355161282989,2038,0.8522004674063691,2.828497546304791,3544,1.005232500545917,1.0032790809735659
TOI-2076_d,NIRISS_SOSS,obs14,SOSS_HDU3_ordem_1,jw05959014001_04102_00001-seg008_nis_x1dints.fits,seg008,3,375,60694.17756860819,TDB-MID,2042.5369938725062,0.1445207063829508,2038,0.8522004674063691,2.828497546304791,3545,1.0007638884198284,0.9988191524847291
TOI-2076_d,NIRISS_SOSS,obs14,SOSS_HDU3_ordem_1,jw05959014001_04102_00001-seg008_nis_x1dints.fits,seg008,3,376,60694.177645687036,TDB-MID,2049.8861191312794,0.1445357395909787,2038,0.8522004674063691,2.828497546304791,3546,1.0043646746932318,1.0024129415247773
TOI-2076_d,NIRISS_SOSS,obs14,SOSS_HDU3_ordem_1,jw05959014001_04102_00001-seg008_nis_x1dints.fits,seg008,3,377,60694.17772276588,TDB-MID,2043.9680914645617,0.14453623631766788,2038,0.8522004674063691,2.828497546304791,3547,1.0014650707216572,0.9995189722129925
TOI-2076_d,NIRISS_SOSS,obs14,SOSS_HDU3_ordem_1,jw05959014001_04102_00001-seg008_nis_x1dints.fits,seg008,3,378,60694.17779984474,TDB-MID,2044.8693547099595,0.14452360728477331,2038,0.8522004674063691,2.828497546304791,3548,1.0019066547481204,0.9999596981306305
TOI-2076_d,NIRISS_SOSS,obs14,SOSS_HDU3_ordem_1,jw05959014001_04102_00001-seg008_nis_x1dints.fits,seg008,3,379,60694.1778769236,TDB-MID,2038.2137117277548,0.14450894471688322,2038,0.8522004674063691,2.828497546304791,3549,0.9986456478871494,0.9967050282261589
TOI-2076_d,NIRISS_SOSS,obs14,SOSS_HDU3_ordem_1,jw05959014001_04102_00001-seg008_nis_x1dints.fits,seg008,3,380,60694.17795400244,TDB-MID,2049.807250802104,0.1445342147802395,2038,0.8522004674063691,2.828497546304791,3550,1.0043260322715692,1.0023743741950588
TOI-2076_d,NIRISS_SOSS,obs14,SOSS_HDU3_ordem_1,jw05959014001_04102_00001-seg008_nis_x1dints.fits,seg008,3,381,60694.17803108129,TDB-MID,2044.4092655161908,0.14452354262229009,2038,0.8522004674063691,2.828497546304791,3551,1.0016812288919634,0.9997347103336084
TOI-2076_d,NIRISS_SOSS,obs14,SOSS_HDU3_ordem_1,jw05959014001_04102_00001-seg008_nis_x1dints.fits,seg008,3,382,60694.178108160144,TDB-MID,2051.3611062323716,0.14453732723857796,2038,0.8522004674063691,2.828497546304791,3552,1.0050873611518303,1.0031342236218255
TOI-2076_d,NIRISS_SOSS,obs14,SOSS_HDU3_ordem_1,jw05959014001_04102_00001-seg008_nis_x1dints.fits,seg008,3,383,60694.178185239005,TDB-MID,2046.0983910735106,0.14452666634963435,2038,0.8522004674063691,2.828497546304791,3553,1.0025088348867846,1.0005607080818322
TOI-2076_d,NIRISS_SOSS,obs14,SOSS_HDU3_ordem_1,jw05959014001_04102_00001-seg008_nis_x1dints.fits,seg008,3,384,60694.17826231785,TDB-MID,2053.4087110690307,0.1445446269915359,2038,0.8522004674063691,2.828497546304791,3554,1.0060906080866125,1.0041355209954892
TOI-2076_d,NIRISS_SOSS,obs14,SOSS_HDU3_ordem_1,jw05959014001_04102_00001-seg008_nis_x1dints.fits,seg008,3,385,60694.1783393967,TDB-MID,2048.1961606317423,0.14453001861861095,2038,0.8522004674063691,2.828497546304791,3555,1.0035366605890375,1.0015865364602394
TOI-2076_d,NIRISS_SOSS,obs14,SOSS_HDU3_ordem_1,jw05959014001_04102_00001-seg008_nis_x1dints.fits,seg008,3,386,60694.17841647555,TDB-MID,2040.5398730678787,0.14451543240549242,2038,0.8522004674063691,2.828497546304791,3556,0.9997853767022543,0.9978425422615255
TOI-2076_d,NIRISS_SOSS,obs14,SOSS_HDU3_ordem_1,jw05959014001_04102_00001-seg008_nis_x1dints.fits,seg008,3,387,60694.178493554406,TDB-MID,2040.0664920109452,0.14452144996459637,2038,0.8522004674063691,2.828497546304791,3557,0.9995534383487937,0.9976110546226199
TOI-2076_d,NIRISS_SOSS,obs14,SOSS_HDU3_ordem_1,jw05959014001_04102_00001-seg008_nis_x1dints.fits,seg008,3,388,60694.17857063326,TDB-MID,2046.9377973756161,0.14452877575226333,2038,0.8522004674063691,2.828497546304791,3558,1.0029201114107247,1.000971185392047
TOI-2076_d,NIRISS_SOSS,obs14,SOSS_HDU3_ordem_1,jw05959014001_04102_00001-seg008_nis_x1dints.fits,seg008,3,389,60694.178647712106,TDB-MID,2044.298811821801,0.14452259131119222,2038,0.8522004674063691,2.828497546304791,3559,1.0016271108666746,0.9996806974732538
TOI-2076_d,NIRISS_SOSS,obs14,SOSS_HDU3_ordem_1,jw05959014001_04102_00001-seg008_nis_x1dints.fits,seg008,3,390,60694.17872479096,TDB-MID,2037.3038956192731,0.14451024727320472,2038,0.8522004674063691,2.828497546304791,3560,0.9981998732895766,0.9962601198807449
TOI-2076_d,NIRISS_SOSS,obs14,SOSS_HDU3_ordem_1,jw05959014001_04102_00001-seg008_nis_x1dints.fits,seg008,3,391,60694.178801869806,TDB-MID,2045.6966795727249,0.1445253586547423,2038,0.8522004674063691,2.828497546304791,3561,1.0023120118354736,1.0003642675072126
TOI-2076_d,NIRISS_SOSS,obs14,SOSS_HDU3_ordem_1,jw05959014001_04102_00001-seg008_nis_x1dints.fits,seg008,3,392,60694.17887894866,TDB-MID,2038.431407108571,0.14451130107921947,2038,0.8522004674063691,2.828497546304791,3562,0.9987523101784324,0.9968114832457835
TOI-2076_d,NIRISS_SOSS,obs14,SOSS_HDU3_ordem_1,jw05959014001_04102_00001-seg008_nis_x1dints.fits,seg008,3,393,60694.178956027514,TDB-MID,2047.218984616532,0.14452835897932817,2038,0.8522004674063691,2.828497546304791,3563,1.0030578822503409,1.0011086885082716
TOI-2076_d,NIRISS_SOSS,obs14,SOSS_HDU3_ordem_1,jw05959014001_04102_00001-seg008_nis_x1dints.fits,seg008,3,394,60694.17903310637,TDB-MID,2047.5264072214977,0.14452849325517597,2038,0.8522004674063691,2.828497546304791,3564,1.0032085074005619,1.0012590209559422
TOI-2076_d,NIRISS_SOSS,obs14,SOSS_HDU3_ordem_1,jw05959014001_04102_00001-seg008_nis_x1dints.fits,seg008,3,395,60694.179110185214,TDB-MID,2050.430933161066,0.14453420038530038,2038,0.8522004674063691,2.828497546304791,3565,1.0046316124322057,1.0026793605365876
TOI-2076_d,NIRISS_SOSS,obs14,SOSS_HDU3_ordem_1,jw05959014001_04102_00001-seg008_nis_x1dints.fits,seg008,3,396,60694.17918726406,TDB-MID,2054.5477968092096,0.14454341362291734,2038,0.8522004674063691,2.828497546304791,3566,1.0066487159093862,1.0046925442743948
TOI-2076_d,NIRISS_SOSS,obs14,SOSS_HDU3_ordem_1,jw05959014001_04102_00001-seg008_nis_x1dints.fits,seg008,3,397,60694.17926434292,TDB-MID,2047.994953089161,0.14452845470275502,2038,0.8522004674063691,2.828497546304791,3567,1.0034380766988573,1.0014881441433525
TOI-2076_d,NIRISS_SOSS,obs14,SOSS_HDU3_ordem_1,jw05959014001_04102_00001-seg008_nis_x1dints.fits,seg008,3,398,60694.179341421775,TDB-MID,2048.956725741096,0.1445329685010713,2038,0.8522004674063691,2.828497546304791,3568,1.0039093079871098,1.0019584597106936
TOI-2076_d,NIRISS_SOSS,obs14,SOSS_HDU3_ordem_1,jw05959014001_04102_00001-seg008_nis_x1dints.fits,seg008,3,399,60694.17941850062,TDB-MID,2046.4492731611126,0.14454244080838063,2038,0.8522004674063691,2.828497546304791,3569,1.0026807534975215,1.0007322926114697
TOI-2076_d,NIRISS_SOSS,obs14,SOSS_HDU3_ordem_1,jw05959014001_04102_00001-seg008_nis_x1dints.fits,seg008,3,400,60694.17949557947,TDB-MID,2046.7891924871349,0.14452918243830823,2038,0.8522004674063691,2.828497546304791,3570,1.002847300780376,1.0008985162510655
TOI-2076_d,NIRISS_SOSS,obs14,SOSS_HDU3_ordem_1,jw05959014001_04102_00001-seg008_nis_x1dints.fits,seg008,3,401,60694.17957265832,TDB-MID,2040.1942622135634,0.14451578524518796,2038,0.8522004674063691,2.828497546304791,3571,0.9996160407913346,0.9976735354128698
TOI-2076_d,NIRISS_SOSS,obs14,SOSS_HDU3_ordem_1,jw05959014001_04102_00001-seg008_nis_x1dints.fits,seg008,3,402,60694.17964973718,TDB-MID,2042.2842287788599,0.1445210543924238,2038,0.8522004674063691,2.828497546304791,3572,1.0006400433297602,0.9986955480568187
TOI-2076_d,NIRISS_SOSS,obs14,SOSS_HDU3_ordem_1,jw05959014001_04102_00001-seg008_nis_x1dints.fits,seg008,3,403,60694.17972681603,TDB-MID,2042.1126442493828,0.14451870000447897,2038,0.8522004674063691,2.828497546304791,3573,1.0005559735668,0.9986116416625521
TOI-2076_d,NIRISS_SOSS,obs14,SOSS_HDU3_ordem_1,jw05959014001_04102_00001-seg008_nis_x1dints.fits,seg008,3,404,60694.17980389488,TDB-MID,2043.0713697347494,0.14452090419833216,2038,0.8522004674063691,2.828497546304791,3574,1.0010257118616466,0.999080467137749
TOI-2076_d,NIRISS_SOSS,obs14,SOSS_HDU3_ordem_1,jw05959014001_04102_00001-seg008_nis_x1dints.fits,seg008,3,405,60694.17988097373,TDB-MID,2035.5400577912642,0.14450568970292355,2038,0.8522004674063691,2.828497546304791,3575,0.9973356611805202,0.9953975871531725
TOI-2076_d,NIRISS_SOSS,obs14,SOSS_HDU3_ordem_1,jw05959014001_04102_00001-seg008_nis_x1dints.fits,seg008,3,406,60694.17995805258,TDB-MID,2042.2389960306177,0.14452178881605052,2038,0.8522004674063691,2.828497546304791,3576,1.0006178810378894,0.9986734288318552
TOI-2076_d,NIRISS_SOSS,obs14,SOSS_HDU3_ordem_1,jw05959014001_04102_00001-seg008_nis_x1dints.fits,seg008,3,407,60694.18003513144,TDB-MID,2050.140866718665,0.14453620363439676,2038,0.8522004674063691,2.828497546304791,3577,1.0044894911283233,1.0025375154101432
TOI-2076_d,NIRISS_SOSS,obs14,SOSS_HDU3_ordem_1,jw05959014001_04102_00001-seg008_nis_x1dints.fits,seg008,3,408,60694.180112210284,TDB-MID,2043.2007504397086,0.14451979313244862,2038,0.8522004674063691,2.828497546304791,3578,1.0010891033878562,0.9991437354782798
TOI-2076_d,NIRISS_SOSS,obs14,SOSS_HDU3_ordem_1,jw05959014001_04102_00001-seg008_nis_x1dints.fits,seg008,3,409,60694.18018928914,TDB-MID,2040.587147666864,0.14451768120534714,2038,0.8522004674063691,2.828497546304791,3579,0.999808539421777,0.9978656599700586
TOI-2076_d,NIRISS_SOSS,obs14,SOSS_HDU3_ordem_1,jw05959014001_04102_00001-seg008_nis_x1dints.fits,seg008,3,410,60694.180266367985,TDB-MID,2048.197475805374,0.1445286336081244,2038,0.8522004674063691,2.828497546304791,3580,1.0035373049730958,1.0015871795920976
TOI-2076_d,NIRISS_SOSS,obs14,SOSS_HDU3_ordem_1,jw05959014001_04102_00001-seg008_nis_x1dints.fits,seg008,3,411,60694.18034344683,TDB-MID,2041.8815835207188,0.14452066905885438,2038,0.8522004674063691,2.828497546304791,3581,1.0004427627735695,0.9984986508663664
TOI-2076_d,NIRISS_SOSS,obs14,SOSS_HDU3_ordem_1,jw05959014001_04102_00001-seg008_nis_x1dints.fits,seg008,3,412,60694.18042052569,TDB-MID,2045.5257628509044,0.14452501971374337,2038,0.8522004674063691,2.828497546304791,3582,1.002228269272358,1.000280687676959
TOI-2076_d,NIRISS_SOSS,obs14,SOSS_HDU3_ordem_1,jw05959014001_04102_00001-seg008_nis_x1dints.fits,seg008,3,413,60694.180497604546,TDB-MID,2048.293224159179,0.14453224451567737,2038,0.8522004674063691,2.828497546304791,3583,1.00358421795198,1.0016340014072649
TOI-2076_d,NIRISS_SOSS,obs14,SOSS_HDU3_ordem_1,jw05959014001_04102_00001-seg008_nis_x1dints.fits,seg008,3,414,60694.18057468339,TDB-MID,2042.0279411885074,0.14451954114965548,2038,0.8522004674063691,2.828497546304791,3584,1.000514472352958,0.9985702210960066
TOI-2076_d,NIRISS_SOSS,obs14,SOSS_HDU3_ordem_1,jw05959014001_04102_00001-seg008_nis_x1dints.fits,seg008,3,415,60694.18065176224,TDB-MID,2049.665439548272,0.14453314676123794,2038,0.8522004674063691,2.828497546304791,3585,1.0042565502586447,1.0023050272031608
TOI-2076_d,NIRISS_SOSS,obs14,SOSS_HDU3_ordem_1,jw05959014001_04102_00001-seg008_nis_x1dints.fits,seg008,3,416,60694.18072884109,TDB-MID,2044.0748027380355,0.14452090939960419,2038,0.8522004674063691,2.828497546304791,3586,1.0015173551058814,0.9995711549955083
TOI-2076_d,NIRISS_SOSS,obs14,SOSS_HDU3_ordem_1,jw05959014001_04102_00001-seg008_nis_x1dints.fits,seg008,3,417,60694.180805919954,TDB-MID,2045.099552500908,0.14452732397175075,2038,0.8522004674063691,2.828497546304791,3587,1.0020194427353473,1.0000722669424311
TOI-2076_d,NIRISS_SOSS,obs14,SOSS_HDU3_ordem_1,jw05959014001_04102_00001-seg008_nis_x1dints.fits,seg008,3,418,60694.1808829988,TDB-MID,2049.470879804003,0.14453543640373295,2038,0.8522004674063691,2.828497546304791,3588,1.0041612235317414,1.0022098857200634
TOI-2076_d,NIRISS_SOSS,obs14,SOSS_HDU3_ordem_1,jw05959014001_04102_00001-seg008_nis_x1dints.fits,seg008,3,419,60694.18096007765,TDB-MID,2041.6024106492607,0.14451725257902948,2038,0.8522004674063691,2.828497546304791,3589,1.0003059788968418,0.9983621327951133
TOI-2076_d,NIRISS_SOSS,obs14,SOSS_HDU3_ordem_1,jw05959014001_04102_00001-seg008_nis_x1dints.fits,seg008,3,420,60694.1810371565,TDB-MID,2043.7317521120278,0.14452211442465374,2038,0.8522004674063691,2.828497546304791,3590,1.0013492736075105,0.9994034001217624
TOI-2076_d,NIRISS_SOSS,obs14,SOSS_HDU3_ordem_1,jw05959014001_04102_00001-seg008_nis_x1dints.fits,seg008,3,421,60694.18111423536,TDB-MID,2040.8695973087279,0.1445169187525825,2038,0.8522004674063691,2.828497546304791,3591,0.999946928788884,0.9980037804118191
TOI-2076_d,NIRISS_SOSS,obs14,SOSS_HDU3_ordem_1,jw05959014001_04102_00001-seg008_nis_x1dints.fits,seg008,3,422,60694.18119131421,TDB-MID,2040.8610911721519,0.1445161569724659,2038,0.8522004674063691,2.828497546304791,3592,0.9999427611119505,0.9979996208337302
TOI-2076_d,NIRISS_SOSS,obs14,SOSS_HDU3_ordem_1,jw05959014001_04102_00001-seg008_nis_x1dints.fits,seg008,3,423,60694.181268393055,TDB-MID,2041.97583176447,0.1445177527956302,2038,0.8522004674063691,2.828497546304791,3593,1.0004889407567228,0.9985447391140844
TOI-2076_d,NIRISS_SOSS,obs14,SOSS_HDU3_ordem_1,jw05959014001_04102_00001-seg008_nis_x1dints.fits,seg008,3,424,60694.18134547191,TDB-MID,2045.0776809716656,0.144526995421507,2038,0.8522004674063691,2.828497546304791,3594,1.0020087265345068,1.000061571565864
TOI-2076_d,NIRISS_SOSS,obs14,SOSS_HDU3_ordem_1,jw05959014001_04102_00001-seg008_nis_x1dints.fits,seg008,3,425,60694.181422550755,TDB-MID,2049.0901386613423,0.1445332824704337,2038,0.8522004674063691,2.828497546304791,3595,1.0039746751423837,1.0020236998411447
TOI-2076_d,NIRISS_SOSS,obs14,SOSS_HDU3_ordem_1,jw05959014001_04102_00001-seg008_nis_x1dints.fits,seg008,3,426,60694.181499629616,TDB-MID,2034.6920758969277,0.1445028876986505,2038,0.8522004674063691,2.828497546304791,3596,0.9969201829490699,0.994982916300422
TOI-2076_d,NIRISS_SOSS,obs14,SOSS_HDU3_ordem_1,jw05959014001_04102_00001-seg008_nis_x1dints.fits,seg008,3,427,60694.18157670846,TDB-MID,2040.8820343214022,0.14451595666336278,2038,0.8522004674063691,2.828497546304791,3597,0.9999530224426105,0.998009862224044
TOI-2076_d,NIRISS_SOSS,obs14,SOSS_HDU3_ordem_1,jw05959014001_04102_00001-seg008_nis_x1dints.fits,seg008,3,428,60694.18165378732,TDB-MID,2046.3256239944153,0.14452747509789482,2038,0.8522004674063691,2.828497546304791,3598,1.0026201702027095,1.0006718270452368
TOI-2076_d,NIRISS_SOSS,obs14,SOSS_HDU3_ordem_1,jw05959014001_04102_00001-seg008_nis_x1dints.fits,seg008,3,429,60694.18173086616,TDB-MID,2052.0237775816095,0.14453578740279602,2038,0.8522004674063691,2.828497546304791,3599,1.0054120444051555,1.0034582759339292
TOI-2076_d,NIRISS_SOSS,obs14,SOSS_HDU3_ordem_1,jw05959014001_04102_00001-seg008_nis_x1dints.fits,seg008,3,430,60694.18180794502,TDB-MID,2054.3532858807757,0.14454106694396082,2038,0.8522004674063691,2.828497546304791,3600,1.0065534131003486,1.0045974266626845
TOI-2076_d,NIRISS_SOSS,obs14,SOSS_HDU3_ordem_1,jw05959014001_04102_00001-seg008_nis_x1dints.fits,seg008,3,431,60694.18188502387,TDB-MID,2045.4341471419143,0.1445217244876881,2038,0.8522004674063691,2.828497546304791,3601,1.0021833811291108,1.0002358867626637
TOI-2076_d,NIRISS_SOSS,obs14,SOSS_HDU3_ordem_1,jw05959014001_04102_00001-seg008_nis_x1dints.fits,seg008,3,432,60694.181962102724,TDB-MID,2045.8220739816497,0.14452647219105633,2038,0.8522004674063691,2.828497546304791,3602,1.0023734502312718,1.0004255865127554
TOI-2076_d,NIRISS_SOSS,obs14,SOSS_HDU3_ordem_1,jw05959014001_04102_00001-seg008_nis_x1dints.fits,seg008,3,433,60694.18203918157,TDB-MID,2038.05478585195,0.14450640196216546,2038,0.8522004674063691,2.828497546304791,3603,0.9985677803734064,0.9966273120285795
TOI-2076_d,NIRISS_SOSS,obs14,SOSS_HDU3_ordem_1,jw05959014001_04102_00001-seg008_nis_x1dints.fits,seg008,3,434,60694.18211626042,TDB-MID,2048.1515566926346,0.14453667173047555,2038,0.8522004674063691,2.828497546304791,3604,1.0035148063892485,1.0015647247286574
TOI-2076_d,NIRISS_SOSS,obs14,SOSS_HDU3_ordem_1,jw05959014001_04102_00001-seg008_nis_x1dints.fits,seg008,3,435,60694.18219333927,TDB-MID,2039.7086147330594,0.14451431766918788,2038,0.8522004674063691,2.828497546304791,3605,0.9993780923661905,0.9974360493813618
TOI-2076_d,NIRISS_SOSS,obs14,SOSS_HDU3_ordem_1,jw05959014001_04102_00001-seg008_nis_x1dints.fits,seg008,3,436,60694.18227041813,TDB-MID,2047.9896442675692,0.14452893613408413,2038,0.8522004674063691,2.828497546304791,3606,1.0034354755822288,1.0014855480813478
TOI-2076_d,NIRISS_SOSS,obs14,SOSS_HDU3_ordem_1,jw05959014001_04102_00001-seg008_nis_x1dints.fits,seg008,3,437,60694.18234749698,TDB-MID,2035.934971362648,0.144503558798665,2038,0.8522004674063691,2.828497546304791,3607,0.9975291535101443,0.9955907034785353
TOI-2076_d,NIRISS_SOSS,obs14,SOSS_HDU3_ordem_1,jw05959014001_04102_00001-seg008_nis_x1dints.fits,seg008,3,438,60694.182424575825,TDB-MID,2048.269770600098,0.14452916310740735,2038,0.8522004674063691,2.828497546304791,3608,1.0035727266178924,1.0016225324037296
TOI-2076_d,NIRISS_SOSS,obs14,SOSS_HDU3_ordem_1,jw05959014001_04102_00001-seg008_nis_x1dints.fits,seg008,3,439,60694.18250165468,TDB-MID,2035.7464676430805,0.1445092452943727,2038,0.8522004674063691,2.828497546304791,3609,0.9974367940004062,0.9954985234465538
TOI-2076_d,NIRISS_SOSS,obs14,SOSS_HDU3_ordem_1,jw05959014001_04102_00001-seg008_nis_x1dints.fits,seg008,3,440,60694.18257873353,TDB-MID,2051.410347104684,0.1445358345762456,2038,0.8522004674063691,2.828497546304791,3610,1.0051114872690035,1.003158302855885
TOI-2076_d,NIRISS_SOSS,obs14,SOSS_HDU3_ordem_1,jw05959014001_04102_00001-seg008_nis_x1dints.fits,seg008,3,441,60694.18265581239,TDB-MID,2041.5767629828958,0.14451583261356024,2038,0.8522004674063691,2.828497546304791,3611,1.0002934125353036,0.9983495908531761
TOI-2076_d,NIRISS_SOSS,obs14,SOSS_HDU3_ordem_1,jw05959014001_04102_00001-seg008_nis_x1dints.fits,seg008,3,442,60694.18273289123,TDB-MID,2040.2856305425564,0.1445136250170078,2038,0.8522004674063691,2.828497546304791,3612,0.9996608077279804,0.9977182153560986
TOI-2076_d,NIRISS_SOSS,obs14,SOSS_HDU3_ordem_1,jw05959014001_04102_00001-seg008_nis_x1dints.fits,seg008,3,443,60694.18280997009,TDB-MID,2053.8365013730536,0.14454023246888062,2038,0.8522004674063691,2.828497546304791,3613,1.0063002087398034,1.0043447143418947
TOI-2076_d,NIRISS_SOSS,obs14,SOSS_HDU3_ordem_1,jw05959014001_04102_00001-seg008_nis_x1dints.fits,seg008,3,444,60694.18288704894,TDB-MID,2036.93642940278,0.1445072768179769,2038,0.8522004674063691,2.828497546304791,3614,0.9980198290990508,0.996080425561364
TOI-2076_d,NIRISS_SOSS,obs14,SOSS_HDU3_ordem_1,jw05959014001_04102_00001-seg008_nis_x1dints.fits,seg008,3,445,60694.18296412779,TDB-MID,2038.7267352477775,0.14451479978717846,2038,0.8522004674063691,2.828497546304791,3615,0.9988970095096262,0.9969559013897838
TOI-2076_d,NIRISS_SOSS,obs14,SOSS_HDU3_ordem_1,jw05959014001_04102_00001-seg008_nis_x1dints.fits,seg008,3,446,60694.18304120664,TDB-MID,2039.9429711145335,0.14451432852429139,2038,0.8522004674063691,2.828497546304791,3616,0.9994929179014457,0.9975506517817224
TOI-2076_d,NIRISS_SOSS,obs14,SOSS_HDU3_ordem_1,jw05959014001_04102_00001-seg008_nis_x1dints.fits,seg008,3,447,60694.183118285495,TDB-MID,2044.9663170021322,0.14451334521308146,2038,0.8522004674063691,2.828497546304791,3617,1.001954162509711,1.0000071135726918
TOI-2076_d,NIRISS_SOSS,obs14,SOSS_HDU3_ordem_1,jw05959014001_04102_00001-seg008_nis_x1dints.fits,seg008,3,448,60694.18319536434,TDB-MID,2051.553763423821,0.14453642168433012,2038,0.8522004674063691,2.828497546304791,3618,1.0051817557016598,1.0032284347393037
TOI-2076_d,NIRISS_SOSS,obs14,SOSS_HDU3_ordem_1,jw05959014001_04102_00001-seg008_nis_x1dints.fits,seg008,3,449,60694.183272443195,TDB-MID,2043.5502023416395,0.14452348449265304,2038,0.8522004674063691,2.828497546304791,3619,1.0012603212630973,0.9993146206341267
